"ï»¿""symbol""",series,date,prevclose,openprice,highprice,lowprice,lastprice,closeprice,averageprice,totaltradedquantity,turnoverinrs,no.oftrades,deliverableqty,%dlyqttotradedqty
AMBER,EQ,28-Dec-2018,912.55,910.05,917.95,899.00,911.95,910.30,904.54,11983,10839151.4,823,6182.0,51.59
AMBER,EQ,27-Dec-2018,898.05,898.00,929.00,895.00,917.05,912.55,912.80,4265,3893108.8,726,2536.0,59.46
AMBER,EQ,26-Dec-2018,920.90,912.15,926.55,888.00,889.00,898.05,904.48,24318,21995138.2,1298,18985.0,78.07
AMBER,EQ,24-Dec-2018,926.25,915.05,924.00,903.65,922.45,920.90,919.46,7460,6859191.8,2288,6386.0,85.6
AMBER,EQ,21-Dec-2018,920.20,920.85,934.45,912.10,925.00,926.25,922.53,5256,4848809.25,968,4053.0,77.11
AMBER,EQ,20-Dec-2018,927.35,930.00,935.95,915.00,915.05,920.20,922.09,5219,4812373.7,458,2632.0,50.43
AMBER,EQ,19-Dec-2018,880.45,875.00,945.15,875.00,930.00,927.35,916.59,47214,43275648.65,4255,20574.0,43.58
AMBER,EQ,18-Dec-2018,885.00,886.05,892.95,877.20,881.00,880.45,883.74,2668,2357825.85,193,2345.0,87.89
AMBER,EQ,17-Dec-2018,878.95,889.00,890.00,881.05,885.00,885.00,885.48,3827,3388712.95,165,3297.0,86.15
AMBER,EQ,14-Dec-2018,878.45,882.05,887.00,874.00,880.05,878.95,880.80,1742,1534347.45,147,1345.0,77.21
AMBER,EQ,13-Dec-2018,877.80,885.00,893.00,875.00,877.10,878.45,883.21,1316,1162301.1,201,884.0,67.17
AMBER,EQ,12-Dec-2018,880.40,883.45,899.90,875.00,876.50,877.80,883.62,1112,982580.1,209,727.0,65.38
AMBER,EQ,11-Dec-2018,870.20,845.10,883.95,845.10,880.00,880.40,871.91,2868,2500628.45,390,2145.0,74.79
AMBER,EQ,10-Dec-2018,870.55,870.00,874.95,848.75,872.70,870.20,866.18,6578,5697748.1,1420,4601.0,69.95
AMBER,EQ,07-Dec-2018,868.10,878.00,880.00,868.00,868.00,870.55,874.74,1476,1291119.35,178,858.0,58.13
AMBER,EQ,06-Dec-2018,901.45,896.70,901.05,855.70,855.70,868.10,870.52,19836,17267574.85,4776,14354.0,72.36
AMBER,EQ,05-Dec-2018,914.45,901.50,920.00,890.00,890.00,901.45,909.02,2142,1947123.55,239,1673.0,78.1
AMBER,EQ,04-Dec-2018,928.15,921.55,935.05,913.95,917.00,914.45,917.67,1485,1362737.65,168,1141.0,76.84
AMBER,EQ,03-Dec-2018,919.50,919.50,950.95,914.50,930.00,928.15,935.79,6666,6237999.05,770,4669.0,70.04
AMBER,EQ,30-Nov-2018,915.45,925.00,925.00,901.25,922.00,919.50,917.37,2308,2117292.65,436,1758.0,76.17
AMBER,EQ,29-Nov-2018,915.10,925.00,925.00,907.00,918.00,915.45,914.09,2006,1833673.45,718,1732.0,86.34
AMBER,EQ,28-Nov-2018,915.00,900.60,917.70,900.60,917.00,915.10,914.63,3044,2784126.65,844,2578.0,84.69
AMBER,EQ,27-Nov-2018,910.00,901.00,921.95,895.00,920.00,915.00,903.70,10530,9515976.85,764,9149.0,86.89
AMBER,EQ,26-Nov-2018,913.45,910.00,920.80,896.00,910.00,910.00,906.84,5515,5001207.75,1013,4757.0,86.26
AMBER,EQ,22-Nov-2018,909.45,924.95,924.95,898.00,916.65,913.45,910.54,5056,4603682.45,1109,1817.0,35.94
AMBER,EQ,21-Nov-2018,904.85,889.05,917.00,889.05,915.00,909.45,902.73,2970,2681103.65,735,2644.0,89.02
AMBER,EQ,20-Nov-2018,900.45,890.00,908.05,875.00,905.00,904.85,898.34,4386,3940124.15,1124,3143.0,71.66
AMBER,EQ,19-Nov-2018,864.65,863.75,906.00,855.00,900.00,900.45,886.75,7916,7019536.25,1032,5623.0,71.03
AMBER,EQ,16-Nov-2018,857.20,863.00,869.85,855.80,865.80,864.65,865.35,4542,3930402.55,1449,3117.0,68.63
AMBER,EQ,15-Nov-2018,859.00,860.05,862.30,853.00,855.65,857.20,857.01,1017,871582.2,169,480.0,47.2
AMBER,EQ,14-Nov-2018,865.60,863.00,864.75,858.00,858.95,859.00,860.29,1046,899867.35,165,729.0,69.69
AMBER,EQ,13-Nov-2018,865.55,869.00,869.80,863.05,865.05,865.60,865.37,2539,2197179.0,314,1751.0,68.96
AMBER,EQ,12-Nov-2018,867.75,867.00,869.15,860.00,865.60,865.55,865.04,1396,1207595.7,125,962.0,68.91
AMBER,EQ,09-Nov-2018,863.05,856.05,869.90,855.00,866.00,867.75,865.05,2187,1891869.3,231,1311.0,59.95
AMBER,EQ,07-Nov-2018,864.95,861.35,867.60,859.00,859.95,863.05,862.78,1191,1027572.55,156,850.0,71.37
AMBER,EQ,06-Nov-2018,859.90,861.10,870.00,858.05,865.00,864.95,864.25,3965,3426758.3,290,2685.0,67.72
AMBER,EQ,05-Nov-2018,861.85,861.50,869.00,845.35,860.00,859.90,860.94,6215,5350747.9,364,4435.0,71.36
AMBER,EQ,02-Nov-2018,854.20,845.00,866.00,831.55,860.15,861.85,848.13,16907,14339295.7,1499,8882.0,52.53
AMBER,EQ,01-Nov-2018,861.20,869.90,873.00,852.00,854.90,854.20,862.84,5148,4441921.05,824,3242.0,62.98
AMBER,EQ,31-Oct-2018,860.45,864.95,868.50,850.00,864.00,861.20,861.43,3272,2818593.2,361,2018.0,61.67
AMBER,EQ,30-Oct-2018,845.20,854.85,867.05,847.25,863.00,860.45,859.94,2298,1976144.3,315,1344.0,58.49
AMBER,EQ,29-Oct-2018,837.10,850.05,850.05,836.50,843.55,845.20,842.66,1854,1562295.85,275,1346.0,72.6
AMBER,EQ,26-Oct-2018,841.05,841.05,842.95,828.00,836.00,837.10,834.65,3495,2917085.2,340,2007.0,57.42
AMBER,EQ,25-Oct-2018,853.45,826.30,848.00,826.30,842.00,841.05,836.62,3526,2949905.05,484,2350.0,66.65
AMBER,EQ,24-Oct-2018,849.45,857.00,864.00,850.00,852.00,853.45,856.62,2345,2008779.1,293,1070.0,45.63
AMBER,EQ,23-Oct-2018,872.15,872.15,872.15,836.00,855.00,849.45,851.09,5176,4405237.6,640,3521.0,68.03
AMBER,EQ,22-Oct-2018,897.00,915.00,917.35,865.05,872.60,872.15,884.52,3039,2688046.9,454,2170.0,71.41
AMBER,EQ,19-Oct-2018,924.45,906.05,919.95,888.00,903.00,897.00,904.18,5761,5208986.45,1739,3962.0,68.77
AMBER,EQ,17-Oct-2018,921.40,944.00,944.00,905.00,925.00,924.45,921.34,4757,4382817.4,1488,3524.0,74.08
AMBER,EQ,16-Oct-2018,881.05,889.90,927.75,882.15,923.00,921.40,916.95,13827,12678706.45,2318,9243.0,66.85
AMBER,EQ,15-Oct-2018,884.35,889.95,889.95,875.00,883.50,881.05,881.80,1621,1429396.9,256,776.0,47.87
AMBER,EQ,12-Oct-2018,868.35,889.00,889.00,869.25,887.00,884.35,881.81,4165,3672718.2,432,2407.0,57.79
AMBER,EQ,11-Oct-2018,894.70,865.00,889.30,852.80,865.70,868.35,871.21,4151,3616392.7,547,2580.0,62.15
AMBER,EQ,10-Oct-2018,875.10,893.55,900.00,862.00,893.50,894.70,892.73,4018,3586986.35,466,2153.0,53.58
AMBER,EQ,09-Oct-2018,885.95,889.50,896.45,846.05,875.00,875.10,867.17,7215,6256649.55,1411,4267.0,59.14
AMBER,EQ,08-Oct-2018,897.65,897.65,908.35,877.90,886.00,885.95,885.55,5795,5131735.5,826,3732.0,64.4
AMBER,EQ,05-Oct-2018,919.95,911.40,924.00,890.05,899.00,897.65,905.27,6309,5711375.6,825,4108.0,65.11
AMBER,EQ,04-Oct-2018,923.50,923.50,924.95,905.00,910.00,919.95,917.97,10715,9836008.4,845,6950.0,64.86
AMBER,EQ,03-Oct-2018,913.30,901.20,933.85,901.20,930.00,923.50,920.76,8511,7836547.25,885,6542.0,76.87
AMBER,EQ,01-Oct-2018,927.30,918.00,925.00,905.00,913.90,913.30,910.69,8941,8142459.85,944,5780.0,64.65
AMBER,EQ,28-Sep-2018,943.55,948.00,952.90,913.15,925.00,927.30,929.70,18761,17442176.85,2288,13765.0,73.37
AMBER,EQ,27-Sep-2018,932.00,960.00,985.00,938.25,946.00,943.55,956.75,67426,64509727.45,3778,19213.0,28.49
AMBER,EQ,26-Sep-2018,929.80,931.00,939.05,929.80,932.00,932.00,931.32,5965,5555340.25,442,4527.0,75.89
AMBER,EQ,25-Sep-2018,926.05,925.05,939.35,925.05,930.00,929.80,930.54,15131,14079937.5,750,12250.0,80.96
AMBER,EQ,24-Sep-2018,948.65,936.00,938.00,924.00,926.00,926.05,926.51,10705,9918277.0,983,8755.0,81.78
AMBER,EQ,21-Sep-2018,929.35,932.60,960.00,930.00,940.00,948.65,940.50,38250,35974143.1,3135,29384.0,76.82
AMBER,EQ,19-Sep-2018,930.50,931.00,939.35,927.00,929.05,929.35,930.38,17201,16003500.2,708,14521.0,84.42
AMBER,EQ,18-Sep-2018,934.75,939.95,959.00,930.00,934.00,930.50,938.86,16687,15666838.75,1073,11829.0,70.89
AMBER,EQ,17-Sep-2018,945.40,940.00,941.05,930.05,938.00,934.75,934.99,5508,5149910.05,563,3589.0,65.16
AMBER,EQ,14-Sep-2018,939.15,942.15,964.90,940.10,944.00,945.40,949.77,9646,9161524.25,752,5006.0,51.9
AMBER,EQ,12-Sep-2018,947.20,945.55,957.45,932.00,940.00,939.15,940.82,14158,13320179.3,1466,8164.0,57.66
AMBER,EQ,11-Sep-2018,963.70,958.00,980.00,945.00,945.00,947.20,960.57,21399,20555201.8,1722,10127.0,47.32
AMBER,EQ,10-Sep-2018,"1,004.15","1,004.00","1,060.00",930.00,956.00,963.70,"1,003.61",97781,98134191.05,7308,28540.0,29.19
AMBER,EQ,07-Sep-2018,939.95,940.00,"1,127.90",938.00,"1,003.00","1,004.15","1,027.37",179575,184490571.15,13490,45384.0,25.27
AMBER,EQ,06-Sep-2018,942.05,943.30,953.75,938.00,939.00,939.95,942.68,2550,2403826.5,393,1409.0,55.25
AMBER,EQ,05-Sep-2018,954.30,952.00,959.00,938.00,943.30,942.05,949.64,55190,52410826.9,676,52533.0,95.19
AMBER,EQ,04-Sep-2018,971.80,972.00,977.95,952.00,952.25,954.30,960.13,4413,4237064.05,587,2447.0,55.45
AMBER,EQ,03-Sep-2018,984.35,975.00,992.35,970.00,975.00,971.80,979.86,5751,5635184.35,745,3582.0,62.28
AMBER,EQ,31-Aug-2018,962.55,960.00,994.25,960.00,980.00,984.35,984.48,24302,23924834.55,2476,15873.0,65.32
AMBER,EQ,30-Aug-2018,958.75,951.00,994.30,951.00,966.00,962.55,977.25,18391,17972553.3,1863,7562.0,41.12
AMBER,EQ,29-Aug-2018,966.45,966.20,980.05,954.00,962.00,958.75,965.71,6766,6533998.7,618,4646.0,68.67
AMBER,EQ,28-Aug-2018,968.55,"1,000.00","1,025.00",956.00,956.10,966.45,987.11,34934,34483674.95,2703,13118.0,37.55
AMBER,EQ,27-Aug-2018,943.40,948.50,979.95,930.65,965.20,968.55,960.26,23735,22791879.3,1964,11124.0,46.87
AMBER,EQ,24-Aug-2018,932.05,930.00,956.95,924.00,941.10,943.40,943.95,12039,11364169.2,1998,8225.0,68.32
AMBER,EQ,23-Aug-2018,934.80,941.00,944.05,930.00,930.95,932.05,936.23,3269,3060539.85,424,1897.0,58.03
AMBER,EQ,21-Aug-2018,933.65,959.95,959.95,930.00,934.00,934.80,938.05,6222,5836519.8,583,3887.0,62.47
AMBER,EQ,20-Aug-2018,936.70,925.00,945.00,925.00,930.70,933.65,937.62,4822,4521209.25,546,3389.0,70.28
AMBER,EQ,17-Aug-2018,933.15,936.00,944.80,931.00,934.00,936.70,940.25,4264,4009225.35,513,2613.0,61.28
AMBER,EQ,16-Aug-2018,942.10,950.00,950.00,930.00,936.00,933.15,935.06,18092,16917175.6,572,14883.0,82.26
AMBER,EQ,14-Aug-2018,930.45,949.80,964.90,937.15,945.00,942.10,948.17,10494,9950108.35,898,5229.0,49.83
AMBER,EQ,13-Aug-2018,921.30,918.00,944.50,910.00,934.00,930.45,934.31,12317,11507843.7,1309,6292.0,51.08
AMBER,EQ,10-Aug-2018,918.50,924.00,948.65,899.15,920.00,921.30,909.44,72709,66124498.55,1827,56635.0,77.89
AMBER,EQ,09-Aug-2018,943.25,943.25,950.00,915.00,917.00,918.50,926.72,12982,12030636.45,1049,10039.0,77.33
AMBER,EQ,08-Aug-2018,969.25,969.00,969.00,929.95,942.50,943.25,946.21,10614,10043095.75,994,5927.0,55.84
AMBER,EQ,07-Aug-2018,991.70,991.00,"1,002.00",965.00,970.00,969.25,982.29,8381,8232584.55,801,5401.0,64.44
AMBER,EQ,06-Aug-2018,990.50,"1,000.00","1,013.40",989.00,991.00,991.70,995.82,9931,9889469.25,927,5671.0,57.1
AMBER,EQ,03-Aug-2018,996.80,997.05,"1,014.10",984.95,987.00,990.50,998.46,13822,13800750.55,990,6520.0,47.17
AMBER,EQ,02-Aug-2018,"1,013.85","1,002.00","1,007.45",992.55,993.00,996.80,998.24,6379,6367804.25,604,2772.0,43.46
AMBER,EQ,01-Aug-2018,973.80,975.00,"1,025.00",969.05,"1,002.00","1,013.85","1,001.72",23330,23370233.7,2062,11053.0,47.38
AMBER,EQ,31-Jul-2018,950.70,958.00,"1,000.00",941.00,990.00,973.80,967.59,11937,11550096.3,907,8003.0,67.04
AMBER,EQ,30-Jul-2018,949.85,950.00,960.05,945.00,945.00,950.70,954.71,3521,3361550.55,422,1945.0,55.24
AMBER,EQ,27-Jul-2018,925.10,927.00,977.50,924.20,951.00,949.85,952.11,16540,15747862.75,1339,5769.0,34.88
AMBER,EQ,26-Jul-2018,931.55,934.55,942.00,921.30,924.00,925.10,931.32,2704,2518281.05,431,1537.0,56.84
AMBER,EQ,25-Jul-2018,925.25,928.00,949.90,926.95,928.90,931.55,937.66,6255,5865054.0,773,3026.0,48.38
AMBER,EQ,24-Jul-2018,937.85,937.85,940.05,908.85,928.00,925.25,923.14,14672,13544276.95,1355,8293.0,56.52
AMBER,EQ,23-Jul-2018,900.40,920.00,940.00,913.75,937.00,937.85,930.78,12560,11690548.85,2052,6139.0,48.88
AMBER,EQ,20-Jul-2018,921.55,910.05,918.00,889.00,899.00,900.40,902.35,9359,8445119.3,1046,5614.0,59.99
AMBER,EQ,19-Jul-2018,935.30,942.00,945.30,918.00,919.00,921.55,926.92,5583,5174985.55,676,3778.0,67.67
AMBER,EQ,18-Jul-2018,938.35,945.00,959.90,907.25,935.00,935.30,937.09,7971,7469557.1,1838,3647.0,45.75
AMBER,EQ,17-Jul-2018,961.80,948.00,959.70,936.00,936.00,938.35,943.98,5481,5173933.15,871,3145.0,57.38
AMBER,EQ,16-Jul-2018,982.15,983.00,991.90,945.30,950.00,961.80,965.41,10628,10260404.5,813,6841.0,64.37
AMBER,EQ,13-Jul-2018,995.60,989.00,"1,002.45",971.50,977.00,982.15,984.85,9964,9813043.65,1805,5389.0,54.08
AMBER,EQ,12-Jul-2018,"1,004.50","1,005.00","1,010.00",988.00,992.40,995.60,999.64,14854,14848677.4,2480,8225.0,55.37
AMBER,EQ,11-Jul-2018,"1,014.30","1,004.00","1,024.00",998.00,"1,004.85","1,004.50","1,012.37",4284,4336981.8,496,2325.0,54.27
AMBER,EQ,10-Jul-2018,"1,022.95","1,015.00","1,025.10","1,007.00","1,007.00","1,014.30","1,017.80",4841,4927193.95,393,3478.0,71.84
AMBER,EQ,09-Jul-2018,"1,028.15","1,030.00","1,030.80","1,013.00","1,023.00","1,022.95","1,021.67",10152,10371992.9,1772,6599.0,65.0
AMBER,EQ,06-Jul-2018,"1,009.00","1,008.80","1,045.00",995.00,"1,018.00","1,028.15","1,025.37",24367,24985081.2,3668,8257.0,33.89
AMBER,EQ,05-Jul-2018,"1,031.50","1,028.00","1,033.00","1,005.00","1,009.90","1,009.00","1,018.45",11378,11587936.1,1162,4441.0,39.03
AMBER,EQ,04-Jul-2018,"1,020.25",997.05,"1,062.90",985.60,"1,025.65","1,031.50","1,027.77",109038,112066392.85,10149,30507.0,27.98
AMBER,EQ,03-Jul-2018,897.50,893.40,"1,049.00",888.90,"1,000.00","1,020.25",994.24,135941,135158409.1,13787,33405.0,24.57
AMBER,EQ,02-Jul-2018,911.05,940.00,940.00,887.00,887.00,897.50,903.29,24634,22251554.4,1933,18705.0,75.93
AMBER,EQ,29-Jun-2018,889.00,900.00,971.70,880.10,960.10,911.05,904.18,112401,101631126.1,4164,94214.0,83.82
AMBER,EQ,28-Jun-2018,916.80,919.00,920.00,885.00,886.00,889.00,900.17,12485,11238642.2,1280,5989.0,47.97
AMBER,EQ,27-Jun-2018,945.10,946.00,946.00,908.00,912.00,916.80,924.86,17645,16319166.0,2239,12057.0,68.33
AMBER,EQ,26-Jun-2018,968.25,968.10,968.10,940.00,940.00,945.10,950.53,14761,14030818.85,1531,8982.0,60.85
AMBER,EQ,25-Jun-2018,977.65,980.00,983.95,962.00,965.00,968.25,969.74,6737,6533146.4,1368,4142.0,61.48
AMBER,EQ,22-Jun-2018,964.15,968.00,983.20,961.00,975.00,977.65,978.01,16209,15852606.4,3915,8725.0,53.83
AMBER,EQ,21-Jun-2018,968.45,968.05,994.60,951.15,960.00,964.15,966.46,66231,64009457.85,2670,52453.0,79.2
AMBER,EQ,20-Jun-2018,980.15,980.00,990.00,961.10,965.00,968.45,968.55,12335,11947084.95,2067,6921.0,56.11
AMBER,EQ,19-Jun-2018,"1,001.05","1,000.05","1,002.70",966.00,967.35,980.15,979.98,88720,86944245.5,1785,78724.0,88.73
AMBER,EQ,18-Jun-2018,"1,019.60","1,019.15","1,024.00",995.00,995.20,"1,001.05","1,006.05",10637,10701304.3,765,6827.0,64.18
AMBER,EQ,15-Jun-2018,"1,025.50","1,025.50","1,039.85","1,003.25","1,013.00","1,019.60","1,023.47",25802,26407637.35,1775,22758.0,88.2
AMBER,EQ,14-Jun-2018,"1,030.50","1,042.90","1,042.90","1,023.45","1,025.00","1,025.50","1,030.00",23440,24143251.45,2551,21351.0,91.09
AMBER,EQ,13-Jun-2018,"1,043.85","1,046.50","1,052.25","1,025.00","1,027.00","1,030.50","1,046.52",57078,59733207.15,726,54663.0,95.77
AMBER,EQ,12-Jun-2018,"1,049.50","1,049.50","1,074.80","1,041.00","1,042.90","1,043.85","1,046.99",8539,8940220.65,2051,4758.0,55.72
AMBER,EQ,11-Jun-2018,"1,057.80","1,044.00","1,074.00","1,044.00","1,048.00","1,049.50","1,060.74",7695,8162357.35,907,3993.0,51.89
AMBER,EQ,08-Jun-2018,"1,054.10","1,041.50","1,062.00","1,030.00","1,056.80","1,057.80","1,046.78",6746,7061575.15,1016,2827.0,41.91
AMBER,EQ,07-Jun-2018,"1,020.50","1,020.00","1,069.00","1,020.00","1,050.00","1,054.10","1,046.80",14642,15327174.5,1647,8268.0,56.47
AMBER,EQ,06-Jun-2018,"1,029.95","1,034.85","1,035.00","1,016.20","1,018.10","1,020.50","1,023.20",6421,6569953.95,767,2765.0,43.06
AMBER,EQ,05-Jun-2018,"1,059.10","1,059.00","1,059.00","1,008.05","1,030.00","1,029.95","1,026.76",17676,18148937.95,3140,8916.0,50.44
AMBER,EQ,04-Jun-2018,"1,069.40","1,075.00","1,075.00","1,058.00","1,059.00","1,059.10","1,063.02",5329,5664827.9,592,2981.0,55.94
AMBER,EQ,01-Jun-2018,"1,080.15","1,091.00","1,091.00","1,065.00","1,070.00","1,069.40","1,072.32",9220,9886762.15,924,5908.0,64.08
AMBER,EQ,31-May-2018,"1,093.40","1,104.40","1,105.95","1,055.80","1,075.00","1,080.15","1,083.36",13885,15042497.7,1453,4279.0,30.82
AMBER,EQ,30-May-2018,"1,103.50","1,100.15","1,107.40","1,090.00","1,092.00","1,093.40","1,096.25",5606,6145575.9,583,2838.0,50.62
AMBER,EQ,29-May-2018,"1,120.25","1,120.35","1,120.35","1,094.90","1,102.00","1,103.50","1,105.93",8319,9200192.2,1197,4569.0,54.92
AMBER,EQ,28-May-2018,"1,089.45","1,100.00","1,125.05","1,100.00","1,120.00","1,120.25","1,116.37",22565,25190860.35,3281,9091.0,40.29
AMBER,EQ,25-May-2018,"1,098.70","1,098.00","1,127.10","1,070.10","1,087.00","1,089.45","1,106.39",30213,33427271.9,2635,18842.0,62.36
AMBER,EQ,24-May-2018,"1,090.45","1,099.00","1,114.00","1,080.10","1,098.00","1,098.70","1,097.01",6660,7306105.5,865,2974.0,44.65
AMBER,EQ,23-May-2018,"1,104.40","1,111.00","1,124.80","1,080.00","1,090.00","1,090.45","1,098.00",18664,20492988.95,3606,11871.0,63.6
AMBER,EQ,22-May-2018,"1,139.90","1,126.00","1,139.35","1,101.00","1,104.50","1,104.40","1,112.66",12450,13852622.8,1517,8836.0,70.97
AMBER,EQ,21-May-2018,"1,149.50","1,127.00","1,147.45","1,125.00","1,138.00","1,139.90","1,138.58",12533,14269864.0,2248,9014.0,71.92
AMBER,EQ,18-May-2018,"1,152.90","1,164.80","1,164.80","1,135.40","1,140.00","1,149.50","1,144.49",16580,18975667.45,1825,11410.0,68.82
AMBER,EQ,17-May-2018,"1,142.75","1,142.40","1,159.95","1,142.40","1,156.00","1,152.90","1,151.05",154955,178360605.4,2003,152495.0,98.41
AMBER,EQ,16-May-2018,"1,150.45","1,150.05","1,155.50","1,132.50","1,140.00","1,142.75","1,136.07",28531,32413105.75,2129,23650.0,82.89
AMBER,EQ,15-May-2018,"1,190.45","1,171.25","1,189.70","1,145.00","1,149.85","1,150.45","1,166.46",25239,29440261.3,2855,19862.0,78.7
AMBER,EQ,14-May-2018,"1,177.00","1,170.00","1,199.00","1,162.00","1,180.00","1,190.45","1,188.50",29982,35633563.05,5600,15428.0,51.46
AMBER,EQ,11-May-2018,"1,151.70","1,160.00","1,180.00","1,140.00","1,176.00","1,177.00","1,168.59",20884,24404935.35,4463,15535.0,74.39
AMBER,EQ,10-May-2018,"1,168.65","1,161.00","1,178.70","1,131.55","1,162.00","1,151.70","1,152.33",25737,29657465.35,3927,16803.0,65.29
AMBER,EQ,09-May-2018,"1,182.40","1,182.95","1,200.00","1,153.60","1,154.00","1,168.65","1,181.34",12632,14922651.3,1750,7975.0,63.13
AMBER,EQ,08-May-2018,"1,178.90","1,157.50","1,202.00","1,157.50","1,184.60","1,182.40","1,185.62",31057,36821947.55,3769,23202.0,74.71
AMBER,EQ,07-May-2018,"1,150.70","1,145.00","1,189.00","1,130.00","1,174.00","1,178.90","1,171.99",41034,48091528.6,4226,21294.0,51.89
AMBER,EQ,04-May-2018,"1,116.50","1,148.00","1,154.00","1,125.05","1,150.00","1,150.70","1,146.57",41963,48113461.3,4678,26172.0,62.37
AMBER,EQ,03-May-2018,"1,124.65","1,125.10","1,135.35","1,111.15","1,119.90","1,116.50","1,122.38",17489,19629360.45,1664,9529.0,54.49
AMBER,EQ,02-May-2018,"1,138.70","1,142.00","1,142.00","1,115.50","1,125.00","1,124.65","1,125.27",18980,21357695.65,1903,11889.0,62.64
AMBER,EQ,30-Apr-2018,"1,073.55","1,070.55","1,146.20","1,070.00","1,144.90","1,138.70","1,118.04",67163,75090981.4,4527,32006.0,47.65
AMBER,EQ,27-Apr-2018,"1,079.15","1,081.05","1,088.90","1,071.15","1,071.95","1,073.55","1,079.34",12775,13788531.05,1281,7873.0,61.63
AMBER,EQ,26-Apr-2018,"1,085.05","1,082.25","1,092.90","1,075.00","1,077.95","1,079.15","1,082.00",17492,18926275.1,1835,9032.0,51.64
AMBER,EQ,25-Apr-2018,"1,096.50","1,096.05","1,105.00","1,082.00","1,085.00","1,085.05","1,090.92",15894,17339065.1,2961,9929.0,62.47
AMBER,EQ,24-Apr-2018,"1,104.60","1,107.70","1,110.00","1,094.00","1,095.00","1,096.50","1,100.32",17682,19455808.5,1271,9522.0,53.85
AMBER,EQ,23-Apr-2018,"1,097.75","1,099.00","1,110.00","1,090.00","1,106.00","1,104.60","1,098.84",13953,15332096.05,1202,8664.0,62.09
AMBER,EQ,20-Apr-2018,"1,104.20","1,115.00","1,115.00","1,092.10","1,098.00","1,097.75","1,101.46",18505,20382594.65,1819,6058.0,32.74
AMBER,EQ,19-Apr-2018,"1,111.75","1,109.00","1,119.00","1,100.25","1,105.00","1,104.20","1,108.29",16393,18168222.1,1581,7413.0,45.22
AMBER,EQ,18-Apr-2018,"1,112.50","1,123.50","1,123.50","1,108.15","1,110.00","1,111.75","1,116.44",11747,13114838.5,1091,4003.0,34.08
AMBER,EQ,17-Apr-2018,"1,124.80","1,113.00","1,137.05","1,108.00","1,111.00","1,112.50","1,119.39",12519,14013613.35,1202,6168.0,49.27
AMBER,EQ,16-Apr-2018,"1,121.95","1,112.00","1,141.00","1,106.00","1,121.90","1,124.80","1,118.08",14508,16221075.2,1598,5642.0,38.89
AMBER,EQ,13-Apr-2018,"1,114.75","1,126.00","1,130.00","1,115.00","1,117.90","1,121.95","1,122.76",21349,23969779.85,1119,14292.0,66.94
AMBER,EQ,12-Apr-2018,"1,139.10","1,136.90","1,137.05","1,110.00","1,113.00","1,114.75","1,123.48",15933,17900426.0,1052,7940.0,49.83
AMBER,EQ,11-Apr-2018,"1,121.90","1,139.00","1,163.75","1,115.55","1,137.05","1,139.10","1,142.96",41313,47219212.35,3315,11410.0,27.62
AMBER,EQ,10-Apr-2018,"1,144.50","1,144.50","1,147.05","1,116.00","1,123.00","1,121.90","1,128.04",14872,16776155.85,1220,7065.0,47.51
AMBER,EQ,09-Apr-2018,"1,131.00","1,128.40","1,148.00","1,128.40","1,143.00","1,144.50","1,142.50",33871,38697478.2,2759,17493.0,51.65
AMBER,EQ,06-Apr-2018,"1,116.10","1,116.15","1,143.00","1,111.00","1,134.00","1,131.00","1,129.70",48144,54388259.1,2895,26826.0,55.72
AMBER,EQ,05-Apr-2018,"1,079.90","1,086.00","1,149.00","1,086.00","1,113.05","1,116.10","1,118.16",79521,88916846.8,4963,17709.0,22.27
AMBER,EQ,04-Apr-2018,"1,086.55","1,091.00","1,098.30","1,076.10","1,077.00","1,079.90","1,084.10",21824,23659462.75,1789,9351.0,42.85
AMBER,EQ,03-Apr-2018,"1,081.90","1,082.00","1,107.00","1,075.60","1,080.00","1,086.55","1,087.68",22756,24751339.55,1640,8341.0,36.65
AMBER,EQ,02-Apr-2018,"1,069.40","1,079.10","1,088.30","1,073.05","1,082.00","1,081.90","1,080.17",12950,13988242.3,1213,5092.0,39.32
AMBER,EQ,28-Mar-2018,"1,070.90","1,070.10","1,084.00","1,060.15","1,080.00","1,069.40","1,073.17",110231,118296628.15,1657,97963.0,88.87
AMBER,EQ,27-Mar-2018,"1,073.65","1,085.00","1,108.90","1,065.10","1,070.00","1,070.90","1,080.81",45890,49598324.6,3605,26114.0,56.91
AMBER,EQ,26-Mar-2018,"1,070.90","1,075.00","1,085.00","1,070.00","1,074.90","1,073.65","1,079.41",88550,95581717.2,2603,77424.0,87.44
AMBER,EQ,23-Mar-2018,"1,086.45","1,069.00","1,083.70","1,059.95","1,070.00","1,070.90","1,069.48",142513,152414177.15,2544,57801.0,40.56
AMBER,EQ,22-Mar-2018,"1,104.95","1,112.95","1,113.95","1,080.10","1,082.00","1,086.45","1,098.78",64732,71126245.35,1389,56666.0,87.54
AMBER,EQ,21-Mar-2018,"1,097.80","1,106.00","1,115.00","1,100.00","1,112.00","1,104.95","1,108.47",20014,22184881.4,2031,10728.0,53.6
AMBER,EQ,20-Mar-2018,"1,113.35","1,113.35","1,124.00","1,096.15","1,100.00","1,097.80","1,101.04",80799,88962702.2,2503,64704.0,80.08
AMBER,EQ,19-Mar-2018,"1,160.95","1,168.80","1,168.80","1,105.00","1,118.00","1,113.35","1,125.17",36663,41252167.95,3225,17206.0,46.93
AMBER,EQ,16-Mar-2018,"1,181.90","1,188.90","1,188.90","1,153.80","1,153.80","1,160.95","1,169.78",104128,121806943.2,6249,69784.0,67.02
AMBER,EQ,15-Mar-2018,"1,164.00","1,160.00","1,190.00","1,160.00","1,181.00","1,181.90","1,179.09",52967,62453081.6,2697,22485.0,42.45
AMBER,EQ,14-Mar-2018,"1,181.60","1,182.00","1,182.00","1,154.15","1,158.00","1,164.00","1,165.62",51992,60602949.3,3015,19250.0,37.02
AMBER,EQ,13-Mar-2018,"1,125.35","1,138.00","1,192.40","1,131.50","1,185.10","1,181.60","1,160.54",188498,218759332.1,12147,74893.0,39.73
AMBER,EQ,12-Mar-2018,"1,106.45","1,120.00","1,134.90","1,096.00","1,124.00","1,125.35","1,119.32",74853,83784473.5,5335,37167.0,49.65
AMBER,EQ,09-Mar-2018,"1,110.45","1,120.00","1,120.00","1,095.45","1,109.00","1,106.45","1,107.23",35342,39131759.3,2481,11657.0,32.98
AMBER,EQ,08-Mar-2018,"1,114.15","1,134.95","1,134.95","1,095.00","1,105.00","1,110.45","1,109.72",37084,41152735.15,2577,14090.0,37.99
AMBER,EQ,07-Mar-2018,"1,122.20","1,129.00","1,149.00","1,105.00","1,127.00","1,114.15","1,127.07",72351,81544345.3,4399,26333.0,36.4
AMBER,EQ,06-Mar-2018,"1,098.80","1,109.70","1,149.80","1,102.00","1,127.00","1,122.20","1,129.72",133122,150390397.85,8096,47542.0,35.71
AMBER,EQ,05-Mar-2018,"1,100.10","1,107.00","1,120.00","1,090.10","1,092.00","1,098.80","1,101.33",155776,171560762.55,2903,119506.0,76.72
AMBER,EQ,01-Mar-2018,"1,092.20","1,093.00","1,111.35","1,093.00","1,101.00","1,100.10","1,103.16",122112,134708466.1,4072,78672.0,64.43
AMBER,EQ,28-Feb-2018,"1,086.45","1,088.00","1,116.00","1,076.30","1,092.90","1,092.20","1,100.61",69364,76342644.5,3560,34793.0,50.16
AMBER,EQ,27-Feb-2018,"1,118.80","1,126.00","1,144.90","1,082.05","1,085.10","1,086.45","1,108.96",100013,110910030.1,11136,51044.0,51.04
AMBER,EQ,26-Feb-2018,"1,124.40","1,145.00","1,150.00","1,115.00","1,117.00","1,118.80","1,127.00",63840,71947953.25,5481,24606.0,38.54
AMBER,EQ,23-Feb-2018,"1,133.75","1,135.80","1,152.00","1,120.00","1,121.00","1,124.40","1,139.99",53023,60445750.75,3179,13029.0,24.57
AMBER,EQ,22-Feb-2018,"1,081.60","1,065.25","1,164.40","1,065.10","1,135.80","1,133.75","1,136.65",210523,239291208.9,13900,45446.0,21.59
AMBER,EQ,21-Feb-2018,"1,122.50","1,129.90","1,136.85","1,066.00","1,083.00","1,081.60","1,095.12",87260,95560083.7,6575,31923.0,36.58
AMBER,EQ,20-Feb-2018,"1,143.75","1,143.00","1,153.85","1,113.00","1,113.00","1,122.50","1,133.93",48571,55076264.4,4650,16818.0,34.63
AMBER,EQ,19-Feb-2018,"1,158.50","1,159.00","1,162.00","1,139.50","1,146.00","1,143.75","1,148.36",44179,50733280.1,2654,17791.0,40.27
AMBER,EQ,16-Feb-2018,"1,151.25","1,153.00","1,190.00","1,153.00","1,161.00","1,158.50","1,165.69",95391,111196798.7,5942,31434.0,32.95
AMBER,EQ,15-Feb-2018,"1,185.95","1,190.00","1,192.00","1,143.05","1,152.00","1,151.25","1,166.38",73651,85904930.85,6048,29017.0,39.4
AMBER,EQ,14-Feb-2018,"1,194.65","1,200.00","1,205.00","1,177.00","1,177.00","1,185.95","1,195.04",90458,108101220.0,6160,35389.0,39.12
AMBER,EQ,12-Feb-2018,"1,194.15","1,196.00","1,214.95","1,188.00","1,188.00","1,194.65","1,201.80",64215,77173894.45,3756,25973.0,40.45
AMBER,EQ,09-Feb-2018,"1,197.70","1,180.00","1,218.00","1,172.00","1,193.00","1,194.15","1,197.81",114219,136812809.95,6552,30115.0,26.37
AMBER,EQ,08-Feb-2018,"1,200.30","1,209.25","1,235.00","1,177.15","1,200.00","1,197.70","1,198.93",273312,327682969.6,12340,90531.0,33.12
AMBER,EQ,07-Feb-2018,"1,204.65","1,229.50","1,249.00","1,194.80","1,195.10","1,200.30","1,220.29",130420,159150084.75,6977,39772.0,30.5
AMBER,EQ,06-Feb-2018,"1,229.05","1,184.00","1,225.00","1,150.00","1,200.00","1,204.65","1,203.40",216840,260944471.55,10380,77386.0,35.69
AMBER,EQ,05-Feb-2018,"1,226.15","1,195.00","1,246.95","1,125.00","1,240.05","1,229.05","1,218.10",419983,511583266.0,21582,109206.0,26.0
AMBER,EQ,02-Feb-2018,"1,276.10","1,259.00","1,274.35","1,199.00","1,224.00","1,226.15","1,237.04",604175,747387280.65,33300,208477.0,34.51
AMBER,EQ,01-Feb-2018,"1,249.65","1,254.80","1,328.90","1,226.60","1,278.95","1,276.10","1,278.26",1847017,2360963033.45,78015,342814.0,18.56
AMBER,EQ,31-Jan-2018,"1,245.25","1,232.90","1,299.00","1,215.00","1,251.50","1,249.65","1,271.04",3002179,3815901415.7,107416,469590.0,15.64
AMBER,EQ,30-Jan-2018,859.00,"1,175.00","1,269.00","1,115.00","1,235.40","1,245.25","1,198.97",10960671,13141557497.9,407835,2551460.0,23.28
AMBER,EQ,27-Dec-2019,"1,072.55","1,083.90","1,112.00","1,080.25","1,089.80","1,091.90","1,098.47",73568,80812267.75,5299,36236.0,49.26
AMBER,EQ,26-Dec-2019,"1,032.10","1,041.65","1,084.80","1,036.65","1,083.90","1,072.55","1,061.88",33556,35632496.55,3424,13551.0,40.38
AMBER,EQ,24-Dec-2019,"1,017.75","1,025.00","1,069.00","1,025.00","1,030.00","1,032.10","1,049.40",41908,43978050.75,4578,16454.0,39.26
AMBER,EQ,23-Dec-2019,"1,022.95","1,034.85","1,034.85","1,005.00","1,020.00","1,017.75","1,022.64",9740,9960502.4,1028,5452.0,55.98
AMBER,EQ,20-Dec-2019,"1,024.90","1,025.05","1,034.70","1,015.55","1,025.00","1,022.95","1,026.83",12605,12943224.8,917,8385.0,66.52
AMBER,EQ,19-Dec-2019,"1,025.25","1,025.00","1,033.15","1,021.00","1,024.00","1,024.90","1,026.33",5931,6087163.3,631,2964.0,49.97
AMBER,EQ,18-Dec-2019,"1,022.05","1,024.00","1,037.00","1,020.05","1,028.60","1,025.25","1,026.86",7693,7899641.15,1007,3530.0,45.89
AMBER,EQ,17-Dec-2019,"1,016.30","1,010.15","1,039.90","1,010.15","1,029.35","1,022.05","1,024.35",8656,8866812.45,1386,4346.0,50.21
AMBER,EQ,16-Dec-2019,"1,021.05","1,030.00","1,030.30","1,006.00","1,020.95","1,016.30","1,017.73",13364,13600997.1,1688,9263.0,69.31
AMBER,EQ,13-Dec-2019,"1,017.50","1,036.00","1,044.95","1,015.00","1,020.00","1,021.05","1,025.32",13282,13618286.8,976,8731.0,65.74
AMBER,EQ,12-Dec-2019,"1,021.15","1,025.00","1,025.00","1,013.60","1,016.00","1,017.50","1,016.91",32639,33190764.25,840,26827.0,82.19
AMBER,EQ,11-Dec-2019,"1,021.10","1,021.10","1,033.10","1,014.10","1,020.00","1,021.15","1,022.21",11959,12224583.1,698,9496.0,79.40
AMBER,EQ,10-Dec-2019,"1,040.15","1,039.95","1,049.55","1,002.80","1,029.00","1,021.10","1,032.27",58965,60867608.5,3547,49349.0,83.69
AMBER,EQ,09-Dec-2019,"1,048.95","1,048.95","1,049.95","1,025.90","1,040.00","1,040.15","1,036.68",12025,12466094.45,3639,7924.0,65.90
AMBER,EQ,06-Dec-2019,"1,064.45","1,062.50","1,077.00","1,015.05","1,050.00","1,048.95","1,040.52",14569,15159405.65,1957,7292.0,50.05
AMBER,EQ,05-Dec-2019,"1,070.40","1,072.00","1,076.00","1,052.00","1,070.00","1,064.45","1,062.76",13154,13979536.35,1612,6168.0,46.89
AMBER,EQ,04-Dec-2019,"1,034.15","1,030.00","1,100.00","1,024.95","1,066.00","1,070.40","1,069.41",56487,60407622.55,5235,18315.0,32.42
AMBER,EQ,03-Dec-2019,"1,042.90","1,050.00","1,050.00","1,025.00","1,040.00","1,034.15","1,034.58",18860,19512231.85,2068,11528.0,61.12
AMBER,EQ,02-Dec-2019,"1,032.00","1,040.00","1,069.50","1,033.05","1,042.00","1,042.90","1,046.61",32233,33735445.8,2746,14133.0,43.85
AMBER,EQ,29-Nov-2019,"1,016.40","1,024.00","1,050.00","1,012.50","1,045.00","1,032.00","1,029.96",73165,75356680.85,4160,48854.0,66.77
AMBER,EQ,28-Nov-2019,"1,006.00","1,011.00","1,034.90","1,006.05","1,017.00","1,016.40","1,022.45",46084,47118549.85,3474,20873.0,45.29
AMBER,EQ,27-Nov-2019,991.20,995.45,"1,017.65",987.05,"1,007.35","1,006.00","1,001.81",63562,63677084.9,7128,41538.0,65.35
AMBER,EQ,26-Nov-2019,988.20,993.00,997.50,981.00,995.00,991.20,987.29,16882,16667485.3,1295,11610.0,68.77
AMBER,EQ,25-Nov-2019,984.95,988.00,998.00,984.65,991.00,988.20,991.15,13541,13421187.15,1662,3121.0,23.05
AMBER,EQ,22-Nov-2019,988.75,997.00,999.85,980.15,985.00,984.95,990.70,20945,20750192.4,1164,6489.0,30.98
AMBER,EQ,21-Nov-2019,997.35,987.00,"1,005.35",985.00,985.55,988.75,993.33,9646,9581666.95,852,5862.0,60.77
AMBER,EQ,20-Nov-2019,987.40,985.00,"1,005.95",980.15,990.00,997.35,999.62,22704,22695434.85,2680,17463.0,76.92
AMBER,EQ,19-Nov-2019,"1,000.85","1,000.00","1,003.30",980.00,985.00,987.40,992.09,5608,5563613.65,1033,3168.0,56.49
AMBER,EQ,18-Nov-2019,975.35,975.00,"1,004.95",972.35,"1,003.00","1,000.85",993.41,61832,61424723.1,4508,50071.0,80.98
AMBER,EQ,15-Nov-2019,978.20,986.00,994.15,972.00,973.95,975.35,979.92,16609,16275429.6,1753,7696.0,46.34
AMBER,EQ,14-Nov-2019,985.10,985.10,"1,015.00",964.25,971.20,978.20,992.46,37973,37686807.55,2843,12802.0,33.71
AMBER,EQ,13-Nov-2019,998.80,"1,007.00","1,007.00",980.05,986.00,985.10,991.52,14456,14333440.2,1852,8611.0,59.57
AMBER,EQ,11-Nov-2019,976.05,982.00,"1,017.00",982.00,"1,000.00",998.80,"1,000.34",47134,47149883.7,5486,21999.0,46.67
AMBER,EQ,08-Nov-2019,999.55,"1,020.00","1,025.35",965.00,968.00,976.05,998.82,173715,173509167.9,10268,81073.0,46.67
AMBER,EQ,07-Nov-2019,975.15,975.15,"1,049.90",975.15,997.15,999.55,"1,000.94",36691,36725483.65,2332,26797.0,73.03
AMBER,EQ,06-Nov-2019,988.85,998.85,998.85,970.00,976.10,975.15,984.18,12773,12570874.5,1201,9175.0,71.83
AMBER,EQ,05-Nov-2019,"1,007.00","1,014.80","1,014.80",984.00,989.40,988.85,994.98,16884,16799289.15,1638,12557.0,74.37
AMBER,EQ,04-Nov-2019,"1,022.65","1,027.95","1,039.40","1,002.65","1,007.90","1,007.00","1,021.04",14588,14894868.0,1415,8312.0,56.98
AMBER,EQ,01-Nov-2019,"1,045.40","1,053.65","1,055.00","1,011.10","1,026.00","1,022.65","1,026.89",36853,37843966.0,3346,21794.0,59.14
AMBER,EQ,31-Oct-2019,"1,001.35","1,006.95","1,060.00",982.00,"1,040.00","1,045.40","1,031.29",115101,118702796.25,6742,67283.0,58.46
AMBER,EQ,30-Oct-2019,"1,001.40","1,008.70","1,010.00",990.00,997.00,"1,001.35","1,000.31",14621,14625590.8,1532,7731.0,52.88
AMBER,EQ,29-Oct-2019,"1,011.45","1,025.00","1,044.00",994.95,"1,001.00","1,001.40","1,022.92",63637,65095658.65,3720,38394.0,60.33
AMBER,EQ,27-Oct-2019,991.00,"1,003.00","1,020.00","1,000.00","1,005.00","1,011.45","1,009.53",13114,13238980.95,1270,8749.0,66.71
AMBER,EQ,25-Oct-2019,986.30,992.95,"1,024.00",980.05,993.50,991.00,"1,002.72",56031,56183191.95,3897,27504.0,49.09
AMBER,EQ,24-Oct-2019,949.60,962.95,"1,008.00",951.05,984.90,986.30,984.20,74219,73046484.4,5551,28101.0,37.86
AMBER,EQ,23-Oct-2019,936.15,944.00,972.00,932.65,944.00,949.60,954.03,39637,37814814.8,3084,15371.0,38.78
AMBER,EQ,22-Oct-2019,937.50,944.00,954.95,920.05,933.60,936.15,944.48,64752,61156888.2,2197,46972.0,72.54
AMBER,EQ,18-Oct-2019,909.90,909.90,949.90,909.90,940.00,937.50,926.84,54570,50577460.8,3006,31801.0,58.28
AMBER,EQ,17-Oct-2019,907.05,916.00,947.75,905.00,910.00,909.90,919.92,275788,253703858.1,3110,218379.0,79.18
AMBER,EQ,16-Oct-2019,928.20,934.65,937.90,901.00,907.10,907.05,915.05,15888,14538255.0,1373,11138.0,70.10
AMBER,EQ,15-Oct-2019,932.30,939.75,939.80,925.00,930.90,928.20,931.38,10078,9386443.6,1049,5623.0,55.79
AMBER,EQ,14-Oct-2019,927.15,930.00,959.00,928.15,932.00,932.30,944.29,35786,33792299.2,3060,17899.0,50.02
AMBER,EQ,11-Oct-2019,908.65,910.00,950.20,910.00,926.90,927.15,928.39,21248,19726522.6,2211,9782.0,46.04
AMBER,EQ,10-Oct-2019,885.20,887.95,923.00,885.90,905.00,908.65,909.33,18539,16858004.7,1804,11106.0,59.91
AMBER,EQ,09-Oct-2019,880.35,881.00,903.00,861.25,902.50,885.20,876.76,10475,9184105.75,1350,5590.0,53.37
AMBER,EQ,07-Oct-2019,879.80,880.00,921.95,875.00,881.50,880.35,891.07,10141,9036368.8,1549,3565.0,35.15
AMBER,EQ,04-Oct-2019,874.50,874.00,889.65,874.00,880.00,879.80,880.25,25004,22009683.25,689,21209.0,84.82
AMBER,EQ,03-Oct-2019,904.60,901.00,905.00,867.25,868.10,874.50,880.20,13062,11497194.5,1227,7970.0,61.02
AMBER,EQ,01-Oct-2019,908.15,908.15,924.45,867.80,896.00,904.60,900.24,102959,92687298.35,2113,83572.0,81.17
AMBER,EQ,30-Sep-2019,867.00,868.90,922.00,868.90,920.00,908.15,892.04,19425,17327890.8,1846,10771.0,55.45
AMBER,EQ,27-Sep-2019,874.75,883.00,893.00,859.60,865.00,867.00,879.83,9331,8209724.1,1214,4845.0,51.92
AMBER,EQ,26-Sep-2019,900.35,891.00,906.90,855.00,873.40,874.75,875.27,32765,28678145.75,2734,15510.0,47.34
AMBER,EQ,25-Sep-2019,908.90,901.15,925.00,888.00,893.00,900.35,911.13,18214,16595251.3,1265,9166.0,50.32
AMBER,EQ,24-Sep-2019,916.00,924.00,953.30,901.35,904.00,908.90,930.45,54622,50823171.0,2575,41443.0,75.87
AMBER,EQ,23-Sep-2019,847.00,847.00,"1,010.00",847.00,922.00,916.00,923.00,101711,93879685.4,6625,50665.0,49.81
AMBER,EQ,20-Sep-2019,824.40,819.55,853.05,816.10,849.75,847.00,844.97,40535,34250656.9,2835,32381.0,79.88
AMBER,EQ,19-Sep-2019,823.65,838.80,838.80,815.05,825.55,824.40,819.59,6369,5219981.7,613,4642.0,72.88
AMBER,EQ,18-Sep-2019,822.80,828.00,848.90,814.55,821.00,823.65,827.51,8119,6718519.25,893,2960.0,36.46
AMBER,EQ,17-Sep-2019,832.15,835.05,836.95,820.15,823.40,822.80,826.56,6747,5576782.25,1161,4876.0,72.27
AMBER,EQ,16-Sep-2019,838.80,831.30,835.00,827.10,830.50,832.15,831.50,1855,1542439.65,278,1240.0,66.85
AMBER,EQ,13-Sep-2019,840.85,833.00,844.25,831.30,840.95,838.80,838.16,3212,2692173.95,381,1702.0,52.99
AMBER,EQ,12-Sep-2019,843.05,848.00,848.75,825.00,840.00,840.85,837.44,11791,9874219.9,720,8959.0,75.98
AMBER,EQ,11-Sep-2019,828.70,830.90,846.90,830.90,838.00,843.05,842.48,10161,8560435.5,910,7008.0,68.97
AMBER,EQ,09-Sep-2019,821.30,821.30,831.00,804.00,829.95,828.70,824.65,11984,9882548.95,470,10220.0,85.28
AMBER,EQ,06-Sep-2019,812.25,814.00,834.00,814.00,817.10,821.30,821.33,9778,8030936.7,896,7377.0,75.44
AMBER,EQ,05-Sep-2019,822.20,834.45,834.45,810.00,811.05,812.25,817.38,2796,2285386.95,316,1706.0,61.02
AMBER,EQ,04-Sep-2019,822.75,822.50,828.00,811.60,816.20,822.20,818.67,3225,2640222.95,435,1848.0,57.30
AMBER,EQ,03-Sep-2019,826.05,830.30,830.30,815.10,821.95,822.75,826.08,7105,5869290.3,819,3594.0,50.58
AMBER,EQ,30-Aug-2019,827.00,825.00,840.00,825.00,825.00,826.05,835.74,37304,31176403.25,1000,31348.0,84.03
AMBER,EQ,29-Aug-2019,841.30,852.00,852.00,825.00,825.00,827.00,836.26,9107,7615806.95,700,3749.0,41.17
AMBER,EQ,28-Aug-2019,833.30,841.00,859.00,821.00,826.00,841.30,839.08,14806,12423357.5,1229,6364.0,42.98
AMBER,EQ,27-Aug-2019,853.25,868.95,868.95,829.60,833.50,833.30,844.72,9486,8012983.65,1119,7044.0,74.26
AMBER,EQ,26-Aug-2019,821.90,825.00,870.05,819.00,870.00,853.25,848.22,47930,40655232.65,1809,43084.0,89.89
AMBER,EQ,23-Aug-2019,825.40,814.00,825.95,810.05,821.50,821.90,819.01,4099,3357126.55,629,2361.0,57.60
AMBER,EQ,22-Aug-2019,815.70,815.00,854.80,795.00,830.00,825.40,824.84,27548,22722677.05,1839,21876.0,79.41
AMBER,EQ,21-Aug-2019,824.75,823.25,823.95,807.15,816.00,815.70,814.07,3948,3213932.1,671,2169.0,54.94
AMBER,EQ,20-Aug-2019,831.70,825.10,838.90,822.10,824.00,824.75,825.96,26737,22083664.25,614,24291.0,90.85
AMBER,EQ,19-Aug-2019,840.40,840.00,856.00,825.05,826.00,831.70,834.56,24091,20105320.1,2038,21864.0,90.76
AMBER,EQ,16-Aug-2019,812.25,812.00,860.00,800.00,830.00,840.40,814.31,57549,46862804.55,1171,49396.0,85.83
AMBER,EQ,14-Aug-2019,820.60,832.00,836.90,808.00,810.00,812.25,823.69,8817,7262508.3,585,4581.0,51.96
AMBER,EQ,13-Aug-2019,799.25,820.00,845.95,803.45,820.00,820.60,826.50,42371,35019433.5,2479,25385.0,59.91
AMBER,EQ,09-Aug-2019,790.70,790.70,816.50,790.00,801.00,799.25,801.53,20783,16658127.7,865,16863.0,81.14
AMBER,EQ,08-Aug-2019,785.45,804.70,804.70,786.20,791.00,790.70,791.67,6176,4889347.0,220,4662.0,75.49
AMBER,EQ,07-Aug-2019,795.40,814.25,814.25,780.00,781.25,785.45,794.66,6409,5092999.25,464,3656.0,57.04
AMBER,EQ,06-Aug-2019,763.00,751.10,812.00,751.10,795.00,795.40,797.09,10669,8504113.9,834,6416.0,60.14
AMBER,EQ,05-Aug-2019,783.80,783.80,787.45,750.80,766.20,763.00,761.15,6227,4739665.6,629,3877.0,62.26
AMBER,EQ,02-Aug-2019,791.25,791.25,799.80,763.00,785.25,783.80,779.36,14446,11258592.15,1960,8472.0,58.65
AMBER,EQ,01-Aug-2019,785.45,780.00,794.80,780.00,792.00,791.25,790.00,3054,2412650.95,573,2155.0,70.56
AMBER,EQ,31-Jul-2019,782.50,790.00,795.95,773.10,792.80,785.45,781.54,5643,4410230.45,550,3643.0,64.56
AMBER,EQ,30-Jul-2019,814.80,814.80,819.90,772.25,792.50,782.50,796.76,11551,9203411.35,878,9140.0,79.13
AMBER,EQ,29-Jul-2019,808.80,809.00,824.20,809.00,815.95,814.80,818.18,3482,2848888.0,544,2060.0,59.16
AMBER,EQ,26-Jul-2019,806.35,813.60,823.70,797.00,808.00,808.80,810.27,4098,3320498.95,443,2921.0,71.28
AMBER,EQ,25-Jul-2019,801.85,813.60,821.30,801.00,805.00,806.35,808.31,4735,3827347.6,662,2709.0,57.21
AMBER,EQ,24-Jul-2019,811.30,808.00,826.00,781.35,817.00,801.85,799.97,7570,6055775.2,812,4813.0,63.58
AMBER,EQ,23-Jul-2019,809.95,800.00,828.00,800.00,816.55,811.30,806.42,8971,7234355.3,701,7175.0,79.98
AMBER,EQ,22-Jul-2019,833.15,818.00,825.00,780.20,806.30,809.95,805.99,10782,8690236.7,982,7014.0,65.05
AMBER,EQ,19-Jul-2019,827.90,820.05,854.00,820.05,835.00,833.15,835.28,9841,8220025.5,848,7387.0,75.06
AMBER,EQ,18-Jul-2019,826.90,820.05,833.95,820.05,832.80,827.90,827.16,5882,4865331.15,967,4368.0,74.26
AMBER,EQ,17-Jul-2019,823.00,818.10,835.00,815.10,835.00,826.90,821.79,7761,6377921.45,1064,5128.0,66.07
AMBER,EQ,16-Jul-2019,817.80,819.50,826.00,815.00,820.50,823.00,820.01,2325,1906519.8,314,1545.0,66.45
AMBER,EQ,15-Jul-2019,828.25,828.25,835.00,810.40,819.45,817.80,821.58,3766,3094067.9,546,1820.0,48.33
AMBER,EQ,12-Jul-2019,845.20,847.00,849.95,825.00,826.00,828.25,838.67,6903,5789334.5,755,3992.0,57.83
AMBER,EQ,11-Jul-2019,828.65,821.65,860.00,821.65,843.00,845.20,840.74,13348,11222179.9,1006,9031.0,67.66
AMBER,EQ,10-Jul-2019,821.70,830.25,835.00,826.10,826.10,828.65,831.03,12523,10406952.35,954,6402.0,51.12
AMBER,EQ,09-Jul-2019,820.35,820.00,827.95,806.00,821.20,821.70,815.23,17967,14647216.15,1325,13105.0,72.94
AMBER,EQ,08-Jul-2019,827.65,822.00,822.95,807.50,820.00,820.35,819.21,11767,9639626.95,3911,9518.0,80.89
AMBER,EQ,05-Jul-2019,826.05,820.05,830.90,815.20,829.90,827.65,822.20,10152,8346990.65,625,6818.0,67.16
AMBER,EQ,04-Jul-2019,825.60,831.25,831.25,820.00,829.00,826.05,824.80,7011,5782647.05,297,5885.0,83.94
AMBER,EQ,03-Jul-2019,828.05,828.05,831.70,815.00,826.00,825.60,823.62,4399,3623083.95,477,2706.0,61.51
AMBER,EQ,02-Jul-2019,819.30,820.00,829.70,815.00,829.70,828.05,825.84,5866,4844381.25,2396,3504.0,59.73
AMBER,EQ,01-Jul-2019,824.75,820.00,829.95,817.05,818.50,819.30,824.41,6120,5045399.65,679,3675.0,60.05
AMBER,EQ,28-Jun-2019,821.90,816.50,832.00,816.50,830.00,824.75,824.38,4473,3687458.25,499,2656.0,59.38
AMBER,EQ,27-Jun-2019,823.90,818.00,832.80,818.00,819.00,821.90,823.38,11401,9387332.25,657,8962.0,78.61
AMBER,EQ,26-Jun-2019,829.50,816.60,830.00,816.60,822.00,823.90,822.67,4163,3424768.75,847,2606.0,62.60
AMBER,EQ,25-Jun-2019,818.95,824.00,831.25,811.35,826.00,829.50,825.02,6270,5172903.3,602,4387.0,69.97
AMBER,EQ,24-Jun-2019,820.60,825.00,825.00,801.00,815.50,818.95,817.47,3837,3136617.55,525,2365.0,61.64
AMBER,EQ,21-Jun-2019,817.65,817.65,825.00,807.70,821.00,820.60,816.50,5534,4518512.6,471,4228.0,76.40
AMBER,EQ,20-Jun-2019,806.55,808.00,830.00,802.25,818.00,817.65,813.26,8559,6960697.65,1176,5485.0,64.08
AMBER,EQ,19-Jun-2019,800.75,800.00,830.05,790.00,822.00,806.55,795.68,15036,11963918.2,802,11936.0,79.38
AMBER,EQ,18-Jun-2019,807.20,802.00,816.95,800.50,801.45,800.75,808.25,20797,16809094.35,1413,17316.0,72.40
AMBER,EQ,17-Jun-2019,811.95,812.00,816.35,806.00,806.10,807.20,807.35,10342,8349659.4,312,8962.0,73.71
AMBER,EQ,14-Jun-2019,817.30,812.00,821.00,806.35,812.00,811.95,811.87,8904,7228887.4,492,6817.0,76.56
AMBER,EQ,13-Jun-2019,825.40,825.05,825.05,816.95,817.00,817.30,818.24,5488,4490507.0,225,4875.0,88.83
AMBER,EQ,12-Jun-2019,828.20,832.00,838.20,819.95,827.10,825.40,824.74,8168,6736489.5,301,6863.0,84.02
AMBER,EQ,11-Jun-2019,812.25,813.00,839.70,813.00,834.00,828.20,823.28,6166,5076359.9,493,4236.0,68.70
AMBER,EQ,10-Jun-2019,822.00,816.00,821.05,808.00,809.60,812.25,813.59,5433,4420221.75,384,3472.0,63.91
AMBER,EQ,07-Jun-2019,826.55,833.20,833.20,819.55,820.20,822.00,823.16,3934,3238321.55,311,3017.0,76.69
AMBER,EQ,06-Jun-2019,839.20,830.50,844.00,820.00,828.50,826.55,829.16,7579,6284207.6,787,5503.0,72.61
AMBER,EQ,04-Jun-2019,839.05,844.85,851.00,836.00,838.30,839.20,845.45,6660,5630684.75,521,5012.0,75.26
AMBER,EQ,03-Jun-2019,835.25,843.05,850.00,830.05,832.40,839.05,840.83,7725,6495404.5,1037,3430.0,44.40
AMBER,EQ,31-May-2019,851.70,855.00,858.00,835.00,835.00,835.25,843.21,9146,7712038.65,542,6717.0,73.44
AMBER,EQ,30-May-2019,845.20,858.00,858.00,840.00,853.65,851.70,849.67,21211,18022361.8,1157,15009.0,70.76
AMBER,EQ,29-May-2019,837.65,816.25,852.95,816.25,844.00,845.20,843.38,16315,13759816.9,1444,9554.0,58.56
AMBER,EQ,28-May-2019,825.95,825.95,854.90,818.00,839.00,837.65,836.24,33086,27667859.85,2636,19781.0,59.79
AMBER,EQ,27-May-2019,739.15,802.25,873.70,802.25,829.75,825.95,833.23,184337,153594901.7,12027,88194.0,47.84
AMBER,EQ,24-May-2019,715.25,716.00,740.00,716.00,733.15,739.15,735.85,8599,6327598.2,1064,5554.0,64.59
AMBER,EQ,23-May-2019,734.50,744.75,744.75,707.00,713.90,715.25,723.78,9875,7147360.6,1203,4950.0,50.13
AMBER,EQ,22-May-2019,742.80,749.00,749.00,725.00,735.00,734.50,737.29,4747,3499905.35,381,3569.0,75.18
AMBER,EQ,21-May-2019,742.50,749.90,750.00,735.00,738.00,742.80,742.72,3314,2461373.5,459,1897.0,57.24
AMBER,EQ,20-May-2019,733.25,748.00,771.15,733.00,744.50,742.50,748.18,6849,5124270.75,615,5415.0,79.06
AMBER,EQ,17-May-2019,708.80,715.00,740.00,708.00,735.00,733.25,717.34,12623,9054973.65,860,10652.0,84.39
AMBER,EQ,16-May-2019,731.35,729.45,735.00,701.00,707.20,708.80,713.17,5818,4149229.65,867,3426.0,58.89
AMBER,EQ,15-May-2019,740.10,740.10,744.95,725.00,725.00,731.35,738.09,3397,2507284.45,402,2155.0,63.44
AMBER,EQ,14-May-2019,748.35,736.65,748.25,736.65,738.00,740.10,741.91,3516,2608566.7,357,2529.0,71.93
AMBER,EQ,13-May-2019,767.70,767.70,769.45,743.00,743.05,748.35,753.13,2469,1859484.95,366,1775.0,71.89
AMBER,EQ,10-May-2019,766.50,766.50,775.00,760.50,760.90,767.70,767.77,2826,2169719.5,315,1850.0,65.46
AMBER,EQ,09-May-2019,761.90,765.00,771.35,750.25,766.00,766.50,761.72,4688,3570955.05,591,2642.0,56.36
AMBER,EQ,08-May-2019,790.00,790.00,790.05,758.00,758.00,761.90,771.07,10527,8117100.55,1455,7875.0,74.81
AMBER,EQ,07-May-2019,797.50,799.00,812.00,780.00,805.00,790.00,792.65,5235,4149504.0,635,2687.0,51.33
AMBER,EQ,06-May-2019,821.55,815.00,819.85,791.00,799.00,797.50,802.87,3989,3202639.05,505,2629.0,65.91
AMBER,EQ,03-May-2019,804.70,796.05,827.60,796.05,821.00,821.55,819.13,7160,5864939.2,728,5176.0,72.29
AMBER,EQ,02-May-2019,783.20,791.95,817.00,789.90,808.10,804.70,799.72,9683,7743663.75,1249,6344.0,65.52
AMBER,EQ,30-Apr-2019,807.90,804.00,807.80,770.00,792.40,783.20,781.80,14989,11718351.3,1395,8847.0,59.02
AMBER,EQ,26-Apr-2019,817.85,818.00,824.55,802.20,805.50,807.90,812.85,5821,4731585.9,584,3773.0,64.82
AMBER,EQ,25-Apr-2019,825.45,820.10,831.00,813.25,818.00,817.85,821.46,4846,3980811.9,460,2913.0,60.11
AMBER,EQ,24-Apr-2019,832.50,825.25,840.00,824.00,824.90,825.45,828.39,3415,2828953.35,463,2175.0,63.69
AMBER,EQ,23-Apr-2019,828.25,835.00,845.00,823.30,832.00,832.50,834.03,16955,14140912.6,1110,9299.0,54.85
AMBER,EQ,22-Apr-2019,832.15,825.00,833.35,820.00,829.55,828.25,826.34,9182,7587478.7,936,5059.0,55.10
AMBER,EQ,18-Apr-2019,836.55,844.90,844.90,820.95,835.00,832.15,829.93,25717,21343242.75,718,20302.0,78.94
AMBER,EQ,16-Apr-2019,826.00,826.00,847.60,826.00,840.00,836.55,840.70,36680,30836704.75,2399,13028.0,35.52
AMBER,EQ,15-Apr-2019,829.80,836.80,836.80,822.65,824.00,826.00,828.09,9356,7747655.85,985,3655.0,39.07
AMBER,EQ,12-Apr-2019,836.10,845.00,845.00,825.50,830.90,829.80,833.74,10322,8605814.7,864,4214.0,40.83
AMBER,EQ,11-Apr-2019,834.75,835.00,839.00,826.00,839.00,836.10,833.46,9260,7717848.45,682,5387.0,58.17
AMBER,EQ,10-Apr-2019,828.25,837.90,838.50,828.05,830.00,834.75,834.80,108037,90189765.5,1886,103275.0,95.59
AMBER,EQ,09-Apr-2019,835.35,839.50,843.95,825.25,828.75,828.25,836.18,11675,9762458.9,764,6712.0,57.49
AMBER,EQ,08-Apr-2019,826.25,826.25,846.00,826.25,836.00,835.35,836.21,18637,15584367.4,1242,10155.0,54.49
AMBER,EQ,05-Apr-2019,826.55,826.55,838.00,822.55,826.00,826.25,827.77,22795,18868925.95,1449,5999.0,26.32
AMBER,EQ,04-Apr-2019,841.70,847.90,849.90,820.10,825.10,826.55,834.86,20835,17394327.5,1298,13233.0,63.51
AMBER,EQ,03-Apr-2019,856.75,864.45,864.45,836.00,840.00,841.70,851.82,37319,31789022.45,2251,18351.0,49.17
AMBER,EQ,02-Apr-2019,840.80,842.00,866.00,835.40,856.90,856.75,847.81,91711,77753925.5,3987,57940.0,63.18
AMBER,EQ,01-Apr-2019,816.60,828.45,843.40,825.00,843.00,840.80,837.25,151632,126954339.15,3795,103653.0,68.36
AMBER,EQ,29-Mar-2019,805.15,810.00,822.80,801.05,817.00,816.60,812.93,86441,70270784.75,3816,62068.0,71.80
AMBER,EQ,28-Mar-2019,791.15,798.00,810.90,791.20,810.00,805.15,802.65,60953,48923707.7,1966,47587.0,78.07
AMBER,EQ,27-Mar-2019,779.65,785.70,805.80,779.65,796.00,791.15,784.20,310086,243169603.65,5085,245889.0,79.30
AMBER,EQ,26-Mar-2019,771.95,782.00,797.95,776.10,777.05,779.65,781.45,194006,151606269.8,4718,171928.0,88.62
AMBER,EQ,25-Mar-2019,790.45,799.95,801.00,771.00,771.20,771.95,786.37,33639,26452707.45,2795,22467.0,66.79
AMBER,EQ,22-Mar-2019,792.05,799.00,800.00,780.95,799.00,790.45,788.40,6484,5111984.4,586,4326.0,66.72
AMBER,EQ,20-Mar-2019,799.95,795.20,803.95,790.25,792.45,792.05,799.62,140454,112309443.7,4144,131490.0,93.62
AMBER,EQ,19-Mar-2019,800.00,805.40,805.45,792.00,798.25,799.95,799.89,53106,42478723.6,2777,47899.0,90.20
AMBER,EQ,18-Mar-2019,794.90,790.00,810.00,778.00,797.10,800.00,798.18,22328,17821868.2,1291,16158.0,72.37
AMBER,EQ,15-Mar-2019,815.20,814.00,823.50,785.00,791.00,794.90,807.67,25898,20916923.85,2462,17075.0,65.93
AMBER,EQ,14-Mar-2019,789.65,789.65,830.50,789.65,813.85,815.20,822.13,162088,133257107.55,7735,42403.0,26.16
AMBER,EQ,13-Mar-2019,803.55,809.95,824.00,785.35,793.75,789.65,800.67,53663,42966234.0,1606,47183.0,87.92
AMBER,EQ,12-Mar-2019,771.80,787.00,811.75,777.00,805.00,803.55,783.94,149936,117541142.1,2671,123649.0,82.47
AMBER,EQ,11-Mar-2019,729.20,735.00,777.00,735.00,777.00,771.80,764.53,22668,17330315.5,1301,14715.0,64.92
AMBER,EQ,08-Mar-2019,743.95,750.00,755.00,725.00,730.00,729.20,738.41,12280,9067642.8,3147,7942.0,64.67
AMBER,EQ,07-Mar-2019,722.75,733.45,748.00,728.70,747.70,743.95,739.22,14356,10612308.7,1417,12292.0,85.62
AMBER,EQ,06-Mar-2019,718.50,724.95,747.00,717.90,729.85,722.75,733.38,8160,5984377.75,758,5367.0,65.77
AMBER,EQ,05-Mar-2019,690.65,694.95,724.00,691.00,718.00,718.50,708.93,19660,13937612.25,1101,11660.0,59.31
AMBER,EQ,01-Mar-2019,674.65,672.50,713.60,672.50,685.00,690.65,693.95,6386,4431573.05,996,3620.0,56.69
AMBER,EQ,28-Feb-2019,678.60,673.00,687.00,670.00,672.00,674.65,676.66,2632,1780968.05,332,1620.0,61.55
AMBER,EQ,27-Feb-2019,679.75,676.00,687.35,670.00,682.00,678.60,673.09,23111,15555810.85,356,21639.0,93.63
AMBER,EQ,26-Feb-2019,685.15,680.00,688.60,660.00,685.00,679.75,676.64,5950,4026026.85,648,4173.0,70.13
AMBER,EQ,25-Feb-2019,669.45,666.00,687.50,666.00,687.50,685.15,680.96,4260,2900883.55,430,3189.0,74.86
AMBER,EQ,22-Feb-2019,670.95,680.00,685.00,662.00,666.00,669.45,676.99,4757,3220462.45,678,1851.0,38.91
AMBER,EQ,21-Feb-2019,659.00,660.00,680.00,653.00,676.00,670.95,672.27,6037,4058499.9,1218,3153.0,52.23
AMBER,EQ,20-Feb-2019,635.70,641.05,686.90,638.40,656.45,659.00,660.63,8546,5645729.1,1508,3235.0,37.85
AMBER,EQ,19-Feb-2019,631.80,625.05,642.00,624.00,642.00,635.70,633.43,20370,12902893.2,446,1637.0,8.04
AMBER,EQ,18-Feb-2019,633.95,638.00,638.00,622.00,634.00,631.80,630.42,10778,6794667.65,377,9643.0,89.47
AMBER,EQ,15-Feb-2019,646.55,654.90,654.90,625.00,633.00,633.95,639.42,6592,4215033.15,469,5201.0,78.90
AMBER,EQ,14-Feb-2019,644.30,645.05,655.90,639.95,647.00,646.55,646.46,2912,1882485.05,464,1717.0,58.96
AMBER,EQ,13-Feb-2019,649.45,651.25,663.25,641.00,644.10,644.30,652.08,7218,4706697.05,710,4573.0,63.36
AMBER,EQ,12-Feb-2019,699.60,707.10,715.00,640.00,647.00,649.45,690.80,72260,49917323.15,1462,66700.0,92.31
AMBER,EQ,11-Feb-2019,696.10,700.00,715.00,691.00,691.10,699.60,705.78,4580,3232485.35,696,2272.0,49.61
AMBER,EQ,08-Feb-2019,703.55,712.90,720.00,692.30,692.30,696.10,702.43,3107,2182434.55,343,1849.0,59.51
AMBER,EQ,07-Feb-2019,693.05,680.80,720.00,680.80,715.70,703.55,699.75,2800,1959289.75,644,2313.0,82.61
AMBER,EQ,06-Feb-2019,694.95,696.00,715.30,690.00,690.00,693.05,700.12,3285,2299907.45,439,1701.0,51.78
AMBER,EQ,05-Feb-2019,680.10,683.90,698.00,673.00,696.00,694.95,693.28,14543,10082423.75,984,12484.0,85.84
AMBER,EQ,04-Feb-2019,721.90,712.10,743.95,671.00,684.00,680.10,680.65,400181,272383772.1,6199,375535.0,93.84
AMBER,EQ,01-Feb-2019,742.35,743.00,760.00,712.05,720.50,721.90,727.70,7097,5164493.7,1211,4495.0,63.34
AMBER,EQ,31-Jan-2019,749.20,749.20,758.00,735.00,748.10,742.35,744.47,7238,5388447.5,620,5848.0,80.80
AMBER,EQ,30-Jan-2019,744.10,743.00,787.20,740.05,740.05,749.20,749.57,30281,22697792.0,2336,27489.0,90.78
AMBER,EQ,29-Jan-2019,767.25,752.75,760.00,740.00,743.00,744.10,749.90,5510,4131941.4,499,3937.0,71.45
AMBER,EQ,28-Jan-2019,814.50,815.00,815.00,727.70,762.00,767.25,764.11,19257,14714509.15,3915,,-
AMBER,EQ,25-Jan-2019,845.95,857.90,857.95,805.00,810.00,814.50,830.68,5241,4353615.2,817,3915.0,74.70
AMBER,EQ,24-Jan-2019,860.45,860.00,866.75,844.00,845.50,845.95,851.28,2786,2371664.65,340,2116.0,75.95
AMBER,EQ,23-Jan-2019,871.35,879.55,879.55,857.00,857.00,860.45,864.17,3476,3003847.7,513,2549.0,73.33
AMBER,EQ,22-Jan-2019,880.40,882.40,882.40,869.00,873.40,871.35,875.75,23507,20586292.95,466,22811.0,97.04
AMBER,EQ,21-Jan-2019,889.65,883.00,887.05,879.00,879.90,880.40,882.87,1942,1714535.75,242,1532.0,78.89
AMBER,EQ,18-Jan-2019,899.55,899.60,899.60,885.00,888.00,889.65,893.30,1186,1059459.65,173,716.0,60.37
AMBER,EQ,17-Jan-2019,901.35,905.10,909.55,890.00,892.05,899.55,899.47,14849,13356227.5,1323,11397.0,76.75
AMBER,EQ,16-Jan-2019,912.60,916.70,920.60,900.00,900.00,901.35,904.31,4334,3919271.1,420,2131.0,49.17
AMBER,EQ,15-Jan-2019,909.85,913.70,919.65,910.00,910.10,912.60,916.81,34326,31470280.5,242,33500.0,97.59
AMBER,EQ,14-Jan-2019,923.05,923.05,923.05,883.35,910.00,909.85,894.54,73789,66006847.6,1556,67633.0,91.66
AMBER,EQ,11-Jan-2019,914.35,901.50,950.50,901.50,922.00,923.05,935.00,20884,19526537.2,1678,6492.0,31.09
AMBER,EQ,10-Jan-2019,911.15,905.05,916.70,905.00,913.05,914.35,912.79,1804,1646675.2,246,1379.0,76.44
AMBER,EQ,09-Jan-2019,902.80,902.80,914.00,898.10,910.00,911.15,905.83,3271,2962954.55,645,1832.0,56.01
AMBER,EQ,08-Jan-2019,914.35,921.00,921.00,900.00,900.00,902.80,908.10,1889,1715406.55,221,1376.0,72.84
AMBER,EQ,07-Jan-2019,918.40,919.90,921.00,912.00,912.00,914.35,917.22,1855,1701441.0,349,1099.0,59.25
AMBER,EQ,04-Jan-2019,901.40,912.00,919.90,900.00,919.90,918.40,913.32,5143,4697187.3,1005,3648.0,70.93
AMBER,EQ,03-Jan-2019,899.95,909.95,910.00,895.00,899.05,901.40,900.46,3711,3341593.45,251,2979.0,80.27
AMBER,EQ,02-Jan-2019,909.00,900.00,911.50,892.30,898.00,899.95,903.55,1778,1606507.5,215,1223.0,68.79
AMBER,EQ,01-Jan-2019,905.05,910.20,912.00,902.00,905.45,909.00,906.31,898,813868.95,168,523.0,58.24
AMBER,EQ,31-Dec-2018,910.30,911.95,921.45,901.30,904.35,905.05,910.95,3152,2871306.45,363,1428.0,45.30
AMBER,EQ,28-Dec-2020,"2,343.35","2,360.00","2,457.00","2,355.00","2,405.15","2,410.95","2,404.99",178702,429776677.75,17406,62075.0,34.74
AMBER,EQ,24-Dec-2020,"2,309.80","2,314.00","2,377.90","2,314.00","2,344.00","2,343.35","2,352.21",83458,196310581.5,8921,20710.0,24.81
AMBER,EQ,23-Dec-2020,"2,284.35","2,294.30","2,325.00","2,290.00","2,312.00","2,309.80","2,303.51",99145,228381241.8,11896,65347.0,65.91
AMBER,EQ,22-Dec-2020,"2,330.80","2,321.00","2,328.00","2,202.10","2,291.90","2,284.35","2,268.13",139301,315952442.95,17291,63131.0,45.32
AMBER,EQ,21-Dec-2020,"2,352.30","2,348.00","2,350.00","2,286.80","2,329.00","2,330.80","2,324.67",110742,257438666.95,15640,71180.0,64.28
AMBER,EQ,18-Dec-2020,"2,348.95","2,342.00","2,377.00","2,336.85","2,352.00","2,352.30","2,352.22",115399,271444212.5,9446,76533.0,66.32
AMBER,EQ,17-Dec-2020,"2,358.05","2,359.95","2,376.95","2,331.00","2,349.00","2,348.95","2,350.84",93092,218844097.2,8370,55742.0,59.88
AMBER,EQ,16-Dec-2020,"2,326.80","2,370.50","2,409.95","2,338.95","2,359.95","2,358.05","2,363.78",276307,653129420.2,19856,141881.0,51.35
AMBER,EQ,15-Dec-2020,"2,324.30","2,348.25","2,348.25","2,305.00","2,331.95","2,326.80","2,322.87",62915,146143304.15,7544,23418.0,37.22
AMBER,EQ,14-Dec-2020,"2,308.80","2,337.95","2,350.00","2,301.35","2,323.25","2,324.30","2,324.52",107050,248839665.6,13464,35800.0,33.44
AMBER,EQ,11-Dec-2020,"2,334.70","2,340.00","2,380.00","2,300.00","2,310.05","2,308.80","2,331.47",132000,307754076.3,20844,58063.0,43.99
AMBER,EQ,10-Dec-2020,"2,308.85","2,330.00","2,398.50","2,285.00","2,333.50","2,334.70","2,348.70",221840,521035093.75,29401,85262.0,38.43
AMBER,EQ,09-Dec-2020,"2,327.25","2,350.00","2,386.00","2,300.00","2,308.75","2,308.85","2,327.38",102546,238663079.25,15569,42397.0,41.34
AMBER,EQ,08-Dec-2020,"2,292.05","2,360.00","2,481.10","2,295.00","2,328.05","2,327.25","2,370.96",284334,674145034.25,29265,86937.0,30.58
AMBER,EQ,07-Dec-2020,"2,326.80","2,340.00","2,340.00","2,282.90","2,290.00","2,292.05","2,294.38",96902,222330167.45,13446,37768.0,38.98
AMBER,EQ,04-Dec-2020,"2,314.50","2,333.65","2,354.80","2,300.15","2,315.00","2,326.80","2,322.02",108651,252289765.15,13527,49794.0,45.83
AMBER,EQ,03-Dec-2020,"2,377.00","2,391.00","2,391.00","2,300.00","2,327.00","2,314.50","2,335.19",119972,280157510.25,18636,50150.0,41.80
AMBER,EQ,02-Dec-2020,"2,439.10","2,453.85","2,453.85","2,355.00","2,377.95","2,377.00","2,379.81",100766,239804283.25,16388,32937.0,32.69
AMBER,EQ,01-Dec-2020,"2,399.60","2,411.60","2,524.95","2,402.00","2,427.00","2,439.10","2,452.98",253296,621330221.55,28332,90306.0,35.65
AMBER,EQ,27-Nov-2020,"2,167.60","2,179.95","2,467.00","2,138.60","2,390.00","2,399.60","2,359.29",1004310,2369454024.15,64327,350922.0,34.94
AMBER,EQ,26-Nov-2020,"2,169.00","2,183.70","2,220.00","2,139.00","2,164.95","2,167.60","2,163.95",103489,223944616.1,12715,44842.0,43.33
AMBER,EQ,25-Nov-2020,"2,227.65","2,242.90","2,259.90","2,161.00","2,173.00","2,169.00","2,190.45",83813,183588470.05,12703,31503.0,37.59
AMBER,EQ,24-Nov-2020,"2,230.25","2,245.00","2,247.95","2,210.00","2,230.00","2,227.65","2,226.85",61652,137289814.4,9046,24500.0,39.74
AMBER,EQ,23-Nov-2020,"2,165.25","2,190.00","2,240.00","2,176.00","2,235.00","2,230.25","2,212.52",200386,443357971.2,20343,129224.0,64.49
AMBER,EQ,20-Nov-2020,"2,183.65","2,194.00","2,220.00","2,153.00","2,168.00","2,165.25","2,170.00",85934,186476354.85,12510,31780.0,36.98
AMBER,EQ,19-Nov-2020,"2,256.65","2,250.00","2,252.20","2,180.00","2,187.00","2,183.65","2,202.46",109174,240450883.25,20229,54470.0,49.89
AMBER,EQ,18-Nov-2020,"2,282.55","2,275.15","2,287.95","2,243.90","2,256.00","2,256.65","2,258.33",75886,171375951.7,10864,32946.0,43.42
AMBER,EQ,17-Nov-2020,"2,318.60","2,340.00","2,343.90","2,266.00","2,270.00","2,282.55","2,305.47",88338,203660519.7,11059,33393.0,37.80
AMBER,EQ,14-Nov-2020,"2,310.55","2,332.95","2,334.00","2,301.25","2,310.00","2,318.60","2,324.65",26579,61786852.2,3276,13001.0,48.91
AMBER,EQ,13-Nov-2020,"2,243.20","2,254.00","2,340.00","2,242.15","2,301.10","2,310.55","2,305.71",213578,492448645.55,25607,66960.0,31.35
AMBER,EQ,12-Nov-2020,"2,262.65","2,276.00","2,328.00","2,230.00","2,244.00","2,243.20","2,274.04",178320,405507407.25,18279,51543.0,28.90
AMBER,EQ,11-Nov-2020,"2,174.90","2,189.00","2,300.00","2,143.00","2,276.00","2,262.65","2,213.80",202886,449148317.2,17122,68165.0,33.60
AMBER,EQ,10-Nov-2020,"2,186.60","2,230.35","2,235.00","2,165.00","2,170.00","2,174.90","2,203.89",132383,291757319.6,15805,33919.0,25.62
AMBER,EQ,09-Nov-2020,"2,320.30","2,244.00","2,244.00","2,150.30","2,190.10","2,186.60","2,182.70",427059,932141112.75,37181,131040.0,30.68
AMBER,EQ,06-Nov-2020,"2,266.90","2,287.80","2,348.00","2,269.00","2,310.00","2,320.30","2,316.35",227787,527635098.1,25868,65681.0,28.83
AMBER,EQ,05-Nov-2020,"2,249.00","2,278.00","2,296.55","2,247.00","2,269.00","2,266.90","2,269.40",105195,238729262.5,12107,26193.0,24.90
AMBER,EQ,04-Nov-2020,"2,263.95","2,238.00","2,324.00","2,221.60","2,243.00","2,249.00","2,275.30",213846,486562835.75,25014,39780.0,18.60
AMBER,EQ,03-Nov-2020,"2,100.80","2,121.25","2,352.80","2,119.70","2,222.00","2,263.95","2,266.59",712266,1614418420.8,59740,128951.0,18.10
AMBER,EQ,02-Nov-2020,"2,180.40","2,185.00","2,197.95","2,085.00","2,105.15","2,100.80","2,114.27",202522,428185335.85,27701,72075.0,35.59
AMBER,EQ,30-Oct-2020,"2,197.70","2,212.00","2,230.00","2,145.00","2,163.95","2,180.40","2,184.16",148449,324235936.55,18636,32424.0,21.84
AMBER,EQ,29-Oct-2020,"2,158.75","2,116.40","2,225.00","2,081.45","2,197.00","2,197.70","2,173.27",212901,462691102.25,24784,31957.0,15.01
AMBER,EQ,28-Oct-2020,"2,192.65","2,195.75","2,228.70","2,145.50","2,155.00","2,158.75","2,184.43",120839,263964610.3,12383,21969.0,18.18
AMBER,EQ,27-Oct-2020,"2,280.70","2,263.00","2,289.00","2,148.80","2,185.00","2,192.65","2,213.27",270687,599102150.05,20285,132820.0,49.07
AMBER,EQ,26-Oct-2020,"2,332.30","2,342.00","2,344.00","2,262.10","2,289.00","2,280.70","2,291.01",155372,355958893.8,16201,41631.0,26.79
AMBER,EQ,23-Oct-2020,"2,316.35","2,342.00","2,362.00","2,282.00","2,330.00","2,332.30","2,321.29",231249,536795835.95,19633,30252.0,13.08
AMBER,EQ,22-Oct-2020,"2,252.75","2,260.00","2,345.00","2,240.00","2,321.00","2,316.35","2,305.16",669593,1543518005.45,60458,107041.0,15.99
AMBER,EQ,21-Oct-2020,"2,451.15","2,476.85","2,535.80","2,200.00","2,230.00","2,252.75","2,371.13",893570,2118771987.25,90292,184972.0,20.70
AMBER,EQ,20-Oct-2020,"2,462.25","2,389.00","2,508.85","2,317.35","2,492.00","2,451.15","2,391.19",847966,2027649896.3,66303,100654.0,11.87
AMBER,EQ,19-Oct-2020,"2,180.65","2,203.00","2,544.20","2,200.00","2,401.15","2,462.25","2,407.88",1722230,4146927509.4,134405,315766.0,18.33
AMBER,EQ,16-Oct-2020,"1,997.30","2,095.55","2,228.00","2,094.60","2,169.00","2,180.65","2,152.77",833678,1794720582.25,64503,159662.0,19.15
AMBER,EQ,15-Oct-2020,"1,980.85","1,971.00","2,022.95","1,965.00","2,000.05","1,997.30","1,994.97",110674,220791256.35,13670,48712.0,44.01
AMBER,EQ,14-Oct-2020,"1,986.80","1,987.00","1,989.55","1,953.05","1,976.30","1,980.85","1,976.23",87852,173616060.2,10734,39195.0,44.61
AMBER,EQ,13-Oct-2020,"1,978.35","1,994.80","2,022.60","1,960.10","1,990.20","1,986.80","1,983.43",115127,228346077.2,13018,56087.0,48.72
AMBER,EQ,12-Oct-2020,"1,872.65","1,889.55","2,010.00","1,889.00","1,979.95","1,978.35","1,969.44",275735,543044635.45,27250,75593.0,27.42
AMBER,EQ,09-Oct-2020,"1,954.65","1,954.65","1,983.95","1,865.00","1,877.05","1,872.65","1,903.53",143536,273225469.55,15103,57837.0,40.29
AMBER,EQ,08-Oct-2020,"2,021.95","2,034.80","2,034.90","1,939.10","1,952.00","1,954.65","1,974.03",89300,176281219.5,10717,35075.0,39.28
AMBER,EQ,07-Oct-2020,"2,050.85","2,061.25","2,081.95","2,013.15","2,029.00","2,021.95","2,048.28",49808,102020693.0,6019,16945.0,34.02
AMBER,EQ,06-Oct-2020,"2,088.85","2,095.00","2,100.00","2,040.15","2,050.00","2,050.85","2,065.23",78175,161449302.55,11710,35674.0,45.63
AMBER,EQ,05-Oct-2020,"2,043.85","2,065.00","2,105.00","2,026.00","2,085.00","2,088.85","2,079.73",156574,325631200.5,13683,40462.0,25.84
AMBER,EQ,01-Oct-2020,"2,038.40","2,064.80","2,074.00","2,030.05","2,040.00","2,043.85","2,052.66",53414,109640868.85,5448,12995.0,24.33
AMBER,EQ,30-Sep-2020,"2,072.50","2,075.00","2,088.00","2,020.00","2,039.00","2,038.40","2,049.38",81731,167497746.3,10692,25131.0,30.75
AMBER,EQ,29-Sep-2020,"2,036.80","2,042.25","2,112.00","2,042.25","2,074.90","2,072.50","2,078.01",166819,346651249.65,12521,47139.0,28.26
AMBER,EQ,28-Sep-2020,"1,944.70","1,975.00","2,119.70","1,950.00","2,057.00","2,036.80","2,057.51",310011,637850151.75,25198,78086.0,25.19
AMBER,EQ,25-Sep-2020,"1,886.55","1,911.30","1,975.00","1,902.10","1,944.00","1,944.70","1,936.13",106666,206518873.35,8402,29225.0,27.40
AMBER,EQ,24-Sep-2020,"1,993.40","1,973.85","1,986.00","1,875.00","1,879.90","1,886.55","1,913.96",159097,304505140.7,18710,49428.0,31.07
AMBER,EQ,23-Sep-2020,"1,972.50","1,989.70","2,040.00","1,938.30","2,000.00","1,993.40","1,996.62",221820,442889249.5,31741,58246.0,26.26
AMBER,EQ,22-Sep-2020,"1,992.45","1,993.00","2,019.95","1,790.00","1,972.00","1,972.50","1,908.83",360441,688022050.55,36616,73254.0,20.32
AMBER,EQ,21-Sep-2020,"2,037.85","2,051.20","2,088.25","1,959.40","1,980.00","1,992.45","2,040.23",274287,559608035.75,24740,99794.0,36.38
AMBER,EQ,18-Sep-2020,"1,978.15","1,970.00","2,057.75","1,969.95","2,022.00","2,037.85","2,034.56",604479,1229850875.65,34444,374784.0,62.00
AMBER,EQ,17-Sep-2020,"2,018.35","2,005.00","2,036.80","1,963.35","1,974.00","1,978.15","1,990.84",175928,350244140.85,30303,63957.0,36.35
AMBER,EQ,16-Sep-2020,"2,065.10","2,040.00","2,055.00","1,988.95","2,019.00","2,018.35","2,015.00",306724,618047843.3,31551,76957.0,25.09
AMBER,EQ,15-Sep-2020,"1,953.00","1,980.00","2,113.90","1,973.80","2,060.00","2,065.10","2,047.97",1137928,2330439081.85,95101,279520.0,24.56
AMBER,EQ,14-Sep-2020,"1,770.05","1,787.00","1,984.00","1,784.90","1,968.00","1,953.00","1,885.31",1375316,2592893680.0,82283,578997.0,42.10
AMBER,EQ,11-Sep-2020,"1,906.45","1,876.00","1,876.00","1,723.00","1,778.00","1,770.05","1,824.61",6969444,12716545609.05,103171,3614165.0,51.86
AMBER,EQ,10-Sep-2020,"1,933.35","1,970.00","1,985.00","1,861.00","1,894.00","1,906.45","1,939.31",150211,291306234.95,17657,43245.0,28.79
AMBER,EQ,09-Sep-2020,"1,879.60","1,881.95","1,973.75","1,881.95","1,947.20","1,933.35","1,918.70",226301,434203369.85,20552,68969.0,30.48
AMBER,EQ,08-Sep-2020,"1,837.95","1,855.00","1,999.90","1,850.00","1,880.00","1,879.60","1,925.67",540019,1039900541.7,46438,132034.0,24.45
AMBER,EQ,07-Sep-2020,"1,835.65","1,831.00","1,884.30","1,820.05","1,832.60","1,837.95","1,850.72",125139,231596668.75,13457,61272.0,48.96
AMBER,EQ,04-Sep-2020,"1,813.45","1,788.00","1,925.00","1,776.30","1,830.00","1,835.65","1,870.10",193178,361261898.45,17447,72052.0,37.30
AMBER,EQ,03-Sep-2020,"1,815.70","1,815.70","1,839.00","1,809.00","1,818.90","1,813.45","1,820.00",33773,61466739.0,6678,20695.0,61.28
AMBER,EQ,02-Sep-2020,"1,790.75","1,800.80","1,842.30","1,791.05","1,814.50","1,815.70","1,816.50",79635,144656804.5,5892,46528.0,58.43
AMBER,EQ,01-Sep-2020,"1,733.50","1,730.00","1,806.50","1,706.05","1,788.00","1,790.75","1,767.81",74256,131270403.45,9443,35418.0,47.70
AMBER,EQ,31-Aug-2020,"1,818.60","1,824.00","1,848.00","1,711.00","1,743.80","1,733.50","1,775.72",104812,186116283.95,10992,47482.0,45.30
AMBER,EQ,28-Aug-2020,"1,801.20","1,813.95","1,830.80","1,800.05","1,821.00","1,818.60","1,822.18",85165,155186189.95,8583,49775.0,58.45
AMBER,EQ,27-Aug-2020,"1,819.15","1,820.00","1,839.95","1,786.05","1,807.00","1,801.20","1,816.41",118590,215407763.0,6555,81984.0,69.13
AMBER,EQ,26-Aug-2020,"1,821.80","1,824.05","1,860.00","1,810.00","1,812.00","1,819.15","1,833.47",118709,217648811.75,11417,50261.0,42.34
AMBER,EQ,25-Aug-2020,"1,824.50","1,832.00","1,857.00","1,810.95","1,820.00","1,821.80","1,833.35",109209,200218310.45,16159,46241.0,42.34
AMBER,EQ,24-Aug-2020,"1,769.95","1,775.00","1,865.00","1,775.00","1,810.75","1,824.50","1,821.85",186697,340134428.75,23504,80350.0,43.04
AMBER,EQ,21-Aug-2020,"1,776.40","1,800.00","1,809.95","1,762.00","1,770.05","1,769.95","1,780.75",66312,118084946.45,8116,22665.0,34.18
AMBER,EQ,20-Aug-2020,"1,840.20","1,822.10","1,833.40","1,755.00","1,773.00","1,776.40","1,793.67",88581,158885212.7,14873,38823.0,43.83
AMBER,EQ,19-Aug-2020,"1,832.35","1,850.05","1,870.30","1,820.55","1,834.00","1,840.20","1,846.09",235768,435249098.4,23847,111130.0,47.14
AMBER,EQ,18-Aug-2020,"1,774.25","1,786.00","1,859.50","1,776.15","1,830.00","1,832.35","1,830.86",374798,686202863.75,24146,112453.0,30.00
AMBER,EQ,17-Aug-2020,"1,733.70","1,790.00","1,790.00","1,730.90","1,770.05","1,774.25","1,769.29",98633,174510060.4,8161,48475.0,49.15
AMBER,EQ,14-Aug-2020,"1,684.80","1,689.00","1,788.30","1,689.00","1,724.00","1,733.70","1,752.99",212216,372013343.1,20074,66906.0,31.53
AMBER,EQ,13-Aug-2020,"1,654.75","1,655.00","1,695.00","1,655.00","1,682.00","1,684.80","1,681.08",45003,75653744.2,6974,20051.0,44.55
AMBER,EQ,12-Aug-2020,"1,707.45","1,712.75","1,717.95","1,642.20","1,649.00","1,654.75","1,661.97",65337,108588178.7,8879,25272.0,38.68
AMBER,EQ,11-Aug-2020,"1,713.55","1,749.00","1,753.60","1,701.00","1,706.00","1,707.45","1,719.13",72960,125427822.85,7919,26232.0,35.95
AMBER,EQ,10-Aug-2020,"1,779.20","1,700.00","1,779.00","1,675.45","1,709.50","1,713.55","1,721.96",238835,411265379.75,32310,102550.0,42.94
AMBER,EQ,07-Aug-2020,"1,693.35","1,700.00","1,800.00","1,694.10","1,795.00","1,779.20","1,753.09",139324,244247683.05,15020,64603.0,46.37
AMBER,EQ,06-Aug-2020,"1,742.95","1,748.75","1,751.00","1,671.00","1,679.00","1,693.35","1,711.65",44978,76986725.55,4956,17384.0,38.65
AMBER,EQ,05-Aug-2020,"1,728.20","1,748.90","1,809.00","1,706.05","1,744.00","1,742.95","1,737.62",75457,131115421.65,5511,18106.0,24.00
AMBER,EQ,04-Aug-2020,"1,722.20","1,744.90","1,799.00","1,693.00","1,725.00","1,728.20","1,745.42",312805,545974573.35,20825,74454.0,23.80
AMBER,EQ,03-Aug-2020,"1,482.50","1,490.00","1,749.95","1,490.00","1,729.00","1,722.20","1,687.24",658233,1110598992.35,46911,140515.0,21.35
AMBER,EQ,31-Jul-2020,"1,469.30","1,495.00","1,521.85","1,465.90","1,473.40","1,482.50","1,485.39",141356,209968514.5,10354,92844.0,65.68
AMBER,EQ,30-Jul-2020,"1,471.65","1,475.05","1,490.00","1,465.05","1,466.00","1,469.30","1,479.25",44870,66373981.1,1609,36365.0,81.05
AMBER,EQ,29-Jul-2020,"1,478.35","1,487.90","1,499.00","1,462.95","1,480.00","1,471.65","1,482.02",23641,35036386.75,2573,7268.0,30.74
AMBER,EQ,28-Jul-2020,"1,472.45","1,479.70","1,495.15","1,466.00","1,475.00","1,478.35","1,486.66",37387,55581585.7,4989,20461.0,54.73
AMBER,EQ,27-Jul-2020,"1,477.15","1,466.00","1,505.00","1,462.00","1,470.25","1,472.45","1,475.42",41235,60838815.4,3661,21515.0,52.18
AMBER,EQ,24-Jul-2020,"1,482.55","1,478.00","1,499.95","1,465.00","1,474.00","1,477.15","1,477.34",75075,110911643.55,3930,53914.0,71.81
AMBER,EQ,23-Jul-2020,"1,505.50","1,515.00","1,530.00","1,465.00","1,478.00","1,482.55","1,510.86",82410,124510312.05,6792,33918.0,41.16
AMBER,EQ,22-Jul-2020,"1,536.90","1,550.00","1,550.00","1,495.00","1,502.00","1,505.50","1,518.79",36872,56000976.8,5045,14665.0,39.77
AMBER,EQ,21-Jul-2020,"1,484.40","1,451.35","1,551.00","1,451.35","1,550.00","1,536.90","1,517.72",82130,124650650.9,5273,40569.0,49.40
AMBER,EQ,20-Jul-2020,"1,459.70","1,462.90","1,514.90","1,442.30","1,492.10","1,484.40","1,477.61",85573,126443674.0,6883,35045.0,40.95
AMBER,EQ,17-Jul-2020,"1,473.50","1,484.90","1,510.00","1,445.00","1,450.00","1,459.70","1,484.15",43870,65109807.9,4504,21688.0,49.44
AMBER,EQ,16-Jul-2020,"1,496.65","1,516.00","1,518.95","1,470.00","1,479.00","1,473.50","1,482.67",18308,27144669.4,2075,7448.0,40.68
AMBER,EQ,15-Jul-2020,"1,493.95","1,524.00","1,539.00","1,488.00","1,501.00","1,496.65","1,519.32",33698,51197964.55,3506,15171.0,45.02
AMBER,EQ,14-Jul-2020,"1,538.25","1,538.25","1,544.00","1,485.95","1,499.00","1,493.95","1,509.17",55029,83048327.25,9141,14882.0,27.04
AMBER,EQ,13-Jul-2020,"1,543.10","1,556.40","1,563.40","1,523.80","1,544.00","1,538.25","1,544.61",33758,52142901.25,6321,7836.0,23.21
AMBER,EQ,10-Jul-2020,"1,559.95","1,559.00","1,570.95","1,526.05","1,540.00","1,543.10","1,544.98",40980,63313176.6,4496,6045.0,14.75
AMBER,EQ,09-Jul-2020,"1,510.25","1,516.00","1,590.00","1,516.00","1,570.05","1,559.95","1,566.30",96980,151899897.7,8448,45152.0,46.56
AMBER,EQ,08-Jul-2020,"1,468.60","1,478.00","1,564.60","1,468.60","1,510.00","1,510.25","1,511.78",98124,148342290.15,8634,28617.0,29.16
AMBER,EQ,07-Jul-2020,"1,495.30","1,496.05","1,507.00","1,457.00","1,467.00","1,468.60","1,478.96",47374,70064443.95,7038,14639.0,30.90
AMBER,EQ,06-Jul-2020,"1,481.55","1,496.90","1,531.20","1,476.00","1,497.70","1,495.30","1,507.54",41285,62238854.75,6922,16050.0,38.88
AMBER,EQ,03-Jul-2020,"1,440.40","1,452.00","1,486.10","1,444.00","1,483.00","1,481.55","1,471.41",48751,71732646.1,9466,16360.0,33.56
AMBER,EQ,02-Jul-2020,"1,442.20","1,452.00","1,465.45","1,433.25","1,444.00","1,440.40","1,448.47",26971,39066592.65,3343,7888.0,29.25
AMBER,EQ,01-Jul-2020,"1,437.85","1,449.95","1,458.35","1,426.55","1,436.00","1,442.20","1,441.75",42175,60805795.45,5612,9809.0,23.26
AMBER,EQ,30-Jun-2020,"1,482.20","1,486.25","1,512.35","1,425.00","1,434.00","1,437.85","1,451.54",117069,169930458.65,5875,80433.0,68.71
AMBER,EQ,29-Jun-2020,"1,547.70","1,549.90","1,557.25","1,456.00","1,474.00","1,482.20","1,488.95",53012,78932301.1,6872,21120.0,39.84
AMBER,EQ,26-Jun-2020,"1,577.10","1,599.00","1,609.80","1,542.00","1,547.00","1,547.70","1,561.91",38577,60253738.35,8800,17871.0,46.33
AMBER,EQ,25-Jun-2020,"1,549.50","1,549.00","1,605.00","1,531.30","1,579.00","1,577.10","1,581.46",43575,68912110.35,7364,14025.0,32.19
AMBER,EQ,24-Jun-2020,"1,595.35","1,602.05","1,608.50","1,525.00","1,553.10","1,549.50","1,562.80",51050,79781063.5,10194,23235.0,45.51
AMBER,EQ,23-Jun-2020,"1,557.70","1,557.70","1,618.05","1,540.10","1,600.00","1,595.35","1,574.55",74623,117497677.55,7038,37962.0,50.87
AMBER,EQ,22-Jun-2020,"1,510.75","1,516.85","1,570.00","1,510.00","1,557.00","1,557.70","1,547.36",99859,154518198.95,6138,58059.0,58.14
AMBER,EQ,19-Jun-2020,"1,470.20","1,489.15","1,519.90","1,470.20","1,515.50","1,510.75","1,504.11",58248,87611608.7,5647,21848.0,37.51
AMBER,EQ,18-Jun-2020,"1,408.05","1,400.00","1,475.00","1,399.90","1,473.50","1,470.20","1,451.43",125268,181817725.95,6638,84991.0,67.85
AMBER,EQ,17-Jun-2020,"1,458.25","1,447.00","1,463.95","1,405.00","1,412.50","1,408.05","1,427.59",37908,54117223.2,3774,15954.0,42.09
AMBER,EQ,16-Jun-2020,"1,372.85","1,420.00","1,482.00","1,395.05","1,454.00","1,458.25","1,448.12",161647,234084425.1,22357,61751.0,38.20
AMBER,EQ,15-Jun-2020,"1,370.85","1,361.00","1,402.05","1,327.95","1,372.80","1,372.85","1,368.39",51925,71053512.25,6138,16614.0,32.00
AMBER,EQ,12-Jun-2020,"1,388.35","1,278.05","1,445.00","1,278.05","1,376.00","1,370.85","1,386.56",79615,110390979.9,8569,21321.0,26.78
AMBER,EQ,11-Jun-2020,"1,415.85","1,420.00","1,459.30","1,357.40","1,370.00","1,388.35","1,425.08",47325,67441993.2,6865,27880.0,58.91
AMBER,EQ,10-Jun-2020,"1,444.85","1,448.95","1,455.90","1,391.00","1,418.75","1,415.85","1,413.48",30593,43242734.45,3685,11497.0,37.58
AMBER,EQ,09-Jun-2020,"1,485.95","1,497.65","1,515.00","1,440.00","1,440.05","1,444.85","1,479.50",29615,43815518.2,3683,10064.0,33.98
AMBER,EQ,08-Jun-2020,"1,532.55","1,545.00","1,554.95","1,478.00","1,480.00","1,485.95","1,513.26",32470,49135692.15,3970,14341.0,44.17
AMBER,EQ,05-Jun-2020,"1,496.80","1,500.00","1,545.55","1,460.00","1,526.05","1,532.55","1,507.34",50078,75484506.7,4126,21597.0,43.13
AMBER,EQ,04-Jun-2020,"1,503.25","1,505.00","1,565.45","1,435.60","1,474.90","1,496.80","1,492.30",114960,171555245.6,7493,65091.0,56.62
AMBER,EQ,03-Jun-2020,"1,437.35","1,464.85","1,524.00","1,451.40","1,518.50","1,503.25","1,497.85",187462,280790246.8,24683,82846.0,44.19
AMBER,EQ,02-Jun-2020,"1,338.55","1,350.00","1,450.00","1,339.00","1,450.00","1,437.35","1,407.15",217058,305432876.7,25238,62048.0,28.59
AMBER,EQ,01-Jun-2020,"1,245.85","1,290.00","1,350.00","1,279.95","1,339.00","1,338.55","1,323.13",176570,233624786.1,9187,61590.0,34.88
AMBER,EQ,29-May-2020,"1,240.80","1,242.00","1,261.10","1,210.00","1,212.90","1,245.85","1,246.05",180351,224726308.75,8862,145621.0,80.74
AMBER,EQ,28-May-2020,"1,203.05","1,209.00","1,249.90","1,207.45","1,241.50","1,240.80","1,234.61",31178,38492639.9,2751,15025.0,48.19
AMBER,EQ,27-May-2020,"1,204.45","1,212.00","1,238.00","1,196.60","1,205.00","1,203.05","1,208.22",39112,47255709.95,4056,19866.0,50.79
AMBER,EQ,26-May-2020,"1,188.65","1,199.00","1,224.00","1,191.60","1,205.00","1,204.45","1,206.92",49183,59360131.3,5014,27850.0,56.63
AMBER,EQ,22-May-2020,"1,184.90","1,184.00","1,224.60","1,180.10","1,189.95","1,188.65","1,195.31",57077,68224888.45,4785,29953.0,52.48
AMBER,EQ,21-May-2020,"1,182.25","1,185.00","1,199.25","1,165.25","1,177.95","1,184.90","1,182.01",88047,104072299.7,8794,53841.0,61.15
AMBER,EQ,20-May-2020,"1,125.30","1,125.30","1,201.00","1,120.00","1,179.80","1,182.25","1,168.07",83774,97854233.8,7857,39119.0,46.70
AMBER,EQ,19-May-2020,"1,078.10","1,097.95","1,129.40","1,090.00","1,128.80","1,125.30","1,111.10",61376,68194850.95,6138,38514.0,62.75
AMBER,EQ,18-May-2020,"1,139.60","1,151.00","1,153.00","1,055.50","1,102.00","1,078.10","1,090.62",63495,69248818.65,4829,40737.0,64.16
AMBER,EQ,15-May-2020,"1,129.45","1,134.00","1,168.00","1,128.15","1,139.95","1,139.60","1,144.77",68030,77878382.15,11880,36740.0,54.01
AMBER,EQ,14-May-2020,"1,114.70","1,095.00","1,145.00","1,091.75","1,130.00","1,129.45","1,125.36",61937,69701526.85,6756,26015.0,42.00
AMBER,EQ,13-May-2020,"1,070.95","1,180.00","1,180.00","1,100.00","1,130.00","1,114.70","1,129.93",105502,119209860.7,10050,53572.0,50.78
AMBER,EQ,12-May-2020,"1,073.95","1,074.90","1,090.00","1,058.30","1,074.90","1,070.95","1,071.17",42934,45989663.5,6226,15610.0,36.36
AMBER,EQ,11-May-2020,"1,091.35","1,101.00","1,129.50","1,065.00","1,076.95","1,073.95","1,086.86",61268,66589711.65,8186,39671.0,64.75
AMBER,EQ,08-May-2020,"1,111.60","1,118.00","1,124.00","1,084.10","1,093.90","1,091.35","1,103.76",36259,40021258.05,5889,16980.0,46.83
AMBER,EQ,07-May-2020,"1,132.10","1,119.95","1,150.00","1,091.10","1,098.90","1,111.60","1,123.65",123287,138531844.9,16859,33746.0,27.37
AMBER,EQ,06-May-2020,"1,072.80","1,076.00","1,153.90","1,048.10","1,124.00","1,132.10","1,111.50",163914,182190843.7,14455,51933.0,31.68
AMBER,EQ,05-May-2020,"1,080.10","1,094.00","1,118.00","1,063.80","1,075.00","1,072.80","1,091.38",47975,52359188.9,7179,17749.0,37.00
AMBER,EQ,04-May-2020,"1,071.95","1,045.00","1,097.95","1,010.00","1,092.00","1,080.10","1,068.63",94569,101059321.5,13444,28934.0,30.60
AMBER,EQ,30-Apr-2020,"1,072.85","1,100.00","1,107.00","1,070.00","1,070.00","1,071.95","1,091.58",130537,142492051.55,8060,74323.0,56.94
AMBER,EQ,29-Apr-2020,"1,085.85","1,092.00","1,094.90","1,063.10","1,074.60","1,072.85","1,078.95",55056,59402404.0,6935,30449.0,55.31
AMBER,EQ,28-Apr-2020,"1,089.00","1,094.95","1,104.90","1,075.95","1,082.00","1,085.85","1,084.73",39174,42493220.9,4735,21886.0,55.87
AMBER,EQ,27-Apr-2020,"1,085.40","1,105.00","1,119.00","1,080.00","1,089.95","1,089.00","1,100.92",31845,35058675.0,4973,15657.0,49.17
AMBER,EQ,24-Apr-2020,"1,124.45","1,117.00","1,117.00","1,077.00","1,080.00","1,085.40","1,095.86",36558,40062623.2,4402,18088.0,49.48
AMBER,EQ,23-Apr-2020,"1,100.70","1,124.00","1,148.00","1,116.00","1,123.10","1,124.45","1,129.44",46001,51955561.35,6012,14372.0,31.24
AMBER,EQ,22-Apr-2020,"1,090.35","1,075.00","1,128.00","1,075.00","1,100.50","1,100.70","1,103.52",45403,50103082.3,4729,17850.0,39.31
AMBER,EQ,21-Apr-2020,"1,112.75","1,076.00","1,113.00","1,070.45","1,089.00","1,090.35","1,086.42",51247,55675513.3,5918,20488.0,39.98
AMBER,EQ,20-Apr-2020,"1,154.60","1,169.00","1,178.35","1,090.00","1,111.00","1,112.75","1,152.13",291278,335589755.75,14291,217580.0,74.70
AMBER,EQ,17-Apr-2020,"1,114.60","1,148.00","1,185.00","1,119.35","1,175.00","1,154.60","1,140.86",155882,177839469.9,19930,87564.0,56.17
AMBER,EQ,16-Apr-2020,"1,079.40","1,089.70","1,147.45","1,089.05","1,118.00","1,114.60","1,117.66",121931,136277259.5,14934,47418.0,38.89
AMBER,EQ,15-Apr-2020,"1,004.65","1,010.00","1,112.70","1,001.00","1,080.15","1,079.40","1,064.36",186098,198074415.95,17234,57553.0,30.93
AMBER,EQ,13-Apr-2020,"1,007.95","1,008.05","1,043.00",920.90,"1,031.00","1,004.65",968.26,360507,349063125.55,28416,,-
AMBER,EQ,09-Apr-2020,"1,108.05","1,127.00","1,138.00",985.00,"1,008.00","1,007.95","1,024.20",243042,248923434.9,31215,111937.0,46.06
AMBER,EQ,08-Apr-2020,"1,189.90","1,189.90","1,199.00","1,072.00","1,109.25","1,108.05","1,131.47",93512,105805912.25,14252,41879.0,44.78
AMBER,EQ,07-Apr-2020,"1,192.50","1,230.00","1,260.00","1,183.00","1,188.90","1,189.90","1,220.13",137865,168212675.35,5029,121004.0,87.77
AMBER,EQ,03-Apr-2020,"1,267.90","1,268.05","1,309.80","1,182.00","1,198.95","1,192.50","1,224.72",54730,67029187.7,12354,27400.0,50.06
AMBER,EQ,01-Apr-2020,"1,230.45","1,228.00","1,348.00","1,228.00","1,263.60","1,267.90","1,286.28",193052,248319506.5,21045,151430.0,78.44
AMBER,EQ,31-Mar-2020,"1,187.15","1,241.95","1,275.75","1,206.30","1,230.00","1,230.45","1,242.33",52073,64692050.55,4575,37943.0,72.87
AMBER,EQ,30-Mar-2020,"1,224.75","1,153.00","1,239.00","1,136.40","1,188.90","1,187.15","1,198.03",17872,21411195.0,2819,6940.0,38.83
AMBER,EQ,27-Mar-2020,"1,239.40","1,300.00","1,314.00","1,190.00","1,220.10","1,224.75","1,229.84",94056,115673368.2,5674,76986.0,81.85
AMBER,EQ,26-Mar-2020,"1,141.65","1,150.00","1,270.00","1,116.40","1,235.00","1,239.40","1,233.34",118843,146573982.05,7252,93239.0,78.46
AMBER,EQ,25-Mar-2020,"1,067.35","1,035.50","1,162.90","1,035.50","1,116.40","1,141.65","1,112.22",32706,36376318.8,6011,15384.0,47.04
AMBER,EQ,24-Mar-2020,"1,080.05","1,110.00","1,200.00","1,020.00","1,073.00","1,067.35","1,070.29",35938,38463978.3,5680,11548.0,32.13
AMBER,EQ,23-Mar-2020,"1,223.85","1,010.05","1,150.00","1,000.00","1,074.00","1,080.05","1,061.78",48113,51085304.5,7209,23202.0,48.22
AMBER,EQ,20-Mar-2020,"1,101.30","1,150.00","1,250.00","1,115.45","1,214.00","1,223.85","1,194.13",119925,143206435.55,11321,35267.0,29.41
AMBER,EQ,19-Mar-2020,"1,116.05","1,025.00","1,185.00",985.05,"1,081.00","1,101.30","1,073.46",83765,89918445.3,12680,29846.0,35.63
AMBER,EQ,18-Mar-2020,"1,215.60","1,220.00","1,260.00","1,087.00","1,114.95","1,116.05","1,154.96",62969,72726431.7,15544,28218.0,44.81
AMBER,EQ,17-Mar-2020,"1,224.75","1,235.75","1,288.00","1,200.00","1,214.00","1,215.60","1,243.22",50764,63110654.05,11705,26605.0,52.41
AMBER,EQ,16-Mar-2020,"1,338.25","1,260.00","1,293.45","1,205.00","1,207.70","1,224.75","1,256.54",62401,78409056.7,7377,33962.0,54.43
AMBER,EQ,13-Mar-2020,"1,264.75","1,060.00","1,354.90","1,030.00","1,335.00","1,338.25","1,239.55",169315,209874121.75,19686,75362.0,44.51
AMBER,EQ,12-Mar-2020,"1,425.10","1,356.00","1,375.00","1,250.00","1,255.95","1,264.75","1,289.13",87115,112302756.7,12942,36991.0,42.46
AMBER,EQ,11-Mar-2020,"1,366.75","1,369.00","1,444.30","1,342.15","1,439.00","1,425.10","1,389.09",96525,134082048.8,11951,54606.0,56.57
AMBER,EQ,09-Mar-2020,"1,454.05","1,440.00","1,495.90","1,260.00","1,360.00","1,366.75","1,417.98",190469,270080496.05,18843,83564.0,43.87
AMBER,EQ,06-Mar-2020,"1,423.00","1,350.50","1,484.95","1,333.00","1,467.00","1,454.05","1,409.27",70141,98847372.7,6295,17748.0,25.30
AMBER,EQ,05-Mar-2020,"1,369.30","1,397.00","1,444.00","1,350.45","1,419.85","1,423.00","1,407.85",89510,126016425.8,20059,29640.0,33.11
AMBER,EQ,04-Mar-2020,"1,418.85","1,448.75","1,448.80","1,341.50","1,355.00","1,369.30","1,384.52",53934,74672760.3,6567,22927.0,42.51
AMBER,EQ,03-Mar-2020,"1,375.20","1,380.00","1,430.00","1,375.15","1,428.30","1,418.85","1,401.40",32195,45118153.05,3226,9448.0,29.35
AMBER,EQ,02-Mar-2020,"1,371.20","1,382.00","1,441.75","1,341.00","1,351.00","1,375.20","1,419.15",139270,197645075.05,4902,105124.0,75.48
AMBER,EQ,28-Feb-2020,"1,409.75","1,370.05","1,385.00","1,314.65","1,375.00","1,371.20","1,358.89",117765,160029733.2,8864,67509.0,57.33
AMBER,EQ,27-Feb-2020,"1,482.85","1,472.25","1,480.00","1,376.65","1,406.00","1,409.75","1,423.59",99267,141315871.25,10460,43812.0,44.14
AMBER,EQ,26-Feb-2020,"1,543.80","1,531.00","1,534.00","1,465.10","1,470.00","1,482.85","1,503.56",55889,84032512.9,5462,32389.0,57.95
AMBER,EQ,25-Feb-2020,"1,550.65","1,555.00","1,598.00","1,537.00","1,546.95","1,543.80","1,563.83",33005,51614086.0,3003,13666.0,41.41
AMBER,EQ,24-Feb-2020,"1,639.75","1,590.00","1,620.00","1,537.65","1,550.00","1,550.65","1,573.81",57603,90656182.05,5677,33496.0,58.15
AMBER,EQ,20-Feb-2020,"1,639.00","1,665.00","1,695.00","1,620.25","1,622.50","1,639.75","1,656.92",228533,378660646.65,8234,147918.0,64.73
AMBER,EQ,19-Feb-2020,"1,554.75","1,565.00","1,651.50","1,565.00","1,645.00","1,639.00","1,616.36",88013,142260428.0,6935,32320.0,36.72
AMBER,EQ,18-Feb-2020,"1,573.35","1,567.00","1,569.00","1,530.50","1,542.40","1,554.75","1,550.69",35875,55631101.7,3353,12713.0,35.44
AMBER,EQ,17-Feb-2020,"1,572.65","1,574.00","1,600.00","1,506.20","1,561.00","1,573.35","1,548.56",102548,158801572.55,8443,32937.0,32.12
AMBER,EQ,14-Feb-2020,"1,605.75","1,614.00","1,625.00","1,551.00","1,553.00","1,572.65","1,600.00",41413,66260885.7,4488,20130.0,48.61
AMBER,EQ,13-Feb-2020,"1,611.10","1,625.05","1,625.80","1,591.00","1,609.00","1,605.75","1,606.08",26156,42008661.45,2606,11358.0,43.42
AMBER,EQ,12-Feb-2020,"1,607.20","1,623.00","1,650.00","1,601.65","1,606.30","1,611.10","1,624.88",50717,82409141.45,6410,25251.0,49.79
AMBER,EQ,11-Feb-2020,"1,636.40","1,658.95","1,670.95","1,601.00","1,612.00","1,607.20","1,628.75",46750,76144222.65,7077,25959.0,55.53
AMBER,EQ,10-Feb-2020,"1,541.40","1,549.00","1,677.00","1,540.00","1,642.00","1,636.40","1,640.34",134182,220103442.55,9955,69040.0,51.45
AMBER,EQ,07-Feb-2020,"1,569.35","1,569.40","1,580.95","1,530.00","1,540.00","1,541.40","1,545.23",34160,52785201.4,3010,14651.0,42.89
AMBER,EQ,06-Feb-2020,"1,578.50","1,572.20","1,610.00","1,560.50","1,560.50","1,569.35","1,581.18",33647,53202002.8,3300,12031.0,35.76
AMBER,EQ,05-Feb-2020,"1,603.25","1,618.90","1,639.95","1,558.60","1,565.00","1,578.50","1,605.71",80577,129383243.8,6087,38353.0,47.60
AMBER,EQ,04-Feb-2020,"1,534.30","1,560.00","1,619.80","1,555.55","1,610.00","1,603.25","1,594.96",121732,194157289.45,10020,54842.0,45.05
AMBER,EQ,03-Feb-2020,"1,449.25","1,423.45","1,584.00","1,372.80","1,545.00","1,534.30","1,497.68",176743,264704378.55,17157,56473.0,31.95
AMBER,EQ,01-Feb-2020,"1,510.45","1,514.00","1,535.00","1,431.60","1,470.00","1,449.25","1,499.56",76852,115244345.7,6295,25120.0,32.69
AMBER,EQ,31-Jan-2020,"1,497.85","1,579.90","1,635.00","1,500.00","1,503.00","1,510.45","1,547.39",328770,508734052.15,25859,108131.0,32.89
AMBER,EQ,30-Jan-2020,"1,535.50","1,546.60","1,546.60","1,477.20","1,501.00","1,497.85","1,499.68",99456,149152136.6,10578,56402.0,56.71
AMBER,EQ,29-Jan-2020,"1,469.15","1,478.00","1,585.00","1,478.00","1,542.00","1,535.50","1,533.45",291963,447709844.55,22878,183029.0,62.69
AMBER,EQ,28-Jan-2020,"1,405.05","1,403.00","1,485.00","1,400.10","1,473.00","1,469.15","1,451.88",80099,116294251.45,9606,36900.0,46.07
AMBER,EQ,27-Jan-2020,"1,367.60","1,367.60","1,410.00","1,354.00","1,405.00","1,405.05","1,390.51",37482,52119250.25,3845,18899.0,50.42
AMBER,EQ,24-Jan-2020,"1,366.65","1,367.00","1,381.40","1,350.10","1,366.00","1,367.60","1,369.57",29706,40684535.85,3682,13558.0,45.64
AMBER,EQ,23-Jan-2020,"1,342.45","1,330.00","1,370.00","1,330.00","1,370.00","1,366.65","1,362.14",40035,54533442.5,3055,22438.0,56.05
AMBER,EQ,22-Jan-2020,"1,320.55","1,321.10","1,348.00","1,317.50","1,338.05","1,342.45","1,338.40",34015,45525718.4,2589,14815.0,43.55
AMBER,EQ,21-Jan-2020,"1,290.25","1,289.25","1,346.00","1,275.00","1,307.00","1,320.55","1,308.15",80658,105512743.75,4383,58030.0,71.95
AMBER,EQ,20-Jan-2020,"1,323.80","1,341.90","1,343.40","1,280.10","1,287.00","1,290.25","1,313.91",39355,51708838.05,2853,27016.0,68.65
AMBER,EQ,17-Jan-2020,"1,319.40","1,331.70","1,346.00","1,320.00","1,325.00","1,323.80","1,330.19",90588,120499198.8,3205,70534.0,77.86
AMBER,EQ,16-Jan-2020,"1,305.30","1,307.00","1,331.00","1,307.00","1,325.00","1,319.40","1,319.37",57315,75619763.6,2828,39141.0,68.29
AMBER,EQ,15-Jan-2020,"1,292.55","1,290.00","1,349.90","1,267.00","1,305.00","1,305.30","1,320.61",133509,176313925.3,10940,66527.0,49.83
AMBER,EQ,14-Jan-2020,"1,242.05","1,253.70","1,298.90","1,233.95","1,297.00","1,292.55","1,271.29",69777,88706831.9,4146,40715.0,58.35
AMBER,EQ,13-Jan-2020,"1,227.60","1,251.00","1,270.00","1,230.50","1,236.00","1,242.05","1,249.23",51323,64114414.15,4115,22543.0,43.92
AMBER,EQ,10-Jan-2020,"1,209.65","1,212.00","1,239.00","1,199.70","1,221.50","1,227.60","1,225.64",37776,46299655.15,3689,21547.0,57.04
AMBER,EQ,09-Jan-2020,"1,186.30","1,199.90","1,224.90","1,182.00","1,207.00","1,209.65","1,201.85",43597,52396910.7,5879,22099.0,50.69
AMBER,EQ,08-Jan-2020,"1,171.85","1,152.00","1,230.00","1,148.40","1,185.00","1,186.30","1,197.88",149986,179664776.25,11941,55868.0,37.25
AMBER,EQ,07-Jan-2020,"1,135.25","1,140.00","1,175.00","1,140.00","1,170.00","1,171.85","1,165.03",60101,70019432.75,3840,30232.0,50.30
AMBER,EQ,06-Jan-2020,"1,139.40","1,131.00","1,164.00","1,109.50","1,135.00","1,135.25","1,138.14",39871,45378748.5,4812,18990.0,47.63
AMBER,EQ,03-Jan-2020,"1,147.30","1,147.00","1,162.50","1,130.45","1,145.00","1,139.40","1,141.36",38359,43781238.0,3291,29249.0,76.25
AMBER,EQ,02-Jan-2020,"1,149.50","1,161.80","1,176.95","1,121.45","1,143.00","1,147.30","1,163.72",52642,61260663.2,5961,26432.0,50.21
AMBER,EQ,01-Jan-2020,"1,117.15","1,120.00","1,167.70","1,117.15","1,158.15","1,149.50","1,140.44",30349,34611225.85,2217,18175.0,59.89
AMBER,EQ,31-Dec-2019,"1,133.20","1,139.75","1,145.00","1,107.15","1,118.00","1,117.15","1,130.10",43770,49464686.35,3301,22995.0,52.54
AMBER,EQ,30-Dec-2019,"1,091.90","1,093.00","1,139.50","1,093.00","1,126.50","1,133.20","1,126.35",73238,82491653.25,6918,30922.0,42.22
AMBER,EQ,28-Dec-2021,"3,331.45","3,349.45","3,400.00","3,319.80","3,349.00","3,344.95","3,355.30",12905,43300126.2,2785,4026.0,31.2
AMBER,EQ,27-Dec-2021,"3,366.40","3,364.00","3,399.00","3,291.00","3,339.00","3,331.45","3,353.22",25042,83971404.8,5277,5159.0,20.6
AMBER,EQ,24-Dec-2021,"3,394.55","3,404.00","3,405.00","3,311.55","3,371.80","3,366.40","3,351.81",29174,97785794.4,5187,8422.0,28.87
AMBER,EQ,23-Dec-2021,"3,394.90","3,419.85","3,431.60","3,370.00","3,383.00","3,394.55","3,393.60",31173,105788688.95,6958,8233.0,26.41
AMBER,EQ,22-Dec-2021,"3,468.65","3,469.00","3,545.65","3,380.00","3,383.85","3,394.90","3,462.84",89387,309532950.3,15997,21919.0,24.52
AMBER,EQ,21-Dec-2021,"3,245.50","3,302.00","3,495.00","3,275.65","3,454.90","3,468.65","3,439.91",208823,718331335.3,27359,73564.0,35.23
AMBER,EQ,20-Dec-2021,"3,390.45","3,384.00","3,384.00","3,230.65","3,243.00","3,245.50","3,277.14",61881,202792572.8,12404,26364.0,42.6
AMBER,EQ,17-Dec-2021,"3,432.00","3,460.00","3,488.00","3,360.40","3,384.95","3,390.45","3,427.75",66427,227695258.65,10794,13360.0,20.11
AMBER,EQ,16-Dec-2021,"3,328.35","3,339.90","3,478.95","3,332.55","3,450.00","3,432.00","3,394.54",139568,473769521.45,24457,50659.0,36.3
AMBER,EQ,15-Dec-2021,"3,231.30","3,245.85","3,435.60","3,179.00","3,318.00","3,328.35","3,342.91",184653,617277600.75,26872,51859.0,28.08
AMBER,EQ,14-Dec-2021,"3,234.50","3,225.00","3,305.00","3,139.10","3,259.70","3,231.30","3,197.35",70731,226151612.5,12592,25589.0,36.18
AMBER,EQ,13-Dec-2021,"3,267.50","3,299.80","3,318.50","3,214.95","3,225.00","3,234.50","3,272.04",36999,121062385.55,7805,15457.0,41.78
AMBER,EQ,10-Dec-2021,"3,214.15","3,213.80","3,283.40","3,204.90","3,260.00","3,267.50","3,255.32",31670,103095916.1,6393,11014.0,34.78
AMBER,EQ,09-Dec-2021,"3,203.65","3,225.00","3,290.00","3,180.00","3,207.00","3,214.15","3,233.39",32822,106126424.5,6809,10380.0,31.63
AMBER,EQ,08-Dec-2021,"3,170.80","3,190.00","3,342.95","3,170.00","3,181.00","3,203.65","3,256.07",74577,242827646.75,14791,26853.0,36.01
AMBER,EQ,07-Dec-2021,"3,202.10","3,195.00","3,235.00","3,150.20","3,162.45","3,170.80","3,181.78",33012,105036803.95,7541,13040.0,39.5
AMBER,EQ,06-Dec-2021,"3,248.15","3,274.05","3,274.20","3,170.25","3,195.00","3,202.10","3,225.01",35508,114513548.0,7542,10628.0,29.93
AMBER,EQ,03-Dec-2021,"3,036.70","3,079.90","3,275.00","3,073.45","3,250.00","3,248.15","3,208.07",190785,612051376.55,28613,24978.0,13.09
AMBER,EQ,02-Dec-2021,"3,050.10","3,070.00","3,099.95","3,029.00","3,039.00","3,036.70","3,061.55",32779,100354437.95,6606,14897.0,45.45
AMBER,EQ,01-Dec-2021,"3,029.45","3,080.00","3,105.60","3,035.55","3,051.00","3,050.10","3,057.38",39406,120479117.45,9130,18016.0,45.72
AMBER,EQ,30-Nov-2021,"3,137.75","3,137.20","3,236.75","2,975.00","3,070.00","3,029.45","3,103.96",55040,170841770.2,12515,25830.0,46.93
AMBER,EQ,29-Nov-2021,"3,278.55","3,230.00","3,249.30","3,082.05","3,126.80","3,137.75","3,144.91",57273,180118202.2,12860,28262.0,49.35
AMBER,EQ,26-Nov-2021,"3,250.05","3,250.00","3,300.00","3,126.60","3,280.00","3,278.55","3,236.31",52184,168883704.7,9763,22003.0,42.16
AMBER,EQ,25-Nov-2021,"3,273.00","3,280.00","3,298.85","3,215.55","3,251.90","3,250.05","3,246.59",37686,122350854.35,6302,17451.0,46.31
AMBER,EQ,24-Nov-2021,"3,293.65","3,311.00","3,380.00","3,250.00","3,262.95","3,273.00","3,332.54",22434,74762195.15,6309,9821.0,43.78
AMBER,EQ,23-Nov-2021,"3,310.45","3,250.00","3,374.90","3,230.10","3,311.00","3,293.65","3,297.83",44557,146941452.7,10903,14568.0,32.7
AMBER,EQ,22-Nov-2021,"3,401.00","3,460.00","3,533.40","3,191.10","3,240.00","3,310.45","3,384.55",127159,430376572.3,30052,41864.0,32.92
AMBER,EQ,18-Nov-2021,"3,389.10","3,429.00","3,482.35","3,357.40","3,450.00","3,401.00","3,438.82",66136,227429737.05,17628,25294.0,38.25
AMBER,EQ,17-Nov-2021,"3,303.15","3,303.15","3,462.00","3,303.15","3,390.00","3,389.10","3,413.99",82544,281804555.95,16734,21134.0,25.6
AMBER,EQ,16-Nov-2021,"3,324.90","3,317.00","3,335.95","3,295.00","3,303.00","3,303.15","3,309.38",20489,67805920.0,3349,11338.0,55.34
AMBER,EQ,15-Nov-2021,"3,312.70","3,312.10","3,370.00","3,300.00","3,315.00","3,324.90","3,340.09",21035,70258708.85,4493,7617.0,36.21
AMBER,EQ,12-Nov-2021,"3,378.30","3,400.00","3,419.80","3,300.00","3,307.20","3,312.70","3,338.72",24216,80850539.9,4956,8606.0,35.54
AMBER,EQ,11-Nov-2021,"3,374.40","3,374.00","3,451.00","3,364.00","3,366.40","3,378.30","3,406.27",30195,102852174.7,5094,6730.0,22.29
AMBER,EQ,10-Nov-2021,"3,473.95","3,410.00","3,459.90","3,350.00","3,400.00","3,374.40","3,401.10",32525,110620651.6,4615,16465.0,50.62
AMBER,EQ,09-Nov-2021,"3,527.60","3,525.00","3,537.80","3,455.00","3,469.00","3,473.95","3,499.51",28987,101440368.55,4741,9708.0,33.49
AMBER,EQ,08-Nov-2021,"3,551.25","3,540.00","3,595.00","3,451.30","3,531.90","3,527.60","3,528.70",68960,243339133.2,10085,20413.0,29.6
AMBER,EQ,04-Nov-2021,"3,530.30","3,547.90","3,608.85","3,502.25","3,525.00","3,551.25","3,571.27",31248,111595024.45,3945,9495.0,30.39
AMBER,EQ,03-Nov-2021,"3,347.65","3,395.00","3,550.00","3,354.20","3,510.20","3,530.30","3,481.67",163791,570265962.3,24221,33855.0,20.67
AMBER,EQ,02-Nov-2021,"3,126.75","3,181.00","3,380.00","3,160.15","3,374.00","3,347.65","3,230.27",230059,743151668.05,32931,123781.0,53.8
AMBER,EQ,01-Nov-2021,"3,305.75","3,207.00","3,237.70","3,100.00","3,131.00","3,126.75","3,144.88",84379,265362031.65,16195,36845.0,43.67
AMBER,EQ,29-Oct-2021,"3,432.35","3,352.00","3,399.40","3,260.85","3,292.95","3,305.75","3,302.45",55824,184355747.4,12828,21949.0,39.32
AMBER,EQ,28-Oct-2021,"3,345.20","3,300.00","3,467.40","3,300.00","3,432.00","3,432.35","3,419.87",65138,222763374.45,13035,30820.0,47.31
AMBER,EQ,27-Oct-2021,"3,440.00","3,485.00","3,485.00","3,310.00","3,320.00","3,345.20","3,413.81",21678,74004499.35,4978,6544.0,30.19
AMBER,EQ,26-Oct-2021,"3,222.50","3,222.50","3,461.85","3,215.80","3,461.85","3,440.00","3,408.40",77933,265627182.8,17777,28294.0,36.31
AMBER,EQ,25-Oct-2021,"3,392.40","3,392.00","3,399.00","3,175.55","3,233.00","3,222.50","3,233.60",72642,234895183.1,15702,34221.0,47.11
AMBER,EQ,22-Oct-2021,"3,324.60","3,325.10","3,499.00","3,325.10","3,360.00","3,392.40","3,407.48",47096,160478645.25,12268,16482.0,35.0
AMBER,EQ,21-Oct-2021,"3,428.20","3,448.00","3,488.20","3,289.00","3,300.60","3,324.60","3,335.34",81548,271990170.55,17516,48341.0,59.28
AMBER,EQ,20-Oct-2021,"3,602.20","3,602.20","3,635.75","3,335.00","3,420.00","3,428.20","3,446.35",88589,305308859.9,22719,38924.0,43.94
AMBER,EQ,19-Oct-2021,"3,644.30","3,650.00","3,674.00","3,496.05","3,600.00","3,602.20","3,594.50",74110,266388391.45,16143,29439.0,39.72
AMBER,EQ,18-Oct-2021,"3,651.70","3,687.00","3,750.00","3,620.20","3,632.00","3,644.30","3,662.46",42665,156258647.0,10277,16610.0,38.93
AMBER,EQ,14-Oct-2021,"3,678.20","3,680.00","3,726.35","3,629.80","3,661.00","3,651.70","3,671.87",58143,213493281.45,11463,19381.0,33.33
AMBER,EQ,13-Oct-2021,"3,652.50","3,674.00","3,745.00","3,614.30","3,675.00","3,678.20","3,675.33",72335,265855051.15,12727,20359.0,28.15
AMBER,EQ,12-Oct-2021,"3,639.10","3,668.40","3,788.65","3,570.30","3,649.00","3,652.50","3,675.51",149770,550481332.25,26790,36136.0,24.13
AMBER,EQ,11-Oct-2021,"3,502.20","3,550.00","3,770.80","3,531.45","3,655.00","3,639.10","3,643.69",278200,1013675536.25,42139,81623.0,29.34
AMBER,EQ,08-Oct-2021,"3,399.85","3,437.10","3,548.00","3,385.10","3,520.00","3,502.20","3,480.39",129417,450421255.65,25466,45451.0,35.12
AMBER,EQ,07-Oct-2021,"3,389.35","3,419.00","3,478.50","3,375.00","3,410.00","3,399.85","3,408.70",58191,198355575.65,11914,25537.0,43.88
AMBER,EQ,06-Oct-2021,"3,383.30","3,425.00","3,497.90","3,335.00","3,396.95","3,389.35","3,411.77",90856,309979695.0,16758,32539.0,35.81
AMBER,EQ,05-Oct-2021,"3,394.75","3,394.00","3,445.90","3,363.25","3,380.00","3,383.30","3,408.43",53669,182927263.1,11008,21445.0,39.96
AMBER,EQ,04-Oct-2021,"3,440.40","3,459.00","3,459.00","3,333.00","3,399.05","3,394.75","3,384.51",99732,337543914.5,17440,32194.0,32.28
AMBER,EQ,01-Oct-2021,"3,263.70","3,240.00","3,460.00","3,228.20","3,450.00","3,440.40","3,388.40",351381,1190619297.55,38540,106942.0,30.43
AMBER,EQ,30-Sep-2021,"3,086.65","3,120.00","3,310.00","3,096.00","3,255.00","3,263.70","3,244.50",269811,875403050.35,25378,65137.0,24.14
AMBER,EQ,29-Sep-2021,"3,104.10","3,100.00","3,106.70","3,046.00","3,093.65","3,086.65","3,084.08",24711,76210756.4,5035,12577.0,50.9
AMBER,EQ,28-Sep-2021,"3,090.70","3,146.00","3,146.00","3,088.00","3,100.00","3,104.10","3,110.42",40665,126485119.9,6134,23488.0,57.76
AMBER,EQ,27-Sep-2021,"3,116.30","3,135.00","3,147.45","3,050.90","3,090.60","3,090.70","3,086.61",41175,127091284.25,6391,25441.0,61.79
AMBER,EQ,24-Sep-2021,"3,132.05","3,135.00","3,172.05","3,093.70","3,134.05","3,116.30","3,122.79",54795,171113028.15,9193,38446.0,70.16
AMBER,EQ,23-Sep-2021,"3,093.10","3,120.00","3,169.90","3,107.60","3,135.00","3,132.05","3,134.34",31042,97296106.65,5658,13097.0,42.19
AMBER,EQ,22-Sep-2021,"3,093.70","3,090.00","3,120.00","3,060.00","3,090.00","3,093.10","3,090.59",24047,74319469.65,4819,11598.0,48.23
AMBER,EQ,21-Sep-2021,"3,155.70","3,113.30","3,141.85","3,040.90","3,108.00","3,093.70","3,080.38",69452,213938549.45,11376,38366.0,55.24
AMBER,EQ,20-Sep-2021,"3,208.90","3,190.00","3,190.00","3,132.70","3,157.00","3,155.70","3,154.61",41325,130364213.25,5539,21167.0,51.22
AMBER,EQ,17-Sep-2021,"3,165.55","3,190.15","3,245.00","3,165.00","3,200.00","3,208.90","3,205.47",79552,255001727.5,13766,33485.0,42.09
AMBER,EQ,16-Sep-2021,"3,177.95","3,199.80","3,211.00","3,150.00","3,180.00","3,165.55","3,182.76",30994,98646337.1,5980,12405.0,40.02
AMBER,EQ,15-Sep-2021,"3,213.95","3,213.95","3,265.00","3,163.25","3,175.00","3,177.95","3,211.38",40621,130449383.0,7685,17633.0,43.41
AMBER,EQ,14-Sep-2021,"3,206.55","3,240.00","3,274.00","3,201.65","3,214.00","3,213.95","3,245.00",77465,251373905.55,12531,33071.0,42.69
AMBER,EQ,13-Sep-2021,"3,118.20","3,147.00","3,275.00","3,125.05","3,194.00","3,206.55","3,207.72",110907,355758665.1,16209,46211.0,41.67
AMBER,EQ,09-Sep-2021,"3,148.00","3,148.00","3,148.00","3,101.55","3,120.85","3,118.20","3,113.74",31596,98381821.85,5747,17630.0,55.8
AMBER,EQ,08-Sep-2021,"3,162.65","3,150.00","3,205.00","3,130.50","3,165.00","3,148.00","3,165.00",45517,144061262.45,7994,16898.0,37.12
AMBER,EQ,07-Sep-2021,"3,173.45","3,195.00","3,195.00","3,103.50","3,165.00","3,162.65","3,153.84",43844,138276873.5,8786,19971.0,45.55
AMBER,EQ,06-Sep-2021,"3,150.20","3,172.00","3,195.00","3,140.35","3,182.50","3,173.45","3,167.93",51321,162581265.55,7470,21398.0,41.69
AMBER,EQ,03-Sep-2021,"3,194.45","3,228.00","3,244.00","3,122.25","3,148.10","3,150.20","3,163.56",94848,300057008.35,14196,34664.0,36.55
AMBER,EQ,02-Sep-2021,"3,027.20","3,060.00","3,218.00","3,030.35","3,200.00","3,194.45","3,173.45",403938,1281877227.45,37965,148465.0,36.75
AMBER,EQ,01-Sep-2021,"2,894.90","2,921.00","3,060.00","2,916.00","3,030.00","3,027.20","3,021.57",184013,556008938.2,23603,57464.0,31.23
AMBER,EQ,31-Aug-2021,"2,899.35","2,908.00","2,913.85","2,871.40","2,902.00","2,894.90","2,899.21",20587,59686090.15,4743,13465.0,65.41
AMBER,EQ,30-Aug-2021,"2,898.05","2,898.05","2,925.00","2,869.80","2,900.10","2,899.35","2,903.11",24179,70194264.35,5129,11728.0,48.5
AMBER,EQ,27-Aug-2021,"2,876.80","2,869.90","2,915.95","2,864.80","2,891.00","2,898.05","2,893.45",16166,46775555.2,3346,7476.0,46.25
AMBER,EQ,26-Aug-2021,"2,870.15","2,879.85","2,970.00","2,850.00","2,880.10","2,876.80","2,925.24",39890,116687919.3,7421,12267.0,30.75
AMBER,EQ,25-Aug-2021,"2,803.60","2,820.00","2,903.80","2,802.55","2,899.00","2,870.15","2,845.52",27091,77088103.65,5390,11072.0,40.87
AMBER,EQ,24-Aug-2021,"2,742.80","2,725.00","2,820.00","2,725.00","2,796.50","2,803.60","2,770.66",21977,60890854.8,6093,10264.0,46.7
AMBER,EQ,23-Aug-2021,"2,795.40","2,809.00","2,809.00","2,710.75","2,769.00","2,742.80","2,747.36",47431,130309928.25,13163,25355.0,53.46
AMBER,EQ,20-Aug-2021,"2,849.35","2,845.00","2,846.95","2,785.00","2,790.25","2,795.40","2,805.32",25125,70483724.75,6681,13286.0,52.88
AMBER,EQ,18-Aug-2021,"2,876.15","2,870.10","2,882.20","2,845.00","2,847.00","2,849.35","2,859.51",12706,36332898.5,2742,6575.0,51.75
AMBER,EQ,17-Aug-2021,"2,889.70","2,909.00","2,915.00","2,860.00","2,867.00","2,876.15","2,894.43",17848,51659826.9,3857,8244.0,46.19
AMBER,EQ,16-Aug-2021,"2,928.90","2,910.00","2,947.85","2,850.00","2,891.00","2,889.70","2,889.76",37459,108247486.0,6439,21040.0,56.17
AMBER,EQ,13-Aug-2021,"2,923.90","2,920.00","2,969.00","2,907.00","2,910.00","2,928.90","2,945.85",25941,76418387.45,4288,13149.0,50.69
AMBER,EQ,12-Aug-2021,"2,835.75","2,859.70","2,942.50","2,858.45","2,919.00","2,923.90","2,913.06",47887,139497916.25,8913,17066.0,35.64
AMBER,EQ,11-Aug-2021,"2,866.75","2,820.00","2,860.00","2,732.05","2,840.80","2,835.75","2,787.41",68214,190140641.6,10233,27809.0,40.77
AMBER,EQ,10-Aug-2021,"2,888.95","2,870.00","2,880.55","2,838.55","2,870.00","2,866.75","2,851.82",76632,218540745.0,8656,52695.0,68.76
AMBER,EQ,09-Aug-2021,"2,976.05","2,940.00","2,940.00","2,872.00","2,891.00","2,888.95","2,888.28",95282,275200908.05,16866,53635.0,56.29
AMBER,EQ,06-Aug-2021,"2,986.95","2,986.95","2,995.00","2,935.80","2,972.00","2,976.05","2,972.22",57588,171164099.75,5160,37962.0,65.92
AMBER,EQ,05-Aug-2021,"3,021.05","3,036.20","3,039.95","2,980.00","2,986.00","2,986.95","2,993.57",18321,54845213.0,3267,9090.0,49.62
AMBER,EQ,04-Aug-2021,"3,022.90","3,031.10","3,044.80","2,992.75","3,020.00","3,021.05","3,015.85",28992,87435530.2,4500,16389.0,56.53
AMBER,EQ,03-Aug-2021,"3,017.65","3,037.00","3,055.00","3,000.80","3,020.00","3,022.90","3,021.17",42902,129614439.0,9857,27089.0,63.14
AMBER,EQ,02-Aug-2021,"2,991.70","3,000.00","3,055.00","2,995.00","3,012.80","3,017.65","3,034.05",39605,120163494.95,8693,20086.0,50.72
AMBER,EQ,30-Jul-2021,"2,980.20","2,986.20","3,015.00","2,960.00","2,990.10","2,991.70","2,980.34",36843,109804595.0,9076,21761.0,59.06
AMBER,EQ,29-Jul-2021,"2,997.50","3,001.10","3,009.00","2,960.00","2,980.00","2,980.20","2,978.02",38686,115207598.2,8967,23912.0,61.81
AMBER,EQ,28-Jul-2021,"3,019.80","3,013.00","3,016.60","2,954.50","2,999.70","2,997.50","2,990.47",48426,144816406.05,8265,27729.0,57.26
AMBER,EQ,27-Jul-2021,"3,020.05","3,030.00","3,062.60","2,995.00","3,022.55","3,019.80","3,031.25",41691,126375957.85,9595,21336.0,51.18
AMBER,EQ,26-Jul-2021,"3,012.10","3,012.00","3,026.55","2,989.15","3,020.00","3,020.05","3,013.24",35771,107786542.8,6763,18742.0,52.39
AMBER,EQ,23-Jul-2021,"3,016.45","3,029.00","3,029.00","2,990.00","3,016.40","3,012.10","3,013.07",43315,130510941.85,6747,25015.0,57.75
AMBER,EQ,22-Jul-2021,"3,003.95","3,010.00","3,031.90","2,988.35","3,015.00","3,016.45","3,012.55",37741,113696569.0,7287,21678.0,57.44
AMBER,EQ,20-Jul-2021,"3,032.40","3,020.00","3,039.45","2,936.00","2,995.00","3,003.95","2,993.82",85734,256672309.3,9835,53086.0,61.92
AMBER,EQ,19-Jul-2021,"3,031.05","3,002.00","3,048.75","3,000.65","3,030.05","3,032.40","3,026.86",41247,124848889.9,7773,24105.0,58.44
AMBER,EQ,16-Jul-2021,"3,030.65","3,040.00","3,057.95","3,003.80","3,030.00","3,031.05","3,036.11",50661,153812304.15,6075,25879.0,51.08
AMBER,EQ,15-Jul-2021,"3,022.65","3,030.00","3,052.00","3,002.50","3,030.00","3,030.65","3,028.80",55819,169064592.8,7277,30786.0,55.15
AMBER,EQ,14-Jul-2021,"3,009.60","3,023.80","3,033.95","2,995.00","3,020.00","3,022.65","3,009.15",80786,243096987.15,9816,51086.0,63.24
AMBER,EQ,13-Jul-2021,"3,052.05","3,070.00","3,087.85","2,995.00","3,009.00","3,009.60","3,028.51",91972,278538521.75,10019,52217.0,56.77
AMBER,EQ,12-Jul-2021,"2,991.50","3,010.00","3,060.30","3,005.40","3,052.00","3,052.05","3,041.52",60954,185392990.5,7937,33518.0,54.99
AMBER,EQ,09-Jul-2021,"3,002.55","3,003.00","3,006.95","2,975.70","2,995.00","2,991.50","2,991.85",93799,280632338.8,5994,59868.0,63.83
AMBER,EQ,08-Jul-2021,"3,006.65","3,009.00","3,077.95","2,990.00","2,990.00","3,002.55","3,031.28",156905,475623257.75,11312,106353.0,67.78
AMBER,EQ,07-Jul-2021,"3,010.10","3,010.10","3,035.10","2,980.00","3,020.00","3,006.65","3,016.33",67434,203403458.65,7950,38472.0,57.05
AMBER,EQ,06-Jul-2021,"3,045.05","3,055.00","3,069.00","2,976.00","3,012.00","3,010.10","3,018.72",68362,206365766.15,9353,30743.0,44.97
AMBER,EQ,05-Jul-2021,"2,956.50","2,980.00","3,097.00","2,969.35","3,040.00","3,045.05","3,039.33",339882,1033013056.6,27674,146593.0,43.13
AMBER,EQ,02-Jul-2021,"2,911.90","2,915.00","2,990.00","2,870.90","2,952.00","2,956.50","2,916.72",287616,838895355.9,16817,200416.0,69.68
AMBER,EQ,01-Jul-2021,"2,926.20","2,928.00","2,959.85","2,906.00","2,910.00","2,911.90","2,929.96",49308,144470509.55,8185,24715.0,50.12
AMBER,EQ,30-Jun-2021,"2,910.45","2,937.00","2,971.95","2,895.00","2,921.00","2,926.20","2,931.86",105454,309176168.45,13378,56592.0,53.67
AMBER,EQ,29-Jun-2021,"2,950.75","2,966.00","2,975.00","2,892.00","2,910.00","2,910.45","2,914.44",95906,279512207.35,13497,49960.0,52.09
AMBER,EQ,28-Jun-2021,"2,929.80","2,989.00","2,989.00","2,895.80","2,952.00","2,950.75","2,930.60",109501,320903730.4,15875,50119.0,45.77
AMBER,EQ,25-Jun-2021,"2,973.95","2,985.00","3,030.00","2,907.00","2,933.00","2,929.80","2,955.89",199094,588499329.75,24316,60896.0,30.59
AMBER,EQ,24-Jun-2021,"2,910.95","2,945.00","3,008.00","2,925.00","2,967.00","2,973.95","2,978.65",345838,1030129411.35,33783,107830.0,31.18
AMBER,EQ,23-Jun-2021,"2,781.55","2,910.20","2,975.00","2,852.55","2,917.00","2,910.95","2,911.13",628736,1830332285.65,52250,226903.0,36.09
AMBER,EQ,22-Jun-2021,"2,720.75","2,727.00","2,787.60","2,725.00","2,784.95","2,781.55","2,766.28",76431,211429720.6,8228,50344.0,65.87
AMBER,EQ,21-Jun-2021,"2,737.05","2,702.00","2,740.00","2,694.50","2,719.30","2,720.75","2,716.62",56558,153646827.85,11259,27806.0,49.16
AMBER,EQ,18-Jun-2021,"2,764.50","2,763.00","2,784.75","2,705.80","2,737.90","2,737.05","2,733.76",68877,188293361.65,13391,37572.0,54.55
AMBER,EQ,17-Jun-2021,"2,770.10","2,770.00","2,795.90","2,750.30","2,763.00","2,764.50","2,774.04",55959,155232734.2,11214,27710.0,49.52
AMBER,EQ,16-Jun-2021,"2,785.10","2,775.00","2,785.05","2,760.05","2,772.90","2,770.10","2,768.84",55740,154335307.15,11088,37355.0,67.02
AMBER,EQ,15-Jun-2021,"2,798.95","2,810.00","2,815.00","2,781.00","2,781.50","2,785.10","2,796.44",48845,136592127.95,9404,23844.0,48.82
AMBER,EQ,14-Jun-2021,"2,787.45","2,798.00","2,808.35","2,740.00","2,801.00","2,798.95","2,782.41",67333,187347949.3,10384,29007.0,43.08
AMBER,EQ,11-Jun-2021,"2,785.15","2,787.00","2,811.45","2,765.00","2,792.50","2,787.45","2,783.66",113661,316393855.65,16935,65415.0,57.55
AMBER,EQ,10-Jun-2021,"2,789.65","2,787.90","2,879.00","2,732.10","2,770.00","2,785.15","2,823.08",227974,643589693.6,24116,113582.0,49.82
AMBER,EQ,09-Jun-2021,"2,800.55","2,804.90","2,808.95","2,773.00","2,787.90","2,789.65","2,791.80",67720,189060888.15,12901,43398.0,64.08
AMBER,EQ,08-Jun-2021,"2,802.75","2,818.00","2,822.00","2,790.05","2,801.00","2,800.55","2,803.65",47569,133366750.5,6632,26865.0,56.48
AMBER,EQ,07-Jun-2021,"2,770.85","2,790.00","2,815.00","2,761.25","2,797.25","2,802.75","2,796.99",145460,406850341.6,15087,87501.0,60.15
AMBER,EQ,04-Jun-2021,"2,788.00","2,798.00","2,800.00","2,750.00","2,771.50","2,770.85","2,771.38",59227,164140676.25,9384,35455.0,59.86
AMBER,EQ,03-Jun-2021,"2,760.20","2,781.90","2,799.90","2,742.65","2,787.00","2,788.00","2,773.96",199425,553196096.3,15173,135794.0,68.09
AMBER,EQ,02-Jun-2021,"2,713.80","2,725.00","2,783.00","2,724.25","2,762.80","2,760.20","2,759.33",138050,380926056.2,11196,102043.0,73.92
AMBER,EQ,01-Jun-2021,"2,727.75","2,727.75","2,747.65","2,700.10","2,718.00","2,713.80","2,719.12",95085,258547796.1,20469,52797.0,55.53
AMBER,EQ,31-May-2021,"2,755.80","2,785.00","2,797.45","2,720.00","2,732.00","2,727.75","2,745.09",122844,337217713.35,20044,78136.0,63.61
AMBER,EQ,28-May-2021,"2,735.85","2,749.90","2,829.10","2,741.80","2,768.80","2,755.80","2,783.25",108410,301732169.95,14266,50516.0,46.6
AMBER,EQ,27-May-2021,"2,717.70","2,750.00","2,770.00","2,712.00","2,723.00","2,735.85","2,752.55",190572,524558558.9,23388,139381.0,73.14
AMBER,EQ,26-May-2021,"2,766.25","2,790.00","2,808.95","2,683.60","2,722.00","2,717.70","2,723.93",232765,634035384.4,38589,144513.0,62.09
AMBER,EQ,25-May-2021,"2,930.10","2,961.00","2,961.00","2,739.60","2,768.75","2,766.25","2,815.70",326628,919686918.6,64704,211638.0,64.79
AMBER,EQ,24-May-2021,"3,005.30","3,039.00","3,039.00","2,921.00","2,928.95","2,930.10","2,944.30",198827,585405798.0,28333,125449.0,63.09
AMBER,EQ,21-May-2021,"2,978.00","2,975.00","3,030.00","2,939.65","3,024.50","3,005.30","2,978.73",69140,205949112.55,9221,45203.0,65.38
AMBER,EQ,20-May-2021,"2,989.50","3,000.00","3,024.00","2,972.05","2,978.00","2,978.00","2,997.74",18262,54744768.45,3221,10693.0,58.55
AMBER,EQ,19-May-2021,"2,997.70","3,000.00","3,037.95","2,980.00","2,991.00","2,989.50","3,002.34",33914,101821480.3,7208,21431.0,63.19
AMBER,EQ,18-May-2021,"2,940.95","2,964.00","3,048.00","2,945.00","3,010.00","2,997.70","3,006.04",41659,125228762.1,6564,19798.0,47.52
AMBER,EQ,17-May-2021,"2,956.30","2,957.00","2,981.00","2,924.90","2,944.60","2,940.95","2,934.43",32718,96008713.4,6205,21240.0,64.92
AMBER,EQ,14-May-2021,"2,955.70","2,962.00","2,989.00","2,927.00","2,962.90","2,956.30","2,954.62",30296,89513167.75,5198,20285.0,66.96
AMBER,EQ,12-May-2021,"2,970.70","2,990.00","3,019.95","2,945.00","2,962.00","2,955.70","2,970.92",43525,129309184.95,8666,23028.0,52.91
AMBER,EQ,11-May-2021,"3,010.45","3,010.95","3,044.00","2,923.00","2,971.40","2,970.70","2,967.53",110896,329087394.5,22280,79981.0,72.12
AMBER,EQ,10-May-2021,"3,010.95","3,010.95","3,047.45","3,010.00","3,012.00","3,010.45","3,016.40",29969,90398630.9,5364,20480.0,68.34
AMBER,EQ,07-May-2021,"3,052.35","3,090.00","3,090.00","3,005.95","3,018.80","3,010.95","3,029.04",40334,122173188.45,7787,27820.0,68.97
AMBER,EQ,06-May-2021,"3,044.20","3,051.95","3,087.40","3,045.00","3,054.30","3,052.35","3,062.04",27029,82763947.65,6540,16995.0,62.88
AMBER,EQ,05-May-2021,"3,092.85","3,075.00","3,097.25","3,030.00","3,051.95","3,044.20","3,050.83",60789,185457078.2,16281,35573.0,58.52
AMBER,EQ,04-May-2021,"3,114.30","3,145.00","3,147.95","3,086.00","3,100.00","3,092.85","3,106.91",33318,103516164.3,4988,21655.0,64.99
AMBER,EQ,03-May-2021,"3,099.30","3,090.00","3,144.30","3,051.05","3,117.00","3,114.30","3,108.87",23725,73757982.95,4230,12922.0,54.47
AMBER,EQ,30-Apr-2021,"3,167.60","3,141.00","3,189.10","3,083.00","3,105.15","3,099.30","3,115.15",66240,206347286.45,13576,42541.0,64.22
AMBER,EQ,29-Apr-2021,"3,205.50","3,239.80","3,247.00","3,137.00","3,164.95","3,167.60","3,183.47",41212,131197328.85,7101,25633.0,62.2
AMBER,EQ,28-Apr-2021,"3,200.85","3,235.00","3,274.90","3,200.00","3,202.00","3,205.50","3,242.37",42325,137233324.95,8821,23719.0,56.04
AMBER,EQ,27-Apr-2021,"3,171.45","3,199.00","3,235.40","3,170.00","3,219.00","3,200.85","3,185.48",63309,201669561.15,9868,45737.0,72.24
AMBER,EQ,26-Apr-2021,"3,226.35","3,240.00","3,299.40","3,150.00","3,180.00","3,171.45","3,243.14",94633,306907610.35,17802,65597.0,69.32
AMBER,EQ,23-Apr-2021,"3,180.20","3,180.20","3,235.60","3,180.20","3,221.00","3,226.35","3,219.00",43051,138581176.65,5990,29528.0,68.59
AMBER,EQ,22-Apr-2021,"3,178.95","3,175.00","3,250.00","3,155.05","3,182.50","3,180.20","3,183.06",107306,341560975.45,14134,77778.0,72.48
AMBER,EQ,20-Apr-2021,"3,051.05","3,094.00","3,190.00","3,081.35","3,185.10","3,178.95","3,143.16",62782,197333922.15,9576,31867.0,50.76
AMBER,EQ,19-Apr-2021,"3,147.95","3,052.00","3,096.00","3,000.00","3,045.00","3,051.05","3,053.49",66380,202690897.35,12580,35449.0,53.4
AMBER,EQ,16-Apr-2021,"3,094.30","3,100.00","3,179.90","3,074.25","3,132.00","3,147.95","3,127.94",55210,172693810.8,7750,24416.0,44.22
AMBER,EQ,15-Apr-2021,"3,190.05","3,161.00","3,189.95","3,069.00","3,094.10","3,094.30","3,109.46",40323,125382649.45,7583,23943.0,59.38
AMBER,EQ,13-Apr-2021,"3,135.40","3,120.00","3,248.65","3,120.00","3,177.00","3,190.05","3,195.64",34869,111428762.8,6365,14986.0,42.98
AMBER,EQ,12-Apr-2021,"3,262.20","3,215.00","3,229.85","3,026.55","3,137.00","3,135.40","3,121.58",89544,279518511.1,16828,46097.0,51.48
AMBER,EQ,09-Apr-2021,"3,272.60","3,290.00","3,347.55","3,240.00","3,251.00","3,262.20","3,287.70",86966,285918299.85,13668,42521.0,48.89
AMBER,EQ,08-Apr-2021,"3,199.20","3,270.40","3,312.00","3,201.65","3,276.00","3,272.60","3,269.06",122944,401910780.0,17031,82350.0,66.98
AMBER,EQ,07-Apr-2021,"3,170.10","3,175.00","3,308.85","3,161.35","3,200.00","3,199.20","3,221.59",152040,489810207.55,18229,66063.0,43.45
AMBER,EQ,06-Apr-2021,"3,220.65","3,255.00","3,269.95","3,150.00","3,173.95","3,170.10","3,186.08",73052,232749408.45,14697,49903.0,68.31
AMBER,EQ,05-Apr-2021,"3,247.55","3,247.55","3,250.95","3,134.00","3,250.95","3,220.65","3,195.54",68821,219920262.0,16469,36962.0,53.71
AMBER,EQ,01-Apr-2021,"3,315.85","3,319.00","3,389.40","3,227.00","3,250.00","3,247.55","3,305.32",95334,315109714.45,20314,51958.0,54.5
AMBER,EQ,31-Mar-2021,"3,249.15","3,293.00","3,335.00","3,262.90","3,320.00","3,315.85","3,310.68",74351,246152156.25,11008,32073.0,43.14
AMBER,EQ,30-Mar-2021,"3,075.30","3,112.00","3,295.00","3,105.00","3,290.00","3,249.15","3,197.05",73498,234976506.15,15845,37016.0,50.36
AMBER,EQ,26-Mar-2021,"3,002.80","3,100.00","3,111.90","3,025.00","3,079.90","3,075.30","3,075.18",106996,329031628.3,17880,61802.0,57.76
AMBER,EQ,25-Mar-2021,"3,177.35","3,177.30","3,177.30","2,990.00","3,030.00","3,002.80","3,041.30",156430,475750559.75,29098,95263.0,60.9
AMBER,EQ,24-Mar-2021,"3,284.40","3,280.95","3,288.85","3,160.55","3,201.00","3,177.35","3,199.09",139698,446906164.4,15092,100916.0,72.24
AMBER,EQ,23-Mar-2021,"3,335.85","3,363.00","3,383.60","3,250.00","3,270.00","3,284.40","3,291.27",123014,404872741.2,24426,88151.0,71.66
AMBER,EQ,22-Mar-2021,"3,254.20","3,275.00","3,394.00","3,236.05","3,346.00","3,335.85","3,316.90",63904,211963355.2,11062,22143.0,34.65
AMBER,EQ,19-Mar-2021,"3,268.80","3,268.80","3,288.95","3,161.00","3,250.00","3,254.20","3,242.31",75555,244972730.2,13757,36916.0,48.86
AMBER,EQ,18-Mar-2021,"3,380.15","3,440.00","3,440.00","3,230.00","3,271.00","3,268.80","3,313.36",67670,224214905.85,13398,35471.0,52.42
AMBER,EQ,17-Mar-2021,"3,435.20","3,449.00","3,450.00","3,126.00","3,388.55","3,380.15","3,372.78",94563,318940122.4,18215,45254.0,47.86
AMBER,EQ,16-Mar-2021,"3,443.75","3,460.00","3,483.95","3,414.30","3,433.45","3,435.20","3,447.77",41311,142430974.8,6850,21143.0,51.18
AMBER,EQ,15-Mar-2021,"3,412.70","3,440.00","3,494.45","3,304.10","3,432.00","3,443.75","3,424.70",59058,202255854.8,10612,22807.0,38.62
AMBER,EQ,12-Mar-2021,"3,448.80","3,465.00","3,514.45","3,380.00","3,410.00","3,412.70","3,448.70",71595,246909915.9,14893,39347.0,54.96
AMBER,EQ,10-Mar-2021,"3,513.00","3,540.00","3,550.00","3,403.05","3,460.95","3,448.80","3,481.94",126605,440830706.65,15946,86220.0,68.1
AMBER,EQ,09-Mar-2021,"3,553.05","3,620.00","3,623.30","3,489.00","3,510.00","3,513.00","3,534.70",87668,309879918.15,12767,54768.0,62.47
AMBER,EQ,08-Mar-2021,"3,450.70","3,588.00","3,649.00","3,502.65","3,567.65","3,553.05","3,568.07",163524,583464980.65,23295,51673.0,31.6
AMBER,EQ,05-Mar-2021,"3,478.60","3,500.00","3,662.00","3,395.00","3,475.00","3,450.70","3,543.29",302869,1073152175.05,40026,112898.0,37.28
AMBER,EQ,04-Mar-2021,"3,310.90","3,280.00","3,509.10","3,270.45","3,500.00","3,478.60","3,437.51",248747,855069747.9,27980,87841.0,35.31
AMBER,EQ,03-Mar-2021,"3,207.35","3,233.90","3,391.40","3,190.00","3,295.00","3,310.90","3,310.24",224720,743877374.75,33461,95506.0,42.5
AMBER,EQ,02-Mar-2021,"3,201.95","3,232.00","3,248.95","3,162.00","3,200.00","3,207.35","3,205.18",64002,205138138.6,9870,28250.0,44.14
AMBER,EQ,01-Mar-2021,"3,232.70","3,281.00","3,281.00","3,161.00","3,200.00","3,201.95","3,206.38",98156,314725613.1,17682,43243.0,44.06
AMBER,EQ,26-Feb-2021,"3,235.85","3,230.00","3,312.90","3,141.60","3,212.00","3,232.70","3,240.62",147832,479067870.05,22473,57411.0,38.84
AMBER,EQ,25-Feb-2021,"3,171.30","3,215.00","3,270.00","3,160.00","3,234.50","3,235.85","3,216.00",108720,349643920.95,11530,41254.0,37.95
AMBER,EQ,24-Feb-2021,"3,093.75","3,150.00","3,230.00","3,100.00","3,170.00","3,171.30","3,191.24",98588,314617595.55,11286,33354.0,33.83
AMBER,EQ,23-Feb-2021,"3,114.65","3,120.00","3,176.00","3,062.95","3,105.00","3,093.75","3,106.40",65246,202680426.8,12828,28016.0,42.94
AMBER,EQ,22-Feb-2021,"3,158.45","3,164.95","3,174.95","3,080.20","3,110.05","3,114.65","3,125.16",65690,205291778.1,11536,28118.0,42.8
AMBER,EQ,19-Feb-2021,"3,213.95","3,205.00","3,253.70","3,142.30","3,170.00","3,158.45","3,197.45",88991,284544196.95,12852,29947.0,33.65
AMBER,EQ,18-Feb-2021,"3,123.55","3,157.95","3,258.50","3,145.00","3,217.00","3,213.95","3,210.96",198761,638213952.7,33306,62599.0,31.49
AMBER,EQ,17-Feb-2021,"3,215.40","3,218.00","3,248.00","3,100.00","3,139.95","3,123.55","3,161.95",111039,351099627.9,14804,56276.0,50.68
AMBER,EQ,16-Feb-2021,"3,232.60","3,209.00","3,290.00","3,189.15","3,210.00","3,215.40","3,234.29",100407,324745815.0,12178,29953.0,29.83
AMBER,EQ,15-Feb-2021,"3,186.05","3,225.00","3,264.90","3,111.00","3,229.00","3,232.60","3,175.82",164835,523485543.7,21195,45302.0,27.48
AMBER,EQ,12-Feb-2021,"3,143.45","3,164.00","3,315.00","3,123.50","3,170.00","3,186.05","3,230.59",384578,1242412588.9,43296,84130.0,21.88
AMBER,EQ,11-Feb-2021,"2,962.50","2,980.00","3,194.70","2,945.05","3,144.00","3,143.45","3,087.51",504797,1558564957.3,52094,116985.0,23.17
AMBER,EQ,10-Feb-2021,"2,905.90","2,974.10","3,018.00","2,884.00","2,955.00","2,962.50","2,956.32",224306,663120221.85,26092,47598.0,21.22
AMBER,EQ,09-Feb-2021,"2,736.70","2,761.60","3,002.00","2,715.00","2,920.00","2,905.90","2,927.80",517790,1515986822.6,49035,111660.0,21.56
AMBER,EQ,08-Feb-2021,"2,705.00","2,749.90","2,771.20","2,720.00","2,743.90","2,736.70","2,742.45",61970,169949733.6,8886,20787.0,33.54
AMBER,EQ,05-Feb-2021,"2,710.20","2,727.00","2,754.00","2,690.30","2,710.00","2,705.00","2,714.00",50695,137586119.5,7753,16098.0,31.75
AMBER,EQ,04-Feb-2021,"2,748.55","2,750.00","2,754.00","2,677.00","2,710.00","2,710.20","2,705.54",72916,197276798.0,11088,32334.0,44.34
AMBER,EQ,03-Feb-2021,"2,712.50","2,749.00","2,793.65","2,680.50","2,745.10","2,748.55","2,744.11",105246,288806693.75,14612,36144.0,34.34
AMBER,EQ,02-Feb-2021,"2,624.25","2,665.00","2,747.95","2,665.00","2,702.00","2,712.50","2,718.50",202351,550090243.7,30353,81742.0,40.4
AMBER,EQ,01-Feb-2021,"2,579.75","2,619.90","2,672.00","2,580.00","2,617.00","2,624.25","2,626.64",223199,586263533.95,35828,79439.0,35.59
AMBER,EQ,29-Jan-2021,"2,545.45","2,586.70","2,598.50","2,546.00","2,565.00","2,579.75","2,577.48",76618,197481486.8,9496,35550.0,46.4
AMBER,EQ,28-Jan-2021,"2,559.60","2,549.00","2,634.00","2,482.00","2,561.00","2,545.45","2,583.54",228112,589336322.1,24989,80840.0,35.44
AMBER,EQ,27-Jan-2021,"2,514.25","2,511.00","2,594.95","2,481.45","2,560.00","2,559.60","2,551.60",226599,578189000.05,22032,129979.0,57.36
AMBER,EQ,25-Jan-2021,"2,492.15","2,500.00","2,554.00","2,401.00","2,500.00","2,514.25","2,463.58",89291,219975724.55,18038,27078.0,30.33
AMBER,EQ,22-Jan-2021,"2,505.70","2,528.40","2,553.40","2,471.20","2,493.60","2,492.15","2,505.97",63601,159381937.4,9170,20795.0,32.7
AMBER,EQ,21-Jan-2021,"2,530.45","2,549.95","2,638.95","2,491.40","2,511.00","2,505.70","2,548.10",219929,560401037.1,19377,109999.0,50.02
AMBER,EQ,20-Jan-2021,"2,563.90","2,577.25","2,577.25","2,500.00","2,525.00","2,530.45","2,536.75",89444,226897080.8,18206,42211.0,47.19
AMBER,EQ,19-Jan-2021,"2,543.10","2,577.00","2,628.60","2,543.10","2,552.00","2,563.90","2,586.43",79862,206557632.4,10386,31626.0,39.6
AMBER,EQ,18-Jan-2021,"2,605.60","2,613.00","2,615.00","2,530.00","2,545.00","2,543.10","2,556.68",109122,278990096.35,14917,56512.0,51.79
AMBER,EQ,15-Jan-2021,"2,565.85","2,597.00","2,645.00","2,580.00","2,606.00","2,605.60","2,611.13",219929,574262607.55,24193,91450.0,41.58
AMBER,EQ,14-Jan-2021,"2,497.60","2,535.00","2,590.00","2,508.05","2,577.00","2,565.85","2,561.20",172619,442111826.45,18644,37411.0,21.67
AMBER,EQ,13-Jan-2021,"2,577.40","2,585.00","2,591.00","2,471.00","2,500.00","2,497.60","2,516.57",147453,371075139.2,21085,62686.0,42.51
AMBER,EQ,12-Jan-2021,"2,599.90","2,620.00","2,647.00","2,559.65","2,565.80","2,577.40","2,596.54",141567,367583991.35,24101,60237.0,42.55
AMBER,EQ,11-Jan-2021,"2,671.15","2,600.00","2,679.00","2,579.70","2,600.00","2,599.90","2,616.81",188380,492954878.85,25492,86611.0,45.98
AMBER,EQ,08-Jan-2021,"2,710.65","2,739.00","2,743.85","2,651.00","2,675.00","2,671.15","2,686.71",179394,481980364.55,19392,51662.0,28.8
AMBER,EQ,07-Jan-2021,"2,632.15","2,700.00","2,773.95","2,661.00","2,709.00","2,710.65","2,712.02",529490,1435986621.3,51748,89263.0,16.86
AMBER,EQ,06-Jan-2021,"2,393.75","2,449.95","2,699.00","2,440.25","2,635.00","2,632.15","2,614.90",1263603,3304194348.3,143973,249329.0,19.73
AMBER,EQ,05-Jan-2021,"2,398.50","2,390.00","2,410.00","2,375.55","2,393.00","2,393.75","2,388.77",137810,329196362.05,14432,93256.0,67.67
AMBER,EQ,04-Jan-2021,"2,386.30","2,410.00","2,436.50","2,386.30","2,396.05","2,398.50","2,408.97",96510,232490011.7,9779,41335.0,42.83
AMBER,EQ,01-Jan-2021,"2,352.80","2,365.25","2,425.00","2,365.25","2,381.25","2,386.30","2,395.93",98235,235363866.15,10342,31685.0,32.25
AMBER,EQ,31-Dec-2020,"2,379.45","2,380.00","2,380.00","2,345.00","2,353.00","2,352.80","2,355.89",77714,183085876.6,12499,38582.0,49.65
AMBER,EQ,30-Dec-2020,"2,381.00","2,381.00","2,394.90","2,340.00","2,380.00","2,379.45","2,364.07",66663,157596184.95,10402,27785.0,41.68
AMBER,EQ,29-Dec-2020,"2,410.95","2,429.90","2,429.90","2,355.00","2,383.95","2,381.00","2,382.35",86736,206635626.4,19285,40685.0,46.91
AMBER,EQ,28-Dec-2022,"1,951.95","1,951.00","1,954.80","1,924.40","1,935.00","1,936.90","1,938.89",12781,24781012.75,2883,4970.0,38.89
AMBER,EQ,27-Dec-2022,"1,919.70","1,941.00","1,969.00","1,928.15","1,940.00","1,951.95","1,957.90",63150,123641218.05,5528,47102.0,74.59
AMBER,EQ,26-Dec-2022,"1,870.20","1,854.00","1,928.95","1,849.60","1,927.00","1,919.70","1,894.01",25711,48696848.9,5015,10716.0,41.68
AMBER,EQ,23-Dec-2022,"1,928.85","1,915.35","1,928.15","1,865.00","1,878.80","1,870.20","1,889.53",87346,165042816.15,10445,52776.0,60.42
AMBER,EQ,22-Dec-2022,"1,938.20","1,935.15","1,945.00","1,925.25","1,929.70","1,928.85","1,930.03",47741,92141650.8,4984,31244.0,65.44
AMBER,EQ,21-Dec-2022,"1,948.65","1,950.00","1,964.95","1,922.20","1,939.90","1,938.20","1,939.39",99567,193099269.55,9548,47642.0,47.85
AMBER,EQ,20-Dec-2022,"1,985.80","1,950.00","1,979.65","1,945.80","1,950.00","1,948.65","1,952.35",66241,129325286.25,6394,39191.0,59.16
AMBER,EQ,19-Dec-2022,"2,009.95","2,037.00","2,037.00","1,981.50","1,988.40","1,985.80","1,992.47",25335,50479310.55,4166,12555.0,49.56
AMBER,EQ,16-Dec-2022,"1,997.85","1,997.00","2,044.20","1,997.00","2,013.00","2,009.95","2,023.58",70061,141774234.65,10364,32102.0,45.82
AMBER,EQ,15-Dec-2022,"2,000.25","2,004.95","2,023.95","1,990.50","1,997.05","1,997.85","2,008.00",27762,55745994.3,4249,16512.0,59.48
AMBER,EQ,14-Dec-2022,"1,997.60","1,997.00","2,018.70","1,995.00","1,999.75","2,000.25","2,009.18",20426,41039542.8,3018,11968.0,58.59
AMBER,EQ,13-Dec-2022,"2,006.05","2,012.10","2,018.00","1,980.50","1,999.90","1,997.60","2,006.30",25834,51830667.4,4694,12628.0,48.88
AMBER,EQ,12-Dec-2022,"1,998.95","2,000.00","2,020.00","1,980.90","2,000.00","2,006.05","1,992.20",53663,106907528.7,6934,37613.0,70.09
AMBER,EQ,09-Dec-2022,"2,005.55","2,007.05","2,019.85","1,990.00","2,000.05","1,998.95","2,006.12",30063,60309836.2,4586,15511.0,51.59
AMBER,EQ,08-Dec-2022,"2,012.15","2,010.00","2,021.95","1,990.00","1,999.00","2,005.55","2,008.02",76494,153601122.45,5205,56356.0,73.67
AMBER,EQ,07-Dec-2022,"2,020.55","2,025.60","2,035.20","2,008.05","2,020.00","2,012.15","2,016.38",70263,141676558.5,4805,56189.0,79.97
AMBER,EQ,06-Dec-2022,"2,048.85","2,050.00","2,050.00","2,001.00","2,017.00","2,020.55","2,020.98",39265,79353792.25,6035,17499.0,44.57
AMBER,EQ,05-Dec-2022,"2,011.75","2,029.00","2,055.45","2,005.05","2,049.00","2,048.85","2,040.26",122074,249062388.1,7281,72365.0,59.28
AMBER,EQ,02-Dec-2022,"1,940.90","1,950.65","2,092.00","1,943.05","2,010.00","2,011.75","2,038.01",546572,1113920435.2,34601,221800.0,40.58
AMBER,EQ,01-Dec-2022,"1,924.25","1,927.00","1,964.00","1,927.00","1,939.95","1,940.90","1,948.70",188673,367666701.3,11831,150296.0,79.66
AMBER,EQ,30-Nov-2022,"1,934.25","1,935.05","1,950.50","1,920.00","1,926.25","1,924.25","1,929.79",119008,229660897.75,10743,77011.0,64.71
AMBER,EQ,29-Nov-2022,"1,969.40","1,959.00","1,959.00","1,926.35","1,940.00","1,934.25","1,938.43",130496,252957502.5,14637,68147.0,52.22
AMBER,EQ,28-Nov-2022,"1,997.75","1,994.70","2,004.75","1,965.00","1,970.00","1,969.40","1,978.47",45284,89592869.65,7510,28810.0,63.62
AMBER,EQ,25-Nov-2022,"1,993.65","1,993.65","2,019.00","1,986.05","1,994.70","1,997.75","2,002.14",42372,84834573.5,3553,30594.0,72.20
AMBER,EQ,24-Nov-2022,"1,953.20","1,963.00","2,020.00","1,955.15","1,994.80","1,993.65","1,996.65",71041,141844210.3,6125,47394.0,66.71
AMBER,EQ,23-Nov-2022,"1,986.50","1,995.00","1,995.00","1,945.60","1,953.45","1,953.20","1,957.40",102179,200004751.2,13852,57723.0,56.49
AMBER,EQ,22-Nov-2022,"2,031.70","2,041.90","2,041.90","1,980.50","1,987.00","1,986.50","1,994.46",65324,130286324.25,8041,40741.0,62.37
AMBER,EQ,21-Nov-2022,"2,026.35","2,036.50","2,058.30","2,014.05","2,039.00","2,031.70","2,036.14",16829,34266152.3,3685,8570.0,50.92
AMBER,EQ,18-Nov-2022,"2,022.10","2,025.00","2,058.15","2,000.15","2,030.00","2,026.35","2,030.30",39186,79559262.35,6598,16460.0,42.00
AMBER,EQ,17-Nov-2022,"2,008.30","2,008.30","2,042.00","1,990.10","2,025.00","2,022.10","2,008.69",55125,110729190.0,8790,32717.0,59.35
AMBER,EQ,16-Nov-2022,"2,045.05","2,050.00","2,055.25","2,001.00","2,010.05","2,008.30","2,015.93",28852,58163684.35,5193,14989.0,51.95
AMBER,EQ,15-Nov-2022,"2,044.70","2,054.00","2,054.00","2,020.25","2,041.30","2,045.05","2,039.17",14701,29977892.25,3412,6905.0,46.97
AMBER,EQ,14-Nov-2022,"2,037.35","2,040.00","2,079.00","2,031.00","2,032.00","2,044.70","2,059.79",34660,71392391.05,3991,18781.0,54.19
AMBER,EQ,11-Nov-2022,"1,999.00","2,047.00","2,047.00","2,011.50","2,040.00","2,037.35","2,035.52",29336,59713984.1,4468,15776.0,53.78
AMBER,EQ,10-Nov-2022,"2,018.75","2,018.75","2,035.00","1,974.15","2,015.00","1,999.00","2,017.15",198109,399616310.45,10571,171231.0,86.43
AMBER,EQ,09-Nov-2022,"2,013.30","2,048.00","2,048.00","2,013.00","2,015.20","2,018.75","2,019.52",33850,68360686.1,6256,21787.0,64.36
AMBER,EQ,07-Nov-2022,"2,020.35","2,030.50","2,049.00","1,985.55","2,012.35","2,013.30","2,014.69",77365,155866351.35,10144,44526.0,57.55
AMBER,EQ,04-Nov-2022,"2,019.95","2,030.05","2,034.75","2,012.55","2,021.25","2,020.35","2,020.57",60235,121708979.1,5412,41401.0,68.73
AMBER,EQ,03-Nov-2022,"2,015.65","2,017.00","2,028.95","1,971.10","2,021.00","2,019.95","2,003.09",88944,178163041.15,15553,45844.0,51.54
AMBER,EQ,02-Nov-2022,"2,061.10","2,071.45","2,071.45","2,010.00","2,018.00","2,015.65","2,029.99",57952,117641853.1,11723,30862.0,53.25
AMBER,EQ,01-Nov-2022,"2,065.05","2,075.40","2,088.70","2,055.00","2,060.00","2,061.10","2,069.16",23805,49256294.55,5465,12531.0,52.64
AMBER,EQ,31-Oct-2022,"2,073.95","2,084.35","2,095.25","2,055.00","2,066.00","2,065.05","2,073.15",25791,53468639.5,4750,10684.0,41.43
AMBER,EQ,28-Oct-2022,"2,039.35","2,049.55","2,098.20","2,043.65","2,079.00","2,073.95","2,076.97",73998,153691816.15,13181,25468.0,34.42
AMBER,EQ,27-Oct-2022,"2,052.90","2,075.00","2,079.70","1,995.55","2,041.90","2,039.35","2,024.29",100528,203497688.2,18802,48659.0,48.40
AMBER,EQ,25-Oct-2022,"2,116.85","2,118.85","2,135.00","2,047.00","2,055.20","2,052.90","2,065.79",109713,226644538.6,16433,60589.0,55.22
AMBER,EQ,24-Oct-2022,"2,149.75","2,100.00","2,153.00","2,058.00","2,135.00","2,116.85","2,102.17",42194,88698781.65,5349,19082.0,45.22
AMBER,EQ,21-Oct-2022,"2,199.05","2,209.00","2,230.30","2,130.05","2,163.95","2,149.75","2,183.92",32140,70191227.25,6115,13599.0,42.31
AMBER,EQ,20-Oct-2022,"2,234.30","2,214.00","2,233.00","2,188.15","2,199.70","2,199.05","2,209.49",183174,404721633.65,5593,163996.0,89.53
AMBER,EQ,19-Oct-2022,"2,243.60","2,250.00","2,289.45","2,210.05","2,225.60","2,234.30","2,255.57",26850,60561989.2,5309,9872.0,36.77
AMBER,EQ,18-Oct-2022,"2,222.30","2,246.40","2,283.00","2,222.85","2,246.00","2,243.60","2,248.75",21258,47803892.25,4487,5810.0,27.33
AMBER,EQ,17-Oct-2022,"2,248.35","2,230.00","2,248.45","2,212.65","2,226.50","2,222.30","2,223.02",75344,167491155.55,5912,57804.0,76.72
AMBER,EQ,14-Oct-2022,"2,277.60","2,303.80","2,310.00","2,230.05","2,243.00","2,248.35","2,267.09",37880,85877521.45,4649,21045.0,55.56
AMBER,EQ,13-Oct-2022,"2,349.55","2,340.00","2,340.95","2,269.20","2,283.95","2,277.60","2,288.51",142831,326870195.95,8296,113396.0,79.39
AMBER,EQ,12-Oct-2022,"2,277.10","2,281.10","2,388.00","2,267.00","2,349.00","2,349.55","2,305.37",281040,647900677.65,13599,198747.0,70.72
AMBER,EQ,11-Oct-2022,"2,308.45","2,323.95","2,323.95","2,258.05","2,285.00","2,277.10","2,293.39",107775,247169737.7,3937,95514.0,88.62
AMBER,EQ,10-Oct-2022,"2,347.40","2,325.00","2,342.85","2,298.00","2,304.00","2,308.45","2,314.95",156683,362713103.55,4111,141825.0,90.52
AMBER,EQ,07-Oct-2022,"2,369.35","2,373.95","2,381.95","2,325.00","2,345.15","2,347.40","2,369.88",113822,269744399.8,3983,99403.0,87.33
AMBER,EQ,06-Oct-2022,"2,381.35","2,388.00","2,397.95","2,350.00","2,373.95","2,369.35","2,381.14",21570,51361279.85,3503,11550.0,53.55
AMBER,EQ,04-Oct-2022,"2,372.95","2,400.00","2,400.00","2,365.65","2,370.00","2,381.35","2,383.58",38196,91043255.45,3832,25085.0,65.67
AMBER,EQ,03-Oct-2022,"2,363.70","2,354.70","2,399.90","2,323.00","2,383.00","2,372.95","2,379.52",82717,196826742.65,10439,24872.0,30.07
AMBER,EQ,30-Sep-2022,"2,296.85","2,300.00","2,375.00","2,252.00","2,361.95","2,363.70","2,338.23",77133,180354594.05,14191,39636.0,51.39
AMBER,EQ,29-Sep-2022,"2,248.75","2,255.00","2,305.00","2,223.15","2,305.00","2,296.85","2,276.65",38099,86738235.35,5945,18287.0,48.00
AMBER,EQ,28-Sep-2022,"2,179.05","2,151.00","2,259.90","2,142.00","2,250.05","2,248.75","2,220.81",50113,111291519.95,9986,24222.0,48.33
AMBER,EQ,27-Sep-2022,"2,200.55","2,225.00","2,225.00","2,158.75","2,190.00","2,179.05","2,182.93",49636,108351666.95,8074,21637.0,43.59
AMBER,EQ,26-Sep-2022,"2,246.05","2,225.00","2,225.50","2,190.70","2,199.00","2,200.55","2,205.02",26210,57793606.6,6656,13771.0,52.54
AMBER,EQ,23-Sep-2022,"2,279.15","2,290.00","2,295.00","2,230.10","2,240.00","2,246.05","2,263.44",24137,54632592.5,6382,10531.0,43.63
AMBER,EQ,22-Sep-2022,"2,266.40","2,272.40","2,290.00","2,252.65","2,282.30","2,279.15","2,277.86",23056,52518282.2,4233,11255.0,48.82
AMBER,EQ,21-Sep-2022,"2,241.55","2,234.80","2,288.40","2,234.80","2,268.00","2,266.40","2,266.47",37631,85289578.3,6075,18192.0,48.34
AMBER,EQ,20-Sep-2022,"2,222.20","2,245.00","2,253.10","2,225.70","2,241.00","2,241.55","2,240.80",23307,52226395.9,4363,10145.0,43.53
AMBER,EQ,19-Sep-2022,"2,275.95","2,297.95","2,297.95","2,217.90","2,229.80","2,222.20","2,237.68",47089,105370244.35,11177,23400.0,49.69
AMBER,EQ,16-Sep-2022,"2,350.45","2,358.00","2,370.00","2,251.55","2,293.40","2,275.95","2,311.24",74836,172964275.55,10431,37733.0,50.42
AMBER,EQ,15-Sep-2022,"2,318.55","2,345.00","2,365.00","2,322.40","2,352.00","2,350.45","2,343.82",75588,177164533.55,6354,46932.0,62.09
AMBER,EQ,14-Sep-2022,"2,325.55","2,303.00","2,334.70","2,300.25","2,324.90","2,318.55","2,316.06",221654,513363996.3,7760,189058.0,85.29
AMBER,EQ,13-Sep-2022,"2,319.35","2,334.95","2,390.70","2,311.05","2,320.00","2,325.55","2,350.14",124187,291856298.35,12178,48381.0,38.96
AMBER,EQ,12-Sep-2022,"2,294.05","2,317.70","2,331.90","2,296.00","2,319.00","2,319.35","2,317.03",48984,113497258.05,6118,22831.0,46.61
AMBER,EQ,09-Sep-2022,"2,300.20","2,323.95","2,355.80","2,285.00","2,290.00","2,294.05","2,314.57",96488,223328360.6,11817,39593.0,41.03
AMBER,EQ,08-Sep-2022,"2,302.80","2,316.35","2,338.10","2,286.00","2,293.90","2,300.20","2,312.19",85030,196605273.85,9922,52744.0,62.03
AMBER,EQ,07-Sep-2022,"2,285.95","2,280.00","2,316.35","2,280.00","2,300.00","2,302.80","2,300.32",38234,87950278.5,6798,18119.0,47.39
AMBER,EQ,06-Sep-2022,"2,293.55","2,300.00","2,309.90","2,278.90","2,283.00","2,285.95","2,293.07",26004,59628977.2,4711,9899.0,38.07
AMBER,EQ,05-Sep-2022,"2,252.80","2,260.00","2,307.60","2,257.95","2,299.00","2,293.55","2,290.79",61535,140963623.4,9063,26409.0,42.92
AMBER,EQ,02-Sep-2022,"2,247.15","2,270.00","2,270.00","2,236.00","2,249.20","2,252.80","2,247.93",51037,114727760.5,7051,24084.0,47.19
AMBER,EQ,01-Sep-2022,"2,264.55","2,265.00","2,269.45","2,240.00","2,250.00","2,247.15","2,252.83",51328,115633298.55,8200,26651.0,51.92
AMBER,EQ,30-Aug-2022,"2,247.95","2,278.00","2,284.15","2,251.15","2,267.00","2,264.55","2,271.05",24750,56208593.5,4058,10463.0,42.27
AMBER,EQ,29-Aug-2022,"2,281.70","2,233.30","2,264.80","2,220.75","2,245.00","2,247.95","2,245.16",39837,89440532.8,7041,20967.0,52.63
AMBER,EQ,26-Aug-2022,"2,262.05","2,271.00","2,302.00","2,255.00","2,280.00","2,281.70","2,276.44",52643,119838468.75,9115,22358.0,42.47
AMBER,EQ,25-Aug-2022,"2,277.25","2,304.00","2,307.20","2,252.20","2,262.00","2,262.05","2,275.48",56743,129117808.95,13209,25719.0,45.33
AMBER,EQ,24-Aug-2022,"2,250.10","2,251.40","2,293.40","2,229.00","2,271.00","2,277.25","2,271.43",85220,193570978.35,10793,49906.0,58.56
AMBER,EQ,23-Aug-2022,"2,243.85","2,244.95","2,285.30","2,231.45","2,251.40","2,250.10","2,256.45",45562,102808547.85,8270,14814.0,32.51
AMBER,EQ,22-Aug-2022,"2,287.40","2,286.40","2,297.95","2,204.40","2,257.90","2,243.85","2,266.51",51717,117217019.2,8028,23548.0,45.53
AMBER,EQ,19-Aug-2022,"2,304.45","2,321.50","2,331.85","2,270.00","2,286.05","2,287.40","2,300.22",41400,95229284.55,7532,20281.0,48.99
AMBER,EQ,18-Aug-2022,"2,296.30","2,307.40","2,331.50","2,295.00","2,315.05","2,304.45","2,314.43",97355,225321070.35,11651,51976.0,53.39
AMBER,EQ,17-Aug-2022,"2,307.55","2,328.90","2,328.90","2,285.00","2,295.00","2,296.30","2,304.65",46902,108092926.45,6037,26538.0,56.58
AMBER,EQ,16-Aug-2022,"2,278.40","2,299.00","2,349.00","2,290.00","2,305.00","2,307.55","2,316.86",77463,179471047.7,8493,32116.0,41.46
AMBER,EQ,12-Aug-2022,"2,271.15","2,279.00","2,305.50","2,262.45","2,278.00","2,278.40","2,286.35",78429,179316350.7,9150,27750.0,35.38
AMBER,EQ,11-Aug-2022,"2,184.55","2,211.50","2,285.00","2,192.00","2,268.00","2,271.15","2,251.96",161349,363351339.7,17210,47954.0,29.72
AMBER,EQ,10-Aug-2022,"2,272.00","2,270.20","2,300.00","2,180.00","2,184.70","2,184.55","2,213.77",238272,527478627.35,29865,145685.0,61.14
AMBER,EQ,08-Aug-2022,"2,268.00","2,270.00","2,292.70","2,251.10","2,273.00","2,272.00","2,272.46",70546,160312809.35,11005,26438.0,37.48
AMBER,EQ,05-Aug-2022,"2,382.60","2,397.00","2,397.00","2,250.05","2,265.00","2,268.00","2,302.04",197483,454612928.75,30697,94123.0,47.66
AMBER,EQ,04-Aug-2022,"2,462.45","2,474.80","2,516.75","2,325.00","2,384.00","2,382.60","2,392.85",94039,225020760.75,17782,35569.0,37.82
AMBER,EQ,03-Aug-2022,"2,495.35","2,495.00","2,580.00","2,452.35","2,468.00","2,462.45","2,511.78",90662,227723261.9,12038,39994.0,44.11
AMBER,EQ,02-Aug-2022,"2,479.85","2,475.00","2,529.35","2,471.10","2,489.20","2,495.35","2,499.50",32952,82363400.35,5996,9768.0,29.64
AMBER,EQ,01-Aug-2022,"2,493.70","2,493.70","2,515.00","2,464.05","2,474.20","2,479.85","2,484.91",31191,77506979.2,6539,11987.0,38.43
AMBER,EQ,29-Jul-2022,"2,448.10","2,450.50","2,500.00","2,449.85","2,495.00","2,493.70","2,481.81",56530,140296716.7,8201,25276.0,44.71
AMBER,EQ,28-Jul-2022,"2,369.90","2,381.75","2,459.00","2,371.00","2,455.00","2,448.10","2,419.68",66551,161031979.45,11001,30047.0,45.15
AMBER,EQ,27-Jul-2022,"2,368.20","2,351.00","2,414.00","2,326.60","2,370.00","2,369.90","2,372.81",51218,121530458.35,9177,14377.0,28.07
AMBER,EQ,26-Jul-2022,"2,427.85","2,405.00","2,428.75","2,350.00","2,362.65","2,368.20","2,379.50",36042,85762010.75,5647,11880.0,32.96
AMBER,EQ,25-Jul-2022,"2,483.90","2,451.50","2,482.65","2,403.80","2,418.00","2,427.85","2,433.54",36685,89274242.15,5281,11838.0,32.27
AMBER,EQ,22-Jul-2022,"2,520.25","2,510.00","2,520.05","2,475.00","2,480.00","2,483.90","2,492.16",29662,73922478.45,3914,10812.0,36.45
AMBER,EQ,21-Jul-2022,"2,507.80","2,507.80","2,549.00","2,483.75","2,512.10","2,520.25","2,517.14",60147,151398670.15,8097,13787.0,22.92
AMBER,EQ,20-Jul-2022,"2,492.60","2,502.00","2,564.50","2,486.50","2,495.00","2,507.80","2,528.88",114004,288302283.85,13943,27784.0,24.37
AMBER,EQ,19-Jul-2022,"2,444.30","2,439.95","2,525.30","2,410.10","2,487.00","2,492.60","2,474.44",77702,192268865.4,9252,24272.0,31.24
AMBER,EQ,18-Jul-2022,"2,381.90","2,400.00","2,528.15","2,395.00","2,439.00","2,444.30","2,461.17",117714,289714042.05,14587,30406.0,25.83
AMBER,EQ,15-Jul-2022,"2,353.00","2,379.00","2,388.75","2,353.00","2,378.75","2,381.90","2,372.28",18971,45004431.55,3220,5185.0,27.33
AMBER,EQ,14-Jul-2022,"2,406.80","2,424.00","2,438.70","2,331.10","2,353.00","2,353.00","2,392.17",29483,70528447.8,5488,12479.0,42.33
AMBER,EQ,13-Jul-2022,"2,432.70","2,470.00","2,470.00","2,400.00","2,409.00","2,406.80","2,417.47",26424,63879095.35,5550,9229.0,34.93
AMBER,EQ,12-Jul-2022,"2,444.15","2,454.65","2,487.80","2,420.00","2,431.00","2,432.70","2,463.54",52072,128281653.4,6927,22781.0,43.75
AMBER,EQ,11-Jul-2022,"2,399.35","2,399.35","2,457.00","2,370.00","2,439.95","2,444.15","2,421.18",35889,86893880.9,6153,12598.0,35.10
AMBER,EQ,08-Jul-2022,"2,426.95","2,430.00","2,470.85","2,378.45","2,387.05","2,399.35","2,414.67",69008,166631365.35,12922,24702.0,35.80
AMBER,EQ,07-Jul-2022,"2,319.30","2,320.00","2,449.00","2,314.95","2,425.00","2,426.95","2,398.84",85508,205120327.1,11713,23123.0,27.04
AMBER,EQ,06-Jul-2022,"2,336.30","2,365.70","2,366.25","2,286.55","2,325.00","2,319.30","2,326.25",22831,53110658.85,4325,5213.0,22.83
AMBER,EQ,05-Jul-2022,"2,385.70","2,365.50","2,417.35","2,316.25","2,336.30","2,336.30","2,370.07",35010,82976140.4,5513,8194.0,23.40
AMBER,EQ,04-Jul-2022,"2,337.05","2,337.00","2,396.40","2,325.25","2,375.00","2,385.70","2,366.56",42226,99930341.9,7159,14494.0,34.32
AMBER,EQ,01-Jul-2022,"2,246.65","2,251.00","2,348.20","2,251.00","2,325.00","2,337.05","2,314.87",85424,197745073.05,10782,18131.0,21.22
AMBER,EQ,30-Jun-2022,"2,354.20","2,360.00","2,384.90","2,214.05","2,238.25","2,246.65","2,261.62",142202,321606409.65,19599,44081.0,31.00
AMBER,EQ,29-Jun-2022,"2,282.85","2,260.00","2,398.20","2,260.00","2,340.00","2,354.20","2,359.06",123026,290225604.5,16575,27054.0,21.99
AMBER,EQ,28-Jun-2022,"2,239.35","2,226.00","2,295.00","2,210.00","2,292.00","2,282.85","2,272.54",53879,122442274.55,7454,11041.0,20.49
AMBER,EQ,27-Jun-2022,"2,172.80","2,204.80","2,250.00","2,202.00","2,243.00","2,239.35","2,232.46",84903,189542720.6,9207,47035.0,55.40
AMBER,EQ,24-Jun-2022,"2,115.50","2,125.00","2,186.60","2,120.20","2,166.50","2,172.80","2,159.57",53500,115536996.25,7303,12316.0,23.02
AMBER,EQ,23-Jun-2022,"2,094.50","2,100.50","2,136.00","2,085.55","2,107.65","2,115.50","2,113.64",44854,94805309.45,7145,13193.0,29.41
AMBER,EQ,22-Jun-2022,"2,094.85","2,100.00","2,143.70","2,063.25","2,082.00","2,094.50","2,105.10",66434,139850342.1,9250,15062.0,22.67
AMBER,EQ,21-Jun-2022,"2,098.85","2,115.00","2,142.35","2,075.20","2,082.00","2,094.85","2,110.79",124863,263559458.8,18308,73138.0,58.57
AMBER,EQ,20-Jun-2022,"2,058.80","2,069.10","2,135.50","2,043.00","2,115.00","2,098.85","2,087.13",109688,228933657.05,17642,31822.0,29.01
AMBER,EQ,17-Jun-2022,"2,109.05","2,090.00","2,124.90","2,040.00","2,056.80","2,058.80","2,074.15",110008,228172632.25,14493,46642.0,42.40
AMBER,EQ,16-Jun-2022,"2,197.35","2,230.00","2,264.35","2,100.00","2,107.95","2,109.05","2,150.59",112751,242481399.3,18531,35163.0,31.19
AMBER,EQ,15-Jun-2022,"2,210.70","2,215.00","2,240.00","2,185.10","2,190.10","2,197.35","2,217.00",34634,76783502.25,5337,8819.0,25.46
AMBER,EQ,14-Jun-2022,"2,227.25","2,230.00","2,245.00","2,163.60","2,214.00","2,210.70","2,211.94",101840,225263686.35,14884,27327.0,26.83
AMBER,EQ,13-Jun-2022,"2,308.25","2,260.00","2,274.65","2,212.35","2,219.00","2,227.25","2,242.01",68673,153965321.1,9413,15149.0,22.06
AMBER,EQ,10-Jun-2022,"2,326.25","2,305.00","2,379.95","2,250.20","2,289.50","2,308.25","2,294.27",248920,571090810.2,17731,101141.0,40.63
AMBER,EQ,09-Jun-2022,"2,326.40","2,320.00","2,355.00","2,155.00","2,324.00","2,326.25","2,266.84",553000,1253565217.15,48017,167090.0,30.22
AMBER,EQ,08-Jun-2022,"2,446.15","2,430.00","2,449.90","2,313.50","2,331.00","2,326.40","2,361.22",163057,385013754.1,23638,60025.0,36.81
AMBER,EQ,07-Jun-2022,"2,489.80","2,489.95","2,494.95","2,416.00","2,430.00","2,446.15","2,445.57",104671,255980409.5,15827,33388.0,31.90
AMBER,EQ,06-Jun-2022,"2,621.85","2,630.00","2,631.25","2,476.35","2,488.00","2,489.80","2,510.63",123356,309701588.45,16788,36944.0,29.95
AMBER,EQ,03-Jun-2022,"2,630.70","2,658.70","2,692.45","2,589.10","2,641.80","2,621.85","2,658.94",127845,339932211.1,7302,80198.0,62.73
AMBER,EQ,02-Jun-2022,"2,653.05","2,660.60","2,683.70","2,620.15","2,642.00","2,630.70","2,649.05",79125,209605891.75,5727,48994.0,61.92
AMBER,EQ,01-Jun-2022,"2,633.00","2,669.70","2,725.00","2,635.60","2,661.00","2,653.05","2,665.77",145478,387810320.4,14693,63794.0,43.85
AMBER,EQ,31-May-2022,"2,630.30","2,626.00","2,794.00","2,605.00","2,620.00","2,633.00","2,696.05",380223,1025099086.25,43871,147218.0,38.72
AMBER,EQ,30-May-2022,"2,546.55","2,576.60","2,653.85","2,557.60","2,612.40","2,630.30","2,608.57",121157,316046750.5,17227,34891.0,28.80
AMBER,EQ,27-May-2022,"2,521.35","2,539.75","2,648.00","2,521.50","2,535.00","2,546.55","2,588.10",120658,312274805.1,15696,22933.0,19.01
AMBER,EQ,26-May-2022,"2,484.35","2,510.00","2,587.00","2,305.95","2,480.00","2,521.35","2,431.41",227961,554267779.9,29090,47378.0,20.78
AMBER,EQ,25-May-2022,"2,571.35","2,594.40","2,594.75","2,455.55","2,481.00","2,484.35","2,510.11",88839,222995785.6,13511,20009.0,22.52
AMBER,EQ,24-May-2022,"2,628.85","2,650.00","2,657.00","2,550.00","2,562.00","2,571.35","2,593.07",57191,148300469.3,8243,12292.0,21.49
AMBER,EQ,23-May-2022,"2,717.10","2,717.10","2,737.90","2,618.00","2,620.00","2,628.85","2,648.26",151827,402077753.05,15407,35553.0,23.42
AMBER,EQ,20-May-2022,"2,421.45","2,459.95","2,748.80","2,452.45","2,711.00","2,717.10","2,636.86",589785,1555179210.85,53606,117437.0,19.91
AMBER,EQ,19-May-2022,"2,533.40","2,449.95","2,516.90","2,410.60","2,420.00","2,421.45","2,448.40",221610,542590125.25,27953,56068.0,25.30
AMBER,EQ,18-May-2022,"2,679.95","2,712.55","2,738.45","2,490.30","2,500.00","2,533.40","2,622.38",426297,1117913467.55,30359,204480.0,47.97
AMBER,EQ,17-May-2022,"2,703.60","2,698.00","2,799.40","2,563.65","2,677.00","2,679.95","2,667.10",825923,2202822322.95,90726,175732.0,21.28
AMBER,EQ,16-May-2022,"3,379.45","3,172.00","3,195.00","2,703.60","2,703.60","2,703.60","2,773.59",803373,2228223438.1,67314,330765.0,41.17
AMBER,EQ,13-May-2022,"3,188.40","3,204.35","3,450.00","3,189.50","3,371.00","3,379.45","3,326.80",63503,211261959.45,13247,16474.0,25.94
AMBER,EQ,12-May-2022,"3,339.65","3,330.00","3,389.00","3,158.00","3,170.00","3,188.40","3,252.83",54395,176937907.8,11060,14989.0,27.56
AMBER,EQ,11-May-2022,"3,470.45","3,479.95","3,500.00","3,232.25","3,320.60","3,339.65","3,361.45",74277,249678088.0,15460,33599.0,45.23
AMBER,EQ,10-May-2022,"3,577.55","3,590.00","3,684.30","3,425.40","3,440.00","3,470.45","3,513.24",64659,227162508.9,13027,24686.0,38.18
AMBER,EQ,09-May-2022,"3,725.05","3,725.05","3,725.05","3,540.50","3,571.55","3,577.55","3,615.68",38388,138798569.85,7444,12024.0,31.32
AMBER,EQ,06-May-2022,"3,815.30","3,750.00","3,849.90","3,606.55","3,725.00","3,725.05","3,726.27",131147,488688721.5,23491,47135.0,35.94
AMBER,EQ,05-May-2022,"3,691.65","3,719.00","3,849.90","3,680.05","3,849.90","3,815.30","3,788.75",114476,433720630.9,19882,39789.0,34.76
AMBER,EQ,04-May-2022,"3,915.50","3,928.00","3,968.85","3,665.50","3,681.00","3,691.65","3,849.42",182593,702876624.5,20458,103331.0,56.59
AMBER,EQ,02-May-2022,"3,709.70","3,699.45","4,025.95","3,684.90","3,920.00","3,915.50","3,927.17",462379,1815839590.2,57905,75592.0,16.35
AMBER,EQ,29-Apr-2022,"3,631.25","3,665.00","3,794.65","3,564.40","3,688.00","3,709.70","3,718.66",156101,580485927.45,18674,72087.0,46.18
AMBER,EQ,28-Apr-2022,"3,527.45","3,600.00","3,671.00","3,441.80","3,645.30","3,631.25","3,547.34",53615,190190692.3,10001,21257.0,39.65
AMBER,EQ,27-Apr-2022,"3,591.60","3,580.00","3,590.45","3,498.10","3,545.00","3,527.45","3,545.87",28476,100972073.4,3470,13585.0,47.71
AMBER,EQ,26-Apr-2022,"3,644.15","3,640.00","3,640.00","3,572.50","3,578.30","3,591.60","3,611.89",148811,537488706.4,12430,125262.0,84.18
AMBER,EQ,25-Apr-2022,"3,623.15","3,623.15","3,679.00","3,581.45","3,640.75","3,644.15","3,633.46",28310,102863276.8,5401,9754.0,34.45
AMBER,EQ,22-Apr-2022,"3,643.15","3,645.20","3,665.00","3,590.85","3,613.00","3,623.15","3,627.81",38405,139325970.15,6605,22051.0,57.42
AMBER,EQ,21-Apr-2022,"3,580.85","3,629.40","3,666.15","3,605.05","3,652.00","3,643.15","3,645.89",29058,105942305.0,5099,12637.0,43.49
AMBER,EQ,20-Apr-2022,"3,621.00","3,650.00","3,744.00","3,531.50","3,587.00","3,580.85","3,657.71",56834,207882048.7,8330,19295.0,33.95
AMBER,EQ,19-Apr-2022,"3,588.05","3,600.00","3,667.45","3,550.00","3,650.00","3,621.00","3,624.00",104568,378954167.0,9143,77305.0,73.93
AMBER,EQ,18-Apr-2022,"3,584.30","3,564.30","3,600.00","3,500.00","3,595.00","3,588.05","3,552.61",41116,146069088.55,12103,20864.0,50.74
AMBER,EQ,13-Apr-2022,"3,620.30","3,605.00","3,638.45","3,555.00","3,579.75","3,584.30","3,601.36",48606,175047638.35,10920,21716.0,44.68
AMBER,EQ,12-Apr-2022,"3,619.25","3,619.25","3,650.10","3,601.45","3,611.00","3,620.30","3,628.25",20029,72670307.55,3898,9448.0,47.17
AMBER,EQ,11-Apr-2022,"3,611.75","3,601.00","3,670.00","3,601.00","3,628.00","3,619.25","3,647.55",32363,118045741.9,7173,11174.0,34.53
AMBER,EQ,08-Apr-2022,"3,628.05","3,613.25","3,679.90","3,601.00","3,611.00","3,611.75","3,640.50",30390,110634735.45,4732,10560.0,34.75
AMBER,EQ,07-Apr-2022,"3,642.90","3,648.95","3,690.00","3,583.60","3,632.00","3,628.05","3,627.12",31368,113775443.35,6640,12877.0,41.05
AMBER,EQ,06-Apr-2022,"3,637.60","3,630.00","3,656.35","3,601.45","3,642.85","3,642.90","3,619.63",90863,328890045.55,5879,69011.0,75.95
AMBER,EQ,05-Apr-2022,"3,611.10","3,620.00","3,671.10","3,579.10","3,625.00","3,637.60","3,626.21",65377,237070622.3,7359,20683.0,31.64
AMBER,EQ,04-Apr-2022,"3,608.90","3,603.25","3,647.95","3,575.00","3,604.10","3,611.10","3,608.66",51310,185160590.9,6775,19940.0,38.86
AMBER,EQ,01-Apr-2022,"3,523.25","3,540.00","3,633.00","3,525.00","3,593.00","3,608.90","3,592.07",76384,274376783.45,8289,48483.0,63.47
AMBER,EQ,31-Mar-2022,"3,525.75","3,525.75","3,550.00","3,482.10","3,510.00","3,523.25","3,515.89",61370,215770412.8,11362,30961.0,50.45
AMBER,EQ,30-Mar-2022,"3,511.55","3,579.90","3,579.90","3,491.00","3,525.00","3,525.75","3,524.40",99425,350413084.0,18702,56996.0,57.33
AMBER,EQ,29-Mar-2022,"3,569.20","3,599.00","3,599.00","3,501.00","3,508.00","3,511.55","3,544.51",74339,263495342.4,8525,52476.0,70.59
AMBER,EQ,28-Mar-2022,"3,600.95","3,648.00","3,648.00","3,510.00","3,607.80","3,569.20","3,552.00",44368,157595352.65,8701,17677.0,39.84
AMBER,EQ,25-Mar-2022,"3,607.80","3,638.00","3,688.75","3,572.00","3,578.00","3,600.95","3,633.77",44259,160826856.35,9992,21527.0,48.64
AMBER,EQ,24-Mar-2022,"3,668.20","3,640.95","3,697.45","3,555.55","3,603.00","3,607.80","3,603.25",77116,277868121.7,14053,32099.0,41.62
AMBER,EQ,23-Mar-2022,"3,625.35","3,674.90","3,757.00","3,640.00","3,646.00","3,668.20","3,721.35",86414,321576756.6,19246,32094.0,37.14
AMBER,EQ,22-Mar-2022,"3,691.70","3,709.80","3,709.80","3,613.25","3,628.90","3,625.35","3,637.34",23893,86906889.95,5973,9203.0,38.52
AMBER,EQ,21-Mar-2022,"3,698.30","3,725.00","3,759.95","3,680.30","3,691.50","3,691.70","3,730.55",49760,185632245.4,10175,21882.0,43.98
AMBER,EQ,17-Mar-2022,"3,617.25","3,675.00","3,823.05","3,635.35","3,700.00","3,698.30","3,747.42",211024,790796175.5,15050,153497.0,72.74
AMBER,EQ,16-Mar-2022,"3,606.55","3,648.95","3,698.95","3,590.00","3,605.00","3,617.25","3,644.21",26266,95718930.85,5335,8846.0,33.68
AMBER,EQ,15-Mar-2022,"3,692.05","3,750.00","3,750.00","3,585.00","3,587.00","3,606.55","3,656.57",24770,90573334.75,5887,8354.0,33.73
AMBER,EQ,14-Mar-2022,"3,573.20","3,579.00","3,744.90","3,578.05","3,697.90","3,692.05","3,680.86",96132,353848865.0,18941,45504.0,47.33
AMBER,EQ,11-Mar-2022,"3,595.25","3,595.25","3,635.00","3,538.50","3,579.40","3,573.20","3,589.73",91844,329695475.55,3986,77131.0,83.98
AMBER,EQ,10-Mar-2022,"3,546.80","3,600.00","3,692.50","3,555.40","3,564.00","3,595.25","3,647.56",64716,236055571.8,12653,35037.0,54.14
AMBER,EQ,09-Mar-2022,"3,435.75","3,484.00","3,590.05","3,405.25","3,502.15","3,546.80","3,495.57",117102,409337988.5,12682,77306.0,66.02
AMBER,EQ,08-Mar-2022,"3,360.00","3,399.90","3,485.50","3,365.60","3,420.80","3,435.75","3,413.37",76351,260614297.2,17358,36918.0,48.35
AMBER,EQ,07-Mar-2022,"3,492.65","3,400.00","3,492.00","3,338.00","3,338.00","3,360.00","3,377.40",53656,181217873.7,10555,22666.0,42.24
AMBER,EQ,04-Mar-2022,"3,624.85","3,587.00","3,622.95","3,451.00","3,472.00","3,492.65","3,527.60",59474,209800496.35,10503,13420.0,22.56
AMBER,EQ,03-Mar-2022,"3,476.95","3,480.00","3,655.00","3,430.50","3,621.10","3,624.85","3,559.29",118566,422010468.85,16775,35046.0,29.56
AMBER,EQ,02-Mar-2022,"3,481.80","3,420.00","3,549.00","3,400.05","3,447.05","3,476.95","3,488.36",93523,326242048.55,18013,32849.0,35.12
AMBER,EQ,28-Feb-2022,"3,241.25","3,210.00","3,500.00","3,126.15","3,460.00","3,481.80","3,370.02",188983,636875551.35,33365,58536.0,30.97
AMBER,EQ,25-Feb-2022,"3,144.45","3,160.20","3,341.55","3,160.20","3,235.00","3,241.25","3,262.52",36257,118289286.3,7023,8284.0,22.85
AMBER,EQ,24-Feb-2022,"3,230.25","3,138.50","3,235.00","3,089.00","3,105.90","3,144.45","3,165.22",61505,194676713.55,15264,26830.0,43.62
AMBER,EQ,23-Feb-2022,"3,222.10","3,233.50","3,285.00","3,186.05","3,207.00","3,230.25","3,239.64",46576,150889384.25,7855,28390.0,60.95
AMBER,EQ,22-Feb-2022,"3,267.80","3,237.80","3,259.55","3,170.95","3,220.00","3,222.10","3,220.59",36184,116533762.35,8287,13124.0,36.27
AMBER,EQ,21-Feb-2022,"3,333.25","3,322.20","3,344.95","3,243.35","3,276.05","3,267.80","3,272.22",35038,114652131.65,6320,15929.0,45.46
AMBER,EQ,18-Feb-2022,"3,405.30","3,375.00","3,400.00","3,299.00","3,346.65","3,333.25","3,352.10",39876,133668160.8,6226,18103.0,45.40
AMBER,EQ,17-Feb-2022,"3,428.75","3,428.75","3,450.00","3,368.15","3,410.05","3,405.30","3,407.96",37442,127600839.6,6303,16229.0,43.34
AMBER,EQ,16-Feb-2022,"3,473.00","3,475.05","3,522.00","3,401.00","3,407.00","3,428.75","3,472.01",29442,102222865.5,4782,10844.0,36.83
AMBER,EQ,15-Feb-2022,"3,462.20","3,462.20","3,526.95","3,450.00","3,451.10","3,473.00","3,486.72",50683,176717289.35,9024,11959.0,23.60
AMBER,EQ,14-Feb-2022,"3,484.40","3,409.00","3,503.65","3,345.00","3,465.00","3,462.20","3,441.89",58221,200390395.7,12894,14284.0,24.53
AMBER,EQ,11-Feb-2022,"3,489.45","3,480.00","3,559.00","3,426.00","3,469.50","3,484.40","3,481.94",62216,216632435.75,10871,11008.0,17.69
AMBER,EQ,10-Feb-2022,"3,482.85","3,495.00","3,614.00","3,440.00","3,466.00","3,489.45","3,516.34",91729,322550079.65,14680,21979.0,23.96
AMBER,EQ,09-Feb-2022,"3,413.95","3,452.00","3,524.95","3,327.25","3,472.00","3,482.85","3,450.88",139097,480006567.9,21724,35888.0,25.80
AMBER,EQ,08-Feb-2022,"3,604.70","3,618.95","3,649.00","3,376.45","3,428.90","3,413.95","3,484.52",94582,329572896.05,12760,29321.0,31.00
AMBER,EQ,07-Feb-2022,"3,642.65","3,657.70","3,664.55","3,565.25","3,585.00","3,604.70","3,603.07",51572,185817303.0,9446,9429.0,18.28
AMBER,EQ,04-Feb-2022,"3,888.05","3,850.00","3,870.00","3,601.00","3,635.00","3,642.65","3,768.43",221684,835400645.4,28347,64847.0,29.25
AMBER,EQ,03-Feb-2022,"3,568.85","3,550.00","3,924.75","3,541.85","3,856.20","3,888.05","3,821.76",613246,2343677350.45,67955,123230.0,20.09
AMBER,EQ,02-Feb-2022,"3,502.75","3,528.10","3,625.00","3,528.10","3,560.00","3,568.85","3,574.25",57381,205094226.05,9773,12502.0,21.79
AMBER,EQ,01-Feb-2022,"3,610.05","3,651.00","3,679.00","3,482.65","3,510.00","3,502.75","3,556.39",135665,482478090.8,25907,28239.0,20.82
AMBER,EQ,31-Jan-2022,"3,190.20","3,300.00","3,650.00","3,153.60","3,621.75","3,610.05","3,503.67",467149,1636735430.05,57719,68926.0,14.75
AMBER,EQ,28-Jan-2022,"3,095.00","3,100.00","3,255.00","3,100.00","3,150.10","3,190.20","3,202.98",45992,147311242.8,9762,18079.0,39.31
AMBER,EQ,27-Jan-2022,"3,139.45","3,100.00","3,119.95","3,051.55","3,095.00","3,095.00","3,087.35",54516,168309902.95,14145,32657.0,59.90
AMBER,EQ,25-Jan-2022,"3,225.60","3,165.00","3,225.00","3,033.00","3,137.60","3,139.45","3,133.30",128623,403014835.85,24736,62705.0,48.75
AMBER,EQ,24-Jan-2022,"3,433.95","3,405.00","3,415.75","3,160.00","3,185.00","3,225.60","3,240.88",154308,500093123.2,27957,69758.0,45.21
AMBER,EQ,21-Jan-2022,"3,595.15","3,540.00","3,563.95","3,390.00","3,450.00","3,433.95","3,468.11",37679,130674892.8,7333,15431.0,40.95
AMBER,EQ,20-Jan-2022,"3,662.65","3,690.00","3,694.95","3,575.00","3,585.00","3,595.15","3,636.88",58206,211688079.4,14592,23693.0,40.71
AMBER,EQ,19-Jan-2022,"3,545.80","3,540.00","3,705.00","3,485.30","3,705.00","3,662.65","3,599.59",128332,461942946.85,13837,57079.0,44.48
AMBER,EQ,18-Jan-2022,"3,483.30","3,500.00","3,670.00","3,472.35","3,525.05","3,545.80","3,559.15",97284,346248459.05,16801,22822.0,23.46
AMBER,EQ,17-Jan-2022,"3,453.80","3,469.00","3,510.00","3,373.70","3,503.00","3,483.30","3,433.65",47669,163678848.95,7225,24532.0,51.46
AMBER,EQ,14-Jan-2022,"3,463.90","3,480.00","3,480.00","3,441.00","3,458.00","3,453.80","3,455.03",70472,243483000.35,3167,63242.0,89.74
AMBER,EQ,13-Jan-2022,"3,532.40","3,533.00","3,538.75","3,455.00","3,455.00","3,463.90","3,481.57",20889,72726474.4,5227,9146.0,43.78
AMBER,EQ,12-Jan-2022,"3,473.80","3,519.00","3,559.95","3,472.55","3,519.90","3,532.40","3,520.31",55033,193733092.65,9127,25939.0,47.13
AMBER,EQ,11-Jan-2022,"3,499.75","3,494.00","3,597.00","3,435.00","3,470.00","3,473.80","3,518.52",59448,209168727.3,13980,22431.0,37.73
AMBER,EQ,10-Jan-2022,"3,428.50","3,464.00","3,568.95","3,386.30","3,495.00","3,499.75","3,499.76",69870,244527905.45,14254,24953.0,35.71
AMBER,EQ,07-Jan-2022,"3,489.95","3,480.55","3,494.70","3,400.00","3,455.00","3,428.50","3,449.33",22419,77330442.4,5067,8567.0,38.21
AMBER,EQ,06-Jan-2022,"3,424.95","3,360.00","3,538.90","3,360.00","3,483.00","3,489.95","3,475.46",85182,296046836.65,15032,26858.0,31.53
AMBER,EQ,05-Jan-2022,"3,307.35","3,307.35","3,478.00","3,307.35","3,406.00","3,424.95","3,427.80",113693,389716473.2,15449,23316.0,20.51
AMBER,EQ,04-Jan-2022,"3,306.75","3,315.00","3,354.00","3,301.00","3,307.15","3,307.35","3,320.37",16772,55689256.55,3756,6484.0,38.66
AMBER,EQ,03-Jan-2022,"3,316.20","3,314.00","3,355.00","3,271.20","3,311.00","3,306.75","3,325.14",32611,108436052.35,6956,12004.0,36.81
AMBER,EQ,31-Dec-2021,"3,291.45","3,291.45","3,333.00","3,290.00","3,322.00","3,316.20","3,315.10",24798,82207891.9,5412,11650.0,46.98
AMBER,EQ,30-Dec-2021,"3,342.05","3,350.00","3,398.95","3,275.30","3,303.00","3,291.45","3,342.81",34657,115851594.65,6485,13171.0,38.00
AMBER,EQ,29-Dec-2021,"3,344.95","3,341.00","3,378.00","3,330.00","3,350.00","3,342.05","3,350.30",10912,36558443.0,3217,4565.0,41.83
AMBER,EQ,28-Dec-2023,"3,130.30","3,170.00","3,170.00","3,093.05","3,097.80","3,101.55","3,114.20",57477,178994619.35,8489,22879.0,39.81
AMBER,EQ,27-Dec-2023,"3,041.15","3,092.00","3,180.00","3,077.60","3,129.50","3,130.30","3,128.44",207853,650255980.45,23051,46604.0,22.42
AMBER,EQ,26-Dec-2023,"3,051.55","3,063.00","3,066.85","3,037.15","3,048.40","3,041.15","3,046.77",37869,115378088.0,5684,19055.0,50.32
AMBER,EQ,22-Dec-2023,"3,070.75","3,099.90","3,099.90","3,039.00","3,047.15","3,051.55","3,059.15",79918,244481192.6,18659,39135.0,48.97
AMBER,EQ,21-Dec-2023,"3,068.70","3,050.05","3,111.00","3,013.30","3,063.60","3,070.75","3,065.32",151292,463758406.75,28615,70314.0,46.48
AMBER,EQ,20-Dec-2023,"3,207.70","3,239.00","3,239.00","3,055.00","3,062.00","3,068.70","3,132.94",165637,518930305.35,21576,77535.0,46.81
AMBER,EQ,19-Dec-2023,"3,234.40","3,234.00","3,240.00","3,175.00","3,201.05","3,207.70","3,199.55",87218,279058488.9,9824,38203.0,43.80
AMBER,EQ,18-Dec-2023,"3,321.30","3,321.30","3,321.30","3,213.25","3,235.00","3,234.40","3,246.37",127408,413613142.75,17464,51349.0,40.30
AMBER,EQ,15-Dec-2023,"3,115.45","3,184.00","3,388.00","3,177.35","3,320.10","3,321.30","3,310.47",1039050,3439741330.65,85456,211939.0,20.40
AMBER,EQ,14-Dec-2023,"3,062.75","3,100.00","3,175.00","3,086.30","3,138.45","3,115.45","3,127.17",246379,770469289.6,18455,146007.0,59.26
AMBER,EQ,13-Dec-2023,"3,086.70","3,102.10","3,122.90","3,052.30","3,060.00","3,062.75","3,065.90",74123,227253366.65,11030,43745.0,59.02
AMBER,EQ,12-Dec-2023,"3,134.75","3,149.00","3,215.20","3,076.00","3,085.10","3,086.70","3,150.46",146869,462704665.55,16722,38771.0,26.40
AMBER,EQ,11-Dec-2023,"3,092.40","3,145.00","3,167.95","3,080.00","3,141.00","3,134.75","3,125.83",127288,397881047.6,14966,41373.0,32.50
AMBER,EQ,08-Dec-2023,"3,088.85","3,100.00","3,124.65","3,075.00","3,098.30","3,092.40","3,101.46",51760,160531683.75,8609,21240.0,41.04
AMBER,EQ,07-Dec-2023,"3,107.20","3,113.35","3,115.85","3,063.25","3,092.00","3,088.85","3,094.02",97275,300970529.4,12418,56243.0,57.82
AMBER,EQ,06-Dec-2023,"3,146.00","3,140.00","3,155.00","3,084.55","3,108.90","3,107.20","3,108.81",58518,181921431.3,8071,25008.0,42.74
AMBER,EQ,05-Dec-2023,"3,112.50","3,127.90","3,168.55","3,100.00","3,144.90","3,146.00","3,141.46",72630,228164213.5,10836,22267.0,30.66
AMBER,EQ,04-Dec-2023,"3,132.65","3,188.00","3,188.80","3,082.00","3,118.50","3,112.50","3,114.44",91601,285285931.45,14408,34131.0,37.26
AMBER,EQ,01-Dec-2023,"3,048.65","3,080.00","3,199.00","3,060.00","3,112.50","3,132.65","3,132.63",146223,458062801.3,17160,37294.0,25.50
AMBER,EQ,30-Nov-2023,"3,046.30","3,050.00","3,095.00","3,024.00","3,053.00","3,048.65","3,058.81",154797,473494388.2,24811,70057.0,45.26
AMBER,EQ,29-Nov-2023,"3,133.75","3,150.00","3,178.00","3,031.60","3,040.00","3,046.30","3,070.01",143847,441611239.75,17165,63280.0,43.99
AMBER,EQ,28-Nov-2023,"3,263.90","3,296.95","3,305.00","3,125.05","3,139.90","3,133.75","3,169.08",114577,363104136.1,15118,50076.0,43.71
AMBER,EQ,24-Nov-2023,"3,260.70","3,242.25","3,328.00","3,241.55","3,260.00","3,263.90","3,279.66",62581,205244160.6,8408,18483.0,29.53
AMBER,EQ,23-Nov-2023,"3,269.45","3,269.45","3,343.00","3,249.20","3,251.00","3,260.70","3,283.36",52362,171923511.1,8219,9387.0,17.93
AMBER,EQ,22-Nov-2023,"3,292.70","3,285.00","3,332.45","3,238.00","3,270.00","3,269.45","3,283.36",63539,208621244.2,9100,13125.0,20.66
AMBER,EQ,21-Nov-2023,"3,385.30","3,385.00","3,436.00","3,243.35","3,285.00","3,292.70","3,311.57",169443,561122308.7,21314,40475.0,23.89
AMBER,EQ,20-Nov-2023,"3,214.95","3,215.00","3,477.85","3,186.65","3,347.00","3,385.30","3,384.76",487916,1651479106.2,48800,87434.0,17.92
AMBER,EQ,17-Nov-2023,"3,272.80","3,250.00","3,267.55","3,200.00","3,200.00","3,214.95","3,227.53",79306,255962253.85,9153,24083.0,30.37
AMBER,EQ,16-Nov-2023,"3,173.45","3,179.70","3,298.00","3,131.00","3,240.00","3,272.80","3,236.89",156570,506799498.3,24919,49079.0,31.35
AMBER,EQ,15-Nov-2023,"3,095.35","3,134.95","3,188.80","3,090.05","3,142.50","3,173.45","3,136.16",84669,265535332.45,14667,32555.0,38.45
AMBER,EQ,13-Nov-2023,"3,160.15","3,162.00","3,170.00","3,055.05","3,086.60","3,095.35","3,099.73",99245,307632451.55,13144,22898.0,23.07
AMBER,EQ,12-Nov-2023,"3,051.65","3,135.00","3,190.00","3,129.95","3,175.00","3,160.15","3,152.07",31975,100787313.7,3951,10228.0,31.99
AMBER,EQ,10-Nov-2023,"3,128.25","3,128.25","3,128.25","2,970.55","3,054.00","3,051.65","3,032.60",287244,871094772.4,36784,93354.0,32.50
AMBER,EQ,09-Nov-2023,"3,335.05","3,350.00","3,362.45","3,110.00","3,136.00","3,128.25","3,219.37",162554,523320672.15,21307,51837.0,31.89
AMBER,EQ,08-Nov-2023,"3,396.65","3,372.00","3,480.00","3,302.40","3,331.00","3,335.05","3,391.83",260742,884391356.7,23426,101763.0,39.03
AMBER,EQ,07-Nov-2023,"3,348.90","3,350.00","3,430.00","3,278.05","3,390.00","3,396.65","3,369.31",322278,1085855152.75,37627,56360.0,17.49
AMBER,EQ,06-Nov-2023,"3,117.05","3,162.00","3,426.00","3,162.00","3,400.00","3,348.90","3,277.82",519816,1703860738.95,49538,139303.0,26.80
AMBER,EQ,03-Nov-2023,"2,920.45","2,928.95","3,155.00","2,923.70","3,130.00","3,117.05","3,080.46",230946,711418798.65,24807,63465.0,27.48
AMBER,EQ,02-Nov-2023,"2,919.35","2,938.40","2,964.95","2,904.05","2,920.00","2,920.45","2,927.68",23173,67843094.15,3697,6759.0,29.17
AMBER,EQ,01-Nov-2023,"2,934.20","2,920.00","2,974.00","2,876.00","2,917.50","2,919.35","2,926.40",62593,183171892.85,11232,21902.0,34.99
AMBER,EQ,31-Oct-2023,"2,986.10","2,999.95","3,008.25","2,913.25","2,927.00","2,934.20","2,972.66",60789,180705128.75,11474,30442.0,50.08
AMBER,EQ,30-Oct-2023,"2,907.30","2,907.95","3,000.00","2,883.75","2,977.00","2,986.10","2,963.58",99950,296210288.55,16622,36089.0,36.11
AMBER,EQ,27-Oct-2023,"2,938.60","2,958.90","2,976.15","2,860.25","2,915.00","2,907.30","2,905.26",109513,318163850.8,13905,40910.0,37.36
AMBER,EQ,26-Oct-2023,"2,975.25","2,946.00","2,973.55","2,882.25","2,940.00","2,938.60","2,921.06",174470,509638123.5,21392,55235.0,31.66
AMBER,EQ,25-Oct-2023,"2,793.90","2,895.25","3,009.00","2,826.05","2,960.00","2,975.25","2,948.45",870433,2566428103.6,73620,106508.0,12.24
AMBER,EQ,23-Oct-2023,"3,036.60","2,889.85","2,906.00","2,721.05","2,774.95","2,793.90","2,818.68",826190,2328764171.55,73127,427212.0,51.71
AMBER,EQ,20-Oct-2023,"2,951.30","2,959.00","3,080.00","2,959.00","3,035.00","3,036.60","3,046.27",214041,652026830.05,22953,96089.0,44.89
AMBER,EQ,19-Oct-2023,"2,980.10","2,974.70","2,997.00","2,922.10","2,959.00","2,951.30","2,962.05",43596,129133630.65,8550,17538.0,40.23
AMBER,EQ,18-Oct-2023,"2,959.05","2,970.00","3,041.20","2,930.50","2,985.00","2,980.10","2,982.18",62987,187838339.0,9052,19402.0,30.80
AMBER,EQ,17-Oct-2023,"2,937.05","2,940.00","3,001.30","2,940.00","2,957.00","2,959.05","2,974.51",32841,97685782.0,5020,11538.0,35.13
AMBER,EQ,16-Oct-2023,"2,971.65","2,962.25","2,979.00","2,925.00","2,936.00","2,937.05","2,941.50",30918,90945263.5,5256,13704.0,44.32
AMBER,EQ,13-Oct-2023,"2,988.20","2,988.20","3,009.95","2,957.05","2,973.80","2,971.65","2,988.11",43270,129295464.0,6486,14348.0,33.16
AMBER,EQ,12-Oct-2023,"2,892.80","2,901.00","3,018.00","2,887.00","2,990.05","2,988.20","2,980.97",243943,727187921.75,23141,127862.0,52.41
AMBER,EQ,11-Oct-2023,"2,840.05","2,854.30","2,902.00","2,854.30","2,883.00","2,892.80","2,884.24",63036,181811045.25,11806,32355.0,51.33
AMBER,EQ,10-Oct-2023,"2,845.20","2,857.95","2,878.95","2,803.50","2,850.00","2,840.05","2,835.68",116204,329517710.25,18099,72673.0,62.54
AMBER,EQ,09-Oct-2023,"2,920.90","2,915.00","2,915.00","2,815.55","2,839.00","2,845.20","2,836.72",87711,248811729.65,18174,36167.0,41.23
AMBER,EQ,06-Oct-2023,"2,944.10","2,944.00","2,964.70","2,895.00","2,920.00","2,920.90","2,918.77",73303,213954765.35,11402,50156.0,68.42
AMBER,EQ,05-Oct-2023,"2,900.40","2,929.35","2,989.00","2,929.30","2,948.50","2,944.10","2,956.94",70453,208325584.8,12577,34976.0,49.64
AMBER,EQ,04-Oct-2023,"2,934.15","2,921.00","2,928.35","2,857.65","2,898.50","2,900.40","2,889.45",77354,223510518.2,8835,49744.0,64.31
AMBER,EQ,03-Oct-2023,"2,976.80","2,976.80","2,986.80","2,880.00","2,923.05","2,934.15","2,920.29",83026,242459655.05,11015,43261.0,52.11
AMBER,EQ,29-Sep-2023,"2,995.85","2,993.00","3,047.70","2,956.10","2,987.85","2,976.80","2,996.12",48634,145713383.35,7475,15451.0,31.77
AMBER,EQ,28-Sep-2023,"3,053.35","3,095.95","3,095.95","2,915.00","2,983.00","2,995.85","3,022.84",47060,142254940.8,6567,17956.0,38.16
AMBER,EQ,27-Sep-2023,"2,996.15","3,015.00","3,061.00","2,942.00","3,047.00","3,053.35","3,040.95",108414,329681749.65,14731,55858.0,51.52
AMBER,EQ,26-Sep-2023,"2,966.20","2,979.90","3,033.00","2,964.05","2,991.35","2,996.15","3,006.62",115065,345956598.6,22448,64218.0,55.81
AMBER,EQ,25-Sep-2023,"2,967.30","2,981.00","2,993.90","2,951.35","2,968.00","2,966.20","2,970.89",43172,128259387.9,4477,29938.0,69.35
AMBER,EQ,22-Sep-2023,"2,929.85","2,946.50","2,986.00","2,899.85","2,970.00","2,967.30","2,954.51",88881,262599768.15,15970,24959.0,28.08
AMBER,EQ,21-Sep-2023,"2,967.65","2,982.70","2,987.15","2,920.05","2,949.00","2,929.85","2,958.13",46207,136686515.75,10015,23491.0,50.84
AMBER,EQ,20-Sep-2023,"2,972.00","2,979.95","2,995.90","2,930.05","2,963.00","2,967.65","2,966.23",69742,206870686.8,10843,24177.0,34.67
AMBER,EQ,18-Sep-2023,"2,974.60","2,980.00","3,001.50","2,949.75","3,000.00","2,972.00","2,981.14",68256,203481001.4,13916,30764.0,45.07
AMBER,EQ,15-Sep-2023,"2,871.05","2,919.95","2,998.00","2,900.05","2,976.00","2,974.60","2,963.46",150495,445986280.85,20245,46166.0,30.68
AMBER,EQ,14-Sep-2023,"2,844.55","2,859.00","2,947.00","2,850.00","2,875.00","2,871.05","2,889.06",79409,229417416.3,11706,24622.0,31.01
AMBER,EQ,13-Sep-2023,"2,893.00","2,881.15","2,924.85","2,797.35","2,849.90","2,844.55","2,858.71",68073,194601262.0,12737,23642.0,34.73
AMBER,EQ,12-Sep-2023,"3,043.25","3,067.00","3,067.00","2,880.00","2,880.00","2,893.00","2,963.77",92816,275084845.55,16444,44935.0,48.41
AMBER,EQ,11-Sep-2023,"3,028.65","3,040.00","3,065.55","3,025.75","3,031.15","3,043.25","3,042.60",45637,138855284.15,8463,21579.0,47.28
AMBER,EQ,08-Sep-2023,"3,043.35","3,069.95","3,073.80","3,014.30","3,031.00","3,028.65","3,033.13",55566,168538934.35,7765,21629.0,38.92
AMBER,EQ,07-Sep-2023,"3,005.95","3,100.00","3,149.90","3,025.00","3,040.00","3,043.35","3,071.62",294955,905988482.85,23061,52088.0,17.66
AMBER,EQ,06-Sep-2023,"3,013.25","3,027.95","3,075.00","2,993.05","3,002.00","3,005.95","3,028.51",138428,419230564.15,15992,62387.0,45.07
AMBER,EQ,05-Sep-2023,"3,030.65","3,040.50","3,075.00","2,990.60","3,017.00","3,013.25","3,043.17",186190,566607802.9,14360,123803.0,66.49
AMBER,EQ,04-Sep-2023,"2,972.20","2,994.70","3,044.30","2,975.00","3,041.00","3,030.65","3,018.09",240214,724987054.6,16546,160933.0,67.00
AMBER,EQ,01-Sep-2023,"2,899.75","2,991.00","3,091.95","2,942.25","2,975.00","2,972.20","3,006.63",505191,1518924730.65,38585,174346.0,34.51
AMBER,EQ,31-Aug-2023,"2,896.40","2,926.10","2,939.90","2,871.55","2,906.40","2,899.75","2,908.54",109391,318168470.95,11859,60415.0,55.23
AMBER,EQ,30-Aug-2023,"2,909.35","2,924.00","2,990.00","2,880.00","2,895.00","2,896.40","2,920.84",139181,406525242.05,18548,40989.0,29.45
AMBER,EQ,29-Aug-2023,"2,894.60","2,895.50","2,949.00","2,884.20","2,906.00","2,909.35","2,920.99",177673,518981150.05,18758,73810.0,41.54
AMBER,EQ,28-Aug-2023,"2,785.95","2,829.00","2,919.85","2,802.05","2,886.00","2,894.60","2,874.44",581513,1671522431.2,30778,314397.0,54.07
AMBER,EQ,25-Aug-2023,"2,800.80","2,825.05","2,923.90","2,759.35","2,787.00","2,785.95","2,830.70",567445,1606267548.3,31489,173849.0,30.64
AMBER,EQ,24-Aug-2023,"2,855.05","2,879.05","2,985.00","2,781.35","2,800.00","2,800.80","2,847.29",845018,2406012417.55,33056,609478.0,72.13
AMBER,EQ,23-Aug-2023,"2,849.15","2,864.00","2,917.90","2,840.10","2,872.00","2,855.05","2,863.61",91213,261198364.4,15144,29838.0,32.71
AMBER,EQ,22-Aug-2023,"2,874.05","2,888.40","2,922.35","2,830.80","2,846.10","2,849.15","2,885.22",286142,825581512.5,15508,205056.0,71.66
AMBER,EQ,21-Aug-2023,"2,816.10","2,840.00","2,929.00","2,831.05","2,862.00","2,874.05","2,883.47",294654,849626367.3,41735,120091.0,40.76
AMBER,EQ,18-Aug-2023,"2,837.20","2,799.70","2,987.20","2,789.00","2,840.00","2,816.10","2,869.77",467392,1341309844.35,45442,92047.0,19.69
AMBER,EQ,17-Aug-2023,"2,607.95","2,600.00","2,878.80","2,587.55","2,822.15","2,837.20","2,787.75",1238991,3454002338.25,77539,362728.0,29.28
AMBER,EQ,16-Aug-2023,"2,603.05","2,595.00","2,632.50","2,588.00","2,609.00","2,607.95","2,609.48",97540,254528898.75,14512,34295.0,35.16
AMBER,EQ,14-Aug-2023,"2,477.05","2,476.90","2,623.00","2,468.15","2,602.00","2,603.05","2,557.01",299229,765130232.25,36192,71568.0,23.92
AMBER,EQ,11-Aug-2023,"2,486.50","2,486.50","2,514.90","2,441.15","2,473.00","2,477.05","2,475.16",59735,147853844.5,10377,17549.0,29.38
AMBER,EQ,10-Aug-2023,"2,493.00","2,514.70","2,539.85","2,475.00","2,480.00","2,486.50","2,508.00",58364,146376966.0,8888,19810.0,33.94
AMBER,EQ,09-Aug-2023,"2,547.95","2,559.00","2,559.00","2,481.00","2,490.00","2,493.00","2,509.05",97691,245112079.8,14714,45923.0,47.01
AMBER,EQ,08-Aug-2023,"2,537.85","2,514.00","2,591.00","2,509.95","2,542.60","2,547.95","2,551.03",106395,271416763.25,13574,33427.0,31.42
AMBER,EQ,07-Aug-2023,"2,504.25","2,525.00","2,550.00","2,452.90","2,535.00","2,537.85","2,503.66",112904,282673314.35,13977,31519.0,27.92
AMBER,EQ,04-Aug-2023,"2,409.95","2,440.00","2,634.90","2,420.00","2,505.40","2,504.25","2,544.77",851932,2167969877.75,67938,192506.0,22.60
AMBER,EQ,03-Aug-2023,"2,359.35","2,360.00","2,450.00","2,349.50","2,405.00","2,409.95","2,420.48",179839,435297270.6,20818,52650.0,29.28
AMBER,EQ,02-Aug-2023,"2,420.50","2,435.00","2,460.00","2,336.90","2,357.00","2,359.35","2,395.98",127514,305521182.55,21440,65533.0,51.39
AMBER,EQ,01-Aug-2023,"2,434.95","2,435.00","2,444.90","2,401.55","2,430.35","2,420.50","2,418.15",108518,262413076.8,9819,61149.0,56.35
AMBER,EQ,31-Jul-2023,"2,435.00","2,450.00","2,481.00","2,392.40","2,421.95","2,434.95","2,430.35",150820,366544692.6,21240,73961.0,49.04
AMBER,EQ,28-Jul-2023,"2,451.85","2,464.60","2,483.00","2,420.00","2,441.95","2,435.00","2,450.94",175316,429689404.25,19411,76830.0,43.82
AMBER,EQ,27-Jul-2023,"2,411.50","2,397.00","2,525.95","2,356.15","2,450.15","2,451.85","2,459.46",544943,1340265352.15,49341,190953.0,35.04
AMBER,EQ,26-Jul-2023,"2,264.60","2,250.00","2,425.00","2,192.95","2,394.25","2,411.50","2,352.31",966307,2273054471.25,57969,238716.0,24.70
AMBER,EQ,25-Jul-2023,"2,246.85","2,258.80","2,295.00","2,233.25","2,266.00","2,264.60","2,273.71",171622,390218899.7,15633,82988.0,48.36
AMBER,EQ,24-Jul-2023,"2,230.70","2,249.95","2,252.75","2,215.55","2,249.00","2,246.85","2,241.86",66476,149029628.15,8330,36189.0,54.44
AMBER,EQ,21-Jul-2023,"2,197.50","2,200.00","2,235.00","2,180.00","2,234.70","2,230.70","2,218.28",77296,171464191.35,10171,39339.0,50.89
AMBER,EQ,20-Jul-2023,"2,203.45","2,209.75","2,209.80","2,171.00","2,195.00","2,197.50","2,191.28",77796,170473030.65,10066,36918.0,47.45
AMBER,EQ,19-Jul-2023,"2,214.35","2,224.70","2,230.00","2,195.00","2,202.00","2,203.45","2,206.24",45275,99887294.7,5946,19301.0,42.63
AMBER,EQ,18-Jul-2023,"2,212.40","2,222.85","2,235.00","2,201.05","2,211.05","2,214.35","2,217.78",36784,81578728.3,5030,14654.0,39.84
AMBER,EQ,17-Jul-2023,"2,217.15","2,234.00","2,234.00","2,199.80","2,213.95","2,212.40","2,217.67",47614,105592278.45,7219,20449.0,42.95
AMBER,EQ,14-Jul-2023,"2,188.05","2,199.50","2,222.75","2,192.05","2,216.00","2,217.15","2,210.88",55786,123335989.55,6640,25670.0,46.02
AMBER,EQ,13-Jul-2023,"2,230.90","2,243.65","2,244.05","2,180.05","2,190.00","2,188.05","2,204.99",75610,166719076.85,8525,39079.0,51.68
AMBER,EQ,12-Jul-2023,"2,224.90","2,239.70","2,249.00","2,213.20","2,226.00","2,230.90","2,231.07",70753,157855010.1,7654,32574.0,46.04
AMBER,EQ,11-Jul-2023,"2,188.50","2,175.05","2,241.00","2,175.00","2,219.00","2,224.90","2,217.89",203093,450437985.4,16962,113109.0,55.69
AMBER,EQ,10-Jul-2023,"2,221.85","2,243.75","2,243.75","2,175.00","2,183.85","2,188.50","2,214.74",137015,303452945.75,12638,75040.0,54.77
AMBER,EQ,07-Jul-2023,"2,279.90","2,299.70","2,299.90","2,210.25","2,225.00","2,221.85","2,238.50",155389,347838148.45,16423,64924.0,41.78
AMBER,EQ,06-Jul-2023,"2,220.25","2,234.80","2,291.00","2,226.00","2,279.05","2,279.90","2,266.82",120535,273231567.85,12589,49973.0,41.46
AMBER,EQ,05-Jul-2023,"2,241.60","2,250.60","2,251.00","2,205.00","2,223.00","2,220.25","2,222.12",73150,162548027.35,7701,23589.0,32.25
AMBER,EQ,04-Jul-2023,"2,258.05","2,280.35","2,305.05","2,233.05","2,250.00","2,241.60","2,256.72",57894,130650533.15,7126,17568.0,30.35
AMBER,EQ,03-Jul-2023,"2,256.20","2,269.00","2,293.00","2,242.00","2,261.00","2,258.05","2,265.34",113016,256020136.1,10020,36362.0,32.17
AMBER,EQ,30-Jun-2023,"2,196.45","2,208.05","2,282.45","2,173.25","2,250.00","2,256.20","2,240.58",514403,1152560553.1,33612,216750.0,42.14
AMBER,EQ,28-Jun-2023,"2,257.80","2,300.00","2,313.95","2,181.00","2,193.50","2,196.45","2,242.20",368369,825956570.95,48272,131264.0,35.63
AMBER,EQ,27-Jun-2023,"2,228.25","2,225.00","2,384.95","2,206.20","2,263.00","2,257.80","2,303.84",1146740,2641905735.95,65383,285719.0,24.92
AMBER,EQ,26-Jun-2023,"2,257.65","2,263.95","2,279.95","2,211.70","2,227.00","2,228.25","2,240.88",125964,282270577.1,13078,43409.0,34.46
AMBER,EQ,23-Jun-2023,"2,351.55","2,351.55","2,351.75","2,250.15","2,258.50","2,257.65","2,301.64",145448,334768731.45,12702,47987.0,32.99
AMBER,EQ,22-Jun-2023,"2,351.25","2,350.95","2,457.85","2,301.00","2,335.50","2,351.55","2,388.98",680223,1625036925.35,58657,143251.0,21.06
AMBER,EQ,21-Jun-2023,"2,278.25","2,298.00","2,364.95","2,281.00","2,345.00","2,351.25","2,320.11",537518,1247100269.4,36796,146387.0,27.23
AMBER,EQ,20-Jun-2023,"2,107.30","2,143.00","2,387.30","2,131.00","2,282.00","2,278.25","2,306.23",2443626,5635571486.95,140833,339567.0,13.90
AMBER,EQ,19-Jun-2023,"2,127.00","2,147.70","2,147.70","2,102.00","2,105.05","2,107.30","2,121.51",42829,90862065.55,6134,22401.0,52.30
AMBER,EQ,16-Jun-2023,"2,132.75","2,150.00","2,154.80","2,120.05","2,128.00","2,127.00","2,141.29",38944,83390318.3,5443,16387.0,42.08
AMBER,EQ,15-Jun-2023,"2,123.00","2,133.55","2,159.00","2,120.05","2,134.90","2,132.75","2,132.22",86680,184821120.8,8183,57226.0,66.02
AMBER,EQ,14-Jun-2023,"2,102.20","2,111.95","2,142.95","2,099.05","2,125.00","2,123.00","2,125.95",80720,171606433.9,8738,51344.0,63.61
AMBER,EQ,13-Jun-2023,"2,101.05","2,109.50","2,122.00","2,088.05","2,090.00","2,102.20","2,102.84",99299,208810029.55,17719,69560.0,70.05
AMBER,EQ,12-Jun-2023,"2,085.95","2,100.00","2,110.00","2,075.00","2,103.00","2,101.05","2,091.20",42227,88305028.1,7012,20776.0,49.20
AMBER,EQ,09-Jun-2023,"2,071.90","2,085.65","2,115.00","2,071.35","2,079.95","2,085.95","2,092.02",87417,182878449.55,12408,34887.0,39.91
AMBER,EQ,08-Jun-2023,"2,133.85","2,146.40","2,146.40","2,065.40","2,075.00","2,071.90","2,087.66",137066,286147572.9,14946,67874.0,49.52
AMBER,EQ,07-Jun-2023,"2,162.95","2,170.00","2,179.55","2,123.00","2,130.10","2,133.85","2,147.02",64126,137679659.55,7494,36419.0,56.79
AMBER,EQ,06-Jun-2023,"2,187.80","2,199.50","2,214.55","2,152.45","2,169.65","2,162.95","2,177.99",72486,157873486.55,8955,27504.0,37.94
AMBER,EQ,05-Jun-2023,"2,182.40","2,215.00","2,215.00","2,170.55","2,190.00","2,187.80","2,190.50",109162,239119210.35,8453,58109.0,53.23
AMBER,EQ,02-Jun-2023,"2,148.05","2,152.00","2,223.00","2,151.95","2,181.00","2,182.40","2,197.91",229920,505344049.05,21991,76440.0,33.25
AMBER,EQ,01-Jun-2023,"2,116.70","2,126.70","2,178.50","2,122.45","2,145.10","2,148.05","2,156.74",203207,438264197.45,23509,95508.0,47.00
AMBER,EQ,31-May-2023,"2,137.45","2,138.00","2,153.55","2,111.50","2,112.15","2,116.70","2,130.22",130588,278181521.15,10638,70603.0,54.07
AMBER,EQ,30-May-2023,"2,118.70","2,147.95","2,190.00","2,126.65","2,136.90","2,137.45","2,154.87",198676,428120449.2,16766,45078.0,22.69
AMBER,EQ,29-May-2023,"2,123.60","2,144.80","2,159.55","2,110.00","2,120.00","2,118.70","2,132.71",66138,141053324.5,7504,23587.0,35.66
AMBER,EQ,26-May-2023,"2,129.40","2,129.40","2,175.00","2,113.15","2,124.00","2,123.60","2,144.28",133998,287329330.6,20495,49610.0,37.02
AMBER,EQ,25-May-2023,"2,130.45","2,127.00","2,162.45","2,111.10","2,132.00","2,129.40","2,135.09",117339,250528987.2,11763,30838.0,26.28
AMBER,EQ,24-May-2023,"2,035.40","2,035.00","2,162.95","2,013.20","2,126.50","2,130.45","2,112.44",418686,884447719.65,34691,88827.0,21.22
AMBER,EQ,23-May-2023,"2,069.80","2,086.00","2,094.00","2,021.00","2,022.80","2,035.40","2,059.37",107962,222333869.85,9957,44830.0,41.52
AMBER,EQ,22-May-2023,"2,093.55","2,111.70","2,124.80","2,056.40","2,070.00","2,069.80","2,083.56",170999,356287040.05,16038,39924.0,23.35
AMBER,EQ,19-May-2023,"2,117.40","2,115.05","2,143.50","2,080.00","2,091.00","2,093.55","2,110.43",209447,442023379.25,16409,42945.0,20.50
AMBER,EQ,18-May-2023,"2,171.85","2,164.00","2,210.00","2,091.50","2,100.00","2,117.40","2,151.60",932315,2005973103.7,54450,158222.0,16.97
AMBER,EQ,17-May-2023,"1,882.20","2,170.00","2,228.90","2,056.65","2,153.15","2,171.85","2,126.75",2760603,5871106897.25,149499,728248.0,26.38
AMBER,EQ,16-May-2023,"1,849.80","1,862.00","1,947.95","1,855.00","1,880.00","1,882.20","1,922.45",345103,663442861.7,42305,122166.0,35.40
AMBER,EQ,15-May-2023,"1,816.20","1,816.20","1,862.05","1,813.50","1,840.05","1,849.80","1,845.80",45055,83162695.95,6226,22294.0,49.48
AMBER,EQ,12-May-2023,"1,818.25","1,820.15","1,827.05","1,813.00","1,820.00","1,816.20","1,819.30",70878,128948358.35,3821,57783.0,81.52
AMBER,EQ,11-May-2023,"1,826.45","1,826.45","1,835.00","1,811.05","1,818.10","1,818.25","1,820.69",18071,32901726.25,3116,8850.0,48.97
AMBER,EQ,10-May-2023,"1,809.75","1,818.80","1,834.00","1,811.05","1,822.00","1,826.45","1,824.19",28004,51084755.55,5434,12171.0,43.46
AMBER,EQ,09-May-2023,"1,845.40","1,840.00","1,847.40","1,805.70","1,811.00","1,809.75","1,823.49",50930,92870331.3,11782,30535.0,59.95
AMBER,EQ,08-May-2023,"1,865.20","1,867.05","1,885.00","1,837.05","1,843.00","1,845.40","1,850.91",23799,44049861.75,4605,12235.0,51.41
AMBER,EQ,05-May-2023,"1,871.00","1,870.00","1,880.20","1,855.95","1,870.00","1,865.20","1,863.94",57546,107262563.45,11960,33905.0,58.92
AMBER,EQ,04-May-2023,"1,844.20","1,850.60","1,884.00","1,832.00","1,874.00","1,871.00","1,858.47",36161,67204313.2,6018,17478.0,48.33
AMBER,EQ,03-May-2023,"1,885.60","1,885.60","1,885.60","1,835.20","1,844.55","1,844.20","1,852.97",46241,85682999.15,9289,20596.0,44.54
AMBER,EQ,02-May-2023,"1,868.10","1,868.05","1,899.00","1,868.00","1,883.00","1,885.60","1,888.39",39912,75369576.2,7826,20731.0,51.94
AMBER,EQ,28-Apr-2023,"1,839.05","1,839.05","1,874.60","1,805.55","1,870.00","1,868.10","1,838.31",108650,199732304.1,15205,46385.0,42.69
AMBER,EQ,27-Apr-2023,"1,831.60","1,835.00","1,850.00","1,824.00","1,832.00","1,839.05","1,835.19",17316,31778133.85,2701,8900.0,51.40
AMBER,EQ,26-Apr-2023,"1,837.15","1,837.15","1,851.05","1,820.00","1,825.00","1,831.60","1,831.89",56342,103212426.7,7533,27158.0,48.20
AMBER,EQ,25-Apr-2023,"1,859.15","1,862.80","1,862.80","1,833.50","1,836.60","1,837.15","1,847.86",15839,29268228.0,2480,9542.0,60.24
AMBER,EQ,24-Apr-2023,"1,842.45","1,864.00","1,873.45","1,838.15","1,860.00","1,859.15","1,861.50",57281,106628652.1,8402,33289.0,58.12
AMBER,EQ,21-Apr-2023,"1,854.45","1,854.45","1,870.05","1,831.30","1,847.00","1,842.45","1,851.49",36134,66901716.6,7873,20199.0,55.90
AMBER,EQ,20-Apr-2023,"1,833.50","1,835.00","1,871.25","1,828.00","1,852.60","1,854.45","1,858.36",57193,106284985.65,7824,34509.0,60.34
AMBER,EQ,19-Apr-2023,"1,856.50","1,856.50","1,867.40","1,825.00","1,833.20","1,833.50","1,849.64",60336,111599801.4,8128,38263.0,63.42
AMBER,EQ,18-Apr-2023,"1,857.80","1,859.95","1,867.50","1,841.20","1,856.85","1,856.50","1,855.89",26598,49363090.05,4802,13737.0,51.65
AMBER,EQ,17-Apr-2023,"1,865.40","1,863.95","1,867.45","1,853.00","1,859.00","1,857.80","1,858.52",14819,27541379.4,3482,7521.0,50.75
AMBER,EQ,13-Apr-2023,"1,874.45","1,890.20","1,890.20","1,856.05","1,863.95","1,865.40","1,866.81",26906,50228391.75,5642,12675.0,47.11
AMBER,EQ,12-Apr-2023,"1,885.00","1,885.00","1,886.50","1,862.00","1,880.00","1,874.45","1,873.90",17578,32939472.95,3637,7013.0,39.90
AMBER,EQ,11-Apr-2023,"1,892.35","1,892.35","1,902.05","1,875.00","1,878.40","1,885.00","1,885.66",23108,43573918.45,4362,11644.0,50.39
AMBER,EQ,10-Apr-2023,"1,884.75","1,900.00","1,908.95","1,881.35","1,888.25","1,892.35","1,893.88",19185,36334159.25,3913,8678.0,45.23
AMBER,EQ,06-Apr-2023,"1,847.50","1,857.20","1,888.50","1,848.05","1,880.00","1,884.75","1,868.24",21043,39313471.95,4627,11531.0,54.80
AMBER,EQ,05-Apr-2023,"1,845.60","1,840.00","1,865.00","1,823.00","1,850.00","1,847.50","1,842.78",107850,198744217.25,6276,89796.0,83.26
AMBER,EQ,03-Apr-2023,"1,824.60","1,826.00","1,860.00","1,825.00","1,849.00","1,845.60","1,842.82",21893,40344838.8,3732,8877.0,40.55
AMBER,EQ,31-Mar-2023,"1,823.55","1,830.00","1,837.75","1,781.10","1,822.00","1,824.60","1,809.53",77029,139386360.45,11508,35500.0,46.09
AMBER,EQ,29-Mar-2023,"1,795.70","1,780.00","1,832.70","1,780.00","1,818.00","1,823.55","1,816.82",78735,143047313.35,7680,55896.0,70.99
AMBER,EQ,28-Mar-2023,"1,790.95","1,799.95","1,805.95","1,780.00","1,780.00","1,795.70","1,789.09",61624,110250651.45,5538,38989.0,63.27
AMBER,EQ,27-Mar-2023,"1,812.10","1,812.10","1,824.65","1,762.50","1,798.00","1,790.95","1,789.94",68598,122785968.2,8717,29741.0,43.36
AMBER,EQ,24-Mar-2023,"1,871.30","1,884.00","1,884.00","1,800.00","1,805.00","1,812.10","1,838.25",52101,95774437.8,7703,25256.0,48.48
AMBER,EQ,23-Mar-2023,"1,898.65","1,898.65","1,939.55","1,863.00","1,865.50","1,871.30","1,901.41",52947,100673789.2,7959,25182.0,47.56
AMBER,EQ,22-Mar-2023,"1,868.85","1,885.00","1,904.85","1,872.00","1,900.50","1,898.65","1,891.17",66728,126194094.8,6392,43227.0,64.78
AMBER,EQ,21-Mar-2023,"1,898.40","1,907.90","1,910.15","1,865.00","1,867.00","1,868.85","1,877.92",27389,51434455.55,4363,13751.0,50.21
AMBER,EQ,20-Mar-2023,"1,918.45","1,953.00","1,953.00","1,876.00","1,893.00","1,898.40","1,906.07",80217,152899383.85,8011,53780.0,67.04
AMBER,EQ,17-Mar-2023,"1,925.25","1,940.00","1,965.00","1,901.00","1,920.00","1,918.45","1,918.86",37222,71423694.9,5620,16480.0,44.27
AMBER,EQ,16-Mar-2023,"1,933.15","1,928.00","1,931.00","1,895.10","1,930.00","1,925.25","1,920.51",46472,89249775.2,8361,26557.0,57.15
AMBER,EQ,15-Mar-2023,"1,939.60","1,945.00","1,963.30","1,917.25","1,933.50","1,933.15","1,942.33",36290,70487232.55,5439,15727.0,43.34
AMBER,EQ,14-Mar-2023,"1,978.85","1,978.85","1,981.85","1,911.05","1,940.00","1,939.60","1,942.68",67462,131057071.85,9290,21499.0,31.87
AMBER,EQ,13-Mar-2023,"1,992.75","1,997.95","2,019.00","1,960.00","1,980.00","1,978.85","1,987.40",72231,143551575.6,11168,29496.0,40.84
AMBER,EQ,10-Mar-2023,"2,017.30","2,017.30","2,024.50","1,987.00","1,990.05","1,992.75","2,003.30",52793,105760159.25,7017,20906.0,39.60
AMBER,EQ,09-Mar-2023,"2,023.05","2,040.00","2,047.45","1,992.00","2,020.00","2,017.30","2,018.06",40821,82379086.1,7145,16469.0,40.34
AMBER,EQ,08-Mar-2023,"2,030.20","2,030.00","2,060.50","1,988.20","2,025.00","2,023.05","2,035.38",149795,304890234.55,13389,77071.0,51.45
AMBER,EQ,06-Mar-2023,"2,003.50","2,044.95","2,071.95","2,011.00","2,021.05","2,030.20","2,032.98",105595,214672589.2,12600,34205.0,32.39
AMBER,EQ,03-Mar-2023,"1,951.05","1,959.70","2,087.00","1,951.10","2,004.40","2,003.50","2,034.37",337634,686873470.05,32781,98630.0,29.21
AMBER,EQ,02-Mar-2023,"1,891.20","1,898.00","1,960.00","1,890.00","1,946.90","1,951.05","1,920.41",285462,548204987.6,14354,226798.0,79.45
AMBER,EQ,01-Mar-2023,"1,885.75","1,888.00","1,903.50","1,887.05","1,888.40","1,891.20","1,897.33",32723,62086474.85,3965,20943.0,64.00
AMBER,EQ,28-Feb-2023,"1,867.85","1,853.70","1,900.00","1,850.00","1,893.00","1,885.75","1,883.18",38080,71711397.15,5388,23412.0,61.48
AMBER,EQ,27-Feb-2023,"1,888.00","1,888.00","1,900.00","1,853.80","1,863.00","1,867.85","1,872.92",43393,81271525.05,6290,25975.0,59.86
AMBER,EQ,24-Feb-2023,"1,882.55","1,883.00","1,911.00","1,880.00","1,885.00","1,888.00","1,897.57",67091,127309912.9,9187,36066.0,53.76
AMBER,EQ,23-Feb-2023,"1,894.75","1,905.70","1,914.95","1,875.00","1,882.00","1,882.55","1,893.33",42270,80031267.05,6783,18692.0,44.22
AMBER,EQ,22-Feb-2023,"1,916.35","1,918.00","1,918.00","1,880.00","1,889.00","1,894.75","1,898.68",102573,194752868.3,8830,53916.0,52.56
AMBER,EQ,21-Feb-2023,"1,855.55","1,863.00","1,922.30","1,853.00","1,919.00","1,916.35","1,892.97",171588,324811219.25,17525,97202.0,56.65
AMBER,EQ,20-Feb-2023,"1,871.85","1,895.00","1,895.00","1,847.70","1,858.75","1,855.55","1,859.47",43376,80656532.6,5076,28956.0,66.76
AMBER,EQ,17-Feb-2023,"1,876.30","1,860.30","1,885.10","1,860.15","1,879.00","1,871.85","1,870.11",17184,32135910.95,4786,7876.0,45.83
AMBER,EQ,16-Feb-2023,"1,856.75","1,864.20","1,884.50","1,860.45","1,884.50","1,876.30","1,871.57",19891,37227444.1,3726,9826.0,49.40
AMBER,EQ,15-Feb-2023,"1,878.50","1,878.50","1,878.55","1,848.50","1,857.50","1,856.75","1,856.78",26286,48807213.5,4241,12958.0,49.30
AMBER,EQ,14-Feb-2023,"1,894.55","1,898.00","1,905.15","1,871.15","1,871.15","1,878.50","1,888.65",18194,34362019.3,2505,10461.0,57.50
AMBER,EQ,13-Feb-2023,"1,907.20","1,914.70","1,945.45","1,882.10","1,893.60","1,894.55","1,908.13",42934,81923814.35,4897,18194.0,42.38
AMBER,EQ,10-Feb-2023,"1,887.30","1,881.50","1,915.95","1,881.50","1,909.80","1,907.20","1,909.79",108954,208079678.05,4032,99176.0,91.03
AMBER,EQ,09-Feb-2023,"1,887.90","1,895.45","1,895.45","1,880.95","1,890.00","1,887.30","1,889.51",12986,24537172.45,1913,6564.0,50.55
AMBER,EQ,08-Feb-2023,"1,880.70","1,900.00","1,904.45","1,871.20","1,889.00","1,887.90","1,886.71",19406,36613539.15,2844,5906.0,30.43
AMBER,EQ,07-Feb-2023,"1,906.15","1,913.80","1,913.80","1,872.20","1,884.50","1,880.70","1,895.42",37109,70337031.45,3076,28966.0,78.06
AMBER,EQ,06-Feb-2023,"1,899.40","1,907.00","1,923.95","1,901.15","1,905.35","1,906.15","1,908.57",27584,52645906.15,2114,20480.0,74.25
AMBER,EQ,03-Feb-2023,"1,889.50","1,898.90","1,907.00","1,880.00","1,900.00","1,899.40","1,897.82",33735,64022881.7,5631,21275.0,63.07
AMBER,EQ,02-Feb-2023,"1,879.20","1,880.00","1,933.30","1,879.25","1,886.10","1,889.50","1,909.05",139465,266245824.6,8674,121849.0,87.37
AMBER,EQ,01-Feb-2023,"1,912.25","1,911.00","1,936.60","1,858.00","1,877.10","1,879.20","1,906.45",145392,277182071.45,10306,109075.0,75.02
AMBER,EQ,31-Jan-2023,"1,909.05","1,918.60","1,922.95","1,903.00","1,908.80","1,912.25","1,913.55",161349,308749406.85,11984,136885.0,84.84
AMBER,EQ,30-Jan-2023,"1,931.35","1,936.00","1,939.00","1,890.55","1,935.20","1,909.05","1,900.81",158083,300486022.05,7207,134552.0,85.11
AMBER,EQ,27-Jan-2023,"2,023.25","2,032.90","2,032.90","1,915.20","1,936.00","1,931.35","1,953.12",113982,222620280.65,9044,75780.0,66.48
AMBER,EQ,25-Jan-2023,"2,043.05","2,022.00","2,073.25","1,992.80","2,010.00","2,023.25","2,030.96",84241,171090271.1,12674,35339.0,41.95
AMBER,EQ,24-Jan-2023,"1,964.20","1,960.25","2,065.00","1,917.20","2,012.25","2,043.05","2,002.90",309100,619097391.2,30870,148674.0,48.10
AMBER,EQ,23-Jan-2023,"1,918.70","1,925.00","1,970.30","1,910.00","1,970.30","1,964.20","1,951.94",61236,119528958.25,10150,31818.0,51.96
AMBER,EQ,20-Jan-2023,"1,869.75","1,875.00","1,950.00","1,868.55","1,914.00","1,918.70","1,921.22",71097,136592663.25,10496,26764.0,37.64
AMBER,EQ,19-Jan-2023,"1,858.30","1,858.30","1,888.75","1,843.00","1,873.55","1,869.75","1,853.64",150312,278624494.15,6119,134527.0,89.50
AMBER,EQ,18-Jan-2023,"1,867.15","1,867.15","1,874.75","1,854.20","1,870.00","1,858.30","1,869.10",33189,62033527.35,2944,26714.0,80.49
AMBER,EQ,17-Jan-2023,"1,864.50","1,855.25","1,874.40","1,855.25","1,859.05","1,867.15","1,867.10",40806,76188836.8,2382,35254.0,86.39
AMBER,EQ,16-Jan-2023,"1,869.05","1,875.05","1,878.15","1,858.30","1,867.90","1,864.50","1,866.65",12436,23213711.1,2772,5599.0,45.02
AMBER,EQ,13-Jan-2023,"1,875.05","1,875.20","1,889.90","1,860.00","1,869.60","1,869.05","1,870.76",20202,37793024.5,3920,6973.0,34.52
AMBER,EQ,12-Jan-2023,"1,876.30","1,876.30","1,897.95","1,869.50","1,873.75","1,875.05","1,881.31",16156,30394366.2,4169,7537.0,46.65
AMBER,EQ,11-Jan-2023,"1,901.35","1,910.80","1,910.80","1,869.95","1,871.00","1,876.30","1,888.19",29209,55152090.35,4688,17140.0,58.68
AMBER,EQ,10-Jan-2023,"1,887.45","1,890.00","1,919.80","1,877.10","1,887.00","1,901.35","1,892.63",19816,37504268.45,3896,8595.0,43.37
AMBER,EQ,09-Jan-2023,"1,904.45","1,914.00","1,923.35","1,880.05","1,890.00","1,887.45","1,899.16",17038,32357945.9,3586,8713.0,51.14
AMBER,EQ,06-Jan-2023,"1,925.35","1,910.00","1,948.80","1,894.85","1,900.00","1,904.45","1,920.31",26405,50705912.65,4501,10782.0,40.83
AMBER,EQ,05-Jan-2023,"1,860.25","1,878.10","1,946.95","1,856.00","1,920.00","1,925.35","1,896.72",70368,133468686.85,11493,32305.0,45.91
AMBER,EQ,04-Jan-2023,"1,872.60","1,883.70","1,883.70","1,854.20","1,870.10","1,860.25","1,861.13",35022,65180395.15,4089,25408.0,72.55
AMBER,EQ,03-Jan-2023,"1,879.30","1,879.30","1,885.90","1,870.70","1,871.40","1,872.60","1,874.14",94444,177001347.7,5822,82600.0,87.46
AMBER,EQ,02-Jan-2023,"1,891.30","1,897.00","1,897.65","1,871.00","1,880.00","1,879.30","1,883.39",19859,37402284.2,4564,12023.0,60.54
AMBER,EQ,30-Dec-2022,"1,902.15","1,904.00","1,928.10","1,885.00","1,891.15","1,891.30","1,903.20",27121,51616769.25,4174,13430.0,49.52
AMBER,EQ,29-Dec-2022,"1,936.90","1,936.85","1,936.85","1,900.00","1,901.70","1,902.15","1,914.66",44377,84967021.55,5999,29929.0,67.44
AMBER,EQ,27-Dec-2024,"7,867.70","7,780.00","7,818.75","7,383.00","7,404.00","7,442.95","7,612.36",1814840,13815217278.75,222251,189833.0,10.46
AMBER,EQ,26-Dec-2024,"7,249.90","7,249.90","7,977.00","7,192.00","7,719.00","7,867.70","7,617.29",3615197,27538002946.05,342012,219244.0,6.06
AMBER,EQ,24-Dec-2024,"6,907.80","6,829.75","7,498.70","6,775.95","7,262.00","7,249.90","7,224.44",5193517,37520277777.6,470051,397416.0,7.65
AMBER,EQ,23-Dec-2024,"6,122.90","6,185.00","6,994.40","6,102.75","6,821.25","6,907.80","6,697.09",3246014,21738854651.05,296323,409763.0,12.62
AMBER,EQ,20-Dec-2024,"6,093.40","6,200.00","6,211.45","6,089.00","6,100.00","6,122.90","6,136.64",475681,2919080955.65,46822,195086.0,41.01
AMBER,EQ,19-Dec-2024,"5,999.60","5,903.35","6,189.00","5,875.00","6,070.75","6,093.40","6,067.64",555348,3369653535.45,71630,227322.0,40.93
AMBER,EQ,18-Dec-2024,"6,005.65","6,005.00","6,035.00","5,927.00","6,007.90","5,999.60","6,003.13",235087,1411257391.85,31434,90819.0,38.63
AMBER,EQ,17-Dec-2024,"5,991.50","6,080.00","6,143.95","5,967.25","6,000.00","6,005.65","6,047.26",387360,2342464869.4,47905,127063.0,32.80
AMBER,EQ,16-Dec-2024,"5,787.35","5,790.00","6,106.00","5,780.00","5,980.00","5,991.50","5,994.10",631616,3785966873.6,72147,144181.0,22.83
AMBER,EQ,13-Dec-2024,"5,737.45","5,737.45","5,809.75","5,647.40","5,797.35","5,787.35","5,746.85",275999,1586123522.65,40393,84830.0,30.74
AMBER,EQ,12-Dec-2024,"5,793.15","5,821.50","5,821.50","5,715.00","5,722.00","5,737.45","5,749.93",173299,996457936.5,22625,76534.0,44.16
AMBER,EQ,11-Dec-2024,"5,723.90","5,748.00","5,804.00","5,715.00","5,781.65","5,793.15","5,771.08",169034,975508383.65,24999,41871.0,24.77
AMBER,EQ,10-Dec-2024,"5,793.45","5,804.30","5,824.25","5,702.10","5,712.00","5,723.90","5,741.99",316932,1819820603.3,38200,143277.0,45.21
AMBER,EQ,09-Dec-2024,"5,806.45","5,807.50","5,840.00","5,750.55","5,775.00","5,793.45","5,795.22",233967,1355890002.1,33331,79006.0,33.77
AMBER,EQ,06-Dec-2024,"5,819.40","5,868.10","5,898.50","5,779.00","5,825.00","5,806.45","5,828.16",422477,2462263972.2,40880,192316.0,45.52
AMBER,EQ,05-Dec-2024,"6,013.75","6,047.65","6,047.70","5,783.50","5,833.00","5,819.40","5,901.04",407095,2402285502.55,52866,186168.0,45.73
AMBER,EQ,04-Dec-2024,"6,017.70","6,065.40","6,065.40","5,981.55","6,010.00","6,013.75","6,013.41",166310,1000090811.05,23214,44085.0,26.51
AMBER,EQ,03-Dec-2024,"6,051.05","6,130.00","6,137.70","5,990.55","6,020.20","6,017.70","6,040.62",275699,1665391814.5,33936,89503.0,32.46
AMBER,EQ,02-Dec-2024,"6,064.95","6,100.00","6,266.20","6,022.25","6,050.65","6,051.05","6,124.13",455594,2790119133.2,50526,123452.0,27.10
AMBER,EQ,29-Nov-2024,"5,992.25","6,020.00","6,096.00","5,960.00","6,075.00","6,064.95","6,035.55",435645,2629358415.9,46817,112763.0,25.88
AMBER,EQ,28-Nov-2024,"6,477.30","6,410.05","6,460.30","5,961.25","5,985.00","5,992.25","6,140.75",923520,5671102464.1,120135,287566.0,31.14
AMBER,EQ,27-Nov-2024,"6,445.50","6,495.50","6,535.00","6,430.05","6,469.00","6,477.30","6,479.72",148185,960198040.35,22313,23474.0,15.84
AMBER,EQ,26-Nov-2024,"6,534.95","6,554.95","6,599.40","6,407.45","6,450.05","6,445.50","6,512.34",265129,1726609434.95,35360,55646.0,20.99
AMBER,EQ,25-Nov-2024,"6,483.10","6,625.00","6,786.40","6,466.00","6,515.00","6,534.95","6,638.51",662302,4396698036.0,76383,108304.0,16.35
AMBER,EQ,22-Nov-2024,"6,542.60","6,548.00","6,570.85","6,315.05","6,466.00","6,483.10","6,450.18",518181,3342359323.55,63727,102249.0,19.73
AMBER,EQ,21-Nov-2024,"6,168.95","6,221.95","6,679.50","6,199.20","6,532.00","6,542.60","6,530.69",1996325,13037384722.85,201866,235687.0,11.81
AMBER,EQ,19-Nov-2024,"6,209.00","6,219.90","6,425.00","6,131.00","6,140.15","6,168.95","6,287.39",452758,2846667423.2,62736,89431.0,19.75
AMBER,EQ,18-Nov-2024,"6,119.55","6,119.00","6,378.90","6,090.05","6,176.00","6,209.00","6,252.12",362967,2269313122.7,53466,80864.0,22.28
AMBER,EQ,14-Nov-2024,"6,086.95","6,125.00","6,185.05","6,055.15","6,086.00","6,119.55","6,122.62",171704,1051278967.1,27720,35390.0,20.61
AMBER,EQ,13-Nov-2024,"6,135.35","6,135.35","6,175.00","5,962.25","6,100.00","6,086.95","6,087.59",301560,1835775071.8,38110,72977.0,24.20
AMBER,EQ,12-Nov-2024,"6,047.75","6,092.80","6,289.80","6,072.15","6,120.00","6,135.35","6,169.16",358393,2210984902.55,42997,96626.0,26.96
AMBER,EQ,11-Nov-2024,"6,154.05","6,125.00","6,150.00","5,870.00","6,057.00","6,047.75","6,078.54",212267,1290273661.5,29889,52281.0,24.63
AMBER,EQ,08-Nov-2024,"6,222.10","6,225.00","6,264.00","6,069.50","6,138.00","6,154.05","6,213.51",297211,1846723580.25,36371,104296.0,35.09
AMBER,EQ,07-Nov-2024,"6,228.70","6,272.75","6,333.00","6,163.75","6,225.00","6,222.10","6,243.94",536559,3350244157.15,66772,172548.0,32.16
AMBER,EQ,06-Nov-2024,"6,063.10","6,143.70","6,297.00","6,034.10","6,231.00","6,228.70","6,161.87",762450,4698116604.2,90725,255340.0,33.49
AMBER,EQ,05-Nov-2024,"5,990.65","6,009.95","6,195.25","5,992.05","6,047.85","6,063.10","6,080.93",535685,3257461049.3,58798,95667.0,17.86
AMBER,EQ,04-Nov-2024,"6,160.95","6,130.05","6,340.00","5,950.00","5,979.00","5,990.65","6,053.04",572988,3468321251.5,63383,100677.0,17.57
AMBER,EQ,01-Nov-2024,"6,040.25","6,045.25","6,293.60","6,045.25","6,119.00","6,160.95","6,191.27",154446,956217108.75,17703,24718.0,16.00
AMBER,EQ,31-Oct-2024,"6,050.65","6,041.00","6,055.95","5,950.00","6,030.00","6,040.25","6,007.80",406218,2440476886.0,46676,78584.0,19.35
AMBER,EQ,30-Oct-2024,"6,280.55","6,279.00","6,279.00","5,950.00","6,039.70","6,050.65","6,089.10",779342,4745493662.8,92488,102938.0,13.21
AMBER,EQ,29-Oct-2024,"6,235.65","6,200.15","6,338.40","6,155.65","6,265.15","6,280.55","6,274.26",674583,4232506186.7,73235,50520.0,7.49
AMBER,EQ,28-Oct-2024,"6,171.20","6,229.40","6,368.60","6,033.70","6,210.10","6,235.65","6,237.35",1139748,7109003119.05,150882,81199.0,7.12
AMBER,EQ,25-Oct-2024,"6,255.20","6,401.00","6,550.00","5,910.00","6,117.00","6,171.20","6,131.15",2317963,14211774729.0,259028,282355.0,12.18
AMBER,EQ,24-Oct-2024,"6,408.05","6,276.80","7,159.00","6,148.05","6,264.90","6,255.20","6,622.86",5659630,37482927234.45,561722,407476.0,7.20
AMBER,EQ,23-Oct-2024,"5,692.45","5,772.20","6,788.30","5,763.00","6,320.00","6,408.05","6,301.77",3362041,21186802000.9,351185,248372.0,7.39
AMBER,EQ,22-Oct-2024,"6,344.45","6,430.00","6,430.00","5,493.10","5,642.00","5,692.45","5,773.57",2606090,15046440738.15,245471,169109.0,6.49
AMBER,EQ,21-Oct-2024,"5,403.55","5,420.10","6,484.25","5,420.10","6,484.25","6,344.45","6,040.39",4610496,27849176415.7,341546,268511.0,5.82
AMBER,EQ,18-Oct-2024,"5,482.80","5,450.05","5,512.30","5,345.00","5,380.05","5,403.55","5,408.77",256476,1387218911.1,36253,100496.0,39.18
AMBER,EQ,17-Oct-2024,"5,491.65","5,480.10","5,567.00","5,367.95","5,473.00","5,482.80","5,478.40",497367,2724776086.2,58199,59333.0,11.93
AMBER,EQ,16-Oct-2024,"5,166.80","5,190.95","5,665.95","5,163.90","5,468.00","5,491.65","5,503.12",1596995,8788452152.15,153867,191615.0,12.00
AMBER,EQ,15-Oct-2024,"5,145.40","5,168.35","5,222.95","5,052.05","5,153.00","5,166.80","5,126.57",187088,959120105.15,26450,51453.0,27.50
AMBER,EQ,14-Oct-2024,"5,019.85","5,048.90","5,298.00","5,035.00","5,136.15","5,145.40","5,195.66",774480,4023936338.8,87358,143601.0,18.54
AMBER,EQ,11-Oct-2024,"5,117.10","5,122.50","5,122.50","5,005.00","5,010.10","5,019.85","5,052.44",104333,527135905.8,17540,38073.0,36.49
AMBER,EQ,10-Oct-2024,"5,154.05","5,209.85","5,223.25","5,087.85","5,101.50","5,117.10","5,143.48",192192,988536260.2,34377,56320.0,29.30
AMBER,EQ,09-Oct-2024,"5,064.80","5,095.00","5,189.00","5,050.00","5,136.00","5,154.05","5,132.20",269085,1380997157.8,42663,66820.0,24.83
AMBER,EQ,08-Oct-2024,"4,931.30","4,940.00","5,140.00","4,920.15","5,052.00","5,064.80","5,055.31",444498,2247074284.95,53842,75010.0,16.88
AMBER,EQ,07-Oct-2024,"4,918.90","4,921.20","5,051.00","4,800.00","4,905.90","4,931.30","4,928.52",344865,1699675317.05,48830,86358.0,25.04
AMBER,EQ,04-Oct-2024,"5,163.85","5,159.95","5,159.95","4,890.00","4,902.00","4,918.90","5,021.30",376874,1892396067.7,57185,60214.0,15.98
AMBER,EQ,03-Oct-2024,"4,845.70","4,810.00","5,235.00","4,703.80","5,155.00","5,163.85","5,090.01",1698043,8643058129.7,170965,260236.0,15.33
AMBER,EQ,01-Oct-2024,"4,809.10","4,800.00","4,910.00","4,742.40","4,827.50","4,845.70","4,843.35",267172,1294008674.2,37091,52706.0,19.73
AMBER,EQ,30-Sep-2024,"4,658.75","4,632.05","4,848.55","4,580.00","4,800.00","4,809.10","4,723.84",368403,1740276621.25,42758,93082.0,25.27
AMBER,EQ,27-Sep-2024,"4,667.85","4,693.05","4,746.55","4,536.05","4,619.00","4,658.75","4,649.15",395841,1840325920.15,54885,108482.0,27.41
AMBER,EQ,26-Sep-2024,"4,806.50","4,850.00","4,866.15","4,630.15","4,693.05","4,667.85","4,734.64",350885,1661313486.5,46304,74918.0,21.35
AMBER,EQ,25-Sep-2024,"4,723.05","4,775.00","4,911.95","4,635.00","4,818.00","4,806.50","4,773.04",1189676,5678374087.9,127170,121174.0,10.19
AMBER,EQ,24-Sep-2024,"4,994.65","4,970.00","5,361.15","4,680.00","4,740.50","4,723.05","5,045.55",3055636,15417376421.05,300529,379658.0,12.42
AMBER,EQ,23-Sep-2024,"4,347.55","4,420.00","5,187.95","4,382.35","4,924.00","4,994.65","4,894.12",3005187,14707735759.25,249517,330444.0,11.00
AMBER,EQ,20-Sep-2024,"4,390.00","4,389.95","4,400.00","4,320.05","4,346.80","4,347.55","4,352.63",51727,225148574.35,13624,25634.0,49.56
AMBER,EQ,19-Sep-2024,"4,458.35","4,490.00","4,490.00","4,266.10","4,377.95","4,390.00","4,348.27",104348,453733329.35,22611,51694.0,49.54
AMBER,EQ,18-Sep-2024,"4,507.55","4,544.55","4,544.55","4,435.00","4,444.00","4,458.35","4,470.96",31680,141639985.6,8549,15753.0,49.73
AMBER,EQ,17-Sep-2024,"4,558.75","4,575.00","4,575.00","4,481.00","4,512.75","4,507.55","4,509.27",44864,202304013.05,11347,19785.0,44.10
AMBER,EQ,16-Sep-2024,"4,645.20","4,654.00","4,654.00","4,510.00","4,550.00","4,558.75","4,545.11",73939,336060920.85,13548,34988.0,47.32
AMBER,EQ,13-Sep-2024,"4,501.70","4,590.00","4,662.10","4,534.75","4,610.05","4,645.20","4,622.44",160695,742803040.2,24479,75906.0,47.24
AMBER,EQ,12-Sep-2024,"4,420.45","4,446.95","4,525.35","4,410.60","4,514.90","4,501.70","4,470.64",64417,287985365.0,14231,31294.0,48.58
AMBER,EQ,11-Sep-2024,"4,465.25","4,400.00","4,448.70","4,384.50","4,402.50","4,420.45","4,417.97",47573,210175966.4,9885,21234.0,44.63
AMBER,EQ,10-Sep-2024,"4,532.05","4,500.00","4,517.45","4,441.00","4,445.00","4,465.25","4,474.27",59121,264523154.05,10957,25845.0,43.72
AMBER,EQ,09-Sep-2024,"4,514.40","4,490.00","4,543.30","4,378.05","4,506.35","4,532.05","4,482.40",91808,411519829.65,16968,42977.0,46.81
AMBER,EQ,06-Sep-2024,"4,690.60","4,670.05","4,727.00","4,480.00","4,499.95","4,514.40","4,553.77",119831,545682519.2,20961,50316.0,41.99
AMBER,EQ,05-Sep-2024,"4,510.85","4,526.25","4,719.90","4,513.95","4,675.00","4,690.60","4,620.34",298641,1379823187.0,38601,169764.0,56.85
AMBER,EQ,04-Sep-2024,"4,455.15","4,443.55","4,520.00","4,399.65","4,505.90","4,510.85","4,487.01",47908,214963606.05,9796,26980.0,56.32
AMBER,EQ,03-Sep-2024,"4,465.85","4,469.00","4,500.00","4,440.10","4,457.10","4,455.15","4,470.37",53204,237841645.95,7910,39156.0,73.60
AMBER,EQ,02-Sep-2024,"4,467.30","4,500.00","4,520.00","4,418.05","4,469.00","4,465.85","4,457.38",64451,287282700.25,10950,32494.0,50.42
AMBER,EQ,30-Aug-2024,"4,556.80","4,597.00","4,614.90","4,450.10","4,469.85","4,467.30","4,503.18",113651,511791281.85,18430,49123.0,43.22
AMBER,EQ,29-Aug-2024,"4,379.40","4,401.00","4,592.70","4,384.90","4,560.00","4,556.80","4,517.35",538395,2432117535.25,37887,329454.0,61.19
AMBER,EQ,28-Aug-2024,"4,303.30","4,310.50","4,390.00","4,310.50","4,375.45","4,379.40","4,367.00",96127,419786351.9,20114,56439.0,58.71
AMBER,EQ,27-Aug-2024,"4,242.10","4,240.00","4,348.95","4,203.00","4,304.90","4,303.30","4,282.55",173947,744936864.65,19813,110262.0,63.39
AMBER,EQ,26-Aug-2024,"4,195.85","4,220.00","4,280.00","4,190.35","4,236.00","4,242.10","4,225.94",67878,286848309.4,13737,39603.0,58.34
AMBER,EQ,23-Aug-2024,"4,199.85","4,203.00","4,270.00","4,158.45","4,201.00","4,195.85","4,219.96",93106,392904042.35,16557,51339.0,55.14
AMBER,EQ,22-Aug-2024,"4,179.80","4,212.50","4,220.55","4,146.60","4,203.00","4,199.85","4,195.19",99269,416452462.4,14007,50591.0,50.96
AMBER,EQ,21-Aug-2024,"4,240.55","4,241.00","4,254.30","4,159.00","4,184.95","4,179.80","4,201.13",199274,837175558.7,27312,69940.0,35.10
AMBER,EQ,20-Aug-2024,"4,189.95","4,239.40","4,256.80","4,089.05","4,233.75","4,240.55","4,195.80",173382,727476725.35,31897,86340.0,49.80
AMBER,EQ,19-Aug-2024,"4,143.50","4,144.00","4,215.00","4,097.70","4,180.80","4,189.95","4,170.11",171107,713534288.8,24479,101990.0,59.61
AMBER,EQ,16-Aug-2024,"4,086.75","4,117.00","4,152.45","4,055.00","4,131.00","4,143.50","4,113.96",133792,550414909.1,15961,99370.0,74.27
AMBER,EQ,14-Aug-2024,"4,074.05","4,050.00","4,119.95","3,964.00","4,060.00","4,086.75","4,055.77",118241,479557940.4,24146,60716.0,51.35
AMBER,EQ,13-Aug-2024,"4,158.80","4,160.00","4,188.00","4,045.05","4,062.00","4,074.05","4,105.53",63461,260541353.3,14071,30613.0,48.24
AMBER,EQ,12-Aug-2024,"4,314.95","4,227.00","4,270.00","4,142.00","4,154.00","4,158.80","4,167.83",101358,422442488.35,17428,50127.0,49.46
AMBER,EQ,09-Aug-2024,"4,342.60","4,374.95","4,399.00","4,276.05","4,318.00","4,314.95","4,318.51",61240,264465453.9,11638,32241.0,52.65
AMBER,EQ,08-Aug-2024,"4,285.80","4,248.00","4,371.95","4,248.00","4,325.00","4,342.60","4,337.46",51699,224242204.15,11007,23078.0,44.64
AMBER,EQ,07-Aug-2024,"4,215.25","4,220.00","4,325.00","4,206.00","4,270.20","4,285.80","4,275.01",64539,275905068.95,11233,24892.0,38.57
AMBER,EQ,06-Aug-2024,"4,249.60","4,306.00","4,391.95","4,170.00","4,194.00","4,215.25","4,262.28",89239,380361603.05,19023,35586.0,39.88
AMBER,EQ,05-Aug-2024,"4,389.50","4,250.00","4,279.05","4,120.00","4,225.00","4,249.60","4,202.17",209317,879585293.65,30193,91095.0,43.52
AMBER,EQ,02-Aug-2024,"4,261.15","4,209.05","4,615.00","4,205.10","4,409.00","4,389.50","4,462.42",699150,3119901284.65,80848,176162.0,25.20
AMBER,EQ,01-Aug-2024,"4,334.50","4,335.00","4,361.90","4,240.00","4,240.00","4,261.15","4,285.35",42976,184167388.6,11651,24661.0,57.38
AMBER,EQ,31-Jul-2024,"4,347.50","4,373.95","4,385.35","4,325.00","4,327.60","4,334.50","4,358.06",54595,237928435.6,10484,32245.0,59.06
AMBER,EQ,30-Jul-2024,"4,386.95","4,406.00","4,446.90","4,333.00","4,349.00","4,347.50","4,386.66",61749,270871711.1,10591,33604.0,54.42
AMBER,EQ,29-Jul-2024,"4,380.40","4,490.00","4,529.00","4,357.75","4,379.00","4,386.95","4,427.81",192009,850178625.65,33903,117966.0,61.44
AMBER,EQ,26-Jul-2024,"4,384.55","4,430.00","4,524.00","4,353.00","4,400.00","4,380.40","4,437.97",318945,1415467296.4,44162,104782.0,32.85
AMBER,EQ,25-Jul-2024,"4,311.95","4,312.00","4,420.00","4,273.80","4,390.00","4,384.55","4,373.08",122306,534853621.85,29514,61046.0,49.91
AMBER,EQ,24-Jul-2024,"4,205.50","4,205.50","4,350.00","4,205.45","4,320.00","4,311.95","4,310.82",84321,363492440.4,17296,35278.0,41.84
AMBER,EQ,23-Jul-2024,"4,279.70","4,275.00","4,288.35","4,057.25","4,215.00","4,205.50","4,188.62",109152,457195755.95,21316,44918.0,41.15
AMBER,EQ,22-Jul-2024,"4,171.10","4,130.40","4,330.00","4,090.00","4,250.10","4,279.70","4,236.41",140287,594312561.9,23624,47822.0,34.09
AMBER,EQ,19-Jul-2024,"4,428.65","4,429.65","4,444.65","4,030.65","4,159.00","4,171.10","4,232.74",184151,779463011.95,26498,91485.0,49.68
AMBER,EQ,18-Jul-2024,"4,593.25","4,578.00","4,578.00","4,307.30","4,430.00","4,428.65","4,416.99",170961,755133844.95,26393,68493.0,40.06
AMBER,EQ,16-Jul-2024,"4,697.25","4,693.05","4,706.80","4,550.00","4,552.10","4,593.25","4,612.97",109801,506508592.1,13708,61373.0,55.89
AMBER,EQ,15-Jul-2024,"4,555.80","4,602.90","4,743.50","4,545.65","4,692.00","4,697.25","4,673.44",224123,1047424716.6,26431,88911.0,39.67
AMBER,EQ,12-Jul-2024,"4,551.50","4,580.00","4,616.80","4,535.05","4,550.00","4,555.80","4,564.68",54853,250386325.25,8358,20556.0,37.47
AMBER,EQ,11-Jul-2024,"4,567.90","4,565.00","4,636.40","4,520.55","4,565.00","4,551.50","4,577.38",70193,321299958.55,12807,27331.0,38.94
AMBER,EQ,10-Jul-2024,"4,567.95","4,560.05","4,600.00","4,470.00","4,559.00","4,567.90","4,520.65",143025,646565821.9,16412,69187.0,48.37
AMBER,EQ,09-Jul-2024,"4,498.35","4,544.00","4,888.00","4,521.50","4,554.40","4,567.95","4,679.70",435441,2037734511.8,54347,87321.0,20.05
AMBER,EQ,08-Jul-2024,"4,503.80","4,547.00","4,547.00","4,468.00","4,519.90","4,498.35","4,497.56",106426,478657100.65,10131,67969.0,63.87
AMBER,EQ,05-Jul-2024,"4,499.35","4,495.00","4,549.00","4,482.20","4,504.00","4,503.80","4,506.78",51157,230553203.15,8183,26312.0,51.43
AMBER,EQ,04-Jul-2024,"4,443.10","4,460.00","4,548.95","4,456.05","4,511.90","4,499.35","4,501.24",65604,295299253.65,11468,23474.0,35.78
AMBER,EQ,03-Jul-2024,"4,496.75","4,510.00","4,665.00","4,416.15","4,440.00","4,443.10","4,548.47",193963,882234159.1,24402,48304.0,24.90
AMBER,EQ,02-Jul-2024,"4,488.40","4,490.00","4,521.10","4,443.05","4,480.00","4,496.75","4,496.83",81822,367939537.15,12820,35759.0,43.70
AMBER,EQ,01-Jul-2024,"4,521.75","4,521.75","4,555.25","4,430.00","4,481.00","4,488.40","4,499.83",163338,734992734.9,20054,76936.0,47.10
AMBER,EQ,28-Jun-2024,"4,279.25","4,298.00","4,563.65","4,280.00","4,507.00","4,521.75","4,483.06",552950,2478908970.55,67893,164079.0,29.67
AMBER,EQ,27-Jun-2024,"4,262.75","4,275.00","4,425.35","4,217.00","4,251.55","4,279.25","4,335.18",329724,1429411539.65,39751,105413.0,31.97
AMBER,EQ,26-Jun-2024,"4,051.55","4,079.00","4,298.00","4,079.00","4,260.00","4,262.75","4,221.20",495903,2093304062.7,46579,185919.0,37.49
AMBER,EQ,25-Jun-2024,"4,108.90","4,157.85","4,170.00","4,011.40","4,054.55","4,051.55","4,108.56",146064,600112669.4,19822,69904.0,47.86
AMBER,EQ,24-Jun-2024,"3,967.50","3,979.90","4,132.65","3,942.10","4,099.00","4,108.90","4,078.84",185089,754948756.9,23828,73138.0,39.52
AMBER,EQ,21-Jun-2024,"3,997.45","4,000.00","4,055.00","3,951.25","3,968.00","3,967.50","4,000.43",108778,435158826.45,16365,42511.0,39.08
AMBER,EQ,20-Jun-2024,"3,998.90","3,998.90","4,044.00","3,953.00","4,000.00","3,997.45","4,007.59",129320,518260920.6,13435,72529.0,56.08
AMBER,EQ,19-Jun-2024,"4,009.85","4,004.95","4,046.60","3,954.35","3,980.10","3,998.90","4,002.72",218155,873213736.1,24124,99519.0,45.62
AMBER,EQ,18-Jun-2024,"4,038.50","4,051.00","4,270.00","3,970.00","3,980.00","4,009.85","4,059.04",1162945,4720437861.35,46730,761465.0,65.48
AMBER,EQ,14-Jun-2024,"4,063.50","4,107.00","4,211.90","4,014.10","4,029.50","4,038.50","4,114.86",159266,655357876.0,20897,62063.0,38.97
AMBER,EQ,13-Jun-2024,"4,077.40","4,140.00","4,143.55","3,981.65","4,069.00","4,063.50","4,052.72",199817,809802373.0,22910,62391.0,31.22
AMBER,EQ,12-Jun-2024,"3,850.70","3,859.60","4,180.00","3,851.10","4,081.00","4,077.40","4,007.81",389947,1562831648.45,39991,155847.0,39.97
AMBER,EQ,11-Jun-2024,"3,809.95","3,820.00","3,875.50","3,792.80","3,857.00","3,850.70","3,849.22",79849,307356282.8,13772,42001.0,52.60
AMBER,EQ,10-Jun-2024,"3,743.50","3,798.95","3,851.45","3,765.05","3,810.00","3,809.95","3,815.43",78773,300552491.8,13608,35755.0,45.39
AMBER,EQ,07-Jun-2024,"3,717.65","3,772.00","3,800.00","3,711.00","3,750.00","3,743.50","3,760.55",63800,239922805.2,14944,28141.0,44.11
AMBER,EQ,06-Jun-2024,"3,635.55","3,678.00","3,770.00","3,656.15","3,715.00","3,717.65","3,730.21",66946,249722751.2,12646,26533.0,39.63
AMBER,EQ,05-Jun-2024,"3,535.90","3,556.55","3,693.45","3,462.45","3,638.00","3,635.55","3,625.88",65770,238474400.0,11382,32649.0,49.64
AMBER,EQ,04-Jun-2024,"3,722.50","3,749.95","3,749.95","3,310.00","3,549.00","3,535.90","3,576.67",121891,435963824.45,23938,50174.0,41.16
AMBER,EQ,03-Jun-2024,"3,598.85","3,745.00","3,775.25","3,686.55","3,735.00","3,722.50","3,722.01",221181,823237608.05,24294,149507.0,67.59
AMBER,EQ,31-May-2024,"3,510.25","3,517.15","3,683.05","3,517.15","3,598.00","3,598.85","3,623.09",461043,1670400062.0,55806,155272.0,33.68
AMBER,EQ,30-May-2024,"3,562.20","3,580.10","3,606.90","3,493.00","3,524.95","3,510.25","3,539.54",51431,182041851.9,12535,26862.0,52.23
AMBER,EQ,29-May-2024,"3,571.30","3,558.95","3,617.00","3,518.35","3,560.00","3,562.20","3,573.21",102888,367640293.35,19412,49086.0,47.71
AMBER,EQ,28-May-2024,"3,733.10","3,760.00","3,764.55","3,547.10","3,568.70","3,571.30","3,636.72",146549,532957068.8,20039,66129.0,45.12
AMBER,EQ,27-May-2024,"3,726.45","3,789.00","3,789.00","3,710.00","3,747.30","3,733.10","3,750.36",71590,268488621.5,12009,25742.0,35.96
AMBER,EQ,24-May-2024,"3,824.35","3,835.00","3,869.00","3,702.50","3,728.95","3,726.45","3,761.94",107478,404325363.1,15824,54274.0,50.50
AMBER,EQ,23-May-2024,"3,823.75","3,851.70","3,866.80","3,810.00","3,820.00","3,824.35","3,840.03",37531,144120160.3,6566,12781.0,34.05
AMBER,EQ,22-May-2024,"3,808.20","3,852.10","3,888.00","3,765.55","3,822.00","3,823.75","3,804.10",109397,416157623.65,14281,57132.0,52.22
AMBER,EQ,21-May-2024,"3,962.85","3,950.00","3,961.00","3,791.75","3,809.00","3,808.20","3,840.51",193443,742920414.15,29803,94226.0,48.71
AMBER,EQ,18-May-2024,"3,973.60","4,072.00","4,100.00","3,915.00","3,990.00","3,962.85","4,018.82",33111,133067027.2,3950,15878.0,47.95
AMBER,EQ,17-May-2024,"3,804.10","3,810.00","3,998.80","3,797.60","3,935.00","3,973.60","3,942.11",252168,994074380.3,33533,101991.0,40.45
AMBER,EQ,16-May-2024,"3,791.35","3,803.65","3,828.50","3,769.75","3,799.00","3,804.10","3,802.52",80687,306813719.05,11651,41782.0,51.78
AMBER,EQ,15-May-2024,"3,787.55","3,828.10","3,847.90","3,774.20","3,789.10","3,791.35","3,806.74",39239,149372606.7,8197,14166.0,36.10
AMBER,EQ,14-May-2024,"3,797.85","3,803.30","3,836.15","3,753.30","3,780.00","3,787.55","3,782.27",68604,259478628.8,9780,37026.0,53.97
AMBER,EQ,13-May-2024,"3,803.25","3,805.00","3,805.00","3,668.05","3,792.35","3,797.85","3,746.06",85363,319774780.15,13487,28687.0,33.61
AMBER,EQ,10-May-2024,"3,876.70","3,889.90","3,910.10","3,781.50","3,800.00","3,803.25","3,825.00",65472,250430179.65,13269,24105.0,36.82
AMBER,EQ,09-May-2024,"3,904.20","3,939.80","4,147.95","3,850.50","3,875.00","3,876.70","4,003.08",218535,874813854.5,34749,56286.0,25.76
AMBER,EQ,08-May-2024,"3,978.45","3,978.00","3,990.40","3,860.00","3,911.05","3,904.20","3,906.64",113043,441618215.4,19234,57554.0,50.91
AMBER,EQ,07-May-2024,"4,059.10","4,074.95","4,130.50","3,913.00","3,985.00","3,978.45","3,990.71",182863,729753135.3,25019,76632.0,41.91
AMBER,EQ,06-May-2024,"3,969.00","4,019.00","4,134.70","4,000.00","4,048.00","4,059.10","4,076.55",237036,966289828.9,33677,69165.0,29.18
AMBER,EQ,03-May-2024,"3,909.85","3,928.00","3,980.05","3,885.05","3,970.00","3,969.00","3,922.98",202836,795721846.6,22325,126870.0,62.55
AMBER,EQ,02-May-2024,"3,846.65","3,894.95","3,925.00","3,868.05","3,914.00","3,909.85","3,907.43",113852,444868661.05,15433,51410.0,45.16
AMBER,EQ,30-Apr-2024,"3,726.95","3,764.95","3,939.00","3,752.00","3,874.00","3,846.65","3,881.37",387178,1502781567.9,47486,111074.0,28.69
AMBER,EQ,29-Apr-2024,"3,779.50","3,780.00","3,863.65","3,711.00","3,741.00","3,726.95","3,751.23",57447,215496712.8,10237,21828.0,38.00
AMBER,EQ,26-Apr-2024,"3,794.20","3,806.50","3,847.00","3,761.35","3,772.00","3,779.50","3,808.10",57739,219875926.45,9644,22966.0,39.78
AMBER,EQ,25-Apr-2024,"3,788.95","3,778.00","3,818.00","3,752.35","3,795.00","3,794.20","3,792.35",40666,154219585.2,6737,13957.0,34.32
AMBER,EQ,24-Apr-2024,"3,789.30","3,800.00","3,847.25","3,768.00","3,781.80","3,788.95","3,820.23",75513,288476897.1,10256,27924.0,36.98
AMBER,EQ,23-Apr-2024,"3,658.45","3,694.65","3,812.65","3,680.95","3,790.00","3,789.30","3,762.65",189312,712314332.0,29188,84826.0,44.81
AMBER,EQ,22-Apr-2024,"3,646.20","3,680.00","3,720.85","3,641.05","3,660.00","3,658.45","3,686.40",87537,322696442.55,13813,30586.0,34.94
AMBER,EQ,19-Apr-2024,"3,589.90","3,520.00","3,677.85","3,502.95","3,640.00","3,646.20","3,615.34",93866,339357179.1,14922,23130.0,24.64
AMBER,EQ,18-Apr-2024,"3,614.10","3,641.00","3,675.00","3,577.00","3,578.00","3,589.90","3,632.80",39824,144672658.85,6558,16453.0,41.31
AMBER,EQ,16-Apr-2024,"3,602.15","3,570.00","3,648.00","3,562.00","3,624.00","3,614.10","3,604.57",81350,293231818.2,12173,23212.0,28.53
AMBER,EQ,15-Apr-2024,"3,694.15","3,630.00","3,667.00","3,553.25","3,611.95","3,602.15","3,615.42",98217,355095229.0,14778,30177.0,30.72
AMBER,EQ,12-Apr-2024,"3,692.15","3,692.15","3,733.95","3,680.00","3,705.00","3,694.15","3,702.77",73009,270335452.75,12700,29831.0,40.86
AMBER,EQ,10-Apr-2024,"3,786.45","3,794.00","3,809.90","3,663.00","3,699.00","3,692.15","3,726.37",107426,400308492.9,13443,46022.0,42.84
AMBER,EQ,09-Apr-2024,"3,794.10","3,820.00","3,844.00","3,720.00","3,770.00","3,786.45","3,798.26",141350,536884251.65,14163,69667.0,49.29
AMBER,EQ,08-Apr-2024,"3,750.80","3,805.00","3,909.90","3,782.70","3,792.70","3,794.10","3,843.89",268010,1030200352.05,27678,96936.0,36.17
AMBER,EQ,05-Apr-2024,"3,756.15","3,750.10","3,863.90","3,707.20","3,760.00","3,750.80","3,787.57",350533,1327668347.1,34272,89956.0,25.66
AMBER,EQ,04-Apr-2024,"3,780.10","3,818.65","3,850.00","3,741.00","3,755.00","3,756.15","3,770.68",107398,404963836.1,13245,46962.0,43.73
AMBER,EQ,03-Apr-2024,"3,764.60","3,791.35","3,820.00","3,725.10","3,784.35","3,780.10","3,784.43",127670,483158509.4,18041,59181.0,46.35
AMBER,EQ,02-Apr-2024,"3,689.15","3,727.20","3,814.80","3,710.25","3,765.00","3,764.60","3,763.69",177411,667719339.95,22137,62983.0,35.50
AMBER,EQ,01-Apr-2024,"3,657.70","3,698.00","3,760.00","3,655.05","3,692.10","3,689.15","3,701.54",116770,432228726.35,18466,42907.0,36.74
AMBER,EQ,28-Mar-2024,"3,638.45","3,621.00","3,690.00","3,601.05","3,653.20","3,657.70","3,657.64",122986,449838729.2,15602,37504.0,30.49
AMBER,EQ,27-Mar-2024,"3,622.80","3,650.00","3,686.95","3,581.00","3,642.00","3,638.45","3,635.65",236738,860696875.05,24498,79648.0,33.64
AMBER,EQ,26-Mar-2024,"3,552.90","3,560.00","3,650.00","3,460.30","3,625.00","3,622.80","3,553.51",309319,1099167137.4,32098,83670.0,27.05
AMBER,EQ,22-Mar-2024,"3,406.35","3,445.05","3,608.90","3,437.95","3,555.00","3,552.90","3,544.24",894897,3171727391.8,73534,157223.0,17.57
AMBER,EQ,21-Mar-2024,"3,222.70","3,270.00","3,430.00","3,235.65","3,385.00","3,406.35","3,337.10",404763,1350735448.9,48837,135032.0,33.36
AMBER,EQ,20-Mar-2024,"3,154.90","3,178.00","3,259.00","2,992.50","3,225.00","3,222.70","3,115.32",826704,2575448695.3,89209,256771.0,31.06
AMBER,EQ,19-Mar-2024,"3,347.85","3,346.85","3,346.85","3,129.95","3,149.95","3,154.90","3,207.03",328937,1054910302.75,40419,143206.0,43.54
AMBER,EQ,18-Mar-2024,"3,332.65","3,420.00","3,499.95","3,322.00","3,345.00","3,347.85","3,391.50",394496,1337934466.95,46360,99090.0,25.12
AMBER,EQ,15-Mar-2024,"3,494.50","3,479.95","3,546.80","3,301.00","3,316.00","3,332.65","3,390.85",148868,504789103.7,23143,60515.0,40.65
AMBER,EQ,14-Mar-2024,"3,554.75","3,549.00","3,606.15","3,462.45","3,503.00","3,494.50","3,526.93",94444,333097154.1,16635,28674.0,30.36
AMBER,EQ,13-Mar-2024,"3,628.15","3,654.95","3,654.95","3,382.95","3,520.00","3,554.75","3,507.24",168859,592228845.85,27262,56423.0,33.41
AMBER,EQ,12-Mar-2024,"3,625.55","3,625.00","3,694.95","3,556.25","3,595.00","3,628.15","3,616.49",106036,383478547.9,16983,35280.0,33.27
AMBER,EQ,11-Mar-2024,"3,649.55","3,649.55","3,735.90","3,586.00","3,615.00","3,625.55","3,644.24",229813,837494052.5,13560,160369.0,69.78
AMBER,EQ,07-Mar-2024,"3,655.80","3,655.95","3,700.00","3,623.50","3,641.00","3,649.55","3,665.27",42973,157507526.3,7845,9815.0,22.84
AMBER,EQ,06-Mar-2024,"3,701.05","3,720.00","3,730.85","3,616.00","3,670.00","3,655.80","3,663.78",84768,310571639.45,13584,32476.0,38.31
AMBER,EQ,05-Mar-2024,"3,719.50","3,740.00","3,785.00","3,688.05","3,728.00","3,701.05","3,726.55",96452,359432886.95,13553,23652.0,24.52
AMBER,EQ,04-Mar-2024,"3,658.00","3,664.95","3,778.00","3,563.10","3,712.00","3,719.50","3,675.27",149786,550503799.7,23264,30986.0,20.69
AMBER,EQ,02-Mar-2024,"3,586.90","3,594.90","3,689.00","3,594.80","3,668.00","3,658.00","3,648.09",12634,46089943.9,1938,5520.0,43.69
AMBER,EQ,01-Mar-2024,"3,682.60","3,700.00","3,705.00","3,560.00","3,570.00","3,586.90","3,606.99",204206,736569185.6,22093,122072.0,59.78
AMBER,EQ,29-Feb-2024,"3,735.75","3,735.75","3,738.00","3,570.10","3,660.00","3,682.60","3,644.84",200793,731857515.1,27069,87268.0,43.46
AMBER,EQ,28-Feb-2024,"3,732.85","3,750.00","3,791.00","3,627.00","3,717.40","3,735.75","3,711.48",100730,373856999.45,19631,27760.0,27.56
AMBER,EQ,27-Feb-2024,"3,778.20","3,799.00","3,828.00","3,705.00","3,730.00","3,732.85","3,751.61",53935,202343073.25,10312,12794.0,23.72
AMBER,EQ,26-Feb-2024,"3,881.75","3,914.45","3,944.00","3,752.30","3,780.00","3,778.20","3,816.84",75953,289900689.65,17400,25557.0,33.65
AMBER,EQ,23-Feb-2024,"3,888.95","3,934.80","3,965.55","3,850.00","3,890.00","3,881.75","3,903.59",89083,347743179.45,12106,45017.0,50.53
AMBER,EQ,22-Feb-2024,"3,955.45","3,956.25","4,053.90","3,863.25","3,895.00","3,888.95","3,953.56",115816,457885671.25,14983,35384.0,30.55
AMBER,EQ,21-Feb-2024,"4,032.60","4,050.00","4,109.95","3,905.60","3,959.00","3,955.45","3,994.95",160608,641620626.45,28557,66373.0,41.33
AMBER,EQ,20-Feb-2024,"4,057.95","4,093.40","4,148.00","4,007.60","4,015.00","4,032.60","4,065.24",140207,569974529.45,17174,73996.0,52.78
AMBER,EQ,19-Feb-2024,"3,964.85","3,999.95","4,099.00","3,902.05","4,059.80","4,057.95","4,029.68",170664,687721175.9,23294,83497.0,48.92
AMBER,EQ,16-Feb-2024,"3,915.65","3,939.35","4,075.00","3,933.55","3,962.10","3,964.85","3,999.58",162205,648752502.9,26570,53063.0,32.71
AMBER,EQ,15-Feb-2024,"3,859.15","3,849.90","3,970.00","3,811.40","3,914.00","3,915.65","3,917.30",216383,847637971.3,29347,88215.0,40.77
AMBER,EQ,14-Feb-2024,"3,603.75","3,603.75","3,899.00","3,550.00","3,806.10","3,859.15","3,712.90",325278,1207726098.45,43131,70694.0,21.73
AMBER,EQ,13-Feb-2024,"3,696.60","3,750.00","3,774.00","3,388.00","3,700.00","3,603.75","3,492.99",636128,2221988236.3,76485,165098.0,25.95
AMBER,EQ,12-Feb-2024,"4,157.65","3,700.00","3,900.00","3,564.80","3,699.00","3,696.60","3,701.02",675765,2501020695.4,75017,198921.0,29.44
AMBER,EQ,09-Feb-2024,"4,230.25","4,229.90","4,280.90","4,031.20","4,088.00","4,157.65","4,130.10",177605,733527017.2,29044,69780.0,39.29
AMBER,EQ,08-Feb-2024,"4,415.95","4,505.00","4,505.00","4,200.00","4,214.00","4,230.25","4,322.60",80218,346750376.8,15243,30140.0,37.57
AMBER,EQ,07-Feb-2024,"4,491.55","4,519.90","4,525.00","4,381.05","4,418.90","4,415.95","4,429.79",67480,298922193.5,9516,29392.0,43.56
AMBER,EQ,06-Feb-2024,"4,370.95","4,374.40","4,597.50","4,350.55","4,490.00","4,491.55","4,520.11",134854,609555244.3,23539,38630.0,28.65
AMBER,EQ,05-Feb-2024,"4,442.90","4,440.00","4,509.95","4,348.00","4,363.00","4,370.95","4,426.52",223640,989946231.1,20361,131187.0,58.66
AMBER,EQ,02-Feb-2024,"4,554.65","4,535.00","4,550.00","4,375.00","4,404.00","4,442.90","4,459.62",178706,796960327.65,24878,78984.0,44.20
AMBER,EQ,01-Feb-2024,"4,437.05","4,390.05","4,589.90","4,176.05","4,550.00","4,554.65","4,371.34",414570,1812226934.15,53738,108935.0,26.28
AMBER,EQ,31-Jan-2024,"4,486.25","4,414.60","4,614.20","4,316.55","4,347.60","4,437.05","4,501.63",259001,1165927117.25,33029,113524.0,43.83
AMBER,EQ,30-Jan-2024,"4,390.90","4,400.00","4,530.00","4,310.10","4,508.00","4,486.25","4,413.73",152374,672538280.1,22132,56109.0,36.82
AMBER,EQ,29-Jan-2024,"4,103.15","4,193.90","4,444.00","4,161.90","4,390.00","4,390.90","4,293.28",508566,2183417040.05,70166,150033.0,29.50
AMBER,EQ,25-Jan-2024,"3,817.90","3,850.45","4,217.95","3,810.10","4,089.65","4,103.15","4,036.36",401307,1619818542.05,51401,106645.0,26.57
AMBER,EQ,24-Jan-2024,"3,663.30","3,658.05","3,840.00","3,600.10","3,810.00","3,817.90","3,730.87",91123,339968499.75,16654,25554.0,28.04
AMBER,EQ,23-Jan-2024,"3,711.20","3,719.95","3,875.00","3,562.90","3,629.95","3,663.30","3,732.07",194328,725246285.4,28655,41064.0,21.13
AMBER,EQ,20-Jan-2024,"3,749.40","3,764.00","3,766.40","3,651.00","3,710.00","3,711.20","3,721.41",47668,177392174.75,10066,12237.0,25.67
AMBER,EQ,19-Jan-2024,"3,825.30","3,880.05","3,887.70","3,725.50","3,749.00","3,749.40","3,799.65",107424,408173195.3,17534,32370.0,30.13
AMBER,EQ,18-Jan-2024,"3,717.00","3,714.85","3,969.00","3,600.00","3,830.00","3,825.30","3,824.36",368451,1409090533.05,45677,71609.0,19.44
AMBER,EQ,17-Jan-2024,"3,852.50","3,789.00","3,826.25","3,650.00","3,705.40","3,717.00","3,732.92",105633,394319390.8,16736,30572.0,28.94
AMBER,EQ,16-Jan-2024,"3,750.10","3,750.10","3,899.70","3,711.00","3,839.00","3,852.50","3,816.67",233400,890810681.3,35601,69874.0,29.94
AMBER,EQ,15-Jan-2024,"3,640.00","3,601.10","3,769.95","3,562.05","3,749.90","3,750.10","3,703.48",241192,893248598.5,26448,112321.0,46.57
AMBER,EQ,12-Jan-2024,"3,522.90","3,509.05","3,667.00","3,463.15","3,638.45","3,640.00","3,589.69",147798,530549334.85,17210,55831.0,37.78
AMBER,EQ,11-Jan-2024,"3,501.25","3,528.00","3,582.55","3,416.95","3,507.00","3,522.90","3,551.22",138522,491922644.95,21836,52421.0,37.84
AMBER,EQ,10-Jan-2024,"3,400.05","3,459.95","3,554.00","3,414.25","3,502.00","3,501.25","3,502.42",336236,1177641053.3,34276,82993.0,24.68
AMBER,EQ,09-Jan-2024,"3,311.45","3,368.95","3,435.60","3,314.05","3,402.00","3,400.05","3,388.76",191161,647798309.05,24530,74583.0,39.02
AMBER,EQ,08-Jan-2024,"3,259.65","3,260.00","3,405.00","3,250.05","3,326.00","3,311.45","3,348.84",303419,1016102770.75,36497,87528.0,28.85
AMBER,EQ,05-Jan-2024,"3,189.80","3,232.00","3,294.00","3,210.10","3,257.00","3,259.65","3,260.54",205685,670643565.35,18249,98900.0,48.08
AMBER,EQ,04-Jan-2024,"3,112.10","3,138.70","3,238.00","3,114.00","3,193.00","3,189.80","3,182.53",326419,1038838476.1,17865,245732.0,75.28
AMBER,EQ,03-Jan-2024,"3,106.30","3,146.00","3,146.00","3,097.10","3,120.00","3,112.10","3,116.95",78657,245170235.05,10112,34043.0,43.28
AMBER,EQ,02-Jan-2024,"3,139.95","3,135.00","3,149.00","3,074.00","3,101.80","3,106.30","3,106.08",35576,110501764.2,4774,14984.0,42.12
AMBER,EQ,01-Jan-2024,"3,135.40","3,155.00","3,155.00","3,116.00","3,140.00","3,139.95","3,137.44",23073,72390087.25,4036,9927.0,43.02
AMBER,EQ,29-Dec-2023,"3,101.55","3,125.00","3,141.00","3,082.05","3,127.40","3,135.40","3,121.31",39801,124231427.7,5707,18806.0,47.25
AMBER,EQ,26-Dec-2025,"6,660.00","6,689.00","6,733.00","6,618.00","6,629.00","6,652.00","6,671.47",90381,602974312.5,12623,25766.0,28.51
AMBER,EQ,24-Dec-2025,"6,654.50","6,655.00","6,770.00","6,613.00","6,689.00","6,660.00","6,706.76",110715,742538915.0,14729,19231.0,17.37
AMBER,EQ,23-Dec-2025,"6,709.00","6,701.50","6,723.50","6,630.00","6,652.50","6,654.50","6,673.53",87368,583052909.0,11472,16614.0,19.02
AMBER,EQ,22-Dec-2025,"6,681.00","6,699.50","6,748.00","6,686.00","6,692.00","6,709.00","6,718.17",86930,584010776.5,11320,31962.0,36.77
AMBER,EQ,19-Dec-2025,"6,585.50","6,606.00","6,705.00","6,565.00","6,685.00","6,681.00","6,654.76",182921,1217295334.0,21575,61158.0,33.43
AMBER,EQ,18-Dec-2025,"6,580.50","6,582.00","6,630.00","6,528.00","6,585.00","6,585.50","6,581.89",147557,971203923.5,16846,44529.0,30.18
AMBER,EQ,17-Dec-2025,"6,779.50","6,820.00","6,820.00","6,545.00","6,587.00","6,580.50","6,643.48",245498,1630961158.5,31589,88987.0,36.25
AMBER,EQ,16-Dec-2025,"6,801.50","6,801.00","6,850.00","6,751.00","6,776.50","6,779.50","6,795.57",173055,1176007305.0,22079,43533.0,25.16
AMBER,EQ,15-Dec-2025,"6,626.00","6,711.50","6,860.00","6,685.00","6,790.00","6,801.50","6,778.73",671335,4550796240.5,73613,124004.0,18.47
AMBER,EQ,12-Dec-2025,"6,521.50","6,535.00","6,644.50","6,514.50","6,625.00","6,626.00","6,581.33",114283,752133924.0,19420,28408.0,24.86
AMBER,EQ,11-Dec-2025,"6,566.50","6,579.00","6,635.00","6,505.00","6,520.00","6,521.50","6,555.04",204441,1340119447.5,29340,87488.0,42.79
AMBER,EQ,10-Dec-2025,"6,682.50","6,682.50","6,761.00","6,496.00","6,610.00","6,566.50","6,632.22",369923,2453410332.5,43341,144197.0,38.98
AMBER,EQ,09-Dec-2025,"6,451.00","6,445.50","6,708.50","6,340.00","6,663.50","6,682.50","6,571.55",482532,3170985006.5,56407,205422.0,42.57
AMBER,EQ,08-Dec-2025,"6,562.50","6,510.00","6,666.00","6,401.00","6,440.00","6,451.00","6,507.09",312025,2030373958.5,38096,103199.0,33.07
AMBER,EQ,05-Dec-2025,"6,750.00","6,700.00","6,748.00","6,351.50","6,571.00","6,562.50","6,517.49",965176,6290521578.5,90989,344782.0,35.72
AMBER,EQ,04-Dec-2025,"7,026.50","7,026.50","7,087.00","6,720.00","6,721.50","6,750.00","6,851.05",330024,2261011131.0,36693,148313.0,44.94
AMBER,EQ,03-Dec-2025,"7,041.50","7,038.00","7,073.50","6,995.50","7,016.00","7,026.50","7,025.85",99635,700020219.5,14366,28499.0,28.6
AMBER,EQ,02-Dec-2025,"7,072.50","7,080.00","7,124.00","6,963.00","7,029.00","7,041.50","7,044.42",186491,1313721175.5,24445,75699.0,40.59
AMBER,EQ,01-Dec-2025,"7,181.00","7,250.00","7,250.00","7,012.00","7,070.00","7,072.50","7,069.34",229585,1623015153.0,26367,71799.0,31.27
AMBER,EQ,28-Nov-2025,"7,103.00","7,140.00","7,225.00","7,034.50","7,220.00","7,181.00","7,097.68",186658,1324838490.5,24915,53987.0,28.92
AMBER,EQ,27-Nov-2025,"7,302.00","7,301.00","7,302.00","7,078.00","7,106.50","7,103.00","7,149.82",174995,1251182547.5,24898,57276.0,32.73
AMBER,EQ,26-Nov-2025,"7,138.00","7,140.00","7,319.50","7,100.00","7,290.00","7,302.00","7,227.78",172342,1245650315.0,22706,53561.0,31.08
AMBER,EQ,25-Nov-2025,"7,043.50","7,093.00","7,250.00","7,001.00","7,140.00","7,138.00","7,108.81",259487,1844644168.5,28119,81648.0,31.47
AMBER,EQ,24-Nov-2025,"7,196.00","7,156.00","7,179.50","7,002.00","7,047.00","7,043.50","7,085.15",204175,1446610114.0,24587,87432.0,42.82
AMBER,EQ,21-Nov-2025,"7,256.50","7,273.50","7,278.00","7,160.00","7,185.00","7,196.00","7,215.84",182669,1318110349.5,28644,61585.0,33.71
AMBER,EQ,20-Nov-2025,"7,411.00","7,411.00","7,442.50","7,230.00","7,273.50","7,256.50","7,319.53",131496,962488301.0,14653,48848.0,37.15
AMBER,EQ,19-Nov-2025,"7,356.00","7,341.00","7,434.50","7,320.00","7,400.00","7,411.00","7,384.72",142274,1050653795.5,17428,64315.0,45.21
AMBER,EQ,18-Nov-2025,"7,443.50","7,444.00","7,450.00","7,325.50","7,348.50","7,356.00","7,370.09",159195,1173281216.5,21795,66547.0,41.8
AMBER,EQ,17-Nov-2025,"7,376.00","7,416.00","7,505.00","7,321.50","7,446.50","7,443.50","7,420.32",228393,1694748875.5,25283,52138.0,22.83
AMBER,EQ,14-Nov-2025,"7,122.00","7,110.00","7,400.00","7,099.00","7,399.50","7,376.00","7,313.48",388059,2838062186.0,38833,105835.0,27.27
AMBER,EQ,13-Nov-2025,"7,204.50","7,190.50","7,215.00","7,090.50","7,110.00","7,122.00","7,150.29",130365,932147318.5,18209,43886.0,33.66
AMBER,EQ,12-Nov-2025,"7,144.50","7,184.50","7,255.00","7,100.00","7,190.00","7,204.50","7,175.11",317226,2276131175.0,37693,103441.0,32.61
AMBER,EQ,11-Nov-2025,"7,016.50","7,020.00","7,295.00","7,016.50","7,170.00","7,144.50","7,177.90",434658,3119933150.0,50259,127233.0,29.27
AMBER,EQ,10-Nov-2025,"7,227.00","7,219.00","7,219.00","6,919.50","7,011.00","7,016.50","7,058.05",683248,4822400890.0,90834,209774.0,30.7
AMBER,EQ,07-Nov-2025,"7,832.50","7,099.50","7,288.00","6,736.50","7,282.00","7,227.00","7,045.99",3136273,22098152653.5,237550,749653.0,23.9
AMBER,EQ,06-Nov-2025,"7,797.50","7,835.50","7,992.50","7,643.00","7,841.00","7,832.50","7,854.92",336616,2644092745.0,50748,105328.0,31.29
AMBER,EQ,04-Nov-2025,"7,957.50","7,985.00","7,990.50","7,755.50","7,833.00","7,797.50","7,828.46",201227,1575296957.5,25297,93829.0,46.63
AMBER,EQ,03-Nov-2025,"8,036.50","8,036.50","8,068.00","7,943.00","7,946.00","7,957.50","7,987.69",122920,981846443.5,18272,38333.0,31.19
AMBER,EQ,31-Oct-2025,"8,085.50","8,142.50","8,176.50","8,015.00","8,033.50","8,036.50","8,068.99",164814,1329882480.0,22747,70303.0,42.66
AMBER,EQ,30-Oct-2025,"8,312.50","8,325.00","8,348.50","8,055.00","8,119.00","8,085.50","8,145.74",362118,2949717373.5,46369,153476.0,42.38
AMBER,EQ,29-Oct-2025,"8,526.50","8,536.50","8,626.00","8,290.00","8,310.00","8,312.50","8,461.23",303172,2565207084.0,37367,97590.0,32.19
AMBER,EQ,28-Oct-2025,"8,476.00","8,480.00","8,560.00","8,353.50","8,548.00","8,526.50","8,449.69",220834,1865978261.0,26592,66491.0,30.11
AMBER,EQ,27-Oct-2025,"8,321.50","8,326.00","8,520.50","8,301.00","8,466.00","8,476.00","8,440.36",332713,2808217686.5,38585,108395.0,32.58
AMBER,EQ,24-Oct-2025,"8,300.00","8,300.00","8,441.50","8,260.00","8,326.00","8,321.50","8,346.90",310384,2590744028.5,34665,112431.0,36.22
AMBER,EQ,23-Oct-2025,"8,245.50","8,272.50","8,330.50","8,080.50","8,300.00","8,300.00","8,235.32",185317,1526145054.5,28097,56587.0,30.54
AMBER,EQ,21-Oct-2025,"8,245.00","8,300.00","8,315.50","8,080.00","8,244.00","8,245.50","8,246.87",30414,250820157.0,5607,6179.0,20.32
AMBER,EQ,20-Oct-2025,"8,249.50","8,283.50","8,375.00","8,215.00","8,243.00","8,245.00","8,262.99",144817,1196621797.5,19192,60334.0,41.66
AMBER,EQ,17-Oct-2025,"8,239.00","8,231.00","8,408.50","8,163.00","8,238.00","8,249.50","8,309.03",250759,2083564974.5,29475,72553.0,28.93
AMBER,EQ,16-Oct-2025,"8,148.50","8,218.00","8,340.00","8,184.00","8,210.00","8,239.00","8,273.29",229836,1901500270.0,36218,93993.0,40.9
AMBER,EQ,15-Oct-2025,"8,204.50","8,190.50","8,340.00","8,118.00","8,165.00","8,148.50","8,231.35",143622,1182203537.0,23212,53095.0,36.97
AMBER,EQ,14-Oct-2025,"8,327.00","8,335.00","8,407.50","8,150.00","8,170.00","8,204.50","8,291.94",177693,1473419039.0,19539,75079.0,42.25
AMBER,EQ,13-Oct-2025,"8,284.50","8,282.00","8,393.00","8,201.00","8,346.00","8,327.00","8,323.23",168450,1402047879.0,23452,57781.0,34.3
AMBER,EQ,10-Oct-2025,"8,246.00","8,250.00","8,382.00","8,206.00","8,278.50","8,284.50","8,311.30",151471,1258920272.0,22113,41337.0,27.29
AMBER,EQ,09-Oct-2025,"8,239.00","8,250.00","8,317.50","7,991.00","8,250.00","8,246.00","8,182.08",311542,2549061297.5,41520,67763.0,21.75
AMBER,EQ,08-Oct-2025,"8,417.50","8,445.00","8,473.00","8,211.50","8,251.00","8,239.00","8,313.88",246362,2048224786.5,33918,78996.0,32.07
AMBER,EQ,07-Oct-2025,"8,174.50","8,230.00","8,455.00","8,139.00","8,415.00","8,417.50","8,356.38",276589,2311282811.5,39562,88989.0,32.17
AMBER,EQ,06-Oct-2025,"8,214.50","8,227.00","8,243.50","8,081.00","8,175.00","8,174.50","8,152.53",117601,958745617.5,17821,45894.0,39.03
AMBER,EQ,03-Oct-2025,"8,241.50","8,238.00","8,295.50","8,168.00","8,205.50","8,214.50","8,220.77",113201,930598820.0,24760,49167.0,43.43
AMBER,EQ,01-Oct-2025,"8,089.00","8,145.00","8,255.00","8,080.00","8,232.00","8,241.50","8,188.02",144387,1182242953.5,20849,58487.0,40.51
AMBER,EQ,30-Sep-2025,"8,232.00","8,180.00","8,238.50","8,021.00","8,120.00","8,089.00","8,136.54",321056,2612284789.5,30793,148846.0,46.36
AMBER,EQ,29-Sep-2025,"8,162.50","8,162.50","8,300.00","7,963.00","8,200.00","8,232.00","8,159.00",433955,3540638279.5,49089,194767.0,44.88
AMBER,EQ,26-Sep-2025,"8,438.50","8,375.00","8,415.00","8,121.00","8,144.00","8,162.50","8,208.60",325955,2675635401.0,34727,137022.0,42.04
AMBER,EQ,25-Sep-2025,"8,410.00","8,410.00","8,497.00","8,350.00","8,405.00","8,438.50","8,457.74",604522,5112892269.5,38809,347161.0,57.43
AMBER,EQ,24-Sep-2025,"8,300.50","8,265.00","8,420.00","8,230.00","8,415.00","8,410.00","8,353.02",277445,2317504421.5,32702,86421.0,31.15
AMBER,EQ,23-Sep-2025,"8,310.50","8,265.00","8,345.00","8,222.50","8,302.00","8,300.50","8,294.84",243736,2021752107.0,27178,116441.0,47.77
AMBER,EQ,22-Sep-2025,"8,286.50","8,320.00","8,359.50","8,167.00","8,300.50","8,310.50","8,279.40",202703,1678259032.0,23574,56321.0,27.78
AMBER,EQ,19-Sep-2025,"8,261.00","8,250.00","8,334.00","8,243.50","8,283.50","8,286.50","8,295.82",186818,1549809337.0,21459,71154.0,38.09
AMBER,EQ,18-Sep-2025,"8,287.50","8,295.00","8,313.00","8,172.50","8,268.00","8,261.00","8,222.08",382165,3142192322.5,41436,203471.0,53.24
AMBER,EQ,17-Sep-2025,"8,298.00","8,300.00","8,394.00","8,203.00","8,290.00","8,287.50","8,285.41",615845,5102527486.0,51621,186656.0,30.31
AMBER,EQ,16-Sep-2025,"8,080.00","8,106.00","8,324.00","8,081.00","8,280.50","8,298.00","8,244.09",533066,4394644759.0,51888,103289.0,19.38
AMBER,EQ,15-Sep-2025,"7,936.00","7,936.00","8,123.00","7,895.00","8,063.50","8,080.00","8,052.70",366119,2948244823.0,40017,121903.0,33.3
AMBER,EQ,12-Sep-2025,"7,897.50","7,883.00","7,990.50","7,883.00","7,917.50","7,936.00","7,942.12",213567,1696175423.0,22024,99687.0,46.68
AMBER,EQ,11-Sep-2025,"7,869.00","7,855.00","7,973.50","7,825.50","7,882.50","7,897.50","7,894.47",209068,1650481472.5,25969,59722.0,28.57
AMBER,EQ,10-Sep-2025,"7,817.00","7,800.00","7,882.00","7,741.00","7,861.50","7,869.00","7,826.68",298723,2338010794.0,32080,103287.0,34.58
AMBER,EQ,09-Sep-2025,"7,473.00","7,523.00","7,836.00","7,376.50","7,823.00","7,817.00","7,641.14",501584,3832675139.0,58937,147363.0,29.38
AMBER,EQ,08-Sep-2025,"7,793.50","7,850.00","7,850.00","7,433.50","7,488.00","7,473.00","7,558.03",642633,4857039612.0,58452,187390.0,29.16
AMBER,EQ,05-Sep-2025,"7,698.00","7,719.00","7,890.00","7,700.50","7,798.00","7,793.50","7,798.96",270085,2106382293.5,37034,94166.0,34.87
AMBER,EQ,04-Sep-2025,"7,641.50","7,782.00","7,898.00","7,681.00","7,697.00","7,698.00","7,751.58",322103,2496807118.0,37107,118002.0,36.63
AMBER,EQ,03-Sep-2025,"7,645.00","7,645.00","7,723.50","7,578.00","7,649.00","7,641.50","7,648.45",144585,1105851204.5,20066,34966.0,24.18
AMBER,EQ,02-Sep-2025,"7,631.00","7,650.00","7,808.50","7,593.00","7,648.50","7,645.00","7,688.86",338252,2600773035.0,41279,83098.0,24.57
AMBER,EQ,01-Sep-2025,"7,267.50","7,297.00","7,648.00","7,268.00","7,621.50","7,631.00","7,529.03",613436,4618580033.5,66359,273208.0,44.54
AMBER,EQ,29-Aug-2025,"7,254.00","7,254.00","7,353.00","7,225.00","7,273.00","7,267.50","7,309.22",258474,1889243444.0,36389,119718.0,46.32
AMBER,EQ,28-Aug-2025,"7,229.00","7,225.50","7,368.00","7,170.50","7,238.00","7,254.00","7,303.66",364240,2660284350.5,43476,205750.0,56.49
AMBER,EQ,26-Aug-2025,"7,352.50","7,352.00","7,425.00","7,174.00","7,228.50","7,229.00","7,287.57",320057,2332437526.5,40289,152882.0,47.77
AMBER,EQ,25-Aug-2025,"7,260.50","7,335.50","7,388.00","7,261.00","7,361.50","7,352.50","7,327.85",198486,1454476480.5,28515,105227.0,53.01
AMBER,EQ,22-Aug-2025,"7,332.50","7,358.50","7,434.00","7,230.50","7,259.00","7,260.50","7,341.03",302424,2220103406.0,40482,111714.0,36.94
AMBER,EQ,21-Aug-2025,"7,362.00","7,420.00","7,428.00","7,315.50","7,331.00","7,332.50","7,354.69",187256,1377210093.0,27779,67600.0,36.1
AMBER,EQ,20-Aug-2025,"7,368.50","7,405.00","7,465.00","7,304.00","7,375.00","7,362.00","7,389.59",267647,1977802354.5,37169,88415.0,33.03
AMBER,EQ,19-Aug-2025,"7,438.50","7,450.00","7,475.00","7,314.00","7,360.00","7,368.50","7,378.48",281341,2075869744.0,34656,80269.0,28.53
AMBER,EQ,18-Aug-2025,"6,895.00","7,207.50","7,495.00","7,183.00","7,450.00","7,438.50","7,386.25",1139141,8413985171.0,131807,309292.0,27.15
AMBER,EQ,14-Aug-2025,"6,945.50","6,975.00","7,040.00","6,872.50","6,885.00","6,895.00","6,930.82",220230,1526373853.5,30913,47659.0,21.64
AMBER,EQ,13-Aug-2025,"6,843.00","6,862.00","7,010.00","6,837.50","6,940.00","6,945.50","6,936.76",344097,2386919286.0,50448,72494.0,21.07
AMBER,EQ,12-Aug-2025,"6,912.50","6,947.00","7,012.00","6,818.00","6,841.00","6,843.00","6,886.81",369764,2546492953.5,54878,106406.0,28.78
AMBER,EQ,11-Aug-2025,"7,354.50","7,299.00","7,299.00","6,801.00","6,911.00","6,912.50","6,947.63",1134399,7881385712.5,147232,325604.0,28.7
AMBER,EQ,08-Aug-2025,"7,729.50","7,777.00","7,786.00","7,278.50","7,300.00","7,354.50","7,484.24",332197,2486241796.0,40758,116067.0,34.94
AMBER,EQ,07-Aug-2025,"7,628.00","7,595.00","7,785.00","7,595.00","7,765.00","7,729.50","7,681.05",185434,1424328552.0,26384,40131.0,21.64
AMBER,EQ,06-Aug-2025,"7,891.50","7,850.00","7,878.00","7,565.50","7,632.00","7,628.00","7,649.31",397729,3042352199.5,56726,184416.0,46.37
AMBER,EQ,05-Aug-2025,"7,960.00","8,050.00","8,054.50","7,825.50","7,899.00","7,891.50","7,909.35",198943,1573509755.5,33029,63612.0,31.97
AMBER,EQ,04-Aug-2025,"7,871.00","7,913.50","8,048.50","7,825.00","7,955.00","7,960.00","7,942.85",304230,2416452258.5,48150,102249.0,33.61
AMBER,EQ,01-Aug-2025,"7,963.50","7,965.00","8,173.50","7,850.00","7,855.00","7,871.00","8,016.17",466497,3739519492.5,56848,145068.0,31.1
AMBER,EQ,31-Jul-2025,"8,040.50","7,925.00","7,999.50","7,820.00","7,959.50","7,963.50","7,935.13",404230,3207619593.0,52130,120202.0,29.74
AMBER,EQ,30-Jul-2025,"7,810.50","7,811.50","8,115.00","7,737.50","8,050.00","8,040.50","7,969.73",895074,7133499660.0,108280,208083.0,23.25
AMBER,EQ,29-Jul-2025,"7,465.50","7,465.00","8,008.50","7,252.00","7,833.00","7,810.50","7,686.95",1350156,10378586164.0,145403,359481.0,26.63
AMBER,EQ,28-Jul-2025,"7,273.50","7,273.50","7,492.00","7,273.50","7,463.00","7,465.50","7,430.55",243036,1805890468.0,40255,58891.0,24.23
AMBER,EQ,25-Jul-2025,"7,375.00","7,370.00","7,430.00","7,203.00","7,273.50","7,273.50","7,306.90",189660,1385825749.5,30000,68368.0,36.05
AMBER,EQ,24-Jul-2025,"7,312.50","7,315.00","7,404.00","7,215.00","7,359.00","7,375.00","7,325.50",211921,1552427907.0,29312,80885.0,38.17
AMBER,EQ,23-Jul-2025,"7,369.00","7,405.50","7,429.50","7,243.00","7,310.00","7,312.50","7,305.51",185049,1351876991.5,27260,62465.0,33.76
AMBER,EQ,22-Jul-2025,"7,469.50","7,475.00","7,573.50","7,355.00","7,367.50","7,369.00","7,455.95",161144,1201481145.5,26332,44515.0,27.62
AMBER,EQ,21-Jul-2025,"7,603.50","7,586.00","7,597.00","7,392.00","7,474.00","7,469.50","7,476.68",256236,1915793502.5,33369,111215.0,43.4
AMBER,EQ,18-Jul-2025,"7,594.00","7,598.00","7,699.00","7,536.00","7,587.50","7,603.50","7,621.04",203491,1550813604.0,30269,40662.0,19.98
AMBER,EQ,17-Jul-2025,"7,600.50","7,621.00","7,664.00","7,540.00","7,597.00","7,594.00","7,591.44",178800,1357348971.5,23472,48257.0,26.99
AMBER,EQ,16-Jul-2025,"7,840.00","7,869.50","7,900.00","7,563.00","7,595.00","7,600.50","7,655.38",434082,3323064041.5,52674,131997.0,30.41
AMBER,EQ,15-Jul-2025,"7,625.00","7,663.00","7,911.50","7,660.00","7,831.00","7,840.00","7,825.94",553082,4328386123.5,65486,120553.0,21.8
AMBER,EQ,14-Jul-2025,"7,466.50","7,459.00","7,695.50","7,459.00","7,644.00","7,625.00","7,570.69",251465,1903762716.5,37371,106318.0,42.28
AMBER,EQ,11-Jul-2025,"7,753.00","7,720.00","7,842.00","7,380.00","7,458.50","7,466.50","7,513.49",664725,4994407644.0,78718,186349.0,28.03
AMBER,EQ,10-Jul-2025,"7,691.50","7,679.50","7,836.50","7,640.00","7,738.00","7,753.00","7,747.01",408182,3162190410.0,52544,120375.0,29.49
AMBER,EQ,09-Jul-2025,"7,510.50","7,505.00","7,719.00","7,450.00","7,669.00","7,691.50","7,595.46",323841,2459720667.5,39794,70739.0,21.84
AMBER,EQ,08-Jul-2025,"7,431.00","7,414.00","7,530.00","7,373.50","7,496.00","7,510.50","7,481.85",290198,2171219335.0,34194,88677.0,30.56
AMBER,EQ,07-Jul-2025,"7,349.50","7,347.00","7,486.00","7,260.00","7,414.00","7,431.00","7,409.41",393878,2918405095.5,48100,145945.0,37.05
AMBER,EQ,04-Jul-2025,"7,345.00","7,345.00","7,425.00","7,224.00","7,329.50","7,349.50","7,341.18",333591,2448952589.0,45742,69886.0,20.95
AMBER,EQ,03-Jul-2025,"7,224.50","7,224.50","7,398.50","7,120.00","7,328.00","7,345.00","7,283.23",490696,3573849388.5,64476,102421.0,20.87
AMBER,EQ,02-Jul-2025,"7,083.00","7,075.00","7,271.50","7,050.00","7,210.00","7,224.50","7,192.75",656074,4718976908.0,77169,142418.0,21.71
AMBER,EQ,01-Jul-2025,"6,769.50","6,800.00","7,110.00","6,722.00","7,079.50","7,083.00","6,957.48",719035,5002675050.5,76532,202363.0,28.14
AMBER,EQ,30-Jun-2025,"6,848.50","6,888.00","7,092.00","6,720.00","6,777.50","6,769.50","6,892.70",673303,4640878165.5,72859,250364.0,37.18
AMBER,EQ,27-Jun-2025,"6,786.50","6,820.00","6,954.00","6,804.50","6,858.00","6,848.50","6,873.31",325471,2237061791.0,46240,130891.0,40.22
AMBER,EQ,26-Jun-2025,"6,836.50","6,836.50","6,924.00","6,729.00","6,788.00","6,786.50","6,803.75",187882,1278302255.5,27785,55801.0,29.7
AMBER,EQ,25-Jun-2025,"6,731.00","6,735.00","6,938.00","6,724.50","6,826.50","6,836.50","6,829.04",352197,2405165831.0,48299,116707.0,33.14
AMBER,EQ,24-Jun-2025,"6,681.50","6,700.00","6,795.00","6,685.00","6,722.50","6,731.00","6,733.80",213348,1436642737.5,34095,82653.0,38.74
AMBER,EQ,23-Jun-2025,"6,519.00","6,455.00","6,720.00","6,411.00","6,689.00","6,681.50","6,626.31",274567,1819366075.0,37387,89223.0,32.5
AMBER,EQ,20-Jun-2025,"6,422.50","6,445.00","6,541.50","6,314.00","6,519.00","6,519.00","6,456.49",285243,1841668629.0,38722,93079.0,32.63
AMBER,EQ,19-Jun-2025,"6,693.00","6,693.00","6,820.50","6,402.00","6,425.00","6,422.50","6,613.46",429010,2837238475.5,56238,149287.0,34.8
AMBER,EQ,18-Jun-2025,"6,529.50","6,529.50","6,728.00","6,466.50","6,685.00","6,693.00","6,651.16",431337,2868891459.5,51779,116630.0,27.04
AMBER,EQ,17-Jun-2025,"6,470.00","6,475.00","6,576.00","6,429.00","6,540.00","6,529.50","6,516.35",236785,1542972990.5,27265,110846.0,46.81
AMBER,EQ,16-Jun-2025,"6,468.00","6,465.00","6,495.00","6,290.50","6,450.50","6,470.00","6,413.95",206173,1322383710.0,25243,77733.0,37.7
AMBER,EQ,13-Jun-2025,"6,525.00","6,415.00","6,508.50","6,371.00","6,450.00","6,468.00","6,451.54",112578,726301804.0,18065,39511.0,35.1
AMBER,EQ,12-Jun-2025,"6,639.00","6,639.00","6,707.50","6,487.00","6,515.00","6,525.00","6,582.01",150497,990573176.0,27479,55222.0,36.69
AMBER,EQ,11-Jun-2025,"6,601.00","6,589.50","6,711.00","6,548.00","6,625.00","6,639.00","6,633.32",205054,1360189111.5,26755,60474.0,29.49
AMBER,EQ,10-Jun-2025,"6,638.00","6,685.00","6,685.00","6,515.00","6,590.00","6,601.00","6,590.75",166028,1094249357.0,24011,63629.0,38.32
AMBER,EQ,09-Jun-2025,"6,396.50","6,410.00","6,750.00","6,322.00","6,625.00","6,638.00","6,575.97",589707,3877893355.5,70174,240398.0,40.77
AMBER,EQ,06-Jun-2025,"6,301.50","6,307.00","6,418.00","6,261.00","6,382.50","6,396.50","6,338.27",229119,1452218194.0,34334,91295.0,39.85
AMBER,EQ,05-Jun-2025,"6,240.00","6,260.00","6,461.50","6,260.00","6,311.00","6,301.50","6,358.76",201581,1281806093.0,30030,58430.0,28.99
AMBER,EQ,04-Jun-2025,"6,327.50","6,365.00","6,399.00","6,225.00","6,236.00","6,240.00","6,279.43",143071,898404391.5,28727,70698.0,49.41
AMBER,EQ,03-Jun-2025,"6,382.00","6,422.00","6,429.00","6,305.00","6,326.00","6,327.50","6,364.96",108135,688274823.5,19844,43315.0,40.06
AMBER,EQ,02-Jun-2025,"6,491.50","6,491.00","6,502.00","6,370.00","6,378.00","6,382.00","6,408.27",122497,784993636.5,17278,57501.0,46.94
AMBER,EQ,30-May-2025,"6,362.50","6,382.00","6,520.00","6,382.00","6,474.00","6,491.50","6,474.01",243646,1577366810.5,32273,109416.0,44.91
AMBER,EQ,29-May-2025,"6,446.00","6,452.00","6,547.00","6,340.00","6,375.00","6,362.50","6,399.94",132699,849265099.0,19411,52724.0,39.73
AMBER,EQ,28-May-2025,"6,472.00","6,529.50","6,539.00","6,399.00","6,450.00","6,446.00","6,460.54",211432,1365964656.0,30404,70094.0,33.15
AMBER,EQ,27-May-2025,"6,425.00","6,450.00","6,630.00","6,450.00","6,467.00","6,472.00","6,540.64",373215,2441066461.0,47004,115613.0,30.98
AMBER,EQ,26-May-2025,"6,405.50","6,405.50","6,470.00","6,311.00","6,421.00","6,425.00","6,393.19",249858,1597390086.0,37788,83388.0,33.37
AMBER,EQ,23-May-2025,"6,561.50","6,590.00","6,635.00","6,372.50","6,391.00","6,405.50","6,505.74",259514,1688329970.0,45416,103433.0,39.86
AMBER,EQ,22-May-2025,"6,611.00","6,643.00","6,704.00","6,495.00","6,539.50","6,561.50","6,588.01",250259,1648708695.5,42967,91961.0,36.75
AMBER,EQ,21-May-2025,"6,444.00","6,500.00","6,868.00","6,468.50","6,617.50","6,611.00","6,691.88",1248144,8352424192.5,132007,307588.0,24.64
AMBER,EQ,20-May-2025,"6,252.00","6,264.00","6,575.00","6,202.00","6,470.00","6,444.00","6,444.96",662926,4272530484.5,84347,194667.0,29.36
AMBER,EQ,19-May-2025,"6,403.50","6,475.00","6,599.00","6,225.00","6,248.50","6,252.00","6,319.56",425943,2691771738.5,49688,152674.0,35.84
AMBER,EQ,16-May-2025,"6,346.50","6,375.00","6,520.00","6,301.00","6,394.00","6,403.50","6,447.72",339941,2191845691.0,40781,156146.0,45.93
AMBER,EQ,15-May-2025,"6,301.50","6,330.00","6,375.00","6,293.50","6,357.00","6,346.50","6,342.43",149921,950864109.5,20523,57454.0,38.32
AMBER,EQ,14-May-2025,"6,214.50","6,240.00","6,328.50","6,148.50","6,312.50","6,301.50","6,280.04",215793,1355188429.5,27157,81474.0,37.76
AMBER,EQ,13-May-2025,"6,237.00","6,237.00","6,320.00","6,200.00","6,215.00","6,214.50","6,256.69",236778,1481447107.0,34762,79434.0,33.55
AMBER,EQ,12-May-2025,"5,795.00","6,140.00","6,267.50","6,034.50","6,255.00","6,237.00","6,170.20",361950,2233304921.0,42750,83728.0,23.13
AMBER,EQ,09-May-2025,"6,032.50","5,870.00","5,970.00","5,773.00","5,825.00","5,795.00","5,852.99",336722,1970828900.0,53013,117436.0,34.88
AMBER,EQ,08-May-2025,"5,982.50","6,042.50","6,419.50","5,980.00","6,005.00","6,032.50","6,219.99",904514,5626065147.5,103611,139707.0,15.45
AMBER,EQ,07-May-2025,"5,856.50","5,819.50","6,094.50","5,776.50","6,012.00","5,982.50","5,986.40",483763,2896001203.0,82332,158094.0,32.68
AMBER,EQ,06-May-2025,"6,097.50","6,120.00","6,137.50","5,820.00","5,852.00","5,856.50","5,964.53",250711,1495372268.5,42144,126421.0,50.42
AMBER,EQ,05-May-2025,"6,188.50","6,219.50","6,234.50","6,070.50","6,092.00","6,097.50","6,140.49",187760,1152938798.5,29126,79195.0,42.18
AMBER,EQ,02-May-2025,"6,155.50","6,150.00","6,255.50","6,068.00","6,185.00","6,188.50","6,180.49",247951,1532459317.5,42550,56317.0,22.71
AMBER,EQ,30-Apr-2025,"6,315.50","6,315.00","6,330.00","6,055.00","6,070.00","6,155.50","6,216.80",326788,2031575625.0,46490,150074.0,45.92
AMBER,EQ,29-Apr-2025,"6,381.00","6,380.50","6,489.50","6,290.00","6,335.00","6,315.50","6,356.66",232237,1476251617.0,39434,82654.0,35.59
AMBER,EQ,28-Apr-2025,"6,394.00","6,388.00","6,469.00","6,233.50","6,385.00","6,381.00","6,368.61",230556,1468321577.0,43439,56630.0,24.56
AMBER,EQ,25-Apr-2025,"6,388.00","6,436.00","6,470.00","6,250.50","6,375.00","6,394.00","6,361.96",339260,2158357933.5,56239,96689.0,28.5
AMBER,EQ,24-Apr-2025,"6,606.00","6,644.00","6,644.00","6,358.00","6,379.50","6,388.00","6,435.89",333424,2145881645.5,63603,129213.0,38.75
AMBER,EQ,23-Apr-2025,"6,635.00","6,700.00","6,770.00","6,525.00","6,589.50","6,606.00","6,666.73",311464,2076446880.0,42527,121566.0,39.03
AMBER,EQ,22-Apr-2025,"6,751.00","6,819.00","6,819.00","6,600.00","6,630.50","6,635.00","6,645.09",391558,2601939325.5,55136,161784.0,41.32
AMBER,EQ,21-Apr-2025,"6,686.00","6,799.00","6,824.00","6,711.50","6,757.00","6,751.00","6,773.68",250408,1696184184.5,36252,87487.0,34.94
AMBER,EQ,17-Apr-2025,"6,744.50","6,790.00","6,974.00","6,643.50","6,700.00","6,686.00","6,785.89",633384,4298075955.0,76177,163640.0,25.84
AMBER,EQ,16-Apr-2025,"6,880.00","6,870.00","6,870.00","6,721.00","6,746.00","6,744.50","6,785.70",284043,1927429680.0,44190,97032.0,34.16
AMBER,EQ,15-Apr-2025,"6,530.05","6,790.00","6,930.00","6,735.50","6,879.00","6,880.00","6,859.76",397603,2727460685.5,59198,120416.0,30.29
AMBER,EQ,11-Apr-2025,"6,159.40","6,340.00","6,587.00","6,250.00","6,500.00","6,530.05","6,494.16",609690,3959421999.6,91359,191270.0,31.37
AMBER,EQ,09-Apr-2025,"6,458.05","6,416.00","6,417.50","6,088.00","6,163.00","6,159.40","6,169.00",390920,2411585366.05,57161,84659.0,21.66
AMBER,EQ,08-Apr-2025,"6,151.40","6,450.00","6,523.00","6,306.30","6,448.00","6,458.05","6,449.49",400725,2584471126.45,66722,97825.0,24.41
AMBER,EQ,07-Apr-2025,"6,595.15","5,700.50","6,294.45","5,675.25","6,150.00","6,151.40","6,125.69",387620,2374439255.6,57197,120352.0,31.05
AMBER,EQ,04-Apr-2025,"6,929.90","6,915.00","6,973.20","6,518.25","6,630.00","6,595.15","6,698.71",307246,2058152824.35,45018,74213.0,24.15
AMBER,EQ,03-Apr-2025,"6,996.05","6,940.00","7,058.00","6,878.80","6,935.00","6,929.90","6,960.65",237625,1654023517.55,33877,51821.0,21.81
AMBER,EQ,02-Apr-2025,"6,879.55","6,900.00","7,009.00","6,801.35","6,982.00","6,996.05","6,947.51",312615,2171894969.0,40227,64106.0,20.51
AMBER,EQ,01-Apr-2025,"7,210.85","7,180.00","7,219.00","6,848.20","6,865.00","6,879.55","6,940.62",376900,2615918986.8,57851,99326.0,26.35
AMBER,EQ,28-Mar-2025,"7,131.30","7,181.00","7,299.00","7,180.00","7,180.00","7,210.85","7,243.22",511573,3705433945.2,62614,143941.0,28.14
AMBER,EQ,27-Mar-2025,"6,857.15","6,827.20","7,204.95","6,728.30","7,120.00","7,131.30","6,974.43",564817,3939274500.35,66798,160344.0,28.39
AMBER,EQ,26-Mar-2025,"6,884.90","6,900.00","6,992.45","6,741.85","6,860.00","6,857.15","6,870.23",295298,2028764851.55,41280,36124.0,12.23
AMBER,EQ,25-Mar-2025,"7,001.75","7,070.45","7,139.80","6,839.80","6,896.60","6,884.90","6,935.56",352793,2446818559.6,53105,80333.0,22.77
AMBER,EQ,24-Mar-2025,"6,890.55","6,980.10","7,085.00","6,896.95","7,002.30","7,001.75","6,996.14",452595,3166418170.55,59083,86427.0,19.1
AMBER,EQ,21-Mar-2025,"7,248.50","7,260.00","7,261.25","6,840.00","6,888.00","6,890.55","6,951.64",783413,5446008854.2,83239,159182.0,20.32
AMBER,EQ,20-Mar-2025,"6,861.90","6,900.00","7,347.40","6,896.15","7,210.00","7,248.50","7,211.45",1540246,11107401993.85,180668,368663.0,23.94
AMBER,EQ,19-Mar-2025,"6,632.85","6,609.25","6,900.00","6,609.20","6,840.00","6,861.90","6,779.40",489592,3319139166.2,55419,73652.0,15.04
AMBER,EQ,18-Mar-2025,"6,489.70","6,550.00","6,728.95","6,512.05","6,630.00","6,632.85","6,637.25",554155,3678068020.9,62819,119185.0,21.51
AMBER,EQ,17-Mar-2025,"6,365.50","6,396.90","6,655.00","6,347.55","6,499.00","6,489.70","6,533.78",586550,3832391258.7,74853,116493.0,19.86
AMBER,EQ,13-Mar-2025,"6,522.40","6,516.95","6,575.00","6,310.10","6,353.45","6,365.50","6,426.49",460862,2961726118.15,69044,90608.0,19.66
AMBER,EQ,12-Mar-2025,"6,414.20","6,455.00","6,539.00","6,340.55","6,495.00","6,522.40","6,449.12",479846,3094585722.85,61873,69649.0,14.51
AMBER,EQ,11-Mar-2025,"6,431.35","6,277.05","6,458.00","6,160.10","6,410.00","6,414.20","6,329.24",658070,4165079738.85,80144,53583.0,8.14
AMBER,EQ,10-Mar-2025,"6,339.15","6,340.05","6,649.90","6,310.05","6,375.00","6,431.35","6,498.00",1069120,6947141006.45,134233,140593.0,13.15
AMBER,EQ,07-Mar-2025,"6,174.90","6,200.00","6,418.00","6,200.00","6,325.00","6,339.15","6,322.04",1033859,6536102839.65,104350,138697.0,13.42
AMBER,EQ,06-Mar-2025,"5,812.05","5,871.00","6,350.00","5,862.05","6,165.00","6,174.90","6,159.60",1433956,8832602318.8,158778,121760.0,8.49
AMBER,EQ,05-Mar-2025,"5,761.60","5,805.00","5,843.70","5,704.05","5,826.00","5,812.05","5,774.11",392501,2266342062.8,60794,88509.0,22.55
AMBER,EQ,04-Mar-2025,"5,657.00","5,535.05","5,823.60","5,535.05","5,759.85","5,761.60","5,724.16",540225,3092336498.85,74922,77079.0,14.27
AMBER,EQ,03-Mar-2025,"5,628.65","5,630.00","5,810.00","5,481.40","5,606.45","5,657.00","5,604.70",769944,4315303350.6,108297,141922.0,18.43
AMBER,EQ,28-Feb-2025,"5,949.55","5,871.00","5,968.95","5,587.00","5,630.00","5,628.65","5,725.56",510928,2925350372.8,78221,114074.0,22.33
AMBER,EQ,27-Feb-2025,"6,024.30","6,030.00","6,150.00","5,850.00","5,920.00","5,949.55","5,990.72",657030,3936082608.2,98835,64427.0,9.81
AMBER,EQ,25-Feb-2025,"6,026.85","6,026.85","6,178.00","5,912.05","6,026.85","6,024.30","6,075.99",563985,3426765647.75,74583,70620.0,12.52
AMBER,EQ,24-Feb-2025,"6,001.20","5,905.05","6,054.65","5,745.60","6,025.00","6,026.85","5,892.47",534229,3147928062.25,68810,67320.0,12.6
AMBER,EQ,21-Feb-2025,"5,837.00","5,801.00","6,119.95","5,740.20","5,964.00","6,001.20","5,958.25",1157560,6897032135.5,140196,196768.0,17.0
AMBER,EQ,20-Feb-2025,"5,517.90","5,537.40","5,870.00","5,433.05","5,801.00","5,837.00","5,711.05",817813,4670568698.6,114074,108288.0,13.24
AMBER,EQ,19-Feb-2025,"5,514.25","5,450.00","5,633.75","5,351.00","5,518.70","5,517.90","5,518.22",690606,3810919006.45,83014,149891.0,21.7
AMBER,EQ,18-Feb-2025,"5,779.85","5,795.00","5,844.40","5,235.00","5,507.00","5,514.25","5,475.76",1257883,6887864526.85,151091,206300.0,16.4
AMBER,EQ,17-Feb-2025,"5,817.30","5,798.00","5,924.05","5,630.05","5,795.00","5,779.85","5,753.45",905638,5210547418.35,111982,164447.0,18.16
AMBER,EQ,14-Feb-2025,"6,143.70","6,140.00","6,212.25","5,762.35","5,812.00","5,817.30","5,920.39",542506,3211848374.45,75159,76086.0,14.02
AMBER,EQ,13-Feb-2025,"5,982.40","5,950.00","6,247.90","5,875.05","6,131.45","6,143.70","6,114.85",746807,4566612231.35,96016,87977.0,11.78
AMBER,EQ,12-Feb-2025,"6,433.10","6,426.00","6,430.00","5,934.05","5,990.95","5,982.40","6,061.36",921811,5587424260.25,117492,205640.0,22.31
AMBER,EQ,11-Feb-2025,"6,928.90","6,901.00","6,957.80","6,384.50","6,430.00","6,433.10","6,553.12",517009,3388023851.05,76186,119091.0,23.03
AMBER,EQ,10-Feb-2025,"6,894.05","6,891.00","6,960.60","6,732.65","6,927.00","6,928.90","6,898.23",280946,1938030754.5,47473,59298.0,21.11
AMBER,EQ,07-Feb-2025,"6,954.05","6,966.95","7,041.55","6,830.05","6,867.00","6,894.05","6,921.14",290723,2012134732.05,45377,58558.0,20.14
AMBER,EQ,06-Feb-2025,"6,908.80","7,000.00","7,017.95","6,846.00","6,941.00","6,954.05","6,914.52",370571,2562319174.3,51956,73277.0,19.77
AMBER,EQ,05-Feb-2025,"6,918.75","6,980.00","7,298.80","6,809.90","6,900.00","6,908.80","7,048.96",1631936,11503446442.1,172497,213414.0,13.08
AMBER,EQ,04-Feb-2025,"6,528.40","6,599.00","6,975.00","6,556.00","6,900.00","6,918.75","6,777.42",729485,4944023125.95,97648,164622.0,22.57
AMBER,EQ,03-Feb-2025,"6,617.10","6,500.00","6,875.65","6,460.00","6,520.95","6,528.40","6,657.96",796800,5305064954.25,107376,98958.0,12.42
AMBER,EQ,01-Feb-2025,"6,501.80","6,538.00","6,674.00","6,445.70","6,590.00","6,617.10","6,587.92",383194,2524453230.7,51205,45794.0,11.95
AMBER,EQ,31-Jan-2025,"6,326.00","6,399.95","6,549.90","6,332.70","6,493.00","6,501.80","6,452.78",576569,3720470405.05,77764,85049.0,14.75
AMBER,EQ,30-Jan-2025,"6,585.35","6,655.00","6,698.85","6,300.05","6,320.00","6,326.00","6,463.28",572176,3698132107.9,75951,100986.0,17.65
AMBER,EQ,29-Jan-2025,"6,673.50","6,673.50","7,119.65","6,512.30","6,599.95","6,585.35","6,761.90",1226641,8294427650.7,152619,122917.0,10.02
AMBER,EQ,28-Jan-2025,"6,631.80","6,640.10","6,826.30","6,075.00","6,625.00","6,673.50","6,522.38",1461346,9531452382.6,174205,113467.0,7.76
AMBER,EQ,27-Jan-2025,"6,973.80","6,925.75","6,999.05","6,565.15","6,621.00","6,631.80","6,707.99",747322,5013031262.05,99017,83622.0,11.19
AMBER,EQ,24-Jan-2025,"6,767.60","7,200.00","7,248.00","6,840.80","6,979.00","6,973.80","6,979.51",1829132,12766445216.3,192746,279259.0,15.27
AMBER,EQ,23-Jan-2025,"6,283.15","6,314.55","7,044.95","6,297.35","6,750.00","6,767.60","6,820.46",1449087,9883446870.45,173480,138168.0,9.53
AMBER,EQ,22-Jan-2025,"6,515.05","6,552.70","6,577.05","6,202.35","6,302.00","6,283.15","6,350.74",567459,3603782893.8,85821,154000.0,27.14
AMBER,EQ,21-Jan-2025,"7,049.55","7,084.00","7,084.00","6,475.00","6,515.00","6,515.05","6,689.30",656441,4391129921.25,101251,167398.0,25.5
AMBER,EQ,20-Jan-2025,"6,757.50","6,757.50","7,088.00","6,675.00","7,012.00","7,049.55","6,977.11",662008,4618900038.9,78133,159116.0,24.04
AMBER,EQ,17-Jan-2025,"6,815.85","6,830.90","6,974.00","6,730.85","6,750.00","6,757.50","6,829.52",344375,2351917212.7,54777,53305.0,15.48
AMBER,EQ,16-Jan-2025,"7,033.80","7,100.00","7,142.95","6,780.00","6,809.00","6,815.85","6,935.90",398087,2761091663.45,59261,86242.0,21.66
AMBER,EQ,15-Jan-2025,"6,898.00","6,901.00","7,118.00","6,760.00","7,010.00","7,033.80","6,973.33",690894,4817834377.85,112682,128887.0,18.66
AMBER,EQ,14-Jan-2025,"7,078.50","7,184.00","7,292.00","6,869.00","6,889.00","6,898.00","6,971.04",513511,3579703420.45,72511,106708.0,20.78
AMBER,EQ,13-Jan-2025,"7,831.15","7,759.70","7,807.45","6,970.90","7,088.50","7,078.50","7,344.25",858194,6302795487.2,124786,230650.0,26.88
AMBER,EQ,10-Jan-2025,"7,703.95","7,750.00","8,098.70","7,703.05","7,850.00","7,831.15","7,894.23",1051880,8303784606.55,155728,184855.0,17.57
AMBER,EQ,09-Jan-2025,"7,791.05","7,819.90","7,921.00","7,461.00","7,765.75","7,703.95","7,699.32",698590,5378664782.15,94451,160135.0,22.92
AMBER,EQ,08-Jan-2025,"8,060.40","8,087.95","8,160.00","7,616.00","7,767.00","7,791.05","7,806.19",827603,6460429987.7,123064,200976.0,24.28
AMBER,EQ,07-Jan-2025,"7,664.80","7,648.80","8,177.00","7,614.55","7,975.00","8,060.40","7,964.59",1550475,12348903447.6,218183,311908.0,20.12
AMBER,EQ,06-Jan-2025,"7,745.20","7,749.00","7,836.00","7,550.00","7,600.00","7,664.80","7,707.00",413393,3186018133.25,50233,101943.0,24.66
AMBER,EQ,03-Jan-2025,"7,544.40","7,700.00","7,900.00","7,585.55","7,690.00","7,745.20","7,756.32",753227,5842266559.4,80339,127347.0,16.91
AMBER,EQ,02-Jan-2025,"7,671.70","7,640.00","7,719.70","7,470.45","7,542.45","7,544.40","7,539.21",256061,1930497493.6,30068,43611.0,17.03
AMBER,EQ,01-Jan-2025,"7,387.55","7,402.55","7,917.45","7,353.00","7,664.00","7,671.70","7,715.48",1008620,7781986718.05,109712,88598.0,8.78
AMBER,EQ,31-Dec-2024,"7,335.55","7,372.70","7,449.00","7,223.20","7,394.00","7,387.55","7,350.58",336385,2472624503.25,42658,47117.0,14.01
AMBER,EQ,30-Dec-2024,"7,442.95","7,404.55","7,523.00","7,120.90","7,375.00","7,335.55","7,320.69",830472,6079630370.35,93941,107820.0,12.98
AMBER,EQ,17-Apr-2026,"7,714.50","7,749.00","7,992.50","7,714.00","7,951.50","7,958.50","7,861.54",393872,3096439483.0,44543,131860.0,33.48
AMBER,EQ,16-Apr-2026,"7,506.50","7,589.00","7,743.00","7,535.00","7,715.00","7,714.50","7,645.10",395643,3024732016.0,36373,58851.0,14.87
AMBER,EQ,15-Apr-2026,"7,178.50","7,320.00","7,525.00","7,262.50","7,488.00","7,506.50","7,410.84",346530,2568080010.5,35335,117977.0,34.05
AMBER,EQ,13-Apr-2026,"7,245.00","7,020.00","7,315.00","7,007.00","7,186.00","7,178.50","7,173.05",516152,3702385515.5,54486,161594.0,31.31
AMBER,EQ,10-Apr-2026,"6,888.50","6,998.50","7,290.50","6,972.50","7,250.00","7,245.00","7,176.85",456304,3274826255.0,50190,89996.0,19.72
AMBER,EQ,09-Apr-2026,"6,944.00","6,900.50","6,960.00","6,740.00","6,949.00","6,888.50","6,831.33",342884,2342352578.0,37186,80885.0,23.59
AMBER,EQ,08-Apr-2026,"6,433.50","6,695.00","7,075.00","6,659.00","6,940.00","6,944.00","6,900.55",431910,2980414896.5,42146,75447.0,17.47
AMBER,EQ,07-Apr-2026,"6,405.00","6,340.50","6,460.00","6,265.50","6,426.50","6,433.50","6,391.87",186093,1189481692.0,23000,31867.0,17.12
AMBER,EQ,06-Apr-2026,"6,281.50","6,300.00","6,443.00","6,120.00","6,430.00","6,405.00","6,281.04",331960,2085052735.5,39702,60407.0,18.2
AMBER,EQ,02-Apr-2026,"6,579.50","6,520.00","6,520.00","6,206.50","6,272.50","6,281.50","6,279.51",430622,2704094011.0,48113,113846.0,26.44
AMBER,EQ,01-Apr-2026,"6,549.00","6,656.00","6,820.00","6,521.00","6,525.00","6,579.50","6,649.61",264834,1761041504.5,28606,60584.0,22.88
AMBER,EQ,30-Mar-2026,"6,602.00","6,475.00","6,641.00","6,370.50","6,535.00","6,549.00","6,537.40",270035,1765326316.0,34344,52334.0,19.38
AMBER,EQ,27-Mar-2026,"6,746.50","6,720.50","6,720.50","6,541.00","6,578.50","6,602.00","6,599.96",311173,2053729401.0,35825,121642.0,39.09
AMBER,EQ,25-Mar-2026,"6,452.00","6,551.00","6,805.00","6,498.50","6,770.00","6,746.50","6,729.78",400447,2694919878.0,40038,109758.0,27.41
AMBER,EQ,24-Mar-2026,"6,289.00","6,467.00","6,520.00","6,136.00","6,450.00","6,452.00","6,320.52",469079,2964823877.5,39815,138361.0,29.5
AMBER,EQ,23-Mar-2026,"6,654.50","6,574.00","6,580.00","6,206.00","6,233.00","6,289.00","6,315.93",314526,1986525377.5,44402,112139.0,35.65
AMBER,EQ,20-Mar-2026,"6,677.00","6,750.00","6,844.00","6,627.00","6,674.50","6,654.50","6,721.30",171132,1150228821.5,20216,51305.0,29.98
AMBER,EQ,19-Mar-2026,"6,850.00","6,719.50","6,742.00","6,622.50","6,710.00","6,677.00","6,680.06",241373,1612384929.0,26456,65742.0,27.24
AMBER,EQ,18-Mar-2026,"6,778.00","6,790.00","6,935.00","6,750.00","6,834.00","6,850.00","6,870.84",303045,2082173800.0,27985,77463.0,25.56
AMBER,EQ,17-Mar-2026,"6,528.50","6,701.00","6,810.00","6,589.00","6,790.00","6,778.00","6,691.88",572762,3832853931.5,62725,76751.0,13.4
AMBER,EQ,16-Mar-2026,"6,446.00","6,446.00","6,610.00","6,361.00","6,490.00","6,528.50","6,487.25",308999,2004553319.0,38241,59755.0,19.34
AMBER,EQ,13-Mar-2026,"6,929.50","6,860.00","6,950.00","6,426.00","6,430.00","6,446.00","6,606.77",578599,3822671778.5,69028,155975.0,26.96
AMBER,EQ,12-Mar-2026,"7,308.00","7,305.50","7,305.50","6,883.50","6,930.00","6,929.50","7,010.92",775004,5433487636.5,84345,277797.0,35.84
AMBER,EQ,11-Mar-2026,"7,507.50","7,510.00","7,544.50","7,275.00","7,290.00","7,308.00","7,391.15",245346,1813387917.5,30120,64389.0,26.24
AMBER,EQ,10-Mar-2026,"7,310.50","7,500.00","7,565.00","7,193.50","7,530.00","7,507.50","7,393.20",361829,2675072944.0,42707,44422.0,12.28
AMBER,EQ,09-Mar-2026,"7,872.50","7,700.00","7,769.50","7,199.50","7,375.00","7,310.50","7,417.86",661377,4906002703.5,89466,221254.0,33.45
AMBER,EQ,06-Mar-2026,"7,825.50","7,839.50","7,945.00","7,777.50","7,875.00","7,872.50","7,870.60",168706,1327817666.0,25053,28121.0,16.67
AMBER,EQ,05-Mar-2026,"7,657.00","7,745.00","7,877.50","7,525.50","7,855.00","7,825.50","7,683.41",258190,1983779620.0,38173,107422.0,41.61
AMBER,EQ,04-Mar-2026,"7,884.50","7,750.00","7,774.50","7,514.00","7,647.50","7,657.00","7,617.51",295675,2252308021.5,33878,134949.0,45.64
AMBER,EQ,02-Mar-2026,"7,974.00","7,614.00","7,964.00","7,603.00","7,915.00","7,884.50","7,848.36",183333,1438863884.5,23367,61945.0,33.79
AMBER,EQ,27-Feb-2026,"7,942.50","7,950.00","8,142.50","7,924.00","7,970.00","7,974.00","7,997.12",272476,2179023423.0,31986,98808.0,36.26
AMBER,EQ,26-Feb-2026,"8,044.50","8,044.50","8,044.50","7,919.00","7,927.00","7,942.50","7,971.86",204008,1626323999.0,37786,89155.0,43.7
AMBER,EQ,25-Feb-2026,"7,929.50","7,957.50","8,073.50","7,957.50","8,016.00","8,044.50","8,017.32",256525,2056643617.5,25261,105324.0,41.06
AMBER,EQ,24-Feb-2026,"7,770.00","7,770.50","8,011.00","7,699.00","7,980.00","7,929.50","7,857.82",190988,1500749411.5,21660,63318.0,33.15
AMBER,EQ,23-Feb-2026,"7,650.50","7,675.00","7,859.00","7,675.00","7,750.00","7,770.00","7,803.96",332977,2598540738.5,38321,161207.0,48.41
AMBER,EQ,20-Feb-2026,"7,705.50","7,705.50","7,768.00","7,614.00","7,670.00","7,650.50","7,687.97",184018,1414725490.5,23670,77478.0,42.1
AMBER,EQ,19-Feb-2026,"7,894.00","7,877.00","7,916.00","7,673.00","7,698.00","7,705.50","7,787.83",157629,1227587178.0,21447,57282.0,36.34
AMBER,EQ,18-Feb-2026,"7,818.00","7,865.00","7,920.00","7,764.00","7,883.50","7,894.00","7,846.73",245762,1928428383.5,28963,89216.0,36.3
AMBER,EQ,17-Feb-2026,"7,771.00","7,754.50","7,909.00","7,686.00","7,819.00","7,818.00","7,830.94",217273,1701450896.5,23555,75411.0,34.71
AMBER,EQ,16-Feb-2026,"7,734.50","7,760.00","7,812.50","7,687.50","7,757.00","7,771.00","7,767.21",163902,1273061342.5,21146,47911.0,29.23
AMBER,EQ,13-Feb-2026,"7,784.50","7,750.00","7,820.50","7,660.00","7,715.00","7,734.50","7,726.39",351861,2718613560.5,42816,140595.0,39.96
AMBER,EQ,12-Feb-2026,"7,696.00","7,650.00","7,862.00","7,636.50","7,788.00","7,784.50","7,791.63",620234,4832633192.5,70076,194250.0,31.32
AMBER,EQ,11-Feb-2026,"7,510.50","7,441.00","7,731.00","7,420.50","7,676.50","7,696.00","7,601.46",557384,4236932331.0,53800,133425.0,23.94
AMBER,EQ,10-Feb-2026,"7,048.00","7,299.00","7,530.00","7,172.50","7,486.50","7,510.50","7,421.09",1658147,12305254534.0,146347,437529.0,26.39
AMBER,EQ,09-Feb-2026,"6,640.00","6,706.50","7,064.50","6,664.50","7,022.00","7,048.00","6,906.63",549369,3794286916.0,55466,174091.0,31.69
AMBER,EQ,06-Feb-2026,"6,399.50","6,380.00","6,665.50","6,312.50","6,629.00","6,640.00","6,560.20",442275,2901411632.0,49970,141052.0,31.89
AMBER,EQ,05-Feb-2026,"6,390.00","6,408.00","6,476.00","6,267.50","6,391.00","6,399.50","6,390.54",292017,1866146570.5,39729,112671.0,38.58
AMBER,EQ,04-Feb-2026,"6,193.50","6,170.50","6,422.00","6,154.00","6,403.50","6,390.00","6,355.37",282005,1792247080.5,33244,87942.0,31.18
AMBER,EQ,03-Feb-2026,"5,999.00","6,300.00","6,560.00","6,151.00","6,165.00","6,193.50","6,259.27",694293,4345767089.0,65916,358098.0,51.58
AMBER,EQ,02-Feb-2026,"5,993.00","6,028.00","6,050.00","5,813.50","6,000.00","5,999.00","5,912.64",380630,2250529169.5,40996,156321.0,41.07
AMBER,EQ,01-Feb-2026,"5,716.00","5,775.00","6,088.00","5,716.00","5,998.00","5,993.00","5,943.99",561660,3338502002.0,57852,161296.0,28.72
AMBER,EQ,30-Jan-2026,"5,547.00","5,544.00","5,860.00","5,503.00","5,731.00","5,716.00","5,743.56",537803,3088901111.5,55835,161735.0,30.07
AMBER,EQ,29-Jan-2026,"5,614.00","5,626.00","5,638.00","5,473.00","5,550.00","5,547.00","5,536.28",258594,1431648551.5,34958,151407.0,58.55
AMBER,EQ,28-Jan-2026,"5,510.00","5,555.00","5,630.00","5,522.50","5,626.00","5,614.00","5,576.98",155643,868018287.5,17024,57812.0,37.14
AMBER,EQ,27-Jan-2026,"5,565.50","5,580.00","5,593.00","5,400.50","5,528.00","5,510.00","5,461.77",713699,3898059382.5,54412,409775.0,57.42
AMBER,EQ,23-Jan-2026,"5,732.00","5,742.00","5,779.50","5,544.00","5,551.00","5,565.50","5,626.32",297126,1671725158.0,27943,140363.0,47.24
AMBER,EQ,22-Jan-2026,"5,784.00","5,856.00","5,860.00","5,687.50","5,740.00","5,732.00","5,744.62",354095,2034142388.0,37055,183736.0,51.89
AMBER,EQ,21-Jan-2026,"6,033.00","6,041.00","6,048.00","5,737.00","5,790.00","5,784.00","5,847.12",368379,2153954671.5,41483,169894.0,46.12
AMBER,EQ,20-Jan-2026,"6,080.50","6,119.50","6,149.00","6,016.00","6,045.00","6,033.00","6,082.41",263333,1601700137.5,36072,109387.0,41.54
AMBER,EQ,19-Jan-2026,"6,145.00","6,150.00","6,220.00","6,050.00","6,075.00","6,080.50","6,132.32",141342,866754741.5,14724,31459.0,22.26
AMBER,EQ,16-Jan-2026,"6,113.50","6,149.50","6,255.00","6,121.00","6,141.50","6,145.00","6,180.97",230808,1426617354.5,26444,77380.0,33.53
AMBER,EQ,14-Jan-2026,"6,145.50","6,144.00","6,194.00","6,052.50","6,140.00","6,113.50","6,121.44",150829,923290043.5,20466,47141.0,31.25
AMBER,EQ,13-Jan-2026,"6,118.50","6,175.00","6,175.00","6,045.00","6,145.00","6,145.50","6,119.50",242318,1482865944.0,29437,65719.0,27.12
AMBER,EQ,12-Jan-2026,"6,329.50","6,302.00","6,310.00","6,060.50","6,119.00","6,118.50","6,150.99",368392,2265977182.0,46097,157135.0,42.65
AMBER,EQ,09-Jan-2026,"6,527.00","6,500.00","6,579.00","6,310.50","6,337.00","6,329.50","6,402.33",196398,1257405440.0,28230,75779.0,38.58
AMBER,EQ,08-Jan-2026,"6,653.00","6,655.00","6,720.00","6,500.00","6,518.00","6,527.00","6,572.22",141349,928976127.5,19989,45578.0,32.25
AMBER,EQ,07-Jan-2026,"6,707.50","6,698.00","6,723.00","6,620.00","6,655.00","6,653.00","6,663.80",106729,711220596.0,11289,46198.0,43.29
AMBER,EQ,06-Jan-2026,"6,712.00","6,724.00","6,724.00","6,620.00","6,710.00","6,707.50","6,669.97",174518,1164030351.5,21798,45903.0,26.3
AMBER,EQ,05-Jan-2026,"6,482.50","6,522.00","6,824.00","6,500.00","6,695.00","6,712.00","6,697.71",339436,2273445110.0,38389,64070.0,18.88
AMBER,EQ,02-Jan-2026,"6,447.50","6,440.00","6,549.50","6,420.00","6,485.00","6,482.50","6,484.74",161308,1046041021.5,20767,55810.0,34.6
AMBER,EQ,01-Jan-2026,"6,387.00","6,405.00","6,465.00","6,373.50","6,460.00","6,447.50","6,414.84",86159,552696143.0,9772,20396.0,23.67
AMBER,EQ,31-Dec-2025,"6,264.50","6,299.00","6,428.50","6,251.00","6,379.50","6,387.00","6,342.06",190390,1207464705.5,22321,49022.0,25.75
AMBER,EQ,30-Dec-2025,"6,493.00","6,499.00","6,516.50","6,242.00","6,285.00","6,264.50","6,340.55",499737,3168606406.0,52414,233379.0,46.7
AMBER,EQ,29-Dec-2025,"6,652.00","6,635.00","6,680.00","6,480.00","6,506.00","6,493.00","6,551.27",167603,1098012376.5,23516,86686.0,51.72
