"ï»¿""symbol""",series,date,prevclose,openprice,highprice,lowprice,lastprice,closeprice,averageprice,totaltradedquantity,turnoverinrs,no.oftrades,deliverableqty,%dlyqttotradedqty
BATAINDIA,EQ,30-Dec-2011,534.15,535.0,540.5,525.1,525.5,530.05,532.12,429763,228686423.35,12042.0,23674.0,5.51
BATAINDIA,EQ,29-Dec-2011,545.5,541.95,545.95,528.1,531.0,534.15,536.78,388707,208652059.3,11959.0,68629.0,17.66
BATAINDIA,EQ,28-Dec-2011,548.5,548.0,550.7,540.55,544.0,545.5,545.33,194452,106040056.05,5488.0,21807.0,11.21
BATAINDIA,EQ,27-Dec-2011,551.85,549.65,557.4,544.45,546.2,548.5,551.13,296813,163582877.35,8953.0,17317.0,5.83
BATAINDIA,EQ,26-Dec-2011,543.5,540.0,557.7,533.8,557.0,551.85,545.08,559881,305178949.6,16834.0,49269.0,8.8
BATAINDIA,EQ,23-Dec-2011,558.45,557.8,561.0,539.15,541.25,543.5,551.39,597273,329332883.55,16658.0,89657.0,15.01
BATAINDIA,EQ,22-Dec-2011,549.85,545.05,564.0,536.9,563.0,558.45,553.33,883668,488961880.65,24608.0,128581.0,14.55
BATAINDIA,EQ,21-Dec-2011,537.6,543.75,554.35,521.7,549.8,549.85,538.84,1261269,679619363.55,37571.0,116353.0,9.23
BATAINDIA,EQ,20-Dec-2011,504.55,504.0,543.0,492.0,539.0,537.6,518.69,2271273,1178085723.0,61482.0,388291.0,17.1
BATAINDIA,EQ,19-Dec-2011,568.85,565.15,566.65,496.6,504.0,504.55,513.01,1843995,945984063.85,31831.0,915208.0,49.63
BATAINDIA,EQ,16-Dec-2011,587.85,587.85,598.5,564.0,570.05,568.85,584.15,323718,189100220.1,9456.0,30317.0,9.37
BATAINDIA,EQ,15-Dec-2011,581.7,574.25,591.35,564.5,586.25,587.85,577.23,372707,215138227.0,11350.0,23078.0,6.19
BATAINDIA,EQ,14-Dec-2011,595.5,593.0,603.0,578.2,579.9,581.7,588.1,532184,312978283.2,17315.0,82771.0,15.55
BATAINDIA,EQ,13-Dec-2011,578.15,543.2,604.85,539.0,604.0,595.5,580.65,567726,329652825.25,17476.0,100869.0,17.77
BATAINDIA,EQ,12-Dec-2011,603.1,603.2,608.5,575.0,575.1,578.15,585.32,507455,297024627.95,13540.0,111271.0,21.93
BATAINDIA,EQ,09-Dec-2011,621.0,607.75,614.75,589.0,605.0,603.1,600.78,724805,435450462.7,17769.0,206437.0,28.48
BATAINDIA,EQ,08-Dec-2011,634.45,633.85,633.85,617.75,620.0,621.0,624.83,161637,100994971.4,5480.0,14383.0,8.9
BATAINDIA,EQ,07-Dec-2011,633.55,634.5,645.9,629.85,635.3,634.45,638.54,245187,156562104.7,7877.0,30907.0,12.61
BATAINDIA,EQ,05-Dec-2011,635.55,644.4,644.4,625.5,633.7,633.55,633.21,238225,150846108.2,6399.0,30498.0,12.8
BATAINDIA,EQ,02-Dec-2011,618.6,616.85,639.25,610.1,638.0,635.55,621.43,400253,248728101.5,11111.0,86299.0,21.56
BATAINDIA,EQ,01-Dec-2011,617.9,626.0,644.95,615.0,619.15,618.6,625.22,313345,195908327.9,8947.0,86367.0,27.56
BATAINDIA,EQ,30-Nov-2011,635.1,630.5,631.0,610.4,620.1,617.9,617.47,310539,191749502.0,7539.0,52784.0,17.0
BATAINDIA,EQ,29-Nov-2011,644.3,644.35,650.35,630.0,633.8,635.1,636.72,167295,106519391.35,5463.0,21988.0,13.14
BATAINDIA,EQ,28-Nov-2011,635.75,641.2,648.9,636.1,641.5,644.3,642.49,240811,154718697.65,6635.0,36194.0,15.03
BATAINDIA,EQ,25-Nov-2011,630.25,625.95,649.75,625.95,637.75,635.75,641.33,238095,152696615.4,7773.0,22566.0,9.48
BATAINDIA,EQ,24-Nov-2011,607.35,609.6,636.6,603.35,632.2,630.25,622.84,489338,304781021.3,10151.0,175985.0,35.96
BATAINDIA,EQ,23-Nov-2011,609.35,603.0,612.0,594.35,607.0,607.35,606.33,397127,240789211.1,9789.0,92225.0,23.22
BATAINDIA,EQ,22-Nov-2011,623.6,621.95,630.3,595.1,611.0,609.35,611.24,511093,312401166.2,13367.0,65732.0,12.86
BATAINDIA,EQ,21-Nov-2011,642.2,627.0,639.75,622.5,625.0,623.6,626.66,423047,265107232.5,7704.0,243798.0,57.63
BATAINDIA,EQ,18-Nov-2011,657.9,646.2,660.0,630.1,642.8,642.2,642.12,318419,204464567.0,7902.0,103029.0,32.36
BATAINDIA,EQ,17-Nov-2011,661.9,657.95,669.0,653.5,657.0,657.9,661.88,238118,157604648.45,7554.0,93792.0,39.39
BATAINDIA,EQ,16-Nov-2011,652.9,651.5,668.4,643.0,663.7,661.9,657.51,337807,222111223.5,9876.0,38121.0,11.28
BATAINDIA,EQ,15-Nov-2011,675.95,672.45,672.45,649.75,650.05,652.9,658.41,276203,181855629.85,8110.0,58414.0,21.15
BATAINDIA,EQ,14-Nov-2011,696.6,702.7,704.6,673.5,674.65,675.95,682.38,281148,191850925.95,8006.0,116992.0,41.61
BATAINDIA,EQ,11-Nov-2011,707.95,701.1,711.4,688.15,698.0,696.6,696.8,470631,327936480.95,9571.0,257737.0,54.76
BATAINDIA,EQ,09-Nov-2011,711.7,712.05,722.4,706.0,710.0,707.95,714.24,116183,82982932.75,4537.0,14937.0,12.86
BATAINDIA,EQ,08-Nov-2011,724.05,723.85,727.3,708.35,711.75,711.7,713.27,196257,139984187.3,7100.0,67026.0,34.15
BATAINDIA,EQ,04-Nov-2011,723.25,728.75,728.75,718.1,722.3,724.05,724.15,144604,104715375.45,5567.0,46411.0,32.1
BATAINDIA,EQ,03-Nov-2011,719.1,718.95,725.9,712.65,725.6,723.25,719.23,176731,127109488.7,7061.0,38811.0,21.96
BATAINDIA,EQ,02-Nov-2011,730.3,729.8,729.95,716.7,718.35,719.1,723.68,213632,154602202.15,6331.0,36905.0,17.28
BATAINDIA,EQ,01-Nov-2011,724.55,724.0,733.2,720.1,731.9,730.3,727.49,570257,414855733.95,15356.0,135932.0,23.84
BATAINDIA,EQ,31-Oct-2011,709.8,714.0,728.45,703.35,723.0,724.55,718.93,915453,658145427.4,22267.0,261299.0,28.54
BATAINDIA,EQ,28-Oct-2011,701.2,707.05,726.95,704.25,707.25,709.8,712.29,377428,268836506.15,7864.0,125131.0,33.15
BATAINDIA,EQ,26-Oct-2011,699.8,701.0,706.95,699.15,701.0,701.2,702.83,77515,54479828.25,2229.0,26020.0,33.57
BATAINDIA,EQ,25-Oct-2011,696.05,699.45,701.2,692.05,699.85,699.8,698.58,473712,330924160.05,8760.0,210740.0,44.49
BATAINDIA,EQ,24-Oct-2011,687.3,692.4,702.4,690.15,693.1,696.05,696.99,291569,203222123.3,8049.0,63828.0,21.89
BATAINDIA,EQ,24-Oct-2011,687.3,692.4,702.4,690.15,693.1,696.05,696.99,291569,203222123.3,8049.0,63828.0,21.89
BATAINDIA,EQ,21-Oct-2011,694.65,697.55,697.55,685.1,687.0,687.3,690.09,182279,125789764.25,5175.0,29195.0,16.02
BATAINDIA,EQ,20-Oct-2011,699.35,690.1,698.0,682.1,694.0,694.65,690.69,292953,202340060.05,7908.0,43678.0,14.91
BATAINDIA,EQ,19-Oct-2011,676.8,676.0,702.8,676.0,695.9,699.35,696.64,675721,470732195.4,13864.0,120959.0,17.9
BATAINDIA,EQ,18-Oct-2011,692.25,685.0,685.0,672.45,675.0,676.8,677.84,227924,154496678.85,7127.0,46203.0,20.27
BATAINDIA,EQ,17-Oct-2011,684.9,688.4,697.0,683.2,691.95,692.25,690.82,331770,229191833.2,10686.0,55445.0,16.71
BATAINDIA,EQ,14-Oct-2011,676.9,678.8,687.95,672.0,687.5,684.9,680.01,319756,217438346.15,9050.0,67962.0,21.25
BATAINDIA,EQ,13-Oct-2011,678.55,684.4,730.0,672.05,675.0,676.9,680.2,517820,352220329.5,14696.0,90944.0,17.56
BATAINDIA,EQ,12-Oct-2011,658.1,659.85,680.0,656.0,678.0,678.55,669.35,738129,494063564.15,19439.0,170172.0,23.05
BATAINDIA,EQ,11-Oct-2011,656.3,661.05,671.4,655.0,655.1,658.1,665.04,670171,445691283.6,17807.0,169439.0,25.28
BATAINDIA,EQ,10-Oct-2011,623.55,623.6,659.15,623.6,659.15,656.3,642.2,751115,482368412.8,21029.0,223105.0,29.7
BATAINDIA,EQ,07-Oct-2011,617.05,629.0,635.0,617.0,621.0,623.55,625.82,390161,244169050.15,10346.0,86269.0,22.11
BATAINDIA,EQ,05-Oct-2011,635.55,637.15,644.4,612.0,615.0,617.05,623.31,415828,259189260.05,11690.0,53433.0,12.85
BATAINDIA,EQ,04-Oct-2011,635.35,630.0,649.5,628.85,638.05,635.55,640.11,366821,234807296.9,9023.0,85103.0,23.2
BATAINDIA,EQ,03-Oct-2011,649.35,646.0,647.4,628.1,636.1,635.35,634.18,336283,213262408.25,10710.0,57072.0,16.97
BATAINDIA,EQ,30-Sep-2011,632.15,669.95,700.0,631.0,650.05,649.35,650.25,540520,351470463.75,17012.0,105215.0,19.47
BATAINDIA,EQ,29-Sep-2011,638.9,637.25,640.0,620.15,636.0,632.15,628.17,577100,362518303.85,12504.0,127731.0,22.13
BATAINDIA,EQ,28-Sep-2011,650.1,647.35,652.7,634.0,638.55,638.9,640.65,437955,280574586.25,12552.0,156464.0,35.73
BATAINDIA,EQ,27-Sep-2011,640.05,649.95,656.75,644.05,649.0,650.1,650.59,518824,337540477.6,12423.0,125720.0,24.23
BATAINDIA,EQ,26-Sep-2011,660.5,663.05,664.45,623.5,636.2,640.05,641.31,805794,516763049.45,20421.0,97655.0,12.12
BATAINDIA,EQ,23-Sep-2011,673.7,666.5,672.45,655.1,659.2,660.5,664.31,583987,387946576.35,16831.0,128733.0,22.04
BATAINDIA,EQ,22-Sep-2011,703.15,690.0,701.4,670.0,670.2,673.7,690.09,431282,297624655.15,13028.0,53735.0,12.46
BATAINDIA,EQ,21-Sep-2011,695.2,700.15,712.4,697.2,700.6,703.15,706.65,1397159,987298983.5,29243.0,493485.0,35.32
BATAINDIA,EQ,20-Sep-2011,670.75,671.9,697.0,668.6,695.0,695.2,686.77,728053,500002419.55,23225.0,121620.0,16.7
BATAINDIA,EQ,19-Sep-2011,671.0,671.95,679.0,665.35,666.6,670.75,673.66,266314,179405228.7,8631.0,35370.0,13.28
BATAINDIA,EQ,16-Sep-2011,675.25,675.25,679.9,665.15,670.35,671.0,672.86,638338,429509461.55,13194.0,137337.0,21.51
BATAINDIA,EQ,15-Sep-2011,672.15,678.45,680.7,666.6,673.5,675.25,673.41,560930,377733975.5,13972.0,65413.0,11.66
BATAINDIA,EQ,14-Sep-2011,667.05,667.0,674.8,653.2,673.2,672.15,663.62,907556,602269774.8,20871.0,140439.0,15.47
BATAINDIA,EQ,13-Sep-2011,678.1,680.0,686.9,662.35,666.15,667.05,672.89,683282,459774073.75,17978.0,60023.0,8.78
BATAINDIA,EQ,12-Sep-2011,689.45,686.0,699.8,673.1,675.15,678.1,688.1,630107,433574299.5,17834.0,56712.0,9.0
BATAINDIA,EQ,09-Sep-2011,683.45,680.0,703.9,668.15,690.85,689.45,688.79,2212125,1523696480.55,41433.0,403701.0,18.25
BATAINDIA,EQ,08-Sep-2011,703.8,704.0,705.2,681.45,683.25,683.45,688.46,973737,670381923.15,19324.0,228456.0,23.46
BATAINDIA,EQ,07-Sep-2011,711.8,714.85,714.85,700.4,702.9,703.8,705.45,606726,428014476.5,13785.0,109292.0,18.01
BATAINDIA,EQ,06-Sep-2011,709.55,709.25,719.75,704.55,712.6,711.8,712.12,947433,674690040.9,19041.0,260041.0,27.45
BATAINDIA,EQ,05-Sep-2011,702.25,700.0,713.95,696.9,709.0,709.55,709.8,837503,594460911.55,15333.0,395751.0,47.25
BATAINDIA,EQ,02-Sep-2011,694.2,694.2,712.9,686.0,702.5,702.25,703.29,1314205,924271908.5,30471.0,491499.0,37.4
BATAINDIA,EQ,30-Aug-2011,704.3,711.0,713.25,686.55,697.05,694.2,696.51,1028147,716112305.6,28553.0,166302.0,16.17
BATAINDIA,EQ,29-Aug-2011,709.4,729.9,729.9,699.15,707.6,704.3,710.5,1196312,849981730.5,29917.0,241590.0,20.19
BATAINDIA,EQ,26-Aug-2011,729.55,730.0,734.65,704.0,710.35,709.4,719.99,666187,479651212.3,18566.0,113329.0,17.01
BATAINDIA,EQ,25-Aug-2011,723.15,729.85,741.0,712.7,730.0,729.55,728.98,1208451,880932706.5,30884.0,133462.0,11.04
BATAINDIA,EQ,24-Aug-2011,714.95,701.0,734.5,701.0,722.2,723.15,728.16,1105380,804893067.65,28106.0,218680.0,19.78
BATAINDIA,EQ,23-Aug-2011,689.15,693.0,719.0,693.0,718.8,714.95,709.49,1025748,727758766.1,29650.0,69792.0,6.8
BATAINDIA,EQ,22-Aug-2011,661.55,662.55,696.0,655.2,694.05,689.15,676.13,660615,446658835.1,17557.0,96796.0,14.65
BATAINDIA,EQ,19-Aug-2011,666.7,659.95,669.0,645.65,664.05,661.55,658.09,797801,525027456.05,18455.0,155968.0,19.55
BATAINDIA,EQ,18-Aug-2011,694.05,685.0,697.7,663.25,664.8,666.7,678.88,647369,439486388.7,13188.0,180703.0,27.91
BATAINDIA,EQ,17-Aug-2011,699.35,699.9,706.15,680.55,690.25,694.05,691.59,624413,431839100.85,18228.0,65974.0,10.57
BATAINDIA,EQ,16-Aug-2011,698.45,703.9,710.95,696.0,696.2,699.35,704.23,550537,387706934.15,16990.0,71343.0,12.96
BATAINDIA,EQ,12-Aug-2011,683.65,686.0,704.8,683.55,697.0,698.45,693.62,932448,646760984.85,22423.0,97649.0,10.47
BATAINDIA,EQ,11-Aug-2011,664.6,665.0,688.0,665.0,684.1,683.65,681.35,1133691,772438196.6,26519.0,151777.0,13.39
BATAINDIA,EQ,10-Aug-2011,641.05,643.0,668.35,643.0,667.1,664.6,657.84,698069,459218607.6,14715.0,128534.0,18.41
BATAINDIA,EQ,09-Aug-2011,637.1,625.05,652.6,620.4,641.35,641.05,641.0,729594,467668242.5,16956.0,88078.0,12.07
BATAINDIA,EQ,09-Aug-2011,637.1,625.05,652.6,620.4,641.35,641.05,641.0,729594,467668242.5,16956.0,88078.0,12.07
BATAINDIA,EQ,08-Aug-2011,636.05,625.3,643.6,624.1,638.55,637.1,634.83,601756,382011926.55,11030.0,60138.0,9.99
BATAINDIA,EQ,05-Aug-2011,653.1,635.1,644.6,611.3,638.0,636.05,631.87,645650,407967695.4,13371.0,126350.0,19.57
BATAINDIA,EQ,04-Aug-2011,654.8,661.2,664.5,650.65,653.0,653.1,658.54,462081,304301029.55,9188.0,59823.0,12.95
BATAINDIA,EQ,03-Aug-2011,650.55,562.1,657.85,562.1,657.0,654.8,648.39,387496,251250446.05,10133.0,26690.0,6.89
BATAINDIA,EQ,02-Aug-2011,663.7,661.95,664.9,644.35,652.0,650.55,653.13,472739,308758036.0,11515.0,48829.0,10.33
BATAINDIA,EQ,01-Aug-2011,659.15,662.5,671.3,658.35,662.65,663.7,664.75,717763,477134943.05,16150.0,81395.0,11.34
BATAINDIA,EQ,29-Jul-2011,621.85,623.05,662.5,623.0,657.9,659.15,652.08,2225638,1451287348.9,45900.0,234573.0,10.54
BATAINDIA,EQ,28-Jul-2011,625.05,620.0,627.9,618.2,621.0,621.85,622.83,449391,279894013.7,8817.0,87773.0,19.53
BATAINDIA,EQ,27-Jul-2011,625.8,627.65,630.95,616.45,625.5,625.05,623.54,403945,251876297.0,7948.0,68573.0,16.98
BATAINDIA,EQ,26-Jul-2011,635.9,635.0,638.0,622.25,627.2,625.8,627.75,324421,203654196.7,8161.0,35428.0,10.92
BATAINDIA,EQ,25-Jul-2011,630.1,632.7,639.7,629.0,636.0,635.9,635.95,338224,215092436.55,9502.0,41417.0,12.25
BATAINDIA,EQ,22-Jul-2011,623.2,633.2,635.2,622.25,629.5,630.1,629.28,455147,286416933.6,9444.0,80606.0,17.71
BATAINDIA,EQ,21-Jul-2011,635.5,633.9,635.95,620.55,625.6,623.2,626.49,518674,324942492.7,10803.0,138993.0,26.8
BATAINDIA,EQ,20-Jul-2011,642.35,645.2,646.6,633.05,637.5,635.5,640.49,327378,209682444.55,8453.0,35416.0,10.82
BATAINDIA,EQ,19-Jul-2011,638.75,640.1,646.8,637.75,642.75,642.35,642.56,493609,317173282.1,12469.0,47386.0,9.6
BATAINDIA,EQ,18-Jul-2011,634.4,635.0,643.0,634.5,637.05,638.75,639.83,716589,458497505.7,16777.0,84622.0,11.81
BATAINDIA,EQ,15-Jul-2011,625.6,626.1,638.85,624.85,633.15,634.4,632.82,950728,601639362.45,25914.0,81978.0,8.62
BATAINDIA,EQ,14-Jul-2011,617.55,619.5,629.0,610.1,625.0,625.6,620.38,841162,521838258.25,20039.0,108980.0,12.96
BATAINDIA,EQ,13-Jul-2011,617.6,617.0,624.6,612.1,618.55,617.55,618.53,701217,433723482.9,19224.0,64935.0,9.26
BATAINDIA,EQ,12-Jul-2011,630.25,625.0,631.9,611.5,620.8,617.6,621.16,577085,358460743.1,14849.0,52837.0,9.16
BATAINDIA,EQ,11-Jul-2011,627.6,628.2,636.65,624.1,628.0,630.25,630.55,1083131,682968401.15,26304.0,152588.0,14.09
BATAINDIA,EQ,08-Jul-2011,624.5,624.2,635.0,621.05,629.75,627.6,629.65,1185071,746177571.3,25117.0,195108.0,16.46
BATAINDIA,EQ,07-Jul-2011,615.25,616.0,630.5,616.0,622.75,624.5,625.59,1472835,921384350.1,31241.0,152520.0,10.36
BATAINDIA,EQ,06-Jul-2011,601.05,599.0,617.8,593.55,614.75,615.25,608.94,2076745,1264603521.65,47573.0,190481.0,9.17
BATAINDIA,EQ,05-Jul-2011,611.15,614.5,614.5,593.3,599.5,601.05,602.62,1021495,615577894.4,24481.0,80178.0,7.85
BATAINDIA,EQ,04-Jul-2011,610.5,615.0,617.75,605.7,609.55,611.15,612.2,951677,582616710.0,21770.0,91025.0,9.56
BATAINDIA,EQ,01-Jul-2011,612.0,615.0,619.4,603.3,607.5,610.5,611.38,1741806,1064906435.6,39027.0,96482.0,5.54
BATAINDIA,EQ,30-Jun-2011,586.0,587.8,619.0,585.0,607.95,612.0,606.14,4023719,2438918394.95,84756.0,288738.0,7.18
BATAINDIA,EQ,29-Jun-2011,536.3,537.0,591.0,537.0,587.8,586.0,572.65,2872548,1644950900.05,49721.0,591396.0,20.59
BATAINDIA,EQ,28-Jun-2011,539.2,541.6,543.7,531.15,537.95,536.3,536.77,299889,160970928.1,9435.0,38967.0,12.99
BATAINDIA,EQ,27-Jun-2011,528.45,529.5,543.9,525.15,538.5,539.2,538.91,551360,297132185.6,13481.0,96316.0,17.47
BATAINDIA,EQ,24-Jun-2011,510.05,512.1,531.9,511.0,529.0,528.45,524.74,605999,317989319.55,13766.0,64275.0,10.61
BATAINDIA,EQ,23-Jun-2011,516.65,512.5,517.45,481.35,508.5,510.05,509.54,500045,254793923.05,12432.0,124641.0,24.93
BATAINDIA,EQ,22-Jun-2011,521.35,522.2,528.65,511.15,517.5,516.65,520.03,478834,249006449.55,12035.0,74203.0,15.5
BATAINDIA,EQ,21-Jun-2011,527.15,529.55,535.0,512.0,524.0,521.35,522.54,718476,375430791.6,16744.0,83689.0,11.65
BATAINDIA,EQ,20-Jun-2011,551.1,550.0,553.3,525.0,528.0,527.15,534.7,816682,436676817.55,16681.0,177596.0,21.75
BATAINDIA,EQ,17-Jun-2011,565.65,569.95,575.8,545.35,548.85,551.1,562.37,1585935,891887542.25,32379.0,261192.0,16.47
BATAINDIA,EQ,16-Jun-2011,559.0,556.7,572.0,555.0,565.6,565.65,563.23,1139586,641846771.05,23281.0,87833.0,7.71
BATAINDIA,EQ,15-Jun-2011,554.95,555.5,567.0,551.55,559.15,559.0,559.42,1920956,1074612905.5,37399.0,93589.0,4.87
BATAINDIA,EQ,14-Jun-2011,528.75,531.05,569.4,530.85,555.3,554.95,555.18,2780193,1543494376.1,53208.0,307672.0,11.07
BATAINDIA,EQ,13-Jun-2011,522.35,519.6,530.9,518.3,526.75,528.75,526.12,570279,300033144.8,12904.0,53882.0,9.45
BATAINDIA,EQ,10-Jun-2011,516.3,514.1,525.0,506.75,521.9,522.35,519.4,682967,354735548.75,15341.0,69291.0,10.15
BATAINDIA,EQ,09-Jun-2011,514.0,517.0,518.9,509.35,515.0,516.3,514.22,305207,156942645.8,8620.0,38637.0,12.66
BATAINDIA,EQ,08-Jun-2011,509.6,509.6,516.45,508.0,514.35,514.0,513.21,373592,191729295.7,10333.0,62077.0,16.62
BATAINDIA,EQ,07-Jun-2011,498.15,498.15,513.0,496.2,509.5,509.6,507.4,643765,326649463.6,15905.0,90402.0,14.04
BATAINDIA,EQ,06-Jun-2011,496.9,497.85,503.2,492.5,497.3,498.15,497.28,266863,132706509.5,6957.0,51178.0,19.18
BATAINDIA,EQ,03-Jun-2011,500.55,502.0,504.0,493.0,499.5,496.9,496.84,266412,132364883.25,7323.0,29799.0,11.19
BATAINDIA,EQ,02-Jun-2011,495.3,502.0,506.5,484.35,501.0,500.55,500.41,616507,308508308.15,13930.0,104970.0,17.03
BATAINDIA,EQ,01-Jun-2011,485.85,487.2,497.3,480.5,493.0,495.3,492.63,532050,262105719.65,13064.0,66852.0,12.56
BATAINDIA,EQ,31-May-2011,477.55,479.5,489.5,479.5,489.5,485.85,485.05,434772,210884326.45,,78659.0,18.09
BATAINDIA,EQ,30-May-2011,460.85,461.0,479.2,461.0,478.15,477.55,473.25,405319,191817997.6,,71845.0,17.73
BATAINDIA,EQ,27-May-2011,457.8,418.35,464.8,418.35,462.0,460.85,461.48,131592,60727241.05,,21086.0,16.02
BATAINDIA,EQ,26-May-2011,456.8,457.05,466.25,456.3,457.0,457.8,462.06,287608,132892792.2,,54779.0,19.05
BATAINDIA,EQ,25-May-2011,456.8,456.75,463.0,453.2,458.5,456.8,456.73,199478,91107147.15,,41616.0,20.86
BATAINDIA,EQ,24-May-2011,458.25,457.85,460.95,455.0,457.0,456.8,457.27,103579,47363112.1,,21922.0,21.16
BATAINDIA,EQ,23-May-2011,456.1,455.0,462.95,450.15,455.75,458.25,458.46,207547,95151863.65,,24504.0,11.81
BATAINDIA,EQ,20-May-2011,455.35,448.1,461.7,448.1,456.65,456.1,455.77,305917,139428638.15,,31817.0,10.4
BATAINDIA,EQ,19-May-2011,464.2,466.0,468.9,454.4,455.2,455.35,462.25,287349,132828472.3,,47767.0,16.62
BATAINDIA,EQ,18-May-2011,473.85,476.0,481.0,462.25,464.1,464.2,471.5,487191,229709427.9,,109437.0,22.46
BATAINDIA,EQ,17-May-2011,463.7,464.0,479.3,464.0,471.0,473.85,474.36,859080,407516399.3,,62023.0,7.22
BATAINDIA,EQ,16-May-2011,462.7,461.45,473.0,457.8,462.85,463.7,467.5,284891,133186840.05,,34967.0,12.27
BATAINDIA,EQ,13-May-2011,452.9,452.45,470.9,452.0,462.0,462.7,464.3,477319,221617287.95,,105725.0,22.15
BATAINDIA,EQ,12-May-2011,462.85,457.05,470.65,451.15,452.75,452.9,461.94,513331,237128217.9,,108513.0,21.14
BATAINDIA,EQ,11-May-2011,470.0,472.0,472.0,459.15,464.3,462.85,463.36,278702,129139279.8,,33130.0,11.89
BATAINDIA,EQ,10-May-2011,453.8,457.0,474.0,450.0,471.0,470.0,463.7,1668855,773844531.7,,185492.0,11.11
BATAINDIA,EQ,09-May-2011,429.05,428.0,456.8,424.6,452.8,453.8,449.07,1069482,480267785.7,,148062.0,13.84
BATAINDIA,EQ,06-May-2011,427.7,430.0,432.8,422.3,429.9,429.05,427.91,123633,52903700.6,,23979.0,19.4
BATAINDIA,EQ,06-May-2011,427.7,430.0,432.8,422.3,429.9,429.05,427.91,123633,52903700.6,,23979.0,19.4
BATAINDIA,EQ,05-May-2011,426.05,428.85,438.0,425.55,427.0,427.7,433.18,354330,153489014.4,,43911.0,12.39
BATAINDIA,EQ,04-May-2011,423.7,422.05,428.5,418.25,428.0,426.05,422.93,209533,88618153.3,,70822.0,33.8
BATAINDIA,EQ,03-May-2011,425.8,425.8,430.95,422.0,424.45,423.7,426.4,215350,91825369.25,,36091.0,16.76
BATAINDIA,EQ,02-May-2011,427.75,431.15,431.2,410.35,425.4,425.8,424.88,213751,90819025.5,,23380.0,10.94
BATAINDIA,EQ,29-Apr-2011,421.05,421.05,431.55,407.05,429.5,427.75,423.45,1019517,431716174.4,,131205.0,12.87
BATAINDIA,EQ,28-Apr-2011,433.5,436.1,441.5,414.3,422.7,421.05,429.3,1963438,842908424.4,,291419.0,14.84
BATAINDIA,EQ,27-Apr-2011,415.3,419.4,438.4,417.0,433.0,433.5,430.53,1212283,521918930.05,,172031.0,14.19
BATAINDIA,EQ,26-Apr-2011,418.8,420.1,423.4,412.25,415.05,415.3,415.38,199879,83026604.55,,73110.0,36.58
BATAINDIA,EQ,25-Apr-2011,418.45,419.4,424.55,416.25,419.5,418.8,420.18,101640,42706705.55,,24252.0,23.86
BATAINDIA,EQ,21-Apr-2011,422.8,424.1,426.0,417.3,417.7,418.45,420.63,96727,40686059.2,,15487.0,16.01
BATAINDIA,EQ,20-Apr-2011,419.95,422.1,425.6,416.2,422.15,422.8,422.12,302980,127894046.9,,79228.0,26.15
BATAINDIA,EQ,19-Apr-2011,406.55,406.55,422.5,403.2,420.0,419.95,415.65,485063,201617504.2,,68610.0,14.14
BATAINDIA,EQ,18-Apr-2011,413.55,414.4,419.5,405.15,405.25,406.55,411.48,103778,42702955.5,,24688.0,23.79
BATAINDIA,EQ,15-Apr-2011,417.2,417.55,420.0,411.1,414.4,413.55,415.63,131933,54835126.4,,23665.0,17.94
BATAINDIA,EQ,13-Apr-2011,410.8,407.0,419.4,404.3,416.85,417.2,413.44,243295,100587160.7,,57705.0,23.72
BATAINDIA,EQ,11-Apr-2011,416.5,414.0,422.9,408.15,410.8,410.8,414.92,363843,150967077.75,,98823.0,27.16
BATAINDIA,EQ,08-Apr-2011,434.45,421.4,434.25,414.15,415.5,416.5,423.14,266405,112726039.55,,90915.0,34.13
BATAINDIA,EQ,07-Apr-2011,417.4,417.4,436.8,413.3,434.0,434.45,427.95,618225,264570903.05,,93281.0,15.09
BATAINDIA,EQ,06-Apr-2011,420.65,412.15,426.3,412.15,417.0,417.4,419.45,351331,147366692.35,,100951.0,28.73
BATAINDIA,EQ,05-Apr-2011,406.55,410.0,427.1,403.3,423.4,420.65,414.63,538009,223076504.8,,72473.0,13.47
BATAINDIA,EQ,04-Apr-2011,393.05,392.0,408.65,389.55,407.0,406.55,402.68,537426,216409127.2,,90925.0,16.92
BATAINDIA,EQ,01-Apr-2011,391.2,392.7,399.45,391.7,392.8,393.05,394.98,203388,80333364.15,,49491.0,24.33
BATAINDIA,EQ,31-Mar-2011,386.3,385.95,399.8,385.95,392.5,391.2,393.48,368822,145124549.75,,42448.0,11.51
BATAINDIA,EQ,30-Mar-2011,389.75,391.0,398.45,380.35,385.15,386.3,392.72,316132,124151254.1,,47292.0,14.96
BATAINDIA,EQ,29-Mar-2011,375.65,373.85,395.9,372.0,388.95,389.75,389.89,829877,323563139.7,,93970.0,11.32
BATAINDIA,EQ,28-Mar-2011,380.25,380.0,383.6,371.5,376.0,375.65,377.03,171499,64660032.15,,39783.0,23.2
BATAINDIA,EQ,25-Mar-2011,357.2,360.1,387.8,359.7,383.25,380.25,372.56,706365,263161616.45,,180006.0,25.48
BATAINDIA,EQ,24-Mar-2011,357.45,359.75,361.9,355.35,356.0,357.2,358.42,95419,34199815.9,,26558.0,27.83
BATAINDIA,EQ,23-Mar-2011,353.45,354.0,364.3,353.5,357.15,357.45,360.25,526018,189496872.55,,121656.0,23.13
BATAINDIA,EQ,22-Mar-2011,343.0,344.85,358.0,342.55,354.5,353.45,353.57,568163,200883286.6,,131507.0,23.15
BATAINDIA,EQ,21-Mar-2011,346.3,347.8,347.8,341.1,343.85,343.0,343.81,76825,26413375.1,,18950.0,24.67
BATAINDIA,EQ,18-Mar-2011,346.7,349.5,349.95,342.55,346.0,346.3,346.73,135722,47058639.5,,57682.0,42.5
BATAINDIA,EQ,17-Mar-2011,342.55,339.95,350.7,339.7,347.0,346.7,346.57,246221,85332710.4,,98550.0,40.03
BATAINDIA,EQ,16-Mar-2011,339.75,342.75,349.9,340.5,341.4,342.55,343.18,118850,40787288.1,,49266.0,41.45
BATAINDIA,EQ,15-Mar-2011,344.2,334.1,353.0,316.25,340.0,339.75,344.1,287855,99051965.85,,71934.0,24.99
BATAINDIA,EQ,14-Mar-2011,344.2,342.75,346.45,342.5,344.0,344.2,344.27,62693,21583275.45,,33566.0,53.54
BATAINDIA,EQ,11-Mar-2011,344.65,342.4,348.7,340.6,343.2,344.2,344.53,99309,34215311.0,,31107.0,31.32
BATAINDIA,EQ,10-Mar-2011,348.3,346.7,348.7,343.2,344.05,344.65,346.09,42165,14593022.15,,9157.0,21.72
BATAINDIA,EQ,09-Mar-2011,345.1,346.45,352.75,344.0,348.5,348.3,349.48,219031,76547654.2,,48042.0,21.93
BATAINDIA,EQ,08-Mar-2011,336.9,337.8,351.9,336.0,345.35,345.1,346.8,374559,129895999.5,,81507.0,21.76
BATAINDIA,EQ,07-Mar-2011,341.6,341.1,341.1,334.55,338.0,336.9,336.73,73846,24865804.3,,12005.0,16.26
BATAINDIA,EQ,04-Mar-2011,341.5,344.7,347.0,340.1,342.05,341.6,342.9,88381,30305586.45,,25220.0,28.54
BATAINDIA,EQ,03-Mar-2011,345.1,342.7,348.25,338.2,341.6,341.5,343.01,175879,60328211.3,,28674.0,16.3
BATAINDIA,EQ,01-Mar-2011,343.4,344.0,350.8,342.15,344.65,345.1,345.65,271867,93970778.0,,126870.0,46.67
BATAINDIA,EQ,28-Feb-2011,346.3,352.5,360.9,342.0,342.0,343.4,352.6,411779,145193868.6,,82575.0,20.05
BATAINDIA,EQ,25-Feb-2011,343.8,350.0,352.95,340.1,345.05,346.3,345.65,128394,44380000.15,,14958.0,11.65
BATAINDIA,EQ,24-Feb-2011,348.8,350.1,354.9,331.4,349.0,343.8,344.45,464909,160138183.6,,110743.0,23.82
BATAINDIA,EQ,23-Feb-2011,346.8,347.0,354.5,340.2,350.0,348.8,349.65,366631,128194249.85,,68209.0,18.6
BATAINDIA,EQ,22-Feb-2011,352.0,348.85,357.8,344.55,346.3,346.8,351.22,294059,103279768.4,,30263.0,10.29
BATAINDIA,EQ,21-Feb-2011,337.7,339.25,353.9,338.45,352.65,352.0,348.01,391968,136409548.25,,144188.0,36.79
BATAINDIA,EQ,18-Feb-2011,345.55,346.05,352.0,335.0,338.0,337.7,343.88,168539,57957591.0,,39837.0,23.64
BATAINDIA,EQ,17-Feb-2011,343.5,345.5,353.7,344.35,345.2,345.55,349.7,534802,187018687.85,,102951.0,19.25
BATAINDIA,EQ,16-Feb-2011,334.65,332.0,348.0,320.55,345.1,343.5,337.59,347277,117236602.25,,29608.0,8.53
BATAINDIA,EQ,15-Feb-2011,340.5,337.55,341.95,332.0,332.0,334.65,337.28,112931,38089723.35,,22031.0,19.51
BATAINDIA,EQ,14-Feb-2011,333.25,336.0,345.7,332.15,340.0,340.5,340.12,317523,107994512.45,,45874.0,14.45
BATAINDIA,EQ,11-Feb-2011,320.05,322.05,335.0,317.0,334.0,333.25,326.8,303413,99154631.15,,45721.0,15.07
BATAINDIA,EQ,10-Feb-2011,308.1,305.0,324.0,302.05,320.35,320.05,315.21,268975,84783129.55,,39521.0,14.69
BATAINDIA,EQ,09-Feb-2011,311.9,305.1,314.4,296.85,310.0,308.1,303.97,366096,111281123.45,,103950.0,28.39
BATAINDIA,EQ,08-Feb-2011,316.45,317.0,321.9,308.4,312.5,311.9,313.96,206159,64725330.0,,36910.0,17.9
BATAINDIA,EQ,07-Feb-2011,319.5,321.0,325.5,313.75,317.0,316.45,318.16,96264,30627463.55,,15715.0,16.32
BATAINDIA,EQ,04-Feb-2011,327.25,328.0,333.5,315.1,320.0,319.5,326.05,262437,85568256.85,,56277.0,21.44
BATAINDIA,EQ,03-Feb-2011,311.8,311.45,329.5,306.2,327.4,327.25,321.3,434717,139675544.7,,68835.0,15.83
BATAINDIA,EQ,02-Feb-2011,307.45,309.0,315.45,300.65,311.7,311.8,310.08,554660,171989347.25,,170958.0,30.82
BATAINDIA,EQ,01-Feb-2011,315.6,317.1,320.3,299.15,308.5,307.45,304.43,1161744,353672893.75,,647554.0,55.74
BATAINDIA,EQ,31-Jan-2011,330.7,328.0,328.0,304.6,316.35,315.6,314.66,573593,180489218.5,,328648.0,57.3
BATAINDIA,EQ,28-Jan-2011,346.9,347.0,348.9,322.0,331.8,330.7,332.31,187226,62216936.05,,66510.0,35.52
BATAINDIA,EQ,27-Jan-2011,355.65,359.7,359.7,345.15,345.8,346.9,349.89,157928,55257115.95,,38251.0,24.22
BATAINDIA,EQ,25-Jan-2011,363.25,366.4,366.4,354.0,355.8,355.65,359.37,149559,53746412.6,,35745.0,23.9
BATAINDIA,EQ,24-Jan-2011,357.85,359.7,369.0,359.7,362.5,363.25,364.95,277446,101255234.55,,38594.0,13.91
BATAINDIA,EQ,21-Jan-2011,346.7,345.7,361.5,345.7,359.0,357.85,357.1,451126,161095239.1,,70069.0,15.53
BATAINDIA,EQ,20-Jan-2011,344.6,345.0,349.85,336.9,347.0,346.7,345.62,227774,78723411.3,,22962.0,10.08
BATAINDIA,EQ,19-Jan-2011,337.5,338.9,353.9,338.1,346.5,344.6,347.99,616981,214705152.55,,50749.0,8.23
BATAINDIA,EQ,18-Jan-2011,364.2,365.0,375.0,327.55,339.6,337.5,342.86,872447,299124581.1,,161311.0,18.49
BATAINDIA,EQ,17-Jan-2011,369.45,371.0,373.0,362.0,365.5,364.2,366.97,137468,50446953.7,,19099.0,13.89
BATAINDIA,EQ,14-Jan-2011,378.75,380.7,388.0,365.45,366.0,369.45,378.39,334797,126682538.0,,42505.0,12.7
BATAINDIA,EQ,13-Jan-2011,383.05,385.0,394.9,375.2,378.0,378.75,386.14,608451,234949106.6,,49568.0,8.15
BATAINDIA,EQ,12-Jan-2011,362.2,363.2,386.5,358.0,384.0,383.05,373.7,380926,142351335.0,,64313.0,16.88
BATAINDIA,EQ,11-Jan-2011,371.4,419.6,419.6,358.7,366.15,362.2,367.81,230709,84857009.85,,36876.0,15.98
BATAINDIA,EQ,10-Jan-2011,386.3,388.75,388.75,369.05,372.0,371.4,377.98,365531,138165100.9,,46662.0,12.77
BATAINDIA,EQ,07-Jan-2011,386.25,385.95,404.8,382.25,384.2,386.3,397.1,1251401,496928179.95,,102831.0,8.22
BATAINDIA,EQ,06-Jan-2011,398.1,400.45,401.25,383.0,388.0,386.25,391.14,429253,167898235.3,,85780.0,19.98
BATAINDIA,EQ,05-Jan-2011,403.45,405.0,415.9,395.85,397.0,398.1,407.2,2018779,822048797.1,,190470.0,9.43
BATAINDIA,EQ,04-Jan-2011,373.05,375.0,407.35,375.0,403.7,403.45,395.47,2065383,816801303.85,,168553.0,8.16
BATAINDIA,EQ,03-Jan-2011,362.2,363.0,375.4,361.0,373.0,373.05,369.96,408488,151125229.0,,102010.0,24.97
BATAINDIA,EQ,28-Dec-2012,856.55,864.75,875.0,848.15,863.0,865.7,857.78,299848,257204241.6,7171.0,161848.0,53.98
BATAINDIA,EQ,27-Dec-2012,859.75,859.7,868.1,853.7,854.0,856.55,861.08,247642,213238767.8,5654.0,61638.0,24.89
BATAINDIA,EQ,26-Dec-2012,860.75,860.35,866.65,854.5,860.0,859.75,859.94,223041,191802129.5,11032.0,120673.0,54.1
BATAINDIA,EQ,24-Dec-2012,873.3,875.1,879.3,858.15,861.0,860.75,862.96,136296,117617937.35,8650.0,49212.0,36.11
BATAINDIA,EQ,21-Dec-2012,882.95,850.0,892.0,850.0,874.5,873.3,881.84,133660,117866769.3,9190.0,47930.0,35.86
BATAINDIA,EQ,20-Dec-2012,889.3,890.0,890.85,880.0,882.0,882.95,884.12,61546,54413753.8,2973.0,18472.0,30.01
BATAINDIA,EQ,19-Dec-2012,899.25,905.0,905.05,886.1,887.7,889.3,896.2,147408,132107373.4,5814.0,63022.0,42.75
BATAINDIA,EQ,18-Dec-2012,892.1,894.9,904.0,882.0,900.0,899.25,894.87,205891,184246257.6,9666.0,94357.0,45.83
BATAINDIA,EQ,17-Dec-2012,882.85,878.1,897.9,878.05,894.0,892.1,891.82,145555,129808176.15,5908.0,62163.0,42.71
BATAINDIA,EQ,14-Dec-2012,877.05,874.85,885.0,868.6,879.75,882.85,880.84,134092,118114129.25,8430.0,37179.0,27.73
BATAINDIA,EQ,13-Dec-2012,890.2,892.65,893.55,871.15,874.1,877.05,881.93,151558,133662790.55,7793.0,43933.0,28.99
BATAINDIA,EQ,12-Dec-2012,885.0,885.0,895.25,875.0,887.0,890.2,887.53,149346,132549630.7,8080.0,24368.0,16.32
BATAINDIA,EQ,11-Dec-2012,890.3,894.0,896.05,877.75,882.0,885.0,886.01,184579,163538664.8,8534.0,61656.0,33.4
BATAINDIA,EQ,10-Dec-2012,905.9,913.05,913.05,884.1,888.55,890.3,894.01,247805,221539486.65,11108.0,114134.0,46.06
BATAINDIA,EQ,07-Dec-2012,908.2,914.9,927.8,898.65,904.6,905.9,916.33,426779,391072311.5,21387.0,172398.0,40.4
BATAINDIA,EQ,06-Dec-2012,915.7,922.65,922.65,902.1,909.05,908.2,908.28,229907,208818999.15,15120.0,118291.0,51.45
BATAINDIA,EQ,05-Dec-2012,919.6,921.15,929.3,912.4,914.05,915.7,918.37,380593,349524105.15,5716.0,298449.0,78.42
BATAINDIA,EQ,04-Dec-2012,923.25,921.0,932.4,914.9,921.0,919.6,924.14,117062,108181120.1,5181.0,40684.0,34.75
BATAINDIA,EQ,03-Dec-2012,921.0,921.35,933.4,915.0,920.1,923.25,924.16,194369,179627506.0,7394.0,73444.0,37.79
BATAINDIA,EQ,30-Nov-2012,932.55,931.05,940.0,872.3,920.9,921.0,923.71,173025,159824935.9,7882.0,68331.0,39.49
BATAINDIA,EQ,29-Nov-2012,936.8,938.0,949.0,930.05,933.0,932.55,937.42,200095,187573198.25,6695.0,71605.0,35.79
BATAINDIA,EQ,27-Nov-2012,905.85,908.45,945.9,908.45,938.0,936.8,932.27,682634,636399107.15,26960.0,246921.0,36.17
BATAINDIA,EQ,26-Nov-2012,874.45,879.45,907.85,875.75,904.0,905.85,896.15,388711,348342514.7,14896.0,151999.0,39.1
BATAINDIA,EQ,23-Nov-2012,876.1,880.05,883.7,867.0,873.1,874.45,873.93,101764,88934780.45,3319.0,31967.0,31.41
BATAINDIA,EQ,22-Nov-2012,869.9,872.3,882.5,868.0,878.0,876.1,875.55,138746,121479022.3,4899.0,40846.0,29.44
BATAINDIA,EQ,21-Nov-2012,873.85,875.0,889.5,866.0,870.0,869.9,879.82,227081,199790631.35,9436.0,57634.0,25.38
BATAINDIA,EQ,20-Nov-2012,870.95,874.15,884.2,862.55,874.0,873.85,877.52,243827,213962898.05,7957.0,90267.0,37.02
BATAINDIA,EQ,19-Nov-2012,865.25,869.05,878.95,866.45,870.0,870.95,872.24,183542,160092464.35,6616.0,38704.0,21.09
BATAINDIA,EQ,16-Nov-2012,861.35,861.0,883.35,859.35,863.0,865.25,873.91,282306,246708879.65,10288.0,91910.0,32.56
BATAINDIA,EQ,15-Nov-2012,857.35,852.15,873.45,850.3,862.5,861.35,862.55,221628,191165184.95,8867.0,77225.0,34.84
BATAINDIA,EQ,13-Nov-2012,852.9,855.55,858.8,854.0,857.0,857.35,857.52,25346,21734722.75,1017.0,11625.0,45.87
BATAINDIA,EQ,12-Nov-2012,856.4,856.4,858.75,844.6,853.0,852.9,852.44,123409,105198727.7,9771.0,45849.0,37.15
BATAINDIA,EQ,09-Nov-2012,857.1,853.75,863.0,847.2,855.05,856.4,855.46,339780,290668198.6,12634.0,116127.0,34.18
BATAINDIA,EQ,08-Nov-2012,865.55,865.55,865.55,852.25,859.0,857.1,858.61,141432,121435550.05,5073.0,52719.0,37.28
BATAINDIA,EQ,07-Nov-2012,865.4,890.0,890.0,861.0,864.3,865.55,866.49,137825,119423865.45,5785.0,43049.0,31.23
BATAINDIA,EQ,06-Nov-2012,861.4,864.0,871.6,857.95,866.4,865.4,865.33,200785,173744747.7,6888.0,63017.0,31.39
BATAINDIA,EQ,05-Nov-2012,862.3,864.85,875.25,855.55,861.4,861.4,865.37,250219,216532619.1,14536.0,91977.0,36.76
BATAINDIA,EQ,02-Nov-2012,852.35,860.0,868.8,853.0,862.0,862.3,863.49,322841,278770807.55,12118.0,98859.0,30.62
BATAINDIA,EQ,01-Nov-2012,854.2,851.0,861.75,839.95,851.4,852.35,851.65,903242,769242349.65,26173.0,397794.0,44.04
BATAINDIA,EQ,31-Oct-2012,887.55,888.0,911.0,847.65,849.2,854.2,873.07,932692,814308364.1,29120.0,133369.0,14.3
BATAINDIA,EQ,30-Oct-2012,904.5,905.0,905.0,875.0,885.0,887.55,886.35,235256,208518901.25,9591.0,64295.0,27.33
BATAINDIA,EQ,29-Oct-2012,900.15,901.0,914.9,894.85,903.0,904.5,906.24,154631,140132669.7,6115.0,46331.0,29.96
BATAINDIA,EQ,26-Oct-2012,908.7,903.25,911.8,890.9,901.0,900.15,900.92,170012,153167367.05,6819.0,60500.0,35.59
BATAINDIA,EQ,25-Oct-2012,914.0,914.1,917.3,892.95,909.4,908.7,903.3,336640,304086249.9,12445.0,136471.0,40.54
BATAINDIA,EQ,23-Oct-2012,922.4,920.0,929.65,908.25,913.75,914.0,918.86,171954,158001190.35,7944.0,56645.0,32.94
BATAINDIA,EQ,22-Oct-2012,930.75,931.15,932.85,916.0,919.0,922.4,922.92,142561,131572657.5,5662.0,54800.0,38.44
BATAINDIA,EQ,19-Oct-2012,935.3,936.15,943.65,927.15,928.0,930.75,934.44,102485,95765931.7,5076.0,24172.0,23.59
BATAINDIA,EQ,18-Oct-2012,936.95,927.05,943.0,927.0,936.0,935.3,936.4,223359,209153279.35,6020.0,129935.0,58.17
BATAINDIA,EQ,17-Oct-2012,935.6,943.75,944.4,931.55,936.85,936.95,938.09,149531,140274247.6,5399.0,75648.0,50.59
BATAINDIA,EQ,16-Oct-2012,950.95,953.4,959.7,931.0,939.7,935.6,945.37,175689,166091100.2,8108.0,47242.0,26.89
BATAINDIA,EQ,15-Oct-2012,945.85,945.85,961.0,943.0,950.0,950.95,954.39,245819,234606508.05,8656.0,64336.0,26.17
BATAINDIA,EQ,12-Oct-2012,935.7,931.2,959.0,931.2,943.95,945.85,949.37,246536,234055053.45,7842.0,51171.0,20.76
BATAINDIA,EQ,11-Oct-2012,925.9,926.3,940.0,922.65,937.0,935.7,933.83,165573,154616209.65,6812.0,41770.0,25.23
BATAINDIA,EQ,10-Oct-2012,933.8,930.25,941.0,921.4,925.95,925.9,931.86,184098,171553119.2,8038.0,34714.0,18.86
BATAINDIA,EQ,09-Oct-2012,925.4,915.7,943.8,915.0,933.3,933.8,935.82,298088,278955350.25,15755.0,114408.0,38.38
BATAINDIA,EQ,08-Oct-2012,942.4,946.8,953.2,922.3,927.6,925.4,935.75,257961,241387996.1,12425.0,82479.0,31.97
BATAINDIA,EQ,05-Oct-2012,964.05,966.0,966.4,933.1,942.0,942.4,945.6,293617,277643962.5,10267.0,112907.0,38.45
BATAINDIA,EQ,04-Oct-2012,982.8,940.1,985.9,940.1,958.15,964.05,970.17,424641,411973343.95,16812.0,286374.0,67.44
BATAINDIA,EQ,03-Oct-2012,970.8,971.15,989.5,959.3,981.0,982.8,978.03,480009,469465288.55,18263.0,139233.0,29.01
BATAINDIA,EQ,01-Oct-2012,977.3,981.2,981.85,966.25,969.0,970.8,972.58,235734,229269780.4,9362.0,72470.0,30.74
BATAINDIA,EQ,28-Sep-2012,944.55,949.05,986.0,944.3,977.5,977.3,971.56,549437,533810208.4,18428.0,176829.0,32.18
BATAINDIA,EQ,27-Sep-2012,935.15,939.75,948.85,928.5,948.6,944.55,939.02,281727,264546429.5,11696.0,88319.0,31.35
BATAINDIA,EQ,26-Sep-2012,940.35,930.0,951.4,930.0,932.9,935.15,940.35,289149,271901611.65,13112.0,103936.0,35.95
BATAINDIA,EQ,25-Sep-2012,939.3,941.95,949.1,928.25,942.0,940.35,936.52,304246,284931610.45,8782.0,141083.0,46.37
BATAINDIA,EQ,24-Sep-2012,955.8,966.7,966.7,935.95,939.0,939.3,947.44,304264,288270541.5,13430.0,114765.0,37.72
BATAINDIA,EQ,21-Sep-2012,946.2,946.2,968.6,946.2,954.35,955.8,957.58,220781,211415900.9,7949.0,81005.0,36.69
BATAINDIA,EQ,20-Sep-2012,941.25,931.2,951.4,928.7,946.0,946.2,942.14,246024,231789239.95,8563.0,39010.0,15.86
BATAINDIA,EQ,18-Sep-2012,959.15,957.7,962.75,938.95,940.0,941.25,945.88,231752,219209718.5,7759.0,114377.0,49.35
BATAINDIA,EQ,17-Sep-2012,958.5,960.0,968.95,943.05,961.4,959.15,955.74,262487,250868077.9,12452.0,76381.0,29.1
BATAINDIA,EQ,14-Sep-2012,944.7,956.0,961.95,947.05,955.1,958.5,955.13,217210,207463566.85,7883.0,62096.0,28.59
BATAINDIA,EQ,13-Sep-2012,949.45,950.1,954.95,940.0,944.5,944.7,946.67,292243,276657019.3,12619.0,86670.0,29.66
BATAINDIA,EQ,12-Sep-2012,920.9,926.5,952.5,923.55,947.5,949.45,940.86,572869,538988870.85,17356.0,134094.0,23.41
BATAINDIA,EQ,11-Sep-2012,903.35,906.95,925.35,902.0,924.0,920.9,916.93,356234,326641300.8,10524.0,126543.0,35.52
BATAINDIA,EQ,10-Sep-2012,894.7,899.95,909.25,896.6,901.0,903.35,903.45,142399,128649737.45,5313.0,26358.0,18.51
BATAINDIA,EQ,08-Sep-2012,891.5,898.65,898.65,888.3,898.0,894.7,893.72,21024,18789504.3,627.0,4456.0,21.19
BATAINDIA,EQ,07-Sep-2012,874.85,883.85,894.95,882.7,893.1,891.5,887.05,263715,233929220.8,8175.0,168114.0,63.75
BATAINDIA,EQ,06-Sep-2012,873.2,867.0,882.95,865.0,876.1,874.85,874.59,175118,153156397.65,7455.0,30117.0,17.2
BATAINDIA,EQ,05-Sep-2012,896.3,887.95,897.25,868.0,868.8,873.2,882.56,322816,284904677.1,11985.0,139636.0,43.26
BATAINDIA,EQ,04-Sep-2012,903.75,913.4,927.3,892.6,893.45,896.3,899.72,153723,138307312.05,5296.0,40428.0,26.3
BATAINDIA,EQ,03-Sep-2012,888.5,894.1,907.4,891.4,901.5,903.75,899.96,321221,289086438.8,14500.0,157291.0,48.97
BATAINDIA,EQ,31-Aug-2012,886.2,885.0,894.55,880.45,885.1,888.5,886.79,149558,132626361.65,6172.0,30537.0,20.42
BATAINDIA,EQ,30-Aug-2012,872.5,868.15,890.0,865.95,885.15,886.2,877.7,265965,233438081.5,6658.0,103420.0,38.88
BATAINDIA,EQ,29-Aug-2012,876.2,879.85,879.85,864.5,871.05,872.5,870.53,204312,177859186.0,7669.0,39758.0,19.46
BATAINDIA,EQ,28-Aug-2012,885.35,885.0,886.5,867.6,871.0,876.2,876.69,204645,179410952.75,8313.0,25134.0,12.28
BATAINDIA,EQ,27-Aug-2012,894.95,892.4,903.2,882.35,885.65,885.35,892.06,175830,156851344.9,7894.0,24633.0,14.01
BATAINDIA,EQ,24-Aug-2012,899.0,893.25,904.0,889.4,893.65,894.95,896.06,149931,134347763.25,6159.0,13880.0,9.26
BATAINDIA,EQ,23-Aug-2012,901.2,907.2,914.8,891.55,896.2,899.0,906.56,365520,331364322.8,12139.0,68561.0,18.76
BATAINDIA,EQ,22-Aug-2012,888.35,885.0,907.9,850.0,902.5,901.2,894.01,328566,293741981.05,10946.0,37886.0,11.53
BATAINDIA,EQ,21-Aug-2012,893.85,898.05,899.4,881.7,890.0,888.35,888.74,277668,246773316.75,8228.0,151885.0,54.7
BATAINDIA,EQ,17-Aug-2012,901.8,901.2,907.0,891.4,895.0,893.85,899.06,208724,187654455.0,8237.0,52101.0,24.96
BATAINDIA,EQ,16-Aug-2012,911.6,912.65,917.0,900.0,900.25,901.8,906.0,297645,269664964.45,8122.0,100934.0,33.91
BATAINDIA,EQ,14-Aug-2012,913.65,914.85,921.0,908.7,909.95,911.6,914.33,162256,148355585.0,5723.0,68169.0,42.01
BATAINDIA,EQ,13-Aug-2012,916.05,916.05,923.0,907.95,911.0,913.65,914.57,207291,189583111.65,5749.0,95180.0,45.92
BATAINDIA,EQ,10-Aug-2012,912.25,909.95,922.95,907.7,917.8,916.05,915.68,190248,174206564.65,6603.0,25794.0,13.56
BATAINDIA,EQ,09-Aug-2012,910.4,912.2,917.7,903.05,914.3,912.25,910.4,226577,206275989.1,7481.0,105616.0,46.61
BATAINDIA,EQ,08-Aug-2012,919.7,919.0,931.4,905.3,914.55,910.4,922.17,356467,328723947.35,15716.0,97459.0,27.34
BATAINDIA,EQ,07-Aug-2012,918.95,921.55,927.0,916.25,919.4,919.7,921.53,367943,339071308.55,14716.0,211503.0,57.48
BATAINDIA,EQ,06-Aug-2012,917.9,920.0,937.0,915.3,918.0,918.95,928.58,436146,404996998.3,16564.0,99577.0,22.83
BATAINDIA,EQ,03-Aug-2012,898.45,904.5,922.0,887.0,919.0,917.9,908.39,373468,339255928.05,11466.0,51984.0,13.92
BATAINDIA,EQ,02-Aug-2012,898.65,899.8,904.5,892.55,899.5,898.45,899.33,124850,112281759.0,5455.0,16917.0,13.55
BATAINDIA,EQ,01-Aug-2012,889.85,888.35,905.0,886.0,897.5,898.65,899.38,259289,233199994.45,8468.0,44985.0,17.35
BATAINDIA,EQ,31-Jul-2012,877.05,879.75,894.0,871.0,890.9,889.85,884.53,357057,315826313.9,10722.0,42792.0,11.98
BATAINDIA,EQ,30-Jul-2012,883.4,883.5,891.8,866.0,875.6,877.05,874.51,342613,299618443.3,11570.0,74002.0,21.6
BATAINDIA,EQ,27-Jul-2012,895.7,899.8,910.5,875.3,884.0,883.4,886.44,446096,395436824.1,14743.0,48797.0,10.94
BATAINDIA,EQ,26-Jul-2012,907.25,910.0,917.9,886.8,889.0,895.7,904.84,487886,441459976.3,14687.0,112270.0,23.01
BATAINDIA,EQ,25-Jul-2012,900.7,903.95,914.5,897.6,908.0,907.25,908.51,298800,271462955.5,11557.0,100513.0,33.64
BATAINDIA,EQ,24-Jul-2012,911.25,910.0,916.85,896.0,900.25,900.7,904.55,271995,246033295.75,10275.0,67996.0,25.0
BATAINDIA,EQ,23-Jul-2012,909.65,909.65,919.5,900.0,908.75,911.25,912.53,450761,411332106.9,18382.0,136974.0,30.39
BATAINDIA,EQ,20-Jul-2012,906.5,908.9,917.7,893.25,908.0,909.65,910.46,438556,399289086.15,15953.0,97193.0,22.16
BATAINDIA,EQ,19-Jul-2012,885.45,884.05,913.25,884.05,905.5,906.5,903.3,451146,407521469.9,17352.0,77530.0,17.19
BATAINDIA,EQ,18-Jul-2012,880.3,879.9,889.35,872.55,886.9,885.45,882.67,158616,140005185.55,7705.0,24638.0,15.53
BATAINDIA,EQ,17-Jul-2012,880.3,881.1,885.0,878.05,880.0,880.3,880.71,182345,160593918.3,5793.0,69648.0,38.2
BATAINDIA,EQ,16-Jul-2012,887.35,890.25,892.35,804.8,876.55,880.3,876.22,421962,369732957.55,11270.0,23773.0,5.63
BATAINDIA,EQ,13-Jul-2012,870.7,873.75,894.8,872.35,882.3,887.35,888.27,482200,428322217.5,14959.0,87507.0,18.15
BATAINDIA,EQ,12-Jul-2012,876.7,871.55,875.0,866.9,870.35,870.7,870.86,118550,103240311.45,4523.0,22141.0,18.68
BATAINDIA,EQ,11-Jul-2012,877.1,876.95,887.4,871.5,873.5,876.7,877.86,113485,99624154.6,4461.0,14628.0,12.89
BATAINDIA,EQ,10-Jul-2012,872.1,873.1,883.4,872.1,875.25,877.1,877.24,195934,171880885.25,8349.0,47658.0,24.32
BATAINDIA,EQ,09-Jul-2012,881.25,878.7,885.85,868.1,870.0,872.1,875.9,178939,156733521.15,6013.0,34563.0,19.32
BATAINDIA,EQ,06-Jul-2012,886.05,890.0,890.0,877.0,881.45,881.25,881.01,162085,142797734.3,5518.0,26252.0,16.2
BATAINDIA,EQ,05-Jul-2012,882.4,880.4,896.0,876.65,888.95,886.05,887.53,283425,251548066.3,8419.0,44557.0,15.72
BATAINDIA,EQ,04-Jul-2012,887.5,887.5,892.7,877.5,882.0,882.4,883.61,296505,261994416.55,10029.0,85946.0,28.99
BATAINDIA,EQ,03-Jul-2012,877.9,912.5,912.5,881.0,887.0,887.5,887.83,332161,294902305.75,12845.0,78741.0,23.71
BATAINDIA,EQ,02-Jul-2012,866.3,877.8,883.7,866.3,876.1,877.9,876.08,325369,285050824.55,11570.0,61462.0,18.89
BATAINDIA,EQ,29-Jun-2012,843.35,843.0,870.0,840.9,869.0,866.3,861.56,405130,349042875.25,11477.0,131143.0,32.37
BATAINDIA,EQ,28-Jun-2012,856.5,857.0,862.3,840.0,840.85,843.35,850.64,309194,263012570.65,9769.0,76612.0,24.78
BATAINDIA,EQ,27-Jun-2012,858.75,860.0,868.0,852.0,857.0,856.5,859.51,366735,315211672.0,15274.0,60628.0,16.53
BATAINDIA,EQ,26-Jun-2012,851.15,852.0,864.0,840.1,856.5,858.75,851.98,517527,440921741.85,22592.0,160120.0,30.94
BATAINDIA,EQ,25-Jun-2012,852.6,852.45,865.0,846.95,848.9,851.15,856.87,375288,321572226.35,18976.0,67543.0,18.0
BATAINDIA,EQ,22-Jun-2012,847.25,846.0,859.75,833.0,855.0,852.6,851.11,696883,593121196.4,24727.0,85095.0,12.21
BATAINDIA,EQ,21-Jun-2012,820.9,818.95,852.0,804.1,851.0,847.25,828.26,953074,789397662.55,31191.0,122924.0,12.9
BATAINDIA,EQ,20-Jun-2012,803.2,804.25,825.0,800.1,822.3,820.9,814.26,552835,450151971.05,18327.0,95165.0,17.21
BATAINDIA,EQ,19-Jun-2012,790.75,788.5,810.0,769.2,807.25,803.2,787.32,874492,688502197.75,27992.0,129187.0,14.77
BATAINDIA,EQ,18-Jun-2012,817.7,820.0,825.8,785.6,789.95,790.75,805.28,533828,429879975.85,17346.0,115531.0,21.64
BATAINDIA,EQ,15-Jun-2012,822.25,824.95,832.0,813.3,816.85,817.7,820.95,358901,294641030.35,14396.0,97475.0,27.16
BATAINDIA,EQ,14-Jun-2012,826.15,825.0,834.2,819.45,822.1,822.25,826.85,305300,252437825.3,12720.0,29091.0,9.53
BATAINDIA,EQ,13-Jun-2012,819.25,819.0,831.0,811.75,827.0,826.15,823.88,630053,519089506.25,26513.0,182883.0,29.03
BATAINDIA,EQ,12-Jun-2012,833.75,833.0,836.45,807.05,818.5,819.25,819.49,721213,591026450.05,41401.0,182963.0,25.37
BATAINDIA,EQ,11-Jun-2012,833.9,836.05,854.0,829.05,832.2,833.75,843.71,568869,479957664.65,16640.0,98055.0,17.24
BATAINDIA,EQ,08-Jun-2012,840.65,850.6,850.6,821.9,830.0,833.9,831.83,436043,362712727.7,14004.0,44849.0,10.29
BATAINDIA,EQ,07-Jun-2012,821.7,826.0,843.9,806.45,841.65,840.65,827.52,935123,773836021.9,29531.0,131435.0,14.06
BATAINDIA,EQ,06-Jun-2012,814.7,816.3,830.95,798.85,818.0,821.7,815.32,1060693,864802444.5,42055.0,233126.0,21.98
BATAINDIA,EQ,05-Jun-2012,835.35,840.0,842.0,811.15,812.5,814.7,822.17,601483,494520928.0,22456.0,204575.0,34.01
BATAINDIA,EQ,04-Jun-2012,859.8,850.0,850.0,805.1,833.0,835.35,826.17,913727,754889311.3,34409.0,263738.0,28.86
BATAINDIA,EQ,01-Jun-2012,878.0,880.05,888.5,856.15,858.1,859.8,874.11,427858,373995568.8,13458.0,84047.0,19.64
BATAINDIA,EQ,31-May-2012,888.6,880.0,885.65,870.6,877.1,878.0,876.15,470347,412094539.8,11365.0,161314.0,34.3
BATAINDIA,EQ,30-May-2012,905.35,902.0,911.15,886.0,886.25,888.6,898.17,340243,305595294.25,11505.0,65335.0,19.2
BATAINDIA,EQ,29-May-2012,915.1,917.0,921.8,901.35,904.05,905.35,913.78,463191,423252809.4,16301.0,74916.0,16.17
BATAINDIA,EQ,28-May-2012,890.0,895.0,917.95,891.0,913.95,915.1,905.24,538562,487525973.9,19438.0,84549.0,15.7
BATAINDIA,EQ,25-May-2012,873.75,876.7,895.0,871.25,890.1,890.0,885.36,336208,297664662.6,12244.0,58418.0,17.38
BATAINDIA,EQ,24-May-2012,864.15,863.95,876.8,854.0,876.45,873.75,867.61,364192,315975032.95,14154.0,39219.0,10.77
BATAINDIA,EQ,23-May-2012,880.05,879.95,882.8,861.15,863.4,864.15,868.46,279051,242344108.8,8773.0,76054.0,27.25
BATAINDIA,EQ,22-May-2012,888.95,893.0,906.6,876.3,884.0,880.05,890.9,363256,323623272.95,12532.0,42556.0,11.72
BATAINDIA,EQ,21-May-2012,870.3,873.0,901.6,871.3,889.25,888.95,891.79,553161,493302697.2,21216.0,76198.0,13.78
BATAINDIA,EQ,18-May-2012,841.55,837.95,882.95,827.2,882.95,870.3,850.79,360874,307027850.95,15899.0,102830.0,28.49
BATAINDIA,EQ,17-May-2012,833.4,834.95,851.0,834.95,841.45,841.55,843.92,207627,175220479.55,11305.0,63642.0,30.65
BATAINDIA,EQ,16-May-2012,854.45,850.0,850.0,826.4,834.0,833.4,834.73,236951,197789274.4,11976.0,85396.0,36.04
BATAINDIA,EQ,15-May-2012,856.15,835.15,861.0,835.15,851.5,854.45,854.63,157092,134255310.5,5686.0,38216.0,24.33
BATAINDIA,EQ,14-May-2012,854.9,859.0,864.0,843.45,860.0,856.15,855.75,274615,235000916.15,10310.0,43410.0,15.81
BATAINDIA,EQ,11-May-2012,829.4,827.95,861.1,822.7,858.9,854.9,843.2,354939,299285460.05,15812.0,126130.0,35.54
BATAINDIA,EQ,10-May-2012,838.0,838.0,852.0,825.0,828.7,829.4,841.5,211641,178096890.0,8372.0,26156.0,12.36
BATAINDIA,EQ,09-May-2012,851.65,838.0,847.0,828.05,839.8,838.0,838.12,291659,244444842.4,10100.0,50773.0,17.41
BATAINDIA,EQ,08-May-2012,862.0,865.0,875.6,843.6,848.85,851.65,863.38,293239,253175985.65,9979.0,46565.0,15.88
BATAINDIA,EQ,07-May-2012,845.05,825.15,868.15,825.15,864.8,862.0,847.16,339123,287290149.4,12874.0,50216.0,14.81
BATAINDIA,EQ,04-May-2012,865.95,862.05,862.05,843.5,844.1,845.05,849.02,348193,295621264.05,9121.0,131483.0,37.76
BATAINDIA,EQ,03-May-2012,876.5,877.0,877.0,859.6,865.0,865.95,867.58,211722,183685050.7,7058.0,39536.0,18.67
BATAINDIA,EQ,02-May-2012,878.35,878.0,887.4,873.1,874.0,876.5,881.32,367823,324170014.25,11984.0,99187.0,26.97
BATAINDIA,EQ,30-Apr-2012,855.5,856.0,881.5,847.25,879.0,878.35,869.88,671676,584280661.1,21809.0,95012.0,14.15
BATAINDIA,EQ,28-Apr-2012,858.95,858.0,858.9,850.5,854.55,855.5,854.8,39177,33488359.5,1265.0,6481.0,16.54
BATAINDIA,EQ,27-Apr-2012,839.1,830.05,863.85,830.05,854.1,858.95,853.57,631674,539178260.3,19008.0,141678.0,22.43
BATAINDIA,EQ,26-Apr-2012,853.55,867.5,867.5,822.2,854.9,839.1,837.11,1323650,1108035891.35,34731.0,298324.0,22.54
BATAINDIA,EQ,25-Apr-2012,858.3,831.2,868.8,831.2,850.0,853.55,857.3,436883,374539692.85,14644.0,79556.0,18.21
BATAINDIA,EQ,24-Apr-2012,824.4,820.0,863.8,807.0,857.0,858.3,840.88,593953,499440820.6,19741.0,100529.0,16.93
BATAINDIA,EQ,23-Apr-2012,843.75,845.95,851.9,821.2,823.95,824.4,837.19,371131,310708310.4,19684.0,130523.0,35.17
BATAINDIA,EQ,20-Apr-2012,858.3,860.5,862.4,836.95,844.0,843.75,850.14,197654,168034000.5,6139.0,30699.0,15.53
BATAINDIA,EQ,19-Apr-2012,856.25,856.9,864.4,852.0,859.85,858.3,857.28,199122,170702924.65,7919.0,21820.0,10.96
BATAINDIA,EQ,18-Apr-2012,854.3,858.7,862.85,851.15,856.0,856.25,857.28,254611,218273275.5,8856.0,43181.0,16.96
BATAINDIA,EQ,17-Apr-2012,845.4,845.6,856.85,833.6,854.0,854.3,846.09,385355,326046240.4,14334.0,32799.0,8.51
BATAINDIA,EQ,16-Apr-2012,821.35,820.35,849.0,818.45,848.2,845.4,836.41,486659,407046058.15,16040.0,70596.0,14.51
BATAINDIA,EQ,13-Apr-2012,813.25,814.9,834.5,814.9,818.95,821.35,825.2,610724,503967367.05,25462.0,193668.0,31.71
BATAINDIA,EQ,12-Apr-2012,814.1,814.95,822.7,810.05,813.05,813.25,815.75,221728,180874761.35,8022.0,31866.0,14.37
BATAINDIA,EQ,11-Apr-2012,822.75,817.15,824.9,810.75,813.1,814.1,817.66,370098,302613915.85,14286.0,45721.0,12.35
BATAINDIA,EQ,10-Apr-2012,805.2,808.95,828.9,796.2,821.25,822.75,820.97,901025,739714182.7,24585.0,159574.0,17.71
BATAINDIA,EQ,09-Apr-2012,809.4,806.0,817.45,801.1,806.45,805.2,809.26,286015,231459581.25,8589.0,45312.0,15.84
BATAINDIA,EQ,04-Apr-2012,814.65,810.05,816.65,801.55,808.05,809.4,808.7,303029,245060591.55,9532.0,35813.0,11.82
BATAINDIA,EQ,03-Apr-2012,808.1,812.0,822.0,806.35,811.0,814.65,814.72,567068,461999771.6,16863.0,90105.0,15.89
BATAINDIA,EQ,02-Apr-2012,768.6,776.05,814.9,771.0,812.7,808.1,802.55,1016187,815544737.3,30575.0,205012.0,20.17
BATAINDIA,EQ,30-Mar-2012,763.75,768.0,782.0,762.05,767.0,768.6,772.62,483396,373481907.2,13882.0,183644.0,37.99
BATAINDIA,EQ,29-Mar-2012,770.75,764.0,773.0,759.2,764.1,763.75,765.07,366056,280059787.05,11552.0,162090.0,44.28
BATAINDIA,EQ,28-Mar-2012,781.85,783.9,787.0,765.35,773.0,770.75,777.61,314025,244188522.5,9473.0,77845.0,24.79
BATAINDIA,EQ,27-Mar-2012,783.45,783.5,796.7,776.0,781.05,781.85,785.71,511631,401995598.2,15486.0,74697.0,14.6
BATAINDIA,EQ,26-Mar-2012,784.35,790.0,792.0,772.9,783.6,783.45,783.52,651354,510348025.75,20968.0,80654.0,12.38
BATAINDIA,EQ,23-Mar-2012,756.4,757.9,790.45,757.9,781.5,784.35,777.2,696327,541187963.15,21458.0,123241.0,17.7
BATAINDIA,EQ,22-Mar-2012,773.05,777.0,785.0,751.1,755.0,756.4,769.69,842106,648159504.95,29451.0,157066.0,18.65
BATAINDIA,EQ,21-Mar-2012,725.4,726.0,779.0,726.0,774.15,773.05,756.01,1639808,1239717948.0,45996.0,393249.0,23.98
BATAINDIA,EQ,20-Mar-2012,688.4,692.4,732.45,682.7,730.0,725.4,714.14,632393,451616165.05,21453.0,197925.0,31.3
BATAINDIA,EQ,19-Mar-2012,695.55,698.95,699.0,685.45,688.35,688.4,691.6,117816,81481367.65,5502.0,27993.0,23.76
BATAINDIA,EQ,16-Mar-2012,683.95,660.0,709.5,660.0,690.1,695.55,697.7,347046,242132284.1,13553.0,114890.0,33.11
BATAINDIA,EQ,15-Mar-2012,691.55,692.0,703.0,677.5,682.35,683.95,690.13,237087,163620063.8,8757.0,45373.0,19.14
BATAINDIA,EQ,14-Mar-2012,697.75,693.0,708.45,687.15,696.0,691.55,695.34,182791,127101810.8,5863.0,46868.0,25.64
BATAINDIA,EQ,13-Mar-2012,683.95,687.65,705.5,687.5,698.0,697.75,699.74,252223,176491480.05,7654.0,48641.0,19.28
BATAINDIA,EQ,12-Mar-2012,688.35,691.55,695.65,674.65,684.5,683.95,685.2,206060,141193322.6,7884.0,28219.0,13.69
BATAINDIA,EQ,09-Mar-2012,662.05,674.9,691.0,668.1,691.0,688.35,683.9,241072,164868758.2,12024.0,52748.0,21.88
BATAINDIA,EQ,07-Mar-2012,671.95,669.6,674.6,656.35,659.35,662.05,665.84,247646,164892150.0,8374.0,73824.0,29.81
BATAINDIA,EQ,06-Mar-2012,674.85,670.15,692.0,660.65,671.0,671.95,680.18,283555,192869420.45,10247.0,61407.0,21.66
BATAINDIA,EQ,05-Mar-2012,693.85,688.6,691.85,670.25,673.05,674.85,677.61,219777,148922278.35,6491.0,78872.0,35.89
BATAINDIA,EQ,03-Mar-2012,695.3,699.4,699.4,691.35,694.4,693.85,694.49,18476,12831378.35,667.0,5845.0,31.64
BATAINDIA,EQ,02-Mar-2012,694.8,699.8,706.0,689.95,693.9,695.3,698.85,277267,193767465.35,10697.0,67440.0,24.32
BATAINDIA,EQ,01-Mar-2012,699.85,665.3,715.0,665.3,693.0,694.8,704.97,683990,482191745.1,19364.0,105559.0,15.43
BATAINDIA,EQ,29-Feb-2012,710.6,719.0,727.4,692.0,694.0,699.85,710.72,673271,478509754.1,22820.0,132054.0,19.61
BATAINDIA,EQ,28-Feb-2012,681.2,683.0,716.8,682.85,713.65,710.6,703.81,829009,583466769.8,21147.0,271545.0,32.76
BATAINDIA,EQ,27-Feb-2012,673.95,675.9,685.9,662.3,681.15,681.2,673.23,320901,216041720.65,9003.0,97845.0,30.49
BATAINDIA,EQ,24-Feb-2012,692.75,699.6,703.35,665.1,672.0,673.95,677.92,390313,264600062.85,11948.0,119631.0,30.65
BATAINDIA,EQ,23-Feb-2012,668.0,666.0,698.0,651.0,698.0,692.75,674.16,426692,287657884.1,14401.0,58083.0,13.61
BATAINDIA,EQ,22-Feb-2012,700.45,705.05,708.45,662.5,662.5,668.0,680.09,483442,328785235.15,13122.0,165149.0,34.16
BATAINDIA,EQ,21-Feb-2012,706.85,709.0,715.0,698.0,700.4,700.45,705.85,471118,332539175.55,12192.0,165640.0,35.16
BATAINDIA,EQ,17-Feb-2012,708.2,712.0,729.0,702.2,707.5,706.85,718.69,577756,415229433.15,17109.0,179268.0,31.03
BATAINDIA,EQ,16-Feb-2012,709.2,712.4,712.4,698.3,704.95,708.2,705.89,269121,189968673.1,10662.0,68438.0,25.43
BATAINDIA,EQ,15-Feb-2012,700.7,703.9,719.8,703.0,707.55,709.2,711.48,411547,292809389.95,17363.0,129727.0,31.52
BATAINDIA,EQ,14-Feb-2012,702.95,702.5,712.65,694.35,700.0,700.7,703.25,333219,234337811.75,13991.0,88103.0,26.44
BATAINDIA,EQ,13-Feb-2012,701.5,703.55,709.9,686.2,703.5,702.95,696.81,331556,231030539.7,10909.0,67681.0,20.41
BATAINDIA,EQ,10-Feb-2012,697.75,702.9,721.8,689.05,693.65,701.5,707.92,659125,466610893.1,18295.0,131666.0,19.98
BATAINDIA,EQ,09-Feb-2012,689.75,691.0,702.6,682.0,701.1,697.75,694.27,321702,223346903.55,10624.0,76671.0,23.83
BATAINDIA,EQ,08-Feb-2012,677.6,680.6,698.0,673.6,688.4,689.75,689.23,375173,258581333.15,12469.0,120743.0,32.18
BATAINDIA,EQ,07-Feb-2012,691.6,692.4,694.6,675.0,676.6,677.6,684.89,278232,190559544.7,9030.0,47703.0,17.15
BATAINDIA,EQ,06-Feb-2012,702.55,702.0,712.6,687.45,689.95,691.6,700.07,390265,273212348.5,18695.0,127131.0,32.58
BATAINDIA,EQ,03-Feb-2012,698.8,699.9,714.35,690.1,702.5,702.55,705.25,534297,376812167.45,20796.0,127549.0,23.87
BATAINDIA,EQ,02-Feb-2012,685.45,686.0,701.75,675.2,698.25,698.8,692.25,606568,419897386.05,21878.0,121129.0,19.97
BATAINDIA,EQ,01-Feb-2012,687.4,692.0,704.25,680.5,684.25,685.45,694.16,1012796,703039005.45,31073.0,201527.0,19.9
BATAINDIA,EQ,31-Jan-2012,642.95,651.5,691.5,646.35,691.0,687.4,671.43,620468,416602552.1,19304.0,167461.0,26.99
BATAINDIA,EQ,30-Jan-2012,656.35,658.7,667.9,638.2,640.0,642.95,654.92,451297,295564472.1,15299.0,104168.0,23.08
BATAINDIA,EQ,27-Jan-2012,627.45,640.0,663.0,630.15,660.1,656.35,645.81,732599,473121837.2,24544.0,213433.0,29.13
BATAINDIA,EQ,25-Jan-2012,614.75,619.65,629.4,614.1,628.0,627.45,624.54,594146,371070212.4,18756.0,118965.0,20.02
BATAINDIA,EQ,24-Jan-2012,599.9,604.15,625.0,595.0,613.85,614.75,610.97,687789,420219378.75,27746.0,122352.0,17.79
BATAINDIA,EQ,23-Jan-2012,584.4,583.7,604.0,575.35,600.2,599.9,593.86,515545,306163390.2,17091.0,107257.0,20.8
BATAINDIA,EQ,20-Jan-2012,600.5,603.1,616.5,578.35,584.3,584.4,601.22,821510,493905815.2,25318.0,147575.0,17.96
BATAINDIA,EQ,19-Jan-2012,595.1,598.4,606.7,594.5,601.9,600.5,600.9,369373,221956130.5,13601.0,113901.0,30.84
BATAINDIA,EQ,18-Jan-2012,604.3,601.05,611.95,590.8,592.2,595.1,600.6,543332,326325255.75,16505.0,112168.0,20.64
BATAINDIA,EQ,17-Jan-2012,610.85,617.9,621.25,597.15,600.0,604.3,611.8,869965,532245980.15,25720.0,218627.0,25.13
BATAINDIA,EQ,16-Jan-2012,580.55,577.3,616.2,569.0,612.0,610.85,595.79,1084293,646007435.25,35538.0,260888.0,24.06
BATAINDIA,EQ,13-Jan-2012,561.35,562.1,586.45,562.1,585.0,580.55,576.43,580821,334804325.9,17424.0,100315.0,17.27
BATAINDIA,EQ,12-Jan-2012,585.65,580.7,584.95,557.7,560.0,561.35,568.67,1003194,570486668.7,25782.0,275411.0,27.45
BATAINDIA,EQ,11-Jan-2012,588.35,590.0,607.65,576.6,578.6,585.65,595.56,1361473,810834402.8,38155.0,114629.0,8.42
BATAINDIA,EQ,10-Jan-2012,551.7,554.6,591.9,553.15,589.2,588.35,572.53,791366,453079046.45,16452.0,256491.0,32.41
BATAINDIA,EQ,09-Jan-2012,562.65,561.9,561.9,547.3,551.1,551.7,554.45,347183,192494633.8,12523.0,69024.0,19.88
BATAINDIA,EQ,07-Jan-2012,560.2,562.9,566.5,556.0,564.5,562.65,562.91,36346,20459362.3,1161.0,4707.0,12.95
BATAINDIA,EQ,06-Jan-2012,564.7,566.7,576.05,556.1,561.2,560.2,566.4,734920,416257262.7,18425.0,108726.0,14.79
BATAINDIA,EQ,05-Jan-2012,555.4,556.0,578.45,556.0,565.0,564.7,570.19,807884,460644336.1,21982.0,189916.0,23.51
BATAINDIA,EQ,04-Jan-2012,540.15,541.1,564.0,535.0,555.0,555.4,553.62,555831,307721000.85,16474.0,84245.0,15.16
BATAINDIA,EQ,03-Jan-2012,529.95,538.8,548.7,534.8,539.0,540.15,541.35,383292,207493348.0,9226.0,99569.0,25.98
BATAINDIA,EQ,02-Jan-2012,530.05,535.0,535.0,518.2,533.0,529.95,524.65,340938,178873018.8,10663.0,71926.0,21.1
BATAINDIA,EQ,30-Dec-2013,"1,055.45","1,060.00","1,060.00","1,043.00","1,052.00","1,046.85","1,049.54",71915,75477884.45,3347.0,26068.0,36.25
BATAINDIA,EQ,27-Dec-2013,"1,049.80","1,051.10","1,060.00","1,037.00","1,054.00","1,055.45","1,050.45",70564,74123829.35,3942.0,17803.0,25.23
BATAINDIA,EQ,26-Dec-2013,"1,054.20","1,056.05","1,066.65","1,043.00","1,058.10","1,049.80","1,054.02",247960,261353591.45,9149.0,130096.0,52.47
BATAINDIA,EQ,24-Dec-2013,"1,050.65","1,059.00","1,060.00","1,043.55","1,058.00","1,054.20","1,053.42",111212,117153358.4,5454.0,45912.0,41.28
BATAINDIA,EQ,23-Dec-2013,"1,025.90","1,035.00","1,055.80","1,030.20","1,055.10","1,050.65","1,046.42",201263,210605942.85,9265.0,72403.0,35.97
BATAINDIA,EQ,20-Dec-2013,"1,009.65","1,016.95","1,034.00","1,009.65","1,026.50","1,025.90","1,026.33",268654,275726686.65,9631.0,112705.0,41.95
BATAINDIA,EQ,19-Dec-2013,998.10,"1,004.80","1,019.95",998.00,"1,010.95","1,009.65","1,010.58",430934,435491637.1,10560.0,307049.0,71.25
BATAINDIA,EQ,18-Dec-2013,"1,000.55","1,006.80","1,010.90",982.10,998.00,998.10,996.33,173466,172828786.55,9106.0,78730.0,45.39
BATAINDIA,EQ,17-Dec-2013,"1,006.55","1,014.00","1,017.50",995.50,"1,002.00","1,000.55","1,005.47",114119,114743065.75,5671.0,51850.0,45.44
BATAINDIA,EQ,16-Dec-2013,"1,007.55","1,012.80","1,017.50",995.05,"1,010.50","1,006.55","1,007.52",341307,343873600.35,16837.0,152204.0,44.59
BATAINDIA,EQ,13-Dec-2013,"1,023.25","1,020.00","1,041.00",999.20,"1,009.20","1,007.55","1,025.60",283359,290613783.1,12431.0,68870.0,24.3
BATAINDIA,EQ,12-Dec-2013,"1,004.65","1,004.80","1,034.55","1,004.00","1,021.00","1,023.25","1,025.62",246223,252531693.8,10105.0,64864.0,26.34
BATAINDIA,EQ,11-Dec-2013,"1,014.15","1,004.00","1,017.80","1,002.25","1,003.25","1,004.65","1,009.31",120246,121365406.5,6093.0,58235.0,48.43
BATAINDIA,EQ,10-Dec-2013,"1,028.15","1,030.00","1,040.00","1,010.10","1,013.10","1,014.15","1,023.01",145294,148637032.1,7005.0,68006.0,46.81
BATAINDIA,EQ,09-Dec-2013,"1,039.75","1,046.00","1,053.50","1,023.00","1,026.70","1,028.15","1,033.69",80304,83009827.2,3584.0,34503.0,42.97
BATAINDIA,EQ,06-Dec-2013,"1,041.05","1,045.00","1,048.00","1,037.00","1,039.95","1,039.75","1,041.61",71991,74986682.85,3760.0,30884.0,42.9
BATAINDIA,EQ,05-Dec-2013,"1,043.75","1,053.30","1,058.35","1,037.60","1,040.50","1,041.05","1,047.38",103005,107885124.85,5082.0,50011.0,48.55
BATAINDIA,EQ,04-Dec-2013,"1,041.90","1,039.70","1,061.00","1,032.50","1,048.00","1,043.75","1,049.26",209335,219645895.4,8445.0,49671.0,23.73
BATAINDIA,EQ,03-Dec-2013,"1,051.15","1,056.40","1,057.00","1,035.20","1,042.00","1,041.90","1,043.47",159263,166186003.2,8212.0,59395.0,37.29
BATAINDIA,EQ,02-Dec-2013,"1,068.35","1,069.55","1,072.80","1,045.60","1,050.00","1,051.15","1,053.92",143886,151644045.8,8156.0,66286.0,46.07
BATAINDIA,EQ,29-Nov-2013,"1,074.50","1,075.50","1,082.90","1,057.25","1,065.00","1,068.35","1,069.86",181706,194399596.4,6986.0,61627.0,33.92
BATAINDIA,EQ,28-Nov-2013,"1,073.20","1,073.00","1,081.50","1,061.10","1,075.00","1,074.50","1,072.50",177032,189866351.75,9699.0,62049.0,35.05
BATAINDIA,EQ,27-Nov-2013,"1,061.65","1,069.30","1,077.00","1,058.10","1,077.00","1,073.20","1,069.03",144208,154162355.3,6860.0,17587.0,12.2
BATAINDIA,EQ,26-Nov-2013,"1,052.55","1,040.00","1,067.25","1,040.00","1,064.35","1,061.65","1,055.16",152820,161249691.0,7847.0,40088.0,26.23
BATAINDIA,EQ,25-Nov-2013,"1,050.55","1,058.00","1,071.80","1,040.10","1,053.35","1,052.55","1,058.12",259078,274136256.5,13223.0,61606.0,23.78
BATAINDIA,EQ,22-Nov-2013,"1,012.95","1,023.00","1,055.75","1,020.50","1,051.05","1,050.55","1,042.98",481625,502325287.15,21346.0,120857.0,25.09
BATAINDIA,EQ,21-Nov-2013,"1,010.50","1,008.00","1,029.00","1,000.10","1,016.95","1,012.95","1,016.43",264799,269149506.45,14012.0,53153.0,20.07
BATAINDIA,EQ,20-Nov-2013,"1,030.95","1,044.00","1,044.00","1,001.95","1,012.70","1,010.50","1,017.69",375457,382099191.2,23376.0,152225.0,40.54
BATAINDIA,EQ,19-Nov-2013,994.45,992.20,"1,038.00",982.10,"1,035.05","1,030.95","1,016.73",374449,380714486.9,19473.0,83088.0,22.19
BATAINDIA,EQ,18-Nov-2013,981.70,982.80,"1,001.00",981.05,996.00,994.45,993.10,194498,193155942.7,12877.0,53153.0,27.33
BATAINDIA,EQ,14-Nov-2013,967.40,972.30,989.35,970.00,979.70,981.70,977.78,233311,228126958.9,11639.0,81301.0,34.85
BATAINDIA,EQ,13-Nov-2013,952.85,959.90,"1,003.00",956.60,969.50,967.40,979.96,1014885,994544643.85,36360.0,238161.0,23.47
BATAINDIA,EQ,12-Nov-2013,918.20,919.00,958.80,914.20,955.00,952.85,939.87,329851,310016712.05,16325.0,67439.0,20.45
BATAINDIA,EQ,11-Nov-2013,916.50,919.75,930.00,907.75,920.95,918.20,918.60,91630,84171408.2,5221.0,26071.0,28.45
BATAINDIA,EQ,08-Nov-2013,923.55,922.05,932.50,911.25,920.00,916.50,920.48,63633,58573134.25,4379.0,13718.0,21.56
BATAINDIA,EQ,07-Nov-2013,939.05,941.60,950.00,918.60,920.55,923.55,938.52,177755,166826928.6,9566.0,60007.0,33.76
BATAINDIA,EQ,06-Nov-2013,926.45,929.90,947.25,922.25,940.15,939.05,939.70,286708,269420828.4,18044.0,70740.0,24.67
BATAINDIA,EQ,05-Nov-2013,912.65,903.05,935.00,903.05,931.00,926.45,920.03,125947,115875543.5,13056.0,57507.0,45.66
BATAINDIA,EQ,03-Nov-2013,920.40,915.00,920.40,908.15,913.00,912.65,913.69,25495,23294524.0,1160.0,11635.0,45.64
BATAINDIA,EQ,01-Nov-2013,914.00,914.00,927.50,907.15,910.00,920.40,919.19,193158,177548889.3,9946.0,65152.0,33.73
BATAINDIA,EQ,31-Oct-2013,887.65,884.00,918.05,883.20,913.50,914.00,903.55,239673,216557335.1,13911.0,91361.0,38.12
BATAINDIA,EQ,30-Oct-2013,894.60,902.00,931.60,870.75,883.00,887.65,906.50,1227074,1112343297.6,30949.0,346164.0,28.21
BATAINDIA,EQ,29-Oct-2013,891.35,888.05,913.00,883.25,895.00,894.60,900.39,182573,164386547.1,7795.0,49445.0,27.08
BATAINDIA,EQ,28-Oct-2013,892.95,899.95,899.95,875.50,895.00,891.35,889.02,214265,190485114.9,9762.0,96347.0,44.97
BATAINDIA,EQ,25-Oct-2013,902.30,901.80,904.00,886.10,892.00,892.95,894.72,101573,90879597.25,5481.0,30881.0,30.4
BATAINDIA,EQ,24-Oct-2013,900.30,904.00,918.00,898.20,899.30,902.30,910.36,204004,185716125.25,9213.0,65107.0,31.91
BATAINDIA,EQ,23-Oct-2013,893.55,894.90,906.00,892.70,902.00,900.30,900.16,553264,498027825.7,12199.0,330906.0,59.81
BATAINDIA,EQ,22-Oct-2013,882.00,880.00,906.75,880.00,892.00,893.55,898.05,361731,324852180.2,10409.0,190553.0,52.68
BATAINDIA,EQ,21-Oct-2013,884.80,887.00,890.00,875.00,880.00,882.00,882.80,97042,85668318.65,5199.0,26691.0,27.5
BATAINDIA,EQ,18-Oct-2013,867.60,870.00,888.00,870.00,885.00,884.80,881.35,131677,116053226.35,6143.0,55920.0,42.47
BATAINDIA,EQ,17-Oct-2013,881.55,887.75,898.75,862.25,869.40,867.60,881.12,194203,171115831.8,12295.0,50666.0,26.09
BATAINDIA,EQ,15-Oct-2013,900.10,911.90,918.85,877.65,880.00,881.55,897.52,363631,326367498.45,14964.0,73873.0,20.32
BATAINDIA,EQ,14-Oct-2013,865.30,863.00,904.50,863.00,904.45,900.10,889.30,369651,328730993.55,14449.0,94089.0,25.45
BATAINDIA,EQ,11-Oct-2013,873.75,881.00,881.00,862.00,864.05,865.30,869.03,110329,95878813.4,5406.0,34919.0,31.65
BATAINDIA,EQ,10-Oct-2013,870.05,870.00,884.90,862.00,873.05,873.75,875.57,150550,131816438.6,6304.0,46138.0,30.65
BATAINDIA,EQ,09-Oct-2013,866.85,855.00,873.95,854.00,870.20,870.05,863.86,155460,134295930.9,10361.0,30379.0,19.54
BATAINDIA,EQ,08-Oct-2013,876.55,880.00,883.20,864.50,864.50,866.85,874.23,120038,104940558.6,5019.0,34389.0,28.65
BATAINDIA,EQ,07-Oct-2013,861.65,862.65,879.80,857.00,875.20,876.55,872.26,221813,193478199.35,9098.0,62218.0,28.05
BATAINDIA,EQ,04-Oct-2013,868.95,868.00,884.55,858.10,861.40,861.65,872.00,246801,215209284.0,10729.0,46978.0,19.03
BATAINDIA,EQ,03-Oct-2013,857.70,861.00,876.40,850.65,873.25,868.95,867.05,229050,198598353.05,10996.0,69885.0,30.51
BATAINDIA,EQ,01-Oct-2013,856.55,860.00,869.00,853.00,858.00,857.70,861.20,157023,135228169.1,8911.0,33144.0,21.11
BATAINDIA,EQ,30-Sep-2013,850.30,852.15,872.00,841.70,864.00,856.55,856.38,413261,353907167.0,15450.0,108923.0,26.36
BATAINDIA,EQ,27-Sep-2013,821.15,826.00,860.00,823.00,853.00,850.30,846.50,421710,356979206.9,18037.0,95163.0,22.57
BATAINDIA,EQ,26-Sep-2013,819.45,820.40,823.75,810.10,823.25,821.15,817.53,94978,77647296.85,4193.0,33059.0,34.81
BATAINDIA,EQ,25-Sep-2013,822.30,823.25,832.95,813.15,820.80,819.45,821.88,147661,121359015.15,6442.0,40885.0,27.69
BATAINDIA,EQ,24-Sep-2013,825.35,820.00,832.90,819.85,824.95,822.30,824.37,123999,102221079.95,10865.0,48170.0,38.85
BATAINDIA,EQ,23-Sep-2013,831.20,825.50,840.00,817.15,824.00,825.35,829.88,207441,172151353.35,6817.0,113990.0,54.95
BATAINDIA,EQ,20-Sep-2013,834.30,837.70,843.95,814.00,831.00,831.20,830.92,338406,281187653.45,14026.0,137390.0,40.6
BATAINDIA,EQ,19-Sep-2013,810.50,826.25,839.95,818.00,837.60,834.30,834.42,370754,309363896.0,13256.0,167392.0,45.15
BATAINDIA,EQ,18-Sep-2013,809.25,808.00,814.80,803.00,810.00,810.50,809.58,173245,140256387.4,13659.0,78193.0,45.13
BATAINDIA,EQ,17-Sep-2013,822.85,820.00,820.00,805.60,809.80,809.25,810.29,122958,99631532.95,7949.0,35942.0,29.23
BATAINDIA,EQ,16-Sep-2013,822.15,829.70,835.70,813.10,820.65,822.85,823.88,291035,239778344.25,21477.0,129242.0,44.41
BATAINDIA,EQ,13-Sep-2013,826.50,819.45,827.75,808.00,819.80,822.15,817.68,297397,243174747.45,12035.0,115551.0,38.85
BATAINDIA,EQ,12-Sep-2013,834.45,839.00,840.05,815.60,826.00,826.50,825.16,211551,174563736.2,13264.0,52625.0,24.88
BATAINDIA,EQ,11-Sep-2013,848.60,848.00,855.25,828.20,831.85,834.45,842.31,189106,159286209.8,9191.0,54584.0,28.86
BATAINDIA,EQ,10-Sep-2013,823.35,831.00,858.00,825.00,850.00,848.60,845.81,229292,193937051.25,11764.0,56744.0,24.75
BATAINDIA,EQ,06-Sep-2013,827.45,828.35,837.70,807.75,824.45,823.35,819.49,135940,111400983.5,7935.0,19357.0,14.24
BATAINDIA,EQ,05-Sep-2013,803.40,817.00,834.90,815.30,827.80,827.45,826.97,164952,136409736.0,8796.0,38466.0,23.32
BATAINDIA,EQ,04-Sep-2013,804.10,809.00,824.90,791.25,801.55,803.40,810.27,157622,127716827.55,10501.0,23745.0,15.06
BATAINDIA,EQ,03-Sep-2013,825.70,842.00,844.90,800.00,803.80,804.10,822.52,205377,168926629.15,13581.0,51171.0,24.92
BATAINDIA,EQ,02-Sep-2013,818.65,816.00,842.00,810.60,831.00,825.70,832.24,239090,198979595.0,12193.0,54854.0,22.94
BATAINDIA,EQ,30-Aug-2013,796.85,801.00,824.00,785.15,821.35,818.65,807.23,186923,150889161.55,10623.0,40378.0,21.6
BATAINDIA,EQ,29-Aug-2013,788.60,795.00,817.00,774.00,800.65,796.85,794.78,439718,349478230.65,17145.0,207704.0,47.24
BATAINDIA,EQ,28-Aug-2013,792.55,780.05,796.90,771.05,791.00,788.60,786.19,318433,250349464.75,18046.0,137717.0,43.25
BATAINDIA,EQ,27-Aug-2013,828.00,820.00,828.00,787.40,790.75,792.55,806.98,194369,156852802.05,11170.0,54607.0,28.09
BATAINDIA,EQ,26-Aug-2013,851.10,843.55,863.95,822.25,825.30,828.00,844.63,216691,183024168.85,11284.0,41158.0,18.99
BATAINDIA,EQ,23-Aug-2013,816.25,816.00,856.80,810.15,849.15,851.10,831.33,227906,189466144.2,13514.0,56537.0,24.81
BATAINDIA,EQ,22-Aug-2013,829.65,823.00,834.35,802.15,819.00,816.25,816.07,234998,191775687.45,13761.0,77070.0,32.8
BATAINDIA,EQ,21-Aug-2013,845.25,849.75,875.00,827.05,828.00,829.65,853.76,198041,169078570.15,8203.0,40305.0,20.35
BATAINDIA,EQ,20-Aug-2013,855.05,838.05,859.85,832.00,840.55,845.25,847.57,204496,173324964.45,10569.0,58539.0,28.63
BATAINDIA,EQ,19-Aug-2013,879.25,876.00,877.00,840.20,852.00,855.05,851.67,265214,225876100.75,15539.0,78054.0,29.43
BATAINDIA,EQ,16-Aug-2013,921.50,916.35,917.90,871.70,878.20,879.25,887.40,236358,209744476.1,11042.0,44656.0,18.89
BATAINDIA,EQ,14-Aug-2013,919.05,923.90,930.00,912.20,918.90,921.50,920.21,176778,162673402.65,8007.0,23350.0,13.21
BATAINDIA,EQ,13-Aug-2013,900.80,899.10,922.60,891.00,919.10,919.05,908.23,234991,213426065.8,11948.0,47758.0,20.32
BATAINDIA,EQ,12-Aug-2013,871.85,875.00,907.90,864.00,901.05,900.80,890.61,254997,227102726.9,11471.0,61357.0,24.06
BATAINDIA,EQ,08-Aug-2013,874.00,873.00,880.00,854.25,870.35,871.85,868.26,138415,120180877.25,7711.0,33798.0,24.42
BATAINDIA,EQ,07-Aug-2013,846.55,835.20,880.00,826.00,878.90,874.00,857.89,326300,279928320.05,34916.0,110325.0,33.81
BATAINDIA,EQ,06-Aug-2013,877.45,872.00,872.00,825.00,841.35,846.55,851.74,426184,362997213.95,33899.0,239006.0,56.08
BATAINDIA,EQ,05-Aug-2013,901.85,893.00,907.85,872.00,878.50,877.45,880.28,191365,168455358.45,12975.0,81186.0,42.42
BATAINDIA,EQ,02-Aug-2013,925.85,934.90,934.90,893.10,900.00,901.85,903.76,494287,446715208.0,32400.0,246107.0,49.79
BATAINDIA,EQ,01-Aug-2013,962.90,968.70,975.00,890.00,925.25,925.85,938.40,581558,545732655.8,27344.0,191670.0,32.96
BATAINDIA,EQ,31-Jul-2013,928.65,928.90,973.00,920.25,973.00,962.90,947.62,461166,437010214.55,21353.0,151348.0,32.82
BATAINDIA,EQ,30-Jul-2013,922.65,919.90,933.60,910.20,927.10,928.65,923.79,253421,234108017.85,10773.0,139317.0,54.97
BATAINDIA,EQ,29-Jul-2013,907.50,913.90,927.95,906.70,919.00,922.65,921.41,210516,193970806.4,12851.0,74756.0,35.51
BATAINDIA,EQ,26-Jul-2013,876.10,890.00,915.00,888.20,914.60,907.50,906.33,397359,360138178.5,13821.0,79353.0,19.97
BATAINDIA,EQ,25-Jul-2013,894.20,892.00,892.00,852.70,877.85,876.10,868.43,328461,285245513.1,16766.0,80556.0,24.53
BATAINDIA,EQ,24-Jul-2013,916.30,918.00,925.70,892.00,894.95,894.20,902.30,221931,200248556.1,11528.0,98267.0,44.28
BATAINDIA,EQ,23-Jul-2013,928.55,925.50,928.50,911.15,920.40,916.30,919.98,113076,104027231.65,6586.0,28976.0,25.63
BATAINDIA,EQ,22-Jul-2013,928.55,930.00,941.00,923.00,928.90,928.55,933.70,148992,139114528.35,5486.0,36591.0,24.56
BATAINDIA,EQ,19-Jul-2013,934.60,937.00,944.00,924.35,926.30,928.55,936.79,193098,180891829.5,9667.0,52618.0,27.25
BATAINDIA,EQ,18-Jul-2013,924.20,929.00,938.00,925.55,935.00,934.60,932.96,231518,215997019.35,8749.0,68394.0,29.54
BATAINDIA,EQ,17-Jul-2013,904.05,912.00,937.00,908.30,921.00,924.20,923.80,474883,438697929.2,17852.0,142687.0,30.05
BATAINDIA,EQ,16-Jul-2013,908.85,899.95,907.35,891.50,906.00,904.05,900.79,120154,108232990.8,5791.0,43593.0,36.28
BATAINDIA,EQ,15-Jul-2013,897.55,898.70,911.40,888.00,908.00,908.85,903.87,171066,154621656.7,8052.0,37355.0,21.84
BATAINDIA,EQ,12-Jul-2013,885.45,889.30,909.00,882.35,891.25,897.55,895.68,242922,217581515.05,11034.0,82015.0,33.76
BATAINDIA,EQ,11-Jul-2013,887.30,895.00,900.10,880.10,882.00,885.45,890.03,140221,124801481.3,7659.0,31888.0,22.74
BATAINDIA,EQ,10-Jul-2013,893.80,896.20,919.00,879.00,880.00,887.30,907.45,581788,527945228.25,21643.0,170243.0,29.26
BATAINDIA,EQ,09-Jul-2013,867.85,872.00,897.50,870.00,892.75,893.80,884.98,379761,336081821.2,12547.0,139117.0,36.63
BATAINDIA,EQ,08-Jul-2013,874.20,869.00,872.95,851.10,870.00,867.85,861.77,162937,140413833.5,8564.0,49982.0,30.68
BATAINDIA,EQ,05-Jul-2013,866.45,870.00,880.50,868.00,875.80,874.20,874.37,277057,242250877.9,12484.0,102864.0,37.13
BATAINDIA,EQ,04-Jul-2013,844.15,847.00,869.70,840.15,867.95,866.45,859.13,315306,270889223.8,13534.0,86150.0,27.32
BATAINDIA,EQ,03-Jul-2013,852.80,853.00,860.90,838.20,845.00,844.15,848.92,260097,220801442.3,11847.0,35542.0,13.66
BATAINDIA,EQ,02-Jul-2013,839.20,839.00,860.95,835.00,855.00,852.80,851.24,220544,187736963.7,9266.0,28843.0,13.08
BATAINDIA,EQ,01-Jul-2013,835.15,835.00,848.00,832.00,840.00,839.20,841.71,111763,94072371.05,5086.0,19600.0,17.54
BATAINDIA,EQ,28-Jun-2013,804.65,811.15,839.90,805.00,837.65,835.15,825.37,296950,245094111.35,10148.0,101911.0,34.32
BATAINDIA,EQ,27-Jun-2013,805.10,809.00,816.45,797.00,810.00,804.65,805.47,389397,313648887.35,11608.0,153449.0,39.41
BATAINDIA,EQ,26-Jun-2013,815.40,819.00,821.90,801.05,801.35,805.10,812.53,211271,171664541.0,12229.0,93934.0,44.46
BATAINDIA,EQ,25-Jun-2013,834.15,841.50,841.90,805.85,816.10,815.40,820.01,260425,213551922.05,14852.0,83130.0,31.92
BATAINDIA,EQ,24-Jun-2013,826.65,831.00,842.00,825.00,835.00,834.15,835.50,385927,322442816.35,16696.0,160774.0,41.66
BATAINDIA,EQ,21-Jun-2013,820.70,814.00,833.65,810.00,832.00,826.65,822.40,251434,206780087.45,12241.0,98105.0,39.02
BATAINDIA,EQ,20-Jun-2013,826.40,822.20,826.80,814.85,817.00,820.70,821.11,199600,163894502.75,10845.0,91946.0,46.07
BATAINDIA,EQ,19-Jun-2013,820.75,820.00,829.85,812.10,827.50,826.40,821.63,144125,118417587.7,6911.0,44885.0,31.14
BATAINDIA,EQ,18-Jun-2013,818.95,816.00,835.30,811.00,819.60,820.75,825.64,194067,160229073.1,7449.0,48206.0,24.84
BATAINDIA,EQ,17-Jun-2013,811.40,816.75,823.20,801.00,823.00,818.95,813.85,192283,156489849.85,11487.0,57789.0,30.05
BATAINDIA,EQ,14-Jun-2013,807.10,813.00,824.50,777.75,808.00,811.40,807.60,434368,350797168.15,20821.0,124943.0,28.76
BATAINDIA,EQ,13-Jun-2013,802.35,800.00,821.35,784.50,804.95,807.10,805.68,301786,243143682.1,12855.0,77873.0,25.8
BATAINDIA,EQ,12-Jun-2013,806.60,809.00,825.95,748.70,804.00,802.35,787.51,1991378,1568228492.9,66779.0,775237.0,38.93
BATAINDIA,EQ,11-Jun-2013,872.00,865.00,877.00,797.10,810.25,806.60,827.01,891945,737644974.15,24184.0,401751.0,45.04
BATAINDIA,EQ,10-Jun-2013,877.20,880.10,887.00,861.65,872.90,872.00,873.20,143206,125047716.8,6376.0,29806.0,20.81
BATAINDIA,EQ,07-Jun-2013,888.20,889.00,898.65,874.50,877.20,877.20,886.54,297511,263755345.05,11055.0,46173.0,15.52
BATAINDIA,EQ,06-Jun-2013,865.75,860.00,894.45,857.00,891.00,888.20,876.86,476203,417564358.1,19305.0,98892.0,20.77
BATAINDIA,EQ,05-Jun-2013,863.10,866.00,878.70,854.50,861.90,865.75,866.93,782075,678006534.7,27510.0,200916.0,25.69
BATAINDIA,EQ,04-Jun-2013,811.60,812.00,867.95,812.00,861.00,863.10,854.69,1565491,1338010715.45,51584.0,281666.0,17.99
BATAINDIA,EQ,03-Jun-2013,802.40,806.10,820.05,797.50,809.90,811.60,810.58,104300,84543080.75,5949.0,33813.0,32.42
BATAINDIA,EQ,31-May-2013,825.45,828.00,829.40,796.35,810.55,802.40,811.53,116046,94175361.25,5629.0,40141.0,34.59
BATAINDIA,EQ,30-May-2013,824.90,826.90,830.00,820.20,829.00,825.45,824.49,76487,63062818.05,3220.0,21418.0,28.0
BATAINDIA,EQ,29-May-2013,831.55,832.95,837.00,819.40,823.00,824.90,827.37,101708,84150656.2,5941.0,26707.0,26.26
BATAINDIA,EQ,28-May-2013,827.45,829.00,841.90,826.40,832.50,831.55,834.42,185509,154792661.05,9478.0,48850.0,26.33
BATAINDIA,EQ,27-May-2013,800.65,801.70,829.80,800.00,827.00,827.45,818.69,263868,216026222.5,11787.0,101169.0,38.34
BATAINDIA,EQ,24-May-2013,798.75,800.80,807.00,795.50,801.00,800.65,801.09,66819,53527911.85,3907.0,29876.0,44.71
BATAINDIA,EQ,23-May-2013,806.05,801.00,804.05,788.00,800.00,798.75,795.71,153232,121927979.4,10989.0,67946.0,44.34
BATAINDIA,EQ,22-May-2013,808.35,809.00,815.00,799.00,810.95,806.05,804.26,164718,132476712.35,11657.0,75030.0,45.55
BATAINDIA,EQ,21-May-2013,815.65,815.05,821.00,805.80,807.85,808.35,813.22,139342,113315584.6,17376.0,66265.0,47.56
BATAINDIA,EQ,20-May-2013,815.25,817.00,829.85,812.00,817.05,815.65,824.08,203671,167841295.45,15528.0,91126.0,44.74
BATAINDIA,EQ,17-May-2013,810.65,808.70,821.80,808.00,814.50,815.25,815.92,192434,157010249.4,9130.0,64378.0,33.45
BATAINDIA,EQ,16-May-2013,815.85,815.85,820.85,805.00,811.00,810.65,813.78,180633,146995218.95,8163.0,70133.0,38.83
BATAINDIA,EQ,15-May-2013,810.20,812.90,827.85,808.05,809.90,815.85,819.73,281693,230911611.85,15089.0,120854.0,42.9
BATAINDIA,EQ,14-May-2013,798.75,801.35,814.00,790.00,812.45,810.20,802.96,184982,148533308.1,10114.0,73575.0,39.77
BATAINDIA,EQ,13-May-2013,811.05,813.85,814.15,795.00,798.75,798.75,803.48,137208,110243884.5,7370.0,35865.0,26.14
BATAINDIA,EQ,11-May-2013,806.45,806.45,813.50,804.00,811.00,811.05,810.99,22295,18080944.05,968.0,5964.0,26.75
BATAINDIA,EQ,10-May-2013,803.75,802.00,814.00,793.80,804.55,806.45,804.22,210734,169476320.75,13005.0,63364.0,30.07
BATAINDIA,EQ,09-May-2013,800.65,800.05,819.00,799.75,802.00,803.75,810.23,305784,247756318.25,12134.0,99294.0,32.47
BATAINDIA,EQ,08-May-2013,785.85,784.00,803.10,776.50,800.50,800.65,792.93,294183,233267907.45,14479.0,102193.0,34.74
BATAINDIA,EQ,07-May-2013,776.55,773.00,791.50,773.00,785.10,785.85,783.39,229842,180055905.5,9607.0,101599.0,44.2
BATAINDIA,EQ,06-May-2013,771.85,772.00,784.35,770.00,772.75,776.55,777.98,209861,163266834.6,10393.0,59875.0,28.53
BATAINDIA,EQ,03-May-2013,745.45,749.00,774.70,744.95,771.80,771.85,762.43,318087,242518241.85,11418.0,100830.0,31.7
BATAINDIA,EQ,02-May-2013,746.00,742.00,754.40,732.85,746.00,745.45,744.22,248392,184859531.9,9815.0,76485.0,30.79
BATAINDIA,EQ,30-Apr-2013,707.70,711.00,751.65,710.00,742.00,746.00,731.39,762844,557934200.35,19958.0,412865.0,54.12
BATAINDIA,EQ,29-Apr-2013,713.90,710.00,721.80,702.00,709.65,707.70,711.86,183266,130458988.4,11098.0,91473.0,49.91
BATAINDIA,EQ,26-Apr-2013,703.50,706.00,724.05,706.00,712.00,713.90,717.28,420253,301439542.25,24934.0,199277.0,47.42
BATAINDIA,EQ,25-Apr-2013,729.90,730.00,731.70,700.00,706.00,703.50,710.27,607121,431218372.05,18332.0,309227.0,50.93
BATAINDIA,EQ,23-Apr-2013,751.75,755.00,758.75,726.95,729.90,729.90,739.18,135345,100043985.35,4910.0,64657.0,47.77
BATAINDIA,EQ,22-Apr-2013,757.00,758.00,762.00,747.00,753.15,751.75,753.30,111022,83632342.0,6010.0,43466.0,39.15
BATAINDIA,EQ,18-Apr-2013,749.10,755.00,761.60,744.30,754.10,757.00,753.68,134777,101578108.15,9936.0,43561.0,32.32
BATAINDIA,EQ,17-Apr-2013,749.80,752.10,759.80,739.75,748.60,749.10,748.96,134697,100882061.95,9856.0,29261.0,21.72
BATAINDIA,EQ,16-Apr-2013,753.55,754.05,764.00,746.30,750.00,749.80,754.43,180449,136136468.8,11131.0,47407.0,26.27
BATAINDIA,EQ,15-Apr-2013,725.30,727.05,757.30,727.05,757.00,753.55,745.64,208795,155685912.1,13169.0,81217.0,38.9
BATAINDIA,EQ,12-Apr-2013,735.55,738.00,738.00,713.20,730.00,725.30,724.14,85768,62108247.5,4004.0,19202.0,22.39
BATAINDIA,EQ,11-Apr-2013,716.80,722.50,742.35,718.20,736.20,735.55,734.23,187941,137992375.6,8451.0,42003.0,22.35
BATAINDIA,EQ,10-Apr-2013,719.65,720.00,727.50,709.00,715.00,716.80,716.33,119379,85514812.7,7041.0,45158.0,37.83
BATAINDIA,EQ,09-Apr-2013,717.30,726.00,729.90,715.00,720.00,719.65,721.85,84618,61081471.6,2852.0,29571.0,34.95
BATAINDIA,EQ,08-Apr-2013,715.00,720.00,726.75,712.50,721.10,717.30,718.20,66788,47967280.15,3885.0,13522.0,20.25
BATAINDIA,EQ,05-Apr-2013,713.15,711.85,720.00,711.85,718.40,715.00,715.25,100812,72106093.9,9042.0,40214.0,39.89
BATAINDIA,EQ,04-Apr-2013,723.30,716.30,722.50,711.30,712.85,713.15,716.06,73511,52638282.45,4591.0,20556.0,27.96
BATAINDIA,EQ,03-Apr-2013,742.60,738.00,747.25,718.50,724.10,723.30,733.44,125106,91758260.85,7989.0,56128.0,44.86
BATAINDIA,EQ,02-Apr-2013,723.25,718.85,744.55,718.85,742.70,742.60,736.87,128378,94598397.85,7125.0,32356.0,25.2
BATAINDIA,EQ,01-Apr-2013,718.35,715.00,729.85,712.10,722.50,723.25,723.38,91323,66061094.6,4329.0,15389.0,16.85
BATAINDIA,EQ,28-Mar-2013,710.10,706.95,728.00,703.20,714.90,718.35,718.03,206948,148595280.95,6926.0,110123.0,53.21
BATAINDIA,EQ,26-Mar-2013,721.05,715.15,724.85,706.00,713.00,710.10,712.90,187034,133335788.95,6073.0,109264.0,58.42
BATAINDIA,EQ,25-Mar-2013,718.20,727.35,735.00,717.10,720.00,721.05,726.72,143148,104028829.05,7783.0,33303.0,23.26
BATAINDIA,EQ,22-Mar-2013,701.15,696.00,726.20,694.15,715.05,718.20,713.32,184447,131570378.65,7801.0,63061.0,34.19
BATAINDIA,EQ,21-Mar-2013,696.95,698.15,711.00,690.10,700.00,701.15,700.69,252650,177030209.9,16363.0,92872.0,36.76
BATAINDIA,EQ,20-Mar-2013,714.70,714.70,715.00,686.85,701.00,696.95,698.89,256664,179380531.15,9270.0,151051.0,58.85
BATAINDIA,EQ,19-Mar-2013,736.45,735.70,735.90,711.65,713.00,714.70,723.11,178024,128731771.55,8104.0,60537.0,34.0
BATAINDIA,EQ,18-Mar-2013,742.70,739.15,741.90,727.00,734.25,736.45,731.37,291271,213025893.65,6438.0,167006.0,57.34
BATAINDIA,EQ,15-Mar-2013,750.70,750.00,758.70,735.00,735.00,742.70,747.23,227622,170084912.35,9425.0,80078.0,35.18
BATAINDIA,EQ,14-Mar-2013,756.65,756.70,763.00,746.25,748.70,750.70,751.84,219139,164758320.7,7874.0,78248.0,35.71
BATAINDIA,EQ,13-Mar-2013,778.20,779.00,779.00,749.30,753.00,756.65,766.28,118674,90937117.05,5319.0,45988.0,38.75
BATAINDIA,EQ,12-Mar-2013,775.45,777.30,785.55,766.00,781.00,778.20,774.41,141817,109824685.7,6888.0,24519.0,17.29
BATAINDIA,EQ,11-Mar-2013,783.35,787.95,789.95,772.00,772.00,775.45,780.57,114112,89072914.65,6950.0,37401.0,32.78
BATAINDIA,EQ,08-Mar-2013,783.55,788.65,793.55,772.80,783.10,783.35,780.64,156300,122014589.15,6399.0,32900.0,21.05
BATAINDIA,EQ,07-Mar-2013,774.70,774.00,792.90,767.25,792.00,783.55,775.53,125780,97546505.6,4537.0,39217.0,31.18
BATAINDIA,EQ,06-Mar-2013,787.65,794.35,802.00,771.00,772.55,774.70,785.63,237258,186396335.6,10182.0,88917.0,37.48
BATAINDIA,EQ,05-Mar-2013,756.60,760.75,790.80,760.75,790.00,787.65,777.79,148541,115533863.05,8148.0,45646.0,30.73
BATAINDIA,EQ,04-Mar-2013,756.05,756.00,760.90,739.60,758.05,756.60,751.34,107214,80554680.0,4232.0,26011.0,24.26
BATAINDIA,EQ,01-Mar-2013,747.55,746.00,764.85,742.90,757.55,756.05,753.56,171590,129303648.5,7765.0,77461.0,45.14
BATAINDIA,EQ,28-Feb-2013,773.80,777.00,790.80,723.00,750.50,747.55,762.04,517268,394179714.0,15220.0,289210.0,55.91
BATAINDIA,EQ,27-Feb-2013,758.00,759.20,779.30,753.05,772.75,773.80,769.11,304090,233877656.35,13346.0,91810.0,30.19
BATAINDIA,EQ,26-Feb-2013,785.35,781.00,786.00,754.30,757.00,758.00,770.47,249613,192319454.25,15470.0,81555.0,32.67
BATAINDIA,EQ,25-Feb-2013,769.35,772.05,789.00,764.60,783.90,785.35,781.19,301601,235609131.9,12283.0,123817.0,41.05
BATAINDIA,EQ,22-Feb-2013,750.40,747.60,773.00,740.30,771.40,769.35,761.92,355209,270639443.8,10589.0,98293.0,27.67
BATAINDIA,EQ,21-Feb-2013,769.65,760.00,764.00,747.00,748.95,750.40,755.61,204926,154844907.6,11662.0,66459.0,32.43
BATAINDIA,EQ,20-Feb-2013,785.95,789.20,789.20,767.10,768.00,769.65,772.87,300354,232135266.8,9019.0,169049.0,56.28
BATAINDIA,EQ,19-Feb-2013,774.95,778.50,790.00,773.30,785.75,785.95,782.74,143596,112398645.95,5856.0,73833.0,51.42
BATAINDIA,EQ,18-Feb-2013,780.00,781.95,788.85,771.95,774.25,774.95,778.45,93604,72866343.15,4123.0,36210.0,38.68
BATAINDIA,EQ,15-Feb-2013,779.70,774.80,781.10,763.45,776.65,780.00,773.52,147977,114463302.9,5079.0,41960.0,28.36
BATAINDIA,EQ,14-Feb-2013,796.65,795.50,798.00,773.40,780.00,779.70,781.45,116254,90846939.95,5600.0,37262.0,32.05
BATAINDIA,EQ,13-Feb-2013,792.90,787.05,808.00,787.05,794.00,796.65,802.27,198366,159143379.9,9219.0,42304.0,21.33
BATAINDIA,EQ,12-Feb-2013,791.65,793.00,795.00,780.05,792.00,792.90,788.25,90654,71457730.25,3466.0,24198.0,26.69
BATAINDIA,EQ,11-Feb-2013,789.60,791.00,799.00,788.10,788.10,791.65,793.42,98791,78382613.35,3927.0,23624.0,23.91
BATAINDIA,EQ,08-Feb-2013,778.25,782.00,795.10,780.20,789.45,789.60,788.21,293625,231439131.75,9675.0,86110.0,29.33
BATAINDIA,EQ,07-Feb-2013,758.95,758.95,781.00,758.95,775.00,778.25,775.04,227686,176465542.75,9112.0,39279.0,17.25
BATAINDIA,EQ,06-Feb-2013,763.60,766.00,770.00,753.25,758.00,758.95,762.04,232211,176953591.0,12060.0,79689.0,34.32
BATAINDIA,EQ,05-Feb-2013,777.15,772.85,775.00,761.00,761.25,763.60,767.53,389846,299218402.3,12711.0,209124.0,53.64
BATAINDIA,EQ,04-Feb-2013,784.05,784.00,796.20,773.80,773.80,777.15,785.76,141857,111465955.75,6694.0,54221.0,38.22
BATAINDIA,EQ,01-Feb-2013,787.30,793.10,801.35,778.00,781.00,784.05,790.40,240527,190111864.15,8338.0,122101.0,50.76
BATAINDIA,EQ,31-Jan-2013,790.75,789.85,794.80,781.80,787.00,787.30,787.17,144038,113382964.35,6658.0,62070.0,43.09
BATAINDIA,EQ,30-Jan-2013,789.15,788.50,797.35,776.00,792.20,790.75,787.82,274275,216080407.85,12170.0,93104.0,33.95
BATAINDIA,EQ,29-Jan-2013,807.30,808.70,821.00,781.65,783.20,789.15,805.67,220372,177546309.0,11675.0,65284.0,29.62
BATAINDIA,EQ,28-Jan-2013,806.55,810.30,815.85,795.20,804.50,807.30,806.62,259975,209701588.15,11031.0,76442.0,29.4
BATAINDIA,EQ,25-Jan-2013,765.40,760.20,810.00,756.50,805.00,806.55,788.65,321297,253392396.65,12127.0,153705.0,47.84
BATAINDIA,EQ,24-Jan-2013,790.05,788.85,790.45,756.00,766.00,765.40,773.92,259038,200475784.9,11195.0,129507.0,50.0
BATAINDIA,EQ,23-Jan-2013,807.35,806.95,809.40,788.00,788.25,790.05,796.07,264222,210338132.4,10280.0,133794.0,50.64
BATAINDIA,EQ,22-Jan-2013,820.10,826.70,826.75,799.00,803.45,807.35,811.59,218584,177399958.05,9949.0,96603.0,44.19
BATAINDIA,EQ,21-Jan-2013,818.25,818.25,827.50,812.75,820.10,820.10,820.54,255767,209867030.05,11278.0,147348.0,57.61
BATAINDIA,EQ,18-Jan-2013,819.95,817.10,823.00,813.20,819.00,818.25,818.16,162444,132905715.65,8011.0,64820.0,39.9
BATAINDIA,EQ,17-Jan-2013,836.30,833.80,835.00,817.00,817.00,819.95,823.20,451641,371792408.65,14296.0,231623.0,51.28
BATAINDIA,EQ,16-Jan-2013,850.90,850.90,855.30,831.00,835.70,836.30,842.43,177898,149866788.95,7398.0,65696.0,36.93
BATAINDIA,EQ,15-Jan-2013,856.60,859.85,865.00,846.45,850.00,850.90,854.30,153241,130913910.05,6986.0,81177.0,52.97
BATAINDIA,EQ,14-Jan-2013,855.20,855.80,865.25,846.70,858.00,856.60,855.93,172781,147888170.55,13043.0,75350.0,43.61
BATAINDIA,EQ,11-Jan-2013,874.90,875.60,878.55,852.00,852.05,855.20,863.80,143232,123723642.4,7330.0,53794.0,37.56
BATAINDIA,EQ,10-Jan-2013,874.65,880.00,882.90,870.00,872.70,874.90,877.02,81542,71514168.3,3520.0,22574.0,27.68
BATAINDIA,EQ,09-Jan-2013,884.00,886.70,898.30,870.95,871.00,874.65,886.07,185097,164009489.35,7634.0,63111.0,34.1
BATAINDIA,EQ,08-Jan-2013,879.80,890.00,890.00,871.00,886.10,884.00,880.42,135588,119374110.6,6797.0,35829.0,26.42
BATAINDIA,EQ,07-Jan-2013,878.30,880.00,891.00,875.00,875.05,879.80,884.47,151484,133982962.6,5639.0,48034.0,31.71
BATAINDIA,EQ,04-Jan-2013,883.50,884.05,884.45,874.10,877.15,878.30,877.61,111460,97818813.35,5596.0,43397.0,38.94
BATAINDIA,EQ,03-Jan-2013,898.60,900.65,904.35,880.00,883.90,883.50,891.16,264975,236134909.2,10266.0,144509.0,54.54
BATAINDIA,EQ,02-Jan-2013,875.20,880.95,900.85,876.05,900.00,898.60,887.46,300616,266785004.3,11723.0,134209.0,44.64
BATAINDIA,EQ,01-Jan-2013,866.95,870.90,877.90,868.75,872.60,875.20,874.01,95287,83281639.6,3894.0,36612.0,38.42
BATAINDIA,EQ,31-Dec-2012,865.70,864.90,873.50,862.00,868.00,866.95,867.71,107671,93427448.35,3465.0,35186.0,32.68
BATAINDIA,EQ,30-Dec-2014,"1,306.50","1,307.95","1,315.55","1,293.00","1,295.75","1,302.50","1,304.26",90371,117867668.35,5737.0,21259.0,23.52
BATAINDIA,EQ,29-Dec-2014,"1,279.45","1,274.00","1,310.45","1,274.00","1,306.00","1,306.50","1,297.16",157368,204131472.45,9975.0,80859.0,51.38
BATAINDIA,EQ,26-Dec-2014,"1,275.00","1,270.00","1,288.45","1,270.00","1,278.45","1,279.45","1,279.26",107027,136915731.35,5367.0,62346.0,58.25
BATAINDIA,EQ,24-Dec-2014,"1,298.35","1,290.05","1,299.00","1,266.25","1,280.00","1,275.00","1,279.15",248420,317766074.2,6183.0,149944.0,60.36
BATAINDIA,EQ,23-Dec-2014,"1,282.25","1,281.05","1,312.40","1,281.05","1,295.65","1,298.35","1,300.30",140672,182915180.85,7844.0,28144.0,20.01
BATAINDIA,EQ,22-Dec-2014,"1,274.15","1,278.00","1,293.95","1,276.15","1,288.25","1,282.25","1,286.38",85265,109683523.45,6829.0,45407.0,53.25
BATAINDIA,EQ,19-Dec-2014,"1,275.30","1,280.00","1,307.00","1,265.00","1,274.90","1,274.15","1,290.75",177540,229159288.2,5831.0,84160.0,47.4
BATAINDIA,EQ,18-Dec-2014,"1,261.00","1,270.00","1,288.50","1,250.00","1,277.00","1,275.30","1,270.65",279609,355283826.05,9966.0,150461.0,53.81
BATAINDIA,EQ,17-Dec-2014,"1,269.55","1,269.00","1,274.30","1,243.45","1,260.00","1,261.00","1,258.90",162802,204951563.05,8723.0,95804.0,58.85
BATAINDIA,EQ,16-Dec-2014,"1,290.35","1,280.00","1,304.90","1,252.55","1,252.55","1,269.55","1,281.06",310863,398235047.5,9241.0,209185.0,67.29
BATAINDIA,EQ,15-Dec-2014,"1,278.40","1,271.60","1,299.00","1,265.75","1,285.00","1,290.35","1,289.83",57578,74265579.85,4835.0,12614.0,21.91
BATAINDIA,EQ,12-Dec-2014,"1,312.45","1,312.50","1,325.90","1,201.00","1,280.00","1,278.40","1,299.57",174733,227077479.65,12359.0,77666.0,44.45
BATAINDIA,EQ,11-Dec-2014,"1,282.40","1,289.40","1,327.95","1,278.00","1,306.10","1,312.45","1,307.66",148465,194142159.9,10921.0,60094.0,40.48
BATAINDIA,EQ,10-Dec-2014,"1,279.75","1,280.00","1,289.70","1,270.10","1,281.30","1,282.40","1,279.27",91563,117133651.75,7392.0,40261.0,43.97
BATAINDIA,EQ,09-Dec-2014,"1,308.25","1,309.40","1,309.70","1,268.60","1,280.00","1,279.75","1,297.50",224554,291358425.5,6912.0,167442.0,74.57
BATAINDIA,EQ,08-Dec-2014,"1,329.90","1,335.00","1,340.05","1,301.40","1,303.60","1,308.25","1,323.24",121454,160713240.15,6762.0,66572.0,54.81
BATAINDIA,EQ,05-Dec-2014,"1,329.85","1,335.05","1,344.90","1,319.95","1,330.00","1,329.90","1,330.60",160648,213758691.25,8520.0,84304.0,52.48
BATAINDIA,EQ,04-Dec-2014,"1,311.30","1,321.90","1,336.00","1,299.85","1,336.00","1,329.85","1,318.52",214949,283413639.7,14201.0,109678.0,51.03
BATAINDIA,EQ,03-Dec-2014,"1,273.05","1,260.30","1,319.00","1,260.30","1,310.00","1,311.30","1,303.47",220565,287499135.7,8489.0,105291.0,47.74
BATAINDIA,EQ,02-Dec-2014,"1,250.00","1,251.40","1,277.00","1,238.00","1,272.00","1,273.05","1,261.32",224149,282723187.1,9591.0,145669.0,64.99
BATAINDIA,EQ,01-Dec-2014,"1,251.10","1,260.00","1,262.40","1,243.05","1,252.50","1,250.00","1,251.42",116644,145970575.55,12658.0,69092.0,59.23
BATAINDIA,EQ,28-Nov-2014,"1,261.85","1,250.40","1,275.00","1,247.00","1,248.30","1,251.10","1,258.11",207896,261556734.15,8741.0,130799.0,62.92
BATAINDIA,EQ,27-Nov-2014,"1,237.80","1,250.00","1,269.50","1,239.05","1,259.95","1,261.85","1,261.68",125549,158402244.2,4825.0,27704.0,22.07
BATAINDIA,EQ,26-Nov-2014,"1,263.95","1,260.00","1,265.70","1,234.05","1,240.00","1,237.80","1,242.70",242770,301689832.1,21429.0,153398.0,63.19
BATAINDIA,EQ,25-Nov-2014,"1,288.85","1,290.35","1,297.00","1,257.00","1,260.00","1,263.95","1,272.33",160172,203790969.5,16856.0,96027.0,59.95
BATAINDIA,EQ,24-Nov-2014,"1,292.65","1,300.00","1,303.15","1,282.60","1,288.90","1,288.85","1,291.15",109540,141432263.0,11067.0,64881.0,59.23
BATAINDIA,EQ,21-Nov-2014,"1,303.65","1,304.80","1,314.55","1,287.00","1,287.25","1,292.65","1,299.38",58034,75408288.75,5909.0,21515.0,37.07
BATAINDIA,EQ,20-Nov-2014,"1,304.95","1,310.00","1,314.15","1,284.05","1,303.00","1,303.65","1,294.77",90175,116755989.55,5129.0,23049.0,25.56
BATAINDIA,EQ,19-Nov-2014,"1,314.40","1,315.40","1,334.90","1,295.00","1,306.50","1,304.95","1,314.38",143951,189206936.95,14510.0,76562.0,53.19
BATAINDIA,EQ,18-Nov-2014,"1,329.45","1,333.95","1,345.00","1,310.00","1,314.40","1,314.40","1,321.14",172870,228384776.65,8127.0,82976.0,48.0
BATAINDIA,EQ,17-Nov-2014,"1,313.65","1,318.35","1,340.55","1,301.40","1,327.15","1,329.45","1,325.82",407946,540863804.3,11261.0,246137.0,60.34
BATAINDIA,EQ,14-Nov-2014,"1,276.60","1,292.70","1,324.40","1,285.20","1,321.00","1,313.65","1,301.64",305506,397658054.7,16397.0,133838.0,43.81
BATAINDIA,EQ,13-Nov-2014,"1,247.40","1,250.00","1,289.75","1,225.35","1,286.00","1,276.60","1,252.42",240945,301764228.35,12817.0,113038.0,46.91
BATAINDIA,EQ,12-Nov-2014,"1,255.35","1,256.00","1,268.00","1,237.10","1,245.10","1,247.40","1,255.00",101978,127982815.05,5572.0,39225.0,38.46
BATAINDIA,EQ,11-Nov-2014,"1,239.00","1,241.00","1,259.70","1,235.00","1,255.00","1,255.35","1,248.01",100762,125751491.15,4787.0,43313.0,42.99
BATAINDIA,EQ,10-Nov-2014,"1,245.55","1,250.00","1,259.70","1,234.00","1,237.45","1,239.00","1,245.22",90142,112246838.55,4770.0,25335.0,28.11
BATAINDIA,EQ,07-Nov-2014,"1,273.95","1,250.00","1,264.75","1,224.80","1,240.00","1,245.55","1,242.75",170187,211500125.1,10783.0,70438.0,41.39
BATAINDIA,EQ,05-Nov-2014,"1,281.55","1,291.80","1,300.00","1,262.05","1,265.50","1,273.95","1,282.19",205433,263404364.4,17272.0,47000.0,22.88
BATAINDIA,EQ,03-Nov-2014,"1,273.10","1,277.00","1,290.00","1,270.10","1,279.85","1,281.55","1,281.22",90339,115744214.85,5483.0,40369.0,44.69
BATAINDIA,EQ,31-Oct-2014,"1,256.00","1,260.00","1,295.00","1,260.00","1,273.65","1,273.10","1,278.84",148909,190430113.6,17837.0,54715.0,36.74
BATAINDIA,EQ,30-Oct-2014,"1,266.15","1,266.15","1,269.95","1,247.00","1,258.00","1,256.00","1,256.63",86381,108549121.75,3692.0,28225.0,32.68
BATAINDIA,EQ,29-Oct-2014,"1,242.00","1,246.00","1,279.10","1,241.00","1,262.25","1,266.15","1,264.13",142523,180166919.85,9613.0,51332.0,36.02
BATAINDIA,EQ,28-Oct-2014,"1,236.75","1,240.00","1,258.00","1,236.05","1,245.90","1,242.00","1,247.48",80446,100354748.25,5485.0,26684.0,33.17
BATAINDIA,EQ,27-Oct-2014,"1,255.05","1,266.55","1,266.55","1,232.05","1,235.40","1,236.75","1,246.13",89253,111221093.15,5030.0,50831.0,56.95
BATAINDIA,EQ,23-Oct-2014,"1,247.80","1,260.55","1,266.00","1,248.05","1,258.95","1,255.05","1,254.36",20771,26054232.75,810.0,14623.0,70.4
BATAINDIA,EQ,22-Oct-2014,"1,246.65","1,259.00","1,264.80","1,242.00","1,244.20","1,247.80","1,252.08",148765,186264994.7,16697.0,69729.0,46.87
BATAINDIA,EQ,21-Oct-2014,"1,214.15","1,215.50","1,251.90","1,215.00","1,249.80","1,246.65","1,237.87",208558,258168264.85,11969.0,111176.0,53.31
BATAINDIA,EQ,20-Oct-2014,"1,211.40","1,224.15","1,238.60","1,203.75","1,216.50","1,214.15","1,221.85",148203,181082003.9,5179.0,91453.0,61.71
BATAINDIA,EQ,17-Oct-2014,"1,225.70","1,227.70","1,248.40","1,206.70","1,214.90","1,211.40","1,216.71",231176,281273523.7,7562.0,108724.0,47.03
BATAINDIA,EQ,16-Oct-2014,"1,279.70","1,275.00","1,286.90","1,213.05","1,220.15","1,225.70","1,258.12",96347,121216325.35,6071.0,42998.0,44.63
BATAINDIA,EQ,14-Oct-2014,"1,299.95","1,321.00","1,321.00","1,272.55","1,278.00","1,279.70","1,287.68",171943,221407104.8,17189.0,88818.0,51.66
BATAINDIA,EQ,13-Oct-2014,"1,298.80","1,298.00","1,316.00","1,266.30","1,298.55","1,299.95","1,291.96",131242,169559817.65,8395.0,33835.0,25.78
BATAINDIA,EQ,10-Oct-2014,"1,336.90","1,334.90","1,334.90","1,292.00","1,298.60","1,298.80","1,309.44",142917,187141050.15,9657.0,68316.0,47.8
BATAINDIA,EQ,09-Oct-2014,"1,344.55","1,352.00","1,378.60","1,330.65","1,338.00","1,336.90","1,348.97",189413,255512851.1,11638.0,81116.0,42.82
BATAINDIA,EQ,08-Oct-2014,"1,386.85","1,382.00","1,388.00","1,335.00","1,346.40","1,344.55","1,350.95",104764,141531081.2,6947.0,37360.0,35.66
BATAINDIA,EQ,07-Oct-2014,"1,392.20","1,405.00","1,413.40","1,378.00","1,394.55","1,386.85","1,396.46",308325,430563611.95,36970.0,138122.0,44.8
BATAINDIA,EQ,01-Oct-2014,"1,324.55","1,325.50","1,409.90","1,325.50","1,389.15","1,392.20","1,381.18",431486,595958113.8,25628.0,135197.0,31.33
BATAINDIA,EQ,30-Sep-2014,"1,310.60","1,312.00","1,332.00","1,312.00","1,329.05","1,324.55","1,323.26",164539,217728085.45,7283.0,81682.0,49.64
BATAINDIA,EQ,29-Sep-2014,"1,267.00","1,263.00","1,320.30","1,257.05","1,310.60","1,310.60","1,306.53",114881,150096003.6,6130.0,26602.0,23.16
BATAINDIA,EQ,26-Sep-2014,"1,257.85","1,255.00","1,278.90","1,236.00","1,260.00","1,267.00","1,257.97",93369,117455500.5,11109.0,43075.0,46.13
BATAINDIA,EQ,25-Sep-2014,"1,268.40","1,268.60","1,274.50","1,249.00","1,265.70","1,257.85","1,259.13",145287,182934893.2,6595.0,96373.0,66.33
BATAINDIA,EQ,24-Sep-2014,"1,276.25","1,277.00","1,285.40","1,240.00","1,277.70","1,268.40","1,257.21",85427,107399309.95,5968.0,21589.0,25.27
BATAINDIA,EQ,23-Sep-2014,"1,303.15","1,300.00","1,303.95","1,273.50","1,283.80","1,276.25","1,280.31",116412,149043550.2,6632.0,63254.0,54.34
BATAINDIA,EQ,22-Sep-2014,"1,300.10","1,304.80","1,315.00","1,270.50","1,298.90","1,303.15","1,287.33",98050,126222678.0,7744.0,27441.0,27.99
BATAINDIA,EQ,19-Sep-2014,"1,265.15","1,256.00","1,305.00","1,256.00","1,302.55","1,300.10","1,284.62",144514,185645663.75,9416.0,54007.0,37.37
BATAINDIA,EQ,18-Sep-2014,"1,244.85","1,233.00","1,273.40","1,225.10","1,269.00","1,265.15","1,254.44",213845,268256539.15,15556.0,92716.0,43.36
BATAINDIA,EQ,17-Sep-2014,"1,275.75","1,263.00","1,281.00","1,232.00","1,238.00","1,244.85","1,246.77",173437,216235563.5,11933.0,92759.0,53.48
BATAINDIA,EQ,16-Sep-2014,"1,310.40","1,304.00","1,316.00","1,265.55","1,278.45","1,275.75","1,289.21",122335,157715712.15,9743.0,57320.0,46.85
BATAINDIA,EQ,15-Sep-2014,"1,316.05","1,317.00","1,322.00","1,306.40","1,311.45","1,310.40","1,311.88",83382,109386776.7,6572.0,32898.0,39.45
BATAINDIA,EQ,12-Sep-2014,"1,311.05","1,311.05","1,335.00","1,303.55","1,313.25","1,316.05","1,316.93",160623,211529359.25,10093.0,86670.0,53.96
BATAINDIA,EQ,11-Sep-2014,"1,312.60","1,315.90","1,321.65","1,303.00","1,309.95","1,311.05","1,311.46",93077,122067193.55,5924.0,40420.0,43.43
BATAINDIA,EQ,10-Sep-2014,"1,319.40","1,324.00","1,326.90","1,304.00","1,314.00","1,312.60","1,312.00",225546,295917237.0,8219.0,164317.0,72.85
BATAINDIA,EQ,09-Sep-2014,"1,347.85","1,347.00","1,347.00","1,313.70","1,317.25","1,319.40","1,324.24",94513,125158326.75,6063.0,51871.0,54.88
BATAINDIA,EQ,08-Sep-2014,"1,325.60","1,344.80","1,358.40","1,325.30","1,355.00","1,347.85","1,344.87",94970,127721834.35,9130.0,37660.0,39.65
BATAINDIA,EQ,05-Sep-2014,"1,333.10","1,346.00","1,349.90","1,316.10","1,326.90","1,325.60","1,333.23",145470,193945057.7,10835.0,48560.0,33.38
BATAINDIA,EQ,04-Sep-2014,"1,314.75","1,315.00","1,343.75","1,301.10","1,332.05","1,333.10","1,318.97",107358,141602494.3,5719.0,30934.0,28.81
BATAINDIA,EQ,03-Sep-2014,"1,286.05","1,287.00","1,319.90","1,287.00","1,316.20","1,314.75","1,309.59",207704,272007703.8,11920.0,71908.0,34.62
BATAINDIA,EQ,02-Sep-2014,"1,293.00","1,296.25","1,300.00","1,271.25","1,286.25","1,286.05","1,280.98",165371,211837519.8,9302.0,75332.0,45.55
BATAINDIA,EQ,01-Sep-2014,"1,278.00","1,282.00","1,309.00","1,282.00","1,295.00","1,293.00","1,297.15",198586,257595538.15,11457.0,69274.0,34.88
BATAINDIA,EQ,28-Aug-2014,"1,257.40","1,262.00","1,288.05","1,251.00","1,284.10","1,278.00","1,269.85",172455,218991926.85,10160.0,71883.0,41.68
BATAINDIA,EQ,27-Aug-2014,"1,254.50","1,255.00","1,269.15","1,253.10","1,260.00","1,257.40","1,258.73",81937,103136613.7,5298.0,37749.0,46.07
BATAINDIA,EQ,26-Aug-2014,"1,266.85","1,267.00","1,278.70","1,241.05","1,247.50","1,254.50","1,254.63",80105,100501938.15,4583.0,27767.0,34.66
BATAINDIA,EQ,25-Aug-2014,"1,252.30","1,259.80","1,289.90","1,252.20","1,272.50","1,266.85","1,276.48",194933,248827537.8,11980.0,71197.0,36.52
BATAINDIA,EQ,22-Aug-2014,"1,230.00","1,232.00","1,262.00","1,223.60","1,259.00","1,252.30","1,241.59",64924,80608906.6,5132.0,22099.0,34.04
BATAINDIA,EQ,21-Aug-2014,"1,237.40","1,235.00","1,244.55","1,208.95","1,229.50","1,230.00","1,228.27",64127,78765329.2,4231.0,15517.0,24.2
BATAINDIA,EQ,20-Aug-2014,"1,247.55","1,240.05","1,254.50","1,233.10","1,235.10","1,237.40","1,240.98",50302,62423820.3,4411.0,8068.0,16.04
BATAINDIA,EQ,19-Aug-2014,"1,228.05","1,232.85","1,254.00","1,230.00","1,250.70","1,247.55","1,245.97",129788,161711715.85,8006.0,45233.0,34.85
BATAINDIA,EQ,18-Aug-2014,"1,203.85","1,200.00","1,234.70","1,200.00","1,230.70","1,228.05","1,222.40",83177,101675937.95,5106.0,20869.0,25.09
BATAINDIA,EQ,14-Aug-2014,"1,186.10","1,174.20","1,212.90","1,174.20","1,205.00","1,203.85","1,204.17",95587,115102937.5,6707.0,31484.0,32.94
BATAINDIA,EQ,13-Aug-2014,"1,208.50","1,200.00","1,209.00","1,177.00","1,189.90","1,186.10","1,191.02",56210,66947171.0,4030.0,16424.0,29.22
BATAINDIA,EQ,12-Aug-2014,"1,179.85","1,180.15","1,213.90","1,180.15","1,207.50","1,208.50","1,205.00",107246,129231744.95,8360.0,37945.0,35.38
BATAINDIA,EQ,11-Aug-2014,"1,174.10","1,176.15","1,193.80","1,174.00","1,177.00","1,179.85","1,180.74",186461,220161278.0,9090.0,133691.0,71.7
BATAINDIA,EQ,08-Aug-2014,"1,208.85","1,203.00","1,203.00","1,171.55","1,174.75","1,174.10","1,182.62",115421,136499448.2,6007.0,56728.0,49.15
BATAINDIA,EQ,07-Aug-2014,"1,231.35","1,235.00","1,235.00","1,204.20","1,209.00","1,208.85","1,217.37",161930,197128685.55,9510.0,80250.0,49.56
BATAINDIA,EQ,06-Aug-2014,"1,252.50","1,200.00","1,249.70","1,199.95","1,227.80","1,231.35","1,230.40",614007,755475098.55,14817.0,398203.0,64.85
BATAINDIA,EQ,05-Aug-2014,"1,246.30","1,258.75","1,272.95","1,246.25","1,254.00","1,252.50","1,259.56",212347,267464083.75,7644.0,103249.0,48.62
BATAINDIA,EQ,04-Aug-2014,"1,240.90","1,242.00","1,265.00","1,235.00","1,254.90","1,246.30","1,242.41",95638,118821138.4,10049.0,36518.0,38.18
BATAINDIA,EQ,01-Aug-2014,"1,247.10","1,230.10","1,265.05","1,230.10","1,249.00","1,240.90","1,242.78",196884,244683426.25,22849.0,90979.0,46.21
BATAINDIA,EQ,31-Jul-2014,"1,278.10","1,287.00","1,287.00","1,241.00","1,259.00","1,247.10","1,260.05",108460,136664647.35,4500.0,61971.0,57.14
BATAINDIA,EQ,30-Jul-2014,"1,258.35","1,265.05","1,287.55","1,243.60","1,280.00","1,278.10","1,256.28",128300,161180726.9,6709.0,69110.0,53.87
BATAINDIA,EQ,28-Jul-2014,"1,293.60","1,310.00","1,310.00","1,250.00","1,259.00","1,258.35","1,263.47",88424,111721311.65,8728.0,32696.0,36.98
BATAINDIA,EQ,25-Jul-2014,"1,317.95","1,315.00","1,324.00","1,285.60","1,286.20","1,293.60","1,299.90",82851,107697695.2,4256.0,37461.0,45.21
BATAINDIA,EQ,24-Jul-2014,"1,325.05","1,328.00","1,344.10","1,310.35","1,311.00","1,317.95","1,325.46",75068,99499949.45,5754.0,27448.0,36.56
BATAINDIA,EQ,23-Jul-2014,"1,336.10","1,335.00","1,337.35","1,301.30","1,325.00","1,325.05","1,321.84",64314,85013022.1,5006.0,11812.0,18.37
BATAINDIA,EQ,22-Jul-2014,"1,315.85","1,325.10","1,340.00","1,325.00","1,335.95","1,336.10","1,334.06",202082,269589091.65,9164.0,65732.0,32.53
BATAINDIA,EQ,21-Jul-2014,"1,266.55","1,270.00","1,325.00","1,265.00","1,319.40","1,315.85","1,304.54",309663,403966507.35,17597.0,87861.0,28.37
BATAINDIA,EQ,18-Jul-2014,"1,286.20","1,275.00","1,289.90","1,263.40","1,266.00","1,266.55","1,273.59",77779,99058544.0,11380.0,28251.0,36.32
BATAINDIA,EQ,17-Jul-2014,"1,275.20","1,289.00","1,298.55","1,270.15","1,283.20","1,286.20","1,287.43",132984,171207317.15,10682.0,39491.0,29.7
BATAINDIA,EQ,16-Jul-2014,"1,246.50","1,263.85","1,280.00","1,245.55","1,279.60","1,275.20","1,268.27",105019,133192712.2,4955.0,19605.0,18.67
BATAINDIA,EQ,15-Jul-2014,"1,242.10","1,254.95","1,290.00","1,235.10","1,248.00","1,246.50","1,255.16",165424,207633414.35,9477.0,64990.0,39.29
BATAINDIA,EQ,14-Jul-2014,"1,255.00","1,269.85","1,274.40","1,213.00","1,242.30","1,242.10","1,235.45",102326,126418354.65,8113.0,31575.0,30.86
BATAINDIA,EQ,11-Jul-2014,"1,284.35","1,300.00","1,315.15","1,248.50","1,259.00","1,255.00","1,277.54",130312,166478635.5,7532.0,37786.0,29.0
BATAINDIA,EQ,10-Jul-2014,"1,233.70","1,235.90","1,310.00","1,215.70","1,280.00","1,284.35","1,274.61",234190,298501026.1,13735.0,60850.0,25.98
BATAINDIA,EQ,09-Jul-2014,"1,271.65","1,280.00","1,289.40","1,226.05","1,230.50","1,233.70","1,250.01",111864,139831369.0,9357.0,43919.0,39.26
BATAINDIA,EQ,08-Jul-2014,"1,324.65","1,328.00","1,337.25","1,250.00","1,272.00","1,271.65","1,307.03",115632,151134182.15,6174.0,40112.0,34.69
BATAINDIA,EQ,07-Jul-2014,"1,325.95","1,320.00","1,338.30","1,312.25","1,322.00","1,324.65","1,322.76",161391,213481513.65,8878.0,95804.0,59.36
BATAINDIA,EQ,04-Jul-2014,"1,343.40","1,346.00","1,351.90","1,314.70","1,322.15","1,325.95","1,326.07",237514,314961067.55,14850.0,114026.0,48.01
BATAINDIA,EQ,03-Jul-2014,"1,287.10","1,290.35","1,362.90","1,275.00","1,345.65","1,343.40","1,321.15",297016,392402772.45,17079.0,89258.0,30.05
BATAINDIA,EQ,02-Jul-2014,"1,280.20","1,299.00","1,299.00","1,266.75","1,289.60","1,287.10","1,276.85",195743,249935374.1,7191.0,126842.0,64.8
BATAINDIA,EQ,01-Jul-2014,"1,282.55","1,295.00","1,313.50","1,272.85","1,275.00","1,280.20","1,298.35",202718,263199123.0,9407.0,71402.0,35.22
BATAINDIA,EQ,30-Jun-2014,"1,239.40","1,229.70","1,295.00","1,220.00","1,293.00","1,282.55","1,261.12",151317,190828355.05,7187.0,55301.0,36.55
BATAINDIA,EQ,27-Jun-2014,"1,227.65","1,228.90","1,252.00","1,228.75","1,234.05","1,239.40","1,242.28",74042,91980611.0,4184.0,13381.0,18.07
BATAINDIA,EQ,26-Jun-2014,"1,210.40","1,212.00","1,232.00","1,192.25","1,231.40","1,227.65","1,218.91",122182,148929253.05,6533.0,43987.0,36.0
BATAINDIA,EQ,25-Jun-2014,"1,198.90","1,198.90","1,219.40","1,194.00","1,211.00","1,210.40","1,210.41",62726,75923929.45,4547.0,20311.0,32.38
BATAINDIA,EQ,24-Jun-2014,"1,210.60","1,220.00","1,220.00","1,196.00","1,197.00","1,198.90","1,204.04",66933,80590145.5,7060.0,26650.0,39.82
BATAINDIA,EQ,23-Jun-2014,"1,184.55","1,186.00","1,214.00","1,186.00","1,210.00","1,210.60","1,202.42",91865,110460098.8,4492.0,33796.0,36.79
BATAINDIA,EQ,20-Jun-2014,"1,175.00","1,178.00","1,207.00","1,152.35","1,195.00","1,184.55","1,183.52",111281,131702858.95,9476.0,24909.0,22.38
BATAINDIA,EQ,19-Jun-2014,"1,204.65","1,193.50","1,254.00","1,171.25","1,176.00","1,175.00","1,183.15",101026,119529132.85,7752.0,45445.0,44.98
BATAINDIA,EQ,18-Jun-2014,"1,210.75","1,200.00","1,219.80","1,193.00","1,200.70","1,204.65","1,205.94",67819,81785572.7,4676.0,24491.0,36.11
BATAINDIA,EQ,17-Jun-2014,"1,195.00","1,205.00","1,218.00","1,194.05","1,210.00","1,210.75","1,206.84",99410,119972185.45,9992.0,29560.0,29.74
BATAINDIA,EQ,16-Jun-2014,"1,194.85","1,195.00","1,204.05","1,160.10","1,198.00","1,195.00","1,182.97",85760,101451190.3,5130.0,25103.0,29.27
BATAINDIA,EQ,13-Jun-2014,"1,247.20","1,265.00","1,265.00","1,190.00","1,192.10","1,194.85","1,214.83",126849,154099873.0,15872.0,55048.0,43.4
BATAINDIA,EQ,12-Jun-2014,"1,226.25","1,239.00","1,254.80","1,225.00","1,244.30","1,247.20","1,236.38",121372,150061470.55,13427.0,72823.0,60.0
BATAINDIA,EQ,11-Jun-2014,"1,255.05","1,261.00","1,277.00","1,220.00","1,223.80","1,226.25","1,241.02",129128,160249830.85,8941.0,55866.0,43.26
BATAINDIA,EQ,10-Jun-2014,"1,230.10","1,233.30","1,258.30","1,205.05","1,251.60","1,255.05","1,239.16",110368,136763535.55,12688.0,28538.0,25.86
BATAINDIA,EQ,09-Jun-2014,"1,237.45","1,250.00","1,292.95","1,212.95","1,232.30","1,230.10","1,253.38",338200,423894473.0,16980.0,105417.0,31.17
BATAINDIA,EQ,06-Jun-2014,"1,181.85","1,190.00","1,242.90","1,188.00","1,241.20","1,237.45","1,216.16",340097,413610874.2,21861.0,90820.0,26.7
BATAINDIA,EQ,05-Jun-2014,"1,152.40","1,155.00","1,191.00","1,153.70","1,182.00","1,181.85","1,180.26",421707,497724818.2,14421.0,258093.0,61.2
BATAINDIA,EQ,04-Jun-2014,"1,151.65","1,155.00","1,168.95","1,137.00","1,150.05","1,152.40","1,154.13",126009,145430654.0,13600.0,66279.0,52.6
BATAINDIA,EQ,03-Jun-2014,"1,162.85","1,151.35","1,180.95","1,148.00","1,150.00","1,151.65","1,161.85",68836,79977212.35,5421.0,26896.0,39.07
BATAINDIA,EQ,02-Jun-2014,"1,157.60","1,169.95","1,186.65","1,150.95","1,168.00","1,162.85","1,172.39",178147,208858226.15,15294.0,103951.0,58.35
BATAINDIA,EQ,30-May-2014,"1,137.65","1,140.00","1,171.15","1,140.00","1,161.00","1,157.60","1,157.71",188082,217744661.3,8576.0,92966.0,49.43
BATAINDIA,EQ,29-May-2014,"1,168.35","1,169.00","1,173.45","1,130.00","1,134.30","1,137.65","1,141.81",126567,144515251.7,6662.0,57947.0,45.78
BATAINDIA,EQ,28-May-2014,"1,172.20","1,182.00","1,182.00","1,160.10","1,170.00","1,168.35","1,168.79",73763,86213458.8,5429.0,29411.0,39.87
BATAINDIA,EQ,27-May-2014,"1,155.90","1,175.00","1,193.95","1,132.50","1,181.00","1,172.20","1,165.35",192328,224128878.45,10996.0,85151.0,44.27
BATAINDIA,EQ,26-May-2014,"1,201.40","1,220.00","1,221.95","1,150.65","1,170.00","1,155.90","1,188.47",119177,141637873.7,5566.0,43454.0,36.46
BATAINDIA,EQ,23-May-2014,"1,163.65","1,176.00","1,225.70","1,176.00","1,205.00","1,201.40","1,204.79",273872,329958521.15,12078.0,98322.0,35.9
BATAINDIA,EQ,22-May-2014,"1,091.15","1,099.90","1,176.00","1,095.00","1,175.25","1,163.65","1,136.08",291429,331087433.3,18465.0,139041.0,47.71
BATAINDIA,EQ,21-May-2014,"1,096.50","1,114.90","1,116.00","1,078.45","1,095.95","1,091.15","1,094.98",133981,146706525.1,12111.0,67076.0,50.06
BATAINDIA,EQ,20-May-2014,"1,088.40","1,102.45","1,129.00","1,090.35","1,093.10","1,096.50","1,104.51",207507,229193979.6,7126.0,130308.0,62.8
BATAINDIA,EQ,19-May-2014,"1,048.45","1,048.00","1,101.10","1,028.90","1,100.00","1,088.40","1,062.43",311001,330415340.65,21061.0,171968.0,55.29
BATAINDIA,EQ,16-May-2014,"1,023.45","1,027.00","1,094.50","1,026.20","1,045.50","1,048.45","1,058.91",296802,314286972.35,12081.0,121128.0,40.81
BATAINDIA,EQ,15-May-2014,"1,011.60","1,015.10","1,025.00","1,011.75","1,021.05","1,023.45","1,018.82",173608,176875622.65,9915.0,127345.0,73.35
BATAINDIA,EQ,14-May-2014,"1,027.60","1,031.80","1,031.85","1,002.60","1,014.00","1,011.60","1,011.13",160111,161892754.7,10635.0,96397.0,60.21
BATAINDIA,EQ,13-May-2014,"1,039.85","1,040.00","1,057.75","1,024.00","1,025.75","1,027.60","1,042.49",189305,197348347.9,7830.0,85327.0,45.07
BATAINDIA,EQ,12-May-2014,"1,029.30","1,028.40","1,055.00","1,023.65","1,040.80","1,039.85","1,037.96",272020,282345194.75,10994.0,142417.0,52.36
BATAINDIA,EQ,09-May-2014,"1,031.60","1,021.30","1,039.00","1,021.00","1,028.00","1,029.30","1,030.70",58132,59916445.6,2970.0,32871.0,56.55
BATAINDIA,EQ,08-May-2014,"1,021.25","1,029.00","1,040.00","1,021.00","1,030.60","1,031.60","1,032.73",145005,149750793.65,11489.0,50123.0,34.57
BATAINDIA,EQ,07-May-2014,"1,002.45","1,003.90","1,038.15","1,000.00","1,028.10","1,021.25","1,024.28",295344,302515947.4,13842.0,180975.0,61.28
BATAINDIA,EQ,06-May-2014,"1,004.80","1,000.65","1,009.90",998.00,"1,001.60","1,002.45","1,002.01",134582,134852719.95,8351.0,80090.0,59.51
BATAINDIA,EQ,05-May-2014,"1,023.65","1,023.00","1,023.00","1,000.00","1,002.15","1,004.80","1,006.89",164114,165245111.8,8058.0,84790.0,51.67
BATAINDIA,EQ,02-May-2014,"1,068.15","1,055.00","1,055.00","1,002.00","1,023.65","1,023.65","1,019.93",300964,306963043.8,9991.0,123875.0,41.16
BATAINDIA,EQ,30-Apr-2014,"1,075.55","1,088.00","1,094.00","1,060.90","1,069.00","1,068.15","1,074.26",170064,182692944.65,9950.0,83630.0,49.18
BATAINDIA,EQ,29-Apr-2014,"1,097.90","1,070.10","1,099.95","1,070.00","1,072.95","1,075.55","1,083.21",61154,66242465.55,7535.0,24763.0,40.49
BATAINDIA,EQ,28-Apr-2014,"1,102.60","1,109.00","1,109.00","1,089.55","1,100.00","1,097.90","1,098.27",56353,61890761.7,5981.0,23279.0,41.31
BATAINDIA,EQ,25-Apr-2014,"1,094.85","1,102.00","1,123.75","1,094.05","1,102.00","1,102.60","1,106.17",211783,234268557.5,24411.0,97944.0,46.25
BATAINDIA,EQ,23-Apr-2014,"1,055.60","1,057.00","1,099.00","1,051.80","1,096.95","1,094.85","1,079.65",309112,333733420.3,14483.0,157563.0,50.97
BATAINDIA,EQ,22-Apr-2014,"1,065.65","1,069.00","1,079.90","1,052.65","1,055.10","1,055.60","1,062.68",155879,165649805.5,8857.0,85382.0,54.77
BATAINDIA,EQ,21-Apr-2014,"1,071.50","1,065.00","1,090.00","1,062.00","1,063.60","1,065.65","1,073.71",125621,134880912.6,5778.0,77777.0,61.91
BATAINDIA,EQ,17-Apr-2014,"1,067.90","1,057.30","1,085.60","1,057.30","1,072.00","1,071.50","1,070.21",102735,109948329.3,8126.0,39055.0,38.02
BATAINDIA,EQ,16-Apr-2014,"1,085.25","1,085.25","1,104.90","1,063.15","1,065.00","1,067.90","1,086.54",104435,113472317.85,8230.0,34991.0,33.51
BATAINDIA,EQ,15-Apr-2014,"1,070.05","1,073.00","1,094.80","1,067.15","1,084.20","1,085.25","1,086.13",116671,126720350.15,11944.0,61117.0,52.38
BATAINDIA,EQ,11-Apr-2014,"1,083.60","1,079.90","1,082.90","1,065.55","1,074.00","1,070.05","1,072.81",78799,84536480.3,8404.0,32205.0,40.87
BATAINDIA,EQ,10-Apr-2014,"1,099.05","1,101.70","1,108.90","1,081.15","1,083.85","1,083.60","1,091.44",72231,78835949.15,6379.0,39793.0,55.09
BATAINDIA,EQ,09-Apr-2014,"1,085.05","1,097.00","1,108.00","1,072.10","1,105.00","1,099.05","1,085.87",127494,138442181.05,10642.0,61423.0,48.18
BATAINDIA,EQ,07-Apr-2014,"1,097.60","1,099.05","1,105.80","1,078.20","1,084.10","1,085.05","1,088.30",137936,150115836.1,9325.0,66601.0,48.28
BATAINDIA,EQ,04-Apr-2014,"1,122.55","1,124.70","1,130.00","1,090.20","1,100.00","1,097.60","1,106.79",78912,87338720.7,7756.0,34594.0,43.84
BATAINDIA,EQ,03-Apr-2014,"1,118.30","1,120.00","1,140.00","1,111.00","1,123.00","1,122.55","1,127.75",132945,149929028.5,15114.0,61100.0,45.96
BATAINDIA,EQ,02-Apr-2014,"1,130.20","1,146.00","1,146.00","1,113.05","1,116.50","1,118.30","1,122.78",70936,79645423.5,5494.0,30258.0,42.66
BATAINDIA,EQ,01-Apr-2014,"1,140.70","1,147.00","1,147.00","1,126.10","1,130.50","1,130.20","1,133.08",61844,70074284.2,4855.0,25993.0,42.03
BATAINDIA,EQ,31-Mar-2014,"1,126.95","1,135.00","1,158.95","1,116.30","1,135.10","1,140.70","1,134.64",177058,200897197.95,13583.0,99051.0,55.94
BATAINDIA,EQ,28-Mar-2014,"1,111.85","1,119.70","1,132.40","1,113.45","1,128.00","1,126.95","1,123.85",68093,76526228.05,7474.0,23120.0,33.95
BATAINDIA,EQ,27-Mar-2014,"1,109.85","1,105.05","1,138.50","1,102.90","1,120.00","1,111.85","1,119.86",191912,214914243.75,12529.0,97656.0,50.89
BATAINDIA,EQ,26-Mar-2014,"1,129.75","1,129.00","1,133.95","1,106.65","1,110.00","1,109.85","1,115.90",132713,148094716.05,10414.0,67428.0,50.81
BATAINDIA,EQ,25-Mar-2014,"1,142.15","1,141.00","1,143.95","1,122.55","1,129.00","1,129.75","1,129.72",111156,125575673.3,8178.0,49034.0,44.11
BATAINDIA,EQ,24-Mar-2014,"1,112.05","1,114.00","1,153.30","1,110.10","1,141.00","1,142.15","1,140.49",268596,306329799.65,14005.0,107226.0,39.92
BATAINDIA,EQ,22-Mar-2014,"1,102.35","1,102.10","1,115.40","1,101.05","1,114.70","1,112.05","1,110.74",22719,25234858.55,947.0,12389.0,54.53
BATAINDIA,EQ,21-Mar-2014,"1,108.55","1,107.00","1,136.15","1,097.00","1,106.00","1,102.35","1,115.34",270262,301433772.25,17005.0,143460.0,53.08
BATAINDIA,EQ,20-Mar-2014,"1,126.70","1,126.00","1,130.00","1,101.00","1,107.00","1,108.55","1,113.31",168234,187296592.75,20091.0,81018.0,48.16
BATAINDIA,EQ,19-Mar-2014,"1,089.50","1,093.90","1,135.90","1,090.00","1,123.10","1,126.70","1,122.22",264736,297091993.5,19364.0,98764.0,37.31
BATAINDIA,EQ,18-Mar-2014,"1,099.40","1,100.65","1,105.00","1,077.25","1,089.00","1,089.50","1,092.02",142524,155638723.05,13262.0,62862.0,44.11
BATAINDIA,EQ,14-Mar-2014,"1,089.30","1,088.90","1,105.25","1,080.45","1,097.60","1,099.40","1,095.06",85583,93718093.65,4824.0,31757.0,37.11
BATAINDIA,EQ,13-Mar-2014,"1,091.20","1,100.00","1,114.85","1,080.30","1,090.90","1,089.30","1,102.33",86738,95613870.65,6567.0,26954.0,31.08
BATAINDIA,EQ,12-Mar-2014,"1,104.50","1,104.50","1,108.00","1,085.75","1,092.00","1,091.20","1,093.75",68079,74461584.5,4583.0,21413.0,31.45
BATAINDIA,EQ,11-Mar-2014,"1,093.65","1,104.70","1,124.40","1,087.70","1,108.00","1,104.50","1,112.01",294891,327922977.95,20461.0,135306.0,45.88
BATAINDIA,EQ,10-Mar-2014,"1,066.95","1,070.00","1,099.00","1,061.05","1,097.95","1,093.65","1,086.07",128162,139192573.5,8558.0,39970.0,31.19
BATAINDIA,EQ,07-Mar-2014,"1,074.05","1,075.00","1,081.80","1,056.50","1,069.45","1,066.95","1,067.55",109241,116620229.05,6233.0,46986.0,43.01
BATAINDIA,EQ,06-Mar-2014,"1,072.00","1,073.90","1,084.90","1,065.75","1,071.90","1,074.05","1,075.84",159646,171753506.4,9123.0,61860.0,38.75
BATAINDIA,EQ,05-Mar-2014,"1,050.25","1,040.15","1,074.35","1,040.15","1,073.00","1,072.00","1,066.84",147692,157563274.95,15935.0,68179.0,46.16
BATAINDIA,EQ,04-Mar-2014,"1,042.20","1,038.00","1,055.00","1,031.20","1,046.05","1,050.25","1,044.88",89211,93214551.95,5348.0,44970.0,50.41
BATAINDIA,EQ,03-Mar-2014,"1,060.65","1,063.00","1,063.00","1,032.00","1,054.90","1,042.20","1,043.03",104460,108954813.15,7651.0,47385.0,45.36
BATAINDIA,EQ,28-Feb-2014,"1,055.05","1,053.90","1,068.00","1,048.00","1,063.55","1,060.65","1,058.29",71484,75651099.35,7433.0,24085.0,33.69
BATAINDIA,EQ,26-Feb-2014,"1,041.25","1,046.95","1,061.95","1,036.60","1,054.90","1,055.05","1,053.60",167839,176835047.25,11755.0,72974.0,43.48
BATAINDIA,EQ,25-Feb-2014,"1,043.05","1,046.00","1,049.00","1,030.05","1,042.00","1,041.25","1,039.04",76005,78972463.55,7078.0,20079.0,26.42
BATAINDIA,EQ,24-Feb-2014,"1,031.30","1,036.00","1,047.00","1,024.35","1,045.00","1,043.05","1,038.47",59130,61404572.05,3834.0,15367.0,25.99
BATAINDIA,EQ,21-Feb-2014,"1,023.30","1,032.00","1,038.00","1,025.00","1,031.00","1,031.30","1,031.36",64218,66232076.55,3699.0,18210.0,28.36
BATAINDIA,EQ,20-Feb-2014,"1,022.30","1,020.00","1,029.35","1,015.60","1,024.75","1,023.30","1,023.55",324439,332079668.2,6957.0,279112.0,86.03
BATAINDIA,EQ,19-Feb-2014,"1,021.70","1,025.95","1,036.00","1,019.20","1,023.00","1,022.30","1,026.74",111895,114887460.9,8680.0,36217.0,32.37
BATAINDIA,EQ,18-Feb-2014,"1,018.25","1,020.00","1,036.15","1,011.15","1,018.50","1,021.70","1,024.52",127162,130279395.65,6423.0,53738.0,42.26
BATAINDIA,EQ,17-Feb-2014,"1,022.80","1,020.00","1,027.70","1,007.00","1,012.00","1,018.25","1,018.20",158141,161018444.8,10836.0,63125.0,39.92
BATAINDIA,EQ,14-Feb-2014,997.95,"1,000.00","1,026.90",996.00,"1,025.45","1,022.80","1,011.80",161727,163635875.8,9756.0,81423.0,50.35
BATAINDIA,EQ,13-Feb-2014,"1,000.35","1,010.00","1,013.00",990.60,993.50,997.95,999.40,427448,427191841.25,18940.0,187092.0,43.77
BATAINDIA,EQ,12-Feb-2014,"1,001.25","1,009.00","1,013.85",991.10,"1,000.25","1,000.35",999.87,178457,178434359.6,9142.0,48616.0,27.24
BATAINDIA,EQ,11-Feb-2014,991.70,994.90,"1,008.75",990.00,"1,007.50","1,001.25",998.60,252946,252591368.35,9990.0,122198.0,48.31
BATAINDIA,EQ,10-Feb-2014,971.80,973.00,995.60,973.00,994.00,991.70,986.66,208570,205786809.35,10226.0,101097.0,48.47
BATAINDIA,EQ,07-Feb-2014,956.25,962.00,979.50,960.10,971.50,971.80,971.93,113569,110380983.2,5566.0,29249.0,25.75
BATAINDIA,EQ,06-Feb-2014,963.05,968.00,973.70,953.00,955.00,956.25,962.05,78865,75872400.95,4744.0,28139.0,35.68
BATAINDIA,EQ,05-Feb-2014,971.55,979.50,980.90,955.00,962.80,963.05,967.97,149322,144539418.9,7992.0,45798.0,30.67
BATAINDIA,EQ,04-Feb-2014,955.25,950.00,974.00,942.00,973.50,971.55,961.37,145119,139512799.2,10904.0,56677.0,39.06
BATAINDIA,EQ,03-Feb-2014,951.05,960.00,967.90,939.15,952.55,955.25,956.36,175245,167596671.25,11602.0,56856.0,32.44
BATAINDIA,EQ,31-Jan-2014,921.80,915.80,953.20,915.80,950.05,951.05,941.14,154843,145728838.15,7206.0,72439.0,46.78
BATAINDIA,EQ,30-Jan-2014,930.60,921.30,927.95,894.55,925.00,921.80,914.40,322182,294604398.45,6853.0,198695.0,61.67
BATAINDIA,EQ,29-Jan-2014,928.65,923.40,947.85,923.40,928.90,930.60,939.49,92051,86480572.85,8555.0,34452.0,37.43
BATAINDIA,EQ,28-Jan-2014,944.80,948.00,953.90,923.20,925.00,928.65,932.02,131513,122572242.35,7984.0,35044.0,26.65
BATAINDIA,EQ,27-Jan-2014,968.15,959.00,959.00,933.10,951.90,944.80,945.00,231300,218579250.8,15171.0,118248.0,51.12
BATAINDIA,EQ,24-Jan-2014,989.60,984.00,986.70,965.00,966.50,968.15,975.43,144518,140967704.85,11794.0,77783.0,53.82
BATAINDIA,EQ,23-Jan-2014,985.85,987.40,999.90,983.45,989.80,989.60,990.02,189107,187220136.0,12182.0,98959.0,52.33
BATAINDIA,EQ,22-Jan-2014,973.55,979.00,991.65,963.00,987.15,985.85,979.40,261939,256542556.05,13950.0,93833.0,35.82
BATAINDIA,EQ,21-Jan-2014,990.40,996.00,998.50,971.05,973.20,973.55,982.16,137652,135196331.7,5324.0,78163.0,56.78
BATAINDIA,EQ,20-Jan-2014,992.60,992.05,997.90,983.60,991.00,990.40,991.78,82243,81567319.25,3804.0,38118.0,46.35
BATAINDIA,EQ,17-Jan-2014,"1,007.05","1,010.50","1,020.95",990.00,992.15,992.60,"1,005.22",109025,109593791.4,5144.0,27841.0,25.54
BATAINDIA,EQ,16-Jan-2014,997.70,"1,005.00","1,013.70",985.50,"1,012.00","1,007.05","1,005.66",119645,120322073.8,6228.0,30882.0,25.81
BATAINDIA,EQ,15-Jan-2014,"1,016.55","1,020.00","1,025.00",993.80,996.95,997.70,"1,001.16",200078,200310451.35,9284.0,76967.0,38.47
BATAINDIA,EQ,14-Jan-2014,"1,038.25","1,040.00","1,043.95","1,015.00","1,016.00","1,016.55","1,025.62",123493,126656904.45,5986.0,51298.0,41.54
BATAINDIA,EQ,13-Jan-2014,"1,011.85","1,006.85","1,045.00","1,006.85","1,045.00","1,038.25","1,035.17",117235,121358679.4,6061.0,49971.0,42.62
BATAINDIA,EQ,10-Jan-2014,"1,024.95","1,034.00","1,036.00","1,007.30","1,014.00","1,011.85","1,022.24",74324,75977308.8,4234.0,22765.0,30.63
BATAINDIA,EQ,09-Jan-2014,"1,042.25","1,046.55","1,047.00","1,020.00","1,027.95","1,024.95","1,032.55",70897,73204793.75,4235.0,28997.0,40.9
BATAINDIA,EQ,08-Jan-2014,"1,024.55","1,029.50","1,049.00","1,026.20","1,045.00","1,042.25","1,041.44",140067,145871510.35,6476.0,46270.0,33.03
BATAINDIA,EQ,07-Jan-2014,"1,026.30","1,026.30","1,037.80","1,012.35","1,025.00","1,024.55","1,023.55",74373,76124241.05,4345.0,24968.0,33.57
BATAINDIA,EQ,06-Jan-2014,"1,040.95","1,041.00","1,044.95","1,022.90","1,026.20","1,026.30","1,029.08",72857,74975786.05,4756.0,28195.0,38.7
BATAINDIA,EQ,03-Jan-2014,"1,030.30","1,020.00","1,044.50","1,020.00","1,041.90","1,040.95","1,034.80",90320,93462714.65,4724.0,22166.0,24.54
BATAINDIA,EQ,02-Jan-2014,"1,067.65","1,074.95","1,079.40","1,021.10","1,031.50","1,030.30","1,065.51",387309,412681846.4,8898.0,287298.0,74.18
BATAINDIA,EQ,01-Jan-2014,"1,053.75","1,056.00","1,084.00","1,051.25","1,069.80","1,067.65","1,072.76",212072,227503109.65,9629.0,72883.0,34.37
BATAINDIA,EQ,31-Dec-2013,"1,046.85","1,056.00","1,063.00","1,046.00","1,053.25","1,053.75","1,052.34",94062,98984949.3,3684.0,52038.0,55.32
BATAINDIA,EQ,30-Dec-2015,508.70,509.20,512.50,503.10,504.00,505.15,507.56,245519,124614437.35,5446.0,85605.0,34.87
BATAINDIA,EQ,29-Dec-2015,506.35,509.30,515.95,506.20,507.20,508.70,510.63,519276,265156199.55,10249.0,173716.0,33.45
BATAINDIA,EQ,28-Dec-2015,495.00,497.70,510.95,493.00,506.10,506.35,505.83,544973,275663289.2,10922.0,167846.0,30.8
BATAINDIA,EQ,24-Dec-2015,498.90,500.00,512.85,493.00,493.65,495.00,504.05,611935,308444113.4,13517.0,144252.0,23.57
BATAINDIA,EQ,23-Dec-2015,494.10,495.90,502.70,495.00,499.00,498.90,498.95,324864,162092494.25,7841.0,154726.0,47.63
BATAINDIA,EQ,22-Dec-2015,485.80,486.00,497.70,486.00,497.25,494.10,492.89,218076,107488125.3,5948.0,105703.0,48.47
BATAINDIA,EQ,21-Dec-2015,490.00,490.20,492.00,484.00,486.00,485.80,486.04,300701,146154056.85,4806.0,181313.0,60.3
BATAINDIA,EQ,18-Dec-2015,498.80,496.95,496.95,482.75,492.35,490.00,490.49,159659,78310563.95,4880.0,20974.0,13.14
BATAINDIA,EQ,17-Dec-2015,479.40,482.70,503.00,480.80,502.00,498.80,491.51,368557,181148531.15,9886.0,116375.0,31.58
BATAINDIA,EQ,16-Dec-2015,485.30,487.00,488.95,475.30,477.10,479.40,479.08,430307,206151230.85,10602.0,234763.0,54.56
BATAINDIA,EQ,15-Dec-2015,472.40,474.50,488.70,474.50,483.25,485.30,482.10,435602,210004711.5,13410.0,190938.0,43.83
BATAINDIA,EQ,14-Dec-2015,469.30,465.00,474.00,464.15,473.00,472.40,470.44,301553,141863063.35,10928.0,138466.0,45.92
BATAINDIA,EQ,11-Dec-2015,473.30,473.25,475.00,464.60,465.35,469.30,469.38,279885,131372470.15,7453.0,74370.0,26.57
BATAINDIA,EQ,10-Dec-2015,479.90,479.95,479.95,470.60,473.00,473.30,473.88,1448932,686617347.65,21366.0,984246.0,67.93
BATAINDIA,EQ,09-Dec-2015,494.80,498.00,499.40,473.80,480.00,479.90,481.79,954723,459979595.0,17796.0,619338.0,64.87
BATAINDIA,EQ,08-Dec-2015,485.55,483.00,497.00,482.00,497.00,494.80,493.91,465726,230025322.95,11189.0,255801.0,54.93
BATAINDIA,EQ,07-Dec-2015,483.65,489.75,493.90,484.00,485.25,485.55,488.64,364046,177888327.35,10140.0,160613.0,44.12
BATAINDIA,EQ,04-Dec-2015,479.70,478.00,487.85,477.30,484.00,483.65,483.78,275783,133419478.45,5667.0,136583.0,49.53
BATAINDIA,EQ,03-Dec-2015,480.45,478.00,482.25,476.45,480.00,479.70,479.82,323762,155348452.9,7773.0,190673.0,58.89
BATAINDIA,EQ,02-Dec-2015,485.45,488.85,489.50,476.00,478.70,480.45,482.30,626928,302365663.5,6737.0,440972.0,70.34
BATAINDIA,EQ,01-Dec-2015,499.50,502.00,502.00,483.00,485.00,485.45,490.24,635879,311735001.05,10802.0,374832.0,58.95
BATAINDIA,EQ,30-Nov-2015,496.45,488.20,505.50,488.10,502.90,499.50,498.93,369457,184333994.1,8216.0,77979.0,21.11
BATAINDIA,EQ,27-Nov-2015,513.70,507.85,507.85,492.50,493.75,496.45,499.62,520919,260259280.8,11043.0,165567.0,31.78
BATAINDIA,EQ,26-Nov-2015,486.20,479.00,532.40,478.00,509.95,513.70,501.10,2088574,1046587298.2,28969.0,939029.0,44.96
BATAINDIA,EQ,24-Nov-2015,488.05,488.05,494.90,471.90,494.00,486.20,483.23,586395,283366229.65,12698.0,163197.0,27.83
BATAINDIA,EQ,23-Nov-2015,492.30,495.25,499.90,485.05,489.50,488.05,489.40,303931,148744181.7,6650.0,120998.0,39.81
BATAINDIA,EQ,20-Nov-2015,478.30,480.05,493.70,480.05,492.05,492.30,489.91,276081,135255145.3,8723.0,88199.0,31.95
BATAINDIA,EQ,19-Nov-2015,476.45,479.95,482.95,474.45,477.65,478.30,478.23,268281,128301308.7,10344.0,147527.0,54.99
BATAINDIA,EQ,18-Nov-2015,472.30,471.95,479.40,466.40,476.55,476.45,475.65,397732,189179389.85,10403.0,166433.0,41.85
BATAINDIA,EQ,17-Nov-2015,472.70,478.00,478.00,467.05,473.00,472.30,471.23,237760,112039210.0,6084.0,122804.0,51.65
BATAINDIA,EQ,16-Nov-2015,472.05,471.00,474.50,463.00,474.00,472.70,469.87,228377,107306699.25,4565.0,125662.0,55.02
BATAINDIA,EQ,13-Nov-2015,478.25,477.40,477.40,465.00,474.00,472.05,470.52,228633,107576515.1,6397.0,87014.0,38.06
BATAINDIA,EQ,11-Nov-2015,470.50,475.80,480.00,471.00,479.90,478.25,477.57,38250,18267158.3,1463.0,12651.0,33.07
BATAINDIA,EQ,10-Nov-2015,484.20,488.00,489.00,465.70,470.50,470.50,474.34,330366,156704300.15,9622.0,139402.0,42.2
BATAINDIA,EQ,09-Nov-2015,466.05,463.50,488.00,456.65,488.00,484.20,478.49,484833,231985436.65,11859.0,220570.0,45.49
BATAINDIA,EQ,06-Nov-2015,464.65,470.00,472.50,462.05,466.10,466.05,467.48,237080,110829448.05,7191.0,56367.0,23.78
BATAINDIA,EQ,05-Nov-2015,484.20,467.00,479.00,461.55,463.05,464.65,469.69,1676447,787413138.2,32126.0,649850.0,38.76
BATAINDIA,EQ,04-Nov-2015,493.55,495.60,497.00,481.00,481.40,484.20,485.64,596137,289505731.5,13653.0,107469.0,18.03
BATAINDIA,EQ,03-Nov-2015,503.55,508.00,509.50,490.60,492.20,493.55,496.45,570450,283198773.85,13507.0,234561.0,41.12
BATAINDIA,EQ,02-Nov-2015,502.95,502.00,511.90,485.50,503.00,503.55,498.43,644756,321363257.75,12363.0,347903.0,53.96
BATAINDIA,EQ,30-Oct-2015,503.80,507.60,509.90,497.30,501.00,502.95,503.83,598289,301433788.45,14497.0,292466.0,48.88
BATAINDIA,EQ,29-Oct-2015,525.70,524.55,527.95,499.00,505.05,503.80,507.68,917437,465768010.85,13997.0,610787.0,66.58
BATAINDIA,EQ,28-Oct-2015,523.95,523.95,532.40,521.30,524.90,525.70,528.72,330920,174964836.95,7807.0,163782.0,49.49
BATAINDIA,EQ,27-Oct-2015,519.60,519.00,525.00,516.00,523.00,523.95,520.61,167979,87452018.85,5413.0,51198.0,30.48
BATAINDIA,EQ,26-Oct-2015,525.85,528.00,529.00,515.00,519.50,519.60,519.77,337179,175255881.95,21542.0,178408.0,52.91
BATAINDIA,EQ,23-Oct-2015,525.85,526.60,530.50,524.20,525.95,525.85,526.29,343193,180619536.1,9120.0,202551.0,59.02
BATAINDIA,EQ,21-Oct-2015,526.70,528.00,538.20,522.65,526.00,525.85,530.82,740034,392828042.25,12351.0,355755.0,48.07
BATAINDIA,EQ,20-Oct-2015,524.85,526.00,531.50,523.10,528.90,526.70,526.25,529068,278421592.55,8527.0,355153.0,67.13
BATAINDIA,EQ,19-Oct-2015,529.15,530.00,530.85,522.55,524.20,524.85,525.16,239879,125975113.55,7010.0,129049.0,53.8
BATAINDIA,EQ,16-Oct-2015,526.80,528.00,535.85,521.50,528.10,529.15,528.16,261495,138110795.95,8024.0,108568.0,41.52
BATAINDIA,EQ,15-Oct-2015,535.95,537.00,542.50,525.05,525.20,526.80,529.71,271339,143731206.05,7553.0,137476.0,50.67
BATAINDIA,EQ,14-Oct-2015,525.05,521.00,540.00,519.45,535.00,535.95,530.43,254399,134941911.1,7532.0,49824.0,19.58
BATAINDIA,EQ,13-Oct-2015,535.80,540.00,541.80,523.00,524.10,525.05,528.89,253407,134025199.2,7897.0,106861.0,42.17
BATAINDIA,EQ,12-Oct-2015,545.05,543.00,551.00,533.10,542.05,535.80,541.60,325966,176544495.4,9573.0,167128.0,51.27
BATAINDIA,EQ,09-Oct-2015,552.80,555.00,558.80,539.35,540.85,545.05,550.44,155661,85682252.6,6475.0,47919.0,30.78
BATAINDIA,EQ,08-Oct-2015,549.75,548.95,559.30,546.50,548.25,552.80,553.05,144946,80162194.2,5535.0,43978.0,30.34
BATAINDIA,EQ,07-Oct-2015,"1,098.95",550.80,562.65,546.00,547.50,549.75,554.15,230255,127596329.8,7379.0,66324.0,28.8
BATAINDIA,EQ,06-Oct-2015,"1,075.55","1,093.00","1,103.00","1,082.05","1,097.25","1,098.95","1,094.76",189964,207965744.55,10172.0,60297.0,31.74
BATAINDIA,EQ,05-Oct-2015,"1,058.10","1,067.65","1,093.90","1,062.90","1,093.00","1,075.55","1,073.53",266608,286210673.7,11034.0,168708.0,63.28
BATAINDIA,EQ,01-Oct-2015,"1,078.25","1,087.20","1,095.00","1,052.70","1,058.00","1,058.10","1,071.15",135877,145544292.15,9036.0,45831.0,33.73
BATAINDIA,EQ,30-Sep-2015,"1,068.15","1,050.00","1,088.10","1,050.00","1,076.00","1,078.25","1,073.49",222504,238856694.7,15122.0,66304.0,29.8
BATAINDIA,EQ,29-Sep-2015,"1,106.50","1,109.30","1,109.30","1,058.00","1,067.80","1,068.15","1,086.40",211120,229361359.75,14996.0,54551.0,25.84
BATAINDIA,EQ,28-Sep-2015,"1,123.70","1,125.00","1,152.25","1,100.00","1,113.00","1,106.50","1,130.98",165577,187263527.8,8023.0,30184.0,18.23
BATAINDIA,EQ,24-Sep-2015,"1,109.85","1,112.00","1,143.00","1,095.60","1,134.00","1,123.70","1,123.21",331000,371784120.9,12572.0,178267.0,53.86
BATAINDIA,EQ,23-Sep-2015,"1,129.20","1,110.00","1,116.50","1,080.00","1,106.00","1,109.85","1,096.93",281158,308411111.1,20008.0,90080.0,32.04
BATAINDIA,EQ,22-Sep-2015,"1,147.05","1,151.00","1,154.00","1,122.00","1,126.05","1,129.20","1,136.42",320101,363770247.45,15569.0,180889.0,56.51
BATAINDIA,EQ,21-Sep-2015,"1,140.60","1,130.00","1,157.90","1,125.85","1,144.00","1,147.05","1,147.37",118645,136130058.95,5703.0,30582.0,25.78
BATAINDIA,EQ,18-Sep-2015,"1,119.05","1,122.00","1,147.80","1,122.00","1,134.15","1,140.60","1,136.24",168198,191113396.85,7701.0,67819.0,40.32
BATAINDIA,EQ,16-Sep-2015,"1,099.70","1,105.00","1,131.70","1,105.00","1,115.20","1,119.05","1,119.54",351608,393640589.8,15601.0,137554.0,39.12
BATAINDIA,EQ,15-Sep-2015,"1,061.75","1,075.00","1,106.70","1,048.05","1,098.00","1,099.70","1,081.46",290027,313652029.75,14872.0,122121.0,42.11
BATAINDIA,EQ,14-Sep-2015,"1,026.50","1,028.50","1,080.00","1,028.25","1,068.00","1,061.75","1,052.75",341872,359905718.9,13755.0,190718.0,55.79
BATAINDIA,EQ,11-Sep-2015,"1,023.80","1,029.00","1,037.85","1,005.00","1,024.05","1,026.50","1,019.10",180277,183720764.0,8396.0,81821.0,45.39
BATAINDIA,EQ,10-Sep-2015,"1,022.75","1,018.00","1,026.75",998.05,"1,023.00","1,023.80","1,013.16",77489,78508849.1,5741.0,17807.0,22.98
BATAINDIA,EQ,09-Sep-2015,"1,012.65","1,025.00","1,048.00","1,015.25","1,023.90","1,022.75","1,036.56",151070,156592929.8,7547.0,71031.0,47.02
BATAINDIA,EQ,08-Sep-2015,"1,002.45","1,002.00","1,022.40",986.00,"1,010.25","1,012.65","1,005.06",106746,107286058.75,7571.0,28136.0,26.36
BATAINDIA,EQ,07-Sep-2015,"1,035.35","1,039.80","1,039.80",996.00,998.00,"1,002.45","1,010.95",110555,111765111.45,10548.0,45799.0,41.43
BATAINDIA,EQ,04-Sep-2015,"1,029.15","1,029.15","1,040.95","1,002.00","1,032.00","1,035.35","1,026.22",141730,145445954.85,9287.0,43106.0,30.41
BATAINDIA,EQ,03-Sep-2015,"1,050.80","1,047.00","1,057.60","1,025.50","1,033.10","1,029.15","1,036.41",151875,157405313.35,11236.0,58632.0,38.61
BATAINDIA,EQ,02-Sep-2015,"1,079.00","1,085.00","1,091.15","1,034.25","1,035.00","1,050.80","1,054.08",203870,214894428.0,8705.0,91278.0,44.77
BATAINDIA,EQ,01-Sep-2015,"1,072.60","1,065.00","1,088.00","1,057.50","1,075.00","1,079.00","1,070.09",104832,112179690.35,6120.0,39941.0,38.1
BATAINDIA,EQ,31-Aug-2015,"1,074.80","1,075.00","1,091.00","1,056.60","1,067.00","1,072.60","1,072.88",91869,98564543.2,6921.0,33584.0,36.56
BATAINDIA,EQ,28-Aug-2015,"1,116.25","1,119.00","1,142.00","1,067.00","1,072.00","1,074.80","1,110.98",290897,323179303.7,17303.0,92979.0,31.96
BATAINDIA,EQ,27-Aug-2015,"1,040.35","1,042.20","1,174.00","1,041.20","1,145.00","1,116.25","1,097.08",338615,371487051.3,14561.0,169388.0,50.02
BATAINDIA,EQ,26-Aug-2015,"1,014.40","1,015.00","1,056.00",999.00,"1,033.00","1,040.35","1,037.69",137775,142967834.4,9090.0,53692.0,38.97
BATAINDIA,EQ,25-Aug-2015,"1,019.50","1,040.95","1,040.95",975.05,"1,019.45","1,014.40","1,006.78",231604,233175017.8,13937.0,90955.0,39.27
BATAINDIA,EQ,24-Aug-2015,"1,127.35","1,101.00","1,102.10","1,002.10","1,047.00","1,019.50","1,049.54",292891,307400312.5,20994.0,141759.0,48.4
BATAINDIA,EQ,21-Aug-2015,"1,131.80","1,110.00","1,147.00","1,086.90","1,128.25","1,127.35","1,109.02",191669,212564023.05,15401.0,60684.0,31.66
BATAINDIA,EQ,20-Aug-2015,"1,179.70","1,180.00","1,182.15","1,123.10","1,136.95","1,131.80","1,154.75",315040,363793418.4,11674.0,214833.0,68.19
BATAINDIA,EQ,19-Aug-2015,"1,179.30","1,179.00","1,201.00","1,168.00","1,180.00","1,179.70","1,185.38",93143,110410211.4,6284.0,23113.0,24.81
BATAINDIA,EQ,18-Aug-2015,"1,175.95","1,176.20","1,187.00","1,171.00","1,180.00","1,179.30","1,179.11",81972,96653665.35,5812.0,25103.0,30.62
BATAINDIA,EQ,17-Aug-2015,"1,163.05","1,180.10","1,192.60","1,170.00","1,175.00","1,175.95","1,179.30",102456,120826137.25,6797.0,23994.0,23.42
BATAINDIA,EQ,14-Aug-2015,"1,151.50","1,165.00","1,177.00","1,151.00","1,163.95","1,163.05","1,164.47",113334,131973710.6,6463.0,49477.0,43.66
BATAINDIA,EQ,13-Aug-2015,"1,150.30","1,154.20","1,168.45","1,146.50","1,159.45","1,151.50","1,157.57",144954,167794609.25,8039.0,65950.0,45.5
BATAINDIA,EQ,12-Aug-2015,"1,180.90","1,179.00","1,179.00","1,143.00","1,155.00","1,150.30","1,160.39",171370,198856276.85,8036.0,86064.0,50.22
BATAINDIA,EQ,11-Aug-2015,"1,187.90","1,192.90","1,192.90","1,153.10","1,182.00","1,180.90","1,176.91",152564,179553677.5,8325.0,66543.0,43.62
BATAINDIA,EQ,10-Aug-2015,"1,185.55","1,195.00","1,204.90","1,182.00","1,186.00","1,187.90","1,195.60",154107,184250826.7,7607.0,74026.0,48.04
BATAINDIA,EQ,07-Aug-2015,"1,169.75","1,175.00","1,190.00","1,166.00","1,185.85","1,185.55","1,180.95",295785,349306278.45,12940.0,141132.0,47.71
BATAINDIA,EQ,06-Aug-2015,"1,233.15","1,225.00","1,225.00","1,160.00","1,167.50","1,169.75","1,177.71",620316,730551032.75,26162.0,233405.0,37.63
BATAINDIA,EQ,05-Aug-2015,"1,224.30","1,231.90","1,244.00","1,215.65","1,231.00","1,233.15","1,232.70",397260,489702445.45,13580.0,147039.0,37.01
BATAINDIA,EQ,04-Aug-2015,"1,211.45","1,218.00","1,230.00","1,196.55","1,222.05","1,224.30","1,213.07",126401,153332805.05,7238.0,44054.0,34.85
BATAINDIA,EQ,03-Aug-2015,"1,200.40","1,203.50","1,233.00","1,202.35","1,203.20","1,211.45","1,220.84",181703,221830883.15,8182.0,62516.0,34.41
BATAINDIA,EQ,31-Jul-2015,"1,188.65","1,192.85","1,215.00","1,174.15","1,195.35","1,200.40","1,200.08",142490,170999043.5,9878.0,40883.0,28.69
BATAINDIA,EQ,30-Jul-2015,"1,125.05","1,135.00","1,208.00","1,135.00","1,198.40","1,188.65","1,171.86",276204,323672156.25,10254.0,124938.0,45.23
BATAINDIA,EQ,29-Jul-2015,"1,116.40","1,116.40","1,133.80","1,105.00","1,133.00","1,125.05","1,115.68",403681,450378676.55,9600.0,286758.0,71.04
BATAINDIA,EQ,28-Jul-2015,"1,151.40","1,151.40","1,157.50","1,112.65","1,118.00","1,116.40","1,126.84",182126,205226360.9,12399.0,81579.0,44.79
BATAINDIA,EQ,27-Jul-2015,"1,158.50","1,158.50","1,162.00","1,136.65","1,156.00","1,151.40","1,151.34",152381,175442712.05,8486.0,73238.0,48.06
BATAINDIA,EQ,24-Jul-2015,"1,157.10","1,160.00","1,166.20","1,145.80","1,165.00","1,158.50","1,155.70",197013,227688658.55,6521.0,119478.0,60.64
BATAINDIA,EQ,23-Jul-2015,"1,140.70","1,144.00","1,169.00","1,140.00","1,157.95","1,157.10","1,157.39",201196,232861968.35,14491.0,96498.0,47.96
BATAINDIA,EQ,22-Jul-2015,"1,172.25","1,164.00","1,164.00","1,133.00","1,138.00","1,140.70","1,143.30",169915,194263324.15,12735.0,71425.0,42.04
BATAINDIA,EQ,21-Jul-2015,"1,195.05","1,196.00","1,199.50","1,160.00","1,160.00","1,172.25","1,183.04",75637,89481517.9,5047.0,27258.0,36.04
BATAINDIA,EQ,20-Jul-2015,"1,211.20","1,211.50","1,213.55","1,190.00","1,198.60","1,195.05","1,202.75",103017,123903701.05,5528.0,29461.0,28.6
BATAINDIA,EQ,17-Jul-2015,"1,197.95","1,201.80","1,220.00","1,183.05","1,214.00","1,211.20","1,200.70",133668,160495270.4,7465.0,49922.0,37.35
BATAINDIA,EQ,16-Jul-2015,"1,195.80","1,195.00","1,205.60","1,185.00","1,196.00","1,197.95","1,195.67",104395,124822377.8,5891.0,29459.0,28.22
BATAINDIA,EQ,15-Jul-2015,"1,173.35","1,174.00","1,199.00","1,172.00","1,193.95","1,195.80","1,187.53",157609,187166044.1,13466.0,70560.0,44.77
BATAINDIA,EQ,14-Jul-2015,"1,182.65","1,189.00","1,195.30","1,166.00","1,178.00","1,173.35","1,184.49",159247,188627201.45,9575.0,45313.0,28.45
BATAINDIA,EQ,13-Jul-2015,"1,157.35","1,162.90","1,186.55","1,144.10","1,184.50","1,182.65","1,166.83",162669,189806680.8,10011.0,51133.0,31.43
BATAINDIA,EQ,10-Jul-2015,"1,158.35","1,169.30","1,171.20","1,140.05","1,145.00","1,157.35","1,156.27",156670,181153539.05,9814.0,34391.0,21.95
BATAINDIA,EQ,09-Jul-2015,"1,148.75","1,141.00","1,173.50","1,130.90","1,160.00","1,158.35","1,147.33",180447,207033082.85,11993.0,76930.0,42.63
BATAINDIA,EQ,08-Jul-2015,"1,157.25","1,150.50","1,158.00","1,126.20","1,150.00","1,148.75","1,143.64",214146,244905940.95,13058.0,70883.0,33.1
BATAINDIA,EQ,07-Jul-2015,"1,135.50","1,141.90","1,171.00","1,141.90","1,161.50","1,157.25","1,152.28",496545,572156712.2,23037.0,275598.0,55.5
BATAINDIA,EQ,06-Jul-2015,"1,083.55","1,077.00","1,145.00","1,062.90","1,145.00","1,135.50","1,112.97",298821,332578348.95,15623.0,121625.0,40.7
BATAINDIA,EQ,03-Jul-2015,"1,072.55","1,078.40","1,089.00","1,067.05","1,086.40","1,083.55","1,082.64",199986,216512462.35,11198.0,106587.0,53.3
BATAINDIA,EQ,02-Jul-2015,"1,065.75","1,066.00","1,080.00","1,062.20","1,071.00","1,072.55","1,071.78",133800,143404411.95,8744.0,53355.0,39.88
BATAINDIA,EQ,01-Jul-2015,"1,057.70","1,050.00","1,071.45","1,046.00","1,065.15","1,065.75","1,064.94",205609,218961643.9,13137.0,69965.0,34.03
BATAINDIA,EQ,30-Jun-2015,"1,028.05","1,026.70","1,067.50","1,025.00","1,050.50","1,057.70","1,043.90",210617,219863800.85,12162.0,93163.0,44.23
BATAINDIA,EQ,29-Jun-2015,"1,044.40","1,031.00","1,040.00",988.05,"1,034.00","1,028.05","1,019.72",154085,157123237.2,11397.0,60560.0,39.3
BATAINDIA,EQ,26-Jun-2015,"1,048.95","1,043.70","1,052.00","1,035.00","1,045.80","1,044.40","1,043.56",83641,87284054.35,4358.0,21281.0,25.44
BATAINDIA,EQ,25-Jun-2015,"1,035.30","1,035.65","1,056.00","1,030.00","1,042.00","1,048.95","1,047.58",214903,225128898.8,9616.0,92306.0,42.95
BATAINDIA,EQ,24-Jun-2015,"1,046.35","1,053.00","1,053.00","1,022.00","1,037.00","1,035.30","1,032.52",215281,222281404.0,8460.0,108800.0,50.54
BATAINDIA,EQ,23-Jun-2015,"1,040.05","1,048.00","1,053.10","1,038.00","1,048.00","1,046.35","1,047.60",148978,156069716.55,7140.0,50616.0,33.98
BATAINDIA,EQ,22-Jun-2015,"1,022.55","1,030.00","1,049.40","1,026.05","1,039.30","1,040.05","1,041.99",359617,374718374.15,15010.0,157587.0,43.82
BATAINDIA,EQ,19-Jun-2015,"1,002.25","1,014.95","1,030.70","1,000.00","1,027.00","1,022.55","1,017.14",256978,261382251.8,10239.0,60305.0,23.47
BATAINDIA,EQ,18-Jun-2015,"1,009.80","1,011.20","1,021.90",998.40,"1,001.35","1,002.25","1,011.83",226450,229128414.15,13697.0,122700.0,54.18
BATAINDIA,EQ,17-Jun-2015,"1,017.40","1,021.70","1,029.90","1,005.45","1,011.15","1,009.80","1,015.04",245066,248752815.8,14446.0,95656.0,39.03
BATAINDIA,EQ,16-Jun-2015,"1,025.90","1,038.10","1,038.50","1,009.00","1,016.00","1,017.40","1,020.18",174538,178059984.85,9251.0,52071.0,29.83
BATAINDIA,EQ,15-Jun-2015,992.20,"1,006.90","1,038.90",987.05,"1,034.00","1,025.90","1,017.51",216527,220317489.9,8232.0,82625.0,38.16
BATAINDIA,EQ,12-Jun-2015,994.95,995.00,"1,002.00",975.20,988.10,992.20,988.23,169291,167297950.2,10126.0,50215.0,29.66
BATAINDIA,EQ,11-Jun-2015,993.40,"1,003.90","1,014.00",983.00,996.00,994.95,995.83,132395,131842591.1,7392.0,30441.0,22.99
BATAINDIA,EQ,10-Jun-2015,978.20,980.00,"1,005.00",976.35,993.00,993.40,987.29,177203,174951574.05,11694.0,57299.0,32.34
BATAINDIA,EQ,09-Jun-2015,993.25,991.00,991.00,942.25,975.40,978.20,970.05,298829,289880057.4,13644.0,107013.0,35.81
BATAINDIA,EQ,08-Jun-2015,"1,002.25","1,007.95","1,012.35",975.10,985.00,993.25,990.86,300669,297920553.4,11909.0,138644.0,46.11
BATAINDIA,EQ,05-Jun-2015,"1,030.60","1,030.00","1,045.70",996.65,997.00,"1,002.25","1,020.84",202922,207150768.85,13915.0,102123.0,50.33
BATAINDIA,EQ,04-Jun-2015,"1,026.00","1,026.00","1,040.55","1,021.35","1,031.00","1,030.60","1,029.22",218898,225293580.55,8625.0,143739.0,65.66
BATAINDIA,EQ,03-Jun-2015,"1,034.95","1,031.90","1,041.20","1,004.30","1,028.00","1,026.00","1,019.53",236929,241556550.2,14138.0,106965.0,45.15
BATAINDIA,EQ,02-Jun-2015,"1,057.15","1,057.15","1,057.95","1,024.00","1,038.00","1,034.95","1,035.30",294149,304533656.45,12508.0,135651.0,46.12
BATAINDIA,EQ,01-Jun-2015,"1,070.95","1,068.90","1,069.00","1,045.45","1,054.80","1,057.15","1,058.53",124083,131345646.15,7592.0,51321.0,41.36
BATAINDIA,EQ,29-May-2015,"1,053.45","1,050.00","1,078.55","1,046.00","1,065.80","1,070.95","1,063.35",335202,356435436.6,18999.0,172818.0,51.56
BATAINDIA,EQ,28-May-2015,"1,038.85","1,049.85","1,065.85","1,020.20","1,043.00","1,053.45","1,045.67",983940,1028872246.65,29830.0,475724.0,48.35
BATAINDIA,EQ,27-May-2015,"1,073.70","1,069.90","1,069.90","1,028.55","1,030.00","1,038.85","1,046.16",404109,422764656.5,16695.0,120492.0,29.82
BATAINDIA,EQ,26-May-2015,"1,113.05","1,113.15","1,116.90","1,061.00","1,073.90","1,073.70","1,077.93",229369,247243365.25,12866.0,81341.0,35.46
BATAINDIA,EQ,25-May-2015,"1,120.15","1,119.95","1,125.55","1,103.70","1,113.00","1,113.05","1,112.34",151832,168889291.5,6965.0,84814.0,55.86
BATAINDIA,EQ,22-May-2015,"1,120.65","1,126.00","1,134.40","1,113.00","1,113.25","1,120.15","1,122.21",235760,264571785.6,10377.0,138029.0,58.55
BATAINDIA,EQ,21-May-2015,"1,099.45","1,103.00","1,128.00","1,095.00","1,127.00","1,120.65","1,111.71",189053,210171550.0,11855.0,79058.0,41.82
BATAINDIA,EQ,20-May-2015,"1,110.35","1,123.70","1,131.50","1,093.35","1,095.00","1,099.45","1,111.97",237653,264263169.25,11985.0,88315.0,37.16
BATAINDIA,EQ,19-May-2015,"1,064.10","1,072.00","1,119.90","1,058.00","1,117.50","1,110.35","1,090.72",309842,337951847.35,16499.0,123666.0,39.91
BATAINDIA,EQ,18-May-2015,"1,058.20","1,058.00","1,071.90","1,052.00","1,062.60","1,064.10","1,060.71",150708,159857776.05,5051.0,90732.0,60.2
BATAINDIA,EQ,15-May-2015,"1,068.40","1,065.10","1,080.00","1,055.10","1,057.00","1,058.20","1,066.98",111362,118821256.95,7352.0,37247.0,33.45
BATAINDIA,EQ,14-May-2015,"1,059.65","1,068.00","1,078.65","1,045.00","1,067.00","1,068.40","1,070.10",108722,116343697.7,6578.0,26071.0,23.98
BATAINDIA,EQ,13-May-2015,"1,048.40","1,049.95","1,064.80","1,038.00","1,058.00","1,059.65","1,057.00",138772,146682677.45,15015.0,39754.0,28.65
BATAINDIA,EQ,12-May-2015,"1,051.45","1,048.10","1,074.90","1,034.00","1,040.00","1,048.40","1,058.12",302610,320198879.25,18842.0,160866.0,53.16
BATAINDIA,EQ,11-May-2015,"1,045.50","1,051.30","1,059.80","1,037.05","1,049.25","1,051.45","1,051.14",133603,140435008.3,9303.0,66919.0,50.09
BATAINDIA,EQ,08-May-2015,"1,036.00","1,043.00","1,055.00","1,036.30","1,048.00","1,045.50","1,045.69",169406,177145390.55,7200.0,71578.0,42.25
BATAINDIA,EQ,07-May-2015,"1,040.75","1,041.00","1,045.00","1,017.00","1,034.00","1,036.00","1,034.89",246213,254802490.45,10804.0,167888.0,68.19
BATAINDIA,EQ,06-May-2015,"1,065.25","1,061.20","1,066.45","1,011.65","1,040.95","1,040.75","1,034.11",365179,377633885.4,15162.0,230040.0,62.99
BATAINDIA,EQ,05-May-2015,"1,031.35","1,031.55","1,071.00","1,031.35","1,067.80","1,065.25","1,052.15",259765,273310730.1,13533.0,126759.0,48.8
BATAINDIA,EQ,04-May-2015,"1,019.20","1,024.95","1,054.80","1,020.40","1,032.70","1,031.35","1,039.20",168819,175437204.45,11863.0,67845.0,40.19
BATAINDIA,EQ,30-Apr-2015,"1,018.65","1,014.00","1,027.80","1,007.00","1,020.00","1,019.20","1,018.53",351973,358493357.0,9316.0,256261.0,72.81
BATAINDIA,EQ,29-Apr-2015,"1,018.20","1,015.35","1,032.00","1,004.00","1,016.00","1,018.65","1,020.07",117061,119410663.8,7110.0,37983.0,32.45
BATAINDIA,EQ,28-Apr-2015,"1,007.95","1,010.00","1,034.00",995.80,"1,018.45","1,018.20","1,016.89",209601,213140779.1,9134.0,87195.0,41.6
BATAINDIA,EQ,27-Apr-2015,"1,015.90","1,018.25","1,027.00",992.00,"1,004.80","1,007.95","1,003.94",414731,416365719.7,19804.0,301783.0,72.77
BATAINDIA,EQ,24-Apr-2015,"1,020.65","1,025.00","1,027.00","1,002.00","1,021.00","1,015.90","1,011.18",379781,384028258.0,18018.0,222538.0,58.6
BATAINDIA,EQ,23-Apr-2015,"1,002.25","1,010.00","1,044.65","1,010.00","1,019.00","1,020.65","1,030.22",395851,407812451.3,26141.0,177473.0,44.83
BATAINDIA,EQ,22-Apr-2015,"1,009.80","1,012.40","1,028.55",975.00,"1,001.00","1,002.25","1,001.72",482983,483813591.1,26676.0,271772.0,56.27
BATAINDIA,EQ,21-Apr-2015,"1,057.65","1,058.00","1,066.00","1,005.00","1,009.80","1,009.80","1,022.46",560631,573222279.75,29625.0,351965.0,62.78
BATAINDIA,EQ,20-Apr-2015,"1,099.70","1,104.95","1,104.95","1,050.00","1,062.00","1,057.65","1,064.08",294500,313370222.5,26468.0,164855.0,55.98
BATAINDIA,EQ,17-Apr-2015,"1,135.60","1,135.10","1,140.05","1,095.00","1,098.90","1,099.70","1,114.00",172064,191680027.7,8635.0,91789.0,53.35
BATAINDIA,EQ,16-Apr-2015,"1,147.60","1,147.00","1,154.90","1,126.00","1,134.00","1,135.60","1,140.81",167300,190856831.45,6651.0,92088.0,55.04
BATAINDIA,EQ,15-Apr-2015,"1,159.90","1,169.25","1,172.55","1,141.00","1,141.00","1,147.60","1,156.36",139700,161544054.85,7901.0,45095.0,32.28
BATAINDIA,EQ,13-Apr-2015,"1,157.95","1,161.00","1,178.40","1,155.05","1,157.10","1,159.90","1,168.59",128446,150101067.8,5856.0,58874.0,45.84
BATAINDIA,EQ,10-Apr-2015,"1,160.30","1,162.00","1,166.00","1,138.10","1,157.00","1,157.95","1,153.44",198236,228653611.7,7146.0,104884.0,52.91
BATAINDIA,EQ,09-Apr-2015,"1,128.75","1,139.00","1,165.90","1,128.00","1,158.00","1,160.30","1,154.27",301822,348383421.5,10425.0,152914.0,50.66
BATAINDIA,EQ,08-Apr-2015,"1,132.25","1,139.00","1,140.00","1,120.05","1,129.00","1,128.75","1,128.55",117330,132413154.05,7089.0,48838.0,41.62
BATAINDIA,EQ,07-Apr-2015,"1,132.30","1,145.00","1,146.65","1,119.00","1,133.00","1,132.25","1,129.62",154914,174994157.9,8713.0,66603.0,42.99
BATAINDIA,EQ,06-Apr-2015,"1,094.70","1,094.00","1,137.90","1,094.00","1,130.00","1,132.30","1,122.13",266249,298766855.6,17644.0,121790.0,45.74
BATAINDIA,EQ,01-Apr-2015,"1,090.85","1,095.00","1,104.90","1,085.00","1,092.25","1,094.70","1,095.25",137166,150230420.2,7744.0,53495.0,39.0
BATAINDIA,EQ,31-Mar-2015,"1,076.95","1,091.75","1,114.55","1,085.95","1,090.00","1,090.85","1,099.15",408213,448685329.15,13317.0,218844.0,53.61
BATAINDIA,EQ,30-Mar-2015,"1,079.50","1,092.55","1,095.00","1,062.40","1,076.45","1,076.95","1,074.09",468843,503577434.4,26479.0,331306.0,70.66
BATAINDIA,EQ,27-Mar-2015,"1,119.85","1,120.30","1,130.00","1,068.00","1,081.90","1,079.50","1,080.69",583075,630125893.7,52058.0,365866.0,62.75
BATAINDIA,EQ,26-Mar-2015,"1,154.15","1,155.00","1,155.00","1,110.00","1,121.00","1,119.85","1,127.52",361012,407047581.5,15614.0,221950.0,61.48
BATAINDIA,EQ,25-Mar-2015,"1,163.60","1,169.95","1,171.85","1,147.90","1,149.65","1,154.15","1,162.52",165583,192493744.6,12143.0,91797.0,55.44
BATAINDIA,EQ,24-Mar-2015,"1,159.20","1,159.00","1,179.30","1,146.90","1,157.65","1,163.60","1,168.06",204252,238578795.0,17882.0,125183.0,61.29
BATAINDIA,EQ,23-Mar-2015,"1,168.60","1,173.00","1,178.30","1,148.00","1,159.80","1,159.20","1,161.75",131414,152669610.6,7697.0,73176.0,55.68
BATAINDIA,EQ,20-Mar-2015,"1,166.95","1,168.00","1,185.75","1,143.25","1,167.00","1,168.60","1,160.36",205060,237943788.4,9149.0,84048.0,40.99
BATAINDIA,EQ,19-Mar-2015,"1,189.50","1,196.00","1,197.00","1,162.45","1,168.00","1,166.95","1,180.84",154932,182949334.1,10913.0,80948.0,52.25
BATAINDIA,EQ,18-Mar-2015,"1,182.40","1,189.00","1,204.00","1,181.90","1,181.90","1,189.50","1,193.16",225193,268690810.05,17715.0,98197.0,43.61
BATAINDIA,EQ,17-Mar-2015,"1,175.55","1,182.10","1,198.90","1,165.30","1,175.10","1,182.40","1,185.92",315423,374067810.45,21526.0,188446.0,59.74
BATAINDIA,EQ,16-Mar-2015,"1,157.45","1,168.00","1,181.50","1,152.10","1,172.65","1,175.55","1,169.32",149060,174298136.65,14795.0,58357.0,39.15
BATAINDIA,EQ,13-Mar-2015,"1,223.65","1,225.00","1,225.50","1,149.45","1,157.80","1,157.45","1,186.21",387554,459720695.35,20082.0,215970.0,55.73
BATAINDIA,EQ,12-Mar-2015,"1,222.35","1,221.00","1,233.85","1,213.10","1,214.05","1,223.65","1,224.85",74362,91082330.6,4759.0,31450.0,42.29
BATAINDIA,EQ,11-Mar-2015,"1,224.65","1,227.10","1,235.90","1,207.45","1,219.25","1,222.35","1,222.16",98847,120806857.25,9117.0,50438.0,51.03
BATAINDIA,EQ,10-Mar-2015,"1,229.75","1,231.40","1,244.40","1,215.00","1,221.55","1,224.65","1,232.17",99939,123142085.15,7235.0,44547.0,44.57
BATAINDIA,EQ,09-Mar-2015,"1,234.90","1,231.05","1,258.00","1,225.00","1,227.35","1,229.75","1,240.92",140143,173906782.85,11116.0,60315.0,43.04
BATAINDIA,EQ,05-Mar-2015,"1,233.15","1,237.00","1,245.40","1,225.00","1,235.00","1,234.90","1,235.39",175851,217245298.5,11554.0,96944.0,55.13
BATAINDIA,EQ,04-Mar-2015,"1,262.00","1,268.00","1,275.00","1,226.65","1,239.00","1,233.15","1,251.24",133544,167095350.4,8730.0,61068.0,45.73
BATAINDIA,EQ,03-Mar-2015,"1,275.60","1,279.95","1,285.00","1,259.00","1,259.05","1,262.00","1,269.95",218700,277737674.15,18351.0,130646.0,59.74
BATAINDIA,EQ,02-Mar-2015,"1,282.35","1,296.75","1,296.75","1,258.10","1,276.00","1,275.60","1,272.21",223662,284545314.05,14358.0,109061.0,48.76
BATAINDIA,EQ,28-Feb-2015,"1,225.15","1,230.50","1,295.00","1,222.20","1,286.00","1,282.35","1,269.15",467675,593549207.5,18147.0,109964.0,23.51
BATAINDIA,EQ,27-Feb-2015,"1,205.35","1,209.00","1,239.00","1,196.00","1,227.00","1,225.15","1,216.95",340207,414015119.6,23694.0,163014.0,47.92
BATAINDIA,EQ,26-Feb-2015,"1,242.95","1,247.00","1,247.00","1,200.25","1,207.00","1,205.35","1,211.51",321120,389038900.1,23130.0,144518.0,45.0
BATAINDIA,EQ,25-Feb-2015,"1,245.90","1,247.00","1,265.90","1,240.00","1,241.00","1,242.95","1,250.22",168139,210211387.25,10933.0,77573.0,46.14
BATAINDIA,EQ,24-Feb-2015,"1,273.15","1,275.00","1,277.00","1,241.90","1,245.00","1,245.90","1,250.35",212437,265621599.65,14868.0,140733.0,66.25
BATAINDIA,EQ,23-Feb-2015,"1,300.10","1,305.00","1,310.00","1,265.50","1,270.00","1,273.15","1,292.12",144112,186209842.35,9528.0,75512.0,52.4
BATAINDIA,EQ,20-Feb-2015,"1,280.10","1,310.00","1,316.70","1,295.00","1,300.00","1,300.10","1,301.95",213508,277976755.55,15068.0,99391.0,46.55
BATAINDIA,EQ,19-Feb-2015,"1,285.15","1,299.50","1,300.00","1,270.25","1,285.00","1,280.10","1,281.87",129259,165693445.65,7935.0,62005.0,47.97
BATAINDIA,EQ,18-Feb-2015,"1,286.35","1,294.00","1,314.65","1,276.10","1,287.50","1,285.15","1,299.82",213411,277395834.3,15464.0,63068.0,29.55
BATAINDIA,EQ,16-Feb-2015,"1,256.60","1,263.80","1,303.50","1,260.00","1,283.00","1,286.35","1,286.76",259727,334206309.0,17582.0,109584.0,42.19
BATAINDIA,EQ,13-Feb-2015,"1,251.40","1,261.00","1,272.00","1,250.15","1,255.10","1,256.60","1,263.20",225754,285171978.6,24440.0,125170.0,55.45
BATAINDIA,EQ,12-Feb-2015,"1,290.85","1,253.00","1,293.50","1,238.00","1,252.90","1,251.40","1,265.21",693344,877227605.15,41463.0,378274.0,54.56
BATAINDIA,EQ,11-Feb-2015,"1,323.25","1,329.90","1,330.00","1,280.10","1,290.00","1,290.85","1,300.66",202097,262860410.5,14344.0,50199.0,24.84
BATAINDIA,EQ,10-Feb-2015,"1,330.40","1,320.25","1,343.00","1,297.15","1,323.30","1,323.25","1,318.79",126219,166456932.85,7243.0,37665.0,29.84
BATAINDIA,EQ,09-Feb-2015,"1,361.90","1,362.00","1,364.15","1,318.00","1,328.45","1,330.40","1,337.08",109015,145762049.5,6490.0,49696.0,45.59
BATAINDIA,EQ,06-Feb-2015,"1,360.70","1,369.85","1,371.00","1,338.40","1,366.70","1,361.90","1,355.90",174511,236618958.15,10726.0,83256.0,47.71
BATAINDIA,EQ,05-Feb-2015,"1,362.20","1,362.00","1,389.70","1,345.40","1,366.00","1,360.70","1,371.80",131513,180409509.9,10640.0,37107.0,28.22
BATAINDIA,EQ,04-Feb-2015,"1,374.45","1,379.00","1,397.90","1,346.45","1,349.05","1,362.20","1,381.53",90370,124848787.95,9024.0,23870.0,26.41
BATAINDIA,EQ,03-Feb-2015,"1,388.15","1,393.00","1,403.30","1,365.00","1,373.00","1,374.45","1,381.34",124999,172666046.7,13424.0,51004.0,40.8
BATAINDIA,EQ,02-Feb-2015,"1,423.05","1,423.00","1,423.00","1,380.10","1,385.50","1,388.15","1,398.87",139512,195158751.15,11378.0,62496.0,44.8
BATAINDIA,EQ,30-Jan-2015,"1,460.95","1,465.00","1,470.00","1,415.25","1,421.00","1,423.05","1,434.82",89534,128465232.55,7159.0,22871.0,25.54
BATAINDIA,EQ,29-Jan-2015,"1,442.45","1,440.00","1,472.10","1,436.65","1,462.85","1,460.95","1,451.45",152235,220961668.3,16505.0,71997.0,47.29
BATAINDIA,EQ,28-Jan-2015,"1,440.10","1,440.00","1,472.00","1,431.90","1,445.05","1,442.45","1,450.21",194732,282401909.85,14216.0,85234.0,43.77
BATAINDIA,EQ,27-Jan-2015,"1,450.45","1,450.60","1,462.00","1,430.10","1,441.90","1,440.10","1,444.53",156526,226106364.75,7582.0,72059.0,46.04
BATAINDIA,EQ,23-Jan-2015,"1,468.30","1,477.00","1,479.90","1,445.10","1,454.70","1,450.45","1,454.64",145918,212258338.85,11778.0,61179.0,41.93
BATAINDIA,EQ,22-Jan-2015,"1,480.55","1,482.00","1,496.00","1,462.00","1,463.00","1,468.30","1,475.78",191530,282656757.15,10463.0,96961.0,50.62
BATAINDIA,EQ,21-Jan-2015,"1,433.80","1,438.80","1,492.90","1,423.30","1,485.95","1,480.55","1,457.52",202104,294571500.1,12097.0,89379.0,44.22
BATAINDIA,EQ,20-Jan-2015,"1,447.55","1,451.00","1,454.85","1,425.00","1,432.00","1,433.80","1,439.82",164054,236208572.75,11030.0,88469.0,53.93
BATAINDIA,EQ,19-Jan-2015,"1,436.25","1,450.00","1,457.95","1,428.75","1,448.00","1,447.55","1,445.64",256110,370243479.75,10186.0,154658.0,60.39
BATAINDIA,EQ,16-Jan-2015,"1,420.75","1,415.95","1,447.00","1,406.20","1,425.30","1,436.25","1,434.27",214996,308362584.85,11059.0,127143.0,59.14
BATAINDIA,EQ,15-Jan-2015,"1,413.55","1,425.10","1,429.80","1,401.00","1,409.30","1,420.75","1,419.68",234276,332596391.1,16158.0,126726.0,54.09
BATAINDIA,EQ,14-Jan-2015,"1,394.40","1,396.50","1,431.00","1,373.00","1,424.50","1,413.55","1,396.66",164433,229656235.65,9796.0,65978.0,40.12
BATAINDIA,EQ,13-Jan-2015,"1,374.25","1,380.00","1,405.05","1,359.80","1,399.00","1,394.40","1,380.20",193706,267352083.55,9117.0,72935.0,37.65
BATAINDIA,EQ,12-Jan-2015,"1,356.90","1,366.10","1,385.00","1,366.10","1,366.60","1,374.25","1,376.13",354163,487374921.9,18364.0,197052.0,55.64
BATAINDIA,EQ,09-Jan-2015,"1,323.05","1,333.90","1,370.55","1,310.10","1,366.05","1,356.90","1,340.85",286571,384249460.45,13377.0,119785.0,41.8
BATAINDIA,EQ,08-Jan-2015,"1,280.90","1,298.25","1,327.95","1,288.05","1,325.00","1,323.05","1,312.91",186996,245509652.95,10582.0,76721.0,41.03
BATAINDIA,EQ,07-Jan-2015,"1,275.50","1,280.00","1,299.00","1,260.50","1,279.85","1,280.90","1,281.15",169666,217366767.95,9559.0,94281.0,55.57
BATAINDIA,EQ,06-Jan-2015,"1,324.30","1,316.00","1,322.70","1,265.30","1,270.30","1,275.50","1,296.33",138611,179685193.35,7351.0,58485.0,42.19
BATAINDIA,EQ,05-Jan-2015,"1,320.30","1,329.00","1,352.50","1,319.45","1,327.00","1,324.30","1,334.63",212983,284254268.4,11504.0,81149.0,38.1
BATAINDIA,EQ,02-Jan-2015,"1,297.85","1,300.00","1,335.00","1,300.00","1,324.00","1,320.30","1,323.88",198905,263327135.3,8778.0,79227.0,39.83
BATAINDIA,EQ,01-Jan-2015,"1,306.85","1,305.50","1,313.40","1,290.00","1,298.00","1,297.85","1,300.37",47208,61387959.5,2681.0,13144.0,27.84
BATAINDIA,EQ,31-Dec-2014,"1,302.50","1,303.95","1,319.95","1,298.15","1,303.40","1,306.85","1,309.97",103742,135899018.55,5073.0,46059.0,44.4
BATAINDIA,EQ,29-Dec-2016,438.35,443.7,449.5,441.0,448.0,448.45,446.33,1312252,585694881.45,21670.0,396466.0,30.21
BATAINDIA,EQ,28-Dec-2016,426.35,426.4,439.9,425.95,438.95,438.35,434.41,688975,299299508.55,16650.0,252286.0,36.62
BATAINDIA,EQ,27-Dec-2016,420.7,420.9,427.3,419.35,425.5,426.35,423.98,165924,70348625.15,5510.0,53178.0,32.05
BATAINDIA,EQ,26-Dec-2016,424.9,424.5,425.75,419.55,421.5,420.7,421.57,163317,68850014.55,6447.0,38996.0,23.88
BATAINDIA,EQ,23-Dec-2016,418.6,419.85,426.85,417.2,425.0,424.9,423.48,301891,127843610.25,10886.0,105643.0,34.99
BATAINDIA,EQ,22-Dec-2016,419.0,421.0,422.0,416.1,419.0,418.6,418.17,308714,129093943.5,13276.0,127985.0,41.46
BATAINDIA,EQ,21-Dec-2016,421.3,423.9,429.55,417.2,419.2,419.0,422.63,414886,175343242.35,9503.0,171515.0,41.34
BATAINDIA,EQ,20-Dec-2016,417.05,419.0,428.2,417.1,421.05,421.3,421.16,770662,324568317.75,11528.0,405382.0,52.6
BATAINDIA,EQ,19-Dec-2016,418.8,419.9,422.0,416.5,417.0,417.05,418.05,437306,182816273.7,10023.0,229627.0,52.51
BATAINDIA,EQ,16-Dec-2016,417.85,417.85,420.9,416.0,419.95,418.8,418.55,162475,68003303.0,5891.0,87533.0,53.87
BATAINDIA,EQ,15-Dec-2016,417.25,414.5,421.65,413.0,417.9,417.85,418.7,208865,87452687.5,8033.0,71801.0,34.38
BATAINDIA,EQ,14-Dec-2016,419.55,419.0,420.8,415.85,417.0,417.25,417.81,164897,68896353.45,9143.0,53639.0,32.53
BATAINDIA,EQ,13-Dec-2016,414.75,413.2,420.5,412.05,419.1,419.55,417.33,337126,140693273.25,13045.0,152649.0,45.28
BATAINDIA,EQ,12-Dec-2016,425.6,428.0,432.5,412.8,413.1,414.75,422.56,878941,371405394.4,44680.0,409927.0,46.64
BATAINDIA,EQ,09-Dec-2016,424.95,428.25,429.5,424.8,425.0,425.6,426.59,435342,185712759.9,14119.0,201912.0,46.38
BATAINDIA,EQ,08-Dec-2016,415.5,417.55,426.9,416.05,426.5,424.95,423.32,633538,268188293.25,14702.0,333837.0,52.69
BATAINDIA,EQ,07-Dec-2016,415.1,419.9,420.9,413.0,414.8,415.5,417.33,625439,261015589.0,14649.0,261332.0,41.78
BATAINDIA,EQ,06-Dec-2016,410.0,411.9,418.0,410.85,414.0,415.1,415.15,493132,204725786.2,10701.0,244153.0,49.51
BATAINDIA,EQ,05-Dec-2016,411.9,409.8,411.0,404.0,410.0,410.0,408.7,462862,189170225.95,10780.0,257572.0,55.65
BATAINDIA,EQ,02-Dec-2016,414.45,413.1,417.0,409.0,409.0,411.9,412.29,673388,277631113.45,12226.0,481219.0,71.46
BATAINDIA,EQ,01-Dec-2016,415.85,415.9,417.05,410.1,413.1,414.45,414.32,411171,170357564.7,10725.0,205798.0,50.05
BATAINDIA,EQ,30-Nov-2016,412.75,415.9,419.9,413.0,415.0,415.85,415.92,499151,207606887.7,14276.0,275198.0,55.13
BATAINDIA,EQ,29-Nov-2016,411.9,411.95,418.0,411.25,412.3,412.75,414.08,460010,190481611.25,19478.0,188452.0,40.97
BATAINDIA,EQ,28-Nov-2016,412.95,411.4,414.6,408.55,411.9,411.9,412.25,354806,146270531.15,16806.0,101767.0,28.68
BATAINDIA,EQ,25-Nov-2016,402.55,403.8,417.9,399.2,411.5,412.95,410.36,1074669,441004103.3,24894.0,204322.0,19.01
BATAINDIA,EQ,24-Nov-2016,417.15,418.0,418.0,400.1,401.65,402.55,408.26,1501914,613170010.25,20295.0,1115234.0,74.25
BATAINDIA,EQ,23-Nov-2016,419.1,421.0,424.9,415.0,416.0,417.15,420.08,266454,111932679.3,9395.0,86336.0,32.4
BATAINDIA,EQ,22-Nov-2016,419.2,420.0,423.4,415.25,419.0,419.1,418.76,207965,87087199.7,4919.0,114673.0,55.14
BATAINDIA,EQ,21-Nov-2016,425.3,427.85,427.9,413.5,417.75,419.2,418.09,465016,194417622.85,8972.0,209074.0,44.96
BATAINDIA,EQ,18-Nov-2016,427.35,426.95,429.45,420.0,423.5,425.3,423.93,319233,135333924.85,7269.0,188455.0,59.03
BATAINDIA,EQ,17-Nov-2016,428.6,427.0,431.8,421.0,426.25,427.35,426.04,337162,143645383.05,6882.0,189412.0,56.18
BATAINDIA,EQ,16-Nov-2016,424.2,428.0,433.0,415.0,429.95,428.6,424.18,527833,223897094.35,13732.0,292099.0,55.34
BATAINDIA,EQ,15-Nov-2016,433.65,435.0,435.9,419.4,422.0,424.2,425.49,703415,299295268.05,21070.0,341075.0,48.49
BATAINDIA,EQ,11-Nov-2016,461.55,459.4,460.4,428.5,438.95,433.65,438.54,695754,305114298.8,32925.0,403342.0,57.97
BATAINDIA,EQ,10-Nov-2016,454.05,456.05,465.8,456.05,462.0,461.55,463.27,311375,144252012.9,5332.0,179674.0,57.7
BATAINDIA,EQ,09-Nov-2016,463.45,439.9,455.2,422.35,454.9,454.05,443.64,486585,215867663.95,9883.0,216818.0,44.56
BATAINDIA,EQ,08-Nov-2016,460.65,462.8,466.65,460.65,462.9,463.45,463.83,311047,144273226.0,15240.0,183621.0,59.03
BATAINDIA,EQ,07-Nov-2016,455.6,462.0,465.3,457.0,460.0,460.65,462.08,341992,158028480.8,7548.0,209559.0,61.28
BATAINDIA,EQ,04-Nov-2016,459.3,459.35,469.4,448.8,457.3,455.6,456.32,553656,252645005.6,17730.0,276885.0,50.01
BATAINDIA,EQ,03-Nov-2016,471.6,474.45,476.1,458.15,458.65,459.3,466.41,364807,170147824.3,16861.0,165103.0,45.26
BATAINDIA,EQ,02-Nov-2016,483.85,481.95,481.95,470.2,471.5,471.6,475.87,233375,111055533.8,7161.0,106605.0,45.68
BATAINDIA,EQ,01-Nov-2016,481.6,481.8,486.4,481.5,483.5,483.85,484.6,240027,116318123.15,5414.0,95146.0,39.64
BATAINDIA,EQ,30-Oct-2016,481.3,482.7,487.4,480.0,481.0,481.6,482.64,114251,55142310.65,2607.0,57511.0,50.34
BATAINDIA,EQ,28-Oct-2016,482.95,483.0,486.0,479.25,480.95,481.3,482.94,264991,127975608.7,6050.0,106504.0,40.19
BATAINDIA,EQ,27-Oct-2016,481.1,481.1,487.35,469.8,479.85,482.95,477.55,598318,285727981.2,14053.0,230924.0,38.6
BATAINDIA,EQ,26-Oct-2016,481.9,482.0,485.9,479.0,481.0,481.1,482.84,414790,200275514.95,9902.0,237200.0,57.19
BATAINDIA,EQ,25-Oct-2016,488.5,491.0,491.95,480.6,483.1,481.9,483.52,437832,211698928.25,8709.0,253729.0,57.95
BATAINDIA,EQ,24-Oct-2016,492.55,495.5,496.35,487.2,489.0,488.5,490.38,234510,114998659.35,7456.0,110011.0,46.91
BATAINDIA,EQ,21-Oct-2016,494.9,494.5,497.8,491.1,492.75,492.55,494.15,238237,117725136.85,5945.0,91577.0,38.44
BATAINDIA,EQ,20-Oct-2016,495.15,497.4,501.65,489.0,490.25,494.9,496.42,462421,229553728.6,10045.0,258534.0,55.91
BATAINDIA,EQ,19-Oct-2016,488.45,491.5,495.9,486.5,495.2,495.15,493.26,302068,148998206.9,8581.0,84509.0,27.98
BATAINDIA,EQ,18-Oct-2016,482.55,485.0,490.6,482.25,486.1,488.45,486.05,274364,133354410.15,7141.0,91590.0,33.38
BATAINDIA,EQ,17-Oct-2016,486.8,485.0,486.8,480.6,481.85,482.55,483.23,279908,135261026.25,6890.0,78816.0,28.16
BATAINDIA,EQ,14-Oct-2016,496.2,495.0,498.45,484.75,486.8,486.8,488.28,714482,348867437.85,12858.0,348525.0,48.78
BATAINDIA,EQ,13-Oct-2016,501.05,500.75,505.75,492.3,495.0,496.2,498.29,536169,267166133.05,14766.0,212633.0,39.66
BATAINDIA,EQ,10-Oct-2016,494.65,497.0,507.5,495.25,500.5,501.05,503.52,567161,285577679.3,12028.0,143952.0,25.38
BATAINDIA,EQ,07-Oct-2016,486.65,487.0,496.2,485.45,494.8,494.65,492.28,534863,263302048.35,12164.0,255776.0,47.82
BATAINDIA,EQ,06-Oct-2016,492.3,494.0,496.5,483.0,486.0,486.65,491.0,294744,144719768.8,9089.0,100190.0,33.99
BATAINDIA,EQ,05-Oct-2016,489.05,490.0,496.35,485.5,491.3,492.3,491.37,447612,219944305.4,11769.0,123151.0,27.51
BATAINDIA,EQ,04-Oct-2016,496.55,498.0,499.6,487.15,488.9,489.05,492.12,353932,174176054.2,11604.0,166275.0,46.98
BATAINDIA,EQ,03-Oct-2016,490.3,493.0,501.7,491.15,495.4,496.55,497.54,237396,118113107.6,7354.0,76861.0,32.38
BATAINDIA,EQ,30-Sep-2016,483.35,475.25,496.65,475.25,489.0,490.3,490.32,458338,224730932.1,11326.0,229335.0,50.04
BATAINDIA,EQ,29-Sep-2016,503.35,506.0,508.5,475.85,485.55,483.35,491.83,831212,408818681.25,12694.0,412488.0,49.62
BATAINDIA,EQ,28-Sep-2016,499.9,499.95,505.4,499.5,502.5,503.35,503.11,280004,140871852.4,7690.0,72513.0,25.9
BATAINDIA,EQ,27-Sep-2016,501.7,501.9,507.05,498.0,500.0,499.9,500.69,455900,228266639.65,11050.0,202629.0,44.45
BATAINDIA,EQ,26-Sep-2016,506.65,506.0,506.0,498.0,502.55,501.7,500.54,1052110,526618230.7,12321.0,630989.0,59.97
BATAINDIA,EQ,23-Sep-2016,511.5,512.0,520.7,502.45,503.4,506.65,512.38,867894,444694779.35,20167.0,437396.0,50.4
BATAINDIA,EQ,22-Sep-2016,510.3,512.5,516.4,507.65,510.25,511.5,511.44,897304,458913269.6,40965.0,367767.0,40.99
BATAINDIA,EQ,21-Sep-2016,521.55,520.0,520.0,508.35,511.0,510.3,514.28,615004,316281651.1,19364.0,257733.0,41.91
BATAINDIA,EQ,20-Sep-2016,523.35,523.0,527.0,519.0,520.0,521.55,522.29,417644,218129929.9,12805.0,151277.0,36.22
BATAINDIA,EQ,19-Sep-2016,526.25,532.0,532.0,519.1,523.2,523.35,522.95,618237,323305672.9,15181.0,211634.0,34.23
BATAINDIA,EQ,16-Sep-2016,532.05,533.3,537.2,524.45,526.65,526.25,531.28,508804,270316512.35,12129.0,173635.0,34.13
BATAINDIA,EQ,15-Sep-2016,525.95,526.05,534.3,520.05,531.75,532.05,527.55,534254,281846132.5,13522.0,164801.0,30.85
BATAINDIA,EQ,14-Sep-2016,530.0,528.8,528.8,511.05,527.0,525.95,519.89,715845,372157721.1,16368.0,243746.0,34.05
BATAINDIA,EQ,12-Sep-2016,542.85,538.9,538.9,526.0,529.0,530.0,533.77,457416,244155356.85,10402.0,201551.0,44.06
BATAINDIA,EQ,09-Sep-2016,538.5,539.0,548.0,537.0,542.0,542.85,544.31,518371,282155263.8,10513.0,134593.0,25.96
BATAINDIA,EQ,08-Sep-2016,537.35,535.1,542.35,535.1,540.0,538.5,539.83,197358,106539145.8,6108.0,53803.0,27.26
BATAINDIA,EQ,07-Sep-2016,534.55,536.95,543.9,534.0,537.0,537.35,539.17,370663,199849539.1,8718.0,147580.0,39.82
BATAINDIA,EQ,06-Sep-2016,538.15,540.0,540.25,532.6,534.25,534.55,535.07,338978,181377827.2,10182.0,196164.0,57.87
BATAINDIA,EQ,02-Sep-2016,537.85,539.2,543.8,536.9,538.05,538.15,540.51,199550,107859066.7,5572.0,60114.0,30.12
BATAINDIA,EQ,01-Sep-2016,534.45,534.45,547.6,532.45,539.05,537.85,540.91,581231,314391340.1,10657.0,119113.0,20.49
BATAINDIA,EQ,31-Aug-2016,535.45,536.0,538.6,532.6,535.0,534.45,535.4,654573,350459466.25,10715.0,387683.0,59.23
BATAINDIA,EQ,30-Aug-2016,532.75,532.75,540.75,532.6,536.0,535.45,537.78,412796,221993843.45,10344.0,198447.0,48.07
BATAINDIA,EQ,29-Aug-2016,533.75,534.0,538.15,525.1,532.9,532.75,532.73,270640,144179376.0,8301.0,44428.0,16.42
BATAINDIA,EQ,26-Aug-2016,536.65,533.1,541.0,532.05,533.95,533.75,536.2,175480,94092392.75,5388.0,45209.0,25.76
BATAINDIA,EQ,25-Aug-2016,543.4,543.0,546.8,530.6,538.0,536.65,539.47,428397,231107946.3,10773.0,165255.0,38.58
BATAINDIA,EQ,24-Aug-2016,544.15,543.0,547.4,534.0,543.0,543.4,542.43,413181,224120728.5,12351.0,102963.0,24.92
BATAINDIA,EQ,23-Aug-2016,557.2,558.8,558.8,540.75,545.0,544.15,546.95,647908,354371601.85,20873.0,225866.0,34.86
BATAINDIA,EQ,22-Aug-2016,551.05,549.0,559.7,547.35,556.4,557.2,554.55,619919,343775103.9,11469.0,257309.0,41.51
BATAINDIA,EQ,19-Aug-2016,546.3,548.0,553.5,544.55,550.0,551.05,549.24,464081,254893268.8,9506.0,194910.0,42.0
BATAINDIA,EQ,18-Aug-2016,542.15,546.0,548.9,540.4,546.05,546.3,544.98,514543,280415797.45,15463.0,214544.0,41.7
BATAINDIA,EQ,17-Aug-2016,535.8,535.5,547.7,534.0,542.0,542.15,543.49,406262,220799820.7,12568.0,114308.0,28.14
BATAINDIA,EQ,16-Aug-2016,534.4,532.0,537.35,529.15,537.0,535.8,534.38,271234,144941509.5,11638.0,131855.0,48.61
BATAINDIA,EQ,12-Aug-2016,531.3,531.45,538.4,528.1,532.4,534.4,534.6,375383,200680460.9,9910.0,144372.0,38.46
BATAINDIA,EQ,11-Aug-2016,533.1,529.95,533.9,521.6,533.0,531.3,528.83,1048807,554643813.3,17475.0,477162.0,45.5
BATAINDIA,EQ,10-Aug-2016,547.35,546.9,547.0,528.55,533.15,533.1,533.53,765497,408414299.5,17610.0,490737.0,64.11
BATAINDIA,EQ,09-Aug-2016,548.55,549.0,550.4,540.0,548.0,547.35,544.86,514508,280332754.75,12945.0,235253.0,45.72
BATAINDIA,EQ,08-Aug-2016,530.65,534.9,552.1,533.25,548.0,548.55,545.27,807290,440189738.7,20280.0,296526.0,36.73
BATAINDIA,EQ,05-Aug-2016,529.25,530.9,535.0,525.85,530.25,530.65,531.56,596809,317239346.5,16049.0,206413.0,34.59
BATAINDIA,EQ,04-Aug-2016,553.1,550.0,564.9,520.35,529.9,529.25,530.33,2860860,1517197288.65,56063.0,1137181.0,39.75
BATAINDIA,EQ,03-Aug-2016,577.35,573.9,573.9,550.0,551.0,553.1,559.67,1027356,574984837.9,27811.0,353922.0,34.45
BATAINDIA,EQ,02-Aug-2016,598.0,598.05,605.65,572.4,572.6,577.35,589.0,1175498,692368790.85,20834.0,563981.0,47.98
BATAINDIA,EQ,01-Aug-2016,605.45,612.0,613.65,592.15,598.05,598.0,604.41,1002237,605765956.55,24435.0,447239.0,44.62
BATAINDIA,EQ,29-Jul-2016,578.6,584.95,608.75,583.1,607.95,605.45,597.42,1162567,694539771.95,21367.0,455675.0,39.2
BATAINDIA,EQ,28-Jul-2016,571.0,571.7,580.8,571.15,579.0,578.6,577.9,612851,354165384.55,10810.0,302724.0,49.4
BATAINDIA,EQ,27-Jul-2016,569.9,570.8,579.55,568.55,570.8,571.0,574.17,317170,182108920.35,10051.0,153330.0,48.34
BATAINDIA,EQ,26-Jul-2016,575.8,574.0,580.95,567.0,570.0,569.9,576.13,398268,229453009.2,9317.0,221247.0,55.55
BATAINDIA,EQ,25-Jul-2016,568.8,569.5,581.2,567.35,574.25,575.8,577.03,438715,253152045.0,13179.0,219186.0,49.96
BATAINDIA,EQ,22-Jul-2016,565.15,565.15,574.9,560.0,568.8,568.8,570.17,282461,161051857.1,6598.0,132441.0,46.89
BATAINDIA,EQ,21-Jul-2016,569.55,573.0,574.0,562.0,566.75,565.15,569.0,255967,145644408.1,6341.0,145838.0,56.98
BATAINDIA,EQ,20-Jul-2016,568.0,568.7,577.2,568.1,570.0,569.55,572.06,513441,293720887.45,11257.0,278323.0,54.21
BATAINDIA,EQ,19-Jul-2016,559.5,558.9,570.0,552.45,568.1,568.0,562.07,345131,193988074.05,13234.0,146284.0,42.39
BATAINDIA,EQ,18-Jul-2016,564.1,564.5,569.0,557.05,560.0,559.5,564.24,219714,123971719.8,9939.0,91814.0,41.79
BATAINDIA,EQ,15-Jul-2016,569.9,566.4,574.7,561.3,562.0,564.1,568.61,239153,135985313.95,8472.0,85137.0,35.6
BATAINDIA,EQ,14-Jul-2016,565.5,564.0,571.0,561.8,570.0,569.9,567.98,327576,186055199.55,6545.0,163810.0,50.01
BATAINDIA,EQ,13-Jul-2016,568.85,579.8,586.9,562.0,565.35,565.5,578.54,1361117,787466079.95,25278.0,393873.0,28.94
BATAINDIA,EQ,12-Jul-2016,557.65,557.9,571.2,554.35,570.9,568.85,562.5,648440,364747796.4,21421.0,333332.0,51.41
BATAINDIA,EQ,11-Jul-2016,546.8,551.0,558.35,550.0,557.25,557.65,554.49,565997,313837346.4,15617.0,421019.0,74.39
BATAINDIA,EQ,08-Jul-2016,552.05,550.95,554.7,542.0,545.5,546.8,548.86,145457,79835015.25,5615.0,52796.0,36.3
BATAINDIA,EQ,07-Jul-2016,560.4,560.5,565.5,550.35,551.0,552.05,558.95,214068,119653811.2,5775.0,61190.0,28.58
BATAINDIA,EQ,05-Jul-2016,562.75,562.95,566.55,557.05,558.0,560.4,562.81,188930,106331703.9,5280.0,69969.0,37.03
BATAINDIA,EQ,04-Jul-2016,549.35,550.4,564.65,549.35,562.45,562.75,559.08,307997,172194642.05,7863.0,97399.0,31.62
BATAINDIA,EQ,01-Jul-2016,545.85,546.1,555.0,546.1,548.1,549.35,551.53,191775,105769481.05,4621.0,35993.0,18.77
BATAINDIA,EQ,30-Jun-2016,552.1,555.0,556.05,543.0,545.0,545.85,548.95,499929,274435021.5,13398.0,242238.0,48.45
BATAINDIA,EQ,29-Jun-2016,540.25,543.0,553.9,541.1,551.75,552.1,547.98,453945,248753334.75,17231.0,181019.0,39.88
BATAINDIA,EQ,28-Jun-2016,524.15,526.9,543.5,522.3,541.3,540.25,537.65,533890,287046437.95,16105.0,116392.0,21.8
BATAINDIA,EQ,27-Jun-2016,522.35,517.05,527.3,517.05,522.5,524.15,523.96,128718,67442744.0,6094.0,48957.0,38.03
BATAINDIA,EQ,24-Jun-2016,523.65,517.0,524.0,502.45,523.9,522.35,512.81,288456,147921952.1,11746.0,86073.0,29.84
BATAINDIA,EQ,23-Jun-2016,529.75,531.0,535.0,522.05,523.55,523.65,525.17,329283,172929679.0,13048.0,182789.0,55.51
BATAINDIA,EQ,22-Jun-2016,536.8,535.65,538.8,527.2,529.55,529.75,533.02,343979,183346698.35,7209.0,190268.0,55.31
BATAINDIA,EQ,21-Jun-2016,534.95,537.75,539.9,531.15,536.7,536.8,535.56,176851,94714383.65,5225.0,62847.0,35.54
BATAINDIA,EQ,20-Jun-2016,528.75,525.0,536.25,522.95,535.0,534.95,530.7,186632,99044807.75,5667.0,53648.0,28.75
BATAINDIA,EQ,17-Jun-2016,535.4,539.9,539.9,525.1,526.0,528.75,531.83,370230,196900844.6,10803.0,173757.0,46.93
BATAINDIA,EQ,16-Jun-2016,542.95,543.0,544.1,533.35,535.85,535.4,537.16,172142,92467972.8,6582.0,71039.0,41.27
BATAINDIA,EQ,15-Jun-2016,541.2,543.9,551.0,540.0,543.0,542.95,543.4,198500,107865531.75,8001.0,92192.0,46.44
BATAINDIA,EQ,14-Jun-2016,539.75,543.2,546.3,536.6,540.5,541.2,541.79,193659,104922016.35,7025.0,45656.0,23.58
BATAINDIA,EQ,13-Jun-2016,549.4,546.1,548.15,538.0,539.9,539.75,542.66,289177,156925824.3,6945.0,161871.0,55.98
BATAINDIA,EQ,10-Jun-2016,555.95,556.0,560.5,546.9,548.3,549.4,553.71,273131,151235034.45,9130.0,110735.0,40.54
BATAINDIA,EQ,09-Jun-2016,560.45,560.0,562.9,553.0,554.5,555.95,558.12,141558,79006234.6,4879.0,37825.0,26.72
BATAINDIA,EQ,08-Jun-2016,552.2,555.0,563.9,551.7,560.0,560.45,558.88,267131,149293951.85,10373.0,77526.0,29.02
BATAINDIA,EQ,07-Jun-2016,558.85,558.0,559.9,549.1,552.55,552.2,555.38,205529,114147288.8,12679.0,73487.0,35.76
BATAINDIA,EQ,06-Jun-2016,558.8,558.8,563.95,553.4,557.0,558.85,558.08,272975,152342938.05,9825.0,66376.0,24.32
BATAINDIA,EQ,03-Jun-2016,568.05,569.0,574.0,556.7,558.0,558.8,565.17,374537,211678434.35,14792.0,108194.0,28.89
BATAINDIA,EQ,02-Jun-2016,569.95,568.0,573.6,564.35,568.5,568.05,567.68,147007,83453211.8,5010.0,27904.0,18.98
BATAINDIA,EQ,01-Jun-2016,572.4,574.0,580.5,566.0,566.05,569.95,574.42,293462,168570081.85,7464.0,77175.0,26.3
BATAINDIA,EQ,31-May-2016,569.6,566.0,576.95,559.05,572.95,572.4,567.52,823912,467583538.25,19163.0,272704.0,33.1
BATAINDIA,EQ,30-May-2016,557.3,558.65,571.3,557.5,571.0,569.6,567.64,715634,406224506.05,17138.0,246287.0,34.42
BATAINDIA,EQ,27-May-2016,544.05,544.0,559.95,530.05,558.9,557.3,547.17,1359590,743930608.6,20280.0,738838.0,54.34
BATAINDIA,EQ,26-May-2016,556.9,558.9,558.9,535.5,542.2,544.05,545.12,528139,287898346.9,11907.0,232517.0,44.03
BATAINDIA,EQ,25-May-2016,556.5,559.3,568.4,555.05,556.95,556.9,562.95,442314,249002698.15,10438.0,158540.0,35.84
BATAINDIA,EQ,24-May-2016,554.45,554.9,560.35,546.3,556.95,556.5,552.15,221268,122172275.15,7034.0,58117.0,26.27
BATAINDIA,EQ,23-May-2016,565.0,567.95,568.0,553.0,554.95,554.45,557.2,420072,234063600.3,14396.0,129047.0,30.72
BATAINDIA,EQ,20-May-2016,569.95,572.55,575.1,562.3,564.0,565.0,567.35,308922,175266962.3,10625.0,101760.0,32.94
BATAINDIA,EQ,19-May-2016,587.75,586.0,593.05,566.65,570.0,569.95,583.93,447088,261070113.65,18262.0,62679.0,14.02
BATAINDIA,EQ,18-May-2016,588.6,587.0,595.0,580.45,586.8,587.75,588.48,289565,170403020.3,16069.0,56192.0,19.41
BATAINDIA,EQ,17-May-2016,585.25,592.25,598.45,586.1,587.9,588.6,593.28,767420,455291389.25,17967.0,165796.0,21.6
BATAINDIA,EQ,16-May-2016,573.2,576.0,586.9,568.7,585.95,585.25,581.54,426140,247819343.1,9567.0,88326.0,20.73
BATAINDIA,EQ,13-May-2016,572.0,570.0,580.8,565.5,572.0,573.2,572.98,268149,153645028.0,9705.0,43661.0,16.28
BATAINDIA,EQ,12-May-2016,574.9,578.0,579.55,570.55,572.5,572.0,574.1,262309,150591688.4,8759.0,83161.0,31.7
BATAINDIA,EQ,11-May-2016,577.45,573.75,583.9,568.2,574.55,574.9,578.85,368078,213061996.95,14057.0,122046.0,33.16
BATAINDIA,EQ,10-May-2016,596.65,596.0,599.2,575.0,576.1,577.45,582.99,697270,406502767.85,23191.0,408470.0,58.58
BATAINDIA,EQ,09-May-2016,573.65,577.5,602.2,575.0,597.1,596.65,595.11,833551,496053439.9,23616.0,305861.0,36.69
BATAINDIA,EQ,06-May-2016,572.65,573.95,587.9,571.3,574.1,573.65,580.22,558152,323852421.25,12222.0,123101.0,22.06
BATAINDIA,EQ,05-May-2016,562.1,565.2,580.0,565.0,573.0,572.65,573.62,346232,198606835.05,10879.0,55232.0,15.95
BATAINDIA,EQ,04-May-2016,566.8,566.85,572.3,559.0,563.0,562.1,566.17,311400,176306717.55,11870.0,112793.0,36.22
BATAINDIA,EQ,03-May-2016,578.95,580.05,584.0,564.4,565.8,566.8,574.95,300971,173044459.8,15543.0,115841.0,38.49
BATAINDIA,EQ,02-May-2016,584.2,586.0,595.9,576.0,580.1,578.95,585.22,422106,247025089.05,15685.0,134820.0,31.94
BATAINDIA,EQ,29-Apr-2016,556.25,556.0,597.5,550.1,591.55,584.2,576.69,597393,344510614.15,13170.0,313642.0,52.5
BATAINDIA,EQ,28-Apr-2016,564.4,563.0,569.8,549.25,558.5,556.25,560.53,347197,194615669.1,13952.0,147952.0,42.61
BATAINDIA,EQ,27-Apr-2016,565.6,565.0,572.95,560.0,567.45,564.4,565.56,322492,182387408.75,11788.0,96948.0,30.06
BATAINDIA,EQ,26-Apr-2016,559.05,559.4,569.0,557.55,565.65,565.6,564.63,342836,193573846.5,10212.0,94264.0,27.5
BATAINDIA,EQ,25-Apr-2016,559.9,560.6,564.9,551.1,560.95,559.05,556.32,292361,162646422.05,16332.0,181222.0,61.99
BATAINDIA,EQ,22-Apr-2016,546.15,543.4,564.5,538.85,560.6,559.9,551.28,307410,169470165.8,7604.0,117631.0,38.27
BATAINDIA,EQ,21-Apr-2016,556.7,557.4,561.4,543.4,543.5,546.15,550.4,189370,104230103.0,5443.0,38656.0,20.41
BATAINDIA,EQ,20-Apr-2016,553.4,554.85,560.95,554.55,556.5,556.7,557.4,209276,116650642.8,5709.0,68196.0,32.59
BATAINDIA,EQ,18-Apr-2016,545.0,546.7,554.9,541.2,552.05,553.4,549.83,303943,167115937.7,9241.0,92378.0,30.39
BATAINDIA,EQ,13-Apr-2016,534.85,535.5,548.0,535.5,545.0,545.0,543.47,487790,265098720.05,12520.0,255031.0,52.28
BATAINDIA,EQ,12-Apr-2016,535.25,534.7,539.5,530.4,533.1,534.85,536.44,582467,312458959.15,13500.0,343808.0,59.03
BATAINDIA,EQ,11-Apr-2016,528.5,532.65,538.8,531.3,534.0,535.25,535.94,563478,301988232.95,19457.0,262890.0,46.65
BATAINDIA,EQ,08-Apr-2016,523.05,522.0,531.75,518.75,530.1,528.5,526.69,392955,206966373.25,7669.0,158893.0,40.44
BATAINDIA,EQ,07-Apr-2016,514.35,517.7,525.0,509.25,522.5,523.05,519.74,606256,315092982.9,13863.0,260858.0,43.03
BATAINDIA,EQ,06-Apr-2016,511.35,514.35,520.6,512.1,514.7,514.35,515.81,336153,173392265.3,8096.0,71243.0,21.19
BATAINDIA,EQ,05-Apr-2016,522.7,524.8,531.8,505.5,509.0,511.35,523.61,1057013,553465261.45,25002.0,215370.0,20.38
BATAINDIA,EQ,04-Apr-2016,504.55,507.7,524.85,503.1,523.0,522.7,516.56,1325203,684549464.8,27770.0,580430.0,43.8
BATAINDIA,EQ,01-Apr-2016,508.6,507.5,515.0,502.4,502.4,504.55,508.11,495448,251740807.3,14634.0,293507.0,59.24
BATAINDIA,EQ,31-Mar-2016,504.35,509.5,512.0,498.05,510.0,508.6,504.89,464285,234413357.3,14171.0,259926.0,55.98
BATAINDIA,EQ,30-Mar-2016,502.2,509.95,515.0,502.25,503.1,504.35,506.07,320467,162178051.65,9315.0,145941.0,45.54
BATAINDIA,EQ,29-Mar-2016,496.2,499.5,506.0,496.55,503.35,502.2,501.11,316768,158736559.45,6462.0,144840.0,45.72
BATAINDIA,EQ,28-Mar-2016,508.55,511.65,511.65,494.6,499.85,496.2,503.51,255427,128609842.1,5911.0,109491.0,42.87
BATAINDIA,EQ,23-Mar-2016,504.35,502.15,515.0,502.15,506.9,508.55,511.3,432287,221027381.05,11090.0,126050.0,29.16
BATAINDIA,EQ,22-Mar-2016,498.95,497.5,507.0,492.75,502.3,504.35,502.64,337519,169652159.0,10175.0,88164.0,26.12
BATAINDIA,EQ,21-Mar-2016,489.1,491.95,501.9,487.0,496.3,498.95,496.01,199241,98825748.35,6114.0,65168.0,32.71
BATAINDIA,EQ,18-Mar-2016,485.7,485.9,491.2,480.5,489.9,489.1,487.09,144815,70537901.05,6406.0,52599.0,36.32
BATAINDIA,EQ,17-Mar-2016,489.2,493.65,495.35,481.4,483.05,485.7,489.73,243159,119083269.25,6768.0,88215.0,36.28
BATAINDIA,EQ,16-Mar-2016,489.65,489.0,492.0,479.5,491.45,489.2,485.4,174951,84920996.9,5096.0,35611.0,20.35
BATAINDIA,EQ,15-Mar-2016,499.0,499.0,499.0,486.0,488.1,489.65,491.64,328433,161469220.65,12806.0,42142.0,12.83
BATAINDIA,EQ,14-Mar-2016,493.65,499.0,503.0,494.35,496.25,499.0,498.65,236480,117921629.6,6888.0,71568.0,30.26
BATAINDIA,EQ,11-Mar-2016,484.3,484.05,496.0,481.0,494.6,493.65,489.65,269192,131808687.35,9906.0,115723.0,42.99
BATAINDIA,EQ,10-Mar-2016,490.9,495.0,495.0,480.7,484.5,484.3,485.48,211745,102797138.55,7329.0,56947.0,26.89
BATAINDIA,EQ,09-Mar-2016,482.6,478.25,492.5,476.5,492.0,490.9,487.08,257826,125582549.5,9232.0,55892.0,21.68
BATAINDIA,EQ,08-Mar-2016,490.95,484.0,490.0,477.05,481.1,482.6,481.8,300697,144875709.85,8179.0,75537.0,25.12
BATAINDIA,EQ,04-Mar-2016,492.95,499.45,504.9,488.1,489.5,490.95,496.67,426305,211732780.1,13027.0,97585.0,22.89
BATAINDIA,EQ,03-Mar-2016,473.0,477.0,496.0,473.0,495.0,492.95,485.42,388684,188675189.45,9148.0,112630.0,28.98
BATAINDIA,EQ,02-Mar-2016,464.55,468.5,482.9,468.5,472.05,473.0,474.7,421795,200226500.2,10159.0,154225.0,36.56
BATAINDIA,EQ,01-Mar-2016,455.65,457.3,468.55,457.3,464.6,464.55,465.44,258568,120346752.75,8864.0,92186.0,35.65
BATAINDIA,EQ,29-Feb-2016,462.35,464.65,467.8,452.35,452.35,455.65,460.7,281038,129473997.2,14951.0,80355.0,28.59
BATAINDIA,EQ,26-Feb-2016,464.05,467.95,471.0,461.0,463.55,462.35,466.5,128112,59764688.35,6255.0,40979.0,31.99
BATAINDIA,EQ,25-Feb-2016,462.8,465.0,469.2,453.7,464.55,464.05,462.45,881220,407517715.7,18621.0,487658.0,55.34
BATAINDIA,EQ,24-Feb-2016,473.5,468.0,471.75,459.5,462.15,462.8,465.52,462870,215475246.45,17778.0,129493.0,27.98
BATAINDIA,EQ,23-Feb-2016,489.4,490.0,491.9,468.1,469.8,473.5,481.22,329095,158365801.6,18873.0,60705.0,18.45
BATAINDIA,EQ,22-Feb-2016,485.7,488.0,500.0,486.25,488.2,489.4,493.68,410230,202522425.3,10441.0,80299.0,19.57
BATAINDIA,EQ,19-Feb-2016,471.75,474.0,488.45,471.0,486.4,485.7,480.87,269897,129784096.25,8306.0,44905.0,16.64
BATAINDIA,EQ,18-Feb-2016,466.6,472.0,479.25,468.75,470.1,471.75,474.05,178680,84703108.9,6609.0,28745.0,16.09
BATAINDIA,EQ,17-Feb-2016,469.3,464.35,469.0,454.75,467.8,466.6,462.65,253776,117410126.65,7501.0,53979.0,21.27
BATAINDIA,EQ,16-Feb-2016,482.75,485.05,496.95,462.0,466.9,469.3,485.06,279269,135460828.25,9173.0,32321.0,11.57
BATAINDIA,EQ,15-Feb-2016,461.15,468.95,489.0,468.25,485.0,482.75,478.19,316092,151152485.0,8075.0,112389.0,35.56
BATAINDIA,EQ,12-Feb-2016,480.5,481.8,481.8,452.45,460.1,461.15,465.2,339939,158140877.7,9054.0,98858.0,29.08
BATAINDIA,EQ,11-Feb-2016,487.25,492.4,501.0,464.0,475.25,480.5,480.74,1286016,618233077.85,25779.0,406308.0,31.59
BATAINDIA,EQ,10-Feb-2016,481.75,483.0,497.0,457.1,492.5,487.25,480.69,730551,351169644.15,15679.0,232784.0,31.86
BATAINDIA,EQ,09-Feb-2016,489.2,470.1,483.9,470.1,482.15,481.75,478.71,200756,96103122.0,9026.0,54465.0,27.13
BATAINDIA,EQ,08-Feb-2016,483.2,480.0,495.7,478.05,487.0,489.2,488.9,421524,206081937.05,7792.0,189074.0,44.85
BATAINDIA,EQ,05-Feb-2016,465.8,467.2,491.1,460.25,486.15,483.2,473.57,356737,168938497.05,9114.0,131314.0,36.81
BATAINDIA,EQ,04-Feb-2016,452.8,456.0,470.0,455.0,462.5,465.8,464.88,339417,157787032.45,9513.0,72429.0,21.34
BATAINDIA,EQ,03-Feb-2016,453.95,454.95,460.0,446.45,452.9,452.8,455.92,204590,93276229.45,6800.0,39911.0,19.51
BATAINDIA,EQ,02-Feb-2016,468.3,468.0,469.65,452.1,453.25,453.95,459.25,368882,169407715.6,10671.0,155696.0,42.21
BATAINDIA,EQ,01-Feb-2016,476.4,483.0,484.0,463.0,468.0,468.3,470.95,527514,248430164.65,8445.0,332003.0,62.94
BATAINDIA,EQ,29-Jan-2016,478.75,479.5,483.5,470.45,478.2,476.4,474.56,705364,334735189.75,15403.0,453237.0,64.26
BATAINDIA,EQ,28-Jan-2016,480.55,482.0,486.3,473.55,478.15,478.75,478.65,464549,222357553.1,9229.0,173057.0,37.25
BATAINDIA,EQ,27-Jan-2016,476.3,483.4,487.9,468.75,479.25,480.55,478.18,767898,367196804.65,19797.0,184259.0,24.0
BATAINDIA,EQ,25-Jan-2016,472.0,474.0,506.75,470.8,474.55,476.3,488.6,836437,408683703.55,19377.0,185437.0,22.17
BATAINDIA,EQ,22-Jan-2016,448.75,455.5,476.0,450.0,474.95,472.0,468.06,316593,148184094.05,7319.0,119136.0,37.63
BATAINDIA,EQ,21-Jan-2016,451.95,455.0,460.0,438.0,448.85,448.75,448.82,246351,110568282.9,7500.0,69325.0,28.14
BATAINDIA,EQ,20-Jan-2016,465.4,452.0,465.4,448.1,452.0,451.95,451.6,372755,168336757.25,17663.0,210530.0,56.48
BATAINDIA,EQ,19-Jan-2016,460.25,457.4,467.4,457.4,466.85,465.4,462.86,234160,108382366.3,5752.0,86930.0,37.12
BATAINDIA,EQ,18-Jan-2016,461.05,468.9,468.9,446.5,460.2,460.25,454.22,423764,192480660.6,10285.0,300210.0,70.84
BATAINDIA,EQ,15-Jan-2016,466.35,469.8,474.7,457.0,459.25,461.05,462.65,321873,148914765.55,8894.0,175450.0,54.51
BATAINDIA,EQ,14-Jan-2016,480.25,477.1,477.1,461.0,467.0,466.35,466.63,590358,275476352.95,14077.0,347353.0,58.84
BATAINDIA,EQ,13-Jan-2016,487.4,488.4,495.95,477.75,480.25,480.25,485.27,378099,183479068.45,8799.0,151433.0,40.05
BATAINDIA,EQ,12-Jan-2016,486.75,487.0,490.65,478.95,485.5,487.4,486.1,156667,76155349.15,5675.0,59918.0,38.25
BATAINDIA,EQ,11-Jan-2016,489.1,480.0,491.9,475.0,485.0,486.75,483.89,179339,86779950.35,4840.0,30211.0,16.85
BATAINDIA,EQ,08-Jan-2016,496.75,497.5,502.3,486.6,490.5,489.1,489.76,378667,185454269.95,9610.0,194440.0,51.35
BATAINDIA,EQ,07-Jan-2016,499.85,498.1,503.5,490.85,492.8,496.75,496.79,329606,163745671.1,9361.0,143794.0,43.63
BATAINDIA,EQ,06-Jan-2016,500.8,500.9,505.0,489.1,498.25,499.85,497.07,430687,214081450.6,9244.0,115145.0,26.74
BATAINDIA,EQ,05-Jan-2016,509.45,511.0,513.75,498.65,502.0,500.8,503.91,240211,121044333.55,5740.0,90243.0,37.57
BATAINDIA,EQ,04-Jan-2016,515.8,514.3,518.05,504.0,507.15,509.45,510.82,180961,92438257.0,4480.0,30902.0,17.08
BATAINDIA,EQ,01-Jan-2016,521.95,519.0,519.0,513.0,515.0,515.8,515.41,184898,95297815.35,5297.0,24657.0,13.34
BATAINDIA,EQ,31-Dec-2015,505.15,507.6,524.8,505.95,517.25,521.95,517.15,1257098,650107818.25,21373.0,448525.0,35.68
BATAINDIA,EQ,29-Dec-2017,742.45,747.95,751.2,745.0,749.0,747.3,748.1,363736,272109712.8,6602.0,102739.0,28.25
BATAINDIA,EQ,28-Dec-2017,752.7,745.0,759.1,740.25,744.5,742.45,751.04,466444,350319640.55,9660.0,124669.0,26.73
BATAINDIA,EQ,27-Dec-2017,755.15,753.8,763.5,750.0,752.45,752.7,757.5,564383,427521985.8,11372.0,131303.0,23.26
BATAINDIA,EQ,26-Dec-2017,750.65,750.0,761.0,746.4,755.0,755.15,756.25,398777,301577019.5,9437.0,89578.0,22.46
BATAINDIA,EQ,22-Dec-2017,750.6,753.0,757.55,745.85,750.0,750.65,751.11,502511,377440891.85,10249.0,209528.0,41.7
BATAINDIA,EQ,21-Dec-2017,750.4,763.95,763.95,746.35,752.0,750.6,752.24,612445,460704526.15,20214.0,166299.0,27.15
BATAINDIA,EQ,20-Dec-2017,734.4,736.0,754.65,735.0,752.3,750.4,748.74,1276742,955944218.2,25031.0,298242.0,23.36
BATAINDIA,EQ,19-Dec-2017,728.6,733.9,738.95,728.1,734.9,734.4,733.65,625940,459223584.85,10272.0,281355.0,44.95
BATAINDIA,EQ,18-Dec-2017,731.05,720.0,738.4,704.35,728.5,728.6,728.43,911333,663845456.95,23400.0,187939.0,20.62
BATAINDIA,EQ,15-Dec-2017,718.9,728.05,742.0,722.05,723.0,731.05,729.96,998646,728970040.0,19643.0,247351.0,24.77
BATAINDIA,EQ,14-Dec-2017,719.0,721.65,729.55,711.5,717.5,718.9,718.81,532014,382415730.05,18412.0,228197.0,42.89
BATAINDIA,EQ,13-Dec-2017,717.75,716.0,724.4,711.0,718.95,719.0,717.89,470733,337935145.2,14611.0,140047.0,29.75
BATAINDIA,EQ,12-Dec-2017,736.0,736.55,737.45,716.1,716.7,717.75,722.56,607711,439105845.85,22046.0,274610.0,45.19
BATAINDIA,EQ,11-Dec-2017,736.15,736.0,746.0,733.7,735.0,736.0,740.49,445803,330110726.85,12424.0,120789.0,27.09
BATAINDIA,EQ,08-Dec-2017,729.7,732.5,744.8,728.05,733.0,736.15,739.58,611088,451950231.3,12782.0,106967.0,17.5
BATAINDIA,EQ,07-Dec-2017,733.2,733.95,739.5,725.05,727.0,729.7,732.32,645010,472353643.3,12604.0,188241.0,29.18
BATAINDIA,EQ,06-Dec-2017,723.65,723.65,742.4,717.7,729.15,733.2,734.27,824856,605671016.95,21083.0,112287.0,13.61
BATAINDIA,EQ,05-Dec-2017,716.55,717.55,729.0,707.7,728.0,723.65,715.83,801283,573579450.4,16401.0,144180.0,17.99
BATAINDIA,EQ,04-Dec-2017,728.4,733.5,733.9,710.0,720.0,716.55,717.18,882616,632990673.95,14956.0,91530.0,10.37
BATAINDIA,EQ,01-Dec-2017,734.25,737.0,743.6,725.05,729.0,728.4,733.75,613383,450069747.4,17589.0,139143.0,22.68
BATAINDIA,EQ,30-Nov-2017,744.9,744.9,745.55,730.5,734.5,734.25,735.64,1092093,803387143.5,27883.0,648489.0,59.38
BATAINDIA,EQ,29-Nov-2017,741.5,743.0,751.05,738.0,747.35,744.9,744.29,673169,501033979.85,13121.0,266917.0,39.65
BATAINDIA,EQ,28-Nov-2017,752.65,751.0,757.85,738.3,741.0,741.5,747.5,760128,568193408.5,13323.0,226278.0,29.77
BATAINDIA,EQ,27-Nov-2017,740.6,742.0,754.9,735.45,754.9,752.65,748.69,561661,420509131.4,10224.0,94453.0,16.82
BATAINDIA,EQ,24-Nov-2017,748.5,727.65,744.0,727.65,740.65,740.6,736.33,1420275,1045791479.65,26306.0,222400.0,15.66
BATAINDIA,EQ,23-Nov-2017,748.8,752.0,760.0,741.25,745.05,748.5,750.42,992944,745125614.55,20207.0,166819.0,16.8
BATAINDIA,EQ,22-Nov-2017,766.65,780.0,794.5,743.75,747.5,748.8,775.14,3851677,2985571712.45,67029.0,658300.0,17.09
BATAINDIA,EQ,21-Nov-2017,742.15,742.3,769.9,742.15,769.5,766.65,756.78,770374,583006550.15,18142.0,132724.0,17.23
BATAINDIA,EQ,20-Nov-2017,752.05,752.05,754.3,736.55,738.05,742.15,742.92,520510,386697014.95,11366.0,177456.0,34.09
BATAINDIA,EQ,17-Nov-2017,743.25,752.95,759.5,744.3,750.35,752.05,753.27,473049,356335200.45,13298.0,103177.0,21.81
BATAINDIA,EQ,16-Nov-2017,744.3,740.0,748.95,729.05,746.1,743.25,739.64,679614,502672398.8,18809.0,113241.0,16.66
BATAINDIA,EQ,15-Nov-2017,782.3,787.2,787.5,735.75,739.0,744.3,752.8,1712432,1289126421.55,33991.0,545720.0,31.87
BATAINDIA,EQ,14-Nov-2017,790.05,793.05,809.5,774.0,779.0,782.3,793.5,2340112,1856881565.05,36436.0,587372.0,25.1
BATAINDIA,EQ,13-Nov-2017,797.9,800.0,804.9,788.0,791.5,790.05,792.51,251188,199068909.4,7427.0,59342.0,23.62
BATAINDIA,EQ,10-Nov-2017,805.65,802.85,814.5,791.0,799.0,797.9,805.39,673912,542762015.2,15768.0,76068.0,11.29
BATAINDIA,EQ,09-Nov-2017,773.9,776.8,809.9,776.8,809.9,805.65,795.29,570642,453827903.4,11300.0,98514.0,17.26
BATAINDIA,EQ,08-Nov-2017,781.95,778.0,786.1,767.1,780.0,773.9,775.9,514541,399232483.35,9480.0,207291.0,40.29
BATAINDIA,EQ,07-Nov-2017,811.2,811.5,815.5,775.25,780.0,781.95,786.21,702507,552318526.15,14133.0,230931.0,32.87
BATAINDIA,EQ,06-Nov-2017,813.05,813.05,821.95,808.65,813.0,811.2,815.22,211097,172089752.15,6056.0,40699.0,19.28
BATAINDIA,EQ,03-Nov-2017,813.35,817.75,825.5,809.95,811.15,813.05,818.9,430019,352142053.1,9308.0,119139.0,27.71
BATAINDIA,EQ,02-Nov-2017,813.1,809.7,823.2,808.0,813.35,813.35,815.89,348007,283935939.3,8069.0,70959.0,20.39
BATAINDIA,EQ,01-Nov-2017,811.1,809.55,832.8,809.55,811.55,813.1,822.06,1311315,1077985365.65,24808.0,282803.0,21.57
BATAINDIA,EQ,31-Oct-2017,821.0,819.0,825.4,808.8,813.0,811.1,815.45,581681,474330653.8,12974.0,132631.0,22.8
BATAINDIA,EQ,30-Oct-2017,778.0,782.0,823.95,780.6,821.3,821.0,814.07,1922031,1564674898.5,35118.0,572171.0,29.77
BATAINDIA,EQ,27-Oct-2017,775.5,772.55,784.55,771.0,778.8,778.0,777.94,356775,277549381.55,10199.0,89933.0,25.21
BATAINDIA,EQ,26-Oct-2017,781.6,781.6,784.75,766.7,772.55,775.5,775.74,1594053,1236578022.9,17411.0,441326.0,27.69
BATAINDIA,EQ,25-Oct-2017,788.8,796.5,796.5,778.55,781.6,781.6,782.28,263859,206412115.65,8441.0,88540.0,33.56
BATAINDIA,EQ,24-Oct-2017,794.05,794.0,801.0,783.25,788.0,788.8,792.31,376170,298043867.1,7811.0,112345.0,29.87
BATAINDIA,EQ,23-Oct-2017,791.35,795.0,808.0,790.45,793.7,794.05,798.96,576810,460848816.05,12133.0,119677.0,20.75
BATAINDIA,EQ,19-Oct-2017,801.7,803.95,805.0,755.35,789.5,791.35,794.12,148848,118203501.95,3583.0,53346.0,35.84
BATAINDIA,EQ,18-Oct-2017,785.0,789.7,804.65,781.65,801.3,801.7,795.0,608535,483785750.9,11324.0,128218.0,21.07
BATAINDIA,EQ,17-Oct-2017,783.65,785.95,789.5,777.1,783.0,785.0,784.3,339494,266264396.4,7221.0,77712.0,22.89
BATAINDIA,EQ,16-Oct-2017,789.5,793.0,796.0,781.15,783.5,783.65,788.65,592799,467508180.85,12692.0,107179.0,18.08
BATAINDIA,EQ,13-Oct-2017,773.45,773.9,793.05,768.05,790.9,789.5,784.76,1094491,858908466.85,19459.0,321408.0,29.37
BATAINDIA,EQ,12-Oct-2017,767.2,767.9,776.0,761.0,773.0,773.45,769.43,578541,445145843.8,17121.0,167963.0,29.03
BATAINDIA,EQ,11-Oct-2017,778.7,784.0,784.0,760.1,768.5,767.2,774.31,846751,655647638.2,18131.0,245602.0,29.01
BATAINDIA,EQ,10-Oct-2017,760.2,767.9,784.2,762.4,779.0,778.7,775.73,2166232,1680412943.65,42416.0,520052.0,24.01
BATAINDIA,EQ,09-Oct-2017,739.5,739.0,763.9,734.7,763.0,760.2,751.27,1181290,887468026.1,24710.0,372563.0,31.54
BATAINDIA,EQ,06-Oct-2017,724.8,726.9,747.0,726.0,738.05,739.5,741.34,1518293,1125578813.7,37359.0,441521.0,29.08
BATAINDIA,EQ,05-Oct-2017,730.55,730.55,732.0,721.0,727.5,724.8,725.59,436138,316458599.6,10876.0,40847.0,9.37
BATAINDIA,EQ,04-Oct-2017,694.35,700.0,734.0,698.1,732.65,730.55,725.05,2021532,1465713929.65,33238.0,385669.0,19.08
BATAINDIA,EQ,03-Oct-2017,689.95,693.0,697.8,685.0,696.85,694.35,691.02,340149,235050109.75,7578.0,55371.0,16.28
BATAINDIA,EQ,29-Sep-2017,693.75,699.0,699.0,684.1,693.4,689.95,690.47,334899,231236418.9,11941.0,93848.0,28.02
BATAINDIA,EQ,28-Sep-2017,680.85,676.5,698.0,668.5,697.25,693.75,682.71,503477,343730551.8,17410.0,175151.0,34.79
BATAINDIA,EQ,27-Sep-2017,690.05,696.0,696.95,678.3,680.5,680.85,685.9,564597,387254722.0,15872.0,177527.0,31.44
BATAINDIA,EQ,26-Sep-2017,709.3,714.7,714.7,685.05,690.0,690.05,691.72,797091,551365444.0,19763.0,195151.0,24.48
BATAINDIA,EQ,25-Sep-2017,725.4,721.7,724.95,702.45,711.9,709.3,709.7,348964,247658728.7,13942.0,98861.0,28.33
BATAINDIA,EQ,22-Sep-2017,744.6,743.0,743.55,722.5,723.55,725.4,731.64,520777,381020030.15,14431.0,180347.0,34.63
BATAINDIA,EQ,21-Sep-2017,727.0,729.0,749.6,724.25,748.45,744.6,734.68,678715,498635453.45,19333.0,255914.0,37.71
BATAINDIA,EQ,20-Sep-2017,734.35,738.9,738.9,725.1,729.0,727.0,730.43,215470,157386483.0,6546.0,90410.0,41.96
BATAINDIA,EQ,19-Sep-2017,731.05,732.0,740.7,731.05,735.45,734.35,736.72,884786,651835631.9,23051.0,376567.0,42.56
BATAINDIA,EQ,18-Sep-2017,720.8,722.9,737.6,719.75,729.5,731.05,732.01,897698,657123474.75,17608.0,186920.0,20.82
BATAINDIA,EQ,15-Sep-2017,722.9,720.95,725.35,712.15,719.3,720.8,720.0,258462,186091725.35,7862.0,60353.0,23.35
BATAINDIA,EQ,14-Sep-2017,710.55,711.0,726.0,710.1,723.65,722.9,717.79,445068,319464113.05,9499.0,146243.0,32.86
BATAINDIA,EQ,13-Sep-2017,718.0,720.9,726.2,706.0,710.0,710.55,718.8,583596,419488896.55,15917.0,181997.0,31.19
BATAINDIA,EQ,12-Sep-2017,719.45,724.25,727.45,713.7,720.0,718.0,720.33,785074,565511805.8,17362.0,160806.0,20.48
BATAINDIA,EQ,11-Sep-2017,692.3,694.7,722.9,694.0,722.9,719.45,712.11,2421773,1724564506.2,51176.0,552752.0,22.82
BATAINDIA,EQ,08-Sep-2017,692.25,691.85,695.25,687.0,690.0,692.3,692.54,381071,263905323.65,11303.0,155958.0,40.93
BATAINDIA,EQ,07-Sep-2017,693.8,694.9,700.0,688.1,689.0,692.25,694.81,451685,313834168.9,22562.0,232704.0,51.52
BATAINDIA,EQ,06-Sep-2017,686.8,686.8,698.95,682.55,693.3,693.8,694.61,805111,559241730.0,18324.0,216261.0,26.86
BATAINDIA,EQ,05-Sep-2017,680.85,689.5,692.4,683.2,688.2,686.8,687.17,307931,211600160.7,7454.0,45245.0,14.69
BATAINDIA,EQ,04-Sep-2017,684.35,685.1,700.0,676.0,682.0,680.85,686.71,774700,531997435.55,19122.0,238823.0,30.83
BATAINDIA,EQ,01-Sep-2017,680.85,685.0,688.2,680.15,685.3,684.35,684.71,342431,234466250.8,9583.0,122323.0,35.72
BATAINDIA,EQ,31-Aug-2017,687.05,688.35,695.0,678.15,681.0,680.85,687.75,657017,451866345.45,15205.0,264115.0,40.2
BATAINDIA,EQ,30-Aug-2017,675.75,682.5,694.95,680.7,687.0,687.05,688.97,933126,642897458.8,21855.0,316877.0,33.96
BATAINDIA,EQ,29-Aug-2017,681.05,682.95,688.45,675.0,675.2,675.75,682.9,707115,482891301.85,14579.0,204515.0,28.92
BATAINDIA,EQ,28-Aug-2017,667.75,672.0,684.0,668.9,682.7,681.05,678.58,657180,445948997.4,14812.0,239760.0,36.48
BATAINDIA,EQ,24-Aug-2017,678.15,679.8,680.55,666.1,669.0,667.75,670.38,626183,419783196.95,9682.0,286343.0,45.73
BATAINDIA,EQ,23-Aug-2017,683.2,690.0,693.6,675.15,676.25,678.15,684.22,878071,600796492.7,17774.0,268527.0,30.58
BATAINDIA,EQ,22-Aug-2017,669.4,677.3,690.5,665.0,686.1,683.2,683.14,1566384,1070066192.05,43451.0,580499.0,37.06
BATAINDIA,EQ,21-Aug-2017,679.65,679.1,688.4,663.9,669.0,669.4,680.57,821531,559107565.95,20301.0,291186.0,35.44
BATAINDIA,EQ,18-Aug-2017,676.0,674.8,686.3,670.05,679.0,679.65,680.02,1148229,780820137.3,19411.0,454677.0,39.6
BATAINDIA,EQ,17-Aug-2017,673.5,675.3,685.4,666.6,675.0,676.0,676.52,935987,633217754.95,18574.0,265719.0,28.39
BATAINDIA,EQ,16-Aug-2017,659.75,668.2,675.3,658.0,675.3,673.5,667.41,1249114,833674627.15,22840.0,522194.0,41.81
BATAINDIA,EQ,14-Aug-2017,635.5,642.0,665.3,639.3,660.8,659.75,658.86,1754636,1156057979.8,45416.0,458787.0,26.15
BATAINDIA,EQ,11-Aug-2017,632.05,621.0,644.5,620.2,636.55,635.5,637.0,1317726,839387476.8,31262.0,565417.0,42.91
BATAINDIA,EQ,10-Aug-2017,636.55,635.95,643.7,622.1,636.45,632.05,634.1,802071,508589679.6,24441.0,315116.0,39.29
BATAINDIA,EQ,09-Aug-2017,634.25,630.0,646.85,628.85,634.45,636.55,640.12,720334,461099733.75,13873.0,191310.0,26.56
BATAINDIA,EQ,08-Aug-2017,641.3,640.0,648.0,626.85,633.4,634.25,637.87,697665,445018534.35,12681.0,188891.0,27.07
BATAINDIA,EQ,07-Aug-2017,631.35,633.0,644.3,633.0,640.05,641.3,639.17,1085338,693720659.1,19664.0,373883.0,34.45
BATAINDIA,EQ,04-Aug-2017,621.5,621.0,635.9,621.0,632.0,631.35,628.13,2409790,1513666382.25,39433.0,476442.0,19.77
BATAINDIA,EQ,03-Aug-2017,585.0,600.0,625.9,595.0,619.7,621.5,614.77,8481663,5214240972.7,115408.0,1171728.0,13.81
BATAINDIA,EQ,02-Aug-2017,586.1,587.5,590.75,582.0,585.5,585.0,586.15,490892,287734782.1,15358.0,181926.0,37.06
BATAINDIA,EQ,01-Aug-2017,588.15,589.5,593.45,582.35,587.0,586.1,585.49,777533,455240195.5,23998.0,318012.0,40.9
BATAINDIA,EQ,31-Jul-2017,575.4,578.0,589.9,575.5,588.5,588.15,583.95,865791,505577594.35,10550.0,448383.0,51.79
BATAINDIA,EQ,28-Jul-2017,571.15,565.0,580.95,565.0,575.0,575.4,574.98,486808,279903257.5,7666.0,231481.0,47.55
BATAINDIA,EQ,27-Jul-2017,584.3,587.4,590.0,569.0,570.3,571.15,577.75,1130933,653395174.7,13458.0,531094.0,46.96
BATAINDIA,EQ,26-Jul-2017,583.05,585.4,589.9,583.0,583.75,584.3,585.58,677525,396744399.05,10407.0,372392.0,54.96
BATAINDIA,EQ,25-Jul-2017,587.6,589.0,595.5,581.0,581.95,583.05,586.94,849401,498543604.45,18345.0,390398.0,45.96
BATAINDIA,EQ,24-Jul-2017,579.65,582.0,595.75,577.0,588.25,587.6,590.87,1421977,840202727.35,23646.0,459004.0,32.28
BATAINDIA,EQ,21-Jul-2017,572.0,585.0,588.7,571.3,579.6,579.65,582.36,1350734,786616327.1,22781.0,382547.0,28.32
BATAINDIA,EQ,20-Jul-2017,572.6,575.7,582.15,566.45,572.7,572.0,574.82,634166,364534130.7,11313.0,214164.0,33.77
BATAINDIA,EQ,19-Jul-2017,569.2,574.0,576.85,569.2,571.8,572.6,572.67,469807,269044838.75,9585.0,176549.0,37.58
BATAINDIA,EQ,18-Jul-2017,554.9,554.0,574.0,552.0,572.2,569.2,563.89,655919,369864895.9,12209.0,236653.0,36.08
BATAINDIA,EQ,17-Jul-2017,558.85,562.55,562.75,553.4,554.4,554.9,557.2,175061,97544476.15,4929.0,65064.0,37.17
BATAINDIA,EQ,14-Jul-2017,564.95,564.9,564.9,555.05,558.65,558.85,559.33,142615,79768198.25,3605.0,31710.0,22.23
BATAINDIA,EQ,13-Jul-2017,561.85,562.9,569.5,560.8,564.5,564.95,565.31,146162,82627183.7,3361.0,39886.0,27.29
BATAINDIA,EQ,12-Jul-2017,559.65,562.85,568.35,559.0,562.25,561.85,562.29,580574,326449202.9,6832.0,369118.0,63.58
BATAINDIA,EQ,11-Jul-2017,577.7,578.0,583.55,555.6,560.6,559.65,570.36,444069,253277295.3,9739.0,158632.0,35.72
BATAINDIA,EQ,10-Jul-2017,573.65,590.0,590.0,570.0,578.5,577.7,576.67,165267,95304129.6,3357.0,94402.0,57.12
BATAINDIA,EQ,07-Jul-2017,563.95,561.0,579.0,560.25,571.95,573.65,573.39,1167334,669332628.05,24458.0,437773.0,37.5
BATAINDIA,EQ,06-Jul-2017,570.2,572.0,574.3,561.0,561.6,563.95,567.9,305552,173523334.1,8203.0,77884.0,25.49
BATAINDIA,EQ,05-Jul-2017,575.85,579.35,579.35,568.0,570.4,570.2,571.98,856770,490055905.8,15263.0,193585.0,22.59
BATAINDIA,EQ,04-Jul-2017,549.5,553.85,579.35,548.5,574.5,575.85,568.21,1843630,1047570607.1,34688.0,618921.0,33.57
BATAINDIA,EQ,03-Jul-2017,537.25,540.0,554.4,539.35,550.75,549.5,549.09,616360,338438561.8,11500.0,219259.0,35.57
BATAINDIA,EQ,30-Jun-2017,529.7,528.0,540.65,522.2,539.0,537.25,532.43,226143,120404808.45,4321.0,84018.0,37.15
BATAINDIA,EQ,29-Jun-2017,529.05,529.9,544.55,523.0,524.95,529.7,530.86,324957,172506853.9,6396.0,111394.0,34.28
BATAINDIA,EQ,28-Jun-2017,530.05,534.7,534.7,522.65,525.6,529.05,528.14,265998,140485457.35,6370.0,73684.0,27.7
BATAINDIA,EQ,27-Jun-2017,521.45,526.0,533.95,513.75,530.25,530.05,522.54,331652,173301585.25,6872.0,170678.0,51.46
BATAINDIA,EQ,23-Jun-2017,523.4,523.05,526.0,510.7,523.8,521.45,516.73,426877,220581741.85,6015.0,208591.0,48.86
BATAINDIA,EQ,22-Jun-2017,527.6,525.2,531.4,520.1,525.05,523.4,525.76,303310,159469086.7,8490.0,77270.0,25.48
BATAINDIA,EQ,21-Jun-2017,531.4,528.2,534.65,523.65,526.65,527.6,529.51,238042,126045138.7,5102.0,102725.0,43.15
BATAINDIA,EQ,20-Jun-2017,540.25,538.5,538.55,529.05,530.5,531.4,532.83,220390,117431242.5,5614.0,80246.0,36.41
BATAINDIA,EQ,19-Jun-2017,539.1,540.9,543.0,536.1,538.05,540.25,539.51,126067,68014953.0,5327.0,47282.0,37.51
BATAINDIA,EQ,16-Jun-2017,539.1,535.0,542.15,534.4,539.45,539.1,539.04,282926,152508056.95,6047.0,111100.0,39.27
BATAINDIA,EQ,15-Jun-2017,547.85,549.75,549.75,536.4,537.5,539.1,540.77,350825,189714757.25,11860.0,174508.0,49.74
BATAINDIA,EQ,14-Jun-2017,552.35,554.5,554.85,546.1,548.0,547.85,548.46,337216,184947868.95,13027.0,160579.0,47.62
BATAINDIA,EQ,13-Jun-2017,550.05,551.0,559.3,550.15,550.3,552.35,554.82,192790,106963448.75,9085.0,72581.0,37.65
BATAINDIA,EQ,12-Jun-2017,554.4,553.0,557.55,546.0,548.3,550.05,551.72,276662,152641270.2,10735.0,84052.0,30.38
BATAINDIA,EQ,09-Jun-2017,553.55,555.0,558.1,552.5,553.1,554.4,555.38,294219,163402491.8,7844.0,58845.0,20.0
BATAINDIA,EQ,08-Jun-2017,549.15,550.0,555.45,545.65,553.2,553.55,550.94,293430,161661768.95,7263.0,82473.0,28.11
BATAINDIA,EQ,07-Jun-2017,546.8,546.9,552.15,543.25,550.35,549.15,548.15,268958,147429505.25,8442.0,44230.0,16.44
BATAINDIA,EQ,06-Jun-2017,555.45,556.1,559.8,542.1,545.5,546.8,549.19,616057,338332109.6,13072.0,321177.0,52.13
BATAINDIA,EQ,05-Jun-2017,550.1,551.0,566.75,550.95,556.1,555.45,559.14,769885,430470423.05,17919.0,222137.0,28.85
BATAINDIA,EQ,02-Jun-2017,546.6,550.0,551.7,541.15,550.5,550.1,548.13,364456,199769675.55,11377.0,161802.0,44.4
BATAINDIA,EQ,01-Jun-2017,545.2,545.1,552.0,540.5,548.0,546.6,547.36,396838,217214578.8,11967.0,200713.0,50.58
BATAINDIA,EQ,31-May-2017,540.15,540.9,547.9,535.1,546.0,545.2,543.32,525013,285250884.05,16460.0,197489.0,37.62
BATAINDIA,EQ,30-May-2017,529.95,543.0,564.7,537.05,537.5,540.15,549.79,2010192,1105190964.2,39966.0,367409.0,18.28
BATAINDIA,EQ,29-May-2017,536.7,536.7,540.0,526.85,527.4,529.95,531.08,448292,238081024.9,10840.0,319045.0,71.17
BATAINDIA,EQ,26-May-2017,527.3,529.7,539.8,526.4,534.3,536.7,534.21,295824,158033165.75,9635.0,128613.0,43.48
BATAINDIA,EQ,25-May-2017,521.15,520.0,529.4,516.45,525.4,527.3,522.86,720281,376607816.0,11007.0,422784.0,58.7
BATAINDIA,EQ,24-May-2017,525.5,525.0,528.75,517.0,518.0,521.15,522.26,669070,349430991.3,16530.0,348273.0,52.05
BATAINDIA,EQ,23-May-2017,543.9,544.95,544.95,522.0,523.05,525.5,532.39,807147,429716958.75,20343.0,492132.0,60.97
BATAINDIA,EQ,22-May-2017,547.0,549.0,555.0,538.05,545.0,543.9,544.01,367235,199778385.2,13442.0,212604.0,57.89
BATAINDIA,EQ,19-May-2017,552.3,553.0,564.0,540.3,548.0,547.0,552.27,555088,306558914.05,17217.0,186281.0,33.56
BATAINDIA,EQ,18-May-2017,558.0,555.95,557.25,546.4,554.0,552.3,551.39,737363,406574359.1,20286.0,288279.0,39.1
BATAINDIA,EQ,17-May-2017,562.85,562.85,567.0,555.2,555.4,558.0,561.34,307997,172891344.45,11530.0,85489.0,27.76
BATAINDIA,EQ,16-May-2017,575.3,576.55,578.0,560.6,561.5,562.85,566.89,480861,272594508.75,13244.0,119487.0,24.85
BATAINDIA,EQ,15-May-2017,568.6,570.5,579.0,559.2,572.55,575.3,570.36,581207,331498909.4,14544.0,173623.0,29.87
BATAINDIA,EQ,12-May-2017,573.15,573.0,576.25,564.35,568.0,568.6,569.26,179465,102161789.75,4971.0,58398.0,32.54
BATAINDIA,EQ,11-May-2017,574.85,575.0,580.0,569.05,572.75,573.15,575.11,148816,85586057.9,7466.0,46658.0,31.35
BATAINDIA,EQ,10-May-2017,578.15,578.9,582.8,568.65,574.35,574.85,577.45,325044,187698262.15,9969.0,127364.0,39.18
BATAINDIA,EQ,09-May-2017,572.5,572.45,588.2,572.45,577.7,578.15,581.43,849636,494006657.5,16186.0,273074.0,32.14
BATAINDIA,EQ,08-May-2017,572.95,567.0,578.0,567.0,572.0,572.5,574.1,205394,117917145.05,5675.0,66715.0,32.48
BATAINDIA,EQ,05-May-2017,584.8,584.0,585.0,562.5,570.3,572.95,570.45,571742,326148938.5,9878.0,159384.0,27.88
BATAINDIA,EQ,04-May-2017,577.95,577.95,587.6,576.25,584.05,584.8,581.23,225750,131213549.25,8997.0,76846.0,34.04
BATAINDIA,EQ,03-May-2017,584.95,584.9,586.75,576.55,577.5,577.95,580.79,294651,171131233.75,9853.0,80498.0,27.32
BATAINDIA,EQ,02-May-2017,583.0,583.05,589.5,577.0,585.0,584.95,585.22,188522,110326271.05,5137.0,53676.0,28.47
BATAINDIA,EQ,28-Apr-2017,584.55,585.2,592.9,576.0,581.9,583.0,584.03,669638,391091082.25,18831.0,252262.0,37.67
BATAINDIA,EQ,27-Apr-2017,584.05,585.0,588.65,578.3,585.0,584.55,582.84,328664,191558068.6,11629.0,165067.0,50.22
BATAINDIA,EQ,26-Apr-2017,579.6,579.6,592.95,576.5,584.0,584.05,585.87,391202,229194952.1,9685.0,111350.0,28.46
BATAINDIA,EQ,25-Apr-2017,580.85,583.15,584.95,577.5,580.9,579.6,580.99,377707,219444937.4,14891.0,184399.0,48.82
BATAINDIA,EQ,24-Apr-2017,570.4,568.0,585.9,565.05,579.25,580.85,579.4,573728,332415159.05,11469.0,313521.0,54.65
BATAINDIA,EQ,21-Apr-2017,578.15,579.9,580.0,568.0,571.3,570.4,572.05,188082,107591913.9,5106.0,48902.0,26.0
BATAINDIA,EQ,20-Apr-2017,563.65,561.1,580.0,560.95,579.0,578.15,571.72,449515,256995648.65,7448.0,100553.0,22.37
BATAINDIA,EQ,19-Apr-2017,571.6,574.0,574.75,558.4,562.45,563.65,563.04,604990,340630551.75,10598.0,339505.0,56.12
BATAINDIA,EQ,18-Apr-2017,580.2,582.9,587.5,568.15,571.0,571.6,580.03,271501,157478275.8,7751.0,57691.0,21.25
BATAINDIA,EQ,17-Apr-2017,567.0,570.0,587.0,567.5,585.0,580.2,575.77,311479,179341486.4,6297.0,91771.0,29.46
BATAINDIA,EQ,13-Apr-2017,570.4,574.0,575.65,566.0,567.1,567.0,570.78,268352,153169830.9,5751.0,45324.0,16.89
BATAINDIA,EQ,12-Apr-2017,578.75,581.0,581.0,562.4,573.1,570.4,569.54,496542,282799873.0,10814.0,231463.0,46.61
BATAINDIA,EQ,11-Apr-2017,566.05,570.05,585.9,569.1,578.0,578.75,579.71,948980,550137739.7,18672.0,328038.0,34.57
BATAINDIA,EQ,10-Apr-2017,557.5,558.0,572.0,558.0,571.4,566.05,565.61,445446,251948674.5,8660.0,166546.0,37.39
BATAINDIA,EQ,07-Apr-2017,559.75,557.55,562.2,549.65,560.2,557.5,555.96,725166,403160539.0,8656.0,326760.0,45.06
BATAINDIA,EQ,06-Apr-2017,565.7,565.45,567.0,559.0,559.4,559.75,560.88,249410,139889406.85,8158.0,137513.0,55.14
BATAINDIA,EQ,05-Apr-2017,561.4,560.5,570.65,558.0,568.0,565.7,566.28,451963,255936672.7,17460.0,259172.0,57.34
BATAINDIA,EQ,03-Apr-2017,567.95,560.0,569.55,560.0,560.65,561.4,562.92,301440,169686241.3,8094.0,159210.0,52.82
BATAINDIA,EQ,31-Mar-2017,569.45,569.0,570.9,563.6,569.55,567.95,566.58,322253,182582425.5,7279.0,104363.0,32.39
BATAINDIA,EQ,30-Mar-2017,544.35,547.0,572.8,544.05,569.0,569.45,561.61,1384047,777298663.6,17756.0,574169.0,41.48
BATAINDIA,EQ,29-Mar-2017,552.1,550.95,555.6,541.45,546.0,544.35,548.73,676135,371015683.65,15367.0,406852.0,60.17
BATAINDIA,EQ,28-Mar-2017,543.5,545.0,554.8,544.7,551.25,552.1,551.64,468371,258372769.8,13342.0,191153.0,40.81
BATAINDIA,EQ,27-Mar-2017,540.4,540.8,544.9,535.9,542.05,543.5,541.28,251049,135887244.0,5274.0,91499.0,36.45
BATAINDIA,EQ,24-Mar-2017,543.95,543.8,546.45,538.4,540.4,540.4,541.44,476663,258085263.3,37262.0,265811.0,55.76
BATAINDIA,EQ,23-Mar-2017,535.0,535.05,545.15,535.0,543.75,543.95,540.3,438204,236761167.0,7065.0,217356.0,49.6
BATAINDIA,EQ,22-Mar-2017,540.3,538.0,546.0,531.35,534.5,535.0,539.4,551756,297616169.15,12358.0,127255.0,23.06
BATAINDIA,EQ,21-Mar-2017,535.75,538.0,543.4,523.15,543.4,540.3,532.21,808244,430157307.7,14566.0,380946.0,47.13
BATAINDIA,EQ,20-Mar-2017,529.85,533.1,538.95,532.55,535.5,535.75,535.33,445292,238377936.6,22964.0,145585.0,32.69
BATAINDIA,EQ,17-Mar-2017,531.85,535.0,536.5,526.5,531.5,529.85,531.0,389068,206594441.75,10279.0,111248.0,28.59
BATAINDIA,EQ,16-Mar-2017,525.6,530.0,534.7,524.25,533.1,531.85,528.18,900315,475531468.1,18665.0,437823.0,48.63
BATAINDIA,EQ,15-Mar-2017,530.1,531.0,534.9,524.1,525.35,525.6,527.88,640231,337966179.75,16793.0,166907.0,26.07
BATAINDIA,EQ,14-Mar-2017,508.75,518.0,533.65,513.8,529.4,530.1,523.26,1276901,668154838.2,23669.0,403430.0,31.59
BATAINDIA,EQ,10-Mar-2017,497.05,500.9,512.0,496.65,507.85,508.75,507.66,1073215,544832430.05,39527.0,391773.0,36.5
BATAINDIA,EQ,09-Mar-2017,497.2,498.0,503.0,495.4,497.4,497.05,498.99,487249,243132874.6,9942.0,352878.0,72.42
BATAINDIA,EQ,08-Mar-2017,504.25,507.0,509.65,496.0,497.05,497.2,501.45,363524,182288516.55,11922.0,164117.0,45.15
BATAINDIA,EQ,07-Mar-2017,497.95,499.85,506.75,496.5,506.0,504.25,503.43,236661,119141854.15,9022.0,79830.0,33.73
BATAINDIA,EQ,06-Mar-2017,497.75,500.05,504.35,496.5,499.0,497.95,500.6,215936,108096845.0,9853.0,71607.0,33.16
BATAINDIA,EQ,03-Mar-2017,495.65,495.0,499.7,491.9,499.0,497.75,496.44,183103,90898838.35,6507.0,73280.0,40.02
BATAINDIA,EQ,02-Mar-2017,506.6,507.0,511.85,492.0,496.0,495.65,504.33,449152,226522826.25,18988.0,194097.0,43.21
BATAINDIA,EQ,01-Mar-2017,508.55,514.0,515.5,503.0,504.4,506.6,510.78,574086,293230136.0,19324.0,222183.0,38.7
BATAINDIA,EQ,28-Feb-2017,500.25,500.2,514.0,500.2,508.8,508.55,509.54,1184598,603604601.1,26786.0,388122.0,32.76
BATAINDIA,EQ,27-Feb-2017,496.95,497.0,502.55,494.2,500.0,500.25,499.63,239262,119541358.35,6114.0,88453.0,36.97
BATAINDIA,EQ,23-Feb-2017,503.3,504.4,505.15,493.3,493.85,496.95,499.96,530152,265055695.55,11921.0,307306.0,57.97
BATAINDIA,EQ,22-Feb-2017,504.0,503.9,505.9,495.1,502.0,503.3,502.39,411366,206667956.55,20239.0,165180.0,40.15
BATAINDIA,EQ,21-Feb-2017,500.65,502.45,504.8,499.65,504.8,504.0,503.29,289583,145745303.95,4324.0,189243.0,65.35
BATAINDIA,EQ,20-Feb-2017,500.85,501.8,507.0,498.6,499.9,500.65,502.63,186001,93490280.8,7656.0,49523.0,26.63
BATAINDIA,EQ,17-Feb-2017,496.2,495.95,504.0,491.8,498.45,500.85,499.76,208716,104308034.05,6076.0,61429.0,29.43
BATAINDIA,EQ,16-Feb-2017,488.05,487.0,499.7,482.85,493.0,496.2,493.06,309800,152749976.5,9569.0,59307.0,19.14
BATAINDIA,EQ,15-Feb-2017,502.65,503.0,503.85,482.7,487.1,488.05,492.56,397160,195623250.2,10873.0,88531.0,22.29
BATAINDIA,EQ,14-Feb-2017,496.15,497.4,505.0,492.65,499.2,502.65,501.07,342483,171606898.8,10655.0,111728.0,32.62
BATAINDIA,EQ,13-Feb-2017,499.6,499.0,502.0,488.1,493.7,496.15,494.89,284978,141033282.45,7486.0,82556.0,28.97
BATAINDIA,EQ,10-Feb-2017,509.2,513.45,514.0,486.85,496.1,499.6,503.29,1612620,811623011.65,36780.0,594224.0,36.85
BATAINDIA,EQ,09-Feb-2017,507.85,507.7,512.4,501.1,509.45,509.2,508.29,745624,378992927.9,23346.0,267260.0,35.84
BATAINDIA,EQ,08-Feb-2017,504.9,506.9,510.0,495.2,507.6,507.85,505.54,753815,381083622.3,19729.0,440443.0,58.43
BATAINDIA,EQ,07-Feb-2017,508.7,513.95,514.0,503.1,504.0,504.9,505.84,1084180,548420489.7,20054.0,609025.0,56.17
BATAINDIA,EQ,06-Feb-2017,493.55,499.9,514.5,499.5,513.95,508.7,506.81,1320350,669164136.25,21661.0,545543.0,41.32
BATAINDIA,EQ,03-Feb-2017,485.8,486.9,498.4,484.05,498.4,493.55,490.2,510427,250211552.6,6531.0,336647.0,65.95
BATAINDIA,EQ,02-Feb-2017,489.25,489.7,489.7,482.0,483.5,485.8,485.86,220780,107268127.05,5725.0,85893.0,38.9
BATAINDIA,EQ,01-Feb-2017,479.45,479.7,497.75,474.75,486.55,489.25,487.27,456960,222663304.25,10273.0,121914.0,26.68
BATAINDIA,EQ,31-Jan-2017,481.85,481.0,486.5,477.05,478.05,479.45,482.76,229772,110925371.75,5619.0,66241.0,28.83
BATAINDIA,EQ,30-Jan-2017,483.4,482.0,484.5,477.15,481.05,481.85,481.35,116609,56130157.65,3225.0,37246.0,31.94
BATAINDIA,EQ,27-Jan-2017,479.35,481.95,490.3,481.35,484.7,483.4,486.23,405934,197379067.7,17265.0,144493.0,35.6
BATAINDIA,EQ,25-Jan-2017,464.15,465.25,480.8,464.0,478.0,479.35,474.65,546047,259178711.9,11571.0,192129.0,35.19
BATAINDIA,EQ,24-Jan-2017,466.75,468.4,471.0,462.55,462.7,464.15,466.26,309908,144496471.35,5828.0,154324.0,49.8
BATAINDIA,EQ,23-Jan-2017,461.25,461.25,469.6,456.55,468.0,466.75,464.98,264430,122953447.3,7007.0,74801.0,28.29
BATAINDIA,EQ,20-Jan-2017,468.3,467.1,476.0,459.25,460.25,461.25,469.23,274972,129024919.15,6844.0,60933.0,22.16
BATAINDIA,EQ,19-Jan-2017,464.95,466.8,473.0,463.0,468.95,468.3,469.85,310879,146065002.1,8226.0,104563.0,33.63
BATAINDIA,EQ,18-Jan-2017,470.95,469.15,470.85,464.3,465.0,464.95,466.98,289534,135207694.15,6709.0,125625.0,43.39
BATAINDIA,EQ,17-Jan-2017,476.1,477.95,482.15,468.75,470.8,470.95,475.36,251455,119531683.7,7462.0,47104.0,18.73
BATAINDIA,EQ,16-Jan-2017,476.2,474.2,480.0,471.05,475.0,476.1,475.89,241123,114748379.85,7189.0,46310.0,19.21
BATAINDIA,EQ,13-Jan-2017,485.5,485.2,488.4,474.05,476.1,476.2,478.19,283147,135398940.85,8397.0,48777.0,17.23
BATAINDIA,EQ,12-Jan-2017,476.75,485.6,499.0,482.0,484.55,485.5,490.31,1496594,733794468.75,30527.0,257990.0,17.24
BATAINDIA,EQ,11-Jan-2017,466.0,466.05,479.0,465.45,478.5,476.75,471.06,203670,95940113.95,6995.0,48917.0,24.02
BATAINDIA,EQ,10-Jan-2017,463.05,462.25,469.5,461.15,467.35,466.0,465.28,131992,61412847.25,4500.0,25278.0,19.15
BATAINDIA,EQ,09-Jan-2017,472.25,468.0,472.0,460.1,461.25,463.05,466.03,86742,40424750.6,2376.0,25049.0,28.88
BATAINDIA,EQ,06-Jan-2017,470.4,472.5,474.15,464.05,473.2,472.25,471.15,617479,290924833.05,8684.0,324985.0,52.63
BATAINDIA,EQ,05-Jan-2017,463.35,464.05,471.5,464.05,470.2,470.4,468.64,190214,89141133.55,6778.0,69779.0,36.68
BATAINDIA,EQ,04-Jan-2017,463.15,464.85,466.9,461.0,463.8,463.35,464.08,341719,158585856.85,12678.0,109866.0,32.15
BATAINDIA,EQ,03-Jan-2017,447.15,447.5,464.75,445.55,461.05,463.15,458.3,471020,215867909.95,14915.0,95374.0,20.25
BATAINDIA,EQ,02-Jan-2017,450.4,450.55,453.75,444.4,447.5,447.15,448.75,198639,89139426.75,4190.0,51124.0,25.74
BATAINDIA,EQ,30-Dec-2016,448.45,449.0,452.0,446.0,447.15,450.4,449.77,360320,162059982.9,9166.0,124089.0,34.44
BATAINDIA,EQ,28-Dec-2018,"1,129.90","1,135.00","1,144.00","1,125.00","1,128.15","1,136.80","1,136.92",1213059,1379153141.35,29462.0,151719.0,12.51
BATAINDIA,EQ,27-Dec-2018,"1,096.65","1,102.10","1,136.95","1,102.10","1,134.00","1,129.90","1,122.45",1529162,1716414660.35,32618.0,195174.0,12.76
BATAINDIA,EQ,26-Dec-2018,"1,109.00","1,107.90","1,107.90","1,075.25","1,097.90","1,096.65","1,091.03",665666,726260623.3,20057.0,83188.0,12.5
BATAINDIA,EQ,24-Dec-2018,"1,118.70","1,124.00","1,128.85","1,101.45","1,111.65","1,109.00","1,112.72",1159490,1290184782.1,31591.0,269105.0,23.21
BATAINDIA,EQ,21-Dec-2018,"1,106.80","1,106.00","1,139.00","1,102.20","1,111.30","1,118.70","1,118.79",1802170,2016245659.2,39625.0,524116.0,29.08
BATAINDIA,EQ,20-Dec-2018,"1,116.45","1,107.00","1,116.50","1,101.65","1,105.95","1,106.80","1,108.81",631415,700119826.35,25956.0,228508.0,36.19
BATAINDIA,EQ,19-Dec-2018,"1,098.15","1,096.00","1,127.90","1,092.00","1,117.50","1,116.45","1,118.83",1371418,1534377659.3,37927.0,147688.0,10.77
BATAINDIA,EQ,18-Dec-2018,"1,092.40","1,082.25","1,102.70","1,082.25","1,096.40","1,098.15","1,092.26",638077,696948985.8,23214.0,111152.0,17.42
BATAINDIA,EQ,17-Dec-2018,"1,091.30","1,091.15","1,104.80","1,087.00","1,091.10","1,092.40","1,094.78",643986,705024720.0,19963.0,79610.0,12.36
BATAINDIA,EQ,14-Dec-2018,"1,086.65","1,075.15","1,104.00","1,074.15","1,086.10","1,091.30","1,090.37",856295,933674220.25,31668.0,106989.0,12.49
BATAINDIA,EQ,13-Dec-2018,"1,081.00","1,086.40","1,094.80","1,076.00","1,082.00","1,086.65","1,087.38",846676,920658006.85,26865.0,132271.0,15.62
BATAINDIA,EQ,12-Dec-2018,"1,071.55","1,075.00","1,087.00","1,066.60","1,080.50","1,081.00","1,079.11",1468624,1584805732.85,40270.0,232334.0,15.82
BATAINDIA,EQ,11-Dec-2018,"1,015.80","1,007.35","1,080.00","1,000.55","1,075.00","1,071.55","1,050.73",1313190,1379807885.15,42987.0,212868.0,16.21
BATAINDIA,EQ,10-Dec-2018,"1,059.90","1,044.00","1,048.00","1,011.40","1,017.25","1,015.80","1,030.43",801135,825512033.3,28157.0,118148.0,14.75
BATAINDIA,EQ,07-Dec-2018,"1,039.75","1,042.30","1,074.00","1,040.05","1,056.00","1,059.90","1,063.04",1279061,1359693395.8,35722.0,102902.0,8.05
BATAINDIA,EQ,06-Dec-2018,"1,051.35","1,046.00","1,049.00","1,032.00","1,034.20","1,039.75","1,039.32",497411,516969521.3,24366.0,70780.0,14.23
BATAINDIA,EQ,05-Dec-2018,"1,059.30","1,045.00","1,058.90","1,041.60","1,053.00","1,051.35","1,050.05",607938,638362529.0,21639.0,94613.0,15.56
BATAINDIA,EQ,04-Dec-2018,"1,063.80","1,063.00","1,075.35","1,048.45","1,059.00","1,059.30","1,062.68",1042001,1107308636.35,34210.0,191891.0,18.42
BATAINDIA,EQ,03-Dec-2018,"1,043.30","1,046.30","1,069.50","1,046.30","1,062.00","1,063.80","1,061.73",1716616,1822587215.4,46228.0,396090.0,23.07
BATAINDIA,EQ,30-Nov-2018,"1,001.45","1,001.10","1,049.90","1,000.00","1,045.00","1,043.30","1,034.57",2093515,2165883394.05,96795.0,392156.0,18.73
BATAINDIA,EQ,29-Nov-2018,999.15,"1,002.00","1,016.00",995.00,"1,005.00","1,001.45","1,006.00",989863,995798803.85,28543.0,243491.0,24.6
BATAINDIA,EQ,28-Nov-2018,"1,004.25","1,007.00","1,026.40",991.10,993.65,999.15,"1,009.92",1228582,1240770830.3,33481.0,228329.0,18.58
BATAINDIA,EQ,27-Nov-2018,971.45,967.00,"1,007.25",967.00,"1,006.00","1,004.25",994.64,2018983,2008158969.65,42746.0,697841.0,34.56
BATAINDIA,EQ,26-Nov-2018,958.40,955.30,975.20,943.65,973.00,971.45,955.74,960630,918111433.7,26177.0,236995.0,24.67
BATAINDIA,EQ,22-Nov-2018,975.60,976.10,979.40,951.00,954.05,958.40,965.11,759416,732916809.7,23517.0,295084.0,38.86
BATAINDIA,EQ,21-Nov-2018,984.85,981.90,989.95,967.00,975.50,975.60,974.96,786086,766403427.55,21868.0,201833.0,25.68
BATAINDIA,EQ,20-Nov-2018,994.85,994.00,999.90,980.00,984.95,984.85,990.18,380682,376944919.1,17120.0,67448.0,17.72
BATAINDIA,EQ,19-Nov-2018,"1,003.95","1,010.00","1,010.00",984.60,994.50,994.85,994.23,770724,766279150.35,22428.0,289981.0,37.62
BATAINDIA,EQ,16-Nov-2018,"1,000.30","1,004.90","1,012.05",995.00,"1,003.45","1,003.95","1,003.70",410517,412033949.0,11952.0,130316.0,31.74
BATAINDIA,EQ,15-Nov-2018,998.60,999.00,"1,011.00",992.50,"1,000.35","1,000.30","1,000.82",471062,471447961.05,14335.0,74495.0,15.81
BATAINDIA,EQ,14-Nov-2018,"1,010.60","1,017.50","1,023.00",992.00,998.40,998.60,"1,003.09",686576,688697500.1,20390.0,209056.0,30.45
BATAINDIA,EQ,13-Nov-2018,"1,016.80","1,018.00","1,024.80","1,004.05","1,011.45","1,010.60","1,013.98",739958,750302118.05,19420.0,180110.0,24.34
BATAINDIA,EQ,12-Nov-2018,"1,028.25","1,028.25","1,037.00","1,009.30","1,017.00","1,016.80","1,020.96",709903,724779572.5,22137.0,136018.0,19.16
BATAINDIA,EQ,09-Nov-2018,"1,014.25","1,008.00","1,037.55","1,002.50","1,028.10","1,028.25","1,027.58",1037429,1066046289.3,33166.0,170134.0,16.4
BATAINDIA,EQ,07-Nov-2018,"1,010.95","1,019.60","1,019.60","1,010.25","1,010.25","1,014.25","1,014.97",86889,88189912.4,3057.0,28454.0,32.75
BATAINDIA,EQ,06-Nov-2018,"1,000.55","1,000.75","1,026.00","1,000.75","1,010.00","1,010.95","1,018.81",1388239,1414347660.7,31970.0,142928.0,10.3
BATAINDIA,EQ,05-Nov-2018,"1,006.65","1,005.00","1,011.35",982.65,"1,000.00","1,000.55",999.90,999517,999414482.15,23493.0,333602.0,33.38
BATAINDIA,EQ,02-Nov-2018,"1,015.40","1,019.00","1,027.65",987.35,991.00,"1,006.65","1,008.02",2118491,2135476237.7,48426.0,270494.0,12.77
BATAINDIA,EQ,01-Nov-2018,974.50,975.00,"1,018.05",962.50,"1,017.50","1,015.40",998.02,2536840,2531813481.65,45984.0,381170.0,15.03
BATAINDIA,EQ,31-Oct-2018,939.55,948.90,983.00,943.10,972.95,974.50,961.84,1286649,1237556500.7,32833.0,115829.0,9.0
BATAINDIA,EQ,30-Oct-2018,935.40,935.70,954.55,921.85,940.00,939.55,939.72,917806,862476918.4,22264.0,63698.0,6.94
BATAINDIA,EQ,29-Oct-2018,908.95,910.00,943.00,903.00,935.70,935.40,932.31,1208719,1126895085.7,25201.0,138894.0,11.49
BATAINDIA,EQ,26-Oct-2018,923.15,928.00,932.00,904.30,906.00,908.95,914.99,1054016,964412426.1,24297.0,111222.0,10.55
BATAINDIA,EQ,25-Oct-2018,880.50,863.50,931.95,863.50,928.00,923.15,906.81,2683269,2433202465.35,50847.0,495296.0,18.46
BATAINDIA,EQ,24-Oct-2018,858.35,871.00,887.90,857.55,878.90,880.50,871.32,759758,661990373.15,20540.0,89903.0,11.83
BATAINDIA,EQ,23-Oct-2018,872.75,869.00,875.00,833.10,871.00,858.35,846.06,1721717,1456670680.7,40250.0,153928.0,8.94
BATAINDIA,EQ,22-Oct-2018,894.55,899.00,901.40,858.60,876.00,872.75,872.11,850295,741550045.75,21317.0,146982.0,17.29
BATAINDIA,EQ,19-Oct-2018,911.35,911.00,916.80,884.30,891.00,894.55,897.46,606377,544196169.7,19704.0,88133.0,14.53
BATAINDIA,EQ,17-Oct-2018,941.00,949.00,954.75,905.10,915.15,911.35,929.68,761943,708364378.95,18719.0,68826.0,9.03
BATAINDIA,EQ,16-Oct-2018,929.50,944.60,944.60,932.00,942.00,941.00,938.84,609443,572166782.2,17644.0,101289.0,16.62
BATAINDIA,EQ,15-Oct-2018,921.05,926.60,935.00,911.05,933.50,929.50,923.04,714715,659710212.15,22715.0,105743.0,14.8
BATAINDIA,EQ,12-Oct-2018,901.70,910.85,943.85,910.05,925.00,921.05,929.31,1503189,1396934203.65,41335.0,204242.0,13.59
BATAINDIA,EQ,11-Oct-2018,908.70,880.00,917.40,848.95,904.35,901.70,895.37,943829,845071529.95,25368.0,92730.0,9.82
BATAINDIA,EQ,10-Oct-2018,865.85,870.05,918.75,870.00,911.75,908.70,898.22,1075566,966097259.7,37577.0,149837.0,13.93
BATAINDIA,EQ,09-Oct-2018,893.80,905.00,909.95,860.50,862.00,865.85,883.00,1609266,1420978947.6,38146.0,139579.0,8.67
BATAINDIA,EQ,08-Oct-2018,860.30,862.00,898.90,844.05,894.00,893.80,877.00,1683421,1476352275.0,39904.0,169432.0,10.06
BATAINDIA,EQ,05-Oct-2018,867.85,867.00,876.50,852.60,860.70,860.30,864.90,1210299,1046786865.05,25550.0,361510.0,29.87
BATAINDIA,EQ,04-Oct-2018,915.30,890.00,908.00,861.50,863.00,867.85,878.83,1819895,1599382035.7,80552.0,450609.0,24.76
BATAINDIA,EQ,03-Oct-2018,967.90,967.85,970.05,911.00,912.50,915.30,933.67,1547225,1444595925.05,43227.0,313752.0,20.28
BATAINDIA,EQ,01-Oct-2018,970.30,973.00,974.95,940.50,968.10,967.90,955.70,843242,805885583.45,33376.0,283376.0,33.61
BATAINDIA,EQ,28-Sep-2018,983.55,991.80,995.90,964.45,975.00,970.30,979.19,1621208,1587464420.15,35179.0,277472.0,17.12
BATAINDIA,EQ,27-Sep-2018,956.50,960.20,990.20,960.20,989.25,983.55,977.16,1835778,1793854351.65,41775.0,385779.0,21.01
BATAINDIA,EQ,26-Sep-2018,960.85,966.00,967.85,948.50,954.10,956.50,955.82,603206,576553627.0,15275.0,132898.0,22.03
BATAINDIA,EQ,25-Sep-2018,970.15,968.00,973.75,933.00,964.00,960.85,957.96,850683,814921912.9,18568.0,145708.0,17.13
BATAINDIA,EQ,24-Sep-2018,973.55,974.00,976.95,947.00,967.70,970.15,961.49,782447,752314716.95,18138.0,132077.0,16.88
BATAINDIA,EQ,21-Sep-2018,987.40,991.35,"1,002.00",930.50,971.10,973.55,975.75,1030412,1005420952.15,24901.0,109367.0,10.61
BATAINDIA,EQ,19-Sep-2018,"1,003.70","1,008.00","1,017.10",975.10,985.95,987.40,995.58,855073,851292645.3,25194.0,103569.0,12.11
BATAINDIA,EQ,18-Sep-2018,997.00,990.00,"1,015.25",986.00,"1,005.00","1,003.70","1,003.55",1056508,1060254608.55,25822.0,95179.0,9.01
BATAINDIA,EQ,17-Sep-2018,"1,040.75","1,021.75","1,032.80",988.80,995.45,997.00,"1,010.95",1210121,1223373905.15,27450.0,293385.0,24.24
BATAINDIA,EQ,14-Sep-2018,"1,037.55","1,047.00","1,063.00","1,034.55","1,037.00","1,040.75","1,048.41",1521137,1594773651.3,36639.0,290478.0,19.1
BATAINDIA,EQ,12-Sep-2018,"1,020.10","1,020.55","1,041.90","1,002.35","1,037.00","1,037.55","1,024.15",883172,904502148.95,22221.0,115837.0,13.12
BATAINDIA,EQ,11-Sep-2018,"1,037.15","1,038.00","1,043.05","1,016.55","1,020.10","1,020.10","1,029.30",491327,505720878.65,15370.0,85856.0,17.47
BATAINDIA,EQ,10-Sep-2018,"1,056.25","1,059.70","1,059.70","1,033.80","1,033.80","1,037.15","1,042.52",464671,484428477.65,13334.0,56982.0,12.26
BATAINDIA,EQ,07-Sep-2018,"1,049.35","1,049.10","1,069.90","1,039.85","1,054.40","1,056.25","1,057.16",790700,835897842.05,20392.0,93259.0,11.79
BATAINDIA,EQ,06-Sep-2018,"1,057.20","1,062.50","1,065.00","1,032.85","1,050.50","1,049.35","1,047.41",720692,754857145.3,21116.0,82347.0,11.43
BATAINDIA,EQ,05-Sep-2018,"1,032.40","1,038.90","1,062.00","1,015.50","1,059.95","1,057.20","1,039.00",923602,959622180.4,22245.0,139247.0,15.08
BATAINDIA,EQ,04-Sep-2018,"1,064.10","1,065.05","1,071.00","1,022.85","1,039.90","1,032.40","1,044.08",853123,890727062.6,20494.0,231019.0,27.08
BATAINDIA,EQ,03-Sep-2018,"1,082.40","1,078.00","1,098.50","1,058.00","1,069.05","1,064.10","1,082.47",681515,737716875.8,17880.0,83481.0,12.25
BATAINDIA,EQ,31-Aug-2018,"1,087.20","1,087.70","1,099.15","1,069.20","1,083.10","1,082.40","1,082.33",645525,698668238.65,15730.0,84500.0,13.09
BATAINDIA,EQ,30-Aug-2018,"1,096.25","1,100.00","1,103.60","1,079.30","1,088.00","1,087.20","1,087.80",745043,810457529.05,14220.0,159670.0,21.43
BATAINDIA,EQ,29-Aug-2018,"1,099.60","1,107.20","1,115.70","1,089.30","1,099.95","1,096.25","1,102.68",1288742,1421066623.0,26660.0,179331.0,13.92
BATAINDIA,EQ,28-Aug-2018,"1,064.75","1,064.00","1,108.90","1,055.95","1,108.65","1,099.60","1,082.44",1354443,1466101725.75,30187.0,209610.0,15.48
BATAINDIA,EQ,27-Aug-2018,"1,074.60","1,070.50","1,081.00","1,061.05","1,062.65","1,064.75","1,067.21",691721,738211327.9,17950.0,156882.0,22.68
BATAINDIA,EQ,24-Aug-2018,"1,076.50","1,075.20","1,088.00","1,060.65","1,080.00","1,074.60","1,074.91",1287461,1383906655.35,25637.0,284171.0,22.07
BATAINDIA,EQ,23-Aug-2018,"1,034.00","1,032.20","1,082.40","1,030.00","1,081.00","1,076.50","1,061.08",2027317,2151140849.7,44106.0,570766.0,28.15
BATAINDIA,EQ,21-Aug-2018,"1,030.10","1,030.10","1,040.75","1,024.80","1,033.40","1,034.00","1,032.47",746840,771087763.75,17450.0,218989.0,29.32
BATAINDIA,EQ,20-Aug-2018,"1,013.75","1,013.55","1,034.50","1,008.10","1,031.65","1,030.10","1,027.47",1072872,1102343467.15,27361.0,221056.0,20.6
BATAINDIA,EQ,17-Aug-2018,"1,007.05","1,009.50","1,024.90","1,006.90","1,013.00","1,013.75","1,016.52",1009857,1026542753.75,24889.0,125688.0,12.45
BATAINDIA,EQ,16-Aug-2018,"1,004.55","1,000.00","1,011.50",985.55,"1,007.00","1,007.05",999.94,1134404,1134337715.65,37701.0,183202.0,16.15
BATAINDIA,EQ,14-Aug-2018,981.85,984.00,"1,008.95",982.00,"1,005.05","1,004.55","1,001.75",2027310,2030862789.8,44086.0,562056.0,27.72
BATAINDIA,EQ,13-Aug-2018,975.80,973.40,987.00,965.35,985.25,981.85,981.18,1440391,1413283477.85,33339.0,348421.0,24.19
BATAINDIA,EQ,10-Aug-2018,954.35,955.40,978.80,944.85,975.25,975.80,971.82,2399528,2331914518.95,38765.0,872046.0,36.34
BATAINDIA,EQ,09-Aug-2018,949.70,952.10,961.00,941.25,956.50,954.35,948.82,454577,431311577.2,12472.0,70469.0,15.5
BATAINDIA,EQ,08-Aug-2018,958.90,958.55,967.40,945.65,952.00,949.70,959.09,1099483,1054504457.15,30308.0,406060.0,36.93
BATAINDIA,EQ,07-Aug-2018,934.25,937.00,963.00,932.15,961.10,958.90,951.62,1717090,1634017146.65,34089.0,406304.0,23.66
BATAINDIA,EQ,06-Aug-2018,938.25,940.00,941.50,927.55,935.05,934.25,933.67,571282,533390240.2,20814.0,179023.0,31.34
BATAINDIA,EQ,03-Aug-2018,932.80,932.80,942.45,931.00,938.00,938.25,937.71,506373,474830226.1,13063.0,119302.0,23.56
BATAINDIA,EQ,02-Aug-2018,941.15,944.00,951.50,926.75,930.00,932.80,940.14,1409464,1325095944.2,32899.0,161405.0,11.45
BATAINDIA,EQ,01-Aug-2018,908.90,910.50,945.00,907.10,944.00,941.15,930.10,1663781,1547475136.4,32295.0,330351.0,19.86
BATAINDIA,EQ,31-Jul-2018,918.25,916.25,917.95,906.30,909.00,908.90,911.09,409807,373372715.95,9897.0,58978.0,14.39
BATAINDIA,EQ,30-Jul-2018,916.30,915.00,925.00,906.00,916.45,918.25,916.73,550530,504685674.6,13869.0,71738.0,13.03
BATAINDIA,EQ,27-Jul-2018,915.40,922.00,931.50,912.60,914.00,916.30,921.79,1255469,1157276642.45,25613.0,166192.0,13.24
BATAINDIA,EQ,26-Jul-2018,892.60,892.60,919.40,891.95,917.00,915.40,912.89,1610870,1470549154.4,35430.0,209577.0,13.01
BATAINDIA,EQ,25-Jul-2018,897.70,898.00,898.95,877.50,893.80,892.60,887.95,1039242,922790862.85,30675.0,238637.0,22.96
BATAINDIA,EQ,24-Jul-2018,904.00,909.80,911.85,894.90,898.00,897.70,901.75,1523417,1373745817.6,39944.0,393760.0,25.85
BATAINDIA,EQ,23-Jul-2018,842.40,875.00,909.70,856.00,906.00,904.00,886.62,6979431,6188090506.75,139961.0,1961363.0,28.1
BATAINDIA,EQ,20-Jul-2018,828.60,834.50,845.90,829.45,840.00,842.40,837.59,1769736,1482310425.2,41818.0,597049.0,33.74
BATAINDIA,EQ,19-Jul-2018,827.70,831.00,838.00,818.35,827.30,828.60,828.31,856936,709809938.05,18350.0,311087.0,36.3
BATAINDIA,EQ,18-Jul-2018,841.50,849.80,849.80,824.05,829.00,827.70,836.80,949354,794423375.3,29271.0,185592.0,19.55
BATAINDIA,EQ,17-Jul-2018,818.70,818.90,846.00,815.30,845.05,841.50,834.15,1213290,1012062836.1,28170.0,485019.0,39.98
BATAINDIA,EQ,16-Jul-2018,819.65,822.70,831.85,813.10,818.95,818.70,821.39,788585,647735652.55,18079.0,212897.0,27.0
BATAINDIA,EQ,13-Jul-2018,835.55,840.95,841.25,815.95,821.75,819.65,824.75,760079,626872121.3,20045.0,240904.0,31.69
BATAINDIA,EQ,12-Jul-2018,834.20,835.30,847.00,832.50,834.75,835.55,839.48,832365,698752822.15,23507.0,348194.0,41.83
BATAINDIA,EQ,11-Jul-2018,842.50,845.00,849.80,829.80,834.20,834.20,839.63,835400,701424572.85,22621.0,223531.0,26.76
BATAINDIA,EQ,10-Jul-2018,838.95,842.00,853.05,835.00,841.50,842.50,845.88,1043667,882819475.25,26321.0,321224.0,30.78
BATAINDIA,EQ,09-Jul-2018,830.10,832.80,843.00,831.00,838.70,838.95,837.86,985879,826033248.75,24470.0,255312.0,25.9
BATAINDIA,EQ,06-Jul-2018,835.35,836.00,843.90,827.80,832.00,830.10,835.49,741248,619307026.3,22749.0,190551.0,25.71
BATAINDIA,EQ,05-Jul-2018,828.70,831.00,843.95,831.00,836.95,835.35,837.20,867737,726471923.7,23195.0,152267.0,17.55
BATAINDIA,EQ,04-Jul-2018,835.85,836.95,846.80,826.20,830.65,828.70,836.08,1060828,886931963.1,30236.0,256161.0,24.15
BATAINDIA,EQ,03-Jul-2018,838.05,836.60,853.60,831.95,837.00,835.85,842.10,1238170,1042659302.55,30680.0,306535.0,24.76
BATAINDIA,EQ,02-Jul-2018,859.40,862.00,864.90,835.30,836.60,838.05,847.07,1107081,937778405.3,30413.0,205930.0,18.6
BATAINDIA,EQ,29-Jun-2018,828.35,832.45,864.60,830.00,862.60,859.40,848.42,1575834,1336966661.3,40146.0,440950.0,27.98
BATAINDIA,EQ,28-Jun-2018,835.50,836.50,843.95,822.40,833.00,828.35,829.44,908940,753908342.9,22497.0,217361.0,23.91
BATAINDIA,EQ,27-Jun-2018,845.55,851.95,858.90,833.10,836.10,835.50,846.72,1847582,1564387511.45,51109.0,355083.0,19.22
BATAINDIA,EQ,26-Jun-2018,824.20,825.35,849.00,821.75,848.55,845.55,839.52,1967427,1651696688.1,47060.0,423849.0,21.54
BATAINDIA,EQ,25-Jun-2018,830.60,832.00,834.00,821.55,823.40,824.20,826.94,423075,349858043.3,12251.0,77552.0,18.33
BATAINDIA,EQ,22-Jun-2018,834.35,835.00,837.90,824.05,832.30,830.60,830.07,784642,651308265.65,27924.0,153959.0,19.62
BATAINDIA,EQ,21-Jun-2018,843.05,847.85,847.85,831.70,834.00,834.35,838.26,1345320,1127728717.3,38181.0,261615.0,19.45
BATAINDIA,EQ,20-Jun-2018,824.95,830.00,844.80,818.70,843.95,843.05,835.20,2360155,1971203154.1,49482.0,288791.0,12.24
BATAINDIA,EQ,19-Jun-2018,816.50,819.25,833.80,815.10,825.25,824.95,825.95,4125860,3407769118.8,85835.0,665024.0,16.12
BATAINDIA,EQ,18-Jun-2018,779.50,779.50,819.00,779.50,818.30,816.50,805.19,3235788,2605418839.4,62675.0,559929.0,17.3
BATAINDIA,EQ,15-Jun-2018,772.10,776.00,787.00,772.00,781.80,779.50,780.37,777832,606999178.05,16359.0,131040.0,16.85
BATAINDIA,EQ,14-Jun-2018,775.40,778.00,780.25,769.45,773.00,772.10,774.08,491354,380345058.0,13363.0,186772.0,38.01
BATAINDIA,EQ,13-Jun-2018,775.50,775.95,786.95,772.85,778.00,775.40,781.85,531299,415395322.9,18056.0,153177.0,28.83
BATAINDIA,EQ,12-Jun-2018,772.85,777.90,788.00,773.00,775.00,775.50,781.23,1036555,809792876.45,26381.0,171781.0,16.57
BATAINDIA,EQ,11-Jun-2018,769.15,771.80,776.95,767.05,772.00,772.85,772.83,431822,333725851.7,9460.0,186102.0,43.1
BATAINDIA,EQ,08-Jun-2018,763.75,763.50,772.00,752.10,767.00,769.15,762.34,593892,452747384.55,19870.0,201813.0,33.98
BATAINDIA,EQ,07-Jun-2018,750.80,756.10,769.70,756.10,763.70,763.75,764.59,467807,357682725.15,12851.0,123998.0,26.51
BATAINDIA,EQ,06-Jun-2018,747.70,748.55,754.95,742.40,754.00,750.80,747.92,495979,370951462.5,20562.0,201517.0,40.63
BATAINDIA,EQ,05-Jun-2018,751.90,748.70,758.85,739.20,751.65,747.70,749.01,692569,518744146.45,23027.0,158388.0,22.87
BATAINDIA,EQ,04-Jun-2018,765.50,767.65,776.00,748.00,749.00,751.90,762.38,505238,385182537.5,13720.0,108224.0,21.42
BATAINDIA,EQ,01-Jun-2018,779.50,783.90,793.65,755.05,763.95,765.50,776.43,801494,622307912.55,19923.0,164913.0,20.58
BATAINDIA,EQ,31-May-2018,790.20,800.00,800.00,773.50,784.35,779.50,787.35,1322550,1041310785.4,27664.0,293358.0,22.18
BATAINDIA,EQ,30-May-2018,771.10,765.15,798.00,763.10,792.60,790.20,783.94,1330351,1042919135.45,24578.0,483006.0,36.31
BATAINDIA,EQ,29-May-2018,776.80,780.65,780.65,761.85,772.20,771.10,770.65,549834,423731097.3,15212.0,148895.0,27.08
BATAINDIA,EQ,28-May-2018,762.85,765.00,786.00,764.00,777.00,776.80,776.02,869123,674457206.8,24834.0,203856.0,23.46
BATAINDIA,EQ,25-May-2018,750.35,748.55,772.00,748.55,762.45,762.85,763.96,899989,687556766.85,23197.0,251540.0,27.95
BATAINDIA,EQ,24-May-2018,759.60,765.90,766.00,744.35,751.15,750.35,751.72,668803,502755512.65,20936.0,272668.0,40.77
BATAINDIA,EQ,23-May-2018,750.00,755.10,782.20,753.70,756.35,759.60,768.04,1970687,1513562130.3,47410.0,178492.0,9.06
BATAINDIA,EQ,22-May-2018,744.05,744.00,755.00,735.30,754.90,750.00,746.94,846153,632025239.65,16459.0,146211.0,17.28
BATAINDIA,EQ,21-May-2018,752.15,759.40,761.00,740.60,746.20,744.05,748.89,460288,344703362.75,9006.0,89260.0,19.39
BATAINDIA,EQ,18-May-2018,755.95,756.20,761.00,746.05,754.85,752.15,752.13,453674,341223835.5,8584.0,146452.0,32.28
BATAINDIA,EQ,17-May-2018,759.95,760.30,768.75,752.85,754.40,755.95,757.75,396705,300603299.9,9488.0,132774.0,33.47
BATAINDIA,EQ,16-May-2018,763.80,761.00,775.00,755.70,760.50,759.95,763.76,506297,386689893.75,9599.0,155038.0,30.62
BATAINDIA,EQ,15-May-2018,779.20,778.00,802.00,747.90,762.55,763.80,777.92,1081602,841400390.55,19050.0,201870.0,18.66
BATAINDIA,EQ,14-May-2018,788.60,788.00,795.95,775.50,777.00,779.20,784.14,459584,360378486.1,12350.0,128967.0,28.06
BATAINDIA,EQ,11-May-2018,778.25,783.00,792.55,773.65,790.00,788.60,783.98,568076,445357575.35,11243.0,246454.0,43.38
BATAINDIA,EQ,10-May-2018,790.95,795.60,797.00,776.00,776.00,778.25,782.61,357763,279988285.25,15527.0,123347.0,34.48
BATAINDIA,EQ,09-May-2018,783.95,782.25,802.70,782.10,790.50,790.95,793.87,767944,609645877.6,19206.0,184562.0,24.03
BATAINDIA,EQ,08-May-2018,787.45,786.50,794.20,782.20,784.15,783.95,787.06,315181,248067799.15,11473.0,112206.0,35.6
BATAINDIA,EQ,07-May-2018,777.70,776.95,794.25,776.95,785.25,787.45,787.02,541695,426323864.6,16556.0,162088.0,29.92
BATAINDIA,EQ,04-May-2018,770.75,768.15,789.05,767.25,776.55,777.70,781.69,600210,469180779.85,16832.0,170060.0,28.33
BATAINDIA,EQ,03-May-2018,777.90,780.30,781.85,763.00,770.35,770.75,770.17,455832,351066699.95,11282.0,125903.0,27.62
BATAINDIA,EQ,02-May-2018,802.60,802.00,807.00,768.00,782.00,777.90,790.32,609612,481790649.4,12706.0,120481.0,19.76
BATAINDIA,EQ,30-Apr-2018,793.15,810.00,816.70,798.70,799.50,802.60,807.56,1405436,1134976258.2,28419.0,200439.0,14.26
BATAINDIA,EQ,27-Apr-2018,780.95,785.00,797.65,780.15,790.65,793.15,791.58,724719,573671979.95,13912.0,123357.0,17.02
BATAINDIA,EQ,26-Apr-2018,781.50,781.00,788.50,772.75,780.10,780.95,781.63,454128,354961407.4,13056.0,95780.0,21.09
BATAINDIA,EQ,25-Apr-2018,784.10,783.00,792.20,774.55,781.05,781.50,783.46,545347,427259168.25,18518.0,100918.0,18.51
BATAINDIA,EQ,24-Apr-2018,785.95,785.00,804.55,781.50,784.85,784.10,792.62,868702,688547570.05,21715.0,140117.0,16.13
BATAINDIA,EQ,23-Apr-2018,801.90,802.00,802.00,782.20,784.45,785.95,792.67,874732,693372086.2,28067.0,264278.0,30.21
BATAINDIA,EQ,20-Apr-2018,768.25,769.90,807.40,763.30,799.00,801.90,791.94,1209490,957848944.85,25204.0,347367.0,28.72
BATAINDIA,EQ,19-Apr-2018,775.60,777.90,777.90,766.00,768.00,768.25,770.02,277107,213376628.55,7745.0,66023.0,23.83
BATAINDIA,EQ,18-Apr-2018,780.50,783.75,783.75,770.40,778.00,775.60,774.85,505963,392043705.05,15869.0,232436.0,45.94
BATAINDIA,EQ,17-Apr-2018,782.95,789.95,790.90,779.00,782.90,780.50,784.61,546271,428611324.95,13516.0,101532.0,18.59
BATAINDIA,EQ,16-Apr-2018,770.60,768.00,786.15,763.70,783.00,782.95,780.52,750034,585414881.3,15960.0,103301.0,13.77
BATAINDIA,EQ,13-Apr-2018,771.55,775.00,778.70,767.10,770.20,770.60,772.45,527448,407428477.05,13276.0,146379.0,27.75
BATAINDIA,EQ,12-Apr-2018,792.40,794.90,800.85,768.45,770.95,771.55,783.59,1605375,1257957610.2,34240.0,434054.0,27.04
BATAINDIA,EQ,11-Apr-2018,770.85,772.00,794.35,764.60,793.95,792.40,783.30,874461,684961750.2,22185.0,214914.0,24.58
BATAINDIA,EQ,10-Apr-2018,774.90,772.25,781.50,761.00,770.45,770.85,770.28,425721,327923478.8,12382.0,105316.0,24.74
BATAINDIA,EQ,09-Apr-2018,772.65,776.70,782.70,771.50,774.50,774.90,776.97,436546,339185051.45,14217.0,118583.0,27.16
BATAINDIA,EQ,06-Apr-2018,767.35,768.00,775.00,763.85,773.90,772.65,770.36,568346,437828607.5,12371.0,79977.0,14.07
BATAINDIA,EQ,05-Apr-2018,744.55,748.00,770.00,748.00,765.75,767.35,762.77,904857,690201247.65,19204.0,184319.0,20.37
BATAINDIA,EQ,04-Apr-2018,749.30,752.00,773.40,740.00,744.80,744.55,761.24,1519480,1156682300.5,30524.0,194262.0,12.78
BATAINDIA,EQ,03-Apr-2018,753.65,751.90,754.90,739.55,750.90,749.30,745.82,356265,265708191.9,8646.0,58857.0,16.52
BATAINDIA,EQ,02-Apr-2018,729.95,735.40,755.00,731.35,754.40,753.65,746.44,714684,533471492.3,13152.0,78696.0,11.01
BATAINDIA,EQ,28-Mar-2018,738.80,738.00,754.80,727.00,727.50,729.95,739.51,1330523,983935336.0,33118.0,315802.0,23.74
BATAINDIA,EQ,27-Mar-2018,742.85,748.30,753.50,734.80,744.85,738.80,744.09,637860,474627673.95,17276.0,121171.0,19.0
BATAINDIA,EQ,26-Mar-2018,709.05,710.15,747.55,710.15,745.10,742.85,733.37,1285428,942696912.45,24834.0,215617.0,16.77
BATAINDIA,EQ,23-Mar-2018,705.20,695.20,713.80,688.80,711.05,709.05,700.00,392981,275086201.85,12230.0,113220.0,28.81
BATAINDIA,EQ,22-Mar-2018,706.80,708.55,717.60,703.00,706.90,705.20,711.45,580140,412742652.35,18889.0,152300.0,26.25
BATAINDIA,EQ,21-Mar-2018,693.00,695.50,709.60,695.50,709.00,706.80,705.47,526853,371677600.2,13917.0,109347.0,20.75
BATAINDIA,EQ,20-Mar-2018,676.90,678.00,698.00,673.90,694.30,693.00,686.76,470099,322843290.75,16733.0,147539.0,31.38
BATAINDIA,EQ,19-Mar-2018,699.60,699.90,704.50,674.00,678.75,676.90,685.53,533543,365762062.2,17309.0,159110.0,29.82
BATAINDIA,EQ,16-Mar-2018,710.95,711.00,715.00,697.00,701.15,699.60,706.40,470154,332118208.55,10306.0,194113.0,41.29
BATAINDIA,EQ,15-Mar-2018,707.35,711.00,716.35,702.00,711.10,710.95,708.69,506172,358718467.65,16949.0,136597.0,26.99
BATAINDIA,EQ,14-Mar-2018,715.35,712.95,713.90,704.20,706.65,707.35,708.17,340949,241450204.35,9033.0,111677.0,32.75
BATAINDIA,EQ,13-Mar-2018,710.90,701.30,717.45,701.30,713.60,715.35,712.06,566988,403727223.3,20575.0,156153.0,27.54
BATAINDIA,EQ,12-Mar-2018,707.75,705.10,722.00,705.10,710.95,710.90,713.67,472461,337182215.3,22791.0,146285.0,30.96
BATAINDIA,EQ,09-Mar-2018,715.25,725.00,725.00,704.00,704.10,707.75,713.66,577608,412216994.35,31884.0,249626.0,43.22
BATAINDIA,EQ,08-Mar-2018,706.85,707.80,718.90,696.55,717.00,715.25,707.40,330219,233597468.1,9774.0,92681.0,28.07
BATAINDIA,EQ,07-Mar-2018,714.90,713.00,718.75,705.05,705.25,706.85,712.33,421945,300564007.5,14179.0,132173.0,31.32
BATAINDIA,EQ,06-Mar-2018,716.20,720.00,724.50,711.00,714.50,714.90,718.65,425438,305741933.7,16272.0,184582.0,43.39
BATAINDIA,EQ,05-Mar-2018,723.30,722.00,726.25,714.00,717.00,716.20,719.63,255364,183767778.3,9085.0,88416.0,34.62
BATAINDIA,EQ,01-Mar-2018,729.95,729.95,736.85,721.10,724.70,723.30,728.93,400430,291886296.15,17168.0,55779.0,13.93
BATAINDIA,EQ,28-Feb-2018,722.65,715.00,735.20,713.70,731.70,729.95,727.28,514165,373941475.05,9722.0,94979.0,18.47
BATAINDIA,EQ,27-Feb-2018,726.25,731.00,740.70,719.00,722.00,722.65,731.49,837674,612749110.7,17673.0,206080.0,24.6
BATAINDIA,EQ,26-Feb-2018,718.20,724.00,732.50,719.00,727.50,726.25,726.84,418003,303819646.15,11202.0,114289.0,27.34
BATAINDIA,EQ,23-Feb-2018,698.60,700.35,721.80,700.35,719.00,718.20,711.34,267871,190548181.15,6427.0,66547.0,24.84
BATAINDIA,EQ,22-Feb-2018,704.65,703.80,709.00,696.10,699.00,698.60,702.83,308141,216570743.55,8786.0,77801.0,25.25
BATAINDIA,EQ,21-Feb-2018,711.55,712.40,723.40,701.95,703.45,704.65,706.61,321261,227006822.9,10271.0,36221.0,11.27
BATAINDIA,EQ,20-Feb-2018,710.00,714.65,718.70,710.15,711.60,711.55,714.62,337194,240964216.05,8597.0,43187.0,12.81
BATAINDIA,EQ,19-Feb-2018,700.25,701.20,715.00,695.85,714.65,710.00,704.32,505135,355776596.9,13135.0,91385.0,18.09
BATAINDIA,EQ,16-Feb-2018,719.90,720.00,728.60,693.75,700.25,700.25,714.30,614759,439124788.95,13759.0,100670.0,16.38
BATAINDIA,EQ,15-Feb-2018,717.95,718.25,729.90,714.20,720.00,719.90,724.71,565594,409890421.55,14074.0,140525.0,24.85
BATAINDIA,EQ,14-Feb-2018,714.50,715.00,725.00,713.75,719.00,717.95,720.48,623843,449466504.95,14183.0,308948.0,49.52
BATAINDIA,EQ,12-Feb-2018,714.90,734.60,734.60,711.75,713.40,714.50,719.53,755572,543660253.2,15989.0,124755.0,16.51
BATAINDIA,EQ,09-Feb-2018,710.55,698.00,719.00,693.00,715.10,714.90,710.67,567632,403398401.25,9460.0,100791.0,17.76
BATAINDIA,EQ,08-Feb-2018,697.05,700.05,719.45,698.30,710.30,710.55,710.20,788118,559720219.7,19600.0,170893.0,21.68
BATAINDIA,EQ,07-Feb-2018,681.75,684.00,703.00,682.00,695.65,697.05,691.04,264729,182937374.65,5971.0,47097.0,17.79
BATAINDIA,EQ,06-Feb-2018,693.80,660.00,686.60,653.10,681.30,681.75,674.81,574987,388008928.05,13383.0,111145.0,19.33
BATAINDIA,EQ,05-Feb-2018,689.70,680.00,695.50,661.20,693.00,693.80,680.14,435547,296232702.55,10587.0,67612.0,15.52
BATAINDIA,EQ,02-Feb-2018,710.30,706.95,707.55,684.40,689.45,689.70,693.82,911876,632681917.45,15945.0,270176.0,29.63
BATAINDIA,EQ,01-Feb-2018,705.95,706.95,717.95,694.65,711.00,710.30,708.01,666174,471660180.95,12655.0,99533.0,14.94
BATAINDIA,EQ,31-Jan-2018,712.55,710.10,717.20,700.10,705.00,705.95,708.67,291368,206483553.1,6763.0,71623.0,24.58
BATAINDIA,EQ,30-Jan-2018,713.70,713.50,720.80,705.10,711.00,712.55,714.29,376525,268947773.05,8575.0,99272.0,26.37
BATAINDIA,EQ,29-Jan-2018,706.30,713.00,716.90,701.50,714.05,713.70,711.86,902560,642496779.45,14465.0,582391.0,64.53
BATAINDIA,EQ,25-Jan-2018,725.60,724.05,725.95,702.60,709.00,706.30,711.03,488699,347480473.5,10936.0,203647.0,41.67
BATAINDIA,EQ,24-Jan-2018,733.10,731.00,732.65,720.00,724.00,725.60,725.02,181517,131604198.4,4652.0,36879.0,20.32
BATAINDIA,EQ,23-Jan-2018,730.35,730.55,738.00,721.50,731.00,733.10,731.31,539573,394597009.25,8711.0,259910.0,48.17
BATAINDIA,EQ,22-Jan-2018,716.25,717.00,732.00,714.95,730.00,730.35,725.53,358099,259811416.85,11149.0,107454.0,30.01
BATAINDIA,EQ,19-Jan-2018,720.80,719.30,723.15,709.00,715.60,716.25,714.82,553594,395719206.05,11790.0,281866.0,50.92
BATAINDIA,EQ,18-Jan-2018,730.70,725.10,736.95,715.00,717.75,720.80,727.00,376905,274008534.7,10324.0,114462.0,30.37
BATAINDIA,EQ,17-Jan-2018,727.60,727.00,739.40,708.60,723.00,730.70,728.99,574960,419140774.65,12321.0,251988.0,43.83
BATAINDIA,EQ,16-Jan-2018,746.15,746.80,747.10,725.15,730.00,727.60,734.53,436470,320600890.6,12309.0,188942.0,43.29
BATAINDIA,EQ,15-Jan-2018,746.10,752.90,755.00,742.25,743.10,746.15,749.13,427519,320265784.55,10193.0,226052.0,52.88
BATAINDIA,EQ,12-Jan-2018,749.70,753.55,754.50,731.35,744.00,746.10,744.91,521444,388426561.6,13301.0,236875.0,45.43
BATAINDIA,EQ,11-Jan-2018,753.95,748.10,754.50,746.45,749.90,749.70,750.77,727725,546356365.05,31145.0,438334.0,60.23
BATAINDIA,EQ,10-Jan-2018,746.90,747.00,760.85,740.55,752.05,753.95,751.92,979124,736220714.05,19450.0,276010.0,28.19
BATAINDIA,EQ,09-Jan-2018,761.55,762.55,765.40,745.00,748.00,746.90,753.42,584194,440141372.35,18464.0,335560.0,57.44
BATAINDIA,EQ,08-Jan-2018,764.80,764.00,768.00,758.50,761.50,761.55,762.07,461682,351832754.35,17072.0,155284.0,33.63
BATAINDIA,EQ,05-Jan-2018,767.35,770.00,771.75,760.70,763.50,764.80,767.20,418312,320926924.0,15750.0,127000.0,30.36
BATAINDIA,EQ,04-Jan-2018,772.40,779.95,779.95,764.25,768.20,767.35,771.22,939051,724217141.55,33757.0,287893.0,30.66
BATAINDIA,EQ,03-Jan-2018,753.90,756.80,774.00,752.65,774.00,772.40,767.72,1333787,1023979590.8,24273.0,448538.0,33.63
BATAINDIA,EQ,02-Jan-2018,755.30,757.00,761.90,742.45,752.00,753.90,754.67,499567,377006829.0,9168.0,170340.0,34.1
BATAINDIA,EQ,01-Jan-2018,747.30,751.95,758.40,745.05,756.50,755.30,755.14,556099,419932202.05,6534.0,319515.0,57.46
BATAINDIA,EQ,27-Dec-2019,"1,716.05","1,715.55","1,725.00","1,698.40","1,717.00","1,714.20","1,711.84",305971,523774266.4,12318.0,89937.0,29.39
BATAINDIA,EQ,26-Dec-2019,"1,710.30","1,708.00","1,722.00","1,699.35","1,718.00","1,716.05","1,714.01",352368,603961517.9,10528.0,66064.0,18.75
BATAINDIA,EQ,24-Dec-2019,"1,708.25","1,716.10","1,725.80","1,705.00","1,706.00","1,710.30","1,715.76",471469,808929030.4,16685.0,61337.0,13.01
BATAINDIA,EQ,23-Dec-2019,"1,692.90","1,697.00","1,724.50","1,695.05","1,711.95","1,708.25","1,712.14",473220,810219697.3,21250.0,86818.0,18.35
BATAINDIA,EQ,20-Dec-2019,"1,667.35","1,668.80","1,698.35","1,668.80","1,694.80","1,692.90","1,687.21",531446,896662415.0,17587.0,75245.0,14.16
BATAINDIA,EQ,19-Dec-2019,"1,662.95","1,663.50","1,681.00","1,661.50","1,665.10","1,667.35","1,672.78",424639,710327882.5,14979.0,104760.0,24.67
BATAINDIA,EQ,18-Dec-2019,"1,683.20","1,685.60","1,687.90","1,653.90","1,663.00","1,662.95","1,666.50",366968,611551544.7,15743.0,73003.0,19.89
BATAINDIA,EQ,17-Dec-2019,"1,697.65","1,696.00","1,697.50","1,676.55","1,685.40","1,683.20","1,684.57",403605,679902418.2,28678.0,97228.0,24.09
BATAINDIA,EQ,16-Dec-2019,"1,722.40","1,724.00","1,731.65","1,690.00","1,690.55","1,697.65","1,710.57",331935,567797338.3,17498.0,76543.0,23.06
BATAINDIA,EQ,13-Dec-2019,"1,711.30","1,710.00","1,737.75","1,710.00","1,725.05","1,722.40","1,727.11",589213,1017638345.55,27949.0,138482.0,23.50
BATAINDIA,EQ,12-Dec-2019,"1,714.25","1,717.85","1,724.80","1,701.00","1,709.85","1,711.30","1,711.62",375006,641866972.55,21027.0,71165.0,18.98
BATAINDIA,EQ,11-Dec-2019,"1,699.50","1,700.00","1,730.00","1,699.00","1,717.00","1,714.25","1,719.61",841514,1447077552.2,40931.0,134516.0,15.98
BATAINDIA,EQ,10-Dec-2019,"1,688.05","1,687.00","1,710.00","1,676.05","1,699.55","1,699.50","1,699.33",472252,802512490.65,15906.0,74272.0,15.73
BATAINDIA,EQ,09-Dec-2019,"1,703.35","1,703.00","1,713.70","1,681.10","1,684.00","1,688.05","1,699.06",356524,605754555.2,16148.0,76079.0,21.34
BATAINDIA,EQ,06-Dec-2019,"1,707.35","1,709.00","1,723.50","1,690.60","1,702.85","1,703.35","1,711.80",541881,927593982.0,24396.0,112140.0,20.69
BATAINDIA,EQ,05-Dec-2019,"1,676.55","1,674.05","1,719.30","1,674.05","1,706.40","1,707.35","1,701.64",954700,1624557536.05,38808.0,159236.0,16.68
BATAINDIA,EQ,04-Dec-2019,"1,678.35","1,678.35","1,696.30","1,666.10","1,674.05","1,676.55","1,680.46",828546,1392336762.6,34032.0,146431.0,17.67
BATAINDIA,EQ,03-Dec-2019,"1,626.85","1,624.00","1,684.90","1,624.00","1,684.90","1,678.35","1,665.96",1472521,2453158760.9,73626.0,325574.0,22.11
BATAINDIA,EQ,02-Dec-2019,"1,629.05","1,625.10","1,637.40","1,616.00","1,626.95","1,626.85","1,626.80",213501,347324437.15,12869.0,55680.0,26.08
BATAINDIA,EQ,29-Nov-2019,"1,634.10","1,638.00","1,645.15","1,622.05","1,628.40","1,629.05","1,632.54",310263,506516525.8,13894.0,66649.0,21.48
BATAINDIA,EQ,28-Nov-2019,"1,620.90","1,616.25","1,638.00","1,612.85","1,636.00","1,634.10","1,627.75",473768,771175767.15,20537.0,136320.0,28.77
BATAINDIA,EQ,27-Nov-2019,"1,623.85","1,624.00","1,633.65","1,600.00","1,618.00","1,620.90","1,616.10",687636,1111289354.45,33358.0,331957.0,48.28
BATAINDIA,EQ,26-Nov-2019,"1,641.20","1,647.00","1,650.05","1,620.15","1,623.85","1,623.85","1,636.17",465585,761778231.7,19165.0,138772.0,29.81
BATAINDIA,EQ,25-Nov-2019,"1,642.70","1,645.00","1,651.95","1,626.80","1,645.75","1,641.20","1,635.98",519307,849577021.65,27394.0,183512.0,35.34
BATAINDIA,EQ,22-Nov-2019,"1,638.55","1,636.00","1,649.90","1,617.00","1,645.00","1,642.70","1,631.00",668209,1089849782.15,27123.0,114246.0,17.10
BATAINDIA,EQ,21-Nov-2019,"1,683.95","1,685.00","1,691.45","1,632.45","1,638.00","1,638.55","1,653.74",753920,1246788735.35,42148.0,214988.0,28.52
BATAINDIA,EQ,20-Nov-2019,"1,686.00","1,687.10","1,701.20","1,677.20","1,684.00","1,683.95","1,687.17",399565,674135869.8,17918.0,90040.0,22.53
BATAINDIA,EQ,19-Nov-2019,"1,701.75","1,701.00","1,708.00","1,680.65","1,685.60","1,686.00","1,691.28",426584,721474114.2,18456.0,113768.0,26.67
BATAINDIA,EQ,18-Nov-2019,"1,731.40","1,732.00","1,738.90","1,698.60","1,706.10","1,701.75","1,717.56",493578,847751697.35,22820.0,120492.0,24.41
BATAINDIA,EQ,15-Nov-2019,"1,711.15","1,713.00","1,743.85","1,708.00","1,734.00","1,731.40","1,729.78",612436,1059379051.35,24851.0,87102.0,14.22
BATAINDIA,EQ,14-Nov-2019,"1,684.75","1,691.00","1,775.25","1,686.40","1,712.00","1,711.15","1,723.83",2767571,4770832948.95,80409.0,318280.0,11.50
BATAINDIA,EQ,13-Nov-2019,"1,703.75","1,705.10","1,706.00","1,676.65","1,681.00","1,684.75","1,687.16",942272,1589766600.55,40283.0,389683.0,41.36
BATAINDIA,EQ,11-Nov-2019,"1,697.75","1,693.10","1,723.95","1,683.50","1,706.05","1,703.75","1,707.96",413019,705420167.55,20113.0,114100.0,27.63
BATAINDIA,EQ,08-Nov-2019,"1,725.75","1,724.00","1,741.00","1,688.65","1,698.15","1,697.75","1,720.99",456488,785609145.85,19408.0,96285.0,21.09
BATAINDIA,EQ,07-Nov-2019,"1,710.05","1,705.00","1,729.90","1,695.30","1,729.80","1,725.75","1,712.16",321619,550664393.05,13229.0,78725.0,24.48
BATAINDIA,EQ,06-Nov-2019,"1,704.70","1,708.00","1,727.65","1,688.05","1,708.10","1,710.05","1,707.64",628817,1073794147.5,25216.0,185839.0,29.55
BATAINDIA,EQ,05-Nov-2019,"1,731.15","1,730.55","1,741.90","1,700.60","1,708.00","1,704.70","1,718.59",937911,1611881889.35,24368.0,525820.0,56.06
BATAINDIA,EQ,04-Nov-2019,"1,741.25","1,758.00","1,759.00","1,715.20","1,730.95","1,731.15","1,732.82",574339,995227167.35,20794.0,88979.0,15.49
BATAINDIA,EQ,01-Nov-2019,"1,806.90","1,802.00","1,810.15","1,732.90","1,741.00","1,741.25","1,762.62",841640,1483491461.65,33868.0,231104.0,27.46
BATAINDIA,EQ,31-Oct-2019,"1,780.20","1,785.30","1,814.00","1,779.35","1,805.30","1,806.90","1,800.76",1065878,1919393967.9,33857.0,218459.0,20.50
BATAINDIA,EQ,30-Oct-2019,"1,781.65","1,789.00","1,789.00","1,764.05","1,778.00","1,780.20","1,776.05",353785,628340102.8,24922.0,97978.0,27.69
BATAINDIA,EQ,29-Oct-2019,"1,767.35","1,778.00","1,791.55","1,755.00","1,778.25","1,781.65","1,775.82",389498,691678709.8,19344.0,87056.0,22.35
BATAINDIA,EQ,27-Oct-2019,"1,763.50","1,770.00","1,779.90","1,750.00","1,766.00","1,767.35","1,765.88",66643,117683455.2,3428.0,22552.0,33.84
BATAINDIA,EQ,25-Oct-2019,"1,789.70","1,777.30","1,797.00","1,754.55","1,762.45","1,763.50","1,777.99",594439,1056908018.9,24393.0,214772.0,36.13
BATAINDIA,EQ,24-Oct-2019,"1,772.95","1,786.10","1,792.40","1,771.10","1,787.00","1,789.70","1,781.63",280794,500270564.05,11446.0,59060.0,21.03
BATAINDIA,EQ,23-Oct-2019,"1,767.85","1,766.80","1,787.95","1,762.00","1,776.00","1,772.95","1,777.17",355155,631170620.75,13087.0,60387.0,17.00
BATAINDIA,EQ,22-Oct-2019,"1,769.10","1,773.75","1,804.95","1,742.15","1,767.50","1,767.85","1,778.56",767897,1365751924.65,25969.0,212671.0,27.70
BATAINDIA,EQ,18-Oct-2019,"1,746.85","1,740.00","1,780.00","1,736.15","1,764.15","1,769.10","1,763.40",898576,1584546081.35,35624.0,208794.0,23.24
BATAINDIA,EQ,17-Oct-2019,"1,700.50","1,700.00","1,750.80","1,688.05","1,744.00","1,746.85","1,728.26",752572,1300642865.15,35922.0,265679.0,35.30
BATAINDIA,EQ,16-Oct-2019,"1,717.10","1,717.60","1,720.95","1,694.00","1,700.30","1,700.50","1,702.57",463115,788484681.35,26343.0,191094.0,41.26
BATAINDIA,EQ,15-Oct-2019,"1,730.85","1,730.00","1,735.00","1,708.10","1,717.10","1,717.10","1,718.92",409419,703757023.95,32378.0,142111.0,34.71
BATAINDIA,EQ,14-Oct-2019,"1,709.45","1,713.55","1,737.80","1,709.45","1,730.00","1,730.85","1,724.30",313885,541232632.6,12329.0,102660.0,32.71
BATAINDIA,EQ,11-Oct-2019,"1,701.65","1,712.30","1,727.65","1,700.00","1,709.45","1,709.45","1,713.26",568615,974182775.6,21804.0,133350.0,23.45
BATAINDIA,EQ,10-Oct-2019,"1,723.50","1,717.00","1,748.00","1,691.00","1,700.00","1,701.65","1,718.03",895098,1537808254.15,31688.0,215615.0,24.09
BATAINDIA,EQ,09-Oct-2019,"1,681.75","1,680.00","1,735.00","1,660.50","1,719.70","1,723.50","1,699.61",816170,1387174677.7,37900.0,238646.0,29.24
BATAINDIA,EQ,07-Oct-2019,"1,673.00","1,674.00","1,699.40","1,652.55","1,694.15","1,681.75","1,680.14",633304,1064039395.7,30151.0,198814.0,31.39
BATAINDIA,EQ,04-Oct-2019,"1,688.00","1,699.85","1,700.00","1,668.00","1,675.00","1,673.00","1,683.50",426642,718251430.15,25293.0,68175.0,15.98
BATAINDIA,EQ,03-Oct-2019,"1,736.95","1,719.55","1,738.55","1,676.00","1,686.20","1,688.00","1,703.03",538283,916712560.5,26452.0,79162.0,14.71
BATAINDIA,EQ,01-Oct-2019,"1,722.20","1,724.85","1,754.00","1,723.00","1,736.00","1,736.95","1,740.03",665366,1157755687.75,28018.0,155231.0,23.33
BATAINDIA,EQ,30-Sep-2019,"1,754.10","1,767.00","1,769.95","1,713.10","1,721.00","1,722.20","1,730.11",663077,1147194450.3,27793.0,158861.0,23.96
BATAINDIA,EQ,27-Sep-2019,"1,720.50","1,720.60","1,760.95","1,701.00","1,753.85","1,754.10","1,735.91",687166,1192858608.8,32712.0,195423.0,28.44
BATAINDIA,EQ,26-Sep-2019,"1,706.00","1,713.00","1,727.25","1,688.00","1,720.60","1,720.50","1,706.57",663147,1131707421.9,57774.0,280716.0,42.33
BATAINDIA,EQ,25-Sep-2019,"1,721.05","1,705.00","1,720.50","1,701.10","1,714.00","1,706.00","1,709.13",482046,823881277.4,27733.0,168418.0,34.94
BATAINDIA,EQ,24-Sep-2019,"1,732.00","1,742.80","1,754.90","1,701.00","1,729.00","1,721.05","1,720.60",767040,1319769062.25,48495.0,250856.0,32.70
BATAINDIA,EQ,23-Sep-2019,"1,628.65","1,643.00","1,782.00","1,636.30","1,769.80","1,732.00","1,691.88",1003259,1697398217.4,42231.0,218917.0,21.82
BATAINDIA,EQ,20-Sep-2019,"1,530.45","1,529.10","1,649.95","1,510.00","1,633.45","1,628.65","1,590.54",1146060,1822858482.3,40454.0,260531.0,22.73
BATAINDIA,EQ,19-Sep-2019,"1,545.50","1,536.00","1,546.00","1,525.00","1,529.05","1,530.45","1,534.95",381871,586154143.5,19977.0,111969.0,29.32
BATAINDIA,EQ,18-Sep-2019,"1,560.50","1,561.10","1,568.65","1,530.00","1,543.00","1,545.50","1,545.86",497619,769248825.45,36874.0,98551.0,19.80
BATAINDIA,EQ,17-Sep-2019,"1,570.05","1,569.90","1,577.00","1,556.00","1,561.00","1,560.50","1,570.82",356446,559911212.8,13742.0,161222.0,45.23
BATAINDIA,EQ,16-Sep-2019,"1,565.95","1,551.05","1,576.95","1,551.05","1,569.95","1,570.05","1,569.48",359837,564755804.7,23664.0,123247.0,34.25
BATAINDIA,EQ,13-Sep-2019,"1,551.95","1,558.00","1,570.00","1,548.70","1,570.00","1,565.95","1,559.16",355591,554424011.4,11040.0,31762.0,8.93
BATAINDIA,EQ,12-Sep-2019,"1,572.20","1,575.00","1,579.90","1,543.75","1,550.00","1,551.95","1,564.52",448013,700926074.85,17877.0,99671.0,22.25
BATAINDIA,EQ,11-Sep-2019,"1,559.85","1,558.00","1,574.50","1,555.10","1,571.80","1,572.20","1,568.77",523795,821713961.5,29850.0,180432.0,34.45
BATAINDIA,EQ,09-Sep-2019,"1,541.35","1,544.55","1,564.10","1,539.00","1,559.85","1,559.85","1,555.96",733342,1141049809.15,31397.0,131190.0,17.89
BATAINDIA,EQ,06-Sep-2019,"1,521.95","1,528.10","1,544.55","1,511.05","1,544.55","1,541.35","1,533.77",356817,547274291.8,12959.0,62573.0,17.54
BATAINDIA,EQ,05-Sep-2019,"1,541.00","1,538.20","1,544.35","1,516.05","1,521.80","1,521.95","1,523.96",420691,641116388.25,21231.0,80105.0,19.04
BATAINDIA,EQ,04-Sep-2019,"1,538.75","1,538.75","1,547.85","1,525.85","1,536.60","1,541.00","1,537.69",496458,763399722.85,19382.0,90439.0,18.22
BATAINDIA,EQ,03-Sep-2019,"1,541.85","1,537.95","1,554.80","1,525.55","1,536.00","1,538.75","1,545.22",950405,1468588615.55,27328.0,267519.0,28.15
BATAINDIA,EQ,30-Aug-2019,"1,506.50","1,510.30","1,550.00","1,505.00","1,541.05","1,541.85","1,531.74",966206,1479981039.7,41087.0,292235.0,30.25
BATAINDIA,EQ,29-Aug-2019,"1,507.70","1,507.00","1,515.00","1,491.45","1,513.05","1,506.50","1,501.29",446936,670980782.05,14516.0,75283.0,16.84
BATAINDIA,EQ,28-Aug-2019,"1,509.10","1,513.95","1,521.70","1,501.50","1,504.95","1,507.70","1,511.49",761192,1150530946.75,18229.0,106650.0,14.01
BATAINDIA,EQ,27-Aug-2019,"1,476.25","1,482.25","1,515.20","1,475.30","1,512.00","1,509.10","1,499.33",970268,1454751876.65,33121.0,221558.0,22.83
BATAINDIA,EQ,26-Aug-2019,"1,481.60","1,492.05","1,495.50","1,470.10","1,476.00","1,476.25","1,480.51",559462,828287502.25,17605.0,107568.0,19.23
BATAINDIA,EQ,23-Aug-2019,"1,457.15","1,456.20","1,486.00","1,435.60","1,482.00","1,481.60","1,468.12",640851,940846295.7,34792.0,150514.0,23.49
BATAINDIA,EQ,22-Aug-2019,"1,475.90","1,471.50","1,475.85","1,448.00","1,455.75","1,457.15","1,463.62",443401,648970230.4,19045.0,107770.0,24.31
BATAINDIA,EQ,21-Aug-2019,"1,471.70","1,470.10","1,488.90","1,468.00","1,474.45","1,475.90","1,480.63",611803,905852879.85,24647.0,146045.0,23.87
BATAINDIA,EQ,20-Aug-2019,"1,473.55","1,474.15","1,484.40","1,465.35","1,470.40","1,471.70","1,475.22",482308,711512811.15,15600.0,56620.0,11.74
BATAINDIA,EQ,19-Aug-2019,"1,473.55","1,484.80","1,493.85","1,465.60","1,474.15","1,473.55","1,476.81",770520,1137909203.45,21833.0,167733.0,21.77
BATAINDIA,EQ,16-Aug-2019,"1,450.80","1,458.00","1,479.40","1,450.25","1,475.00","1,473.55","1,469.71",1068862,1570916679.85,39791.0,192897.0,18.05
BATAINDIA,EQ,14-Aug-2019,"1,432.80","1,434.10","1,462.00","1,429.00","1,451.15","1,450.80","1,450.12",821325,1191015835.6,27279.0,163603.0,19.92
BATAINDIA,EQ,13-Aug-2019,"1,426.35","1,430.00","1,458.00","1,420.15","1,431.15","1,432.80","1,443.93",958382,1383839567.1,36847.0,202660.0,21.15
BATAINDIA,EQ,09-Aug-2019,"1,427.50","1,431.00","1,439.10","1,407.20","1,426.00","1,426.35","1,420.14",600539,852847419.8,19185.0,67226.0,11.19
BATAINDIA,EQ,08-Aug-2019,"1,400.20","1,407.00","1,434.95","1,396.70","1,433.00","1,427.50","1,413.90",519327,734274268.25,20473.0,49634.0,9.56
BATAINDIA,EQ,07-Aug-2019,"1,405.15","1,409.40","1,444.00","1,387.95","1,407.00","1,400.20","1,420.29",1435997,2039525105.35,44832.0,112967.0,7.87
BATAINDIA,EQ,06-Aug-2019,"1,367.70","1,362.70","1,414.00","1,358.05","1,407.50","1,405.15","1,392.19",1742722,2426193079.15,57080.0,333731.0,19.15
BATAINDIA,EQ,05-Aug-2019,"1,310.25","1,310.00","1,381.45","1,284.45","1,368.05","1,367.70","1,342.58",3036993,4077404243.5,99413.0,275551.0,9.07
BATAINDIA,EQ,02-Aug-2019,"1,301.80","1,304.00","1,321.15","1,282.50","1,306.95","1,310.25","1,306.16",969338,1266109102.95,35246.0,231812.0,23.91
BATAINDIA,EQ,01-Aug-2019,"1,307.55","1,298.30","1,315.95","1,292.40","1,307.00","1,301.80","1,305.70",547149,714414341.7,21018.0,205822.0,37.62
BATAINDIA,EQ,31-Jul-2019,"1,301.90","1,296.00","1,319.00","1,263.70","1,309.00","1,307.55","1,292.98",681325,880937664.1,24671.0,106462.0,15.63
BATAINDIA,EQ,30-Jul-2019,"1,302.75","1,302.75","1,323.70","1,290.50","1,296.00","1,301.90","1,312.82",478549,628246519.85,12830.0,167337.0,34.97
BATAINDIA,EQ,29-Jul-2019,"1,316.55","1,321.95","1,326.15","1,298.25","1,303.00","1,302.75","1,311.22",402717,528051322.25,13551.0,147121.0,36.53
BATAINDIA,EQ,26-Jul-2019,"1,301.30","1,299.30","1,328.60","1,292.75","1,323.00","1,316.55","1,314.87",484288,636776724.0,15860.0,140166.0,28.94
BATAINDIA,EQ,25-Jul-2019,"1,306.50","1,314.60","1,314.60","1,292.65","1,300.75","1,301.30","1,299.26",571690,742775521.05,13107.0,140331.0,24.55
BATAINDIA,EQ,24-Jul-2019,"1,282.35","1,285.00","1,317.10","1,275.20","1,307.00","1,306.50","1,297.11",689125,893871443.1,19972.0,133404.0,19.36
BATAINDIA,EQ,23-Jul-2019,"1,280.00","1,283.10","1,289.75","1,250.40","1,283.60","1,282.35","1,271.75",1176457,1496160628.65,35636.0,452523.0,38.46
BATAINDIA,EQ,22-Jul-2019,"1,294.70","1,262.70","1,292.00","1,262.00","1,283.75","1,280.00","1,278.81",929567,1188740535.45,29686.0,392242.0,42.20
BATAINDIA,EQ,19-Jul-2019,"1,341.65","1,348.65","1,348.65","1,283.15","1,296.00","1,294.70","1,309.40",1095539,1434494273.25,39515.0,303342.0,27.69
BATAINDIA,EQ,18-Jul-2019,"1,360.95","1,359.00","1,359.00","1,332.05","1,343.90","1,341.65","1,342.56",664401,891995825.35,22575.0,149354.0,22.48
BATAINDIA,EQ,17-Jul-2019,"1,357.60","1,360.95","1,371.00","1,357.60","1,360.35","1,360.95","1,363.68",456700,622793770.1,13950.0,161619.0,35.39
BATAINDIA,EQ,16-Jul-2019,"1,340.10","1,340.00","1,362.00","1,336.05","1,360.00","1,357.60","1,352.74",498787,674728381.15,22159.0,174288.0,34.94
BATAINDIA,EQ,15-Jul-2019,"1,344.00","1,343.00","1,355.70","1,328.60","1,341.20","1,340.10","1,340.86",573418,768873007.6,20755.0,127676.0,22.27
BATAINDIA,EQ,12-Jul-2019,"1,342.15","1,349.65","1,357.15","1,330.00","1,340.25","1,344.00","1,345.23",853554,1148225373.85,27425.0,239416.0,28.05
BATAINDIA,EQ,11-Jul-2019,"1,367.55","1,371.00","1,375.80","1,327.65","1,344.00","1,342.15","1,341.02",1606390,2154203100.35,57815.0,513984.0,32.00
BATAINDIA,EQ,10-Jul-2019,"1,389.90","1,381.50","1,390.00","1,361.55","1,367.60","1,367.55","1,374.55",415397,570985778.45,20947.0,38317.0,9.22
BATAINDIA,EQ,09-Jul-2019,"1,426.10","1,413.90","1,413.90","1,357.75","1,385.00","1,389.90","1,382.50",856652,1184325112.6,37395.0,92289.0,10.77
BATAINDIA,EQ,08-Jul-2019,"1,449.00","1,444.70","1,444.70","1,407.05","1,430.00","1,426.10","1,420.75",662235,940869889.05,15363.0,334048.0,50.44
BATAINDIA,EQ,05-Jul-2019,"1,457.25","1,459.90","1,459.90","1,442.55","1,448.00","1,449.00","1,448.98",327704,474838161.4,10972.0,85606.0,26.12
BATAINDIA,EQ,04-Jul-2019,"1,462.95","1,465.00","1,468.00","1,453.15","1,457.05","1,457.25","1,458.85",224249,327146401.4,10000.0,71353.0,31.82
BATAINDIA,EQ,03-Jul-2019,"1,457.55","1,458.00","1,468.00","1,452.80","1,459.50","1,462.95","1,460.67",352931,515514272.5,20383.0,78894.0,22.35
BATAINDIA,EQ,02-Jul-2019,"1,447.10","1,454.00","1,463.90","1,447.00","1,456.75","1,457.55","1,455.75",525794,765425065.5,22933.0,104853.0,19.94
BATAINDIA,EQ,01-Jul-2019,"1,446.45","1,449.90","1,455.10","1,435.40","1,449.90","1,447.10","1,442.82",386458,557587629.9,15302.0,166020.0,42.96
BATAINDIA,EQ,28-Jun-2019,"1,447.30","1,447.35","1,460.00","1,441.25","1,443.50","1,446.45","1,446.98",555967,804470751.9,21979.0,175394.0,31.55
BATAINDIA,EQ,27-Jun-2019,"1,428.85","1,430.00","1,451.65","1,420.20","1,444.00","1,447.30","1,439.91",700796,1009085757.5,29925.0,164605.0,23.49
BATAINDIA,EQ,26-Jun-2019,"1,413.50","1,420.45","1,437.00","1,420.45","1,430.00","1,428.85","1,430.81",911770,1304567411.35,31433.0,156825.0,17.20
BATAINDIA,EQ,25-Jun-2019,"1,405.35","1,405.50","1,424.85","1,399.70","1,413.65","1,413.50","1,416.44",572227,810522959.55,24505.0,180360.0,31.52
BATAINDIA,EQ,24-Jun-2019,"1,404.60","1,414.95","1,430.65","1,388.00","1,408.00","1,405.35","1,400.68",341976,478998262.05,10503.0,69678.0,20.38
BATAINDIA,EQ,21-Jun-2019,"1,402.80","1,400.95","1,415.00","1,386.60","1,406.40","1,404.60","1,396.64",998376,1394368329.4,17859.0,90946.0,9.11
BATAINDIA,EQ,20-Jun-2019,"1,396.95","1,403.00","1,407.65","1,379.20","1,402.00","1,402.80","1,391.73",472476,657559543.7,14131.0,149748.0,31.69
BATAINDIA,EQ,19-Jun-2019,"1,390.15","1,398.00","1,407.75","1,382.00","1,397.00","1,396.95","1,393.73",631560,880225566.55,22061.0,227639.0,36.04
BATAINDIA,EQ,18-Jun-2019,"1,425.90","1,425.50","1,425.50","1,376.15","1,393.00","1,390.15","1,389.75",980375,1362474620.55,36955.0,273469.0,26.47
BATAINDIA,EQ,17-Jun-2019,"1,426.85","1,422.00","1,442.00","1,410.05","1,415.20","1,425.90","1,431.09",670133,959023561.85,21861.0,242337.0,34.18
BATAINDIA,EQ,14-Jun-2019,"1,437.25","1,437.00","1,450.00","1,420.10","1,423.00","1,426.85","1,436.14",457991,657739457.9,19212.0,63857.0,13.94
BATAINDIA,EQ,13-Jun-2019,"1,429.35","1,427.00","1,441.00","1,422.55","1,438.00","1,437.25","1,434.11",583556,836884456.25,20622.0,114469.0,19.62
BATAINDIA,EQ,12-Jun-2019,"1,420.85","1,420.90","1,443.85","1,417.20","1,424.00","1,429.35","1,434.01",1091679,1565477776.8,28021.0,116324.0,10.66
BATAINDIA,EQ,11-Jun-2019,"1,420.75","1,425.00","1,429.55","1,409.00","1,421.00","1,420.85","1,419.88",912042,1294991181.6,25141.0,190707.0,20.91
BATAINDIA,EQ,10-Jun-2019,"1,379.10","1,375.00","1,424.95","1,374.75","1,420.00","1,420.75","1,413.89",1357222,1918958586.2,36596.0,283375.0,20.88
BATAINDIA,EQ,07-Jun-2019,"1,390.70","1,391.00","1,399.00","1,362.15","1,376.00","1,379.10","1,379.03",613759,846394171.9,20682.0,130885.0,21.33
BATAINDIA,EQ,06-Jun-2019,"1,374.60","1,380.00","1,399.00","1,358.95","1,390.00","1,390.70","1,383.21",838108,1159279770.25,30784.0,251722.0,30.03
BATAINDIA,EQ,04-Jun-2019,"1,362.80","1,372.00","1,389.20","1,365.00","1,375.00","1,374.60","1,376.37",1092980,1504345589.35,36931.0,349662.0,31.99
BATAINDIA,EQ,03-Jun-2019,"1,324.90","1,330.00","1,370.25","1,316.60","1,370.00","1,362.80","1,350.33",935788,1263626349.65,30156.0,238977.0,25.54
BATAINDIA,EQ,31-May-2019,"1,321.50","1,323.55","1,334.00","1,318.05","1,323.00","1,324.90","1,324.25",453350,600348782.5,17812.0,137882.0,30.41
BATAINDIA,EQ,30-May-2019,"1,317.35","1,318.50","1,334.00","1,311.05","1,324.00","1,321.50","1,323.28",719213,951722556.2,27620.0,227357.0,31.61
BATAINDIA,EQ,29-May-2019,"1,314.00","1,319.00","1,329.85","1,313.25","1,318.50","1,317.35","1,321.57",746389,986406514.45,24847.0,209204.0,28.03
BATAINDIA,EQ,28-May-2019,"1,338.05","1,346.30","1,349.95","1,307.60","1,314.00","1,314.00","1,320.53",1028764,1358517528.65,43549.0,335806.0,32.64
BATAINDIA,EQ,27-May-2019,"1,339.75","1,366.30","1,373.70","1,311.60","1,345.80","1,338.05","1,345.74",2491189,3352503786.1,84772.0,592238.0,23.77
BATAINDIA,EQ,24-May-2019,"1,365.50","1,374.90","1,374.90","1,329.00","1,345.00","1,339.75","1,343.85",987097,1326511724.15,33198.0,179264.0,18.16
BATAINDIA,EQ,23-May-2019,"1,384.85","1,399.00","1,399.00","1,363.00","1,365.00","1,365.50","1,378.53",576662,794948364.7,21303.0,250845.0,43.50
BATAINDIA,EQ,22-May-2019,"1,378.60","1,384.40","1,395.80","1,373.50","1,382.00","1,384.85","1,385.13",558589,773720484.3,23996.0,202760.0,36.30
BATAINDIA,EQ,21-May-2019,"1,357.80","1,360.00","1,391.50","1,360.00","1,379.95","1,378.60","1,379.36",610783,842492241.45,27190.0,115862.0,18.97
BATAINDIA,EQ,20-May-2019,"1,374.80","1,400.00","1,404.55","1,349.05","1,360.00","1,357.80","1,368.65",571029,781541084.25,23139.0,121477.0,21.27
BATAINDIA,EQ,17-May-2019,"1,342.05","1,342.00","1,377.90","1,333.00","1,370.10","1,374.80","1,362.78",805301,1097450327.3,25363.0,225853.0,28.05
BATAINDIA,EQ,16-May-2019,"1,328.05","1,324.50","1,350.90","1,317.10","1,341.00","1,342.05","1,335.42",659367,880528674.15,21445.0,136559.0,20.71
BATAINDIA,EQ,15-May-2019,"1,310.25","1,306.00","1,337.50","1,300.70","1,326.00","1,328.05","1,319.55",1012860,1336522156.2,29910.0,184567.0,18.22
BATAINDIA,EQ,14-May-2019,"1,361.80","1,360.00","1,367.95","1,300.60","1,312.90","1,310.25","1,326.61",1267075,1680920602.7,45498.0,229730.0,18.13
BATAINDIA,EQ,13-May-2019,"1,349.65","1,349.00","1,384.10","1,346.70","1,368.95","1,361.80","1,371.78",822008,1127611701.25,23569.0,136190.0,16.57
BATAINDIA,EQ,10-May-2019,"1,351.25","1,361.00","1,363.00","1,328.60","1,355.00","1,349.65","1,345.79",672164,904592381.15,16738.0,206458.0,30.72
BATAINDIA,EQ,09-May-2019,"1,347.90","1,354.00","1,374.80","1,345.65","1,347.25","1,351.25","1,357.01",950364,1289652058.3,31144.0,260314.0,27.39
BATAINDIA,EQ,08-May-2019,"1,353.55","1,345.10","1,366.00","1,333.25","1,348.00","1,347.90","1,347.66",610792,823137401.55,20147.0,136300.0,22.32
BATAINDIA,EQ,07-May-2019,"1,373.45","1,370.00","1,375.80","1,350.00","1,355.70","1,353.55","1,361.77",1225646,1669042055.2,32308.0,426662.0,34.81
BATAINDIA,EQ,06-May-2019,"1,441.60","1,425.00","1,440.40","1,367.30","1,370.50","1,373.45","1,393.76",1202111,1675459832.0,36118.0,282460.0,23.50
BATAINDIA,EQ,03-May-2019,"1,466.75","1,467.00","1,479.95","1,435.25","1,441.00","1,441.60","1,462.01",826063,1207714256.75,43536.0,292445.0,35.40
BATAINDIA,EQ,02-May-2019,"1,454.00","1,454.00","1,470.80","1,447.60","1,470.00","1,466.75","1,463.24",399193,584115205.25,16075.0,97007.0,24.30
BATAINDIA,EQ,30-Apr-2019,"1,446.55","1,454.00","1,462.80","1,435.15","1,454.00","1,454.00","1,453.09",478285,694990035.05,19500.0,113735.0,23.78
BATAINDIA,EQ,26-Apr-2019,"1,465.85","1,465.85","1,469.70","1,443.00","1,446.60","1,446.55","1,452.19",421194,611654214.35,18680.0,142681.0,33.88
BATAINDIA,EQ,25-Apr-2019,"1,464.20","1,464.00","1,473.50","1,455.00","1,470.00","1,465.85","1,466.00",547790,803060119.3,17492.0,96528.0,17.62
BATAINDIA,EQ,24-Apr-2019,"1,445.55","1,443.15","1,469.20","1,439.40","1,464.00","1,464.20","1,456.02",1101109,1603237511.9,32820.0,141697.0,12.87
BATAINDIA,EQ,23-Apr-2019,"1,411.00","1,414.00","1,452.90","1,407.00","1,443.15","1,445.55","1,438.33",996932,1433918983.85,34429.0,203383.0,20.40
BATAINDIA,EQ,22-Apr-2019,"1,421.20","1,414.05","1,421.95","1,407.10","1,410.00","1,411.00","1,414.86",251883,356379896.9,10214.0,50899.0,20.21
BATAINDIA,EQ,18-Apr-2019,"1,430.80","1,431.00","1,438.00","1,418.10","1,421.80","1,421.20","1,425.82",534153,761608496.7,32883.0,143638.0,26.89
BATAINDIA,EQ,16-Apr-2019,"1,413.85","1,414.40","1,438.50","1,408.20","1,430.50","1,430.80","1,430.42",754278,1078933506.55,29917.0,145308.0,19.26
BATAINDIA,EQ,15-Apr-2019,"1,408.05","1,413.55","1,419.00","1,403.00","1,416.90","1,413.85","1,411.09",455743,643093070.5,16382.0,76685.0,16.83
BATAINDIA,EQ,12-Apr-2019,"1,382.90","1,389.00","1,412.95","1,389.00","1,408.00","1,408.05","1,405.16",1076689,1512915248.2,27610.0,201954.0,18.76
BATAINDIA,EQ,11-Apr-2019,"1,392.60","1,392.50","1,392.50","1,367.05","1,383.00","1,382.90","1,379.80",586165,808788313.1,25725.0,275403.0,46.98
BATAINDIA,EQ,10-Apr-2019,"1,399.90","1,404.00","1,407.45","1,389.35","1,393.00","1,392.60","1,397.10",381272,532673380.5,18905.0,151009.0,39.61
BATAINDIA,EQ,09-Apr-2019,"1,397.55","1,395.60","1,413.95","1,383.60","1,409.00","1,399.90","1,399.31",479950,671597816.8,15335.0,167797.0,34.96
BATAINDIA,EQ,08-Apr-2019,"1,415.60","1,401.00","1,416.00","1,388.00","1,395.70","1,397.55","1,399.23",475431,665236520.65,25835.0,145263.0,30.55
BATAINDIA,EQ,05-Apr-2019,"1,401.30","1,410.00","1,424.45","1,403.60","1,413.05","1,415.60","1,415.91",991756,1404240332.95,48809.0,212364.0,21.41
BATAINDIA,EQ,04-Apr-2019,"1,397.35","1,396.30","1,405.50","1,385.10","1,405.00","1,401.30","1,394.05",454117,633061676.45,34254.0,171416.0,37.75
BATAINDIA,EQ,03-Apr-2019,"1,383.00","1,382.50","1,409.85","1,381.45","1,395.00","1,397.35","1,396.80",605476,845726282.1,37171.0,238292.0,39.36
BATAINDIA,EQ,02-Apr-2019,"1,387.35","1,390.05","1,398.75","1,375.25","1,386.70","1,383.00","1,386.82",580623,805216845.25,26875.0,182393.0,31.41
BATAINDIA,EQ,01-Apr-2019,"1,405.05","1,405.00","1,420.00","1,383.70","1,385.00","1,387.35","1,398.66",570286,797636807.5,14207.0,198513.0,34.81
BATAINDIA,EQ,29-Mar-2019,"1,413.40","1,410.00","1,421.10","1,401.30","1,402.00","1,405.05","1,409.09",796228,1121954642.2,36413.0,270085.0,33.92
BATAINDIA,EQ,28-Mar-2019,"1,371.55","1,375.30","1,427.15","1,367.70","1,423.95","1,413.40","1,396.78",1513755,2114379035.4,67177.0,415717.0,27.46
BATAINDIA,EQ,27-Mar-2019,"1,352.75","1,359.25","1,387.00","1,358.00","1,371.55","1,371.55","1,372.72",898728,1233698068.9,41666.0,231682.0,25.78
BATAINDIA,EQ,26-Mar-2019,"1,328.60","1,332.00","1,356.75","1,332.00","1,354.00","1,352.75","1,344.80",601572,808996782.7,20773.0,197667.0,32.86
BATAINDIA,EQ,25-Mar-2019,"1,361.65","1,361.00","1,361.00","1,324.05","1,331.00","1,328.60","1,334.76",864602,1154035160.1,21989.0,329286.0,38.09
BATAINDIA,EQ,22-Mar-2019,"1,351.75","1,349.90","1,369.80","1,346.00","1,361.10","1,361.65","1,363.03",535750,730242868.75,29662.0,161521.0,30.15
BATAINDIA,EQ,20-Mar-2019,"1,340.75","1,343.30","1,357.35","1,332.95","1,350.00","1,351.75","1,346.82",758746,1021893021.5,19135.0,405444.0,53.44
BATAINDIA,EQ,19-Mar-2019,"1,339.30","1,341.00","1,361.80","1,330.00","1,342.00","1,340.75","1,347.91",717522,967152789.65,25650.0,192785.0,26.87
BATAINDIA,EQ,18-Mar-2019,"1,374.20","1,373.50","1,373.50","1,327.10","1,338.00","1,339.30","1,342.93",829855,1114434112.3,31288.0,178533.0,21.51
BATAINDIA,EQ,15-Mar-2019,"1,364.30","1,364.00","1,386.60","1,358.30","1,361.00","1,374.20","1,375.77",1920819,2642612587.9,40548.0,1112800.0,57.93
BATAINDIA,EQ,14-Mar-2019,"1,345.00","1,351.00","1,372.80","1,338.80","1,365.00","1,364.30","1,357.07",889086,1206553582.8,36486.0,225386.0,25.35
BATAINDIA,EQ,13-Mar-2019,"1,368.25","1,365.10","1,367.95","1,341.50","1,347.95","1,345.00","1,349.94",527804,712503751.6,31895.0,213177.0,40.39
BATAINDIA,EQ,12-Mar-2019,"1,340.15","1,345.00","1,374.00","1,341.00","1,360.55","1,368.25","1,365.72",1017271,1389304210.35,32480.0,241879.0,23.78
BATAINDIA,EQ,11-Mar-2019,"1,328.95","1,331.05","1,348.95","1,325.10","1,343.00","1,340.15","1,339.31",546913,732483950.4,26745.0,167499.0,30.63
BATAINDIA,EQ,08-Mar-2019,"1,349.45","1,348.00","1,350.45","1,324.65","1,331.00","1,328.95","1,336.45",746047,997055165.8,31750.0,250177.0,33.53
BATAINDIA,EQ,07-Mar-2019,"1,344.35","1,345.00","1,358.00","1,338.55","1,351.70","1,349.45","1,350.43",1130700,1526935717.7,36497.0,301948.0,26.70
BATAINDIA,EQ,06-Mar-2019,"1,305.65","1,310.00","1,348.60","1,292.65","1,346.10","1,344.35","1,332.46",1547417,2061873511.2,50026.0,309051.0,19.97
BATAINDIA,EQ,05-Mar-2019,"1,280.05","1,280.05","1,310.00","1,275.00","1,309.95","1,305.65","1,290.22",657363,848142400.3,40018.0,185718.0,28.25
BATAINDIA,EQ,01-Mar-2019,"1,288.80","1,290.25","1,297.25","1,271.25","1,279.50","1,280.05","1,282.05",761639,976457538.4,25975.0,179728.0,23.60
BATAINDIA,EQ,28-Feb-2019,"1,297.45","1,306.80","1,306.80","1,274.00","1,287.50","1,288.80","1,283.08",1326780,1702360528.5,35201.0,354895.0,26.75
BATAINDIA,EQ,27-Feb-2019,"1,310.30","1,315.00","1,321.00","1,290.05","1,299.90","1,297.45","1,305.35",764760,998276827.2,41791.0,171848.0,22.47
BATAINDIA,EQ,26-Feb-2019,"1,311.50","1,280.30","1,314.00","1,280.30","1,310.50","1,310.30","1,296.99",1370995,1778167721.25,47524.0,466473.0,34.02
BATAINDIA,EQ,25-Feb-2019,"1,313.00","1,318.90","1,329.90","1,301.25","1,310.50","1,311.50","1,316.52",1660247,2185756329.4,48580.0,447628.0,26.96
BATAINDIA,EQ,22-Feb-2019,"1,282.75","1,284.25","1,320.00","1,284.20","1,311.00","1,313.00","1,301.98",1568922,2042705783.35,55851.0,283767.0,18.09
BATAINDIA,EQ,21-Feb-2019,"1,269.20","1,268.00","1,285.50","1,265.05","1,285.05","1,282.75","1,277.84",873596,1116318391.65,32679.0,170703.0,19.54
BATAINDIA,EQ,20-Feb-2019,"1,264.05","1,265.10","1,274.00","1,255.55","1,272.80","1,269.20","1,265.00",658587,833114657.3,38188.0,172346.0,26.17
BATAINDIA,EQ,19-Feb-2019,"1,266.05","1,266.05","1,278.00","1,260.50","1,263.05","1,264.05","1,267.48",698817,885734782.65,33573.0,137299.0,19.65
BATAINDIA,EQ,18-Feb-2019,"1,254.75","1,265.00","1,288.80","1,257.10","1,262.10","1,266.05","1,273.55",1581618,2014270696.95,50792.0,377407.0,23.86
BATAINDIA,EQ,15-Feb-2019,"1,258.90","1,259.00","1,271.80","1,238.75","1,260.00","1,254.75","1,254.11",1118186,1402329317.25,32296.0,150631.0,13.47
BATAINDIA,EQ,14-Feb-2019,"1,272.30","1,270.00","1,282.65","1,251.60","1,260.00","1,258.90","1,267.28",1801064,2282445464.0,49463.0,160732.0,8.92
BATAINDIA,EQ,13-Feb-2019,"1,190.65","1,214.00","1,283.30","1,198.20","1,274.00","1,272.30","1,247.29",7486293,9337541569.9,168841.0,1044226.0,13.95
BATAINDIA,EQ,12-Feb-2019,"1,188.40","1,193.00","1,205.00","1,182.30","1,195.00","1,190.65","1,193.24",1262776,1506793991.4,30468.0,213851.0,16.93
BATAINDIA,EQ,11-Feb-2019,"1,190.85","1,189.00","1,209.00","1,176.95","1,187.80","1,188.40","1,193.48",1012637,1208560377.65,30775.0,209276.0,20.67
BATAINDIA,EQ,08-Feb-2019,"1,195.50","1,190.00","1,216.35","1,184.05","1,188.65","1,190.85","1,201.57",937173,1126079353.4,30371.0,176621.0,18.85
BATAINDIA,EQ,07-Feb-2019,"1,200.65","1,203.00","1,210.50","1,188.15","1,193.40","1,195.50","1,198.46",554886,665011264.8,16155.0,96907.0,17.46
BATAINDIA,EQ,06-Feb-2019,"1,177.90","1,180.00","1,204.00","1,165.00","1,201.00","1,200.65","1,185.39",720610,854206517.6,22743.0,183259.0,25.43
BATAINDIA,EQ,05-Feb-2019,"1,185.65","1,190.65","1,194.00","1,170.40","1,176.00","1,177.90","1,179.43",712476,840318763.15,21391.0,104309.0,14.64
BATAINDIA,EQ,04-Feb-2019,"1,143.95","1,145.95","1,195.00","1,136.60","1,193.50","1,185.65","1,167.84",982691,1147627312.75,39112.0,184962.0,18.82
BATAINDIA,EQ,01-Feb-2019,"1,118.60","1,115.65","1,153.95","1,115.65","1,152.00","1,143.95","1,136.91",447755,509056680.7,18840.0,90193.0,20.14
BATAINDIA,EQ,31-Jan-2019,"1,103.80","1,107.60","1,126.85","1,087.10","1,120.00","1,118.60","1,105.06",568576,628312270.9,16826.0,181424.0,31.91
BATAINDIA,EQ,30-Jan-2019,"1,103.50","1,106.10","1,118.00","1,080.75","1,097.00","1,103.80","1,099.86",574214,631554485.6,32121.0,154657.0,26.93
BATAINDIA,EQ,29-Jan-2019,"1,097.85","1,090.30","1,112.00","1,090.30","1,111.70","1,103.50","1,103.23",370828,409106850.4,20935.0,122088.0,32.92
BATAINDIA,EQ,28-Jan-2019,"1,124.20","1,124.25","1,137.25","1,087.70","1,105.05","1,097.85","1,099.57",679107,746725786.55,26957.0,,-
BATAINDIA,EQ,25-Jan-2019,"1,152.85","1,150.90","1,163.25","1,116.05","1,130.50","1,124.20","1,138.68",479782,546318676.85,17872.0,104287.0,21.74
BATAINDIA,EQ,24-Jan-2019,"1,160.95","1,165.10","1,167.75","1,144.15","1,151.00","1,152.85","1,152.96",334775,385982008.5,12738.0,69475.0,20.75
BATAINDIA,EQ,23-Jan-2019,"1,147.75","1,148.10","1,175.75","1,145.45","1,163.00","1,160.95","1,166.74",841527,981847275.5,22838.0,117035.0,13.91
BATAINDIA,EQ,22-Jan-2019,"1,147.55","1,138.00","1,156.10","1,138.00","1,147.00","1,147.75","1,144.74",501678,574290444.85,11982.0,191231.0,38.12
BATAINDIA,EQ,21-Jan-2019,"1,155.85","1,159.90","1,159.90","1,143.20","1,148.00","1,147.55","1,148.89",311638,358037108.55,11144.0,86246.0,27.68
BATAINDIA,EQ,18-Jan-2019,"1,152.25","1,156.80","1,162.75","1,148.00","1,157.00","1,155.85","1,155.44",273012,315449214.25,9030.0,38639.0,14.15
BATAINDIA,EQ,17-Jan-2019,"1,165.05","1,165.00","1,168.15","1,138.35","1,153.55","1,152.25","1,152.42",555003,639596320.25,13548.0,184391.0,33.22
BATAINDIA,EQ,16-Jan-2019,"1,167.30","1,162.15","1,173.90","1,161.50","1,162.20","1,165.05","1,167.21",352173,411059779.4,9464.0,75792.0,21.52
BATAINDIA,EQ,15-Jan-2019,"1,162.50","1,162.50","1,177.75","1,160.00","1,166.65","1,167.30","1,169.92",819711,958998460.4,19887.0,159600.0,19.47
BATAINDIA,EQ,14-Jan-2019,"1,153.80","1,148.50","1,166.40","1,147.45","1,166.25","1,162.50","1,160.35",440400,511018253.05,14625.0,59238.0,13.45
BATAINDIA,EQ,11-Jan-2019,"1,165.50","1,165.00","1,166.85","1,151.00","1,152.15","1,153.80","1,157.35",603904,698929204.05,16856.0,158233.0,26.20
BATAINDIA,EQ,10-Jan-2019,"1,148.20","1,148.00","1,169.90","1,143.55","1,169.00","1,165.50","1,157.73",1108076,1282848646.05,48739.0,258859.0,23.36
BATAINDIA,EQ,09-Jan-2019,"1,131.45","1,134.00","1,152.45","1,126.30","1,148.00","1,148.20","1,140.66",1099623,1254292084.1,34528.0,293918.0,26.73
BATAINDIA,EQ,08-Jan-2019,"1,125.10","1,126.00","1,134.75","1,114.00","1,129.00","1,131.45","1,125.26",486912,547901591.95,14170.0,134544.0,27.63
BATAINDIA,EQ,07-Jan-2019,"1,116.50","1,125.00","1,136.80","1,122.00","1,126.90","1,125.10","1,130.12",740031,836323438.4,17062.0,105356.0,14.24
BATAINDIA,EQ,04-Jan-2019,"1,113.00","1,121.00","1,125.05","1,094.00","1,117.95","1,116.50","1,110.57",737834,819418017.15,23289.0,126977.0,17.21
BATAINDIA,EQ,03-Jan-2019,"1,112.05","1,112.00","1,128.45","1,108.00","1,111.05","1,113.00","1,118.62",573624,641665932.95,20702.0,67516.0,11.77
BATAINDIA,EQ,02-Jan-2019,"1,126.05","1,120.40","1,135.00","1,108.00","1,111.60","1,112.05","1,120.65",493851,553434746.55,12821.0,70459.0,14.27
BATAINDIA,EQ,01-Jan-2019,"1,134.30","1,133.00","1,137.80","1,120.45","1,126.00","1,126.05","1,127.85",314687,354919739.8,8333.0,31733.0,10.08
BATAINDIA,EQ,31-Dec-2018,"1,136.80","1,135.00","1,144.90","1,126.00","1,129.00","1,134.30","1,137.56",585584,666138122.45,18473.0,97215.0,16.60
BATAINDIA,EQ,28-Dec-2020,"1,567.85","1,570.15","1,616.70","1,570.15","1,606.00","1,609.70","1,600.47",624624,999693535.6,22780.0,144472.0,23.13
BATAINDIA,EQ,24-Dec-2020,"1,583.55","1,584.00","1,591.65","1,557.00","1,570.15","1,567.85","1,573.69",397535,625596350.95,16193.0,55974.0,14.08
BATAINDIA,EQ,23-Dec-2020,"1,521.40","1,524.00","1,588.95","1,523.15","1,579.30","1,583.55","1,566.93",650794,1019747590.45,25995.0,102581.0,15.76
BATAINDIA,EQ,22-Dec-2020,"1,503.55","1,491.05","1,526.15","1,462.00","1,523.00","1,521.40","1,498.44",519320,778171943.6,23688.0,81517.0,15.70
BATAINDIA,EQ,21-Dec-2020,"1,583.85","1,580.00","1,582.35","1,471.00","1,503.00","1,503.55","1,543.55",714376,1102676602.15,35243.0,173202.0,24.25
BATAINDIA,EQ,18-Dec-2020,"1,587.85","1,585.00","1,601.25","1,576.15","1,583.90","1,583.85","1,585.70",470894,746696293.2,14371.0,177903.0,37.78
BATAINDIA,EQ,17-Dec-2020,"1,610.45","1,610.00","1,621.50","1,581.75","1,589.65","1,587.85","1,601.28",747963,1197698737.85,23346.0,251441.0,33.62
BATAINDIA,EQ,16-Dec-2020,"1,606.65","1,608.30","1,626.00","1,593.15","1,609.00","1,610.45","1,610.42",626550,1009006979.2,20907.0,160850.0,25.67
BATAINDIA,EQ,15-Dec-2020,"1,627.95","1,628.00","1,645.00","1,592.05","1,608.30","1,606.65","1,615.96",1306492,2111240216.5,44080.0,225322.0,17.25
BATAINDIA,EQ,14-Dec-2020,"1,559.25","1,559.25","1,636.20","1,552.00","1,634.10","1,627.95","1,604.38",1953303,3133831504.15,61249.0,276834.0,14.17
BATAINDIA,EQ,11-Dec-2020,"1,556.30","1,554.00","1,571.45","1,543.60","1,558.95","1,559.25","1,559.64",295577,460993583.2,12002.0,84996.0,28.76
BATAINDIA,EQ,10-Dec-2020,"1,568.50","1,571.00","1,574.00","1,546.10","1,554.80","1,556.30","1,558.44",594062,925807669.6,20065.0,143102.0,24.09
BATAINDIA,EQ,09-Dec-2020,"1,564.00","1,568.00","1,580.00","1,560.00","1,570.95","1,568.50","1,569.87",399622,627353327.0,14781.0,94205.0,23.57
BATAINDIA,EQ,08-Dec-2020,"1,564.35","1,565.00","1,578.95","1,546.05","1,561.00","1,564.00","1,559.37",479858,748274700.35,24232.0,174948.0,36.46
BATAINDIA,EQ,07-Dec-2020,"1,563.85","1,570.00","1,587.85","1,552.95","1,560.90","1,564.35","1,568.07",670898,1052016719.7,25186.0,115121.0,17.16
BATAINDIA,EQ,04-Dec-2020,"1,539.90","1,548.00","1,568.45","1,543.10","1,565.00","1,563.85","1,557.93",584853,911161327.2,22091.0,135247.0,23.12
BATAINDIA,EQ,03-Dec-2020,"1,542.85","1,550.00","1,556.15","1,531.70","1,548.00","1,539.90","1,542.66",453039,698886835.8,15808.0,116108.0,25.63
BATAINDIA,EQ,02-Dec-2020,"1,544.20","1,546.00","1,568.00","1,525.00","1,543.50","1,542.85","1,546.82",883062,1365940654.5,33231.0,142092.0,16.09
BATAINDIA,EQ,01-Dec-2020,"1,572.90","1,578.95","1,578.95","1,532.05","1,545.00","1,544.20","1,544.80",899562,1389644005.1,31265.0,255843.0,28.44
BATAINDIA,EQ,27-Nov-2020,"1,525.40","1,546.00","1,583.90","1,535.05","1,562.00","1,572.90","1,560.31",2220600,3464819777.0,62577.0,685735.0,30.88
BATAINDIA,EQ,26-Nov-2020,"1,484.40","1,484.40","1,530.00","1,471.05","1,526.00","1,525.40","1,505.92",762409,1148125082.8,31017.0,213311.0,27.98
BATAINDIA,EQ,25-Nov-2020,"1,504.30","1,506.00","1,513.60","1,469.05","1,490.00","1,484.40","1,493.95",554648,828616455.1,30146.0,146985.0,26.50
BATAINDIA,EQ,24-Nov-2020,"1,504.20","1,511.00","1,533.00","1,493.55","1,503.00","1,504.30","1,515.52",1070533,1622414887.3,43001.0,261517.0,24.43
BATAINDIA,EQ,23-Nov-2020,"1,476.90","1,495.00","1,508.00","1,460.55","1,502.40","1,504.20","1,484.85",935742,1389439206.3,54686.0,235912.0,25.21
BATAINDIA,EQ,20-Nov-2020,"1,499.45","1,502.00","1,515.00","1,452.25","1,480.70","1,476.90","1,476.42",1406798,2077025765.15,70520.0,297360.0,21.14
BATAINDIA,EQ,19-Nov-2020,"1,430.70","1,440.00","1,505.00","1,434.90","1,500.70","1,499.45","1,479.72",3417305,5056637670.95,112738.0,689979.0,20.19
BATAINDIA,EQ,18-Nov-2020,"1,376.65","1,383.40","1,447.25","1,375.90","1,443.00","1,430.70","1,403.26",1448671,2032858644.55,54354.0,434702.0,30.01
BATAINDIA,EQ,17-Nov-2020,"1,355.40","1,362.00","1,380.00","1,348.40","1,378.10","1,376.65","1,365.93",597702,816419593.65,26068.0,150886.0,25.24
BATAINDIA,EQ,14-Nov-2020,"1,354.20","1,360.00","1,366.30","1,351.00","1,355.50","1,355.40","1,358.25",80550,109406765.0,5027.0,35803.0,44.45
BATAINDIA,EQ,13-Nov-2020,"1,339.70","1,339.65","1,356.05","1,330.35","1,352.00","1,354.20","1,348.59",440830,594499075.1,17574.0,119982.0,27.22
BATAINDIA,EQ,12-Nov-2020,"1,327.35","1,330.00","1,352.50","1,328.00","1,340.00","1,339.70","1,344.83",678750,912805106.85,23285.0,142667.0,21.02
BATAINDIA,EQ,11-Nov-2020,"1,367.45","1,330.00","1,364.45","1,309.00","1,328.00","1,327.35","1,331.71",1800878,2398251799.7,71794.0,522254.0,29.00
BATAINDIA,EQ,10-Nov-2020,"1,356.45","1,360.00","1,388.75","1,360.00","1,370.50","1,367.45","1,373.48",1458330,2002991140.2,43090.0,685903.0,47.03
BATAINDIA,EQ,09-Nov-2020,"1,339.75","1,350.00","1,362.00","1,335.90","1,356.70","1,356.45","1,351.69",455496,615688397.2,14346.0,119730.0,26.29
BATAINDIA,EQ,06-Nov-2020,"1,334.85","1,340.00","1,359.75","1,335.00","1,338.30","1,339.75","1,349.60",1056197,1425444183.95,25760.0,410703.0,38.89
BATAINDIA,EQ,05-Nov-2020,"1,313.95","1,325.00","1,337.80","1,313.60","1,336.00","1,334.85","1,327.12",388079,515028607.05,13901.0,83869.0,21.61
BATAINDIA,EQ,04-Nov-2020,"1,297.95","1,299.90","1,317.50","1,294.85","1,313.00","1,313.95","1,305.94",329068,429742316.05,11523.0,68077.0,20.69
BATAINDIA,EQ,03-Nov-2020,"1,308.30","1,312.70","1,319.00","1,294.80","1,297.00","1,297.95","1,304.46",330267,430819647.45,15298.0,109984.0,33.30
BATAINDIA,EQ,02-Nov-2020,"1,312.00","1,319.00","1,322.95","1,302.45","1,307.60","1,308.30","1,311.52",411557,539765500.5,18361.0,186721.0,45.37
BATAINDIA,EQ,30-Oct-2020,"1,303.45","1,305.10","1,321.00","1,288.60","1,310.00","1,312.00","1,307.48",431394,564040119.25,18984.0,86966.0,20.16
BATAINDIA,EQ,29-Oct-2020,"1,324.80","1,312.95","1,319.85","1,292.35","1,303.00","1,303.45","1,305.50",464152,605951430.9,21713.0,136586.0,29.43
BATAINDIA,EQ,28-Oct-2020,"1,325.75","1,329.70","1,351.90","1,321.00","1,324.00","1,324.80","1,337.58",672297,899248956.0,26844.0,204725.0,30.45
BATAINDIA,EQ,27-Oct-2020,"1,322.05","1,326.00","1,331.95","1,295.70","1,325.10","1,325.75","1,321.10",563890,744952866.6,26412.0,177801.0,31.53
BATAINDIA,EQ,26-Oct-2020,"1,351.75","1,356.00","1,359.10","1,318.05","1,324.00","1,322.05","1,335.24",501687,669872937.05,24717.0,181259.0,36.13
BATAINDIA,EQ,23-Oct-2020,"1,363.90","1,364.55","1,381.95","1,347.00","1,350.00","1,351.75","1,362.40",607252,827320329.95,21717.0,185379.0,30.53
BATAINDIA,EQ,22-Oct-2020,"1,361.65","1,358.00","1,372.00","1,353.50","1,361.95","1,363.90","1,363.11",445499,607264085.15,14092.0,159950.0,35.90
BATAINDIA,EQ,21-Oct-2020,"1,369.05","1,370.60","1,381.15","1,345.05","1,355.25","1,361.65","1,365.82",733738,1002154478.7,29588.0,269252.0,36.70
BATAINDIA,EQ,20-Oct-2020,"1,387.60","1,387.10","1,416.95","1,360.05","1,365.15","1,369.05","1,388.81",1654945,2298396655.9,55996.0,278894.0,16.85
BATAINDIA,EQ,19-Oct-2020,"1,372.45","1,377.90","1,394.00","1,365.05","1,387.10","1,387.60","1,382.51",564362,780235055.65,21412.0,135629.0,24.03
BATAINDIA,EQ,16-Oct-2020,"1,350.70","1,352.00","1,380.00","1,350.30","1,372.00","1,372.45","1,368.51",490799,671661722.55,18808.0,92436.0,18.83
BATAINDIA,EQ,15-Oct-2020,"1,364.75","1,365.00","1,380.00","1,331.50","1,352.00","1,350.70","1,353.44",906208,1226499355.1,34322.0,226621.0,25.01
BATAINDIA,EQ,14-Oct-2020,"1,358.15","1,358.25","1,376.75","1,341.90","1,362.50","1,364.75","1,363.40",889570,1212838273.05,26189.0,260550.0,29.29
BATAINDIA,EQ,13-Oct-2020,"1,357.85","1,363.00","1,376.95","1,350.60","1,353.20","1,358.15","1,365.55",450268,614863357.0,16222.0,127007.0,28.21
BATAINDIA,EQ,12-Oct-2020,"1,352.95","1,354.00","1,364.70","1,344.65","1,361.55","1,357.85","1,355.42",476897,646396992.0,14289.0,67952.0,14.25
BATAINDIA,EQ,09-Oct-2020,"1,366.15","1,366.15","1,372.55","1,350.00","1,350.55","1,352.95","1,361.88",491948,669975751.0,17229.0,136251.0,27.70
BATAINDIA,EQ,08-Oct-2020,"1,375.15","1,388.05","1,397.00","1,358.00","1,359.50","1,366.15","1,375.79",1072242,1475175733.9,33014.0,301790.0,28.15
BATAINDIA,EQ,07-Oct-2020,"1,350.50","1,353.00","1,385.00","1,343.70","1,372.50","1,375.15","1,370.59",1280634,1755218886.1,43775.0,207557.0,16.21
BATAINDIA,EQ,06-Oct-2020,"1,343.50","1,349.80","1,365.00","1,328.00","1,349.95","1,350.50","1,341.80",630526,846042733.65,18868.0,123316.0,19.56
BATAINDIA,EQ,05-Oct-2020,"1,342.35","1,352.35","1,357.00","1,326.75","1,345.00","1,343.50","1,341.27",528483,708836142.8,16748.0,114048.0,21.58
BATAINDIA,EQ,01-Oct-2020,"1,318.35","1,347.00","1,349.50","1,330.00","1,342.15","1,342.35","1,342.26",557631,748486222.45,19174.0,145557.0,26.10
BATAINDIA,EQ,30-Sep-2020,"1,347.65","1,347.00","1,350.00","1,308.80","1,324.25","1,318.35","1,324.40",911109,1206668573.4,39550.0,185727.0,20.38
BATAINDIA,EQ,29-Sep-2020,"1,344.90","1,345.00","1,404.45","1,341.35","1,344.30","1,347.65","1,377.50",2254147,3105093074.2,75674.0,190373.0,8.45
BATAINDIA,EQ,28-Sep-2020,"1,303.00","1,321.00","1,354.95","1,311.70","1,349.00","1,344.90","1,339.03",530922,710918433.0,17313.0,93398.0,17.59
BATAINDIA,EQ,25-Sep-2020,"1,298.95","1,305.00","1,321.70","1,290.85","1,301.10","1,303.00","1,308.09",564341,738207564.7,17809.0,167570.0,29.69
BATAINDIA,EQ,24-Sep-2020,"1,343.25","1,335.00","1,338.00","1,282.45","1,298.00","1,298.95","1,306.21",819447,1070367347.25,32492.0,274035.0,33.44
BATAINDIA,EQ,23-Sep-2020,"1,313.85","1,320.20","1,369.85","1,319.95","1,344.00","1,343.25","1,348.06",1799003,2425161798.7,58786.0,360248.0,20.02
BATAINDIA,EQ,22-Sep-2020,"1,323.30","1,323.30","1,330.00","1,270.00","1,315.00","1,313.85","1,307.61",705108,922008394.55,29188.0,228652.0,32.43
BATAINDIA,EQ,21-Sep-2020,"1,334.70","1,339.25","1,353.90","1,314.00","1,322.80","1,323.30","1,333.16",1288807,1718189056.6,36686.0,578112.0,44.86
BATAINDIA,EQ,18-Sep-2020,"1,330.15","1,338.00","1,355.00","1,326.10","1,335.60","1,334.70","1,336.60",1042244,1393061397.9,29087.0,425046.0,40.78
BATAINDIA,EQ,17-Sep-2020,"1,329.05","1,325.00","1,348.45","1,316.05","1,328.20","1,330.15","1,331.69",595837,793472759.7,18084.0,243714.0,40.90
BATAINDIA,EQ,16-Sep-2020,"1,343.85","1,340.00","1,347.05","1,320.00","1,330.00","1,329.05","1,329.58",687941,914674341.0,29009.0,154446.0,22.45
BATAINDIA,EQ,15-Sep-2020,"1,330.65","1,340.00","1,358.00","1,319.40","1,340.00","1,343.85","1,341.97",1041644,1397852876.25,37765.0,205246.0,19.70
BATAINDIA,EQ,14-Sep-2020,"1,264.60","1,280.00","1,342.80","1,270.05","1,325.50","1,330.65","1,316.72",1239510,1632081649.3,47756.0,281998.0,22.75
BATAINDIA,EQ,11-Sep-2020,"1,265.15","1,270.00","1,291.00","1,260.05","1,268.10","1,264.60","1,271.42",747816,950786849.9,28301.0,261945.0,35.03
BATAINDIA,EQ,10-Sep-2020,"1,282.20","1,290.00","1,304.85","1,257.45","1,266.00","1,265.15","1,276.00",963686,1229664130.5,40928.0,388814.0,40.35
BATAINDIA,EQ,09-Sep-2020,"1,308.35","1,308.35","1,312.60","1,267.00","1,284.95","1,282.20","1,283.55",679018,871555552.05,36397.0,206313.0,30.38
BATAINDIA,EQ,08-Sep-2020,"1,330.65","1,330.00","1,337.20","1,302.00","1,305.00","1,308.35","1,317.96",637549,840267022.45,28957.0,111627.0,17.51
BATAINDIA,EQ,07-Sep-2020,"1,349.35","1,349.70","1,359.50","1,320.00","1,327.15","1,330.65","1,333.76",534106,712368946.6,22732.0,101031.0,18.92
BATAINDIA,EQ,04-Sep-2020,"1,374.50","1,343.00","1,390.85","1,340.30","1,346.00","1,349.35","1,367.77",1011986,1384160731.35,39111.0,180778.0,17.86
BATAINDIA,EQ,03-Sep-2020,"1,331.45","1,339.45","1,385.05","1,332.55","1,372.20","1,374.50","1,367.07",1195673,1634573057.0,41073.0,309906.0,25.92
BATAINDIA,EQ,02-Sep-2020,"1,292.90","1,295.00","1,341.00","1,295.00","1,327.95","1,331.45","1,318.33",943290,1243564392.8,37273.0,246531.0,26.14
BATAINDIA,EQ,01-Sep-2020,"1,299.05","1,299.45","1,326.00","1,273.00","1,296.00","1,292.90","1,291.89",1145020,1479240057.3,35739.0,449036.0,39.22
BATAINDIA,EQ,31-Aug-2020,"1,340.75","1,352.70","1,354.70","1,292.00","1,297.15","1,299.05","1,320.89",677137,894422490.55,30574.0,203194.0,30.01
BATAINDIA,EQ,28-Aug-2020,"1,351.15","1,356.00","1,372.00","1,331.05","1,340.00","1,340.75","1,348.29",1071670,1444922551.95,39265.0,261088.0,24.36
BATAINDIA,EQ,27-Aug-2020,"1,311.40","1,317.10","1,359.00","1,315.00","1,355.00","1,351.15","1,345.44",1869933,2515885855.0,64909.0,485463.0,25.96
BATAINDIA,EQ,26-Aug-2020,"1,306.80","1,311.00","1,323.40","1,292.60","1,309.05","1,311.40","1,307.31",802197,1048717916.3,37933.0,311966.0,38.89
BATAINDIA,EQ,25-Aug-2020,"1,325.40","1,336.95","1,340.75","1,301.50","1,306.50","1,306.80","1,316.30",829354,1091677248.05,29931.0,297235.0,35.84
BATAINDIA,EQ,24-Aug-2020,"1,306.35","1,317.85","1,339.00","1,312.35","1,324.00","1,325.40","1,328.00",1100141,1460992358.45,38403.0,236445.0,21.49
BATAINDIA,EQ,21-Aug-2020,"1,286.55","1,295.90","1,324.70","1,290.05","1,307.15","1,306.35","1,311.95",1669945,2190887355.9,53238.0,498446.0,29.85
BATAINDIA,EQ,20-Aug-2020,"1,271.25","1,262.80","1,292.15","1,256.25","1,283.50","1,286.55","1,282.11",923971,1184636178.6,31290.0,296925.0,32.14
BATAINDIA,EQ,19-Aug-2020,"1,256.55","1,263.35","1,279.00","1,258.75","1,271.25","1,271.25","1,271.39",1004727,1277398321.05,33099.0,346563.0,34.49
BATAINDIA,EQ,18-Aug-2020,"1,244.30","1,248.50","1,260.00","1,237.00","1,255.80","1,256.55","1,252.83",873171,1093931327.9,34661.0,419904.0,48.09
BATAINDIA,EQ,17-Aug-2020,"1,234.50","1,240.00","1,247.40","1,227.00","1,247.35","1,244.30","1,239.23",477928,592261318.85,17523.0,202972.0,42.47
BATAINDIA,EQ,14-Aug-2020,"1,237.10","1,243.15","1,245.00","1,225.65","1,233.50","1,234.50","1,237.15",512066,633502578.05,17428.0,192784.0,37.65
BATAINDIA,EQ,13-Aug-2020,"1,237.90","1,245.00","1,249.00","1,213.80","1,240.00","1,237.10","1,237.39",919494,1137772383.5,26883.0,324062.0,35.24
BATAINDIA,EQ,12-Aug-2020,"1,229.75","1,229.75","1,241.95","1,215.00","1,238.00","1,237.90","1,230.36",780074,959770558.7,27258.0,276100.0,35.39
BATAINDIA,EQ,11-Aug-2020,"1,235.80","1,245.00","1,250.00","1,225.30","1,231.00","1,229.75","1,235.45",1169503,1444859440.5,45770.0,331838.0,28.37
BATAINDIA,EQ,10-Aug-2020,"1,257.90","1,239.95","1,271.65","1,219.55","1,235.50","1,235.80","1,238.36",2797520,3464339803.45,104076.0,644160.0,23.03
BATAINDIA,EQ,07-Aug-2020,"1,264.20","1,265.00","1,273.45","1,252.00","1,258.00","1,257.90","1,259.14",1489623,1875649486.8,51605.0,522837.0,35.10
BATAINDIA,EQ,06-Aug-2020,"1,318.20","1,324.70","1,331.55","1,260.05","1,264.90","1,264.20","1,278.25",2745711,3509702342.0,80452.0,930115.0,33.88
BATAINDIA,EQ,05-Aug-2020,"1,261.70","1,269.95","1,322.95","1,266.05","1,319.00","1,318.20","1,299.10",2102889,2731867132.4,60120.0,470649.0,22.38
BATAINDIA,EQ,04-Aug-2020,"1,254.10","1,263.70","1,278.90","1,259.65","1,262.00","1,261.70","1,268.68",702379,891095492.95,29378.0,147085.0,20.94
BATAINDIA,EQ,03-Aug-2020,"1,268.05","1,258.50","1,286.00","1,251.35","1,255.45","1,254.10","1,267.94",644035,816600799.75,22199.0,124738.0,19.37
BATAINDIA,EQ,31-Jul-2020,"1,262.10","1,266.10","1,282.00","1,260.70","1,268.65","1,268.05","1,270.25",549269,697706321.75,18569.0,77243.0,14.06
BATAINDIA,EQ,30-Jul-2020,"1,263.40","1,273.00","1,289.85","1,252.60","1,258.00","1,262.10","1,275.16",732112,933560334.9,28532.0,96958.0,13.24
BATAINDIA,EQ,29-Jul-2020,"1,255.35","1,257.00","1,285.00","1,257.00","1,261.50","1,263.40","1,274.43",1215314,1548829509.65,35905.0,281274.0,23.14
BATAINDIA,EQ,28-Jul-2020,"1,267.20","1,271.95","1,271.95","1,239.50","1,255.00","1,255.35","1,253.54",1362915,1708469991.8,52281.0,466178.0,34.20
BATAINDIA,EQ,27-Jul-2020,"1,289.95","1,291.00","1,294.80","1,262.60","1,264.95","1,267.20","1,275.18",715415,912283518.75,25784.0,269939.0,37.73
BATAINDIA,EQ,24-Jul-2020,"1,309.60","1,309.95","1,309.95","1,273.75","1,290.00","1,289.95","1,285.99",1119132,1439194568.8,37003.0,420018.0,37.53
BATAINDIA,EQ,23-Jul-2020,"1,293.05","1,290.00","1,321.40","1,286.20","1,312.80","1,309.60","1,309.91",1045178,1369093486.05,36539.0,374786.0,35.86
BATAINDIA,EQ,22-Jul-2020,"1,305.65","1,309.00","1,311.20","1,283.60","1,291.80","1,293.05","1,297.46",793775,1029890980.8,33618.0,218627.0,27.54
BATAINDIA,EQ,21-Jul-2020,"1,316.60","1,318.10","1,323.75","1,295.45","1,304.00","1,305.65","1,305.76",778235,1016190629.45,54578.0,281402.0,36.16
BATAINDIA,EQ,20-Jul-2020,"1,303.10","1,314.20","1,325.00","1,295.00","1,312.60","1,316.60","1,313.51",1055644,1386599180.85,35473.0,258634.0,24.50
BATAINDIA,EQ,17-Jul-2020,"1,291.65","1,295.10","1,309.50","1,278.25","1,302.00","1,303.10","1,301.05",842220,1095766185.85,30091.0,230814.0,27.41
BATAINDIA,EQ,16-Jul-2020,"1,278.95","1,283.90","1,296.00","1,253.20","1,291.80","1,291.65","1,275.91",915906,1168617386.2,30850.0,182416.0,19.92
BATAINDIA,EQ,15-Jul-2020,"1,282.10","1,283.00","1,314.90","1,271.25","1,284.50","1,278.95","1,300.09",1535715,1996574366.65,48516.0,257491.0,16.77
BATAINDIA,EQ,14-Jul-2020,"1,251.85","1,257.80","1,287.60","1,252.60","1,276.00","1,282.10","1,269.33",1604304,2036389759.15,50093.0,228324.0,14.23
BATAINDIA,EQ,13-Jul-2020,"1,270.95","1,280.95","1,280.95","1,245.30","1,256.00","1,251.85","1,258.97",1266076,1593948165.7,45570.0,411918.0,32.54
BATAINDIA,EQ,10-Jul-2020,"1,287.80","1,285.00","1,302.00","1,265.60","1,273.00","1,270.95","1,280.00",1038339,1329075892.65,35791.0,317107.0,30.54
BATAINDIA,EQ,09-Jul-2020,"1,294.30","1,306.95","1,306.95","1,270.00","1,288.00","1,287.80","1,283.33",1310570,1681895553.85,49048.0,477169.0,36.41
BATAINDIA,EQ,08-Jul-2020,"1,316.60","1,325.00","1,330.00","1,288.00","1,295.00","1,294.30","1,305.84",952132,1243333692.3,40618.0,280509.0,29.46
BATAINDIA,EQ,07-Jul-2020,"1,335.40","1,343.90","1,352.70","1,312.00","1,316.30","1,316.60","1,328.60",1157633,1538025760.75,51029.0,375477.0,32.43
BATAINDIA,EQ,06-Jul-2020,"1,298.65","1,309.00","1,349.00","1,307.85","1,334.45","1,335.40","1,333.48",1893450,2524884158.55,55609.0,469721.0,24.81
BATAINDIA,EQ,03-Jul-2020,"1,282.50","1,295.00","1,305.00","1,283.60","1,295.00","1,298.65","1,295.36",2070221,2681675208.75,49902.0,758643.0,36.65
BATAINDIA,EQ,02-Jul-2020,"1,285.00","1,291.30","1,298.70","1,273.00","1,281.10","1,282.50","1,282.97",761943,977547851.45,30447.0,278746.0,36.58
BATAINDIA,EQ,01-Jul-2020,"1,306.20","1,312.00","1,319.80","1,271.60","1,287.40","1,285.00","1,295.04",902468,1168730203.2,40596.0,314526.0,34.85
BATAINDIA,EQ,30-Jun-2020,"1,312.40","1,319.75","1,336.10","1,301.00","1,305.00","1,306.20","1,315.29",559995,736556732.85,23499.0,142092.0,25.37
BATAINDIA,EQ,29-Jun-2020,"1,325.60","1,317.00","1,323.10","1,290.70","1,309.90","1,312.40","1,305.85",995412,1299861488.55,45886.0,149963.0,15.07
BATAINDIA,EQ,26-Jun-2020,"1,319.05","1,327.00","1,342.00","1,317.65","1,326.00","1,325.60","1,327.81",464571,616864286.55,20021.0,90895.0,19.57
BATAINDIA,EQ,25-Jun-2020,"1,331.40","1,330.00","1,340.00","1,312.00","1,321.00","1,319.05","1,323.49",604495,800041228.7,27512.0,109174.0,18.06
BATAINDIA,EQ,24-Jun-2020,"1,347.05","1,355.00","1,379.00","1,325.00","1,333.50","1,331.40","1,357.34",841874,1142710093.55,32464.0,173964.0,20.66
BATAINDIA,EQ,23-Jun-2020,"1,342.50","1,353.95","1,367.40","1,327.05","1,345.00","1,347.05","1,352.66",956097,1293272925.75,30692.0,176440.0,18.45
BATAINDIA,EQ,22-Jun-2020,"1,343.55","1,364.00","1,365.00","1,334.55","1,341.95","1,342.50","1,352.21",686909,928845806.7,27367.0,112447.0,16.37
BATAINDIA,EQ,19-Jun-2020,"1,314.70","1,320.00","1,355.70","1,314.60","1,345.60","1,343.55","1,338.91",1025604,1373190693.5,31041.0,236222.0,23.03
BATAINDIA,EQ,18-Jun-2020,"1,317.40","1,315.00","1,323.60","1,295.00","1,313.50","1,314.70","1,306.87",904556,1182141039.2,51715.0,269707.0,29.82
BATAINDIA,EQ,17-Jun-2020,"1,330.35","1,313.10","1,345.30","1,311.05","1,318.95","1,317.40","1,325.76",832565,1103782230.75,24878.0,246470.0,29.60
BATAINDIA,EQ,16-Jun-2020,"1,340.90","1,354.00","1,368.35","1,306.05","1,327.00","1,330.35","1,336.30",768864,1027434882.45,23575.0,144199.0,18.75
BATAINDIA,EQ,15-Jun-2020,"1,366.35","1,368.00","1,386.35","1,332.00","1,341.80","1,340.90","1,354.10",675250,914354773.45,28649.0,84884.0,12.57
BATAINDIA,EQ,12-Jun-2020,"1,340.00","1,275.00","1,373.70","1,275.00","1,371.00","1,366.35","1,345.85",1057783,1423615835.0,36862.0,133578.0,12.63
BATAINDIA,EQ,11-Jun-2020,"1,391.20","1,390.00","1,402.60","1,334.25","1,338.00","1,340.00","1,360.09",1148021,1561409444.6,46159.0,187277.0,16.31
BATAINDIA,EQ,10-Jun-2020,"1,394.85","1,400.00","1,407.35","1,381.35","1,391.95","1,391.20","1,393.40",483226,673325232.65,15602.0,63058.0,13.05
BATAINDIA,EQ,09-Jun-2020,"1,402.00","1,402.00","1,428.00","1,385.00","1,391.00","1,394.85","1,405.42",929446,1306259763.35,32740.0,132841.0,14.29
BATAINDIA,EQ,08-Jun-2020,"1,414.25","1,427.55","1,452.90","1,394.80","1,403.00","1,402.00","1,429.09",1218789,1741762047.3,39415.0,211454.0,17.35
BATAINDIA,EQ,05-Jun-2020,"1,394.65","1,394.65","1,420.50","1,385.00","1,414.95","1,414.25","1,405.26",725101,1018957870.75,26350.0,120500.0,16.62
BATAINDIA,EQ,04-Jun-2020,"1,405.45","1,410.00","1,418.85","1,370.50","1,390.00","1,394.65","1,387.50",1377354,1911074161.6,64032.0,323467.0,23.48
BATAINDIA,EQ,03-Jun-2020,"1,433.10","1,448.00","1,464.40","1,399.25","1,409.30","1,405.45","1,428.54",1221887,1745512724.0,40320.0,328377.0,26.87
BATAINDIA,EQ,02-Jun-2020,"1,387.55","1,410.00","1,439.25","1,403.45","1,436.50","1,433.10","1,425.47",2064231,2942506131.7,62409.0,340930.0,16.52
BATAINDIA,EQ,01-Jun-2020,"1,325.60","1,339.90","1,398.75","1,335.00","1,387.60","1,387.55","1,376.11",1450295,1995763676.9,41440.0,176352.0,12.16
BATAINDIA,EQ,29-May-2020,"1,300.05","1,285.00","1,337.80","1,283.00","1,327.65","1,325.60","1,319.47",1485617,1960220496.05,49527.0,343921.0,23.15
BATAINDIA,EQ,28-May-2020,"1,320.85","1,310.05","1,328.45","1,292.25","1,299.05","1,300.05","1,310.55",1388838,1820140888.35,40561.0,323531.0,23.30
BATAINDIA,EQ,27-May-2020,"1,286.55","1,284.70","1,329.00","1,255.35","1,315.00","1,320.85","1,289.65",1688613,2177723402.5,56373.0,340241.0,20.15
BATAINDIA,EQ,26-May-2020,"1,274.70","1,260.00","1,299.00","1,230.00","1,282.00","1,286.55","1,277.39",2297683,2935030549.5,74248.0,221402.0,9.64
BATAINDIA,EQ,22-May-2020,"1,301.30","1,295.00","1,322.00","1,267.35","1,277.00","1,274.70","1,291.40",1036091,1338011374.25,37181.0,223982.0,21.62
BATAINDIA,EQ,21-May-2020,"1,325.00","1,325.00","1,342.80","1,289.00","1,299.00","1,301.30","1,318.63",806319,1063234877.2,27018.0,182352.0,22.62
BATAINDIA,EQ,20-May-2020,"1,289.25","1,280.00","1,333.85","1,278.95","1,330.00","1,325.00","1,306.05",784299,1024336793.3,26001.0,63437.0,8.09
BATAINDIA,EQ,19-May-2020,"1,282.25","1,282.35","1,307.50","1,263.65","1,286.00","1,289.25","1,290.37",1229676,1586732816.55,38993.0,232971.0,18.95
BATAINDIA,EQ,18-May-2020,"1,335.00","1,335.00","1,337.95","1,273.05","1,279.90","1,282.25","1,290.72",1265790,1633779331.4,43450.0,179895.0,14.21
BATAINDIA,EQ,15-May-2020,"1,364.00","1,372.00","1,372.00","1,323.00","1,338.30","1,335.00","1,340.80",882864,1183740686.25,40086.0,176806.0,20.03
BATAINDIA,EQ,14-May-2020,"1,384.60","1,370.00","1,385.80","1,355.20","1,359.80","1,364.00","1,368.32",714738,977992749.2,25267.0,90613.0,12.68
BATAINDIA,EQ,13-May-2020,"1,323.75","1,350.00","1,392.00","1,328.20","1,389.00","1,384.60","1,369.11",1343211,1839001961.7,45393.0,203967.0,15.19
BATAINDIA,EQ,12-May-2020,"1,321.00","1,310.00","1,329.55","1,286.05","1,319.95","1,323.75","1,303.95",614808,801676096.4,20383.0,86240.0,14.03
BATAINDIA,EQ,11-May-2020,"1,293.10","1,320.00","1,334.90","1,301.30","1,318.85","1,321.00","1,317.59",1364779,1798218080.9,57999.0,181555.0,13.30
BATAINDIA,EQ,08-May-2020,"1,278.45","1,291.85","1,314.60","1,286.50","1,289.10","1,293.10","1,303.29",740511,965101321.2,28712.0,138484.0,18.70
BATAINDIA,EQ,07-May-2020,"1,306.80","1,313.90","1,314.00","1,273.50","1,279.00","1,278.45","1,288.79",677378,872999233.65,33057.0,89347.0,13.19
BATAINDIA,EQ,06-May-2020,"1,265.25","1,270.00","1,318.00","1,245.65","1,313.90","1,306.80","1,288.27",1180629,1520973735.6,42417.0,122317.0,10.36
BATAINDIA,EQ,05-May-2020,"1,313.30","1,330.00","1,341.95","1,257.00","1,261.70","1,265.25","1,302.71",1112032,1448653517.55,38785.0,163708.0,14.72
BATAINDIA,EQ,04-May-2020,"1,365.15","1,318.00","1,346.25","1,306.00","1,311.00","1,313.30","1,323.97",988502,1308743239.4,37362.0,187211.0,18.94
BATAINDIA,EQ,30-Apr-2020,"1,338.15","1,355.00","1,382.00","1,320.00","1,382.00","1,365.15","1,352.21",1561853,2111953245.5,68784.0,296781.0,19.00
BATAINDIA,EQ,29-Apr-2020,"1,324.20","1,348.00","1,354.00","1,327.85","1,335.00","1,338.15","1,341.21",1270468,1703959166.1,53802.0,382737.0,30.13
BATAINDIA,EQ,28-Apr-2020,"1,290.20","1,309.80","1,344.00","1,296.30","1,328.25","1,324.20","1,317.59",2271914,2993443641.4,74146.0,350956.0,15.45
BATAINDIA,EQ,27-Apr-2020,"1,239.55","1,248.80","1,298.00","1,245.00","1,293.95","1,290.20","1,279.90",1572375,2012475721.8,65099.0,266492.0,16.95
BATAINDIA,EQ,24-Apr-2020,"1,269.70","1,258.00","1,313.00","1,230.00","1,238.80","1,239.55","1,278.03",3094827,3955283648.15,102948.0,439103.0,14.19
BATAINDIA,EQ,23-Apr-2020,"1,215.55","1,215.00","1,280.80","1,211.05","1,269.00","1,269.70","1,257.73",2260917,2843624276.05,72885.0,391091.0,17.30
BATAINDIA,EQ,22-Apr-2020,"1,200.40","1,180.00","1,223.85","1,170.00","1,214.60","1,215.55","1,203.31",1432117,1723275659.55,45879.0,183557.0,12.82
BATAINDIA,EQ,21-Apr-2020,"1,207.65","1,180.00","1,208.00","1,158.00","1,196.70","1,200.40","1,182.32",1824989,2157728072.95,48208.0,124548.0,6.82
BATAINDIA,EQ,20-Apr-2020,"1,239.10","1,239.90","1,249.50","1,202.90","1,208.40","1,207.65","1,221.14",790595,965428258.8,48187.0,308649.0,39.04
BATAINDIA,EQ,17-Apr-2020,"1,229.55","1,255.00","1,287.95","1,202.55","1,235.00","1,239.10","1,241.30",1457555,1809256462.15,67575.0,377347.0,25.89
BATAINDIA,EQ,16-Apr-2020,"1,203.75","1,191.25","1,243.95","1,152.65","1,242.00","1,229.55","1,201.03",1351651,1623378035.95,56409.0,167211.0,12.37
BATAINDIA,EQ,15-Apr-2020,"1,191.80","1,199.00","1,245.00","1,189.15","1,206.95","1,203.75","1,220.78",1088202,1328456261.35,56150.0,261935.0,24.07
BATAINDIA,EQ,13-Apr-2020,"1,242.45","1,240.00","1,242.45","1,154.20","1,198.00","1,191.80","1,182.51",1193225,1411006420.2,52756.0,,-
BATAINDIA,EQ,09-Apr-2020,"1,240.05","1,260.00","1,280.00","1,219.00","1,238.00","1,242.45","1,245.09",981112,1221574201.65,48359.0,167567.0,17.08
BATAINDIA,EQ,08-Apr-2020,"1,246.40","1,246.50","1,339.00","1,228.00","1,238.95","1,240.05","1,282.59",1346088,1726485633.0,66274.0,178676.0,13.27
BATAINDIA,EQ,07-Apr-2020,"1,190.75","1,232.00","1,282.80","1,202.45","1,251.00","1,246.40","1,246.22",901621,1123616510.15,44044.0,268942.0,29.83
BATAINDIA,EQ,03-Apr-2020,"1,189.70","1,201.90","1,215.00","1,146.30","1,190.00","1,190.75","1,185.57",737772,874679797.0,46694.0,197556.0,26.78
BATAINDIA,EQ,01-Apr-2020,"1,231.10","1,238.75","1,249.00","1,170.00","1,187.00","1,189.70","1,198.11",503551,603311341.9,45683.0,132243.0,26.26
BATAINDIA,EQ,31-Mar-2020,"1,207.50","1,275.00","1,275.00","1,205.05","1,233.00","1,231.10","1,228.10",513601,630751699.8,41911.0,145096.0,28.25
BATAINDIA,EQ,30-Mar-2020,"1,226.00","1,165.00","1,249.00","1,151.00","1,205.00","1,207.50","1,208.36",653877,790117719.3,43145.0,202660.0,30.99
BATAINDIA,EQ,27-Mar-2020,"1,230.80","1,290.00","1,293.95","1,190.00","1,225.35","1,226.00","1,234.98",975721,1204998715.45,67959.0,322232.0,33.03
BATAINDIA,EQ,26-Mar-2020,"1,153.00","1,150.00","1,268.30","1,125.00","1,260.00","1,230.80","1,205.22",1265040,1524656118.7,81236.0,325143.0,25.70
BATAINDIA,EQ,25-Mar-2020,"1,079.90","1,040.00","1,187.85","1,031.90","1,138.00","1,153.00","1,122.38",810634,909839777.75,47475.0,218212.0,26.92
BATAINDIA,EQ,24-Mar-2020,"1,061.40","1,100.00","1,129.60","1,052.55","1,085.00","1,079.90","1,085.13",610639,662622368.2,52585.0,177429.0,29.06
BATAINDIA,EQ,23-Mar-2020,"1,233.30","1,120.00","1,179.90","1,050.00","1,060.85","1,061.40","1,120.83",712740,798861917.6,51812.0,393311.0,55.18
BATAINDIA,EQ,20-Mar-2020,"1,100.50","1,109.00","1,295.00","1,097.80","1,241.00","1,233.30","1,183.56",1589648,1881441240.4,68465.0,584272.0,36.75
BATAINDIA,EQ,19-Mar-2020,"1,197.55","1,090.00","1,147.00","1,000.00","1,128.80","1,100.50","1,083.04",2256470,2443847015.3,104375.0,806011.0,35.72
BATAINDIA,EQ,18-Mar-2020,"1,306.50","1,330.00","1,331.95","1,180.00","1,200.00","1,197.55","1,238.42",904345,1119957743.25,51030.0,324649.0,35.90
BATAINDIA,EQ,17-Mar-2020,"1,346.75","1,346.75","1,369.95","1,298.00","1,313.00","1,306.50","1,334.69",875223,1168152873.45,38661.0,256562.0,29.31
BATAINDIA,EQ,16-Mar-2020,"1,462.95","1,400.00","1,457.40","1,330.50","1,343.00","1,346.75","1,374.86",750688,1032090355.5,60714.0,287839.0,38.34
BATAINDIA,EQ,13-Mar-2020,"1,411.55","1,272.00","1,488.00","1,272.00","1,462.90","1,462.95","1,403.64",1169086,1640975010.85,55208.0,406603.0,34.78
BATAINDIA,EQ,12-Mar-2020,"1,489.45","1,443.00","1,449.00","1,387.95","1,422.00","1,411.55","1,414.83",1444767,2044102237.5,58200.0,717171.0,49.64
BATAINDIA,EQ,11-Mar-2020,"1,505.65","1,515.00","1,532.90","1,468.30","1,492.00","1,489.45","1,493.96",925950,1383331181.9,37326.0,264482.0,28.56
BATAINDIA,EQ,09-Mar-2020,"1,549.30","1,510.00","1,540.95","1,455.35","1,517.00","1,505.65","1,492.68",769536,1148673050.05,42699.0,234616.0,30.49
BATAINDIA,EQ,06-Mar-2020,"1,612.95","1,550.00","1,574.00","1,536.05","1,549.00","1,549.30","1,558.18",734505,1144492366.85,49968.0,299509.0,40.78
BATAINDIA,EQ,05-Mar-2020,"1,589.35","1,600.00","1,624.80","1,542.50","1,605.00","1,612.95","1,589.10",944547,1500975065.6,47706.0,181860.0,19.25
BATAINDIA,EQ,04-Mar-2020,"1,618.60","1,625.80","1,636.00","1,537.45","1,589.15","1,589.35","1,590.33",1141196,1814876351.0,45377.0,360549.0,31.59
BATAINDIA,EQ,03-Mar-2020,"1,634.45","1,636.00","1,659.95","1,595.15","1,623.00","1,618.60","1,617.85",802303,1298005641.75,37297.0,234010.0,29.17
BATAINDIA,EQ,02-Mar-2020,"1,650.65","1,670.00","1,690.25","1,622.00","1,642.00","1,634.45","1,654.17",750864,1242057879.45,27796.0,257096.0,34.24
BATAINDIA,EQ,28-Feb-2020,"1,673.00","1,640.00","1,674.40","1,600.00","1,670.00","1,650.65","1,641.08",715808,1174695921.05,27423.0,239971.0,33.52
BATAINDIA,EQ,27-Feb-2020,"1,676.85","1,677.00","1,691.55","1,640.05","1,668.00","1,673.00","1,667.51",736450,1228039721.3,27922.0,201245.0,27.33
BATAINDIA,EQ,26-Feb-2020,"1,719.60","1,710.00","1,711.90","1,667.65","1,675.60","1,676.85","1,691.28",744063,1258422107.15,28303.0,221417.0,29.76
BATAINDIA,EQ,25-Feb-2020,"1,759.35","1,762.00","1,771.95","1,714.70","1,724.00","1,719.60","1,727.65",928904,1604825311.2,30401.0,360126.0,38.77
BATAINDIA,EQ,24-Feb-2020,"1,803.70","1,797.00","1,806.60","1,752.75","1,762.00","1,759.35","1,780.88",481816,858056120.95,39964.0,174790.0,36.28
BATAINDIA,EQ,20-Feb-2020,"1,802.30","1,800.00","1,824.85","1,795.20","1,804.00","1,803.70","1,814.29",478540,868208268.9,26968.0,173520.0,36.26
BATAINDIA,EQ,19-Feb-2020,"1,797.05","1,800.25","1,814.60","1,782.20","1,800.85","1,802.30","1,798.45",432521,777867401.8,26474.0,149572.0,34.58
BATAINDIA,EQ,18-Feb-2020,"1,785.15","1,782.80","1,817.95","1,781.00","1,793.55","1,797.05","1,799.79",766674,1379854090.0,26544.0,142713.0,18.61
BATAINDIA,EQ,17-Feb-2020,"1,783.25","1,789.40","1,804.75","1,763.00","1,784.00","1,785.15","1,787.95",427930,765116565.2,17011.0,163441.0,38.19
BATAINDIA,EQ,14-Feb-2020,"1,813.50","1,815.00","1,826.20","1,772.55","1,779.85","1,783.25","1,797.69",533112,958368890.9,26645.0,232632.0,43.64
BATAINDIA,EQ,13-Feb-2020,"1,823.30","1,830.00","1,837.90","1,809.40","1,813.00","1,813.50","1,817.36",370967,674181151.7,20519.0,126635.0,34.14
BATAINDIA,EQ,12-Feb-2020,"1,800.10","1,796.00","1,844.80","1,796.00","1,826.20","1,823.30","1,823.33",457610,834374648.35,17249.0,108408.0,23.69
BATAINDIA,EQ,11-Feb-2020,"1,821.40","1,837.00","1,839.85","1,793.45","1,795.75","1,800.10","1,813.72",463110,839951624.75,29003.0,153764.0,33.20
BATAINDIA,EQ,10-Feb-2020,"1,842.45","1,842.00","1,842.35","1,792.10","1,818.00","1,821.40","1,815.07",516217,936967599.3,23408.0,72457.0,14.04
BATAINDIA,EQ,07-Feb-2020,"1,853.95","1,879.70","1,895.45","1,812.65","1,834.00","1,842.45","1,849.47",2091261,3867727468.95,80724.0,251219.0,12.01
BATAINDIA,EQ,06-Feb-2020,"1,872.80","1,876.00","1,879.70","1,850.00","1,856.00","1,853.95","1,858.88",412053,765958157.4,21038.0,124219.0,30.15
BATAINDIA,EQ,05-Feb-2020,"1,866.10","1,869.95","1,879.90","1,857.00","1,872.85","1,872.80","1,870.81",291241,544857025.4,18126.0,63342.0,21.75
BATAINDIA,EQ,04-Feb-2020,"1,850.20","1,855.00","1,882.50","1,838.55","1,868.00","1,866.10","1,865.75",823360,1536184888.35,35296.0,100805.0,12.24
BATAINDIA,EQ,03-Feb-2020,"1,798.95","1,795.00","1,864.00","1,783.20","1,846.40","1,850.20","1,829.31",614043,1123274853.1,25176.0,190899.0,31.09
BATAINDIA,EQ,01-Feb-2020,"1,801.85","1,800.00","1,839.40","1,752.55","1,794.90","1,798.95","1,801.01",408227,735220064.5,19901.0,34999.0,8.57
BATAINDIA,EQ,31-Jan-2020,"1,826.95","1,840.00","1,842.00","1,796.85","1,804.40","1,801.85","1,811.94",278726,505035395.95,12005.0,92844.0,33.31
BATAINDIA,EQ,30-Jan-2020,"1,856.35","1,855.00","1,855.00","1,820.00","1,835.00","1,826.95","1,834.30",349924,641865993.95,17986.0,89143.0,25.47
BATAINDIA,EQ,29-Jan-2020,"1,833.25","1,840.00","1,860.00","1,822.00","1,855.00","1,856.35","1,843.14",451969,833043804.0,19036.0,110836.0,24.52
BATAINDIA,EQ,28-Jan-2020,"1,850.60","1,849.80","1,859.00","1,830.10","1,837.80","1,833.25","1,844.36",358185,660623597.35,17731.0,103885.0,29.00
BATAINDIA,EQ,27-Jan-2020,"1,846.80","1,839.00","1,866.00","1,831.20","1,842.00","1,850.60","1,851.05",793831,1469424662.9,27152.0,230865.0,29.08
BATAINDIA,EQ,24-Jan-2020,"1,800.60","1,800.90","1,850.40","1,800.60","1,848.75","1,846.80","1,835.55",1137330,2087626179.95,34521.0,115475.0,10.15
BATAINDIA,EQ,23-Jan-2020,"1,775.20","1,775.05","1,808.00","1,769.45","1,801.40","1,800.60","1,792.00",348369,624275820.75,16191.0,96607.0,27.73
BATAINDIA,EQ,22-Jan-2020,"1,788.35","1,782.00","1,791.95","1,765.50","1,773.85","1,775.20","1,776.48",305625,542937639.25,19615.0,81971.0,26.82
BATAINDIA,EQ,21-Jan-2020,"1,792.60","1,782.00","1,799.00","1,757.65","1,782.95","1,788.35","1,782.76",491307,875881998.65,22925.0,142250.0,28.95
BATAINDIA,EQ,20-Jan-2020,"1,789.70","1,789.00","1,804.95","1,780.55","1,790.90","1,792.60","1,792.92",367855,659535899.7,14680.0,78362.0,21.30
BATAINDIA,EQ,17-Jan-2020,"1,776.45","1,787.55","1,799.90","1,780.00","1,788.05","1,789.70","1,790.45",260827,466998746.55,13913.0,83831.0,32.14
BATAINDIA,EQ,16-Jan-2020,"1,788.15","1,794.00","1,803.00","1,772.45","1,774.80","1,776.45","1,787.02",353949,632512938.0,18768.0,110539.0,31.23
BATAINDIA,EQ,15-Jan-2020,"1,769.00","1,771.20","1,792.35","1,771.20","1,790.35","1,788.15","1,780.82",307090,546872756.05,11303.0,62150.0,20.24
BATAINDIA,EQ,14-Jan-2020,"1,757.40","1,760.00","1,784.45","1,755.00","1,766.10","1,769.00","1,772.40",950702,1685028379.85,27950.0,346210.0,36.42
BATAINDIA,EQ,13-Jan-2020,"1,755.70","1,758.30","1,766.45","1,751.25","1,757.10","1,757.40","1,757.49",150224,264016764.5,8538.0,33976.0,22.62
BATAINDIA,EQ,10-Jan-2020,"1,760.65","1,770.00","1,770.70","1,749.40","1,758.00","1,755.70","1,759.40",270427,475790588.05,8459.0,67749.0,25.05
BATAINDIA,EQ,09-Jan-2020,"1,730.90","1,740.00","1,771.75","1,733.60","1,757.00","1,760.65","1,753.15",456274,799914661.2,14191.0,108890.0,23.87
BATAINDIA,EQ,08-Jan-2020,"1,716.30","1,712.15","1,736.65","1,686.75","1,731.95","1,730.90","1,719.46",454711,781856420.9,16217.0,154419.0,33.96
BATAINDIA,EQ,07-Jan-2020,"1,704.55","1,710.00","1,738.15","1,705.40","1,721.00","1,716.30","1,723.93",446263,769324661.5,19025.0,119649.0,26.81
BATAINDIA,EQ,06-Jan-2020,"1,740.10","1,738.00","1,738.00","1,686.50","1,705.00","1,704.55","1,706.67",492883,841190373.55,13698.0,171774.0,34.85
BATAINDIA,EQ,03-Jan-2020,"1,751.00","1,751.10","1,757.25","1,730.15","1,741.80","1,740.10","1,742.06",233227,406296278.9,8789.0,37784.0,16.20
BATAINDIA,EQ,02-Jan-2020,"1,745.30","1,748.00","1,759.05","1,732.20","1,753.00","1,751.00","1,747.45",269100,470238333.85,10240.0,38453.0,14.29
BATAINDIA,EQ,01-Jan-2020,"1,751.55","1,751.55","1,764.70","1,743.50","1,746.20","1,745.30","1,752.25",214199,375330091.8,9131.0,30198.0,14.10
BATAINDIA,EQ,31-Dec-2019,"1,761.90","1,761.90","1,770.75","1,746.00","1,750.00","1,751.55","1,760.36",638499,1123989302.25,20903.0,72026.0,11.28
BATAINDIA,EQ,30-Dec-2019,"1,714.20","1,712.50","1,766.00","1,710.00","1,763.00","1,761.90","1,753.97",1233600,2163701028.75,33021.0,142250.0,11.53
BATAINDIA,EQ,28-Dec-2021,"1,821.00","1,821.00","1,843.95","1,815.40","1,830.00","1,826.25","1,830.63",217410,397997902.4,11390.0,81168.0,37.33
BATAINDIA,EQ,27-Dec-2021,"1,825.65","1,810.00","1,824.60","1,785.95","1,820.10","1,821.00","1,805.91",360302,650673623.85,17811.0,128580.0,35.69
BATAINDIA,EQ,24-Dec-2021,"1,857.55","1,860.00","1,864.95","1,820.20","1,823.65","1,825.65","1,838.93",171481,315341230.6,10081.0,47894.0,27.93
BATAINDIA,EQ,23-Dec-2021,"1,835.35","1,856.90","1,867.30","1,840.00","1,855.00","1,857.55","1,852.06",195325,361753093.7,9927.0,59134.0,30.27
BATAINDIA,EQ,22-Dec-2021,"1,817.15","1,828.90","1,857.80","1,814.00","1,841.90","1,835.35","1,828.59",389448,712141072.05,17989.0,193143.0,49.59
BATAINDIA,EQ,21-Dec-2021,"1,808.90","1,810.00","1,845.60","1,802.60","1,815.00","1,817.15","1,824.04",393103,717035384.4,17742.0,138112.0,35.13
BATAINDIA,EQ,20-Dec-2021,"1,851.65","1,843.80","1,845.00","1,780.20","1,802.75","1,808.90","1,819.82",727670,1324229956.85,36591.0,353428.0,48.57
BATAINDIA,EQ,17-Dec-2021,"1,910.90","1,914.00","1,916.65","1,843.80","1,852.50","1,851.65","1,874.31",441375,827272478.3,25106.0,234477.0,53.12
BATAINDIA,EQ,16-Dec-2021,"1,911.55","1,924.95","1,930.05","1,885.10","1,910.00","1,910.90","1,908.27",378675,722613840.6,17158.0,173172.0,45.73
BATAINDIA,EQ,15-Dec-2021,"1,957.50","1,962.00","1,972.00","1,905.00","1,909.00","1,911.55","1,925.71",651633,1254857777.45,11662.0,443849.0,68.11
BATAINDIA,EQ,14-Dec-2021,"2,000.65","1,996.30","2,005.95","1,942.70","1,959.85","1,957.50","1,955.64",577344,1129076280.65,23518.0,326854.0,56.61
BATAINDIA,EQ,13-Dec-2021,"2,033.30","2,040.00","2,057.25","1,994.35","2,000.25","2,000.65","2,027.49",385766,782136372.7,16282.0,170404.0,44.17
BATAINDIA,EQ,10-Dec-2021,"1,986.60","1,992.90","2,042.80","1,976.00","2,032.50","2,033.30","2,024.22",755890,1530084940.25,34063.0,213898.0,28.3
BATAINDIA,EQ,09-Dec-2021,"1,986.15","1,988.00","2,006.00","1,960.05","1,985.15","1,986.60","1,976.92",411124,812760708.6,16538.0,184473.0,44.87
BATAINDIA,EQ,08-Dec-2021,"1,915.90","1,921.00","1,992.80","1,914.05","1,984.95","1,986.15","1,958.09",723671,1417015114.3,38888.0,265104.0,36.63
BATAINDIA,EQ,07-Dec-2021,"1,857.35","1,867.10","1,921.90","1,860.65","1,914.20","1,915.90","1,895.14",359693,681669537.1,15093.0,142594.0,39.64
BATAINDIA,EQ,06-Dec-2021,"1,895.40","1,899.90","1,914.55","1,848.00","1,849.15","1,857.35","1,872.56",268501,502783389.2,12435.0,116644.0,43.44
BATAINDIA,EQ,03-Dec-2021,"1,914.85","1,914.80","1,937.65","1,889.35","1,896.40","1,895.40","1,913.70",257787,493327456.05,13196.0,98492.0,38.21
BATAINDIA,EQ,02-Dec-2021,"1,891.25","1,895.00","1,919.00","1,883.00","1,912.00","1,914.85","1,900.94",162850,309568686.15,9537.0,42899.0,26.34
BATAINDIA,EQ,01-Dec-2021,"1,878.20","1,911.00","1,920.35","1,874.60","1,893.90","1,891.25","1,892.21",218553,413548804.25,12052.0,51966.0,23.78
BATAINDIA,EQ,30-Nov-2021,"1,895.95","1,880.10","1,945.00","1,868.65","1,911.00","1,878.20","1,909.46",263424,502998415.75,18137.0,62297.0,23.65
BATAINDIA,EQ,29-Nov-2021,"1,919.75","1,890.00","1,913.40","1,845.75","1,899.80","1,895.95","1,890.80",546149,1032659155.55,30100.0,217902.0,39.9
BATAINDIA,EQ,26-Nov-2021,"2,037.85","2,019.30","2,029.55","1,900.25","1,917.90","1,919.75","1,938.71",650235,1260617621.4,58228.0,297713.0,45.79
BATAINDIA,EQ,25-Nov-2021,"2,039.70","2,040.00","2,050.40","2,020.60","2,033.95","2,037.85","2,035.15",193919,394653443.45,13647.0,26315.0,13.57
BATAINDIA,EQ,24-Nov-2021,"2,069.95","2,069.00","2,102.75","2,018.35","2,031.45","2,039.70","2,076.67",786350,1632990767.35,29323.0,106038.0,13.48
BATAINDIA,EQ,23-Nov-2021,"2,064.65","2,050.55","2,092.90","2,045.95","2,061.75","2,069.95","2,072.41",430674,892532910.7,24334.0,217886.0,50.59
BATAINDIA,EQ,22-Nov-2021,"2,144.35","2,100.00","2,128.90","2,038.25","2,064.00","2,064.65","2,078.63",513549,1067477472.4,33343.0,117285.0,22.84
BATAINDIA,EQ,18-Nov-2021,"2,174.35","2,180.80","2,207.70","2,126.05","2,145.00","2,144.35","2,158.11",349180,753569481.45,18625.0,102064.0,29.23
BATAINDIA,EQ,17-Nov-2021,"2,201.35","2,199.75","2,242.85","2,168.55","2,172.60","2,174.35","2,192.19",844944,1852273849.3,40691.0,160353.0,18.98
BATAINDIA,EQ,16-Nov-2021,"2,229.60","2,238.50","2,262.00","2,183.85","2,198.95","2,201.35","2,232.12",740559,1653015972.3,35093.0,189823.0,25.63
BATAINDIA,EQ,15-Nov-2021,"2,156.75","2,168.10","2,245.95","2,155.50","2,229.55","2,229.60","2,199.11",975525,2145284545.7,46638.0,350969.0,35.98
BATAINDIA,EQ,12-Nov-2021,"2,144.15","2,150.25","2,186.00","2,122.40","2,155.10","2,156.75","2,157.44",549920,1186418879.1,29855.0,115760.0,21.05
BATAINDIA,EQ,11-Nov-2021,"2,184.20","2,187.65","2,228.00","2,131.55","2,149.50","2,144.15","2,186.29",681997,1491044451.65,40932.0,117157.0,17.18
BATAINDIA,EQ,10-Nov-2021,"2,167.70","2,165.00","2,188.65","2,150.00","2,182.10","2,184.20","2,171.88",480099,1042715996.55,24438.0,97689.0,20.35
BATAINDIA,EQ,09-Nov-2021,"2,131.90","2,132.00","2,179.25","2,125.55","2,171.90","2,167.70","2,146.71",700997,1504840227.3,24474.0,195258.0,27.85
BATAINDIA,EQ,08-Nov-2021,"2,043.00","2,058.00","2,150.00","2,047.10","2,140.75","2,131.90","2,115.07",1035835,2190867968.45,54805.0,125227.0,12.09
BATAINDIA,EQ,04-Nov-2021,"2,035.35","2,055.00","2,064.90","2,035.35","2,050.00","2,043.00","2,046.68",173368,354828553.75,10564.0,44641.0,25.75
BATAINDIA,EQ,03-Nov-2021,"2,044.05","2,056.30","2,056.30","2,018.05","2,038.00","2,035.35","2,037.98",365125,744117527.4,16960.0,61366.0,16.81
BATAINDIA,EQ,02-Nov-2021,"1,996.85","1,997.00","2,052.00","1,992.65","2,041.70","2,044.05","2,027.96",471176,955528107.3,24743.0,76280.0,16.19
BATAINDIA,EQ,01-Nov-2021,"1,979.45","1,993.70","2,025.00","1,983.55","1,990.40","1,996.85","2,004.91",761222,1526178827.0,28096.0,132859.0,17.45
BATAINDIA,EQ,29-Oct-2021,"1,965.25","1,961.00","2,009.75","1,929.60","1,983.10","1,979.45","1,981.03",477895,946725034.05,22702.0,75849.0,15.87
BATAINDIA,EQ,28-Oct-2021,"1,992.95","1,993.40","2,005.40","1,950.00","1,970.90","1,965.25","1,974.29",235839,465614467.9,9846.0,60451.0,25.63
BATAINDIA,EQ,27-Oct-2021,"1,989.50","1,994.95","2,025.00","1,977.60","1,992.00","1,992.95","2,005.71",311511,624799941.75,14679.0,49271.0,15.82
BATAINDIA,EQ,26-Oct-2021,"1,956.90","1,957.00","2,004.80","1,957.00","1,995.00","1,989.50","1,982.49",274514,544220291.0,17578.0,50215.0,18.29
BATAINDIA,EQ,25-Oct-2021,"2,022.15","2,029.00","2,031.70","1,946.05","1,949.95","1,956.90","1,974.13",361774,714189966.8,16930.0,124907.0,34.53
BATAINDIA,EQ,22-Oct-2021,"2,052.75","2,053.00","2,077.00","2,006.00","2,027.60","2,022.15","2,044.79",455692,931793746.2,18807.0,190456.0,41.79
BATAINDIA,EQ,21-Oct-2021,"2,085.40","2,096.40","2,122.00","2,045.60","2,050.00","2,052.75","2,071.75",704426,1459396287.15,30493.0,287591.0,40.83
BATAINDIA,EQ,20-Oct-2021,"2,118.90","2,119.70","2,212.75","2,076.05","2,090.05","2,085.40","2,150.05",1715453,3688301540.3,93127.0,511721.0,29.83
BATAINDIA,EQ,19-Oct-2021,"2,120.45","2,121.00","2,168.00","2,094.25","2,117.00","2,118.90","2,136.47",418233,893540780.5,26534.0,93601.0,22.38
BATAINDIA,EQ,18-Oct-2021,"2,118.15","2,118.15","2,180.00","2,100.10","2,116.75","2,120.45","2,144.82",803750,1723896583.25,34287.0,246893.0,30.72
BATAINDIA,EQ,14-Oct-2021,"2,063.95","2,072.00","2,126.95","2,070.00","2,113.50","2,118.15","2,108.14",796551,1679243302.7,33848.0,303679.0,38.12
BATAINDIA,EQ,13-Oct-2021,"2,083.45","2,105.00","2,106.00","2,049.40","2,061.05","2,063.95","2,075.58",806107,1673138445.65,46952.0,198583.0,24.63
BATAINDIA,EQ,12-Oct-2021,"1,969.20","1,971.80","2,108.85","1,953.80","2,106.00","2,083.45","2,040.55",1032850,2107584618.95,47749.0,226661.0,21.95
BATAINDIA,EQ,11-Oct-2021,"1,963.85","1,984.85","2,023.30","1,955.00","1,959.20","1,969.20","1,993.92",785210,1565643156.65,38382.0,182703.0,23.27
BATAINDIA,EQ,08-Oct-2021,"1,944.40","1,965.05","1,978.80","1,921.30","1,959.00","1,963.85","1,956.86",908978,1778746854.9,40933.0,173062.0,19.04
BATAINDIA,EQ,07-Oct-2021,"1,826.75","1,845.00","1,952.90","1,832.35","1,952.00","1,944.40","1,913.75",1550818,2967870633.35,67356.0,358165.0,23.1
BATAINDIA,EQ,06-Oct-2021,"1,856.55","1,849.95","1,858.90","1,820.50","1,823.00","1,826.75","1,839.47",243645,448176498.5,15901.0,79124.0,32.48
BATAINDIA,EQ,05-Oct-2021,"1,868.95","1,869.85","1,875.00","1,841.40","1,848.00","1,856.55","1,859.68",764129,1421037114.95,29801.0,293167.0,38.37
BATAINDIA,EQ,04-Oct-2021,"1,834.70","1,853.05","1,886.95","1,835.10","1,875.00","1,868.95","1,862.81",898323,1673405297.15,52339.0,231769.0,25.8
BATAINDIA,EQ,01-Oct-2021,"1,778.15","1,778.00","1,852.95","1,762.50","1,841.00","1,834.70","1,824.90",1112709,2030582141.25,56096.0,245504.0,22.06
BATAINDIA,EQ,30-Sep-2021,"1,763.45","1,778.90","1,789.15","1,761.05","1,780.00","1,778.15","1,771.02",295085,522600636.45,14743.0,123198.0,41.75
BATAINDIA,EQ,29-Sep-2021,"1,767.85","1,767.00","1,780.15","1,740.25","1,763.85","1,763.45","1,758.45",454672,799518670.9,16441.0,198825.0,43.73
BATAINDIA,EQ,28-Sep-2021,"1,793.40","1,794.40","1,813.20","1,741.05","1,769.90","1,767.85","1,771.91",307051,544066657.75,14740.0,127279.0,41.45
BATAINDIA,EQ,27-Sep-2021,"1,768.25","1,768.25","1,819.90","1,766.00","1,790.00","1,793.40","1,800.50",548093,986841260.55,23987.0,188162.0,34.33
BATAINDIA,EQ,24-Sep-2021,"1,798.70","1,804.95","1,806.00","1,748.85","1,777.10","1,768.25","1,771.79",325662,577003738.8,20155.0,150277.0,46.15
BATAINDIA,EQ,23-Sep-2021,"1,798.85","1,823.00","1,823.00","1,789.00","1,796.05","1,798.70","1,800.76",464840,837064718.2,20587.0,225318.0,48.47
BATAINDIA,EQ,22-Sep-2021,"1,771.60","1,763.00","1,808.85","1,763.00","1,799.00","1,798.85","1,782.91",517890,923349019.85,21973.0,256286.0,49.49
BATAINDIA,EQ,21-Sep-2021,"1,758.40","1,773.20","1,780.00","1,736.40","1,771.15","1,771.60","1,751.60",495472,867869695.9,18461.0,247762.0,50.01
BATAINDIA,EQ,20-Sep-2021,"1,784.55","1,777.00","1,811.00","1,752.10","1,757.00","1,758.40","1,776.26",473978,841908928.85,26342.0,111698.0,23.57
BATAINDIA,EQ,17-Sep-2021,"1,804.80","1,807.60","1,829.00","1,779.30","1,792.80","1,784.55","1,805.42",368008,664410059.45,19501.0,134738.0,36.61
BATAINDIA,EQ,16-Sep-2021,"1,837.85","1,839.75","1,848.70","1,800.00","1,804.45","1,804.80","1,821.53",233139,424670044.9,12430.0,61342.0,26.31
BATAINDIA,EQ,15-Sep-2021,"1,793.60","1,804.00","1,842.00","1,784.15","1,835.00","1,837.85","1,821.29",1058718,1928231553.7,47050.0,458872.0,43.34
BATAINDIA,EQ,14-Sep-2021,"1,768.90","1,778.00","1,799.95","1,769.50","1,799.90","1,793.60","1,781.56",366410,652782572.1,13153.0,154897.0,42.27
BATAINDIA,EQ,13-Sep-2021,"1,737.75","1,741.80","1,776.60","1,723.05","1,773.60","1,768.90","1,762.94",581032,1024325149.55,21610.0,271085.0,46.66
BATAINDIA,EQ,09-Sep-2021,"1,733.80","1,734.80","1,746.00","1,715.00","1,741.80","1,737.75","1,726.99",152040,262571735.8,9506.0,57872.0,38.06
BATAINDIA,EQ,08-Sep-2021,"1,737.70","1,749.00","1,764.45","1,725.55","1,736.00","1,733.80","1,741.92",502830,875887149.0,18691.0,205383.0,40.85
BATAINDIA,EQ,07-Sep-2021,"1,751.50","1,745.00","1,759.55","1,733.00","1,739.10","1,737.70","1,742.35",192334,335112478.25,11431.0,83973.0,43.66
BATAINDIA,EQ,06-Sep-2021,"1,772.50","1,780.00","1,789.95","1,743.10","1,750.00","1,751.50","1,758.18",302755,532297741.1,13434.0,105350.0,34.8
BATAINDIA,EQ,03-Sep-2021,"1,787.25","1,793.00","1,803.40","1,765.00","1,774.95","1,772.50","1,779.82",219554,390765995.3,11560.0,79229.0,36.09
BATAINDIA,EQ,02-Sep-2021,"1,775.30","1,773.00","1,817.00","1,772.90","1,790.00","1,787.25","1,795.19",530270,951936591.15,26701.0,166923.0,31.48
BATAINDIA,EQ,01-Sep-2021,"1,771.80","1,776.50","1,805.00","1,764.00","1,770.00","1,775.30","1,782.02",489479,872261275.15,21385.0,175876.0,35.93
BATAINDIA,EQ,31-Aug-2021,"1,769.00","1,761.15","1,785.00","1,592.10","1,768.00","1,771.80","1,766.89",638971,1128992925.15,19936.0,211568.0,33.11
BATAINDIA,EQ,30-Aug-2021,"1,722.95","1,724.85","1,780.90","1,723.05","1,761.15","1,769.00","1,763.95",908355,1602295248.3,38399.0,306355.0,33.73
BATAINDIA,EQ,27-Aug-2021,"1,707.25","1,716.20","1,736.95","1,700.70","1,721.90","1,722.95","1,722.33",421246,725523134.15,13245.0,164936.0,39.15
BATAINDIA,EQ,26-Aug-2021,"1,716.95","1,716.00","1,732.55","1,701.30","1,713.00","1,707.25","1,712.69",288042,493325834.7,14183.0,93182.0,32.35
BATAINDIA,EQ,25-Aug-2021,"1,708.25","1,706.50","1,744.00","1,705.05","1,717.80","1,716.95","1,725.94",364034,628301997.25,20975.0,59721.0,16.41
BATAINDIA,EQ,24-Aug-2021,"1,727.75","1,730.00","1,736.75","1,702.35","1,707.95","1,708.25","1,715.54",339114,581761960.6,15607.0,111305.0,32.82
BATAINDIA,EQ,23-Aug-2021,"1,742.60","1,755.00","1,774.30","1,721.00","1,721.00","1,727.75","1,754.08",685320,1202107475.25,34398.0,166932.0,24.36
BATAINDIA,EQ,20-Aug-2021,"1,759.50","1,759.80","1,778.00","1,722.15","1,730.30","1,742.60","1,755.91",1321417,2320292260.3,57648.0,247693.0,18.74
BATAINDIA,EQ,18-Aug-2021,"1,730.60","1,740.00","1,768.50","1,719.05","1,763.10","1,759.50","1,742.71",929808,1620382640.3,34481.0,228723.0,24.6
BATAINDIA,EQ,17-Aug-2021,"1,691.35","1,690.00","1,737.35","1,676.90","1,725.00","1,730.60","1,715.20",653181,1120337165.1,34322.0,147338.0,22.56
BATAINDIA,EQ,16-Aug-2021,"1,705.05","1,706.00","1,721.35","1,682.25","1,688.05","1,691.35","1,700.24",455115,773806215.65,19685.0,155640.0,34.2
BATAINDIA,EQ,13-Aug-2021,"1,675.05","1,670.00","1,720.00","1,647.30","1,704.55","1,705.05","1,701.49",1126212,1916241505.7,41801.0,285409.0,25.34
BATAINDIA,EQ,12-Aug-2021,"1,666.10","1,656.00","1,755.00","1,656.00","1,673.00","1,675.05","1,704.80",3829161,6527953916.45,142282.0,354548.0,9.26
BATAINDIA,EQ,11-Aug-2021,"1,693.80","1,694.10","1,707.70","1,625.45","1,659.05","1,666.10","1,665.72",559771,932420310.85,29246.0,99250.0,17.73
BATAINDIA,EQ,10-Aug-2021,"1,675.80","1,679.00","1,724.00","1,668.00","1,695.50","1,693.80","1,697.73",1151720,1955306816.8,44307.0,232061.0,20.15
BATAINDIA,EQ,09-Aug-2021,"1,671.40","1,672.10","1,696.85","1,657.05","1,673.95","1,675.80","1,677.95",346543,581480240.1,14936.0,52866.0,15.26
BATAINDIA,EQ,06-Aug-2021,"1,651.20","1,654.20","1,695.00","1,650.00","1,673.25","1,671.40","1,673.89",393655,658936354.25,17506.0,58854.0,14.95
BATAINDIA,EQ,05-Aug-2021,"1,653.75","1,654.55","1,684.95","1,638.00","1,653.40","1,651.20","1,658.61",326498,541532400.3,14517.0,97268.0,29.79
BATAINDIA,EQ,04-Aug-2021,"1,688.70","1,695.00","1,708.00","1,649.15","1,655.00","1,653.75","1,668.28",559990,934221659.15,23076.0,96827.0,17.29
BATAINDIA,EQ,03-Aug-2021,"1,681.70","1,700.00","1,737.00","1,681.60","1,686.70","1,688.70","1,707.13",1608498,2745913221.45,64373.0,213368.0,13.27
BATAINDIA,EQ,02-Aug-2021,"1,619.20","1,629.80","1,699.35","1,622.55","1,699.35","1,681.70","1,659.23",761229,1263055632.7,30046.0,225254.0,29.59
BATAINDIA,EQ,30-Jul-2021,"1,612.25","1,620.00","1,640.00","1,612.95","1,627.70","1,619.20","1,625.66",430457,699777561.85,19024.0,102649.0,23.85
BATAINDIA,EQ,29-Jul-2021,"1,598.50","1,603.80","1,622.00","1,591.10","1,620.00","1,612.25","1,609.25",448640,721974965.7,20310.0,136561.0,30.44
BATAINDIA,EQ,28-Jul-2021,"1,582.70","1,577.00","1,602.25","1,559.00","1,596.00","1,598.50","1,585.13",255790,405459367.6,13542.0,73973.0,28.92
BATAINDIA,EQ,27-Jul-2021,"1,577.20","1,578.00","1,591.30","1,565.10","1,578.20","1,582.70","1,581.43",357983,566125639.65,18013.0,108652.0,30.35
BATAINDIA,EQ,26-Jul-2021,"1,598.55","1,600.00","1,608.05","1,573.00","1,576.25","1,577.20","1,589.56",285577,453940866.65,25685.0,93568.0,32.76
BATAINDIA,EQ,23-Jul-2021,"1,583.10","1,592.00","1,607.45","1,571.90","1,601.85","1,598.55","1,588.40",643778,1022574614.5,29277.0,280770.0,43.61
BATAINDIA,EQ,22-Jul-2021,"1,554.40","1,570.00","1,594.00","1,557.90","1,584.60","1,583.10","1,582.43",506080,800835342.9,18412.0,199557.0,39.43
BATAINDIA,EQ,20-Jul-2021,"1,607.00","1,610.00","1,610.00","1,550.00","1,555.00","1,554.40","1,564.63",427288,668546357.5,18498.0,153717.0,35.98
BATAINDIA,EQ,19-Jul-2021,"1,618.70","1,618.00","1,635.00","1,600.80","1,604.00","1,607.00","1,620.69",529078,857473002.55,22627.0,149537.0,28.26
BATAINDIA,EQ,16-Jul-2021,"1,574.50","1,579.95","1,628.50","1,565.10","1,618.20","1,618.70","1,603.24",1508222,2418044841.4,41827.0,702700.0,46.59
BATAINDIA,EQ,15-Jul-2021,"1,588.95","1,596.90","1,596.90","1,569.65","1,576.00","1,574.50","1,578.82",652061,1029487995.95,19722.0,392711.0,60.23
BATAINDIA,EQ,14-Jul-2021,"1,568.85","1,570.10","1,602.40","1,567.10","1,590.45","1,588.95","1,590.34",805623,1281216385.35,29017.0,288201.0,35.77
BATAINDIA,EQ,13-Jul-2021,"1,567.60","1,572.10","1,579.95","1,555.20","1,569.30","1,568.85","1,570.07",518271,813720679.4,14817.0,357205.0,68.92
BATAINDIA,EQ,12-Jul-2021,"1,571.00","1,577.90","1,582.75","1,560.55","1,567.00","1,567.60","1,566.26",422105,661127388.15,9531.0,257891.0,61.1
BATAINDIA,EQ,09-Jul-2021,"1,575.45","1,572.00","1,586.75","1,567.10","1,572.40","1,571.00","1,575.79",121428,191345095.9,9128.0,32290.0,26.59
BATAINDIA,EQ,08-Jul-2021,"1,577.00","1,578.20","1,588.00","1,559.00","1,575.50","1,575.45","1,572.34",203384,319789213.2,9664.0,77579.0,38.14
BATAINDIA,EQ,07-Jul-2021,"1,585.55","1,586.75","1,597.80","1,569.00","1,580.00","1,577.00","1,580.57",255961,404564038.85,8215.0,100059.0,39.09
BATAINDIA,EQ,06-Jul-2021,"1,579.25","1,580.50","1,611.95","1,580.50","1,588.00","1,585.55","1,596.24",574631,917250741.4,23198.0,151121.0,26.3
BATAINDIA,EQ,05-Jul-2021,"1,589.15","1,597.80","1,602.95","1,576.05","1,579.95","1,579.25","1,592.43",297575,473867733.75,10122.0,147601.0,49.6
BATAINDIA,EQ,02-Jul-2021,"1,596.85","1,599.95","1,614.40","1,585.30","1,590.00","1,589.15","1,596.67",491676,785043095.95,14736.0,200991.0,40.88
BATAINDIA,EQ,01-Jul-2021,"1,596.75","1,605.00","1,605.00","1,583.05","1,599.20","1,596.85","1,592.91",126348,201261208.15,7572.0,23263.0,18.41
BATAINDIA,EQ,30-Jun-2021,"1,601.00","1,600.00","1,602.15","1,587.70","1,597.00","1,596.75","1,597.72",248505,397041223.8,8335.0,96351.0,38.77
BATAINDIA,EQ,29-Jun-2021,"1,625.60","1,625.00","1,626.95","1,598.25","1,598.80","1,601.00","1,608.13",375572,603968703.0,12785.0,189964.0,50.58
BATAINDIA,EQ,28-Jun-2021,"1,629.95","1,629.95","1,638.00","1,620.25","1,628.40","1,625.60","1,626.61",90381,147014543.05,4696.0,18489.0,20.46
BATAINDIA,EQ,25-Jun-2021,"1,648.60","1,651.90","1,659.15","1,625.45","1,631.95","1,629.95","1,635.65",286082,467929035.75,11497.0,104082.0,36.38
BATAINDIA,EQ,24-Jun-2021,"1,661.95","1,661.95","1,664.80","1,642.50","1,645.90","1,648.60","1,650.00",252307,416305495.3,14634.0,80272.0,31.82
BATAINDIA,EQ,23-Jun-2021,"1,667.15","1,667.15","1,675.90","1,651.35","1,661.00","1,661.95","1,663.79",223164,371298756.9,11095.0,31062.0,13.92
BATAINDIA,EQ,22-Jun-2021,"1,662.90","1,670.00","1,696.95","1,660.15","1,667.00","1,667.15","1,684.40",562960,948247639.95,31218.0,128024.0,22.74
BATAINDIA,EQ,21-Jun-2021,"1,644.05","1,630.00","1,669.45","1,620.00","1,665.00","1,662.90","1,650.15",288452,475989134.2,12426.0,47536.0,16.48
BATAINDIA,EQ,18-Jun-2021,"1,671.30","1,675.00","1,680.80","1,630.00","1,642.85","1,644.05","1,653.20",536074,886235332.85,25567.0,197677.0,36.87
BATAINDIA,EQ,17-Jun-2021,"1,646.10","1,630.00","1,680.00","1,628.00","1,668.05","1,671.30","1,666.58",664478,1107404923.15,24881.0,134405.0,20.23
BATAINDIA,EQ,16-Jun-2021,"1,646.15","1,645.90","1,658.00","1,626.30","1,641.00","1,646.10","1,644.10",377183,620124901.85,16934.0,90574.0,24.01
BATAINDIA,EQ,15-Jun-2021,"1,641.25","1,648.00","1,651.45","1,638.05","1,640.15","1,646.15","1,644.48",261958,430785032.1,10369.0,75093.0,28.67
BATAINDIA,EQ,14-Jun-2021,"1,633.15","1,633.15","1,645.00","1,602.35","1,645.00","1,641.25","1,632.62",384607,627915376.65,17330.0,81587.0,21.21
BATAINDIA,EQ,11-Jun-2021,"1,632.10","1,630.00","1,643.75","1,612.05","1,631.00","1,633.15","1,629.03",620791,1011286754.8,26385.0,84969.0,13.69
BATAINDIA,EQ,10-Jun-2021,"1,557.85","1,551.60","1,659.00","1,551.60","1,633.00","1,632.10","1,626.01",5103355,8298130720.6,175140.0,546259.0,10.7
BATAINDIA,EQ,09-Jun-2021,"1,574.55","1,578.00","1,584.80","1,551.00","1,551.95","1,557.85","1,571.84",429517,675133377.15,21555.0,84673.0,19.71
BATAINDIA,EQ,08-Jun-2021,"1,575.40","1,575.00","1,590.95","1,560.15","1,573.10","1,574.55","1,574.81",407165,641207040.15,16381.0,96368.0,23.67
BATAINDIA,EQ,07-Jun-2021,"1,558.95","1,558.80","1,598.75","1,552.00","1,572.55","1,575.40","1,581.27",920780,1456003551.7,34014.0,295626.0,32.11
BATAINDIA,EQ,04-Jun-2021,"1,550.70","1,548.05","1,562.85","1,541.05","1,560.00","1,558.95","1,553.72",219389,340868054.9,14163.0,80722.0,36.79
BATAINDIA,EQ,03-Jun-2021,"1,543.85","1,548.90","1,564.90","1,545.05","1,550.10","1,550.70","1,555.03",251191,390608365.4,11629.0,84029.0,33.45
BATAINDIA,EQ,02-Jun-2021,"1,540.70","1,534.90","1,562.00","1,533.25","1,541.20","1,543.85","1,547.44",445135,688819793.55,17896.0,151150.0,33.96
BATAINDIA,EQ,01-Jun-2021,"1,547.45","1,545.85","1,554.00","1,527.50","1,539.00","1,540.70","1,538.30",261666,402522064.55,9647.0,86097.0,32.9
BATAINDIA,EQ,31-May-2021,"1,545.10","1,540.00","1,554.90","1,536.15","1,545.00","1,547.45","1,544.50",301710,465992472.05,14611.0,94355.0,31.27
BATAINDIA,EQ,28-May-2021,"1,546.00","1,545.85","1,554.00","1,536.10","1,543.55","1,545.10","1,545.65",270129,417526234.8,12135.0,76357.0,28.27
BATAINDIA,EQ,27-May-2021,"1,535.40","1,531.90","1,559.85","1,528.50","1,549.00","1,546.00","1,546.66",607251,939210600.8,19788.0,166926.0,27.49
BATAINDIA,EQ,26-May-2021,"1,531.00","1,530.85","1,546.10","1,518.00","1,533.10","1,535.40","1,535.62",511638,785681556.95,24922.0,119897.0,23.43
BATAINDIA,EQ,25-May-2021,"1,512.45","1,519.00","1,544.95","1,518.00","1,530.75","1,531.00","1,535.33",961693,1476515789.05,50912.0,278459.0,28.96
BATAINDIA,EQ,24-May-2021,"1,484.65","1,492.90","1,515.00","1,489.00","1,513.70","1,512.45","1,507.84",523803,789809304.35,30423.0,159350.0,30.42
BATAINDIA,EQ,21-May-2021,"1,473.95","1,478.00","1,504.00","1,464.70","1,484.30","1,484.65","1,490.66",938434,1398884603.1,30034.0,145715.0,15.53
BATAINDIA,EQ,20-May-2021,"1,474.85","1,478.00","1,479.85","1,452.50","1,476.00","1,473.95","1,469.23",443297,651305248.3,18815.0,76612.0,17.28
BATAINDIA,EQ,19-May-2021,"1,450.80","1,454.00","1,493.00","1,451.00","1,469.60","1,474.85","1,478.87",1340980,1983130192.8,42577.0,215809.0,16.09
BATAINDIA,EQ,18-May-2021,"1,406.40","1,412.00","1,457.50","1,408.05","1,456.70","1,450.80","1,436.22",944888,1357071753.45,35069.0,351372.0,37.19
BATAINDIA,EQ,17-May-2021,"1,386.90","1,424.35","1,442.55","1,372.00","1,403.00","1,406.40","1,409.66",2647921,3732664702.4,85770.0,467053.0,17.64
BATAINDIA,EQ,14-May-2021,"1,348.75","1,348.75","1,394.35","1,342.35","1,386.00","1,386.90","1,374.84",875685,1203924316.3,30064.0,180772.0,20.64
BATAINDIA,EQ,12-May-2021,"1,368.45","1,370.00","1,379.70","1,344.15","1,350.00","1,348.75","1,357.02",592187,803608280.6,24244.0,132870.0,22.44
BATAINDIA,EQ,11-May-2021,"1,348.55","1,348.00","1,371.00","1,342.00","1,368.65","1,368.45","1,360.65",307160,417936089.1,10982.0,77937.0,25.37
BATAINDIA,EQ,10-May-2021,"1,351.35","1,358.10","1,362.45","1,341.75","1,353.80","1,348.55","1,351.37",278032,375723118.55,8889.0,120570.0,43.37
BATAINDIA,EQ,07-May-2021,"1,352.10","1,359.20","1,362.90","1,346.10","1,348.95","1,351.35","1,352.37",137761,186304438.65,6029.0,40662.0,29.52
BATAINDIA,EQ,06-May-2021,"1,359.80","1,365.00","1,374.00","1,348.00","1,359.95","1,352.10","1,358.11",252451,342857394.0,13882.0,113658.0,45.02
BATAINDIA,EQ,05-May-2021,"1,357.30","1,368.60","1,368.60","1,353.55","1,358.00","1,359.80","1,360.86",323774,440611467.05,10819.0,116654.0,36.03
BATAINDIA,EQ,04-May-2021,"1,348.10","1,355.00","1,372.00","1,338.65","1,362.00","1,357.30","1,357.02",462920,628190063.25,17990.0,118523.0,25.6
BATAINDIA,EQ,03-May-2021,"1,369.55","1,360.00","1,364.30","1,340.00","1,347.00","1,348.10","1,348.16",266065,358698269.95,12064.0,77541.0,29.14
BATAINDIA,EQ,30-Apr-2021,"1,350.50","1,335.00","1,382.45","1,335.00","1,362.05","1,369.55","1,368.86",822288,1125599188.25,28181.0,254447.0,30.94
BATAINDIA,EQ,29-Apr-2021,"1,348.95","1,359.90","1,362.30","1,339.05","1,350.00","1,350.50","1,350.36",564376,762108850.3,19886.0,251182.0,44.51
BATAINDIA,EQ,28-Apr-2021,"1,345.85","1,349.35","1,366.60","1,345.40","1,349.00","1,348.95","1,355.29",489376,663248316.8,19055.0,169548.0,34.65
BATAINDIA,EQ,27-Apr-2021,"1,341.70","1,345.00","1,353.00","1,334.30","1,349.60","1,345.85","1,345.03",476838,641359779.2,16620.0,123808.0,25.96
BATAINDIA,EQ,26-Apr-2021,"1,303.05","1,315.00","1,346.95","1,303.05","1,341.95","1,341.70","1,333.92",951088,1268671603.75,37553.0,217702.0,22.89
BATAINDIA,EQ,23-Apr-2021,"1,297.45","1,294.00","1,326.00","1,290.65","1,303.75","1,303.05","1,312.78",718100,942705920.05,30383.0,155769.0,21.69
BATAINDIA,EQ,22-Apr-2021,"1,297.65","1,290.00","1,300.80","1,270.20","1,299.00","1,297.45","1,287.51",702741,904788103.75,28718.0,178541.0,25.41
BATAINDIA,EQ,20-Apr-2021,"1,288.45","1,300.00","1,329.75","1,288.00","1,296.00","1,297.65","1,310.91",517858,678867366.5,24553.0,94909.0,18.33
BATAINDIA,EQ,19-Apr-2021,"1,323.55","1,314.35","1,314.35","1,263.60","1,285.00","1,288.45","1,279.46",1250432,1599874484.35,57678.0,324940.0,25.99
BATAINDIA,EQ,16-Apr-2021,"1,317.10","1,318.00","1,328.65","1,313.10","1,324.65","1,323.55","1,320.14",561027,740631612.35,21469.0,257381.0,45.88
BATAINDIA,EQ,15-Apr-2021,"1,313.00","1,305.00","1,323.00","1,293.95","1,316.65","1,317.10","1,306.96",344436,450165108.1,17119.0,60977.0,17.7
BATAINDIA,EQ,13-Apr-2021,"1,305.90","1,306.00","1,331.45","1,300.75","1,316.00","1,313.00","1,313.90",409573,538137900.35,24736.0,154007.0,37.6
BATAINDIA,EQ,12-Apr-2021,"1,391.20","1,378.00","1,384.95","1,298.00","1,307.80","1,305.90","1,323.37",824030,1090495756.75,47775.0,363166.0,44.07
BATAINDIA,EQ,09-Apr-2021,"1,405.20","1,410.60","1,411.35","1,390.00","1,394.00","1,391.20","1,398.16",407070,569147611.3,23332.0,175513.0,43.12
BATAINDIA,EQ,08-Apr-2021,"1,387.80","1,394.00","1,413.20","1,390.00","1,407.50","1,405.20","1,402.88",424826,595981107.15,21597.0,178755.0,42.08
BATAINDIA,EQ,07-Apr-2021,"1,389.95","1,393.00","1,407.25","1,384.00","1,390.90","1,387.80","1,392.14",587047,817248686.6,38146.0,330798.0,56.35
BATAINDIA,EQ,06-Apr-2021,"1,396.55","1,400.75","1,414.20","1,386.05","1,392.00","1,389.95","1,398.44",688522,962858318.55,31317.0,290504.0,42.19
BATAINDIA,EQ,05-Apr-2021,"1,425.05","1,431.90","1,434.85","1,380.80","1,398.80","1,396.55","1,399.68",743916,1041243809.0,31924.0,332038.0,44.63
BATAINDIA,EQ,01-Apr-2021,"1,406.20","1,416.55","1,437.75","1,410.55","1,427.60","1,425.05","1,423.11",573721,816469458.95,20503.0,118255.0,20.61
BATAINDIA,EQ,31-Mar-2021,"1,404.25","1,403.00","1,419.00","1,398.00","1,400.20","1,406.20","1,405.82",435917,612819147.4,23423.0,209319.0,48.02
BATAINDIA,EQ,30-Mar-2021,"1,411.95","1,423.70","1,432.00","1,396.50","1,405.60","1,404.25","1,408.53",478319,673726632.8,22705.0,249397.0,52.14
BATAINDIA,EQ,26-Mar-2021,"1,429.70","1,435.20","1,446.00","1,410.00","1,414.60","1,411.95","1,419.65",503620,714964521.4,19290.0,220064.0,43.7
BATAINDIA,EQ,25-Mar-2021,"1,454.20","1,450.15","1,451.10","1,402.65","1,427.50","1,429.70","1,427.24",646909,923294278.7,29336.0,302509.0,46.76
BATAINDIA,EQ,24-Mar-2021,"1,488.20","1,485.00","1,498.25","1,450.90","1,452.00","1,454.20","1,470.02",351219,516298996.95,16334.0,82964.0,23.62
BATAINDIA,EQ,23-Mar-2021,"1,476.05","1,480.00","1,502.00","1,478.05","1,489.90","1,488.20","1,491.53",291660,435020147.05,9573.0,76964.0,26.39
BATAINDIA,EQ,22-Mar-2021,"1,489.80","1,489.80","1,491.00","1,468.50","1,485.00","1,476.05","1,477.85",264088,390281173.15,12944.0,89212.0,33.78
BATAINDIA,EQ,19-Mar-2021,"1,470.85","1,468.00","1,500.00","1,430.10","1,492.00","1,489.80","1,474.04",872243,1285720284.45,23968.0,423450.0,48.55
BATAINDIA,EQ,18-Mar-2021,"1,480.35","1,490.20","1,497.00","1,450.05","1,469.90","1,470.85","1,470.29",498162,732443717.9,18735.0,205642.0,41.28
BATAINDIA,EQ,17-Mar-2021,"1,487.65","1,490.80","1,495.00","1,475.00","1,481.40","1,480.35","1,484.94",402058,597031145.05,18117.0,178074.0,44.29
BATAINDIA,EQ,16-Mar-2021,"1,494.90","1,499.60","1,527.90","1,484.00","1,488.00","1,487.65","1,501.18",502157,753829409.6,21250.0,122246.0,24.34
BATAINDIA,EQ,15-Mar-2021,"1,505.70","1,505.70","1,510.90","1,484.25","1,495.50","1,494.90","1,497.21",380719,570017877.8,18330.0,99053.0,26.02
BATAINDIA,EQ,12-Mar-2021,"1,506.10","1,511.00","1,538.75","1,499.50","1,504.95","1,505.70","1,522.95",803764,1224096032.55,32577.0,145562.0,18.11
BATAINDIA,EQ,10-Mar-2021,"1,503.05","1,513.70","1,516.65","1,497.00","1,505.00","1,506.10","1,507.39",399175,601710551.85,12948.0,93811.0,23.5
BATAINDIA,EQ,09-Mar-2021,"1,499.65","1,506.05","1,513.50","1,496.00","1,508.00","1,503.05","1,503.29",464229,697869845.9,17790.0,92115.0,19.84
BATAINDIA,EQ,08-Mar-2021,"1,527.35","1,529.50","1,542.50","1,495.55","1,500.00","1,499.65","1,513.86",453522,686568126.5,19962.0,193566.0,42.68
BATAINDIA,EQ,05-Mar-2021,"1,523.90","1,520.00","1,546.00","1,516.45","1,531.20","1,527.35","1,531.27",835691,1279668709.75,37723.0,313121.0,37.47
BATAINDIA,EQ,04-Mar-2021,"1,525.00","1,514.95","1,534.00","1,501.00","1,524.50","1,523.90","1,522.66",359713,547719727.2,14660.0,116690.0,32.44
BATAINDIA,EQ,03-Mar-2021,"1,494.95","1,502.80","1,528.00","1,490.70","1,524.00","1,525.00","1,514.99",623008,943847847.05,30056.0,245810.0,39.46
BATAINDIA,EQ,02-Mar-2021,"1,468.90","1,479.90","1,500.00","1,467.05","1,495.80","1,494.95","1,485.07",452175,671509848.45,19109.0,108381.0,23.97
BATAINDIA,EQ,01-Mar-2021,"1,438.20","1,450.00","1,478.00","1,444.00","1,471.50","1,468.90","1,462.51",540241,790110134.8,32196.0,167035.0,30.92
BATAINDIA,EQ,26-Feb-2021,"1,482.60","1,476.00","1,485.50","1,434.15","1,440.00","1,438.20","1,449.68",762209,1104956602.1,29723.0,366965.0,48.14
BATAINDIA,EQ,25-Feb-2021,"1,476.15","1,480.65","1,494.60","1,470.00","1,482.50","1,482.60","1,483.81",531883,789212120.5,30487.0,126873.0,23.85
BATAINDIA,EQ,24-Feb-2021,"1,479.00","1,483.00","1,486.00","1,452.00","1,478.80","1,476.15","1,476.54",238131,351608958.85,11414.0,101023.0,42.42
BATAINDIA,EQ,23-Feb-2021,"1,465.80","1,469.95","1,490.00","1,440.00","1,476.45","1,479.00","1,468.38",783425,1150367024.9,36818.0,129338.0,16.51
BATAINDIA,EQ,22-Feb-2021,"1,499.00","1,500.00","1,506.60","1,455.95","1,459.95","1,465.80","1,481.41",533653,790559117.25,27730.0,150800.0,28.26
BATAINDIA,EQ,19-Feb-2021,"1,515.45","1,510.00","1,532.90","1,487.55","1,503.85","1,499.00","1,513.71",589909,892951909.55,31168.0,138745.0,23.52
BATAINDIA,EQ,18-Feb-2021,"1,509.35","1,518.65","1,527.70","1,495.55","1,515.95","1,515.45","1,511.97",595494,900371854.3,21031.0,115670.0,19.42
BATAINDIA,EQ,17-Feb-2021,"1,524.65","1,524.90","1,529.20","1,499.10","1,510.00","1,509.35","1,508.81",588985,888665174.05,27699.0,179842.0,30.53
BATAINDIA,EQ,16-Feb-2021,"1,553.05","1,551.10","1,564.00","1,521.00","1,524.90","1,524.65","1,537.53",426008,654998857.05,19576.0,90104.0,21.15
BATAINDIA,EQ,15-Feb-2021,"1,527.45","1,535.00","1,563.60","1,525.00","1,551.00","1,553.05","1,550.29",1111388,1722968699.7,42974.0,245929.0,22.13
BATAINDIA,EQ,12-Feb-2021,"1,531.45","1,536.20","1,568.80","1,522.50","1,531.80","1,527.45","1,547.37",1069067,1654242721.25,32235.0,163007.0,15.25
BATAINDIA,EQ,11-Feb-2021,"1,569.05","1,492.00","1,542.60","1,461.10","1,528.00","1,531.45","1,506.38",4748507,7153047213.4,215431.0,1067943.0,22.49
BATAINDIA,EQ,10-Feb-2021,"1,574.80","1,574.00","1,591.00","1,544.60","1,567.10","1,569.05","1,560.59",719984,1123601036.75,33945.0,234777.0,32.61
BATAINDIA,EQ,09-Feb-2021,"1,592.70","1,601.00","1,602.60","1,571.10","1,574.00","1,574.80","1,584.61",519405,823056522.2,21412.0,81998.0,15.79
BATAINDIA,EQ,08-Feb-2021,"1,548.20","1,555.10","1,597.95","1,555.00","1,591.00","1,592.70","1,582.85",755764,1196262519.95,30688.0,207486.0,27.45
BATAINDIA,EQ,05-Feb-2021,"1,590.20","1,591.00","1,602.00","1,545.45","1,550.25","1,548.20","1,563.37",645291,1008825404.2,24370.0,250539.0,38.83
BATAINDIA,EQ,04-Feb-2021,"1,569.85","1,575.00","1,595.95","1,565.10","1,591.15","1,590.20","1,584.44",473717,750577111.0,18960.0,75822.0,16.01
BATAINDIA,EQ,03-Feb-2021,"1,540.55","1,546.00","1,589.00","1,536.90","1,577.00","1,569.85","1,567.92",838170,1314186436.9,32868.0,147974.0,17.65
BATAINDIA,EQ,02-Feb-2021,"1,531.30","1,549.90","1,559.95","1,518.15","1,541.95","1,540.55","1,539.72",440122,677662679.0,21579.0,131785.0,29.94
BATAINDIA,EQ,01-Feb-2021,"1,501.30","1,511.90","1,536.90","1,477.00","1,530.00","1,531.30","1,506.98",401486,605029670.45,21031.0,96288.0,23.98
BATAINDIA,EQ,29-Jan-2021,"1,523.85","1,536.95","1,544.00","1,495.00","1,503.75","1,501.30","1,524.88",340412,519087574.75,24535.0,88013.0,25.85
BATAINDIA,EQ,28-Jan-2021,"1,513.15","1,504.00","1,538.00","1,498.35","1,524.25","1,523.85","1,521.56",586400,892242209.95,21234.0,73621.0,12.55
BATAINDIA,EQ,27-Jan-2021,"1,559.05","1,556.00","1,556.00","1,506.25","1,522.00","1,513.15","1,530.88",515318,788888143.95,21450.0,99780.0,19.36
BATAINDIA,EQ,25-Jan-2021,"1,567.85","1,595.30","1,595.30","1,525.45","1,556.10","1,559.05","1,550.02",642153,995351667.25,34183.0,99426.0,15.48
BATAINDIA,EQ,22-Jan-2021,"1,601.30","1,609.00","1,618.65","1,560.20","1,565.20","1,567.85","1,587.97",647209,1027746750.35,31398.0,105747.0,16.34
BATAINDIA,EQ,21-Jan-2021,"1,631.45","1,639.50","1,650.00","1,586.00","1,608.00","1,601.30","1,629.40",580189,945362822.35,28057.0,93990.0,16.2
BATAINDIA,EQ,20-Jan-2021,"1,614.40","1,622.00","1,648.00","1,615.35","1,634.80","1,631.45","1,630.08",606830,989180584.55,24566.0,92407.0,15.23
BATAINDIA,EQ,19-Jan-2021,"1,584.60","1,586.20","1,620.00","1,582.50","1,618.00","1,614.40","1,604.98",751933,1206839725.35,26951.0,171897.0,22.86
BATAINDIA,EQ,18-Jan-2021,"1,607.00","1,601.00","1,618.00","1,548.50","1,575.00","1,584.60","1,575.96",875089,1379109374.7,41798.0,302202.0,34.53
BATAINDIA,EQ,15-Jan-2021,"1,632.05","1,632.05","1,647.00","1,586.45","1,601.00","1,607.00","1,615.71",725215,1171734970.2,31049.0,128071.0,17.66
BATAINDIA,EQ,14-Jan-2021,"1,634.55","1,644.45","1,655.00","1,625.05","1,631.10","1,632.05","1,639.19",456894,748935505.75,17507.0,89177.0,19.52
BATAINDIA,EQ,13-Jan-2021,"1,624.25","1,638.00","1,662.00","1,612.00","1,636.00","1,634.55","1,639.01",1016507,1666066354.7,37878.0,144744.0,14.24
BATAINDIA,EQ,12-Jan-2021,"1,621.60","1,623.80","1,659.00","1,618.20","1,625.80","1,624.25","1,643.09",789123,1296602183.65,38096.0,197492.0,25.03
BATAINDIA,EQ,11-Jan-2021,"1,649.15","1,657.00","1,671.00","1,611.60","1,627.90","1,621.60","1,638.38",623686,1021837723.0,27138.0,158085.0,25.35
BATAINDIA,EQ,08-Jan-2021,"1,640.85","1,660.00","1,662.30","1,614.45","1,648.45","1,649.15","1,649.54",643757,1061901921.85,28034.0,194475.0,30.21
BATAINDIA,EQ,07-Jan-2021,"1,658.30","1,670.00","1,674.90","1,630.50","1,639.00","1,640.85","1,650.05",934569,1542086542.15,40772.0,221106.0,23.66
BATAINDIA,EQ,06-Jan-2021,"1,608.20","1,618.00","1,681.95","1,610.00","1,658.00","1,658.30","1,658.07",3377267,5599731832.05,113167.0,507967.0,15.04
BATAINDIA,EQ,05-Jan-2021,"1,594.85","1,587.55","1,614.80","1,580.00","1,610.00","1,608.20","1,599.62",745368,1192303669.3,27265.0,195486.0,26.23
BATAINDIA,EQ,04-Jan-2021,"1,573.90","1,585.00","1,603.00","1,566.00","1,594.00","1,594.85","1,589.73",523821,832731605.85,21909.0,126839.0,24.21
BATAINDIA,EQ,01-Jan-2021,"1,579.65","1,587.80","1,592.25","1,570.25","1,576.95","1,573.90","1,578.29",353873,558513918.85,13198.0,98161.0,27.74
BATAINDIA,EQ,31-Dec-2020,"1,581.10","1,580.00","1,593.70","1,570.00","1,579.90","1,579.65","1,582.19",398606,630672214.55,16242.0,90294.0,22.65
BATAINDIA,EQ,30-Dec-2020,"1,584.40","1,580.00","1,588.55","1,570.00","1,581.70","1,581.10","1,578.49",320841,506444027.7,12032.0,67346.0,20.99
BATAINDIA,EQ,29-Dec-2020,"1,609.70","1,617.00","1,617.00","1,576.50","1,589.05","1,584.40","1,591.90",507359,807667085.5,19831.0,108628.0,21.41
BATAINDIA,EQ,28-Dec-2022,"1,637.40","1,644.60","1,653.45","1,623.30","1,629.00","1,635.95","1,641.41",392708,644595891.7,16457.0,181784.0,46.29
BATAINDIA,EQ,27-Dec-2022,"1,622.90","1,632.00","1,644.00","1,614.60","1,639.00","1,637.40","1,628.34",265983,433110644.1,12148.0,97182.0,36.54
BATAINDIA,EQ,26-Dec-2022,"1,624.85","1,625.55","1,638.25","1,611.85","1,625.00","1,622.90","1,624.48",237050,385083974.15,15018.0,78385.0,33.07
BATAINDIA,EQ,23-Dec-2022,"1,646.70","1,631.70","1,639.95","1,615.20","1,620.00","1,624.85","1,625.97",331858,539591271.05,19219.0,132002.0,39.78
BATAINDIA,EQ,22-Dec-2022,"1,641.85","1,650.00","1,650.00","1,613.55","1,645.00","1,646.70","1,629.57",214259,349150955.45,9977.0,83458.0,38.95
BATAINDIA,EQ,21-Dec-2022,"1,643.40","1,646.90","1,659.00","1,637.05","1,637.05","1,641.85","1,647.68",414974,683743680.75,14231.0,200609.0,48.34
BATAINDIA,EQ,20-Dec-2022,"1,656.65","1,650.00","1,666.00","1,631.95","1,643.95","1,643.40","1,646.87",691060,1138084862.35,23283.0,287947.0,41.67
BATAINDIA,EQ,19-Dec-2022,"1,629.00","1,630.00","1,659.50","1,607.10","1,656.00","1,656.65","1,636.06",501860,821075559.9,28489.0,271900.0,54.18
BATAINDIA,EQ,16-Dec-2022,"1,646.45","1,630.20","1,642.60","1,618.60","1,627.00","1,629.00","1,631.33",452409,738027074.55,18309.0,242014.0,53.49
BATAINDIA,EQ,15-Dec-2022,"1,686.00","1,684.90","1,691.85","1,640.15","1,640.15","1,646.45","1,664.46",386619,643513626.4,18481.0,246687.0,63.81
BATAINDIA,EQ,14-Dec-2022,"1,684.75","1,686.95","1,693.45","1,675.20","1,683.00","1,686.00","1,684.20",275680,464299027.3,12117.0,178532.0,64.76
BATAINDIA,EQ,13-Dec-2022,"1,670.30","1,675.40","1,695.30","1,667.10","1,682.50","1,684.75","1,683.50",435765,733610863.05,14290.0,276878.0,63.54
BATAINDIA,EQ,12-Dec-2022,"1,679.05","1,679.05","1,681.35","1,661.50","1,672.90","1,670.30","1,666.92",338935,564975883.8,10887.0,232643.0,68.64
BATAINDIA,EQ,09-Dec-2022,"1,675.65","1,682.60","1,696.70","1,670.00","1,677.25","1,679.05","1,685.59",254358,428744262.75,8858.0,143655.0,56.48
BATAINDIA,EQ,08-Dec-2022,"1,689.45","1,690.00","1,696.85","1,671.40","1,675.10","1,675.65","1,680.58",541673,910322208.6,16528.0,371387.0,68.56
BATAINDIA,EQ,07-Dec-2022,"1,714.35","1,720.00","1,720.00","1,683.00","1,687.50","1,689.45","1,697.90",383827,651699081.5,20662.0,169474.0,44.15
BATAINDIA,EQ,06-Dec-2022,"1,735.05","1,730.00","1,737.65","1,712.00","1,714.00","1,714.35","1,720.29",142980,245967201.2,6884.0,82823.0,57.93
BATAINDIA,EQ,05-Dec-2022,"1,735.25","1,735.25","1,738.85","1,722.70","1,726.70","1,735.05","1,733.46",175391,304033095.35,11768.0,86423.0,49.27
BATAINDIA,EQ,02-Dec-2022,"1,719.35","1,714.05","1,737.95","1,710.15","1,733.95","1,735.25","1,727.68",339069,585802349.2,15275.0,183715.0,54.18
BATAINDIA,EQ,01-Dec-2022,"1,717.85","1,726.50","1,726.50","1,704.25","1,720.00","1,719.35","1,715.02",371998,637984190.05,20658.0,176487.0,47.44
BATAINDIA,EQ,30-Nov-2022,"1,702.05","1,708.95","1,725.95","1,697.00","1,716.50","1,717.85","1,714.10",386776,662971237.4,16107.0,190083.0,49.15
BATAINDIA,EQ,29-Nov-2022,"1,711.45","1,712.05","1,722.50","1,697.55","1,701.00","1,702.05","1,707.96",202703,346209103.3,11847.0,124554.0,61.45
BATAINDIA,EQ,28-Nov-2022,"1,710.30","1,711.30","1,726.75","1,708.05","1,714.00","1,711.45","1,716.70",219628,377034346.0,12241.0,96148.0,43.78
BATAINDIA,EQ,25-Nov-2022,"1,689.45","1,689.45","1,712.25","1,683.00","1,711.00","1,710.30","1,701.21",195917,333295339.95,10024.0,75630.0,38.60
BATAINDIA,EQ,24-Nov-2022,"1,696.80","1,705.30","1,705.90","1,684.00","1,689.00","1,689.45","1,692.07",245390,415216110.55,9905.0,113148.0,46.11
BATAINDIA,EQ,23-Nov-2022,"1,680.25","1,684.95","1,709.45","1,684.05","1,695.00","1,696.80","1,699.47",448427,762086777.4,23229.0,173719.0,38.74
BATAINDIA,EQ,22-Nov-2022,"1,675.35","1,675.35","1,686.70","1,675.35","1,684.00","1,680.25","1,679.53",167324,281025631.25,8615.0,96493.0,57.67
BATAINDIA,EQ,21-Nov-2022,"1,677.60","1,679.95","1,687.55","1,666.50","1,676.00","1,675.35","1,674.57",328682,550401056.35,15521.0,199499.0,60.70
BATAINDIA,EQ,18-Nov-2022,"1,683.25","1,687.10","1,692.00","1,670.10","1,675.00","1,677.60","1,679.09",260297,437062328.2,15722.0,145321.0,55.83
BATAINDIA,EQ,17-Nov-2022,"1,699.35","1,700.00","1,700.00","1,679.10","1,686.00","1,683.25","1,690.47",479923,811297320.9,20673.0,320626.0,66.81
BATAINDIA,EQ,16-Nov-2022,"1,704.55","1,705.00","1,718.70","1,692.35","1,701.00","1,699.35","1,704.38",312669,532905372.25,20058.0,145290.0,46.47
BATAINDIA,EQ,15-Nov-2022,"1,739.35","1,744.70","1,754.90","1,685.80","1,707.20","1,704.55","1,704.61",590637,1006807103.7,45525.0,303363.0,51.36
BATAINDIA,EQ,14-Nov-2022,"1,749.85","1,758.60","1,764.30","1,725.00","1,740.75","1,739.35","1,740.74",366836,638566216.45,21815.0,167722.0,45.72
BATAINDIA,EQ,11-Nov-2022,"1,780.70","1,778.80","1,785.00","1,733.05","1,750.00","1,749.85","1,762.13",1168262,2058633480.2,45209.0,600017.0,51.36
BATAINDIA,EQ,10-Nov-2022,"1,811.60","1,800.95","1,811.45","1,765.25","1,783.00","1,780.70","1,780.67",267655,476606544.5,16706.0,99379.0,37.13
BATAINDIA,EQ,09-Nov-2022,"1,808.00","1,825.00","1,828.50","1,797.50","1,805.00","1,811.60","1,814.87",273450,496277219.2,15242.0,159157.0,58.20
BATAINDIA,EQ,07-Nov-2022,"1,811.60","1,820.00","1,826.10","1,801.45","1,808.05","1,808.00","1,810.77",122076,221051327.75,10277.0,52441.0,42.96
BATAINDIA,EQ,04-Nov-2022,"1,832.10","1,831.70","1,839.40","1,800.00","1,809.00","1,811.60","1,813.56",211896,384286214.45,15398.0,112545.0,53.11
BATAINDIA,EQ,03-Nov-2022,"1,860.65","1,852.45","1,866.70","1,826.10","1,826.10","1,832.10","1,843.82",216610,399389315.9,13773.0,81054.0,37.42
BATAINDIA,EQ,02-Nov-2022,"1,837.75","1,835.00","1,866.10","1,822.70","1,856.00","1,860.65","1,850.15",460343,851705469.75,16685.0,244044.0,53.01
BATAINDIA,EQ,01-Nov-2022,"1,828.35","1,831.00","1,843.95","1,819.00","1,828.00","1,837.75","1,831.14",152680,279578624.35,11015.0,56706.0,37.14
BATAINDIA,EQ,31-Oct-2022,"1,813.35","1,815.40","1,832.00","1,810.05","1,820.65","1,828.35","1,821.88",246552,449189061.5,10287.0,145768.0,59.12
BATAINDIA,EQ,28-Oct-2022,"1,808.35","1,812.90","1,821.20","1,786.00","1,806.00","1,813.35","1,804.25",279268,503869602.0,10924.0,124319.0,44.52
BATAINDIA,EQ,27-Oct-2022,"1,804.20","1,805.15","1,814.15","1,795.40","1,807.00","1,808.35","1,804.71",136583,246492232.55,10301.0,66284.0,48.53
BATAINDIA,EQ,25-Oct-2022,"1,814.55","1,814.55","1,818.85","1,792.05","1,795.00","1,804.20","1,806.16",149646,270284640.2,7115.0,82144.0,54.89
BATAINDIA,EQ,24-Oct-2022,"1,812.15","1,830.00","1,830.00","1,805.05","1,814.35","1,814.55","1,818.56",17333,31521034.9,2026.0,8091.0,46.68
BATAINDIA,EQ,21-Oct-2022,"1,817.35","1,817.35","1,840.05","1,796.00","1,802.00","1,812.15","1,814.32",139389,252895762.35,7851.0,58602.0,42.04
BATAINDIA,EQ,20-Oct-2022,"1,838.55","1,835.00","1,847.60","1,800.35","1,820.95","1,817.35","1,820.19",136812,249023793.15,9449.0,31594.0,23.09
BATAINDIA,EQ,19-Oct-2022,"1,867.50","1,867.50","1,868.70","1,834.75","1,836.00","1,838.55","1,854.33",215195,399042957.9,13354.0,68672.0,31.91
BATAINDIA,EQ,18-Oct-2022,"1,840.10","1,846.05","1,875.00","1,823.55","1,861.00","1,867.50","1,848.76",327812,606045479.2,16558.0,102203.0,31.18
BATAINDIA,EQ,17-Oct-2022,"1,785.35","1,782.00","1,844.65","1,764.05","1,838.10","1,840.10","1,816.68",391653,711509048.15,20561.0,159106.0,40.62
BATAINDIA,EQ,14-Oct-2022,"1,822.25","1,839.15","1,842.80","1,780.00","1,783.00","1,785.35","1,811.66",232613,421416292.0,14925.0,52911.0,22.75
BATAINDIA,EQ,13-Oct-2022,"1,799.15","1,802.00","1,825.00","1,781.75","1,820.00","1,822.25","1,804.95",284505,513518169.0,14708.0,112589.0,39.57
BATAINDIA,EQ,12-Oct-2022,"1,810.30","1,820.00","1,836.00","1,786.60","1,796.70","1,799.15","1,806.60",392865,709750364.55,20080.0,52103.0,13.26
BATAINDIA,EQ,11-Oct-2022,"1,781.15","1,770.00","1,821.00","1,769.90","1,813.50","1,810.30","1,808.09",656495,1187002830.95,25609.0,295243.0,44.97
BATAINDIA,EQ,10-Oct-2022,"1,784.65","1,770.00","1,788.00","1,755.00","1,788.00","1,781.15","1,772.23",267904,474786415.65,10216.0,161518.0,60.29
BATAINDIA,EQ,07-Oct-2022,"1,800.80","1,800.80","1,819.00","1,778.25","1,783.00","1,784.65","1,787.96",275557,492684989.4,14868.0,147207.0,53.42
BATAINDIA,EQ,06-Oct-2022,"1,817.55","1,826.65","1,838.70","1,797.40","1,799.95","1,800.80","1,814.07",200844,364344331.2,13442.0,103680.0,51.62
BATAINDIA,EQ,04-Oct-2022,"1,783.25","1,820.00","1,824.00","1,792.80","1,815.00","1,817.55","1,810.47",145939,264217569.6,11479.0,53128.0,36.40
BATAINDIA,EQ,03-Oct-2022,"1,821.50","1,818.40","1,820.05","1,775.35","1,783.80","1,783.25","1,796.15",122197,219484411.55,10646.0,38024.0,31.12
BATAINDIA,EQ,30-Sep-2022,"1,787.10","1,787.00","1,827.95","1,772.50","1,820.50","1,821.50","1,803.51",160766,289943286.15,14831.0,39893.0,24.81
BATAINDIA,EQ,29-Sep-2022,"1,780.45","1,789.95","1,805.15","1,756.55","1,790.00","1,787.10","1,781.30",198449,353496629.25,15533.0,65280.0,32.90
BATAINDIA,EQ,28-Sep-2022,"1,796.65","1,785.00","1,791.75","1,764.00","1,780.00","1,780.45","1,780.34",278234,495352005.65,12603.0,126010.0,45.29
BATAINDIA,EQ,27-Sep-2022,"1,811.75","1,820.85","1,827.35","1,783.00","1,799.00","1,796.65","1,799.78",180106,324151020.55,12959.0,60813.0,33.77
BATAINDIA,EQ,26-Sep-2022,"1,854.35","1,848.00","1,848.00","1,778.00","1,810.00","1,811.75","1,808.14",230886,417473665.05,18875.0,76454.0,33.11
BATAINDIA,EQ,23-Sep-2022,"1,906.10","1,908.90","1,921.95","1,847.15","1,856.00","1,854.35","1,871.08",246590,461390485.15,20078.0,81107.0,32.89
BATAINDIA,EQ,22-Sep-2022,"1,877.35","1,877.90","1,931.95","1,868.55","1,909.60","1,906.10","1,904.90",536390,1021767231.2,26699.0,191721.0,35.74
BATAINDIA,EQ,21-Sep-2022,"1,854.25","1,862.50","1,904.20","1,846.95","1,876.00","1,877.35","1,880.99",381671,717920952.05,24367.0,87798.0,23.00
BATAINDIA,EQ,20-Sep-2022,"1,850.00","1,859.25","1,899.85","1,851.10","1,859.00","1,854.25","1,875.75",346883,650665264.35,18934.0,139647.0,40.26
BATAINDIA,EQ,19-Sep-2022,"1,840.20","1,848.90","1,855.50","1,821.20","1,850.50","1,850.00","1,843.40",313306,577547641.45,16453.0,131741.0,42.05
BATAINDIA,EQ,16-Sep-2022,"1,888.90","1,889.50","1,901.95","1,815.80","1,838.00","1,840.20","1,854.92",411390,763094924.3,29705.0,126091.0,30.65
BATAINDIA,EQ,15-Sep-2022,"1,900.40","1,910.00","1,923.10","1,881.10","1,889.50","1,888.90","1,895.84",269534,510992135.8,14623.0,103478.0,38.39
BATAINDIA,EQ,14-Sep-2022,"1,941.80","1,921.00","1,935.00","1,882.00","1,899.75","1,900.40","1,911.72",415010,793381497.45,21320.0,174388.0,42.02
BATAINDIA,EQ,13-Sep-2022,"1,912.30","1,921.90","1,984.80","1,917.30","1,943.40","1,941.80","1,959.84",1134230,2222904757.35,48849.0,329535.0,29.05
BATAINDIA,EQ,12-Sep-2022,"1,899.20","1,908.00","1,927.95","1,905.00","1,912.70","1,912.30","1,915.20",275750,528116183.7,8303.0,179343.0,65.04
BATAINDIA,EQ,09-Sep-2022,"1,913.15","1,920.25","1,938.70","1,891.45","1,897.00","1,899.20","1,911.85",166806,318908186.2,12572.0,52194.0,31.29
BATAINDIA,EQ,08-Sep-2022,"1,927.25","1,940.00","1,946.95","1,907.65","1,915.00","1,913.15","1,922.96",261528,502909065.0,21044.0,106765.0,40.82
BATAINDIA,EQ,07-Sep-2022,"1,881.75","1,875.00","1,930.00","1,867.00","1,928.00","1,927.25","1,905.08",470293,895945939.9,19859.0,261848.0,55.68
BATAINDIA,EQ,06-Sep-2022,"1,885.00","1,891.55","1,909.70","1,876.00","1,888.20","1,881.75","1,886.14",200730,378604660.6,13989.0,85515.0,42.60
BATAINDIA,EQ,05-Sep-2022,"1,908.45","1,908.50","1,920.00","1,880.00","1,885.00","1,885.00","1,892.44",242977,459818737.65,20889.0,122637.0,50.47
BATAINDIA,EQ,02-Sep-2022,"1,917.20","1,924.55","1,937.65","1,904.00","1,910.00","1,908.45","1,920.97",229513,440887005.6,11021.0,115165.0,50.18
BATAINDIA,EQ,01-Sep-2022,"1,941.25","1,939.95","1,962.35","1,902.00","1,914.65","1,917.20","1,923.86",329028,633003958.35,14911.0,156893.0,47.68
BATAINDIA,EQ,30-Aug-2022,"1,882.65","1,890.00","1,945.05","1,887.90","1,941.00","1,941.25","1,929.14",531892,1026095529.9,22084.0,271368.0,51.02
BATAINDIA,EQ,29-Aug-2022,"1,870.40","1,840.60","1,887.65","1,833.20","1,884.95","1,882.65","1,873.91",322814,604925534.75,18198.0,155853.0,48.28
BATAINDIA,EQ,26-Aug-2022,"1,868.35","1,880.00","1,899.00","1,865.55","1,873.00","1,870.40","1,881.18",222283,418154430.2,8813.0,64424.0,28.98
BATAINDIA,EQ,25-Aug-2022,"1,859.10","1,869.00","1,881.90","1,860.40","1,865.10","1,868.35","1,868.93",239161,446976190.2,8361.0,89995.0,37.63
BATAINDIA,EQ,24-Aug-2022,"1,880.40","1,882.90","1,903.40","1,849.00","1,860.00","1,859.10","1,864.82",358665,668844358.9,17554.0,159820.0,44.56
BATAINDIA,EQ,23-Aug-2022,"1,856.10","1,852.05","1,892.45","1,839.05","1,885.00","1,880.40","1,872.80",429017,803462008.75,14256.0,202603.0,47.22
BATAINDIA,EQ,22-Aug-2022,"1,916.85","1,912.00","1,914.85","1,850.10","1,858.00","1,856.10","1,878.10",404163,759058289.95,19978.0,116278.0,28.77
BATAINDIA,EQ,19-Aug-2022,"1,922.05","1,926.95","1,975.00","1,905.05","1,915.85","1,916.85","1,941.73",639439,1241616703.65,28973.0,136331.0,21.32
BATAINDIA,EQ,18-Aug-2022,"1,936.45","1,934.00","1,957.40","1,917.15","1,924.00","1,922.05","1,932.35",388271,750273882.2,17371.0,129347.0,33.31
BATAINDIA,EQ,17-Aug-2022,"1,971.25","1,971.25","1,989.00","1,891.00","1,938.00","1,936.45","1,938.01",1043579,2022464655.1,42163.0,298483.0,28.60
BATAINDIA,EQ,16-Aug-2022,"1,911.70","1,915.05","1,985.00","1,915.05","1,969.10","1,971.25","1,966.76",842905,1657795475.4,40058.0,192896.0,22.88
BATAINDIA,EQ,12-Aug-2022,"1,914.00","1,925.00","1,931.00","1,884.00","1,911.00","1,911.70","1,911.34",622237,1189307392.25,32458.0,170072.0,27.33
BATAINDIA,EQ,11-Aug-2022,"1,881.20","1,900.00","1,931.00","1,890.00","1,912.00","1,914.00","1,913.55",931607,1782680823.65,40539.0,235845.0,25.32
BATAINDIA,EQ,10-Aug-2022,"1,902.20","1,890.00","1,905.80","1,872.10","1,876.70","1,881.20","1,889.43",298757,564481926.75,17677.0,203738.0,68.20
BATAINDIA,EQ,08-Aug-2022,"1,901.50","1,905.60","1,918.70","1,886.50","1,901.00","1,902.20","1,901.71",233732,444491415.75,9806.0,118462.0,50.68
BATAINDIA,EQ,05-Aug-2022,"1,913.85","1,918.70","1,930.80","1,894.55","1,901.00","1,901.50","1,912.25",176656,337810119.0,11954.0,45202.0,25.59
BATAINDIA,EQ,04-Aug-2022,"1,977.55","1,940.00","1,960.00","1,891.00","1,905.00","1,913.85","1,916.78",950410,1821727729.85,36894.0,410368.0,43.18
BATAINDIA,EQ,03-Aug-2022,"1,999.55","1,999.00","2,000.15","1,932.15","1,989.00","1,977.55","1,964.62",373312,733416567.35,20993.0,122109.0,32.71
BATAINDIA,EQ,02-Aug-2022,"1,980.85","1,985.95","2,004.90","1,970.00","1,994.00","1,999.55","1,991.00",383638,763821564.4,18125.0,172957.0,45.08
BATAINDIA,EQ,01-Aug-2022,"1,961.65","1,977.95","1,986.35","1,946.00","1,985.95","1,980.85","1,967.50",369705,727392824.9,17810.0,115380.0,31.21
BATAINDIA,EQ,29-Jul-2022,"1,881.45","1,905.00","1,975.80","1,889.25","1,965.00","1,961.65","1,943.06",777753,1511218239.4,37954.0,306910.0,39.46
BATAINDIA,EQ,28-Jul-2022,"1,828.90","1,848.00","1,887.00","1,837.50","1,879.00","1,881.45","1,865.77",451542,842473413.9,19846.0,136475.0,30.22
BATAINDIA,EQ,27-Jul-2022,"1,808.30","1,801.55","1,832.00","1,773.00","1,829.85","1,828.90","1,811.81",348955,632241460.2,16421.0,152177.0,43.61
BATAINDIA,EQ,26-Jul-2022,"1,835.80","1,832.00","1,840.00","1,801.05","1,810.00","1,808.30","1,815.18",251029,455663660.2,11749.0,103263.0,41.14
BATAINDIA,EQ,25-Jul-2022,"1,825.90","1,828.95","1,843.85","1,808.00","1,834.70","1,835.80","1,821.37",251631,458312815.9,14670.0,111837.0,44.44
BATAINDIA,EQ,22-Jul-2022,"1,827.15","1,829.95","1,864.75","1,820.15","1,824.35","1,825.90","1,841.99",413688,762010094.85,18047.0,124622.0,30.12
BATAINDIA,EQ,21-Jul-2022,"1,818.75","1,824.00","1,840.05","1,801.80","1,822.00","1,827.15","1,818.66",334766,608826618.95,17556.0,115228.0,34.42
BATAINDIA,EQ,20-Jul-2022,"1,824.10","1,844.00","1,869.00","1,812.30","1,815.00","1,818.75","1,843.22",485969,895749566.9,20848.0,166447.0,34.25
BATAINDIA,EQ,19-Jul-2022,"1,810.60","1,815.00","1,829.55","1,806.05","1,821.95","1,824.10","1,816.62",239021,434210689.1,12121.0,102909.0,43.05
BATAINDIA,EQ,18-Jul-2022,"1,812.50","1,820.00","1,837.55","1,804.05","1,815.30","1,810.60","1,817.47",347874,632251072.2,14290.0,134921.0,38.78
BATAINDIA,EQ,15-Jul-2022,"1,785.05","1,790.05","1,817.40","1,790.05","1,806.60","1,812.50","1,805.11",133256,240541157.5,8585.0,23041.0,17.29
BATAINDIA,EQ,14-Jul-2022,"1,784.30","1,790.00","1,809.90","1,772.00","1,789.00","1,785.05","1,791.86",156614,280629665.6,10800.0,34250.0,21.87
BATAINDIA,EQ,13-Jul-2022,"1,801.85","1,806.15","1,826.30","1,780.00","1,785.00","1,784.30","1,793.07",185800,333152138.55,12422.0,85919.0,46.24
BATAINDIA,EQ,12-Jul-2022,"1,836.35","1,839.00","1,850.00","1,795.20","1,801.00","1,801.85","1,820.87",342789,624175634.65,19749.0,134444.0,39.22
BATAINDIA,EQ,11-Jul-2022,"1,791.85","1,787.00","1,840.00","1,781.85","1,839.35","1,836.35","1,824.24",359554,655911840.2,19473.0,104201.0,28.98
BATAINDIA,EQ,08-Jul-2022,"1,784.50","1,789.00","1,805.00","1,782.45","1,792.00","1,791.85","1,793.67",133391,239259167.1,8112.0,58580.0,43.92
BATAINDIA,EQ,07-Jul-2022,"1,783.80","1,807.00","1,807.00","1,771.50","1,783.85","1,784.50","1,787.13",126254,225632739.35,7455.0,30554.0,24.20
BATAINDIA,EQ,06-Jul-2022,"1,725.05","1,725.10","1,799.90","1,725.10","1,796.00","1,783.80","1,766.95",313276,553544388.0,11887.0,125796.0,40.16
BATAINDIA,EQ,05-Jul-2022,"1,724.90","1,730.00","1,749.90","1,714.75","1,715.00","1,725.05","1,735.92",156607,271857746.0,9904.0,59977.0,38.30
BATAINDIA,EQ,04-Jul-2022,"1,701.60","1,705.00","1,729.90","1,692.25","1,722.95","1,724.90","1,710.41",114515,195867226.75,7855.0,37306.0,32.58
BATAINDIA,EQ,01-Jul-2022,"1,668.70","1,665.00","1,706.95","1,650.00","1,705.00","1,701.60","1,681.17",122583,206082538.8,9625.0,45948.0,37.48
BATAINDIA,EQ,30-Jun-2022,"1,679.65","1,684.00","1,693.00","1,659.20","1,663.05","1,668.70","1,672.18",125576,209985373.1,7047.0,41851.0,33.33
BATAINDIA,EQ,29-Jun-2022,"1,712.45","1,691.55","1,699.00","1,664.10","1,677.00","1,679.65","1,683.37",341820,575408324.2,19348.0,135913.0,39.76
BATAINDIA,EQ,28-Jun-2022,"1,749.05","1,740.05","1,746.80","1,704.90","1,711.50","1,712.45","1,721.07",148720,255957255.1,9953.0,35481.0,23.86
BATAINDIA,EQ,27-Jun-2022,"1,739.45","1,752.60","1,775.00","1,741.80","1,750.00","1,749.05","1,765.63",480442,848281483.3,23420.0,281185.0,58.53
BATAINDIA,EQ,24-Jun-2022,"1,689.15","1,700.00","1,743.60","1,694.00","1,743.10","1,739.45","1,726.06",332342,573641912.05,15860.0,84128.0,25.31
BATAINDIA,EQ,23-Jun-2022,"1,643.30","1,652.00","1,694.10","1,643.30","1,694.00","1,689.15","1,676.77",254536,426799587.6,17960.0,136098.0,53.47
BATAINDIA,EQ,22-Jun-2022,"1,658.35","1,653.00","1,665.95","1,616.95","1,645.00","1,643.30","1,636.18",182132,298001297.3,13762.0,66307.0,36.41
BATAINDIA,EQ,21-Jun-2022,"1,628.90","1,620.25","1,677.50","1,620.25","1,660.00","1,658.35","1,657.08",298719,495000860.6,22098.0,130918.0,43.83
BATAINDIA,EQ,20-Jun-2022,"1,636.60","1,646.00","1,651.00","1,611.55","1,634.00","1,628.90","1,632.05",199179,325070344.5,20856.0,76747.0,38.53
BATAINDIA,EQ,17-Jun-2022,"1,677.80","1,674.90","1,683.55","1,607.45","1,635.50","1,636.60","1,641.11",398106,653337518.5,26547.0,129504.0,32.53
BATAINDIA,EQ,16-Jun-2022,"1,722.30","1,748.70","1,748.70","1,670.00","1,676.00","1,677.80","1,699.19",157965,268412698.55,10032.0,57142.0,36.17
BATAINDIA,EQ,15-Jun-2022,"1,720.15","1,728.70","1,744.00","1,714.65","1,717.05","1,722.30","1,729.35",92114,159297609.85,9653.0,25400.0,27.57
BATAINDIA,EQ,14-Jun-2022,"1,701.95","1,698.50","1,743.30","1,687.05","1,722.00","1,720.15","1,725.63",289872,500212475.45,14156.0,124726.0,43.03
BATAINDIA,EQ,13-Jun-2022,"1,736.95","1,719.90","1,719.90","1,680.55","1,698.50","1,701.95","1,698.59",269521,457805972.6,23659.0,123536.0,45.84
BATAINDIA,EQ,10-Jun-2022,"1,744.90","1,731.90","1,748.00","1,722.60","1,731.70","1,736.95","1,734.59",173190,300413093.35,11082.0,75174.0,43.41
BATAINDIA,EQ,09-Jun-2022,"1,736.65","1,736.65","1,748.10","1,710.70","1,747.85","1,744.90","1,729.33",203902,352614231.7,11467.0,86228.0,42.29
BATAINDIA,EQ,08-Jun-2022,"1,785.25","1,794.15","1,795.15","1,717.05","1,739.00","1,736.65","1,744.65",540585,943131356.6,30826.0,301049.0,55.69
BATAINDIA,EQ,07-Jun-2022,"1,828.80","1,818.80","1,821.15","1,773.10","1,781.65","1,785.25","1,790.18",371212,664534912.05,20651.0,171982.0,46.33
BATAINDIA,EQ,06-Jun-2022,"1,839.90","1,839.90","1,839.90","1,806.30","1,826.15","1,828.80","1,824.55",172126,314053039.4,10859.0,67617.0,39.28
BATAINDIA,EQ,03-Jun-2022,"1,843.85","1,862.00","1,869.65","1,835.00","1,845.00","1,839.90","1,850.11",215175,398098275.15,11751.0,77668.0,36.10
BATAINDIA,EQ,02-Jun-2022,"1,852.30","1,852.95","1,876.55","1,839.00","1,843.95","1,843.85","1,854.90",298899,554428725.75,16172.0,66826.0,22.36
BATAINDIA,EQ,01-Jun-2022,"1,877.30","1,875.00","1,899.00","1,826.00","1,846.35","1,852.30","1,854.24",1240297,2299805890.9,47116.0,295019.0,23.79
BATAINDIA,EQ,31-May-2022,"1,884.25","1,887.90","1,895.00","1,839.25","1,870.90","1,877.30","1,861.84",358743,667922649.95,22773.0,111544.0,31.09
BATAINDIA,EQ,30-May-2022,"1,802.50","1,817.35","1,899.00","1,813.20","1,895.15","1,884.25","1,862.31",425691,792767827.0,18454.0,149771.0,35.18
BATAINDIA,EQ,27-May-2022,"1,770.75","1,771.40","1,816.00","1,771.40","1,799.35","1,802.50","1,800.76",448224,807143426.4,23644.0,139136.0,31.04
BATAINDIA,EQ,26-May-2022,"1,745.75","1,765.00","1,784.00","1,671.50","1,773.00","1,770.75","1,735.82",941378,1634065122.25,52468.0,193613.0,20.57
BATAINDIA,EQ,25-May-2022,"1,783.20","1,785.00","1,807.20","1,730.00","1,731.05","1,745.75","1,764.70",240581,424552533.95,13852.0,60483.0,25.14
BATAINDIA,EQ,24-May-2022,"1,765.00","1,788.85","1,794.45","1,738.35","1,785.00","1,783.20","1,767.72",297989,526762570.25,16793.0,65118.0,21.85
BATAINDIA,EQ,23-May-2022,"1,752.95","1,760.00","1,815.00","1,760.00","1,768.00","1,765.00","1,784.41",276021,492535756.3,15231.0,50674.0,18.36
BATAINDIA,EQ,20-May-2022,"1,735.80","1,745.00","1,767.15","1,729.25","1,750.00","1,752.95","1,749.86",532638,932041288.45,21298.0,331035.0,62.15
BATAINDIA,EQ,19-May-2022,"1,754.45","1,729.80","1,746.35","1,705.00","1,737.00","1,735.80","1,726.38",187757,324139654.35,12411.0,38891.0,20.71
BATAINDIA,EQ,18-May-2022,"1,763.10","1,765.00","1,779.45","1,746.40","1,752.05","1,754.45","1,760.78",215424,379314638.7,15827.0,99182.0,46.04
BATAINDIA,EQ,17-May-2022,"1,690.90","1,704.00","1,768.40","1,691.10","1,762.85","1,763.10","1,735.36",184658,320448542.4,10880.0,68638.0,37.17
BATAINDIA,EQ,16-May-2022,"1,679.30","1,699.00","1,724.00","1,679.95","1,696.00","1,690.90","1,703.08",214472,365262687.65,12417.0,62499.0,29.14
BATAINDIA,EQ,13-May-2022,"1,684.15","1,700.00","1,730.50","1,668.20","1,677.30","1,679.30","1,708.85",210158,359128859.1,15181.0,41810.0,19.89
BATAINDIA,EQ,12-May-2022,"1,725.40","1,709.00","1,710.00","1,655.55","1,681.90","1,684.15","1,679.31",359930,604433966.85,25879.0,171313.0,47.60
BATAINDIA,EQ,11-May-2022,"1,759.65","1,761.00","1,776.95","1,716.75","1,734.00","1,725.40","1,732.88",249355,432101997.7,17156.0,106165.0,42.58
BATAINDIA,EQ,10-May-2022,"1,810.25","1,805.10","1,833.00","1,742.30","1,753.10","1,759.65","1,803.85",346419,624886705.35,14113.0,201746.0,58.24
BATAINDIA,EQ,09-May-2022,"1,856.80","1,845.00","1,852.85","1,800.90","1,807.00","1,810.25","1,826.61",145634,266017199.05,14468.0,42184.0,28.97
BATAINDIA,EQ,06-May-2022,"1,881.65","1,855.00","1,872.50","1,831.50","1,858.75","1,856.80","1,856.99",254583,472758121.15,17591.0,120411.0,47.30
BATAINDIA,EQ,05-May-2022,"1,905.10","1,928.00","1,935.00","1,875.20","1,879.00","1,881.65","1,904.61",93482,178047005.25,7135.0,18423.0,19.71
BATAINDIA,EQ,04-May-2022,"1,967.80","1,978.10","1,987.00","1,892.85","1,913.45","1,905.10","1,940.90",202203,392456741.0,14070.0,60251.0,29.80
BATAINDIA,EQ,02-May-2022,"1,948.65","1,940.00","1,971.00","1,913.05","1,961.40","1,967.80","1,946.90",139236,271078739.2,10639.0,29356.0,21.08
BATAINDIA,EQ,29-Apr-2022,"1,936.70","1,936.70","1,992.55","1,931.15","1,956.60","1,948.65","1,961.20",210005,411861986.7,13688.0,40919.0,19.48
BATAINDIA,EQ,28-Apr-2022,"1,919.05","1,930.00","1,945.45","1,906.05","1,938.95","1,936.70","1,928.57",197978,381814923.5,10330.0,68252.0,34.47
BATAINDIA,EQ,27-Apr-2022,"1,975.45","1,968.00","1,979.35","1,912.35","1,921.00","1,919.05","1,932.26",207039,400053732.2,12801.0,68630.0,33.15
BATAINDIA,EQ,26-Apr-2022,"1,910.20","1,919.00","1,983.00","1,898.05","1,973.30","1,975.45","1,949.06",310081,604367188.65,15511.0,74591.0,24.06
BATAINDIA,EQ,25-Apr-2022,"1,913.00","1,900.00","1,919.00","1,874.90","1,905.05","1,910.20","1,902.09",450443,856781335.2,17574.0,142344.0,31.60
BATAINDIA,EQ,22-Apr-2022,"1,948.40","1,937.00","1,944.00","1,908.65","1,917.00","1,913.00","1,922.31",189031,363375398.65,13483.0,89901.0,47.56
BATAINDIA,EQ,21-Apr-2022,"1,923.90","1,930.00","1,966.25","1,925.00","1,952.00","1,948.40","1,947.53",296931,578282382.5,9551.0,151753.0,51.11
BATAINDIA,EQ,20-Apr-2022,"1,925.60","1,932.50","1,969.00","1,913.60","1,920.00","1,923.90","1,940.76",258550,501782484.9,10765.0,117926.0,45.61
BATAINDIA,EQ,19-Apr-2022,"1,969.90","1,973.00","1,989.90","1,900.00","1,909.40","1,925.60","1,963.94",423957,832627511.55,20303.0,258538.0,60.98
BATAINDIA,EQ,18-Apr-2022,"1,960.55","1,945.00","1,987.15","1,912.50","1,968.30","1,969.90","1,951.01",331329,646427459.05,18170.0,89645.0,27.06
BATAINDIA,EQ,13-Apr-2022,"1,980.15","1,985.00","2,003.55","1,953.00","1,961.90","1,960.55","1,971.23",198600,391486958.8,13746.0,55817.0,28.11
BATAINDIA,EQ,12-Apr-2022,"2,019.75","2,025.00","2,027.35","1,960.05","1,977.30","1,980.15","1,995.02",288328,575218723.35,17651.0,51975.0,18.03
BATAINDIA,EQ,11-Apr-2022,"1,967.50","1,964.90","2,032.10","1,950.00","2,030.00","2,019.75","1,994.16",368415,734678627.85,20440.0,111356.0,30.23
BATAINDIA,EQ,08-Apr-2022,"1,963.60","1,967.00","1,983.95","1,826.15","1,969.00","1,967.50","1,962.47",295081,579086639.0,13665.0,88362.0,29.94
BATAINDIA,EQ,07-Apr-2022,"2,017.50","2,010.00","2,021.75","1,953.75","1,968.00","1,963.60","1,985.78",543825,1079917578.55,25484.0,110398.0,20.30
BATAINDIA,EQ,06-Apr-2022,"2,017.80","2,011.00","2,032.00","1,996.45","2,019.90","2,017.50","2,016.01",168417,339530384.8,10420.0,41739.0,24.78
BATAINDIA,EQ,05-Apr-2022,"2,022.25","2,022.60","2,039.75","2,011.45","2,019.25","2,017.80","2,026.66",182373,369608450.8,10046.0,64635.0,35.44
BATAINDIA,EQ,04-Apr-2022,"1,998.80","2,007.80","2,027.00","2,000.10","2,020.00","2,022.25","2,017.14",408443,823887320.95,20928.0,105834.0,25.91
BATAINDIA,EQ,01-Apr-2022,"1,961.40","1,954.90","2,019.90","1,952.05","1,995.00","1,998.80","1,998.33",626218,1251393002.8,29753.0,107203.0,17.12
BATAINDIA,EQ,31-Mar-2022,"1,956.75","1,964.95","1,974.00","1,948.60","1,959.00","1,961.40","1,956.44",361527,707305777.3,14039.0,230621.0,63.79
BATAINDIA,EQ,30-Mar-2022,"1,952.75","1,968.95","1,970.00","1,945.00","1,953.90","1,956.75","1,959.32",304011,595656218.55,18199.0,130490.0,42.92
BATAINDIA,EQ,29-Mar-2022,"1,928.25","1,935.00","1,977.30","1,927.35","1,956.00","1,952.75","1,955.78",596225,1166084738.55,32080.0,182997.0,30.69
BATAINDIA,EQ,28-Mar-2022,"1,934.70","1,940.00","1,951.70","1,900.95","1,920.90","1,928.25","1,925.23",313046,602686147.2,12874.0,173425.0,55.40
BATAINDIA,EQ,25-Mar-2022,"1,915.35","1,928.00","1,954.95","1,915.35","1,944.00","1,934.70","1,937.82",283993,550326673.35,15538.0,76730.0,27.02
BATAINDIA,EQ,24-Mar-2022,"1,925.70","1,919.05","1,933.35","1,911.55","1,916.55","1,915.35","1,921.42",153718,295356314.5,11862.0,52939.0,34.44
BATAINDIA,EQ,23-Mar-2022,"1,936.05","1,953.70","1,970.00","1,908.55","1,919.05","1,925.70","1,929.83",522866,1009043715.6,31016.0,220093.0,42.09
BATAINDIA,EQ,22-Mar-2022,"1,956.35","1,952.15","1,975.75","1,910.00","1,936.50","1,936.05","1,942.61",452707,879432081.45,27093.0,96863.0,21.40
BATAINDIA,EQ,21-Mar-2022,"1,941.40","1,943.20","1,985.00","1,927.00","1,954.00","1,956.35","1,961.41",338189,663326688.3,17777.0,92722.0,27.42
BATAINDIA,EQ,17-Mar-2022,"1,911.50","1,929.20","1,972.05","1,919.00","1,942.00","1,941.40","1,949.98",574126,1119532424.3,29049.0,287558.0,50.09
BATAINDIA,EQ,16-Mar-2022,"1,836.45","1,860.00","1,916.00","1,836.50","1,910.00","1,911.50","1,898.52",747417,1418985015.7,36204.0,260910.0,34.91
BATAINDIA,EQ,15-Mar-2022,"1,844.30","1,863.15","1,866.85","1,820.00","1,838.00","1,836.45","1,847.82",224926,415622207.35,14024.0,41503.0,18.45
BATAINDIA,EQ,14-Mar-2022,"1,807.80","1,807.80","1,852.00","1,777.00","1,843.00","1,844.30","1,823.34",236219,430708402.3,18085.0,58083.0,24.59
BATAINDIA,EQ,11-Mar-2022,"1,808.95","1,808.95","1,830.00","1,796.05","1,804.65","1,807.80","1,816.25",435213,790453812.8,20056.0,280556.0,64.46
BATAINDIA,EQ,10-Mar-2022,"1,786.45","1,792.70","1,837.75","1,792.70","1,815.00","1,808.95","1,823.00",577711,1053168121.95,43966.0,275884.0,47.75
BATAINDIA,EQ,09-Mar-2022,"1,724.70","1,744.00","1,794.95","1,725.00","1,778.10","1,786.45","1,762.57",157387,277405109.55,10669.0,30865.0,19.61
BATAINDIA,EQ,08-Mar-2022,"1,699.05","1,690.25","1,735.45","1,690.25","1,723.25","1,724.70","1,717.48",262654,451104274.1,17851.0,65348.0,24.88
BATAINDIA,EQ,07-Mar-2022,"1,722.50","1,700.00","1,718.70","1,654.05","1,700.00","1,699.05","1,687.72",274726,463660122.55,15180.0,120980.0,44.04
BATAINDIA,EQ,04-Mar-2022,"1,776.55","1,765.00","1,769.85","1,716.00","1,724.60","1,722.50","1,738.95",308589,536619980.4,21522.0,98328.0,31.86
BATAINDIA,EQ,03-Mar-2022,"1,819.80","1,842.00","1,849.90","1,771.70","1,781.00","1,776.55","1,800.76",172829,311222858.6,13751.0,42809.0,24.77
BATAINDIA,EQ,02-Mar-2022,"1,813.50","1,800.00","1,843.30","1,792.70","1,815.30","1,819.80","1,825.82",371564,678408049.6,19610.0,138324.0,37.23
BATAINDIA,EQ,28-Feb-2022,"1,823.70","1,805.10","1,820.95","1,767.15","1,809.10","1,813.50","1,794.81",623785,1119577276.85,16651.0,368922.0,59.14
BATAINDIA,EQ,25-Feb-2022,"1,776.60","1,794.00","1,844.00","1,794.00","1,819.90","1,823.70","1,824.68",294479,537329411.95,12197.0,136915.0,46.49
BATAINDIA,EQ,24-Feb-2022,"1,867.50","1,821.00","1,859.95","1,762.55","1,775.00","1,776.60","1,799.30",309020,556018555.5,22443.0,71071.0,23.00
BATAINDIA,EQ,23-Feb-2022,"1,883.50","1,895.00","1,906.50","1,858.35","1,861.00","1,867.50","1,883.71",457011,860876126.2,15607.0,288265.0,63.08
BATAINDIA,EQ,22-Feb-2022,"1,888.30","1,822.00","1,892.00","1,822.00","1,880.05","1,883.50","1,869.47",242531,453405128.6,15257.0,47122.0,19.43
BATAINDIA,EQ,21-Feb-2022,"1,920.50","1,915.00","1,920.50","1,867.95","1,885.70","1,888.30","1,893.04",324903,615054258.5,12816.0,144794.0,44.57
BATAINDIA,EQ,18-Feb-2022,"1,908.20","1,900.00","1,928.00","1,885.15","1,921.60","1,920.50","1,916.37",171287,328249179.0,10299.0,38029.0,22.20
BATAINDIA,EQ,17-Feb-2022,"1,916.70","1,937.00","1,939.90","1,895.55","1,905.00","1,908.20","1,915.36",258642,495391913.15,16663.0,67775.0,26.20
BATAINDIA,EQ,16-Feb-2022,"1,887.80","1,898.00","1,938.00","1,885.20","1,911.25","1,916.70","1,914.18",385815,738517751.95,26543.0,94639.0,24.53
BATAINDIA,EQ,15-Feb-2022,"1,809.35","1,805.10","1,893.35","1,791.00","1,882.00","1,887.80","1,838.03",551724,1014086848.5,30944.0,84774.0,15.37
BATAINDIA,EQ,14-Feb-2022,"1,859.45","1,810.00","1,853.95","1,797.80","1,808.75","1,809.35","1,825.44",351907,642384943.8,29018.0,113741.0,32.32
BATAINDIA,EQ,11-Feb-2022,"1,900.80","1,895.00","1,895.00","1,850.00","1,854.00","1,859.45","1,867.10",297755,555939584.05,20777.0,69929.0,23.49
BATAINDIA,EQ,10-Feb-2022,"1,895.40","1,910.55","1,918.00","1,892.05","1,901.00","1,900.80","1,906.63",500272,953834902.95,33449.0,124019.0,24.79
BATAINDIA,EQ,09-Feb-2022,"1,885.45","1,894.00","1,924.95","1,853.00","1,901.00","1,895.40","1,884.37",1153593,2173795284.1,55781.0,241797.0,20.96
BATAINDIA,EQ,08-Feb-2022,"1,921.90","1,929.85","1,941.65","1,860.10","1,878.95","1,885.45","1,900.06",334836,636209197.25,22663.0,59347.0,17.72
BATAINDIA,EQ,07-Feb-2022,"1,942.25","1,931.00","1,957.25","1,893.00","1,924.00","1,921.90","1,917.38",303211,581370422.45,17904.0,69177.0,22.81
BATAINDIA,EQ,04-Feb-2022,"1,995.65","1,995.00","1,995.65","1,935.00","1,937.35","1,942.25","1,958.24",475094,930345957.3,22272.0,194094.0,40.85
BATAINDIA,EQ,03-Feb-2022,"2,026.20","2,029.90","2,045.90","1,980.05","1,989.20","1,995.65","2,013.80",356130,717174449.85,15597.0,119919.0,33.67
BATAINDIA,EQ,02-Feb-2022,"2,024.65","2,025.10","2,053.30","2,012.40","2,026.30","2,026.20","2,030.81",216289,439241907.4,12994.0,54923.0,25.39
BATAINDIA,EQ,01-Feb-2022,"2,064.05","2,075.35","2,079.95","2,003.75","2,028.15","2,024.65","2,033.26",321288,653261380.0,22677.0,53176.0,16.55
BATAINDIA,EQ,31-Jan-2022,"2,072.75","2,099.00","2,122.00","2,056.60","2,065.00","2,064.05","2,088.19",672351,1403994690.55,34207.0,161662.0,24.04
BATAINDIA,EQ,28-Jan-2022,"1,955.90","1,975.80","2,089.95","1,970.00","2,080.00","2,072.75","2,066.58",896304,1852279924.25,41516.0,273589.0,30.52
BATAINDIA,EQ,27-Jan-2022,"2,029.80","2,009.55","2,009.55","1,911.35","1,955.00","1,955.90","1,946.67",525187,1022368299.8,38788.0,161801.0,30.81
BATAINDIA,EQ,25-Jan-2022,"1,931.90","1,919.00","2,054.50","1,872.15","2,017.85","2,029.80","1,996.01",1139726,2274902330.95,47677.0,466254.0,40.91
BATAINDIA,EQ,24-Jan-2022,"2,028.60","2,015.50","2,028.20","1,909.05","1,932.00","1,931.90","1,945.90",423414,823922427.0,42864.0,146265.0,34.54
BATAINDIA,EQ,21-Jan-2022,"2,052.55","2,059.00","2,078.95","2,003.00","2,030.00","2,028.60","2,052.79",1262475,2591594680.15,70036.0,338388.0,26.80
BATAINDIA,EQ,20-Jan-2022,"2,030.90","2,030.00","2,067.95","2,025.00","2,065.00","2,052.55","2,039.03",487144,993303326.6,22525.0,185165.0,38.01
BATAINDIA,EQ,19-Jan-2022,"1,981.00","1,980.00","2,042.30","1,963.65","2,030.00","2,030.90","2,020.95",598112,1208756322.15,30594.0,183126.0,30.62
BATAINDIA,EQ,18-Jan-2022,"2,041.50","2,049.80","2,056.35","1,970.00","1,975.65","1,981.00","2,008.23",422382,848240234.6,24508.0,151787.0,35.94
BATAINDIA,EQ,17-Jan-2022,"2,000.95","2,010.00","2,051.50","2,007.15","2,043.00","2,041.50","2,032.73",544536,1106894892.9,35484.0,95860.0,17.60
BATAINDIA,EQ,14-Jan-2022,"1,980.25","1,975.00","2,015.00","1,954.95","2,000.00","2,000.95","1,999.34",385563,770872037.9,20014.0,124105.0,32.19
BATAINDIA,EQ,13-Jan-2022,"1,983.60","1,982.85","1,992.00","1,960.05","1,982.90","1,980.25","1,975.92",305542,603728036.65,18582.0,101850.0,33.33
BATAINDIA,EQ,12-Jan-2022,"1,921.40","1,933.00","1,987.65","1,925.45","1,978.65","1,983.60","1,963.24",811194,1592572109.65,34631.0,270800.0,33.38
BATAINDIA,EQ,11-Jan-2022,"1,916.40","1,920.00","1,938.70","1,907.45","1,925.00","1,921.40","1,925.74",422485,813595567.9,22969.0,134098.0,31.74
BATAINDIA,EQ,10-Jan-2022,"1,869.50","1,870.00","1,927.00","1,869.00","1,919.80","1,916.40","1,910.35",557804,1065598324.5,37705.0,145392.0,26.07
BATAINDIA,EQ,07-Jan-2022,"1,856.95","1,862.90","1,874.95","1,835.45","1,863.50","1,869.50","1,857.81",661422,1228794477.15,25377.0,299945.0,45.35
BATAINDIA,EQ,06-Jan-2022,"1,813.80","1,801.00","1,863.55","1,776.15","1,858.90","1,856.95","1,820.30",785904,1430583507.45,40693.0,271862.0,34.59
BATAINDIA,EQ,05-Jan-2022,"1,845.55","1,845.55","1,852.00","1,810.00","1,814.80","1,813.80","1,817.91",464891,845130204.6,21486.0,253715.0,54.58
BATAINDIA,EQ,04-Jan-2022,"1,859.10","1,865.55","1,874.00","1,834.25","1,846.00","1,845.55","1,854.82",225583,418416283.45,11542.0,67670.0,30.00
BATAINDIA,EQ,03-Jan-2022,"1,871.65","1,871.65","1,883.70","1,852.20","1,858.00","1,859.10","1,868.07",583390,1089814759.55,14652.0,281492.0,48.25
BATAINDIA,EQ,31-Dec-2021,"1,817.10","1,820.00","1,892.85","1,820.00","1,871.00","1,871.65","1,864.11",723678,1349017907.05,30413.0,271449.0,37.51
BATAINDIA,EQ,30-Dec-2021,"1,810.50","1,812.00","1,838.00","1,796.00","1,830.00","1,817.10","1,810.57",421693,763506695.8,12762.0,219462.0,52.04
BATAINDIA,EQ,29-Dec-2021,"1,826.25","1,830.00","1,835.50","1,795.00","1,810.60","1,810.50","1,804.84",446666,806161626.6,16977.0,251053.0,56.21
BATAINDIA,EQ,28-Dec-2023,"1,639.70","1,644.00","1,651.95","1,628.00","1,637.65","1,638.65","1,640.30",286719,470304253.75,20191.0,88261.0,30.78
BATAINDIA,EQ,27-Dec-2023,"1,619.50","1,632.00","1,641.85","1,614.00","1,641.80","1,639.70","1,629.35",285133,464580756.7,17658.0,128950.0,45.22
BATAINDIA,EQ,26-Dec-2023,"1,620.90","1,620.90","1,626.65","1,608.55","1,616.00","1,619.50","1,617.72",197528,319544591.0,15075.0,73078.0,37.0
BATAINDIA,EQ,22-Dec-2023,"1,620.05","1,630.00","1,637.90","1,609.05","1,620.00","1,620.90","1,622.36",312754,507399033.15,20868.0,119165.0,38.1
BATAINDIA,EQ,21-Dec-2023,"1,633.25","1,625.00","1,633.45","1,602.70","1,619.00","1,620.05","1,620.18",315391,510989946.0,20901.0,149616.0,47.44
BATAINDIA,EQ,20-Dec-2023,"1,674.35","1,682.65","1,724.25","1,576.00","1,634.00","1,633.25","1,681.92",833038,1401100819.75,52359.0,206021.0,24.73
BATAINDIA,EQ,19-Dec-2023,"1,671.05","1,671.20","1,685.00","1,655.30","1,670.00","1,674.35","1,670.68",276789,462425545.5,12818.0,184163.0,66.54
BATAINDIA,EQ,18-Dec-2023,"1,646.65","1,646.25","1,684.50","1,643.35","1,679.00","1,671.05","1,666.73",371173,618643697.6,22534.0,207651.0,55.94
BATAINDIA,EQ,15-Dec-2023,"1,652.25","1,657.00","1,680.00","1,639.25","1,650.15","1,646.65","1,660.10",436419,724501093.3,22487.0,286616.0,65.67
BATAINDIA,EQ,14-Dec-2023,"1,633.20","1,645.00","1,664.60","1,636.00","1,651.00","1,652.25","1,651.92",286247,472855832.3,11987.0,178765.0,62.45
BATAINDIA,EQ,13-Dec-2023,"1,655.00","1,655.10","1,669.25","1,627.55","1,633.95","1,633.20","1,634.33",484678,792123661.65,18308.0,361565.0,74.6
BATAINDIA,EQ,12-Dec-2023,"1,668.80","1,677.00","1,687.50","1,646.65","1,659.95","1,655.00","1,668.19",159200,265576626.05,16268.0,59357.0,37.28
BATAINDIA,EQ,11-Dec-2023,"1,663.35","1,668.00","1,687.55","1,658.70","1,666.60","1,668.80","1,677.23",435233,729985422.3,22203.0,269119.0,61.83
BATAINDIA,EQ,08-Dec-2023,"1,659.05","1,661.90","1,672.00","1,628.45","1,655.35","1,663.35","1,652.39",253597,419040268.65,20375.0,120702.0,47.6
BATAINDIA,EQ,07-Dec-2023,"1,644.45","1,645.10","1,662.85","1,631.10","1,657.85","1,659.05","1,651.18",128902,212840640.7,13414.0,39639.0,30.75
BATAINDIA,EQ,06-Dec-2023,"1,649.45","1,660.00","1,660.00","1,641.70","1,641.70","1,644.45","1,651.44",120183,198475037.5,9669.0,49399.0,41.1
BATAINDIA,EQ,05-Dec-2023,"1,630.00","1,632.15","1,656.30","1,623.00","1,652.00","1,649.45","1,643.57",246094,404471835.6,17562.0,109463.0,44.48
BATAINDIA,EQ,04-Dec-2023,"1,618.10","1,640.05","1,641.00","1,603.30","1,629.50","1,630.00","1,620.74",248494,402744551.75,15294.0,131938.0,53.1
BATAINDIA,EQ,01-Dec-2023,"1,617.85","1,630.60","1,634.00","1,613.60","1,620.00","1,618.10","1,622.95",87118,141388141.3,7837.0,33343.0,38.27
BATAINDIA,EQ,30-Nov-2023,"1,612.95","1,613.00","1,632.65","1,602.80","1,627.00","1,617.85","1,619.49",159077,257623900.0,16166.0,43962.0,27.64
BATAINDIA,EQ,29-Nov-2023,"1,617.10","1,621.30","1,641.70","1,595.10","1,606.30","1,612.95","1,627.77",226859,369275274.8,17447.0,78590.0,34.64
BATAINDIA,EQ,28-Nov-2023,"1,606.95","1,606.95","1,628.80","1,600.15","1,617.95","1,617.10","1,619.90",180041,291647527.2,13606.0,47579.0,26.43
BATAINDIA,EQ,24-Nov-2023,"1,606.00","1,606.05","1,611.35","1,590.00","1,607.00","1,606.95","1,601.67",229492,367571537.55,11530.0,122553.0,53.4
BATAINDIA,EQ,23-Nov-2023,"1,619.60","1,629.40","1,633.30","1,603.00","1,605.00","1,606.00","1,618.52",145061,234783708.0,8663.0,48334.0,33.32
BATAINDIA,EQ,22-Nov-2023,"1,593.65","1,593.65","1,626.40","1,593.60","1,622.80","1,619.60","1,613.51",293466,473510566.65,18909.0,72250.0,24.62
BATAINDIA,EQ,21-Nov-2023,"1,581.30","1,585.15","1,600.00","1,581.30","1,593.75","1,593.65","1,591.08",190119,302494443.85,12773.0,125077.0,65.79
BATAINDIA,EQ,20-Nov-2023,"1,595.50","1,599.95","1,605.00","1,578.00","1,584.70","1,581.30","1,587.76",92333,146602365.55,6495.0,47667.0,51.63
BATAINDIA,EQ,17-Nov-2023,"1,603.05","1,600.55","1,612.95","1,592.30","1,592.30","1,595.50","1,601.88",101489,162573427.7,7689.0,47425.0,46.73
BATAINDIA,EQ,16-Nov-2023,"1,592.85","1,592.85","1,609.00","1,581.95","1,596.35","1,603.05","1,600.21",121402,194268521.3,8403.0,41315.0,34.03
BATAINDIA,EQ,15-Nov-2023,"1,568.70","1,581.00","1,596.30","1,566.05","1,590.00","1,592.85","1,583.54",123249,195169242.8,9760.0,49535.0,40.19
BATAINDIA,EQ,13-Nov-2023,"1,579.55","1,580.00","1,588.00","1,564.05","1,568.00","1,568.70","1,570.31",58582,91992094.25,5981.0,18160.0,31.0
BATAINDIA,EQ,12-Nov-2023,"1,562.65","1,575.00","1,593.90","1,560.75","1,580.60","1,579.55","1,579.42",37583,59359466.95,3015.0,13532.0,36.01
BATAINDIA,EQ,10-Nov-2023,"1,572.15","1,570.00","1,572.00","1,548.00","1,572.00","1,562.65","1,558.86",108001,168358149.85,10881.0,16188.0,14.99
BATAINDIA,EQ,09-Nov-2023,"1,556.95","1,530.00","1,613.65","1,530.00","1,570.00","1,572.15","1,581.31",797169,1260567980.6,46461.0,161459.0,20.25
BATAINDIA,EQ,08-Nov-2023,"1,538.60","1,543.00","1,559.00","1,536.00","1,555.00","1,556.95","1,550.69",442571,686292293.95,17621.0,230927.0,52.18
BATAINDIA,EQ,07-Nov-2023,"1,561.00","1,561.00","1,562.00","1,530.00","1,538.00","1,538.60","1,538.42",258525,397720811.95,14625.0,84596.0,32.72
BATAINDIA,EQ,06-Nov-2023,"1,576.35","1,579.35","1,588.65","1,545.00","1,555.00","1,561.00","1,557.59",312989,487509994.8,18926.0,106632.0,34.07
BATAINDIA,EQ,03-Nov-2023,"1,573.15","1,576.00","1,587.50","1,568.50","1,575.75","1,576.35","1,577.04",59588,93972806.7,6674.0,15603.0,26.18
BATAINDIA,EQ,02-Nov-2023,"1,539.25","1,542.15","1,578.10","1,542.15","1,572.00","1,573.15","1,561.33",80265,125320124.15,5217.0,25143.0,31.32
BATAINDIA,EQ,01-Nov-2023,"1,566.05","1,566.05","1,569.85","1,537.00","1,540.00","1,539.25","1,549.37",107949,167252683.3,9999.0,46116.0,42.72
BATAINDIA,EQ,31-Oct-2023,"1,570.65","1,575.10","1,586.55","1,560.90","1,565.00","1,566.05","1,569.52",65568,102910484.55,5953.0,25322.0,38.62
BATAINDIA,EQ,30-Oct-2023,"1,553.00","1,553.00","1,575.00","1,535.50","1,575.00","1,570.65","1,560.62",138752,216539823.7,16454.0,34122.0,24.59
BATAINDIA,EQ,27-Oct-2023,"1,554.60","1,563.30","1,572.70","1,550.25","1,552.00","1,553.00","1,558.86",77824,121316719.45,6083.0,29585.0,38.02
BATAINDIA,EQ,26-Oct-2023,"1,588.60","1,582.00","1,587.10","1,549.05","1,551.95","1,554.60","1,561.88",178383,278612926.8,14746.0,80874.0,45.34
BATAINDIA,EQ,25-Oct-2023,"1,573.75","1,573.75","1,632.00","1,573.75","1,590.00","1,588.60","1,588.67",188606,299632710.05,10166.0,108352.0,57.45
BATAINDIA,EQ,23-Oct-2023,"1,608.15","1,607.95","1,615.00","1,570.00","1,575.00","1,573.75","1,588.50",117534,186702824.8,9496.0,52411.0,44.59
BATAINDIA,EQ,20-Oct-2023,"1,624.55","1,615.40","1,624.00","1,603.25","1,612.00","1,608.15","1,610.55",94137,151612405.85,8548.0,43767.0,46.49
BATAINDIA,EQ,19-Oct-2023,"1,630.40","1,622.30","1,628.75","1,616.50","1,622.50","1,624.55","1,623.83",42867,69608857.85,4585.0,10437.0,24.35
BATAINDIA,EQ,18-Oct-2023,"1,629.00","1,626.60","1,638.85","1,614.25","1,629.05","1,630.40","1,629.52",266229,433825022.95,15206.0,179484.0,67.42
BATAINDIA,EQ,17-Oct-2023,"1,634.25","1,640.00","1,646.80","1,622.05","1,626.55","1,629.00","1,632.86",77181,126025615.7,6503.0,26751.0,34.66
BATAINDIA,EQ,16-Oct-2023,"1,624.85","1,624.85","1,645.00","1,615.00","1,629.40","1,634.25","1,633.64",149743,244625532.2,11228.0,72599.0,48.48
BATAINDIA,EQ,13-Oct-2023,"1,632.40","1,633.00","1,638.00","1,610.10","1,623.00","1,624.85","1,623.79",107027,173789071.75,8509.0,31134.0,29.09
BATAINDIA,EQ,12-Oct-2023,"1,634.50","1,638.00","1,649.00","1,627.25","1,630.60","1,632.40","1,638.52",162761,266687860.3,7292.0,112195.0,68.93
BATAINDIA,EQ,11-Oct-2023,"1,644.75","1,652.00","1,666.95","1,631.35","1,631.45","1,634.50","1,649.21",260074,428915471.95,11367.0,173133.0,66.57
BATAINDIA,EQ,10-Oct-2023,"1,620.35","1,620.55","1,647.00","1,620.35","1,638.25","1,644.75","1,639.84",141755,232455723.7,8800.0,82612.0,58.28
BATAINDIA,EQ,09-Oct-2023,"1,623.60","1,600.00","1,625.00","1,597.10","1,620.05","1,620.35","1,618.04",82661,133748651.05,5764.0,32881.0,39.78
BATAINDIA,EQ,06-Oct-2023,"1,623.70","1,624.95","1,630.45","1,612.25","1,627.15","1,623.60","1,620.87",111347,180479291.2,6588.0,42267.0,37.96
BATAINDIA,EQ,05-Oct-2023,"1,609.10","1,607.70","1,625.15","1,603.25","1,619.50","1,623.70","1,616.99",135260,218713986.75,8865.0,41231.0,30.48
BATAINDIA,EQ,04-Oct-2023,"1,618.60","1,613.40","1,618.65","1,600.00","1,606.65","1,609.10","1,608.81",165621,266452576.05,9718.0,78562.0,47.43
BATAINDIA,EQ,03-Oct-2023,"1,608.40","1,610.00","1,630.00","1,597.60","1,618.15","1,618.60","1,617.35",129609,209623246.4,10064.0,71140.0,54.89
BATAINDIA,EQ,29-Sep-2023,"1,589.30","1,589.00","1,626.85","1,588.00","1,610.30","1,608.40","1,611.89",210071,338610313.85,14550.0,109555.0,52.15
BATAINDIA,EQ,28-Sep-2023,"1,607.80","1,605.00","1,621.40","1,585.05","1,594.00","1,589.30","1,600.68",147056,235389324.35,14020.0,42960.0,29.21
BATAINDIA,EQ,27-Sep-2023,"1,615.70","1,615.00","1,617.30","1,597.55","1,608.95","1,607.80","1,605.43",296962,476753080.85,14366.0,153948.0,51.84
BATAINDIA,EQ,26-Sep-2023,"1,635.30","1,635.00","1,641.40","1,612.50","1,617.00","1,615.70","1,624.79",129437,210307416.65,8792.0,64108.0,49.53
BATAINDIA,EQ,25-Sep-2023,"1,633.60","1,638.50","1,650.00","1,621.35","1,631.65","1,635.30","1,639.70",229856,376895666.55,12536.0,64089.0,27.88
BATAINDIA,EQ,22-Sep-2023,"1,655.80","1,650.10","1,663.00","1,628.00","1,631.20","1,633.60","1,642.55",140677,231068779.3,11160.0,38450.0,27.33
BATAINDIA,EQ,21-Sep-2023,"1,668.00","1,660.00","1,677.45","1,652.00","1,655.00","1,655.80","1,664.04",100997,168062926.0,7784.0,41841.0,41.43
BATAINDIA,EQ,20-Sep-2023,"1,678.00","1,673.05","1,675.90","1,660.00","1,668.30","1,668.00","1,667.76",107216,178810084.55,7601.0,25651.0,23.92
BATAINDIA,EQ,18-Sep-2023,"1,686.55","1,686.55","1,692.55","1,670.05","1,674.00","1,678.00","1,682.92",159397,268252922.25,13658.0,44923.0,28.18
BATAINDIA,EQ,15-Sep-2023,"1,659.95","1,669.00","1,689.80","1,658.60","1,684.50","1,686.55","1,681.42",354547,596143105.6,24632.0,172911.0,48.77
BATAINDIA,EQ,14-Sep-2023,"1,672.35","1,675.35","1,684.15","1,646.00","1,664.25","1,659.95","1,661.66",246870,410213054.3,12859.0,102867.0,41.67
BATAINDIA,EQ,13-Sep-2023,"1,700.85","1,660.00","1,688.00","1,650.10","1,672.90","1,672.35","1,671.29",583691,975517120.05,21702.0,225084.0,38.56
BATAINDIA,EQ,12-Sep-2023,"1,717.70","1,724.95","1,724.95","1,678.10","1,705.00","1,700.85","1,697.41",258073,438055185.75,14130.0,121250.0,46.98
BATAINDIA,EQ,11-Sep-2023,"1,723.45","1,720.00","1,727.00","1,709.35","1,717.50","1,717.70","1,717.62",203962,350328371.0,7524.0,118227.0,57.97
BATAINDIA,EQ,08-Sep-2023,"1,731.25","1,732.00","1,744.80","1,717.20","1,719.00","1,723.45","1,728.73",184008,318099261.7,8826.0,97749.0,53.12
BATAINDIA,EQ,07-Sep-2023,"1,686.55","1,688.00","1,748.95","1,685.20","1,731.00","1,731.25","1,726.02",902458,1557660699.35,37769.0,424937.0,47.09
BATAINDIA,EQ,06-Sep-2023,"1,681.90","1,686.00","1,699.00","1,678.10","1,688.20","1,686.55","1,688.87",154904,261612068.45,10009.0,46509.0,30.02
BATAINDIA,EQ,05-Sep-2023,"1,655.05","1,662.95","1,685.00","1,656.00","1,684.00","1,681.90","1,673.20",153046,256075996.75,12652.0,41605.0,27.18
BATAINDIA,EQ,04-Sep-2023,"1,684.20","1,684.20","1,691.00","1,652.00","1,657.15","1,655.05","1,660.27",678684,1126798505.7,21040.0,513728.0,75.69
BATAINDIA,EQ,01-Sep-2023,"1,688.20","1,687.95","1,695.00","1,676.55","1,685.00","1,684.20","1,684.07",189008,318302822.4,7099.0,125368.0,66.33
BATAINDIA,EQ,31-Aug-2023,"1,706.10","1,705.95","1,706.45","1,681.55","1,687.50","1,688.20","1,693.05",322581,546146008.45,8795.0,216460.0,67.1
BATAINDIA,EQ,30-Aug-2023,"1,690.45","1,691.10","1,720.00","1,689.35","1,694.00","1,706.10","1,709.26",324825,555210530.1,10080.0,235590.0,72.53
BATAINDIA,EQ,29-Aug-2023,"1,694.00","1,694.05","1,712.00","1,685.15","1,688.45","1,690.45","1,696.88",249717,423740623.4,12578.0,150141.0,60.12
BATAINDIA,EQ,28-Aug-2023,"1,702.40","1,700.55","1,705.00","1,687.30","1,694.00","1,694.00","1,695.32",99387,168492484.15,6558.0,32452.0,32.65
BATAINDIA,EQ,25-Aug-2023,"1,710.55","1,710.00","1,723.60","1,695.05","1,697.80","1,702.40","1,705.83",123403,210504684.75,9192.0,34277.0,27.78
BATAINDIA,EQ,24-Aug-2023,"1,726.85","1,731.75","1,743.45","1,705.50","1,709.00","1,710.55","1,723.42",122857,211734787.5,8808.0,27376.0,22.28
BATAINDIA,EQ,23-Aug-2023,"1,730.60","1,735.90","1,735.90","1,681.75","1,727.80","1,726.85","1,715.19",596531,1023162750.05,26280.0,266581.0,44.69
BATAINDIA,EQ,22-Aug-2023,"1,732.65","1,735.80","1,740.00","1,716.55","1,736.00","1,730.60","1,728.90",166278,287477741.75,12700.0,43722.0,26.29
BATAINDIA,EQ,21-Aug-2023,"1,723.05","1,725.00","1,738.85","1,715.05","1,736.40","1,732.65","1,725.71",252696,436080053.65,13457.0,119092.0,47.13
BATAINDIA,EQ,18-Aug-2023,"1,733.55","1,745.95","1,768.00","1,697.25","1,724.00","1,723.05","1,732.89",1104396,1913800904.45,48632.0,147822.0,13.38
BATAINDIA,EQ,17-Aug-2023,"1,647.15","1,640.10","1,768.00","1,636.25","1,739.00","1,733.55","1,728.56",2918175,5044245326.15,123905.0,925344.0,31.71
BATAINDIA,EQ,16-Aug-2023,"1,646.90","1,639.75","1,654.20","1,626.00","1,640.15","1,647.15","1,639.41",145670,238812526.2,10527.0,44041.0,30.23
BATAINDIA,EQ,14-Aug-2023,"1,649.65","1,649.95","1,651.70","1,618.15","1,643.00","1,646.90","1,634.32",272721,445713060.9,19332.0,129436.0,47.46
BATAINDIA,EQ,11-Aug-2023,"1,645.90","1,645.45","1,664.00","1,638.00","1,644.95","1,649.65","1,650.20",487560,804571392.5,15048.0,291546.0,59.8
BATAINDIA,EQ,10-Aug-2023,"1,700.30","1,669.95","1,696.00","1,637.80","1,644.40","1,645.90","1,662.85",1307546,2174250858.35,52024.0,502786.0,38.45
BATAINDIA,EQ,09-Aug-2023,"1,755.95","1,755.55","1,766.15","1,696.00","1,698.00","1,700.30","1,716.45",394387,676944332.8,22345.0,163415.0,41.44
BATAINDIA,EQ,08-Aug-2023,"1,765.40","1,766.00","1,771.45","1,750.00","1,757.00","1,755.95","1,757.79",111572,196119740.8,7446.0,55280.0,49.55
BATAINDIA,EQ,07-Aug-2023,"1,759.15","1,758.10","1,771.00","1,744.40","1,765.00","1,765.40","1,760.80",168377,296478878.15,12503.0,65661.0,39.0
BATAINDIA,EQ,04-Aug-2023,"1,748.45","1,750.00","1,763.70","1,736.15","1,760.00","1,759.15","1,749.72",174206,304811931.45,8656.0,87393.0,50.17
BATAINDIA,EQ,03-Aug-2023,"1,757.00","1,742.00","1,756.90","1,731.70","1,752.90","1,748.45","1,745.55",237617,414771242.3,13259.0,140279.0,59.04
BATAINDIA,EQ,02-Aug-2023,"1,762.00","1,755.00","1,765.00","1,742.60","1,750.00","1,757.00","1,753.58",309622,542946608.55,16936.0,182460.0,58.93
BATAINDIA,EQ,01-Aug-2023,"1,736.40","1,737.30","1,768.25","1,734.00","1,760.00","1,762.00","1,750.32",247283,432825353.25,16467.0,108465.0,43.86
BATAINDIA,EQ,31-Jul-2023,"1,715.75","1,715.90","1,742.00","1,707.25","1,740.00","1,736.40","1,730.02",320129,553829515.15,17122.0,179754.0,56.15
BATAINDIA,EQ,28-Jul-2023,"1,703.15","1,710.00","1,718.00","1,690.55","1,715.00","1,715.75","1,707.98",120528,205859169.0,7638.0,44992.0,37.33
BATAINDIA,EQ,27-Jul-2023,"1,707.15","1,707.20","1,716.80","1,692.20","1,711.95","1,703.15","1,701.36",201213,342334838.5,14927.0,104162.0,51.77
BATAINDIA,EQ,26-Jul-2023,"1,701.00","1,704.00","1,718.20","1,689.15","1,708.20","1,707.15","1,707.23",320924,547892137.1,16398.0,147169.0,45.86
BATAINDIA,EQ,25-Jul-2023,"1,685.30","1,661.00","1,704.90","1,661.00","1,704.00","1,701.00","1,689.06",245599,414832618.55,15456.0,95817.0,39.01
BATAINDIA,EQ,24-Jul-2023,"1,683.65","1,680.00","1,693.90","1,661.00","1,690.00","1,685.30","1,676.12",236096,395724630.95,8354.0,127184.0,53.87
BATAINDIA,EQ,21-Jul-2023,"1,698.00","1,700.00","1,700.05","1,670.25","1,677.00","1,683.65","1,682.97",120339,202526389.8,7291.0,55147.0,45.83
BATAINDIA,EQ,20-Jul-2023,"1,700.30","1,700.10","1,704.50","1,680.10","1,700.00","1,698.00","1,690.08",430273,727197820.7,9858.0,344885.0,80.15
BATAINDIA,EQ,19-Jul-2023,"1,692.45","1,694.95","1,707.90","1,688.45","1,699.40","1,700.30","1,700.08",269198,457658321.9,9188.0,177306.0,65.86
BATAINDIA,EQ,18-Jul-2023,"1,692.95","1,694.95","1,700.00","1,671.45","1,699.00","1,692.45","1,683.57",267675,450649846.25,8694.0,169497.0,63.32
BATAINDIA,EQ,17-Jul-2023,"1,681.10","1,685.00","1,699.75","1,679.40","1,693.00","1,692.95","1,693.28",272869,462044519.95,16202.0,153064.0,56.09
BATAINDIA,EQ,14-Jul-2023,"1,659.20","1,660.00","1,683.90","1,648.30","1,680.90","1,681.10","1,667.28",297308,495696208.6,16174.0,170633.0,57.39
BATAINDIA,EQ,13-Jul-2023,"1,667.35","1,665.00","1,670.90","1,640.25","1,659.00","1,659.20","1,655.11",267222,442282147.15,14321.0,146993.0,55.01
BATAINDIA,EQ,12-Jul-2023,"1,696.55","1,693.80","1,695.00","1,623.05","1,670.00","1,667.35","1,656.00",678672,1123880681.5,32988.0,257346.0,37.92
BATAINDIA,EQ,11-Jul-2023,"1,670.50","1,671.40","1,700.75","1,671.40","1,695.00","1,696.55","1,691.31",178753,302326496.05,18651.0,89089.0,49.84
BATAINDIA,EQ,10-Jul-2023,"1,667.30","1,672.25","1,695.00","1,641.00","1,670.00","1,670.50","1,660.52",160575,266637817.3,9166.0,60751.0,37.83
BATAINDIA,EQ,07-Jul-2023,"1,673.50","1,677.65","1,722.60","1,658.45","1,669.00","1,667.30","1,694.51",562262,952758138.4,28284.0,115264.0,20.5
BATAINDIA,EQ,06-Jul-2023,"1,658.90","1,660.40","1,676.25","1,651.00","1,666.10","1,673.50","1,668.64",144062,240387516.3,10448.0,69250.0,48.07
BATAINDIA,EQ,05-Jul-2023,"1,632.20","1,635.95","1,675.00","1,624.05","1,663.00","1,658.90","1,647.16",174004,286612810.05,10093.0,70464.0,40.5
BATAINDIA,EQ,04-Jul-2023,"1,648.30","1,650.00","1,668.10","1,627.00","1,630.70","1,632.20","1,645.16",289375,476067721.05,17795.0,111359.0,38.48
BATAINDIA,EQ,03-Jul-2023,"1,675.50","1,678.95","1,681.75","1,626.65","1,646.00","1,648.30","1,646.47",509528,838920250.15,28871.0,298883.0,58.66
BATAINDIA,EQ,30-Jun-2023,"1,662.95","1,665.00","1,682.60","1,662.25","1,675.00","1,675.50","1,674.33",169427,283676626.35,9704.0,68430.0,40.39
BATAINDIA,EQ,28-Jun-2023,"1,662.85","1,672.00","1,675.00","1,658.90","1,669.50","1,662.95","1,663.02",237306,394644235.85,13398.0,156833.0,66.09
BATAINDIA,EQ,27-Jun-2023,"1,643.30","1,643.10","1,672.95","1,641.65","1,658.00","1,662.85","1,665.48",537172,894650220.45,24741.0,327289.0,60.93
BATAINDIA,EQ,26-Jun-2023,"1,625.50","1,624.90","1,645.00","1,617.35","1,640.80","1,643.30","1,636.35",360561,590002251.1,9439.0,251860.0,69.85
BATAINDIA,EQ,23-Jun-2023,"1,636.50","1,634.10","1,636.50","1,614.45","1,628.00","1,625.50","1,623.92",133758,217212220.2,8629.0,44231.0,33.07
BATAINDIA,EQ,22-Jun-2023,"1,650.05","1,655.00","1,655.00","1,631.05","1,637.00","1,636.50","1,645.58",486616,800763485.15,15873.0,388512.0,79.84
BATAINDIA,EQ,21-Jun-2023,"1,640.80","1,640.95","1,663.15","1,640.95","1,653.00","1,650.05","1,651.97",393095,649380745.25,21501.0,245432.0,62.44
BATAINDIA,EQ,20-Jun-2023,"1,626.20","1,616.55","1,643.30","1,616.55","1,642.95","1,640.80","1,636.54",278138,455183073.55,15473.0,131274.0,47.2
BATAINDIA,EQ,19-Jun-2023,"1,616.10","1,613.95","1,631.00","1,612.00","1,626.00","1,626.20","1,622.11",165647,268696878.2,7601.0,101322.0,61.17
BATAINDIA,EQ,16-Jun-2023,"1,614.60","1,617.95","1,634.15","1,605.40","1,613.95","1,616.10","1,621.44",313460,508256457.55,13283.0,153527.0,48.98
BATAINDIA,EQ,15-Jun-2023,"1,603.20","1,607.00","1,620.00","1,593.90","1,617.00","1,614.60","1,611.65",336288,541979781.4,14291.0,220238.0,65.49
BATAINDIA,EQ,14-Jun-2023,"1,599.40","1,607.00","1,615.95","1,593.65","1,600.05","1,603.20","1,606.50",537832,864026890.25,21834.0,241727.0,44.94
BATAINDIA,EQ,13-Jun-2023,"1,573.40","1,578.00","1,605.00","1,578.00","1,604.95","1,599.40","1,593.20",263679,420094204.0,17208.0,138284.0,52.44
BATAINDIA,EQ,12-Jun-2023,"1,575.10","1,560.80","1,579.00","1,560.80","1,578.00","1,573.40","1,574.13",173327,272839766.6,8343.0,125415.0,72.36
BATAINDIA,EQ,09-Jun-2023,"1,581.20","1,590.00","1,590.00","1,565.25","1,575.00","1,575.10","1,575.73",96441,151964505.4,7715.0,46087.0,47.79
BATAINDIA,EQ,08-Jun-2023,"1,592.30","1,592.30","1,597.05","1,567.10","1,581.85","1,581.20","1,580.54",152266,240662497.15,8271.0,89187.0,58.57
BATAINDIA,EQ,07-Jun-2023,"1,577.90","1,578.00","1,594.00","1,573.30","1,588.40","1,592.30","1,587.15",124897,198229871.45,8584.0,55125.0,44.14
BATAINDIA,EQ,06-Jun-2023,"1,576.70","1,577.05","1,583.45","1,562.85","1,579.00","1,577.90","1,571.52",93132,146358735.95,7332.0,27924.0,29.98
BATAINDIA,EQ,05-Jun-2023,"1,557.90","1,559.70","1,581.95","1,559.70","1,577.00","1,576.70","1,573.71",110174,173382395.35,7038.0,46602.0,42.3
BATAINDIA,EQ,02-Jun-2023,"1,577.85","1,580.00","1,583.75","1,555.50","1,559.70","1,557.90","1,566.73",260202,407667006.9,14754.0,120227.0,46.21
BATAINDIA,EQ,01-Jun-2023,"1,584.15","1,590.00","1,599.95","1,571.80","1,577.00","1,577.85","1,583.19",76898,121744398.75,6661.0,29182.0,37.95
BATAINDIA,EQ,31-May-2023,"1,576.25","1,576.25","1,587.20","1,571.40","1,581.00","1,584.15","1,582.05",239862,379474579.6,10069.0,177645.0,74.06
BATAINDIA,EQ,30-May-2023,"1,576.60","1,578.00","1,596.00","1,570.00","1,571.50","1,576.25","1,584.85",263320,417321703.05,13263.0,102802.0,39.04
BATAINDIA,EQ,29-May-2023,"1,581.90","1,586.50","1,589.40","1,569.30","1,578.50","1,576.60","1,575.82",91619,144375286.4,7024.0,43032.0,46.97
BATAINDIA,EQ,26-May-2023,"1,560.80","1,571.85","1,586.30","1,560.00","1,580.00","1,581.90","1,574.76",221969,349547910.75,15025.0,96930.0,43.67
BATAINDIA,EQ,25-May-2023,"1,535.00","1,535.00","1,572.20","1,535.00","1,564.20","1,560.80","1,559.06",526969,821578127.7,19872.0,272801.0,51.77
BATAINDIA,EQ,24-May-2023,"1,527.35","1,520.00","1,541.85","1,514.50","1,535.00","1,535.00","1,533.33",269687,413518723.1,14907.0,149678.0,55.5
BATAINDIA,EQ,23-May-2023,"1,531.00","1,530.00","1,534.30","1,511.15","1,527.00","1,527.35","1,522.87",232055,353389058.6,15433.0,59135.0,25.48
BATAINDIA,EQ,22-May-2023,"1,534.15","1,534.90","1,538.65","1,509.00","1,530.00","1,531.00","1,525.82",235124,358756381.7,15967.0,68750.0,29.24
BATAINDIA,EQ,19-May-2023,"1,525.55","1,553.00","1,596.40","1,518.45","1,531.00","1,534.15","1,556.33",1293277,2012760957.1,54988.0,174969.0,13.53
BATAINDIA,EQ,18-May-2023,"1,532.15","1,536.05","1,544.45","1,517.55","1,524.00","1,525.55","1,528.60",157320,240479843.95,11290.0,37433.0,23.79
BATAINDIA,EQ,17-May-2023,"1,543.20","1,543.20","1,551.50","1,521.20","1,532.15","1,532.15","1,532.81",177822,272566659.75,12968.0,70487.0,39.64
BATAINDIA,EQ,16-May-2023,"1,541.20","1,545.60","1,552.45","1,535.00","1,542.00","1,543.20","1,545.02",152171,235107283.5,10565.0,59678.0,39.22
BATAINDIA,EQ,15-May-2023,"1,524.45","1,524.45","1,549.90","1,519.00","1,541.95","1,541.20","1,538.29",276771,425752699.7,15733.0,117313.0,42.39
BATAINDIA,EQ,12-May-2023,"1,529.45","1,537.70","1,539.95","1,517.25","1,518.55","1,524.45","1,530.76",260980,399496799.35,15770.0,77934.0,29.86
BATAINDIA,EQ,11-May-2023,"1,497.55","1,498.00","1,533.00","1,492.45","1,531.20","1,529.45","1,523.48",637755,971608082.9,32076.0,200687.0,31.47
BATAINDIA,EQ,10-May-2023,"1,499.30","1,502.05","1,506.60","1,487.25","1,499.00","1,497.55","1,495.02",125544,187690474.55,7944.0,54589.0,43.48
BATAINDIA,EQ,09-May-2023,"1,501.50","1,502.95","1,507.95","1,492.80","1,501.10","1,499.30","1,501.00",170114,255341109.3,8269.0,95038.0,55.87
BATAINDIA,EQ,08-May-2023,"1,478.10","1,480.00","1,503.45","1,480.00","1,501.00","1,501.50","1,497.46",105098,157379622.5,8499.0,48028.0,45.7
BATAINDIA,EQ,05-May-2023,"1,505.05","1,504.05","1,511.60","1,473.15","1,480.05","1,478.10","1,489.86",252996,376928319.1,12488.0,123020.0,48.63
BATAINDIA,EQ,04-May-2023,"1,506.25","1,506.25","1,510.00","1,496.65","1,505.00","1,505.05","1,504.55",223688,336549891.55,9232.0,152016.0,67.96
BATAINDIA,EQ,03-May-2023,"1,491.05","1,493.45","1,513.00","1,484.00","1,503.50","1,506.25","1,505.39",319865,481520589.5,13932.0,140332.0,43.87
BATAINDIA,EQ,02-May-2023,"1,474.65","1,479.95","1,500.00","1,475.70","1,493.00","1,491.05","1,492.82",337019,503109356.45,16731.0,106975.0,31.74
BATAINDIA,EQ,28-Apr-2023,"1,475.70","1,480.00","1,482.20","1,466.60","1,471.65","1,474.65","1,473.73",175125,258086530.3,12246.0,101493.0,57.95
BATAINDIA,EQ,27-Apr-2023,"1,473.80","1,476.00","1,480.30","1,463.10","1,470.00","1,475.70","1,472.58",270248,397961054.1,7700.0,171779.0,63.56
BATAINDIA,EQ,26-Apr-2023,"1,471.65","1,470.00","1,475.85","1,462.80","1,470.50","1,473.80","1,471.55",210033,309074583.5,9581.0,121141.0,57.68
BATAINDIA,EQ,25-Apr-2023,"1,481.40","1,484.70","1,485.00","1,462.00","1,473.65","1,471.65","1,472.69",360689,531181473.5,12215.0,212751.0,58.98
BATAINDIA,EQ,24-Apr-2023,"1,481.30","1,481.30","1,486.90","1,466.00","1,481.00","1,481.40","1,477.88",252510,373180094.9,11466.0,106994.0,42.37
BATAINDIA,EQ,21-Apr-2023,"1,458.85","1,468.90","1,484.50","1,455.20","1,480.50","1,481.30","1,474.11",782368,1153298298.5,28876.0,334639.0,42.77
BATAINDIA,EQ,20-Apr-2023,"1,431.05","1,434.00","1,470.00","1,419.90","1,462.00","1,458.85","1,453.82",679005,987150504.45,27852.0,190011.0,27.98
BATAINDIA,EQ,19-Apr-2023,"1,421.40","1,431.00","1,438.70","1,413.25","1,432.80","1,431.05","1,425.19",498684,710718700.5,18692.0,241653.0,48.46
BATAINDIA,EQ,18-Apr-2023,"1,408.85","1,415.00","1,429.70","1,399.30","1,428.00","1,421.40","1,413.89",435948,616381324.85,16555.0,225909.0,51.82
BATAINDIA,EQ,17-Apr-2023,"1,400.45","1,390.00","1,411.90","1,390.00","1,409.50","1,408.85","1,403.75",492550,691415651.45,13891.0,338243.0,68.67
BATAINDIA,EQ,13-Apr-2023,"1,392.60","1,396.40","1,409.40","1,383.90","1,409.40","1,400.45","1,392.82",472097,657545566.55,14870.0,261061.0,55.3
BATAINDIA,EQ,12-Apr-2023,"1,389.20","1,395.40","1,408.30","1,388.10","1,394.00","1,392.60","1,397.24",615539,860053348.3,20467.0,396805.0,64.46
BATAINDIA,EQ,11-Apr-2023,"1,404.00","1,408.55","1,412.70","1,383.00","1,390.00","1,389.20","1,391.18",767407,1067602446.0,24108.0,553402.0,72.11
BATAINDIA,EQ,10-Apr-2023,"1,402.75","1,409.70","1,418.00","1,399.85","1,405.00","1,404.00","1,407.75",315861,444653176.8,12743.0,179299.0,56.77
BATAINDIA,EQ,06-Apr-2023,"1,430.50","1,428.00","1,437.90","1,401.00","1,403.80","1,402.75","1,411.87",514099,725841411.7,15801.0,338864.0,65.91
BATAINDIA,EQ,05-Apr-2023,"1,431.40","1,433.65","1,442.00","1,424.05","1,428.60","1,430.50","1,434.64",205851,295321385.45,12364.0,96358.0,46.81
BATAINDIA,EQ,03-Apr-2023,"1,418.35","1,436.00","1,436.00","1,417.60","1,428.00","1,431.40","1,427.65",240731,343680653.15,13004.0,138109.0,57.37
BATAINDIA,EQ,31-Mar-2023,"1,406.75","1,408.40","1,433.00","1,408.40","1,417.00","1,418.35","1,421.26",220033,312724097.2,12330.0,79750.0,36.24
BATAINDIA,EQ,29-Mar-2023,"1,394.65","1,393.95","1,409.70","1,381.45","1,405.40","1,406.75","1,398.85",282259,394837079.4,16571.0,161492.0,57.21
BATAINDIA,EQ,28-Mar-2023,"1,399.30","1,401.05","1,407.75","1,386.40","1,394.00","1,394.65","1,396.20",281244,392672271.35,12111.0,156376.0,55.6
BATAINDIA,EQ,27-Mar-2023,"1,416.40","1,420.15","1,420.40","1,383.70","1,400.00","1,399.30","1,398.37",276549,386718327.7,14587.0,87871.0,31.77
BATAINDIA,EQ,24-Mar-2023,"1,416.30","1,418.00","1,419.15","1,400.60","1,417.85","1,416.40","1,411.19",843508,1190349424.75,15782.0,531488.0,63.01
BATAINDIA,EQ,23-Mar-2023,"1,410.05","1,410.00","1,421.90","1,405.25","1,416.00","1,416.30","1,416.11",290467,411333810.05,12371.0,176182.0,60.65
BATAINDIA,EQ,22-Mar-2023,"1,406.25","1,413.20","1,414.70","1,405.20","1,410.00","1,410.05","1,409.37",126101,177722591.2,8480.0,61040.0,48.41
BATAINDIA,EQ,21-Mar-2023,"1,399.85","1,406.95","1,410.45","1,397.95","1,408.00","1,406.25","1,405.82",155118,218068099.05,9050.0,78276.0,50.46
BATAINDIA,EQ,20-Mar-2023,"1,418.70","1,418.00","1,420.05","1,381.05","1,405.00","1,399.85","1,392.53",292334,407085091.6,31607.0,162981.0,55.75
BATAINDIA,EQ,17-Mar-2023,"1,407.90","1,410.00","1,422.85","1,405.20","1,418.40","1,418.70","1,413.08",182424,257780194.9,10987.0,77989.0,42.75
BATAINDIA,EQ,16-Mar-2023,"1,408.70","1,412.25","1,414.45","1,389.00","1,411.50","1,407.90","1,404.12",284712,399768652.3,12846.0,186855.0,65.63
BATAINDIA,EQ,15-Mar-2023,"1,401.10","1,413.60","1,414.00","1,398.10","1,410.00","1,408.70","1,405.15",317138,445625388.7,36812.0,199752.0,62.99
BATAINDIA,EQ,14-Mar-2023,"1,416.05","1,410.05","1,415.75","1,388.15","1,402.00","1,401.10","1,399.62",411277,575631838.65,30820.0,174470.0,42.42
BATAINDIA,EQ,13-Mar-2023,"1,420.00","1,419.00","1,421.50","1,400.00","1,416.30","1,416.05","1,409.69",287511,405300666.6,15975.0,189757.0,66.0
BATAINDIA,EQ,10-Mar-2023,"1,421.00","1,405.00","1,422.20","1,396.60","1,416.25","1,420.00","1,412.88",332215,469380805.0,18430.0,86154.0,25.93
BATAINDIA,EQ,09-Mar-2023,"1,431.05","1,432.55","1,442.95","1,410.55","1,423.20","1,421.00","1,424.02",400802,570751613.2,15761.0,205023.0,51.15
BATAINDIA,EQ,08-Mar-2023,"1,420.60","1,418.80","1,435.40","1,402.40","1,429.00","1,431.05","1,423.29",296285,421698772.4,13690.0,111172.0,37.52
BATAINDIA,EQ,06-Mar-2023,"1,405.20","1,408.50","1,426.00","1,407.00","1,422.00","1,420.60","1,416.14",348034,492863250.15,12456.0,182810.0,52.53
BATAINDIA,EQ,03-Mar-2023,"1,387.00","1,394.30","1,412.00","1,387.10","1,405.00","1,405.20","1,392.87",742696,1034475455.75,20348.0,582717.0,78.46
BATAINDIA,EQ,02-Mar-2023,"1,419.15","1,418.95","1,418.95","1,385.00","1,391.00","1,387.00","1,394.06",400428,558219047.15,19410.0,248256.0,62.0
BATAINDIA,EQ,01-Mar-2023,"1,411.15","1,410.00","1,421.00","1,406.75","1,412.50","1,419.15","1,415.79",282944,400589514.35,14835.0,166209.0,58.74
BATAINDIA,EQ,28-Feb-2023,"1,391.70","1,390.00","1,414.40","1,386.70","1,405.80","1,411.15","1,406.89",225394,317105522.1,11929.0,87068.0,38.63
BATAINDIA,EQ,27-Feb-2023,"1,420.35","1,425.85","1,425.85","1,382.50","1,394.00","1,391.70","1,394.57",409843,571555802.45,20554.0,225891.0,55.12
BATAINDIA,EQ,24-Feb-2023,"1,415.55","1,422.65","1,432.50","1,416.10","1,420.00","1,420.35","1,424.02",281152,400365892.95,17036.0,179091.0,63.7
BATAINDIA,EQ,23-Feb-2023,"1,424.90","1,424.90","1,429.95","1,410.95","1,416.95","1,415.55","1,419.91",222961,316585013.85,15710.0,95654.0,42.9
BATAINDIA,EQ,22-Feb-2023,"1,412.80","1,409.55","1,427.00","1,402.45","1,425.50","1,424.90","1,418.41",394468,559517425.75,17332.0,227356.0,57.64
BATAINDIA,EQ,21-Feb-2023,"1,434.05","1,439.95","1,449.00","1,408.25","1,409.55","1,412.80","1,425.96",439839,627191317.0,29387.0,246496.0,56.04
BATAINDIA,EQ,20-Feb-2023,"1,440.05","1,451.55","1,451.55","1,417.00","1,441.00","1,434.05","1,426.92",934320,1333195706.6,25198.0,611633.0,65.46
BATAINDIA,EQ,17-Feb-2023,"1,450.05","1,446.00","1,450.85","1,422.00","1,439.00","1,440.05","1,436.12",418074,600402708.75,22089.0,156369.0,37.4
BATAINDIA,EQ,16-Feb-2023,"1,475.50","1,480.50","1,494.60","1,444.00","1,446.00","1,450.05","1,458.74",530445,773779468.3,43518.0,213421.0,40.23
BATAINDIA,EQ,15-Feb-2023,"1,501.90","1,482.45","1,539.85","1,463.65","1,478.00","1,475.50","1,498.28",1300850,1949035205.7,66517.0,185497.0,14.26
BATAINDIA,EQ,14-Feb-2023,"1,493.40","1,495.30","1,508.90","1,485.00","1,500.00","1,501.90","1,498.37",112483,168541355.55,7983.0,28829.0,25.63
BATAINDIA,EQ,13-Feb-2023,"1,520.70","1,523.85","1,524.95","1,486.00","1,494.40","1,493.40","1,500.50",197844,296864440.3,12909.0,67877.0,34.31
BATAINDIA,EQ,10-Feb-2023,"1,514.60","1,519.85","1,527.45","1,506.05","1,517.75","1,520.70","1,516.93",75811,114999666.15,5238.0,21199.0,27.96
BATAINDIA,EQ,09-Feb-2023,"1,516.95","1,519.00","1,526.65","1,503.75","1,516.00","1,514.60","1,515.13",110727,167765435.9,5000.0,59652.0,53.87
BATAINDIA,EQ,08-Feb-2023,"1,527.10","1,531.70","1,531.70","1,510.00","1,514.35","1,516.95","1,516.89",205529,311764084.45,8197.0,120402.0,58.58
BATAINDIA,EQ,07-Feb-2023,"1,523.45","1,520.10","1,531.70","1,515.25","1,531.70","1,527.10","1,524.26",85838,130839560.05,4671.0,43756.0,50.98
BATAINDIA,EQ,06-Feb-2023,"1,529.50","1,520.10","1,536.95","1,513.65","1,524.80","1,523.45","1,523.54",88011,134088118.55,9494.0,26407.0,30.0
BATAINDIA,EQ,03-Feb-2023,"1,531.25","1,547.40","1,548.90","1,510.00","1,530.00","1,529.50","1,529.17",155472,237743496.0,12491.0,69259.0,44.55
BATAINDIA,EQ,02-Feb-2023,"1,500.40","1,481.00","1,534.90","1,481.00","1,534.00","1,531.25","1,522.18",181839,276791625.65,12029.0,93766.0,51.57
BATAINDIA,EQ,01-Feb-2023,"1,529.35","1,529.35","1,545.65","1,481.30","1,499.00","1,500.40","1,522.56",224009,341067914.5,11340.0,113374.0,50.61
BATAINDIA,EQ,31-Jan-2023,"1,511.90","1,514.00","1,538.95","1,509.00","1,526.00","1,529.35","1,525.40",89685,136805292.8,7699.0,32597.0,36.35
BATAINDIA,EQ,30-Jan-2023,"1,496.20","1,495.05","1,516.60","1,486.40","1,512.00","1,511.90","1,506.84",87068,131197821.65,8079.0,26360.0,30.28
BATAINDIA,EQ,27-Jan-2023,"1,529.80","1,540.00","1,540.00","1,478.10","1,495.05","1,496.20","1,497.55",410791,615178058.25,28256.0,231913.0,56.46
BATAINDIA,EQ,25-Jan-2023,"1,571.95","1,570.00","1,570.00","1,521.25","1,532.00","1,529.80","1,538.03",273339,420404627.35,16027.0,142496.0,52.13
BATAINDIA,EQ,24-Jan-2023,"1,571.30","1,570.00","1,579.95","1,566.00","1,567.25","1,571.95","1,573.45",98767,155404555.45,6213.0,41373.0,41.89
BATAINDIA,EQ,23-Jan-2023,"1,565.95","1,576.25","1,579.15","1,559.00","1,568.00","1,571.30","1,572.64",119383,187746580.3,7226.0,50622.0,42.4
BATAINDIA,EQ,20-Jan-2023,"1,585.80","1,586.90","1,590.95","1,561.50","1,566.00","1,565.95","1,571.52",163504,256949682.65,12030.0,78159.0,47.8
BATAINDIA,EQ,19-Jan-2023,"1,593.35","1,593.30","1,597.85","1,580.00","1,586.00","1,585.80","1,588.14",164536,261306725.15,8955.0,96750.0,58.8
BATAINDIA,EQ,18-Jan-2023,"1,584.40","1,584.95","1,599.00","1,568.30","1,597.95","1,593.35","1,584.14",272783,432127548.35,14882.0,146840.0,53.83
BATAINDIA,EQ,17-Jan-2023,"1,565.80","1,573.00","1,589.55","1,565.25","1,587.55","1,584.40","1,575.99",169672,267401141.85,11395.0,68279.0,40.24
BATAINDIA,EQ,16-Jan-2023,"1,578.90","1,580.40","1,594.80","1,561.70","1,567.90","1,565.80","1,577.95",326001,514414007.7,15320.0,141929.0,43.54
BATAINDIA,EQ,13-Jan-2023,"1,636.60","1,639.45","1,641.50","1,551.10","1,580.00","1,578.90","1,577.33",893881,1409949693.5,43926.0,378748.0,42.37
BATAINDIA,EQ,12-Jan-2023,"1,637.40","1,637.40","1,654.95","1,632.10","1,634.00","1,636.60","1,643.65",232141,381558008.85,13515.0,129148.0,55.63
BATAINDIA,EQ,11-Jan-2023,"1,624.90","1,628.70","1,640.75","1,618.40","1,630.00","1,637.40","1,634.77",191655,313311166.75,9162.0,111348.0,58.1
BATAINDIA,EQ,10-Jan-2023,"1,635.40","1,639.90","1,650.00","1,622.15","1,628.00","1,624.90","1,639.20",256073,419755284.65,12627.0,165532.0,64.64
BATAINDIA,EQ,09-Jan-2023,"1,624.85","1,644.95","1,644.95","1,627.95","1,633.30","1,635.40","1,637.40",245223,401529073.15,12462.0,175115.0,71.41
BATAINDIA,EQ,06-Jan-2023,"1,635.10","1,635.10","1,642.90","1,618.10","1,625.00","1,624.85","1,628.08",215943,351573379.75,8254.0,140295.0,64.97
BATAINDIA,EQ,05-Jan-2023,"1,638.65","1,639.15","1,645.00","1,613.40","1,628.05","1,635.10","1,633.38",279136,455934075.1,9014.0,183965.0,65.91
BATAINDIA,EQ,04-Jan-2023,"1,645.85","1,650.00","1,651.30","1,625.30","1,639.20","1,638.65","1,634.91",251860,411767600.2,13050.0,139785.0,55.5
BATAINDIA,EQ,03-Jan-2023,"1,653.55","1,656.00","1,656.00","1,630.05","1,648.00","1,645.85","1,643.36",204748,336474585.15,10701.0,131873.0,64.41
BATAINDIA,EQ,02-Jan-2023,"1,649.15","1,650.00","1,656.95","1,640.15","1,654.25","1,653.55","1,648.47",198652,327472228.9,8344.0,124276.0,62.56
BATAINDIA,EQ,30-Dec-2022,"1,628.75","1,635.95","1,661.00","1,632.55","1,650.75","1,649.15","1,648.83",471109,776780644.15,15263.0,146753.0,31.15
BATAINDIA,EQ,29-Dec-2022,"1,635.95","1,629.00","1,634.00","1,617.70","1,632.00","1,628.75","1,625.26",213930,347692024.5,11537.0,94411.0,44.13
BATAINDIA,EQ,27-Dec-2024,"1,350.45","1,355.70","1,422.90","1,346.75","1,382.30","1,381.30","1,396.69",2596097,3625950274.35,119404.0,718021.0,27.66
BATAINDIA,EQ,26-Dec-2024,"1,361.50","1,355.00","1,364.40","1,341.25","1,341.25","1,350.45","1,352.91",178261,241171157.2,11754.0,31148.0,17.47
BATAINDIA,EQ,24-Dec-2024,"1,334.10","1,332.35","1,371.35","1,332.05","1,362.15","1,361.50","1,357.48",231220,313877311.5,11390.0,125695.0,54.36
BATAINDIA,EQ,23-Dec-2024,"1,342.25","1,350.25","1,353.40","1,327.85","1,332.20","1,334.10","1,338.85",83487,111776425.85,6508.0,24385.0,29.21
BATAINDIA,EQ,20-Dec-2024,"1,368.30","1,365.55","1,374.75","1,338.20","1,342.00","1,342.25","1,354.83",121400,164475998.4,8751.0,45798.0,37.72
BATAINDIA,EQ,19-Dec-2024,"1,380.05","1,360.00","1,384.95","1,354.00","1,366.05","1,368.30","1,366.77",127455,174201677.15,12118.0,60263.0,47.28
BATAINDIA,EQ,18-Dec-2024,"1,412.55","1,410.00","1,414.90","1,378.05","1,380.00","1,380.05","1,393.89",80875,112730503.15,6401.0,23347.0,28.87
BATAINDIA,EQ,17-Dec-2024,"1,435.35","1,435.00","1,440.05","1,410.00","1,411.10","1,412.55","1,423.26",59374,84504649.15,4803.0,23517.0,39.61
BATAINDIA,EQ,16-Dec-2024,"1,432.45","1,435.50","1,442.45","1,420.05","1,437.35","1,435.35","1,434.52",107360,154010078.95,6557.0,41998.0,39.12
BATAINDIA,EQ,13-Dec-2024,"1,429.80","1,429.80","1,434.80","1,406.30","1,434.80","1,432.45","1,422.49",109719,156074023.8,6869.0,39042.0,35.58
BATAINDIA,EQ,12-Dec-2024,"1,447.50","1,450.00","1,450.00","1,411.00","1,432.00","1,429.80","1,428.44",77490,110689446.65,6449.0,21178.0,27.33
BATAINDIA,EQ,11-Dec-2024,"1,435.25","1,431.90","1,452.45","1,430.65","1,449.50","1,447.50","1,445.70",112680,162901562.25,5223.0,50078.0,44.44
BATAINDIA,EQ,10-Dec-2024,"1,448.25","1,448.25","1,455.45","1,428.55","1,435.00","1,435.25","1,440.22",157465,226783696.05,7519.0,78076.0,49.58
BATAINDIA,EQ,09-Dec-2024,"1,447.00","1,448.80","1,457.50","1,439.35","1,445.10","1,448.25","1,449.24",119924,173798284.95,7353.0,50112.0,41.79
BATAINDIA,EQ,06-Dec-2024,"1,439.75","1,439.75","1,457.00","1,434.20","1,441.00","1,447.00","1,445.35",209839,303290703.85,12509.0,45095.0,21.49
BATAINDIA,EQ,05-Dec-2024,"1,443.85","1,446.95","1,449.75","1,429.45","1,442.50","1,439.75","1,440.59",107526,154900553.3,9617.0,41918.0,38.98
BATAINDIA,EQ,04-Dec-2024,"1,425.90","1,425.00","1,447.25","1,425.00","1,445.00","1,443.85","1,440.27",266223,383433558.25,19128.0,120469.0,45.25
BATAINDIA,EQ,03-Dec-2024,"1,433.45","1,435.00","1,436.85","1,411.00","1,425.00","1,425.90","1,424.71",183367,261245395.65,16748.0,75991.0,41.44
BATAINDIA,EQ,02-Dec-2024,"1,410.85","1,412.00","1,441.95","1,399.45","1,432.50","1,433.45","1,429.41",306702,438402079.65,21312.0,129063.0,42.08
BATAINDIA,EQ,29-Nov-2024,"1,362.25","1,365.10","1,418.15","1,358.50","1,409.80","1,410.85","1,397.59",423537,591929726.25,27057.0,203488.0,48.04
BATAINDIA,EQ,28-Nov-2024,"1,370.30","1,365.75","1,384.05","1,355.00","1,358.05","1,362.25","1,366.43",237510,324541158.35,13781.0,109963.0,46.3
BATAINDIA,EQ,27-Nov-2024,"1,365.95","1,365.90","1,378.45","1,358.25","1,370.00","1,370.30","1,369.34",160938,220379248.9,13341.0,50364.0,31.29
BATAINDIA,EQ,26-Nov-2024,"1,321.50","1,329.30","1,399.00","1,322.40","1,368.00","1,365.95","1,356.99",555955,754424334.25,38807.0,127629.0,22.96
BATAINDIA,EQ,25-Nov-2024,"1,301.45","1,310.00","1,330.00","1,308.05","1,320.00","1,321.50","1,321.86",283078,374188119.55,11803.0,176839.0,62.47
BATAINDIA,EQ,22-Nov-2024,"1,281.55","1,281.55","1,305.20","1,278.00","1,299.30","1,301.45","1,294.60",123381,159728507.7,7461.0,54535.0,44.2
BATAINDIA,EQ,21-Nov-2024,"1,282.65","1,287.00","1,290.65","1,275.55","1,280.05","1,281.55","1,281.52",165055,211521224.4,10410.0,75901.0,45.99
BATAINDIA,EQ,19-Nov-2024,"1,289.30","1,290.00","1,305.65","1,280.00","1,280.20","1,282.65","1,297.51",300203,389517100.0,16197.0,185493.0,61.79
BATAINDIA,EQ,18-Nov-2024,"1,307.35","1,303.00","1,306.00","1,283.50","1,287.00","1,289.30","1,294.89",263399,341071814.5,18797.0,101905.0,38.69
BATAINDIA,EQ,14-Nov-2024,"1,317.95","1,317.95","1,337.80","1,304.30","1,307.05","1,307.35","1,321.39",159862,211240761.75,11213.0,63081.0,39.46
BATAINDIA,EQ,13-Nov-2024,"1,334.90","1,334.90","1,340.00","1,314.65","1,319.30","1,317.95","1,328.22",132831,176428464.45,14475.0,48438.0,36.47
BATAINDIA,EQ,12-Nov-2024,"1,330.90","1,325.10","1,350.75","1,325.05","1,337.75","1,334.90","1,339.14",330309,442330604.55,21280.0,142002.0,42.99
BATAINDIA,EQ,11-Nov-2024,"1,336.30","1,336.30","1,340.55","1,318.85","1,331.50","1,330.90","1,331.46",186781,248691855.15,17483.0,74160.0,39.7
BATAINDIA,EQ,08-Nov-2024,"1,340.05","1,340.10","1,352.15","1,333.20","1,333.20","1,336.30","1,340.08",98355,131803203.15,9187.0,27143.0,27.6
BATAINDIA,EQ,07-Nov-2024,"1,358.40","1,357.80","1,359.65","1,332.00","1,336.10","1,340.05","1,340.05",261356,350230653.1,20472.0,103112.0,39.45
BATAINDIA,EQ,06-Nov-2024,"1,356.10","1,357.55","1,370.00","1,351.00","1,357.10","1,358.40","1,360.50",352439,479492857.1,27877.0,124139.0,35.22
BATAINDIA,EQ,05-Nov-2024,"1,336.40","1,300.05","1,359.60","1,300.05","1,356.00","1,356.10","1,332.62",1134015,1511206115.1,53571.0,95704.0,8.44
BATAINDIA,EQ,04-Nov-2024,"1,356.75","1,362.00","1,362.00","1,330.00","1,331.00","1,336.40","1,341.57",366261,491365099.2,22376.0,134643.0,36.76
BATAINDIA,EQ,01-Nov-2024,"1,355.65","1,365.00","1,365.00","1,354.00","1,357.45","1,356.75","1,357.45",44277,60103986.6,3673.0,20321.0,45.9
BATAINDIA,EQ,31-Oct-2024,"1,363.85","1,363.85","1,370.00","1,346.55","1,357.00","1,355.65","1,357.48",242375,329020306.8,13967.0,71776.0,29.61
BATAINDIA,EQ,30-Oct-2024,"1,360.25","1,360.25","1,380.20","1,352.05","1,364.80","1,363.85","1,369.56",330459,452583740.55,15389.0,153844.0,46.55
BATAINDIA,EQ,29-Oct-2024,"1,372.95","1,375.00","1,375.00","1,347.50","1,361.00","1,360.25","1,358.43",169419,230143248.25,12715.0,30878.0,18.23
BATAINDIA,EQ,28-Oct-2024,"1,364.75","1,370.05","1,386.60","1,363.65","1,370.05","1,372.95","1,375.72",98764,135871130.65,10909.0,18558.0,18.79
BATAINDIA,EQ,25-Oct-2024,"1,384.65","1,385.55","1,398.50","1,356.75","1,368.75","1,364.75","1,368.33",137411,188023412.4,13191.0,37607.0,27.37
BATAINDIA,EQ,24-Oct-2024,"1,395.20","1,400.00","1,400.15","1,371.00","1,385.00","1,384.65","1,383.92",117518,162635428.2,13770.0,25223.0,21.46
BATAINDIA,EQ,23-Oct-2024,"1,395.95","1,385.00","1,419.90","1,373.90","1,394.35","1,395.20","1,404.30",347457,487934493.8,23060.0,173568.0,49.95
BATAINDIA,EQ,22-Oct-2024,"1,430.80","1,428.15","1,436.95","1,389.05","1,393.00","1,395.95","1,408.54",616986,869051040.4,20450.0,442119.0,71.66
BATAINDIA,EQ,21-Oct-2024,"1,464.95","1,458.10","1,465.80","1,417.20","1,434.00","1,430.80","1,435.70",311450,447147721.2,21714.0,101029.0,32.44
BATAINDIA,EQ,18-Oct-2024,"1,435.00","1,430.00","1,468.80","1,416.00","1,464.00","1,464.95","1,453.82",364814,530373872.65,22470.0,170521.0,46.74
BATAINDIA,EQ,17-Oct-2024,"1,424.70","1,425.00","1,443.95","1,419.00","1,441.20","1,435.00","1,434.39",450226,645800423.6,21094.0,221554.0,49.21
BATAINDIA,EQ,16-Oct-2024,"1,450.65","1,450.00","1,451.50","1,420.05","1,422.00","1,424.70","1,432.14",163678,234409779.85,14105.0,67643.0,41.33
BATAINDIA,EQ,15-Oct-2024,"1,415.70","1,418.00","1,454.90","1,416.00","1,454.00","1,450.65","1,437.89",287862,413912934.35,15802.0,147131.0,51.11
BATAINDIA,EQ,14-Oct-2024,"1,406.10","1,407.00","1,423.90","1,392.55","1,417.50","1,415.70","1,412.19",157345,222200761.9,10793.0,45412.0,28.86
BATAINDIA,EQ,11-Oct-2024,"1,394.65","1,397.40","1,409.50","1,389.15","1,406.10","1,406.10","1,400.87",291909,408926335.85,11305.0,175750.0,60.21
BATAINDIA,EQ,10-Oct-2024,"1,401.25","1,407.00","1,413.70","1,389.00","1,393.00","1,394.65","1,401.91",360712,505684700.6,14255.0,268530.0,74.44
BATAINDIA,EQ,09-Oct-2024,"1,391.15","1,392.00","1,406.00","1,383.60","1,404.15","1,401.25","1,399.49",274924,384753683.7,11847.0,188896.0,68.71
BATAINDIA,EQ,08-Oct-2024,"1,354.70","1,354.20","1,398.65","1,350.20","1,390.30","1,391.15","1,380.57",289306,399407780.2,17178.0,122809.0,42.45
BATAINDIA,EQ,07-Oct-2024,"1,364.55","1,373.00","1,378.30","1,340.00","1,357.80","1,354.70","1,354.13",160064,216747826.65,14217.0,54789.0,34.23
BATAINDIA,EQ,04-Oct-2024,"1,374.70","1,361.00","1,385.00","1,350.30","1,368.25","1,364.55","1,368.27",487982,667691360.45,32439.0,162362.0,33.27
BATAINDIA,EQ,03-Oct-2024,"1,427.35","1,416.00","1,427.40","1,368.55","1,375.95","1,374.70","1,388.25",492342,683493904.1,32532.0,239969.0,48.74
BATAINDIA,EQ,01-Oct-2024,"1,439.70","1,440.00","1,447.75","1,424.00","1,427.40","1,427.35","1,434.06",113207,162345696.4,9717.0,45162.0,39.89
BATAINDIA,EQ,30-Sep-2024,"1,449.55","1,454.00","1,465.00","1,435.25","1,437.00","1,439.70","1,448.75",235858,341699873.1,16517.0,73294.0,31.08
BATAINDIA,EQ,27-Sep-2024,"1,426.00","1,426.10","1,462.00","1,422.00","1,454.00","1,449.55","1,447.66",731734,1059304372.45,36795.0,432921.0,59.16
BATAINDIA,EQ,26-Sep-2024,"1,428.40","1,424.20","1,429.00","1,415.10","1,425.00","1,426.00","1,421.60",194985,277190439.15,11654.0,101769.0,52.19
BATAINDIA,EQ,25-Sep-2024,"1,429.60","1,429.60","1,437.45","1,406.90","1,429.95","1,428.40","1,423.65",432778,616124542.6,16753.0,258046.0,59.63
BATAINDIA,EQ,24-Sep-2024,"1,428.80","1,430.00","1,435.75","1,424.65","1,429.40","1,429.60","1,429.80",217070,310367226.05,11507.0,126621.0,58.33
BATAINDIA,EQ,23-Sep-2024,"1,426.10","1,440.00","1,440.00","1,424.55","1,429.00","1,428.80","1,430.43",112964,161587383.1,8063.0,40640.0,35.98
BATAINDIA,EQ,20-Sep-2024,"1,426.35","1,427.35","1,432.30","1,418.00","1,424.00","1,426.10","1,424.18",203288,289518761.4,12939.0,107506.0,52.88
BATAINDIA,EQ,19-Sep-2024,"1,431.90","1,432.00","1,447.60","1,411.00","1,426.00","1,426.35","1,424.57",150332,214158658.2,12198.0,48904.0,32.53
BATAINDIA,EQ,18-Sep-2024,"1,439.00","1,446.00","1,450.00","1,415.70","1,431.00","1,431.90","1,432.07",213886,306298677.55,13565.0,86017.0,40.22
BATAINDIA,EQ,17-Sep-2024,"1,442.35","1,442.35","1,446.85","1,436.00","1,439.80","1,439.00","1,439.92",93625,134812590.95,7708.0,45901.0,49.03
BATAINDIA,EQ,16-Sep-2024,"1,437.95","1,438.00","1,449.00","1,437.05","1,441.35","1,442.35","1,443.14",143559,207176238.8,11148.0,57057.0,39.74
BATAINDIA,EQ,13-Sep-2024,"1,428.80","1,435.00","1,444.00","1,428.80","1,439.00","1,437.95","1,438.51",137045,197140340.05,10264.0,55801.0,40.72
BATAINDIA,EQ,12-Sep-2024,"1,417.20","1,420.00","1,431.75","1,419.95","1,429.75","1,428.80","1,425.87",282717,403116351.85,9434.0,189103.0,66.89
BATAINDIA,EQ,11-Sep-2024,"1,431.25","1,441.20","1,441.20","1,413.60","1,416.00","1,417.20","1,428.07",187875,268299288.2,11277.0,85833.0,45.69
BATAINDIA,EQ,10-Sep-2024,"1,428.65","1,438.20","1,445.00","1,422.20","1,434.70","1,431.25","1,432.56",223953,320826979.1,11888.0,92335.0,41.23
BATAINDIA,EQ,09-Sep-2024,"1,406.25","1,408.90","1,431.85","1,381.00","1,430.00","1,428.65","1,407.82",378138,532349343.4,24176.0,96684.0,25.57
BATAINDIA,EQ,06-Sep-2024,"1,436.80","1,440.00","1,446.60","1,405.00","1,405.85","1,406.25","1,420.18",395504,561688591.9,22045.0,216397.0,54.71
BATAINDIA,EQ,05-Sep-2024,"1,446.85","1,449.00","1,458.85","1,433.00","1,435.95","1,436.80","1,442.10",396867,572320533.9,15844.0,273529.0,68.92
BATAINDIA,EQ,04-Sep-2024,"1,467.85","1,448.00","1,470.00","1,441.90","1,445.00","1,446.85","1,454.48",181540,264047026.05,10213.0,104152.0,57.37
BATAINDIA,EQ,03-Sep-2024,"1,460.80","1,464.80","1,476.95","1,457.35","1,470.00","1,467.85","1,468.56",298888,438933716.45,15209.0,85755.0,28.69
BATAINDIA,EQ,02-Sep-2024,"1,452.65","1,453.00","1,464.25","1,452.00","1,461.05","1,460.80","1,458.86",148241,216262222.6,12070.0,55754.0,37.61
BATAINDIA,EQ,30-Aug-2024,"1,450.35","1,450.35","1,461.70","1,445.55","1,453.25","1,452.65","1,453.62",169234,246001429.85,12250.0,85552.0,50.55
BATAINDIA,EQ,29-Aug-2024,"1,449.85","1,449.85","1,462.20","1,429.55","1,459.40","1,450.35","1,446.29",386922,559600469.95,13739.0,205228.0,53.04
BATAINDIA,EQ,28-Aug-2024,"1,453.25","1,453.25","1,468.95","1,440.00","1,444.05","1,449.85","1,458.48",257139,375031977.7,14044.0,84045.0,32.68
BATAINDIA,EQ,27-Aug-2024,"1,450.80","1,450.80","1,461.00","1,444.85","1,451.90","1,453.25","1,451.47",123640,179460165.25,9408.0,48377.0,39.13
BATAINDIA,EQ,26-Aug-2024,"1,452.95","1,456.00","1,459.95","1,446.70","1,451.00","1,450.80","1,452.53",244009,354429608.0,15342.0,126182.0,51.71
BATAINDIA,EQ,23-Aug-2024,"1,446.30","1,446.00","1,456.55","1,426.00","1,451.75","1,452.95","1,444.28",349250,504414548.8,22126.0,181454.0,51.96
BATAINDIA,EQ,22-Aug-2024,"1,421.05","1,428.00","1,456.45","1,423.05","1,442.45","1,446.30","1,443.15",674340,973173286.6,35348.0,341814.0,50.69
BATAINDIA,EQ,21-Aug-2024,"1,419.25","1,420.75","1,428.00","1,415.05","1,420.80","1,421.05","1,420.48",280678,398698137.95,26195.0,175019.0,62.36
BATAINDIA,EQ,20-Aug-2024,"1,425.05","1,435.00","1,437.85","1,410.00","1,418.90","1,419.25","1,419.33",193531,274684545.05,11303.0,77366.0,39.98
BATAINDIA,EQ,19-Aug-2024,"1,421.15","1,423.25","1,453.20","1,419.00","1,426.00","1,425.05","1,432.94",327997,469998383.2,15339.0,99720.0,30.4
BATAINDIA,EQ,16-Aug-2024,"1,388.35","1,390.95","1,424.15","1,385.00","1,420.00","1,421.15","1,406.54",363962,511927809.7,19822.0,107660.0,29.58
BATAINDIA,EQ,14-Aug-2024,"1,402.80","1,406.80","1,418.00","1,384.25","1,389.00","1,388.35","1,399.80",295572,413741050.0,19242.0,101748.0,34.42
BATAINDIA,EQ,13-Aug-2024,"1,418.80","1,410.00","1,424.95","1,400.00","1,406.80","1,402.80","1,411.65",354487,500413137.15,21951.0,72266.0,20.39
BATAINDIA,EQ,12-Aug-2024,"1,443.00","1,442.35","1,442.35","1,415.60","1,419.00","1,418.80","1,424.93",266322,379491018.95,19010.0,91711.0,34.44
BATAINDIA,EQ,09-Aug-2024,"1,455.70","1,470.00","1,470.15","1,438.70","1,443.75","1,443.00","1,448.76",273308,395958710.9,14386.0,91481.0,33.47
BATAINDIA,EQ,08-Aug-2024,"1,465.95","1,465.95","1,479.90","1,450.25","1,456.00","1,455.70","1,466.90",270031,396107964.2,17381.0,61498.0,22.77
BATAINDIA,EQ,07-Aug-2024,"1,515.10","1,460.00","1,488.75","1,440.00","1,461.00","1,465.95","1,459.96",1626959,2375293130.95,66540.0,326848.0,20.09
BATAINDIA,EQ,06-Aug-2024,"1,557.20","1,572.00","1,585.60","1,505.70","1,513.70","1,515.10","1,541.62",516740,796614201.85,29087.0,137234.0,26.56
BATAINDIA,EQ,05-Aug-2024,"1,619.20","1,591.10","1,615.00","1,547.50","1,551.10","1,557.20","1,580.28",528741,835560991.95,42815.0,150546.0,28.47
BATAINDIA,EQ,02-Aug-2024,"1,620.20","1,618.00","1,628.00","1,596.80","1,620.00","1,619.20","1,616.11",569796,920853266.95,23353.0,260658.0,45.75
BATAINDIA,EQ,01-Aug-2024,"1,596.30","1,594.90","1,625.00","1,588.65","1,615.00","1,620.20","1,612.13",662370,1067827337.35,27837.0,395353.0,59.69
BATAINDIA,EQ,31-Jul-2024,"1,603.95","1,588.00","1,606.70","1,586.35","1,594.90","1,596.30","1,596.94",210362,335935205.15,14020.0,96721.0,45.98
BATAINDIA,EQ,30-Jul-2024,"1,621.25","1,633.00","1,633.00","1,585.00","1,603.50","1,603.95","1,600.00",521143,833831313.4,27035.0,229600.0,44.06
BATAINDIA,EQ,29-Jul-2024,"1,608.35","1,615.30","1,633.00","1,603.15","1,629.95","1,621.25","1,620.00",489858,793569172.1,24326.0,284510.0,58.08
BATAINDIA,EQ,26-Jul-2024,"1,597.55","1,594.00","1,612.50","1,587.55","1,605.00","1,608.35","1,602.41",276011,442283933.5,15544.0,145423.0,52.69
BATAINDIA,EQ,25-Jul-2024,"1,602.60","1,590.00","1,619.80","1,585.00","1,594.00","1,597.55","1,606.91",584433,939133746.65,25902.0,273575.0,46.81
BATAINDIA,EQ,24-Jul-2024,"1,561.30","1,565.00","1,608.00","1,562.90","1,595.05","1,602.60","1,592.99",1075660,1713511497.05,47170.0,534910.0,49.73
BATAINDIA,EQ,23-Jul-2024,"1,539.65","1,535.00","1,565.00","1,502.00","1,557.40","1,561.30","1,548.55",601011,930694741.25,36849.0,245747.0,40.89
BATAINDIA,EQ,22-Jul-2024,"1,523.80","1,517.95","1,545.35","1,502.45","1,536.00","1,539.65","1,534.32",347455,533108754.55,23236.0,163490.0,47.05
BATAINDIA,EQ,19-Jul-2024,"1,530.45","1,530.50","1,542.00","1,515.30","1,520.10","1,523.80","1,528.16",397365,607236283.7,22879.0,195920.0,49.3
BATAINDIA,EQ,18-Jul-2024,"1,530.00","1,530.00","1,554.00","1,521.25","1,527.70","1,530.45","1,538.50",453241,697310608.9,25293.0,224585.0,49.55
BATAINDIA,EQ,16-Jul-2024,"1,527.95","1,527.95","1,544.40","1,525.50","1,531.00","1,530.00","1,533.67",256190,392911629.0,14973.0,91268.0,35.63
BATAINDIA,EQ,15-Jul-2024,"1,516.10","1,518.65","1,538.95","1,513.00","1,528.90","1,527.95","1,528.34",227117,347111673.05,16437.0,86354.0,38.02
BATAINDIA,EQ,12-Jul-2024,"1,534.55","1,534.55","1,552.20","1,512.60","1,514.00","1,516.10","1,529.20",332563,508556388.75,20282.0,166979.0,50.21
BATAINDIA,EQ,11-Jul-2024,"1,540.65","1,544.95","1,545.00","1,523.30","1,530.05","1,534.55","1,532.73",195552,299728625.05,15716.0,88183.0,45.09
BATAINDIA,EQ,10-Jul-2024,"1,515.30","1,525.25","1,544.95","1,487.10","1,536.35","1,540.65","1,524.21",904727,1378990399.7,46302.0,427097.0,47.21
BATAINDIA,EQ,09-Jul-2024,"1,531.90","1,540.00","1,550.00","1,512.85","1,517.00","1,515.30","1,524.38",844436,1287243416.3,24323.0,508211.0,60.18
BATAINDIA,EQ,08-Jul-2024,"1,507.65","1,508.00","1,536.00","1,490.00","1,532.00","1,531.90","1,518.32",497122,754788636.35,24362.0,201314.0,40.5
BATAINDIA,EQ,05-Jul-2024,"1,509.65","1,513.00","1,516.10","1,501.05","1,506.60","1,507.65","1,507.51",252285,380321561.55,16195.0,89730.0,35.57
BATAINDIA,EQ,04-Jul-2024,"1,492.65","1,500.00","1,513.00","1,485.50","1,513.00","1,509.65","1,501.68",329064,494147523.75,16171.0,149169.0,45.33
BATAINDIA,EQ,03-Jul-2024,"1,495.40","1,503.00","1,509.90","1,486.90","1,493.00","1,492.65","1,497.55",233632,349875892.05,13073.0,92776.0,39.71
BATAINDIA,EQ,02-Jul-2024,"1,496.15","1,507.00","1,510.00","1,482.75","1,495.00","1,495.40","1,494.18",315066,470765670.35,19449.0,132594.0,42.08
BATAINDIA,EQ,01-Jul-2024,"1,513.75","1,523.10","1,526.00","1,489.00","1,499.00","1,496.15","1,498.37",861337,1290598658.05,35591.0,512443.0,59.49
BATAINDIA,EQ,28-Jun-2024,"1,441.05","1,439.95","1,523.90","1,433.60","1,515.95","1,513.75","1,487.35",2109333,3137316214.5,72928.0,1226246.0,58.13
BATAINDIA,EQ,27-Jun-2024,"1,445.20","1,450.00","1,451.95","1,435.20","1,446.90","1,441.05","1,442.19",485473,700143065.3,20751.0,329759.0,67.93
BATAINDIA,EQ,26-Jun-2024,"1,459.25","1,459.25","1,461.60","1,440.00","1,445.00","1,445.20","1,449.93",341718,495468019.75,13790.0,231055.0,67.62
BATAINDIA,EQ,25-Jun-2024,"1,454.85","1,461.60","1,476.30","1,456.00","1,459.40","1,459.25","1,465.96",377733,553740528.4,23001.0,117322.0,31.06
BATAINDIA,EQ,24-Jun-2024,"1,461.20","1,456.40","1,466.50","1,448.10","1,457.00","1,454.85","1,459.82",245296,358088300.35,12245.0,83185.0,33.91
BATAINDIA,EQ,21-Jun-2024,"1,467.25","1,477.25","1,479.80","1,452.50","1,459.00","1,461.20","1,462.21",301512,440873133.45,20202.0,159223.0,52.81
BATAINDIA,EQ,20-Jun-2024,"1,449.40","1,449.40","1,476.00","1,445.05","1,469.00","1,467.25","1,466.62",609376,893720962.25,22765.0,384868.0,63.16
BATAINDIA,EQ,19-Jun-2024,"1,455.85","1,456.50","1,468.85","1,447.05","1,452.00","1,449.40","1,455.56",353950,515195222.3,23115.0,181777.0,51.36
BATAINDIA,EQ,18-Jun-2024,"1,451.80","1,452.70","1,465.00","1,447.70","1,459.00","1,455.85","1,454.82",411776,599058580.35,24795.0,203001.0,49.3
BATAINDIA,EQ,14-Jun-2024,"1,468.40","1,468.00","1,474.20","1,448.00","1,452.70","1,451.80","1,460.56",439642,642122771.25,13460.0,331181.0,75.33
BATAINDIA,EQ,13-Jun-2024,"1,464.20","1,474.00","1,478.00","1,460.00","1,470.05","1,468.40","1,466.29",262442,384816197.9,15868.0,116121.0,44.25
BATAINDIA,EQ,12-Jun-2024,"1,474.45","1,490.00","1,492.45","1,456.00","1,458.00","1,464.20","1,470.71",349208,513583931.15,26041.0,153998.0,44.1
BATAINDIA,EQ,11-Jun-2024,"1,482.70","1,490.00","1,505.10","1,470.60","1,475.05","1,474.45","1,489.08",383699,571357052.45,23610.0,138629.0,36.13
BATAINDIA,EQ,10-Jun-2024,"1,465.90","1,485.90","1,499.50","1,465.20","1,480.00","1,482.70","1,484.03",686400,1018637923.5,37822.0,282102.0,41.1
BATAINDIA,EQ,07-Jun-2024,"1,456.95","1,470.00","1,473.90","1,454.85","1,463.70","1,465.90","1,466.09",448938,658185228.75,27370.0,182650.0,40.68
BATAINDIA,EQ,06-Jun-2024,"1,423.95","1,435.00","1,465.00","1,415.95","1,457.00","1,456.95","1,448.10",1165705,1688054920.85,59591.0,532749.0,45.7
BATAINDIA,EQ,05-Jun-2024,"1,337.20","1,344.85","1,432.95","1,338.10","1,421.00","1,423.95","1,412.51",1245444,1759204670.0,63111.0,554802.0,44.55
BATAINDIA,EQ,04-Jun-2024,"1,368.45","1,372.00","1,372.00","1,269.00","1,337.95","1,337.20","1,330.78",810262,1078281130.15,54635.0,310755.0,38.35
BATAINDIA,EQ,03-Jun-2024,"1,365.45","1,398.65","1,398.65","1,360.30","1,368.50","1,368.45","1,371.09",527951,723867555.8,32570.0,153169.0,29.01
BATAINDIA,EQ,31-May-2024,"1,372.20","1,378.00","1,398.75","1,352.00","1,360.85","1,365.45","1,379.28",731290,1008655338.7,40565.0,214121.0,29.28
BATAINDIA,EQ,30-May-2024,"1,373.95","1,355.00","1,417.85","1,350.50","1,372.00","1,372.20","1,394.73",2903377,4049432134.8,113302.0,611061.0,21.05
BATAINDIA,EQ,29-May-2024,"1,356.75","1,358.85","1,377.00","1,351.00","1,376.60","1,373.95","1,368.06",645704,883359658.35,31380.0,306709.0,47.5
BATAINDIA,EQ,28-May-2024,"1,355.60","1,355.70","1,364.60","1,343.30","1,357.60","1,356.75","1,355.39",301156,408182557.6,20090.0,131042.0,43.51
BATAINDIA,EQ,27-May-2024,"1,346.40","1,346.40","1,363.05","1,338.40","1,353.00","1,355.60","1,354.25",314719,426207113.35,20702.0,121912.0,38.74
BATAINDIA,EQ,24-May-2024,"1,355.95","1,349.80","1,356.80","1,345.00","1,347.00","1,346.40","1,350.21",182966,247043406.35,9594.0,74668.0,40.81
BATAINDIA,EQ,23-May-2024,"1,366.45","1,366.90","1,369.75","1,348.10","1,354.85","1,355.95","1,355.26",203479,275766113.35,15113.0,80070.0,39.35
BATAINDIA,EQ,22-May-2024,"1,361.35","1,361.35","1,375.85","1,358.45","1,366.80","1,366.45","1,365.44",211691,289052103.4,19864.0,92243.0,43.57
BATAINDIA,EQ,21-May-2024,"1,374.10","1,373.85","1,386.80","1,359.90","1,360.00","1,361.35","1,370.70",278840,382205005.9,16722.0,128607.0,46.12
BATAINDIA,EQ,18-May-2024,"1,353.05","1,354.95","1,378.20","1,351.50","1,374.00","1,374.10","1,369.55",147930,202598120.35,6738.0,98985.0,66.91
BATAINDIA,EQ,17-May-2024,"1,334.50","1,336.30","1,359.90","1,336.00","1,354.10","1,353.05","1,351.34",805358,1088309308.1,24118.0,524642.0,65.14
BATAINDIA,EQ,16-May-2024,"1,327.15","1,329.05","1,336.00","1,322.10","1,334.95","1,334.50","1,329.36",164981,219319713.4,8875.0,73337.0,44.45
BATAINDIA,EQ,15-May-2024,"1,328.85","1,334.90","1,336.00","1,321.00","1,326.20","1,327.15","1,326.98",165453,219552357.85,11285.0,61604.0,37.23
BATAINDIA,EQ,14-May-2024,"1,317.20","1,320.00","1,335.00","1,317.50","1,327.75","1,328.85","1,326.52",288805,383105187.45,17287.0,145075.0,50.23
BATAINDIA,EQ,13-May-2024,"1,309.10","1,315.00","1,320.40","1,294.00","1,319.00","1,317.20","1,308.33",294086,384761359.65,20614.0,107735.0,36.63
BATAINDIA,EQ,10-May-2024,"1,298.55","1,306.50","1,321.75","1,297.60","1,309.40","1,309.10","1,307.50",247831,324038430.45,20325.0,87364.0,35.25
BATAINDIA,EQ,09-May-2024,"1,320.55","1,328.00","1,328.00","1,295.50","1,299.00","1,298.55","1,306.65",447161,584284768.6,35543.0,200800.0,44.91
BATAINDIA,EQ,08-May-2024,"1,324.00","1,324.00","1,333.55","1,315.45","1,323.50","1,320.55","1,323.96",266820,353258760.8,18795.0,115208.0,43.18
BATAINDIA,EQ,07-May-2024,"1,331.30","1,333.00","1,342.40","1,318.00","1,321.55","1,324.00","1,327.20",303260,402487556.4,26250.0,116507.0,38.42
BATAINDIA,EQ,06-May-2024,"1,338.35","1,345.00","1,345.00","1,323.00","1,330.50","1,331.30","1,330.65",256674,341542514.65,21707.0,111408.0,43.4
BATAINDIA,EQ,03-May-2024,"1,354.25","1,358.00","1,361.40","1,330.05","1,337.65","1,338.35","1,341.38",312915,419737743.05,24738.0,158735.0,50.73
BATAINDIA,EQ,02-May-2024,"1,369.15","1,369.15","1,374.80","1,351.00","1,354.95","1,354.25","1,359.30",299319,406865500.5,24232.0,141912.0,47.41
BATAINDIA,EQ,30-Apr-2024,"1,356.70","1,366.00","1,373.50","1,358.00","1,369.00","1,369.15","1,367.16",396351,541873452.8,19409.0,176427.0,44.51
BATAINDIA,EQ,29-Apr-2024,"1,363.40","1,371.00","1,372.10","1,348.00","1,363.00","1,356.70","1,356.20",504759,684555812.3,20021.0,332948.0,65.96
BATAINDIA,EQ,26-Apr-2024,"1,349.45","1,355.00","1,387.95","1,349.00","1,361.50","1,363.40","1,366.61",1007512,1376877626.0,36693.0,483954.0,48.03
BATAINDIA,EQ,25-Apr-2024,"1,362.95","1,366.00","1,366.00","1,345.25","1,353.00","1,349.45","1,352.64",346668,468915454.95,20235.0,150417.0,43.39
BATAINDIA,EQ,24-Apr-2024,"1,352.10","1,358.80","1,369.25","1,355.25","1,363.50","1,362.95","1,361.73",628985,856505197.9,37377.0,271161.0,43.11
BATAINDIA,EQ,23-Apr-2024,"1,342.75","1,352.00","1,357.00","1,337.15","1,351.55","1,352.10","1,348.00",455490,613999943.6,33221.0,166971.0,36.66
BATAINDIA,EQ,22-Apr-2024,"1,320.40","1,339.90","1,348.00","1,323.75","1,345.95","1,342.75","1,339.06",520748,697311514.85,34099.0,221638.0,42.56
BATAINDIA,EQ,19-Apr-2024,"1,343.55","1,340.00","1,341.70","1,307.05","1,321.00","1,320.40","1,319.28",866280,1142863063.9,55976.0,377113.0,43.53
BATAINDIA,EQ,18-Apr-2024,"1,339.00","1,359.90","1,368.00","1,340.00","1,346.50","1,343.55","1,356.22",514300,697501643.7,28739.0,214556.0,41.72
BATAINDIA,EQ,16-Apr-2024,"1,342.45","1,341.00","1,350.00","1,326.55","1,340.00","1,339.00","1,339.20",503906,674830347.6,34637.0,215151.0,42.7
BATAINDIA,EQ,15-Apr-2024,"1,387.50","1,382.00","1,382.00","1,341.05","1,343.05","1,342.45","1,357.55",780335,1059346770.3,40590.0,388364.0,49.77
BATAINDIA,EQ,12-Apr-2024,"1,380.35","1,382.05","1,404.40","1,378.50","1,388.00","1,387.50","1,391.47",1062242,1478077698.35,49163.0,429508.0,40.43
BATAINDIA,EQ,10-Apr-2024,"1,343.20","1,344.00","1,390.00","1,342.00","1,379.95","1,380.35","1,368.11",1037763,1419773656.7,47615.0,510405.0,49.18
BATAINDIA,EQ,09-Apr-2024,"1,346.15","1,354.00","1,366.80","1,338.00","1,342.75","1,343.20","1,350.90",608528,822061930.3,39287.0,282153.0,46.37
BATAINDIA,EQ,08-Apr-2024,"1,359.40","1,367.00","1,367.00","1,337.80","1,347.00","1,346.15","1,350.14",434631,586813842.75,28694.0,219887.0,50.59
BATAINDIA,EQ,05-Apr-2024,"1,371.90","1,360.00","1,367.00","1,350.50","1,359.80","1,359.40","1,357.45",435369,590991573.4,33392.0,204013.0,46.86
BATAINDIA,EQ,04-Apr-2024,"1,369.55","1,381.95","1,381.95","1,367.00","1,371.00","1,371.90","1,373.43",196616,270037548.15,13665.0,99722.0,50.72
BATAINDIA,EQ,03-Apr-2024,"1,374.10","1,375.00","1,380.85","1,365.55","1,370.00","1,369.55","1,372.14",214264,294000755.35,13223.0,122948.0,57.38
BATAINDIA,EQ,02-Apr-2024,"1,369.20","1,350.05","1,384.20","1,350.05","1,375.45","1,374.10","1,373.73",267323,367229926.35,20931.0,153516.0,57.43
BATAINDIA,EQ,01-Apr-2024,"1,364.20","1,366.30","1,383.90","1,366.30","1,368.00","1,369.20","1,375.71",275675,379249950.05,20149.0,174828.0,63.42
BATAINDIA,EQ,28-Mar-2024,"1,367.30","1,367.30","1,371.00","1,360.25","1,365.00","1,364.20","1,365.82",383390,523642618.4,21639.0,218929.0,57.1
BATAINDIA,EQ,27-Mar-2024,"1,372.40","1,372.40","1,377.95","1,362.00","1,367.70","1,367.30","1,370.02",549012,752155301.9,35355.0,316380.0,57.63
BATAINDIA,EQ,26-Mar-2024,"1,382.70","1,380.00","1,382.10","1,366.30","1,368.20","1,372.40","1,375.49",389068,535158560.95,24136.0,242169.0,62.24
BATAINDIA,EQ,22-Mar-2024,"1,379.65","1,379.65","1,397.75","1,376.10","1,385.00","1,382.70","1,386.61",391026,542199684.65,22519.0,213796.0,54.68
BATAINDIA,EQ,21-Mar-2024,"1,375.10","1,383.70","1,394.00","1,374.75","1,375.20","1,379.65","1,384.86",340578,471652460.4,15387.0,155186.0,45.57
BATAINDIA,EQ,20-Mar-2024,"1,371.45","1,376.60","1,380.00","1,348.10","1,372.05","1,375.10","1,366.79",366341,500712462.9,27677.0,148296.0,40.48
BATAINDIA,EQ,19-Mar-2024,"1,377.25","1,378.50","1,387.90","1,357.10","1,376.35","1,371.45","1,368.05",498346,681763080.3,29108.0,297383.0,59.67
BATAINDIA,EQ,18-Mar-2024,"1,390.50","1,395.00","1,398.45","1,372.95","1,378.45","1,377.25","1,383.23",535191,740294439.05,32996.0,325899.0,60.89
BATAINDIA,EQ,15-Mar-2024,"1,407.15","1,407.40","1,418.85","1,386.45","1,392.95","1,390.50","1,397.93",421772,589607262.05,19861.0,305337.0,72.39
BATAINDIA,EQ,14-Mar-2024,"1,403.50","1,390.00","1,413.00","1,367.05","1,405.00","1,407.15","1,401.20",476722,667983648.05,27184.0,281143.0,58.97
BATAINDIA,EQ,13-Mar-2024,"1,427.05","1,427.00","1,432.60","1,378.75","1,397.95","1,403.50","1,397.12",819845,1145419526.5,37989.0,468132.0,57.1
BATAINDIA,EQ,12-Mar-2024,"1,447.10","1,446.00","1,461.85","1,418.00","1,425.00","1,427.05","1,444.89",320124,462544402.25,22362.0,148435.0,46.37
BATAINDIA,EQ,11-Mar-2024,"1,450.45","1,452.00","1,466.95","1,435.00","1,444.00","1,447.10","1,448.50",272578,394829658.8,18357.0,127396.0,46.74
BATAINDIA,EQ,07-Mar-2024,"1,434.30","1,444.90","1,454.55","1,431.85","1,447.00","1,450.45","1,448.40",240421,348224903.2,16465.0,116445.0,48.43
BATAINDIA,EQ,06-Mar-2024,"1,448.75","1,454.00","1,459.85","1,415.05","1,432.50","1,434.30","1,429.60",346898,495926201.0,23178.0,150821.0,43.48
BATAINDIA,EQ,05-Mar-2024,"1,425.25","1,424.00","1,473.85","1,418.05","1,449.00","1,448.75","1,449.89",707312,1025524110.3,38830.0,293250.0,41.46
BATAINDIA,EQ,04-Mar-2024,"1,435.40","1,440.00","1,441.85","1,416.00","1,428.00","1,425.25","1,424.70",236729,337266911.75,12323.0,155092.0,65.51
BATAINDIA,EQ,02-Mar-2024,"1,432.50","1,445.90","1,445.90","1,428.25","1,434.65","1,435.40","1,435.98",18958,27223265.05,1592.0,12283.0,64.79
BATAINDIA,EQ,01-Mar-2024,"1,409.55","1,413.00","1,439.00","1,408.00","1,438.00","1,432.50","1,423.81",220164,313471329.15,14212.0,108771.0,49.4
BATAINDIA,EQ,29-Feb-2024,"1,406.35","1,406.00","1,415.55","1,381.00","1,405.00","1,409.55","1,397.23",421510,588944895.6,21355.0,163867.0,38.88
BATAINDIA,EQ,28-Feb-2024,"1,437.75","1,438.00","1,445.70","1,400.00","1,403.60","1,406.35","1,415.80",506598,717240843.8,25587.0,280250.0,55.32
BATAINDIA,EQ,27-Feb-2024,"1,428.55","1,428.60","1,446.70","1,423.00","1,435.00","1,437.75","1,438.89",266131,382932303.1,19408.0,101464.0,38.13
BATAINDIA,EQ,26-Feb-2024,"1,426.50","1,426.00","1,434.95","1,419.90","1,428.90","1,428.55","1,427.74",339069,484101523.6,15870.0,205773.0,60.69
BATAINDIA,EQ,23-Feb-2024,"1,417.60","1,430.00","1,433.00","1,417.75","1,428.00","1,426.50","1,427.18",231233,330012033.2,12259.0,103362.0,44.7
BATAINDIA,EQ,22-Feb-2024,"1,431.95","1,435.00","1,438.45","1,410.95","1,419.15","1,417.60","1,418.07",473373,671278090.5,20207.0,305393.0,64.51
BATAINDIA,EQ,21-Feb-2024,"1,437.85","1,449.90","1,452.85","1,425.05","1,432.00","1,431.95","1,435.27",343186,492564211.3,21233.0,163646.0,47.68
BATAINDIA,EQ,20-Feb-2024,"1,433.85","1,432.05","1,442.90","1,416.50","1,438.00","1,437.85","1,432.64",482265,690910919.1,22066.0,163048.0,33.81
BATAINDIA,EQ,19-Feb-2024,"1,432.80","1,443.00","1,453.35","1,430.25","1,433.05","1,433.85","1,440.19",259101,373153741.2,18151.0,90690.0,35.0
BATAINDIA,EQ,16-Feb-2024,"1,410.20","1,415.10","1,437.00","1,411.55","1,436.00","1,432.80","1,427.52",317081,452638202.75,18905.0,141787.0,44.72
BATAINDIA,EQ,15-Feb-2024,"1,411.15","1,422.00","1,424.00","1,406.45","1,410.00","1,410.20","1,411.39",151684,214084580.2,8196.0,70925.0,46.76
BATAINDIA,EQ,14-Feb-2024,"1,410.40","1,405.00","1,416.60","1,394.10","1,412.40","1,411.15","1,408.92",211631,298170731.8,13797.0,89728.0,42.4
BATAINDIA,EQ,13-Feb-2024,"1,410.30","1,412.00","1,420.95","1,400.00","1,408.05","1,410.40","1,410.85",144524,203901166.85,11294.0,52677.0,36.45
BATAINDIA,EQ,12-Feb-2024,"1,421.30","1,421.30","1,425.55","1,402.55","1,410.00","1,410.30","1,410.52",220573,311123337.1,9765.0,105374.0,47.77
BATAINDIA,EQ,09-Feb-2024,"1,415.45","1,422.25","1,427.35","1,406.40","1,420.90","1,421.30","1,417.28",274905,389618616.45,20531.0,137381.0,49.97
BATAINDIA,EQ,08-Feb-2024,"1,421.45","1,428.35","1,434.55","1,403.00","1,415.75","1,415.45","1,416.24",528206,748066901.7,21737.0,316816.0,59.98
BATAINDIA,EQ,07-Feb-2024,"1,442.35","1,458.00","1,458.00","1,396.85","1,425.00","1,421.45","1,415.06",1076463,1523260180.15,50619.0,589668.0,54.78
BATAINDIA,EQ,06-Feb-2024,"1,431.90","1,434.00","1,450.00","1,430.00","1,442.35","1,442.35","1,442.49",196289,283145169.2,19638.0,96442.0,49.13
BATAINDIA,EQ,05-Feb-2024,"1,452.40","1,458.35","1,460.65","1,425.00","1,428.00","1,431.90","1,443.21",381770,550973326.6,26024.0,148836.0,38.99
BATAINDIA,EQ,02-Feb-2024,"1,459.15","1,424.95","1,468.75","1,421.15","1,450.15","1,452.40","1,448.44",1497583,2169157500.9,66719.0,362723.0,24.22
BATAINDIA,EQ,01-Feb-2024,"1,488.45","1,496.00","1,496.00","1,444.15","1,457.55","1,459.15","1,459.44",700786,1022756641.35,51240.0,397614.0,56.74
BATAINDIA,EQ,31-Jan-2024,"1,460.35","1,460.00","1,491.40","1,455.60","1,483.80","1,488.45","1,478.18",439830,650145741.4,20795.0,263813.0,59.98
BATAINDIA,EQ,30-Jan-2024,"1,458.25","1,468.90","1,478.40","1,442.80","1,454.50","1,460.35","1,458.69",588228,858043402.65,31734.0,311686.0,52.99
BATAINDIA,EQ,29-Jan-2024,"1,449.30","1,450.00","1,472.90","1,425.00","1,469.00","1,458.25","1,440.27",556305,801232037.2,29764.0,270862.0,48.69
BATAINDIA,EQ,25-Jan-2024,"1,466.45","1,460.00","1,475.30","1,442.00","1,444.30","1,449.30","1,452.18",324588,471360981.0,16987.0,186265.0,57.39
BATAINDIA,EQ,24-Jan-2024,"1,464.95","1,482.00","1,482.00","1,460.00","1,465.00","1,466.45","1,467.99",212352,311729570.9,12057.0,91799.0,43.23
BATAINDIA,EQ,23-Jan-2024,"1,507.15","1,517.90","1,517.90","1,461.00","1,463.20","1,464.95","1,484.91",237089,352055627.25,15955.0,102816.0,43.37
BATAINDIA,EQ,20-Jan-2024,"1,515.80","1,531.40","1,531.80","1,502.00","1,504.75","1,507.15","1,515.20",120444,182496497.85,8688.0,63453.0,52.68
BATAINDIA,EQ,19-Jan-2024,"1,516.70","1,525.00","1,532.40","1,505.55","1,518.50","1,515.80","1,516.94",244001,370133967.05,20986.0,120368.0,49.33
BATAINDIA,EQ,18-Jan-2024,"1,543.40","1,543.40","1,545.70","1,513.00","1,520.00","1,516.70","1,525.66",168177,256581104.55,12668.0,61642.0,36.65
BATAINDIA,EQ,17-Jan-2024,"1,578.50","1,565.00","1,578.90","1,539.05","1,540.70","1,543.40","1,557.30",190130,296089272.5,11885.0,88347.0,46.47
BATAINDIA,EQ,16-Jan-2024,"1,581.05","1,589.95","1,592.00","1,566.50","1,578.35","1,578.50","1,578.62",115649,182565468.0,9133.0,50288.0,43.48
BATAINDIA,EQ,15-Jan-2024,"1,576.00","1,590.00","1,592.80","1,573.10","1,580.85","1,581.05","1,580.79",168687,266659272.95,10979.0,92461.0,54.81
BATAINDIA,EQ,12-Jan-2024,"1,576.40","1,587.00","1,587.90","1,570.40","1,577.95","1,576.00","1,576.89",135284,213327743.3,11566.0,64262.0,47.5
BATAINDIA,EQ,11-Jan-2024,"1,565.25","1,568.00","1,598.00","1,568.00","1,573.00","1,576.40","1,579.88",515544,814495174.1,22240.0,303728.0,58.91
BATAINDIA,EQ,10-Jan-2024,"1,569.20","1,572.00","1,581.00","1,557.55","1,564.55","1,565.25","1,567.22",133457,209156694.55,12409.0,55775.0,41.79
BATAINDIA,EQ,09-Jan-2024,"1,588.10","1,596.00","1,605.45","1,565.00","1,569.50","1,569.20","1,578.73",399350,630465919.6,22053.0,227640.0,57.0
BATAINDIA,EQ,08-Jan-2024,"1,621.20","1,626.00","1,627.00","1,579.60","1,590.05","1,588.10","1,597.94",322072,514651010.95,17065.0,185437.0,57.58
BATAINDIA,EQ,05-Jan-2024,"1,608.00","1,609.00","1,637.05","1,609.00","1,623.00","1,621.20","1,622.87",528170,857149396.95,24861.0,272922.0,51.67
BATAINDIA,EQ,04-Jan-2024,"1,595.20","1,604.00","1,614.95","1,594.85","1,610.00","1,608.00","1,603.08",480334,770013745.25,17308.0,347569.0,72.36
BATAINDIA,EQ,03-Jan-2024,"1,596.95","1,597.00","1,611.95","1,594.00","1,594.30","1,595.20","1,600.77",368231,589453238.8,18902.0,243140.0,66.03
BATAINDIA,EQ,02-Jan-2024,"1,641.65","1,634.00","1,637.00","1,592.10","1,597.00","1,596.95","1,606.96",537992,864530644.9,30237.0,298306.0,55.45
BATAINDIA,EQ,01-Jan-2024,"1,651.40","1,654.45","1,658.65","1,632.20","1,635.15","1,641.65","1,645.06",234872,386379102.25,13108.0,109959.0,46.82
BATAINDIA,EQ,29-Dec-2023,"1,638.65","1,637.55","1,660.25","1,628.70","1,652.65","1,651.40","1,650.24",289578,477872417.35,16611.0,134077.0,46.3
BATAINDIA,EQ,26-Dec-2025,949.60,947.00,952.20,944.10,949.65,950.65,948.32,43780,41517329.0,4146.0,19004.0,43.41
BATAINDIA,EQ,24-Dec-2025,950.40,955.00,955.00,946.50,950.00,949.60,950.29,46840,44511723.1,3442.0,24557.0,52.43
BATAINDIA,EQ,23-Dec-2025,948.05,956.90,956.90,945.30,951.45,950.40,949.00,46660,44280404.35,4412.0,21228.0,45.5
BATAINDIA,EQ,22-Dec-2025,950.65,952.95,956.70,944.85,948.00,948.05,948.56,64397,61084282.5,6634.0,35108.0,54.52
BATAINDIA,EQ,19-Dec-2025,940.10,948.00,955.15,936.80,951.00,950.65,947.65,95986,90961554.6,6490.0,50691.0,52.81
BATAINDIA,EQ,18-Dec-2025,939.30,939.30,943.95,931.10,941.40,940.10,937.18,52914,49589755.55,6336.0,23169.0,43.79
BATAINDIA,EQ,17-Dec-2025,948.90,950.00,950.00,937.00,939.55,939.30,939.94,83946,78903813.65,6736.0,44500.0,53.01
BATAINDIA,EQ,16-Dec-2025,959.30,959.30,959.30,945.00,946.10,948.90,949.89,83462,79279979.45,9321.0,44166.0,52.92
BATAINDIA,EQ,15-Dec-2025,960.25,967.00,968.95,955.55,960.40,959.30,959.13,42898,41144960.25,4595.0,19049.0,44.41
BATAINDIA,EQ,12-Dec-2025,959.95,963.10,965.00,957.40,960.50,960.25,959.93,60414,57993349.6,5468.0,37183.0,61.55
BATAINDIA,EQ,11-Dec-2025,972.50,972.50,975.10,958.00,960.00,959.95,961.54,109474,105263114.1,10469.0,62871.0,57.43
BATAINDIA,EQ,10-Dec-2025,984.20,980.00,993.70,970.00,971.60,972.50,983.86,85358,83980728.9,7335.0,35914.0,42.07
BATAINDIA,EQ,09-Dec-2025,948.50,951.20,996.85,942.00,986.70,984.20,974.92,168663,164432165.7,15193.0,77666.0,46.05
BATAINDIA,EQ,08-Dec-2025,966.95,972.00,972.00,945.05,947.00,948.50,952.59,88286,84100167.85,12289.0,46576.0,52.76
BATAINDIA,EQ,05-Dec-2025,960.30,960.30,969.15,953.05,968.75,966.95,963.31,75344,72579455.95,8030.0,26421.0,35.07
BATAINDIA,EQ,04-Dec-2025,977.45,980.00,980.00,956.90,960.00,960.30,968.03,109365,105868745.15,9372.0,61761.0,56.47
BATAINDIA,EQ,03-Dec-2025,964.70,964.95,981.50,959.50,973.00,977.45,968.67,209748,203176711.6,13856.0,103607.0,49.4
BATAINDIA,EQ,02-Dec-2025,974.00,972.00,975.95,960.00,961.80,964.70,965.47,182780,176467852.75,17226.0,75101.0,41.09
BATAINDIA,EQ,01-Dec-2025,999.20,"1,000.10","1,004.05",973.00,974.00,974.00,983.04,227933,224068225.4,14636.0,136506.0,59.89
BATAINDIA,EQ,28-Nov-2025,"1,000.10","1,001.00","1,004.10",996.60,"1,000.00",999.20,999.33,38495,38469198.9,3164.0,21443.0,55.7
BATAINDIA,EQ,27-Nov-2025,"1,000.30","1,002.80","1,006.80",998.70,"1,000.00","1,000.10","1,001.66",60118,60217711.5,5598.0,28082.0,46.71
BATAINDIA,EQ,26-Nov-2025,"1,006.30","1,002.30","1,006.90",998.20,999.90,"1,000.30","1,000.77",103203,103282151.3,8421.0,45749.0,44.33
BATAINDIA,EQ,25-Nov-2025,"1,005.70","1,005.70","1,008.00",997.50,"1,007.00","1,006.30","1,003.08",51119,51276462.0,5269.0,22636.0,44.28
BATAINDIA,EQ,24-Nov-2025,"1,000.40","1,000.40","1,010.00",996.00,"1,000.80","1,005.70","1,004.61",86070,86466357.1,8610.0,38374.0,44.58
BATAINDIA,EQ,21-Nov-2025,"1,009.40","1,012.00","1,012.40",996.50,999.00,"1,000.40","1,000.86",100679,100765861.8,8210.0,60445.0,60.04
BATAINDIA,EQ,20-Nov-2025,"1,011.90","1,012.00","1,024.90","1,007.20","1,010.80","1,009.40","1,012.85",125353,126963644.3,10282.0,63011.0,50.27
BATAINDIA,EQ,19-Nov-2025,"1,014.80","1,017.80","1,017.80","1,007.60","1,010.50","1,011.90","1,011.01",100677,101785782.0,10660.0,55904.0,55.53
BATAINDIA,EQ,18-Nov-2025,"1,014.60","1,015.00","1,022.40","1,006.00","1,014.00","1,014.80","1,010.75",107835,108994050.8,10890.0,53107.0,49.25
BATAINDIA,EQ,17-Nov-2025,"1,027.10","1,027.10","1,029.90","1,013.00","1,013.00","1,014.60","1,017.81",187089,190421761.2,16381.0,95674.0,51.14
BATAINDIA,EQ,14-Nov-2025,"1,046.40","1,046.20","1,046.30","1,024.00","1,027.60","1,027.10","1,029.97",182646,188119263.9,17657.0,113198.0,61.98
BATAINDIA,EQ,13-Nov-2025,"1,057.50","1,060.00","1,060.00","1,044.00","1,044.50","1,046.40","1,049.06",80430,84376100.4,8837.0,47678.0,59.28
BATAINDIA,EQ,12-Nov-2025,"1,046.90","1,051.00","1,060.00","1,043.60","1,058.40","1,057.50","1,050.29",80083,84110309.8,8576.0,40341.0,50.37
BATAINDIA,EQ,11-Nov-2025,"1,049.50","1,051.00","1,053.50","1,043.50","1,047.10","1,046.90","1,047.39",45217,47359929.6,4396.0,23820.0,52.68
BATAINDIA,EQ,10-Nov-2025,"1,061.90","1,065.00","1,066.10","1,047.30","1,050.00","1,049.50","1,050.85",69700,73244038.5,6381.0,38163.0,54.75
BATAINDIA,EQ,07-Nov-2025,"1,050.70","1,054.90","1,069.70","1,043.00","1,065.00","1,061.90","1,053.48",74824,78825641.1,8601.0,33701.0,45.04
BATAINDIA,EQ,06-Nov-2025,"1,066.10","1,065.80","1,066.00","1,048.20","1,049.20","1,050.70","1,052.24",108215,113868546.3,10855.0,60969.0,56.34
BATAINDIA,EQ,04-Nov-2025,"1,070.50","1,075.70","1,081.30","1,063.40","1,065.00","1,066.10","1,068.78",103588,110712732.1,7690.0,36718.0,35.45
BATAINDIA,EQ,03-Nov-2025,"1,070.60","1,070.60","1,073.70","1,068.00","1,070.00","1,070.50","1,070.48",100624,107716273.9,8801.0,41946.0,41.69
BATAINDIA,EQ,31-Oct-2025,"1,072.00","1,070.50","1,074.90","1,067.80","1,068.00","1,070.60","1,070.32",108794,116444646.2,7932.0,44192.0,40.62
BATAINDIA,EQ,30-Oct-2025,"1,077.00","1,077.00","1,084.30","1,069.50","1,072.90","1,072.00","1,077.44",747697,805600289.3,13514.0,604636.0,80.87
BATAINDIA,EQ,29-Oct-2025,"1,101.00","1,101.00","1,102.50","1,065.30","1,075.10","1,077.00","1,074.35",924616,993357813.4,40640.0,542251.0,58.65
BATAINDIA,EQ,28-Oct-2025,"1,166.20","1,110.10","1,136.30","1,088.00","1,090.00","1,101.00","1,109.34",1684085,1868216504.7,94993.0,609631.0,36.2
BATAINDIA,EQ,27-Oct-2025,"1,165.10","1,168.00","1,195.00","1,157.30","1,168.20","1,166.20","1,165.42",159575,185972595.6,9973.0,115627.0,72.46
BATAINDIA,EQ,24-Oct-2025,"1,167.60","1,168.00","1,174.00","1,158.60","1,168.00","1,165.10","1,164.54",62226,72464577.7,13333.0,33539.0,53.9
BATAINDIA,EQ,23-Oct-2025,"1,165.50","1,165.50","1,178.50","1,161.90","1,176.00","1,167.60","1,170.83",102170,119624176.9,12460.0,58381.0,57.14
BATAINDIA,EQ,21-Oct-2025,"1,164.80","1,170.00","1,170.80","1,161.60","1,168.00","1,165.50","1,166.28",11475,13383021.2,1988.0,7511.0,65.46
BATAINDIA,EQ,20-Oct-2025,"1,150.30","1,155.00","1,172.20","1,144.30","1,165.10","1,164.80","1,162.67",88676,103101124.6,10386.0,41407.0,46.69
BATAINDIA,EQ,17-Oct-2025,"1,147.70","1,160.00","1,161.00","1,140.30","1,151.50","1,150.30","1,153.82",168640,194579673.8,8865.0,121810.0,72.23
BATAINDIA,EQ,16-Oct-2025,"1,123.70","1,125.10","1,151.00","1,125.10","1,150.00","1,147.70","1,142.95",165626,189301455.1,14142.0,113197.0,68.34
BATAINDIA,EQ,15-Oct-2025,"1,124.20","1,126.00","1,132.50","1,108.30","1,128.90","1,123.70","1,123.40",309811,348040418.5,18075.0,212959.0,68.74
BATAINDIA,EQ,14-Oct-2025,"1,149.00","1,152.40","1,157.80","1,117.60","1,125.50","1,124.20","1,133.60",92363,104702892.0,11938.0,46379.0,50.21
BATAINDIA,EQ,13-Oct-2025,"1,169.00","1,170.00","1,175.50","1,146.10","1,150.00","1,149.00","1,154.56",71341,82367673.3,7138.0,43736.0,61.31
BATAINDIA,EQ,10-Oct-2025,"1,172.30","1,175.10","1,185.00","1,163.00","1,168.40","1,169.00","1,172.71",136224,159751068.3,8924.0,92129.0,67.63
BATAINDIA,EQ,09-Oct-2025,"1,201.00","1,202.00","1,202.00","1,170.00","1,172.90","1,172.30","1,176.79",116384,136959655.6,11859.0,40386.0,34.7
BATAINDIA,EQ,08-Oct-2025,"1,218.10","1,218.50","1,222.00","1,195.20","1,200.20","1,201.00","1,207.37",45927,55451007.2,5585.0,18431.0,40.13
BATAINDIA,EQ,07-Oct-2025,"1,220.30","1,222.00","1,238.00","1,207.00","1,215.10","1,218.10","1,222.06",82257,100522782.6,9796.0,20140.0,24.48
BATAINDIA,EQ,06-Oct-2025,"1,211.40","1,201.00","1,229.80","1,201.00","1,224.90","1,220.30","1,212.69",106582,129251441.9,9225.0,47424.0,44.5
BATAINDIA,EQ,03-Oct-2025,"1,188.10","1,188.30","1,235.20","1,188.30","1,211.00","1,211.40","1,215.28",212147,257818324.6,18695.0,101780.0,47.98
BATAINDIA,EQ,01-Oct-2025,"1,165.00","1,176.00","1,193.80","1,164.50","1,186.00","1,188.10","1,185.45",147367,174696300.7,12565.0,98687.0,66.97
BATAINDIA,EQ,30-Sep-2025,"1,156.40","1,168.00","1,178.30","1,155.00","1,165.00","1,165.00","1,165.49",125763,146575562.9,10546.0,79787.0,63.44
BATAINDIA,EQ,29-Sep-2025,"1,168.10","1,185.10","1,185.10","1,151.00","1,155.10","1,156.40","1,161.05",101517,117866085.4,13706.0,42893.0,42.25
BATAINDIA,EQ,26-Sep-2025,"1,185.20","1,190.00","1,195.20","1,165.10","1,171.30","1,168.10","1,175.48",54586,64164645.1,7970.0,24964.0,45.73
BATAINDIA,EQ,25-Sep-2025,"1,213.70","1,212.00","1,218.10","1,181.00","1,183.00","1,185.20","1,197.70",68526,82073762.6,7591.0,39640.0,57.85
BATAINDIA,EQ,24-Sep-2025,"1,226.50","1,222.00","1,226.50","1,212.00","1,215.20","1,213.70","1,217.24",29809,36284583.6,4690.0,12084.0,40.54
BATAINDIA,EQ,23-Sep-2025,"1,227.20","1,228.00","1,231.30","1,215.00","1,227.90","1,226.50","1,224.09",52220,63921738.3,5521.0,23120.0,44.27
BATAINDIA,EQ,22-Sep-2025,"1,237.70","1,244.00","1,249.50","1,221.00","1,227.30","1,227.20","1,230.25",97018,119356147.9,7980.0,54627.0,56.31
BATAINDIA,EQ,19-Sep-2025,"1,245.80","1,246.00","1,255.00","1,232.50","1,242.00","1,237.70","1,241.15",229220,284497163.0,12246.0,165585.0,72.24
BATAINDIA,EQ,18-Sep-2025,"1,259.10","1,260.10","1,269.00","1,244.00","1,246.90","1,245.80","1,252.95",51867,64986929.4,5074.0,23950.0,46.18
BATAINDIA,EQ,17-Sep-2025,"1,274.00","1,273.00","1,280.90","1,253.60","1,262.00","1,259.10","1,264.25",82193,103912730.7,9373.0,41520.0,50.52
BATAINDIA,EQ,16-Sep-2025,"1,263.50","1,263.50","1,278.90","1,261.70","1,271.00","1,274.00","1,272.26",221618,281955237.8,9431.0,154205.0,69.58
BATAINDIA,EQ,15-Sep-2025,"1,259.20","1,260.40","1,282.50","1,249.10","1,265.00","1,263.50","1,267.14",374720,474822250.2,11661.0,271360.0,72.42
BATAINDIA,EQ,12-Sep-2025,"1,242.80","1,245.00","1,260.00","1,235.00","1,260.00","1,259.20","1,253.84",206109,258427726.1,14184.0,112009.0,54.34
BATAINDIA,EQ,11-Sep-2025,"1,239.70","1,239.70","1,248.70","1,227.30","1,243.00","1,242.80","1,241.04",100897,125216922.9,9387.0,41823.0,41.45
BATAINDIA,EQ,10-Sep-2025,"1,235.70","1,240.00","1,245.40","1,226.50","1,240.00","1,239.70","1,236.70",85676,105955584.5,8246.0,38133.0,44.51
BATAINDIA,EQ,09-Sep-2025,"1,227.70","1,217.20","1,241.50","1,203.10","1,241.00","1,235.70","1,225.98",260943,319910415.4,23949.0,83663.0,32.06
BATAINDIA,EQ,08-Sep-2025,"1,242.10","1,236.90","1,249.50","1,218.00","1,224.70","1,227.70","1,232.69",575704,709666098.2,11232.0,476131.0,82.7
BATAINDIA,EQ,05-Sep-2025,"1,245.50","1,244.80","1,249.90","1,218.10","1,242.50","1,242.10","1,239.32",417702,517665723.4,23488.0,130791.0,31.31
BATAINDIA,EQ,04-Sep-2025,"1,162.40","1,193.90","1,255.00","1,169.10","1,241.10","1,245.50","1,234.40",3055427,3771624064.7,107079.0,1156356.0,37.85
BATAINDIA,EQ,03-Sep-2025,"1,157.40","1,160.00","1,188.00","1,145.00","1,174.00","1,162.40","1,164.21",248900,289771725.5,20117.0,108205.0,43.47
BATAINDIA,EQ,02-Sep-2025,"1,115.50","1,120.00","1,160.00","1,117.10","1,158.00","1,157.40","1,144.08",364334,416826167.0,27337.0,187753.0,51.53
BATAINDIA,EQ,01-Sep-2025,"1,098.10","1,100.00","1,122.90","1,095.90","1,115.30","1,115.50","1,111.13",104921,116580953.6,10588.0,38490.0,36.68
BATAINDIA,EQ,29-Aug-2025,"1,079.40","1,090.00","1,119.90","1,078.10","1,107.00","1,098.10","1,099.40",730659,803287749.5,67793.0,373411.0,51.11
BATAINDIA,EQ,28-Aug-2025,"1,065.00","1,067.30","1,084.30","1,065.00","1,080.00","1,079.40","1,076.32",147499,158756322.6,14282.0,47067.0,31.91
BATAINDIA,EQ,26-Aug-2025,"1,095.80","1,095.10","1,097.10","1,060.00","1,067.00","1,065.00","1,072.40",171874,184318483.4,19000.0,93129.0,54.18
BATAINDIA,EQ,25-Aug-2025,"1,104.80","1,110.00","1,115.00","1,091.10","1,096.80","1,095.80","1,098.57",70800,77778846.8,10390.0,32583.0,46.02
BATAINDIA,EQ,22-Aug-2025,"1,118.60","1,118.60","1,122.90","1,101.00","1,105.70","1,104.80","1,107.13",182667,202236880.0,8939.0,137967.0,75.53
BATAINDIA,EQ,21-Aug-2025,"1,131.00","1,131.00","1,136.00","1,113.30","1,115.50","1,118.60","1,121.84",104218,116916100.2,11297.0,51667.0,49.58
BATAINDIA,EQ,20-Aug-2025,"1,141.80","1,150.00","1,150.20","1,125.60","1,127.70","1,131.00","1,132.68",96706,109537376.8,7967.0,33848.0,35.0
BATAINDIA,EQ,19-Aug-2025,"1,120.30","1,125.80","1,150.00","1,101.20","1,150.00","1,141.80","1,128.27",421958,476080998.9,16341.0,252355.0,59.81
BATAINDIA,EQ,18-Aug-2025,"1,049.70","1,081.00","1,133.00","1,065.50","1,120.00","1,120.30","1,113.75",969127,1079360522.9,48368.0,448682.0,46.3
BATAINDIA,EQ,14-Aug-2025,"1,096.90","1,096.10","1,098.90","1,025.10","1,055.00","1,049.70","1,052.89",1066139,1122530657.9,51796.0,502819.0,47.16
BATAINDIA,EQ,13-Aug-2025,"1,135.80","1,132.10","1,135.00","1,090.00","1,095.30","1,096.90","1,108.94",361975,401409174.8,29961.0,181520.0,50.15
BATAINDIA,EQ,12-Aug-2025,"1,183.40","1,172.00","1,177.50","1,129.50","1,133.60","1,135.80","1,150.72",382334,439960822.9,26943.0,167750.0,43.88
BATAINDIA,EQ,11-Aug-2025,"1,182.10","1,178.10","1,192.00","1,175.00","1,186.00","1,183.40","1,184.42",44912,53194640.5,4729.0,16222.0,36.12
BATAINDIA,EQ,08-Aug-2025,"1,182.20","1,183.40","1,187.90","1,177.50","1,185.00","1,182.10","1,181.18",20469,24177647.9,2572.0,10369.0,50.66
BATAINDIA,EQ,07-Aug-2025,"1,193.20","1,182.10","1,193.70","1,175.50","1,183.00","1,182.20","1,181.47",38663,45679352.1,4609.0,15256.0,39.46
BATAINDIA,EQ,06-Aug-2025,"1,186.80","1,186.10","1,196.00","1,173.00","1,190.00","1,193.20","1,184.40",60955,72195220.2,7112.0,30750.0,50.45
BATAINDIA,EQ,05-Aug-2025,"1,186.20","1,189.80","1,190.10","1,181.00","1,188.80","1,186.80","1,185.57",39450,46770848.8,3804.0,22177.0,56.22
BATAINDIA,EQ,04-Aug-2025,"1,186.20","1,198.00","1,198.00","1,175.20","1,189.80","1,186.20","1,182.85",54500,64465245.2,6523.0,21421.0,39.3
BATAINDIA,EQ,01-Aug-2025,"1,191.30","1,191.20","1,195.10","1,185.00","1,187.90","1,186.20","1,188.52",36952,43918081.8,4324.0,23097.0,62.51
BATAINDIA,EQ,31-Jul-2025,"1,200.20","1,195.00","1,201.00","1,187.00","1,200.50","1,191.30","1,194.15",52449,62632127.6,5659.0,24871.0,47.42
BATAINDIA,EQ,30-Jul-2025,"1,196.00","1,198.20","1,205.00","1,195.70","1,200.00","1,200.20","1,199.68",52253,62686806.2,5224.0,24490.0,46.87
BATAINDIA,EQ,29-Jul-2025,"1,198.20","1,201.00","1,203.20","1,187.10","1,198.00","1,196.00","1,193.90",80803,96470682.4,5711.0,37895.0,46.9
BATAINDIA,EQ,28-Jul-2025,"1,204.80","1,204.80","1,207.70","1,195.00","1,200.00","1,198.20","1,200.23",64850,77835202.7,5651.0,35335.0,54.49
BATAINDIA,EQ,25-Jul-2025,"1,210.90","1,215.00","1,217.50","1,202.00","1,203.90","1,204.80","1,208.08",92351,111567438.8,6901.0,40913.0,44.3
BATAINDIA,EQ,24-Jul-2025,"1,205.20","1,210.00","1,214.50","1,205.40","1,212.40","1,210.90","1,210.72",152777,184969937.3,9994.0,80719.0,52.83
BATAINDIA,EQ,23-Jul-2025,"1,209.60","1,211.00","1,214.80","1,203.20","1,204.40","1,205.20","1,206.52",88073,106261421.1,6354.0,53728.0,61.0
BATAINDIA,EQ,22-Jul-2025,"1,209.70","1,214.20","1,216.50","1,207.30","1,210.80","1,209.60","1,210.07",87700,106123530.2,6579.0,53853.0,61.41
BATAINDIA,EQ,21-Jul-2025,"1,219.50","1,219.50","1,228.90","1,207.50","1,210.00","1,209.70","1,213.07",122879,149061368.2,7382.0,71006.0,57.79
BATAINDIA,EQ,18-Jul-2025,"1,229.00","1,234.40","1,235.40","1,217.10","1,220.00","1,219.50","1,221.57",73227,89451675.1,6637.0,40246.0,54.96
BATAINDIA,EQ,17-Jul-2025,"1,243.60","1,244.80","1,248.40","1,226.00","1,228.70","1,229.00","1,233.48",107526,132631210.9,6203.0,63343.0,58.91
BATAINDIA,EQ,16-Jul-2025,"1,259.20","1,258.00","1,273.10","1,240.00","1,243.00","1,243.60","1,250.28",114124,142686986.8,7656.0,62704.0,54.94
BATAINDIA,EQ,15-Jul-2025,"1,235.60","1,240.90","1,272.80","1,240.90","1,258.00","1,259.20","1,259.43",144782,182343034.1,10221.0,75829.0,52.37
BATAINDIA,EQ,14-Jul-2025,"1,239.10","1,239.10","1,243.90","1,229.90","1,239.00","1,235.60","1,235.36",214886,265461482.5,5885.0,177079.0,82.41
BATAINDIA,EQ,11-Jul-2025,"1,264.10","1,263.90","1,263.90","1,232.60","1,235.00","1,239.10","1,245.22",84786,105577433.8,8132.0,36537.0,43.09
BATAINDIA,EQ,10-Jul-2025,"1,265.20","1,269.50","1,284.90","1,253.50","1,260.00","1,264.10","1,269.69",149130,189349486.9,12809.0,55037.0,36.91
BATAINDIA,EQ,09-Jul-2025,"1,244.90","1,250.90","1,268.50","1,238.40","1,263.10","1,265.20","1,259.10",169237,213086566.8,14990.0,65132.0,38.49
BATAINDIA,EQ,08-Jul-2025,"1,228.30","1,235.00","1,275.00","1,233.10","1,243.00","1,244.90","1,254.04",541704,679318801.5,41870.0,183242.0,33.83
BATAINDIA,EQ,07-Jul-2025,"1,238.80","1,239.10","1,251.30","1,219.90","1,225.00","1,228.30","1,235.00",182323,225168345.3,21359.0,93811.0,51.45
BATAINDIA,EQ,04-Jul-2025,"1,231.10","1,233.00","1,243.20","1,232.30","1,239.00","1,238.80","1,237.60",64545,79881098.3,6700.0,31185.0,48.32
BATAINDIA,EQ,03-Jul-2025,"1,229.40","1,234.00","1,245.00","1,227.00","1,228.10","1,231.10","1,236.24",104015,128587457.8,9230.0,49720.0,47.8
BATAINDIA,EQ,02-Jul-2025,"1,232.00","1,235.00","1,236.90","1,223.20","1,229.00","1,229.40","1,229.07",60087,73850879.8,5916.0,26855.0,44.69
BATAINDIA,EQ,01-Jul-2025,"1,221.20","1,221.90","1,235.00","1,220.00","1,230.00","1,232.00","1,227.61",62902,77219311.8,5937.0,28971.0,46.06
BATAINDIA,EQ,30-Jun-2025,"1,231.20","1,236.00","1,243.50","1,218.00","1,220.00","1,221.20","1,226.64",139106,170633154.7,11980.0,74798.0,53.77
BATAINDIA,EQ,27-Jun-2025,"1,223.10","1,226.50","1,234.80","1,219.50","1,228.30","1,231.20","1,228.48",87493,107483766.0,7436.0,49241.0,56.28
BATAINDIA,EQ,26-Jun-2025,"1,215.00","1,218.80","1,224.90","1,205.20","1,224.00","1,223.10","1,217.22",108979,132651845.0,13423.0,48916.0,44.89
BATAINDIA,EQ,25-Jun-2025,"1,201.70","1,207.80","1,220.00","1,202.60","1,215.00","1,215.00","1,210.82",62381,75532014.9,5385.0,29607.0,47.46
BATAINDIA,EQ,24-Jun-2025,"1,197.10","1,206.20","1,209.00","1,199.20","1,200.10","1,201.70","1,203.22",63380,76260067.4,6697.0,26647.0,42.04
BATAINDIA,EQ,23-Jun-2025,"1,199.50","1,195.00","1,212.90","1,193.50","1,200.90","1,197.10","1,201.00",65106,78192630.6,5854.0,26257.0,40.33
BATAINDIA,EQ,20-Jun-2025,"1,203.40","1,206.00","1,209.80","1,196.10","1,200.30","1,199.50","1,201.24",67016,80502520.6,4930.0,34257.0,51.12
BATAINDIA,EQ,19-Jun-2025,"1,210.40","1,213.00","1,215.80","1,201.00","1,206.60","1,203.40","1,206.19",34659,41805390.7,3221.0,15693.0,45.28
BATAINDIA,EQ,18-Jun-2025,"1,218.40","1,218.40","1,222.10","1,207.10","1,209.90","1,210.40","1,212.05",40915,49590966.6,5868.0,18651.0,45.58
BATAINDIA,EQ,17-Jun-2025,"1,216.80","1,217.00","1,226.60","1,212.30","1,218.00","1,218.40","1,219.93",58384,71224410.4,4434.0,28596.0,48.98
BATAINDIA,EQ,16-Jun-2025,"1,214.10","1,215.90","1,219.90","1,203.30","1,216.00","1,216.80","1,211.19",52912,64086397.2,4829.0,20993.0,39.68
BATAINDIA,EQ,13-Jun-2025,"1,214.10","1,206.00","1,220.10","1,205.00","1,215.00","1,214.10","1,212.47",58602,71053179.3,5325.0,24982.0,42.63
BATAINDIA,EQ,12-Jun-2025,"1,220.20","1,220.20","1,231.90","1,210.80","1,213.00","1,214.10","1,220.44",98032,119641833.8,6785.0,46369.0,47.3
BATAINDIA,EQ,11-Jun-2025,"1,220.10","1,226.00","1,226.00","1,213.30","1,221.00","1,220.20","1,218.31",102373,124721925.6,7055.0,54111.0,52.86
BATAINDIA,EQ,10-Jun-2025,"1,218.80","1,221.90","1,224.00","1,216.50","1,221.00","1,220.10","1,219.98",70957,86566306.4,5139.0,40370.0,56.89
BATAINDIA,EQ,09-Jun-2025,"1,218.90","1,228.90","1,230.60","1,217.50","1,219.00","1,218.80","1,220.20",136643,166731410.4,6844.0,76914.0,56.29
BATAINDIA,EQ,06-Jun-2025,"1,210.20","1,210.50","1,222.10","1,208.90","1,219.30","1,218.90","1,216.40",77202,93908689.5,5569.0,36566.0,47.36
BATAINDIA,EQ,05-Jun-2025,"1,222.60","1,222.60","1,231.10","1,200.00","1,209.50","1,210.20","1,218.28",200790,244618558.9,14840.0,85482.0,42.57
BATAINDIA,EQ,04-Jun-2025,"1,228.20","1,233.90","1,237.50","1,220.30","1,221.90","1,222.60","1,225.76",79568,97531181.8,6279.0,34820.0,43.76
BATAINDIA,EQ,03-Jun-2025,"1,261.10","1,260.20","1,263.30","1,226.00","1,228.80","1,228.20","1,239.50",133364,165304472.4,11992.0,62771.0,47.07
BATAINDIA,EQ,02-Jun-2025,"1,263.80","1,263.80","1,272.90","1,251.30","1,260.10","1,261.10","1,260.20",75922,95677145.3,6739.0,36095.0,47.54
BATAINDIA,EQ,30-May-2025,"1,259.40","1,259.40","1,267.00","1,251.10","1,265.50","1,263.80","1,263.13",286925,362424814.0,13026.0,228680.0,79.7
BATAINDIA,EQ,29-May-2025,"1,276.80","1,260.00","1,294.20","1,246.60","1,260.00","1,259.40","1,266.59",277303,351229536.9,19220.0,113279.0,40.85
BATAINDIA,EQ,28-May-2025,"1,278.70","1,279.90","1,281.90","1,260.10","1,279.00","1,276.80","1,273.97",101887,129800666.5,10133.0,41972.0,41.19
BATAINDIA,EQ,27-May-2025,"1,285.10","1,290.00","1,290.00","1,266.60","1,276.00","1,278.70","1,278.56",73024,93365397.2,6642.0,35195.0,48.2
BATAINDIA,EQ,26-May-2025,"1,275.70","1,275.70","1,300.70","1,273.30","1,285.00","1,285.10","1,286.93",161428,207746730.2,10745.0,86458.0,53.56
BATAINDIA,EQ,23-May-2025,"1,261.00","1,262.00","1,278.00","1,257.50","1,277.90","1,275.70","1,270.20",141231,179392054.9,13290.0,66310.0,46.95
BATAINDIA,EQ,22-May-2025,"1,258.60","1,252.50","1,264.90","1,242.50","1,264.90","1,261.00","1,256.02",438276,550483810.4,12910.0,378435.0,86.35
BATAINDIA,EQ,21-May-2025,"1,215.90","1,219.00","1,263.70","1,212.80","1,252.30","1,258.60","1,250.12",251868,314866354.3,20676.0,86757.0,34.45
BATAINDIA,EQ,20-May-2025,"1,244.80","1,244.80","1,253.00","1,211.60","1,216.70","1,215.90","1,227.89",112488,138122912.9,10069.0,56934.0,50.61
BATAINDIA,EQ,19-May-2025,"1,248.50","1,258.50","1,259.00","1,240.30","1,242.10","1,244.80","1,249.80",114834,143520065.0,7341.0,54232.0,47.23
BATAINDIA,EQ,16-May-2025,"1,236.00","1,240.00","1,278.90","1,240.00","1,245.00","1,248.50","1,256.47",166535,209246128.5,13237.0,73538.0,44.16
BATAINDIA,EQ,15-May-2025,"1,210.40","1,212.00","1,239.00","1,206.50","1,236.00","1,236.00","1,226.16",204930,251277123.6,16522.0,127986.0,62.45
BATAINDIA,EQ,14-May-2025,"1,202.80","1,210.00","1,218.00","1,202.00","1,214.00","1,210.40","1,209.16",233326,282128434.4,22713.0,120466.0,51.63
BATAINDIA,EQ,13-May-2025,"1,214.90","1,219.00","1,234.70","1,200.00","1,203.10","1,202.80","1,212.27",256341,310754905.6,24986.0,124594.0,48.6
BATAINDIA,EQ,12-May-2025,"1,195.80","1,226.00","1,227.00","1,202.80","1,214.20","1,214.90","1,211.46",117413,142240843.7,7966.0,51303.0,43.69
BATAINDIA,EQ,09-May-2025,"1,203.10","1,190.00","1,200.00","1,185.00","1,194.00","1,195.80","1,193.63",51791,61819253.1,6975.0,21506.0,41.52
BATAINDIA,EQ,08-May-2025,"1,212.70","1,211.00","1,230.10","1,200.00","1,200.00","1,203.10","1,219.03",175372,213783089.7,20035.0,106102.0,60.5
BATAINDIA,EQ,07-May-2025,"1,207.00","1,198.50","1,215.00","1,194.70","1,213.00","1,212.70","1,206.24",68136,82188186.9,8346.0,26318.0,38.63
BATAINDIA,EQ,06-May-2025,"1,206.20","1,210.00","1,220.00","1,202.50","1,209.50","1,207.00","1,209.98",84133,101799475.6,13267.0,43250.0,51.41
BATAINDIA,EQ,05-May-2025,"1,197.50","1,200.90","1,209.60","1,200.90","1,207.00","1,206.20","1,204.75",39893,48061080.7,4542.0,17878.0,44.81
BATAINDIA,EQ,02-May-2025,"1,208.40","1,210.90","1,218.80","1,190.10","1,201.00","1,197.50","1,198.56",225981,270850828.4,30054.0,116178.0,51.41
BATAINDIA,EQ,30-Apr-2025,"1,211.70","1,214.80","1,215.00","1,199.60","1,201.20","1,208.40","1,206.50",146934,177276283.4,15204.0,86815.0,59.08
BATAINDIA,EQ,29-Apr-2025,"1,219.50","1,226.00","1,229.00","1,210.00","1,211.00","1,211.70","1,217.81",74759,91042283.9,7533.0,40296.0,53.9
BATAINDIA,EQ,28-Apr-2025,"1,210.80","1,212.90","1,226.10","1,204.50","1,215.20","1,219.50","1,218.39",102209,124529987.0,11102.0,60287.0,58.98
BATAINDIA,EQ,25-Apr-2025,"1,224.80","1,225.00","1,232.30","1,207.00","1,212.90","1,210.80","1,215.59",90065,109481950.6,9631.0,38217.0,42.43
BATAINDIA,EQ,24-Apr-2025,"1,231.80","1,232.50","1,237.60","1,217.90","1,223.60","1,224.80","1,225.11",123479,151275394.0,14626.0,56211.0,45.52
BATAINDIA,EQ,23-Apr-2025,"1,227.00","1,234.80","1,235.00","1,216.10","1,232.30","1,231.80","1,227.92",123622,151798114.5,13109.0,50017.0,40.46
BATAINDIA,EQ,22-Apr-2025,"1,203.20","1,209.20","1,233.40","1,206.10","1,228.20","1,227.00","1,221.39",244250,298323553.9,16079.0,113845.0,46.61
BATAINDIA,EQ,21-Apr-2025,"1,224.50","1,225.00","1,232.50","1,200.10","1,205.00","1,203.20","1,210.89",327255,396270135.3,22744.0,188462.0,57.59
BATAINDIA,EQ,17-Apr-2025,"1,234.30","1,234.00","1,244.00","1,221.00","1,224.10","1,224.50","1,226.82",142466,174780839.3,14218.0,74750.0,52.47
BATAINDIA,EQ,16-Apr-2025,"1,229.80","1,232.40","1,243.40","1,228.50","1,235.00","1,234.30","1,234.93",69240,85506729.6,8124.0,27576.0,39.83
BATAINDIA,EQ,15-Apr-2025,"1,241.85","1,255.00","1,255.90","1,227.50","1,228.10","1,229.80","1,233.99",124053,153080022.3,12414.0,54032.0,43.56
BATAINDIA,EQ,11-Apr-2025,"1,227.75","1,245.00","1,249.00","1,232.10","1,242.00","1,241.85","1,239.52",118164,146466890.1,16458.0,70046.0,59.28
BATAINDIA,EQ,09-Apr-2025,"1,211.85","1,211.10","1,236.90","1,201.75","1,229.95","1,227.75","1,222.91",67940,83084537.15,11134.0,19539.0,28.76
BATAINDIA,EQ,08-Apr-2025,"1,180.90","1,199.95","1,232.80","1,190.05","1,212.00","1,211.85","1,215.95",172896,210232739.15,15625.0,70516.0,40.79
BATAINDIA,EQ,07-Apr-2025,"1,210.10","1,150.00","1,189.70","1,140.30","1,188.00","1,180.90","1,168.90",105831,123705867.15,14882.0,44075.0,41.65
BATAINDIA,EQ,04-Apr-2025,"1,225.40","1,225.40","1,231.30","1,187.85","1,211.00","1,210.10","1,203.14",123893,149060706.0,13965.0,53866.0,43.48
BATAINDIA,EQ,03-Apr-2025,"1,242.80","1,228.00","1,235.55","1,216.55","1,220.65","1,225.40","1,227.30",74700,91679587.25,9259.0,30726.0,41.13
BATAINDIA,EQ,02-Apr-2025,"1,231.50","1,233.10","1,253.00","1,216.35","1,246.00","1,242.80","1,238.82",111723,138405182.5,12178.0,35170.0,31.48
BATAINDIA,EQ,01-Apr-2025,"1,219.90","1,205.00","1,240.25","1,203.00","1,233.10","1,231.50","1,229.10",84728,104139601.8,11034.0,31531.0,37.21
BATAINDIA,EQ,28-Mar-2025,"1,202.05","1,204.20","1,224.40","1,204.20","1,217.00","1,219.90","1,218.93",405048,493723933.2,23501.0,316247.0,78.08
BATAINDIA,EQ,27-Mar-2025,"1,213.10","1,215.90","1,220.95","1,200.00","1,204.00","1,202.05","1,206.10",149782,180652309.7,14059.0,87320.0,58.3
BATAINDIA,EQ,26-Mar-2025,"1,229.90","1,233.95","1,241.30","1,210.10","1,210.50","1,213.10","1,224.48",111424,136436356.75,13099.0,54851.0,49.23
BATAINDIA,EQ,25-Mar-2025,"1,236.45","1,246.90","1,248.95","1,224.80","1,230.00","1,229.90","1,234.67",104508,129033262.45,13044.0,46117.0,44.13
BATAINDIA,EQ,24-Mar-2025,"1,243.40","1,256.80","1,256.80","1,231.55","1,237.00","1,236.45","1,243.07",114547,142390310.9,13625.0,52253.0,45.62
BATAINDIA,EQ,21-Mar-2025,"1,269.30","1,271.25","1,280.00","1,237.00","1,241.60","1,243.40","1,254.30",130336,163480302.4,11187.0,65557.0,50.3
BATAINDIA,EQ,20-Mar-2025,"1,269.15","1,271.15","1,294.00","1,261.35","1,268.00","1,269.30","1,274.45",98728,125823691.2,13105.0,44354.0,44.93
BATAINDIA,EQ,19-Mar-2025,"1,235.90","1,240.00","1,275.00","1,227.50","1,261.50","1,269.15","1,254.94",127773,160347167.15,12720.0,54816.0,42.9
BATAINDIA,EQ,18-Mar-2025,"1,205.90","1,215.00","1,238.85","1,204.80","1,238.00","1,235.90","1,227.39",89849,110280186.9,10064.0,38417.0,42.76
BATAINDIA,EQ,17-Mar-2025,"1,236.45","1,230.00","1,239.75","1,202.00","1,207.00","1,205.90","1,216.27",125011,152046746.3,16387.0,41151.0,32.92
BATAINDIA,EQ,13-Mar-2025,"1,229.10","1,230.00","1,240.00","1,214.95","1,238.00","1,236.45","1,231.87",109731,135174518.15,13991.0,39225.0,35.75
BATAINDIA,EQ,12-Mar-2025,"1,197.40","1,197.80","1,231.40","1,197.80","1,220.05","1,229.10","1,216.80",164096,199671350.0,17968.0,66595.0,40.58
BATAINDIA,EQ,11-Mar-2025,"1,216.20","1,215.00","1,215.00","1,196.10","1,199.60","1,197.40","1,201.43",63128,75843911.6,8265.0,27194.0,43.08
BATAINDIA,EQ,10-Mar-2025,"1,233.10","1,229.00","1,242.25","1,210.75","1,216.00","1,216.20","1,218.67",72358,88180704.1,10769.0,38047.0,52.58
BATAINDIA,EQ,07-Mar-2025,"1,246.65","1,245.00","1,254.40","1,228.00","1,230.85","1,233.10","1,241.45",61540,76398583.4,7042.0,26018.0,42.28
BATAINDIA,EQ,06-Mar-2025,"1,237.10","1,256.00","1,259.45","1,233.15","1,252.00","1,246.65","1,249.31",61765,77163600.2,9415.0,20778.0,33.64
BATAINDIA,EQ,05-Mar-2025,"1,211.95","1,202.10","1,242.00","1,202.10","1,239.00","1,237.10","1,229.20",90411,111132897.6,10519.0,34889.0,38.59
BATAINDIA,EQ,04-Mar-2025,"1,237.80","1,222.00","1,232.45","1,205.00","1,205.00","1,211.95","1,218.70",85795,104558565.3,10222.0,31510.0,36.73
BATAINDIA,EQ,03-Mar-2025,"1,221.10","1,224.00","1,260.00","1,177.00","1,257.00","1,237.80","1,206.67",179183,216214331.35,26084.0,55517.0,30.98
BATAINDIA,EQ,28-Feb-2025,"1,282.25","1,264.40","1,267.00","1,213.80","1,224.00","1,221.10","1,237.00",153312,189647366.4,13106.0,67898.0,44.29
BATAINDIA,EQ,27-Feb-2025,"1,346.05","1,330.45","1,343.85","1,247.50","1,266.80","1,282.25","1,308.62",351668,460199498.1,20476.0,129376.0,36.79
BATAINDIA,EQ,25-Feb-2025,"1,336.30","1,336.00","1,377.15","1,330.55","1,337.95","1,346.05","1,359.13",1046583,1422445641.7,48875.0,551092.0,52.66
BATAINDIA,EQ,24-Feb-2025,"1,298.10","1,277.45","1,351.70","1,277.45","1,335.00","1,336.30","1,330.65",533086,709348775.1,34343.0,122570.0,22.99
BATAINDIA,EQ,21-Feb-2025,"1,264.15","1,265.00","1,323.80","1,263.05","1,296.25","1,298.10","1,303.17",595310,775787182.15,32457.0,142351.0,23.91
BATAINDIA,EQ,20-Feb-2025,"1,256.35","1,254.40","1,269.00","1,245.50","1,265.00","1,264.15","1,256.46",129345,162517242.0,9654.0,37732.0,29.17
BATAINDIA,EQ,19-Feb-2025,"1,284.75","1,284.00","1,310.10","1,251.25","1,254.35","1,256.35","1,263.45",197385,249387048.55,14791.0,65675.0,33.27
BATAINDIA,EQ,18-Feb-2025,"1,296.30","1,294.90","1,295.60","1,264.50","1,280.60","1,284.75","1,271.55",499929,635686915.55,12533.0,360973.0,72.2
BATAINDIA,EQ,17-Feb-2025,"1,320.05","1,309.60","1,328.35","1,280.60","1,299.00","1,296.30","1,294.93",198184,256634323.25,19690.0,43706.0,22.05
BATAINDIA,EQ,14-Feb-2025,"1,333.70","1,334.00","1,344.00","1,303.45","1,320.00","1,320.05","1,324.02",127682,169053554.85,11616.0,43787.0,34.29
BATAINDIA,EQ,13-Feb-2025,"1,353.60","1,350.25","1,358.40","1,317.60","1,335.00","1,333.70","1,330.55",216551,288131740.9,13883.0,43236.0,19.97
BATAINDIA,EQ,12-Feb-2025,"1,343.40","1,336.00","1,378.95","1,335.65","1,356.70","1,353.60","1,358.16",247157,335679013.85,18069.0,44114.0,17.85
BATAINDIA,EQ,11-Feb-2025,"1,341.15","1,348.40","1,362.90","1,326.05","1,344.85","1,343.40","1,344.34",324175,435802983.3,24978.0,43277.0,13.35
BATAINDIA,EQ,10-Feb-2025,"1,334.50","1,332.05","1,351.95","1,322.55","1,339.00","1,341.15","1,341.18",160276,214959461.65,16059.0,31467.0,19.63
BATAINDIA,EQ,07-Feb-2025,"1,356.75","1,356.00","1,360.50","1,330.00","1,334.00","1,334.50","1,339.34",86962,116472068.3,8139.0,29917.0,34.4
BATAINDIA,EQ,06-Feb-2025,"1,368.75","1,365.00","1,381.90","1,352.35","1,357.55","1,356.75","1,368.03",160062,218969434.75,13695.0,29598.0,18.49
BATAINDIA,EQ,05-Feb-2025,"1,368.35","1,374.00","1,384.25","1,360.00","1,363.70","1,368.75","1,371.67",84644,116103516.3,8023.0,23819.0,28.14
BATAINDIA,EQ,04-Feb-2025,"1,415.30","1,401.55","1,420.25","1,351.55","1,372.00","1,368.35","1,371.76",354217,485902047.05,26401.0,98900.0,27.92
BATAINDIA,EQ,03-Feb-2025,"1,377.15","1,364.05","1,424.60","1,351.75","1,407.10","1,415.30","1,403.61",998808,1401932378.95,59952.0,325979.0,32.64
BATAINDIA,EQ,01-Feb-2025,"1,296.80","1,295.00","1,385.15","1,288.05","1,380.00","1,377.15","1,338.88",916732,1227390397.3,38656.0,171136.0,18.67
BATAINDIA,EQ,31-Jan-2025,"1,267.20","1,268.40","1,299.95","1,267.20","1,295.30","1,296.80","1,289.25",260783,336213827.7,18967.0,112484.0,43.13
BATAINDIA,EQ,30-Jan-2025,"1,263.50","1,264.55","1,286.95","1,254.00","1,274.90","1,267.20","1,269.97",385248,489253265.9,21165.0,115301.0,29.93
BATAINDIA,EQ,29-Jan-2025,"1,237.70","1,231.00","1,278.95","1,231.00","1,263.35","1,263.50","1,266.40",347931,440618614.4,23320.0,130862.0,37.61
BATAINDIA,EQ,28-Jan-2025,"1,238.20","1,241.95","1,253.25","1,228.05","1,240.85","1,237.70","1,240.12",244554,303275520.55,10924.0,155556.0,63.61
BATAINDIA,EQ,27-Jan-2025,"1,281.35","1,279.95","1,279.95","1,231.20","1,240.50","1,238.20","1,253.74",185578,232666142.25,14344.0,72798.0,39.23
BATAINDIA,EQ,24-Jan-2025,"1,300.90","1,295.00","1,307.00","1,277.35","1,283.00","1,281.35","1,291.38",116664,150657566.55,7790.0,40364.0,34.6
BATAINDIA,EQ,23-Jan-2025,"1,276.15","1,279.95","1,310.70","1,275.00","1,298.00","1,300.90","1,299.65",426525,554333519.45,14981.0,290750.0,68.17
BATAINDIA,EQ,22-Jan-2025,"1,288.85","1,296.40","1,296.65","1,260.50","1,283.35","1,276.15","1,274.10",222066,282934444.2,15202.0,81883.0,36.87
BATAINDIA,EQ,21-Jan-2025,"1,302.85","1,302.90","1,313.20","1,285.10","1,292.50","1,288.85","1,297.08",116474,151075878.55,8475.0,39922.0,34.28
BATAINDIA,EQ,20-Jan-2025,"1,310.80","1,322.00","1,322.00","1,299.30","1,307.90","1,302.85","1,304.48",84532,110270052.6,6580.0,33153.0,39.22
BATAINDIA,EQ,17-Jan-2025,"1,307.95","1,316.70","1,319.15","1,301.65","1,313.85","1,310.80","1,310.71",93613,122699530.45,10729.0,33699.0,36.0
BATAINDIA,EQ,16-Jan-2025,"1,308.55","1,323.95","1,325.00","1,300.40","1,310.00","1,307.95","1,309.49",149060,195193279.55,13104.0,51133.0,34.3
BATAINDIA,EQ,15-Jan-2025,"1,343.55","1,347.50","1,350.00","1,306.00","1,310.00","1,308.55","1,316.64",206940,272466508.55,15886.0,67987.0,32.85
BATAINDIA,EQ,14-Jan-2025,"1,364.05","1,365.00","1,376.70","1,332.00","1,348.00","1,343.55","1,347.03",174605,235198886.7,12547.0,44794.0,25.65
BATAINDIA,EQ,13-Jan-2025,"1,425.90","1,420.00","1,420.00","1,359.00","1,363.00","1,364.05","1,376.88",200946,276679273.15,17722.0,64693.0,32.19
BATAINDIA,EQ,10-Jan-2025,"1,412.90","1,412.90","1,445.20","1,403.00","1,424.85","1,425.90","1,428.92",279113,398830087.2,18225.0,100303.0,35.94
BATAINDIA,EQ,09-Jan-2025,"1,420.75","1,421.00","1,434.40","1,405.40","1,420.70","1,412.90","1,419.26",112693,159940651.55,10447.0,35681.0,31.66
BATAINDIA,EQ,08-Jan-2025,"1,424.40","1,427.40","1,432.10","1,386.85","1,419.75","1,420.75","1,410.27",142177,200507406.2,13935.0,52091.0,36.64
BATAINDIA,EQ,07-Jan-2025,"1,423.95","1,424.00","1,442.00","1,390.00","1,427.25","1,424.40","1,428.37",85433,122030209.1,9174.0,22869.0,26.77
BATAINDIA,EQ,06-Jan-2025,"1,460.80","1,466.00","1,479.00","1,411.00","1,422.30","1,423.95","1,443.13",457642,660436275.45,35856.0,144473.0,31.57
BATAINDIA,EQ,03-Jan-2025,"1,421.60","1,424.00","1,464.95","1,415.00","1,461.75","1,460.80","1,450.63",338918,491643251.7,23598.0,113606.0,33.52
BATAINDIA,EQ,02-Jan-2025,"1,397.00","1,407.85","1,429.45","1,390.35","1,420.55","1,421.60","1,412.33",127608,180225165.65,14646.0,43926.0,34.42
BATAINDIA,EQ,01-Jan-2025,"1,374.90","1,378.10","1,401.00","1,372.75","1,396.00","1,397.00","1,392.50",91829,127871848.25,10446.0,22915.0,24.95
BATAINDIA,EQ,31-Dec-2024,"1,388.90","1,375.00","1,389.90","1,366.85","1,372.50","1,374.90","1,377.88",193306,266351540.3,14701.0,72528.0,37.52
BATAINDIA,EQ,30-Dec-2024,"1,381.30","1,381.30","1,400.00","1,353.80","1,395.45","1,388.90","1,377.82",383666,528622975.75,26393.0,123856.0,32.28
BATAINDIA,EQ,17-Apr-2026,746.6,748.95,760.05,744.05,757.1,757.35,755.82,168354,127245924.3,10759.0,71909.0,42.71
BATAINDIA,EQ,16-Apr-2026,740.45,749.95,753.85,736.95,746.35,746.6,744.78,123441,91936999.3,10851.0,47530.0,38.5
BATAINDIA,EQ,15-Apr-2026,733.45,738.0,755.0,735.0,744.8,740.45,744.77,288559,214909665.3,21129.0,121797.0,42.21
BATAINDIA,EQ,13-Apr-2026,715.45,707.0,736.0,692.0,734.0,733.45,724.15,205569,148862542.2,13237.0,73958.0,35.98
BATAINDIA,EQ,10-Apr-2026,701.2,708.5,718.5,702.0,718.0,715.45,713.52,139166,99297891.15,9847.0,56875.0,40.87
BATAINDIA,EQ,09-Apr-2026,704.15,709.0,709.0,687.0,700.5,701.2,699.21,149559,104573321.6,12068.0,67327.0,45.02
BATAINDIA,EQ,08-Apr-2026,669.5,693.0,709.0,678.1,706.85,704.15,698.1,228018,159178473.45,14175.0,107953.0,47.34
BATAINDIA,EQ,07-Apr-2026,666.5,667.9,676.0,662.65,668.5,669.5,670.75,159443,106946664.0,11516.0,64514.0,40.46
BATAINDIA,EQ,06-Apr-2026,657.15,657.15,688.55,639.55,669.0,666.5,665.8,375225,249825788.1,29544.0,96981.0,25.85
BATAINDIA,EQ,02-Apr-2026,628.05,621.8,662.0,612.0,659.0,657.15,640.46,377850,241997701.45,25825.0,94870.0,25.11
BATAINDIA,EQ,01-Apr-2026,607.5,631.95,647.15,622.3,626.9,628.05,633.09,333068,210860503.15,18989.0,145965.0,43.82
BATAINDIA,EQ,30-Mar-2026,632.15,621.0,631.9,605.0,607.0,607.5,613.69,261103,160236909.1,17408.0,123791.0,47.41
BATAINDIA,EQ,27-Mar-2026,660.05,659.9,659.9,625.15,629.8,632.15,640.27,330598,211672230.75,20089.0,160977.0,48.69
BATAINDIA,EQ,25-Mar-2026,640.05,643.9,665.45,640.15,664.3,660.05,656.09,395428,259434413.4,17049.0,204681.0,51.76
BATAINDIA,EQ,24-Mar-2026,625.75,635.0,645.0,622.05,637.0,640.05,633.46,465067,294603416.25,26454.0,212249.0,45.64
BATAINDIA,EQ,23-Mar-2026,663.3,660.0,660.0,622.05,622.7,625.75,631.34,303782,191790189.6,19904.0,148376.0,48.84
BATAINDIA,EQ,20-Mar-2026,647.95,653.05,690.7,649.55,661.95,663.3,667.73,423468,282764332.0,25885.0,136743.0,32.29
BATAINDIA,EQ,19-Mar-2026,673.1,666.05,670.0,641.5,651.85,647.95,654.11,257851,168663559.3,18162.0,135330.0,52.48
BATAINDIA,EQ,18-Mar-2026,671.25,673.0,687.0,671.05,672.45,673.1,676.27,472806,319744650.3,27957.0,247323.0,52.31
BATAINDIA,EQ,17-Mar-2026,677.95,681.05,682.4,665.1,672.4,671.25,672.48,214479,144233904.8,13273.0,104070.0,48.52
BATAINDIA,EQ,16-Mar-2026,699.4,699.5,700.6,672.0,681.1,677.95,679.16,390040,264898760.4,25215.0,202847.0,52.01
BATAINDIA,EQ,13-Mar-2026,713.95,710.85,713.6,696.8,698.05,699.4,701.77,170968,119981017.4,11358.0,89346.0,52.26
BATAINDIA,EQ,12-Mar-2026,718.7,718.5,733.0,707.0,714.0,713.95,715.63,183133,131056314.85,13258.0,77557.0,42.35
BATAINDIA,EQ,11-Mar-2026,716.9,719.95,732.6,717.0,717.5,718.7,721.42,125313,90403868.05,9649.0,57530.0,45.91
BATAINDIA,EQ,10-Mar-2026,717.55,720.05,725.0,711.5,718.0,716.9,716.45,166188,119064711.25,18890.0,82467.0,49.62
BATAINDIA,EQ,09-Mar-2026,743.75,735.0,735.15,715.0,717.8,717.55,719.2,111782,80393742.5,12026.0,58869.0,52.66
BATAINDIA,EQ,06-Mar-2026,743.2,739.5,752.05,738.8,745.0,743.75,744.66,118373,88147988.05,12541.0,71163.0,60.12
BATAINDIA,EQ,05-Mar-2026,732.5,733.95,751.45,733.95,744.0,743.2,742.6,149583,111080391.6,12060.0,72693.0,48.6
BATAINDIA,EQ,04-Mar-2026,769.5,762.5,762.95,731.0,733.0,732.5,739.1,424533,313772564.25,30108.0,238971.0,56.29
BATAINDIA,EQ,02-Mar-2026,789.0,759.0,776.2,758.05,771.4,769.5,765.5,120445,92200518.55,11310.0,62696.0,52.05
BATAINDIA,EQ,27-Feb-2026,794.65,794.65,800.45,786.7,789.5,789.0,790.74,111543,88201458.2,8086.0,55521.0,49.78
BATAINDIA,EQ,26-Feb-2026,797.5,800.0,810.0,792.5,795.0,794.65,800.65,97306,77908247.7,7439.0,40436.0,41.56
BATAINDIA,EQ,25-Feb-2026,799.05,800.0,802.0,794.0,797.5,797.5,797.42,84672,67519066.0,7152.0,37126.0,43.85
BATAINDIA,EQ,24-Feb-2026,812.35,815.0,815.0,795.0,799.05,799.05,801.13,103364,82807623.75,10551.0,53226.0,51.49
BATAINDIA,EQ,23-Feb-2026,811.9,816.0,821.35,807.1,817.0,812.35,814.43,114694,93410357.5,10773.0,46027.0,40.13
BATAINDIA,EQ,20-Feb-2026,825.5,828.0,828.0,809.65,810.0,811.9,817.48,174321,142504693.6,14601.0,86894.0,49.85
BATAINDIA,EQ,19-Feb-2026,836.95,839.9,839.9,823.8,824.5,825.5,829.54,102001,84614237.7,11612.0,54885.0,53.81
BATAINDIA,EQ,18-Feb-2026,838.8,840.65,847.65,831.35,837.9,836.95,836.79,87279,73033793.05,8598.0,46162.0,52.89
BATAINDIA,EQ,17-Feb-2026,828.85,828.85,842.8,823.75,840.7,838.8,835.51,111621,93260527.5,9286.0,43927.0,39.35
BATAINDIA,EQ,16-Feb-2026,852.25,851.9,851.9,821.1,827.0,828.85,834.21,209104,174436942.55,17879.0,94511.0,45.2
BATAINDIA,EQ,13-Feb-2026,883.85,867.9,880.7,840.2,846.0,852.25,861.59,154948,133501373.05,12508.0,78800.0,50.86
BATAINDIA,EQ,12-Feb-2026,905.0,904.0,904.0,880.0,880.05,883.85,886.89,118904,105454459.2,9722.0,53696.0,45.16
BATAINDIA,EQ,11-Feb-2026,918.55,917.0,921.0,902.65,904.25,905.0,906.78,130865,118665330.8,8185.0,59363.0,45.36
BATAINDIA,EQ,10-Feb-2026,884.2,903.95,958.55,900.0,917.0,918.55,933.55,2023054,1888625191.5,62815.0,255312.0,12.62
BATAINDIA,EQ,09-Feb-2026,849.1,851.1,887.0,851.1,882.5,884.2,872.96,158476,138342850.6,11150.0,65432.0,41.29
BATAINDIA,EQ,06-Feb-2026,851.6,852.4,852.45,842.95,848.5,849.1,847.33,69943,59264674.4,5830.0,40423.0,57.79
BATAINDIA,EQ,05-Feb-2026,860.4,861.15,863.25,850.9,850.9,851.6,853.45,59649,50907580.9,4746.0,32902.0,55.16
BATAINDIA,EQ,04-Feb-2026,866.8,874.55,876.8,853.0,860.0,860.4,863.35,82740,71433874.85,6757.0,42449.0,51.3
BATAINDIA,EQ,03-Feb-2026,863.55,910.0,913.2,863.55,867.0,866.8,874.52,177517,155241678.05,17075.0,98384.0,55.42
BATAINDIA,EQ,02-Feb-2026,865.1,865.1,868.0,840.05,866.0,863.55,854.69,72659,62101075.15,9059.0,33676.0,46.35
BATAINDIA,EQ,01-Feb-2026,860.1,869.95,898.4,850.8,865.0,865.1,871.81,140370,122376510.45,15121.0,29994.0,21.37
BATAINDIA,EQ,30-Jan-2026,855.95,854.0,874.85,847.25,860.0,860.1,863.26,120182,103748019.75,11477.0,53008.0,44.11
BATAINDIA,EQ,29-Jan-2026,854.25,857.9,858.45,843.7,856.05,855.95,850.74,55074,46853830.05,5967.0,25313.0,45.96
BATAINDIA,EQ,28-Jan-2026,847.8,852.0,864.8,850.1,855.0,854.25,855.38,110080,94160725.55,8832.0,44063.0,40.03
BATAINDIA,EQ,27-Jan-2026,851.7,853.95,854.05,838.95,848.5,847.8,845.92,97157,82186789.75,11774.0,41842.0,43.07
BATAINDIA,EQ,23-Jan-2026,875.5,884.9,884.9,845.0,853.45,851.7,863.7,105440,91068147.25,9720.0,51342.0,48.69
BATAINDIA,EQ,22-Jan-2026,882.3,884.7,890.0,863.75,875.0,875.5,881.17,75633,66645878.35,7281.0,29299.0,38.74
BATAINDIA,EQ,21-Jan-2026,888.25,888.25,888.25,868.6,875.0,882.3,878.58,99388,87319991.2,10099.0,41994.0,42.25
BATAINDIA,EQ,20-Jan-2026,894.7,891.3,914.75,883.05,890.0,888.25,894.63,164410,147086492.35,15387.0,34983.0,21.28
BATAINDIA,EQ,19-Jan-2026,902.8,902.0,902.0,889.5,893.5,894.7,893.14,84299,75291134.25,6094.0,36789.0,43.64
BATAINDIA,EQ,16-Jan-2026,905.7,905.7,909.65,900.0,900.05,902.8,904.54,63423,57368759.9,5221.0,25587.0,40.34
BATAINDIA,EQ,14-Jan-2026,907.9,908.0,913.8,904.5,904.5,905.7,907.38,57650,52310623.45,7543.0,28100.0,48.74
BATAINDIA,EQ,13-Jan-2026,909.85,910.0,914.95,906.55,908.0,907.9,910.12,50776,46212482.8,6591.0,22283.0,43.88
BATAINDIA,EQ,12-Jan-2026,926.15,921.6,923.4,906.55,910.0,909.85,910.75,89969,81939287.3,8567.0,37812.0,42.03
BATAINDIA,EQ,09-Jan-2026,927.15,925.0,935.2,914.85,924.0,926.15,924.45,93635,86560551.55,9138.0,33889.0,36.19
BATAINDIA,EQ,08-Jan-2026,935.95,936.0,938.9,923.0,925.3,927.15,927.57,92951,86218226.85,7523.0,54255.0,58.37
BATAINDIA,EQ,07-Jan-2026,945.9,945.9,946.05,934.0,937.95,935.95,937.21,58758,55068589.9,5757.0,34177.0,58.17
BATAINDIA,EQ,06-Jan-2026,957.15,958.6,958.6,942.0,947.65,945.9,949.23,48150,45705521.2,4546.0,24709.0,51.32
BATAINDIA,EQ,05-Jan-2026,950.15,951.0,958.75,948.0,958.65,957.15,954.65,58783,56117214.0,5121.0,35426.0,60.27
BATAINDIA,EQ,02-Jan-2026,946.7,949.45,951.7,943.3,950.5,950.15,946.95,41827,39608124.3,3569.0,23156.0,55.36
BATAINDIA,EQ,01-Jan-2026,943.0,945.0,949.5,942.0,949.0,946.7,946.65,35424,33534143.0,2902.0,18002.0,50.82
BATAINDIA,EQ,31-Dec-2025,938.05,940.85,947.0,936.0,945.0,943.0,942.5,47110,44401262.55,4212.0,23805.0,50.53
BATAINDIA,EQ,30-Dec-2025,940.85,940.0,942.3,935.3,937.75,938.05,939.33,38333,36007525.85,4812.0,21582.0,56.3
BATAINDIA,EQ,29-Dec-2025,950.65,950.2,950.2,935.8,942.95,940.85,939.93,227049,213410576.05,11046.0,159475.0,70.24
