"ï»¿""symbol""",series,date,prevclose,openprice,highprice,lowprice,lastprice,closeprice,averageprice,totaltradedquantity,turnoverinrs,no.oftrades,deliverableqty,%dlyqttotradedqty
BBTC,EQ,30-Dec-2011,349.2,345.3,357.95,340.0,340.05,340.6,343.93,836,287522.15,54.0,616.0,73.68
BBTC,EQ,29-Dec-2011,348.0,345.05,354.0,345.05,347.55,349.2,349.69,499,174493.05,27.0,137.0,27.45
BBTC,EQ,28-Dec-2011,353.35,347.55,354.6,346.8,346.8,348.0,349.67,258,90214.35,21.0,175.0,67.83
BBTC,EQ,27-Dec-2011,364.6,367.5,372.9,351.0,351.0,353.35,359.63,2269,816007.15,82.0,809.0,35.65
BBTC,EQ,26-Dec-2011,348.9,358.95,367.0,354.55,366.0,364.6,361.08,1100,397191.2,75.0,686.0,62.36
BBTC,EQ,23-Dec-2011,354.05,356.5,356.5,347.0,347.0,348.9,351.19,8455,2969347.15,95.0,7123.0,84.25
BBTC,EQ,22-Dec-2011,355.75,354.95,362.95,349.8,353.55,354.05,353.83,1673,591950.25,99.0,584.0,34.91
BBTC,EQ,21-Dec-2011,346.75,352.0,357.95,349.0,357.0,355.75,353.23,385,135995.4,20.0,280.0,72.73
BBTC,EQ,20-Dec-2011,350.55,346.05,357.7,345.0,345.0,346.75,350.35,745,261014.45,48.0,142.0,19.06
BBTC,EQ,19-Dec-2011,357.8,368.85,368.85,345.0,350.1,350.55,350.27,1430,500890.7,72.0,975.0,68.18
BBTC,EQ,16-Dec-2011,361.75,371.0,371.0,355.15,355.15,357.8,365.35,534,195094.75,45.0,202.0,37.83
BBTC,EQ,15-Dec-2011,369.2,375.0,375.0,331.0,361.05,361.75,361.88,4746,1717483.7,114.0,1955.0,41.19
BBTC,EQ,14-Dec-2011,368.6,369.0,374.95,367.0,368.2,369.2,369.02,1311,483781.95,91.0,554.0,42.26
BBTC,EQ,13-Dec-2011,371.1,371.1,371.35,368.0,370.5,368.6,368.84,643,237162.25,43.0,452.0,70.3
BBTC,EQ,12-Dec-2011,380.25,380.55,380.55,370.0,370.05,371.1,374.62,2255,844763.15,106.0,1761.0,78.09
BBTC,EQ,09-Dec-2011,384.0,385.0,386.4,380.05,380.25,380.25,382.31,366,139926.7,26.0,120.0,32.79
BBTC,EQ,08-Dec-2011,393.1,393.5,393.5,383.15,387.0,384.0,385.37,1196,460898.55,38.0,1084.0,90.64
BBTC,EQ,07-Dec-2011,387.3,385.0,397.0,385.0,397.0,393.1,391.32,1728,676192.5,126.0,745.0,43.11
BBTC,EQ,05-Dec-2011,385.7,399.0,399.0,383.0,387.05,387.3,387.25,1856,718732.05,72.0,1156.0,62.28
BBTC,EQ,02-Dec-2011,380.7,378.65,392.0,378.1,385.1,385.7,386.34,2166,836802.25,159.0,1155.0,53.32
BBTC,EQ,01-Dec-2011,380.6,385.0,395.0,376.5,378.4,380.7,384.35,2809,1079640.35,234.0,1065.0,37.91
BBTC,EQ,30-Nov-2011,376.4,380.6,387.7,376.0,381.95,380.6,381.87,5280,2016264.6,225.0,2994.0,56.7
BBTC,EQ,29-Nov-2011,371.4,374.0,388.8,366.7,372.75,376.4,378.34,4343,1643115.3,291.0,2409.0,55.47
BBTC,EQ,28-Nov-2011,367.65,373.2,379.2,369.1,373.85,371.4,372.77,3098,1154845.6,113.0,2442.0,78.83
BBTC,EQ,25-Nov-2011,373.9,384.95,384.95,362.5,365.05,367.65,374.06,2538,949368.8,78.0,2160.0,85.11
BBTC,EQ,24-Nov-2011,381.7,376.15,389.5,370.1,372.2,373.9,375.4,2634,988803.05,94.0,2207.0,83.79
BBTC,EQ,23-Nov-2011,388.0,383.65,391.0,376.25,380.5,381.7,382.93,3874,1483466.25,201.0,2151.0,55.52
BBTC,EQ,22-Nov-2011,392.15,390.65,398.95,384.0,387.0,388.0,388.19,1918,744540.65,90.0,1132.0,59.02
BBTC,EQ,21-Nov-2011,398.75,393.1,408.9,388.95,390.1,392.15,395.39,5512,2179380.95,257.0,2419.0,43.89
BBTC,EQ,18-Nov-2011,400.0,391.1,403.8,391.1,398.0,398.75,399.01,1872,746942.1,85.0,1239.0,66.19
BBTC,EQ,17-Nov-2011,402.4,400.0,410.95,398.2,400.7,400.0,402.12,1938,779304.05,80.0,963.0,49.69
BBTC,EQ,16-Nov-2011,411.85,410.0,423.85,397.0,402.9,402.4,402.33,4826,1941639.3,196.0,3485.0,72.21
BBTC,EQ,15-Nov-2011,429.8,435.0,435.0,410.55,413.5,411.85,420.37,6793,2855580.95,543.0,3545.0,52.19
BBTC,EQ,14-Nov-2011,436.95,447.95,448.0,425.0,425.0,429.8,434.96,2236,972566.6,87.0,1058.0,47.32
BBTC,EQ,11-Nov-2011,443.35,440.05,443.6,432.7,432.7,436.95,439.21,3088,1356275.85,142.0,1500.0,48.58
BBTC,EQ,09-Nov-2011,451.5,454.0,465.0,440.0,441.05,443.35,454.53,5521,2509433.7,296.0,3641.0,65.95
BBTC,EQ,08-Nov-2011,457.85,463.0,463.0,448.0,451.65,451.5,454.65,4409,2004537.1,218.0,1952.0,44.27
BBTC,EQ,04-Nov-2011,454.15,460.0,465.0,455.0,460.0,457.85,459.0,3743,1718050.8,190.0,1329.0,35.51
BBTC,EQ,03-Nov-2011,458.55,464.95,464.95,450.5,455.6,454.15,455.34,2090,951650.15,240.0,1128.0,53.97
BBTC,EQ,02-Nov-2011,450.85,452.45,479.0,452.45,458.0,458.55,469.48,44870,21065432.45,2163.0,8894.0,19.82
BBTC,EQ,01-Nov-2011,446.3,448.0,464.0,441.95,452.5,450.85,450.48,5397,2431246.45,430.0,1315.0,24.37
BBTC,EQ,31-Oct-2011,447.5,464.9,464.9,440.2,444.25,446.3,447.91,2584,1157401.2,163.0,1374.0,53.17
BBTC,EQ,28-Oct-2011,449.55,454.95,460.9,445.0,447.0,447.5,452.51,5381,2434980.85,238.0,4096.0,76.12
BBTC,EQ,26-Oct-2011,432.55,441.8,455.0,437.15,446.5,449.55,448.38,2546,1141575.95,137.0,2001.0,78.59
BBTC,EQ,25-Oct-2011,432.85,428.0,447.7,422.05,432.95,432.55,430.64,1150,495238.2,90.0,547.0,47.57
BBTC,EQ,24-Oct-2011,443.5,443.1,446.75,430.15,433.95,432.85,440.59,1487,655161.65,139.0,858.0,57.7
BBTC,EQ,24-Oct-2011,443.5,443.1,446.75,430.15,433.95,432.85,440.59,1487,655161.65,139.0,858.0,57.7
BBTC,EQ,21-Oct-2011,447.9,452.0,454.9,436.5,444.0,443.5,445.59,5588,2489959.4,165.0,2436.0,43.59
BBTC,EQ,20-Oct-2011,447.05,449.95,452.0,442.0,446.1,447.9,448.35,1982,888631.85,109.0,1440.0,72.65
BBTC,EQ,19-Oct-2011,441.55,440.15,448.5,440.1,443.4,447.05,445.12,3150,1402135.1,117.0,2045.0,64.92
BBTC,EQ,18-Oct-2011,446.95,444.0,451.0,440.0,446.0,441.55,446.37,2214,988262.5,95.0,1230.0,55.56
BBTC,EQ,17-Oct-2011,436.75,409.0,449.0,409.0,449.0,446.95,439.81,960,422221.35,109.0,358.0,37.29
BBTC,EQ,14-Oct-2011,443.95,439.05,443.85,433.0,433.0,436.75,438.62,1193,523274.25,64.0,726.0,60.85
BBTC,EQ,13-Oct-2011,440.5,431.8,454.9,431.8,442.15,443.95,447.24,2115,945908.85,149.0,1350.0,63.83
BBTC,EQ,12-Oct-2011,438.65,428.0,446.75,428.0,439.1,440.5,438.86,2134,936524.15,212.0,727.0,34.07
BBTC,EQ,11-Oct-2011,445.35,453.55,453.55,434.15,441.75,438.65,442.1,3285,1452314.55,170.0,1404.0,42.74
BBTC,EQ,10-Oct-2011,429.25,435.0,449.4,433.0,445.0,445.35,442.95,7903,3500615.8,394.0,3932.0,49.75
BBTC,EQ,07-Oct-2011,414.25,417.0,438.4,417.0,431.0,429.25,429.89,6050,2600815.1,274.0,2097.0,34.66
BBTC,EQ,05-Oct-2011,415.25,403.0,422.95,403.0,415.3,414.25,413.2,2185,902845.1,145.0,966.0,44.21
BBTC,EQ,04-Oct-2011,411.55,419.0,429.0,402.1,411.5,415.25,414.75,1693,702172.45,159.0,628.0,37.09
BBTC,EQ,03-Oct-2011,417.45,412.0,415.0,410.0,411.0,411.55,411.21,822,338015.35,57.0,524.0,63.75
BBTC,EQ,30-Sep-2011,426.1,411.6,427.95,411.6,419.0,417.45,418.81,1367,572518.55,105.0,771.0,56.4
BBTC,EQ,29-Sep-2011,418.35,443.0,443.0,401.25,429.5,426.1,421.17,1947,820023.1,174.0,743.0,38.16
BBTC,EQ,28-Sep-2011,439.5,442.0,442.0,416.25,418.0,418.35,423.85,2159,915098.0,144.0,1168.0,54.1
BBTC,EQ,27-Sep-2011,411.05,417.0,458.8,417.0,440.0,439.5,444.71,61041,27145358.2,3372.0,6736.0,11.04
BBTC,EQ,26-Sep-2011,416.35,412.0,415.0,399.0,411.0,411.05,407.17,4598,1872164.65,171.0,2425.0,52.74
BBTC,EQ,23-Sep-2011,417.25,413.0,423.0,405.0,417.0,416.35,414.82,1599,663303.05,139.0,824.0,51.53
BBTC,EQ,22-Sep-2011,435.1,432.05,432.05,415.0,416.0,417.25,419.77,2265,950782.45,129.0,1694.0,74.79
BBTC,EQ,21-Sep-2011,433.75,434.65,439.0,432.55,437.95,435.1,435.01,855,371934.3,42.0,549.0,64.21
BBTC,EQ,20-Sep-2011,430.45,459.1,459.1,432.1,434.65,433.75,437.11,1204,526280.2,120.0,497.0,41.28
BBTC,EQ,19-Sep-2011,437.1,431.8,440.0,428.2,428.7,430.45,432.36,1543,667130.7,100.0,1012.0,65.59
BBTC,EQ,16-Sep-2011,437.05,439.0,445.95,432.3,439.9,437.1,437.9,1625,711587.45,146.0,852.0,52.43
BBTC,EQ,15-Sep-2011,430.8,435.0,440.0,435.0,440.0,437.05,435.6,1059,461301.8,67.0,861.0,81.3
BBTC,EQ,14-Sep-2011,426.55,430.0,436.95,425.0,434.0,430.8,431.64,1038,448037.95,153.0,625.0,60.21
BBTC,EQ,13-Sep-2011,423.95,423.0,442.0,420.15,432.9,426.55,427.64,2155,921564.2,291.0,1304.0,60.51
BBTC,EQ,12-Sep-2011,442.6,435.0,439.3,420.05,425.0,423.95,426.5,1989,848305.85,172.0,1108.0,55.71
BBTC,EQ,09-Sep-2011,454.65,452.0,466.0,440.0,441.9,442.6,452.34,3383,1530252.0,421.0,1230.0,36.36
BBTC,EQ,08-Sep-2011,464.75,469.95,472.0,453.05,455.0,454.65,459.69,4724,2171553.15,385.0,1653.0,34.99
BBTC,EQ,07-Sep-2011,456.35,460.0,504.8,460.0,466.0,464.75,485.19,81093,39345900.05,4104.0,14416.0,17.78
BBTC,EQ,06-Sep-2011,429.55,441.95,469.95,425.5,456.1,456.35,453.83,17843,8097744.2,1051.0,6239.0,34.97
BBTC,EQ,05-Sep-2011,413.8,419.0,430.0,418.0,430.0,429.55,425.96,1822,776103.5,127.0,1281.0,70.31
BBTC,EQ,02-Sep-2011,420.8,420.0,422.95,412.05,419.0,413.8,416.14,559,232621.3,46.0,295.0,52.77
BBTC,EQ,30-Aug-2011,408.8,421.0,424.0,416.5,419.75,420.8,419.79,1866,783336.15,170.0,1163.0,62.33
BBTC,EQ,29-Aug-2011,399.1,412.0,414.0,405.0,407.75,408.8,408.98,2952,1207311.05,96.0,2071.0,70.16
BBTC,EQ,26-Aug-2011,402.05,411.0,422.45,397.05,400.85,399.1,413.06,3772,1558051.1,221.0,1833.0,48.59
BBTC,EQ,25-Aug-2011,409.5,409.05,412.85,401.0,401.0,402.05,405.28,1068,432835.9,88.0,840.0,78.65
BBTC,EQ,24-Aug-2011,411.9,413.0,424.4,405.5,412.85,409.5,410.06,310,127118.25,74.0,222.0,71.61
BBTC,EQ,23-Aug-2011,404.9,405.05,417.85,405.05,410.0,411.9,412.26,606,249828.15,71.0,367.0,60.56
BBTC,EQ,22-Aug-2011,406.85,396.0,409.85,396.0,402.0,404.9,404.59,2578,1043023.6,86.0,2017.0,78.24
BBTC,EQ,19-Aug-2011,412.0,403.2,415.0,403.15,408.95,406.85,407.4,4669,1902149.25,155.0,2749.0,58.88
BBTC,EQ,18-Aug-2011,416.65,411.0,417.0,405.0,414.95,412.0,411.03,4242,1743585.9,159.0,3019.0,71.17
BBTC,EQ,17-Aug-2011,431.5,420.0,429.35,415.0,416.0,416.65,419.82,2092,878265.1,123.0,1604.0,76.67
BBTC,EQ,16-Aug-2011,430.75,431.1,439.95,426.4,431.3,431.5,433.12,1521,658773.05,86.0,964.0,63.38
BBTC,EQ,12-Aug-2011,437.7,456.5,456.5,430.0,431.1,430.75,433.52,3851,1669474.45,162.0,2886.0,74.94
BBTC,EQ,11-Aug-2011,450.85,455.0,459.4,435.55,440.0,437.7,445.11,4624,2058184.0,231.0,2629.0,56.86
BBTC,EQ,10-Aug-2011,432.85,439.0,488.0,438.0,452.45,450.85,469.74,50961,23938427.65,3164.0,4946.0,9.71
BBTC,EQ,09-Aug-2011,442.25,440.0,455.0,428.05,430.0,432.85,439.87,2122,933398.45,253.0,1395.0,65.74
BBTC,EQ,09-Aug-2011,442.25,440.0,455.0,428.05,430.0,432.85,439.87,2122,933398.45,253.0,1395.0,65.74
BBTC,EQ,08-Aug-2011,458.6,442.65,450.0,428.0,440.7,442.25,441.92,2299,1015982.95,158.0,1541.0,67.03
BBTC,EQ,05-Aug-2011,474.0,460.0,467.8,450.0,455.35,458.6,458.65,2894,1327341.65,173.0,2091.0,72.25
BBTC,EQ,04-Aug-2011,461.4,474.75,479.95,465.05,479.0,474.0,472.95,2667,1261359.8,271.0,2301.0,86.28
BBTC,EQ,03-Aug-2011,463.0,469.0,469.0,458.0,461.1,461.4,460.13,1329,611519.05,74.0,1120.0,84.27
BBTC,EQ,02-Aug-2011,475.65,465.1,472.0,461.0,462.1,463.0,463.89,2539,1177813.5,119.0,2142.0,84.36
BBTC,EQ,01-Aug-2011,487.65,492.0,497.5,470.55,476.8,475.65,481.2,2093,1007142.05,132.0,1228.0,58.67
BBTC,EQ,29-Jul-2011,495.55,498.7,504.0,484.0,491.7,487.65,494.17,5103,2521737.3,304.0,2913.0,57.08
BBTC,EQ,28-Jul-2011,490.25,489.7,505.7,483.0,499.0,495.55,497.55,17081,8498615.25,678.0,4843.0,28.35
BBTC,EQ,27-Jul-2011,473.7,485.0,492.0,475.15,491.0,490.25,485.74,7359,3574590.85,226.0,4151.0,56.41
BBTC,EQ,26-Jul-2011,474.1,466.4,494.0,466.4,473.0,473.7,480.29,7081,3400903.65,259.0,4284.0,60.5
BBTC,EQ,25-Jul-2011,474.0,495.0,495.0,467.0,473.0,474.1,473.42,3706,1754497.05,187.0,2235.0,60.31
BBTC,EQ,22-Jul-2011,480.3,472.0,485.0,472.0,474.0,474.0,480.68,2115,1016640.9,173.0,1945.0,91.96
BBTC,EQ,21-Jul-2011,488.05,486.0,487.55,478.15,481.95,480.3,482.83,2718,1312340.1,203.0,2186.0,80.43
BBTC,EQ,20-Jul-2011,491.3,500.0,506.9,485.0,486.5,488.05,496.89,6978,3467306.0,374.0,3564.0,51.07
BBTC,EQ,19-Jul-2011,487.7,492.0,503.4,485.65,491.2,491.3,491.68,1762,866339.05,229.0,1109.0,62.94
BBTC,EQ,18-Jul-2011,479.9,484.95,505.9,478.25,486.0,487.7,495.57,19458,9642818.9,720.0,7363.0,37.84
BBTC,EQ,15-Jul-2011,472.15,467.0,483.6,467.0,479.0,479.9,476.91,2691,1283361.45,293.0,1692.0,62.88
BBTC,EQ,14-Jul-2011,468.05,468.0,485.0,460.1,474.0,472.15,476.22,7357,3503516.45,287.0,3393.0,46.12
BBTC,EQ,13-Jul-2011,446.75,446.0,470.0,446.0,470.0,468.05,463.89,10163,4714533.35,492.0,4793.0,47.16
BBTC,EQ,12-Jul-2011,457.25,454.0,457.0,443.3,447.15,446.75,449.47,4906,2205115.2,162.0,3791.0,77.27
BBTC,EQ,11-Jul-2011,450.8,454.8,472.0,447.25,458.5,457.25,461.23,14558,6714638.1,724.0,3508.0,24.1
BBTC,EQ,08-Jul-2011,476.55,475.0,475.0,448.4,448.5,450.8,456.12,6470,2951112.35,347.0,4841.0,74.82
BBTC,EQ,07-Jul-2011,454.75,457.0,499.0,448.0,477.35,476.55,480.61,56930,27360962.65,3093.0,7727.0,13.57
BBTC,EQ,06-Jul-2011,428.2,435.0,462.0,430.1,462.0,454.75,447.44,19758,8840517.4,959.0,8696.0,44.01
BBTC,EQ,05-Jul-2011,416.15,410.4,430.2,410.1,430.0,428.2,424.2,4292,1820677.5,194.0,3170.0,73.86
BBTC,EQ,04-Jul-2011,401.65,405.0,424.0,404.1,422.0,416.15,417.15,3866,1612720.85,370.0,2344.0,60.63
BBTC,EQ,01-Jul-2011,402.05,401.9,407.4,400.75,401.35,401.65,402.46,462,185936.7,31.0,333.0,72.08
BBTC,EQ,30-Jun-2011,400.95,393.0,404.0,393.0,400.2,402.05,400.23,1072,429047.1,93.0,470.0,43.84
BBTC,EQ,29-Jun-2011,396.6,401.95,404.7,397.1,399.05,400.95,400.94,3846,1542026.85,60.0,3574.0,92.93
BBTC,EQ,28-Jun-2011,402.55,406.0,406.0,392.35,397.85,396.6,396.24,3712,1470849.15,146.0,2037.0,54.88
BBTC,EQ,27-Jun-2011,399.55,398.9,404.95,398.5,403.95,402.55,401.2,859,344631.5,70.0,469.0,54.6
BBTC,EQ,24-Jun-2011,390.95,396.45,401.0,396.45,400.0,399.55,398.84,1975,787713.0,74.0,983.0,49.77
BBTC,EQ,23-Jun-2011,395.1,396.0,401.0,387.0,391.7,390.95,392.59,1046,410648.75,90.0,703.0,67.21
BBTC,EQ,22-Jun-2011,394.05,390.0,407.0,390.0,396.0,395.1,397.51,2660,1057365.4,131.0,1831.0,68.83
BBTC,EQ,21-Jun-2011,403.65,399.0,405.0,392.5,393.0,394.05,395.79,6161,2438448.6,200.0,5096.0,82.71
BBTC,EQ,20-Jun-2011,400.45,400.35,405.0,397.5,404.0,403.65,399.34,4005,1599342.7,82.0,3712.0,92.68
BBTC,EQ,17-Jun-2011,407.5,411.0,411.05,398.1,399.15,400.45,401.61,1809,726511.7,121.0,1039.0,57.44
BBTC,EQ,16-Jun-2011,412.35,410.0,410.0,405.2,409.95,407.5,407.58,395,160994.25,43.0,265.0,67.09
BBTC,EQ,15-Jun-2011,425.85,415.55,426.0,406.5,410.45,412.35,414.35,1489,616970.45,168.0,993.0,66.69
BBTC,EQ,14-Jun-2011,430.3,422.0,436.7,420.0,425.0,425.85,427.48,953,407383.85,121.0,484.0,50.79
BBTC,EQ,13-Jun-2011,404.65,404.5,444.0,404.5,430.15,430.3,429.34,11310,4855778.85,906.0,3685.0,32.58
BBTC,EQ,10-Jun-2011,406.45,409.95,413.5,401.1,402.0,404.65,403.77,249,100539.8,36.0,129.0,51.81
BBTC,EQ,09-Jun-2011,405.65,401.1,408.9,401.1,406.0,406.45,405.58,267,108289.45,26.0,203.0,76.03
BBTC,EQ,08-Jun-2011,405.4,409.5,410.0,403.05,405.0,405.65,406.9,894,363766.15,57.0,663.0,74.16
BBTC,EQ,07-Jun-2011,400.7,400.0,409.8,400.0,408.95,405.4,404.44,790,319507.7,102.0,361.0,45.7
BBTC,EQ,06-Jun-2011,410.95,417.95,417.95,400.0,402.8,400.7,403.06,1780,717454.75,118.0,1467.0,82.42
BBTC,EQ,03-Jun-2011,411.95,422.0,424.9,407.25,410.0,410.95,416.71,2321,967178.15,159.0,1663.0,71.65
BBTC,EQ,02-Jun-2011,422.25,407.0,422.5,387.65,412.95,411.95,411.16,2787,1145902.5,151.0,1229.0,44.1
BBTC,EQ,01-Jun-2011,423.55,426.0,428.9,420.0,420.0,422.25,423.87,661,280177.8,68.0,377.0,57.03
BBTC,EQ,31-May-2011,427.85,443.0,443.0,418.3,418.3,423.55,426.66,821,350291.3,,577.0,70.28
BBTC,EQ,30-May-2011,425.45,432.65,437.65,426.55,427.5,427.85,432.45,3821,1652409.95,,2494.0,65.27
BBTC,EQ,27-May-2011,419.5,420.0,430.0,420.0,428.0,425.45,426.19,4454,1898256.7,,3057.0,68.63
BBTC,EQ,26-May-2011,405.75,409.8,435.0,409.8,420.0,419.5,425.7,16438,6997706.7,,4339.0,26.4
BBTC,EQ,25-May-2011,390.0,394.0,409.45,387.35,407.8,405.75,402.08,7217,2901791.45,,4203.0,58.24
BBTC,EQ,24-May-2011,383.1,386.0,396.0,385.0,390.0,390.0,387.98,769,298359.9,,484.0,62.94
BBTC,EQ,23-May-2011,395.25,394.9,394.9,381.05,382.5,383.1,385.04,2350,904850.55,,1306.0,55.57
BBTC,EQ,20-May-2011,387.85,384.5,400.0,384.0,400.0,395.25,394.5,3655,1441908.7,,2063.0,56.44
BBTC,EQ,19-May-2011,391.55,392.15,397.0,385.55,385.55,387.85,391.52,3602,1410242.75,,1949.0,54.11
BBTC,EQ,18-May-2011,393.2,392.55,401.0,390.5,390.5,391.55,394.28,2486,980184.75,,1204.0,48.43
BBTC,EQ,17-May-2011,397.25,400.0,402.0,387.05,394.0,393.2,394.44,1129,445323.05,,684.0,60.58
BBTC,EQ,16-May-2011,400.6,393.0,404.0,393.0,396.0,397.25,397.68,1156,459721.7,,639.0,55.28
BBTC,EQ,13-May-2011,399.75,398.0,405.25,398.0,401.15,400.6,401.94,1356,545032.65,,973.0,71.76
BBTC,EQ,12-May-2011,406.4,402.0,406.5,398.0,398.0,399.75,401.78,3242,1302569.5,,2397.0,73.94
BBTC,EQ,11-May-2011,408.7,413.5,415.0,402.15,403.3,406.4,409.79,4678,1916996.5,,2154.0,46.05
BBTC,EQ,10-May-2011,408.35,409.0,414.0,402.0,408.0,408.7,407.94,2903,1184247.55,,1125.0,38.75
BBTC,EQ,09-May-2011,416.3,416.0,416.0,406.35,407.0,408.35,409.3,1308,535361.3,,711.0,54.36
BBTC,EQ,06-May-2011,402.5,422.0,435.0,410.3,416.9,416.3,419.83,4111,1725940.6,,1717.0,41.77
BBTC,EQ,06-May-2011,402.5,422.0,435.0,410.3,416.9,416.3,419.83,4111,1725940.6,,1717.0,41.77
BBTC,EQ,05-May-2011,409.65,415.0,419.9,400.6,403.0,402.5,408.92,977,399517.5,,552.0,56.5
BBTC,EQ,04-May-2011,409.9,411.0,414.0,405.2,410.75,409.65,409.76,2297,941207.65,,1282.0,55.81
BBTC,EQ,03-May-2011,435.9,434.0,458.0,403.0,412.95,409.9,423.44,16642,7046872.85,,4865.0,29.23
BBTC,EQ,02-May-2011,446.7,443.4,451.0,431.0,435.0,435.9,439.42,2742,1204896.8,,1905.0,69.47
BBTC,EQ,29-Apr-2011,450.55,457.8,461.85,442.6,450.0,446.7,453.39,8183,3710123.2,,3601.0,44.01
BBTC,EQ,28-Apr-2011,450.9,450.3,455.5,447.0,449.0,450.55,452.2,2031,918414.7,,1015.0,49.98
BBTC,EQ,27-Apr-2011,456.3,463.0,463.0,447.5,449.05,450.9,451.79,2401,1084751.5,,1145.0,47.69
BBTC,EQ,26-Apr-2011,453.5,452.0,461.0,444.05,461.0,456.3,454.28,3758,1707172.35,,1539.0,40.95
BBTC,EQ,25-Apr-2011,448.25,449.9,460.0,441.0,455.65,453.5,451.31,10345,4668815.7,,3563.0,34.44
BBTC,EQ,21-Apr-2011,435.25,434.0,455.5,432.0,447.0,448.25,448.36,29753,13340088.15,,6778.0,22.78
BBTC,EQ,20-Apr-2011,424.7,423.0,440.0,423.0,434.3,435.25,436.28,8152,3556555.4,,4699.0,57.64
BBTC,EQ,19-Apr-2011,425.8,427.0,429.45,421.0,424.55,424.7,424.08,5731,2430385.75,,2227.0,38.86
BBTC,EQ,18-Apr-2011,434.25,431.0,444.0,424.0,425.0,425.8,431.43,7411,3197304.35,,4500.0,60.72
BBTC,EQ,15-Apr-2011,437.6,437.05,446.0,430.1,437.0,434.25,438.48,2883,1264142.05,,1666.0,57.79
BBTC,EQ,13-Apr-2011,426.95,427.0,444.0,421.05,440.0,437.6,437.43,11636,5089880.1,,4180.0,35.92
BBTC,EQ,11-Apr-2011,432.15,432.0,436.8,424.0,428.0,426.95,430.57,3059,1317110.6,,1381.0,45.15
BBTC,EQ,08-Apr-2011,437.65,441.9,449.5,428.0,433.6,432.15,436.44,14836,6475057.0,,5814.0,39.19
BBTC,EQ,07-Apr-2011,436.15,441.0,459.0,433.5,439.5,437.65,447.47,32080,14354828.05,,8595.0,26.79
BBTC,EQ,06-Apr-2011,425.65,420.0,448.0,420.0,433.3,436.15,435.96,31467,13718367.15,,7389.0,23.48
BBTC,EQ,05-Apr-2011,424.5,424.5,434.95,418.75,425.0,425.65,428.46,10001,4285058.55,,2076.0,20.76
BBTC,EQ,04-Apr-2011,404.0,404.0,433.0,404.0,424.25,424.5,425.08,32667,13886064.35,,8134.0,24.9
BBTC,EQ,01-Apr-2011,395.3,392.5,409.95,392.5,403.5,404.0,403.79,7654,3090598.6,,2162.0,28.25
BBTC,EQ,31-Mar-2011,408.55,404.0,416.95,393.85,396.5,395.3,400.09,12768,5108318.75,,9338.0,73.14
BBTC,EQ,30-Mar-2011,399.55,410.7,415.0,401.05,410.8,408.55,409.82,6847,2806024.45,,1704.0,24.89
BBTC,EQ,29-Mar-2011,404.6,400.0,413.0,396.65,399.0,399.55,404.32,7070,2858537.55,,2850.0,40.31
BBTC,EQ,28-Mar-2011,417.6,416.5,422.0,402.5,403.0,404.6,410.46,9616,3946985.55,,4359.0,45.33
BBTC,EQ,25-Mar-2011,415.85,418.05,424.95,416.0,416.0,417.6,420.06,9448,3968764.2,,3547.0,37.54
BBTC,EQ,24-Mar-2011,417.3,420.0,423.0,413.05,416.0,415.85,418.27,3995,1670983.95,,1758.0,44.01
BBTC,EQ,23-Mar-2011,416.25,419.8,423.7,416.0,418.4,417.3,418.68,5455,2283907.65,,1430.0,26.21
BBTC,EQ,22-Mar-2011,414.2,418.9,432.0,414.5,415.05,416.25,422.48,37543,15861310.5,,14032.0,37.38
BBTC,EQ,21-Mar-2011,423.05,425.0,427.0,412.05,413.5,414.2,419.22,4929,2066315.35,,1928.0,39.12
BBTC,EQ,18-Mar-2011,427.5,435.0,445.05,420.0,422.5,423.05,432.17,24807,10720943.4,,4833.0,19.48
BBTC,EQ,17-Mar-2011,417.8,413.0,433.9,413.0,427.05,427.5,427.75,19151,8191772.1,,4736.0,24.73
BBTC,EQ,16-Mar-2011,416.6,431.95,431.95,414.0,418.0,417.8,422.03,8142,3436152.95,,2060.0,25.3
BBTC,EQ,15-Mar-2011,430.85,415.0,424.0,405.0,415.0,416.6,416.73,13863,5777130.4,,3345.0,24.13
BBTC,EQ,14-Mar-2011,422.75,428.9,436.8,419.6,430.3,430.85,429.1,16301,6994796.0,,5291.0,32.46
BBTC,EQ,11-Mar-2011,424.95,423.0,446.7,416.0,420.0,422.75,434.26,73091,31740432.0,,11376.0,15.56
BBTC,EQ,10-Mar-2011,424.2,429.5,444.8,410.55,425.7,424.95,432.85,77714,33638426.5,,10152.0,13.06
BBTC,EQ,09-Mar-2011,390.3,395.0,447.0,395.0,426.0,424.2,426.42,112696,48055342.65,,10612.0,9.42
BBTC,EQ,08-Mar-2011,384.1,375.5,413.0,375.5,390.25,390.3,400.25,18627,7455459.1,,2250.0,12.08
BBTC,EQ,07-Mar-2011,387.85,392.0,394.0,373.0,380.25,384.1,378.1,3727,1409197.0,,1668.0,44.75
BBTC,EQ,04-Mar-2011,393.55,397.0,417.8,385.4,387.05,387.85,402.87,9674,3897366.5,,2712.0,28.03
BBTC,EQ,03-Mar-2011,385.25,386.0,398.0,386.0,396.95,393.55,387.49,63605,24646098.7,,62040.0,97.54
BBTC,EQ,01-Mar-2011,372.85,379.0,396.0,373.2,390.05,385.25,385.02,68473,26363756.6,,64587.0,94.32
BBTC,EQ,28-Feb-2011,370.35,367.0,399.4,367.0,372.1,372.85,380.56,2958,1125696.35,,1534.0,51.86
BBTC,EQ,25-Feb-2011,376.7,373.0,383.0,367.0,368.1,370.35,373.44,3468,1295085.15,,2087.0,60.18
BBTC,EQ,24-Feb-2011,395.45,389.3,398.8,374.0,382.0,376.7,380.84,5531,2106416.35,,2359.0,42.65
BBTC,EQ,23-Feb-2011,390.55,399.0,410.0,392.1,395.0,395.45,399.53,2784,1112294.2,,1013.0,36.39
BBTC,EQ,22-Feb-2011,392.35,393.0,394.9,385.35,388.25,390.55,389.69,1561,608306.65,,555.0,35.55
BBTC,EQ,21-Feb-2011,392.4,399.0,400.0,381.1,394.0,392.35,389.25,3372,1312550.3,,1516.0,44.96
BBTC,EQ,18-Feb-2011,409.45,415.0,417.4,390.55,394.7,392.4,403.52,4031,1626569.5,,1992.0,49.42
BBTC,EQ,17-Feb-2011,391.85,395.0,428.8,395.0,413.9,409.45,418.48,38297,16026530.0,,4926.0,12.86
BBTC,EQ,16-Feb-2011,402.7,405.85,412.5,389.25,392.5,391.85,396.69,3592,1424917.55,,1728.0,48.11
BBTC,EQ,15-Feb-2011,398.4,395.5,408.0,391.0,405.8,402.7,402.36,3531,1420738.1,,1899.0,53.78
BBTC,EQ,14-Feb-2011,383.9,383.0,410.0,383.0,397.0,398.4,400.57,19488,7806326.05,,4312.0,22.13
BBTC,EQ,11-Feb-2011,365.35,366.0,392.0,364.0,383.0,383.9,378.79,8975,3399663.05,,4776.0,53.21
BBTC,EQ,10-Feb-2011,380.05,376.55,378.0,352.05,363.0,365.35,360.8,9855,3555694.65,,5416.0,54.96
BBTC,EQ,09-Feb-2011,401.4,392.5,399.8,379.0,380.0,380.05,389.46,4139,1611994.65,,2806.0,67.79
BBTC,EQ,08-Feb-2011,408.15,405.0,410.0,399.0,399.1,401.4,403.97,3910,1579529.65,,2327.0,59.51
BBTC,EQ,07-Feb-2011,413.7,418.95,418.95,405.1,410.0,408.15,411.76,2932,1207287.35,,1096.0,37.38
BBTC,EQ,04-Feb-2011,414.35,419.4,425.0,410.25,412.0,413.7,419.4,10505,4405763.45,,4667.0,44.43
BBTC,EQ,03-Feb-2011,410.35,419.9,423.0,404.2,419.0,414.35,413.1,8853,3657183.35,,4014.0,45.34
BBTC,EQ,02-Feb-2011,406.75,413.9,424.0,405.0,412.0,410.35,414.49,5346,2215854.7,,1775.0,33.2
BBTC,EQ,01-Feb-2011,415.9,422.0,429.0,402.0,404.2,406.75,415.35,5939,2466739.45,,3111.0,52.38
BBTC,EQ,31-Jan-2011,430.45,438.95,438.95,405.0,416.0,415.9,414.04,16642,6890473.05,,11601.0,69.71
BBTC,EQ,28-Jan-2011,458.9,463.0,463.0,414.0,430.0,430.45,436.11,10617,4630138.45,,4250.0,40.03
BBTC,EQ,27-Jan-2011,458.8,460.05,478.0,452.1,458.0,458.9,467.45,10665,4985396.6,,2448.0,22.95
BBTC,EQ,25-Jan-2011,463.6,468.75,472.0,456.0,459.9,458.8,463.49,4878,2260923.0,,2886.0,59.16
BBTC,EQ,24-Jan-2011,463.2,469.75,478.95,462.1,462.6,463.6,471.0,16100,7583041.55,,3419.0,21.24
BBTC,EQ,21-Jan-2011,465.9,466.0,474.5,461.05,462.5,463.2,467.29,6925,3235962.65,,3586.0,51.78
BBTC,EQ,20-Jan-2011,470.35,469.9,484.9,461.1,468.0,465.9,472.8,12163,5750622.65,,3317.0,27.27
BBTC,EQ,19-Jan-2011,468.8,470.0,499.0,465.15,466.5,470.35,483.97,51566,24956508.0,,8059.0,15.63
BBTC,EQ,18-Jan-2011,480.35,485.0,485.1,460.05,469.0,468.8,470.15,30069,14136910.3,,6379.0,21.21
BBTC,EQ,17-Jan-2011,449.95,446.0,516.8,446.0,480.0,480.35,494.96,228779,113235341.5,,9850.0,4.31
BBTC,EQ,14-Jan-2011,464.35,456.55,488.0,444.05,449.0,449.95,469.79,20278,9526416.6,,4626.0,22.81
BBTC,EQ,13-Jan-2011,472.75,474.95,499.0,460.55,464.0,464.35,481.61,10599,5104560.35,,3210.0,30.29
BBTC,EQ,12-Jan-2011,459.65,469.0,477.0,455.0,473.5,472.75,464.72,4597,2136308.5,,2277.0,49.53
BBTC,EQ,11-Jan-2011,467.45,471.0,487.0,455.0,462.55,459.65,467.35,18669,8724954.25,,10269.0,55.01
BBTC,EQ,10-Jan-2011,489.6,490.0,496.0,461.0,468.0,467.45,475.17,18825,8945084.1,,11606.0,61.65
BBTC,EQ,07-Jan-2011,507.8,510.0,519.0,487.95,489.05,489.6,498.13,10129,5045604.55,,4321.0,42.66
BBTC,EQ,06-Jan-2011,515.0,501.15,534.0,501.0,509.0,507.8,518.62,19548,10138075.65,,6047.0,30.93
BBTC,EQ,05-Jan-2011,536.55,535.0,547.9,507.5,511.0,515.0,525.41,15299,8038218.65,,7892.0,51.59
BBTC,EQ,04-Jan-2011,543.3,549.0,564.7,532.05,538.0,536.55,549.01,39928,21920874.7,,10032.0,25.13
BBTC,EQ,03-Jan-2011,556.1,560.0,569.3,536.5,541.0,543.3,548.88,23252,12762519.7,,8364.0,35.97
BBTC,EQ,28-Dec-2012,118.85,119.8,122.35,117.6,122.0,120.9,120.2,40726,4895095.3,937.0,26102.0,64.09
BBTC,EQ,27-Dec-2012,121.3,124.7,124.7,118.15,119.25,118.85,119.49,13080,1562991.5,314.0,7632.0,58.35
BBTC,EQ,26-Dec-2012,120.8,122.45,122.65,119.0,122.05,121.3,120.89,21279,2572416.8,420.0,12377.0,58.17
BBTC,EQ,24-Dec-2012,120.05,123.0,124.7,120.1,121.25,120.8,122.35,38089,4660255.35,911.0,18061.0,47.42
BBTC,EQ,21-Dec-2012,120.2,121.3,121.3,117.1,120.0,120.05,119.56,36637,4380475.55,1214.0,15700.0,42.85
BBTC,EQ,20-Dec-2012,118.95,118.65,121.1,118.5,120.2,120.2,119.93,21591,2589514.7,638.0,8967.0,41.53
BBTC,EQ,19-Dec-2012,121.6,123.0,124.0,117.6,118.8,118.95,120.48,22944,2764241.05,1206.0,12302.0,53.62
BBTC,EQ,18-Dec-2012,119.8,120.1,122.4,119.0,121.95,121.6,120.96,20000,2419284.8,559.0,6644.0,33.22
BBTC,EQ,17-Dec-2012,121.15,120.2,121.9,118.4,120.0,119.8,120.34,26863,3232797.65,575.0,12083.0,44.98
BBTC,EQ,14-Dec-2012,119.9,119.6,122.85,119.0,120.75,121.15,120.77,28930,3493831.7,655.0,8563.0,29.6
BBTC,EQ,13-Dec-2012,121.95,122.0,124.7,119.35,119.6,119.9,121.53,125663,15271739.3,1431.0,77399.0,61.59
BBTC,EQ,12-Dec-2012,124.75,125.6,125.6,121.55,122.0,121.95,122.86,27823,3418451.85,491.0,18680.0,67.14
BBTC,EQ,11-Dec-2012,127.55,128.0,128.45,123.7,124.95,124.75,125.83,26594,3346429.95,934.0,16215.0,60.97
BBTC,EQ,10-Dec-2012,128.5,128.7,128.95,126.4,127.3,127.55,127.94,27310,3494026.3,827.0,12226.0,44.77
BBTC,EQ,07-Dec-2012,130.1,131.45,132.45,127.7,128.0,128.5,130.24,65351,8511498.8,1075.0,34087.0,52.16
BBTC,EQ,06-Dec-2012,129.05,130.25,131.4,126.0,129.5,130.1,128.86,83685,10783968.45,2254.0,31257.0,37.35
BBTC,EQ,05-Dec-2012,128.75,129.8,132.0,127.6,128.5,129.05,129.89,98071,12738559.7,1381.0,52976.0,54.02
BBTC,EQ,04-Dec-2012,123.25,124.0,134.7,121.75,130.0,128.75,130.25,369306,48102204.0,6914.0,107346.0,29.07
BBTC,EQ,03-Dec-2012,122.55,123.2,124.9,122.2,123.95,123.25,123.32,45553,5617473.1,680.0,25946.0,56.96
BBTC,EQ,30-Nov-2012,123.2,124.75,126.4,121.6,123.0,122.55,124.32,71790,8924601.25,1078.0,37009.0,51.55
BBTC,EQ,29-Nov-2012,125.2,124.0,126.4,122.1,123.25,123.2,124.17,71815,8917540.25,1061.0,31890.0,44.41
BBTC,EQ,27-Nov-2012,124.2,125.0,127.0,121.6,125.7,125.2,124.6,115733,14419860.05,1430.0,64689.0,55.9
BBTC,EQ,26-Nov-2012,123.1,124.25,127.9,121.5,124.0,124.2,124.83,79172,9882944.65,1673.0,31324.0,39.56
BBTC,EQ,23-Nov-2012,123.55,124.2,129.75,122.5,122.8,123.1,125.42,54807,6874022.2,1228.0,23136.0,42.21
BBTC,EQ,22-Nov-2012,124.0,125.15,125.5,121.7,123.5,123.55,123.61,48676,6016912.8,949.0,20494.0,42.1
BBTC,EQ,21-Nov-2012,118.6,119.7,126.4,118.25,124.45,124.0,123.72,124919,15454825.55,2410.0,41895.0,33.54
BBTC,EQ,20-Nov-2012,123.2,124.35,125.2,117.0,119.25,118.6,121.74,71565,8712050.3,1809.0,20326.0,28.4
BBTC,EQ,19-Nov-2012,124.55,126.8,131.4,121.8,123.6,123.2,126.79,351853,44609801.9,6831.0,78939.0,22.44
BBTC,EQ,16-Nov-2012,115.85,115.0,137.45,113.0,124.9,124.55,130.13,783206,101921848.1,14383.0,173035.0,22.09
BBTC,EQ,15-Nov-2012,113.6,112.45,121.3,111.05,116.0,115.85,117.2,96059,11257793.2,2283.0,22884.0,23.82
BBTC,EQ,13-Nov-2012,112.05,112.0,113.9,112.0,113.3,113.6,113.37,5980,677926.6,127.0,4207.0,70.35
BBTC,EQ,12-Nov-2012,114.75,114.8,114.8,107.65,112.25,112.05,111.68,22068,2464519.35,419.0,12117.0,54.91
BBTC,EQ,09-Nov-2012,118.6,119.55,120.95,114.15,115.4,114.75,118.13,27442,3241600.05,531.0,12514.0,45.6
BBTC,EQ,08-Nov-2012,609.4,122.5,122.5,117.2,119.0,118.6,119.49,37706,4505370.75,681.0,19386.0,51.41
BBTC,EQ,07-Nov-2012,599.35,600.0,623.7,598.05,614.25,609.4,610.35,38797,23679772.2,2071.0,11886.0,30.64
BBTC,EQ,06-Nov-2012,577.35,584.75,603.9,582.0,599.0,599.35,595.6,24741,14735781.0,1310.0,9239.0,37.34
BBTC,EQ,05-Nov-2012,602.5,572.95,602.9,519.3,576.05,577.35,583.63,11896,6942890.25,721.0,6438.0,54.12
BBTC,EQ,02-Nov-2012,591.35,593.0,609.0,591.5,599.0,602.5,602.11,32253,19419723.3,1455.0,16083.0,49.87
BBTC,EQ,01-Nov-2012,572.0,572.0,594.0,572.0,593.8,591.35,585.74,21018,12311026.25,1005.0,7645.0,36.37
BBTC,EQ,31-Oct-2012,550.5,549.0,575.0,549.0,570.0,572.0,562.7,10439,5874013.0,465.0,6451.0,61.8
BBTC,EQ,30-Oct-2012,553.9,559.95,565.0,547.15,550.5,550.5,554.79,3977,2206407.65,272.0,2109.0,53.03
BBTC,EQ,29-Oct-2012,552.35,560.0,572.0,547.0,557.0,553.9,561.53,8667,4866804.05,438.0,2336.0,26.95
BBTC,EQ,26-Oct-2012,558.05,563.0,563.0,543.25,553.25,552.35,551.7,3488,1924334.7,303.0,2239.0,64.19
BBTC,EQ,25-Oct-2012,563.5,568.95,573.0,556.0,560.0,558.05,561.74,2609,1465588.3,285.0,1060.0,40.63
BBTC,EQ,23-Oct-2012,572.25,560.0,579.75,560.0,563.0,563.5,568.28,2615,1486047.85,173.0,1216.0,46.5
BBTC,EQ,22-Oct-2012,569.95,566.1,577.0,560.15,571.1,572.25,570.81,855,488041.85,136.0,289.0,33.8
BBTC,EQ,19-Oct-2012,574.85,575.0,578.9,566.05,568.25,569.95,571.03,1492,851972.55,125.0,931.0,62.4
BBTC,EQ,18-Oct-2012,572.7,570.4,584.0,570.4,572.05,574.85,576.32,3910,2253398.2,225.0,2100.0,53.71
BBTC,EQ,17-Oct-2012,571.15,575.0,593.3,570.0,572.6,572.7,581.36,10340,6011227.45,640.0,2949.0,28.52
BBTC,EQ,16-Oct-2012,562.05,565.0,591.0,562.5,574.7,571.15,578.05,17815,10297925.65,946.0,8188.0,45.96
BBTC,EQ,15-Oct-2012,566.85,575.0,575.0,560.0,560.0,562.05,563.71,1190,670811.8,144.0,440.0,36.97
BBTC,EQ,12-Oct-2012,568.9,561.05,575.0,560.1,565.0,566.85,569.38,4558,2595235.45,194.0,3018.0,66.21
BBTC,EQ,11-Oct-2012,569.5,564.1,572.0,564.0,570.0,568.9,568.68,2176,1237446.6,163.0,1059.0,48.67
BBTC,EQ,10-Oct-2012,582.95,577.0,587.95,566.0,569.0,569.5,573.84,4279,2455462.0,360.0,2187.0,51.11
BBTC,EQ,09-Oct-2012,574.95,580.05,604.0,576.1,584.95,582.95,591.26,18668,11037733.85,752.0,7048.0,37.75
BBTC,EQ,08-Oct-2012,574.8,579.8,592.9,573.0,574.1,574.95,581.95,11189,6511449.55,718.0,6002.0,53.64
BBTC,EQ,05-Oct-2012,563.95,560.3,583.0,541.1,582.0,574.8,566.92,15503,8788983.0,775.0,6716.0,43.32
BBTC,EQ,04-Oct-2012,559.05,560.0,582.0,555.1,564.0,563.95,568.65,19257,10950463.05,996.0,7968.0,41.38
BBTC,EQ,03-Oct-2012,550.0,548.1,569.3,548.1,560.0,559.05,559.36,7214,4035226.25,481.0,2730.0,37.84
BBTC,EQ,01-Oct-2012,545.95,545.0,554.0,541.6,551.0,550.0,547.32,2547,1394026.2,221.0,1978.0,77.66
BBTC,EQ,28-Sep-2012,534.7,539.95,551.6,536.25,550.0,545.95,544.38,9099,4953341.0,544.0,4043.0,44.43
BBTC,EQ,27-Sep-2012,546.85,553.0,555.0,532.2,536.0,534.7,540.94,3223,1743454.75,207.0,1419.0,44.03
BBTC,EQ,26-Sep-2012,532.65,532.0,554.0,532.0,546.05,546.85,543.21,11207,6087775.35,558.0,5123.0,45.71
BBTC,EQ,25-Sep-2012,524.7,522.05,536.0,522.05,536.0,532.65,531.82,2251,1197137.15,151.0,1265.0,56.2
BBTC,EQ,24-Sep-2012,521.25,522.25,530.05,520.1,524.1,524.7,524.84,1792,940507.75,104.0,1185.0,66.13
BBTC,EQ,21-Sep-2012,526.55,529.0,532.0,518.0,530.0,521.25,525.55,1513,795162.5,137.0,1144.0,75.61
BBTC,EQ,20-Sep-2012,524.75,524.05,529.8,516.9,529.8,526.55,522.03,852,444766.8,87.0,549.0,64.44
BBTC,EQ,18-Sep-2012,525.35,534.9,534.9,518.0,528.0,524.75,524.75,1253,657515.4,225.0,626.0,49.96
BBTC,EQ,17-Sep-2012,522.8,533.95,534.0,512.65,528.0,525.35,521.81,10308,5378776.65,422.0,6337.0,61.48
BBTC,EQ,14-Sep-2012,511.15,523.95,525.05,513.0,522.5,522.8,521.8,3547,1850807.75,179.0,2214.0,62.42
BBTC,EQ,13-Sep-2012,508.8,516.0,524.0,510.05,512.5,511.15,516.11,2175,1122541.5,198.0,1480.0,68.05
BBTC,EQ,12-Sep-2012,509.4,519.95,520.0,505.55,509.95,508.8,511.25,1549,791926.7,181.0,942.0,60.81
BBTC,EQ,11-Sep-2012,516.9,519.0,519.0,506.5,510.0,509.4,511.58,2436,1246214.45,218.0,1224.0,50.25
BBTC,EQ,10-Sep-2012,515.6,519.95,521.75,511.5,515.1,516.9,517.3,2723,1408598.6,130.0,1878.0,68.97
BBTC,EQ,08-Sep-2012,516.05,515.75,516.0,515.0,515.5,515.6,515.61,145,74763.5,14.0,130.0,89.66
BBTC,EQ,07-Sep-2012,514.85,516.0,524.95,515.95,516.0,516.05,516.86,1571,811991.0,121.0,1175.0,74.79
BBTC,EQ,06-Sep-2012,510.05,517.0,520.0,502.0,512.55,514.85,514.3,639,328639.15,139.0,356.0,55.71
BBTC,EQ,05-Sep-2012,508.25,511.0,515.0,494.0,515.0,510.05,507.09,5460,2768699.85,366.0,3163.0,57.93
BBTC,EQ,04-Sep-2012,517.85,517.05,519.4,506.5,510.0,508.25,510.49,3085,1574876.9,169.0,2488.0,80.65
BBTC,EQ,03-Sep-2012,525.05,532.65,533.7,516.05,516.1,517.85,521.69,4572,2385186.05,255.0,2803.0,61.31
BBTC,EQ,31-Aug-2012,518.9,515.0,534.75,510.5,529.95,525.05,525.56,2814,1478919.85,267.0,1128.0,40.09
BBTC,EQ,30-Aug-2012,518.95,520.0,523.35,505.65,516.7,518.9,518.03,762,394742.1,128.0,343.0,45.01
BBTC,EQ,29-Aug-2012,528.3,530.0,534.85,517.05,521.0,518.95,520.24,902,469260.6,113.0,774.0,85.81
BBTC,EQ,28-Aug-2012,520.95,527.8,540.0,516.0,532.4,528.3,528.84,4850,2564879.0,438.0,2450.0,50.52
BBTC,EQ,27-Aug-2012,525.85,537.95,539.75,502.0,520.1,520.95,521.03,6149,3203823.2,601.0,2522.0,41.01
BBTC,EQ,24-Aug-2012,546.5,540.4,540.4,520.3,526.0,525.85,534.04,6934,3703010.5,367.0,4349.0,62.72
BBTC,EQ,23-Aug-2012,545.3,550.0,558.0,541.0,543.05,546.5,549.66,2656,1459896.5,198.0,1721.0,64.8
BBTC,EQ,22-Aug-2012,532.45,539.4,575.0,533.2,544.95,545.3,555.01,31843,17673200.9,1613.0,6819.0,21.41
BBTC,EQ,21-Aug-2012,538.35,550.0,550.0,531.25,532.9,532.45,534.16,1576,841834.4,98.0,896.0,56.85
BBTC,EQ,17-Aug-2012,536.4,535.1,544.0,532.0,540.0,538.35,539.02,3450,1859605.9,225.0,1674.0,48.52
BBTC,EQ,16-Aug-2012,533.75,543.0,553.9,534.4,535.65,536.4,541.78,5695,3085461.05,319.0,4251.0,74.64
BBTC,EQ,14-Aug-2012,536.25,552.1,552.1,531.0,531.4,533.75,537.72,3794,2040094.2,347.0,2013.0,53.06
BBTC,EQ,13-Aug-2012,542.95,547.0,547.0,528.0,540.1,536.25,536.09,7270,3897389.8,391.0,5062.0,69.63
BBTC,EQ,10-Aug-2012,551.5,553.95,553.95,541.0,541.25,542.95,543.77,5507,2994551.2,302.0,4636.0,84.18
BBTC,EQ,09-Aug-2012,556.0,559.8,564.0,542.5,555.0,551.5,552.18,13323,7356726.15,624.0,10300.0,77.31
BBTC,EQ,08-Aug-2012,571.15,576.45,576.45,552.0,553.1,556.0,565.86,3476,1966943.7,232.0,2089.0,60.1
BBTC,EQ,07-Aug-2012,559.45,563.0,584.9,561.0,572.05,571.15,574.19,22272,12788307.85,857.0,15665.0,70.33
BBTC,EQ,06-Aug-2012,557.6,550.1,567.0,550.1,559.95,559.45,559.79,11890,6655854.4,425.0,6459.0,54.32
BBTC,EQ,03-Aug-2012,548.6,553.85,567.0,541.1,551.0,557.6,552.7,3467,1916210.5,398.0,1948.0,56.19
BBTC,EQ,02-Aug-2012,556.3,559.0,567.0,546.0,548.05,548.6,554.13,3275,1814773.15,304.0,1397.0,42.66
BBTC,EQ,01-Aug-2012,547.5,551.0,572.0,542.0,555.1,556.3,556.02,7095,3944991.75,383.0,4208.0,59.31
BBTC,EQ,31-Jul-2012,550.1,554.35,554.9,537.55,550.0,547.5,546.4,2713,1482392.55,175.0,1681.0,61.96
BBTC,EQ,30-Jul-2012,533.75,535.0,553.75,531.6,552.4,550.1,546.12,4906,2679241.7,371.0,3188.0,64.98
BBTC,EQ,27-Jul-2012,541.65,545.0,555.0,527.05,533.05,533.75,545.68,3436,1874956.3,204.0,2365.0,68.83
BBTC,EQ,26-Jul-2012,573.0,570.0,570.0,540.0,544.7,541.65,551.7,4583,2528454.2,313.0,2303.0,50.25
BBTC,EQ,25-Jul-2012,581.3,585.0,585.0,562.55,575.0,573.0,572.72,6633,3798830.7,193.0,5438.0,81.98
BBTC,EQ,24-Jul-2012,580.2,580.0,594.95,577.0,585.0,581.3,583.13,3481,2029863.9,393.0,1918.0,55.1
BBTC,EQ,23-Jul-2012,580.9,574.0,586.05,574.0,581.8,580.2,579.98,7461,4327268.05,413.0,5175.0,69.36
BBTC,EQ,20-Jul-2012,580.5,581.0,592.0,572.1,583.85,580.9,583.16,6664,3886167.4,476.0,3355.0,50.35
BBTC,EQ,19-Jul-2012,584.3,590.0,590.0,576.25,577.65,580.5,583.31,2455,1432021.25,132.0,1783.0,72.63
BBTC,EQ,18-Jul-2012,578.0,577.05,586.0,575.3,585.0,584.3,583.76,8114,4736615.75,285.0,6358.0,78.36
BBTC,EQ,17-Jul-2012,594.8,600.0,602.0,572.6,582.0,578.0,581.61,7611,4426663.05,432.0,4667.0,61.32
BBTC,EQ,16-Jul-2012,604.55,610.0,618.3,587.0,599.5,594.8,604.77,7975,4823072.45,668.0,3287.0,41.22
BBTC,EQ,13-Jul-2012,604.6,609.9,627.0,598.05,608.0,604.55,616.73,34838,21485736.1,1718.0,9955.0,28.58
BBTC,EQ,12-Jul-2012,591.2,596.0,618.9,587.0,601.0,604.6,605.35,62681,37944224.8,2855.0,19514.0,31.13
BBTC,EQ,11-Jul-2012,575.55,582.4,603.0,575.05,594.7,591.2,592.91,15320,9083365.75,886.0,7948.0,51.88
BBTC,EQ,10-Jul-2012,571.9,569.45,583.0,569.45,574.95,575.55,576.4,3623,2088300.9,216.0,1004.0,27.71
BBTC,EQ,09-Jul-2012,579.95,575.2,582.0,570.0,570.0,571.9,575.77,1775,1021995.2,151.0,995.0,56.06
BBTC,EQ,06-Jul-2012,591.45,595.0,595.0,577.0,580.0,579.95,582.96,1813,1056897.8,120.0,886.0,48.87
BBTC,EQ,05-Jul-2012,579.25,587.4,599.0,581.25,594.0,591.45,592.27,6238,3694585.1,717.0,4087.0,65.52
BBTC,EQ,04-Jul-2012,581.5,589.0,603.25,576.0,580.0,579.25,591.24,24225,14322904.9,849.0,10588.0,43.71
BBTC,EQ,03-Jul-2012,578.85,577.0,583.5,572.0,580.2,581.5,578.69,4085,2363936.75,257.0,2079.0,50.89
BBTC,EQ,02-Jul-2012,567.55,569.0,585.85,563.15,574.1,578.85,577.45,8877,5125981.8,445.0,5215.0,58.75
BBTC,EQ,29-Jun-2012,558.0,564.9,573.95,557.3,566.0,567.55,567.02,8134,4612170.5,653.0,4141.0,50.91
BBTC,EQ,28-Jun-2012,557.4,566.0,566.0,550.1,550.1,558.0,560.76,2046,1147312.75,230.0,828.0,40.47
BBTC,EQ,27-Jun-2012,561.0,569.9,569.9,557.0,557.25,557.4,558.71,1308,730789.15,130.0,532.0,40.67
BBTC,EQ,26-Jun-2012,558.1,558.0,569.4,557.05,562.0,561.0,562.69,5356,3013777.0,397.0,1123.0,20.97
BBTC,EQ,25-Jun-2012,562.7,567.9,574.85,557.8,558.0,558.1,563.13,4632,2608438.45,370.0,1537.0,33.18
BBTC,EQ,22-Jun-2012,558.45,558.4,574.8,557.9,564.45,562.7,566.61,5413,3067078.95,523.0,1951.0,36.04
BBTC,EQ,21-Jun-2012,554.9,557.8,573.7,546.0,559.9,558.45,564.12,8294,4678792.05,674.0,1779.0,21.45
BBTC,EQ,20-Jun-2012,550.1,542.8,562.0,540.1,559.5,554.9,553.24,7864,4350670.15,596.0,5188.0,65.97
BBTC,EQ,19-Jun-2012,542.2,536.1,555.85,536.1,547.1,550.1,548.81,3455,1896133.45,438.0,1442.0,41.74
BBTC,EQ,18-Jun-2012,547.85,545.0,550.0,525.5,541.0,542.2,538.42,3350,1803706.75,417.0,1539.0,45.94
BBTC,EQ,15-Jun-2012,534.65,532.35,553.5,530.6,544.0,547.85,543.95,2983,1622596.0,265.0,1261.0,42.27
BBTC,EQ,14-Jun-2012,530.1,537.0,538.65,523.0,536.0,534.65,531.19,4558,2421150.65,421.0,2186.0,47.96
BBTC,EQ,13-Jun-2012,551.3,548.05,559.0,528.1,530.0,530.1,541.63,8254,4470585.45,595.0,3289.0,39.85
BBTC,EQ,12-Jun-2012,528.7,527.0,565.0,515.2,550.25,551.3,548.05,23317,12778981.3,1362.0,7253.0,31.11
BBTC,EQ,11-Jun-2012,525.1,531.0,547.0,522.25,527.0,528.7,536.19,5844,3133468.7,595.0,1791.0,30.65
BBTC,EQ,08-Jun-2012,524.85,525.0,536.95,520.5,522.0,525.1,526.99,6017,3170889.35,267.0,3601.0,59.85
BBTC,EQ,07-Jun-2012,530.5,524.0,542.0,523.0,523.0,524.85,531.07,3384,1797137.25,183.0,2657.0,78.52
BBTC,EQ,06-Jun-2012,512.1,520.3,533.8,515.1,531.0,530.5,525.33,4279,2247869.45,215.0,2900.0,67.77
BBTC,EQ,05-Jun-2012,516.3,520.0,549.0,510.0,510.05,512.1,526.57,7384,3888199.05,590.0,1560.0,21.13
BBTC,EQ,04-Jun-2012,521.5,506.0,529.95,506.0,519.95,516.3,517.91,4996,2587453.6,212.0,3125.0,62.55
BBTC,EQ,01-Jun-2012,527.4,525.3,535.0,520.0,520.1,521.5,522.87,987,516076.85,79.0,759.0,76.9
BBTC,EQ,31-May-2012,528.35,534.9,535.05,518.05,532.5,527.4,526.69,5061,2665574.2,402.0,1999.0,39.5
BBTC,EQ,30-May-2012,563.75,554.7,554.75,526.55,526.55,528.35,540.7,7478,4043324.1,520.0,2446.0,32.71
BBTC,EQ,29-May-2012,537.4,540.05,584.7,540.05,563.0,563.75,570.25,53812,30686474.75,2825.0,12563.0,23.35
BBTC,EQ,28-May-2012,515.25,520.0,544.95,508.0,542.0,537.4,531.01,7022,3728759.3,390.0,2769.0,39.43
BBTC,EQ,25-May-2012,522.05,515.05,523.75,511.1,511.25,515.25,517.08,2474,1279256.2,177.0,1552.0,62.73
BBTC,EQ,24-May-2012,510.4,515.0,528.0,514.0,523.0,522.05,522.2,8836,4614201.05,259.0,4225.0,47.82
BBTC,EQ,23-May-2012,514.1,523.9,523.9,504.0,520.0,510.4,509.85,3727,1900219.7,120.0,3216.0,86.29
BBTC,EQ,22-May-2012,527.35,525.05,533.0,508.0,517.0,514.1,520.66,2382,1240213.75,180.0,1390.0,58.35
BBTC,EQ,21-May-2012,514.9,528.95,534.05,510.0,525.0,527.35,524.97,3515,1845277.4,290.0,1412.0,40.17
BBTC,EQ,18-May-2012,493.55,477.1,517.95,477.0,517.0,514.9,506.25,3471,1757196.95,331.0,903.0,26.02
BBTC,EQ,17-May-2012,486.15,485.1,498.9,482.5,498.9,493.55,489.84,4249,2081309.75,315.0,2028.0,47.73
BBTC,EQ,16-May-2012,504.05,496.2,508.95,472.35,487.85,486.15,488.35,7119,3476591.8,565.0,3538.0,49.7
BBTC,EQ,15-May-2012,498.9,504.0,511.0,487.0,511.0,504.05,501.15,13686,6858759.65,556.0,6744.0,49.28
BBTC,EQ,14-May-2012,531.55,531.5,537.9,495.3,496.55,498.9,510.95,13912,7108325.0,876.0,8192.0,58.88
BBTC,EQ,11-May-2012,542.95,538.0,550.3,527.3,533.95,531.55,537.8,3795,2040932.75,291.0,1802.0,47.48
BBTC,EQ,10-May-2012,553.9,565.0,565.0,540.0,542.0,542.95,550.43,2369,1303957.0,211.0,780.0,32.93
BBTC,EQ,09-May-2012,547.15,540.55,559.95,540.5,559.95,553.9,550.13,2844,1564581.6,201.0,1516.0,53.31
BBTC,EQ,08-May-2012,548.6,548.6,575.0,544.0,545.0,547.15,557.58,5718,3188268.95,679.0,2127.0,37.2
BBTC,EQ,07-May-2012,556.4,543.35,553.0,535.0,547.1,548.6,543.72,5516,2999141.0,399.0,2574.0,46.66
BBTC,EQ,04-May-2012,572.3,568.0,583.0,546.0,553.35,556.4,559.73,4482,2508693.5,286.0,2961.0,66.06
BBTC,EQ,03-May-2012,583.4,563.15,589.0,563.15,567.2,572.3,573.62,4728,2712071.35,169.0,3545.0,74.98
BBTC,EQ,02-May-2012,577.8,580.05,590.0,565.0,586.0,583.4,583.33,2751,1604729.5,156.0,1688.0,61.36
BBTC,EQ,30-Apr-2012,584.6,575.05,584.5,571.0,580.0,577.8,575.77,11032,6351858.0,558.0,6792.0,61.57
BBTC,EQ,28-Apr-2012,576.2,580.0,587.0,580.0,585.0,584.6,583.34,1234,719842.05,57.0,633.0,51.3
BBTC,EQ,27-Apr-2012,565.25,570.0,585.0,564.1,580.0,576.2,574.84,17295,9941819.25,724.0,11092.0,64.13
BBTC,EQ,26-Apr-2012,582.95,585.0,588.9,561.5,563.2,565.25,570.09,13901,7924807.95,528.0,8522.0,61.3
BBTC,EQ,25-Apr-2012,590.05,595.0,598.8,570.0,584.5,582.95,583.44,9021,5263214.95,461.0,4143.0,45.93
BBTC,EQ,24-Apr-2012,584.9,582.3,605.0,582.25,595.3,590.05,593.0,11982,7105329.9,579.0,4686.0,39.11
BBTC,EQ,23-Apr-2012,604.95,608.0,615.05,580.0,580.0,584.9,595.08,11038,6568543.2,625.0,5002.0,45.32
BBTC,EQ,20-Apr-2012,595.0,592.05,631.95,592.0,603.0,604.95,615.31,57992,35682993.95,2636.0,15540.0,26.8
BBTC,EQ,19-Apr-2012,603.4,601.0,613.85,590.25,595.5,595.0,603.7,21782,13149839.9,1699.0,6155.0,28.26
BBTC,EQ,18-Apr-2012,579.65,589.0,621.0,580.1,603.2,603.4,605.67,60809,36830385.15,4832.0,16305.0,26.81
BBTC,EQ,17-Apr-2012,581.15,585.0,594.3,576.6,580.0,579.65,584.17,15073,8805260.35,897.0,6269.0,41.59
BBTC,EQ,16-Apr-2012,546.55,557.4,591.8,540.35,586.25,581.15,574.59,25692,14762239.8,1695.0,10198.0,39.69
BBTC,EQ,13-Apr-2012,556.6,560.0,574.95,540.0,544.1,546.55,560.21,10611,5944348.75,711.0,3059.0,28.83
BBTC,EQ,12-Apr-2012,544.25,548.0,565.0,543.35,557.25,556.6,556.94,7924,4413196.95,510.0,2634.0,33.24
BBTC,EQ,11-Apr-2012,550.85,544.0,554.75,536.0,542.7,544.25,546.58,6821,3728205.0,376.0,2588.0,37.94
BBTC,EQ,10-Apr-2012,546.2,549.95,559.75,544.0,551.95,550.85,549.03,5382,2954894.45,525.0,1696.0,31.51
BBTC,EQ,09-Apr-2012,561.25,561.25,564.9,540.15,549.95,546.2,551.34,16553,9126254.8,953.0,9002.0,54.38
BBTC,EQ,04-Apr-2012,577.25,575.05,583.8,556.6,559.0,561.25,567.52,13947,7915246.55,772.0,7915.0,56.75
BBTC,EQ,03-Apr-2012,584.75,592.4,598.85,575.0,577.0,577.25,588.32,17027,10017307.55,811.0,7655.0,44.96
BBTC,EQ,02-Apr-2012,589.75,590.0,599.95,578.35,586.0,584.75,588.92,16997,10009860.55,1260.0,3485.0,20.5
BBTC,EQ,30-Mar-2012,549.0,555.0,607.7,555.0,586.45,589.75,588.64,74761,44007130.4,4467.0,17581.0,23.52
BBTC,EQ,29-Mar-2012,546.6,544.0,566.95,540.2,549.9,549.0,553.8,11009,6096731.4,583.0,4859.0,44.14
BBTC,EQ,28-Mar-2012,554.7,555.1,557.5,542.05,542.05,546.6,548.25,14615,8012639.35,603.0,8624.0,59.01
BBTC,EQ,27-Mar-2012,562.1,569.95,569.95,548.0,555.0,554.7,555.36,8851,4915492.2,551.0,4706.0,53.17
BBTC,EQ,26-Mar-2012,564.65,571.0,573.0,560.0,560.0,562.1,568.91,23636,13446653.6,1121.0,15423.0,65.25
BBTC,EQ,23-Mar-2012,546.7,546.1,569.8,546.1,567.0,564.65,563.31,11808,6651597.6,1138.0,5340.0,45.22
BBTC,EQ,22-Mar-2012,572.7,575.05,578.4,542.0,550.0,546.7,563.5,23662,13333480.05,1628.0,7395.0,31.25
BBTC,EQ,21-Mar-2012,550.85,544.05,575.0,544.05,572.0,572.7,568.56,58497,33258978.35,2015.0,34183.0,58.44
BBTC,EQ,20-Mar-2012,549.7,555.0,561.2,533.15,551.0,550.85,548.66,12108,6643166.9,747.0,4840.0,39.97
BBTC,EQ,19-Mar-2012,550.4,558.0,560.0,535.15,551.95,549.7,551.02,18108,9977937.45,667.0,10919.0,60.3
BBTC,EQ,16-Mar-2012,553.1,553.85,559.25,550.0,553.0,550.4,551.71,17641,9732736.6,814.0,10324.0,58.52
BBTC,EQ,15-Mar-2012,548.3,540.05,567.95,535.25,553.9,553.1,552.66,32782,18117435.2,1841.0,9962.0,30.39
BBTC,EQ,14-Mar-2012,563.55,570.0,573.85,545.05,549.9,548.3,558.32,24851,13874915.9,1288.0,10880.0,43.78
BBTC,EQ,13-Mar-2012,525.35,546.95,578.0,520.0,565.0,563.55,559.23,140601,78628918.75,6899.0,33171.0,23.59
BBTC,EQ,12-Mar-2012,499.5,501.0,545.7,501.0,526.0,525.35,528.53,87149,46060658.15,5054.0,26067.0,29.91
BBTC,EQ,09-Mar-2012,499.8,500.15,510.2,493.0,496.0,499.5,503.54,18038,9082863.9,711.0,9866.0,54.7
BBTC,EQ,07-Mar-2012,507.65,508.0,526.2,495.0,500.0,499.8,510.72,42072,21486914.75,2602.0,12851.0,30.55
BBTC,EQ,06-Mar-2012,504.85,501.35,527.0,501.35,510.0,507.65,516.39,38138,19694119.0,1478.0,20360.0,53.39
BBTC,EQ,05-Mar-2012,545.0,546.0,547.95,501.6,505.0,504.85,518.98,122035,63333573.95,5943.0,34446.0,28.23
BBTC,EQ,03-Mar-2012,508.45,509.7,552.9,505.0,545.0,545.0,541.33,84933,45977066.1,3545.0,17936.0,21.12
BBTC,EQ,02-Mar-2012,541.05,541.2,551.0,501.25,505.0,508.45,523.44,92855,48604071.0,4805.0,34173.0,36.8
BBTC,EQ,01-Mar-2012,536.6,547.7,572.0,512.65,542.0,541.05,549.04,442754,243088013.55,25049.0,57535.0,12.99
BBTC,EQ,29-Feb-2012,447.2,453.0,536.6,453.0,536.6,536.6,522.63,433802,226716044.5,17203.0,99920.0,23.03
BBTC,EQ,28-Feb-2012,437.3,445.0,450.0,432.0,446.95,447.2,444.45,7111,3160480.55,272.0,3562.0,50.09
BBTC,EQ,27-Feb-2012,455.65,452.85,462.7,431.35,441.95,437.3,442.3,5745,2541013.8,326.0,4013.0,69.85
BBTC,EQ,24-Feb-2012,459.75,455.0,472.0,453.0,455.5,455.65,463.51,21931,10165144.65,925.0,9991.0,45.56
BBTC,EQ,23-Feb-2012,453.55,462.0,465.95,445.25,460.0,459.75,454.83,8934,4063484.1,314.0,6084.0,68.1
BBTC,EQ,22-Feb-2012,464.1,466.6,482.0,447.1,451.0,453.55,468.68,41543,19470577.95,1325.0,21426.0,51.58
BBTC,EQ,21-Feb-2012,432.35,435.0,471.5,426.25,464.0,464.1,450.73,61695,27807825.95,1837.0,27034.0,43.82
BBTC,EQ,17-Feb-2012,449.45,455.0,455.0,430.6,431.0,432.35,438.5,11349,4976566.35,384.0,8980.0,79.13
BBTC,EQ,16-Feb-2012,425.75,435.0,459.0,417.1,439.0,449.45,443.7,35016,15536687.85,923.0,15961.0,45.58
BBTC,EQ,15-Feb-2012,431.85,437.0,443.4,423.0,427.65,425.75,432.13,7209,3115241.8,300.0,4700.0,65.2
BBTC,EQ,14-Feb-2012,434.2,457.85,463.45,430.05,434.0,431.85,441.51,12414,5480935.15,294.0,7206.0,58.05
BBTC,EQ,13-Feb-2012,429.45,426.0,441.0,426.0,435.0,434.2,434.74,5970,2595411.3,196.0,3410.0,57.12
BBTC,EQ,10-Feb-2012,446.45,449.0,454.0,424.2,429.0,429.45,437.86,6827,2989296.25,230.0,2054.0,30.09
BBTC,EQ,09-Feb-2012,442.75,449.95,463.8,445.0,445.8,446.45,451.45,2917,1316866.35,211.0,1420.0,48.68
BBTC,EQ,08-Feb-2012,434.3,433.0,450.0,433.0,444.0,442.75,442.97,7337,3250047.2,329.0,3783.0,51.56
BBTC,EQ,07-Feb-2012,444.1,453.35,467.7,431.0,432.2,434.3,447.98,23875,10695484.65,1252.0,7952.0,33.31
BBTC,EQ,06-Feb-2012,406.6,425.0,461.0,407.05,445.0,444.1,439.08,39223,17222215.15,2018.0,16653.0,42.46
BBTC,EQ,03-Feb-2012,393.9,404.65,410.0,393.3,408.9,406.6,402.74,2533,1020142.8,150.0,1438.0,56.77
BBTC,EQ,02-Feb-2012,395.55,405.0,405.0,392.4,394.0,393.9,397.04,4156,1650090.7,135.0,3103.0,74.66
BBTC,EQ,01-Feb-2012,395.8,413.95,413.95,389.0,397.45,395.55,393.57,4206,1655374.2,220.0,1638.0,38.94
BBTC,EQ,31-Jan-2012,392.05,396.0,404.35,389.5,396.95,395.8,394.33,1331,524855.7,59.0,569.0,42.75
BBTC,EQ,30-Jan-2012,400.95,406.0,406.0,390.05,390.1,392.05,396.14,1978,783567.75,55.0,503.0,25.43
BBTC,EQ,27-Jan-2012,397.4,407.25,407.25,395.2,403.0,400.95,401.91,677,272089.95,53.0,449.0,66.32
BBTC,EQ,25-Jan-2012,398.8,404.5,405.0,394.0,394.0,397.4,398.19,1212,482606.9,70.0,583.0,48.1
BBTC,EQ,24-Jan-2012,397.9,391.0,410.0,391.0,400.85,398.8,401.48,5215,2093723.6,150.0,1691.0,32.43
BBTC,EQ,23-Jan-2012,400.05,415.0,415.0,391.25,396.05,397.9,398.21,1717,683733.6,46.0,786.0,45.78
BBTC,EQ,20-Jan-2012,400.45,408.7,413.8,397.0,400.0,400.05,403.62,4590,1852624.3,283.0,2346.0,51.11
BBTC,EQ,19-Jan-2012,396.0,409.5,409.95,392.5,402.9,400.45,402.4,5504,2214784.15,295.0,1783.0,32.39
BBTC,EQ,18-Jan-2012,388.15,390.0,404.0,382.1,397.0,396.0,393.46,7174,2822698.3,322.0,3427.0,47.77
BBTC,EQ,17-Jan-2012,390.6,386.0,393.85,382.0,385.5,388.15,388.02,2745,1065115.6,128.0,1140.0,41.53
BBTC,EQ,16-Jan-2012,390.3,399.0,399.0,381.8,388.0,390.6,390.84,1518,593289.2,42.0,452.0,29.78
BBTC,EQ,13-Jan-2012,374.0,372.25,395.95,372.25,391.9,390.3,389.83,4921,1918368.85,242.0,1243.0,25.26
BBTC,EQ,12-Jan-2012,380.6,380.4,383.75,370.0,375.0,374.0,375.21,2033,762797.95,93.0,1305.0,64.19
BBTC,EQ,11-Jan-2012,389.4,390.0,395.0,379.0,379.0,380.6,386.27,1914,739312.6,94.0,1220.0,63.74
BBTC,EQ,10-Jan-2012,382.45,375.0,399.0,375.0,388.0,389.4,393.15,3479,1367758.2,174.0,1810.0,52.03
BBTC,EQ,09-Jan-2012,356.15,378.75,385.0,358.0,384.95,382.45,377.41,5800,2188987.65,185.0,3935.0,67.84
BBTC,EQ,07-Jan-2012,363.8,356.15,356.15,356.15,356.15,356.15,356.15,1,356.15,1.0,1.0,100.0
BBTC,EQ,06-Jan-2012,356.4,366.95,370.0,355.0,362.25,363.8,366.01,1623,594032.3,119.0,1091.0,67.22
BBTC,EQ,05-Jan-2012,358.0,360.0,370.0,356.3,356.3,356.4,360.51,799,288044.4,61.0,510.0,63.83
BBTC,EQ,04-Jan-2012,359.8,359.8,360.0,355.5,359.5,358.0,358.01,354,126734.2,20.0,321.0,90.68
BBTC,EQ,03-Jan-2012,354.55,350.05,365.0,350.05,356.55,359.8,359.26,813,292077.05,80.0,487.0,59.9
BBTC,EQ,02-Jan-2012,340.6,358.9,358.9,345.1,354.8,354.55,350.59,550,192826.8,35.0,227.0,41.27
BBTC,EQ,30-Dec-2013,115.8,116.85,121.4,116.0,118.0,117.75,119.13,149985,17867477.2,2627.0,54360.0,36.24
BBTC,EQ,27-Dec-2013,114.65,114.05,118.05,113.35,115.85,115.8,115.75,56437,6532483.25,1181.0,22803.0,40.4
BBTC,EQ,26-Dec-2013,115.7,116.65,118.35,114.1,114.75,114.65,116.07,40481,4698663.7,714.0,22987.0,56.78
BBTC,EQ,24-Dec-2013,112.75,112.25,119.35,111.4,116.0,115.7,116.94,110772,12953899.5,2093.0,33304.0,30.07
BBTC,EQ,23-Dec-2013,114.45,116.6,116.6,111.65,112.15,112.75,113.78,41813,4757642.75,603.0,32614.0,78.0
BBTC,EQ,20-Dec-2013,109.55,110.05,115.2,108.6,114.85,114.45,112.81,103893,11720516.8,1874.0,43059.0,41.45
BBTC,EQ,19-Dec-2013,110.4,111.45,111.45,109.1,109.85,109.55,110.17,8900,980517.3,197.0,5209.0,58.53
BBTC,EQ,18-Dec-2013,110.55,111.05,112.0,110.0,110.0,110.4,110.72,29196,3232512.4,543.0,14813.0,50.74
BBTC,EQ,17-Dec-2013,110.75,111.85,112.25,108.85,110.9,110.55,110.62,17060,1887095.65,451.0,10972.0,64.31
BBTC,EQ,16-Dec-2013,111.25,112.0,113.0,110.0,110.7,110.75,111.33,9949,1107598.85,338.0,6166.0,61.98
BBTC,EQ,13-Dec-2013,113.75,114.0,115.7,110.55,111.4,111.25,112.39,19983,2245836.95,608.0,14100.0,70.56
BBTC,EQ,12-Dec-2013,112.3,112.0,120.25,111.25,114.0,113.75,116.4,76390,8891937.65,1939.0,18430.0,24.13
BBTC,EQ,11-Dec-2013,113.4,112.3,113.5,111.5,112.05,112.3,112.49,12349,1389157.1,297.0,8757.0,70.91
BBTC,EQ,10-Dec-2013,113.65,113.15,114.5,112.8,113.0,113.4,113.56,13585,1542703.95,356.0,7994.0,58.84
BBTC,EQ,09-Dec-2013,114.95,116.25,117.7,112.2,113.35,113.65,114.15,15633,1784477.2,527.0,10530.0,67.36
BBTC,EQ,06-Dec-2013,114.3,115.4,117.0,113.45,115.5,114.95,115.2,26903,3099280.55,675.0,16599.0,61.7
BBTC,EQ,05-Dec-2013,117.55,119.65,121.85,113.7,114.7,114.3,116.72,34837,4066341.9,851.0,22794.0,65.43
BBTC,EQ,04-Dec-2013,121.4,121.4,121.9,116.6,117.5,117.55,118.91,29179,3469710.2,821.0,15036.0,51.53
BBTC,EQ,03-Dec-2013,122.0,122.0,124.8,121.0,121.9,121.4,122.59,34795,4265525.8,653.0,15179.0,43.62
BBTC,EQ,02-Dec-2013,120.8,121.85,126.3,120.2,122.55,122.0,123.47,76522,9448156.15,1488.0,32523.0,42.5
BBTC,EQ,29-Nov-2013,123.95,123.9,123.9,119.5,120.45,120.8,121.34,71494,8674830.7,1212.0,34559.0,48.34
BBTC,EQ,28-Nov-2013,118.85,123.4,129.9,122.1,123.35,123.95,126.17,703051,88704494.25,11265.0,133345.0,18.97
BBTC,EQ,27-Nov-2013,112.85,113.7,120.0,110.8,119.35,118.85,116.94,71704,8385409.1,990.0,30103.0,41.98
BBTC,EQ,26-Nov-2013,116.3,116.0,119.1,112.3,112.4,112.85,115.34,45780,5280364.95,1122.0,21914.0,47.87
BBTC,EQ,25-Nov-2013,116.9,117.9,119.5,116.0,116.7,116.3,117.75,16466,1938871.2,403.0,8683.0,52.73
BBTC,EQ,22-Nov-2013,116.35,117.45,120.5,116.1,117.0,116.9,118.6,45394,5383558.85,1160.0,22836.0,50.31
BBTC,EQ,21-Nov-2013,114.8,116.45,122.0,113.0,117.0,116.35,117.53,71783,8436614.2,1443.0,18197.0,25.35
BBTC,EQ,20-Nov-2013,112.6,113.8,119.5,113.6,114.9,114.8,117.28,66566,7806935.9,1462.0,20046.0,30.11
BBTC,EQ,19-Nov-2013,112.9,112.3,113.8,111.6,112.65,112.6,112.61,8132,915716.35,338.0,3946.0,48.52
BBTC,EQ,18-Nov-2013,112.4,113.75,115.65,112.35,112.8,112.9,113.5,12371,1404122.35,483.0,6352.0,51.35
BBTC,EQ,14-Nov-2013,110.65,112.0,115.5,111.2,112.5,112.4,112.95,12702,1434743.0,490.0,4813.0,37.89
BBTC,EQ,13-Nov-2013,113.6,113.95,116.85,109.5,110.55,110.65,111.72,16394,1831520.35,545.0,9634.0,58.77
BBTC,EQ,12-Nov-2013,113.9,114.9,118.8,112.6,113.85,113.6,116.03,23345,2708811.7,566.0,16671.0,71.41
BBTC,EQ,11-Nov-2013,114.8,115.0,117.8,113.5,114.0,113.9,116.06,26690,3097604.9,754.0,14225.0,53.3
BBTC,EQ,08-Nov-2013,115.65,116.0,121.4,112.5,115.95,114.8,115.55,33464,3866792.4,379.0,23545.0,70.36
BBTC,EQ,07-Nov-2013,120.15,120.85,120.9,115.5,115.65,115.65,117.76,15566,1833077.8,609.0,8160.0,52.42
BBTC,EQ,06-Nov-2013,117.65,117.0,123.0,115.6,120.0,120.15,120.14,53774,6460398.1,1266.0,22781.0,42.36
BBTC,EQ,05-Nov-2013,119.2,118.25,118.9,114.75,117.9,117.65,116.76,11374,1328066.85,329.0,9374.0,82.42
BBTC,EQ,03-Nov-2013,118.7,119.6,121.65,118.6,119.5,119.2,119.93,17190,2061577.55,244.0,12384.0,72.04
BBTC,EQ,01-Nov-2013,113.95,113.15,120.85,113.15,119.0,118.7,118.25,53183,6288794.2,1025.0,28610.0,53.8
BBTC,EQ,31-Oct-2013,114.35,114.35,115.8,112.0,113.55,113.95,113.69,27510,3127617.15,514.0,17618.0,64.04
BBTC,EQ,30-Oct-2013,116.15,115.5,117.5,113.65,114.3,114.35,115.17,16473,1897156.9,441.0,9227.0,56.01
BBTC,EQ,29-Oct-2013,112.75,112.05,118.7,108.1,116.55,116.15,113.74,34408,3913520.3,1158.0,16054.0,46.66
BBTC,EQ,28-Oct-2013,118.6,118.15,119.5,111.6,112.5,112.75,114.38,31848,3642726.45,1137.0,16729.0,52.53
BBTC,EQ,25-Oct-2013,124.8,124.1,124.1,118.0,118.0,118.6,120.55,45310,5462069.05,1151.0,24902.0,54.96
BBTC,EQ,24-Oct-2013,119.9,123.9,126.9,122.5,124.3,124.8,124.94,406871,50833961.15,5967.0,131590.0,32.34
BBTC,EQ,23-Oct-2013,110.1,111.0,123.75,108.6,120.5,119.9,118.27,279858,33098977.0,3820.0,124023.0,44.32
BBTC,EQ,22-Oct-2013,103.85,105.0,115.35,103.8,111.0,110.1,110.14,98060,10800549.35,2010.0,28246.0,28.8
BBTC,EQ,21-Oct-2013,103.0,104.0,105.5,103.0,104.05,103.85,104.38,10749,1121944.8,190.0,7102.0,66.07
BBTC,EQ,18-Oct-2013,102.45,103.7,103.7,102.4,103.0,103.0,102.95,15945,1641512.55,178.0,11940.0,74.88
BBTC,EQ,17-Oct-2013,102.35,102.0,105.0,102.0,102.35,102.45,102.97,13886,1429851.65,267.0,6538.0,47.08
BBTC,EQ,15-Oct-2013,104.7,105.65,105.65,101.0,102.75,102.35,103.02,6678,687983.65,236.0,5553.0,83.15
BBTC,EQ,14-Oct-2013,106.0,105.25,107.35,104.0,104.8,104.7,105.42,26528,2796502.55,300.0,20351.0,76.72
BBTC,EQ,11-Oct-2013,105.3,106.0,107.0,104.75,105.25,106.0,106.04,33225,3523285.75,271.0,29558.0,88.96
BBTC,EQ,10-Oct-2013,106.8,107.4,108.0,104.75,106.0,105.3,105.78,9513,1006300.1,207.0,5907.0,62.09
BBTC,EQ,09-Oct-2013,104.35,104.0,107.8,102.0,107.0,106.8,105.97,20069,2126765.45,413.0,11712.0,58.36
BBTC,EQ,08-Oct-2013,105.95,105.45,108.7,103.0,104.2,104.35,105.33,39888,4201536.5,966.0,16673.0,41.8
BBTC,EQ,07-Oct-2013,100.25,106.0,111.3,103.7,105.75,105.95,107.47,257085,27629360.1,5925.0,45877.0,17.85
BBTC,EQ,04-Oct-2013,98.55,100.4,102.65,99.1,100.0,100.25,100.89,14495,1462350.2,483.0,6661.0,45.95
BBTC,EQ,03-Oct-2013,96.2,97.3,100.9,96.3,98.65,98.55,98.74,10646,1051178.5,358.0,5148.0,48.36
BBTC,EQ,01-Oct-2013,94.9,96.0,97.0,95.6,96.05,96.2,96.38,7831,754733.65,162.0,2674.0,34.15
BBTC,EQ,30-Sep-2013,99.15,99.1,99.65,94.6,95.6,94.9,95.25,55462,5282571.15,471.0,46479.0,83.8
BBTC,EQ,27-Sep-2013,99.05,101.0,101.3,98.5,98.6,99.15,99.9,10857,1084643.5,327.0,6870.0,63.28
BBTC,EQ,26-Sep-2013,97.55,100.0,101.0,97.55,99.9,99.05,98.97,20258,2005021.25,540.0,9464.0,46.72
BBTC,EQ,25-Sep-2013,95.0,93.3,98.9,93.3,98.9,97.55,96.16,5692,547322.05,180.0,4581.0,80.48
BBTC,EQ,24-Sep-2013,96.1,94.7,96.6,94.7,95.0,95.0,95.37,3045,290388.3,103.0,2241.0,73.6
BBTC,EQ,23-Sep-2013,97.05,96.2,98.0,93.0,97.05,96.1,95.92,16942,1625090.2,526.0,8204.0,48.42
BBTC,EQ,20-Sep-2013,98.35,100.4,101.25,96.5,97.0,97.05,99.29,29927,2971304.3,550.0,11819.0,39.49
BBTC,EQ,19-Sep-2013,95.6,97.4,99.4,95.6,99.4,98.35,97.78,5581,545705.75,151.0,3858.0,69.13
BBTC,EQ,18-Sep-2013,96.25,97.0,97.0,92.0,94.1,95.6,94.95,4055,385020.7,260.0,1843.0,45.45
BBTC,EQ,17-Sep-2013,94.6,94.3,97.0,94.3,95.55,96.25,95.9,2616,250866.8,116.0,1260.0,48.17
BBTC,EQ,16-Sep-2013,100.35,99.3,102.0,93.6,94.2,94.6,97.54,13870,1352903.0,582.0,7732.0,55.75
BBTC,EQ,13-Sep-2013,95.6,95.7,102.05,95.0,99.25,100.35,100.14,18377,1840349.45,501.0,9162.0,49.86
BBTC,EQ,12-Sep-2013,96.8,96.0,97.5,92.7,95.0,95.6,96.17,14625,1406518.55,264.0,11722.0,80.15
BBTC,EQ,11-Sep-2013,91.25,91.75,98.45,89.15,97.5,96.8,94.01,26216,2464688.75,913.0,11998.0,45.77
BBTC,EQ,10-Sep-2013,90.5,89.7,93.45,89.7,91.0,91.25,91.16,22414,2043367.55,314.0,19231.0,85.8
BBTC,EQ,06-Sep-2013,90.75,92.35,93.05,88.6,92.1,90.5,90.73,55983,5079342.6,613.0,46666.0,83.36
BBTC,EQ,05-Sep-2013,91.6,92.1,92.1,90.25,90.7,90.75,91.21,6493,592212.55,181.0,2791.0,42.98
BBTC,EQ,04-Sep-2013,88.0,88.0,91.9,87.0,91.35,91.6,90.3,4165,376117.75,213.0,2936.0,70.49
BBTC,EQ,03-Sep-2013,90.8,90.0,90.5,88.0,88.2,88.0,88.27,7936,700540.05,184.0,6283.0,79.17
BBTC,EQ,02-Sep-2013,86.65,87.5,91.7,86.5,90.75,90.8,89.82,14530,1305023.55,378.0,10675.0,73.47
BBTC,EQ,30-Aug-2013,85.6,85.35,87.9,82.3,87.0,86.65,86.39,4653,401971.85,224.0,2504.0,53.81
BBTC,EQ,29-Aug-2013,84.9,85.0,87.75,84.9,85.5,85.6,85.76,10674,915422.05,401.0,6335.0,59.35
BBTC,EQ,28-Aug-2013,90.75,89.7,90.8,82.9,85.15,84.9,85.11,21134,1798788.0,486.0,15012.0,71.03
BBTC,EQ,27-Aug-2013,94.6,93.7,94.0,90.5,90.5,90.75,91.2,4494,409832.8,128.0,3999.0,88.99
BBTC,EQ,26-Aug-2013,96.6,96.0,97.7,94.0,94.15,94.6,95.81,3658,350465.9,192.0,1724.0,47.13
BBTC,EQ,23-Aug-2013,94.25,97.9,97.9,95.25,95.85,96.6,96.27,14892,1433699.65,358.0,5187.0,34.83
BBTC,EQ,22-Aug-2013,90.35,89.2,96.0,85.6,95.6,94.25,93.7,18858,1767072.05,553.0,9703.0,51.45
BBTC,EQ,21-Aug-2013,91.6,90.3,94.55,89.15,90.15,90.35,93.06,8524,793264.55,313.0,1795.0,21.06
BBTC,EQ,20-Aug-2013,90.8,90.0,93.5,87.7,92.0,91.6,91.34,7711,704345.05,251.0,4892.0,63.44
BBTC,EQ,19-Aug-2013,95.2,94.5,95.85,90.0,91.0,90.8,91.43,11643,1064570.9,405.0,7931.0,68.12
BBTC,EQ,16-Aug-2013,101.3,100.0,102.7,94.0,94.0,95.2,97.91,15309,1498878.2,653.0,7666.0,50.08
BBTC,EQ,14-Aug-2013,98.2,96.6,103.5,96.6,100.5,101.3,101.31,42600,4315766.4,926.0,15873.0,37.26
BBTC,EQ,13-Aug-2013,97.45,96.0,99.3,95.5,97.6,98.2,97.52,14303,1394891.5,432.0,7505.0,52.47
BBTC,EQ,12-Aug-2013,88.1,89.95,102.0,88.2,95.0,97.45,95.5,64795,6187691.2,2076.0,14453.0,22.31
BBTC,EQ,08-Aug-2013,87.9,86.05,92.8,86.05,88.0,88.1,89.23,21333,1903439.25,796.0,9404.0,44.08
BBTC,EQ,07-Aug-2013,86.95,86.3,88.95,86.05,88.0,87.9,86.79,23275,2020098.9,413.0,17499.0,75.18
BBTC,EQ,06-Aug-2013,90.0,91.95,91.95,86.0,87.0,86.95,89.04,34901,3107424.6,723.0,14320.0,41.03
BBTC,EQ,05-Aug-2013,90.45,90.0,91.8,87.25,90.5,90.0,90.01,37262,3354113.0,538.0,29132.0,78.18
BBTC,EQ,02-Aug-2013,89.65,88.5,91.95,85.5,90.8,90.45,89.68,20091,1801727.4,864.0,13611.0,67.75
BBTC,EQ,01-Aug-2013,91.85,93.65,98.45,83.65,90.0,89.65,91.01,36166,3291406.45,1435.0,15300.0,42.3
BBTC,EQ,31-Jul-2013,94.6,94.0,95.8,86.0,95.8,91.85,91.23,50987,4651546.95,1165.0,33003.0,64.73
BBTC,EQ,30-Jul-2013,100.3,99.5,99.5,93.85,97.0,94.6,96.57,12321,1189827.3,440.0,10222.0,82.96
BBTC,EQ,29-Jul-2013,100.15,100.0,100.95,97.6,99.1,100.3,99.58,4710,469004.0,155.0,3554.0,75.46
BBTC,EQ,26-Jul-2013,102.6,102.5,103.8,95.7,100.45,100.15,99.27,16093,1597620.4,767.0,9558.0,59.39
BBTC,EQ,25-Jul-2013,104.45,102.6,103.5,101.0,102.75,102.6,102.23,5621,574613.3,245.0,2939.0,52.29
BBTC,EQ,24-Jul-2013,116.3,115.0,115.0,102.25,106.05,104.45,105.84,50780,5374657.35,1435.0,31886.0,62.79
BBTC,EQ,23-Jul-2013,115.2,115.0,117.5,111.2,117.0,116.3,114.34,9549,1091835.0,407.0,5207.0,54.53
BBTC,EQ,22-Jul-2013,113.1,115.0,117.0,113.0,116.5,115.2,114.9,4545,522214.7,142.0,1560.0,34.32
BBTC,EQ,19-Jul-2013,113.7,114.5,115.6,109.4,115.5,113.1,112.27,15094,1694582.65,386.0,11176.0,74.04
BBTC,EQ,18-Jul-2013,112.75,113.65,117.0,111.05,113.9,113.7,113.83,5999,682863.95,244.0,3940.0,65.68
BBTC,EQ,17-Jul-2013,109.65,110.45,116.4,108.1,114.0,112.75,113.29,27218,3083644.15,1049.0,13189.0,48.46
BBTC,EQ,16-Jul-2013,108.15,107.0,110.2,105.0,110.05,109.65,108.1,22455,2427412.9,541.0,18730.0,83.41
BBTC,EQ,15-Jul-2013,106.4,106.0,108.3,103.6,108.3,108.15,106.74,4897,522699.2,158.0,4153.0,84.81
BBTC,EQ,12-Jul-2013,107.7,107.5,107.5,105.65,106.4,106.4,106.84,3446,368159.95,105.0,2806.0,81.43
BBTC,EQ,11-Jul-2013,106.85,106.7,108.5,106.6,107.55,107.7,107.42,5171,555493.5,107.0,4206.0,81.34
BBTC,EQ,10-Jul-2013,106.75,106.7,108.0,104.8,107.0,106.85,106.75,21320,2276015.25,286.0,17465.0,81.92
BBTC,EQ,09-Jul-2013,104.7,105.5,106.8,104.7,106.8,106.75,106.03,3068,325291.55,441.0,2269.0,73.96
BBTC,EQ,08-Jul-2013,106.75,106.0,106.2,104.15,104.7,104.7,105.02,5355,562408.8,139.0,3717.0,69.41
BBTC,EQ,05-Jul-2013,107.2,107.1,108.3,106.2,106.55,106.75,107.65,9791,1054014.05,245.0,6473.0,66.11
BBTC,EQ,04-Jul-2013,107.55,109.0,109.0,106.8,107.0,107.2,107.31,6069,651251.95,197.0,2930.0,48.28
BBTC,EQ,03-Jul-2013,108.1,108.9,110.4,106.8,108.25,107.55,108.06,18849,2036746.8,550.0,6030.0,31.99
BBTC,EQ,02-Jul-2013,108.8,108.95,109.7,107.5,107.95,108.1,108.33,7554,818314.7,167.0,5414.0,71.67
BBTC,EQ,01-Jul-2013,106.25,107.4,110.6,105.0,108.5,108.8,107.89,22318,2407990.95,611.0,8147.0,36.5
BBTC,EQ,28-Jun-2013,103.0,103.85,107.45,103.5,107.3,106.25,105.53,10922,1152600.2,359.0,7852.0,71.89
BBTC,EQ,27-Jun-2013,101.9,103.0,105.55,100.2,103.0,103.0,102.62,16322,1674912.85,313.0,9999.0,61.26
BBTC,EQ,26-Jun-2013,103.95,103.5,103.75,100.65,102.0,101.9,101.87,17295,1761892.35,627.0,8921.0,51.58
BBTC,EQ,25-Jun-2013,104.55,106.5,107.9,103.2,103.3,103.95,105.51,10758,1135078.6,290.0,8545.0,79.43
BBTC,EQ,24-Jun-2013,108.85,108.9,111.0,101.6,107.0,104.55,104.6,15543,1625783.05,628.0,10521.0,67.69
BBTC,EQ,21-Jun-2013,109.35,110.0,111.9,107.3,109.0,108.85,109.54,19629,2150217.05,492.0,15051.0,76.68
BBTC,EQ,20-Jun-2013,112.4,111.8,112.0,109.0,110.3,109.35,110.11,12458,1371750.85,229.0,10789.0,86.6
BBTC,EQ,19-Jun-2013,113.3,115.0,115.0,111.1,112.55,112.4,112.84,5584,630075.1,253.0,3177.0,56.89
BBTC,EQ,18-Jun-2013,117.05,117.95,117.95,112.3,113.8,113.3,114.58,11993,1374168.8,372.0,9630.0,80.3
BBTC,EQ,17-Jun-2013,117.25,116.65,118.0,114.8,117.0,117.05,116.81,3429,400535.85,267.0,2818.0,82.18
BBTC,EQ,14-Jun-2013,116.75,116.0,118.0,115.75,117.5,117.25,116.61,10917,1273034.3,299.0,7961.0,72.92
BBTC,EQ,13-Jun-2013,119.0,118.5,119.0,113.6,114.95,116.75,117.13,10671,1249859.2,185.0,9724.0,91.13
BBTC,EQ,12-Jun-2013,121.75,125.7,125.7,118.4,118.5,119.0,119.33,21700,2589387.4,435.0,16465.0,75.88
BBTC,EQ,11-Jun-2013,121.8,120.6,124.0,118.0,122.5,121.75,120.59,19338,2331913.7,529.0,11174.0,57.78
BBTC,EQ,10-Jun-2013,121.95,120.55,123.45,120.55,122.0,121.8,122.49,2637,323013.25,229.0,2119.0,80.36
BBTC,EQ,07-Jun-2013,123.5,123.5,125.4,121.4,122.7,121.95,123.63,15051,1860704.9,363.0,11280.0,74.95
BBTC,EQ,06-Jun-2013,121.35,121.0,124.8,120.3,124.05,123.5,122.43,20543,2515030.75,647.0,9654.0,46.99
BBTC,EQ,05-Jun-2013,120.55,120.0,122.0,116.1,122.0,121.35,120.33,11394,1371065.5,417.0,4888.0,42.9
BBTC,EQ,04-Jun-2013,122.9,122.65,124.4,120.1,120.2,120.55,122.02,7197,878203.8,229.0,3684.0,51.19
BBTC,EQ,03-Jun-2013,123.4,122.65,125.7,122.0,122.95,122.9,123.97,7352,911411.7,327.0,4748.0,64.58
BBTC,EQ,31-May-2013,124.55,124.0,125.0,121.3,124.0,123.4,123.41,36065,4450870.0,491.0,30500.0,84.57
BBTC,EQ,30-May-2013,126.35,125.8,126.5,122.0,123.95,124.55,124.12,71107,8825920.85,521.0,54014.0,75.96
BBTC,EQ,29-May-2013,128.8,130.0,131.0,125.75,125.75,126.35,127.69,36867,4707635.05,637.0,26769.0,72.61
BBTC,EQ,28-May-2013,127.35,128.5,130.3,125.65,129.0,128.8,128.35,59251,7604689.95,1182.0,24820.0,41.89
BBTC,EQ,27-May-2013,119.95,120.0,132.0,118.0,127.8,127.35,128.09,101586,13012430.85,2087.0,25244.0,24.85
BBTC,EQ,24-May-2013,119.8,120.85,120.85,116.0,119.25,119.95,119.51,16372,1956540.3,447.0,12331.0,75.32
BBTC,EQ,23-May-2013,122.4,121.0,121.9,116.65,121.0,119.8,119.17,25183,3001151.5,709.0,18418.0,73.14
BBTC,EQ,22-May-2013,123.75,124.0,125.4,122.1,122.4,122.4,123.32,18807,2319272.6,372.0,16610.0,88.32
BBTC,EQ,21-May-2013,124.35,123.1,126.75,123.1,124.0,123.75,124.98,12349,1543363.65,487.0,8525.0,69.03
BBTC,EQ,20-May-2013,123.8,124.8,126.8,123.75,125.0,124.35,125.18,16797,2102654.85,558.0,11625.0,69.21
BBTC,EQ,17-May-2013,124.4,124.4,125.8,122.1,123.55,123.8,124.13,14762,1832349.65,859.0,7873.0,53.33
BBTC,EQ,16-May-2013,124.9,124.5,126.75,123.3,124.45,124.4,124.95,10354,1293732.7,549.0,4995.0,48.24
BBTC,EQ,15-May-2013,124.25,125.0,127.25,124.05,125.0,124.9,125.21,12289,1538654.1,363.0,6360.0,51.75
BBTC,EQ,14-May-2013,125.1,126.35,128.0,123.75,124.6,124.25,125.4,10054,1260782.1,386.0,5536.0,55.06
BBTC,EQ,13-May-2013,127.8,129.0,131.5,124.7,125.1,125.1,129.46,55624,7201020.5,992.0,21137.0,38.0
BBTC,EQ,11-May-2013,130.05,129.6,129.6,127.15,128.0,127.8,128.17,958,122787.8,92.0,514.0,53.65
BBTC,EQ,10-May-2013,127.7,128.3,133.15,127.35,129.3,130.05,129.86,48607,6311893.9,792.0,23552.0,48.45
BBTC,EQ,09-May-2013,126.05,125.5,129.95,124.7,128.8,127.7,128.06,66680,8539183.4,1030.0,32332.0,48.49
BBTC,EQ,08-May-2013,126.6,127.0,128.65,122.1,125.6,126.05,126.45,24755,3130337.15,912.0,14151.0,57.16
BBTC,EQ,07-May-2013,124.55,125.0,131.45,122.0,126.9,126.6,128.71,89351,11500379.6,2342.0,25823.0,28.9
BBTC,EQ,06-May-2013,122.7,123.95,126.0,121.0,124.9,124.55,124.93,44845,5602302.0,657.0,28929.0,64.51
BBTC,EQ,03-May-2013,125.45,124.0,127.0,121.2,122.75,122.7,123.37,11040,1362038.25,349.0,7206.0,65.27
BBTC,EQ,02-May-2013,125.15,124.95,126.5,121.0,126.0,125.45,124.43,28740,3576205.55,978.0,18811.0,65.45
BBTC,EQ,30-Apr-2013,126.0,126.95,127.0,123.65,125.15,125.15,125.21,36043,4512894.15,920.0,14034.0,38.94
BBTC,EQ,29-Apr-2013,123.6,127.45,130.4,125.1,126.8,126.0,126.82,346523,43947533.9,6022.0,86702.0,25.02
BBTC,EQ,26-Apr-2013,115.15,115.5,125.0,113.7,124.35,123.6,121.82,201069,24493801.05,2680.0,97997.0,48.74
BBTC,EQ,25-Apr-2013,116.95,117.95,118.9,114.25,114.55,115.15,116.1,12369,1436100.2,370.0,9155.0,74.02
BBTC,EQ,23-Apr-2013,119.15,118.5,123.85,114.9,116.6,116.95,118.88,29315,3485058.2,1214.0,14610.0,49.84
BBTC,EQ,22-Apr-2013,111.85,111.1,121.95,111.0,121.0,119.15,115.89,61422,7118467.9,1206.0,36957.0,60.17
BBTC,EQ,18-Apr-2013,111.5,111.0,113.0,111.0,111.55,111.85,111.97,12575,1407991.45,292.0,7071.0,56.23
BBTC,EQ,17-Apr-2013,112.0,112.1,114.1,111.2,111.5,111.5,112.17,17273,1937467.45,443.0,7500.0,43.42
BBTC,EQ,16-Apr-2013,110.9,111.25,116.85,111.0,112.4,112.0,113.39,77099,8742304.2,1378.0,20225.0,26.23
BBTC,EQ,15-Apr-2013,110.65,109.6,113.0,109.0,113.0,110.9,110.57,11046,1221337.15,387.0,5681.0,51.43
BBTC,EQ,12-Apr-2013,112.45,110.3,112.05,108.05,110.5,110.65,110.3,6578,725553.3,285.0,4092.0,62.21
BBTC,EQ,11-Apr-2013,113.0,113.0,114.0,111.0,112.15,112.45,112.63,6960,783870.85,182.0,3230.0,46.41
BBTC,EQ,10-Apr-2013,111.3,112.0,115.4,109.0,113.0,113.0,112.6,16705,1880941.6,350.0,11640.0,69.68
BBTC,EQ,09-Apr-2013,113.75,114.0,116.3,110.1,111.5,111.3,113.25,5508,623763.25,256.0,2663.0,48.35
BBTC,EQ,08-Apr-2013,112.85,111.1,115.0,111.1,113.95,113.75,113.48,3187,361666.0,142.0,1426.0,44.74
BBTC,EQ,05-Apr-2013,116.8,116.0,116.0,111.8,112.3,112.85,113.13,11435,1293594.6,442.0,5335.0,46.66
BBTC,EQ,04-Apr-2013,118.85,117.0,118.7,111.7,116.65,116.8,116.12,19657,2282478.75,450.0,14758.0,75.08
BBTC,EQ,03-Apr-2013,120.1,120.85,121.0,115.4,120.0,118.85,118.87,30935,3677317.0,755.0,21323.0,68.93
BBTC,EQ,02-Apr-2013,114.25,115.75,121.7,113.0,120.95,120.1,118.2,33679,3980926.0,991.0,14972.0,44.46
BBTC,EQ,01-Apr-2013,112.95,113.0,115.8,110.65,114.0,114.25,113.61,10776,1224252.5,375.0,5387.0,49.99
BBTC,EQ,28-Mar-2013,109.45,107.0,115.65,106.0,112.0,112.95,110.08,17192,1892549.15,362.0,11591.0,67.42
BBTC,EQ,26-Mar-2013,107.85,108.0,111.9,106.0,109.2,109.45,109.33,21941,2398823.2,646.0,12548.0,57.19
BBTC,EQ,25-Mar-2013,104.0,105.45,109.9,105.05,107.25,107.85,106.88,17312,1850256.95,437.0,11806.0,68.2
BBTC,EQ,22-Mar-2013,105.6,105.1,106.7,103.0,103.75,104.0,104.72,16038,1679503.95,446.0,9811.0,61.17
BBTC,EQ,21-Mar-2013,106.5,108.25,112.0,105.0,105.1,105.6,107.54,57276,6159225.35,651.0,41800.0,72.98
BBTC,EQ,20-Mar-2013,113.3,111.55,114.75,105.15,107.75,106.5,109.17,15289,1669053.4,476.0,9629.0,62.98
BBTC,EQ,19-Mar-2013,117.1,116.4,120.85,111.05,113.25,113.3,116.66,28643,3341620.0,723.0,12083.0,42.18
BBTC,EQ,18-Mar-2013,118.3,117.0,118.7,115.9,117.0,117.1,117.04,8691,1017152.6,292.0,5863.0,67.46
BBTC,EQ,15-Mar-2013,117.95,118.95,119.9,116.4,117.5,118.3,118.61,17971,2131627.15,326.0,13449.0,74.84
BBTC,EQ,14-Mar-2013,116.75,117.0,119.25,114.9,118.05,117.95,117.48,14039,1649299.65,480.0,7376.0,52.54
BBTC,EQ,13-Mar-2013,121.65,120.3,121.5,116.2,116.7,116.75,118.22,9943,1175491.05,388.0,4519.0,45.45
BBTC,EQ,12-Mar-2013,123.05,124.0,127.1,121.1,121.2,121.65,124.42,50651,6301941.15,1206.0,16939.0,33.44
BBTC,EQ,11-Mar-2013,118.75,118.85,124.7,117.05,122.55,123.05,121.72,44540,5421194.55,1295.0,18481.0,41.49
BBTC,EQ,08-Mar-2013,117.2,118.2,119.5,115.2,118.8,118.75,118.29,23206,2744989.15,680.0,11608.0,50.02
BBTC,EQ,07-Mar-2013,112.6,112.85,120.35,112.5,117.8,117.2,117.68,99745,11737654.15,2235.0,16477.0,16.52
BBTC,EQ,06-Mar-2013,107.85,108.9,114.5,108.9,113.05,112.6,111.64,91760,10244441.3,1091.0,55254.0,60.22
BBTC,EQ,05-Mar-2013,103.3,103.5,110.15,103.3,107.6,107.85,106.61,52273,5572775.55,1345.0,20750.0,39.7
BBTC,EQ,04-Mar-2013,105.4,104.0,106.5,102.1,102.4,103.3,103.91,10994,1142364.75,479.0,5046.0,45.9
BBTC,EQ,01-Mar-2013,105.1,104.1,108.0,102.0,105.75,105.4,105.91,9885,1046911.45,363.0,4391.0,44.42
BBTC,EQ,28-Feb-2013,112.65,113.85,114.85,104.1,106.0,105.1,109.0,20623,2247895.4,983.0,10425.0,50.55
BBTC,EQ,27-Feb-2013,105.3,106.15,118.9,99.95,113.0,112.65,111.9,104917,11740166.7,3478.0,25976.0,24.76
BBTC,EQ,26-Feb-2013,114.5,114.0,114.9,98.5,105.8,105.3,104.34,70884,7396150.75,2569.0,23566.0,33.25
BBTC,EQ,25-Feb-2013,116.25,118.9,118.9,113.75,113.75,114.5,115.12,8381,964784.95,381.0,5353.0,63.87
BBTC,EQ,22-Feb-2013,116.2,117.45,117.5,115.7,116.05,116.25,116.43,3413,397362.95,155.0,2183.0,63.96
BBTC,EQ,21-Feb-2013,120.4,119.1,119.65,115.2,115.85,116.2,116.77,14464,1688912.0,342.0,8716.0,60.26
BBTC,EQ,20-Feb-2013,117.85,118.5,122.6,118.3,120.75,120.4,120.39,19311,2324838.95,656.0,10012.0,51.85
BBTC,EQ,19-Feb-2013,116.7,116.25,118.5,116.2,118.3,117.85,117.39,9651,1132900.55,257.0,5084.0,52.68
BBTC,EQ,18-Feb-2013,114.9,114.5,118.0,114.0,117.0,116.7,116.1,19400,2252277.55,675.0,6277.0,32.36
BBTC,EQ,15-Feb-2013,119.3,118.0,118.3,114.1,114.5,114.9,115.45,16332,1885501.45,636.0,8358.0,51.18
BBTC,EQ,14-Feb-2013,120.35,124.0,124.0,115.6,117.5,119.3,118.18,55027,6503216.25,2056.0,38639.0,70.22
BBTC,EQ,13-Feb-2013,120.35,140.0,140.0,119.15,119.2,120.35,123.23,53103,6543705.4,1670.0,13635.0,25.68
BBTC,EQ,12-Feb-2013,121.55,121.95,122.0,110.2,120.9,120.35,117.59,76367,8979762.6,3518.0,39685.0,51.97
BBTC,EQ,11-Feb-2013,122.15,122.55,123.9,119.2,121.65,121.55,121.76,21256,2588129.05,578.0,8946.0,42.09
BBTC,EQ,08-Feb-2013,120.75,121.5,127.0,120.2,122.45,122.15,124.11,46026,5712171.8,1388.0,12183.0,26.47
BBTC,EQ,07-Feb-2013,125.15,124.25,125.0,120.3,121.0,120.75,122.12,17903,2186384.05,452.0,10837.0,60.53
BBTC,EQ,06-Feb-2013,125.7,126.0,129.7,124.1,125.55,125.15,126.45,14854,1878329.85,687.0,6911.0,46.53
BBTC,EQ,05-Feb-2013,127.35,126.1,127.1,119.9,125.6,125.7,123.31,39526,4874087.95,1254.0,15300.0,38.71
BBTC,EQ,04-Feb-2013,131.45,131.95,132.6,126.65,127.0,127.35,129.41,19297,2497162.25,508.0,11130.0,57.68
BBTC,EQ,01-Feb-2013,128.6,129.5,134.3,128.25,131.55,131.45,131.7,37484,4936817.2,869.0,13960.0,37.24
BBTC,EQ,31-Jan-2013,130.95,130.75,131.85,128.1,128.95,128.6,129.5,16158,2092452.4,415.0,7647.0,47.33
BBTC,EQ,30-Jan-2013,132.0,131.7,136.0,129.4,130.4,130.95,132.86,22015,2924888.65,704.0,7700.0,34.98
BBTC,EQ,29-Jan-2013,132.85,132.85,136.8,131.0,132.0,132.0,133.75,35862,4796483.6,1003.0,12427.0,34.65
BBTC,EQ,28-Jan-2013,131.95,131.15,135.85,131.15,133.05,132.85,133.7,17409,2327605.8,593.0,4951.0,28.44
BBTC,EQ,25-Jan-2013,125.9,126.0,133.6,124.05,132.0,131.95,130.13,55673,7244826.85,1619.0,12286.0,22.07
BBTC,EQ,24-Jan-2013,133.45,134.85,134.95,124.85,125.25,125.9,128.71,31183,4013609.75,940.0,13418.0,43.03
BBTC,EQ,23-Jan-2013,138.75,139.7,139.85,129.0,134.8,133.45,134.43,69100,9288878.35,1563.0,31864.0,46.11
BBTC,EQ,22-Jan-2013,139.45,139.75,144.5,138.0,138.9,138.75,141.69,66758,9459170.1,1858.0,21784.0,32.63
BBTC,EQ,21-Jan-2013,142.55,140.0,143.9,136.1,140.25,139.45,141.05,60987,8602240.35,1547.0,17277.0,28.33
BBTC,EQ,18-Jan-2013,146.7,148.0,150.5,141.25,142.55,142.55,146.33,71658,10485923.9,1811.0,22327.0,31.16
BBTC,EQ,17-Jan-2013,147.95,149.4,151.3,146.05,146.65,146.7,148.65,117092,17405983.75,2783.0,32806.0,28.02
BBTC,EQ,16-Jan-2013,150.65,151.0,156.5,146.8,148.5,147.95,152.88,348906,53341735.25,7668.0,70456.0,20.19
BBTC,EQ,15-Jan-2013,148.4,149.4,157.5,146.1,151.2,150.65,153.16,552099,84559265.85,10040.0,106199.0,19.24
BBTC,EQ,14-Jan-2013,140.8,140.0,151.8,140.0,148.6,148.4,148.09,483540,71608391.8,8582.0,66183.0,13.69
BBTC,EQ,11-Jan-2013,153.4,155.25,159.2,137.1,143.2,140.8,150.21,1096909,164764278.2,20744.0,225994.0,20.6
BBTC,EQ,10-Jan-2013,130.75,133.85,156.9,129.0,153.8,153.4,146.55,1753887,257023997.0,29174.0,275909.0,15.73
BBTC,EQ,09-Jan-2013,123.7,123.6,135.85,121.65,130.5,130.75,130.7,190113,24848105.95,3068.0,93768.0,49.32
BBTC,EQ,08-Jan-2013,124.8,125.1,125.8,122.55,123.95,123.7,123.96,23016,2853030.5,463.0,13603.0,59.1
BBTC,EQ,07-Jan-2013,126.15,127.0,129.0,124.4,124.55,124.8,126.55,27575,3489695.3,374.0,18160.0,65.86
BBTC,EQ,04-Jan-2013,127.65,128.0,128.8,125.0,125.85,126.15,126.29,27732,3502181.15,738.0,16945.0,61.1
BBTC,EQ,03-Jan-2013,128.45,127.7,131.7,127.15,127.3,127.65,129.01,44566,5749413.5,808.0,23548.0,52.84
BBTC,EQ,02-Jan-2013,127.15,127.3,131.7,125.6,128.5,128.45,128.99,65146,8403181.35,1242.0,25693.0,39.44
BBTC,EQ,01-Jan-2013,128.2,129.5,131.0,126.25,127.35,127.15,128.09,26780,3430190.6,592.0,13429.0,50.15
BBTC,EQ,31-Dec-2012,120.9,121.6,130.75,119.15,128.35,128.2,127.17,147031,18697921.85,1343.0,109763.0,74.65
BBTC,EQ,30-Dec-2014,377.05,374.4,382.0,367.2,370.5,369.9,372.66,91670,34161465.35,1962.0,32703.0,35.67
BBTC,EQ,29-Dec-2014,373.35,373.2,388.0,373.2,379.0,377.05,380.35,147198,55987436.2,3539.0,37092.0,25.2
BBTC,EQ,26-Dec-2014,375.25,372.0,385.0,371.0,374.8,373.35,376.4,85389,32140189.05,2644.0,21452.0,25.12
BBTC,EQ,24-Dec-2014,386.45,382.6,389.7,372.05,378.7,375.25,380.08,96538,36691707.4,2665.0,44887.0,46.5
BBTC,EQ,23-Dec-2014,394.5,391.0,404.9,383.0,386.0,386.45,394.68,170202,67175120.9,4104.0,47792.0,28.08
BBTC,EQ,22-Dec-2014,388.0,384.25,402.5,377.15,394.0,394.5,393.33,282564,111141291.35,6659.0,75993.0,26.89
BBTC,EQ,19-Dec-2014,372.35,390.95,390.95,373.4,387.6,388.0,387.09,600924,232614142.0,9635.0,152527.0,25.38
BBTC,EQ,18-Dec-2014,354.65,364.0,372.35,361.55,372.35,372.35,370.33,169087,62618648.0,2504.0,60719.0,35.91
BBTC,EQ,17-Dec-2014,373.0,370.1,384.3,354.35,354.35,354.65,362.41,569751,206484758.3,11013.0,151843.0,26.65
BBTC,EQ,16-Dec-2014,403.45,399.0,403.0,363.15,374.8,373.0,374.18,502471,188016778.05,9878.0,138362.0,27.54
BBTC,EQ,15-Dec-2014,415.3,409.7,418.5,396.5,404.95,403.45,408.99,233886,95657129.0,5876.0,58598.0,25.05
BBTC,EQ,12-Dec-2014,443.15,445.0,459.0,410.0,418.15,415.3,432.44,279454,120846016.55,7081.0,90849.0,32.51
BBTC,EQ,11-Dec-2014,469.85,474.3,476.15,435.1,445.0,443.15,447.28,316562,141591401.95,8150.0,94235.0,29.77
BBTC,EQ,10-Dec-2014,479.3,483.0,489.0,463.05,470.55,469.85,478.59,202084,96716344.1,5151.0,56949.0,28.18
BBTC,EQ,09-Dec-2014,505.35,507.35,526.7,461.85,480.0,479.3,496.42,394011,195595838.75,11132.0,95236.0,24.17
BBTC,EQ,08-Dec-2014,520.45,523.0,534.5,502.0,503.0,505.35,516.67,238822,123391078.35,6366.0,71113.0,29.78
BBTC,EQ,05-Dec-2014,515.05,518.1,541.6,516.4,518.7,520.45,529.1,484363,256274239.2,11873.0,116168.0,23.98
BBTC,EQ,04-Dec-2014,502.95,519.45,538.0,507.65,515.15,515.05,523.87,1045957,547942024.2,27136.0,195703.0,18.71
BBTC,EQ,03-Dec-2014,457.25,473.9,502.95,467.25,502.95,502.95,491.02,833870,409447303.05,14922.0,227674.0,27.3
BBTC,EQ,02-Dec-2014,424.8,425.0,467.25,419.45,467.25,457.25,445.4,658205,293166934.95,12917.0,218657.0,33.22
BBTC,EQ,01-Dec-2014,449.85,449.75,453.2,421.25,425.75,424.8,438.15,323427,141710620.45,7713.0,93267.0,28.84
BBTC,EQ,28-Nov-2014,433.6,436.9,458.5,430.0,450.2,449.85,446.08,657518,293306486.4,15434.0,123553.0,18.79
BBTC,EQ,27-Nov-2014,412.55,412.55,444.95,412.55,433.0,433.6,434.71,991981,431224503.05,23181.0,167066.0,16.84
BBTC,EQ,26-Nov-2014,423.1,423.1,432.95,405.55,412.3,412.55,420.19,608293,255599538.35,16320.0,112050.0,18.42
BBTC,EQ,25-Nov-2014,441.35,459.7,480.85,416.5,422.0,423.1,446.77,2101246,938771211.2,49511.0,293763.0,13.98
BBTC,EQ,24-Nov-2014,401.25,410.0,441.35,410.0,441.35,441.35,432.06,995324,430043127.65,13730.0,211369.0,21.24
BBTC,EQ,21-Nov-2014,334.4,337.5,401.25,327.6,401.25,401.25,369.75,1521157,562449676.2,28162.0,304294.0,20.0
BBTC,EQ,20-Nov-2014,318.7,317.55,339.8,315.0,339.0,334.4,329.75,338921,111759774.65,6263.0,108888.0,32.13
BBTC,EQ,19-Nov-2014,318.9,318.9,331.5,315.0,320.9,318.7,324.49,246468,79975391.95,4606.0,74033.0,30.04
BBTC,EQ,18-Nov-2014,315.65,315.9,328.6,313.1,318.4,318.9,322.06,277660,89424049.75,7247.0,76344.0,27.5
BBTC,EQ,17-Nov-2014,301.25,306.5,319.9,306.2,318.8,315.65,314.07,303589,95348416.95,6633.0,116174.0,38.27
BBTC,EQ,14-Nov-2014,297.95,296.0,308.35,293.2,306.0,301.25,301.4,196819,59321707.65,3542.0,89542.0,45.49
BBTC,EQ,13-Nov-2014,317.65,319.0,325.0,294.0,295.0,297.95,311.87,292697,91284466.4,5318.0,146161.0,49.94
BBTC,EQ,12-Nov-2014,295.55,297.35,321.4,294.5,319.0,317.65,311.13,648873,201881214.8,13308.0,154477.0,23.81
BBTC,EQ,11-Nov-2014,293.7,293.9,304.9,292.2,296.1,295.55,299.23,143309,42882326.85,3174.0,45689.0,31.88
BBTC,EQ,10-Nov-2014,304.45,306.9,306.9,290.75,294.2,293.7,295.95,149657,44290572.3,2803.0,54780.0,36.6
BBTC,EQ,07-Nov-2014,286.85,290.0,318.95,289.5,304.2,304.45,306.01,903801,276576300.35,18783.0,183212.0,20.27
BBTC,EQ,05-Nov-2014,263.95,264.6,291.2,264.5,288.45,286.85,283.4,638305,180894646.4,12282.0,205421.0,32.18
BBTC,EQ,03-Nov-2014,259.0,261.0,268.0,255.0,264.5,263.95,263.63,154997,40862127.25,2947.0,57004.0,36.78
BBTC,EQ,31-Oct-2014,245.25,246.05,266.0,245.0,259.25,259.0,259.56,371816,96506958.55,7414.0,96043.0,25.83
BBTC,EQ,30-Oct-2014,243.45,242.9,251.9,241.3,244.7,245.25,247.29,109546,27089682.55,2725.0,31511.0,28.77
BBTC,EQ,29-Oct-2014,248.05,249.5,249.8,242.7,243.25,243.45,245.17,58161,14259052.95,1550.0,26848.0,46.16
BBTC,EQ,28-Oct-2014,240.7,239.0,254.45,239.0,248.05,248.05,248.66,179396,44609485.7,4056.0,53225.0,29.67
BBTC,EQ,27-Oct-2014,246.8,248.0,248.0,238.8,239.5,240.7,242.73,46503,11287730.1,1208.0,19606.0,42.16
BBTC,EQ,23-Oct-2014,244.9,247.5,247.5,243.0,246.15,246.8,246.55,18177,4481620.7,441.0,9891.0,54.41
BBTC,EQ,22-Oct-2014,244.45,246.7,251.3,242.2,246.75,244.9,246.89,88112,21753771.4,2070.0,26007.0,29.52
BBTC,EQ,21-Oct-2014,249.0,251.9,257.85,242.15,245.1,244.45,250.22,251231,62864175.4,5513.0,53626.0,21.35
BBTC,EQ,20-Oct-2014,223.25,227.25,251.9,224.05,249.8,249.0,243.84,395078,96336730.8,7458.0,94977.0,24.04
BBTC,EQ,17-Oct-2014,223.05,224.2,229.85,206.95,224.4,223.25,222.44,146456,32577817.8,3540.0,49879.0,34.06
BBTC,EQ,16-Oct-2014,242.35,240.5,243.7,218.0,221.8,223.05,230.13,105464,24269958.5,1880.0,63000.0,59.74
BBTC,EQ,14-Oct-2014,245.15,244.1,247.85,241.15,243.0,242.35,244.16,40038,9775632.0,1131.0,11904.0,29.73
BBTC,EQ,13-Oct-2014,242.3,241.9,247.9,240.0,245.1,245.15,244.86,102492,25095823.65,2391.0,38541.0,37.6
BBTC,EQ,10-Oct-2014,248.65,247.0,250.35,241.0,242.0,242.3,245.36,115071,28233298.55,2511.0,27290.0,23.72
BBTC,EQ,09-Oct-2014,236.75,238.65,251.5,237.55,247.75,248.65,246.63,156289,38545942.85,3180.0,37944.0,24.28
BBTC,EQ,08-Oct-2014,242.55,240.6,244.2,233.95,236.45,236.75,239.04,60044,14353109.1,1437.0,20216.0,33.67
BBTC,EQ,07-Oct-2014,245.1,246.0,252.1,238.95,243.05,242.55,246.17,54861,13505107.1,1559.0,20438.0,37.25
BBTC,EQ,01-Oct-2014,251.6,252.4,254.05,242.35,245.25,245.1,248.89,62849,15642682.1,1427.0,26665.0,42.43
BBTC,EQ,30-Sep-2014,252.05,250.3,259.25,248.25,252.2,251.6,254.23,169054,42979185.2,3555.0,34147.0,20.2
BBTC,EQ,29-Sep-2014,246.5,246.1,257.0,246.1,253.0,252.05,252.14,157544,39723078.4,3057.0,38006.0,24.12
BBTC,EQ,26-Sep-2014,253.05,253.0,253.0,240.0,246.0,246.5,246.19,156990,38649358.2,3842.0,49690.0,31.65
BBTC,EQ,25-Sep-2014,258.3,263.0,265.1,250.0,253.6,253.05,257.26,187786,48310268.85,4382.0,61450.0,32.72
BBTC,EQ,24-Sep-2014,251.95,254.0,261.0,242.6,260.6,258.3,254.16,209513,53250690.7,4236.0,74489.0,35.55
BBTC,EQ,23-Sep-2014,265.8,267.5,268.95,250.1,253.15,251.95,259.03,152270,39443115.3,3403.0,64887.0,42.61
BBTC,EQ,22-Sep-2014,264.25,264.1,273.8,262.75,264.7,265.8,267.8,227482,60920229.4,4751.0,68882.0,30.28
BBTC,EQ,19-Sep-2014,282.0,284.8,291.65,262.3,263.25,264.25,275.0,454349,124945558.15,9235.0,193605.0,42.61
BBTC,EQ,18-Sep-2014,267.4,265.05,285.9,265.0,283.0,282.0,277.83,688727,191348701.5,12197.0,165739.0,24.06
BBTC,EQ,17-Sep-2014,247.85,253.0,271.8,250.0,267.0,267.4,262.3,459627,120557913.1,9006.0,114974.0,25.01
BBTC,EQ,16-Sep-2014,250.35,252.35,279.8,245.5,248.0,247.85,264.35,936331,247516701.8,18408.0,206090.0,22.01
BBTC,EQ,15-Sep-2014,242.55,239.9,256.5,239.25,250.65,250.35,248.98,348149,86682296.85,8349.0,115941.0,33.3
BBTC,EQ,12-Sep-2014,239.65,240.5,253.0,238.1,241.65,242.55,245.78,322253,79203897.35,6974.0,96265.0,29.87
BBTC,EQ,11-Sep-2014,245.15,247.0,249.7,236.05,238.5,239.65,243.11,251578,61161984.25,5441.0,88999.0,35.38
BBTC,EQ,10-Sep-2014,231.7,233.0,251.75,233.0,243.0,245.15,243.53,490350,119413799.7,8307.0,129780.0,26.47
BBTC,EQ,09-Sep-2014,233.15,235.0,243.9,229.0,231.45,231.7,236.99,378238,89640145.15,7962.0,127266.0,33.65
BBTC,EQ,08-Sep-2014,205.4,207.6,237.6,207.6,232.1,233.15,226.89,779566,176874005.1,12899.0,201144.0,25.8
BBTC,EQ,05-Sep-2014,203.35,202.0,211.7,202.0,204.9,205.4,207.58,126297,26216375.0,2617.0,60732.0,48.09
BBTC,EQ,04-Sep-2014,205.9,204.65,205.9,198.15,203.0,203.35,202.18,88810,17955597.85,1956.0,34563.0,38.92
BBTC,EQ,03-Sep-2014,206.8,207.0,211.9,204.5,205.8,205.9,208.33,153765,32033729.75,2657.0,54518.0,35.46
BBTC,EQ,02-Sep-2014,212.3,212.7,214.25,206.0,206.9,206.8,209.93,93553,19639444.35,2497.0,40839.0,43.65
BBTC,EQ,01-Sep-2014,207.5,210.8,216.9,208.5,212.35,212.3,213.01,295294,62901124.25,5237.0,104555.0,35.41
BBTC,EQ,28-Aug-2014,198.15,199.45,213.8,198.5,208.8,207.5,207.63,681355,141471364.4,12826.0,163135.0,23.94
BBTC,EQ,27-Aug-2014,193.4,193.05,204.0,193.05,198.05,198.15,199.74,321362,64188750.85,5980.0,97682.0,30.4
BBTC,EQ,26-Aug-2014,188.9,188.0,197.6,186.15,193.45,193.4,193.36,205493,39733517.4,4593.0,53816.0,26.19
BBTC,EQ,25-Aug-2014,193.4,194.0,196.5,186.5,187.9,188.9,192.55,96693,18618002.8,1827.0,52275.0,54.06
BBTC,EQ,22-Aug-2014,196.9,197.9,198.95,192.55,193.0,193.4,195.66,88011,17220505.55,1999.0,47223.0,53.66
BBTC,EQ,21-Aug-2014,194.5,195.1,203.3,190.25,197.25,196.9,199.72,399923,79873408.05,7017.0,110729.0,27.69
BBTC,EQ,20-Aug-2014,197.25,197.5,200.0,193.3,194.0,194.5,196.58,114657,22539775.0,2280.0,35977.0,31.38
BBTC,EQ,19-Aug-2014,198.05,199.5,204.8,195.0,197.5,197.25,199.75,228664,45674568.3,3985.0,66297.0,28.99
BBTC,EQ,18-Aug-2014,193.1,193.2,203.4,193.2,198.0,198.05,199.19,194318,38705955.7,3976.0,60243.0,31.0
BBTC,EQ,14-Aug-2014,197.4,193.75,196.0,186.0,193.0,193.1,192.19,145237,27912817.45,2942.0,44930.0,30.94
BBTC,EQ,13-Aug-2014,197.6,195.6,209.95,195.1,197.3,197.4,203.02,389220,79018673.15,7897.0,92431.0,23.75
BBTC,EQ,12-Aug-2014,194.4,194.5,200.4,193.05,197.0,197.6,196.47,168423,33089936.85,3455.0,43806.0,26.01
BBTC,EQ,11-Aug-2014,189.65,190.65,199.45,190.6,194.3,194.4,195.83,231865,45405525.9,6590.0,51135.0,22.05
BBTC,EQ,08-Aug-2014,198.1,196.5,197.9,188.1,188.5,189.65,191.56,162449,31119316.0,3469.0,61583.0,37.91
BBTC,EQ,07-Aug-2014,204.45,204.8,209.8,197.0,197.1,198.1,202.77,178245,36142567.5,3287.0,78242.0,43.9
BBTC,EQ,06-Aug-2014,206.45,207.45,213.55,203.0,203.95,204.45,207.78,256814,53360563.3,4858.0,80863.0,31.49
BBTC,EQ,05-Aug-2014,204.3,204.3,213.7,200.1,206.85,206.45,208.33,362566,75533826.2,6050.0,109846.0,30.3
BBTC,EQ,04-Aug-2014,203.7,207.0,212.2,201.75,203.4,204.3,206.76,182043,37639816.6,4060.0,56748.0,31.17
BBTC,EQ,01-Aug-2014,215.0,209.55,220.8,202.3,204.0,203.7,212.37,606210,128738324.95,12944.0,124536.0,20.54
BBTC,EQ,31-Jul-2014,212.1,209.7,222.35,190.0,214.0,215.0,210.76,1569166,330715978.5,29135.0,177041.0,11.28
BBTC,EQ,30-Jul-2014,194.2,204.0,228.5,204.0,213.5,212.1,217.91,3137057,683587382.95,58527.0,401744.0,12.81
BBTC,EQ,28-Jul-2014,161.85,162.4,194.2,160.65,194.2,194.2,181.42,1892125,343274236.1,28695.0,404623.0,21.38
BBTC,EQ,25-Jul-2014,143.65,144.75,168.8,138.9,161.3,161.85,159.76,948793,151574831.8,11306.0,267400.0,28.18
BBTC,EQ,24-Jul-2014,142.5,142.5,148.8,142.5,143.65,143.65,145.07,39130,5676430.95,1149.0,12126.0,30.99
BBTC,EQ,23-Jul-2014,147.85,148.0,150.0,139.7,143.85,142.5,144.27,47495,6851990.5,1367.0,23489.0,49.46
BBTC,EQ,22-Jul-2014,147.45,148.65,154.45,147.0,148.2,147.85,150.38,70134,10546570.3,1730.0,27146.0,38.71
BBTC,EQ,21-Jul-2014,148.35,148.5,150.6,146.75,147.1,147.45,148.8,31430,4676655.3,1000.0,17980.0,57.21
BBTC,EQ,18-Jul-2014,141.35,140.2,154.8,139.5,147.9,148.35,149.36,217737,32520486.55,4416.0,80411.0,36.93
BBTC,EQ,17-Jul-2014,143.75,143.0,143.0,139.15,141.4,141.35,140.95,38532,5430914.3,1159.0,15567.0,40.4
BBTC,EQ,16-Jul-2014,137.5,143.85,146.9,141.35,143.6,143.75,143.83,285783,41103150.5,4338.0,89347.0,31.26
BBTC,EQ,15-Jul-2014,123.15,124.4,139.3,124.4,138.2,137.5,132.82,118278,15710269.25,2408.0,54139.0,45.77
BBTC,EQ,14-Jul-2014,124.55,123.5,127.35,117.65,124.0,123.15,123.84,31033,3843057.5,1141.0,11586.0,37.33
BBTC,EQ,11-Jul-2014,131.3,131.0,134.2,122.1,124.75,124.55,128.05,37984,4863927.8,1243.0,22725.0,59.83
BBTC,EQ,10-Jul-2014,128.4,131.45,136.8,125.0,131.6,131.3,131.24,46488,6101212.45,1708.0,22184.0,47.72
BBTC,EQ,09-Jul-2014,137.35,139.4,139.4,127.6,128.0,128.4,131.36,81267,10675111.7,1629.0,45023.0,55.4
BBTC,EQ,08-Jul-2014,146.35,147.45,149.4,136.2,137.4,137.35,143.17,53053,7595826.05,1480.0,31343.0,59.08
BBTC,EQ,07-Jul-2014,145.75,147.45,148.65,145.75,146.5,146.35,146.81,31400,4609858.55,740.0,21145.0,67.34
BBTC,EQ,04-Jul-2014,146.35,146.7,149.7,142.95,145.55,145.75,146.48,75562,11068035.1,1713.0,36104.0,47.78
BBTC,EQ,03-Jul-2014,151.6,152.9,152.9,145.65,146.25,146.35,148.8,80148,11926256.3,1295.0,45664.0,56.97
BBTC,EQ,02-Jul-2014,149.25,149.25,155.8,147.65,151.25,151.6,152.36,261730,39878247.95,3221.0,96129.0,36.73
BBTC,EQ,01-Jul-2014,146.75,147.8,151.45,146.0,148.75,149.25,149.31,70839,10577108.9,2224.0,34290.0,48.41
BBTC,EQ,30-Jun-2014,145.1,145.15,149.3,145.15,146.15,146.75,147.12,70708,10402564.6,1124.0,38226.0,54.06
BBTC,EQ,27-Jun-2014,146.0,146.0,149.0,144.0,144.5,145.1,146.28,55321,8092210.4,1346.0,25944.0,46.9
BBTC,EQ,26-Jun-2014,153.0,152.0,154.55,145.3,145.95,146.0,149.3,96408,14393318.1,2809.0,43688.0,45.32
BBTC,EQ,25-Jun-2014,145.15,146.4,156.75,143.1,152.9,153.0,151.28,287747,43529060.55,5771.0,77841.0,27.05
BBTC,EQ,24-Jun-2014,145.3,145.1,148.8,143.85,144.7,145.15,145.92,46228,6745802.9,1156.0,22957.0,49.66
BBTC,EQ,23-Jun-2014,145.55,146.0,148.4,141.0,145.15,145.3,145.65,34046,4958711.25,1066.0,11196.0,32.88
BBTC,EQ,20-Jun-2014,146.95,146.1,150.95,145.0,145.65,145.55,148.62,70781,10519190.85,1288.0,25302.0,35.75
BBTC,EQ,19-Jun-2014,146.7,145.5,151.0,145.5,146.5,146.95,147.75,36271,5358888.65,823.0,16275.0,44.87
BBTC,EQ,18-Jun-2014,152.95,151.3,153.95,145.05,147.0,146.7,148.05,66965,9914278.5,1504.0,39859.0,59.52
BBTC,EQ,17-Jun-2014,147.45,148.9,155.95,146.0,152.8,152.95,151.65,149381,22652969.85,2887.0,59827.0,40.05
BBTC,EQ,16-Jun-2014,143.1,143.3,154.4,138.65,146.2,147.45,147.85,137391,20313700.55,2760.0,55023.0,40.05
BBTC,EQ,13-Jun-2014,152.8,153.0,154.95,141.25,141.75,143.1,146.96,83464,12266223.3,2119.0,40898.0,49.0
BBTC,EQ,12-Jun-2014,154.55,155.0,160.0,151.65,153.9,152.8,155.81,105125,16379058.6,2352.0,36729.0,34.94
BBTC,EQ,11-Jun-2014,157.75,159.75,164.7,151.35,154.6,154.55,158.2,305324,48301880.3,5302.0,109398.0,35.83
BBTC,EQ,10-Jun-2014,145.4,146.4,164.7,141.5,157.5,157.75,156.04,473865,73940075.5,6339.0,151302.0,31.93
BBTC,EQ,09-Jun-2014,145.1,146.35,149.35,143.0,145.25,145.4,145.94,123226,17983263.95,2174.0,44508.0,36.12
BBTC,EQ,06-Jun-2014,148.6,148.45,151.55,143.55,144.4,145.1,147.52,161434,23814841.5,2293.0,108352.0,67.12
BBTC,EQ,05-Jun-2014,148.15,149.0,149.6,144.0,147.0,148.6,147.67,86645,12794949.05,1725.0,45172.0,52.13
BBTC,EQ,04-Jun-2014,149.8,150.8,154.65,140.0,146.65,148.15,148.81,415145,61777779.35,7392.0,76123.0,18.34
BBTC,EQ,03-Jun-2014,144.65,153.0,156.15,143.0,149.0,149.8,150.12,926171,139038554.2,14655.0,254553.0,27.48
BBTC,EQ,02-Jun-2014,120.55,124.55,144.65,123.05,144.65,144.65,138.14,474562,65554667.3,6029.0,239912.0,50.55
BBTC,EQ,30-May-2014,116.95,116.95,124.4,116.05,120.0,120.55,120.73,51882,6263841.65,976.0,32930.0,63.47
BBTC,EQ,29-May-2014,122.4,122.4,122.4,114.65,117.15,116.95,117.64,43653,5135384.75,925.0,27554.0,63.12
BBTC,EQ,28-May-2014,121.3,123.95,129.5,121.65,122.9,122.4,125.49,81156,10184622.0,1359.0,40845.0,50.33
BBTC,EQ,27-May-2014,119.25,118.5,123.75,113.75,120.65,121.3,118.63,58735,6968010.0,1090.0,32420.0,55.2
BBTC,EQ,26-May-2014,130.0,130.5,132.5,115.1,119.05,119.25,125.05,85000,10629193.0,1613.0,47248.0,55.59
BBTC,EQ,23-May-2014,126.7,127.0,134.25,127.0,130.0,130.0,130.49,137793,17980877.35,1838.0,77950.0,56.57
BBTC,EQ,22-May-2014,119.85,121.0,133.4,121.0,127.0,126.7,127.31,324244,41279922.8,3379.0,169003.0,52.12
BBTC,EQ,21-May-2014,117.5,116.15,124.0,116.1,119.8,119.85,121.06,158915,19238380.95,2331.0,93554.0,58.87
BBTC,EQ,20-May-2014,113.15,114.85,119.8,113.7,117.6,117.5,116.82,138070,16129269.9,2220.0,79617.0,57.66
BBTC,EQ,19-May-2014,108.7,108.7,114.0,106.35,113.5,113.15,111.61,94736,10573246.55,1600.0,42046.0,44.38
BBTC,EQ,16-May-2014,103.1,106.9,110.0,103.0,107.0,108.7,106.45,55940,5954684.55,708.0,43734.0,78.18
BBTC,EQ,15-May-2014,107.0,107.0,108.2,102.7,103.0,103.1,103.86,27110,2815619.1,704.0,18918.0,69.78
BBTC,EQ,14-May-2014,103.9,103.75,109.4,103.75,107.35,107.0,107.25,41167,4415224.65,1117.0,21303.0,51.75
BBTC,EQ,13-May-2014,103.0,102.05,104.95,102.05,104.0,103.9,104.06,12476,1298224.7,354.0,8756.0,70.18
BBTC,EQ,12-May-2014,102.1,101.4,103.95,101.4,102.9,103.0,103.04,12549,1293075.4,291.0,8046.0,64.12
BBTC,EQ,09-May-2014,101.4,101.4,102.7,100.1,102.2,102.1,101.69,13881,1411593.1,415.0,7648.0,55.1
BBTC,EQ,08-May-2014,101.5,101.6,102.85,101.0,101.4,101.4,101.71,8922,907498.0,206.0,6792.0,76.13
BBTC,EQ,07-May-2014,102.15,103.0,103.25,101.1,101.3,101.5,101.8,14253,1450932.2,453.0,10641.0,74.66
BBTC,EQ,06-May-2014,102.2,101.5,105.35,101.5,102.85,102.15,102.76,19373,1990682.9,568.0,10360.0,53.48
BBTC,EQ,05-May-2014,102.55,101.55,103.95,101.5,101.75,102.2,102.24,11339,1159280.85,311.0,8613.0,75.96
BBTC,EQ,02-May-2014,103.85,104.0,104.7,101.65,102.55,102.55,102.98,12189,1255186.35,413.0,7794.0,63.94
BBTC,EQ,30-Apr-2014,106.85,106.5,107.7,102.15,104.0,103.85,104.9,23176,2431185.75,752.0,16082.0,69.39
BBTC,EQ,29-Apr-2014,108.45,109.05,109.5,106.3,107.0,106.85,107.82,24193,2608442.8,562.0,16790.0,69.4
BBTC,EQ,28-Apr-2014,109.25,109.85,111.0,107.4,108.65,108.45,108.94,28537,3108768.05,644.0,17606.0,61.7
BBTC,EQ,25-Apr-2014,112.45,112.45,115.9,108.15,110.0,109.25,112.49,111741,12569420.15,1771.0,52341.0,46.84
BBTC,EQ,23-Apr-2014,105.95,106.7,113.7,106.1,112.95,112.45,111.01,175948,19531387.0,3062.0,77763.0,44.2
BBTC,EQ,22-Apr-2014,104.65,104.9,109.7,104.2,105.8,105.95,107.09,70658,7566794.75,1299.0,29113.0,41.2
BBTC,EQ,21-Apr-2014,103.7,104.25,106.3,103.55,104.9,104.65,104.89,25894,2716080.3,594.0,17194.0,66.4
BBTC,EQ,17-Apr-2014,103.0,104.05,106.4,102.0,103.65,103.7,104.54,42407,4433063.85,703.0,19718.0,46.5
BBTC,EQ,16-Apr-2014,105.85,106.45,106.5,102.8,102.8,103.0,104.34,17836,1861014.0,509.0,13692.0,76.77
BBTC,EQ,15-Apr-2014,110.05,110.55,111.0,105.1,105.5,105.85,106.92,27698,2961477.6,881.0,15700.0,56.68
BBTC,EQ,11-Apr-2014,107.9,107.95,113.0,107.3,109.55,110.05,110.84,73137,8106524.9,1438.0,34398.0,47.03
BBTC,EQ,10-Apr-2014,107.75,108.8,113.75,107.0,107.9,107.9,111.08,116116,12897765.65,2531.0,37643.0,32.42
BBTC,EQ,09-Apr-2014,104.25,102.5,110.0,102.5,107.05,107.75,107.8,65891,7103179.7,1303.0,34535.0,52.41
BBTC,EQ,07-Apr-2014,106.6,108.2,108.2,102.5,105.0,104.25,104.29,29141,3039105.05,816.0,16178.0,55.52
BBTC,EQ,04-Apr-2014,102.95,103.95,109.2,101.0,106.25,106.6,106.01,48667,5159269.3,1280.0,20921.0,42.99
BBTC,EQ,03-Apr-2014,106.85,105.0,106.0,101.6,103.0,102.95,103.64,51052,5291042.85,1346.0,22999.0,45.05
BBTC,EQ,02-Apr-2014,107.0,109.5,110.5,104.15,106.15,106.85,107.42,111249,11950196.0,2011.0,44138.0,39.67
BBTC,EQ,01-Apr-2014,98.15,98.25,109.7,97.5,107.0,107.0,104.52,182648,19090842.75,3118.0,83277.0,45.59
BBTC,EQ,31-Mar-2014,96.2,96.5,99.3,95.5,97.9,98.15,97.79,33430,3268957.1,961.0,15699.0,46.96
BBTC,EQ,28-Mar-2014,95.95,96.25,97.0,95.1,96.2,96.2,95.96,11518,1105294.3,287.0,8275.0,71.84
BBTC,EQ,27-Mar-2014,92.7,93.4,96.5,93.05,96.2,95.95,94.67,82231,7784465.05,833.0,58583.0,71.24
BBTC,EQ,26-Mar-2014,92.75,92.9,94.5,92.5,93.1,92.7,93.43,24065,2248484.5,591.0,12862.0,53.45
BBTC,EQ,25-Mar-2014,94.9,94.8,94.95,92.5,92.7,92.75,93.32,26335,2457487.85,520.0,21926.0,83.26
BBTC,EQ,24-Mar-2014,94.55,94.55,96.0,94.0,94.3,94.9,94.82,16813,1594218.3,443.0,10396.0,61.83
BBTC,EQ,22-Mar-2014,95.3,95.45,95.45,93.75,93.75,94.55,94.67,5254,497399.8,69.0,5142.0,97.87
BBTC,EQ,21-Mar-2014,95.15,96.0,96.7,94.7,95.5,95.3,95.88,18982,1820015.15,264.0,15643.0,82.41
BBTC,EQ,20-Mar-2014,96.0,95.55,96.4,95.0,95.5,95.15,95.48,8565,817815.05,276.0,5827.0,68.03
BBTC,EQ,19-Mar-2014,95.25,95.7,98.05,95.35,96.2,96.0,96.57,25262,2439470.4,694.0,8556.0,33.87
BBTC,EQ,18-Mar-2014,93.8,94.7,96.25,94.3,95.2,95.25,95.16,12599,1198892.35,247.0,6516.0,51.72
BBTC,EQ,14-Mar-2014,94.6,94.1,94.9,88.95,93.5,93.8,93.04,17088,1589909.55,367.0,7704.0,45.08
BBTC,EQ,13-Mar-2014,94.65,95.45,99.0,93.6,94.4,94.6,97.22,66967,6510556.8,1687.0,12642.0,18.88
BBTC,EQ,12-Mar-2014,94.25,94.75,95.75,93.7,94.3,94.65,94.76,22219,2105453.95,414.0,16228.0,73.04
BBTC,EQ,11-Mar-2014,95.4,96.7,97.0,93.65,94.25,94.25,95.11,27000,2567841.8,516.0,17062.0,63.19
BBTC,EQ,10-Mar-2014,96.15,96.85,96.85,95.0,95.25,95.4,95.77,12835,1229240.5,345.0,8755.0,68.21
BBTC,EQ,07-Mar-2014,96.0,95.25,98.35,95.25,96.15,96.15,96.85,34138,3306259.55,755.0,14021.0,41.07
BBTC,EQ,06-Mar-2014,94.4,95.35,97.4,95.0,95.75,96.0,96.22,23486,2259937.35,669.0,10103.0,43.02
BBTC,EQ,05-Mar-2014,93.0,91.2,96.8,91.2,94.65,94.4,95.17,56712,5397058.3,1105.0,17003.0,29.98
BBTC,EQ,04-Mar-2014,92.05,91.35,95.0,91.25,93.0,93.0,93.13,27200,2533106.95,943.0,11170.0,41.07
BBTC,EQ,03-Mar-2014,93.75,94.0,94.05,91.55,91.55,92.05,92.83,16982,1576483.65,475.0,12370.0,72.84
BBTC,EQ,28-Feb-2014,94.8,95.7,96.5,92.35,93.5,93.75,94.37,33353,3147628.1,1094.0,18839.0,56.48
BBTC,EQ,26-Feb-2014,95.2,95.7,95.75,94.3,94.9,94.8,95.08,13098,1245420.75,275.0,9280.0,70.85
BBTC,EQ,25-Feb-2014,96.25,95.7,97.0,95.0,95.1,95.2,95.53,14562,1391062.0,455.0,8414.0,57.78
BBTC,EQ,24-Feb-2014,97.0,96.1,97.45,95.95,96.25,96.25,96.35,6037,581693.25,231.0,3487.0,57.76
BBTC,EQ,21-Feb-2014,96.3,98.85,99.9,96.15,96.25,97.0,98.42,152859,15045081.1,2423.0,35316.0,23.1
BBTC,EQ,20-Feb-2014,96.95,96.8,96.95,95.0,96.95,96.3,96.2,20872,2007935.0,436.0,16100.0,77.14
BBTC,EQ,19-Feb-2014,97.6,96.8,99.4,96.4,96.95,96.95,97.47,18421,1795500.7,453.0,12377.0,67.19
BBTC,EQ,18-Feb-2014,97.25,97.15,99.05,97.1,97.25,97.6,98.1,29764,2919947.1,590.0,14755.0,49.57
BBTC,EQ,17-Feb-2014,97.45,98.1,99.75,96.8,97.25,97.25,97.9,28777,2817210.0,564.0,12590.0,43.75
BBTC,EQ,14-Feb-2014,100.6,101.0,102.6,96.0,97.75,97.45,98.62,31755,3131584.15,1287.0,21148.0,66.6
BBTC,EQ,13-Feb-2014,106.15,105.0,105.5,100.05,101.2,100.6,101.9,32654,3327573.1,897.0,20825.0,63.77
BBTC,EQ,12-Feb-2014,108.1,108.9,109.8,104.8,105.5,106.15,107.07,135907,14551119.45,2482.0,48102.0,35.39
BBTC,EQ,11-Feb-2014,101.45,100.95,109.45,99.25,109.0,108.1,106.09,132387,14044488.5,1957.0,56337.0,42.55
BBTC,EQ,10-Feb-2014,101.25,102.6,103.4,100.05,101.4,101.45,101.79,15122,1539263.1,427.0,6420.0,42.45
BBTC,EQ,07-Feb-2014,101.45,103.0,110.0,100.6,101.5,101.25,105.75,185918,19661093.1,4063.0,46623.0,25.08
BBTC,EQ,06-Feb-2014,98.45,99.0,103.9,98.6,101.25,101.45,102.06,19216,1961212.3,666.0,7052.0,36.7
BBTC,EQ,05-Feb-2014,97.9,97.5,99.4,96.1,99.0,98.45,97.94,11499,1126198.6,501.0,5050.0,43.92
BBTC,EQ,04-Feb-2014,96.7,96.0,98.4,94.1,98.0,97.9,96.22,7900,760167.35,455.0,3517.0,44.52
BBTC,EQ,03-Feb-2014,98.55,98.55,99.9,96.25,97.0,96.7,97.25,6916,672585.65,261.0,3860.0,55.81
BBTC,EQ,31-Jan-2014,96.75,96.0,99.5,96.0,98.1,98.55,98.35,5203,511720.95,258.0,1565.0,30.08
BBTC,EQ,30-Jan-2014,99.85,98.65,99.9,95.5,96.45,96.75,97.12,8125,789089.55,277.0,6951.0,85.55
BBTC,EQ,29-Jan-2014,99.4,100.95,101.0,99.6,99.7,99.85,100.1,7849,785656.0,195.0,4353.0,55.46
BBTC,EQ,28-Jan-2014,98.85,101.6,101.6,98.5,99.15,99.4,99.62,13250,1319922.35,290.0,8291.0,62.57
BBTC,EQ,27-Jan-2014,102.55,104.5,104.5,97.65,98.8,98.85,99.19,10623,1053714.25,452.0,6383.0,60.09
BBTC,EQ,24-Jan-2014,106.5,105.0,106.0,102.15,102.75,102.55,103.91,17951,1865368.35,555.0,13965.0,77.8
BBTC,EQ,23-Jan-2014,107.1,107.3,107.45,106.2,106.3,106.5,106.59,5212,555560.1,199.0,3055.0,58.61
BBTC,EQ,22-Jan-2014,107.3,106.5,108.5,106.5,106.8,107.1,107.38,6865,737168.4,460.0,2219.0,32.32
BBTC,EQ,21-Jan-2014,107.5,108.15,109.4,107.0,107.1,107.3,107.74,13002,1400838.45,509.0,7784.0,59.87
BBTC,EQ,20-Jan-2014,106.95,106.8,108.5,106.8,107.35,107.5,107.68,9193,989942.5,534.0,3552.0,38.64
BBTC,EQ,17-Jan-2014,108.0,108.3,109.75,106.3,106.8,106.95,107.78,23722,2556750.4,769.0,14144.0,59.62
BBTC,EQ,16-Jan-2014,109.85,109.55,111.7,107.6,107.6,108.0,109.49,28214,3089051.6,858.0,8743.0,30.99
BBTC,EQ,15-Jan-2014,107.85,107.0,112.5,106.3,110.0,109.85,110.67,37544,4155129.3,1209.0,10431.0,27.78
BBTC,EQ,14-Jan-2014,107.85,107.0,109.45,106.0,108.0,107.85,108.02,10825,1169290.85,440.0,4012.0,37.06
BBTC,EQ,13-Jan-2014,110.35,110.0,111.5,107.4,108.1,107.85,108.69,14848,1613785.55,440.0,10232.0,68.91
BBTC,EQ,10-Jan-2014,108.1,109.0,111.6,107.9,110.1,110.35,109.79,33836,3714995.9,807.0,19455.0,57.5
BBTC,EQ,09-Jan-2014,110.4,111.7,111.75,107.5,108.0,108.1,109.3,26686,2916858.0,546.0,18842.0,70.61
BBTC,EQ,08-Jan-2014,110.6,112.0,113.35,109.75,110.0,110.4,111.08,34903,3876890.0,496.0,21145.0,60.58
BBTC,EQ,07-Jan-2014,112.1,113.0,113.3,109.5,110.55,110.6,110.78,21305,2360075.25,465.0,14929.0,70.07
BBTC,EQ,06-Jan-2014,113.0,112.5,115.6,111.5,111.8,112.1,113.3,17192,1947882.1,564.0,8000.0,46.53
BBTC,EQ,03-Jan-2014,112.35,112.05,113.4,108.7,113.3,113.0,111.58,39607,4419379.6,669.0,27465.0,69.34
BBTC,EQ,02-Jan-2014,115.6,115.3,117.3,111.0,112.95,112.35,114.33,24541,2805872.3,559.0,14115.0,57.52
BBTC,EQ,01-Jan-2014,115.8,115.2,117.35,114.8,115.95,115.6,116.02,16209,1880538.45,447.0,9498.0,58.6
BBTC,EQ,31-Dec-2013,117.75,118.0,119.4,115.1,115.3,115.8,116.98,26771,3131767.2,497.0,16701.0,62.38
BBTC,EQ,30-Dec-2015,485.15,486.0,499.0,486.0,493.0,491.2,492.91,85895,42338659.9,2596.0,35512.0,41.34
BBTC,EQ,29-Dec-2015,475.8,478.5,489.0,475.0,483.1,485.15,484.05,77108,37324252.45,2385.0,36737.0,47.64
BBTC,EQ,28-Dec-2015,471.25,471.25,481.55,471.25,478.9,475.8,476.36,26891,12809926.65,1235.0,14645.0,54.46
BBTC,EQ,24-Dec-2015,473.2,475.0,479.3,468.9,469.75,471.25,473.38,25146,11903510.85,1716.0,5748.0,22.86
BBTC,EQ,23-Dec-2015,471.05,475.8,482.0,471.0,472.85,473.2,475.37,28596,13593559.45,1200.0,10789.0,37.73
BBTC,EQ,22-Dec-2015,461.85,463.0,484.7,462.1,472.0,471.05,474.22,62285,29536916.6,2550.0,22121.0,35.52
BBTC,EQ,21-Dec-2015,462.4,458.0,469.75,458.0,462.0,461.85,463.4,16998,7876902.5,1058.0,7232.0,42.55
BBTC,EQ,18-Dec-2015,467.55,467.95,476.8,460.55,462.9,462.4,466.87,37188,17362015.15,1666.0,12809.0,34.44
BBTC,EQ,17-Dec-2015,444.8,451.95,472.2,444.0,468.0,467.55,461.41,105275,48575052.7,3831.0,37856.0,35.96
BBTC,EQ,16-Dec-2015,443.5,448.5,458.0,443.1,444.0,444.8,449.98,36648,16490989.05,1733.0,14115.0,38.52
BBTC,EQ,15-Dec-2015,441.65,445.0,446.1,430.2,444.0,443.5,440.78,26305,11594588.25,1696.0,9400.0,35.73
BBTC,EQ,14-Dec-2015,438.2,438.2,445.5,430.1,443.85,441.65,439.96,52896,23271872.8,1914.0,15942.0,30.14
BBTC,EQ,11-Dec-2015,449.05,452.0,457.0,433.0,439.7,438.2,441.11,39506,17426517.2,2140.0,13029.0,32.98
BBTC,EQ,10-Dec-2015,448.15,453.0,454.7,437.0,454.0,449.05,444.78,53577,23829800.9,2030.0,16988.0,31.71
BBTC,EQ,09-Dec-2015,467.45,468.95,469.05,442.1,449.0,448.15,453.2,86684,39285170.35,4171.0,33927.0,39.14
BBTC,EQ,08-Dec-2015,483.2,482.95,494.5,465.25,466.0,467.45,480.62,85774,41224998.35,3797.0,26395.0,30.77
BBTC,EQ,07-Dec-2015,485.1,490.05,492.9,481.15,482.0,483.2,487.32,43876,21381514.75,2803.0,14914.0,33.99
BBTC,EQ,04-Dec-2015,498.15,490.0,494.7,483.0,485.2,485.1,489.51,56749,27779041.45,1918.0,27324.0,48.15
BBTC,EQ,03-Dec-2015,494.8,494.8,517.7,488.0,496.45,498.15,506.16,234589,118739624.45,6990.0,68177.0,29.06
BBTC,EQ,02-Dec-2015,489.4,492.9,497.0,485.1,494.8,494.8,492.89,69850,34428577.5,2337.0,23450.0,33.57
BBTC,EQ,01-Dec-2015,484.25,486.95,497.8,481.1,488.7,489.4,489.79,59070,28932049.45,2427.0,12890.0,21.82
BBTC,EQ,30-Nov-2015,484.35,482.95,488.4,480.55,488.0,484.25,484.4,19955,9666150.5,1077.0,9232.0,46.26
BBTC,EQ,27-Nov-2015,485.3,485.6,492.0,480.5,485.0,484.35,486.24,39749,19327377.3,2362.0,12508.0,31.47
BBTC,EQ,26-Nov-2015,486.15,483.3,493.0,480.25,484.7,485.3,485.82,58451,28396749.0,3074.0,15465.0,26.46
BBTC,EQ,24-Nov-2015,494.05,496.0,498.9,484.0,484.25,486.15,491.5,49782,24468029.35,1776.0,25430.0,51.08
BBTC,EQ,23-Nov-2015,494.4,497.7,498.05,488.0,494.35,494.05,493.74,63402,31303815.85,2115.0,30513.0,48.13
BBTC,EQ,20-Nov-2015,495.7,495.0,503.0,491.25,494.2,494.4,497.37,79324,39453546.1,2575.0,37458.0,47.22
BBTC,EQ,19-Nov-2015,493.8,500.1,504.1,493.0,495.8,495.7,497.98,23203,11554647.95,968.0,9721.0,41.9
BBTC,EQ,18-Nov-2015,496.1,497.95,505.95,492.9,494.55,493.8,500.72,62385,31237340.9,2144.0,13875.0,22.24
BBTC,EQ,17-Nov-2015,481.9,485.5,503.75,482.5,495.6,496.1,493.8,141065,69657302.0,3801.0,34719.0,24.61
BBTC,EQ,16-Nov-2015,489.2,490.65,493.15,479.0,481.2,481.9,483.1,32873,15881090.95,1419.0,15875.0,48.29
BBTC,EQ,13-Nov-2015,502.2,496.1,498.8,487.05,490.0,489.2,492.65,24280,11961602.5,1080.0,13810.0,56.88
BBTC,EQ,11-Nov-2015,494.05,507.0,507.95,500.0,502.5,502.2,503.41,22797,11476150.15,653.0,15209.0,66.71
BBTC,EQ,10-Nov-2015,499.75,503.95,508.0,492.5,494.0,494.05,498.54,35742,17818800.25,1539.0,18373.0,51.4
BBTC,EQ,09-Nov-2015,505.05,493.5,505.9,484.1,500.8,499.75,498.73,53953,26908215.65,1767.0,14787.0,27.41
BBTC,EQ,06-Nov-2015,511.65,511.05,524.8,498.8,504.45,505.05,508.13,36809,18703731.1,2188.0,15899.0,43.19
BBTC,EQ,05-Nov-2015,520.3,519.95,528.0,508.05,509.5,511.65,515.56,85750,44208906.75,3265.0,28117.0,32.79
BBTC,EQ,04-Nov-2015,498.8,498.75,539.0,493.8,520.0,520.3,524.15,229189,120128863.1,7707.0,59261.0,25.86
BBTC,EQ,03-Nov-2015,494.45,491.4,502.95,491.4,502.0,498.8,497.02,30907,15361432.1,1943.0,11249.0,36.4
BBTC,EQ,02-Nov-2015,498.4,496.05,502.65,490.7,494.0,494.45,495.74,34971,17336375.6,1868.0,10942.0,31.29
BBTC,EQ,30-Oct-2015,498.6,495.05,510.15,491.5,500.0,498.4,499.84,50168,25075771.0,3011.0,20407.0,40.68
BBTC,EQ,29-Oct-2015,501.95,509.85,509.85,492.95,503.9,498.6,497.78,61754,30739779.3,2575.0,18531.0,30.01
BBTC,EQ,28-Oct-2015,503.1,501.0,507.8,490.0,502.0,501.95,500.22,37594,18805287.95,2675.0,8243.0,21.93
BBTC,EQ,27-Oct-2015,505.15,504.05,509.85,498.2,505.0,503.1,504.01,28314,14270679.65,2213.0,7337.0,25.91
BBTC,EQ,26-Oct-2015,509.3,515.9,515.9,498.55,504.1,505.15,504.14,34189,17235996.4,1956.0,7189.0,21.03
BBTC,EQ,23-Oct-2015,517.15,519.95,521.85,506.2,514.0,509.3,513.35,31769,16308681.05,1571.0,11453.0,36.05
BBTC,EQ,21-Oct-2015,513.2,517.9,528.8,513.3,517.5,517.15,521.13,75129,39151780.95,2924.0,14204.0,18.91
BBTC,EQ,20-Oct-2015,518.75,522.6,522.95,510.5,515.95,513.2,517.08,34064,17613768.85,1641.0,13443.0,39.46
BBTC,EQ,19-Oct-2015,515.6,518.0,524.7,516.0,517.05,518.75,520.18,41982,21838175.85,2083.0,12073.0,28.76
BBTC,EQ,16-Oct-2015,524.55,522.0,527.85,513.5,514.7,515.6,519.94,60122,31259797.45,2155.0,19258.0,32.03
BBTC,EQ,15-Oct-2015,516.6,516.95,533.75,516.95,524.95,524.55,526.55,125981,66335079.95,3584.0,29524.0,23.44
BBTC,EQ,14-Oct-2015,510.8,510.0,521.6,508.25,515.1,516.6,515.68,42511,21922000.6,2521.0,15147.0,35.63
BBTC,EQ,13-Oct-2015,514.65,510.0,519.7,505.0,511.0,510.8,511.51,78880,40347571.4,2912.0,23199.0,29.41
BBTC,EQ,12-Oct-2015,519.3,523.9,524.4,507.0,514.5,514.65,515.48,106698,55000776.6,4331.0,38406.0,36.0
BBTC,EQ,09-Oct-2015,487.6,488.4,529.0,486.1,520.2,519.3,513.72,357374,183589654.1,11374.0,93045.0,26.04
BBTC,EQ,08-Oct-2015,482.95,482.05,504.95,481.5,488.0,487.6,493.76,92243,45545932.8,3533.0,20461.0,22.18
BBTC,EQ,07-Oct-2015,487.6,489.9,492.0,479.0,482.5,482.95,485.48,42742,20750271.9,2446.0,16528.0,38.67
BBTC,EQ,06-Oct-2015,497.8,500.0,502.4,484.4,488.0,487.6,493.87,63125,31175402.55,2564.0,24286.0,38.47
BBTC,EQ,05-Oct-2015,482.4,487.45,503.85,483.0,496.25,497.8,497.03,106656,53011589.6,4573.0,28688.0,26.9
BBTC,EQ,01-Oct-2015,481.25,483.0,497.0,478.25,486.9,482.4,486.91,89581,43618190.7,3346.0,25854.0,28.86
BBTC,EQ,30-Sep-2015,462.9,463.95,488.0,462.0,483.0,481.25,477.05,135696,64734051.8,4658.0,32376.0,23.86
BBTC,EQ,29-Sep-2015,463.4,459.0,469.5,454.95,462.25,462.9,462.04,31311,14466961.55,1574.0,8896.0,28.41
BBTC,EQ,28-Sep-2015,458.6,459.0,465.8,459.0,465.8,463.4,462.79,24060,11134795.25,1515.0,12198.0,50.7
BBTC,EQ,24-Sep-2015,459.6,459.85,466.2,456.75,459.0,458.6,461.19,31288,14429640.15,1388.0,15683.0,50.12
BBTC,EQ,23-Sep-2015,457.8,455.05,467.0,454.1,462.9,459.6,461.2,24723,11402365.1,1628.0,8062.0,32.61
BBTC,EQ,22-Sep-2015,464.85,467.95,473.0,453.8,455.0,457.8,463.5,33474,15515282.5,1716.0,12572.0,37.56
BBTC,EQ,21-Sep-2015,464.25,467.0,467.75,461.0,465.0,464.85,464.93,36373,16910754.75,1287.0,7464.0,20.52
BBTC,EQ,18-Sep-2015,462.35,466.05,468.9,456.05,463.1,464.25,463.2,51596,23899415.5,1811.0,27571.0,53.44
BBTC,EQ,16-Sep-2015,463.3,465.2,474.0,457.0,460.0,462.35,465.66,52831,24601035.45,2667.0,15745.0,29.8
BBTC,EQ,15-Sep-2015,454.75,452.6,473.0,452.6,465.0,463.3,464.94,75826,35254666.55,3285.0,21964.0,28.97
BBTC,EQ,14-Sep-2015,452.8,459.0,462.05,451.25,454.0,454.75,455.53,38006,17312791.95,2001.0,10704.0,28.16
BBTC,EQ,11-Sep-2015,445.3,452.0,460.0,448.9,455.0,452.8,454.15,48476,22015205.5,2273.0,16255.0,33.53
BBTC,EQ,10-Sep-2015,448.9,440.15,453.7,436.25,453.0,445.3,442.77,43906,19440369.85,1899.0,14571.0,33.19
BBTC,EQ,09-Sep-2015,445.0,452.0,461.55,443.2,449.7,448.9,452.11,86936,39304625.55,3278.0,25286.0,29.09
BBTC,EQ,08-Sep-2015,446.85,442.0,453.25,428.45,443.6,445.0,441.21,65240,28784674.8,2777.0,15472.0,23.72
BBTC,EQ,07-Sep-2015,451.1,459.65,461.95,431.0,450.0,446.85,446.24,66484,29668133.65,3070.0,27590.0,41.5
BBTC,EQ,04-Sep-2015,467.05,466.0,466.0,437.0,460.0,451.1,449.72,81643,36716275.05,3749.0,29389.0,36.0
BBTC,EQ,03-Sep-2015,460.6,467.1,479.9,462.1,468.0,467.05,470.56,55753,26234905.15,2756.0,16206.0,29.07
BBTC,EQ,02-Sep-2015,460.35,466.95,474.2,456.6,460.1,460.6,466.24,49539,23096911.9,2165.0,16957.0,34.23
BBTC,EQ,01-Sep-2015,472.6,469.9,476.8,456.05,462.4,460.35,465.54,48739,22689774.3,2148.0,14096.0,28.92
BBTC,EQ,31-Aug-2015,478.25,477.05,487.0,470.5,471.3,472.6,477.94,48974,23406398.7,2333.0,14856.0,30.33
BBTC,EQ,28-Aug-2015,477.4,482.0,498.0,475.0,477.05,478.25,488.75,95456,46653835.1,4175.0,29254.0,30.65
BBTC,EQ,27-Aug-2015,466.2,483.9,489.0,468.15,476.15,477.4,479.04,89161,42711242.85,3020.0,28023.0,31.43
BBTC,EQ,26-Aug-2015,469.5,474.8,493.0,451.55,464.0,466.2,474.89,84705,40225722.45,3375.0,21399.0,25.26
BBTC,EQ,25-Aug-2015,460.8,474.45,492.0,418.0,473.9,469.5,464.05,206203,95688143.95,5594.0,86713.0,42.05
BBTC,EQ,24-Aug-2015,558.1,536.0,537.8,447.0,459.05,460.8,488.84,177938,86982495.45,5592.0,95814.0,53.85
BBTC,EQ,21-Aug-2015,576.95,569.0,571.8,548.3,557.0,558.1,557.92,104984,58573018.85,4226.0,37870.0,36.07
BBTC,EQ,20-Aug-2015,593.85,592.5,599.0,573.0,578.95,576.95,585.43,80387,47061336.35,2572.0,34936.0,43.46
BBTC,EQ,19-Aug-2015,599.85,597.7,603.9,590.5,594.0,593.85,595.77,80165,47760262.2,3690.0,26520.0,33.08
BBTC,EQ,18-Aug-2015,590.05,600.0,611.0,596.0,597.65,599.85,603.78,192270,116088713.65,6241.0,54145.0,28.16
BBTC,EQ,17-Aug-2015,574.8,577.0,598.8,565.5,590.05,590.05,588.2,209990,123516717.8,6843.0,43740.0,20.83
BBTC,EQ,14-Aug-2015,575.4,577.95,582.45,565.05,573.0,574.8,573.35,89095,51082401.85,3067.0,30269.0,33.97
BBTC,EQ,13-Aug-2015,562.85,563.0,588.9,563.0,576.0,575.4,578.26,133038,76931132.9,4517.0,33107.0,24.89
BBTC,EQ,12-Aug-2015,582.5,580.0,585.0,557.0,566.0,562.85,569.23,129597,73770642.4,4192.0,56672.0,43.73
BBTC,EQ,11-Aug-2015,594.4,594.5,605.95,576.0,586.75,582.5,590.73,100324,59264895.6,3934.0,42874.0,42.74
BBTC,EQ,10-Aug-2015,584.95,586.6,612.0,586.6,593.0,594.4,602.52,262247,158009421.3,8724.0,52279.0,19.94
BBTC,EQ,07-Aug-2015,591.8,585.0,611.0,580.5,584.8,584.95,597.32,184445,110172604.25,6056.0,51605.0,27.98
BBTC,EQ,06-Aug-2015,604.65,600.3,612.8,582.3,589.35,591.8,595.62,170810,101737118.1,5415.0,55740.0,32.63
BBTC,EQ,05-Aug-2015,620.1,622.0,637.7,599.0,606.0,604.65,623.06,371017,231164171.0,9949.0,133972.0,36.11
BBTC,EQ,04-Aug-2015,602.8,603.9,634.9,602.0,619.0,620.1,620.19,591374,366762831.9,15998.0,111094.0,18.79
BBTC,EQ,03-Aug-2015,608.1,608.0,623.0,587.0,604.9,602.8,603.47,326316,196921431.7,10486.0,70966.0,21.75
BBTC,EQ,31-Jul-2015,603.65,610.0,632.3,595.5,603.3,608.1,617.1,758366,467985123.35,22733.0,166369.0,21.94
BBTC,EQ,30-Jul-2015,524.1,528.85,616.2,527.0,607.85,603.65,581.65,1406739,818229814.05,36011.0,318932.0,22.67
BBTC,EQ,29-Jul-2015,525.7,529.75,533.5,521.55,523.9,524.1,526.85,69473,36602008.3,2105.0,25415.0,36.58
BBTC,EQ,28-Jul-2015,512.0,514.0,538.0,514.0,524.1,525.7,527.93,150165,79277235.25,4645.0,50059.0,33.34
BBTC,EQ,27-Jul-2015,526.65,522.0,536.0,506.95,515.0,512.0,522.7,134878,70500165.55,3382.0,58150.0,43.11
BBTC,EQ,24-Jul-2015,528.95,528.85,534.0,522.5,525.25,526.65,528.45,117596,62143020.7,3130.0,26818.0,22.81
BBTC,EQ,23-Jul-2015,528.75,531.65,536.5,525.25,529.3,528.95,530.96,72343,38410993.5,2643.0,16897.0,23.36
BBTC,EQ,22-Jul-2015,519.15,521.0,534.4,515.0,528.95,528.75,524.24,118503,62123660.15,3225.0,45076.0,38.04
BBTC,EQ,21-Jul-2015,539.2,540.25,543.0,517.05,519.7,519.15,525.19,116009,60926515.3,4814.0,44172.0,38.08
BBTC,EQ,20-Jul-2015,535.65,540.55,557.0,535.15,537.0,539.2,545.15,284585,155140701.2,7524.0,92344.0,32.45
BBTC,EQ,17-Jul-2015,516.7,519.9,545.0,515.5,538.25,535.65,533.02,384401,204894487.25,13418.0,130537.0,33.96
BBTC,EQ,16-Jul-2015,514.4,515.0,525.0,515.0,517.0,516.7,519.82,104830,54492741.95,2893.0,33430.0,31.89
BBTC,EQ,15-Jul-2015,519.1,521.0,526.0,512.0,517.95,514.4,518.57,117325,60841170.35,2968.0,50373.0,42.93
BBTC,EQ,14-Jul-2015,523.0,526.5,528.5,517.2,520.0,519.1,522.5,101702,53138979.35,2927.0,35605.0,35.01
BBTC,EQ,13-Jul-2015,513.95,516.0,538.0,516.0,523.0,523.0,528.93,207854,109939355.75,5269.0,55717.0,26.81
BBTC,EQ,10-Jul-2015,521.05,524.9,528.65,512.1,513.0,513.95,518.53,79905,41433123.45,2081.0,37275.0,46.65
BBTC,EQ,09-Jul-2015,515.05,519.45,527.1,515.0,520.0,521.05,520.89,95674,49835845.4,2481.0,31473.0,32.9
BBTC,EQ,08-Jul-2015,524.4,522.5,527.8,510.0,513.0,515.05,519.49,165665,86060614.45,4637.0,54598.0,32.96
BBTC,EQ,07-Jul-2015,510.0,511.0,541.0,509.0,524.0,524.4,527.01,485556,255893363.95,12996.0,96005.0,19.77
BBTC,EQ,06-Jul-2015,503.25,497.0,514.8,491.0,510.05,510.0,505.31,129205,65288405.7,4065.0,27938.0,21.62
BBTC,EQ,03-Jul-2015,501.9,504.0,517.0,500.0,502.0,503.25,506.29,89795,45462140.1,2956.0,25945.0,28.89
BBTC,EQ,02-Jul-2015,511.35,514.5,514.5,499.25,502.0,501.9,507.4,88423,44866000.95,2782.0,27058.0,30.6
BBTC,EQ,01-Jul-2015,507.35,512.0,524.9,509.0,511.45,511.35,515.44,154071,79413622.85,4659.0,42146.0,27.35
BBTC,EQ,30-Jun-2015,479.9,475.15,514.65,475.15,507.0,507.35,504.75,366208,184843569.6,10637.0,83720.0,22.86
BBTC,EQ,29-Jun-2015,489.1,475.0,483.3,472.0,479.05,479.9,477.47,76075,36323162.85,2221.0,30337.0,39.88
BBTC,EQ,26-Jun-2015,491.2,492.9,493.5,483.2,487.8,489.1,488.54,52025,25416122.85,1900.0,15995.0,30.74
BBTC,EQ,25-Jun-2015,491.85,488.4,495.5,487.25,490.1,491.2,490.93,46725,22938838.9,2041.0,13864.0,29.67
BBTC,EQ,24-Jun-2015,492.75,494.8,499.85,488.3,490.55,491.85,494.68,118418,58579344.3,3441.0,40996.0,34.62
BBTC,EQ,23-Jun-2015,498.95,500.0,501.7,487.6,492.2,492.75,493.54,65241,32198718.35,2689.0,20969.0,32.14
BBTC,EQ,22-Jun-2015,488.05,491.75,503.9,488.0,499.0,498.95,497.86,166318,82802335.0,6358.0,40550.0,24.38
BBTC,EQ,19-Jun-2015,486.15,486.15,494.8,485.1,487.05,488.05,489.62,61547,30134406.9,2176.0,14851.0,24.13
BBTC,EQ,18-Jun-2015,490.6,491.65,498.4,483.2,485.35,486.15,489.17,124743,61020080.2,4255.0,39720.0,31.84
BBTC,EQ,17-Jun-2015,482.3,488.2,503.6,483.0,489.05,490.6,493.91,236685,116900418.0,7201.0,42503.0,17.96
BBTC,EQ,16-Jun-2015,472.55,473.95,488.3,463.0,481.0,482.3,476.97,108530,51765179.15,3430.0,34028.0,31.35
BBTC,EQ,15-Jun-2015,473.75,469.5,484.0,466.7,472.5,472.55,478.0,119672,57202823.8,3789.0,19285.0,16.11
BBTC,EQ,12-Jun-2015,480.9,479.5,487.5,471.2,472.9,473.75,478.08,141820,67801481.6,4209.0,30346.0,21.4
BBTC,EQ,11-Jun-2015,495.7,498.95,501.6,478.2,480.5,480.9,489.38,65550,32078602.6,2720.0,24181.0,36.89
BBTC,EQ,10-Jun-2015,490.95,491.0,507.5,486.65,496.25,495.7,498.65,113856,56773957.75,3968.0,27085.0,23.79
BBTC,EQ,09-Jun-2015,496.9,492.0,504.0,487.15,489.0,490.95,494.9,105584,52253506.05,3593.0,19943.0,18.89
BBTC,EQ,08-Jun-2015,515.55,514.4,522.0,490.0,493.0,496.9,505.16,169800,85776498.05,6022.0,52212.0,30.75
BBTC,EQ,05-Jun-2015,497.45,504.7,524.3,502.3,519.5,515.55,514.21,416259,214044478.0,11491.0,73268.0,17.6
BBTC,EQ,04-Jun-2015,484.6,485.9,511.4,481.25,498.25,497.45,497.14,262221,130360920.15,8595.0,53357.0,20.35
BBTC,EQ,03-Jun-2015,483.85,483.95,492.0,462.5,488.45,484.6,479.0,191815,91879428.25,5618.0,55984.0,29.19
BBTC,EQ,02-Jun-2015,516.3,518.4,518.4,481.15,483.0,483.85,497.81,222616,110820766.4,9177.0,71338.0,32.05
BBTC,EQ,01-Jun-2015,547.3,546.0,546.0,512.55,515.5,516.3,525.38,211629,111185507.55,8913.0,88151.0,41.65
BBTC,EQ,29-May-2015,524.15,524.75,551.5,520.9,547.0,547.3,539.89,536598,289704237.5,19442.0,184084.0,34.31
BBTC,EQ,28-May-2015,496.8,505.0,554.9,504.0,523.4,524.15,533.26,1090938,581748596.05,32592.0,200310.0,18.36
BBTC,EQ,27-May-2015,486.1,482.4,505.65,477.1,505.65,496.8,490.11,265617,130181990.5,7289.0,79583.0,29.96
BBTC,EQ,26-May-2015,470.05,472.6,495.0,468.5,485.9,486.1,486.31,481557,234187384.85,13184.0,89070.0,18.5
BBTC,EQ,25-May-2015,467.0,472.0,478.0,461.5,470.3,470.05,469.1,234714,110104939.15,8314.0,57727.0,24.59
BBTC,EQ,22-May-2015,427.1,434.0,481.7,434.0,464.1,467.0,468.99,956626,448652355.4,25858.0,150126.0,15.69
BBTC,EQ,21-May-2015,431.75,431.0,436.0,425.1,425.1,427.1,429.3,39782,17078375.3,1707.0,15777.0,39.66
BBTC,EQ,20-May-2015,432.8,437.75,442.2,430.0,431.5,431.75,435.84,58313,25414860.8,2031.0,24840.0,42.6
BBTC,EQ,19-May-2015,430.15,430.9,444.8,427.25,432.5,432.8,434.97,105786,46013784.0,3186.0,26506.0,25.06
BBTC,EQ,18-May-2015,421.7,422.0,434.5,422.0,430.0,430.15,429.04,79749,34215453.05,2546.0,25431.0,31.89
BBTC,EQ,15-May-2015,419.6,421.0,430.6,419.2,421.05,421.7,425.33,93022,39565042.95,3302.0,29529.0,31.74
BBTC,EQ,14-May-2015,418.0,418.75,425.0,414.0,419.5,419.6,420.27,51361,21585448.7,1514.0,19732.0,38.42
BBTC,EQ,13-May-2015,415.4,419.0,427.0,414.05,418.0,418.0,419.81,69865,29330182.0,2028.0,23023.0,32.95
BBTC,EQ,12-May-2015,426.5,427.8,427.8,414.0,416.0,415.4,417.41,47490,19822927.15,1693.0,19408.0,40.87
BBTC,EQ,11-May-2015,419.65,429.5,433.5,423.25,426.0,426.5,427.96,84298,36076183.1,2737.0,28293.0,33.56
BBTC,EQ,08-May-2015,411.5,425.0,429.0,416.0,420.9,419.65,424.01,54071,22926650.75,2134.0,19193.0,35.5
BBTC,EQ,07-May-2015,424.6,428.7,432.7,404.1,412.95,411.5,418.89,105597,44233192.9,4175.0,30930.0,29.29
BBTC,EQ,06-May-2015,445.65,448.55,458.0,420.1,423.0,424.6,442.22,158404,70050166.05,5493.0,49144.0,31.02
BBTC,EQ,05-May-2015,437.15,439.4,454.0,431.2,445.15,445.65,445.18,167975,74779445.95,5417.0,42994.0,25.6
BBTC,EQ,04-May-2015,419.1,424.7,443.0,423.0,440.0,437.15,432.91,139881,60555499.5,5596.0,26222.0,18.75
BBTC,EQ,30-Apr-2015,421.25,420.0,425.0,411.5,417.15,419.1,418.38,74065,30987458.2,3007.0,14141.0,19.09
BBTC,EQ,29-Apr-2015,427.35,423.9,432.6,415.5,420.5,421.25,423.41,98721,41799697.1,3731.0,22222.0,22.51
BBTC,EQ,28-Apr-2015,401.5,401.0,434.75,392.1,422.0,427.35,417.73,181183,75686421.1,5861.0,28658.0,15.82
BBTC,EQ,27-Apr-2015,422.85,424.05,427.5,396.4,400.0,401.5,403.76,115133,46486433.15,3794.0,26010.0,22.59
BBTC,EQ,24-Apr-2015,440.4,440.4,442.95,415.25,425.0,422.85,426.78,112159,47867191.85,2940.0,42032.0,37.48
BBTC,EQ,23-Apr-2015,436.6,439.5,455.15,436.1,440.0,440.4,444.98,105385,46894719.0,3972.0,27785.0,26.37
BBTC,EQ,22-Apr-2015,439.15,440.5,445.4,425.55,437.1,436.6,437.46,86988,38053979.65,2993.0,26088.0,29.99
BBTC,EQ,21-Apr-2015,443.65,447.5,447.5,426.65,439.15,439.15,437.09,126194,55158577.6,3436.0,33719.0,26.72
BBTC,EQ,20-Apr-2015,453.75,456.0,456.0,440.0,445.3,443.65,445.53,96105,42817722.8,3433.0,32107.0,33.41
BBTC,EQ,17-Apr-2015,467.65,470.5,476.95,450.0,456.7,453.75,466.26,147736,68883151.95,5226.0,48614.0,32.91
BBTC,EQ,16-Apr-2015,481.7,484.8,485.75,461.0,467.5,467.65,471.36,154199,72683789.4,6127.0,53028.0,34.39
BBTC,EQ,15-Apr-2015,475.95,477.95,506.2,470.0,484.0,481.7,488.88,409228,200061387.7,9954.0,90189.0,22.04
BBTC,EQ,13-Apr-2015,478.05,482.4,489.2,472.55,475.0,475.95,480.99,146301,70368903.05,5503.0,42939.0,29.35
BBTC,EQ,10-Apr-2015,468.3,470.85,482.8,466.0,478.4,478.05,475.41,154691,73541689.8,6976.0,29211.0,18.88
BBTC,EQ,09-Apr-2015,470.25,474.2,478.4,462.1,467.5,468.3,469.21,117656,55205938.1,4422.0,26269.0,22.33
BBTC,EQ,08-Apr-2015,479.15,482.0,485.75,467.0,470.25,470.25,477.21,174939,83481830.85,5369.0,49045.0,28.04
BBTC,EQ,07-Apr-2015,474.35,477.0,497.8,470.55,477.8,479.15,483.45,421424,203737184.2,10003.0,71623.0,17.0
BBTC,EQ,06-Apr-2015,449.15,455.0,479.45,450.1,472.5,474.35,466.18,394669,183985974.4,10096.0,100889.0,25.56
BBTC,EQ,01-Apr-2015,440.05,441.0,458.0,431.3,448.0,449.15,444.19,141334,62779648.5,4670.0,32690.0,23.13
BBTC,EQ,31-Mar-2015,453.15,456.0,458.45,435.35,440.0,440.05,446.85,123506,55188465.35,4204.0,48166.0,39.0
BBTC,EQ,30-Mar-2015,430.2,435.8,457.8,435.35,454.0,453.15,447.96,254811,114145273.65,7546.0,75503.0,29.63
BBTC,EQ,27-Mar-2015,425.15,425.0,437.8,412.55,433.0,430.2,425.06,175066,74414129.75,4045.0,90272.0,51.56
BBTC,EQ,26-Mar-2015,435.6,432.1,435.0,422.2,431.4,425.15,429.7,82027,35247205.25,2514.0,30844.0,37.6
BBTC,EQ,25-Mar-2015,442.5,446.8,450.9,434.2,436.0,435.6,440.83,106721,47046294.1,3377.0,39956.0,37.44
BBTC,EQ,24-Mar-2015,445.9,445.0,454.2,438.0,442.0,442.5,447.45,135663,60702225.2,3692.0,34623.0,25.52
BBTC,EQ,23-Mar-2015,449.05,451.0,466.0,439.0,445.0,445.9,451.8,236983,107068635.7,6527.0,46826.0,19.76
BBTC,EQ,20-Mar-2015,468.65,471.45,472.3,445.0,452.2,449.05,457.89,120489,55170818.55,4528.0,40313.0,33.46
BBTC,EQ,19-Mar-2015,479.65,484.4,494.0,466.5,469.0,468.65,482.75,174849,84407935.7,5251.0,46750.0,26.74
BBTC,EQ,18-Mar-2015,472.0,472.55,489.0,466.3,480.7,479.65,479.37,240956,115507271.55,6628.0,58403.0,24.24
BBTC,EQ,17-Mar-2015,464.4,468.0,479.75,463.5,472.1,472.0,471.93,171027,80713231.2,5960.0,41832.0,24.46
BBTC,EQ,16-Mar-2015,477.8,481.7,482.9,458.0,463.55,464.4,467.09,131948,61630997.4,5237.0,33842.0,25.65
BBTC,EQ,13-Mar-2015,499.65,503.9,504.2,472.0,481.0,477.8,484.43,238296,115438664.55,8601.0,77057.0,32.34
BBTC,EQ,12-Mar-2015,518.8,523.1,535.15,488.2,498.0,499.65,514.61,413467,212775794.85,12727.0,99105.0,23.97
BBTC,EQ,11-Mar-2015,517.4,524.2,536.0,511.0,523.0,518.8,522.44,270227,141178062.75,8569.0,66047.0,24.44
BBTC,EQ,10-Mar-2015,503.85,507.1,541.8,505.45,521.9,517.4,523.89,600782,314741115.6,15218.0,128959.0,21.47
BBTC,EQ,09-Mar-2015,474.6,479.0,550.0,470.0,503.5,503.85,519.42,1385868,719849877.5,35933.0,269998.0,19.48
BBTC,EQ,05-Mar-2015,464.55,460.5,489.5,460.5,473.0,474.6,476.08,276965,131857214.55,8650.0,67976.0,24.54
BBTC,EQ,04-Mar-2015,485.85,494.7,502.0,458.0,463.0,464.55,484.39,449811,217885122.15,10800.0,135042.0,30.02
BBTC,EQ,03-Mar-2015,442.4,446.25,486.6,444.75,486.6,485.85,476.23,779600,371270167.55,17011.0,194813.0,24.99
BBTC,EQ,02-Mar-2015,427.15,427.15,454.75,426.0,441.7,442.4,440.99,276928,122123749.65,6207.0,68170.0,24.62
BBTC,EQ,28-Feb-2015,422.8,429.0,433.65,418.0,429.0,427.15,427.04,94925,40537030.35,2485.0,27853.0,29.34
BBTC,EQ,27-Feb-2015,423.0,427.65,432.25,418.05,423.0,422.8,425.94,122891,52343665.1,3995.0,40074.0,32.61
BBTC,EQ,26-Feb-2015,426.85,429.0,439.0,414.0,423.0,423.0,430.11,115151,49527923.95,3185.0,30420.0,26.42
BBTC,EQ,25-Feb-2015,451.8,451.8,462.75,421.5,428.05,426.85,439.39,134093,58918704.75,3794.0,48604.0,36.25
BBTC,EQ,24-Feb-2015,466.75,468.0,470.9,450.0,452.0,451.8,459.98,68146,31345492.25,2263.0,27262.0,40.01
BBTC,EQ,23-Feb-2015,468.25,470.05,474.4,463.0,466.0,466.75,468.85,126174,59157065.9,4029.0,62173.0,49.28
BBTC,EQ,20-Feb-2015,469.45,471.95,482.0,461.25,469.0,468.25,470.5,214747,101038362.95,4629.0,69659.0,32.44
BBTC,EQ,19-Feb-2015,471.05,473.9,480.0,461.25,468.0,469.45,471.6,277577,130904391.2,5433.0,152650.0,54.99
BBTC,EQ,18-Feb-2015,470.65,472.0,481.9,466.0,471.0,471.05,472.73,169357,80060753.85,4096.0,57356.0,33.87
BBTC,EQ,16-Feb-2015,460.05,463.0,482.6,461.1,472.1,470.65,471.71,318588,150281354.5,7834.0,104559.0,32.82
BBTC,EQ,13-Feb-2015,462.3,468.05,471.9,452.7,460.1,460.05,463.65,394132,182741066.6,8948.0,118412.0,30.04
BBTC,EQ,12-Feb-2015,420.3,423.8,462.3,419.6,462.3,462.3,450.38,716247,322585629.05,16136.0,160603.0,22.42
BBTC,EQ,11-Feb-2015,414.45,418.3,431.5,416.0,421.0,420.3,422.67,127201,53763508.45,3872.0,22506.0,17.69
BBTC,EQ,10-Feb-2015,416.45,417.0,429.7,409.5,416.9,414.45,420.31,110080,46267229.1,3838.0,38099.0,34.61
BBTC,EQ,09-Feb-2015,415.7,380.0,434.6,380.0,420.0,416.45,419.18,204090,85551238.9,6031.0,59905.0,29.35
BBTC,EQ,06-Feb-2015,435.2,437.1,447.7,410.05,417.0,415.7,426.8,203506,86856522.45,5434.0,83250.0,40.91
BBTC,EQ,05-Feb-2015,433.1,438.0,454.75,431.3,434.2,435.2,446.24,303565,135462339.45,6580.0,46746.0,15.4
BBTC,EQ,04-Feb-2015,435.9,439.8,446.15,431.0,432.8,433.1,437.8,175747,76941407.4,4893.0,34521.0,19.64
BBTC,EQ,03-Feb-2015,451.95,463.0,467.0,432.2,435.0,435.9,447.11,299964,134117751.85,5408.0,125309.0,41.77
BBTC,EQ,02-Feb-2015,430.45,427.0,451.95,427.0,451.95,451.95,441.94,168794,74596572.1,3908.0,88208.0,52.26
BBTC,EQ,30-Jan-2015,436.0,445.05,449.0,427.35,428.35,430.45,436.63,151414,66111527.1,4545.0,61980.0,40.93
BBTC,EQ,29-Jan-2015,441.95,442.0,451.25,430.0,441.0,436.0,439.55,128761,56597035.45,3205.0,60298.0,46.83
BBTC,EQ,28-Jan-2015,450.9,450.9,462.0,438.65,442.8,441.95,449.88,173706,78147157.35,5855.0,40484.0,23.31
BBTC,EQ,27-Jan-2015,457.45,458.0,466.0,447.0,448.0,450.9,458.09,115081,52717458.15,3370.0,34957.0,30.38
BBTC,EQ,23-Jan-2015,464.7,469.0,472.8,451.25,461.65,457.45,461.43,117947,54424527.8,3393.0,57392.0,48.66
BBTC,EQ,22-Jan-2015,473.55,472.0,480.0,462.5,463.0,464.7,471.07,188009,88565681.95,5032.0,61712.0,32.82
BBTC,EQ,21-Jan-2015,470.8,470.1,483.9,465.1,473.0,473.55,474.23,180705,85695590.9,4910.0,52527.0,29.07
BBTC,EQ,20-Jan-2015,483.75,481.0,489.9,468.85,471.4,470.8,478.68,261443,125146468.9,6266.0,93427.0,35.74
BBTC,EQ,19-Jan-2015,464.9,461.0,488.1,460.5,479.0,483.75,479.72,462826,222028190.0,9612.0,171395.0,37.03
BBTC,EQ,16-Jan-2015,464.9,463.0,481.8,460.55,462.0,464.9,470.69,294782,138751932.75,9203.0,91533.0,31.05
BBTC,EQ,15-Jan-2015,454.75,458.6,474.5,436.15,466.95,464.9,460.05,510195,234716514.5,11215.0,123276.0,24.16
BBTC,EQ,14-Jan-2015,469.25,471.45,477.5,452.0,458.5,454.75,463.96,163619,75912941.1,4064.0,53936.0,32.96
BBTC,EQ,13-Jan-2015,476.1,477.0,487.9,465.7,467.85,469.25,476.57,200421,95514748.15,4943.0,50863.0,25.38
BBTC,EQ,12-Jan-2015,472.3,476.0,486.0,472.25,475.15,476.1,478.39,171857,82215351.25,4640.0,51523.0,29.98
BBTC,EQ,09-Jan-2015,484.45,489.0,501.7,467.0,471.1,472.3,482.07,565555,272638548.35,13342.0,146862.0,25.97
BBTC,EQ,08-Jan-2015,462.25,478.0,503.9,476.0,483.1,484.45,489.79,969711,474954383.65,22119.0,223461.0,23.04
BBTC,EQ,07-Jan-2015,420.25,423.55,462.25,420.5,462.25,462.25,450.83,1261920,568908687.9,22790.0,260848.0,20.67
BBTC,EQ,06-Jan-2015,444.6,440.0,442.8,410.3,421.4,420.25,427.57,247704,105909864.45,6452.0,78838.0,31.83
BBTC,EQ,05-Jan-2015,424.1,442.0,463.7,439.0,444.75,444.6,450.64,529171,238463060.55,12494.0,161930.0,30.6
BBTC,EQ,02-Jan-2015,385.55,397.35,424.1,395.0,424.1,424.1,417.46,544423,227274185.55,9472.0,127169.0,23.36
BBTC,EQ,01-Jan-2015,367.2,364.75,385.55,364.75,385.55,385.55,378.55,149047,56421649.7,3363.0,72938.0,48.94
BBTC,EQ,31-Dec-2014,369.9,370.0,379.85,364.9,366.15,367.2,371.67,343664,127731233.2,6443.0,94074.0,27.37
BBTC,EQ,29-Dec-2016,505.05,506.0,536.4,504.0,520.0,520.35,524.37,144765,75911096.95,5329.0,40448.0,27.94
BBTC,EQ,28-Dec-2016,490.15,494.8,534.3,491.25,509.0,505.05,509.83,89638,45699735.35,3556.0,21434.0,23.91
BBTC,EQ,27-Dec-2016,477.4,477.15,493.8,473.1,487.7,490.15,484.47,25116,12168037.6,1238.0,12779.0,50.88
BBTC,EQ,26-Dec-2016,486.65,484.3,489.85,472.95,474.9,477.4,481.81,19212,9256557.4,911.0,10113.0,52.64
BBTC,EQ,23-Dec-2016,489.2,486.25,507.85,484.5,486.15,486.65,497.8,49624,24702638.35,2332.0,11459.0,23.09
BBTC,EQ,22-Dec-2016,497.5,492.65,496.95,486.5,487.1,489.2,490.48,13929,6831934.25,633.0,8832.0,63.41
BBTC,EQ,21-Dec-2016,483.55,483.9,520.0,482.25,496.55,497.5,496.32,96261,47775960.3,3094.0,44328.0,46.05
BBTC,EQ,20-Dec-2016,489.3,488.0,493.75,482.25,483.0,483.55,485.95,14494,7043359.4,922.0,6220.0,42.91
BBTC,EQ,19-Dec-2016,493.95,494.0,497.95,484.95,488.5,489.3,491.84,18617,9156534.1,775.0,12054.0,64.75
BBTC,EQ,16-Dec-2016,497.3,497.35,504.9,488.0,491.45,493.95,496.6,31415,15600684.35,1491.0,13669.0,43.51
BBTC,EQ,15-Dec-2016,502.95,501.0,513.9,494.1,495.9,497.3,502.36,15722,7898081.9,897.0,7507.0,47.75
BBTC,EQ,14-Dec-2016,506.8,512.7,512.85,501.1,505.0,502.95,506.86,20093,10184428.1,1126.0,10954.0,54.52
BBTC,EQ,13-Dec-2016,508.0,508.0,517.0,503.55,504.3,506.8,509.76,26998,13762390.65,1350.0,9182.0,34.01
BBTC,EQ,12-Dec-2016,517.35,512.0,520.05,505.15,506.5,508.0,513.55,32354,16615514.15,1435.0,10895.0,33.67
BBTC,EQ,09-Dec-2016,518.6,520.0,528.5,512.0,517.95,517.35,523.66,57932,30336430.7,2423.0,21830.0,37.68
BBTC,EQ,08-Dec-2016,501.6,498.1,534.4,498.1,520.0,518.6,524.05,190297,99726081.05,6240.0,38432.0,20.2
BBTC,EQ,07-Dec-2016,499.65,500.5,511.8,500.0,500.2,501.6,506.65,35359,17914667.95,1308.0,23453.0,66.33
BBTC,EQ,06-Dec-2016,500.0,500.05,506.0,499.0,500.0,499.65,502.04,19241,9659711.6,764.0,9277.0,48.21
BBTC,EQ,05-Dec-2016,498.55,495.0,507.9,490.0,501.0,500.0,499.31,34739,17345406.25,1528.0,12234.0,35.22
BBTC,EQ,02-Dec-2016,505.55,505.0,508.95,495.1,498.0,498.55,500.05,38269,19136504.1,1039.0,24780.0,64.75
BBTC,EQ,01-Dec-2016,511.4,515.45,515.45,504.25,505.8,505.55,508.69,25714,13080394.7,812.0,12968.0,50.43
BBTC,EQ,30-Nov-2016,510.3,506.8,518.35,506.8,514.0,511.4,513.41,42001,21563733.2,1119.0,22538.0,53.66
BBTC,EQ,29-Nov-2016,506.75,504.55,520.25,504.55,510.0,510.3,514.4,41536,21366224.8,1523.0,19053.0,45.87
BBTC,EQ,28-Nov-2016,510.15,510.1,518.9,499.8,505.0,506.75,509.46,40037,20397326.25,1293.0,20233.0,50.54
BBTC,EQ,25-Nov-2016,492.85,501.9,522.1,495.05,511.0,510.15,509.86,124181,63314494.1,4582.0,34509.0,27.79
BBTC,EQ,24-Nov-2016,490.8,485.25,505.0,480.0,491.0,492.85,491.58,38347,18850756.95,1847.0,13668.0,35.64
BBTC,EQ,23-Nov-2016,476.85,481.7,493.7,478.6,488.3,490.8,489.46,38002,18600337.5,1674.0,13825.0,36.38
BBTC,EQ,22-Nov-2016,459.6,462.05,482.0,441.05,479.0,476.85,465.39,45610,21226266.25,1724.0,21492.0,47.12
BBTC,EQ,21-Nov-2016,487.5,493.4,493.4,457.0,457.0,459.6,468.83,45499,21331477.5,1863.0,24361.0,53.54
BBTC,EQ,18-Nov-2016,490.3,487.4,495.95,476.05,493.8,487.5,485.92,46107,22404105.45,1749.0,13598.0,29.49
BBTC,EQ,17-Nov-2016,483.45,485.0,501.9,473.05,494.95,490.3,487.72,62518,30491178.6,2266.0,21079.0,33.72
BBTC,EQ,16-Nov-2016,496.2,510.85,511.2,480.5,482.0,483.45,496.64,46012,22851191.2,1440.0,23721.0,51.55
BBTC,EQ,15-Nov-2016,529.7,534.0,535.5,485.0,494.0,496.2,503.93,53498,26959451.5,1937.0,27102.0,50.66
BBTC,EQ,11-Nov-2016,550.95,551.0,551.0,523.6,532.65,529.7,531.13,72292,38396242.25,1969.0,37049.0,51.25
BBTC,EQ,10-Nov-2016,540.7,551.0,570.0,548.35,550.0,550.95,559.81,52203,29223708.55,1917.0,24669.0,47.26
BBTC,EQ,09-Nov-2016,559.3,510.0,550.0,492.0,541.0,540.7,523.35,120765,63202280.1,3975.0,55450.0,45.92
BBTC,EQ,08-Nov-2016,576.6,582.6,583.75,554.0,560.0,559.3,564.87,65177,36816347.75,2622.0,30974.0,47.52
BBTC,EQ,07-Nov-2016,564.65,573.95,590.0,573.9,575.55,576.6,580.83,66150,38421742.75,2435.0,27365.0,41.37
BBTC,EQ,04-Nov-2016,581.65,586.7,595.0,548.15,566.2,564.65,567.94,137889,78312471.35,4070.0,64708.0,46.93
BBTC,EQ,03-Nov-2016,591.9,596.0,610.0,575.25,583.0,581.65,597.66,92766,55442438.55,3182.0,28049.0,30.24
BBTC,EQ,02-Nov-2016,611.2,600.0,604.0,590.0,593.75,591.9,596.32,52807,31489988.55,1988.0,19250.0,36.45
BBTC,EQ,01-Nov-2016,602.0,607.0,626.0,601.4,610.0,611.2,615.52,137217,84459376.75,4035.0,36463.0,26.57
BBTC,EQ,30-Oct-2016,605.45,609.0,609.0,598.0,601.1,602.0,602.36,20357,12262336.65,888.0,12519.0,61.5
BBTC,EQ,28-Oct-2016,597.2,602.5,618.75,600.1,604.0,605.45,608.94,75423,45928137.95,2623.0,28530.0,37.83
BBTC,EQ,27-Oct-2016,607.8,607.7,610.0,588.5,600.0,597.2,598.25,57695,34515777.2,2410.0,21009.0,36.41
BBTC,EQ,26-Oct-2016,626.25,627.0,630.2,597.95,610.0,607.8,613.91,77561,47615798.0,3007.0,40660.0,52.42
BBTC,EQ,25-Oct-2016,627.7,628.05,641.0,624.5,626.2,626.25,631.92,58045,36680010.0,1721.0,20774.0,35.79
BBTC,EQ,24-Oct-2016,629.95,625.1,643.0,625.0,628.0,627.7,634.75,68692,43602234.6,2143.0,23979.0,34.91
BBTC,EQ,21-Oct-2016,640.35,640.35,647.0,627.25,630.0,629.95,637.4,85921,54766000.75,3106.0,27181.0,31.63
BBTC,EQ,20-Oct-2016,644.0,643.95,655.0,638.1,640.2,640.35,647.38,86925,56273253.0,2400.0,24029.0,27.64
BBTC,EQ,19-Oct-2016,641.75,642.1,652.0,635.25,643.5,644.0,644.97,124508,80303830.35,3131.0,31307.0,25.14
BBTC,EQ,18-Oct-2016,627.95,632.85,650.75,630.45,639.0,641.75,641.28,153660,98538971.1,3938.0,43996.0,28.63
BBTC,EQ,17-Oct-2016,633.65,637.95,646.9,624.2,628.0,627.95,635.38,128412,81590816.15,3810.0,37240.0,29.0
BBTC,EQ,14-Oct-2016,632.65,638.95,647.95,628.0,632.0,633.65,636.66,103407,65834982.6,3176.0,25265.0,24.43
BBTC,EQ,13-Oct-2016,651.15,651.9,651.9,621.0,630.7,632.65,633.67,105767,67021177.6,3674.0,37036.0,35.02
BBTC,EQ,10-Oct-2016,649.95,653.2,666.2,635.0,655.0,651.15,655.84,305187,200154803.9,7971.0,56200.0,18.41
BBTC,EQ,07-Oct-2016,630.8,635.0,657.0,620.0,644.0,649.95,639.7,233219,149190700.4,6843.0,53544.0,22.96
BBTC,EQ,06-Oct-2016,655.95,656.35,661.8,622.1,633.0,630.8,641.54,283880,182119107.8,7828.0,97560.0,34.37
BBTC,EQ,05-Oct-2016,614.45,617.95,674.0,616.0,652.2,655.95,655.34,1276719,836680124.55,31909.0,196812.0,15.42
BBTC,EQ,04-Oct-2016,602.8,607.7,620.0,603.05,615.0,614.45,613.02,231420,141865576.65,5721.0,88834.0,38.39
BBTC,EQ,03-Oct-2016,570.85,575.05,614.9,574.0,603.0,602.8,597.94,266349,159261649.85,7823.0,81167.0,30.47
BBTC,EQ,30-Sep-2016,558.1,564.9,581.75,560.05,570.3,570.85,571.13,192538,109964554.1,4853.0,79142.0,41.1
BBTC,EQ,29-Sep-2016,614.35,618.95,623.0,511.5,562.0,558.1,578.91,217616,125979163.05,6493.0,90990.0,41.81
BBTC,EQ,28-Sep-2016,607.35,609.0,619.9,601.55,615.0,614.35,612.14,154446,94542487.35,5676.0,40680.0,26.34
BBTC,EQ,27-Sep-2016,608.05,614.9,625.95,603.0,606.2,607.35,611.94,192225,117630850.25,5364.0,54277.0,28.24
BBTC,EQ,26-Sep-2016,608.15,609.0,624.0,590.5,610.0,608.05,608.84,345930,210616338.85,9370.0,93433.0,27.01
BBTC,EQ,23-Sep-2016,577.55,584.05,635.6,584.05,607.45,608.15,617.4,1236092,763160366.0,29632.0,290878.0,23.53
BBTC,EQ,22-Sep-2016,577.4,573.2,585.9,565.5,576.0,577.55,579.93,240307,139361794.3,6957.0,70273.0,29.24
BBTC,EQ,21-Sep-2016,561.75,559.15,586.0,554.0,573.0,577.4,574.15,238280,136808128.8,7249.0,44543.0,18.69
BBTC,EQ,20-Sep-2016,571.2,573.7,575.9,555.05,562.9,561.75,562.69,103168,58051567.55,3470.0,35664.0,34.57
BBTC,EQ,19-Sep-2016,551.2,556.0,596.5,555.3,569.0,571.2,578.74,375884,217538859.4,11035.0,75116.0,19.98
BBTC,EQ,16-Sep-2016,559.8,564.0,577.0,543.8,553.0,551.2,560.11,154602,86594583.6,4334.0,58247.0,37.68
BBTC,EQ,15-Sep-2016,582.75,586.0,591.65,555.0,557.5,559.8,569.57,220349,125503221.2,6865.0,71613.0,32.5
BBTC,EQ,14-Sep-2016,534.3,537.4,613.7,532.05,582.0,582.75,587.27,801728,470832026.75,23053.0,133058.0,16.6
BBTC,EQ,12-Sep-2016,563.05,555.0,558.0,528.95,535.0,534.3,542.64,121450,65903866.8,3718.0,41487.0,34.16
BBTC,EQ,09-Sep-2016,581.7,582.0,588.85,560.0,562.1,563.05,571.9,133881,76566042.2,4172.0,44991.0,33.61
BBTC,EQ,08-Sep-2016,587.15,583.8,607.8,569.65,585.0,581.7,588.56,376702,221711392.15,9261.0,96055.0,25.5
BBTC,EQ,07-Sep-2016,509.4,510.5,598.0,507.0,582.2,587.15,561.69,1067882,599823459.4,25957.0,239426.0,22.42
BBTC,EQ,06-Sep-2016,498.0,495.0,518.0,495.0,510.0,509.4,509.93,173512,88479602.45,5626.0,63864.0,36.81
BBTC,EQ,02-Sep-2016,493.3,495.0,503.7,488.0,500.35,498.0,494.83,63387,31365963.15,2124.0,26629.0,42.01
BBTC,EQ,01-Sep-2016,502.1,505.0,508.7,488.35,495.0,493.3,499.13,56925,28412891.75,1806.0,21121.0,37.1
BBTC,EQ,31-Aug-2016,491.3,494.0,509.5,490.2,503.95,502.1,502.95,118640,59669692.05,3700.0,50615.0,42.66
BBTC,EQ,30-Aug-2016,483.1,486.35,500.0,482.6,490.5,491.3,492.87,74301,36620882.25,2844.0,23548.0,31.69
BBTC,EQ,29-Aug-2016,492.1,491.0,497.0,479.1,483.85,483.1,485.45,54096,26261093.2,1924.0,24260.0,44.85
BBTC,EQ,26-Aug-2016,501.9,501.0,505.35,488.5,493.0,492.1,495.16,55456,27459630.0,2045.0,24490.0,44.16
BBTC,EQ,25-Aug-2016,508.1,511.25,518.1,498.1,502.7,501.9,511.65,192335,98408250.85,4865.0,73893.0,38.42
BBTC,EQ,24-Aug-2016,493.2,495.75,528.0,493.85,509.2,508.1,516.54,522270,269771215.15,11487.0,171932.0,32.92
BBTC,EQ,23-Aug-2016,497.25,499.3,505.3,487.5,493.2,493.2,495.94,51428,25504981.15,1755.0,15322.0,29.79
BBTC,EQ,22-Aug-2016,493.4,487.0,507.05,487.0,497.0,497.25,498.8,85488,42640988.55,2887.0,24898.0,29.12
BBTC,EQ,19-Aug-2016,504.15,506.0,512.4,489.05,492.3,493.4,501.13,97158,48688939.9,3419.0,30910.0,31.81
BBTC,EQ,18-Aug-2016,502.3,503.3,513.7,500.0,504.9,504.15,507.4,163130,82772762.8,3976.0,51113.0,31.33
BBTC,EQ,17-Aug-2016,491.2,492.75,511.0,488.6,501.5,502.3,502.41,240230,120693899.0,7202.0,51184.0,21.31
BBTC,EQ,16-Aug-2016,472.4,474.8,510.95,472.5,491.0,491.2,495.64,311976,154629340.95,8699.0,60329.0,19.34
BBTC,EQ,12-Aug-2016,487.15,479.0,489.95,468.65,474.5,472.4,479.74,208609,100077714.9,6251.0,44074.0,21.13
BBTC,EQ,11-Aug-2016,449.15,449.15,511.0,445.55,482.0,487.15,490.5,1289886,632690502.4,34722.0,114279.0,8.86
BBTC,EQ,10-Aug-2016,483.05,479.2,480.0,446.2,447.55,449.15,462.62,328109,151791173.0,10430.0,60881.0,18.56
BBTC,EQ,09-Aug-2016,485.15,504.0,517.35,475.05,479.0,483.05,495.93,1070616,530947990.65,28116.0,174736.0,16.32
BBTC,EQ,08-Aug-2016,404.3,398.6,485.15,395.0,485.15,485.15,461.35,1242931,573421853.5,29639.0,229474.0,18.46
BBTC,EQ,05-Aug-2016,399.7,400.25,411.9,400.25,406.5,404.3,407.19,22355,9102651.65,881.0,8901.0,39.82
BBTC,EQ,04-Aug-2016,397.95,399.0,403.8,396.15,403.0,399.7,399.57,9233,3689205.95,457.0,4740.0,51.34
BBTC,EQ,03-Aug-2016,400.45,397.5,401.8,395.95,398.0,397.95,398.29,10097,4021496.05,336.0,5818.0,57.62
BBTC,EQ,02-Aug-2016,407.35,405.05,412.6,399.15,400.05,400.45,404.12,26137,10562523.95,1350.0,21018.0,80.41
BBTC,EQ,01-Aug-2016,408.15,408.15,420.0,404.4,407.0,407.35,411.48,30325,12478206.05,1144.0,14614.0,48.19
BBTC,EQ,29-Jul-2016,413.9,416.4,417.5,407.0,409.0,408.15,412.38,26419,10894601.1,1212.0,9884.0,37.41
BBTC,EQ,28-Jul-2016,402.0,404.15,420.0,403.2,413.0,413.9,413.22,58577,24205279.25,2980.0,29165.0,49.79
BBTC,EQ,27-Jul-2016,400.1,403.0,406.9,397.8,402.9,402.0,402.39,21323,8580137.6,769.0,9920.0,46.52
BBTC,EQ,26-Jul-2016,405.9,406.0,409.0,398.0,400.0,400.1,402.98,16241,6544798.7,661.0,11274.0,69.42
BBTC,EQ,25-Jul-2016,403.2,404.45,413.7,399.0,407.0,405.9,407.51,33040,13464172.05,1270.0,10530.0,31.87
BBTC,EQ,22-Jul-2016,400.9,401.0,407.0,399.05,401.0,403.2,402.88,18847,7593024.35,1120.0,10831.0,57.47
BBTC,EQ,21-Jul-2016,402.15,403.7,407.75,400.0,401.5,400.9,404.11,15860,6409151.3,1076.0,9012.0,56.82
BBTC,EQ,20-Jul-2016,399.7,402.0,405.5,399.0,402.0,402.15,402.13,13804,5550948.75,527.0,8389.0,60.77
BBTC,EQ,19-Jul-2016,394.55,391.0,407.65,390.6,400.9,399.7,402.78,36102,14541186.35,1142.0,24726.0,68.49
BBTC,EQ,18-Jul-2016,404.8,404.8,406.8,392.5,394.0,394.55,399.97,13460,5383589.8,748.0,7779.0,57.79
BBTC,EQ,15-Jul-2016,408.2,409.65,411.7,401.6,404.0,404.8,406.1,12323,5004396.3,506.0,8511.0,69.07
BBTC,EQ,14-Jul-2016,405.9,405.9,412.6,405.9,406.3,408.2,409.41,18874,7727160.4,602.0,13017.0,68.97
BBTC,EQ,13-Jul-2016,413.1,413.7,416.0,405.0,405.05,405.9,409.4,15785,6462314.25,606.0,9574.0,60.65
BBTC,EQ,12-Jul-2016,410.8,413.95,421.8,411.0,416.0,413.1,415.65,32720,13599905.6,1285.0,15494.0,47.35
BBTC,EQ,11-Jul-2016,404.5,409.95,416.0,409.0,412.0,410.8,411.86,21275,8762389.15,1036.0,10805.0,50.79
BBTC,EQ,08-Jul-2016,412.6,416.5,416.5,402.2,405.0,404.5,405.71,22234,9020590.45,652.0,14071.0,63.29
BBTC,EQ,07-Jul-2016,406.75,410.9,421.3,405.3,412.25,412.6,415.87,66833,27793886.25,3278.0,19056.0,28.51
BBTC,EQ,05-Jul-2016,414.95,416.65,420.7,405.6,407.95,406.75,412.81,27406,11313567.95,1000.0,14641.0,53.42
BBTC,EQ,04-Jul-2016,423.0,426.0,426.6,412.6,414.3,414.95,417.45,46779,19527766.45,1710.0,24049.0,51.41
BBTC,EQ,01-Jul-2016,404.65,404.0,427.75,400.15,423.0,423.0,418.58,173649,72685311.15,3978.0,54028.0,31.11
BBTC,EQ,30-Jun-2016,400.5,403.8,410.9,401.9,403.55,404.65,406.23,18287,7428743.85,883.0,8182.0,44.74
BBTC,EQ,29-Jun-2016,402.0,404.45,409.9,399.0,399.2,400.5,402.49,23379,9409875.95,1023.0,13203.0,56.47
BBTC,EQ,28-Jun-2016,396.25,395.5,416.0,395.5,400.2,402.0,408.67,67146,27440853.55,2210.0,21138.0,31.48
BBTC,EQ,27-Jun-2016,387.5,387.5,398.95,384.25,396.0,396.25,394.05,11825,4659607.25,589.0,5100.0,43.13
BBTC,EQ,24-Jun-2016,396.6,389.0,390.0,376.5,385.5,387.5,381.56,27953,10665741.0,1185.0,14557.0,52.08
BBTC,EQ,23-Jun-2016,403.65,402.25,405.05,394.0,394.0,396.6,399.2,10106,4034301.25,591.0,6103.0,60.39
BBTC,EQ,22-Jun-2016,397.45,400.0,411.4,396.6,402.0,403.65,404.8,79399,32140792.5,2182.0,26417.0,33.27
BBTC,EQ,21-Jun-2016,404.1,400.35,409.5,396.6,396.6,397.45,403.1,14403,5805791.1,744.0,7796.0,54.13
BBTC,EQ,20-Jun-2016,406.2,404.55,411.7,398.2,404.5,404.1,405.63,16153,6552111.25,1103.0,5345.0,33.09
BBTC,EQ,17-Jun-2016,404.25,408.45,412.35,405.0,406.05,406.2,407.52,15139,6169410.55,670.0,5712.0,37.73
BBTC,EQ,16-Jun-2016,408.1,405.55,408.2,396.6,404.0,404.25,401.06,31810,12757619.45,1074.0,19710.0,61.96
BBTC,EQ,15-Jun-2016,403.8,403.0,415.0,403.0,407.0,408.1,409.38,29267,11981468.95,1060.0,12753.0,43.57
BBTC,EQ,14-Jun-2016,412.8,413.0,417.3,402.0,404.0,403.8,408.26,34418,14051346.05,1531.0,15855.0,46.07
BBTC,EQ,13-Jun-2016,399.35,393.0,423.9,390.45,412.2,412.8,412.59,117347,48416753.0,3070.0,39411.0,33.59
BBTC,EQ,10-Jun-2016,396.75,395.05,413.6,395.05,398.4,399.35,403.97,45809,18505388.95,1565.0,18293.0,39.93
BBTC,EQ,09-Jun-2016,395.65,401.5,407.95,392.35,396.1,396.75,399.7,28201,11271987.3,1139.0,12369.0,43.86
BBTC,EQ,08-Jun-2016,383.0,383.95,399.7,380.0,397.95,395.65,393.01,46218,18164037.55,1538.0,20559.0,44.48
BBTC,EQ,07-Jun-2016,380.7,380.0,388.0,378.4,383.0,383.0,382.51,13404,5127208.1,584.0,7897.0,58.92
BBTC,EQ,06-Jun-2016,380.6,382.3,384.0,378.0,380.6,380.7,380.3,21087,8019346.2,433.0,17584.0,83.39
BBTC,EQ,03-Jun-2016,380.65,383.25,384.8,380.0,380.2,380.6,381.36,5877,2241269.1,362.0,3688.0,62.75
BBTC,EQ,02-Jun-2016,381.1,380.1,385.5,376.6,381.0,380.65,380.63,27847,10599460.0,540.0,22780.0,81.8
BBTC,EQ,01-Jun-2016,375.35,378.95,387.9,376.0,380.7,381.1,382.8,18745,7175514.05,1000.0,7723.0,41.2
BBTC,EQ,31-May-2016,375.25,377.0,379.95,374.1,376.9,375.35,377.15,14244,5372096.15,515.0,10706.0,75.16
BBTC,EQ,30-May-2016,376.2,370.05,388.0,366.8,375.1,375.25,377.21,37532,14157449.05,1550.0,13202.0,35.18
BBTC,EQ,27-May-2016,366.85,369.0,379.7,363.0,375.7,376.2,373.8,39887,14909878.15,1667.0,22306.0,55.92
BBTC,EQ,26-May-2016,367.35,369.7,371.4,365.0,367.5,366.85,368.43,16230,5979557.55,735.0,9549.0,58.84
BBTC,EQ,25-May-2016,356.45,363.05,374.0,362.15,367.5,367.35,368.53,29942,11034493.35,1166.0,15310.0,51.13
BBTC,EQ,24-May-2016,365.35,361.0,375.0,352.8,360.0,356.45,361.38,58701,21213585.85,1966.0,25451.0,43.36
BBTC,EQ,23-May-2016,407.95,403.55,403.55,355.55,366.5,365.35,379.31,78345,29717199.75,2321.0,47625.0,60.79
BBTC,EQ,20-May-2016,413.95,413.95,419.0,399.55,407.5,407.95,408.84,37018,15134599.1,1639.0,20194.0,54.55
BBTC,EQ,19-May-2016,417.9,419.5,422.0,410.0,415.1,413.95,416.89,23538,9812802.1,968.0,14892.0,63.27
BBTC,EQ,18-May-2016,422.3,424.9,426.15,414.6,418.0,417.9,420.53,17428,7328998.35,887.0,8155.0,46.79
BBTC,EQ,17-May-2016,415.85,416.5,437.4,414.0,422.9,422.3,427.4,136807,58471374.85,4462.0,40668.0,29.73
BBTC,EQ,16-May-2016,415.1,418.95,419.3,408.25,415.6,415.85,414.05,13411,5552850.35,810.0,5896.0,43.96
BBTC,EQ,13-May-2016,415.0,414.0,419.4,408.3,415.0,415.1,414.39,32739,13566865.8,1342.0,17042.0,52.05
BBTC,EQ,12-May-2016,396.65,397.0,417.8,397.0,415.0,415.0,410.1,80274,32920541.2,2569.0,33964.0,42.31
BBTC,EQ,11-May-2016,395.85,388.0,403.8,388.0,397.0,396.65,397.31,21751,8641865.5,1011.0,5889.0,27.07
BBTC,EQ,10-May-2016,397.45,401.95,402.5,394.8,395.5,395.85,398.34,12341,4915924.0,591.0,5926.0,48.02
BBTC,EQ,09-May-2016,391.2,392.5,401.0,391.0,400.9,397.45,395.65,26709,10567316.8,989.0,12111.0,45.34
BBTC,EQ,06-May-2016,388.15,390.0,396.55,385.0,393.0,391.2,392.09,9004,3530355.3,737.0,5156.0,57.26
BBTC,EQ,05-May-2016,392.85,395.0,398.75,386.2,389.0,388.15,392.85,22445,8817429.45,845.0,10852.0,48.35
BBTC,EQ,04-May-2016,403.25,399.0,406.5,390.3,393.5,392.85,399.91,19717,7885114.55,753.0,10498.0,53.24
BBTC,EQ,03-May-2016,403.65,404.5,415.0,400.1,402.65,403.25,409.36,30882,12641939.5,1213.0,13899.0,45.01
BBTC,EQ,02-May-2016,403.2,401.0,416.65,399.5,405.6,403.65,409.4,48272,19762759.8,2144.0,10913.0,22.61
BBTC,EQ,29-Apr-2016,405.6,404.3,412.0,399.05,402.1,403.2,404.47,15608,6312901.8,753.0,6698.0,42.91
BBTC,EQ,28-Apr-2016,405.4,404.0,423.9,403.65,406.0,405.6,413.24,51264,21184490.95,1834.0,19130.0,37.32
BBTC,EQ,27-Apr-2016,400.05,400.0,411.85,399.0,404.8,405.4,407.83,30368,12385081.0,1177.0,13118.0,43.2
BBTC,EQ,26-Apr-2016,397.2,400.0,407.5,390.0,399.55,400.05,402.01,17948,7215326.6,854.0,5734.0,31.95
BBTC,EQ,25-Apr-2016,401.45,406.0,406.0,395.0,397.95,397.2,398.65,9591,3823418.6,386.0,6753.0,70.41
BBTC,EQ,22-Apr-2016,402.15,405.9,409.05,400.5,401.9,401.45,404.55,11889,4809705.55,525.0,8620.0,72.5
BBTC,EQ,21-Apr-2016,412.0,414.95,417.0,400.0,402.3,402.15,406.52,29149,11849770.6,1110.0,16817.0,57.69
BBTC,EQ,20-Apr-2016,413.05,413.5,416.85,406.0,411.0,412.0,411.32,27118,11154226.35,1033.0,15822.0,58.35
BBTC,EQ,18-Apr-2016,409.75,413.0,419.4,400.0,413.0,413.05,410.66,52089,21390815.2,1992.0,17522.0,33.64
BBTC,EQ,13-Apr-2016,392.25,396.75,425.5,392.0,409.0,409.75,410.81,166772,68511989.4,6642.0,49103.0,29.44
BBTC,EQ,12-Apr-2016,377.8,376.05,394.8,376.05,391.2,392.25,391.66,67805,26556656.8,2234.0,29967.0,44.2
BBTC,EQ,11-Apr-2016,379.5,383.5,383.5,374.1,378.0,377.8,377.33,14696,5545306.8,358.0,10912.0,74.25
BBTC,EQ,08-Apr-2016,379.0,381.0,387.0,374.05,381.8,379.5,380.55,12932,4921269.85,528.0,4006.0,30.98
BBTC,EQ,07-Apr-2016,384.0,384.25,387.0,375.3,377.3,379.0,381.25,15952,6081675.65,1004.0,7799.0,48.89
BBTC,EQ,06-Apr-2016,385.25,387.0,387.0,380.0,384.95,384.0,384.27,15028,5774806.95,500.0,9292.0,61.83
BBTC,EQ,05-Apr-2016,383.35,381.4,394.0,381.4,384.0,385.25,388.64,26997,10492072.1,1307.0,12902.0,47.79
BBTC,EQ,04-Apr-2016,376.1,378.9,391.0,373.0,391.0,383.35,381.61,32696,12477113.15,844.0,26483.0,81.0
BBTC,EQ,01-Apr-2016,366.8,366.0,382.3,364.2,376.0,376.1,375.43,34033,12776894.45,1368.0,12825.0,37.68
BBTC,EQ,31-Mar-2016,372.6,375.3,377.95,364.0,369.95,366.8,369.52,34660,12807511.65,950.0,25444.0,73.41
BBTC,EQ,30-Mar-2016,362.95,369.9,381.25,366.2,371.9,372.6,375.42,42630,16004312.3,976.0,17068.0,40.04
BBTC,EQ,29-Mar-2016,370.0,372.65,376.0,360.0,363.0,362.95,367.2,28531,10476475.85,903.0,20414.0,71.55
BBTC,EQ,28-Mar-2016,383.1,386.35,386.35,367.7,367.7,370.0,375.01,23578,8842034.65,802.0,16020.0,67.94
BBTC,EQ,23-Mar-2016,372.25,372.5,386.1,366.5,382.0,383.1,380.87,104442,39778852.35,3394.0,26498.0,25.37
BBTC,EQ,22-Mar-2016,369.0,372.5,377.85,368.0,372.5,372.25,372.75,26364,9827219.45,1242.0,9958.0,37.77
BBTC,EQ,21-Mar-2016,361.95,364.85,382.5,361.95,368.25,369.0,373.58,54166,20235146.8,1884.0,18624.0,34.38
BBTC,EQ,18-Mar-2016,365.55,364.5,369.9,358.0,359.75,361.95,362.77,17788,6452941.9,682.0,12528.0,70.43
BBTC,EQ,17-Mar-2016,366.05,373.8,378.4,361.0,365.5,365.55,367.66,18418,6771528.25,788.0,8761.0,47.57
BBTC,EQ,16-Mar-2016,368.65,371.95,375.0,357.2,367.95,366.05,363.95,24103,8772398.55,959.0,14362.0,59.59
BBTC,EQ,15-Mar-2016,384.35,380.0,392.0,367.5,368.0,368.65,381.97,58283,22262520.05,2244.0,17974.0,30.84
BBTC,EQ,14-Mar-2016,367.4,380.0,394.9,377.0,383.85,384.35,385.23,96112,37025606.0,3564.0,18829.0,19.59
BBTC,EQ,11-Mar-2016,365.9,360.9,375.0,360.9,369.8,367.4,370.68,9385,3478852.25,438.0,6096.0,64.95
BBTC,EQ,10-Mar-2016,366.75,366.75,374.85,364.0,365.4,365.9,369.23,10324,3811955.9,453.0,4832.0,46.8
BBTC,EQ,09-Mar-2016,360.9,358.0,368.05,356.5,364.45,366.75,365.41,20740,7578675.95,444.0,14425.0,69.55
BBTC,EQ,08-Mar-2016,373.2,373.0,375.0,358.0,362.0,360.9,365.28,30607,11180026.65,915.0,23433.0,76.56
BBTC,EQ,04-Mar-2016,354.25,359.9,379.9,356.0,374.0,373.2,372.6,41968,15637119.55,1787.0,19821.0,47.23
BBTC,EQ,03-Mar-2016,349.55,354.75,359.95,350.15,356.65,354.25,354.45,97723,34638127.85,914.0,87917.0,89.97
BBTC,EQ,02-Mar-2016,343.0,348.0,358.0,345.0,349.0,349.55,351.68,23845,8385918.4,717.0,18784.0,78.78
BBTC,EQ,01-Mar-2016,330.2,334.0,349.0,327.3,345.25,343.0,342.18,18972,6491796.85,1043.0,8377.0,44.15
BBTC,EQ,29-Feb-2016,335.55,335.8,342.0,327.2,329.55,330.2,334.43,10876,3637211.0,664.0,7268.0,66.83
BBTC,EQ,26-Feb-2016,328.65,330.15,338.6,325.45,335.6,335.55,334.08,7407,2474517.3,550.0,4661.0,62.93
BBTC,EQ,25-Feb-2016,337.15,339.0,347.7,325.0,327.5,328.65,333.49,15152,5053091.45,862.0,9313.0,61.46
BBTC,EQ,24-Feb-2016,346.1,340.0,342.9,333.1,337.4,337.15,337.38,17810,6008770.5,607.0,10618.0,59.62
BBTC,EQ,23-Feb-2016,361.5,364.4,364.7,343.0,344.0,346.1,352.13,13102,4613578.0,752.0,9017.0,68.82
BBTC,EQ,22-Feb-2016,352.7,351.0,367.85,345.7,360.0,361.5,358.65,35196,12623008.05,886.0,22968.0,65.26
BBTC,EQ,19-Feb-2016,340.4,340.0,355.4,332.0,354.0,352.7,348.18,15187,5287833.45,732.0,8835.0,58.17
BBTC,EQ,18-Feb-2016,333.2,330.5,344.7,330.5,342.6,340.4,339.9,10578,3595498.8,636.0,4278.0,40.44
BBTC,EQ,17-Feb-2016,331.65,331.0,337.8,318.0,333.1,333.2,325.92,15969,5204581.65,775.0,10284.0,64.4
BBTC,EQ,16-Feb-2016,347.95,349.0,357.9,329.7,329.7,331.65,338.09,11831,3999922.8,621.0,8148.0,68.87
BBTC,EQ,15-Feb-2016,320.7,324.05,359.2,324.05,348.05,347.95,346.5,30576,10594449.35,1499.0,16979.0,55.53
BBTC,EQ,12-Feb-2016,335.85,339.8,344.0,310.0,320.15,320.7,321.79,24952,8029316.85,1294.0,14007.0,56.14
BBTC,EQ,11-Feb-2016,375.05,377.0,377.0,330.5,335.0,335.85,351.16,52947,18593051.75,1792.0,39599.0,74.79
BBTC,EQ,10-Feb-2016,391.45,399.0,400.0,368.95,377.0,375.05,380.81,41028,15624020.9,1721.0,21943.0,53.48
BBTC,EQ,09-Feb-2016,402.45,395.05,402.05,389.0,390.55,391.45,394.59,13174,5198313.35,1050.0,7201.0,54.66
BBTC,EQ,08-Feb-2016,407.8,409.25,421.3,398.75,401.25,402.45,412.75,27202,11227605.35,1444.0,7978.0,29.33
BBTC,EQ,05-Feb-2016,408.45,409.85,413.0,402.35,406.1,407.8,408.74,5941,2428318.35,419.0,3320.0,55.88
BBTC,EQ,04-Feb-2016,406.6,410.1,418.0,402.0,409.0,408.45,411.34,11913,4900306.35,749.0,5426.0,45.55
BBTC,EQ,03-Feb-2016,417.55,412.0,416.0,405.2,406.5,406.6,409.74,15352,6290280.0,790.0,6217.0,40.5
BBTC,EQ,02-Feb-2016,418.7,415.3,433.9,415.3,415.9,417.55,424.24,30259,12836943.05,1576.0,12501.0,41.31
BBTC,EQ,01-Feb-2016,407.05,410.0,427.4,408.5,417.25,418.7,419.51,28288,11867007.4,1459.0,12072.0,42.68
BBTC,EQ,29-Jan-2016,401.85,404.95,414.0,401.0,409.8,407.05,407.94,13564,5533236.55,659.0,5381.0,39.67
BBTC,EQ,28-Jan-2016,406.25,408.35,409.9,400.1,402.1,401.85,404.38,7010,2834679.55,429.0,4248.0,60.6
BBTC,EQ,27-Jan-2016,403.6,408.8,414.0,404.15,406.2,406.25,407.71,6865,2798908.45,459.0,3306.0,48.16
BBTC,EQ,25-Jan-2016,403.5,409.55,411.0,401.0,403.0,403.6,407.11,11653,4744039.7,860.0,5383.0,46.19
BBTC,EQ,22-Jan-2016,395.0,400.15,409.95,397.0,403.5,403.5,405.07,19773,8009458.9,1436.0,9335.0,47.21
BBTC,EQ,21-Jan-2016,396.2,404.0,412.85,386.0,396.6,395.0,399.54,32309,12908606.1,2001.0,19906.0,61.61
BBTC,EQ,20-Jan-2016,414.2,412.0,412.0,391.0,398.5,396.2,399.96,72888,29152578.6,3793.0,14341.0,19.68
BBTC,EQ,19-Jan-2016,410.1,414.0,419.7,407.1,414.35,414.2,412.71,55141,22757408.95,2559.0,9372.0,17.0
BBTC,EQ,18-Jan-2016,425.3,420.05,422.6,401.0,410.0,410.1,410.43,83686,34347151.35,2975.0,35428.0,42.33
BBTC,EQ,15-Jan-2016,441.25,445.8,497.0,416.5,423.2,425.3,441.51,58942,26023648.25,1805.0,12944.0,21.96
BBTC,EQ,14-Jan-2016,444.35,438.95,449.9,430.3,441.1,441.25,440.84,14596,6434438.5,844.0,6402.0,43.86
BBTC,EQ,13-Jan-2016,461.85,466.7,469.95,431.1,442.5,444.35,450.27,31257,14073999.7,1300.0,15771.0,50.46
BBTC,EQ,12-Jan-2016,466.95,470.0,475.0,460.25,460.5,461.85,467.04,20110,9392176.15,1259.0,7559.0,37.59
BBTC,EQ,11-Jan-2016,471.3,466.55,473.0,461.0,467.0,466.95,467.32,17417,8139237.5,1142.0,7054.0,40.5
BBTC,EQ,08-Jan-2016,469.0,468.0,484.9,468.0,470.15,471.3,475.56,35574,16917567.75,1518.0,11065.0,31.1
BBTC,EQ,07-Jan-2016,489.45,488.0,488.0,467.0,467.2,469.0,473.31,30524,14447270.05,1963.0,16646.0,54.53
BBTC,EQ,06-Jan-2016,492.25,494.6,497.75,482.0,488.2,489.45,489.85,33777,16545540.45,1271.0,13816.0,40.9
BBTC,EQ,05-Jan-2016,482.95,486.95,496.45,482.0,491.2,492.25,490.6,47581,23343070.05,1382.0,21766.0,45.75
BBTC,EQ,04-Jan-2016,492.75,492.7,497.0,479.0,482.0,482.95,487.32,26667,12995464.9,1078.0,16857.0,63.21
BBTC,EQ,01-Jan-2016,498.0,500.95,506.4,488.1,491.5,492.75,496.63,28281,14045231.45,1756.0,9915.0,35.06
BBTC,EQ,31-Dec-2015,491.2,495.8,501.7,487.0,500.8,498.0,496.39,42814,21252609.5,1338.0,29281.0,68.39
BBTC,EQ,29-Dec-2017,"1,626.75","1,638.00","1,757.00","1,632.80","1,702.80","1,702.55","1,705.90",582715,994050871.3,24399.0,126020.0,21.63
BBTC,EQ,28-Dec-2017,"1,630.45","1,638.10","1,644.70","1,612.20","1,631.00","1,626.75","1,627.94",87380,142249056.9,3467.0,27078.0,30.99
BBTC,EQ,27-Dec-2017,"1,652.30","1,659.10","1,674.20","1,609.00","1,628.00","1,630.45","1,644.27",198971,327161132.35,7094.0,80458.0,40.44
BBTC,EQ,26-Dec-2017,"1,627.45","1,639.00","1,675.00","1,633.00","1,656.00","1,652.30","1,655.10",329536,545414620.5,10787.0,96706.0,29.35
BBTC,EQ,22-Dec-2017,"1,543.45","1,558.00","1,668.00","1,555.00","1,625.00","1,627.45","1,613.77",725565,1170896005.75,27019.0,153506.0,21.16
BBTC,EQ,21-Dec-2017,"1,536.95","1,536.00","1,580.00","1,536.00","1,538.00","1,543.45","1,558.93",208901,325661576.85,7901.0,53814.0,25.76
BBTC,EQ,20-Dec-2017,"1,504.65","1,504.00","1,558.00","1,490.55","1,544.10","1,536.95","1,537.35",326856,502493360.7,10194.0,106858.0,32.69
BBTC,EQ,19-Dec-2017,"1,459.55","1,473.65","1,514.65","1,465.05","1,500.35","1,504.65","1,494.89",215179,321669139.3,7707.0,58257.0,27.07
BBTC,EQ,18-Dec-2017,"1,456.45","1,454.90","1,504.90","1,390.00","1,464.00","1,459.55","1,470.94",263548,387663579.35,11532.0,76345.0,28.97
BBTC,EQ,15-Dec-2017,"1,448.80","1,464.80","1,478.95","1,446.10","1,450.00","1,456.45","1,463.28",180260,263771148.75,7381.0,49904.0,27.68
BBTC,EQ,14-Dec-2017,"1,471.60","1,484.00","1,487.50","1,445.00","1,445.05","1,448.80","1,461.56",93735,136999088.45,4546.0,28353.0,30.25
BBTC,EQ,13-Dec-2017,"1,473.35","1,465.65","1,524.00","1,465.65","1,470.50","1,471.60","1,494.36",357532,534282610.0,6146.0,222839.0,62.33
BBTC,EQ,12-Dec-2017,"1,505.80","1,510.60","1,516.00","1,458.85","1,475.90","1,473.35","1,489.89",100394,149576430.3,6011.0,42502.0,42.34
BBTC,EQ,11-Dec-2017,"1,529.90","1,543.70","1,544.90","1,500.00","1,504.50","1,505.80","1,524.60",137331,209374682.75,5862.0,35858.0,26.11
BBTC,EQ,08-Dec-2017,"1,500.05","1,513.50","1,575.00","1,503.00","1,523.25","1,529.90","1,545.64",416398,643601991.5,14940.0,81384.0,19.54
BBTC,EQ,07-Dec-2017,"1,480.90","1,491.00","1,514.90","1,488.30","1,507.95","1,500.05","1,499.25",98327,147417064.2,3987.0,24939.0,25.36
BBTC,EQ,06-Dec-2017,"1,489.40","1,481.00","1,518.30","1,465.00","1,480.90","1,480.90","1,494.30",105266,157298703.75,4249.0,17809.0,16.92
BBTC,EQ,05-Dec-2017,"1,514.50","1,521.60","1,523.90","1,485.00","1,486.90","1,489.40","1,502.85",83146,124955708.25,3703.0,19979.0,24.03
BBTC,EQ,04-Dec-2017,"1,516.55","1,555.00","1,555.00","1,506.40","1,514.00","1,514.50","1,526.15",140950,215111332.05,5215.0,26656.0,18.91
BBTC,EQ,01-Dec-2017,"1,527.70","1,539.00","1,569.00","1,498.55","1,526.00","1,516.55","1,544.99",226569,350047825.5,8441.0,35161.0,15.52
BBTC,EQ,30-Nov-2017,"1,519.05","1,517.00","1,557.40","1,486.00","1,533.10","1,527.70","1,531.83",249745,382566789.6,8735.0,55453.0,22.2
BBTC,EQ,29-Nov-2017,"1,535.20","1,539.00","1,553.30","1,512.05","1,518.95","1,519.05","1,529.31",104899,160423063.7,4374.0,32607.0,31.08
BBTC,EQ,28-Nov-2017,"1,522.30","1,525.00","1,584.00","1,523.05","1,534.95","1,535.20","1,554.41",393137,611096591.4,16072.0,76842.0,19.55
BBTC,EQ,27-Nov-2017,"1,508.95","1,500.00","1,539.85","1,495.00","1,520.50","1,522.30","1,524.03",129973,198082754.55,6094.0,28356.0,21.82
BBTC,EQ,24-Nov-2017,"1,470.15","1,475.05","1,540.00","1,450.25","1,508.15","1,508.95","1,511.20",270383,408602528.75,11028.0,56108.0,20.75
BBTC,EQ,23-Nov-2017,"1,489.35","1,490.00","1,510.00","1,452.05","1,467.60","1,470.15","1,484.33",128517,190761118.0,5346.0,43951.0,34.2
BBTC,EQ,22-Nov-2017,"1,510.20","1,517.65","1,524.85","1,481.40","1,493.00","1,489.35","1,499.52",93345,139972838.6,4226.0,27396.0,29.35
BBTC,EQ,21-Nov-2017,"1,517.75","1,532.70","1,557.00","1,502.00","1,504.50","1,510.20","1,534.47",188163,288730695.95,8243.0,51165.0,27.19
BBTC,EQ,20-Nov-2017,"1,459.75","1,466.00","1,534.50","1,425.35","1,523.00","1,517.75","1,500.55",335211,503001802.45,14152.0,64580.0,19.27
BBTC,EQ,17-Nov-2017,"1,493.90","1,514.05","1,523.65","1,451.00","1,456.85","1,459.75","1,487.89",161155,239780757.9,6701.0,59888.0,37.16
BBTC,EQ,16-Nov-2017,"1,530.05","1,530.00","1,544.00","1,477.00","1,493.95","1,493.90","1,505.15",117260,176493428.1,6856.0,36272.0,30.93
BBTC,EQ,15-Nov-2017,"1,553.50","1,560.00","1,574.00","1,521.35","1,529.00","1,530.05","1,544.37",71801,110887386.15,3921.0,22372.0,31.16
BBTC,EQ,14-Nov-2017,"1,586.75","1,594.00","1,605.65","1,540.00","1,548.10","1,553.50","1,571.93",86669,136237264.3,3309.0,25907.0,29.89
BBTC,EQ,13-Nov-2017,"1,597.60","1,618.30","1,625.95","1,575.60","1,588.50","1,586.75","1,593.61",84687,134957710.7,3593.0,24728.0,29.2
BBTC,EQ,10-Nov-2017,"1,617.95","1,620.00","1,657.25","1,568.30","1,607.00","1,597.60","1,614.34",232435,375230004.2,10030.0,47651.0,20.5
BBTC,EQ,09-Nov-2017,"1,558.00","1,588.00","1,685.00","1,588.00","1,618.00","1,617.95","1,636.34",552140,903489266.7,24278.0,73033.0,13.23
BBTC,EQ,08-Nov-2017,"1,595.30","1,600.00","1,638.70","1,521.35","1,561.05","1,558.00","1,592.32",102955,163937196.25,4967.0,28453.0,27.64
BBTC,EQ,07-Nov-2017,"1,627.15","1,639.80","1,644.95","1,577.05","1,595.35","1,595.30","1,613.27",129013,208132204.6,5344.0,30703.0,23.8
BBTC,EQ,06-Nov-2017,"1,647.30","1,655.00","1,674.45","1,620.00","1,627.00","1,627.15","1,649.66",138795,228964704.1,4664.0,30127.0,21.71
BBTC,EQ,03-Nov-2017,"1,647.95","1,662.90","1,695.00","1,641.00","1,646.45","1,647.30","1,667.85",257385,429279189.75,9714.0,55871.0,21.71
BBTC,EQ,02-Nov-2017,"1,649.20","1,660.40","1,680.00","1,640.05","1,645.10","1,647.95","1,656.30",115689,191616244.1,4318.0,23679.0,20.47
BBTC,EQ,01-Nov-2017,"1,677.85","1,679.00","1,696.80","1,640.00","1,657.00","1,649.20","1,669.51",121855,203438225.45,5743.0,34000.0,27.9
BBTC,EQ,31-Oct-2017,"1,679.30","1,690.00","1,709.95","1,670.10","1,678.10","1,677.85","1,688.50",166120,280494271.6,8348.0,32461.0,19.54
BBTC,EQ,30-Oct-2017,"1,680.05","1,690.00","1,723.80","1,665.20","1,679.50","1,679.30","1,698.28",240778,408907277.45,8944.0,59963.0,24.9
BBTC,EQ,27-Oct-2017,"1,678.95","1,700.00","1,725.65","1,670.15","1,684.15","1,680.05","1,700.11",244683,415987609.0,8049.0,50629.0,20.69
BBTC,EQ,26-Oct-2017,"1,602.15","1,609.95","1,708.00","1,576.25","1,688.00","1,678.95","1,661.59",558933,928715291.7,19269.0,87547.0,15.66
BBTC,EQ,25-Oct-2017,"1,627.50","1,643.95","1,673.90","1,586.55","1,597.00","1,602.15","1,615.26",225227,363799943.7,9205.0,73136.0,32.47
BBTC,EQ,24-Oct-2017,"1,683.90","1,696.00","1,708.45","1,607.40","1,627.55","1,627.50","1,668.80",204580,341402516.5,9511.0,60484.0,29.56
BBTC,EQ,23-Oct-2017,"1,691.85","1,689.00","1,729.95","1,667.00","1,690.00","1,683.90","1,701.83",271482,462015885.95,11256.0,67438.0,24.84
BBTC,EQ,19-Oct-2017,"1,725.20","1,725.00","1,725.00","1,673.10","1,679.95","1,691.85","1,703.34",159088,270981579.0,5895.0,56468.0,35.49
BBTC,EQ,18-Oct-2017,"1,649.20","1,660.00","1,738.00","1,641.05","1,732.00","1,725.20","1,710.39",980097,1676347724.45,31919.0,77309.0,7.89
BBTC,EQ,17-Oct-2017,"1,544.00","1,545.40","1,672.00","1,532.00","1,667.00","1,649.20","1,610.90",914822,1473685520.05,30660.0,90352.0,9.88
BBTC,EQ,16-Oct-2017,"1,528.50","1,542.00","1,555.55","1,510.00","1,544.00","1,544.00","1,533.78",299951,460057863.55,11073.0,62283.0,20.76
BBTC,EQ,13-Oct-2017,"1,490.15","1,500.00","1,549.00","1,490.05","1,532.00","1,528.50","1,529.62",769539,1177104860.3,22356.0,81172.0,10.55
BBTC,EQ,12-Oct-2017,"1,372.10","1,380.00","1,505.00","1,361.00","1,493.20","1,490.15","1,463.46",1066138,1560250329.85,34199.0,147138.0,13.8
BBTC,EQ,11-Oct-2017,"1,377.35","1,387.65","1,393.00","1,333.20","1,369.00","1,372.10","1,369.14",238260,326211493.45,8821.0,65006.0,27.28
BBTC,EQ,10-Oct-2017,"1,353.50","1,355.00","1,404.00","1,354.00","1,378.70","1,377.35","1,384.03",331409,458681640.65,11647.0,40054.0,12.09
BBTC,EQ,09-Oct-2017,"1,415.10","1,414.00","1,419.00","1,323.30","1,343.20","1,353.50","1,382.97",230015,318104281.3,7899.0,64041.0,27.84
BBTC,EQ,06-Oct-2017,"1,423.15","1,398.90","1,429.95","1,392.00","1,414.95","1,415.10","1,414.33",561250,793795355.45,22198.0,152916.0,27.25
BBTC,EQ,05-Oct-2017,"1,391.90","1,382.65","1,439.90","1,380.20","1,400.00","1,423.15","1,408.43",739449,1041459940.1,21389.0,158027.0,21.37
BBTC,EQ,04-Oct-2017,"1,358.30","1,353.70","1,404.00","1,342.00","1,385.00","1,391.90","1,386.66",933576,1294548574.45,26115.0,101723.0,10.9
BBTC,EQ,03-Oct-2017,"1,286.90","1,295.40","1,375.00","1,279.00","1,358.20","1,358.30","1,338.79",1276146,1708485593.0,43519.0,131471.0,10.3
BBTC,EQ,29-Sep-2017,"1,180.70","1,190.00","1,339.00","1,182.00","1,275.00","1,286.90","1,292.00",1186036,1532354871.05,45068.0,179810.0,15.16
BBTC,EQ,28-Sep-2017,"1,190.85","1,210.00","1,210.00","1,152.20","1,186.00","1,180.70","1,181.39",119041,140634336.55,6099.0,40567.0,34.08
BBTC,EQ,27-Sep-2017,"1,230.10","1,240.10","1,252.00","1,172.65","1,195.00","1,190.85","1,218.44",185909,226518392.9,6470.0,70892.0,38.13
BBTC,EQ,26-Sep-2017,"1,232.15","1,231.00","1,259.95","1,221.00","1,230.00","1,230.10","1,237.71",228439,282740763.85,11990.0,55498.0,24.29
BBTC,EQ,25-Sep-2017,"1,258.95","1,279.90","1,279.90","1,210.00","1,243.00","1,232.15","1,241.98",291602,362162820.2,11983.0,135339.0,46.41
BBTC,EQ,22-Sep-2017,"1,265.65","1,265.00","1,281.85","1,231.20","1,268.00","1,258.95","1,257.86",395167,497065503.05,9104.0,122400.0,30.97
BBTC,EQ,21-Sep-2017,"1,266.10","1,266.50","1,298.00","1,251.00","1,265.25","1,265.65","1,270.74",432389,549454172.5,11653.0,117309.0,27.13
BBTC,EQ,20-Sep-2017,"1,266.40","1,270.00","1,318.95","1,260.55","1,266.40","1,266.10","1,283.15",588803,755520466.25,15924.0,124751.0,21.19
BBTC,EQ,19-Sep-2017,"1,257.25","1,268.00","1,295.00","1,250.00","1,275.00","1,266.40","1,268.99",368403,467499955.0,11926.0,86154.0,23.39
BBTC,EQ,18-Sep-2017,"1,236.65","1,250.50","1,330.00","1,245.00","1,265.00","1,257.25","1,285.83",1071806,1378163228.7,31733.0,210435.0,19.63
BBTC,EQ,15-Sep-2017,"1,067.05","1,070.00","1,263.80","1,060.10","1,236.00","1,236.65","1,183.72",2139670,2532759801.75,62326.0,263169.0,12.3
BBTC,EQ,14-Sep-2017,"1,048.90","1,055.05","1,081.95","1,050.00","1,068.00","1,067.05","1,067.59",178633,190707482.85,5974.0,44592.0,24.96
BBTC,EQ,13-Sep-2017,"1,054.10","1,064.00","1,094.60","1,044.70","1,051.00","1,048.90","1,072.04",243914,261484409.45,8566.0,51691.0,21.19
BBTC,EQ,12-Sep-2017,"1,040.35","1,041.95","1,070.00","1,041.95","1,062.00","1,054.10","1,057.49",149702,158308684.95,4935.0,37948.0,25.35
BBTC,EQ,11-Sep-2017,"1,037.30","1,047.90","1,063.80","1,030.00","1,037.85","1,040.35","1,046.35",121303,126924945.25,4864.0,24705.0,20.37
BBTC,EQ,08-Sep-2017,"1,052.90","1,062.00","1,065.00","1,028.00","1,039.00","1,037.30","1,050.13",124644,130892809.6,4857.0,32518.0,26.09
BBTC,EQ,07-Sep-2017,"1,053.65","1,064.00","1,075.05","1,046.20","1,055.00","1,052.90","1,059.76",131869,139749300.25,4801.0,35535.0,26.95
BBTC,EQ,06-Sep-2017,"1,050.00","1,035.00","1,069.95","1,010.35","1,058.00","1,053.65","1,050.57",339811,356995457.2,9420.0,30342.0,8.93
BBTC,EQ,05-Sep-2017,"1,034.90","1,044.25","1,092.00","1,036.60","1,049.10","1,050.00","1,063.95",503061,535231109.95,13952.0,74746.0,14.86
BBTC,EQ,04-Sep-2017,"1,023.35","1,024.90","1,063.30",975.15,"1,035.30","1,034.90","1,029.69",598171,615932361.05,19228.0,77599.0,12.97
BBTC,EQ,01-Sep-2017,"1,003.80","1,018.70","1,085.00","1,010.00","1,024.90","1,023.35","1,046.17",923583,966229211.2,27115.0,121658.0,13.17
BBTC,EQ,31-Aug-2017,932.70,935.00,"1,029.00",925.05,"1,010.00","1,003.80",989.07,1088251,1076354268.75,27821.0,179455.0,16.49
BBTC,EQ,30-Aug-2017,891.65,902.00,952.00,890.00,927.00,932.70,931.75,238722,222429225.8,7461.0,56461.0,23.65
BBTC,EQ,29-Aug-2017,898.50,894.00,904.50,889.00,895.05,891.65,895.45,22611,20247126.7,1149.0,10134.0,44.82
BBTC,EQ,28-Aug-2017,897.65,905.95,919.00,894.00,897.30,898.50,905.75,44363,40181988.5,1754.0,15489.0,34.91
BBTC,EQ,24-Aug-2017,910.20,907.70,922.75,895.00,895.50,897.65,908.15,54671,49649380.65,3243.0,19416.0,35.51
BBTC,EQ,23-Aug-2017,903.90,910.00,920.00,901.30,910.00,910.20,910.49,49805,45347093.25,2088.0,17276.0,34.69
BBTC,EQ,22-Aug-2017,895.35,896.40,909.70,890.00,907.00,903.90,900.37,42053,37863084.5,2163.0,12514.0,29.76
BBTC,EQ,21-Aug-2017,895.75,902.00,914.45,891.30,892.00,895.35,904.08,49565,44810843.35,2130.0,13831.0,27.9
BBTC,EQ,18-Aug-2017,906.60,899.00,914.80,890.00,893.10,895.75,899.97,39020,35116853.7,2174.0,12266.0,31.44
BBTC,EQ,17-Aug-2017,919.50,922.00,927.70,898.10,905.10,906.60,911.71,51106,46593809.4,2211.0,19053.0,37.28
BBTC,EQ,16-Aug-2017,889.20,897.00,927.00,888.05,919.00,919.50,915.66,163989,150158473.05,5221.0,43997.0,26.83
BBTC,EQ,14-Aug-2017,884.15,886.40,897.00,886.00,886.10,889.20,890.22,21517,19154914.0,878.0,8678.0,40.33
BBTC,EQ,11-Aug-2017,880.25,874.60,888.00,855.50,888.00,884.15,874.65,85748,74999301.35,5012.0,50734.0,59.17
BBTC,EQ,10-Aug-2017,880.30,878.00,914.00,876.00,885.00,880.25,894.51,195282,174680951.5,5839.0,52288.0,26.78
BBTC,EQ,09-Aug-2017,886.40,886.30,891.00,871.50,881.00,880.30,881.10,42604,37538186.75,1622.0,18359.0,43.09
BBTC,EQ,08-Aug-2017,915.50,919.00,922.00,884.00,885.20,886.40,895.74,75004,67184056.4,2925.0,26581.0,35.44
BBTC,EQ,07-Aug-2017,882.00,876.00,948.00,876.00,916.10,915.50,924.33,463346,428286879.6,13813.0,89597.0,19.34
BBTC,EQ,04-Aug-2017,874.05,865.20,895.80,842.35,881.00,882.00,874.12,78308,68450304.85,4420.0,32363.0,41.33
BBTC,EQ,03-Aug-2017,875.95,876.00,890.00,870.00,876.50,874.05,879.06,50298,44214947.55,3195.0,19505.0,38.78
BBTC,EQ,02-Aug-2017,878.95,881.05,883.50,872.25,874.00,875.95,878.17,30424,26717418.45,1811.0,15649.0,51.44
BBTC,EQ,01-Aug-2017,876.20,883.00,889.90,875.00,881.00,878.95,883.29,68918,60874692.85,2097.0,29047.0,42.15
BBTC,EQ,31-Jul-2017,882.75,887.70,887.70,873.10,880.00,876.20,878.96,34870,30649246.6,911.0,22504.0,64.54
BBTC,EQ,28-Jul-2017,878.55,878.00,885.85,871.80,881.50,882.75,880.63,43058,37918148.55,2293.0,24713.0,57.39
BBTC,EQ,27-Jul-2017,881.10,885.60,888.50,867.00,881.80,878.55,879.88,56193,49443255.15,2301.0,31823.0,56.63
BBTC,EQ,26-Jul-2017,883.25,889.90,889.90,879.10,880.00,881.10,882.25,39898,35200007.9,1129.0,23412.0,58.68
BBTC,EQ,25-Jul-2017,882.15,885.05,896.00,880.05,885.00,883.25,887.38,80131,71106754.7,2279.0,20641.0,25.76
BBTC,EQ,24-Jul-2017,887.05,890.00,896.00,881.00,883.90,882.15,885.74,36853,32642147.0,1444.0,17623.0,47.82
BBTC,EQ,21-Jul-2017,890.55,895.00,898.90,885.00,885.25,887.05,891.64,35841,31957225.2,1124.0,17401.0,48.55
BBTC,EQ,20-Jul-2017,882.30,886.00,911.95,884.00,893.00,890.55,899.19,246042,221239060.8,7037.0,45150.0,18.35
BBTC,EQ,19-Jul-2017,880.25,885.00,896.90,880.00,880.00,882.30,887.75,55693,49441306.75,2295.0,18570.0,33.34
BBTC,EQ,18-Jul-2017,880.20,881.00,886.00,874.85,880.50,880.25,880.86,31499,27746327.7,1666.0,16041.0,50.93
BBTC,EQ,17-Jul-2017,880.55,887.00,890.00,877.10,880.05,880.20,883.41,35667,31508463.7,1532.0,16182.0,45.37
BBTC,EQ,14-Jul-2017,886.45,891.15,899.00,879.00,879.00,880.55,885.20,123812,109598446.7,3641.0,48817.0,39.43
BBTC,EQ,13-Jul-2017,882.40,888.85,906.00,881.15,883.50,886.45,895.37,112613,100830179.05,3788.0,20319.0,18.04
BBTC,EQ,12-Jul-2017,886.20,890.00,892.00,881.00,882.40,882.40,884.32,40796,36076575.4,1869.0,18281.0,44.81
BBTC,EQ,11-Jul-2017,894.40,899.85,902.45,885.00,886.80,886.20,892.27,72924,65067601.65,2160.0,38576.0,52.9
BBTC,EQ,10-Jul-2017,897.35,912.00,912.00,886.05,893.30,894.40,897.88,14267,12810060.4,558.0,5117.0,35.87
BBTC,EQ,07-Jul-2017,912.05,920.00,937.95,891.30,898.00,897.35,913.70,263390,240658644.45,9495.0,71336.0,27.08
BBTC,EQ,06-Jul-2017,887.50,890.00,944.90,889.10,916.00,912.05,921.75,437847,403583406.05,13292.0,64415.0,14.71
BBTC,EQ,05-Jul-2017,884.15,890.00,903.00,885.35,887.50,887.50,892.74,65478,58454890.2,2812.0,18965.0,28.96
BBTC,EQ,04-Jul-2017,893.15,899.90,900.00,882.30,882.70,884.15,888.48,53689,47701719.1,2111.0,18827.0,35.07
BBTC,EQ,03-Jul-2017,880.95,884.00,898.70,883.00,897.35,893.15,890.26,57813,51468856.4,2391.0,13009.0,22.5
BBTC,EQ,30-Jun-2017,887.80,883.90,890.95,876.85,878.00,880.95,881.48,63062,55587860.95,1914.0,30620.0,48.56
BBTC,EQ,29-Jun-2017,886.95,890.00,901.50,882.45,891.00,887.80,892.19,55386,49414793.45,2523.0,10920.0,19.72
BBTC,EQ,28-Jun-2017,880.85,875.10,892.50,873.95,890.00,886.95,882.87,53341,47093416.2,2105.0,16451.0,30.84
BBTC,EQ,27-Jun-2017,880.75,883.05,893.70,879.50,880.00,880.85,882.31,75868,66939036.5,2395.0,31547.0,41.58
BBTC,EQ,23-Jun-2017,901.50,903.00,909.95,878.00,881.00,880.75,886.51,113461,100584869.25,3676.0,35057.0,30.9
BBTC,EQ,22-Jun-2017,912.30,908.10,920.95,898.50,902.00,901.50,909.90,66004,60056875.6,2701.0,22392.0,33.93
BBTC,EQ,21-Jun-2017,909.30,911.50,926.30,902.00,912.00,912.30,917.06,147299,135082269.05,4489.0,36234.0,24.6
BBTC,EQ,20-Jun-2017,907.35,909.80,927.00,898.00,911.50,909.30,913.91,146777,134141496.75,5284.0,28056.0,19.11
BBTC,EQ,19-Jun-2017,919.15,925.45,929.15,904.00,909.80,907.35,913.63,74290,67873716.65,2636.0,18412.0,24.78
BBTC,EQ,16-Jun-2017,932.35,938.00,944.05,910.00,919.00,919.15,930.08,135069,125624917.8,4923.0,23398.0,17.32
BBTC,EQ,15-Jun-2017,929.60,940.05,962.00,927.50,935.00,932.35,944.21,553155,522297229.35,16020.0,82537.0,14.92
BBTC,EQ,14-Jun-2017,879.20,886.05,966.00,883.45,929.20,929.60,943.53,1722112,1624857880.4,46498.0,160217.0,9.3
BBTC,EQ,13-Jun-2017,878.70,880.00,892.75,875.25,876.15,879.20,882.24,80273,70820096.4,2527.0,37991.0,47.33
BBTC,EQ,12-Jun-2017,881.35,879.95,888.90,863.55,876.45,878.70,873.94,103466,90423379.15,5110.0,60914.0,58.87
BBTC,EQ,09-Jun-2017,888.75,892.00,892.00,878.00,879.05,881.35,883.13,55067,48631495.15,2078.0,25655.0,46.59
BBTC,EQ,08-Jun-2017,885.35,891.90,902.80,883.95,890.50,888.75,892.42,76884,68612724.65,5261.0,19052.0,24.78
BBTC,EQ,07-Jun-2017,879.65,886.00,921.00,880.00,885.90,885.35,901.58,241757,217964306.0,8426.0,52906.0,21.88
BBTC,EQ,06-Jun-2017,896.85,898.40,907.45,876.00,884.95,879.65,885.44,104065,92143585.25,4922.0,59422.0,57.1
BBTC,EQ,05-Jun-2017,890.40,891.00,918.40,890.05,895.00,896.85,904.67,149153,134934102.95,5820.0,30032.0,20.14
BBTC,EQ,02-Jun-2017,895.35,896.95,915.00,885.50,888.45,890.40,902.54,98840,89206963.7,5172.0,19498.0,19.73
BBTC,EQ,01-Jun-2017,882.20,888.60,911.80,883.50,891.75,895.35,898.72,121341,109051559.75,5893.0,23446.0,19.32
BBTC,EQ,31-May-2017,881.80,882.00,898.00,880.00,882.50,882.20,889.11,42094,37426392.1,2687.0,11194.0,26.59
BBTC,EQ,30-May-2017,881.65,883.95,904.00,875.20,880.05,881.80,892.23,89450,79810294.1,4670.0,18061.0,20.19
BBTC,EQ,29-May-2017,905.70,913.20,913.25,880.00,884.00,881.65,889.44,50647,45047314.4,2422.0,18692.0,36.91
BBTC,EQ,26-May-2017,909.00,915.80,923.50,902.00,909.00,905.70,912.56,51034,46571506.75,2450.0,14399.0,28.21
BBTC,EQ,25-May-2017,880.05,874.45,938.80,874.45,912.00,909.00,913.29,376347,343714589.6,10412.0,43268.0,11.5
BBTC,EQ,24-May-2017,878.65,866.00,889.00,866.00,880.20,880.05,880.43,106046,93366217.35,1547.0,83283.0,78.53
BBTC,EQ,23-May-2017,879.25,872.00,901.75,855.00,881.90,878.65,879.96,160282,141042174.1,8487.0,51163.0,31.92
BBTC,EQ,22-May-2017,881.15,887.05,887.95,875.10,881.90,879.25,880.03,62708,55184858.05,2391.0,32424.0,51.71
BBTC,EQ,19-May-2017,875.15,881.55,898.00,879.10,884.00,881.15,886.52,65476,58046026.65,3495.0,24515.0,37.44
BBTC,EQ,18-May-2017,880.30,876.95,882.35,864.65,877.00,875.15,874.45,81501,71268684.85,5395.0,46743.0,57.35
BBTC,EQ,17-May-2017,880.80,884.90,887.95,877.95,880.85,880.30,881.78,63959,56397690.8,3090.0,20607.0,32.22
BBTC,EQ,16-May-2017,881.80,885.35,901.00,878.20,880.00,880.80,889.69,130939,116494646.6,4764.0,36628.0,27.97
BBTC,EQ,15-May-2017,881.20,888.20,890.50,875.95,885.00,881.80,884.18,78669,69557722.55,3890.0,30227.0,38.42
BBTC,EQ,12-May-2017,881.30,885.10,890.75,871.05,882.00,881.20,882.06,65241,57546504.45,2438.0,22273.0,34.14
BBTC,EQ,11-May-2017,888.10,891.20,895.70,880.00,881.50,881.30,886.68,68694,60909907.7,2069.0,28926.0,42.11
BBTC,EQ,10-May-2017,886.95,893.45,899.90,884.10,889.90,888.10,891.93,84536,75400384.9,3448.0,21185.0,25.06
BBTC,EQ,09-May-2017,881.15,883.10,912.70,883.10,887.00,886.95,897.18,243755,218691999.65,8633.0,25808.0,10.59
BBTC,EQ,08-May-2017,883.65,882.10,894.70,880.00,880.70,881.15,884.63,90141,79741817.3,4731.0,17304.0,19.2
BBTC,EQ,05-May-2017,898.00,887.05,903.85,870.00,882.00,883.65,886.11,173037,153328976.55,7104.0,34688.0,20.05
BBTC,EQ,04-May-2017,919.50,925.05,929.00,895.00,897.25,898.00,911.47,84796,77288587.3,4727.0,30528.0,36.0
BBTC,EQ,03-May-2017,939.15,938.00,944.05,915.00,921.50,919.50,929.00,92880,86285542.35,4808.0,25854.0,27.84
BBTC,EQ,02-May-2017,941.30,945.00,958.00,932.85,938.00,939.15,944.83,131276,124033506.05,5232.0,38586.0,29.39
BBTC,EQ,28-Apr-2017,930.80,933.00,958.90,931.00,938.50,941.30,945.92,323739,306231788.9,10569.0,48600.0,15.01
BBTC,EQ,27-Apr-2017,918.35,920.00,949.00,912.25,933.00,930.80,937.43,346916,325209867.5,11228.0,51479.0,14.84
BBTC,EQ,26-Apr-2017,911.65,920.00,937.00,907.40,914.70,918.35,924.81,281976,260773111.2,9426.0,79514.0,28.2
BBTC,EQ,25-Apr-2017,908.30,915.40,921.50,902.05,913.00,911.65,910.61,144446,131534114.85,9205.0,50663.0,35.07
BBTC,EQ,24-Apr-2017,890.30,898.00,915.90,892.05,911.00,908.30,906.96,233924,212159302.5,8307.0,72147.0,30.84
BBTC,EQ,21-Apr-2017,911.45,913.05,922.95,882.15,892.05,890.30,901.68,196829,177476058.25,9328.0,47288.0,24.02
BBTC,EQ,20-Apr-2017,899.30,902.50,931.80,902.50,913.00,911.45,917.97,326824,300016159.55,10736.0,54447.0,16.66
BBTC,EQ,19-Apr-2017,881.45,881.00,919.60,877.00,902.85,899.30,904.75,321249,290650853.15,12571.0,40716.0,12.67
BBTC,EQ,18-Apr-2017,888.15,894.00,896.80,879.00,885.25,881.45,885.66,152036,134652282.15,6511.0,52142.0,34.3
BBTC,EQ,17-Apr-2017,884.55,891.50,924.20,876.45,890.00,888.15,904.60,484084,437900928.1,19231.0,73552.0,15.19
BBTC,EQ,13-Apr-2017,842.35,845.70,892.00,845.70,882.65,884.55,878.29,732044,642947568.25,23687.0,222416.0,30.38
BBTC,EQ,12-Apr-2017,826.05,830.15,867.30,817.00,841.00,842.35,846.62,323599,273966389.15,15069.0,71228.0,22.01
BBTC,EQ,11-Apr-2017,823.30,826.60,839.70,822.00,824.75,826.05,828.53,100042,82888262.25,4388.0,20719.0,20.71
BBTC,EQ,10-Apr-2017,827.95,830.00,843.00,821.00,823.95,823.30,829.40,91057,75522804.85,4346.0,31223.0,34.29
BBTC,EQ,07-Apr-2017,840.50,842.30,856.40,825.60,829.95,827.95,841.06,177834,149568605.4,8767.0,38597.0,21.7
BBTC,EQ,06-Apr-2017,847.35,847.10,856.60,836.00,843.40,840.50,845.87,106024,89682133.55,5573.0,24933.0,23.52
BBTC,EQ,05-Apr-2017,850.90,856.00,865.00,843.10,847.05,847.35,852.61,114707,97800309.5,5172.0,32442.0,28.28
BBTC,EQ,03-Apr-2017,853.35,854.00,878.00,846.45,849.95,850.90,861.24,190151,163765689.05,7483.0,36317.0,19.1
BBTC,EQ,31-Mar-2017,852.80,858.50,868.90,848.75,854.00,853.35,858.77,166482,142969211.95,6630.0,29737.0,17.86
BBTC,EQ,30-Mar-2017,845.55,849.40,877.00,848.95,853.50,852.80,861.66,253062,218054179.3,9288.0,46361.0,18.32
BBTC,EQ,29-Mar-2017,865.95,871.90,872.00,840.10,844.00,845.55,853.84,164052,140074181.6,6968.0,44925.0,27.38
BBTC,EQ,28-Mar-2017,863.25,863.00,885.00,860.60,866.00,865.95,874.30,393275,343841335.0,11898.0,67418.0,17.14
BBTC,EQ,27-Mar-2017,847.05,848.00,877.80,827.00,860.10,863.25,858.26,673416,577964849.75,19036.0,95151.0,14.13
BBTC,EQ,24-Mar-2017,826.50,824.00,869.00,823.95,847.00,847.05,853.09,1081041,922223517.1,30400.0,130599.0,12.08
BBTC,EQ,23-Mar-2017,756.70,760.40,862.80,759.25,823.10,826.50,825.21,1692254,1396463627.55,49590.0,268695.0,15.88
BBTC,EQ,22-Mar-2017,755.05,749.75,765.90,732.25,755.05,756.70,751.47,219338,164825963.6,8673.0,53738.0,24.5
BBTC,EQ,21-Mar-2017,764.05,768.00,768.90,746.65,755.00,755.05,759.44,116459,88443419.95,6072.0,33916.0,29.12
BBTC,EQ,20-Mar-2017,760.60,765.00,778.80,762.15,764.00,764.05,770.00,182199,140293484.95,7447.0,36088.0,19.81
BBTC,EQ,17-Mar-2017,761.05,765.00,782.10,758.65,759.50,760.60,768.16,194290,149246386.6,6865.0,42981.0,22.12
BBTC,EQ,16-Mar-2017,761.50,766.90,774.00,757.00,760.55,761.05,764.14,130882,100011522.85,4184.0,39070.0,29.85
BBTC,EQ,15-Mar-2017,759.05,762.00,782.40,758.00,761.95,761.50,770.80,254008,195789647.1,7312.0,60544.0,23.84
BBTC,EQ,14-Mar-2017,767.25,778.50,786.00,752.00,757.90,759.05,762.88,184829,141002860.5,7455.0,45681.0,24.72
BBTC,EQ,10-Mar-2017,783.25,789.45,797.95,762.00,765.45,767.25,778.34,214944,167299257.9,7803.0,55443.0,25.79
BBTC,EQ,09-Mar-2017,792.30,792.00,811.00,779.00,780.80,783.25,796.10,375710,299103032.2,12694.0,54564.0,14.52
BBTC,EQ,08-Mar-2017,784.15,785.00,819.90,776.40,788.50,792.30,800.89,1061615,850236984.9,27118.0,112796.0,10.62
BBTC,EQ,07-Mar-2017,805.45,807.95,822.00,770.10,784.30,784.15,794.96,836709,665150334.35,21958.0,125621.0,15.01
BBTC,EQ,06-Mar-2017,717.45,722.00,824.80,722.00,804.10,805.45,790.72,2198363,1738288638.75,66708.0,257519.0,11.71
BBTC,EQ,03-Mar-2017,687.50,683.20,725.00,675.90,719.50,717.45,709.39,485488,344398339.15,12713.0,170068.0,35.03
BBTC,EQ,02-Mar-2017,690.45,694.90,706.75,682.85,683.20,687.50,694.32,262425,182208081.05,7821.0,139809.0,53.28
BBTC,EQ,01-Mar-2017,675.15,675.65,712.90,675.05,690.20,690.45,696.72,365655,254760031.4,13595.0,89222.0,24.4
BBTC,EQ,28-Feb-2017,676.20,680.90,683.80,669.40,678.40,675.15,676.62,149544,101185075.5,5064.0,59231.0,39.61
BBTC,EQ,27-Feb-2017,664.45,666.95,683.80,658.25,676.75,676.20,673.23,233512,157208304.65,10299.0,66274.0,28.38
BBTC,EQ,23-Feb-2017,654.25,657.00,682.80,646.00,666.00,664.45,670.13,394852,264601401.55,9337.0,143903.0,36.44
BBTC,EQ,22-Feb-2017,635.05,636.60,676.40,634.00,652.70,654.25,659.00,500303,329697711.3,12890.0,190242.0,38.03
BBTC,EQ,21-Feb-2017,628.95,633.95,642.50,626.00,638.00,635.05,634.63,66985,42510570.9,3017.0,24971.0,37.28
BBTC,EQ,20-Feb-2017,636.25,641.60,652.00,625.25,628.00,628.95,640.00,162537,104023995.5,5399.0,51423.0,31.64
BBTC,EQ,17-Feb-2017,605.30,605.30,644.40,604.10,634.25,636.25,630.94,274068,172919773.0,8516.0,82707.0,30.18
BBTC,EQ,16-Feb-2017,603.00,607.00,615.00,603.05,606.50,605.30,607.43,43828,26622369.35,6651.0,12555.0,28.65
BBTC,EQ,15-Feb-2017,600.05,605.00,607.50,596.60,607.00,603.00,601.34,88619,53289901.65,2479.0,45151.0,50.95
BBTC,EQ,14-Feb-2017,610.05,610.05,612.15,599.00,600.00,600.05,603.34,51579,31119894.25,4277.0,17308.0,33.56
BBTC,EQ,13-Feb-2017,600.05,608.00,618.00,598.60,609.65,610.05,608.29,111439,67787287.75,5127.0,32322.0,29.0
BBTC,EQ,10-Feb-2017,601.25,604.45,610.05,598.10,601.00,600.05,602.96,62904,37928562.7,3454.0,22124.0,35.17
BBTC,EQ,09-Feb-2017,608.10,606.45,614.70,598.60,601.00,601.25,603.59,47249,28519041.3,3154.0,15285.0,32.35
BBTC,EQ,08-Feb-2017,600.75,600.00,617.00,600.00,611.00,608.10,608.89,106453,64817758.65,6067.0,29436.0,27.65
BBTC,EQ,07-Feb-2017,606.00,606.00,612.00,599.00,600.05,600.75,602.47,62474,37638829.35,4517.0,28512.0,45.64
BBTC,EQ,06-Feb-2017,605.35,609.75,619.70,600.00,604.25,606.00,611.28,98448,60179662.15,7086.0,29892.0,30.36
BBTC,EQ,03-Feb-2017,604.45,608.45,618.00,599.20,605.50,605.35,609.31,119807,72999935.65,6605.0,29269.0,24.43
BBTC,EQ,02-Feb-2017,610.75,612.45,616.90,600.00,605.80,604.45,607.20,63041,38278495.5,5665.0,19162.0,30.4
BBTC,EQ,01-Feb-2017,599.70,603.00,615.90,597.05,609.95,610.75,606.68,196840,119418908.6,6357.0,53173.0,27.01
BBTC,EQ,31-Jan-2017,585.15,587.00,607.00,582.90,598.35,599.70,595.58,309753,184482403.0,10581.0,113468.0,36.63
BBTC,EQ,30-Jan-2017,567.10,571.05,619.00,570.00,585.50,585.15,599.76,783188,469726935.65,21594.0,156192.0,19.94
BBTC,EQ,27-Jan-2017,546.35,552.00,580.00,547.55,565.50,567.10,563.56,116764,65803301.0,3743.0,46991.0,40.24
BBTC,EQ,25-Jan-2017,545.55,546.30,554.40,545.25,546.50,546.35,548.83,25693,14101173.45,853.0,13766.0,53.58
BBTC,EQ,24-Jan-2017,541.45,542.00,551.65,542.00,546.00,545.55,546.86,16519,9033611.6,906.0,7936.0,48.04
BBTC,EQ,23-Jan-2017,541.25,545.00,552.00,540.00,542.50,541.45,544.48,23500,12795188.25,1912.0,9701.0,41.28
BBTC,EQ,20-Jan-2017,554.00,556.45,557.00,538.00,539.00,541.25,547.65,35133,19240489.9,2722.0,13045.0,37.13
BBTC,EQ,19-Jan-2017,546.35,549.75,567.75,543.55,554.70,554.00,560.06,149518,83739015.95,9052.0,39408.0,26.36
BBTC,EQ,18-Jan-2017,549.15,544.00,554.00,544.00,545.00,546.35,549.28,43705,24006205.7,4952.0,15545.0,35.57
BBTC,EQ,17-Jan-2017,551.85,556.00,556.50,545.05,548.25,549.15,551.07,35486,19555215.6,4529.0,9140.0,25.76
BBTC,EQ,16-Jan-2017,549.35,549.85,558.90,548.00,551.25,551.85,553.97,57359,31775176.7,6922.0,10797.0,18.82
BBTC,EQ,13-Jan-2017,544.55,542.95,567.75,540.00,550.10,549.35,554.63,157636,87429339.5,11465.0,18701.0,11.86
BBTC,EQ,12-Jan-2017,547.85,549.75,554.00,542.95,543.00,544.55,548.71,34642,19008571.75,4656.0,10160.0,29.33
BBTC,EQ,11-Jan-2017,545.90,549.00,554.70,545.00,546.25,547.85,549.46,39607,21762634.05,5495.0,9616.0,24.28
BBTC,EQ,10-Jan-2017,539.70,544.00,556.95,538.05,544.00,545.90,549.29,87534,48081914.9,6297.0,16478.0,18.82
BBTC,EQ,09-Jan-2017,544.75,549.00,553.95,535.50,541.00,539.70,542.58,37985,20609810.85,4992.0,12647.0,33.29
BBTC,EQ,06-Jan-2017,533.20,538.55,560.00,536.00,548.00,544.75,548.66,208850,114587842.95,8706.0,40717.0,19.5
BBTC,EQ,05-Jan-2017,525.30,526.40,542.85,526.10,535.00,533.20,534.54,74596,39874641.3,5539.0,19518.0,26.16
BBTC,EQ,04-Jan-2017,525.90,526.25,532.10,523.25,524.30,525.30,527.61,35133,18536623.8,2786.0,10916.0,31.07
BBTC,EQ,03-Jan-2017,524.40,528.00,532.70,519.70,524.45,525.90,526.65,43847,23091926.95,3223.0,15431.0,35.19
BBTC,EQ,02-Jan-2017,515.30,536.00,536.00,516.30,524.10,524.40,524.74,67102,35211131.4,4503.0,18901.0,28.17
BBTC,EQ,30-Dec-2016,520.35,525.00,529.80,513.05,515.80,515.30,520.63,43137,22458445.35,1606.0,17815.0,41.3
BBTC,EQ,28-Dec-2018,"1,274.80","1,278.00","1,348.90","1,278.00","1,320.00","1,319.45","1,324.44",268063,355033754.85,11821.0,33439.0,12.47
BBTC,EQ,27-Dec-2018,"1,266.20","1,272.15","1,294.95","1,272.00","1,272.00","1,274.80","1,280.62",38249,48982597.65,2974.0,8760.0,22.9
BBTC,EQ,26-Dec-2018,"1,277.85","1,280.00","1,286.35","1,238.00","1,263.80","1,266.20","1,260.64",60487,76252380.75,4301.0,16938.0,28.0
BBTC,EQ,24-Dec-2018,"1,305.30","1,308.90","1,317.00","1,271.25","1,280.00","1,277.85","1,293.36",54465,70442825.25,3884.0,10557.0,19.38
BBTC,EQ,21-Dec-2018,"1,344.05","1,342.00","1,352.00","1,300.05","1,302.00","1,305.30","1,322.52",68238,90245804.85,5456.0,25841.0,37.87
BBTC,EQ,20-Dec-2018,"1,363.45","1,349.10","1,365.00","1,335.00","1,341.00","1,344.05","1,350.78",66863,90317010.65,4124.0,15974.0,23.89
BBTC,EQ,19-Dec-2018,"1,362.90","1,374.95","1,383.20","1,346.00","1,360.00","1,363.45","1,365.99",80664,110186546.25,5214.0,20499.0,25.41
BBTC,EQ,18-Dec-2018,"1,337.35","1,332.00","1,375.00","1,321.15","1,365.00","1,362.90","1,349.31",87895,118597621.2,4905.0,25459.0,28.97
BBTC,EQ,17-Dec-2018,"1,321.35","1,320.05","1,345.00","1,310.00","1,338.75","1,337.35","1,329.24",73088,97151616.0,3267.0,20908.0,28.61
BBTC,EQ,14-Dec-2018,"1,309.00","1,309.00","1,337.00","1,296.00","1,317.00","1,321.35","1,317.58",84899,111861150.6,4181.0,17386.0,20.48
BBTC,EQ,13-Dec-2018,"1,305.10","1,316.00","1,339.00","1,301.75","1,312.00","1,309.00","1,322.37",99880,132078019.25,4783.0,24044.0,24.07
BBTC,EQ,12-Dec-2018,"1,236.80","1,244.90","1,314.00","1,243.00","1,312.20","1,305.10","1,290.45",177986,229682158.55,8520.0,35981.0,20.22
BBTC,EQ,11-Dec-2018,"1,230.25","1,189.95","1,247.75","1,182.00","1,238.00","1,236.80","1,218.46",137539,167585847.05,6993.0,34322.0,24.95
BBTC,EQ,10-Dec-2018,"1,308.90","1,270.00","1,286.95","1,208.10","1,210.00","1,230.25","1,250.35",66151,82711797.05,3696.0,33692.0,50.93
BBTC,EQ,07-Dec-2018,"1,308.30","1,310.00","1,335.85","1,301.00","1,302.20","1,308.90","1,318.32",46005,60649176.9,3089.0,12755.0,27.73
BBTC,EQ,06-Dec-2018,"1,327.30","1,314.00","1,329.90","1,300.35","1,314.80","1,308.30","1,307.64",55122,72079886.25,2551.0,15167.0,27.52
BBTC,EQ,05-Dec-2018,"1,353.20","1,345.00","1,346.00","1,322.00","1,322.60","1,327.30","1,334.98",43111,57552342.3,2640.0,14937.0,34.65
BBTC,EQ,04-Dec-2018,"1,373.25","1,361.00","1,372.00","1,345.00","1,353.20","1,353.20","1,356.40",41927,56869695.05,2535.0,12683.0,30.25
BBTC,EQ,03-Dec-2018,"1,380.25","1,382.00","1,404.90","1,362.00","1,365.30","1,373.25","1,383.77",113726,157370465.2,4570.0,32032.0,28.17
BBTC,EQ,30-Nov-2018,"1,332.05","1,337.90","1,385.00","1,331.00","1,380.00","1,380.25","1,364.51",155044,211559788.0,7832.0,44000.0,28.38
BBTC,EQ,29-Nov-2018,"1,327.10","1,330.10","1,348.00","1,329.25","1,331.15","1,332.05","1,338.46",49582,66363308.1,2782.0,13515.0,27.26
BBTC,EQ,28-Nov-2018,"1,341.90","1,345.10","1,357.70","1,321.00","1,321.05","1,327.10","1,339.00",47576,63704350.7,3018.0,10455.0,21.98
BBTC,EQ,27-Nov-2018,"1,331.30","1,322.00","1,353.00","1,319.00","1,344.00","1,341.90","1,337.59",55673,74467915.8,3489.0,13320.0,23.93
BBTC,EQ,26-Nov-2018,"1,342.65","1,350.85","1,350.85","1,316.00","1,330.00","1,331.30","1,331.81",54559,72662155.55,3336.0,15255.0,27.96
BBTC,EQ,22-Nov-2018,"1,351.10","1,359.00","1,372.00","1,337.00","1,345.00","1,342.65","1,355.31",60502,81998839.9,4293.0,14085.0,23.28
BBTC,EQ,21-Nov-2018,"1,332.60","1,334.00","1,366.40","1,330.00","1,351.15","1,351.10","1,352.46",116919,158128748.7,4731.0,19820.0,16.95
BBTC,EQ,20-Nov-2018,"1,369.45","1,361.00","1,370.35","1,328.50","1,330.00","1,332.60","1,347.90",55410,74687300.75,3660.0,24728.0,44.63
BBTC,EQ,19-Nov-2018,"1,362.20","1,362.20","1,376.00","1,353.80","1,374.00","1,369.45","1,365.60",52947,72304195.8,3148.0,17456.0,32.97
BBTC,EQ,16-Nov-2018,"1,354.90","1,357.20","1,385.00","1,350.00","1,360.05","1,362.20","1,366.60",95527,130547522.65,4959.0,24872.0,26.04
BBTC,EQ,15-Nov-2018,"1,382.05","1,380.00","1,412.80","1,350.00","1,351.50","1,354.90","1,380.05",128505,177343124.05,7538.0,30558.0,23.78
BBTC,EQ,14-Nov-2018,"1,414.40","1,411.00","1,433.00","1,371.00","1,378.00","1,382.05","1,402.21",124665,174806820.15,8034.0,43938.0,35.24
BBTC,EQ,13-Nov-2018,"1,411.00","1,407.90","1,433.70","1,371.55","1,405.00","1,414.40","1,401.22",186003,260630271.55,9119.0,44303.0,23.82
BBTC,EQ,12-Nov-2018,"1,382.90","1,395.70","1,424.90","1,395.00","1,406.00","1,411.00","1,411.32",203448,287130528.65,10657.0,43209.0,21.24
BBTC,EQ,09-Nov-2018,"1,379.65","1,384.00","1,397.70","1,362.05","1,390.00","1,382.90","1,382.37",73467,101558805.05,4085.0,17192.0,23.4
BBTC,EQ,07-Nov-2018,"1,379.35","1,386.00","1,392.00","1,370.00","1,380.60","1,379.65","1,379.67",24425,33698420.75,1223.0,8518.0,34.87
BBTC,EQ,06-Nov-2018,"1,362.10","1,368.00","1,411.00","1,363.00","1,386.00","1,379.35","1,391.62",211375,294152698.15,9501.0,29104.0,13.77
BBTC,EQ,05-Nov-2018,"1,364.85","1,363.00","1,376.80","1,335.00","1,368.85","1,362.10","1,356.50",84142,114139003.1,5001.0,12747.0,15.15
BBTC,EQ,02-Nov-2018,"1,392.00","1,409.00","1,440.00","1,352.10","1,366.00","1,364.85","1,400.11",223844,313406129.1,12140.0,45854.0,20.48
BBTC,EQ,01-Nov-2018,"1,293.65","1,310.00","1,418.85","1,307.00","1,395.00","1,392.00","1,378.78",663183,914385688.9,34779.0,118068.0,17.8
BBTC,EQ,31-Oct-2018,"1,204.05","1,206.00","1,304.00","1,205.45","1,300.00","1,293.65","1,261.62",349704,441194080.0,22392.0,74011.0,21.16
BBTC,EQ,30-Oct-2018,"1,195.25","1,208.00","1,223.55","1,185.10","1,202.90","1,204.05","1,205.56",145393,175280201.6,13161.0,59172.0,40.7
BBTC,EQ,29-Oct-2018,"1,185.20","1,201.30","1,222.55","1,191.10","1,198.95","1,195.25","1,202.89",98013,117898946.7,4599.0,37091.0,37.84
BBTC,EQ,26-Oct-2018,"1,187.35","1,187.10","1,224.00","1,174.95","1,185.30","1,185.20","1,197.78",125624,150469769.35,6074.0,46026.0,36.64
BBTC,EQ,25-Oct-2018,"1,192.15","1,184.00","1,210.00","1,160.00","1,194.50","1,187.35","1,187.66",65512,77805735.65,3932.0,20503.0,31.3
BBTC,EQ,24-Oct-2018,"1,184.25","1,200.00","1,215.65","1,180.00","1,191.00","1,192.15","1,193.43",89558,106880783.05,5023.0,27429.0,30.63
BBTC,EQ,23-Oct-2018,"1,221.10","1,204.85","1,219.70","1,176.40","1,190.50","1,184.25","1,197.83",119378,142993962.3,6157.0,35353.0,29.61
BBTC,EQ,22-Oct-2018,"1,219.50","1,221.00","1,232.45","1,203.20","1,217.00","1,221.10","1,217.76",85651,104302454.8,5816.0,19976.0,23.32
BBTC,EQ,19-Oct-2018,"1,262.00","1,260.00","1,268.35","1,202.00","1,219.00","1,219.50","1,228.06",124864,153340771.95,8797.0,41565.0,33.29
BBTC,EQ,17-Oct-2018,"1,311.85","1,325.30","1,336.00","1,252.00","1,269.00","1,262.00","1,293.99",143037,185088883.35,7284.0,40180.0,28.09
BBTC,EQ,16-Oct-2018,"1,297.90","1,305.25","1,331.65","1,298.75","1,312.90","1,311.85","1,314.94",128481,168945241.15,6148.0,36000.0,28.02
BBTC,EQ,15-Oct-2018,"1,325.60","1,320.00","1,345.00","1,282.00","1,293.00","1,297.90","1,312.35",221139,290211406.8,13613.0,50183.0,22.69
BBTC,EQ,12-Oct-2018,"1,267.25","1,285.00","1,366.00","1,285.00","1,323.75","1,325.60","1,330.28",295654,393302076.9,16890.0,68924.0,23.31
BBTC,EQ,11-Oct-2018,"1,288.55","1,229.00","1,294.40","1,206.00","1,267.30","1,267.25","1,258.06",157926,198679669.2,10225.0,26905.0,17.04
BBTC,EQ,10-Oct-2018,"1,237.50","1,240.00","1,312.95","1,233.50","1,292.00","1,288.55","1,278.37",250819,320640592.65,15272.0,58432.0,23.3
BBTC,EQ,09-Oct-2018,"1,214.85","1,286.85","1,294.00","1,221.35","1,230.70","1,237.50","1,256.00",278828,350206603.55,15349.0,56300.0,20.19
BBTC,EQ,08-Oct-2018,"1,182.40","1,182.00","1,244.70","1,160.40","1,222.00","1,214.85","1,203.53",325603,391874507.9,17884.0,100128.0,30.75
BBTC,EQ,05-Oct-2018,"1,248.55","1,240.00","1,254.00","1,170.20","1,174.00","1,182.40","1,195.76",343757,411052076.65,18625.0,189139.0,55.02
BBTC,EQ,04-Oct-2018,"1,311.20","1,270.00","1,290.00","1,230.95","1,234.00","1,248.55","1,262.23",177651,224235784.15,10803.0,50417.0,28.38
BBTC,EQ,03-Oct-2018,"1,314.60","1,304.00","1,350.00","1,286.55","1,310.00","1,311.20","1,315.49",215818,283906215.95,11849.0,37619.0,17.43
BBTC,EQ,01-Oct-2018,"1,312.10","1,314.10","1,330.00","1,251.00","1,308.00","1,314.60","1,295.36",317241,410941778.45,15956.0,93889.0,29.6
BBTC,EQ,28-Sep-2018,"1,371.05","1,379.90","1,388.75","1,285.60","1,325.00","1,312.10","1,326.14",250920,332754425.25,13319.0,69514.0,27.7
BBTC,EQ,27-Sep-2018,"1,426.90","1,432.70","1,437.15","1,362.10","1,370.00","1,371.05","1,398.98",131235,183595030.5,7336.0,34955.0,26.64
BBTC,EQ,26-Sep-2018,"1,442.80","1,463.45","1,481.75","1,411.50","1,418.00","1,426.90","1,450.03",270758,392607464.75,11950.0,74695.0,27.59
BBTC,EQ,25-Sep-2018,"1,377.05","1,380.00","1,475.65","1,301.00","1,456.00","1,442.80","1,382.94",759512,1050357206.1,33361.0,132053.0,17.39
BBTC,EQ,24-Sep-2018,"1,515.15","1,524.35","1,530.00","1,356.15","1,364.00","1,377.05","1,429.47",347474,496702798.65,22156.0,109762.0,31.59
BBTC,EQ,21-Sep-2018,"1,661.10","1,676.90","1,688.00","1,328.90","1,514.90","1,515.15","1,521.91",538187,819073110.55,25774.0,135161.0,25.11
BBTC,EQ,19-Sep-2018,"1,677.15","1,696.90","1,738.70","1,651.25","1,654.80","1,661.10","1,699.24",349649,594137761.9,18379.0,63974.0,18.3
BBTC,EQ,18-Sep-2018,"1,668.30","1,668.00","1,748.00","1,665.00","1,685.10","1,677.15","1,709.04",421719,720736389.35,21015.0,67223.0,15.94
BBTC,EQ,17-Sep-2018,"1,726.40","1,709.00","1,709.00","1,660.00","1,664.10","1,668.30","1,684.33",171611,289049028.05,9068.0,51631.0,30.09
BBTC,EQ,14-Sep-2018,"1,693.35","1,705.15","1,744.00","1,680.00","1,721.00","1,726.40","1,719.98",244869,421168956.15,12344.0,50975.0,20.82
BBTC,EQ,12-Sep-2018,"1,700.60","1,701.05","1,724.50","1,675.35","1,690.00","1,693.35","1,699.14",203613,345967345.55,11287.0,46406.0,22.79
BBTC,EQ,11-Sep-2018,"1,746.35","1,755.45","1,772.70","1,692.00","1,693.00","1,700.60","1,731.67",201094,348227481.0,12819.0,50301.0,25.01
BBTC,EQ,10-Sep-2018,"1,799.00","1,801.00","1,820.00","1,738.00","1,745.50","1,746.35","1,777.53",167800,298269648.8,10485.0,35486.0,21.15
BBTC,EQ,07-Sep-2018,"1,827.45","1,833.00","1,838.40","1,783.00","1,810.00","1,799.00","1,806.32",187866,339345507.5,10319.0,42134.0,22.43
BBTC,EQ,06-Sep-2018,"1,854.75","1,860.00","1,882.00","1,812.05","1,813.30","1,827.45","1,843.80",191569,353214320.0,11592.0,41399.0,21.61
BBTC,EQ,05-Sep-2018,"1,839.40","1,829.40","1,874.70","1,758.50","1,855.00","1,854.75","1,816.23",393144,714039103.35,22976.0,88855.0,22.6
BBTC,EQ,04-Sep-2018,"1,879.60","1,883.55","1,934.00","1,821.00","1,840.00","1,839.40","1,884.51",336263,633690222.9,17024.0,80100.0,23.82
BBTC,EQ,03-Sep-2018,"1,866.30","1,875.65","1,968.90","1,842.00","1,878.65","1,879.60","1,919.56",538975,1034593958.25,23845.0,77360.0,14.35
BBTC,EQ,31-Aug-2018,"1,916.05","1,916.00","1,935.00","1,857.55","1,863.55","1,866.30","1,888.01",208575,393790898.5,11214.0,68134.0,32.67
BBTC,EQ,30-Aug-2018,"1,954.45","1,960.25","1,971.25","1,910.00","1,915.95","1,916.05","1,931.99",185979,359308665.1,9979.0,49556.0,26.65
BBTC,EQ,29-Aug-2018,"1,991.85","1,982.00","2,012.70","1,945.20","1,957.00","1,954.45","1,979.83",284792,563839564.85,14295.0,60666.0,21.3
BBTC,EQ,28-Aug-2018,"1,996.70","1,999.00","2,040.00","1,951.20","1,982.00","1,991.85","2,000.38",602100,1204428931.3,28056.0,79807.0,13.25
BBTC,EQ,27-Aug-2018,"1,929.95","1,940.00","2,029.90","1,894.35","1,994.00","1,996.70","1,973.53",1087458,2146132375.7,46611.0,116632.0,10.73
BBTC,EQ,24-Aug-2018,"1,954.90","1,990.00","2,115.00","1,862.00","1,932.00","1,929.95","1,980.33",2564992,5079530750.4,105082.0,326318.0,12.72
BBTC,EQ,23-Aug-2018,"1,673.60","1,688.00","2,008.30","1,683.05","2,008.30","1,954.90","1,849.58",2357185,4359811300.05,68723.0,359256.0,15.24
BBTC,EQ,21-Aug-2018,"1,578.45","1,584.00","1,697.00","1,565.05","1,673.10","1,673.60","1,637.43",583713,955789332.75,22318.0,134941.0,23.12
BBTC,EQ,20-Aug-2018,"1,563.60","1,566.00","1,605.00","1,566.00","1,584.00","1,578.45","1,586.08",151482,240262790.8,4884.0,42239.0,27.88
BBTC,EQ,17-Aug-2018,"1,544.30","1,546.00","1,569.00","1,542.85","1,560.00","1,563.60","1,557.65",57887,90167752.1,2429.0,19831.0,34.26
BBTC,EQ,16-Aug-2018,"1,536.75","1,534.00","1,564.90","1,530.00","1,540.15","1,544.30","1,550.09",106869,165657072.2,4239.0,22293.0,20.86
BBTC,EQ,14-Aug-2018,"1,550.10","1,555.05","1,570.00","1,530.00","1,536.70","1,536.75","1,549.23",65008,100712586.6,2587.0,23516.0,36.17
BBTC,EQ,13-Aug-2018,"1,561.15","1,550.50","1,567.00","1,535.00","1,550.00","1,550.10","1,555.43",76371,118790041.8,4230.0,40773.0,53.39
BBTC,EQ,10-Aug-2018,"1,565.85","1,568.00","1,579.65","1,548.20","1,558.00","1,561.15","1,560.38",68137,106319918.6,3513.0,29577.0,43.41
BBTC,EQ,09-Aug-2018,"1,577.35","1,552.00","1,598.00","1,552.00","1,563.00","1,565.85","1,573.68",93663,147395248.1,4006.0,25836.0,27.58
BBTC,EQ,08-Aug-2018,"1,544.35","1,549.00","1,630.00","1,549.00","1,570.00","1,577.35","1,591.91",432738,688879590.45,16411.0,85424.0,19.74
BBTC,EQ,07-Aug-2018,"1,579.60","1,590.00","1,599.00","1,539.70","1,548.00","1,544.35","1,564.49",135965,212716078.3,5875.0,52914.0,38.92
BBTC,EQ,06-Aug-2018,"1,614.70","1,620.00","1,635.00","1,570.00","1,590.00","1,579.60","1,600.79",212699,340487067.45,8221.0,66357.0,31.2
BBTC,EQ,03-Aug-2018,"1,546.65","1,548.00","1,629.90","1,548.00","1,613.00","1,614.70","1,605.78",391427,628547238.45,13377.0,95671.0,24.44
BBTC,EQ,02-Aug-2018,"1,537.45","1,544.40","1,568.00","1,525.00","1,540.00","1,546.65","1,548.12",78072,120864659.5,3785.0,17568.0,22.5
BBTC,EQ,01-Aug-2018,"1,559.05","1,560.00","1,579.00","1,527.90","1,535.50","1,537.45","1,557.30",116328,181157852.85,4948.0,31617.0,27.18
BBTC,EQ,31-Jul-2018,"1,555.30","1,564.00","1,568.80","1,532.30","1,565.00","1,559.05","1,553.14",75993,118027898.25,2950.0,21959.0,28.9
BBTC,EQ,30-Jul-2018,"1,528.20","1,537.85","1,578.00","1,514.45","1,555.00","1,555.30","1,554.07",191521,297636922.65,7386.0,42004.0,21.93
BBTC,EQ,27-Jul-2018,"1,501.55","1,514.00","1,535.80","1,503.00","1,525.20","1,528.20","1,523.01",93689,142688903.2,3942.0,33633.0,35.9
BBTC,EQ,26-Jul-2018,"1,498.85","1,508.30","1,521.80","1,495.00","1,500.65","1,501.55","1,507.47",54073,81513563.05,2622.0,12915.0,23.88
BBTC,EQ,25-Jul-2018,"1,490.15","1,498.90","1,525.00","1,485.00","1,494.35","1,498.85","1,508.99",103361,155970946.85,4325.0,30881.0,29.88
BBTC,EQ,24-Jul-2018,"1,459.25","1,461.00","1,515.00","1,452.55","1,492.00","1,490.15","1,490.81",131719,196367857.7,4995.0,36520.0,27.73
BBTC,EQ,23-Jul-2018,"1,463.75","1,473.00","1,483.25","1,451.15","1,457.00","1,459.25","1,466.53",39839,58424894.6,2078.0,10787.0,27.08
BBTC,EQ,20-Jul-2018,"1,459.75","1,452.50","1,478.90","1,439.95","1,460.00","1,463.75","1,470.69",125388,184406504.7,3142.0,81480.0,64.98
BBTC,EQ,19-Jul-2018,"1,474.40","1,471.05","1,481.90","1,440.00","1,464.40","1,459.75","1,455.51",178466,259758413.95,3021.0,108447.0,60.77
BBTC,EQ,18-Jul-2018,"1,498.95","1,508.00","1,514.55","1,468.00","1,475.00","1,474.40","1,484.31",77989,115759979.95,3499.0,24079.0,30.87
BBTC,EQ,17-Jul-2018,"1,508.45","1,511.00","1,535.00","1,493.05","1,497.00","1,498.95","1,506.97",85298,128541773.9,3852.0,28495.0,33.41
BBTC,EQ,16-Jul-2018,"1,521.45","1,511.10","1,556.00","1,495.00","1,506.00","1,508.45","1,529.59",159029,243249656.75,5950.0,37934.0,23.85
BBTC,EQ,13-Jul-2018,"1,534.10","1,544.90","1,544.90","1,497.10","1,525.00","1,521.45","1,516.70",88346,133994544.8,3665.0,18906.0,21.4
BBTC,EQ,12-Jul-2018,"1,550.45","1,565.70","1,572.00","1,492.25","1,540.00","1,534.10","1,543.53",104178,160801833.95,4833.0,18516.0,17.77
BBTC,EQ,11-Jul-2018,"1,580.35","1,572.00","1,572.00","1,534.00","1,548.10","1,550.45","1,550.95",144548,224187264.05,5737.0,31221.0,21.6
BBTC,EQ,10-Jul-2018,"1,516.15","1,540.00","1,594.70","1,539.45","1,576.00","1,580.35","1,570.35",289631,454821286.05,11349.0,66186.0,22.85
BBTC,EQ,09-Jul-2018,"1,450.10","1,464.00","1,532.00","1,446.30","1,522.00","1,516.15","1,486.04",315272,468506687.2,8763.0,56601.0,17.95
BBTC,EQ,06-Jul-2018,"1,436.95","1,437.00","1,459.00","1,423.05","1,448.00","1,450.10","1,446.41",67122,97085978.7,3493.0,20916.0,31.16
BBTC,EQ,05-Jul-2018,"1,437.10","1,437.00","1,462.60","1,426.20","1,442.00","1,436.95","1,445.96",99212,143456280.55,5245.0,20622.0,20.79
BBTC,EQ,04-Jul-2018,"1,425.15","1,437.95","1,456.95","1,412.25","1,433.90","1,437.10","1,440.53",110263,158837543.4,4978.0,19133.0,17.35
BBTC,EQ,03-Jul-2018,"1,421.75","1,429.00","1,439.95","1,409.70","1,432.00","1,425.15","1,427.29",72235,103100377.7,3141.0,15369.0,21.28
BBTC,EQ,02-Jul-2018,"1,443.90","1,454.90","1,454.90","1,404.00","1,418.10","1,421.75","1,419.02",86547,122812151.65,3779.0,12615.0,14.58
BBTC,EQ,29-Jun-2018,"1,408.65","1,419.20","1,459.50","1,419.20","1,440.00","1,443.90","1,446.16",121000,174985913.1,4493.0,26460.0,21.87
BBTC,EQ,28-Jun-2018,"1,423.05","1,420.00","1,429.90","1,388.55","1,407.00","1,408.65","1,405.64",99196,139434043.9,4447.0,24379.0,24.58
BBTC,EQ,27-Jun-2018,"1,477.35","1,484.00","1,509.00","1,407.55","1,417.00","1,423.05","1,450.85",161267,233974734.4,6585.0,39260.0,24.34
BBTC,EQ,26-Jun-2018,"1,485.65","1,485.00","1,496.95","1,468.25","1,474.75","1,477.35","1,485.32",51860,77028656.2,2825.0,11311.0,21.81
BBTC,EQ,25-Jun-2018,"1,488.85","1,494.25","1,524.95","1,480.05","1,482.00","1,485.65","1,504.02",176106,264867675.15,5333.0,22184.0,12.6
BBTC,EQ,22-Jun-2018,"1,480.45","1,480.10","1,508.00","1,480.05","1,484.00","1,488.85","1,492.66",74351,110981098.25,3288.0,23000.0,30.93
BBTC,EQ,21-Jun-2018,"1,528.15","1,525.10","1,525.10","1,476.00","1,483.00","1,480.45","1,498.07",110173,165046512.8,4379.0,39057.0,35.45
BBTC,EQ,20-Jun-2018,"1,481.40","1,483.00","1,538.90","1,483.00","1,528.00","1,528.15","1,521.87",211775,322293008.45,7562.0,41941.0,19.8
BBTC,EQ,19-Jun-2018,"1,531.40","1,540.15","1,540.15","1,466.00","1,480.00","1,481.40","1,497.00",88590,132618825.05,3780.0,27879.0,31.47
BBTC,EQ,18-Jun-2018,"1,541.00","1,550.00","1,561.00","1,523.25","1,530.30","1,531.40","1,540.78",82112,126516291.5,3346.0,23319.0,28.4
BBTC,EQ,15-Jun-2018,"1,548.00","1,559.95","1,579.00","1,520.00","1,537.00","1,541.00","1,550.80",222245,344656482.15,8876.0,46250.0,20.81
BBTC,EQ,14-Jun-2018,"1,547.75","1,555.95","1,555.95","1,537.00","1,548.95","1,548.00","1,545.29",100872,155876681.85,5069.0,27256.0,27.02
BBTC,EQ,13-Jun-2018,"1,529.10","1,530.00","1,559.80","1,523.00","1,545.70","1,547.75","1,545.67",215797,333551347.7,7661.0,37057.0,17.17
BBTC,EQ,12-Jun-2018,"1,509.30","1,519.15","1,553.00","1,504.05","1,525.00","1,529.10","1,533.57",173748,266454442.55,6332.0,38466.0,22.14
BBTC,EQ,11-Jun-2018,"1,503.95","1,505.00","1,528.10","1,490.00","1,505.10","1,509.30","1,512.59",146505,221601543.6,6144.0,26199.0,17.88
BBTC,EQ,08-Jun-2018,"1,497.25","1,509.00","1,525.00","1,487.00","1,495.00","1,503.95","1,506.08",146544,220706425.35,6046.0,27983.0,19.1
BBTC,EQ,07-Jun-2018,"1,464.00","1,482.00","1,514.75","1,478.00","1,501.00","1,497.25","1,499.08",174419,261467705.35,6962.0,38880.0,22.29
BBTC,EQ,06-Jun-2018,"1,423.20","1,416.05","1,473.70","1,386.40","1,464.10","1,464.00","1,444.01",185321,267606284.5,8217.0,30370.0,16.39
BBTC,EQ,05-Jun-2018,"1,479.40","1,475.00","1,484.00","1,382.00","1,428.55","1,423.20","1,429.41",204914,292905149.1,9735.0,55359.0,27.02
BBTC,EQ,04-Jun-2018,"1,539.40","1,553.00","1,555.00","1,470.60","1,472.10","1,479.40","1,497.55",252628,378323588.85,6762.0,135374.0,53.59
BBTC,EQ,01-Jun-2018,"1,612.75","1,616.70","1,620.85","1,530.00","1,537.00","1,539.40","1,555.01",241257,375158166.45,9972.0,78465.0,32.52
BBTC,EQ,31-May-2018,"1,571.95","1,585.05","1,661.30","1,562.00","1,616.70","1,612.75","1,620.26",724583,1174014635.5,22813.0,146316.0,20.19
BBTC,EQ,30-May-2018,"1,537.00","1,544.70","1,584.00","1,524.00","1,580.00","1,571.95","1,559.10",345017,537915120.0,10301.0,76987.0,22.31
BBTC,EQ,29-May-2018,"1,532.20","1,535.00","1,565.05","1,521.75","1,546.10","1,537.00","1,543.73",154794,238959403.05,6804.0,24877.0,16.07
BBTC,EQ,28-May-2018,"1,505.05","1,509.00","1,554.00","1,505.25","1,527.85","1,532.20","1,532.82",199778,306223486.65,7389.0,38665.0,19.35
BBTC,EQ,25-May-2018,"1,484.30","1,497.00","1,514.65","1,480.15","1,502.00","1,505.05","1,497.30",205144,307161151.35,5532.0,54316.0,26.48
BBTC,EQ,24-May-2018,"1,491.10","1,505.05","1,528.00","1,465.00","1,490.00","1,484.30","1,492.52",256374,382642228.75,6706.0,74789.0,29.17
BBTC,EQ,23-May-2018,"1,504.85","1,488.60","1,558.00","1,480.00","1,493.00","1,491.10","1,518.34",470772,714792133.1,11997.0,121664.0,25.84
BBTC,EQ,22-May-2018,"1,500.10","1,455.00","1,525.00","1,421.60","1,506.00","1,504.85","1,467.87",275694,404683844.05,9510.0,81683.0,29.63
BBTC,EQ,21-May-2018,"1,514.40","1,520.00","1,525.00","1,476.00","1,502.10","1,500.10","1,506.46",224766,338600848.05,5729.0,110715.0,49.26
BBTC,EQ,18-May-2018,"1,491.30","1,499.70","1,534.85","1,472.60","1,522.00","1,514.40","1,516.59",317712,481839382.7,9895.0,86090.0,27.1
BBTC,EQ,17-May-2018,"1,470.90","1,480.00","1,506.50","1,474.00","1,491.90","1,491.30","1,487.79",135516,201619027.55,5675.0,44911.0,33.14
BBTC,EQ,16-May-2018,"1,484.10","1,486.95","1,509.50","1,460.00","1,464.00","1,470.90","1,486.92",215716,320752623.75,8465.0,51044.0,23.66
BBTC,EQ,15-May-2018,"1,522.30","1,533.25","1,615.00","1,470.60","1,475.35","1,484.10","1,545.49",631040,975263773.0,16754.0,130965.0,20.75
BBTC,EQ,14-May-2018,"1,568.15","1,574.80","1,574.80","1,515.10","1,518.00","1,522.30","1,539.88",81199,125036317.3,3608.0,28020.0,34.51
BBTC,EQ,11-May-2018,"1,551.10","1,552.00","1,575.00","1,544.05","1,568.20","1,568.15","1,563.75",147022,229906362.15,5098.0,39799.0,27.07
BBTC,EQ,10-May-2018,"1,588.10","1,585.00","1,598.65","1,529.15","1,545.00","1,551.10","1,568.12",275546,432090286.7,6841.0,100463.0,36.46
BBTC,EQ,09-May-2018,"1,617.45","1,612.00","1,635.00","1,570.00","1,581.00","1,588.10","1,599.60",325559,520763152.85,10344.0,73174.0,22.48
BBTC,EQ,08-May-2018,"1,607.80","1,620.00","1,639.00","1,599.35","1,612.80","1,617.45","1,615.47",256675,414650565.45,9913.0,66640.0,25.96
BBTC,EQ,07-May-2018,"1,514.55","1,525.00","1,620.00","1,510.00","1,616.00","1,607.80","1,582.99",506947,802491457.2,17174.0,124025.0,24.47
BBTC,EQ,04-May-2018,"1,494.70","1,496.10","1,526.75","1,482.55","1,516.00","1,514.55","1,510.57",229757,347065171.3,8424.0,33234.0,14.46
BBTC,EQ,03-May-2018,"1,538.65","1,538.35","1,539.90","1,480.00","1,500.00","1,494.70","1,506.51",194341,292776737.85,8545.0,42297.0,21.76
BBTC,EQ,02-May-2018,"1,626.95","1,635.00","1,655.00","1,520.00","1,538.35","1,538.65","1,600.66",476876,763315044.05,14924.0,149444.0,31.34
BBTC,EQ,30-Apr-2018,"1,566.25","1,583.00","1,640.00","1,553.15","1,635.00","1,626.95","1,609.93",503599,810757658.4,18096.0,100134.0,19.88
BBTC,EQ,27-Apr-2018,"1,560.25","1,571.20","1,620.00","1,552.35","1,576.00","1,566.25","1,582.61",292560,463007723.5,9481.0,79355.0,27.12
BBTC,EQ,26-Apr-2018,"1,536.85","1,545.10","1,570.00","1,514.90","1,569.00","1,560.25","1,548.75",229383,355256378.05,8398.0,38633.0,16.84
BBTC,EQ,25-Apr-2018,"1,594.35","1,584.50","1,624.00","1,512.45","1,545.00","1,536.85","1,582.16",647280,1024103359.55,17906.0,164577.0,25.43
BBTC,EQ,24-Apr-2018,"1,554.30","1,565.00","1,619.90","1,550.00","1,584.50","1,594.35","1,591.89",574094,913892461.5,14781.0,100922.0,17.58
BBTC,EQ,23-Apr-2018,"1,536.20","1,533.00","1,625.00","1,503.60","1,564.00","1,554.30","1,582.24",908959,1438191984.9,26941.0,206610.0,22.73
BBTC,EQ,20-Apr-2018,"1,488.35","1,495.05","1,568.00","1,456.00","1,536.00","1,536.20","1,525.86",1084222,1654367059.85,32447.0,162250.0,14.96
BBTC,EQ,19-Apr-2018,"1,368.95","1,391.80","1,511.70","1,382.05","1,501.00","1,488.35","1,442.25",1455540,2099248568.6,35729.0,254075.0,17.46
BBTC,EQ,18-Apr-2018,"1,270.25","1,281.00","1,395.00","1,270.00","1,387.00","1,368.95","1,354.28",1414411,1915504936.5,41408.0,255639.0,18.07
BBTC,EQ,17-Apr-2018,"1,299.80","1,306.00","1,310.10","1,248.05","1,276.00","1,270.25","1,289.34",336129,433383380.4,10891.0,158397.0,47.12
BBTC,EQ,16-Apr-2018,"1,290.70","1,279.60","1,324.80","1,272.00","1,292.95","1,299.80","1,301.75",486369,633130518.05,13337.0,277840.0,57.13
BBTC,EQ,13-Apr-2018,"1,261.15","1,267.90","1,329.00","1,265.00","1,285.00","1,290.70","1,299.48",714999,929130271.15,22024.0,210710.0,29.47
BBTC,EQ,12-Apr-2018,"1,259.40","1,251.00","1,287.00","1,251.00","1,258.60","1,261.15","1,272.02",235477,299531967.4,12047.0,66597.0,28.28
BBTC,EQ,11-Apr-2018,"1,229.85","1,239.90","1,268.45","1,223.10","1,257.00","1,259.40","1,248.02",179929,224555132.9,9105.0,61109.0,33.96
BBTC,EQ,10-Apr-2018,"1,262.30","1,273.50","1,275.90","1,222.00","1,235.00","1,229.85","1,242.39",202494,251576152.15,8497.0,78409.0,38.72
BBTC,EQ,09-Apr-2018,"1,296.10","1,300.00","1,325.50","1,252.00","1,259.05","1,262.30","1,289.63",434829,560769341.85,24274.0,171745.0,39.5
BBTC,EQ,06-Apr-2018,"1,257.60","1,260.00","1,305.00","1,251.05","1,291.00","1,296.10","1,285.49",306413,393891337.25,15948.0,107864.0,35.2
BBTC,EQ,05-Apr-2018,"1,234.10","1,258.90","1,267.80","1,241.50","1,255.00","1,257.60","1,254.90",151629,190278766.05,8585.0,48206.0,31.79
BBTC,EQ,04-Apr-2018,"1,292.30","1,302.75","1,305.00","1,225.00","1,229.00","1,234.10","1,260.36",275156,346794301.15,12456.0,85774.0,31.17
BBTC,EQ,03-Apr-2018,"1,238.00","1,248.00","1,309.00","1,231.75","1,309.00","1,292.30","1,270.06",279871,355453197.15,10649.0,73712.0,26.34
BBTC,EQ,02-Apr-2018,"1,170.80","1,196.00","1,276.00","1,187.20","1,250.90","1,238.00","1,235.84",486539,601286759.4,19893.0,137599.0,28.28
BBTC,EQ,28-Mar-2018,"1,179.10","1,177.90","1,207.70","1,156.70","1,173.00","1,170.80","1,177.18",201341,237014715.1,9063.0,51803.0,25.73
BBTC,EQ,27-Mar-2018,"1,132.75","1,145.00","1,212.00","1,145.00","1,185.00","1,179.10","1,180.29",408057,481626918.6,19194.0,130090.0,31.88
BBTC,EQ,26-Mar-2018,"1,111.20","1,112.35","1,140.00","1,082.00","1,131.00","1,132.75","1,115.72",243827,272042463.0,12574.0,90795.0,37.24
BBTC,EQ,23-Mar-2018,"1,158.00","1,135.00","1,135.00","1,101.10","1,111.00","1,111.20","1,112.17",182450,202916004.9,8939.0,71458.0,39.17
BBTC,EQ,22-Mar-2018,"1,189.50","1,183.55","1,205.00","1,150.00","1,152.90","1,158.00","1,172.62",164427,192809698.15,9696.0,65147.0,39.62
BBTC,EQ,21-Mar-2018,"1,202.85","1,221.00","1,231.95","1,182.00","1,183.05","1,189.50","1,203.49",169497,203988427.65,10292.0,67627.0,39.9
BBTC,EQ,20-Mar-2018,"1,187.60","1,178.00","1,239.50","1,155.55","1,216.00","1,202.85","1,194.76",323286,386250353.7,19664.0,101749.0,31.47
BBTC,EQ,19-Mar-2018,"1,214.65","1,229.70","1,236.95","1,180.00","1,182.00","1,187.60","1,194.89",167965,200698914.5,10479.0,58458.0,34.8
BBTC,EQ,16-Mar-2018,"1,274.60","1,283.70","1,310.00","1,170.00","1,216.45","1,214.65","1,217.21",795878,968749203.0,37586.0,482342.0,60.61
BBTC,EQ,15-Mar-2018,"1,295.50","1,299.00","1,317.95","1,270.00","1,275.00","1,274.60","1,286.57",158188,203520280.3,13483.0,78357.0,49.53
BBTC,EQ,14-Mar-2018,"1,346.75","1,340.00","1,342.00","1,277.00","1,294.05","1,295.50","1,301.54",165204,215019988.6,14825.0,84489.0,51.14
BBTC,EQ,13-Mar-2018,"1,349.90","1,345.00","1,376.00","1,331.50","1,347.00","1,346.75","1,351.07",130101,175775583.05,10633.0,70406.0,54.12
BBTC,EQ,12-Mar-2018,"1,346.65","1,373.00","1,373.70","1,342.55","1,350.00","1,349.90","1,357.67",86354,117240418.0,8407.0,47390.0,54.88
BBTC,EQ,09-Mar-2018,"1,352.15","1,359.80","1,369.00","1,335.00","1,350.00","1,346.65","1,352.09",132463,179101495.95,9606.0,44647.0,33.71
BBTC,EQ,08-Mar-2018,"1,382.75","1,390.00","1,403.65","1,341.50","1,355.00","1,352.15","1,365.10",119469,163087011.4,9340.0,46180.0,38.65
BBTC,EQ,07-Mar-2018,"1,416.15","1,400.10","1,413.70","1,372.50","1,379.95","1,382.75","1,390.63",115219,160226606.2,6718.0,43924.0,38.12
BBTC,EQ,06-Mar-2018,"1,414.20","1,430.70","1,445.00","1,410.00","1,410.00","1,416.15","1,425.80",95538,136218217.6,7421.0,46420.0,48.59
BBTC,EQ,05-Mar-2018,"1,416.70","1,396.70","1,434.95","1,388.40","1,425.00","1,414.20","1,418.71",138836,196967698.15,6826.0,67165.0,48.38
BBTC,EQ,01-Mar-2018,"1,428.10","1,429.00","1,476.00","1,398.05","1,404.00","1,416.70","1,443.67",306442,442400365.8,17369.0,113605.0,37.07
BBTC,EQ,28-Feb-2018,"1,490.65","1,470.00","1,470.05","1,415.00","1,425.50","1,428.10","1,436.05",145633,209136966.15,11241.0,57727.0,39.64
BBTC,EQ,27-Feb-2018,"1,521.35","1,536.00","1,536.00","1,476.20","1,488.20","1,490.65","1,493.40",85674,127945469.35,6030.0,25490.0,29.75
BBTC,EQ,26-Feb-2018,"1,551.50","1,565.25","1,568.70","1,506.00","1,523.10","1,521.35","1,540.81",103517,159500198.8,7980.0,33673.0,32.53
BBTC,EQ,23-Feb-2018,"1,522.55","1,537.50","1,588.95","1,531.20","1,550.00","1,551.50","1,558.56",168200,262150150.65,12616.0,52396.0,31.15
BBTC,EQ,22-Feb-2018,"1,533.70","1,534.90","1,535.00","1,504.40","1,525.00","1,522.55","1,520.70",68888,104758066.35,3737.0,23681.0,34.38
BBTC,EQ,21-Feb-2018,"1,557.15","1,570.00","1,570.00","1,525.10","1,544.35","1,533.70","1,543.68",97659,150754580.55,3717.0,36143.0,37.01
BBTC,EQ,20-Feb-2018,"1,564.35","1,577.95","1,578.60","1,541.00","1,557.20","1,557.15","1,555.02",149282,232137156.0,6579.0,30213.0,20.24
BBTC,EQ,19-Feb-2018,"1,522.45","1,537.25","1,575.00","1,530.50","1,573.00","1,564.35","1,552.83",327602,508711574.6,11416.0,54676.0,16.69
BBTC,EQ,16-Feb-2018,"1,454.75","1,469.95","1,535.60","1,460.00","1,534.65","1,522.45","1,503.26",463471,696717434.1,16618.0,102183.0,22.05
BBTC,EQ,15-Feb-2018,"1,430.95","1,445.00","1,469.95","1,414.05","1,468.00","1,454.75","1,443.05",207846,299931470.95,9233.0,51525.0,24.79
BBTC,EQ,14-Feb-2018,"1,407.50","1,430.00","1,490.00","1,421.60","1,425.00","1,430.95","1,454.78",225479,328022321.85,10600.0,41635.0,18.47
BBTC,EQ,12-Feb-2018,"1,313.00","1,329.95","1,440.00","1,329.00","1,412.00","1,407.50","1,410.70",443405,625510095.15,17244.0,75383.0,17.0
BBTC,EQ,09-Feb-2018,"1,331.95","1,300.00","1,328.00","1,283.05","1,327.00","1,313.00","1,307.40",99388,129939690.8,4937.0,18334.0,18.45
BBTC,EQ,08-Feb-2018,"1,300.85","1,312.90","1,349.50","1,312.85","1,340.00","1,331.95","1,335.22",103188,137779081.2,4353.0,25666.0,24.87
BBTC,EQ,07-Feb-2018,"1,292.30","1,311.00","1,350.65","1,285.25","1,292.20","1,300.85","1,319.61",128798,169963761.2,5236.0,36623.0,28.43
BBTC,EQ,06-Feb-2018,"1,305.75","1,215.05","1,317.00","1,215.05","1,295.00","1,292.30","1,265.16",213025,269509823.7,10200.0,53252.0,25.0
BBTC,EQ,05-Feb-2018,"1,285.45","1,201.60","1,325.15","1,185.05","1,315.00","1,305.75","1,268.74",195697,248289294.85,8406.0,37393.0,19.11
BBTC,EQ,02-Feb-2018,"1,419.65","1,407.00","1,407.00","1,274.80","1,280.00","1,285.45","1,332.36",193530,257850901.25,8030.0,56303.0,29.09
BBTC,EQ,01-Feb-2018,"1,399.95","1,409.70","1,448.00","1,361.10","1,412.00","1,419.65","1,418.22",154166,218641711.1,6531.0,22867.0,14.83
BBTC,EQ,31-Jan-2018,"1,423.05","1,413.00","1,423.50","1,381.15","1,394.00","1,399.95","1,400.31",121189,169702427.9,5218.0,37911.0,31.28
BBTC,EQ,30-Jan-2018,"1,483.15","1,480.00","1,482.00","1,412.15","1,419.00","1,423.05","1,441.15",101773,146669842.5,5039.0,38839.0,38.16
BBTC,EQ,29-Jan-2018,"1,509.10","1,515.00","1,526.45","1,479.95","1,483.00","1,483.15","1,499.11",92293,138357161.1,4474.0,21342.0,23.12
BBTC,EQ,25-Jan-2018,"1,545.25","1,549.55","1,560.00","1,500.00","1,509.00","1,509.10","1,522.75",84556,128757237.0,4402.0,24977.0,29.54
BBTC,EQ,24-Jan-2018,"1,580.70","1,582.00","1,600.00","1,540.00","1,541.00","1,545.25","1,561.47",97188,151755891.95,4804.0,25740.0,26.48
BBTC,EQ,23-Jan-2018,"1,590.70","1,600.00","1,626.00","1,573.00","1,581.15","1,580.70","1,597.48",104013,166158778.2,4467.0,28365.0,27.27
BBTC,EQ,22-Jan-2018,"1,601.25","1,600.00","1,627.45","1,572.00","1,592.00","1,590.70","1,594.06",109789,175010184.8,5112.0,20798.0,18.94
BBTC,EQ,19-Jan-2018,"1,579.60","1,588.20","1,633.90","1,561.05","1,600.00","1,601.25","1,594.69",153916,245447545.1,6385.0,28960.0,18.82
BBTC,EQ,18-Jan-2018,"1,636.90","1,655.00","1,714.45","1,542.10","1,583.00","1,579.60","1,644.72",254444,418489873.65,10833.0,52004.0,20.44
BBTC,EQ,17-Jan-2018,"1,644.00","1,644.00","1,655.85","1,496.00","1,647.20","1,636.90","1,612.58",177340,285975131.35,8193.0,34043.0,19.2
BBTC,EQ,16-Jan-2018,"1,720.70","1,735.00","1,735.00","1,638.45","1,654.00","1,644.00","1,678.36",157450,264257686.85,6484.0,43387.0,27.56
BBTC,EQ,15-Jan-2018,"1,712.65","1,729.00","1,760.00","1,705.00","1,721.00","1,720.70","1,736.12",153862,267122270.6,6591.0,28909.0,18.79
BBTC,EQ,12-Jan-2018,"1,729.40","1,735.90","1,759.00","1,690.30","1,719.00","1,712.65","1,728.39",164433,284204690.4,6889.0,35512.0,21.6
BBTC,EQ,11-Jan-2018,"1,776.10","1,779.45","1,807.00","1,710.05","1,729.45","1,729.40","1,766.65",223954,395647416.2,8687.0,59136.0,26.41
BBTC,EQ,10-Jan-2018,"1,757.65","1,769.65","1,823.90","1,759.00","1,770.05","1,776.10","1,796.43",400880,720151273.9,13820.0,70855.0,17.67
BBTC,EQ,09-Jan-2018,"1,701.45","1,717.00","1,805.00","1,695.00","1,768.00","1,757.65","1,770.97",632134,1119490315.75,19888.0,129271.0,20.45
BBTC,EQ,08-Jan-2018,"1,610.40","1,625.95","1,724.00","1,594.00","1,710.30","1,701.45","1,684.74",579502,976312982.9,24372.0,136901.0,23.62
BBTC,EQ,05-Jan-2018,"1,613.55","1,615.00","1,637.95","1,593.10","1,606.30","1,610.40","1,614.32",109023,175997945.9,4950.0,28119.0,25.79
BBTC,EQ,04-Jan-2018,"1,628.55","1,639.75","1,639.75","1,604.05","1,614.50","1,613.55","1,617.35",80842,130749484.4,3456.0,26609.0,32.91
BBTC,EQ,03-Jan-2018,"1,629.20","1,637.00","1,656.85","1,620.10","1,629.85","1,628.55","1,636.73",107151,175377462.35,4121.0,22618.0,21.11
BBTC,EQ,02-Jan-2018,"1,659.80","1,675.00","1,693.00","1,620.10","1,631.00","1,629.20","1,660.78",277655,461123837.6,9123.0,97117.0,34.98
BBTC,EQ,01-Jan-2018,"1,702.55","1,713.00","1,717.00","1,650.00","1,667.00","1,659.80","1,684.76",156937,264400629.2,6279.0,40304.0,25.68
BBTC,EQ,27-Dec-2019,"1,000.70","1,006.00","1,008.55",990.10,991.00,993.30,999.71,43189,43176480.8,2361.0,13823.0,32.01
BBTC,EQ,26-Dec-2019,"1,000.05","1,003.70","1,017.40",995.00,999.50,"1,000.70","1,004.91",62094,62398594.15,3392.0,12401.0,19.97
BBTC,EQ,24-Dec-2019,"1,002.05","1,004.90","1,010.00",995.00,"1,001.00","1,000.05","1,001.50",55791,55874798.5,2897.0,23688.0,42.46
BBTC,EQ,23-Dec-2019,"1,017.35","1,012.10","1,025.00",997.15,"1,002.80","1,002.05","1,009.58",62518,63116975.5,3925.0,21783.0,34.84
BBTC,EQ,20-Dec-2019,"1,015.70","1,015.00","1,034.95","1,010.50","1,020.00","1,017.35","1,021.53",107169,109476460.85,6537.0,40120.0,37.44
BBTC,EQ,19-Dec-2019,"1,027.35","1,029.50","1,029.50","1,011.50","1,015.00","1,015.70","1,018.25",55267,56275357.25,3465.0,20385.0,36.88
BBTC,EQ,18-Dec-2019,"1,037.20","1,039.90","1,039.90","1,020.00","1,026.90","1,027.35","1,028.15",71376,73385557.45,3354.0,23042.0,32.28
BBTC,EQ,17-Dec-2019,"1,020.25","1,026.00","1,054.00","1,026.00","1,037.00","1,037.20","1,041.76",188562,196436272.15,8877.0,37709.0,20.00
BBTC,EQ,16-Dec-2019,"1,024.60","1,027.70","1,047.00","1,017.00","1,018.75","1,020.25","1,032.58",165823,171226320.35,10392.0,43596.0,26.29
BBTC,EQ,13-Dec-2019,"1,020.40","1,018.00","1,041.90","1,018.00","1,021.05","1,024.60","1,028.18",69008,70952976.65,4287.0,14386.0,20.85
BBTC,EQ,12-Dec-2019,"1,022.65","1,027.95","1,038.00","1,008.50","1,015.60","1,020.40","1,022.01",93114,95163790.7,5674.0,29307.0,31.47
BBTC,EQ,11-Dec-2019,"1,034.15","1,034.95","1,043.95","1,016.00","1,020.05","1,022.65","1,026.45",41532,42630404.55,3693.0,12387.0,29.83
BBTC,EQ,10-Dec-2019,"1,034.90","1,039.70","1,045.00","1,022.25","1,034.95","1,034.15","1,032.74",54699,56489986.3,2528.0,20983.0,38.36
BBTC,EQ,09-Dec-2019,"1,053.15","1,045.10","1,060.50","1,032.00","1,036.00","1,034.90","1,043.74",45450,47437951.7,3201.0,11096.0,24.41
BBTC,EQ,06-Dec-2019,"1,084.30","1,085.00","1,090.00","1,044.00","1,051.00","1,053.15","1,069.23",67799,72492591.85,4113.0,26327.0,38.83
BBTC,EQ,05-Dec-2019,"1,087.10","1,105.00","1,123.00","1,080.00","1,080.00","1,084.30","1,100.73",97919,107782001.85,5644.0,24645.0,25.17
BBTC,EQ,04-Dec-2019,"1,092.90","1,092.70","1,101.00","1,077.00","1,083.85","1,087.10","1,087.84",54240,59004503.55,3998.0,14810.0,27.30
BBTC,EQ,03-Dec-2019,"1,083.65","1,084.90","1,124.00","1,081.55","1,088.90","1,092.90","1,105.34",150449,166296579.7,8592.0,27914.0,18.55
BBTC,EQ,02-Dec-2019,"1,106.40","1,096.50","1,110.00","1,077.90","1,084.00","1,083.65","1,090.67",47766,52096986.0,3014.0,13327.0,27.90
BBTC,EQ,29-Nov-2019,"1,100.55","1,102.90","1,126.45","1,091.70","1,106.00","1,106.40","1,110.34",160907,178661704.85,7760.0,28365.0,17.63
BBTC,EQ,28-Nov-2019,"1,105.20","1,109.90","1,117.90","1,088.35","1,100.60","1,100.55","1,104.49",77536,85637663.15,4623.0,14850.0,19.15
BBTC,EQ,27-Nov-2019,"1,091.25","1,087.00","1,122.00","1,086.20","1,107.00","1,105.20","1,103.27",95318,105161580.2,4679.0,24456.0,25.66
BBTC,EQ,26-Nov-2019,"1,097.75","1,102.95","1,122.00","1,085.60","1,087.00","1,091.25","1,104.52",68715,75897350.95,3986.0,16400.0,23.87
BBTC,EQ,25-Nov-2019,"1,077.00","1,078.00","1,110.00","1,078.00","1,097.00","1,097.75","1,097.70",70691,77597520.2,4522.0,12836.0,18.16
BBTC,EQ,22-Nov-2019,"1,098.70","1,102.95","1,104.35","1,072.20","1,076.90","1,077.00","1,085.17",68784,74642510.1,3897.0,25960.0,37.74
BBTC,EQ,21-Nov-2019,"1,113.65","1,111.00","1,118.70","1,092.60","1,094.25","1,098.70","1,102.12",36855,40618522.25,2460.0,10365.0,28.12
BBTC,EQ,20-Nov-2019,"1,114.35","1,119.70","1,138.65","1,088.10","1,113.80","1,113.65","1,111.06",150941,167704173.95,8618.0,25400.0,16.83
BBTC,EQ,19-Nov-2019,"1,150.05","1,152.45","1,152.45","1,110.00","1,111.85","1,114.35","1,124.78",74251,83515766.5,4068.0,23916.0,32.21
BBTC,EQ,18-Nov-2019,"1,174.80","1,179.70","1,184.90","1,141.20","1,147.60","1,150.05","1,160.23",75200,87249382.7,4528.0,26165.0,34.79
BBTC,EQ,15-Nov-2019,"1,192.45","1,182.00","1,209.95","1,165.00","1,170.00","1,174.80","1,190.55",87782,104509107.5,5004.0,23541.0,26.82
BBTC,EQ,14-Nov-2019,"1,220.25","1,222.05","1,227.40","1,188.00","1,189.05","1,192.45","1,198.43",78607,94204921.5,5077.0,30308.0,38.56
BBTC,EQ,13-Nov-2019,"1,198.30","1,209.00","1,245.00","1,208.20","1,219.60","1,220.25","1,226.36",216678,265725710.95,10367.0,64761.0,29.89
BBTC,EQ,11-Nov-2019,"1,201.25","1,206.65","1,219.00","1,190.00","1,195.00","1,198.30","1,202.96",95037,114325923.25,5008.0,18967.0,19.96
BBTC,EQ,08-Nov-2019,"1,187.00","1,183.95","1,248.00","1,180.80","1,203.00","1,201.25","1,214.59",367624,446514270.3,16220.0,54633.0,14.86
BBTC,EQ,07-Nov-2019,"1,186.25","1,189.40","1,212.00","1,181.95","1,186.25","1,187.00","1,193.95",89436,106782037.1,5032.0,17898.0,20.01
BBTC,EQ,06-Nov-2019,"1,201.40","1,199.90","1,208.00","1,180.35","1,186.00","1,186.25","1,192.96",100314,119670835.85,5392.0,25987.0,25.91
BBTC,EQ,05-Nov-2019,"1,218.50","1,226.05","1,228.95","1,192.00","1,200.65","1,201.40","1,208.38",89821,108538106.8,5284.0,24470.0,27.24
BBTC,EQ,04-Nov-2019,"1,216.65","1,224.25","1,249.60","1,202.70","1,226.00","1,218.50","1,228.83",175743,215957519.9,9253.0,33637.0,19.14
BBTC,EQ,01-Nov-2019,"1,190.45","1,190.00","1,241.35","1,176.00","1,220.00","1,216.65","1,218.65",329755,401855132.1,16664.0,60937.0,18.48
BBTC,EQ,31-Oct-2019,"1,201.45","1,205.40","1,221.95","1,184.00","1,192.00","1,190.45","1,203.84",98687,118803297.5,5625.0,25355.0,25.69
BBTC,EQ,30-Oct-2019,"1,209.70","1,219.70","1,234.25","1,193.25","1,201.15","1,201.45","1,212.87",123781,150130758.2,7565.0,36870.0,29.79
BBTC,EQ,29-Oct-2019,"1,184.10","1,183.10","1,238.50","1,176.00","1,216.00","1,209.70","1,213.55",256339,311079820.6,13716.0,49550.0,19.33
BBTC,EQ,27-Oct-2019,"1,168.25","1,177.90","1,196.00","1,171.00","1,187.00","1,184.10","1,182.74",32345,38255799.55,1970.0,11013.0,34.05
BBTC,EQ,25-Oct-2019,"1,185.05","1,182.15","1,196.40","1,160.10","1,170.00","1,168.25","1,173.56",89312,104812999.75,4891.0,24394.0,27.31
BBTC,EQ,24-Oct-2019,"1,206.35","1,212.40","1,235.00","1,178.10","1,188.00","1,185.05","1,207.78",178571,215675366.9,8856.0,40205.0,22.51
BBTC,EQ,23-Oct-2019,"1,170.10","1,176.70","1,247.40","1,159.00","1,210.95","1,206.35","1,214.03",503766,611585280.65,22584.0,74487.0,14.79
BBTC,EQ,22-Oct-2019,"1,172.75","1,177.95","1,203.85","1,160.05","1,173.05","1,170.10","1,176.85",137926,162317724.0,8008.0,28608.0,20.74
BBTC,EQ,18-Oct-2019,"1,158.75","1,147.20","1,196.00","1,147.20","1,176.00","1,172.75","1,180.14",197663,233269530.8,10724.0,34470.0,17.44
BBTC,EQ,17-Oct-2019,"1,175.95","1,179.95","1,182.95","1,146.55","1,152.20","1,158.75","1,168.66",168705,197159620.85,9073.0,46271.0,27.43
BBTC,EQ,16-Oct-2019,"1,190.15","1,200.00","1,200.00","1,162.50","1,175.20","1,175.95","1,180.55",149688,176713570.65,8347.0,22448.0,15.00
BBTC,EQ,15-Oct-2019,"1,150.30","1,155.05","1,208.00","1,149.05","1,194.00","1,190.15","1,188.99",355573,422774067.5,15672.0,45055.0,12.67
BBTC,EQ,14-Oct-2019,"1,106.25","1,113.30","1,200.00","1,111.00","1,148.00","1,150.30","1,163.19",598135,695742270.5,30133.0,63443.0,10.61
BBTC,EQ,11-Oct-2019,"1,069.00","1,078.00","1,137.00","1,070.00","1,110.00","1,106.25","1,114.20",233400,260053936.3,13939.0,33029.0,14.15
BBTC,EQ,10-Oct-2019,"1,092.15","1,088.00","1,099.00","1,056.00","1,073.00","1,069.00","1,076.23",64050,68932349.6,4555.0,13448.0,21.00
BBTC,EQ,09-Oct-2019,"1,079.70","1,079.95","1,111.00","1,076.00","1,092.05","1,092.15","1,093.57",109646,119905257.4,7143.0,25149.0,22.94
BBTC,EQ,07-Oct-2019,"1,097.10","1,095.00","1,124.00","1,057.20","1,076.95","1,079.70","1,092.97",118929,129985524.4,8910.0,19905.0,16.74
BBTC,EQ,04-Oct-2019,"1,120.75","1,130.95","1,148.00","1,093.90","1,099.80","1,097.10","1,117.18",78878,88121008.25,6749.0,16023.0,20.31
BBTC,EQ,03-Oct-2019,"1,129.95","1,131.80","1,152.00","1,106.30","1,122.00","1,120.75","1,131.26",82804,93672636.05,7060.0,12342.0,14.91
BBTC,EQ,01-Oct-2019,"1,135.20","1,142.30","1,172.25","1,090.00","1,142.00","1,129.95","1,132.96",174230,197395256.0,11778.0,29753.0,17.08
BBTC,EQ,30-Sep-2019,"1,188.50","1,185.00","1,209.80","1,124.00","1,133.55","1,135.20","1,151.60",135573,156125915.95,8458.0,33523.0,24.73
BBTC,EQ,27-Sep-2019,"1,234.10","1,238.90","1,254.00","1,166.50","1,195.00","1,188.50","1,211.63",112376,136157649.85,8115.0,33011.0,29.38
BBTC,EQ,26-Sep-2019,"1,226.25","1,230.00","1,262.00","1,215.60","1,240.20","1,234.10","1,242.00",147917,183713072.25,8025.0,20967.0,14.17
BBTC,EQ,25-Sep-2019,"1,241.25","1,234.00","1,285.00","1,215.50","1,222.00","1,226.25","1,254.19",268203,336377014.2,13448.0,47388.0,17.67
BBTC,EQ,24-Sep-2019,"1,292.05","1,285.00","1,287.00","1,217.25","1,235.20","1,241.25","1,247.39",230266,287231340.1,14213.0,38953.0,16.92
BBTC,EQ,23-Sep-2019,"1,277.30","1,296.00","1,388.00","1,272.20","1,285.20","1,292.05","1,314.05",415281,545700527.0,21744.0,101384.0,24.41
BBTC,EQ,20-Sep-2019,"1,094.60","1,102.00","1,291.90","1,085.00","1,280.00","1,277.30","1,212.35",1249365,1514669109.15,56723.0,288040.0,23.05
BBTC,EQ,19-Sep-2019,"1,129.05","1,136.10","1,138.00","1,084.90","1,092.00","1,094.60","1,113.03",143140,159319162.65,7431.0,23195.0,16.20
BBTC,EQ,18-Sep-2019,"1,144.05","1,154.70","1,171.10","1,112.15","1,136.00","1,129.05","1,140.76",221553,252738621.55,10382.0,39631.0,17.89
BBTC,EQ,17-Sep-2019,"1,170.65","1,164.90","1,212.00","1,128.00","1,150.50","1,144.05","1,167.49",640484,747758840.85,30871.0,103902.0,16.22
BBTC,EQ,16-Sep-2019,"1,005.20","1,005.90","1,187.75",996.00,"1,163.00","1,170.65","1,120.04",1178671,1320160830.5,49331.0,154765.0,13.13
BBTC,EQ,13-Sep-2019,"1,006.25","1,015.80","1,017.80",997.65,"1,005.00","1,005.20","1,006.95",92433,93075559.05,4606.0,21793.0,23.58
BBTC,EQ,12-Sep-2019,"1,023.85","1,029.95","1,039.80","1,000.00","1,011.00","1,006.25","1,017.74",134790,137180629.5,7557.0,34553.0,25.63
BBTC,EQ,11-Sep-2019,"1,002.00","1,008.25","1,045.00","1,004.05","1,018.00","1,023.85","1,027.08",326270,335105919.1,12964.0,53242.0,16.32
BBTC,EQ,09-Sep-2019,980.65,984.00,"1,010.00",915.00,"1,002.00","1,002.00",997.84,322521,321825583.9,13862.0,77895.0,24.15
BBTC,EQ,06-Sep-2019,967.35,973.00,997.00,965.00,979.00,980.65,985.16,481824,474674831.0,18231.0,75088.0,15.58
BBTC,EQ,05-Sep-2019,904.65,916.90,981.00,908.65,962.10,967.35,952.63,801199,763242329.15,28643.0,185738.0,23.18
BBTC,EQ,04-Sep-2019,874.10,879.75,912.00,876.00,908.00,904.65,901.15,303186,273217318.45,14318.0,52391.0,17.28
BBTC,EQ,03-Sep-2019,901.40,910.50,917.70,865.20,870.20,874.10,897.53,186996,167834019.4,10007.0,32383.0,17.32
BBTC,EQ,30-Aug-2019,860.25,867.90,935.00,866.05,899.00,901.40,914.45,798369,730069573.35,30243.0,69173.0,8.66
BBTC,EQ,29-Aug-2019,893.70,894.00,917.95,851.35,861.75,860.25,887.09,244767,217130013.75,12558.0,42676.0,17.44
BBTC,EQ,28-Aug-2019,927.00,929.00,945.00,882.00,889.45,893.70,920.10,642883,591519520.5,29628.0,93014.0,14.47
BBTC,EQ,27-Aug-2019,790.85,790.00,949.00,782.60,932.00,927.00,897.12,1363404,1223138141.75,48827.0,155143.0,11.38
BBTC,EQ,26-Aug-2019,761.60,785.00,795.00,767.95,790.00,790.85,783.23,26704,20915478.4,1980.0,11762.0,44.05
BBTC,EQ,23-Aug-2019,759.10,756.00,775.00,740.05,756.10,761.60,760.75,28281,21514809.95,1990.0,7576.0,26.79
BBTC,EQ,22-Aug-2019,756.00,759.90,767.50,737.00,756.50,759.10,750.13,55266,41456638.25,3313.0,18485.0,33.45
BBTC,EQ,21-Aug-2019,785.60,789.85,789.85,750.15,760.00,756.00,766.70,24569,18837067.0,1796.0,10954.0,44.58
BBTC,EQ,20-Aug-2019,792.55,790.00,802.95,780.00,783.00,785.60,788.07,16888,13308848.65,1330.0,6155.0,36.45
BBTC,EQ,19-Aug-2019,803.55,807.95,820.00,785.75,790.40,792.55,808.20,32834,26536581.95,1677.0,12510.0,38.10
BBTC,EQ,16-Aug-2019,808.70,805.00,815.50,799.50,803.00,803.55,804.59,24418,19646504.65,1622.0,6064.0,24.83
BBTC,EQ,14-Aug-2019,783.20,780.00,816.00,779.95,812.50,808.70,801.67,45419,36410925.4,3048.0,15750.0,34.68
BBTC,EQ,13-Aug-2019,808.20,820.00,824.10,774.00,775.50,783.20,808.13,59898,48405213.5,3111.0,21315.0,35.59
BBTC,EQ,09-Aug-2019,785.25,788.00,822.30,788.00,809.00,808.20,813.84,63765,51894250.1,3416.0,20025.0,31.40
BBTC,EQ,08-Aug-2019,774.75,774.75,792.00,772.20,789.70,785.25,780.08,17889,13954893.4,1271.0,8481.0,47.41
BBTC,EQ,07-Aug-2019,786.25,777.25,784.65,772.00,774.85,774.75,777.11,30148,23428181.2,2002.0,8934.0,29.63
BBTC,EQ,06-Aug-2019,775.95,775.95,804.95,775.95,782.05,786.25,793.39,37200,29514085.15,2150.0,8915.0,23.97
BBTC,EQ,05-Aug-2019,795.30,787.00,798.25,770.00,776.90,775.95,782.13,52531,41086281.15,3487.0,12768.0,24.31
BBTC,EQ,02-Aug-2019,801.95,794.50,815.00,785.30,795.00,795.30,797.46,35440,28261918.3,2221.0,12142.0,34.26
BBTC,EQ,01-Aug-2019,813.95,813.90,835.00,792.10,799.75,801.95,815.66,69247,56482104.65,4140.0,13745.0,19.85
BBTC,EQ,31-Jul-2019,819.90,817.40,825.00,790.00,825.00,813.95,801.29,82498,66104975.2,5017.0,18306.0,22.19
BBTC,EQ,30-Jul-2019,862.95,864.95,868.00,802.00,825.00,819.90,823.08,99471,81872469.75,5635.0,31048.0,31.21
BBTC,EQ,29-Jul-2019,867.45,860.10,875.45,859.05,861.00,862.95,864.99,25791,22308846.1,1621.0,8316.0,32.24
BBTC,EQ,26-Jul-2019,886.85,887.90,887.90,859.80,865.60,867.45,869.55,36665,31882206.35,3226.0,18021.0,49.15
BBTC,EQ,25-Jul-2019,885.70,885.00,906.45,878.10,881.95,886.85,893.66,54701,48884024.9,3461.0,23045.0,42.13
BBTC,EQ,24-Jul-2019,888.90,890.00,895.85,865.00,887.80,885.70,877.86,43584,38260594.8,3269.0,19371.0,44.45
BBTC,EQ,23-Jul-2019,879.80,881.00,898.80,870.60,897.00,888.90,882.95,39893,35223357.85,2611.0,9625.0,24.13
BBTC,EQ,22-Jul-2019,896.85,899.70,899.70,861.10,881.00,879.80,880.98,47644,41973431.9,3186.0,19535.0,41.00
BBTC,EQ,19-Jul-2019,912.75,913.05,926.00,892.00,897.00,896.85,906.48,35251,31954446.25,2515.0,13607.0,38.60
BBTC,EQ,18-Jul-2019,912.35,916.00,934.00,910.00,911.50,912.75,923.83,104680,96707010.6,5054.0,21872.0,20.89
BBTC,EQ,17-Jul-2019,911.55,911.60,919.90,905.30,915.00,912.35,916.06,37819,34644597.3,1470.0,11771.0,31.12
BBTC,EQ,16-Jul-2019,902.20,905.90,917.60,893.40,913.40,911.55,907.82,27513,24976883.55,1578.0,10633.0,38.65
BBTC,EQ,15-Jul-2019,914.00,917.00,919.90,891.50,898.15,902.20,903.94,37131,33564062.65,2402.0,15195.0,40.92
BBTC,EQ,12-Jul-2019,911.60,912.00,919.90,903.10,917.00,914.00,914.32,50423,46102836.4,2130.0,17524.0,34.75
BBTC,EQ,11-Jul-2019,905.30,913.00,916.70,900.00,910.65,911.60,908.11,34149,31011063.9,2322.0,13480.0,39.47
BBTC,EQ,10-Jul-2019,898.35,900.10,916.00,900.00,905.50,905.30,905.04,37730,34147127.6,2408.0,16283.0,43.16
BBTC,EQ,09-Jul-2019,904.10,905.00,913.95,893.80,902.95,898.35,902.92,40015,36130503.45,3074.0,13133.0,32.82
BBTC,EQ,08-Jul-2019,947.10,934.00,937.90,891.65,905.00,904.10,911.89,74145,67612336.95,4388.0,28935.0,39.02
BBTC,EQ,05-Jul-2019,972.20,978.00,980.00,938.05,942.75,947.10,956.94,79103,75696596.8,3664.0,21386.0,27.04
BBTC,EQ,04-Jul-2019,944.20,948.85,983.00,938.00,974.00,972.20,968.37,200905,194550991.5,8774.0,46944.0,23.37
BBTC,EQ,03-Jul-2019,914.95,918.00,957.15,911.00,946.80,944.20,942.74,221225,208557865.15,10317.0,62655.0,28.32
BBTC,EQ,02-Jul-2019,909.75,912.90,918.80,905.65,915.00,914.95,911.63,72099,65727592.05,4239.0,29238.0,40.55
BBTC,EQ,01-Jul-2019,936.10,937.00,944.90,905.00,911.00,909.75,925.18,130763,120979910.75,6596.0,70660.0,54.04
BBTC,EQ,28-Jun-2019,924.75,926.00,949.00,912.00,933.20,936.10,930.21,156465,145545735.95,6907.0,58453.0,37.36
BBTC,EQ,27-Jun-2019,919.50,919.80,936.85,918.00,925.90,924.75,926.61,300988,278898168.35,8355.0,209956.0,69.76
BBTC,EQ,26-Jun-2019,955.10,955.00,965.50,900.90,919.00,919.50,922.88,523878,483478483.9,11938.0,398817.0,76.13
BBTC,EQ,25-Jun-2019,960.90,960.00,974.00,950.00,957.90,955.10,961.85,39595,38084548.9,3130.0,15687.0,39.62
BBTC,EQ,24-Jun-2019,984.65,989.00,989.00,957.00,960.00,960.90,966.48,40791,39423685.4,2899.0,14799.0,36.28
BBTC,EQ,21-Jun-2019,987.40,988.00,"1,029.00",975.00,981.00,984.65,"1,002.80",111343,111654881.95,7412.0,35803.0,32.16
BBTC,EQ,20-Jun-2019,989.25,988.95,993.45,965.00,989.20,987.40,982.25,75934,74585843.9,4804.0,22055.0,29.04
BBTC,EQ,19-Jun-2019,"1,026.75","1,034.95","1,043.85",940.00,991.65,989.25,982.03,213506,209670214.95,12266.0,78378.0,36.71
BBTC,EQ,18-Jun-2019,"1,058.65","1,063.50","1,079.00","1,021.00","1,028.00","1,026.75","1,049.36",67854,71203351.25,4430.0,25702.0,35.32
BBTC,EQ,17-Jun-2019,"1,102.50","1,106.90","1,109.70","1,055.00","1,066.00","1,058.65","1,069.70",63348,67763250.7,3916.0,31091.0,47.16
BBTC,EQ,14-Jun-2019,"1,118.95","1,119.70","1,124.75","1,100.00","1,100.00","1,102.50","1,109.89",47057,52228132.85,2331.0,19541.0,41.53
BBTC,EQ,13-Jun-2019,"1,135.35","1,134.75","1,138.50","1,111.00","1,117.05","1,118.95","1,119.92",57437,64325102.4,2404.0,24407.0,42.49
BBTC,EQ,12-Jun-2019,"1,139.65","1,139.00","1,148.75","1,130.00","1,139.00","1,135.35","1,137.95",24880,28312307.1,1629.0,7927.0,31.86
BBTC,EQ,11-Jun-2019,"1,156.70","1,160.00","1,166.80","1,135.00","1,142.00","1,139.65","1,147.27",65126,74717327.35,3365.0,27791.0,42.67
BBTC,EQ,10-Jun-2019,"1,132.05","1,139.90","1,160.00","1,139.85","1,158.50","1,156.70","1,150.61",87295,100442764.4,3307.0,39352.0,45.08
BBTC,EQ,07-Jun-2019,"1,132.45","1,130.00","1,147.95","1,118.50","1,136.00","1,132.05","1,132.57",35645,40370520.25,2367.0,9705.0,27.23
BBTC,EQ,06-Jun-2019,"1,149.15","1,150.00","1,158.80","1,130.00","1,133.95","1,132.45","1,142.16",45637,52124697.4,2341.0,21530.0,47.18
BBTC,EQ,04-Jun-2019,"1,158.50","1,145.10","1,179.00","1,145.00","1,150.00","1,149.15","1,158.57",51708,59907308.35,2869.0,19633.0,37.97
BBTC,EQ,03-Jun-2019,"1,156.50","1,162.90","1,179.80","1,155.00","1,158.00","1,158.50","1,165.64",89553,104386637.9,3689.0,34867.0,38.93
BBTC,EQ,31-May-2019,"1,161.40","1,166.00","1,192.00","1,140.00","1,160.80","1,156.50","1,174.58",274478,322396565.05,10503.0,56437.0,20.56
BBTC,EQ,30-May-2019,"1,148.80","1,150.00","1,183.00","1,144.35","1,163.00","1,161.40","1,167.90",152403,177990847.4,6289.0,45532.0,29.88
BBTC,EQ,29-May-2019,"1,127.85","1,134.00","1,162.00","1,116.35","1,148.50","1,148.80","1,143.71",236792,270820750.3,11203.0,101122.0,42.70
BBTC,EQ,28-May-2019,"1,146.45","1,154.00","1,163.90","1,115.00","1,124.00","1,127.85","1,141.47",121033,138154989.1,9602.0,65700.0,54.28
BBTC,EQ,27-May-2019,"1,135.90","1,145.00","1,186.00","1,142.00","1,146.00","1,146.45","1,164.99",397828,463464731.95,17200.0,141406.0,35.54
BBTC,EQ,24-May-2019,"1,119.45","1,120.00","1,169.90","1,120.00","1,145.00","1,135.90","1,140.10",166100,189370863.5,12046.0,91111.0,54.85
BBTC,EQ,23-May-2019,"1,119.25","1,150.00","1,197.85","1,100.35","1,118.00","1,119.45","1,158.04",129899,150428743.15,7678.0,35756.0,27.53
BBTC,EQ,22-May-2019,"1,139.85","1,144.95","1,144.95","1,115.00","1,120.15","1,119.25","1,123.33",45396,50994895.25,2557.0,27695.0,61.01
BBTC,EQ,21-May-2019,"1,159.40","1,163.00","1,178.10","1,136.25","1,139.90","1,139.85","1,149.45",31229,35896206.05,2389.0,15008.0,48.06
BBTC,EQ,20-May-2019,"1,123.75","1,150.00","1,184.50","1,142.40","1,166.25","1,159.40","1,166.31",53690,62619339.95,3677.0,20185.0,37.60
BBTC,EQ,17-May-2019,"1,132.50","1,138.00","1,146.35","1,115.00","1,121.00","1,123.75","1,125.94",42812,48203743.65,2966.0,20224.0,47.24
BBTC,EQ,16-May-2019,"1,155.30","1,164.00","1,164.00","1,130.00","1,130.65","1,132.50","1,138.72",23189,26405751.65,2414.0,11915.0,51.38
BBTC,EQ,15-May-2019,"1,160.75","1,156.50","1,184.00","1,151.20","1,160.00","1,155.30","1,167.84",25796,30125519.35,2310.0,7039.0,27.29
BBTC,EQ,14-May-2019,"1,162.70","1,176.00","1,182.65","1,136.00","1,158.80","1,160.75","1,156.29",48960,56612168.6,3240.0,13513.0,27.60
BBTC,EQ,13-May-2019,"1,173.45","1,173.45","1,182.00","1,156.00","1,163.00","1,162.70","1,172.40",26030,30517554.45,1900.0,13758.0,52.85
BBTC,EQ,10-May-2019,"1,178.15","1,184.95","1,188.90","1,170.00","1,173.00","1,173.45","1,178.09",53056,62504741.65,5374.0,27948.0,52.68
BBTC,EQ,09-May-2019,"1,182.35","1,180.00","1,200.00","1,171.00","1,177.75","1,178.15","1,184.78",45304,53675473.95,4345.0,19083.0,42.12
BBTC,EQ,08-May-2019,"1,194.90","1,191.00","1,195.00","1,175.35","1,183.00","1,182.35","1,183.55",22462,26584953.85,2586.0,9071.0,40.38
BBTC,EQ,07-May-2019,"1,200.05","1,201.50","1,219.95","1,191.00","1,198.00","1,194.90","1,201.09",85501,102694449.05,2991.0,65171.0,76.22
BBTC,EQ,06-May-2019,"1,227.10","1,201.50","1,224.90","1,195.00","1,200.00","1,200.05","1,200.95",180293,216522453.8,3539.0,155213.0,86.09
BBTC,EQ,03-May-2019,"1,231.25","1,241.60","1,259.95","1,223.95","1,225.55","1,227.10","1,237.12",46755,57841615.4,4084.0,21600.0,46.20
BBTC,EQ,02-May-2019,"1,246.65","1,250.00","1,273.35","1,226.45","1,232.95","1,231.25","1,245.30",50467,62846550.4,3511.0,19392.0,38.43
BBTC,EQ,30-Apr-2019,"1,271.55","1,276.40","1,279.45","1,190.35","1,260.00","1,246.65","1,231.75",106146,130745736.2,6409.0,23536.0,22.17
BBTC,EQ,26-Apr-2019,"1,287.10","1,290.00","1,290.00","1,263.15","1,273.00","1,271.55","1,275.77",16480,21024614.5,1133.0,9125.0,55.37
BBTC,EQ,25-Apr-2019,"1,281.15","1,283.00","1,294.70","1,280.00","1,288.00","1,287.10","1,288.39",20223,26055205.8,1969.0,8506.0,42.06
BBTC,EQ,24-Apr-2019,"1,272.15","1,276.00","1,286.90","1,265.50","1,283.00","1,281.15","1,278.15",21272,27188742.95,1513.0,6562.0,30.85
BBTC,EQ,23-Apr-2019,"1,289.05","1,292.75","1,302.40","1,263.00","1,275.95","1,272.15","1,284.61",28698,36865740.45,1875.0,9654.0,33.64
BBTC,EQ,22-Apr-2019,"1,315.90","1,315.00","1,329.95","1,280.20","1,290.00","1,289.05","1,305.30",54682,71376564.25,2675.0,19254.0,35.21
BBTC,EQ,18-Apr-2019,"1,338.05","1,347.45","1,350.00","1,306.00","1,311.50","1,315.90","1,323.47",54403,72000721.4,3145.0,17562.0,32.28
BBTC,EQ,16-Apr-2019,"1,313.00","1,316.00","1,374.95","1,312.00","1,340.25","1,338.05","1,343.20",132929,178550792.05,7107.0,39163.0,29.46
BBTC,EQ,15-Apr-2019,"1,283.90","1,288.55","1,337.70","1,286.65","1,313.00","1,313.00","1,317.91",165566,218201314.9,7382.0,50367.0,30.42
BBTC,EQ,12-Apr-2019,"1,273.80","1,273.00","1,291.00","1,273.00","1,281.00","1,283.90","1,283.00",34287,43990094.0,2139.0,14432.0,42.09
BBTC,EQ,11-Apr-2019,"1,283.70","1,290.00","1,290.00","1,270.55","1,272.00","1,273.80","1,278.26",14359,18354558.75,1094.0,4435.0,30.89
BBTC,EQ,10-Apr-2019,"1,285.55","1,284.80","1,294.75","1,277.00","1,285.00","1,283.70","1,283.98",26451,33962425.95,2440.0,12685.0,47.96
BBTC,EQ,09-Apr-2019,"1,285.15","1,280.00","1,289.10","1,270.60","1,284.95","1,285.55","1,279.86",26623,34073801.15,1787.0,12313.0,46.25
BBTC,EQ,08-Apr-2019,"1,284.60","1,292.00","1,303.85","1,271.00","1,283.00","1,285.15","1,284.25",45362,58256323.4,3684.0,20705.0,45.64
BBTC,EQ,05-Apr-2019,"1,293.05","1,295.00","1,300.55","1,280.15","1,285.00","1,284.60","1,289.34",46975,60566612.8,2837.0,25178.0,53.60
BBTC,EQ,04-Apr-2019,"1,278.65","1,284.00","1,301.85","1,273.00","1,290.00","1,293.05","1,287.48",47214,60786962.65,3494.0,21553.0,45.65
BBTC,EQ,03-Apr-2019,"1,297.75","1,298.00","1,310.15","1,267.15","1,280.00","1,278.65","1,287.45",67877,87387926.65,4527.0,32635.0,48.08
BBTC,EQ,02-Apr-2019,"1,303.30","1,306.50","1,311.45","1,283.15","1,297.50","1,297.75","1,295.44",45621,59099461.3,3019.0,11714.0,25.68
BBTC,EQ,01-Apr-2019,"1,299.30","1,305.00","1,324.65","1,300.10","1,306.00","1,303.30","1,309.45",44642,58456495.8,2528.0,17257.0,38.66
BBTC,EQ,29-Mar-2019,"1,283.55","1,295.00","1,307.85","1,275.15","1,296.60","1,299.30","1,294.76",73714,95442126.95,4287.0,25715.0,34.88
BBTC,EQ,28-Mar-2019,"1,285.85","1,291.95","1,313.90","1,265.00","1,279.00","1,283.55","1,291.55",114341,147677605.6,4933.0,52393.0,45.82
BBTC,EQ,27-Mar-2019,"1,256.20","1,264.00","1,298.00","1,257.60","1,292.00","1,285.85","1,277.59",288399,368456131.75,12657.0,76318.0,26.46
BBTC,EQ,26-Mar-2019,"1,247.70","1,254.25","1,265.00","1,238.20","1,252.25","1,256.20","1,251.45",91868,114967982.05,6424.0,34959.0,38.05
BBTC,EQ,25-Mar-2019,"1,271.55","1,256.05","1,273.95","1,238.00","1,247.00","1,247.70","1,251.55",52516,65726563.1,2996.0,26770.0,50.97
BBTC,EQ,22-Mar-2019,"1,294.45","1,295.00","1,298.95","1,267.00","1,268.15","1,271.55","1,284.53",54664,70217401.05,2945.0,13751.0,25.16
BBTC,EQ,20-Mar-2019,"1,308.05","1,313.95","1,314.20","1,289.05","1,292.75","1,294.45","1,299.72",31858,41406637.35,2163.0,11739.0,36.85
BBTC,EQ,19-Mar-2019,"1,312.55","1,316.70","1,325.95","1,301.10","1,307.95","1,308.05","1,315.21",67647,88969934.95,4626.0,27362.0,40.45
BBTC,EQ,18-Mar-2019,"1,311.80","1,318.85","1,355.00","1,301.10","1,310.85","1,312.55","1,322.32",91698,121254203.75,5151.0,21951.0,23.94
BBTC,EQ,15-Mar-2019,"1,331.55","1,334.95","1,343.00","1,304.00","1,310.30","1,311.80","1,324.65",61121,80963960.65,3483.0,18412.0,30.12
BBTC,EQ,14-Mar-2019,"1,333.20","1,338.00","1,347.00","1,317.05","1,333.90","1,331.55","1,329.54",68019,90433917.9,3395.0,10350.0,15.22
BBTC,EQ,13-Mar-2019,"1,362.05","1,368.00","1,368.85","1,326.95","1,335.95","1,333.20","1,343.55",153204,205837324.45,6851.0,31965.0,20.86
BBTC,EQ,12-Mar-2019,"1,284.65","1,294.70","1,374.00","1,289.95","1,368.00","1,362.05","1,349.37",443023,597803232.4,19735.0,114005.0,25.73
BBTC,EQ,11-Mar-2019,"1,251.60","1,258.00","1,293.00","1,255.10","1,285.10","1,284.65","1,281.02",136508,174869410.0,5558.0,42943.0,31.46
BBTC,EQ,08-Mar-2019,"1,275.05","1,275.05","1,276.70","1,244.00","1,249.00","1,251.60","1,263.56",65025,82162859.25,3099.0,14645.0,22.52
BBTC,EQ,07-Mar-2019,"1,282.20","1,287.70","1,288.95","1,263.50","1,273.00","1,275.05","1,274.97",68296,87075229.95,3527.0,18937.0,27.73
BBTC,EQ,06-Mar-2019,"1,275.65","1,280.45","1,315.00","1,260.00","1,280.10","1,282.20","1,296.23",246593,319640969.4,9838.0,44139.0,17.90
BBTC,EQ,05-Mar-2019,"1,219.55","1,225.00","1,282.50","1,202.00","1,272.10","1,275.65","1,252.79",222060,278194255.55,10093.0,62540.0,28.16
BBTC,EQ,01-Mar-2019,"1,192.35","1,193.00","1,233.00","1,193.00","1,220.00","1,219.55","1,212.11",85912,104134554.05,3546.0,22237.0,25.88
BBTC,EQ,28-Feb-2019,"1,197.75","1,204.70","1,210.95","1,185.00","1,188.00","1,192.35","1,196.55",44937,53769582.8,2150.0,12039.0,26.79
BBTC,EQ,27-Feb-2019,"1,210.90","1,219.95","1,237.95","1,192.00","1,194.00","1,197.75","1,214.51",120746,146647585.7,5638.0,32221.0,26.68
BBTC,EQ,26-Feb-2019,"1,241.15","1,241.15","1,266.00","1,205.00","1,208.90","1,210.90","1,238.01",214667,265760179.65,10164.0,64597.0,30.09
BBTC,EQ,25-Feb-2019,"1,200.55","1,208.00","1,247.80","1,204.00","1,240.05","1,241.15","1,231.49",166505,205049379.0,7501.0,43991.0,26.42
BBTC,EQ,22-Feb-2019,"1,213.90","1,214.00","1,225.00","1,195.00","1,204.00","1,200.55","1,204.95",75150,90551669.65,2738.0,45404.0,60.42
BBTC,EQ,21-Feb-2019,"1,216.65","1,225.00","1,237.00","1,207.10","1,215.00","1,213.90","1,222.05",56543,69098141.9,5160.0,17023.0,30.11
BBTC,EQ,20-Feb-2019,"1,199.55","1,196.10","1,242.25","1,196.05","1,219.90","1,216.65","1,220.88",83187,101560930.2,5954.0,24958.0,30.00
BBTC,EQ,19-Feb-2019,"1,183.10","1,174.15","1,205.40","1,174.15","1,196.00","1,199.55","1,193.95",55880,66717929.85,3890.0,21327.0,38.17
BBTC,EQ,18-Feb-2019,"1,200.90","1,191.00","1,200.00","1,176.65","1,179.05","1,183.10","1,184.66",24226,28699541.4,2074.0,10496.0,43.33
BBTC,EQ,15-Feb-2019,"1,200.15","1,191.00","1,212.50","1,191.00","1,199.05","1,200.90","1,202.22",44562,53573362.6,3601.0,21211.0,47.60
BBTC,EQ,14-Feb-2019,"1,187.50","1,180.35","1,205.50","1,180.00","1,200.20","1,200.15","1,199.10",43237,51845433.5,2816.0,25474.0,58.92
BBTC,EQ,13-Feb-2019,"1,198.20","1,199.00","1,204.80","1,184.00","1,190.00","1,187.50","1,189.34",31793,37812716.75,2902.0,14058.0,44.22
BBTC,EQ,12-Feb-2019,"1,183.45","1,180.20","1,204.75","1,180.00","1,197.40","1,198.20","1,191.59",119430,142311568.4,4734.0,94170.0,78.85
BBTC,EQ,11-Feb-2019,"1,202.35","1,198.00","1,198.00","1,177.25","1,181.20","1,183.45","1,185.27",41966,49741225.55,2715.0,18737.0,44.65
BBTC,EQ,08-Feb-2019,"1,194.75","1,190.00","1,214.35","1,174.00","1,196.00","1,202.35","1,197.06",89806,107503597.95,4449.0,34128.0,38.00
BBTC,EQ,07-Feb-2019,"1,183.55","1,188.10","1,209.90","1,178.25","1,197.00","1,194.75","1,198.53",51160,61316987.0,3440.0,15443.0,30.19
BBTC,EQ,06-Feb-2019,"1,173.40","1,177.30","1,190.05","1,163.85","1,188.10","1,183.55","1,177.39",51761,60942825.9,2873.0,33256.0,64.25
BBTC,EQ,05-Feb-2019,"1,192.30","1,180.10","1,205.00","1,170.00","1,172.50","1,173.40","1,186.15",57040,67657739.9,3627.0,22817.0,40.00
BBTC,EQ,04-Feb-2019,"1,205.95","1,207.70","1,209.90","1,170.00","1,202.00","1,192.30","1,193.11",111441,132961358.15,4568.0,38117.0,34.20
BBTC,EQ,01-Feb-2019,"1,205.25","1,209.90","1,223.00","1,189.05","1,207.80","1,205.95","1,208.09",66041,79783151.25,3408.0,19439.0,29.43
BBTC,EQ,31-Jan-2019,"1,195.90","1,207.90","1,219.00","1,201.10","1,203.25","1,205.25","1,208.94",64027,77404891.9,3367.0,18908.0,29.53
BBTC,EQ,30-Jan-2019,"1,207.70","1,212.00","1,229.70","1,186.20","1,203.00","1,195.90","1,207.18",68877,83147237.15,4508.0,18106.0,26.29
BBTC,EQ,29-Jan-2019,"1,184.60","1,172.00","1,214.35","1,172.00","1,211.00","1,207.70","1,191.43",156652,186640545.8,7960.0,30999.0,19.79
BBTC,EQ,28-Jan-2019,"1,213.95","1,215.00","1,223.70","1,165.00","1,179.85","1,184.60","1,191.02",116985,139331335.8,7757.0,,-
BBTC,EQ,25-Jan-2019,"1,209.35","1,219.70","1,245.00","1,201.20","1,219.30","1,213.95","1,224.48",156750,191936859.1,7835.0,42202.0,26.92
BBTC,EQ,24-Jan-2019,"1,208.00","1,221.80","1,239.75","1,203.55","1,211.90","1,209.35","1,222.04",234998,287175889.3,9547.0,54985.0,23.40
BBTC,EQ,23-Jan-2019,"1,221.10","1,226.00","1,289.95","1,201.10","1,208.10","1,208.00","1,244.66",1024207,1274786892.15,33577.0,342360.0,33.43
BBTC,EQ,22-Jan-2019,"1,228.05","1,215.20","1,244.75","1,212.15","1,219.00","1,221.10","1,226.95",41526,50950227.65,3304.0,11018.0,26.53
BBTC,EQ,21-Jan-2019,"1,252.20","1,255.50","1,265.00","1,225.00","1,228.50","1,228.05","1,240.42",74821,92809125.2,5611.0,34446.0,46.04
BBTC,EQ,18-Jan-2019,"1,251.35","1,255.00","1,272.00","1,245.00","1,252.00","1,252.20","1,259.36",54583,68739714.8,2873.0,14908.0,27.31
BBTC,EQ,17-Jan-2019,"1,274.70","1,271.00","1,280.00","1,246.00","1,248.95","1,251.35","1,261.49",61966,78169632.75,4164.0,32612.0,52.63
BBTC,EQ,16-Jan-2019,"1,280.95","1,281.95","1,307.45","1,266.25","1,269.00","1,274.70","1,289.07",88548,114144377.0,5289.0,28838.0,32.57
BBTC,EQ,15-Jan-2019,"1,268.95","1,275.00","1,298.00","1,266.00","1,280.00","1,280.95","1,281.03",76271,97705715.45,4563.0,31500.0,41.30
BBTC,EQ,14-Jan-2019,"1,285.40","1,279.00","1,279.95","1,260.10","1,266.00","1,268.95","1,268.96",45774,58085502.35,3233.0,15140.0,33.08
BBTC,EQ,11-Jan-2019,"1,293.35","1,296.00","1,310.70","1,280.00","1,284.00","1,285.40","1,295.19",57015,73844979.35,3479.0,18273.0,32.05
BBTC,EQ,10-Jan-2019,"1,300.65","1,304.90","1,304.90","1,288.00","1,290.90","1,293.35","1,296.00",43482,56352692.1,2439.0,18927.0,43.53
BBTC,EQ,09-Jan-2019,"1,302.05","1,307.20","1,318.00","1,292.25","1,302.50","1,300.65","1,304.38",39133,51044289.9,2527.0,13061.0,33.38
BBTC,EQ,08-Jan-2019,"1,312.75","1,308.05","1,324.30","1,298.00","1,305.00","1,302.05","1,311.18",39647,51984287.55,2205.0,12439.0,31.37
BBTC,EQ,07-Jan-2019,"1,291.65","1,304.90","1,325.00","1,298.75","1,315.00","1,312.75","1,311.04",56622,74233578.8,2833.0,16296.0,28.78
BBTC,EQ,04-Jan-2019,"1,298.65","1,303.00","1,308.80","1,282.00","1,291.00","1,291.65","1,293.32",47457,61377259.9,2589.0,12303.0,25.92
BBTC,EQ,03-Jan-2019,"1,305.25","1,310.00","1,325.50","1,296.00","1,297.10","1,298.65","1,309.06",43110,56433641.15,2954.0,10503.0,24.36
BBTC,EQ,02-Jan-2019,"1,323.90","1,320.00","1,331.00","1,292.00","1,302.20","1,305.25","1,314.56",57452,75524119.6,3383.0,16941.0,29.49
BBTC,EQ,01-Jan-2019,"1,324.10","1,316.20","1,332.00","1,308.00","1,327.00","1,323.90","1,321.26",44727,59096102.7,2585.0,7936.0,17.74
BBTC,EQ,31-Dec-2018,"1,319.45","1,325.00","1,340.00","1,313.40","1,320.25","1,324.10","1,325.38",77870,103207097.2,3780.0,14692.0,18.87
BBTC,EQ,28-Dec-2020,"1,266.80","1,277.40","1,329.00","1,277.40","1,311.00","1,306.50","1,310.78",138156,181091823.0,8421.0,39802.0,28.81
BBTC,EQ,24-Dec-2020,"1,276.15","1,286.90","1,288.70","1,262.00","1,264.85","1,266.80","1,271.75",34006,43247186.7,4081.0,14915.0,43.86
BBTC,EQ,23-Dec-2020,"1,242.05","1,247.80","1,287.00","1,234.70","1,281.00","1,276.15","1,261.67",61507,77601249.9,4710.0,24405.0,39.68
BBTC,EQ,22-Dec-2020,"1,229.20","1,224.90","1,248.40","1,192.00","1,243.95","1,242.05","1,223.58",52491,64226829.7,4793.0,17830.0,33.97
BBTC,EQ,21-Dec-2020,"1,297.60","1,290.00","1,318.50","1,212.10","1,216.00","1,229.20","1,271.17",85138,108224482.35,6456.0,43700.0,51.33
BBTC,EQ,18-Dec-2020,"1,322.10","1,323.80","1,333.65","1,292.00","1,297.00","1,297.60","1,304.93",70330,91775848.8,4684.0,40325.0,57.34
BBTC,EQ,17-Dec-2020,"1,336.55","1,346.80","1,360.00","1,316.60","1,323.70","1,322.10","1,337.99",66660,89190211.75,4518.0,28490.0,42.74
BBTC,EQ,16-Dec-2020,"1,329.55","1,332.00","1,360.00","1,332.00","1,340.00","1,336.55","1,345.29",77933,104842577.25,5067.0,25102.0,32.21
BBTC,EQ,15-Dec-2020,"1,341.45","1,339.00","1,345.00","1,325.05","1,330.00","1,329.55","1,333.42",32389,43188017.5,2657.0,13219.0,40.81
BBTC,EQ,14-Dec-2020,"1,343.75","1,353.80","1,370.35","1,333.55","1,337.90","1,341.45","1,349.41",48948,66050686.8,3840.0,21267.0,43.45
BBTC,EQ,11-Dec-2020,"1,362.25","1,373.15","1,383.95","1,335.00","1,348.00","1,343.75","1,362.93",75665,103126431.1,5211.0,29343.0,38.78
BBTC,EQ,10-Dec-2020,"1,369.65","1,363.00","1,373.70","1,333.40","1,362.50","1,362.25","1,355.06",90647,122832329.85,6085.0,25113.0,27.70
BBTC,EQ,09-Dec-2020,"1,329.85","1,335.00","1,387.00","1,329.00","1,373.00","1,369.65","1,369.95",278078,380953606.6,13812.0,73021.0,26.26
BBTC,EQ,08-Dec-2020,"1,356.25","1,367.00","1,367.00","1,320.00","1,326.00","1,329.85","1,340.08",112405,150631638.85,7546.0,39506.0,35.15
BBTC,EQ,07-Dec-2020,"1,280.65","1,280.65","1,385.00","1,280.65","1,355.00","1,356.25","1,349.87",527587,712172928.4,27542.0,99816.0,18.92
BBTC,EQ,04-Dec-2020,"1,285.60","1,293.90","1,305.85","1,270.90","1,280.50","1,280.65","1,286.00",78886,101447605.5,4917.0,28614.0,36.27
BBTC,EQ,03-Dec-2020,"1,289.25","1,292.00","1,312.00","1,280.00","1,289.00","1,285.60","1,292.59",64965,83972826.3,6646.0,30464.0,46.89
BBTC,EQ,02-Dec-2020,"1,302.55","1,304.95","1,322.00","1,283.05","1,292.00","1,289.25","1,295.91",68567,88856660.4,4432.0,22325.0,32.56
BBTC,EQ,01-Dec-2020,"1,319.75","1,328.60","1,328.60","1,298.00","1,300.00","1,302.55","1,307.27",45376,59318665.2,4385.0,23454.0,51.69
BBTC,EQ,27-Nov-2020,"1,281.80","1,287.85","1,340.00","1,275.90","1,294.00","1,319.75","1,315.00",259058,340662515.85,11731.0,203544.0,78.57
BBTC,EQ,26-Nov-2020,"1,281.00","1,284.00","1,295.00","1,256.00","1,278.15","1,281.80","1,274.99",63997,81595434.45,4896.0,19369.0,30.27
BBTC,EQ,25-Nov-2020,"1,347.90","1,357.00","1,357.00","1,268.00","1,279.00","1,281.00","1,308.88",69740,91281079.8,5566.0,29607.0,42.45
BBTC,EQ,24-Nov-2020,"1,329.90","1,329.00","1,356.30","1,310.00","1,348.00","1,347.90","1,343.51",101476,136333630.25,7431.0,39463.0,38.89
BBTC,EQ,23-Nov-2020,"1,328.05","1,335.00","1,348.80","1,323.50","1,328.20","1,329.90","1,336.92",91672,122558393.0,9004.0,40021.0,43.66
BBTC,EQ,20-Nov-2020,"1,286.20","1,292.55","1,335.00","1,289.55","1,329.85","1,328.05","1,319.92",124640,164515302.35,9663.0,44747.0,35.90
BBTC,EQ,19-Nov-2020,"1,303.20","1,304.00","1,332.00","1,275.70","1,287.00","1,286.20","1,313.20",102895,135122200.85,8651.0,33844.0,32.89
BBTC,EQ,18-Nov-2020,"1,278.75","1,288.00","1,330.60","1,285.10","1,304.00","1,303.20","1,308.88",149168,195243467.6,10944.0,60326.0,40.44
BBTC,EQ,17-Nov-2020,"1,257.25","1,260.00","1,290.00","1,250.30","1,288.00","1,278.75","1,269.26",82061,104156780.35,6311.0,40425.0,49.26
BBTC,EQ,14-Nov-2020,"1,256.65","1,265.00","1,280.00","1,252.15","1,256.00","1,257.25","1,261.39",16743,21119377.05,1294.0,10710.0,63.97
BBTC,EQ,13-Nov-2020,"1,263.15","1,254.00","1,275.45","1,228.55","1,260.00","1,256.65","1,259.75",97637,122998195.6,6906.0,36736.0,37.63
BBTC,EQ,12-Nov-2020,"1,206.30","1,205.00","1,279.40","1,182.25","1,271.00","1,263.15","1,246.65",123162,153539484.65,8818.0,48465.0,39.35
BBTC,EQ,11-Nov-2020,"1,223.95","1,225.95","1,234.45","1,200.00","1,209.00","1,206.30","1,212.98",50120,60794413.1,4216.0,23042.0,45.97
BBTC,EQ,10-Nov-2020,"1,240.75","1,244.95","1,247.00","1,216.05","1,224.00","1,223.95","1,225.58",30620,37527131.15,3221.0,13607.0,44.44
BBTC,EQ,09-Nov-2020,"1,234.85","1,244.00","1,248.70","1,230.20","1,239.30","1,240.75","1,240.09",45214,56069427.1,3720.0,16226.0,35.89
BBTC,EQ,06-Nov-2020,"1,218.80","1,218.80","1,249.95","1,216.30","1,232.00","1,234.85","1,236.79",62383,77154359.9,4167.0,21422.0,34.34
BBTC,EQ,05-Nov-2020,"1,190.35","1,197.95","1,228.80","1,185.10","1,221.00","1,218.80","1,215.00",75765,92054245.6,6744.0,27613.0,36.45
BBTC,EQ,04-Nov-2020,"1,182.15","1,183.00","1,197.00","1,181.95","1,190.00","1,190.35","1,190.98",18248,21733045.95,2378.0,5025.0,27.54
BBTC,EQ,03-Nov-2020,"1,189.45","1,198.65","1,205.35","1,177.15","1,183.80","1,182.15","1,192.39",24333,29014546.3,2803.0,10194.0,41.89
BBTC,EQ,02-Nov-2020,"1,211.15","1,212.00","1,222.00","1,181.15","1,188.90","1,189.45","1,197.97",29811,35712780.9,3893.0,8948.0,30.02
BBTC,EQ,30-Oct-2020,"1,199.05","1,210.95","1,248.95","1,192.30","1,213.00","1,211.15","1,219.85",67056,81798552.55,7824.0,13070.0,19.49
BBTC,EQ,29-Oct-2020,"1,212.30","1,206.00","1,219.80","1,185.70","1,204.00","1,199.05","1,202.64",24153,29047326.3,3912.0,8399.0,34.77
BBTC,EQ,28-Oct-2020,"1,230.25","1,237.65","1,242.10","1,202.45","1,213.00","1,212.30","1,222.93",48633,59474884.25,5696.0,16132.0,33.17
BBTC,EQ,27-Oct-2020,"1,184.65","1,190.00","1,259.95","1,181.00","1,239.40","1,230.25","1,231.14",223844,275582660.95,17735.0,45795.0,20.46
BBTC,EQ,26-Oct-2020,"1,184.90","1,190.30","1,194.70","1,171.55","1,192.70","1,184.65","1,181.38",24234,28629680.3,2558.0,10016.0,41.33
BBTC,EQ,23-Oct-2020,"1,195.30","1,197.00","1,211.00","1,180.00","1,185.00","1,184.90","1,190.42",32131,38249437.95,3335.0,14501.0,45.13
BBTC,EQ,22-Oct-2020,"1,188.80","1,185.00","1,209.00","1,182.85","1,188.15","1,195.30","1,197.47",48567,58157458.65,3773.0,23499.0,48.38
BBTC,EQ,21-Oct-2020,"1,207.65","1,214.80","1,219.95","1,172.05","1,192.00","1,188.80","1,194.16",72190,86206295.8,5377.0,38892.0,53.87
BBTC,EQ,20-Oct-2020,"1,218.90","1,217.95","1,224.00","1,202.40","1,207.00","1,207.65","1,213.60",56077,68054831.45,3930.0,20686.0,36.89
BBTC,EQ,19-Oct-2020,"1,227.10","1,233.25","1,237.60","1,212.80","1,215.50","1,218.90","1,223.45",37693,46115365.05,3077.0,13958.0,37.03
BBTC,EQ,16-Oct-2020,"1,233.35","1,234.05","1,259.00","1,215.55","1,224.80","1,227.10","1,232.68",57029,70298411.5,4566.0,17982.0,31.53
BBTC,EQ,15-Oct-2020,"1,247.25","1,254.00","1,268.05","1,220.00","1,227.00","1,233.35","1,249.17",54242,67757282.15,4342.0,15258.0,28.13
BBTC,EQ,14-Oct-2020,"1,246.65","1,236.00","1,271.00","1,222.50","1,249.00","1,247.25","1,246.43",48813,60841932.1,5657.0,10818.0,22.16
BBTC,EQ,13-Oct-2020,"1,249.15","1,253.95","1,267.70","1,238.00","1,251.30","1,246.65","1,252.22",37585,47064653.25,2813.0,13046.0,34.71
BBTC,EQ,12-Oct-2020,"1,280.10","1,289.00","1,294.65","1,239.00","1,249.20","1,249.15","1,258.34",48750,61344231.1,4134.0,17697.0,36.30
BBTC,EQ,09-Oct-2020,"1,288.60","1,291.00","1,299.45","1,275.00","1,281.55","1,280.10","1,286.24",29241,37611032.3,2801.0,11116.0,38.02
BBTC,EQ,08-Oct-2020,"1,317.65","1,320.00","1,327.95","1,280.50","1,291.00","1,288.60","1,301.46",54419,70823884.2,3850.0,25746.0,47.31
BBTC,EQ,07-Oct-2020,"1,336.05","1,342.85","1,343.70","1,310.00","1,319.00","1,317.65","1,325.34",51256,67931883.2,3609.0,16830.0,32.84
BBTC,EQ,06-Oct-2020,"1,327.50","1,333.00","1,370.00","1,321.00","1,336.00","1,336.05","1,346.14",165908,223334918.35,7663.0,41190.0,24.83
BBTC,EQ,05-Oct-2020,"1,310.00","1,319.00","1,344.00","1,311.95","1,329.60","1,327.50","1,331.41",81784,108887958.05,4494.0,19032.0,23.27
BBTC,EQ,01-Oct-2020,"1,304.00","1,315.00","1,325.00","1,304.15","1,318.00","1,310.00","1,313.78",41430,54429724.25,2968.0,10880.0,26.26
BBTC,EQ,30-Sep-2020,"1,296.50","1,306.85","1,320.00","1,290.05","1,307.00","1,304.00","1,307.08",73520,96096631.5,4788.0,18136.0,24.67
BBTC,EQ,29-Sep-2020,"1,303.10","1,314.90","1,323.80","1,285.25","1,299.95","1,296.50","1,304.69",83064,108373133.2,4564.0,21883.0,26.34
BBTC,EQ,28-Sep-2020,"1,300.30","1,314.70","1,326.80","1,298.00","1,307.95","1,303.10","1,310.80",100811,132142704.6,5356.0,32533.0,32.27
BBTC,EQ,25-Sep-2020,"1,257.45","1,269.80","1,308.70","1,262.20","1,300.00","1,300.30","1,286.95",84362,108569737.25,5749.0,21494.0,25.48
BBTC,EQ,24-Sep-2020,"1,333.85","1,300.10","1,323.45","1,248.05","1,261.00","1,257.45","1,284.14",82730,106237061.25,5931.0,32225.0,38.95
BBTC,EQ,23-Sep-2020,"1,321.35","1,323.15","1,346.70","1,290.00","1,325.05","1,333.85","1,324.09",90110,119313862.7,6831.0,14086.0,15.63
BBTC,EQ,22-Sep-2020,"1,352.35","1,356.00","1,368.80","1,305.00","1,329.80","1,321.35","1,324.47",80455,106560600.35,6585.0,16375.0,20.35
BBTC,EQ,21-Sep-2020,"1,392.35","1,398.90","1,419.00","1,342.80","1,369.80","1,352.35","1,384.75",124603,172543957.3,7732.0,51626.0,41.43
BBTC,EQ,18-Sep-2020,"1,424.40","1,434.70","1,446.00","1,380.50","1,388.40","1,392.35","1,415.28",132498,187522126.2,9962.0,45241.0,34.14
BBTC,EQ,17-Sep-2020,"1,447.15","1,439.15","1,482.00","1,414.05","1,426.00","1,424.40","1,448.55",241355,349613623.3,14607.0,56613.0,23.46
BBTC,EQ,16-Sep-2020,"1,392.75","1,401.10","1,459.00","1,391.25","1,452.00","1,447.15","1,435.53",261673,375640531.7,14601.0,60243.0,23.02
BBTC,EQ,15-Sep-2020,"1,397.90","1,404.90","1,429.90","1,382.45","1,397.95","1,392.75","1,406.95",113450,159618285.6,6495.0,31410.0,27.69
BBTC,EQ,14-Sep-2020,"1,365.30","1,372.40","1,425.65","1,372.40","1,398.75","1,397.90","1,400.50",187087,262015012.95,12244.0,46665.0,24.94
BBTC,EQ,11-Sep-2020,"1,343.15","1,343.95","1,392.00","1,332.55","1,362.00","1,365.30","1,367.55",153217,209531220.55,10573.0,28607.0,18.67
BBTC,EQ,10-Sep-2020,"1,330.20","1,341.00","1,365.45","1,333.30","1,341.00","1,343.15","1,349.64",76170,102801920.7,5738.0,13727.0,18.02
BBTC,EQ,09-Sep-2020,"1,359.70","1,356.00","1,356.00","1,312.00","1,334.00","1,330.20","1,329.16",104612,139045995.25,7675.0,20813.0,19.90
BBTC,EQ,08-Sep-2020,"1,344.80","1,353.95","1,385.45","1,344.10","1,356.10","1,359.70","1,367.47",157182,214942432.75,12449.0,34340.0,21.85
BBTC,EQ,07-Sep-2020,"1,308.75","1,312.00","1,369.70","1,311.95","1,352.70","1,344.80","1,343.61",189953,255223523.05,12175.0,43454.0,22.88
BBTC,EQ,04-Sep-2020,"1,369.85","1,332.00","1,382.00","1,300.00","1,309.00","1,308.75","1,341.27",147339,197621224.1,9070.0,65316.0,44.33
BBTC,EQ,03-Sep-2020,"1,395.85","1,398.00","1,403.90","1,356.15","1,366.35","1,369.85","1,388.14",105323,146203411.65,6399.0,18288.0,17.36
BBTC,EQ,02-Sep-2020,"1,330.50","1,331.00","1,413.15","1,331.00","1,389.10","1,395.85","1,381.55",179814,248421717.9,10813.0,38056.0,21.16
BBTC,EQ,01-Sep-2020,"1,348.45","1,355.00","1,382.65","1,300.65","1,335.00","1,330.50","1,339.03",134298,179828567.0,9785.0,30079.0,22.40
BBTC,EQ,31-Aug-2020,"1,483.50","1,488.85","1,495.40","1,311.20","1,343.10","1,348.45","1,408.85",223783,315275623.8,15317.0,71611.0,32.00
BBTC,EQ,28-Aug-2020,"1,511.85","1,523.90","1,539.95","1,471.35","1,481.90","1,483.50","1,514.10",234328,354794873.25,19176.0,73750.0,31.47
BBTC,EQ,27-Aug-2020,"1,456.40","1,463.00","1,545.00","1,460.00","1,512.00","1,511.85","1,515.58",521446,790291785.2,25160.0,116329.0,22.31
BBTC,EQ,26-Aug-2020,"1,479.05","1,485.00","1,485.95","1,450.00","1,462.00","1,456.40","1,466.23",88908,130359281.5,5617.0,38791.0,43.63
BBTC,EQ,25-Aug-2020,"1,477.10","1,482.00","1,495.00","1,461.65","1,478.50","1,479.05","1,477.82",114318,168941357.3,7438.0,39870.0,34.88
BBTC,EQ,24-Aug-2020,"1,462.70","1,476.95","1,498.00","1,465.00","1,479.70","1,477.10","1,480.61",114397,169376883.7,6573.0,41746.0,36.49
BBTC,EQ,21-Aug-2020,"1,441.20","1,453.85","1,508.75","1,445.15","1,463.00","1,462.70","1,478.86",306548,453341804.75,14986.0,60780.0,19.83
BBTC,EQ,20-Aug-2020,"1,456.55","1,442.50","1,459.00","1,427.00","1,442.05","1,441.20","1,445.27",112044,161933371.2,6831.0,40299.0,35.97
BBTC,EQ,19-Aug-2020,"1,475.20","1,484.00","1,487.55","1,449.00","1,463.00","1,456.55","1,469.80",108901,160062510.95,6323.0,38838.0,35.66
BBTC,EQ,18-Aug-2020,"1,469.95","1,476.95","1,505.00","1,467.00","1,476.00","1,475.20","1,487.34",201404,299557209.75,9916.0,44125.0,21.91
BBTC,EQ,17-Aug-2020,"1,455.85","1,462.00","1,500.00","1,442.30","1,470.00","1,469.95","1,470.52",291551,428732630.55,14404.0,62050.0,21.28
BBTC,EQ,14-Aug-2020,"1,468.60","1,474.55","1,528.95","1,424.00","1,455.05","1,455.85","1,483.41",384853,570892909.1,19613.0,77401.0,20.11
BBTC,EQ,13-Aug-2020,"1,433.15","1,446.70","1,518.80","1,445.95","1,468.00","1,468.60","1,486.29",348100,517378450.75,18641.0,59712.0,17.15
BBTC,EQ,12-Aug-2020,"1,474.40","1,456.60","1,465.10","1,421.00","1,430.00","1,433.15","1,442.94",169726,244904727.95,10726.0,41414.0,24.40
BBTC,EQ,11-Aug-2020,"1,529.55","1,551.00","1,561.15","1,462.00","1,479.90","1,474.40","1,501.73",324715,487632635.8,19106.0,87628.0,26.99
BBTC,EQ,10-Aug-2020,"1,360.50","1,370.00","1,565.00","1,351.00","1,555.00","1,529.55","1,455.80",1074363,1564061839.8,57433.0,249809.0,23.25
BBTC,EQ,07-Aug-2020,"1,352.55","1,346.00","1,379.95","1,332.00","1,360.30","1,360.50","1,357.34",222398,301868637.3,9519.0,67699.0,30.44
BBTC,EQ,06-Aug-2020,"1,326.75","1,334.90","1,372.00","1,329.00","1,352.80","1,352.55","1,352.80",269544,364638472.85,12614.0,88916.0,32.99
BBTC,EQ,05-Aug-2020,"1,323.90","1,340.25","1,348.00","1,318.60","1,324.50","1,326.75","1,332.47",155572,207295507.25,7127.0,47336.0,30.43
BBTC,EQ,04-Aug-2020,"1,324.05","1,335.00","1,373.85","1,313.00","1,320.00","1,323.90","1,346.83",439906,592480226.45,18763.0,132838.0,30.20
BBTC,EQ,03-Aug-2020,"1,258.75","1,255.00","1,340.00","1,242.00","1,328.00","1,324.05","1,308.57",482295,631115470.45,21112.0,114890.0,23.82
BBTC,EQ,31-Jul-2020,"1,232.75","1,239.00","1,267.90","1,235.00","1,266.95","1,258.75","1,252.88",196387,246049562.6,10824.0,70309.0,35.80
BBTC,EQ,30-Jul-2020,"1,202.65","1,236.00","1,270.00","1,215.00","1,234.90","1,232.75","1,250.39",371831,464932659.5,18096.0,73714.0,19.82
BBTC,EQ,29-Jul-2020,"1,219.80","1,224.00","1,241.00","1,195.50","1,198.65","1,202.65","1,217.85",105777,128820965.65,6651.0,35051.0,33.14
BBTC,EQ,28-Jul-2020,"1,186.30","1,196.00","1,228.15","1,195.10","1,215.00","1,219.80","1,212.86",94153,114194033.9,4915.0,27467.0,29.17
BBTC,EQ,27-Jul-2020,"1,245.60","1,250.00","1,258.35","1,180.10","1,187.90","1,186.30","1,202.66",114894,138177962.0,6549.0,44928.0,39.10
BBTC,EQ,24-Jul-2020,"1,274.70","1,269.00","1,279.65","1,222.85","1,248.80","1,245.60","1,246.66",115227,143648810.15,7279.0,40184.0,34.87
BBTC,EQ,23-Jul-2020,"1,268.60","1,271.00","1,293.90","1,266.55","1,272.00","1,274.70","1,278.19",117320,149956920.55,5908.0,36103.0,30.77
BBTC,EQ,22-Jul-2020,"1,266.75","1,274.80","1,288.00","1,245.00","1,272.00","1,268.60","1,263.36",223544,282415817.45,10378.0,72177.0,32.29
BBTC,EQ,21-Jul-2020,"1,265.65","1,272.05","1,314.80","1,260.00","1,268.25","1,266.75","1,289.58",354673,457379576.95,14965.0,112815.0,31.81
BBTC,EQ,20-Jul-2020,"1,238.75","1,245.90","1,285.00","1,231.70","1,265.00","1,265.65","1,265.89",327614,414721870.0,14214.0,81332.0,24.83
BBTC,EQ,17-Jul-2020,"1,265.40","1,272.00","1,305.00","1,225.05","1,236.00","1,238.75","1,270.47",589845,749382284.45,24842.0,125985.0,21.36
BBTC,EQ,16-Jul-2020,"1,191.40","1,180.05","1,277.00","1,170.00","1,270.00","1,265.40","1,235.15",470799,581505246.1,21315.0,104009.0,22.09
BBTC,EQ,15-Jul-2020,"1,170.10","1,177.05","1,237.95","1,176.05","1,186.10","1,191.40","1,203.27",270159,325073644.95,13551.0,56021.0,20.74
BBTC,EQ,14-Jul-2020,"1,231.10","1,221.00","1,224.90","1,160.05","1,168.10","1,170.10","1,184.55",202150,239456524.35,10703.0,54406.0,26.91
BBTC,EQ,13-Jul-2020,"1,226.00","1,248.15","1,270.00","1,221.00","1,226.10","1,231.10","1,249.87",596133,745091378.5,24813.0,117795.0,19.76
BBTC,EQ,10-Jul-2020,"1,127.05","1,128.75","1,238.00","1,122.00","1,237.00","1,226.00","1,193.93",871332,1040309817.95,34850.0,184148.0,21.13
BBTC,EQ,09-Jul-2020,"1,124.85","1,130.05","1,145.00","1,076.00","1,132.00","1,127.05","1,117.41",164893,184253221.25,8959.0,42041.0,25.50
BBTC,EQ,08-Jul-2020,"1,111.35","1,124.00","1,174.90","1,111.00","1,122.00","1,124.85","1,145.14",468190,536142501.65,20904.0,104672.0,22.36
BBTC,EQ,07-Jul-2020,"1,060.60","1,061.05","1,119.40","1,055.50","1,116.55","1,111.35","1,096.54",404246,443273246.2,18698.0,105274.0,26.04
BBTC,EQ,06-Jul-2020,"1,029.90","1,035.25","1,066.00","1,030.00","1,059.00","1,060.60","1,051.41",141671,148954481.15,6416.0,41985.0,29.64
BBTC,EQ,03-Jul-2020,"1,030.35","1,037.30","1,043.00","1,020.10","1,030.00","1,029.90","1,030.17",48425,49885904.85,3137.0,17321.0,35.77
BBTC,EQ,02-Jul-2020,"1,041.40","1,048.90","1,055.00","1,025.10","1,030.00","1,030.35","1,042.81",51349,53547348.65,3291.0,19193.0,37.38
BBTC,EQ,01-Jul-2020,"1,051.65","1,057.25","1,060.70","1,035.00","1,036.20","1,041.40","1,050.67",55208,58005132.55,3076.0,17653.0,31.98
BBTC,EQ,30-Jun-2020,"1,039.90","1,042.10","1,074.00","1,041.50","1,049.00","1,051.65","1,057.28",125950,133164901.1,6294.0,34047.0,27.03
BBTC,EQ,29-Jun-2020,"1,045.35","1,049.00","1,064.90","1,017.30","1,038.00","1,039.90","1,038.55",60820,63164580.45,4409.0,18701.0,30.75
BBTC,EQ,26-Jun-2020,"1,052.10","1,068.00","1,074.70","1,035.20","1,045.00","1,045.35","1,057.01",75691,80006336.35,4702.0,21726.0,28.70
BBTC,EQ,25-Jun-2020,"1,046.30","1,025.35","1,084.80","1,025.35","1,057.80","1,052.10","1,058.62",76390,80867810.2,4972.0,22169.0,29.02
BBTC,EQ,24-Jun-2020,"1,060.35","1,069.70","1,100.00","1,037.45","1,046.00","1,046.30","1,073.23",136868,146890409.8,7748.0,32529.0,23.77
BBTC,EQ,23-Jun-2020,"1,064.15","1,072.00","1,086.20","1,046.35","1,055.00","1,060.35","1,063.50",91858,97690612.4,5087.0,31524.0,34.32
BBTC,EQ,22-Jun-2020,"1,057.40","1,070.10","1,115.00","1,058.95","1,065.00","1,064.15","1,083.43",202077,218937083.4,10171.0,45348.0,22.44
BBTC,EQ,19-Jun-2020,"1,045.95","1,051.00","1,075.65","1,022.85","1,055.60","1,057.40","1,045.16",146192,152793641.2,7698.0,39473.0,27.00
BBTC,EQ,18-Jun-2020,"1,050.30","1,057.10","1,067.00","1,030.00","1,043.05","1,045.95","1,051.82",102020,107306524.0,6103.0,20817.0,20.40
BBTC,EQ,17-Jun-2020,997.80,995.00,"1,067.75",993.05,"1,054.00","1,050.30","1,043.97",327349,341742867.05,17571.0,41994.0,12.83
BBTC,EQ,16-Jun-2020,"1,006.25","1,017.00","1,039.45",991.00,998.95,997.80,"1,013.29",62664,63496915.0,4173.0,24680.0,39.38
BBTC,EQ,15-Jun-2020,"1,020.45","1,028.85","1,035.70","1,000.00","1,008.00","1,006.25","1,018.92",39973,40729234.25,2879.0,12973.0,32.45
BBTC,EQ,12-Jun-2020,"1,007.95",984.00,"1,030.00",975.35,"1,017.00","1,020.45","1,013.21",79252,80299075.9,5301.0,15503.0,19.56
BBTC,EQ,11-Jun-2020,"1,018.80","1,023.00","1,052.25",999.70,"1,005.00","1,007.95","1,026.11",68584,70374564.7,4888.0,18822.0,27.44
BBTC,EQ,10-Jun-2020,"1,066.40","1,070.00","1,079.95","1,010.00","1,024.00","1,018.80","1,035.08",73294,75865020.9,4957.0,30450.0,41.55
BBTC,EQ,09-Jun-2020,"1,084.65","1,086.00","1,101.00","1,057.35","1,064.90","1,066.40","1,082.55",71566,77473626.8,4756.0,21920.0,30.63
BBTC,EQ,08-Jun-2020,"1,092.80","1,108.00","1,152.50","1,075.10","1,086.00","1,084.65","1,116.12",220036,245586288.7,12233.0,66475.0,30.21
BBTC,EQ,05-Jun-2020,"1,078.35","1,125.00","1,145.10","1,075.25","1,099.00","1,092.80","1,116.01",363612,405796222.8,18056.0,99460.0,27.35
BBTC,EQ,04-Jun-2020,996.75,"1,007.85","1,092.80",981.50,"1,080.00","1,078.35","1,042.17",390117,406568679.9,21127.0,96011.0,24.61
BBTC,EQ,03-Jun-2020,951.15,975.00,"1,062.45",972.45,"1,004.00",996.75,"1,017.31",591498,601737443.15,26418.0,107616.0,18.19
BBTC,EQ,02-Jun-2020,936.15,943.00,970.00,940.00,946.85,951.15,953.15,121221,115541199.95,6091.0,34187.0,28.20
BBTC,EQ,01-Jun-2020,908.10,918.00,958.00,915.75,935.50,936.15,941.15,114618,107872687.1,5810.0,39237.0,34.23
BBTC,EQ,29-May-2020,916.75,914.10,947.75,900.00,904.00,908.10,928.13,199001,184699536.45,10637.0,43893.0,22.06
BBTC,EQ,28-May-2020,832.45,836.65,929.00,834.45,905.00,916.75,892.20,307882,274692664.3,13818.0,58569.0,19.02
BBTC,EQ,27-May-2020,819.10,819.00,845.00,810.95,834.00,832.45,825.36,39067,32244170.95,2607.0,10419.0,26.67
BBTC,EQ,26-May-2020,812.25,813.00,837.80,813.00,818.70,819.10,823.90,23717,19540517.2,1915.0,6146.0,25.91
BBTC,EQ,22-May-2020,815.70,803.00,822.00,803.00,812.00,812.25,812.58,15507,12600626.65,1195.0,5788.0,37.33
BBTC,EQ,21-May-2020,806.60,811.85,824.90,806.60,815.00,815.70,814.30,27585,22462344.7,1843.0,10818.0,39.22
BBTC,EQ,20-May-2020,804.30,810.00,829.95,802.65,807.00,806.60,816.11,46128,37645442.8,3233.0,11751.0,25.47
BBTC,EQ,19-May-2020,802.05,826.50,827.00,800.00,801.45,804.30,813.92,31800,25882606.9,2989.0,6356.0,19.99
BBTC,EQ,18-May-2020,850.25,852.00,857.95,798.35,806.00,802.05,819.11,47027,38520345.3,2857.0,17753.0,37.75
BBTC,EQ,15-May-2020,851.00,852.00,867.95,845.00,846.00,850.25,856.00,28330,24250559.45,1946.0,8152.0,28.78
BBTC,EQ,14-May-2020,853.40,854.00,869.35,845.15,855.00,851.00,857.26,41726,35770159.55,3442.0,11077.0,26.55
BBTC,EQ,13-May-2020,845.20,864.95,875.00,848.00,849.80,853.40,861.96,59510,51295471.65,3966.0,14835.0,24.93
BBTC,EQ,12-May-2020,857.45,855.00,856.00,832.00,846.00,845.20,842.67,29908,25202574.35,2453.0,9618.0,32.16
BBTC,EQ,11-May-2020,844.70,855.00,875.00,851.00,857.00,857.45,862.74,60060,51816324.3,3805.0,13032.0,21.70
BBTC,EQ,08-May-2020,829.50,839.80,858.00,829.40,842.00,844.70,845.46,66946,56600284.25,5012.0,12961.0,19.36
BBTC,EQ,07-May-2020,832.70,830.00,846.20,818.95,835.00,829.50,829.42,60805,50432968.45,3694.0,8801.0,14.47
BBTC,EQ,06-May-2020,836.15,838.00,855.00,825.65,831.00,832.70,840.81,30575,25707876.4,2784.0,9636.0,31.52
BBTC,EQ,05-May-2020,854.50,864.00,880.00,830.00,845.00,836.15,860.62,41429,35654779.15,2796.0,12705.0,30.67
BBTC,EQ,04-May-2020,904.10,889.00,889.00,848.00,851.55,854.50,859.49,45554,39153294.85,3656.0,20900.0,45.88
BBTC,EQ,30-Apr-2020,914.10,930.00,938.00,890.00,904.30,904.10,913.22,84431,77104486.35,6579.0,34336.0,40.67
BBTC,EQ,29-Apr-2020,927.05,934.95,945.00,910.00,916.00,914.10,923.75,54025,49905727.0,3897.0,23979.0,44.39
BBTC,EQ,28-Apr-2020,952.50,958.00,959.90,916.65,926.00,927.05,934.89,77424,72383113.85,5442.0,25869.0,33.41
BBTC,EQ,27-Apr-2020,912.40,916.00,969.00,916.00,944.95,952.50,940.71,145405,136784013.8,7420.0,31483.0,21.65
BBTC,EQ,24-Apr-2020,917.25,907.95,940.00,898.10,912.00,912.40,921.88,86706,79932483.85,5829.0,20721.0,23.90
BBTC,EQ,23-Apr-2020,871.05,884.00,987.60,880.40,916.00,917.25,948.47,338475,321033199.7,19833.0,65907.0,19.47
BBTC,EQ,22-Apr-2020,815.30,824.00,884.40,817.75,873.30,871.05,859.44,128268,110238143.05,7047.0,34960.0,27.26
BBTC,EQ,21-Apr-2020,852.25,839.95,839.95,811.00,813.00,815.30,822.06,43656,35888054.85,2561.0,16525.0,37.85
BBTC,EQ,20-Apr-2020,843.55,855.00,885.00,831.55,853.00,852.25,860.50,78895,67889508.25,5689.0,17135.0,21.72
BBTC,EQ,17-Apr-2020,829.95,851.10,870.05,836.15,842.00,843.55,846.81,48600,41155168.45,5382.0,21627.0,44.50
BBTC,EQ,16-Apr-2020,806.70,800.00,844.90,791.05,833.35,829.95,829.08,98979,82061724.85,5823.0,27055.0,27.33
BBTC,EQ,15-Apr-2020,788.35,829.90,845.00,800.10,809.95,806.70,823.11,80149,65971630.45,8893.0,35473.0,44.26
BBTC,EQ,13-Apr-2020,817.50,829.00,829.00,771.10,786.10,788.35,792.81,36677,29077926.85,3618.0,,-
BBTC,EQ,09-Apr-2020,784.20,820.00,848.00,792.00,811.00,817.50,815.58,44907,36625201.6,3829.0,20427.0,45.49
BBTC,EQ,08-Apr-2020,788.40,810.00,854.30,774.00,787.95,784.20,809.46,76612,62014517.65,5281.0,25801.0,33.68
BBTC,EQ,07-Apr-2020,716.75,730.00,788.40,730.00,788.40,788.40,770.37,59781,46053282.85,3350.0,27732.0,46.39
BBTC,EQ,03-Apr-2020,726.10,735.00,735.35,696.25,712.00,716.75,714.72,35765,25561895.95,3722.0,11735.0,32.81
BBTC,EQ,01-Apr-2020,732.50,737.00,759.00,720.00,727.00,726.10,735.94,29548,21745533.75,2916.0,11344.0,38.39
BBTC,EQ,31-Mar-2020,694.05,704.15,746.00,704.00,731.25,732.50,729.67,42501,31011597.55,3341.0,14497.0,34.11
BBTC,EQ,30-Mar-2020,704.25,688.00,732.00,675.35,698.00,694.05,699.17,36969,25847677.15,4205.0,16395.0,44.35
BBTC,EQ,27-Mar-2020,697.05,745.00,756.00,675.35,703.00,704.25,719.25,58249,41895467.7,6075.0,26561.0,45.60
BBTC,EQ,26-Mar-2020,648.95,645.00,713.80,633.00,709.00,697.05,704.75,56402,39749043.55,3017.0,22020.0,39.04
BBTC,EQ,25-Mar-2020,607.95,607.95,665.00,555.00,650.00,648.95,632.34,35878,22687165.15,3036.0,17301.0,48.22
BBTC,EQ,24-Mar-2020,594.25,630.00,630.00,535.00,611.85,607.95,586.37,57627,33790683.7,4063.0,23653.0,41.04
BBTC,EQ,23-Mar-2020,738.95,670.00,691.85,591.20,591.20,594.25,614.10,62476,38366264.55,3943.0,33929.0,54.31
BBTC,EQ,20-Mar-2020,728.60,740.00,770.00,725.00,735.00,738.95,749.53,58306,43702231.5,5247.0,21125.0,36.23
BBTC,EQ,19-Mar-2020,774.45,750.00,755.45,701.00,726.00,728.60,735.14,63142,46417935.0,5393.0,16358.0,25.91
BBTC,EQ,18-Mar-2020,885.95,904.00,904.95,760.10,779.95,774.45,817.73,77250,63169313.7,5328.0,35960.0,46.55
BBTC,EQ,17-Mar-2020,950.35,941.00,"1,009.00",864.00,865.20,885.95,935.22,62179,58151267.4,4605.0,27571.0,44.34
BBTC,EQ,16-Mar-2020,"1,004.05",976.00,976.00,940.00,960.00,950.35,950.71,64930,61729285.8,2879.0,45386.0,69.90
BBTC,EQ,13-Mar-2020,"1,000.00",900.00,"1,034.95",800.00,"1,005.00","1,004.05",963.64,84166,81105310.75,4378.0,49590.0,58.92
BBTC,EQ,12-Mar-2020,"1,081.10","1,050.35","1,050.35",985.00,999.95,"1,000.00",998.31,99008,98840432.7,3612.0,72956.0,73.69
BBTC,EQ,11-Mar-2020,"1,084.75","1,081.00","1,093.65","1,070.00","1,076.00","1,081.10","1,080.65",44475,48061744.85,2440.0,26425.0,59.42
BBTC,EQ,09-Mar-2020,"1,119.60","1,117.00","1,117.00","1,060.00","1,075.00","1,084.75","1,078.17",80429,86716267.35,3771.0,49830.0,61.96
BBTC,EQ,06-Mar-2020,"1,089.75","1,054.00","1,142.00","1,044.00","1,125.60","1,119.60","1,090.54",69377,75658152.45,4137.0,38312.0,55.22
BBTC,EQ,05-Mar-2020,"1,096.00","1,093.00","1,115.00","1,085.00","1,085.55","1,089.75","1,099.64",30552,33596062.0,2437.0,9566.0,31.31
BBTC,EQ,04-Mar-2020,"1,102.45","1,103.90","1,107.95","1,070.00","1,091.90","1,096.00","1,086.06",95812,104057961.0,4797.0,58530.0,61.09
BBTC,EQ,03-Mar-2020,"1,092.25","1,108.10","1,130.00","1,085.00","1,105.00","1,102.45","1,104.47",45630,50397181.95,3539.0,13049.0,28.60
BBTC,EQ,02-Mar-2020,"1,069.45","1,083.90","1,108.00","1,053.00","1,107.00","1,092.25","1,089.89",65206,71067278.5,4418.0,35131.0,53.88
BBTC,EQ,28-Feb-2020,"1,098.60","1,063.60","1,078.00","1,052.95","1,068.00","1,069.45","1,067.04",45702,48766083.05,2645.0,30001.0,65.64
BBTC,EQ,27-Feb-2020,"1,099.45","1,103.00","1,109.70","1,080.00","1,094.00","1,098.60","1,096.84",37532,41166504.6,2584.0,14076.0,37.50
BBTC,EQ,26-Feb-2020,"1,076.55","1,068.55","1,109.80","1,055.10","1,102.70","1,099.45","1,095.41",70895,77659409.15,4429.0,31155.0,43.95
BBTC,EQ,25-Feb-2020,"1,092.25","1,098.00","1,104.90","1,065.00","1,073.85","1,076.55","1,085.94",26901,29212926.5,2210.0,11011.0,40.93
BBTC,EQ,24-Feb-2020,"1,093.70","1,082.00","1,108.00","1,082.00","1,092.00","1,092.25","1,096.35",50294,55140061.65,2852.0,27037.0,53.76
BBTC,EQ,20-Feb-2020,"1,122.25","1,122.25","1,129.50","1,090.00","1,098.00","1,093.70","1,105.40",63089,69738888.8,3049.0,38054.0,60.32
BBTC,EQ,19-Feb-2020,"1,120.10","1,130.00","1,147.00","1,116.20","1,119.15","1,122.25","1,129.92",60121,67931835.85,4115.0,18042.0,30.01
BBTC,EQ,18-Feb-2020,"1,128.55","1,130.00","1,135.00","1,106.40","1,116.90","1,120.10","1,114.64",41761,46548444.25,2703.0,16278.0,38.98
BBTC,EQ,17-Feb-2020,"1,155.60","1,155.60","1,167.90","1,125.00","1,132.00","1,128.55","1,145.43",59099,67693546.0,4094.0,25176.0,42.60
BBTC,EQ,14-Feb-2020,"1,163.30","1,200.00","1,218.90","1,145.55","1,150.10","1,155.60","1,185.97",140415,166527531.4,6648.0,42261.0,30.10
BBTC,EQ,13-Feb-2020,"1,167.10","1,172.00","1,184.80","1,158.85","1,160.00","1,163.30","1,170.90",56606,66280174.05,3487.0,22275.0,39.35
BBTC,EQ,12-Feb-2020,"1,178.90","1,180.05","1,188.05","1,160.00","1,172.90","1,167.10","1,175.30",75695,88964012.35,3739.0,28858.0,38.12
BBTC,EQ,11-Feb-2020,"1,187.10","1,204.00","1,209.90","1,172.60","1,182.00","1,178.90","1,193.06",191873,228916056.6,8513.0,53903.0,28.09
BBTC,EQ,10-Feb-2020,"1,132.20","1,138.85","1,229.90","1,136.20","1,185.25","1,187.10","1,204.96",672592,810445520.4,30994.0,104303.0,15.51
BBTC,EQ,07-Feb-2020,"1,146.90","1,148.00","1,154.40","1,127.00","1,133.90","1,132.20","1,141.75",50067,57164172.6,2938.0,17075.0,34.10
BBTC,EQ,06-Feb-2020,"1,147.90","1,156.80","1,158.35","1,140.00","1,146.30","1,146.90","1,149.15",42583,48934432.55,3318.0,11993.0,28.16
BBTC,EQ,05-Feb-2020,"1,143.90","1,149.00","1,181.35","1,140.00","1,147.20","1,147.90","1,162.15",95462,110941301.65,5973.0,25290.0,26.49
BBTC,EQ,04-Feb-2020,"1,118.15","1,128.50","1,153.00","1,124.05","1,149.00","1,143.90","1,142.91",63160,72186476.9,3828.0,21176.0,33.53
BBTC,EQ,03-Feb-2020,"1,138.95","1,118.70","1,141.90","1,090.00","1,123.55","1,118.15","1,120.53",73395,82241658.0,5627.0,19844.0,27.04
BBTC,EQ,01-Feb-2020,"1,132.25","1,123.65","1,185.00","1,107.35","1,122.80","1,138.95","1,144.57",202160,231386662.05,10354.0,56443.0,27.92
BBTC,EQ,31-Jan-2020,"1,149.50","1,155.95","1,157.85","1,124.00","1,125.00","1,132.25","1,138.19",58867,67001618.0,3474.0,19735.0,33.52
BBTC,EQ,30-Jan-2020,"1,188.75","1,191.95","1,196.70","1,140.15","1,145.00","1,149.50","1,168.23",88218,103058892.0,5800.0,21818.0,24.73
BBTC,EQ,29-Jan-2020,"1,169.30","1,180.00","1,203.80","1,170.15","1,184.00","1,188.75","1,189.04",163235,194092420.15,8542.0,30226.0,18.52
BBTC,EQ,28-Jan-2020,"1,187.85","1,193.85","1,210.00","1,160.00","1,172.00","1,169.30","1,190.26",99153,118017814.0,7175.0,23280.0,23.48
BBTC,EQ,27-Jan-2020,"1,198.90","1,190.00","1,235.00","1,177.00","1,182.00","1,187.85","1,215.09",256156,311252274.35,13676.0,48483.0,18.93
BBTC,EQ,24-Jan-2020,"1,140.40","1,140.00","1,215.00","1,131.10","1,204.65","1,198.90","1,180.93",275371,325194644.25,13785.0,71051.0,25.80
BBTC,EQ,23-Jan-2020,"1,130.25","1,126.00","1,147.65","1,125.10","1,137.50","1,140.40","1,139.74",62110,70789516.3,4437.0,17843.0,28.73
BBTC,EQ,22-Jan-2020,"1,134.55","1,136.30","1,147.90","1,122.00","1,130.00","1,130.25","1,134.53",50147,56893398.0,2804.0,19028.0,37.94
BBTC,EQ,21-Jan-2020,"1,129.90","1,121.70","1,144.00","1,116.55","1,138.00","1,134.55","1,134.73",75686,85882907.15,3263.0,23247.0,30.72
BBTC,EQ,20-Jan-2020,"1,144.35","1,149.00","1,153.80","1,126.15","1,130.00","1,129.90","1,134.34",47989,54435627.2,2322.0,21304.0,44.39
BBTC,EQ,17-Jan-2020,"1,158.00","1,173.55","1,185.00","1,140.25","1,141.35","1,144.35","1,165.18",127959,149094821.6,6204.0,41455.0,32.40
BBTC,EQ,16-Jan-2020,"1,118.00","1,122.20","1,173.00","1,109.90","1,171.05","1,158.00","1,143.71",197705,226116546.8,9088.0,69455.0,35.13
BBTC,EQ,15-Jan-2020,"1,123.15","1,127.90","1,129.70","1,110.00","1,121.00","1,118.00","1,119.39",43836,49069366.6,2653.0,14755.0,33.66
BBTC,EQ,14-Jan-2020,"1,123.60","1,128.90","1,137.70","1,118.00","1,120.00","1,123.15","1,126.64",73580,82898341.6,4012.0,16403.0,22.29
BBTC,EQ,13-Jan-2020,"1,114.50","1,120.00","1,130.00","1,110.00","1,124.30","1,123.60","1,122.15",95819,107522956.15,5695.0,21491.0,22.43
BBTC,EQ,10-Jan-2020,"1,129.40","1,137.70","1,155.00","1,109.00","1,115.00","1,114.50","1,135.63",147819,167868274.6,6779.0,43455.0,29.40
BBTC,EQ,09-Jan-2020,"1,109.55","1,124.00","1,139.90","1,108.20","1,132.00","1,129.40","1,127.11",171827,193667479.4,8447.0,37120.0,21.60
BBTC,EQ,08-Jan-2020,"1,114.75","1,105.00","1,144.35","1,102.40","1,106.75","1,109.55","1,123.39",291651,327637589.65,13218.0,52853.0,18.12
BBTC,EQ,07-Jan-2020,"1,049.90","1,065.00","1,132.00","1,064.05","1,125.60","1,114.75","1,099.49",280475,308378833.65,11577.0,74505.0,26.56
BBTC,EQ,06-Jan-2020,"1,070.80","1,063.90","1,066.90","1,035.00","1,048.00","1,049.90","1,050.80",126626,133058606.1,5995.0,55942.0,44.18
BBTC,EQ,03-Jan-2020,"1,058.75","1,055.80","1,078.90","1,039.05","1,072.10","1,070.80","1,063.30",159352,169438511.5,8665.0,41216.0,25.86
BBTC,EQ,02-Jan-2020,"1,029.20","1,033.00","1,072.75","1,026.35","1,060.00","1,058.75","1,054.32",208020,219318746.55,10246.0,43117.0,20.73
BBTC,EQ,01-Jan-2020,"1,038.95","1,036.85","1,043.95","1,022.95","1,032.00","1,029.20","1,031.31",44974,46382048.55,2667.0,12485.0,27.76
BBTC,EQ,31-Dec-2019,"1,008.60","1,008.00","1,057.80","1,005.50","1,035.00","1,038.95","1,040.93",333501,347150747.75,17400.0,55135.0,16.53
BBTC,EQ,30-Dec-2019,993.30,997.00,"1,015.10",995.80,"1,010.50","1,008.60","1,006.44",67503,67937910.45,4191.0,23321.0,34.55
BBTC,EQ,28-Dec-2021,"1,071.00","1,075.00","1,088.80","1,065.20","1,074.50","1,076.35","1,074.55",43316,46545172.1,3915.0,16202.0,37.4
BBTC,EQ,27-Dec-2021,"1,037.65","1,035.00","1,089.00","1,029.60","1,064.50","1,071.00","1,064.75",83228,88617177.3,7443.0,17870.0,21.47
BBTC,EQ,24-Dec-2021,"1,051.20","1,054.95","1,059.00","1,034.45","1,041.00","1,037.65","1,043.27",21979,22929974.7,2167.0,8278.0,37.66
BBTC,EQ,23-Dec-2021,"1,028.85","1,036.50","1,069.00","1,033.65","1,049.00","1,051.20","1,053.61",65755,69280106.1,5982.0,20198.0,30.72
BBTC,EQ,22-Dec-2021,"1,021.80","1,027.55","1,058.95","1,022.00","1,027.00","1,028.85","1,038.46",63663,66111162.45,6336.0,19910.0,31.27
BBTC,EQ,21-Dec-2021,"1,033.50","1,037.00","1,054.20","1,017.30","1,025.00","1,021.80","1,032.15",49224,50806628.35,4095.0,22391.0,45.49
BBTC,EQ,20-Dec-2021,"1,075.45","1,077.00","1,077.00","1,026.90","1,031.00","1,033.50","1,051.04",78231,82223585.45,7144.0,27715.0,35.43
BBTC,EQ,17-Dec-2021,"1,114.05","1,119.00","1,119.00","1,064.25","1,078.15","1,075.45","1,092.88",140377,153415568.55,13272.0,30941.0,22.04
BBTC,EQ,16-Dec-2021,"1,142.80","1,149.80","1,152.80","1,110.00","1,114.00","1,114.05","1,122.39",87750,98489917.4,7055.0,27167.0,30.96
BBTC,EQ,15-Dec-2021,"1,160.50","1,164.90","1,165.40","1,135.00","1,143.50","1,142.80","1,146.37",135734,155601843.65,8310.0,27627.0,20.35
BBTC,EQ,14-Dec-2021,"1,094.20","1,087.95","1,179.00","1,081.15","1,154.00","1,160.50","1,151.99",599876,691049985.55,37144.0,90440.0,15.08
BBTC,EQ,13-Dec-2021,"1,133.00","1,125.00","1,133.00","1,090.00","1,090.00","1,094.20","1,110.89",102352,113701672.6,8190.0,29428.0,28.75
BBTC,EQ,10-Dec-2021,"1,124.00","1,107.05","1,145.90","1,102.00","1,129.95","1,133.00","1,125.47",219688,247252523.1,15440.0,42435.0,19.32
BBTC,EQ,09-Dec-2021,"1,008.85","1,017.90","1,155.00","1,012.45","1,125.00","1,124.00","1,089.53",391492,426542518.65,31383.0,81511.0,20.82
BBTC,EQ,08-Dec-2021,"1,001.70","1,004.20","1,015.00","1,000.00","1,010.55","1,008.85","1,007.67",25648,25844683.8,2930.0,12273.0,47.85
BBTC,EQ,07-Dec-2021,"1,000.10","1,003.10","1,012.70",999.90,"1,002.00","1,001.70","1,004.27",24603,24707977.9,2675.0,14314.0,58.18
BBTC,EQ,06-Dec-2021,"1,019.35","1,025.90","1,026.05",995.00,"1,003.00","1,000.10","1,009.81",17379,17549443.45,2336.0,9879.0,56.84
BBTC,EQ,03-Dec-2021,"1,016.45","1,016.45","1,031.95","1,012.55","1,018.00","1,019.35","1,021.84",24524,25059540.1,2915.0,11572.0,47.19
BBTC,EQ,02-Dec-2021,"1,000.75","1,002.00","1,034.00","1,002.00","1,016.00","1,016.45","1,018.94",42597,43403889.8,5041.0,10968.0,25.75
BBTC,EQ,01-Dec-2021,993.75,998.75,"1,014.00",990.15,"1,002.10","1,000.75","1,001.42",26608,26645764.15,3898.0,12384.0,46.54
BBTC,EQ,30-Nov-2021,"1,018.25","1,023.30","1,033.10",980.50,994.95,993.75,"1,009.67",51544,52042274.2,5363.0,27340.0,53.04
BBTC,EQ,29-Nov-2021,"1,037.60","1,033.00","1,034.90","1,005.50","1,018.00","1,018.25","1,019.71",34229,34903818.5,4063.0,16892.0,49.35
BBTC,EQ,26-Nov-2021,"1,076.45","1,070.00","1,075.00","1,028.05","1,032.40","1,037.60","1,052.95",58988,62111646.35,4709.0,38269.0,64.88
BBTC,EQ,25-Nov-2021,"1,075.40","1,077.00","1,090.00","1,072.00","1,077.00","1,076.45","1,078.76",21977,23707959.55,2173.0,10730.0,48.82
BBTC,EQ,24-Nov-2021,"1,085.30","1,091.00","1,095.00","1,070.00","1,073.00","1,075.40","1,083.11",23231,25161733.9,2325.0,14186.0,61.06
BBTC,EQ,23-Nov-2021,"1,075.90","1,067.00","1,089.00","1,067.00","1,085.00","1,085.30","1,083.43",19717,21361930.0,2347.0,8044.0,40.8
BBTC,EQ,22-Nov-2021,"1,078.40","1,090.00","1,118.00","1,068.10","1,070.65","1,075.90","1,090.79",65642,71601627.45,6931.0,22288.0,33.95
BBTC,EQ,18-Nov-2021,"1,094.10","1,094.05","1,102.20","1,075.00","1,078.95","1,078.40","1,086.72",29479,32035403.65,4075.0,13956.0,47.34
BBTC,EQ,17-Nov-2021,"1,095.10","1,095.20","1,115.00","1,090.05","1,093.90","1,094.10","1,105.43",39255,43393517.45,5348.0,18409.0,46.9
BBTC,EQ,16-Nov-2021,"1,107.45","1,113.00","1,113.00","1,092.00","1,092.50","1,095.10","1,099.96",30687,33754478.3,3005.0,16590.0,54.06
BBTC,EQ,15-Nov-2021,"1,116.30","1,112.00","1,123.60","1,104.35","1,106.00","1,107.45","1,111.30",25811,28683743.85,2330.0,12859.0,49.82
BBTC,EQ,12-Nov-2021,"1,111.15","1,119.00","1,135.00","1,105.00","1,116.35","1,116.30","1,117.08",34508,38548303.35,2976.0,12000.0,34.77
BBTC,EQ,11-Nov-2021,"1,129.80","1,135.00","1,135.40","1,106.20","1,114.10","1,111.15","1,116.73",34552,38585265.35,3046.0,15420.0,44.63
BBTC,EQ,10-Nov-2021,"1,105.60","1,109.50","1,166.85","1,090.00","1,130.05","1,129.80","1,137.30",185958,211490610.65,11758.0,47195.0,25.38
BBTC,EQ,09-Nov-2021,"1,104.85","1,104.00","1,115.25","1,101.00","1,106.75","1,105.60","1,108.67",23923,26522734.2,1881.0,11576.0,48.39
BBTC,EQ,08-Nov-2021,"1,111.40","1,118.00","1,118.00","1,095.65","1,105.50","1,104.85","1,107.00",31310,34660291.5,3274.0,15992.0,51.08
BBTC,EQ,04-Nov-2021,"1,100.05","1,101.05","1,119.00","1,101.05","1,112.00","1,111.40","1,112.45",8566,9529224.9,765.0,5656.0,66.03
BBTC,EQ,03-Nov-2021,"1,110.70","1,120.00","1,135.00","1,088.00","1,099.95","1,100.05","1,116.43",52744,58885048.15,5174.0,19234.0,36.47
BBTC,EQ,02-Nov-2021,"1,087.80","1,088.00","1,125.00","1,087.85","1,111.00","1,110.70","1,108.30",43534,48248612.75,4576.0,17114.0,39.31
BBTC,EQ,01-Nov-2021,"1,079.10","1,086.00","1,095.00","1,079.25","1,087.00","1,087.80","1,087.81",19575,21293813.85,2551.0,9073.0,46.35
BBTC,EQ,29-Oct-2021,"1,092.25","1,084.10","1,098.80","1,071.25","1,078.00","1,079.10","1,088.38",41985,45695486.3,4486.0,16103.0,38.35
BBTC,EQ,28-Oct-2021,"1,108.95","1,112.00","1,117.00","1,082.00","1,093.85","1,092.25","1,099.17",34037,37412349.85,4060.0,13692.0,40.23
BBTC,EQ,27-Oct-2021,"1,094.80","1,092.00","1,124.75","1,092.00","1,108.00","1,108.95","1,112.90",43445,48349867.65,4179.0,17191.0,39.57
BBTC,EQ,26-Oct-2021,"1,087.35","1,097.00","1,104.00","1,091.00","1,096.15","1,094.80","1,096.96",25044,27472149.4,2910.0,12017.0,47.98
BBTC,EQ,25-Oct-2021,"1,105.65","1,100.60","1,108.40","1,083.60","1,090.00","1,087.35","1,092.29",37834,41325649.15,4005.0,17778.0,46.99
BBTC,EQ,22-Oct-2021,"1,110.55","1,115.00","1,125.00","1,100.35","1,107.00","1,105.65","1,111.44",41098,45677786.5,5336.0,16974.0,41.3
BBTC,EQ,21-Oct-2021,"1,119.35","1,109.90","1,127.00","1,101.05","1,114.00","1,110.55","1,115.63",47824,53353845.7,5343.0,19265.0,40.28
BBTC,EQ,20-Oct-2021,"1,128.65","1,134.00","1,148.00","1,111.10","1,120.00","1,119.35","1,126.12",61955,69769025.55,6682.0,20494.0,33.08
BBTC,EQ,19-Oct-2021,"1,147.95","1,153.95","1,156.85","1,119.00","1,124.00","1,128.65","1,137.86",78064,88826222.45,6663.0,31249.0,40.03
BBTC,EQ,18-Oct-2021,"1,153.60","1,152.00","1,161.30","1,145.00","1,148.00","1,147.95","1,151.39",63227,72799053.75,4988.0,35411.0,56.01
BBTC,EQ,14-Oct-2021,"1,155.20","1,165.00","1,169.00","1,151.00","1,152.50","1,153.60","1,158.99",45493,52725920.55,5090.0,20190.0,44.38
BBTC,EQ,13-Oct-2021,"1,148.55","1,150.00","1,173.25","1,144.70","1,152.30","1,155.20","1,157.91",86772,100474412.0,7701.0,28807.0,33.2
BBTC,EQ,12-Oct-2021,"1,154.50","1,158.00","1,163.65","1,145.00","1,150.00","1,148.55","1,151.20",43758,50374151.65,4171.0,21461.0,49.04
BBTC,EQ,11-Oct-2021,"1,152.55","1,158.90","1,180.00","1,142.80","1,158.00","1,154.50","1,158.98",83842,97171394.25,7225.0,25443.0,30.35
BBTC,EQ,08-Oct-2021,"1,157.45","1,159.90","1,159.95","1,149.50","1,153.00","1,152.55","1,152.93",53631,61832776.5,3820.0,28294.0,52.76
BBTC,EQ,07-Oct-2021,"1,166.50","1,172.00","1,179.90","1,146.90","1,155.00","1,157.45","1,166.62",47090,54936342.95,3753.0,26915.0,57.16
BBTC,EQ,06-Oct-2021,"1,177.25","1,183.15","1,194.90","1,161.00","1,165.00","1,166.50","1,182.07",79002,93385969.95,6364.0,26199.0,33.16
BBTC,EQ,05-Oct-2021,"1,167.10","1,172.00","1,192.95","1,165.15","1,174.15","1,177.25","1,181.73",100558,118832846.75,7177.0,30558.0,30.39
BBTC,EQ,04-Oct-2021,"1,155.00","1,159.95","1,175.00","1,159.95","1,168.00","1,167.10","1,169.06",63736,74511054.85,5545.0,31606.0,49.59
BBTC,EQ,01-Oct-2021,"1,147.75","1,147.00","1,171.10","1,140.05","1,158.00","1,155.00","1,155.33",45177,52194466.5,4235.0,18733.0,41.47
BBTC,EQ,30-Sep-2021,"1,146.50","1,150.00","1,158.00","1,140.00","1,148.00","1,147.75","1,151.20",38448,44261509.05,3758.0,21969.0,57.14
BBTC,EQ,29-Sep-2021,"1,147.75","1,150.00","1,159.00","1,133.35","1,148.00","1,146.50","1,148.52",42062,48308848.5,4338.0,24305.0,57.78
BBTC,EQ,28-Sep-2021,"1,149.05","1,159.00","1,164.15","1,142.00","1,150.00","1,147.75","1,152.29",29896,34448864.4,3382.0,13230.0,44.25
BBTC,EQ,27-Sep-2021,"1,154.80","1,159.00","1,166.15","1,141.20","1,148.00","1,149.05","1,155.00",41015,47372152.45,4620.0,20155.0,49.14
BBTC,EQ,24-Sep-2021,"1,164.65","1,166.95","1,184.00","1,150.65","1,156.30","1,154.80","1,166.00",39292,45814462.4,3612.0,19527.0,49.7
BBTC,EQ,23-Sep-2021,"1,159.75","1,162.00","1,194.40","1,160.20","1,162.30","1,164.65","1,175.75",72465,85200849.45,5365.0,30148.0,41.6
BBTC,EQ,22-Sep-2021,"1,148.75","1,152.00","1,176.00","1,148.75","1,157.95","1,159.75","1,160.19",56008,64979731.35,4624.0,22743.0,40.61
BBTC,EQ,21-Sep-2021,"1,140.40","1,140.20","1,153.90","1,130.30","1,149.00","1,148.75","1,142.17",41826,47772283.65,4090.0,14369.0,34.35
BBTC,EQ,20-Sep-2021,"1,160.70","1,150.00","1,177.90","1,137.00","1,137.10","1,140.40","1,157.33",64884,75092066.0,7035.0,31922.0,49.2
BBTC,EQ,17-Sep-2021,"1,184.70","1,192.00","1,192.00","1,155.50","1,160.00","1,160.70","1,168.67",133183,155647543.05,8591.0,78281.0,58.78
BBTC,EQ,16-Sep-2021,"1,196.60","1,200.00","1,211.20","1,179.00","1,184.90","1,184.70","1,194.56",66000,78840753.6,6495.0,37883.0,57.4
BBTC,EQ,15-Sep-2021,"1,204.60","1,211.00","1,211.00","1,193.55","1,194.90","1,196.60","1,201.42",58777,70615879.4,5018.0,31992.0,54.43
BBTC,EQ,14-Sep-2021,"1,198.85","1,201.00","1,217.20","1,198.00","1,205.00","1,204.60","1,206.47",71801,86626095.95,5973.0,31569.0,43.97
BBTC,EQ,13-Sep-2021,"1,211.90","1,217.40","1,217.40","1,195.00","1,199.00","1,198.85","1,201.21",44801,53815589.5,3820.0,22178.0,49.5
BBTC,EQ,09-Sep-2021,"1,201.15","1,197.00","1,224.95","1,195.00","1,209.70","1,211.90","1,214.86",104571,127038730.85,6588.0,36474.0,34.88
BBTC,EQ,08-Sep-2021,"1,199.50","1,201.00","1,219.00","1,194.85","1,197.00","1,201.15","1,204.70",68988,83109654.4,5245.0,26765.0,38.8
BBTC,EQ,07-Sep-2021,"1,204.05","1,209.95","1,220.75","1,192.20","1,201.00","1,199.50","1,207.95",83546,100919739.3,5959.0,25336.0,30.33
BBTC,EQ,06-Sep-2021,"1,219.15","1,225.20","1,230.00","1,200.00","1,202.10","1,204.05","1,212.72",51476,62425757.85,4206.0,25078.0,48.72
BBTC,EQ,03-Sep-2021,"1,223.90","1,228.00","1,235.60","1,215.00","1,220.25","1,219.15","1,225.17",90355,110700484.5,5444.0,38721.0,42.85
BBTC,EQ,02-Sep-2021,"1,217.90","1,222.00","1,244.00","1,207.55","1,225.10","1,223.90","1,230.74",213473,262730188.85,11785.0,69392.0,32.51
BBTC,EQ,01-Sep-2021,"1,189.30","1,199.30","1,230.00","1,190.40","1,217.00","1,217.90","1,216.88",220956,268876497.5,10523.0,72807.0,32.95
BBTC,EQ,31-Aug-2021,"1,186.00","1,197.40","1,242.00","1,182.40","1,188.95","1,189.30","1,208.51",259919,314114759.2,17066.0,85657.0,32.96
BBTC,EQ,30-Aug-2021,"1,199.50","1,199.95","1,214.00","1,182.00","1,185.00","1,186.00","1,193.96",120939,144396746.75,6842.0,44629.0,36.9
BBTC,EQ,27-Aug-2021,"1,206.20","1,211.40","1,230.00","1,190.00","1,199.00","1,199.50","1,213.33",174965,212289855.35,10265.0,41795.0,23.89
BBTC,EQ,26-Aug-2021,"1,180.70","1,181.40","1,223.00","1,172.85","1,206.55","1,206.20","1,206.50",326441,393849883.5,19393.0,51845.0,15.88
BBTC,EQ,25-Aug-2021,"1,155.35","1,155.00","1,212.05","1,155.00","1,182.15","1,180.70","1,191.79",231305,275667284.15,16616.0,50061.0,21.64
BBTC,EQ,24-Aug-2021,"1,164.60","1,172.00","1,187.40","1,151.00","1,157.00","1,155.35","1,160.80",72203,83812932.95,6079.0,20858.0,28.89
BBTC,EQ,23-Aug-2021,"1,180.80","1,179.00","1,217.00","1,155.00","1,161.10","1,164.60","1,185.77",407416,483103105.15,28296.0,67460.0,16.56
BBTC,EQ,20-Aug-2021,"1,096.35","1,090.00","1,218.70","1,081.00","1,170.00","1,180.80","1,167.79",893092,1042942309.0,62503.0,123378.0,13.81
BBTC,EQ,18-Aug-2021,"1,112.15","1,118.95","1,118.95","1,092.05","1,095.00","1,096.35","1,100.12",76218,83849175.6,7932.0,45420.0,59.59
BBTC,EQ,17-Aug-2021,"1,122.60","1,125.80","1,131.05","1,101.60","1,110.00","1,112.15","1,114.93",70862,79005896.8,7748.0,37029.0,52.26
BBTC,EQ,16-Aug-2021,"1,146.80","1,147.00","1,147.00","1,110.20","1,124.90","1,122.60","1,121.80",75066,84209335.15,7406.0,34990.0,46.61
BBTC,EQ,13-Aug-2021,"1,158.50","1,158.00","1,165.00","1,141.95","1,148.00","1,146.80","1,150.94",53053,61060785.45,5550.0,29410.0,55.44
BBTC,EQ,12-Aug-2021,"1,139.70","1,140.00","1,166.35","1,140.00","1,156.90","1,158.50","1,158.25",45743,52981880.9,5734.0,17424.0,38.09
BBTC,EQ,11-Aug-2021,"1,164.25","1,166.00","1,167.95","1,122.20","1,138.85","1,139.70","1,135.33",108403,123072878.6,8503.0,51941.0,47.91
BBTC,EQ,10-Aug-2021,"1,195.90","1,191.30","1,195.85","1,151.30","1,163.50","1,164.25","1,174.22",83228,97727965.7,7264.0,44802.0,53.83
BBTC,EQ,09-Aug-2021,"1,207.30","1,215.00","1,217.80","1,190.55","1,194.70","1,195.90","1,198.82",69268,83040097.2,5592.0,37733.0,54.47
BBTC,EQ,06-Aug-2021,"1,214.80","1,217.00","1,236.00","1,203.00","1,206.50","1,207.30","1,216.69",51700,62903061.35,5378.0,29441.0,56.95
BBTC,EQ,05-Aug-2021,"1,232.80","1,237.70","1,237.80","1,200.00","1,214.00","1,214.80","1,214.79",74690,90732415.05,5730.0,39847.0,53.35
BBTC,EQ,04-Aug-2021,"1,247.20","1,253.45","1,259.05","1,228.00","1,233.00","1,232.80","1,244.55",65289,81255442.45,5323.0,35022.0,53.64
BBTC,EQ,03-Aug-2021,"1,246.45","1,256.35","1,274.95","1,242.70","1,245.25","1,247.20","1,258.53",156606,197092581.0,11221.0,55412.0,35.38
BBTC,EQ,02-Aug-2021,"1,239.75","1,245.95","1,260.45","1,241.00","1,243.00","1,246.45","1,251.66",63525,79511860.4,4818.0,24812.0,39.06
BBTC,EQ,30-Jul-2021,"1,243.55","1,246.80","1,259.95","1,231.55","1,242.90","1,239.75","1,246.02",62477,77847463.0,5353.0,30432.0,48.71
BBTC,EQ,29-Jul-2021,"1,247.90","1,252.70","1,265.00","1,240.00","1,244.55","1,243.55","1,251.34",54224,67852718.7,5253.0,22836.0,42.11
BBTC,EQ,28-Jul-2021,"1,283.45","1,294.00","1,294.00","1,239.00","1,247.00","1,247.90","1,260.03",146469,184555050.8,10546.0,57374.0,39.17
BBTC,EQ,27-Jul-2021,"1,254.30","1,262.00","1,304.00","1,257.25","1,278.50","1,283.45","1,281.59",259020,331956575.7,14711.0,90805.0,35.06
BBTC,EQ,26-Jul-2021,"1,272.85","1,279.00","1,279.00","1,251.65","1,254.00","1,254.30","1,262.57",57640,72774437.05,4794.0,35261.0,61.17
BBTC,EQ,23-Jul-2021,"1,268.30","1,285.00","1,297.00","1,266.40","1,267.05","1,272.85","1,276.43",65224,83253951.25,5256.0,32284.0,49.5
BBTC,EQ,22-Jul-2021,"1,267.25","1,287.00","1,287.00","1,265.00","1,274.00","1,268.30","1,276.89",74949,95701957.95,5644.0,36839.0,49.15
BBTC,EQ,20-Jul-2021,"1,286.95","1,287.20","1,298.10","1,257.70","1,265.05","1,267.25","1,274.37",73828,94083921.25,6509.0,29234.0,39.6
BBTC,EQ,19-Jul-2021,"1,300.85","1,288.00","1,314.00","1,281.55","1,286.20","1,286.95","1,298.72",79787,103620612.0,6801.0,37714.0,47.27
BBTC,EQ,16-Jul-2021,"1,307.05","1,314.95","1,314.95","1,289.10","1,299.00","1,300.85","1,303.03",69185,90149944.65,6018.0,28936.0,41.82
BBTC,EQ,15-Jul-2021,"1,316.65","1,323.95","1,327.65","1,301.50","1,308.00","1,307.05","1,313.13",46968,61674917.95,4332.0,22850.0,48.65
BBTC,EQ,14-Jul-2021,"1,326.00","1,329.00","1,342.50","1,313.35","1,314.00","1,316.65","1,325.69",69168,91695194.95,5468.0,25324.0,36.61
BBTC,EQ,13-Jul-2021,"1,322.60","1,335.00","1,353.00","1,317.25","1,325.50","1,326.00","1,331.19",141203,187967898.4,10485.0,50808.0,35.98
BBTC,EQ,12-Jul-2021,"1,283.50","1,292.00","1,339.00","1,285.00","1,329.65","1,322.60","1,314.28",180634,237403332.65,10941.0,45870.0,25.39
BBTC,EQ,09-Jul-2021,"1,294.30","1,310.00","1,310.00","1,282.00","1,285.10","1,283.50","1,289.42",61559,79375366.75,4428.0,31923.0,51.86
BBTC,EQ,08-Jul-2021,"1,306.25","1,306.55","1,314.90","1,286.40","1,296.00","1,294.30","1,300.32",66853,86930396.05,5086.0,32400.0,48.46
BBTC,EQ,07-Jul-2021,"1,308.25","1,308.25","1,316.90","1,303.00","1,307.60","1,306.25","1,308.81",37186,48669559.85,3375.0,16269.0,43.75
BBTC,EQ,06-Jul-2021,"1,317.50","1,316.00","1,326.95","1,303.45","1,310.00","1,308.25","1,313.34",64068,84143057.55,6232.0,29155.0,45.51
BBTC,EQ,05-Jul-2021,"1,307.35","1,318.00","1,334.80","1,302.65","1,315.00","1,317.50","1,317.67",109790,144667148.05,7666.0,40522.0,36.91
BBTC,EQ,02-Jul-2021,"1,317.55","1,324.00","1,327.95","1,300.00","1,307.70","1,307.35","1,312.29",71518,93852128.35,5636.0,36859.0,51.54
BBTC,EQ,01-Jul-2021,"1,323.45","1,330.00","1,339.90","1,311.30","1,315.55","1,317.55","1,327.49",46260,61409711.45,3628.0,21966.0,47.48
BBTC,EQ,30-Jun-2021,"1,337.40","1,349.75","1,353.15","1,320.00","1,326.65","1,323.45","1,334.28",61961,82673449.05,4729.0,29712.0,47.95
BBTC,EQ,29-Jun-2021,"1,370.30","1,367.20","1,367.20","1,334.00","1,338.95","1,337.40","1,345.69",115386,155274241.9,8004.0,46964.0,40.7
BBTC,EQ,28-Jun-2021,"1,331.35","1,346.95","1,384.50","1,340.60","1,375.00","1,370.30","1,367.79",248768,340261848.85,14908.0,82789.0,33.28
BBTC,EQ,25-Jun-2021,"1,309.90","1,337.00","1,358.85","1,325.10","1,335.00","1,331.35","1,343.16",206543,277420206.55,14096.0,82276.0,39.83
BBTC,EQ,24-Jun-2021,"1,303.65","1,308.00","1,328.00","1,302.20","1,306.10","1,309.90","1,312.11",66304,86998174.9,4242.0,33568.0,50.63
BBTC,EQ,23-Jun-2021,"1,313.60","1,320.00","1,326.25","1,300.40","1,308.00","1,303.65","1,312.14",50317,66023101.8,4081.0,22693.0,45.1
BBTC,EQ,22-Jun-2021,"1,326.75","1,333.00","1,338.30","1,301.25","1,312.00","1,313.60","1,324.15",65062,86151633.1,4424.0,32808.0,50.43
BBTC,EQ,21-Jun-2021,"1,307.30","1,300.00","1,335.00","1,290.05","1,325.00","1,326.75","1,314.94",79760,104879704.95,5965.0,24996.0,31.34
BBTC,EQ,18-Jun-2021,"1,340.85","1,344.00","1,352.25","1,296.50","1,310.00","1,307.30","1,314.99",140558,184832405.55,8708.0,55838.0,39.73
BBTC,EQ,17-Jun-2021,"1,350.85","1,335.00","1,376.30","1,320.95","1,342.20","1,340.85","1,349.00",229580,309702690.6,12799.0,83611.0,36.42
BBTC,EQ,16-Jun-2021,"1,374.55","1,377.80","1,377.80","1,335.60","1,340.00","1,350.85","1,360.42",194880,265119446.95,10287.0,65901.0,33.82
BBTC,EQ,15-Jun-2021,"1,346.90","1,365.00","1,424.95","1,362.00","1,372.00","1,374.55","1,393.85",788431,1098952928.6,35788.0,212558.0,26.96
BBTC,EQ,14-Jun-2021,"1,302.70","1,313.00","1,365.40","1,309.30","1,358.00","1,346.90","1,339.42",548892,735194193.05,22561.0,232471.0,42.35
BBTC,EQ,11-Jun-2021,"1,302.10","1,305.00","1,320.00","1,292.10","1,302.80","1,302.70","1,310.18",152463,199754054.05,6913.0,56467.0,37.04
BBTC,EQ,10-Jun-2021,"1,290.60","1,300.90","1,320.00","1,298.00","1,299.10","1,302.10","1,309.72",86926,113848300.05,4587.0,39423.0,45.35
BBTC,EQ,09-Jun-2021,"1,317.00","1,327.50","1,347.00","1,283.85","1,292.00","1,290.60","1,311.12",126766,166204874.3,7538.0,60319.0,47.58
BBTC,EQ,08-Jun-2021,"1,312.20","1,319.90","1,354.00","1,288.00","1,329.00","1,317.00","1,329.89",273188,363310107.25,13882.0,137425.0,50.3
BBTC,EQ,07-Jun-2021,"1,282.30","1,307.70","1,338.00","1,285.90","1,310.50","1,312.20","1,318.22",162472,214174591.7,10338.0,55377.0,34.08
BBTC,EQ,04-Jun-2021,"1,292.55","1,297.60","1,310.00","1,277.05","1,280.00","1,282.30","1,291.63",52137,67341480.25,3879.0,23725.0,45.51
BBTC,EQ,03-Jun-2021,"1,298.15","1,309.00","1,321.55","1,290.00","1,291.00","1,292.55","1,306.49",64107,83754975.3,4535.0,25428.0,39.66
BBTC,EQ,02-Jun-2021,"1,301.15","1,301.15","1,305.00","1,287.15","1,305.00","1,298.15","1,295.06",54874,71064947.35,4311.0,19994.0,36.44
BBTC,EQ,01-Jun-2021,"1,303.25","1,316.40","1,327.35","1,283.85","1,305.60","1,301.15","1,304.87",105870,138146785.9,8709.0,39436.0,37.25
BBTC,EQ,31-May-2021,"1,284.15","1,294.60","1,328.00","1,292.00","1,308.00","1,303.25","1,312.14",166500,218471654.4,10353.0,60447.0,36.3
BBTC,EQ,28-May-2021,"1,337.55","1,330.00","1,340.00","1,276.00","1,282.00","1,284.15","1,302.28",166689,217075588.9,11410.0,63043.0,37.82
BBTC,EQ,27-May-2021,"1,323.40","1,341.90","1,362.20","1,312.10","1,325.00","1,337.55","1,338.72",561559,751767546.05,34444.0,167058.0,29.75
BBTC,EQ,26-May-2021,"1,223.75","1,226.00","1,335.00","1,225.25","1,334.20","1,323.40","1,298.12",1031157,1338566698.45,51079.0,232572.0,22.55
BBTC,EQ,25-May-2021,"1,217.70","1,225.00","1,247.00","1,220.00","1,220.00","1,223.75","1,232.36",124647,153609373.35,9544.0,45870.0,36.8
BBTC,EQ,24-May-2021,"1,201.75","1,211.30","1,232.00","1,195.70","1,219.00","1,217.70","1,219.62",105588,128776765.95,6764.0,28608.0,27.09
BBTC,EQ,21-May-2021,"1,191.05","1,199.40","1,235.00","1,192.20","1,202.85","1,201.75","1,215.33",115498,140367791.2,8115.0,35536.0,30.77
BBTC,EQ,20-May-2021,"1,201.55","1,201.55","1,215.05","1,185.65","1,197.00","1,191.05","1,200.45",41308,49588071.6,3105.0,17266.0,41.8
BBTC,EQ,19-May-2021,"1,194.35","1,196.00","1,231.70","1,191.65","1,198.00","1,201.55","1,214.31",109600,133088223.3,7536.0,20839.0,19.01
BBTC,EQ,18-May-2021,"1,194.90","1,210.00","1,215.00","1,190.00","1,196.00","1,194.35","1,200.53",38701,46461785.1,3732.0,17805.0,46.01
BBTC,EQ,17-May-2021,"1,205.25","1,217.70","1,225.05","1,189.85","1,198.00","1,194.90","1,203.07",53846,64780411.05,4397.0,19394.0,36.02
BBTC,EQ,14-May-2021,"1,195.90","1,210.00","1,255.00","1,201.00","1,205.00","1,205.25","1,225.74",179520,220044697.75,13236.0,38259.0,21.31
BBTC,EQ,12-May-2021,"1,173.25","1,185.00","1,233.00","1,182.00","1,198.70","1,195.90","1,212.39",255797,310124585.0,23341.0,67097.0,26.23
BBTC,EQ,11-May-2021,"1,144.45","1,140.00","1,194.45","1,138.65","1,175.00","1,173.25","1,168.23",166405,194399576.0,11263.0,52167.0,31.35
BBTC,EQ,10-May-2021,"1,144.05","1,168.80","1,168.80","1,135.90","1,148.00","1,144.45","1,145.97",56844,65141290.95,4093.0,25552.0,44.95
BBTC,EQ,07-May-2021,"1,164.00","1,150.00","1,165.20","1,138.05","1,143.00","1,144.05","1,151.32",54155,62349739.05,3535.0,26739.0,49.37
BBTC,EQ,06-May-2021,"1,167.95","1,177.70","1,192.20","1,147.95","1,160.00","1,164.00","1,172.77",82114,96301040.4,5097.0,18962.0,23.09
BBTC,EQ,05-May-2021,"1,168.70","1,174.55","1,184.35","1,164.00","1,170.00","1,167.95","1,174.11",25656,30122889.35,2205.0,7743.0,30.18
BBTC,EQ,04-May-2021,"1,175.20","1,187.90","1,217.00","1,165.00","1,168.00","1,168.70","1,194.50",122642,146495308.9,7980.0,34285.0,27.96
BBTC,EQ,03-May-2021,"1,161.00","1,162.95","1,188.00","1,144.95","1,175.00","1,175.20","1,167.48",41285,48199275.35,3407.0,13900.0,33.67
BBTC,EQ,30-Apr-2021,"1,179.35","1,170.00","1,187.95","1,150.00","1,162.95","1,161.00","1,168.84",44533,52052037.15,3506.0,21246.0,47.71
BBTC,EQ,29-Apr-2021,"1,130.90","1,140.00","1,196.00","1,131.00","1,177.75","1,179.35","1,178.50",212827,250816650.5,10153.0,45309.0,21.29
BBTC,EQ,28-Apr-2021,"1,142.65","1,143.00","1,152.00","1,125.00","1,138.40","1,130.90","1,137.70",42414,48254277.75,3064.0,19196.0,45.26
BBTC,EQ,27-Apr-2021,"1,128.85","1,144.00","1,151.15","1,124.85","1,141.00","1,142.65","1,138.78",40009,45561264.8,3463.0,18832.0,47.07
BBTC,EQ,26-Apr-2021,"1,149.00","1,152.55","1,158.00","1,125.05","1,133.00","1,128.85","1,138.87",32552,37072425.65,3233.0,16134.0,49.56
BBTC,EQ,23-Apr-2021,"1,164.00","1,164.00","1,169.80","1,144.00","1,148.00","1,149.00","1,157.03",28455,32923151.1,2384.0,15410.0,54.16
BBTC,EQ,22-Apr-2021,"1,162.10","1,165.20","1,175.90","1,155.30","1,164.90","1,164.00","1,164.30",18836,21930726.2,1872.0,7054.0,37.45
BBTC,EQ,20-Apr-2021,"1,160.35","1,166.50","1,182.65","1,159.00","1,161.10","1,162.10","1,171.82",20446,23958974.9,2151.0,9213.0,45.06
BBTC,EQ,19-Apr-2021,"1,194.95","1,177.70","1,188.70","1,151.85","1,160.00","1,160.35","1,163.29",65326,75993147.6,2499.0,53082.0,81.26
BBTC,EQ,16-Apr-2021,"1,191.75","1,198.00","1,215.00","1,179.20","1,192.95","1,194.95","1,197.66",28343,33945168.75,2538.0,10984.0,38.75
BBTC,EQ,15-Apr-2021,"1,214.15","1,227.00","1,227.00","1,186.10","1,200.00","1,191.75","1,197.73",23056,27614759.65,2603.0,8928.0,38.72
BBTC,EQ,13-Apr-2021,"1,185.45","1,191.00","1,248.00","1,191.00","1,217.10","1,214.15","1,212.88",35590,43166443.45,2777.0,16920.0,47.54
BBTC,EQ,12-Apr-2021,"1,259.70","1,249.90","1,249.90","1,175.60","1,188.00","1,185.45","1,200.27",95494,114618665.4,8339.0,40573.0,42.49
BBTC,EQ,09-Apr-2021,"1,249.05","1,265.00","1,298.00","1,252.00","1,260.00","1,259.70","1,278.51",186108,237940499.4,15361.0,71446.0,38.39
BBTC,EQ,08-Apr-2021,"1,201.00","1,216.90","1,284.00","1,201.00","1,262.00","1,249.05","1,258.16",332835,418758289.25,24522.0,119928.0,36.03
BBTC,EQ,07-Apr-2021,"1,176.70","1,188.00","1,213.55","1,180.25","1,201.00","1,201.00","1,200.75",57007,68451001.95,7028.0,24982.0,43.82
BBTC,EQ,06-Apr-2021,"1,181.95","1,195.00","1,202.00","1,170.45","1,178.85","1,176.70","1,187.25",46177,54823627.85,3775.0,21061.0,45.61
BBTC,EQ,05-Apr-2021,"1,145.45","1,155.00","1,192.50","1,136.15","1,190.00","1,181.95","1,167.53",124937,145867834.0,7847.0,53179.0,42.56
BBTC,EQ,01-Apr-2021,"1,110.40","1,116.20","1,148.40","1,116.20","1,147.05","1,145.45","1,137.14",39852,45317114.2,4810.0,16792.0,42.14
BBTC,EQ,31-Mar-2021,"1,121.70","1,126.00","1,140.00","1,105.00","1,110.00","1,110.40","1,121.83",61526,69021705.9,6403.0,40092.0,65.16
BBTC,EQ,30-Mar-2021,"1,111.70","1,117.30","1,128.00","1,114.00","1,120.95","1,121.70","1,120.18",35399,39653240.05,3541.0,18296.0,51.69
BBTC,EQ,26-Mar-2021,"1,118.60","1,130.00","1,140.00","1,101.00","1,108.95","1,111.70","1,125.16",62398,70207746.75,4743.0,34838.0,55.83
BBTC,EQ,25-Mar-2021,"1,148.90","1,154.65","1,156.25","1,109.65","1,118.00","1,118.60","1,125.23",48415,54478043.3,3452.0,27989.0,57.81
BBTC,EQ,24-Mar-2021,"1,160.70","1,159.00","1,172.00","1,145.00","1,148.00","1,148.90","1,157.42",54810,63438150.2,3695.0,24603.0,44.89
BBTC,EQ,23-Mar-2021,"1,170.10","1,172.10","1,186.40","1,152.00","1,165.00","1,160.70","1,171.33",57333,67155771.35,3979.0,26232.0,45.75
BBTC,EQ,22-Mar-2021,"1,168.50","1,174.35","1,185.00","1,154.55","1,167.00","1,170.10","1,172.02",50376,59041766.75,4333.0,19358.0,38.43
BBTC,EQ,19-Mar-2021,"1,160.05","1,150.00","1,185.45","1,127.05","1,177.00","1,168.50","1,157.37",96024,111135378.1,5670.0,53145.0,55.35
BBTC,EQ,18-Mar-2021,"1,173.30","1,180.35","1,220.00","1,152.00","1,159.00","1,160.05","1,195.43",173798,207763103.2,12525.0,41948.0,24.14
BBTC,EQ,17-Mar-2021,"1,178.45","1,179.05","1,194.40","1,165.05","1,173.00","1,173.30","1,182.01",41143,48631510.5,4132.0,19052.0,46.31
BBTC,EQ,16-Mar-2021,"1,162.80","1,170.00","1,198.55","1,170.00","1,177.00","1,178.45","1,181.55",48569,57386471.1,4763.0,18584.0,38.26
BBTC,EQ,15-Mar-2021,"1,188.70","1,191.00","1,196.00","1,158.40","1,163.00","1,162.80","1,168.43",40163,46927715.8,3977.0,23148.0,57.64
BBTC,EQ,12-Mar-2021,"1,202.30","1,198.00","1,229.00","1,185.00","1,188.00","1,188.70","1,198.46",62998,75500297.9,4594.0,30323.0,48.13
BBTC,EQ,10-Mar-2021,"1,191.30","1,199.05","1,231.95","1,186.90","1,200.00","1,202.30","1,205.65",59847,72154633.95,3984.0,20980.0,35.06
BBTC,EQ,09-Mar-2021,"1,201.20","1,208.05","1,239.95","1,181.65","1,189.95","1,191.30","1,208.19",76125,91973173.75,4917.0,25712.0,33.78
BBTC,EQ,08-Mar-2021,"1,202.00","1,200.15","1,218.00","1,200.00","1,203.05","1,201.20","1,206.26",37254,44937897.2,3108.0,18349.0,49.25
BBTC,EQ,05-Mar-2021,"1,242.85","1,238.90","1,245.50","1,195.00","1,203.00","1,202.00","1,217.30",60893,74124749.2,4465.0,32557.0,53.47
BBTC,EQ,04-Mar-2021,"1,215.75","1,195.25","1,262.00","1,195.25","1,238.55","1,242.85","1,239.37",161974,200745642.25,12768.0,52076.0,32.15
BBTC,EQ,03-Mar-2021,"1,194.50","1,200.00","1,247.00","1,200.00","1,215.00","1,215.75","1,227.80",214619,263508177.55,12802.0,52645.0,24.53
BBTC,EQ,02-Mar-2021,"1,161.45","1,167.40","1,235.00","1,151.55","1,191.20","1,194.50","1,200.64",144567,173572394.95,11940.0,40732.0,28.18
BBTC,EQ,01-Mar-2021,"1,159.50","1,164.90","1,186.00","1,156.00","1,159.90","1,161.45","1,170.87",51082,59810144.3,3838.0,22946.0,44.92
BBTC,EQ,26-Feb-2021,"1,178.20","1,160.00","1,179.00","1,150.05","1,162.00","1,159.50","1,163.66",44466,51743268.05,3639.0,20569.0,46.26
BBTC,EQ,25-Feb-2021,"1,179.85","1,189.00","1,199.95","1,166.00","1,179.00","1,178.20","1,186.47",44160,52394494.7,3279.0,18833.0,42.65
BBTC,EQ,24-Feb-2021,"1,152.55","1,165.00","1,234.40","1,165.00","1,180.00","1,179.85","1,198.81",89701,107534013.65,6630.0,28243.0,31.49
BBTC,EQ,23-Feb-2021,"1,161.30","1,165.00","1,178.70","1,150.00","1,158.50","1,152.55","1,162.15",42427,49306536.65,3335.0,15711.0,37.03
BBTC,EQ,22-Feb-2021,"1,192.25","1,196.95","1,203.30","1,156.95","1,159.60","1,161.30","1,176.26",37007,43529974.85,3825.0,18320.0,49.5
BBTC,EQ,19-Feb-2021,"1,183.60","1,191.50","1,219.00","1,184.75","1,188.05","1,192.25","1,202.21",71136,85520225.85,4739.0,20067.0,28.21
BBTC,EQ,18-Feb-2021,"1,191.85","1,197.00","1,212.00","1,180.00","1,190.00","1,183.60","1,197.66",83275,99735510.5,5393.0,26801.0,32.18
BBTC,EQ,17-Feb-2021,"1,200.65","1,199.75","1,208.95","1,190.00","1,191.00","1,191.85","1,196.79",33292,39843468.0,2571.0,17048.0,51.21
BBTC,EQ,16-Feb-2021,"1,207.45","1,205.00","1,218.90","1,189.40","1,201.60","1,200.65","1,205.67",43151,52025878.05,3734.0,20054.0,46.47
BBTC,EQ,15-Feb-2021,"1,241.30","1,235.00","1,235.05","1,201.00","1,206.05","1,207.45","1,218.34",51457,62691884.3,4595.0,30564.0,59.4
BBTC,EQ,12-Feb-2021,"1,246.70","1,252.95","1,264.25","1,235.95","1,239.00","1,241.30","1,249.60",30154,37680380.1,3446.0,14061.0,46.63
BBTC,EQ,11-Feb-2021,"1,246.70","1,249.70","1,268.00","1,241.05","1,246.00","1,246.70","1,253.58",39993,50134436.95,3357.0,18783.0,46.97
BBTC,EQ,10-Feb-2021,"1,239.90","1,247.90","1,261.95","1,235.00","1,249.60","1,246.70","1,249.37",41654,52041269.45,3461.0,14577.0,35.0
BBTC,EQ,09-Feb-2021,"1,231.30","1,235.95","1,248.80","1,233.25","1,240.60","1,239.90","1,241.51",34605,42962402.95,2852.0,21985.0,63.53
BBTC,EQ,08-Feb-2021,"1,251.35","1,260.00","1,269.90","1,222.20","1,228.45","1,231.30","1,243.20",64472,80151385.05,4931.0,42659.0,66.17
BBTC,EQ,05-Feb-2021,"1,273.15","1,279.55","1,285.00","1,247.00","1,250.00","1,251.35","1,263.44",39324,49683320.9,3309.0,23946.0,60.89
BBTC,EQ,04-Feb-2021,"1,253.70","1,257.00","1,284.00","1,255.00","1,280.00","1,273.15","1,270.90",54078,68727813.5,3602.0,29678.0,54.88
BBTC,EQ,03-Feb-2021,"1,262.40","1,267.95","1,274.00","1,244.45","1,251.00","1,253.70","1,257.73",42778,53803299.55,3174.0,10252.0,23.97
BBTC,EQ,02-Feb-2021,"1,239.70","1,250.00","1,271.00","1,245.00","1,264.90","1,262.40","1,258.72",43269,54463460.75,3541.0,21145.0,48.87
BBTC,EQ,01-Feb-2021,"1,205.45","1,205.50","1,253.95","1,205.50","1,250.00","1,239.70","1,231.71",54147,66693600.15,5635.0,25627.0,47.33
BBTC,EQ,29-Jan-2021,"1,206.30","1,218.00","1,228.00","1,192.90","1,213.00","1,205.45","1,215.74",25754,31310158.0,3220.0,11051.0,42.91
BBTC,EQ,28-Jan-2021,"1,217.20","1,204.00","1,217.00","1,194.20","1,208.50","1,206.30","1,205.91",26618,32098943.15,2394.0,9177.0,34.48
BBTC,EQ,27-Jan-2021,"1,232.55","1,227.60","1,236.00","1,215.00","1,218.00","1,217.20","1,222.95",24042,29402256.85,2236.0,11600.0,48.25
BBTC,EQ,25-Jan-2021,"1,242.80","1,248.95","1,257.50","1,225.35","1,230.10","1,232.55","1,240.65",44616,55352940.1,3835.0,14332.0,32.12
BBTC,EQ,22-Jan-2021,"1,254.35","1,247.00","1,273.00","1,240.00","1,246.85","1,242.80","1,255.08",56777,71259548.05,4167.0,16051.0,28.27
BBTC,EQ,21-Jan-2021,"1,267.55","1,277.80","1,280.50","1,252.00","1,258.80","1,254.35","1,265.69",47553,60187514.65,3054.0,24826.0,52.21
BBTC,EQ,20-Jan-2021,"1,264.75","1,258.00","1,286.00","1,258.00","1,270.10","1,267.55","1,273.25",33329,42436226.7,2393.0,11942.0,35.83
BBTC,EQ,19-Jan-2021,"1,250.35","1,264.90","1,279.00","1,257.00","1,265.00","1,264.75","1,267.85",38281,48534617.25,3016.0,13634.0,35.62
BBTC,EQ,18-Jan-2021,"1,286.35","1,282.05","1,298.70","1,247.00","1,253.00","1,250.35","1,262.29",71611,90393827.0,5244.0,33700.0,47.06
BBTC,EQ,15-Jan-2021,"1,305.75","1,312.00","1,313.00","1,283.00","1,283.35","1,286.35","1,292.21",44905,58026589.65,2997.0,21419.0,47.7
BBTC,EQ,14-Jan-2021,"1,298.50","1,304.55","1,323.05","1,299.00","1,308.00","1,305.75","1,312.43",60618,79556812.3,4075.0,18190.0,30.01
BBTC,EQ,13-Jan-2021,"1,316.70","1,320.00","1,327.65","1,287.00","1,298.85","1,298.50","1,306.32",108386,141586354.2,4912.0,36865.0,34.01
BBTC,EQ,12-Jan-2021,"1,288.65","1,285.95","1,334.80","1,280.55","1,320.00","1,316.70","1,318.30",204202,269200160.1,10969.0,68750.0,33.67
BBTC,EQ,11-Jan-2021,"1,288.30","1,296.95","1,309.90","1,280.50","1,288.00","1,288.65","1,294.25",53093,68715448.95,3548.0,19297.0,36.35
BBTC,EQ,08-Jan-2021,"1,292.60","1,296.00","1,314.90","1,278.10","1,286.55","1,288.30","1,299.04",129113,167722439.25,6817.0,84545.0,65.48
BBTC,EQ,07-Jan-2021,"1,302.95","1,318.00","1,330.00","1,290.00","1,295.10","1,292.60","1,305.89",145877,190498619.2,7190.0,65126.0,44.64
BBTC,EQ,06-Jan-2021,"1,296.00","1,299.95","1,354.70","1,292.00","1,301.20","1,302.95","1,326.74",265264,351935658.85,15188.0,76859.0,28.97
BBTC,EQ,05-Jan-2021,"1,297.25","1,290.30","1,312.85","1,280.90","1,295.85","1,296.00","1,298.66",41031,53285198.45,3222.0,14408.0,35.11
BBTC,EQ,04-Jan-2021,"1,304.75","1,313.60","1,322.80","1,280.00","1,295.60","1,297.25","1,300.16",47320,61523651.7,3326.0,22073.0,46.65
BBTC,EQ,01-Jan-2021,"1,298.05","1,296.00","1,321.65","1,296.00","1,306.00","1,304.75","1,309.13",60813,79612364.2,5412.0,23090.0,37.97
BBTC,EQ,31-Dec-2020,"1,294.45","1,294.95","1,327.55","1,290.10","1,293.00","1,298.05","1,307.30",84532,110508985.1,5218.0,24776.0,29.31
BBTC,EQ,30-Dec-2020,"1,293.05","1,302.00","1,302.00","1,274.95","1,297.00","1,294.45","1,288.12",33650,43345276.2,2774.0,12142.0,36.08
BBTC,EQ,29-Dec-2020,"1,306.50","1,315.00","1,316.00","1,285.05","1,298.95","1,293.05","1,298.24",43935,57038144.55,3255.0,18949.0,43.13
BBTC,EQ,28-Dec-2022,913.75,918.25,919.95,908.85,914.00,915.65,914.93,21916,20051612.15,1980.0,11220.0,51.2
BBTC,EQ,27-Dec-2022,912.15,916.75,924.90,910.05,915.00,913.75,915.50,18742,17158232.75,2440.0,7240.0,38.63
BBTC,EQ,26-Dec-2022,898.95,900.15,917.00,892.50,911.90,912.15,907.65,25785,23403789.15,3352.0,10923.0,42.36
BBTC,EQ,23-Dec-2022,925.00,919.95,925.45,891.00,898.05,898.95,905.40,61926,56067821.5,8150.0,32110.0,51.85
BBTC,EQ,22-Dec-2022,947.55,953.00,960.05,915.20,924.70,925.00,929.43,50580,47010537.0,4440.0,24113.0,47.67
BBTC,EQ,21-Dec-2022,975.35,980.25,984.90,944.00,947.15,947.55,962.45,51845,49898072.05,3642.0,24935.0,48.1
BBTC,EQ,20-Dec-2022,996.50,996.50,999.60,970.15,973.05,975.35,979.27,41494,40633851.7,4121.0,19370.0,46.68
BBTC,EQ,19-Dec-2022,966.20,972.00,"1,007.40",969.45,997.00,996.50,992.02,105010,104171872.6,7402.0,32854.0,31.29
BBTC,EQ,16-Dec-2022,977.85,980.00,"1,005.00",957.60,969.95,966.20,976.54,145295,141885757.35,10353.0,71873.0,49.47
BBTC,EQ,15-Dec-2022,980.10,985.85,"1,005.90",973.00,983.60,977.85,988.59,72351,71525341.05,4999.0,28125.0,38.87
BBTC,EQ,14-Dec-2022,986.20,982.80,994.00,975.00,979.95,980.10,985.77,19726,19445288.4,1853.0,9734.0,49.35
BBTC,EQ,13-Dec-2022,985.05,992.00,"1,001.65",975.25,982.80,986.20,987.94,38912,38442769.45,3881.0,19724.0,50.69
BBTC,EQ,12-Dec-2022,984.95,980.00,"1,005.00",979.85,984.25,985.05,989.58,35921,35546760.25,4176.0,15625.0,43.5
BBTC,EQ,09-Dec-2022,"1,005.85","1,010.85","1,013.10",972.20,987.80,984.95,990.13,49391,48903672.4,4544.0,21078.0,42.68
BBTC,EQ,08-Dec-2022,992.80,996.85,"1,024.90",991.55,"1,011.00","1,005.85","1,011.56",61253,61961203.05,4554.0,22292.0,36.39
BBTC,EQ,07-Dec-2022,"1,015.25","1,022.90","1,029.70",986.45,992.00,992.80,"1,009.81",58396,58968864.45,3898.0,36356.0,62.26
BBTC,EQ,06-Dec-2022,"1,036.10","1,029.00","1,044.05","1,005.10","1,015.05","1,015.25","1,023.02",90196,92272491.15,6237.0,38285.0,42.45
BBTC,EQ,05-Dec-2022,"1,005.05","1,019.00","1,048.00","1,002.00","1,034.00","1,036.10","1,029.11",197623,203375887.4,11460.0,82536.0,41.76
BBTC,EQ,02-Dec-2022,"1,003.30","1,007.70","1,012.70",992.00,"1,005.00","1,005.05","1,001.42",99016,99156455.8,5033.0,33113.0,33.44
BBTC,EQ,01-Dec-2022,961.00,969.40,"1,020.00",965.35,"1,000.00","1,003.30","1,001.80",461588,462419826.55,19116.0,130993.0,28.38
BBTC,EQ,30-Nov-2022,960.25,964.80,985.00,955.50,959.10,961.00,970.45,155145,150560750.2,8615.0,42528.0,27.41
BBTC,EQ,29-Nov-2022,914.15,915.05,976.95,915.05,957.30,960.25,961.92,417467,401570295.25,20149.0,81201.0,19.45
BBTC,EQ,28-Nov-2022,918.65,918.70,922.90,910.00,915.00,914.15,914.95,20882,19105992.1,1702.0,13161.0,63.03
BBTC,EQ,25-Nov-2022,917.15,920.00,926.05,914.00,918.00,918.65,919.29,20685,19015587.2,1243.0,14968.0,72.36
BBTC,EQ,24-Nov-2022,913.50,913.50,931.00,908.05,918.00,917.15,919.54,23388,21506152.2,3164.0,11001.0,47.04
BBTC,EQ,23-Nov-2022,922.20,924.00,937.35,903.10,913.85,913.50,922.80,30582,28220966.5,2272.0,14080.0,46.04
BBTC,EQ,22-Nov-2022,927.50,929.05,942.70,916.20,923.30,922.20,928.51,42987,39913830.95,3911.0,14947.0,34.77
BBTC,EQ,21-Nov-2022,903.05,907.60,945.00,900.70,929.00,927.50,929.13,85182,79145574.2,7532.0,22194.0,26.05
BBTC,EQ,18-Nov-2022,907.75,910.00,915.00,898.80,902.00,903.05,904.72,12699,11488977.55,1715.0,7320.0,57.64
BBTC,EQ,17-Nov-2022,921.25,921.25,926.70,904.05,908.90,907.75,911.97,19574,17850937.95,2863.0,10242.0,52.32
BBTC,EQ,16-Nov-2022,935.35,936.00,941.35,916.00,919.00,921.25,927.33,21351,19799398.2,2270.0,11590.0,54.28
BBTC,EQ,15-Nov-2022,944.95,943.00,949.50,930.05,936.05,935.35,940.59,19222,18080098.45,1667.0,11103.0,57.76
BBTC,EQ,14-Nov-2022,945.15,945.15,962.80,929.65,942.50,944.95,949.08,51990,49342916.65,6966.0,21499.0,41.35
BBTC,EQ,11-Nov-2022,937.85,941.25,975.00,940.05,942.00,945.15,946.95,35222,33353373.2,4225.0,17157.0,48.71
BBTC,EQ,10-Nov-2022,963.00,960.00,961.10,935.00,937.85,937.85,944.84,34170,32285051.65,2645.0,14860.0,43.49
BBTC,EQ,09-Nov-2022,926.15,935.10,977.00,925.00,962.00,963.00,961.13,266124,255780116.0,18072.0,73506.0,27.62
BBTC,EQ,07-Nov-2022,877.85,888.00,957.00,888.00,925.00,926.15,937.18,470873,441292539.45,25342.0,88077.0,18.71
BBTC,EQ,04-Nov-2022,870.35,870.35,879.35,869.30,877.40,877.85,874.02,14871,12997492.55,1565.0,8299.0,55.81
BBTC,EQ,03-Nov-2022,875.35,874.90,879.00,868.05,870.00,870.35,872.71,14708,12835880.8,1554.0,8984.0,61.08
BBTC,EQ,02-Nov-2022,875.85,873.25,883.55,870.00,878.00,875.35,876.74,19346,16961373.05,2575.0,9632.0,49.79
BBTC,EQ,01-Nov-2022,873.25,876.10,879.85,871.00,873.00,875.85,875.17,13837,12109698.1,1365.0,7412.0,53.57
BBTC,EQ,31-Oct-2022,881.70,884.30,884.85,871.00,875.00,873.25,876.96,18485,16210685.8,2003.0,11273.0,60.98
BBTC,EQ,28-Oct-2022,876.60,875.95,885.00,873.00,884.00,881.70,880.09,17522,15420861.75,2502.0,9771.0,55.76
BBTC,EQ,27-Oct-2022,862.70,863.95,879.00,863.95,878.00,876.60,871.80,22885,19951237.75,2261.0,10772.0,47.07
BBTC,EQ,25-Oct-2022,876.95,856.00,878.95,856.00,863.00,862.70,864.14,84107,72680365.85,6357.0,27608.0,32.82
BBTC,EQ,24-Oct-2022,893.80,894.05,894.10,864.35,879.00,876.95,875.93,38849,34028827.95,2500.0,24815.0,63.88
BBTC,EQ,21-Oct-2022,895.85,900.00,904.00,890.15,892.40,893.80,896.90,17715,15888577.5,1415.0,9122.0,51.49
BBTC,EQ,20-Oct-2022,896.05,892.05,905.00,892.00,895.00,895.85,896.54,24867,22294228.6,1709.0,11946.0,48.04
BBTC,EQ,19-Oct-2022,905.95,906.00,909.40,893.95,896.45,896.05,901.50,11724,10569145.9,1506.0,6196.0,52.85
BBTC,EQ,18-Oct-2022,897.10,895.00,908.90,895.00,899.00,905.95,904.98,24545,22212777.1,1973.0,8089.0,32.96
BBTC,EQ,17-Oct-2022,900.00,904.00,906.60,891.10,898.00,897.10,897.75,48212,43282235.35,3261.0,34905.0,72.4
BBTC,EQ,14-Oct-2022,900.50,909.90,918.50,896.75,899.00,900.00,908.35,22302,20258032.2,2612.0,10115.0,45.35
BBTC,EQ,13-Oct-2022,903.90,903.90,909.85,898.00,898.00,900.50,901.85,19276,17384032.1,1917.0,8901.0,46.18
BBTC,EQ,12-Oct-2022,909.85,914.40,933.00,895.05,903.00,903.90,913.82,141394,129207975.35,12569.0,24713.0,17.48
BBTC,EQ,11-Oct-2022,924.45,924.45,930.00,907.00,913.00,909.85,919.58,24731,22742117.15,2120.0,12082.0,48.85
BBTC,EQ,10-Oct-2022,934.60,929.00,947.95,920.90,924.05,924.45,927.62,26436,24522612.15,1918.0,12875.0,48.7
BBTC,EQ,07-Oct-2022,942.25,943.35,945.00,929.10,940.00,934.60,936.71,28905,27075571.3,2145.0,12895.0,44.61
BBTC,EQ,06-Oct-2022,921.35,920.00,947.00,920.00,941.20,942.25,939.48,59982,56352070.25,3910.0,29486.0,49.16
BBTC,EQ,04-Oct-2022,910.70,917.00,929.00,917.00,923.70,921.35,922.77,26741,24675891.95,2414.0,11214.0,41.94
BBTC,EQ,03-Oct-2022,916.15,916.40,926.05,907.70,909.00,910.70,915.92,32705,29955015.25,3157.0,16097.0,49.22
BBTC,EQ,30-Sep-2022,915.25,912.00,927.00,910.55,917.60,916.15,918.51,22633,20788732.2,2662.0,8293.0,36.64
BBTC,EQ,29-Sep-2022,913.75,918.35,930.45,914.00,916.90,915.25,921.46,20512,18901086.85,2796.0,5448.0,26.56
BBTC,EQ,28-Sep-2022,923.55,919.00,931.90,909.90,911.00,913.75,923.67,44313,40930491.35,4604.0,9174.0,20.7
BBTC,EQ,27-Sep-2022,920.00,927.00,935.20,913.30,920.25,923.55,925.24,33764,31239838.8,3639.0,12181.0,36.08
BBTC,EQ,26-Sep-2022,940.65,927.10,943.50,914.95,914.95,920.00,923.89,48201,44532657.65,3973.0,23650.0,49.07
BBTC,EQ,23-Sep-2022,975.70,978.00,979.85,935.00,938.70,940.65,951.47,48378,46030443.2,4168.0,25253.0,52.2
BBTC,EQ,22-Sep-2022,964.20,955.00,982.00,954.55,976.00,975.70,967.69,57437,55581126.0,3561.0,26839.0,46.73
BBTC,EQ,21-Sep-2022,953.50,956.00,978.90,950.80,960.25,964.20,965.19,94838,91536387.9,6000.0,31495.0,33.21
BBTC,EQ,20-Sep-2022,940.55,949.40,986.90,945.25,957.00,953.50,964.96,78447,75698030.4,5925.0,23148.0,29.51
BBTC,EQ,19-Sep-2022,968.90,973.00,987.95,935.00,937.00,940.55,958.84,60409,57922409.85,4871.0,27321.0,45.23
BBTC,EQ,16-Sep-2022,"1,008.15","1,000.55","1,028.80",957.05,971.95,968.90,998.98,159161,158998755.05,11250.0,61792.0,38.82
BBTC,EQ,15-Sep-2022,967.80,984.00,"1,040.85",974.45,"1,002.50","1,008.15","1,013.76",513412,520478854.95,28847.0,142141.0,27.69
BBTC,EQ,14-Sep-2022,929.05,922.70,989.95,918.55,974.00,967.80,965.63,339309,327646701.25,17477.0,102506.0,30.21
BBTC,EQ,13-Sep-2022,926.15,928.05,940.00,922.20,930.00,929.05,930.48,40706,37876004.9,2263.0,20020.0,49.18
BBTC,EQ,12-Sep-2022,910.45,908.35,943.25,908.35,926.00,926.15,931.34,83558,77820997.9,4093.0,41478.0,49.64
BBTC,EQ,09-Sep-2022,915.10,920.00,921.05,908.20,910.05,910.45,913.28,20884,19072962.9,1497.0,13506.0,64.67
BBTC,EQ,08-Sep-2022,914.35,921.00,923.05,912.35,916.50,915.10,918.25,21177,19445798.45,2054.0,10402.0,49.12
BBTC,EQ,07-Sep-2022,909.85,909.85,927.95,907.20,915.00,914.35,916.88,30260,27744858.95,2864.0,12090.0,39.95
BBTC,EQ,06-Sep-2022,920.45,924.00,929.45,905.00,907.95,909.85,915.13,43413,39728352.05,3238.0,21526.0,49.58
BBTC,EQ,05-Sep-2022,907.05,909.90,948.25,904.90,919.00,920.45,929.47,145083,134850630.85,11167.0,39218.0,27.03
BBTC,EQ,02-Sep-2022,907.10,908.00,918.85,905.05,908.20,907.05,910.48,25370,23098754.75,2222.0,9076.0,35.77
BBTC,EQ,01-Sep-2022,908.75,905.00,917.70,905.00,905.15,907.10,911.38,25727,23447122.75,2150.0,9079.0,35.29
BBTC,EQ,30-Aug-2022,896.30,898.50,920.00,898.50,912.00,908.75,910.43,38982,35490189.45,2787.0,20365.0,52.24
BBTC,EQ,29-Aug-2022,904.25,891.00,912.30,890.15,899.90,896.30,899.40,34254,30808134.9,2843.0,18023.0,52.62
BBTC,EQ,26-Aug-2022,909.35,914.30,919.70,902.00,905.35,904.25,910.04,28532,25965214.1,2387.0,14083.0,49.36
BBTC,EQ,25-Aug-2022,906.85,911.00,919.45,906.35,909.10,909.35,914.27,38103,34836508.7,2853.0,20513.0,53.84
BBTC,EQ,24-Aug-2022,901.80,915.00,928.00,904.00,908.85,906.85,914.96,75153,68761730.45,4388.0,20532.0,27.32
BBTC,EQ,23-Aug-2022,903.50,903.95,911.85,898.15,904.70,901.80,903.68,22417,20257739.1,1962.0,10620.0,47.37
BBTC,EQ,22-Aug-2022,899.70,899.70,922.00,895.35,905.00,903.50,909.42,44564,40527586.0,3344.0,19167.0,43.01
BBTC,EQ,19-Aug-2022,892.15,896.90,911.05,895.40,900.00,899.70,902.53,57134,51565420.95,3912.0,23777.0,41.62
BBTC,EQ,18-Aug-2022,920.55,922.00,929.70,888.35,892.60,892.15,901.20,107378,96768823.65,5246.0,68734.0,64.01
BBTC,EQ,17-Aug-2022,910.30,914.95,935.80,911.30,920.55,920.55,924.80,34745,32132349.0,3845.0,15683.0,45.14
BBTC,EQ,16-Aug-2022,906.90,900.05,916.50,900.05,913.70,910.30,907.50,34168,31007294.8,3032.0,14059.0,41.15
BBTC,EQ,12-Aug-2022,915.45,918.00,919.00,899.65,904.95,906.90,912.91,33923,30968752.25,2526.0,22255.0,65.6
BBTC,EQ,11-Aug-2022,912.15,916.00,927.95,912.55,914.00,915.45,918.00,30046,27582204.95,2522.0,18870.0,62.8
BBTC,EQ,10-Aug-2022,927.15,934.60,934.60,908.95,908.95,912.15,919.23,29497,27114458.9,2410.0,20052.0,67.98
BBTC,EQ,08-Aug-2022,946.35,946.30,948.80,926.00,928.00,927.15,932.82,30296,28260568.65,2392.0,19680.0,64.96
BBTC,EQ,05-Aug-2022,956.90,959.40,964.15,941.05,942.65,946.35,952.29,16719,15921263.35,1971.0,7701.0,46.06
BBTC,EQ,04-Aug-2022,953.10,962.45,963.10,942.95,956.00,956.90,956.27,12736,12179038.0,1403.0,6441.0,50.57
BBTC,EQ,03-Aug-2022,961.75,966.50,972.05,948.10,954.25,953.10,959.18,20768,19920281.5,2268.0,9319.0,44.87
BBTC,EQ,02-Aug-2022,958.20,962.50,997.00,956.20,958.00,961.75,972.70,70845,68910719.3,7059.0,23609.0,33.32
BBTC,EQ,01-Aug-2022,950.60,950.60,967.90,946.00,958.85,958.20,960.41,25641,24625888.6,3333.0,9879.0,38.53
BBTC,EQ,29-Jul-2022,938.80,946.00,964.50,944.30,953.00,950.60,952.15,31361,29860449.2,3481.0,12676.0,40.42
BBTC,EQ,28-Jul-2022,935.15,937.05,949.00,932.00,941.00,938.80,940.10,25199,23689553.15,2826.0,9130.0,36.23
BBTC,EQ,27-Jul-2022,938.30,942.95,945.00,927.90,935.95,935.15,936.06,17775,16638427.45,2549.0,6510.0,36.62
BBTC,EQ,26-Jul-2022,946.25,945.00,949.00,935.55,936.15,938.30,942.50,11672,11000886.8,1603.0,5125.0,43.91
BBTC,EQ,25-Jul-2022,945.45,945.40,950.35,935.40,947.80,946.25,944.91,17530,16564312.65,2291.0,7931.0,45.24
BBTC,EQ,22-Jul-2022,937.20,938.00,960.90,938.00,944.95,945.45,951.41,36046,34294355.4,3056.0,16229.0,45.02
BBTC,EQ,21-Jul-2022,939.75,945.00,951.55,926.95,943.00,937.20,941.06,24560,23112412.75,2435.0,13089.0,53.29
BBTC,EQ,20-Jul-2022,940.15,935.15,954.00,935.15,945.90,939.75,944.84,15892,15015374.75,2195.0,7823.0,49.23
BBTC,EQ,19-Jul-2022,931.65,931.65,959.95,926.75,939.00,940.15,943.67,39209,37000175.95,3980.0,11140.0,28.41
BBTC,EQ,18-Jul-2022,918.90,929.95,937.55,910.00,932.05,931.65,929.57,23389,21741736.45,2401.0,10554.0,45.12
BBTC,EQ,15-Jul-2022,930.20,930.00,940.00,914.90,919.00,918.90,927.50,37537,34815532.95,3279.0,16040.0,42.73
BBTC,EQ,14-Jul-2022,929.30,931.00,945.00,927.00,927.00,930.20,935.16,19003,17770925.15,2291.0,9365.0,49.28
BBTC,EQ,13-Jul-2022,933.80,940.00,947.40,926.00,932.55,929.30,937.08,15062,14114234.5,1829.0,8500.0,56.43
BBTC,EQ,12-Jul-2022,956.20,950.00,954.75,930.00,940.00,933.80,941.61,22740,21412204.65,2170.0,11359.0,49.95
BBTC,EQ,11-Jul-2022,951.10,948.00,961.00,942.00,954.00,956.20,954.71,21763,20777246.3,2340.0,9674.0,44.45
BBTC,EQ,08-Jul-2022,972.00,976.90,978.30,948.60,953.00,951.10,960.40,34066,32716851.25,3138.0,14003.0,41.11
BBTC,EQ,07-Jul-2022,981.60,993.00,"1,005.00",963.05,968.00,972.00,985.64,73467,72412349.3,6180.0,16294.0,22.18
BBTC,EQ,06-Jul-2022,923.25,916.05,987.00,915.05,984.15,981.60,962.45,104808,100872094.8,9001.0,28445.0,27.14
BBTC,EQ,05-Jul-2022,936.50,946.00,967.00,916.55,919.20,923.25,948.73,73262,69505865.05,7110.0,19197.0,26.2
BBTC,EQ,04-Jul-2022,920.05,934.00,941.00,912.65,936.75,936.50,931.33,26970,25117914.6,3244.0,10606.0,39.33
BBTC,EQ,01-Jul-2022,903.25,891.00,924.00,891.00,924.00,920.05,914.61,20192,18467795.95,2689.0,10389.0,51.45
BBTC,EQ,30-Jun-2022,905.75,903.50,913.85,898.00,905.00,903.25,904.25,14012,12670351.05,1812.0,7576.0,54.07
BBTC,EQ,29-Jun-2022,919.95,905.00,915.30,903.35,904.80,905.75,908.85,13153,11954127.25,2353.0,6514.0,49.52
BBTC,EQ,28-Jun-2022,914.25,915.00,924.00,901.45,924.00,919.95,913.02,10747,9812265.3,1430.0,5114.0,47.59
BBTC,EQ,27-Jun-2022,903.15,912.60,919.10,905.00,916.00,914.25,915.28,12599,11531642.7,1757.0,5898.0,46.81
BBTC,EQ,24-Jun-2022,898.05,890.05,925.75,890.05,900.00,903.15,910.92,37864,34491030.85,3224.0,16803.0,44.38
BBTC,EQ,23-Jun-2022,886.85,877.05,901.95,877.05,899.00,898.05,892.30,13019,11616885.6,1474.0,5791.0,44.48
BBTC,EQ,22-Jun-2022,893.60,886.00,894.05,871.75,886.00,886.85,885.04,13516,11962215.35,2115.0,6218.0,46.0
BBTC,EQ,21-Jun-2022,865.60,878.00,899.00,872.85,893.20,893.60,888.37,30539,27129889.1,4061.0,8591.0,28.13
BBTC,EQ,20-Jun-2022,863.15,864.95,876.50,851.95,870.00,865.60,864.46,25690,22207990.8,3140.0,10816.0,42.1
BBTC,EQ,17-Jun-2022,883.50,881.00,885.65,859.40,863.30,863.15,871.17,19002,16553955.9,2641.0,10385.0,54.65
BBTC,EQ,16-Jun-2022,904.60,912.65,914.05,875.00,879.90,883.50,897.44,31910,28637360.85,3589.0,14665.0,45.96
BBTC,EQ,15-Jun-2022,909.55,910.00,928.00,901.10,904.90,904.60,912.48,22244,20297195.45,3545.0,6901.0,31.02
BBTC,EQ,14-Jun-2022,916.15,918.00,940.00,902.45,907.00,909.55,918.35,26299,24151561.55,3526.0,8891.0,33.81
BBTC,EQ,13-Jun-2022,929.60,921.55,924.85,901.00,920.00,916.15,913.25,16537,15102424.85,2132.0,8774.0,53.06
BBTC,EQ,10-Jun-2022,943.35,940.00,940.00,927.00,927.00,929.60,931.70,13196,12294665.0,1589.0,7882.0,59.73
BBTC,EQ,09-Jun-2022,953.85,944.30,952.80,940.10,942.50,943.35,946.55,17104,16189732.3,2152.0,6193.0,36.21
BBTC,EQ,08-Jun-2022,963.20,968.05,968.05,945.85,951.00,953.85,955.79,29623,28313420.6,4030.0,8149.0,27.51
BBTC,EQ,07-Jun-2022,992.35,989.85,990.00,955.90,963.80,963.20,971.98,17067,16588756.1,2358.0,6694.0,39.22
BBTC,EQ,06-Jun-2022,988.35,985.05,998.45,966.45,992.00,992.35,983.76,26852,26415816.75,3241.0,7832.0,29.17
BBTC,EQ,03-Jun-2022,"1,002.00","1,007.05","1,021.00",982.90,987.00,988.35,"1,002.08",30743,30806853.45,2958.0,9326.0,30.34
BBTC,EQ,02-Jun-2022,995.40,986.05,"1,023.15",986.05,"1,000.00","1,002.00","1,007.59",80034,80641810.15,7133.0,17076.0,21.34
BBTC,EQ,01-Jun-2022,997.50,"1,019.00","1,019.00",990.00,994.70,995.40,"1,002.37",30002,30073200.55,2846.0,11647.0,38.82
BBTC,EQ,31-May-2022,978.05,"1,006.90","1,016.15",982.65,"1,009.00",997.50,"1,000.18",91554,91570214.15,7295.0,26267.0,28.69
BBTC,EQ,30-May-2022,965.95,975.00,986.00,966.65,978.50,978.05,977.37,26160,25568082.5,3322.0,9741.0,37.24
BBTC,EQ,27-May-2022,951.20,954.00,975.55,954.00,964.60,965.95,966.44,39821,38484588.65,3671.0,9074.0,22.79
BBTC,EQ,26-May-2022,954.30,957.95,969.90,940.15,949.85,951.20,952.49,33617,32019841.2,2754.0,13494.0,40.14
BBTC,EQ,25-May-2022,959.30,960.00,973.15,946.00,965.95,954.30,958.56,44005,42181395.1,3486.0,16323.0,37.09
BBTC,EQ,24-May-2022,971.55,975.70,975.70,948.00,954.10,959.30,960.53,34822,33447431.25,2840.0,12299.0,35.32
BBTC,EQ,23-May-2022,977.10,984.70,994.60,963.45,965.00,971.55,978.35,61140,59816014.15,3953.0,16097.0,26.33
BBTC,EQ,20-May-2022,918.85,934.90,991.15,931.05,979.30,977.10,973.76,170889,166404250.35,10383.0,25397.0,14.86
BBTC,EQ,19-May-2022,944.65,930.00,937.40,916.00,920.65,918.85,928.72,24661,22903078.6,1993.0,10292.0,41.73
BBTC,EQ,18-May-2022,945.35,953.00,962.00,941.75,948.10,944.65,951.14,46973,44677905.75,3496.0,16825.0,35.82
BBTC,EQ,17-May-2022,926.30,935.00,949.90,929.80,945.20,945.35,942.52,38596,36377552.45,2648.0,13616.0,35.28
BBTC,EQ,16-May-2022,918.70,925.25,938.00,910.30,933.50,926.30,925.35,51528,47681215.1,3282.0,13251.0,25.72
BBTC,EQ,13-May-2022,900.35,919.70,940.00,910.50,919.05,918.70,925.99,62305,57693894.25,5947.0,17148.0,27.52
BBTC,EQ,12-May-2022,936.60,934.00,934.00,893.90,906.00,900.35,911.46,63926,58266293.15,5831.0,19623.0,30.7
BBTC,EQ,11-May-2022,963.70,963.75,968.50,911.05,943.00,936.60,938.10,78195,73354383.25,6230.0,19245.0,24.61
BBTC,EQ,10-May-2022,986.75,990.00,"1,007.80",942.35,949.70,963.70,985.03,89825,88480046.55,7095.0,23633.0,26.31
BBTC,EQ,09-May-2022,"1,030.00","1,020.00","1,023.80",980.10,983.00,986.75,"1,002.44",82220,82420583.15,4994.0,20767.0,25.26
BBTC,EQ,06-May-2022,"1,009.70",990.00,"1,042.00",990.00,"1,031.00","1,030.00","1,020.56",301624,307824178.45,17557.0,62340.0,20.67
BBTC,EQ,05-May-2022,"1,001.90","1,031.90","1,034.00",972.00,"1,007.90","1,009.70","1,003.60",152046,152592758.65,8427.0,25831.0,16.99
BBTC,EQ,04-May-2022,978.65,981.00,"1,047.70",975.00,"1,001.90","1,001.90","1,026.14",722035,740909635.85,35800.0,90977.0,12.6
BBTC,EQ,02-May-2022,"1,002.95",995.00,"1,000.00",965.00,978.00,978.65,978.39,127356,124603233.2,6731.0,32469.0,25.49
BBTC,EQ,29-Apr-2022,"1,001.30","1,010.55","1,043.70",992.85,"1,010.00","1,002.95","1,022.76",355495,363586320.9,16625.0,70404.0,19.8
BBTC,EQ,28-Apr-2022,"1,096.40","1,099.00","1,117.00",991.25,"1,005.00","1,001.30","1,062.25",678810,721067914.3,34275.0,123405.0,18.18
BBTC,EQ,27-Apr-2022,"1,026.55","1,006.50","1,110.00","1,005.65","1,095.00","1,096.40","1,070.90",1639619,1755872766.1,88333.0,170661.0,10.41
BBTC,EQ,26-Apr-2022,942.90,958.70,"1,062.90",949.90,"1,018.00","1,026.55","1,024.77",1846642,1892376291.1,99815.0,187400.0,10.15
BBTC,EQ,25-Apr-2022,967.45,956.00,965.00,933.10,944.80,942.90,948.96,169291,160650354.95,11727.0,39020.0,23.05
BBTC,EQ,22-Apr-2022,906.30,906.30,998.00,901.80,965.00,967.45,969.48,870044,843491705.75,41178.0,156511.0,17.99
BBTC,EQ,21-Apr-2022,890.10,894.60,914.25,894.60,906.50,906.30,905.87,31944,28937165.15,2744.0,13239.0,41.44
BBTC,EQ,20-Apr-2022,891.50,899.00,902.05,871.25,895.95,890.10,894.56,40024,35803753.4,3557.0,20372.0,50.9
BBTC,EQ,19-Apr-2022,901.90,907.00,922.00,880.00,887.00,891.50,907.47,53465,48517793.05,5238.0,21380.0,39.99
BBTC,EQ,18-Apr-2022,927.15,920.55,928.55,895.10,903.00,901.90,905.61,59896,54242229.65,5418.0,30358.0,50.68
BBTC,EQ,13-Apr-2022,931.90,936.60,947.00,919.20,925.00,927.15,933.44,38357,35803823.5,3066.0,17197.0,44.83
BBTC,EQ,12-Apr-2022,952.30,941.25,958.00,919.50,929.05,931.90,933.70,42977,40127700.95,3200.0,16345.0,38.03
BBTC,EQ,11-Apr-2022,947.85,950.00,962.00,947.80,953.00,952.30,954.21,43130,41155114.3,3588.0,18923.0,43.87
BBTC,EQ,08-Apr-2022,943.30,938.35,956.75,934.75,948.00,947.85,945.12,42696,40352800.05,3831.0,17874.0,41.86
BBTC,EQ,07-Apr-2022,936.10,940.00,954.00,924.05,942.20,943.30,940.97,100174,94260448.7,6189.0,30031.0,29.98
BBTC,EQ,06-Apr-2022,925.95,922.00,952.00,915.00,941.00,936.10,939.65,63176,59363591.9,4635.0,26145.0,41.38
BBTC,EQ,05-Apr-2022,914.35,920.00,936.00,914.35,925.25,925.95,926.44,80348,74437382.45,5298.0,30152.0,37.53
BBTC,EQ,04-Apr-2022,887.60,892.05,920.00,892.05,914.00,914.35,907.79,122205,110936309.9,8121.0,51977.0,42.53
BBTC,EQ,01-Apr-2022,860.80,868.00,896.00,862.75,885.00,887.60,885.71,93259,82600126.15,5312.0,39220.0,42.05
BBTC,EQ,31-Mar-2022,872.05,879.50,884.35,855.50,860.00,860.80,868.89,81864,71130802.5,5193.0,40436.0,49.39
BBTC,EQ,30-Mar-2022,845.85,851.85,906.45,851.85,869.90,872.05,881.30,224520,197868371.9,13493.0,55669.0,24.79
BBTC,EQ,29-Mar-2022,872.50,872.50,883.90,839.90,843.50,845.85,859.01,129167,110955788.65,8364.0,81377.0,63.0
BBTC,EQ,28-Mar-2022,889.50,898.00,898.00,863.25,869.00,872.50,872.93,91942,80259243.4,7193.0,50095.0,54.49
BBTC,EQ,25-Mar-2022,899.10,905.00,906.70,885.20,892.00,889.50,894.01,59430,53131051.6,5385.0,28957.0,48.72
BBTC,EQ,24-Mar-2022,911.75,906.95,914.65,892.00,895.00,899.10,906.54,56533,51249388.55,4273.0,33741.0,59.68
BBTC,EQ,23-Mar-2022,933.15,943.95,944.90,906.20,907.00,911.75,925.65,58658,54296850.65,4754.0,32344.0,55.14
BBTC,EQ,22-Mar-2022,926.55,930.00,950.00,921.35,933.75,933.15,930.30,83137,77342194.5,7463.0,37683.0,45.33
BBTC,EQ,21-Mar-2022,935.15,950.00,957.40,921.00,923.50,926.55,941.26,79391,74727863.55,6947.0,30359.0,38.24
BBTC,EQ,17-Mar-2022,918.05,922.65,942.00,920.60,942.00,935.15,930.51,91400,85048280.4,7413.0,51483.0,56.33
BBTC,EQ,16-Mar-2022,902.70,907.25,928.00,906.95,918.00,918.05,916.55,68396,62688412.9,5930.0,35691.0,52.18
BBTC,EQ,15-Mar-2022,905.45,910.05,921.30,893.80,904.00,902.70,909.76,69377,63116446.2,6308.0,25327.0,36.51
BBTC,EQ,14-Mar-2022,922.55,922.55,930.15,899.60,907.40,905.45,915.87,76511,70074261.9,7618.0,44227.0,57.8
BBTC,EQ,11-Mar-2022,924.10,928.70,935.00,917.30,920.00,922.55,925.20,50651,46862176.15,5305.0,15854.0,31.3
BBTC,EQ,10-Mar-2022,909.10,920.00,940.00,917.45,925.00,924.10,930.19,48887,45474355.0,4705.0,20656.0,42.25
BBTC,EQ,09-Mar-2022,895.50,895.55,915.00,895.25,908.00,909.10,905.48,60948,55187391.15,5337.0,24390.0,40.02
BBTC,EQ,08-Mar-2022,878.20,880.00,899.95,872.95,893.00,895.50,886.91,72382,64196561.0,8206.0,26228.0,36.24
BBTC,EQ,07-Mar-2022,933.05,903.05,912.55,859.55,878.80,878.20,888.43,87314,77572021.3,10067.0,31660.0,36.26
BBTC,EQ,04-Mar-2022,954.20,957.00,957.00,923.15,934.85,933.05,942.48,57210,53919402.6,7455.0,19300.0,33.74
BBTC,EQ,03-Mar-2022,950.10,953.90,979.90,950.85,956.95,954.20,965.79,54069,52219251.7,7420.0,11955.0,22.11
BBTC,EQ,02-Mar-2022,957.70,935.05,965.45,935.05,949.15,950.10,955.59,52443,50113941.45,7988.0,13456.0,25.66
BBTC,EQ,28-Feb-2022,957.00,952.00,967.95,924.00,963.80,957.70,946.59,47094,44578556.25,6637.0,11010.0,23.38
BBTC,EQ,25-Feb-2022,903.00,915.00,965.00,915.00,959.75,957.00,941.15,84934,79935571.1,9980.0,31892.0,37.55
BBTC,EQ,24-Feb-2022,988.70,974.00,975.40,876.20,899.70,903.00,937.30,102964,96508319.0,11553.0,53613.0,52.07
BBTC,EQ,23-Feb-2022,963.55,968.10,"1,003.80",964.10,982.00,988.70,984.80,53602,52787291.65,6012.0,19001.0,35.45
BBTC,EQ,22-Feb-2022,986.80,978.95,984.30,962.00,962.00,963.55,970.48,43771,42478828.8,7005.0,20884.0,47.71
BBTC,EQ,21-Feb-2022,"1,008.10","1,008.10","1,012.70",980.00,981.05,986.80,998.34,45599,45523135.2,7242.0,18847.0,41.33
BBTC,EQ,18-Feb-2022,"1,012.70","1,010.00","1,028.00","1,003.05","1,006.05","1,008.10","1,014.83",42979,43616523.5,6651.0,9270.0,21.57
BBTC,EQ,17-Feb-2022,"1,018.90","1,029.95","1,034.90","1,008.60","1,018.25","1,012.70","1,021.61",33225,33942874.05,6529.0,9636.0,29.0
BBTC,EQ,16-Feb-2022,"1,024.15","1,033.00","1,039.90","1,012.00","1,028.40","1,018.90","1,024.51",32437,33232137.6,6247.0,12279.0,37.85
BBTC,EQ,15-Feb-2022,999.65,"1,004.65","1,039.85","1,000.00","1,031.00","1,024.15","1,013.98",40077,40637468.8,4487.0,15926.0,39.74
BBTC,EQ,14-Feb-2022,"1,050.65","1,039.95","1,040.20",995.00,"1,001.00",999.65,"1,014.78",32467,32946825.85,3712.0,20097.0,61.9
BBTC,EQ,11-Feb-2022,"1,072.25","1,061.00","1,069.05","1,045.00","1,046.00","1,050.65","1,056.14",23656,24984079.0,3738.0,10286.0,43.48
BBTC,EQ,10-Feb-2022,"1,054.45","1,058.00","1,077.50","1,057.45","1,072.00","1,072.25","1,068.14",26541,28349395.6,2536.0,10221.0,38.51
BBTC,EQ,09-Feb-2022,"1,061.80","1,070.10","1,089.45","1,050.00","1,052.00","1,054.45","1,064.60",56697,60359824.5,8298.0,21159.0,37.32
BBTC,EQ,08-Feb-2022,"1,085.50","1,086.00","1,094.70","1,049.40","1,065.00","1,061.80","1,066.30",30429,32446421.65,3585.0,11903.0,39.12
BBTC,EQ,07-Feb-2022,"1,105.50","1,110.90","1,110.90","1,075.10","1,085.05","1,085.50","1,088.26",30250,32919868.3,5416.0,9620.0,31.8
BBTC,EQ,04-Feb-2022,"1,095.75","1,095.05","1,124.00","1,092.55","1,107.00","1,105.50","1,109.00",33658,37326786.9,3633.0,10074.0,29.93
BBTC,EQ,03-Feb-2022,"1,116.45","1,124.60","1,136.00","1,089.25","1,095.00","1,095.75","1,112.98",59530,66255653.75,5346.0,22874.0,38.42
BBTC,EQ,02-Feb-2022,"1,113.65","1,115.05","1,133.85","1,105.00","1,118.00","1,116.45","1,120.83",63461,71128883.4,5180.0,25334.0,39.92
BBTC,EQ,01-Feb-2022,"1,088.60","1,100.00","1,117.80","1,083.30","1,108.00","1,113.65","1,103.93",55969,61785977.0,6081.0,26046.0,46.54
BBTC,EQ,31-Jan-2022,"1,087.50","1,081.25","1,104.75","1,075.20","1,087.00","1,088.60","1,089.76",33081,36050330.45,3500.0,13736.0,41.52
BBTC,EQ,28-Jan-2022,"1,068.05","1,078.00","1,102.90","1,075.00","1,080.00","1,087.50","1,090.08",29708,32384042.1,3758.0,11285.0,37.99
BBTC,EQ,27-Jan-2022,"1,085.80","1,050.00","1,080.25","1,050.00","1,069.70","1,068.05","1,066.21",31926,34039724.8,3929.0,11389.0,35.67
BBTC,EQ,25-Jan-2022,"1,023.65","1,023.65","1,099.90","1,013.20","1,074.90","1,085.80","1,076.63",129228,139131252.0,10845.0,39700.0,30.72
BBTC,EQ,24-Jan-2022,"1,080.30","1,080.30","1,089.50","1,016.15","1,020.00","1,023.65","1,048.29",50174,52596840.1,4519.0,27597.0,55.0
BBTC,EQ,21-Jan-2022,"1,106.75","1,097.10","1,118.15","1,069.65","1,084.00","1,080.30","1,093.75",54396,59495728.25,5112.0,24969.0,45.9
BBTC,EQ,20-Jan-2022,"1,137.30","1,141.80","1,149.10","1,097.30","1,107.00","1,106.75","1,123.14",59494,66820296.1,5371.0,27138.0,45.61
BBTC,EQ,19-Jan-2022,"1,098.40","1,092.00","1,167.00","1,088.80","1,136.00","1,137.30","1,139.37",165883,189001984.45,13552.0,58596.0,35.32
BBTC,EQ,18-Jan-2022,"1,121.50","1,116.00","1,142.00","1,093.00","1,095.05","1,098.40","1,116.84",37071,41402291.4,3308.0,14995.0,40.45
BBTC,EQ,17-Jan-2022,"1,100.30","1,100.30","1,136.00","1,100.30","1,118.00","1,121.50","1,123.52",94311,105959944.9,5567.0,43286.0,45.9
BBTC,EQ,14-Jan-2022,"1,108.00","1,113.25","1,115.00","1,089.95","1,099.85","1,100.30","1,103.59",28759,31738148.35,3138.0,15051.0,52.33
BBTC,EQ,13-Jan-2022,"1,119.10","1,120.00","1,128.00","1,103.30","1,108.00","1,108.00","1,115.61",31987,35685119.9,3081.0,16398.0,51.26
BBTC,EQ,12-Jan-2022,"1,116.10","1,126.00","1,127.80","1,111.10","1,115.50","1,119.10","1,118.27",25976,29048272.0,2157.0,12915.0,49.72
BBTC,EQ,11-Jan-2022,"1,094.70","1,088.00","1,141.00","1,087.60","1,121.40","1,116.10","1,125.17",170697,192063171.6,12867.0,37100.0,21.73
BBTC,EQ,10-Jan-2022,"1,099.90","1,099.90","1,114.90","1,084.90","1,099.00","1,094.70","1,098.02",51017,56017835.3,5129.0,22826.0,44.74
BBTC,EQ,07-Jan-2022,"1,087.85","1,089.00","1,116.00","1,089.00","1,100.00","1,099.90","1,102.63",42352,46698610.5,4333.0,12593.0,29.73
BBTC,EQ,06-Jan-2022,"1,091.20","1,084.90","1,099.70","1,081.00","1,089.00","1,087.85","1,087.86",27685,30117277.1,2395.0,14932.0,53.94
BBTC,EQ,05-Jan-2022,"1,097.80","1,091.20","1,108.00","1,085.55","1,086.05","1,091.20","1,096.20",36820,40362165.1,3149.0,18491.0,50.22
BBTC,EQ,04-Jan-2022,"1,111.60","1,117.20","1,117.20","1,094.00","1,096.00","1,097.80","1,105.57",22835,25245802.15,2258.0,12330.0,54.0
BBTC,EQ,03-Jan-2022,"1,109.45","1,119.45","1,131.65","1,106.05","1,113.00","1,111.60","1,115.65",28496,31791625.3,2107.0,14761.0,51.8
BBTC,EQ,31-Dec-2021,"1,118.30","1,129.90","1,129.95","1,089.90","1,110.00","1,109.45","1,112.67",43665,48584739.2,3342.0,21625.0,49.52
BBTC,EQ,30-Dec-2021,"1,101.95","1,109.30","1,129.00","1,101.70","1,120.50","1,118.30","1,116.20",74134,82748367.25,6281.0,28359.0,38.25
BBTC,EQ,29-Dec-2021,"1,076.35","1,076.05","1,117.95","1,068.00","1,104.00","1,101.95","1,095.66",54452,59661096.8,5887.0,22769.0,41.81
BBTC,EQ,28-Dec-2023,"1,524.05","1,523.95","1,549.70","1,500.55","1,507.00","1,510.20","1,522.52",286619,436382619.4,21889.0,78673.0,27.45
BBTC,EQ,27-Dec-2023,"1,468.70","1,468.65","1,572.55","1,441.90","1,510.00","1,524.05","1,498.28",574476,860726442.15,39881.0,183497.0,31.94
BBTC,EQ,26-Dec-2023,"1,328.40","1,330.55","1,499.00","1,322.40","1,464.00","1,468.70","1,445.54",680789,984109734.1,44038.0,206376.0,30.31
BBTC,EQ,22-Dec-2023,"1,328.95","1,323.50","1,352.95","1,311.00","1,323.00","1,328.40","1,335.06",55323,73859777.15,8497.0,14112.0,25.51
BBTC,EQ,21-Dec-2023,"1,272.95","1,269.00","1,336.10","1,259.30","1,323.15","1,328.95","1,302.28",90582,117963407.45,10534.0,27269.0,30.1
BBTC,EQ,20-Dec-2023,"1,345.70","1,352.40","1,361.90","1,266.10","1,269.15","1,272.95","1,314.78",86417,113619475.3,8887.0,36101.0,41.78
BBTC,EQ,19-Dec-2023,"1,344.95","1,356.95","1,362.05","1,333.55","1,347.00","1,345.70","1,347.25",102066,137508003.85,8731.0,40297.0,39.48
BBTC,EQ,18-Dec-2023,"1,379.10","1,385.70","1,385.70","1,340.65","1,345.00","1,344.95","1,354.74",108881,147505066.65,8273.0,59450.0,54.6
BBTC,EQ,15-Dec-2023,"1,362.00","1,371.95","1,393.00","1,369.45","1,372.00","1,379.10","1,380.94",63760,88048763.8,6391.0,33781.0,52.98
BBTC,EQ,14-Dec-2023,"1,370.45","1,383.70","1,384.00","1,355.10","1,365.00","1,362.00","1,374.12",55250,75920124.35,6025.0,24700.0,44.71
BBTC,EQ,13-Dec-2023,"1,340.30","1,350.00","1,389.55","1,342.40","1,371.00","1,370.45","1,365.14",89810,122603111.5,10229.0,28533.0,31.77
BBTC,EQ,12-Dec-2023,"1,383.25","1,395.70","1,395.70","1,335.10","1,339.00","1,340.30","1,359.96",70912,96437674.25,6807.0,38189.0,53.85
BBTC,EQ,11-Dec-2023,"1,362.55","1,379.90","1,398.20","1,367.20","1,385.00","1,383.25","1,386.32",65160,90332638.7,6125.0,29996.0,46.03
BBTC,EQ,08-Dec-2023,"1,382.80","1,376.00","1,403.00","1,350.00","1,365.40","1,362.55","1,369.88",115888,158752945.3,9984.0,52650.0,45.43
BBTC,EQ,07-Dec-2023,"1,377.35","1,384.40","1,393.00","1,374.95","1,384.00","1,382.80","1,382.60",39644,54811683.7,3840.0,14296.0,36.06
BBTC,EQ,06-Dec-2023,"1,398.45","1,409.00","1,414.80","1,368.60","1,378.95","1,377.35","1,386.58",77780,107848504.0,7128.0,37067.0,47.66
BBTC,EQ,05-Dec-2023,"1,415.30","1,419.95","1,425.60","1,390.00","1,400.05","1,398.45","1,405.78",60231,84671640.7,6289.0,29864.0,49.58
BBTC,EQ,04-Dec-2023,"1,412.35","1,439.00","1,449.70","1,403.10","1,415.90","1,415.30","1,422.02",109155,155221130.85,9841.0,47808.0,43.8
BBTC,EQ,01-Dec-2023,"1,360.65","1,370.00","1,433.70","1,370.00","1,412.00","1,412.35","1,418.30",294669,417930318.2,19619.0,75794.0,25.72
BBTC,EQ,30-Nov-2023,"1,393.75","1,402.95","1,409.05","1,356.10","1,374.80","1,360.65","1,373.88",77775,106853782.3,8687.0,35446.0,45.58
BBTC,EQ,29-Nov-2023,"1,401.75","1,404.95","1,427.25","1,386.05","1,399.00","1,393.75","1,405.22",70879,99600838.8,8069.0,25052.0,35.34
BBTC,EQ,28-Nov-2023,"1,443.20","1,435.00","1,435.00","1,385.00","1,390.00","1,401.75","1,406.00",178333,250735332.6,14692.0,56671.0,31.78
BBTC,EQ,24-Nov-2023,"1,432.95","1,441.00","1,484.95","1,431.05","1,446.00","1,443.20","1,447.67",82650,119650100.05,7147.0,19495.0,23.59
BBTC,EQ,23-Nov-2023,"1,453.45","1,456.00","1,472.65","1,426.00","1,439.00","1,432.95","1,445.10",100198,144795689.05,8567.0,34925.0,34.86
BBTC,EQ,22-Nov-2023,"1,470.30","1,475.00","1,519.95","1,442.35","1,453.70","1,453.45","1,476.96",152820,225709785.2,14208.0,39533.0,25.87
BBTC,EQ,21-Nov-2023,"1,480.30","1,490.00","1,499.00","1,462.00","1,466.00","1,470.30","1,480.45",89536,132553582.7,8450.0,25725.0,28.73
BBTC,EQ,20-Nov-2023,"1,484.00","1,489.60","1,525.00","1,464.00","1,483.00","1,480.30","1,495.85",227287,339986166.2,18287.0,56129.0,24.7
BBTC,EQ,17-Nov-2023,"1,489.70","1,489.70","1,527.00","1,452.05","1,485.00","1,484.00","1,492.64",374572,559100807.1,24184.0,81593.0,21.78
BBTC,EQ,16-Nov-2023,"1,438.90","1,444.00","1,503.00","1,443.95","1,486.55","1,489.70","1,481.76",273128,404711103.45,17360.0,86222.0,31.57
BBTC,EQ,15-Nov-2023,"1,453.80","1,470.00","1,481.20","1,425.55","1,437.00","1,438.90","1,456.96",113649,165581735.95,10241.0,35683.0,31.4
BBTC,EQ,13-Nov-2023,"1,481.95","1,494.75","1,515.00","1,440.05","1,461.95","1,453.80","1,472.39",255047,375528444.05,16606.0,43819.0,17.18
BBTC,EQ,12-Nov-2023,"1,459.95","1,463.50","1,498.65","1,461.45","1,483.00","1,481.95","1,482.35",83403,123632420.45,5263.0,36898.0,44.24
BBTC,EQ,10-Nov-2023,"1,431.40","1,432.95","1,488.85","1,420.00","1,475.00","1,459.95","1,456.83",197232,287334370.1,13014.0,49654.0,25.18
BBTC,EQ,09-Nov-2023,"1,447.60","1,451.00","1,489.90","1,420.05","1,436.00","1,431.40","1,451.13",137382,199359074.85,9186.0,28749.0,20.93
BBTC,EQ,08-Nov-2023,"1,457.45","1,463.65","1,463.65","1,441.10","1,448.95","1,447.60","1,450.08",146887,212997749.75,9071.0,26284.0,17.89
BBTC,EQ,07-Nov-2023,"1,412.90","1,412.95","1,546.00","1,412.95","1,454.50","1,457.45","1,496.78",1595715,2388432293.45,73239.0,158602.0,9.94
BBTC,EQ,06-Nov-2023,"1,411.40","1,419.95","1,429.00","1,401.45","1,414.00","1,412.90","1,415.24",105257,148964016.15,9070.0,22189.0,21.08
BBTC,EQ,03-Nov-2023,"1,428.00","1,433.00","1,449.00","1,391.30","1,404.75","1,411.40","1,419.35",104688,148588578.15,7382.0,23469.0,22.42
BBTC,EQ,02-Nov-2023,"1,413.35","1,426.85","1,447.00","1,408.00","1,424.00","1,428.00","1,425.38",195073,278052828.35,11930.0,34998.0,17.94
BBTC,EQ,01-Nov-2023,"1,353.85","1,354.00","1,491.70","1,354.00","1,415.00","1,413.35","1,453.29",1750164,2543491818.9,87643.0,143473.0,8.2
BBTC,EQ,31-Oct-2023,"1,422.50","1,420.00","1,440.75","1,332.55","1,348.40","1,353.85","1,395.06",253222,353259151.05,18755.0,67533.0,26.67
BBTC,EQ,30-Oct-2023,"1,458.55","1,450.00","1,452.00","1,410.10","1,418.00","1,422.50","1,425.36",155131,221117374.75,11832.0,33791.0,21.78
BBTC,EQ,27-Oct-2023,"1,419.10","1,403.55","1,475.00","1,403.55","1,453.00","1,458.55","1,446.79",414427,599590541.15,27425.0,85059.0,20.52
BBTC,EQ,26-Oct-2023,"1,410.20","1,420.00","1,438.00","1,357.00","1,407.00","1,419.10","1,395.97",403687,563533549.6,24659.0,76069.0,18.84
BBTC,EQ,25-Oct-2023,"1,427.50","1,420.95","1,444.60","1,340.05","1,412.50","1,410.20","1,390.68",580208,806884963.15,41303.0,66003.0,11.38
BBTC,EQ,23-Oct-2023,"1,419.20","1,475.00","1,512.45","1,351.00","1,395.10","1,427.50","1,426.22",2666853,3803522051.75,129561.0,221609.0,8.31
BBTC,EQ,20-Oct-2023,"1,182.70","1,182.00","1,419.20","1,182.00","1,419.20","1,419.20","1,359.00",2397848,3258674881.1,85251.0,540759.0,22.55
BBTC,EQ,19-Oct-2023,"1,174.80","1,174.00","1,202.65","1,166.65","1,182.00","1,182.70","1,186.49",48813,57916251.2,6654.0,11354.0,23.26
BBTC,EQ,18-Oct-2023,"1,194.90","1,194.00","1,199.25","1,172.00","1,185.00","1,174.80","1,185.85",37202,44116129.3,4251.0,9517.0,25.58
BBTC,EQ,17-Oct-2023,"1,184.45","1,200.00","1,206.00","1,191.15","1,193.00","1,194.90","1,198.48",41790,50084292.3,4975.0,10103.0,24.18
BBTC,EQ,16-Oct-2023,"1,185.65","1,185.65","1,210.00","1,175.05","1,180.05","1,184.45","1,193.68",57598,68753307.05,6722.0,22081.0,38.34
BBTC,EQ,13-Oct-2023,"1,228.90","1,220.40","1,227.90","1,175.00","1,179.00","1,185.65","1,199.58",75580,90663983.1,7086.0,40327.0,53.36
BBTC,EQ,12-Oct-2023,"1,240.35","1,247.00","1,256.65","1,223.90","1,228.90","1,228.90","1,239.97",39901,49475976.45,3580.0,24221.0,60.7
BBTC,EQ,11-Oct-2023,"1,240.65","1,251.30","1,273.80","1,239.00","1,240.60","1,240.35","1,249.42",55588,69452874.05,5261.0,26646.0,47.93
BBTC,EQ,10-Oct-2023,"1,243.65","1,243.25","1,262.00","1,238.05","1,241.00","1,240.65","1,244.60",64968,80859411.45,4296.0,42385.0,65.24
BBTC,EQ,09-Oct-2023,"1,243.30","1,226.00","1,264.70","1,220.00","1,241.00","1,243.65","1,248.93",72212,90187714.75,6601.0,36131.0,50.03
BBTC,EQ,06-Oct-2023,"1,234.15","1,239.70","1,254.90","1,224.05","1,240.00","1,243.30","1,242.62",44811,55682917.2,4616.0,14897.0,33.24
BBTC,EQ,05-Oct-2023,"1,237.00","1,239.00","1,252.05","1,228.95","1,230.00","1,234.15","1,237.05",35172,43509413.55,2842.0,15751.0,44.78
BBTC,EQ,04-Oct-2023,"1,237.00","1,238.70","1,247.95","1,214.15","1,235.10","1,237.00","1,232.36",63975,78840114.8,5553.0,34067.0,53.25
BBTC,EQ,03-Oct-2023,"1,261.45","1,256.05","1,256.05","1,230.00","1,236.65","1,237.00","1,238.95",58899,72973142.7,5782.0,23743.0,40.31
BBTC,EQ,29-Sep-2023,"1,230.70","1,242.80","1,307.75","1,230.00","1,252.60","1,261.45","1,280.94",416553,533580230.35,27951.0,89145.0,21.4
BBTC,EQ,28-Sep-2023,"1,229.00","1,231.95","1,263.95","1,217.35","1,239.30","1,230.70","1,236.93",108549,134267218.75,8015.0,44329.0,40.84
BBTC,EQ,27-Sep-2023,"1,202.65","1,200.00","1,237.80","1,197.05","1,234.00","1,229.00","1,219.41",132643,161745958.2,10372.0,80507.0,60.69
BBTC,EQ,26-Sep-2023,"1,200.40","1,208.00","1,217.85","1,191.30","1,200.00","1,202.65","1,204.28",39094,47080229.75,4695.0,19681.0,50.34
BBTC,EQ,25-Sep-2023,"1,203.00","1,208.70","1,213.00","1,190.00","1,202.00","1,200.40","1,201.17",37661,45237229.8,3719.0,18466.0,49.03
BBTC,EQ,22-Sep-2023,"1,201.60","1,200.00","1,216.25","1,190.00","1,200.00","1,203.00","1,202.83",59379,71422661.55,6024.0,16294.0,27.44
BBTC,EQ,21-Sep-2023,"1,174.80","1,175.90","1,227.20","1,167.35","1,200.00","1,201.60","1,197.28",130439,156172070.95,10434.0,43137.0,33.07
BBTC,EQ,20-Sep-2023,"1,180.65","1,174.00","1,198.80","1,170.00","1,176.00","1,174.80","1,181.56",50049,59136113.35,2949.0,19876.0,39.71
BBTC,EQ,18-Sep-2023,"1,215.90","1,224.50","1,243.95","1,170.00","1,174.00","1,180.65","1,211.07",152250,184384888.9,9193.0,43933.0,28.86
BBTC,EQ,15-Sep-2023,"1,267.75","1,266.00","1,272.00","1,207.30","1,219.80","1,215.90","1,230.34",149637,184103968.6,9045.0,70488.0,47.11
BBTC,EQ,14-Sep-2023,"1,206.80","1,280.00","1,375.00","1,255.00","1,258.80","1,267.75","1,306.17",1097639,1433706444.95,40203.0,250819.0,22.85
BBTC,EQ,13-Sep-2023,"1,169.05","1,150.00","1,220.00","1,149.95","1,208.00","1,206.80","1,191.09",120438,143452082.5,6253.0,48582.0,40.34
BBTC,EQ,12-Sep-2023,"1,243.65","1,251.20","1,251.60","1,152.00","1,167.30","1,169.05","1,186.77",163746,194329552.7,7665.0,85496.0,52.21
BBTC,EQ,11-Sep-2023,"1,276.70","1,275.00","1,275.00","1,232.45","1,245.00","1,243.65","1,249.20",348237,435019302.55,16746.0,106081.0,30.46
BBTC,EQ,08-Sep-2023,"1,107.15","1,111.15","1,297.75","1,111.15","1,269.80","1,276.70","1,228.62",1910825,2347670377.25,81630.0,321987.0,16.85
BBTC,EQ,07-Sep-2023,"1,096.80","1,101.00","1,128.40","1,098.80","1,108.00","1,107.15","1,113.00",134652,149867595.55,12259.0,50056.0,37.17
BBTC,EQ,06-Sep-2023,"1,091.75","1,090.80","1,129.90","1,085.05","1,101.00","1,096.80","1,107.27",165644,183412284.2,12346.0,79096.0,47.75
BBTC,EQ,05-Sep-2023,"1,059.55","1,064.00","1,114.95","1,060.00","1,100.30","1,091.75","1,092.82",441316,482277538.15,25513.0,154462.0,35.0
BBTC,EQ,04-Sep-2023,979.50,986.00,"1,072.30",980.10,"1,063.95","1,059.55","1,047.34",439401,460202475.9,28153.0,125263.0,28.51
BBTC,EQ,01-Sep-2023,997.85,"1,002.00","1,005.00",977.15,981.30,979.50,985.37,49450,48726474.1,4999.0,29720.0,60.1
BBTC,EQ,31-Aug-2023,973.60,977.05,"1,005.00",974.05,993.35,997.85,995.75,98337,97918942.95,8307.0,48433.0,49.25
BBTC,EQ,30-Aug-2023,978.25,970.05,985.50,970.05,973.20,973.60,977.29,54805,53560239.15,4472.0,27716.0,50.57
BBTC,EQ,29-Aug-2023,985.40,993.75,998.00,976.20,978.00,978.25,982.67,35955,35331972.65,3247.0,18052.0,50.21
BBTC,EQ,28-Aug-2023,992.20,990.00,999.00,983.15,985.05,985.40,988.23,31808,31433710.35,2888.0,17973.0,56.5
BBTC,EQ,25-Aug-2023,"1,025.05","1,029.00","1,029.10",987.00,990.00,992.20,"1,000.01",48324,48324452.1,3096.0,32423.0,67.1
BBTC,EQ,24-Aug-2023,997.40,999.00,"1,032.00",995.70,"1,022.00","1,025.05","1,017.39",88667,90208641.25,9898.0,37792.0,42.62
BBTC,EQ,23-Aug-2023,996.10,996.00,"1,014.30",994.55,996.10,997.40,"1,003.25",37250,37371179.45,3628.0,19947.0,53.55
BBTC,EQ,22-Aug-2023,986.40,988.70,999.55,988.00,995.75,996.10,993.11,27429,27239904.65,2258.0,13922.0,50.76
BBTC,EQ,21-Aug-2023,991.05,999.40,999.70,979.95,983.00,986.40,987.89,49021,48427324.85,5852.0,17412.0,35.52
BBTC,EQ,18-Aug-2023,"1,013.55","1,010.00","1,013.85",985.05,988.75,991.05,"1,002.02",59324,59444064.35,10922.0,19048.0,32.11
BBTC,EQ,17-Aug-2023,996.25,"1,004.40","1,023.90",996.60,"1,013.20","1,013.55","1,010.71",76929,77752953.75,7711.0,34199.0,44.46
BBTC,EQ,16-Aug-2023,"1,003.15",997.15,"1,017.00",990.00,"1,001.00",996.25,"1,003.93",37465,37612162.5,5450.0,15284.0,40.8
BBTC,EQ,14-Aug-2023,988.60,992.70,"1,027.40",980.05,"1,002.85","1,003.15",996.78,67862,67643609.4,7754.0,21168.0,31.19
BBTC,EQ,11-Aug-2023,"1,011.95","1,017.05","1,019.15",975.55,988.00,988.60,994.64,69299,68927741.6,7090.0,29505.0,42.58
BBTC,EQ,10-Aug-2023,"1,018.95","1,011.10","1,025.20","1,008.00","1,009.15","1,011.95","1,014.55",34659,35163123.05,4724.0,17680.0,51.01
BBTC,EQ,09-Aug-2023,"1,023.90","1,031.95","1,031.95","1,010.00","1,019.70","1,018.95","1,018.92",48364,49279082.35,6589.0,22020.0,45.53
BBTC,EQ,08-Aug-2023,"1,041.25","1,041.25","1,043.65","1,020.35","1,022.00","1,023.90","1,030.02",32051,33013273.75,4698.0,17500.0,54.6
BBTC,EQ,07-Aug-2023,"1,055.30","1,060.20","1,065.35","1,035.00","1,036.00","1,041.25","1,043.02",35204,36718470.8,4389.0,14787.0,42.0
BBTC,EQ,04-Aug-2023,"1,035.25","1,040.00","1,065.95","1,031.25","1,052.70","1,055.30","1,053.74",56544,59582799.45,6015.0,20640.0,36.5
BBTC,EQ,03-Aug-2023,"1,071.25","1,080.70","1,080.70","1,031.60","1,038.00","1,035.25","1,048.73",88843,93172639.8,8609.0,52356.0,58.93
BBTC,EQ,02-Aug-2023,"1,120.45","1,120.00","1,122.05","1,061.15","1,074.00","1,071.25","1,081.77",136358,147508388.85,9316.0,83429.0,61.18
BBTC,EQ,01-Aug-2023,"1,131.45","1,136.95","1,154.00","1,113.05","1,118.15","1,120.45","1,137.51",121005,137643986.0,8482.0,24554.0,20.29
BBTC,EQ,31-Jul-2023,"1,125.25","1,129.75","1,145.50","1,115.10","1,139.00","1,131.45","1,135.29",41873,47537841.9,4793.0,20806.0,49.69
BBTC,EQ,28-Jul-2023,"1,121.65","1,123.05","1,133.00","1,112.15","1,125.00","1,125.25","1,124.68",26336,29619525.8,2571.0,12805.0,48.62
BBTC,EQ,27-Jul-2023,"1,133.40","1,147.45","1,159.95","1,118.05","1,120.00","1,121.65","1,134.98",56402,64015140.25,5602.0,21118.0,37.44
BBTC,EQ,26-Jul-2023,"1,115.70","1,121.30","1,147.40","1,113.85","1,138.00","1,133.40","1,136.06",100625,114316243.0,7497.0,49269.0,48.96
BBTC,EQ,25-Jul-2023,"1,122.35","1,114.00","1,130.00","1,110.00","1,110.00","1,115.70","1,120.38",35101,39326541.1,4560.0,19350.0,55.13
BBTC,EQ,24-Jul-2023,"1,099.45","1,130.00","1,130.00","1,101.15","1,124.00","1,122.35","1,114.77",70564,78662593.4,7737.0,19922.0,28.23
BBTC,EQ,21-Jul-2023,"1,107.10","1,096.05","1,118.65","1,096.05","1,099.00","1,099.45","1,105.09",32574,35997218.85,4536.0,15278.0,46.9
BBTC,EQ,20-Jul-2023,"1,109.15","1,125.00","1,125.00","1,100.50","1,105.95","1,107.10","1,107.90",35596,39436632.2,3949.0,14320.0,40.23
BBTC,EQ,19-Jul-2023,"1,095.65","1,095.05","1,122.85","1,095.05","1,110.00","1,109.15","1,112.76",33075,36804692.45,4024.0,11802.0,35.68
BBTC,EQ,18-Jul-2023,"1,126.95","1,129.95","1,131.95","1,090.00","1,095.00","1,095.65","1,104.67",54131,59796700.85,7717.0,21451.0,39.63
BBTC,EQ,17-Jul-2023,"1,109.90","1,107.25","1,134.90","1,107.25","1,124.00","1,126.95","1,126.72",48266,54382154.75,4409.0,16364.0,33.9
BBTC,EQ,14-Jul-2023,"1,104.80","1,110.00","1,128.00","1,103.00","1,109.00","1,109.90","1,117.03",43925,49065470.2,5043.0,17244.0,39.26
BBTC,EQ,13-Jul-2023,"1,140.40","1,140.75","1,156.50","1,100.00","1,105.00","1,104.80","1,132.52",81586,92398137.2,7717.0,34047.0,41.73
BBTC,EQ,12-Jul-2023,"1,144.55","1,147.50","1,187.00","1,126.55","1,135.45","1,140.40","1,152.45",173826,200325681.75,13990.0,53632.0,30.85
BBTC,EQ,11-Jul-2023,"1,133.45","1,136.70","1,159.70","1,135.45","1,140.00","1,144.55","1,146.79",99374,113961311.9,8505.0,37092.0,37.33
BBTC,EQ,10-Jul-2023,"1,113.25","1,122.65","1,159.30","1,100.05","1,131.90","1,133.45","1,136.34",187571,213143703.9,12828.0,44193.0,23.56
BBTC,EQ,07-Jul-2023,"1,135.65","1,139.00","1,139.00","1,108.50","1,114.00","1,113.25","1,121.87",83455,93625784.8,6392.0,32397.0,38.82
BBTC,EQ,06-Jul-2023,"1,102.05","1,114.00","1,148.75","1,100.00","1,139.00","1,135.65","1,130.02",793656,896846988.35,29926.0,205727.0,25.92
BBTC,EQ,05-Jul-2023,"1,012.75","1,012.75","1,112.00","1,010.25","1,110.00","1,102.05","1,084.19",531570,576325484.75,25318.0,155974.0,29.34
BBTC,EQ,04-Jul-2023,"1,005.00","1,005.00","1,025.75","1,003.85","1,010.00","1,012.75","1,014.13",38626,39171608.15,3108.0,17077.0,44.21
BBTC,EQ,03-Jul-2023,"1,014.85","1,019.75","1,030.75","1,000.05","1,002.95","1,005.00","1,014.21",41652,42243955.1,4664.0,21261.0,51.04
BBTC,EQ,30-Jun-2023,"1,025.85","1,029.05","1,033.40","1,010.00","1,013.00","1,014.85","1,019.09",46565,47453801.7,3729.0,22907.0,49.19
BBTC,EQ,28-Jun-2023,"1,021.75","1,033.00","1,039.90","1,022.80","1,025.40","1,025.85","1,029.82",33716,34721283.95,3567.0,13386.0,39.7
BBTC,EQ,27-Jun-2023,"1,026.25","1,026.25","1,033.45","1,020.50","1,020.90","1,021.75","1,024.60",25734,26367081.8,2222.0,11240.0,43.68
BBTC,EQ,26-Jun-2023,"1,008.25","1,014.95","1,055.85","1,014.95","1,023.00","1,026.25","1,036.21",156644,162316248.35,13323.0,22214.0,14.18
BBTC,EQ,23-Jun-2023,"1,031.35","1,025.10","1,034.20","1,005.55","1,006.00","1,008.25","1,014.87",31702,32173493.4,2699.0,14802.0,46.69
BBTC,EQ,22-Jun-2023,"1,047.00","1,049.95","1,054.50","1,023.40","1,030.00","1,031.35","1,037.39",45703,47411629.05,4183.0,20005.0,43.77
BBTC,EQ,21-Jun-2023,"1,054.95","1,058.85","1,077.00","1,041.60","1,043.00","1,047.00","1,057.94",69260,73273088.0,5861.0,27769.0,40.09
BBTC,EQ,20-Jun-2023,"1,043.10","1,046.00","1,068.00","1,037.00","1,056.00","1,054.95","1,052.57",88230,92868503.15,5928.0,22356.0,25.34
BBTC,EQ,19-Jun-2023,"1,056.35","1,056.60","1,064.00","1,035.05","1,040.00","1,043.10","1,045.85",99555,104119142.15,7253.0,33105.0,33.25
BBTC,EQ,16-Jun-2023,"1,054.90","1,056.10","1,102.10","1,048.45","1,051.00","1,056.35","1,074.41",254776,273733054.15,13416.0,64497.0,25.32
BBTC,EQ,15-Jun-2023,"1,054.45","1,054.90","1,088.95","1,046.75","1,052.00","1,054.90","1,069.59",267607,286229980.15,15895.0,68431.0,25.57
BBTC,EQ,14-Jun-2023,"1,055.10","1,054.00","1,078.00","1,038.10","1,050.00","1,054.45","1,055.27",379166,400120843.85,17272.0,79271.0,20.91
BBTC,EQ,13-Jun-2023,950.50,953.65,"1,080.00",950.00,"1,054.80","1,055.10","1,049.57",2251188,2362782703.8,78196.0,220048.0,9.77
BBTC,EQ,12-Jun-2023,952.20,957.00,962.00,946.00,947.00,950.50,952.15,19095,18181294.0,2189.0,9857.0,51.62
BBTC,EQ,09-Jun-2023,964.45,964.45,977.90,949.10,955.00,952.20,961.33,29072,27947911.9,3794.0,11529.0,39.66
BBTC,EQ,08-Jun-2023,965.60,965.60,979.40,960.10,964.00,964.45,968.88,37782,36606154.45,3591.0,17540.0,46.42
BBTC,EQ,07-Jun-2023,938.15,942.00,997.00,940.00,965.50,965.60,975.76,165340,161332598.4,11555.0,64043.0,38.73
BBTC,EQ,06-Jun-2023,938.55,945.90,946.65,933.65,940.50,938.15,939.07,19604,18409497.55,1837.0,9853.0,50.26
BBTC,EQ,05-Jun-2023,948.15,952.90,972.00,936.00,939.60,938.55,945.88,26998,25536801.5,2722.0,14459.0,53.56
BBTC,EQ,02-Jun-2023,957.10,961.90,965.00,945.00,947.90,948.15,951.68,13490,12838131.7,1472.0,6979.0,51.73
BBTC,EQ,01-Jun-2023,958.40,964.95,973.50,955.00,956.40,957.10,964.76,38669,37306393.35,2856.0,16489.0,42.64
BBTC,EQ,31-May-2023,932.25,927.95,963.00,918.00,960.00,958.40,946.10,60438,57180318.4,5406.0,35135.0,58.13
BBTC,EQ,30-May-2023,938.65,938.95,946.95,926.35,928.90,932.25,936.69,36020,33739543.1,4252.0,19222.0,53.36
BBTC,EQ,29-May-2023,947.50,940.00,946.90,935.05,937.00,938.65,940.65,23391,22002839.8,2270.0,13994.0,59.83
BBTC,EQ,26-May-2023,947.20,951.95,957.60,940.40,947.85,947.50,948.65,17292,16403969.85,2113.0,9860.0,57.02
BBTC,EQ,25-May-2023,939.65,940.75,968.95,940.05,948.55,947.20,956.47,53519,51189312.65,4938.0,14230.0,26.59
BBTC,EQ,24-May-2023,942.15,944.35,955.00,935.50,940.00,939.65,946.43,25219,23868135.55,2784.0,11540.0,45.76
BBTC,EQ,23-May-2023,962.25,976.00,985.00,938.50,942.00,942.15,959.63,52265,50154894.05,4638.0,19892.0,38.06
BBTC,EQ,22-May-2023,945.10,945.10,965.50,941.55,963.90,962.25,959.86,39978,38373104.6,3123.0,23238.0,58.13
BBTC,EQ,19-May-2023,937.85,939.05,952.15,938.55,947.00,945.10,944.13,20386,19247130.95,2770.0,8474.0,41.57
BBTC,EQ,18-May-2023,942.35,945.30,953.00,932.35,936.70,937.85,944.49,18783,17740279.4,2127.0,7697.0,40.98
BBTC,EQ,17-May-2023,957.45,957.00,965.15,938.05,938.55,942.35,949.09,19477,18485465.95,2746.0,10247.0,52.61
BBTC,EQ,16-May-2023,957.40,957.40,985.00,953.30,955.35,957.45,962.87,16753,16130953.6,1401.0,5532.0,33.02
BBTC,EQ,15-May-2023,956.05,956.05,969.00,950.00,953.45,957.40,961.10,27609,26535106.6,2622.0,14305.0,51.81
BBTC,EQ,12-May-2023,966.60,968.50,975.80,942.35,954.45,956.05,961.90,27077,26045249.35,2565.0,13325.0,49.21
BBTC,EQ,11-May-2023,964.00,968.85,979.00,958.00,966.15,966.60,968.99,36926,35780885.2,3264.0,15170.0,41.08
BBTC,EQ,10-May-2023,956.20,956.20,979.90,956.00,962.00,964.00,968.03,117385,113632755.75,7612.0,28372.0,24.17
BBTC,EQ,09-May-2023,959.80,977.70,977.70,950.05,955.95,956.20,963.60,58262,56141522.5,4310.0,19354.0,33.22
BBTC,EQ,08-May-2023,939.75,932.00,967.00,932.00,964.90,959.80,954.43,124413,118744029.05,8353.0,29888.0,24.02
BBTC,EQ,05-May-2023,957.30,949.00,953.45,933.00,940.00,939.75,941.90,100292,94465469.4,5804.0,33275.0,33.18
BBTC,EQ,04-May-2023,979.40,975.00,975.95,954.50,958.00,957.30,960.91,141501,135969417.15,8253.0,41709.0,29.48
BBTC,EQ,03-May-2023,"1,040.10",970.00,"1,008.90",936.05,981.10,979.40,981.74,952502,935105316.55,42632.0,124344.0,13.05
BBTC,EQ,02-May-2023,"1,037.05","1,045.25","1,073.50","1,026.55","1,030.50","1,040.10","1,052.05",214449,225610004.35,15381.0,78601.0,36.65
BBTC,EQ,28-Apr-2023,"1,032.45","1,036.00","1,044.00","1,020.00","1,035.05","1,037.05","1,032.19",116017,119751937.4,8673.0,45701.0,39.39
BBTC,EQ,27-Apr-2023,"1,008.80","1,015.80","1,038.00","1,001.00","1,028.70","1,032.45","1,022.35",196705,201100861.3,12947.0,70404.0,35.79
BBTC,EQ,26-Apr-2023,957.00,962.15,"1,020.00",952.00,"1,011.25","1,008.80",999.66,245876,245792177.15,16500.0,78286.0,31.84
BBTC,EQ,25-Apr-2023,977.85,985.00,993.20,951.10,964.00,957.00,976.36,120987,118127255.55,10430.0,44085.0,36.44
BBTC,EQ,24-Apr-2023,924.95,927.00,984.65,919.20,977.10,977.85,961.58,286675,275660197.35,17765.0,94915.0,33.11
BBTC,EQ,21-Apr-2023,913.95,914.95,934.10,906.05,924.00,924.95,923.36,57258,52869770.85,4778.0,17105.0,29.87
BBTC,EQ,20-Apr-2023,923.40,924.90,930.00,910.80,914.80,913.95,921.52,53201,49025885.75,4893.0,22625.0,42.53
BBTC,EQ,19-Apr-2023,904.35,904.35,936.00,898.30,925.90,923.40,926.22,82723,76619397.2,7790.0,28400.0,34.33
BBTC,EQ,18-Apr-2023,914.30,912.05,918.15,898.95,902.00,904.35,905.55,26405,23911031.0,2608.0,12014.0,45.5
BBTC,EQ,17-Apr-2023,878.15,878.00,944.95,870.70,911.50,914.30,920.30,272755,251016811.25,17535.0,51170.0,18.76
BBTC,EQ,13-Apr-2023,870.30,871.00,884.45,866.05,882.20,878.15,876.76,31520,27635503.65,2920.0,13659.0,43.33
BBTC,EQ,12-Apr-2023,866.55,871.00,875.50,861.20,871.00,870.30,869.62,25608,22269245.5,2575.0,13389.0,52.28
BBTC,EQ,11-Apr-2023,855.55,859.00,871.85,851.55,871.00,866.55,861.45,29557,25461904.7,2850.0,14801.0,50.08
BBTC,EQ,10-Apr-2023,865.70,867.05,872.00,853.65,855.00,855.55,862.02,29040,25032934.75,3111.0,11321.0,38.98
BBTC,EQ,06-Apr-2023,876.30,879.70,883.40,861.10,864.00,865.70,870.33,32429,28224065.45,3994.0,10969.0,33.82
BBTC,EQ,05-Apr-2023,830.45,851.00,885.00,828.70,884.00,876.30,859.87,158201,136032092.75,9819.0,55144.0,34.86
BBTC,EQ,03-Apr-2023,811.35,815.45,834.15,815.45,831.35,830.45,825.40,22994,18979277.9,2233.0,11183.0,48.63
BBTC,EQ,31-Mar-2023,795.75,802.75,823.00,802.70,810.20,811.35,813.96,53622,43645939.3,5017.0,26327.0,49.1
BBTC,EQ,29-Mar-2023,786.10,787.00,811.00,785.10,803.00,795.75,803.34,80363,64558534.0,9888.0,38463.0,47.86
BBTC,EQ,28-Mar-2023,810.45,809.90,815.00,781.05,786.00,786.10,796.56,74680,59487216.2,7961.0,49974.0,66.92
BBTC,EQ,27-Mar-2023,831.00,830.90,831.05,807.00,810.00,810.45,819.05,63486,51998444.6,3371.0,43700.0,68.83
BBTC,EQ,24-Mar-2023,837.00,836.90,843.95,828.10,829.05,831.00,836.69,28360,23728461.85,4164.0,15552.0,54.84
BBTC,EQ,23-Mar-2023,841.95,846.00,846.20,835.00,836.00,837.00,840.00,27024,22700178.7,2189.0,12452.0,46.08
BBTC,EQ,22-Mar-2023,843.80,845.15,850.85,839.20,843.50,841.95,842.77,20509,17284459.3,1637.0,11426.0,55.71
BBTC,EQ,21-Mar-2023,850.70,855.00,857.55,841.10,843.25,843.80,846.80,27910,23634058.4,2468.0,15771.0,56.51
BBTC,EQ,20-Mar-2023,860.65,867.95,868.00,845.00,848.10,850.70,851.17,19451,16556123.55,1910.0,11989.0,61.64
BBTC,EQ,17-Mar-2023,864.45,865.00,870.90,856.30,856.30,860.65,863.07,16843,14536719.0,2739.0,11101.0,65.91
BBTC,EQ,16-Mar-2023,863.10,866.70,867.00,855.90,861.10,864.45,861.54,18702,16112600.4,3366.0,9515.0,50.88
BBTC,EQ,15-Mar-2023,868.80,873.15,876.85,860.05,860.55,863.10,866.72,21736,18839034.35,2215.0,12799.0,58.88
BBTC,EQ,14-Mar-2023,875.70,875.00,878.55,866.05,870.00,868.80,870.57,16757,14588207.5,2115.0,7665.0,45.74
BBTC,EQ,13-Mar-2023,874.80,874.50,879.40,864.85,875.00,875.70,871.04,48370,42132365.1,5289.0,28237.0,58.38
BBTC,EQ,10-Mar-2023,890.65,887.65,890.00,862.00,874.50,874.80,867.83,109755,95248900.55,2739.0,90488.0,82.45
BBTC,EQ,09-Mar-2023,882.95,886.50,893.20,883.00,891.00,890.65,889.29,30644,27251410.05,5595.0,20555.0,67.08
BBTC,EQ,08-Mar-2023,879.60,884.00,886.95,876.90,886.40,882.95,881.34,15348,13526802.5,1399.0,7409.0,48.27
BBTC,EQ,06-Mar-2023,883.65,883.65,887.45,876.00,880.40,879.60,882.35,23306,20564156.0,2127.0,11017.0,47.27
BBTC,EQ,03-Mar-2023,878.20,881.00,888.95,881.00,885.00,883.65,885.34,31163,27589742.2,1768.0,23377.0,75.02
BBTC,EQ,02-Mar-2023,880.85,880.85,884.45,867.10,880.00,878.20,875.21,60773,53189299.4,9054.0,14287.0,23.51
BBTC,EQ,01-Mar-2023,888.45,898.00,905.00,878.60,880.00,880.85,892.63,69195,61765824.95,7850.0,14412.0,20.83
BBTC,EQ,28-Feb-2023,859.70,858.00,900.00,852.00,886.10,888.45,873.73,27475,24005828.7,3020.0,11786.0,42.9
BBTC,EQ,27-Feb-2023,883.25,880.00,887.70,858.00,858.05,859.70,865.74,31672,27419641.9,3195.0,17486.0,55.21
BBTC,EQ,24-Feb-2023,886.35,890.00,894.05,880.00,880.05,883.25,885.37,10640,9420373.15,1264.0,6872.0,64.59
BBTC,EQ,23-Feb-2023,884.80,887.90,898.80,883.40,886.00,886.35,888.53,11231,9979069.65,1376.0,5894.0,52.48
BBTC,EQ,22-Feb-2023,894.00,901.50,902.90,881.35,884.00,884.80,891.31,28569,25463842.95,2982.0,12457.0,43.6
BBTC,EQ,21-Feb-2023,899.30,899.30,900.00,889.30,895.50,894.00,895.53,10362,9279442.45,1463.0,5873.0,56.68
BBTC,EQ,20-Feb-2023,904.60,905.55,913.90,895.95,899.70,899.30,902.07,22656,20437319.8,3943.0,10328.0,45.59
BBTC,EQ,17-Feb-2023,904.60,898.00,910.15,898.00,905.30,904.60,904.76,13030,11789012.5,1866.0,6467.0,49.63
BBTC,EQ,16-Feb-2023,918.60,918.05,927.65,900.00,900.00,904.60,916.26,50749,46499157.05,9723.0,20565.0,40.52
BBTC,EQ,15-Feb-2023,908.45,908.45,924.80,881.00,918.00,918.60,909.89,33753,30711527.45,4432.0,11096.0,32.87
BBTC,EQ,14-Feb-2023,914.10,914.10,918.55,906.00,907.00,908.45,910.57,18566,16905575.65,1798.0,10018.0,53.96
BBTC,EQ,13-Feb-2023,923.40,923.00,940.00,910.00,913.00,914.10,925.17,54458,50382978.7,7749.0,17876.0,32.83
BBTC,EQ,10-Feb-2023,911.25,910.00,931.95,905.80,926.00,923.40,921.89,58216,53668664.9,5845.0,20878.0,35.86
BBTC,EQ,09-Feb-2023,905.75,905.60,915.95,901.50,909.00,911.25,909.75,28780,26182510.9,5928.0,9232.0,32.08
BBTC,EQ,08-Feb-2023,906.40,908.55,916.85,900.95,901.00,905.75,909.24,30632,27851988.55,4601.0,13647.0,44.55
BBTC,EQ,07-Feb-2023,914.90,915.00,919.90,902.00,906.00,906.40,911.72,23534,21456371.6,2362.0,11113.0,47.22
BBTC,EQ,06-Feb-2023,925.20,919.00,937.95,912.00,912.00,914.90,923.32,29505,27242500.9,5584.0,9318.0,31.58
BBTC,EQ,03-Feb-2023,942.75,940.25,949.80,914.75,924.00,925.20,930.39,84555,78669238.8,10012.0,21936.0,25.94
BBTC,EQ,02-Feb-2023,877.10,900.00,951.90,837.15,951.90,942.75,929.19,398817,370577721.7,26769.0,74106.0,18.58
BBTC,EQ,01-Feb-2023,883.60,888.05,898.90,874.00,876.10,877.10,887.85,21310,18920183.5,2869.0,8252.0,38.72
BBTC,EQ,31-Jan-2023,878.50,880.05,886.05,874.70,884.90,883.60,881.37,24387,21493996.8,3203.0,12046.0,49.4
BBTC,EQ,30-Jan-2023,885.35,889.90,892.90,872.35,878.00,878.50,877.29,25982,22793811.55,2031.0,14183.0,54.59
BBTC,EQ,27-Jan-2023,904.50,901.00,908.00,879.00,888.00,885.35,887.96,25051,22244233.15,2842.0,12728.0,50.81
BBTC,EQ,25-Jan-2023,910.90,908.00,914.05,900.45,905.00,904.50,905.25,13394,12124896.05,1576.0,7349.0,54.87
BBTC,EQ,24-Jan-2023,905.45,909.90,915.00,904.95,908.35,910.90,909.62,16745,15231623.25,2435.0,7664.0,45.77
BBTC,EQ,23-Jan-2023,900.25,904.75,910.00,902.00,903.05,905.45,905.83,8059,7300119.65,1378.0,3674.0,45.59
BBTC,EQ,20-Jan-2023,915.35,915.40,922.00,897.30,900.35,900.25,907.63,25203,22874935.4,2489.0,16384.0,65.01
BBTC,EQ,19-Jan-2023,915.95,914.95,920.60,910.05,917.10,915.35,916.30,11234,10293676.9,1918.0,5409.0,48.15
BBTC,EQ,18-Jan-2023,917.85,922.00,925.00,909.00,915.00,915.95,920.76,15002,13813258.15,1565.0,8256.0,55.03
BBTC,EQ,17-Jan-2023,914.50,915.05,922.15,912.00,918.90,917.85,917.12,11905,10918327.25,1167.0,6970.0,58.55
BBTC,EQ,16-Jan-2023,919.50,920.05,924.10,911.10,915.65,914.50,916.33,13819,12662736.15,1513.0,8929.0,64.61
BBTC,EQ,13-Jan-2023,920.95,923.05,928.10,913.90,919.00,919.50,920.08,16101,14814271.45,2153.0,8082.0,50.2
BBTC,EQ,12-Jan-2023,937.00,944.00,944.00,915.50,922.50,920.95,926.51,24902,23071930.65,2456.0,12169.0,48.87
BBTC,EQ,11-Jan-2023,929.10,932.00,942.30,925.00,934.60,937.00,934.92,20222,18905893.7,2071.0,9370.0,46.34
BBTC,EQ,10-Jan-2023,938.20,947.60,948.60,921.65,929.80,929.10,934.13,29268,27339996.55,2303.0,14500.0,49.54
BBTC,EQ,09-Jan-2023,955.15,955.15,959.95,928.35,940.00,938.20,941.62,28929,27240146.7,3251.0,11978.0,41.4
BBTC,EQ,06-Jan-2023,936.00,941.30,974.95,922.65,956.00,955.15,949.49,105523,100193388.65,8062.0,30418.0,28.83
BBTC,EQ,05-Jan-2023,925.15,934.40,945.00,928.25,936.00,936.00,938.07,41024,38483582.9,3492.0,16541.0,40.32
BBTC,EQ,04-Jan-2023,925.75,927.70,928.15,915.65,925.05,925.15,923.65,19632,18133071.05,2016.0,8835.0,45.0
BBTC,EQ,03-Jan-2023,935.00,944.90,949.90,921.00,927.75,925.75,931.73,30302,28233248.7,2709.0,10476.0,34.57
BBTC,EQ,02-Jan-2023,907.10,911.65,944.90,906.65,943.00,935.00,929.34,102370,95136299.1,6400.0,40252.0,39.32
BBTC,EQ,30-Dec-2022,908.85,913.00,915.85,904.40,908.70,907.10,910.33,19391,17652130.05,2229.0,7151.0,36.88
BBTC,EQ,29-Dec-2022,915.65,910.25,917.45,900.00,907.00,908.85,908.82,24191,21985249.65,2231.0,12248.0,50.63
BBTC,EQ,27-Dec-2024,"2,114.60","2,132.00","2,140.35","2,109.80","2,124.10","2,121.55","2,123.67",35222,74800006.1,6088.0,13399.0,38.04
BBTC,EQ,26-Dec-2024,"2,146.20","2,145.05","2,162.80","2,107.00","2,117.00","2,114.60","2,128.05",25759,54816433.1,4813.0,9841.0,38.2
BBTC,EQ,24-Dec-2024,"2,124.80","2,120.00","2,170.00","2,120.00","2,147.25","2,146.20","2,141.47",35469,75955930.45,6972.0,12408.0,34.98
BBTC,EQ,23-Dec-2024,"2,191.15","2,200.15","2,209.10","2,111.75","2,122.05","2,124.80","2,145.33",55746,119593832.8,9258.0,19059.0,34.19
BBTC,EQ,20-Dec-2024,"2,281.55","2,275.00","2,296.80","2,165.00","2,188.00","2,191.15","2,222.09",71451,158770457.2,11673.0,29487.0,41.27
BBTC,EQ,19-Dec-2024,"2,317.40","2,280.20","2,310.00","2,268.35","2,280.00","2,281.55","2,286.69",36793,84134222.05,8043.0,11353.0,30.86
BBTC,EQ,18-Dec-2024,"2,353.55","2,356.00","2,356.00","2,307.55","2,314.00","2,317.40","2,328.17",28001,65191184.2,5468.0,9342.0,33.36
BBTC,EQ,17-Dec-2024,"2,403.55","2,404.65","2,412.10","2,341.50","2,346.25","2,353.55","2,377.17",34047,80935516.4,5281.0,10959.0,32.19
BBTC,EQ,16-Dec-2024,"2,329.25","2,350.00","2,416.85","2,345.55","2,399.90","2,403.55","2,379.82",67947,161701629.0,9752.0,20210.0,29.74
BBTC,EQ,13-Dec-2024,"2,343.75","2,340.00","2,352.80","2,308.00","2,326.10","2,329.25","2,329.72",40114,93454349.35,7388.0,11277.0,28.11
BBTC,EQ,12-Dec-2024,"2,373.30","2,373.35","2,386.00","2,330.35","2,345.00","2,343.75","2,347.71",53018,124471122.35,7814.0,21991.0,41.48
BBTC,EQ,11-Dec-2024,"2,403.85","2,408.95","2,426.00","2,366.00","2,373.00","2,373.30","2,389.35",59546,142276267.5,7565.0,24587.0,41.29
BBTC,EQ,10-Dec-2024,"2,368.20","2,374.05","2,424.00","2,353.15","2,403.00","2,403.85","2,385.31",100467,239644824.75,12606.0,37333.0,37.16
BBTC,EQ,09-Dec-2024,"2,355.45","2,355.45","2,487.65","2,355.45","2,370.00","2,368.20","2,420.31",222284,537996950.7,31417.0,58164.0,26.17
BBTC,EQ,06-Dec-2024,"2,343.75","2,357.75","2,387.65","2,340.70","2,355.00","2,355.45","2,360.62",64585,152460347.45,11380.0,19837.0,30.71
BBTC,EQ,05-Dec-2024,"2,403.85","2,408.90","2,420.95","2,335.45","2,346.00","2,343.75","2,361.30",79282,187208243.35,12390.0,36200.0,45.66
BBTC,EQ,04-Dec-2024,"2,413.35","2,408.90","2,442.70","2,375.00","2,397.00","2,403.85","2,404.18",81469,195866152.6,13940.0,31195.0,38.29
BBTC,EQ,03-Dec-2024,"2,389.75","2,415.00","2,438.80","2,349.95","2,409.15","2,413.35","2,408.22",68329,164551388.6,15184.0,23115.0,33.83
BBTC,EQ,02-Dec-2024,"2,405.85","2,380.00","2,420.95","2,339.95","2,397.90","2,389.75","2,385.10",89984,214620610.25,14460.0,30295.0,33.67
BBTC,EQ,29-Nov-2024,"2,487.05","2,507.35","2,517.45","2,396.00","2,403.00","2,405.85","2,439.04",83936,204723060.7,10857.0,39788.0,47.4
BBTC,EQ,28-Nov-2024,"2,499.00","2,537.00","2,547.00","2,479.95","2,486.10","2,487.05","2,515.41",55951,140739902.0,9333.0,14797.0,26.45
BBTC,EQ,27-Nov-2024,"2,516.00","2,523.30","2,537.20","2,491.05","2,500.00","2,499.00","2,509.86",38175,95813858.95,6773.0,16847.0,44.13
BBTC,EQ,26-Nov-2024,"2,523.60","2,543.65","2,563.50","2,500.00","2,516.70","2,516.00","2,522.40",50748,128006988.9,8365.0,14309.0,28.2
BBTC,EQ,25-Nov-2024,"2,463.45","2,517.00","2,569.00","2,500.00","2,514.90","2,523.60","2,531.97",68869,174373990.65,12733.0,26938.0,39.11
BBTC,EQ,22-Nov-2024,"2,494.25","2,496.00","2,507.35","2,433.00","2,462.00","2,463.45","2,467.54",67137,165662945.0,12228.0,20408.0,30.4
BBTC,EQ,21-Nov-2024,"2,567.80","2,557.00","2,572.40","2,490.00","2,493.55","2,494.25","2,513.02",83811,210618901.65,13435.0,21347.0,25.47
BBTC,EQ,19-Nov-2024,"2,550.00","2,555.10","2,625.00","2,551.55","2,551.55","2,567.80","2,588.78",52550,136040408.05,9501.0,18833.0,35.84
BBTC,EQ,18-Nov-2024,"2,564.30","2,605.00","2,629.65","2,469.25","2,551.75","2,550.00","2,559.57",126656,324185432.65,21043.0,36165.0,28.55
BBTC,EQ,14-Nov-2024,"2,560.50","2,525.40","2,634.75","2,525.40","2,561.00","2,564.30","2,585.28",77735,200967012.9,13799.0,27303.0,35.12
BBTC,EQ,13-Nov-2024,"2,673.10","2,673.10","2,698.15","2,535.05","2,565.10","2,560.50","2,600.89",99767,259483417.25,19077.0,45266.0,45.37
BBTC,EQ,12-Nov-2024,"2,733.10","2,763.80","2,787.95","2,661.10","2,681.00","2,673.10","2,728.01",94638,258173193.15,16516.0,36654.0,38.73
BBTC,EQ,11-Nov-2024,"2,717.55","2,709.70","2,847.70","2,673.60","2,737.15","2,733.10","2,775.33",129887,360479220.35,23687.0,41375.0,31.85
BBTC,EQ,08-Nov-2024,"2,772.05","2,776.25","2,825.00","2,695.05","2,710.00","2,717.55","2,729.49",58206,158872978.75,9960.0,19816.0,34.04
BBTC,EQ,07-Nov-2024,"2,806.35","2,794.45","2,873.95","2,758.00","2,771.00","2,772.05","2,804.66",103892,291381817.3,16741.0,37156.0,35.76
BBTC,EQ,06-Nov-2024,"2,710.05","2,710.50","2,831.05","2,706.40","2,805.55","2,806.35","2,773.55",118567,328850936.55,13797.0,53752.0,45.33
BBTC,EQ,05-Nov-2024,"2,669.50","2,670.00","2,737.95","2,651.05","2,700.10","2,710.05","2,704.95",80031,216480116.95,15109.0,19537.0,24.41
BBTC,EQ,04-Nov-2024,"2,756.45","2,757.00","2,758.90","2,640.00","2,668.00","2,669.50","2,675.33",77145,206388395.55,10800.0,30217.0,39.17
BBTC,EQ,01-Nov-2024,"2,769.40","2,779.00","2,799.00","2,745.20","2,747.50","2,756.45","2,766.34",13321,36850358.1,2317.0,6676.0,50.12
BBTC,EQ,31-Oct-2024,"2,720.80","2,727.95","2,775.00","2,674.40","2,770.00","2,769.40","2,735.02",119951,328068266.8,17164.0,53018.0,44.2
BBTC,EQ,30-Oct-2024,"2,746.45","2,739.90","2,798.00","2,707.10","2,714.25","2,720.80","2,749.41",95010,261221189.7,13727.0,36150.0,38.05
BBTC,EQ,29-Oct-2024,"2,690.50","2,690.95","2,758.85","2,685.35","2,740.00","2,746.45","2,725.81",118367,322645796.3,15515.0,22467.0,18.98
BBTC,EQ,28-Oct-2024,"2,637.45","2,603.00","2,748.00","2,600.05","2,683.00","2,690.50","2,690.94",145698,392063966.15,23967.0,32072.0,22.01
BBTC,EQ,25-Oct-2024,"2,797.05","2,781.20","2,803.10","2,541.00","2,637.00","2,637.45","2,653.31",276719,734221097.6,36431.0,64012.0,23.13
BBTC,EQ,24-Oct-2024,"2,697.40","2,709.35","2,920.00","2,677.00","2,792.55","2,797.05","2,846.20",674510,1919788558.3,71819.0,80473.0,11.93
BBTC,EQ,23-Oct-2024,"2,635.90","2,651.35","2,745.90","2,635.05","2,701.95","2,697.40","2,691.61",123458,332300952.7,15151.0,29836.0,24.17
BBTC,EQ,22-Oct-2024,"2,800.60","2,820.00","2,822.00","2,600.10","2,651.00","2,635.90","2,698.77",146988,396687052.75,19387.0,53465.0,36.37
BBTC,EQ,21-Oct-2024,"2,683.80","2,683.85","2,944.00","2,651.00","2,800.00","2,800.60","2,836.98",709320,2012326719.3,74970.0,96837.0,13.65
BBTC,EQ,18-Oct-2024,"2,646.95","2,646.00","2,725.00","2,585.00","2,670.15","2,683.80","2,662.29",81016,215687949.45,13723.0,19662.0,24.27
BBTC,EQ,17-Oct-2024,"2,680.85","2,678.00","2,828.00","2,635.00","2,646.00","2,646.95","2,723.87",221252,602660765.3,32117.0,37653.0,17.02
BBTC,EQ,16-Oct-2024,"2,668.80","2,650.00","2,690.00","2,625.00","2,678.00","2,680.85","2,662.60",43651,116225214.05,7544.0,13422.0,30.75
BBTC,EQ,15-Oct-2024,"2,652.95","2,658.20","2,719.85","2,650.00","2,667.00","2,668.80","2,676.22",71603,191625596.5,10486.0,26287.0,36.71
BBTC,EQ,14-Oct-2024,"2,643.85","2,667.00","2,745.00","2,550.00","2,660.00","2,652.95","2,606.26",105410,274725532.15,14825.0,36771.0,34.88
BBTC,EQ,11-Oct-2024,"2,693.90","2,688.70","2,703.65","2,632.25","2,643.15","2,643.85","2,661.09",54324,144560789.3,8530.0,22820.0,42.01
BBTC,EQ,10-Oct-2024,"2,673.25","2,673.25","2,743.95","2,665.45","2,687.00","2,693.90","2,704.33",75961,205423879.5,10909.0,25723.0,33.86
BBTC,EQ,09-Oct-2024,"2,649.90","2,666.00","2,708.15","2,636.10","2,670.90","2,673.25","2,676.55",78006,208786629.2,11369.0,23947.0,30.7
BBTC,EQ,08-Oct-2024,"2,482.85","2,501.20","2,671.50","2,475.55","2,640.00","2,649.90","2,582.84",233500,603093960.7,31933.0,45392.0,19.44
BBTC,EQ,07-Oct-2024,"2,761.45","2,710.00","2,740.10","2,450.00","2,485.00","2,482.85","2,544.06",457018,1162682841.35,56139.0,109599.0,23.98
BBTC,EQ,04-Oct-2024,"2,783.50","2,783.50","2,828.00","2,708.45","2,777.35","2,761.45","2,778.73",86812,241226753.7,15604.0,23664.0,27.26
BBTC,EQ,03-Oct-2024,"2,884.90","2,840.00","2,879.70","2,760.80","2,795.95","2,783.50","2,825.80",93394,263912870.95,12283.0,32057.0,34.32
BBTC,EQ,01-Oct-2024,"2,867.55","2,891.25","2,975.00","2,875.00","2,884.05","2,884.90","2,921.41",347073,1013941732.05,39794.0,71136.0,20.5
BBTC,EQ,30-Sep-2024,"2,858.90","2,858.90","2,905.00","2,822.15","2,871.20","2,867.55","2,869.96",326036,935709762.85,35010.0,71524.0,21.94
BBTC,EQ,27-Sep-2024,"2,694.55","2,703.25","2,878.00","2,699.95","2,860.05","2,858.90","2,830.42",591533,1674284656.85,55635.0,138463.0,23.41
BBTC,EQ,26-Sep-2024,"2,715.20","2,715.20","2,730.95","2,680.00","2,689.00","2,694.55","2,701.34",47842,129237539.4,7992.0,19849.0,41.49
BBTC,EQ,25-Sep-2024,"2,659.25","2,649.55","2,743.00","2,631.80","2,706.55","2,715.20","2,698.44",131962,356091463.2,20951.0,34968.0,26.5
BBTC,EQ,24-Sep-2024,"2,601.65","2,604.90","2,758.55","2,604.90","2,657.20","2,659.25","2,700.35",266782,720405454.15,29536.0,45132.0,16.92
BBTC,EQ,23-Sep-2024,"2,628.90","2,672.30","2,677.95","2,591.55","2,611.00","2,601.65","2,622.91",45777,120069157.05,7439.0,19304.0,42.17
BBTC,EQ,20-Sep-2024,"2,580.55","2,600.00","2,669.95","2,579.90","2,625.15","2,628.90","2,620.48",122009,319722396.6,16663.0,54262.0,44.47
BBTC,EQ,19-Sep-2024,"2,694.45","2,709.55","2,719.40","2,506.15","2,575.00","2,580.55","2,592.33",172348,446783120.85,22677.0,69004.0,40.04
BBTC,EQ,18-Sep-2024,"2,745.80","2,740.05","2,741.15","2,680.30","2,687.00","2,694.45","2,708.53",69123,187221607.6,8771.0,29205.0,42.25
BBTC,EQ,17-Sep-2024,"2,694.95","2,718.00","2,780.00","2,668.80","2,738.35","2,745.80","2,724.67",166956,454900267.95,18529.0,68198.0,40.85
BBTC,EQ,16-Sep-2024,"2,690.55","2,716.00","2,857.95","2,680.00","2,695.00","2,694.95","2,768.22",407660,1128494580.25,37791.0,100208.0,24.58
BBTC,EQ,13-Sep-2024,"2,673.50","2,693.00","2,747.80","2,672.05","2,683.00","2,690.55","2,704.45",98831,267283556.65,13357.0,26697.0,27.01
BBTC,EQ,12-Sep-2024,"2,670.80","2,651.80","2,740.00","2,651.80","2,671.30","2,673.50","2,691.89",69676,187559975.4,10334.0,20152.0,28.92
BBTC,EQ,11-Sep-2024,"2,717.25","2,720.95","2,725.00","2,651.45","2,674.00","2,670.80","2,678.53",77078,206455746.15,11104.0,28686.0,37.22
BBTC,EQ,10-Sep-2024,"2,656.05","2,633.05","2,749.70","2,633.05","2,705.00","2,717.25","2,697.35",175621,473710960.55,23167.0,54923.0,31.27
BBTC,EQ,09-Sep-2024,"2,625.90","2,630.00","2,683.00","2,560.00","2,641.55","2,656.05","2,624.52",130270,341895936.75,19839.0,33904.0,26.03
BBTC,EQ,06-Sep-2024,"2,694.65","2,694.65","2,715.05","2,605.95","2,630.35","2,625.90","2,652.15",113102,299963827.25,14065.0,39082.0,34.55
BBTC,EQ,05-Sep-2024,"2,750.10","2,711.00","2,773.05","2,685.00","2,689.00","2,694.65","2,740.11",164733,451387188.95,21359.0,44764.0,27.17
BBTC,EQ,04-Sep-2024,"2,673.75","2,613.60","2,774.00","2,611.75","2,745.00","2,750.10","2,710.08",576985,1563674577.2,44563.0,79733.0,13.82
BBTC,EQ,03-Sep-2024,"2,458.30","2,475.70","2,711.00","2,475.00","2,665.00","2,673.75","2,651.97",2615570,6936421662.5,143067.0,174659.0,6.68
BBTC,EQ,02-Sep-2024,"2,491.85","2,495.00","2,513.55","2,444.05","2,454.00","2,458.30","2,471.79",40414,99894762.4,6518.0,14884.0,36.83
BBTC,EQ,30-Aug-2024,"2,534.25","2,535.00","2,551.45","2,444.00","2,495.00","2,491.85","2,490.69",86200,214697579.0,11406.0,35054.0,40.67
BBTC,EQ,29-Aug-2024,"2,574.90","2,580.90","2,604.90","2,512.60","2,542.00","2,534.25","2,553.20",69218,176727455.55,9700.0,25964.0,37.51
BBTC,EQ,28-Aug-2024,"2,532.70","2,549.00","2,622.00","2,536.75","2,572.50","2,574.90","2,579.74",120534,310946465.65,15291.0,35361.0,29.34
BBTC,EQ,27-Aug-2024,"2,535.75","2,539.00","2,578.00","2,525.50","2,540.00","2,532.70","2,549.29",56954,145192118.75,8491.0,22079.0,38.77
BBTC,EQ,26-Aug-2024,"2,527.30","2,540.05","2,601.50","2,510.00","2,533.95","2,535.75","2,567.18",83564,214523800.0,13648.0,28519.0,34.13
BBTC,EQ,23-Aug-2024,"2,564.85","2,570.05","2,577.50","2,515.50","2,524.10","2,527.30","2,536.60",78811,199911693.1,10118.0,35962.0,45.63
BBTC,EQ,22-Aug-2024,"2,521.70","2,520.40","2,604.95","2,520.40","2,575.00","2,564.85","2,560.84",150803,386182846.0,21053.0,42543.0,28.21
BBTC,EQ,21-Aug-2024,"2,510.95","2,510.95","2,602.00","2,480.05","2,520.00","2,521.70","2,536.52",272482,691156641.25,32823.0,81597.0,29.95
BBTC,EQ,20-Aug-2024,"2,379.90","2,380.00","2,548.00","2,347.05","2,490.00","2,510.95","2,455.60",286467,703447622.55,33821.0,85473.0,29.84
BBTC,EQ,19-Aug-2024,"2,283.85","2,318.75","2,506.00","2,310.85","2,372.00","2,379.90","2,440.08",881736,2151504599.35,72467.0,104695.0,11.87
BBTC,EQ,16-Aug-2024,"2,272.30","2,275.65","2,299.70","2,240.00","2,287.00","2,283.85","2,270.43",77429,175797307.3,11066.0,34525.0,44.59
BBTC,EQ,14-Aug-2024,"2,242.55","2,249.90","2,300.00","2,204.90","2,270.00","2,272.30","2,260.90",130781,295683095.25,15234.0,34622.0,26.47
BBTC,EQ,13-Aug-2024,"2,310.10","2,328.00","2,387.70","2,211.35","2,243.95","2,242.55","2,305.83",165602,381850607.35,19270.0,41720.0,25.19
BBTC,EQ,12-Aug-2024,"2,363.35","2,363.30","2,363.30","2,301.15","2,303.40","2,310.10","2,327.07",137358,319642001.1,17033.0,39496.0,28.75
BBTC,EQ,09-Aug-2024,"2,234.65","2,266.25","2,412.00","2,266.25","2,351.90","2,363.35","2,368.68",1007745,2387029739.25,97760.0,163140.0,16.19
BBTC,EQ,08-Aug-2024,"2,143.00","2,159.65","2,290.00","2,147.00","2,230.00","2,234.65","2,250.44",352391,793035534.55,40798.0,103909.0,29.49
BBTC,EQ,07-Aug-2024,"2,079.55","2,084.95","2,169.80","2,084.95","2,139.00","2,143.00","2,125.73",68391,145380469.7,13360.0,23504.0,34.37
BBTC,EQ,06-Aug-2024,"2,137.70","2,137.70","2,231.55","2,070.00","2,114.70","2,079.55","2,142.80",123479,264590389.95,15828.0,48329.0,39.14
BBTC,EQ,05-Aug-2024,"2,196.55","2,150.00","2,199.40","2,085.95","2,140.00","2,137.70","2,136.29",156664,334680169.95,23135.0,66838.0,42.66
BBTC,EQ,02-Aug-2024,"2,239.30","2,225.00","2,261.15","2,190.10","2,193.10","2,196.55","2,220.67",36472,80992330.15,3860.0,17289.0,47.4
BBTC,EQ,01-Aug-2024,"2,279.55","2,279.90","2,313.25","2,230.00","2,235.20","2,239.30","2,258.25",38428,86780207.65,4666.0,23588.0,61.38
BBTC,EQ,31-Jul-2024,"2,293.45","2,310.00","2,317.80","2,263.20","2,275.05","2,279.55","2,293.25",39842,91367615.1,3060.0,22061.0,55.37
BBTC,EQ,30-Jul-2024,"2,290.70","2,275.00","2,350.00","2,275.00","2,289.00","2,293.45","2,316.80",69413,160815793.55,6093.0,36816.0,53.04
BBTC,EQ,29-Jul-2024,"2,290.10","2,300.00","2,329.80","2,278.15","2,291.50","2,290.70","2,299.74",37776,86875155.1,4471.0,21609.0,57.2
BBTC,EQ,26-Jul-2024,"2,260.70","2,277.20","2,335.00","2,250.00","2,279.00","2,290.10","2,295.57",87153,200065662.2,6886.0,32987.0,37.85
BBTC,EQ,25-Jul-2024,"2,210.00","2,200.00","2,277.00","2,194.00","2,256.25","2,260.70","2,253.26",73758,166196120.95,5948.0,28325.0,38.4
BBTC,EQ,24-Jul-2024,"2,152.60","2,170.80","2,299.00","2,154.10","2,215.05","2,210.00","2,240.42",141432,316867278.5,12565.0,48641.0,34.39
BBTC,EQ,23-Jul-2024,"2,122.10","2,127.00","2,174.40","1,900.00","2,146.00","2,152.60","2,083.31",113543,236545418.7,8687.0,39970.0,35.2
BBTC,EQ,22-Jul-2024,"2,126.10","2,100.00","2,247.00","2,084.20","2,116.00","2,122.10","2,173.40",124987,271646773.85,11363.0,31946.0,25.56
BBTC,EQ,19-Jul-2024,"2,227.75","2,224.00","2,288.00","2,110.00","2,134.00","2,126.10","2,178.85",94812,206580803.4,8772.0,45992.0,48.51
BBTC,EQ,18-Jul-2024,"2,267.90","2,259.90","2,266.00","2,177.15","2,224.00","2,227.75","2,227.39",70837,157781280.25,6479.0,35074.0,49.51
BBTC,EQ,16-Jul-2024,"2,302.75","2,303.80","2,324.40","2,251.00","2,258.00","2,267.90","2,290.56",72004,164929200.05,5762.0,33265.0,46.2
BBTC,EQ,15-Jul-2024,"2,292.80","2,289.00","2,370.00","2,244.00","2,300.00","2,302.75","2,301.30",119378,274725175.9,9250.0,39789.0,33.33
BBTC,EQ,12-Jul-2024,"2,325.30","2,312.00","2,400.00","2,260.00","2,283.90","2,292.80","2,344.45",259279,607866701.3,15264.0,70197.0,27.07
BBTC,EQ,11-Jul-2024,"2,258.60","2,267.60","2,364.00","2,191.90","2,316.00","2,325.30","2,284.21",303636,693569741.9,20665.0,74363.0,24.49
BBTC,EQ,10-Jul-2024,"2,379.85","2,344.00","2,344.00","2,215.00","2,259.70","2,258.60","2,279.80",719123,1639454171.0,51237.0,118361.0,16.46
BBTC,EQ,09-Jul-2024,"2,006.70","2,005.05","2,408.00","1,989.60","2,344.00","2,379.85","2,293.02",4611411,10574072379.4,248742.0,289039.0,6.27
BBTC,EQ,08-Jul-2024,"2,053.55","2,058.00","2,068.00","1,992.00","1,999.95","2,006.70","2,024.71",106499,215629665.4,9854.0,38311.0,35.97
BBTC,EQ,05-Jul-2024,"2,060.35","2,074.00","2,080.00","2,036.65","2,045.50","2,053.55","2,056.61",95754,196928350.8,10206.0,29982.0,31.31
BBTC,EQ,04-Jul-2024,"2,094.85","2,080.10","2,117.90","2,050.10","2,055.00","2,060.35","2,080.31",163731,340611595.05,15444.0,55876.0,34.13
BBTC,EQ,03-Jul-2024,"2,077.75","2,079.55","2,131.95","2,056.00","2,082.00","2,094.85","2,098.27",254765,534565270.75,21896.0,53915.0,21.16
BBTC,EQ,02-Jul-2024,"2,083.25","2,100.00","2,100.00","2,018.45","2,066.10","2,077.75","2,067.98",235904,487845908.0,20672.0,57373.0,24.32
BBTC,EQ,01-Jul-2024,"2,025.50","2,045.05","2,109.90","2,030.00","2,080.00","2,083.25","2,078.75",429824,893498298.1,34518.0,104697.0,24.36
BBTC,EQ,28-Jun-2024,"1,885.90","1,900.40","2,167.70","1,893.05","2,025.00","2,025.50","2,089.58",2752219,5750980500.8,177135.0,247456.0,8.99
BBTC,EQ,27-Jun-2024,"1,948.45","1,947.75","1,992.00","1,861.55","1,890.00","1,885.90","1,929.96",225349,434915598.7,19838.0,69821.0,30.98
BBTC,EQ,26-Jun-2024,"1,943.15","1,937.95","1,991.95","1,918.85","1,943.10","1,948.45","1,955.67",324713,635031041.85,22803.0,80860.0,24.9
BBTC,EQ,25-Jun-2024,"2,014.40","2,004.05","2,007.15","1,907.00","1,936.00","1,943.15","1,952.18",1145701,2236619458.05,64412.0,239846.0,20.93
BBTC,EQ,24-Jun-2024,"1,683.90","1,714.00","2,020.65","1,703.00","2,020.65","2,014.40","1,931.74",4985257,9630227833.2,187951.0,508483.0,10.2
BBTC,EQ,21-Jun-2024,"1,622.00","1,637.90","1,731.45","1,637.00","1,683.00","1,683.90","1,696.71",234197,397364992.75,24493.0,72134.0,30.8
BBTC,EQ,20-Jun-2024,"1,621.55","1,629.70","1,669.00","1,603.00","1,637.00","1,622.00","1,634.54",48177,78747137.05,6177.0,15441.0,32.05
BBTC,EQ,19-Jun-2024,"1,641.40","1,649.00","1,672.45","1,611.00","1,620.10","1,621.55","1,630.48",38324,62486631.85,4768.0,14024.0,36.59
BBTC,EQ,18-Jun-2024,"1,651.15","1,664.90","1,664.90","1,634.00","1,635.05","1,641.40","1,646.39",29351,48323110.75,3695.0,14508.0,49.43
BBTC,EQ,14-Jun-2024,"1,652.70","1,654.25","1,669.00","1,643.50","1,645.05","1,651.15","1,653.70",24698,40842991.0,3863.0,11028.0,44.65
BBTC,EQ,13-Jun-2024,"1,674.50","1,680.00","1,682.00","1,640.05","1,655.00","1,652.70","1,655.14",37879,62694948.35,5105.0,16200.0,42.77
BBTC,EQ,12-Jun-2024,"1,637.50","1,638.00","1,680.15","1,628.05","1,674.95","1,674.50","1,658.14",91208,151235920.9,10287.0,40945.0,44.89
BBTC,EQ,11-Jun-2024,"1,583.00","1,590.00","1,682.20","1,579.30","1,638.00","1,637.50","1,647.53",189523,312245755.1,20588.0,63428.0,33.47
BBTC,EQ,10-Jun-2024,"1,595.95","1,605.20","1,610.40","1,577.10","1,586.00","1,583.00","1,588.29",35189,55890309.65,5126.0,15962.0,45.36
BBTC,EQ,07-Jun-2024,"1,523.45","1,520.00","1,624.00","1,520.00","1,598.70","1,595.95","1,595.19",165946,264716040.4,16406.0,66893.0,40.31
BBTC,EQ,06-Jun-2024,"1,466.95","1,470.00","1,558.00","1,470.00","1,532.00","1,523.45","1,523.16",99088,150926448.5,11914.0,48063.0,48.51
BBTC,EQ,05-Jun-2024,"1,374.00","1,404.00","1,476.00","1,392.05","1,455.00","1,466.95","1,446.69",102024,147597456.35,11431.0,33108.0,32.45
BBTC,EQ,04-Jun-2024,"1,486.20","1,489.00","1,489.00","1,318.20","1,384.75","1,374.00","1,397.81",70772,98926088.1,8896.0,34571.0,48.85
BBTC,EQ,03-Jun-2024,"1,467.60","1,485.05","1,506.35","1,465.10","1,480.00","1,486.20","1,493.45",47466,70887891.05,4722.0,23462.0,49.43
BBTC,EQ,31-May-2024,"1,480.10","1,487.90","1,499.80","1,457.40","1,469.00","1,467.60","1,472.11",44686,65782870.45,7166.0,22448.0,50.23
BBTC,EQ,30-May-2024,"1,508.35","1,509.00","1,518.60","1,473.10","1,493.00","1,480.10","1,493.13",39575,59090428.65,5200.0,22611.0,57.13
BBTC,EQ,29-May-2024,"1,514.15","1,508.00","1,550.00","1,500.00","1,501.00","1,508.35","1,521.75",47354,72060980.3,6639.0,15640.0,33.03
BBTC,EQ,28-May-2024,"1,533.55","1,532.00","1,541.00","1,502.80","1,510.70","1,514.15","1,517.56",32842,49839825.9,4606.0,14830.0,45.16
BBTC,EQ,27-May-2024,"1,536.55","1,554.70","1,554.70","1,529.00","1,530.00","1,533.55","1,538.08",33533,51576341.25,3380.0,15457.0,46.09
BBTC,EQ,24-May-2024,"1,539.00","1,530.00","1,574.00","1,530.00","1,540.00","1,536.55","1,550.28",43414,67303974.9,5633.0,18405.0,42.39
BBTC,EQ,23-May-2024,"1,547.90","1,552.00","1,560.80","1,535.60","1,539.00","1,539.00","1,546.84",21295,32940042.75,2673.0,11305.0,53.09
BBTC,EQ,22-May-2024,"1,558.40","1,558.00","1,589.90","1,542.05","1,544.25","1,547.90","1,557.54",46503,72430129.3,6586.0,16324.0,35.1
BBTC,EQ,21-May-2024,"1,552.90","1,578.00","1,605.40","1,537.90","1,550.00","1,558.40","1,570.57",76613,120325974.8,10238.0,25724.0,33.58
BBTC,EQ,18-May-2024,"1,547.00","1,559.30","1,560.00","1,550.00","1,550.15","1,552.90","1,555.88",3908,6080376.1,340.0,2503.0,64.05
BBTC,EQ,17-May-2024,"1,549.55","1,563.00","1,567.55","1,540.40","1,542.35","1,547.00","1,551.85",37763,58602665.7,5170.0,14554.0,38.54
BBTC,EQ,16-May-2024,"1,551.90","1,564.40","1,567.85","1,534.70","1,553.35","1,549.55","1,550.87",25940,40229640.35,3067.0,11736.0,45.24
BBTC,EQ,15-May-2024,"1,539.15","1,555.00","1,602.00","1,540.20","1,549.95","1,551.90","1,577.68",140613,221841786.1,15662.0,35298.0,25.1
BBTC,EQ,14-May-2024,"1,553.70","1,553.75","1,566.55","1,530.05","1,539.80","1,539.15","1,545.20",50300,77723378.6,7564.0,16648.0,33.1
BBTC,EQ,13-May-2024,"1,505.65","1,508.00","1,563.70","1,477.40","1,550.00","1,553.70","1,514.79",70653,107024518.0,11873.0,26930.0,38.12
BBTC,EQ,10-May-2024,"1,511.15","1,517.90","1,521.85","1,493.85","1,507.00","1,505.65","1,507.01",19917,30015155.8,2938.0,6908.0,34.68
BBTC,EQ,09-May-2024,"1,576.95","1,580.05","1,583.75","1,500.00","1,517.90","1,511.15","1,533.37",31974,49027929.85,5114.0,16603.0,51.93
BBTC,EQ,08-May-2024,"1,541.00","1,541.00","1,597.00","1,527.90","1,571.00","1,576.95","1,574.80",48010,75605971.4,6716.0,20321.0,42.33
BBTC,EQ,07-May-2024,"1,560.50","1,556.30","1,572.95","1,520.10","1,536.65","1,541.00","1,545.09",43411,67073780.75,8719.0,16277.0,37.5
BBTC,EQ,06-May-2024,"1,538.55","1,545.00","1,599.95","1,504.00","1,566.00","1,560.50","1,565.95",192065,300763852.25,24420.0,46949.0,24.44
BBTC,EQ,03-May-2024,"1,560.55","1,566.00","1,567.15","1,530.00","1,543.00","1,538.55","1,544.31",46622,71998699.4,4518.0,25131.0,53.9
BBTC,EQ,02-May-2024,"1,558.95","1,563.95","1,570.00","1,544.50","1,560.00","1,560.55","1,555.58",24296,37794356.95,4955.0,12153.0,50.02
BBTC,EQ,30-Apr-2024,"1,577.30","1,582.00","1,584.35","1,541.35","1,555.00","1,558.95","1,566.34",32495,50898102.7,3395.0,20826.0,64.09
BBTC,EQ,29-Apr-2024,"1,569.10","1,575.95","1,599.95","1,557.95","1,580.00","1,577.30","1,579.94",28309,44726442.85,4671.0,9927.0,35.07
BBTC,EQ,26-Apr-2024,"1,578.90","1,583.65","1,613.15","1,556.55","1,560.55","1,569.10","1,583.57",75616,119743536.2,6028.0,45744.0,60.5
BBTC,EQ,25-Apr-2024,"1,583.85","1,588.00","1,609.90","1,565.30","1,584.00","1,578.90","1,589.14",41053,65239167.4,5613.0,20012.0,48.75
BBTC,EQ,24-Apr-2024,"1,580.45","1,590.00","1,604.85","1,567.75","1,586.05","1,583.85","1,587.39",55919,88765028.7,5340.0,26624.0,47.61
BBTC,EQ,23-Apr-2024,"1,570.30","1,585.00","1,591.85","1,551.95","1,582.00","1,580.45","1,574.64",83776,131917354.3,9240.0,47392.0,56.57
BBTC,EQ,22-Apr-2024,"1,497.65","1,524.00","1,640.35","1,523.65","1,571.80","1,570.30","1,585.64",564236,894674475.1,39930.0,135522.0,24.02
BBTC,EQ,19-Apr-2024,"1,517.45","1,516.00","1,516.00","1,490.05","1,515.00","1,497.65","1,502.78",32446,48759194.75,4677.0,14854.0,45.78
BBTC,EQ,18-Apr-2024,"1,538.85","1,548.00","1,555.00","1,506.20","1,528.00","1,517.45","1,535.34",35261,54137579.4,4558.0,15087.0,42.79
BBTC,EQ,16-Apr-2024,"1,550.90","1,550.00","1,568.75","1,530.05","1,543.85","1,538.85","1,548.10",22681,35112525.3,4542.0,8795.0,38.78
BBTC,EQ,15-Apr-2024,"1,594.55","1,568.00","1,588.95","1,535.00","1,553.00","1,550.90","1,555.53",23662,36806970.05,4399.0,9637.0,40.73
BBTC,EQ,12-Apr-2024,"1,591.65","1,590.00","1,622.00","1,575.00","1,598.00","1,594.55","1,595.12",66407,105927380.6,4935.0,45334.0,68.27
BBTC,EQ,10-Apr-2024,"1,598.20","1,604.00","1,612.05","1,585.85","1,591.10","1,591.65","1,596.95",24355,38893721.35,2810.0,10023.0,41.15
BBTC,EQ,09-Apr-2024,"1,633.30","1,641.50","1,658.60","1,556.40","1,601.00","1,598.20","1,596.55",70248,112154396.45,9802.0,32086.0,45.68
BBTC,EQ,08-Apr-2024,"1,623.75","1,634.00","1,663.95","1,621.05","1,640.50","1,633.30","1,639.41",45912,75268501.6,6039.0,17631.0,38.4
BBTC,EQ,05-Apr-2024,"1,652.30","1,648.00","1,659.50","1,612.00","1,615.00","1,623.75","1,628.55",37245,60655328.85,5686.0,17274.0,46.38
BBTC,EQ,04-Apr-2024,"1,634.60","1,642.50","1,669.00","1,629.85","1,652.05","1,652.30","1,647.04",51409,84672772.75,9084.0,22400.0,43.57
BBTC,EQ,03-Apr-2024,"1,636.15","1,636.00","1,649.00","1,620.00","1,639.00","1,634.60","1,636.35",34543,56524375.5,6806.0,11174.0,32.35
BBTC,EQ,02-Apr-2024,"1,608.85","1,612.00","1,660.00","1,609.05","1,638.70","1,636.15","1,633.83",43181,70550513.6,7040.0,12527.0,29.01
BBTC,EQ,01-Apr-2024,"1,567.75","1,574.90","1,625.50","1,574.85","1,612.80","1,608.85","1,606.36",35737,57406578.05,4994.0,10788.0,30.19
BBTC,EQ,28-Mar-2024,"1,545.50","1,558.25","1,589.30","1,550.05","1,565.00","1,567.75","1,572.60",39831,62638401.7,5285.0,11428.0,28.69
BBTC,EQ,27-Mar-2024,"1,573.00","1,573.00","1,581.70","1,530.10","1,555.00","1,545.50","1,564.85",73341,114767539.25,5710.0,44136.0,60.18
BBTC,EQ,26-Mar-2024,"1,574.80","1,575.00","1,598.00","1,561.55","1,567.00","1,573.00","1,580.67",28429,44936751.35,6445.0,12916.0,45.43
BBTC,EQ,22-Mar-2024,"1,575.65","1,570.95","1,594.85","1,570.00","1,574.00","1,574.80","1,580.88",24772,39161545.65,3196.0,14594.0,58.91
BBTC,EQ,21-Mar-2024,"1,540.75","1,548.95","1,585.00","1,546.90","1,579.00","1,575.65","1,570.48",18900,29682040.75,3014.0,7995.0,42.3
BBTC,EQ,20-Mar-2024,"1,542.30","1,546.65","1,560.70","1,522.00","1,538.10","1,540.75","1,537.38",30603,47048415.7,5204.0,8927.0,29.17
BBTC,EQ,19-Mar-2024,"1,564.20","1,573.00","1,585.85","1,535.10","1,535.10","1,542.30","1,553.45",31475,48894936.2,6331.0,11013.0,34.99
BBTC,EQ,18-Mar-2024,"1,609.95","1,609.95","1,621.90","1,556.10","1,575.00","1,564.20","1,582.26",34366,54375966.9,6674.0,14556.0,42.36
BBTC,EQ,15-Mar-2024,"1,627.10","1,599.90","1,625.00","1,568.80","1,610.00","1,609.95","1,599.18",47495,75953154.85,7248.0,9410.0,19.81
BBTC,EQ,14-Mar-2024,"1,543.80","1,551.00","1,639.45","1,531.05","1,628.00","1,627.10","1,597.61",54482,87041102.1,9298.0,18395.0,33.76
BBTC,EQ,13-Mar-2024,"1,650.05","1,656.95","1,677.00","1,525.35","1,545.00","1,543.80","1,578.31",82996,130993556.55,12796.0,34508.0,41.58
BBTC,EQ,12-Mar-2024,"1,688.15","1,695.90","1,695.90","1,620.30","1,656.95","1,650.05","1,647.46",79954,131720771.85,10735.0,31920.0,39.92
BBTC,EQ,11-Mar-2024,"1,745.25","1,759.00","1,767.80","1,678.00","1,689.00","1,688.15","1,717.80",74219,127493383.65,10866.0,24127.0,32.51
BBTC,EQ,07-Mar-2024,"1,682.60","1,684.95","1,814.00","1,684.70","1,754.75","1,745.25","1,762.03",260140,458375527.4,29240.0,43560.0,16.74
BBTC,EQ,06-Mar-2024,"1,728.65","1,723.70","1,724.15","1,670.00","1,675.00","1,682.60","1,691.37",51578,87237438.05,9127.0,21546.0,41.77
BBTC,EQ,05-Mar-2024,"1,733.05","1,727.90","1,758.40","1,711.00","1,730.00","1,728.65","1,739.81",40779,70947574.75,8171.0,15121.0,37.08
BBTC,EQ,04-Mar-2024,"1,720.95","1,723.30","1,763.00","1,708.10","1,718.05","1,733.05","1,744.53",62354,108778241.25,9554.0,23769.0,38.12
BBTC,EQ,02-Mar-2024,"1,722.05","1,735.70","1,735.70","1,713.15","1,720.00","1,720.95","1,723.21",2546,4387292.25,316.0,2057.0,80.79
BBTC,EQ,01-Mar-2024,"1,736.95","1,748.00","1,748.65","1,700.00","1,718.00","1,722.05","1,719.05",50188,86275794.6,7625.0,19285.0,38.43
BBTC,EQ,29-Feb-2024,"1,670.00","1,668.95","1,750.00","1,639.95","1,739.00","1,736.95","1,711.84",98889,169281701.85,11770.0,36686.0,37.1
BBTC,EQ,28-Feb-2024,"1,727.55","1,735.00","1,735.00","1,665.00","1,669.00","1,670.00","1,691.48",56638,95802241.75,7400.0,25590.0,45.18
BBTC,EQ,27-Feb-2024,"1,762.95","1,754.00","1,762.95","1,719.55","1,731.00","1,727.55","1,737.45",50257,87318908.1,6844.0,18187.0,36.19
BBTC,EQ,26-Feb-2024,"1,731.00","1,730.00","1,780.05","1,718.05","1,746.00","1,762.95","1,743.67",65270,113809191.0,7748.0,26313.0,40.31
BBTC,EQ,23-Feb-2024,"1,711.40","1,724.00","1,769.95","1,710.00","1,732.85","1,731.00","1,738.93",105008,182601704.05,14354.0,33146.0,31.57
BBTC,EQ,22-Feb-2024,"1,712.75","1,716.90","1,725.65","1,672.85","1,710.00","1,711.40","1,699.27",95903,162965070.2,10698.0,34331.0,35.8
BBTC,EQ,21-Feb-2024,"1,782.45","1,778.00","1,794.80","1,697.50","1,707.00","1,712.75","1,744.10",179465,313005531.95,16156.0,72348.0,40.31
BBTC,EQ,20-Feb-2024,"1,788.25","1,787.00","1,836.90","1,745.10","1,776.05","1,782.45","1,792.85",228995,410554824.05,23190.0,42836.0,18.71
BBTC,EQ,19-Feb-2024,"1,764.75","1,755.05","1,826.00","1,755.05","1,782.00","1,788.25","1,802.77",145427,262171257.4,13788.0,41971.0,28.86
BBTC,EQ,16-Feb-2024,"1,733.95","1,743.90","1,818.90","1,735.70","1,759.00","1,764.75","1,780.64",207325,369170273.05,18403.0,68205.0,32.9
BBTC,EQ,15-Feb-2024,"1,719.35","1,718.00","1,747.80","1,704.65","1,733.00","1,733.95","1,729.44",93524,161744282.6,9581.0,36569.0,39.1
BBTC,EQ,14-Feb-2024,"1,782.70","1,741.00","1,782.70","1,701.75","1,712.00","1,719.35","1,735.70",162877,282705855.9,17801.0,66208.0,40.65
BBTC,EQ,13-Feb-2024,"1,656.45","1,655.00","1,839.95","1,644.55","1,770.00","1,782.70","1,761.20",567747,999916223.65,44329.0,106750.0,18.8
BBTC,EQ,12-Feb-2024,"1,716.30","1,702.00","1,714.70","1,634.70","1,653.50","1,656.45","1,666.23",94638,157689002.7,11700.0,37965.0,40.12
BBTC,EQ,09-Feb-2024,"1,741.25","1,740.90","1,743.20","1,650.20","1,716.00","1,716.30","1,695.64",116544,197616424.35,13220.0,39743.0,34.1
BBTC,EQ,08-Feb-2024,"1,774.25","1,790.00","1,790.00","1,732.20","1,738.00","1,741.25","1,756.30",111828,196403526.5,14311.0,37328.0,33.38
BBTC,EQ,07-Feb-2024,"1,714.15","1,714.15","1,809.80","1,685.20","1,788.00","1,774.25","1,763.18",287791,507428247.75,28504.0,79007.0,27.45
BBTC,EQ,06-Feb-2024,"1,658.85","1,666.00","1,807.00","1,666.00","1,710.00","1,714.15","1,734.53",460032,797937131.9,45386.0,114982.0,24.99
BBTC,EQ,05-Feb-2024,"1,706.75","1,710.00","1,715.25","1,633.00","1,659.00","1,658.85","1,680.05",85142,143042932.0,11324.0,33275.0,39.08
BBTC,EQ,02-Feb-2024,"1,715.20","1,732.20","1,752.00","1,694.05","1,705.00","1,706.75","1,723.91",108218,186558486.9,11065.0,42412.0,39.19
BBTC,EQ,01-Feb-2024,"1,734.20","1,741.70","1,744.00","1,688.30","1,712.00","1,715.20","1,715.29",89217,153032631.05,11826.0,27998.0,31.38
BBTC,EQ,31-Jan-2024,"1,671.05","1,671.05","1,739.70","1,654.05","1,739.70","1,734.20","1,707.53",229788,392369450.1,18473.0,89174.0,38.81
BBTC,EQ,30-Jan-2024,"1,657.70","1,657.70","1,737.50","1,637.95","1,666.25","1,671.05","1,700.43",407586,693070761.9,32789.0,109304.0,26.82
BBTC,EQ,29-Jan-2024,"1,662.70","1,670.00","1,677.95","1,650.00","1,654.95","1,657.70","1,663.08",102584,170605209.2,9955.0,32222.0,31.41
BBTC,EQ,25-Jan-2024,"1,606.75","1,606.00","1,701.00","1,600.10","1,659.00","1,662.70","1,661.73",298128,495406867.55,23605.0,92931.0,31.17
BBTC,EQ,24-Jan-2024,"1,537.40","1,549.95","1,624.80","1,545.10","1,612.00","1,606.75","1,591.88",325897,518787644.3,29790.0,71596.0,21.97
BBTC,EQ,23-Jan-2024,"1,616.90","1,630.00","1,635.10","1,528.40","1,540.00","1,537.40","1,574.80",138363,217894576.65,14939.0,52184.0,37.72
BBTC,EQ,20-Jan-2024,"1,606.45","1,615.00","1,630.00","1,590.40","1,616.00","1,616.90","1,608.22",69121,111161491.6,4611.0,27991.0,40.5
BBTC,EQ,19-Jan-2024,"1,591.40","1,602.00","1,626.00","1,597.05","1,600.60","1,606.45","1,610.81",84175,135589564.25,7135.0,27052.0,32.14
BBTC,EQ,18-Jan-2024,"1,584.75","1,588.00","1,622.00","1,531.55","1,586.30","1,591.40","1,578.62",120798,190694466.55,12873.0,27062.0,22.4
BBTC,EQ,17-Jan-2024,"1,648.70","1,606.00","1,639.90","1,576.50","1,583.65","1,584.75","1,607.72",181535,291858297.55,15923.0,76800.0,42.31
BBTC,EQ,16-Jan-2024,"1,654.15","1,660.00","1,702.00","1,608.70","1,654.00","1,648.70","1,667.69",242908,405095906.9,19400.0,66186.0,27.25
BBTC,EQ,15-Jan-2024,"1,651.75","1,660.05","1,679.95","1,635.15","1,656.00","1,654.15","1,659.62",154683,256715053.9,12669.0,51029.0,32.99
BBTC,EQ,12-Jan-2024,"1,625.25","1,636.00","1,689.70","1,619.95","1,643.50","1,651.75","1,659.15",423035,701878122.3,29278.0,135449.0,32.02
BBTC,EQ,11-Jan-2024,"1,573.60","1,576.15","1,657.40","1,560.30","1,638.00","1,625.25","1,618.93",444297,719285200.6,28841.0,108662.0,24.46
BBTC,EQ,10-Jan-2024,"1,585.55","1,581.95","1,585.00","1,558.00","1,569.00","1,573.60","1,573.42",91976,144717295.5,9547.0,27932.0,30.37
BBTC,EQ,09-Jan-2024,"1,576.05","1,594.00","1,615.10","1,572.00","1,585.00","1,585.55","1,594.31",145555,232060140.85,12444.0,39267.0,26.98
BBTC,EQ,08-Jan-2024,"1,593.85","1,599.90","1,648.00","1,570.00","1,580.30","1,576.05","1,610.01",453956,730874317.75,30663.0,165791.0,36.52
BBTC,EQ,05-Jan-2024,"1,592.95","1,599.80","1,639.70","1,541.00","1,591.05","1,593.85","1,599.55",454317,726701087.55,32910.0,148001.0,32.58
BBTC,EQ,04-Jan-2024,"1,491.35","1,492.85","1,665.15","1,492.85","1,590.00","1,592.95","1,600.25",1333282,2133578923.95,88237.0,232922.0,17.47
BBTC,EQ,03-Jan-2024,"1,515.50","1,509.95","1,527.95","1,482.60","1,488.00","1,491.35","1,506.38",102534,154454732.0,13055.0,31044.0,30.28
BBTC,EQ,02-Jan-2024,"1,516.75","1,511.00","1,536.25","1,463.15","1,518.00","1,515.50","1,503.67",291892,438908967.75,26494.0,62514.0,21.42
BBTC,EQ,01-Jan-2024,"1,574.30","1,579.00","1,609.70","1,495.55","1,500.00","1,516.75","1,568.53",456619,716222679.25,32484.0,122528.0,26.83
BBTC,EQ,29-Dec-2023,"1,510.20","1,500.20","1,589.70","1,488.75","1,574.00","1,574.30","1,556.79",553121,861091825.85,37105.0,173756.0,31.41
BBTC,EQ,26-Dec-2025,"1,862.70","1,884.00","1,884.00","1,824.10","1,841.00","1,836.90","1,844.45",53996,99593168.8,6156.0,23892.0,44.25
BBTC,EQ,24-Dec-2025,"1,894.20","1,910.00","1,925.00","1,856.00","1,869.00","1,862.70","1,876.47",39083,73337997.7,4931.0,18702.0,47.85
BBTC,EQ,23-Dec-2025,"1,902.90","1,912.40","1,923.30","1,885.10","1,900.80","1,894.20","1,902.14",32459,61741572.1,5520.0,14784.0,45.55
BBTC,EQ,22-Dec-2025,"1,902.90","1,918.00","1,932.00","1,896.00","1,909.00","1,902.90","1,916.83",67059,128540631.7,8130.0,38652.0,57.64
BBTC,EQ,19-Dec-2025,"1,895.80","1,905.00","1,911.70","1,892.40","1,903.50","1,902.90","1,902.37",24172,45984112.0,3596.0,11932.0,49.36
BBTC,EQ,18-Dec-2025,"1,890.00","1,900.00","1,907.30","1,868.00","1,890.00","1,895.80","1,888.14",38324,72361150.3,6073.0,12192.0,31.81
BBTC,EQ,17-Dec-2025,"1,865.10","1,865.10","1,899.70","1,865.10","1,890.00","1,890.00","1,888.39",56379,106465488.9,8697.0,17354.0,30.78
BBTC,EQ,16-Dec-2025,"1,868.50","1,877.00","1,938.00","1,854.00","1,855.00","1,865.10","1,902.26",122220,232494114.9,14252.0,20880.0,17.08
BBTC,EQ,15-Dec-2025,"1,869.50","1,877.00","1,878.90","1,845.90","1,872.50","1,868.50","1,866.22",21105,39386555.2,2924.0,7844.0,37.17
BBTC,EQ,12-Dec-2025,"1,883.60","1,879.00","1,887.70","1,862.10","1,867.00","1,869.50","1,871.60",21786,40774593.3,3459.0,7866.0,36.11
BBTC,EQ,11-Dec-2025,"1,856.50","1,865.00","1,896.10","1,855.20","1,870.00","1,883.60","1,882.99",38897,73242622.4,6231.0,12931.0,33.24
BBTC,EQ,10-Dec-2025,"1,893.40","1,862.00","1,907.10","1,845.10","1,854.00","1,856.50","1,883.10",88628,166895136.9,11897.0,29862.0,33.69
BBTC,EQ,09-Dec-2025,"1,812.80","1,801.00","1,900.00","1,798.10","1,885.50","1,893.40","1,864.27",130456,243204724.4,14211.0,60419.0,46.31
BBTC,EQ,08-Dec-2025,"1,850.50","1,849.90","1,853.60","1,805.50","1,817.00","1,812.80","1,822.88",34271,62471775.4,5193.0,18346.0,53.53
BBTC,EQ,05-Dec-2025,"1,857.00","1,851.00","1,859.30","1,825.00","1,849.90","1,850.50","1,839.44",36633,67384295.1,5143.0,13753.0,37.54
BBTC,EQ,04-Dec-2025,"1,882.50","1,870.60","1,882.70","1,849.90","1,851.00","1,857.00","1,866.00",58799,109718839.7,7873.0,14490.0,24.64
BBTC,EQ,03-Dec-2025,"1,811.70","1,811.70","1,940.00","1,801.20","1,883.00","1,882.50","1,904.43",1585660,3019772076.9,97824.0,74787.0,4.72
BBTC,EQ,02-Dec-2025,"1,837.00","1,835.00","1,839.50","1,807.00","1,819.00","1,811.70","1,821.66",27935,50888145.1,3191.0,14934.0,53.46
BBTC,EQ,01-Dec-2025,"1,834.90","1,850.50","1,859.00","1,831.60","1,834.00","1,837.00","1,844.58",27362,50471416.3,4311.0,12074.0,44.13
BBTC,EQ,28-Nov-2025,"1,838.50","1,841.10","1,844.00","1,828.00","1,830.20","1,834.90","1,835.61",31613,58029211.3,3847.0,15600.0,49.35
BBTC,EQ,27-Nov-2025,"1,842.00","1,842.00","1,857.20","1,834.90","1,836.00","1,838.50","1,843.16",28077,51750455.7,2956.0,13588.0,48.4
BBTC,EQ,26-Nov-2025,"1,828.70","1,844.00","1,859.10","1,821.40","1,840.10","1,842.00","1,846.59",65576,121091686.6,5945.0,22144.0,33.77
BBTC,EQ,25-Nov-2025,"1,861.20","1,861.30","1,870.00","1,825.00","1,836.00","1,828.70","1,834.03",94782,173833034.3,6387.0,58230.0,61.44
BBTC,EQ,24-Nov-2025,"1,862.30","1,860.00","1,870.60","1,840.00","1,860.00","1,861.20","1,854.61",70637,131003999.8,8919.0,27599.0,39.07
BBTC,EQ,21-Nov-2025,"1,919.40","1,903.20","1,938.40","1,856.10","1,860.40","1,862.30","1,889.05",135920,256760204.7,11326.0,53380.0,39.27
BBTC,EQ,20-Nov-2025,"1,974.10","1,970.00","1,977.70","1,915.00","1,917.00","1,919.40","1,933.05",131927,255021057.0,10543.0,43443.0,32.93
BBTC,EQ,19-Nov-2025,"2,022.70","1,990.00","2,018.10","1,961.10","1,970.10","1,974.10","1,985.05",673896,1337717722.7,40281.0,63245.0,9.38
BBTC,EQ,18-Nov-2025,"1,842.80","1,845.80","2,048.00","1,843.00","1,986.00","2,022.70","2,009.68",5898302,11853726222.3,258699.0,265164.0,4.5
BBTC,EQ,17-Nov-2025,"1,830.70","1,832.10","1,860.00","1,830.00","1,839.00","1,842.80","1,846.53",53291,98403672.0,8511.0,19967.0,37.47
BBTC,EQ,14-Nov-2025,"1,873.30","1,878.00","1,908.10","1,820.00","1,823.00","1,830.70","1,860.20",187795,349336344.1,18124.0,50972.0,27.14
BBTC,EQ,13-Nov-2025,"1,890.20","1,895.80","1,902.50","1,867.20","1,871.90","1,873.30","1,874.25",40582,76060614.4,4752.0,23422.0,57.72
BBTC,EQ,12-Nov-2025,"1,907.60","1,907.00","1,919.70","1,879.00","1,895.80","1,890.20","1,894.58",43275,81988058.3,5138.0,20985.0,48.49
BBTC,EQ,11-Nov-2025,"1,935.90","1,935.00","1,935.40","1,853.40","1,900.00","1,907.60","1,888.19",77039,145464430.4,8035.0,32211.0,41.81
BBTC,EQ,10-Nov-2025,"1,901.50","1,910.10","1,939.00","1,906.30","1,939.00","1,935.90","1,927.35",26335,50756672.2,4926.0,12094.0,45.92
BBTC,EQ,07-Nov-2025,"1,901.00","1,897.00","1,913.90","1,870.10","1,904.50","1,901.50","1,889.20",48708,92019276.2,8177.0,18600.0,38.19
BBTC,EQ,06-Nov-2025,"1,952.80","1,998.00","2,007.90","1,892.80","1,897.00","1,901.00","1,943.16",70508,137008276.8,7721.0,24749.0,35.1
BBTC,EQ,04-Nov-2025,"1,979.80","1,988.00","1,990.90","1,941.50","1,945.00","1,952.80","1,960.62",32290,63308519.2,4469.0,15154.0,46.93
BBTC,EQ,03-Nov-2025,"1,980.80","1,980.90","2,014.80","1,964.80","1,979.90","1,979.80","1,985.05",40241,79880555.1,4711.0,18389.0,45.7
BBTC,EQ,31-Oct-2025,"1,993.30","2,010.00","2,010.00","1,969.50","1,983.30","1,980.80","1,980.35",31644,62666139.6,5311.0,15062.0,47.6
BBTC,EQ,30-Oct-2025,"2,014.60","2,030.00","2,042.90","1,980.10","1,990.00","1,993.30","2,006.02",50629,101562839.3,6476.0,14040.0,27.73
BBTC,EQ,29-Oct-2025,"2,007.00","2,011.00","2,027.90","1,994.30","2,022.00","2,014.60","2,011.96",49573,99738902.5,6633.0,17370.0,35.04
BBTC,EQ,28-Oct-2025,"2,035.10","2,032.00","2,044.90","2,000.00","2,000.70","2,007.00","2,014.46",41207,83009997.9,5589.0,18333.0,44.49
BBTC,EQ,27-Oct-2025,"2,078.90","2,074.00","2,075.40","2,027.20","2,040.00","2,035.10","2,042.52",59381,121286776.1,8045.0,26400.0,44.46
BBTC,EQ,24-Oct-2025,"2,103.10","2,104.00","2,104.40","2,058.00","2,074.00","2,078.90","2,080.31",84874,176564012.3,8843.0,36168.0,42.61
BBTC,EQ,23-Oct-2025,"2,056.70","2,048.00","2,135.00","2,035.00","2,100.00","2,103.10","2,104.38",308321,648823094.4,25507.0,92926.0,30.14
BBTC,EQ,21-Oct-2025,"2,048.30","2,050.00","2,082.50","2,042.00","2,045.00","2,056.70","2,066.19",45786,94602481.5,4308.0,20672.0,45.15
BBTC,EQ,20-Oct-2025,"1,999.70","1,990.00","2,056.60","1,985.30","2,047.90","2,048.30","2,037.66",290618,592181377.9,20982.0,67873.0,23.35
BBTC,EQ,17-Oct-2025,"1,887.70","1,896.00","2,088.00","1,896.00","1,990.00","1,999.70","2,020.90",3265482,6599205989.9,174830.0,233281.0,7.14
BBTC,EQ,16-Oct-2025,"1,908.00","1,930.00","1,930.00","1,880.90","1,889.00","1,887.70","1,895.09",26984,51137013.0,4139.0,12805.0,47.45
BBTC,EQ,15-Oct-2025,"1,911.20","1,911.20","1,929.00","1,859.20","1,912.10","1,908.00","1,896.46",63897,121178213.9,7589.0,27041.0,42.32
BBTC,EQ,14-Oct-2025,"1,889.80","1,889.80","1,930.00","1,876.20","1,903.80","1,911.20","1,907.45",66457,126763078.1,8971.0,33316.0,50.13
BBTC,EQ,13-Oct-2025,"1,879.00","1,889.00","1,896.70","1,847.20","1,895.00","1,889.80","1,870.55",36705,68658576.1,5675.0,16607.0,45.24
BBTC,EQ,10-Oct-2025,"1,848.00","1,844.00","1,894.80","1,838.20","1,889.00","1,879.00","1,868.64",32019,59832136.4,4009.0,19928.0,62.24
BBTC,EQ,09-Oct-2025,"1,846.90","1,862.50","1,869.80","1,830.10","1,844.00","1,848.00","1,843.76",20576,37937145.5,3526.0,6138.0,29.83
BBTC,EQ,08-Oct-2025,"1,879.80","1,874.00","1,890.00","1,840.20","1,844.10","1,846.90","1,860.98",45740,85121412.3,5155.0,20479.0,44.77
BBTC,EQ,07-Oct-2025,"1,915.10","1,915.00","1,918.70","1,871.10","1,873.00","1,879.80","1,891.78",37695,71310464.9,4888.0,16606.0,44.05
BBTC,EQ,06-Oct-2025,"1,838.60","1,842.00","1,985.00","1,838.60","1,898.00","1,915.10","1,922.66",799997,1538122990.1,65086.0,91177.0,11.4
BBTC,EQ,03-Oct-2025,"1,802.80","1,822.00","1,843.00","1,792.00","1,842.50","1,838.60","1,819.30",42031,76467170.9,5149.0,20816.0,49.53
BBTC,EQ,01-Oct-2025,"1,768.00","1,752.00","1,816.40","1,752.00","1,809.00","1,802.80","1,787.71",35021,62607221.6,4911.0,19037.0,54.36
BBTC,EQ,30-Sep-2025,"1,762.00","1,777.00","1,783.40","1,742.00","1,769.60","1,768.00","1,761.52",41386,72902325.3,6179.0,24901.0,60.17
BBTC,EQ,29-Sep-2025,"1,784.00","1,787.10","1,799.80","1,755.00","1,766.00","1,762.00","1,773.26",30687,54416138.3,5369.0,17681.0,57.62
BBTC,EQ,26-Sep-2025,"1,856.80","1,856.80","1,856.80","1,775.00","1,784.00","1,784.00","1,804.06",48019,86629376.7,7281.0,26596.0,55.39
BBTC,EQ,25-Sep-2025,"1,880.90","1,880.90","1,884.60","1,851.50","1,855.20","1,856.80","1,865.14",16770,31278367.7,2729.0,9780.0,58.32
BBTC,EQ,24-Sep-2025,"1,878.70","1,878.80","1,901.80","1,869.80","1,875.00","1,880.90","1,880.11",30193,56766095.9,3878.0,15929.0,52.76
BBTC,EQ,23-Sep-2025,"1,911.70","1,921.30","1,921.90","1,875.10","1,883.00","1,878.70","1,893.45",39618,75014893.0,5107.0,23569.0,59.49
BBTC,EQ,22-Sep-2025,"1,936.40","1,943.00","1,948.00","1,904.10","1,907.50","1,911.70","1,924.27",39509,76025865.3,5216.0,25359.0,64.19
BBTC,EQ,19-Sep-2025,"1,954.70","1,968.90","1,968.90","1,928.00","1,942.00","1,936.40","1,942.35",40332,78338767.9,4401.0,20239.0,50.18
BBTC,EQ,18-Sep-2025,"1,957.90","1,964.90","1,980.00","1,946.10","1,956.00","1,954.70","1,964.02",29961,58843999.0,4690.0,15671.0,52.3
BBTC,EQ,17-Sep-2025,"1,939.10","1,950.00","1,984.00","1,931.10","1,962.00","1,957.90","1,962.51",66848,131189663.7,9762.0,25687.0,38.43
BBTC,EQ,16-Sep-2025,"1,961.30","1,960.10","1,989.90","1,925.50","1,934.10","1,939.10","1,957.45",59780,117016167.3,8204.0,24031.0,40.2
BBTC,EQ,15-Sep-2025,"1,879.80","1,871.00","1,975.20","1,871.00","1,960.10","1,961.30","1,943.32",121122,235379246.9,14626.0,50757.0,41.91
BBTC,EQ,12-Sep-2025,"1,891.60","1,880.00","1,920.00","1,873.10","1,878.00","1,879.80","1,894.65",43590,82587902.0,6099.0,22001.0,50.47
BBTC,EQ,11-Sep-2025,"1,884.40","1,885.00","1,914.00","1,867.10","1,888.20","1,891.60","1,885.86",66915,126192327.5,7025.0,42323.0,63.25
BBTC,EQ,10-Sep-2025,"1,861.60","1,851.00","1,904.00","1,851.00","1,889.00","1,884.40","1,885.41",26238,49469441.2,4121.0,8682.0,33.09
BBTC,EQ,09-Sep-2025,"1,864.30","1,871.00","1,885.00","1,845.00","1,855.00","1,861.60","1,861.08",30598,56945229.9,5395.0,14959.0,48.89
BBTC,EQ,08-Sep-2025,"1,853.90","1,850.00","1,870.00","1,836.10","1,869.90","1,864.30","1,852.25",25896,47965948.5,3132.0,9447.0,36.48
BBTC,EQ,05-Sep-2025,"1,877.10","1,885.00","1,885.10","1,840.00","1,854.00","1,853.90","1,857.15",22556,41889926.0,4797.0,9876.0,43.78
BBTC,EQ,04-Sep-2025,"1,835.60","1,892.00","1,918.00","1,860.10","1,874.20","1,877.10","1,888.91",131798,248954549.4,15312.0,44182.0,33.52
BBTC,EQ,03-Sep-2025,"1,824.00","1,826.90","1,839.00","1,815.20","1,832.00","1,835.60","1,830.87",13318,24383490.3,2035.0,5611.0,42.13
BBTC,EQ,02-Sep-2025,"1,788.20","1,790.10","1,837.20","1,781.90","1,825.00","1,824.00","1,819.11",41250,75038410.1,5765.0,16441.0,39.86
BBTC,EQ,01-Sep-2025,"1,753.70","1,767.70","1,795.00","1,751.10","1,790.10","1,788.20","1,782.10",55789,99421300.5,6012.0,19023.0,34.1
BBTC,EQ,29-Aug-2025,"1,799.70","1,795.10","1,825.80","1,740.00","1,768.00","1,753.70","1,781.25",53130,94637695.3,7437.0,22740.0,42.8
BBTC,EQ,28-Aug-2025,"1,768.20","1,768.00","1,856.00","1,747.20","1,804.50","1,799.70","1,822.25",208206,379403598.7,27773.0,24673.0,11.85
BBTC,EQ,26-Aug-2025,"1,802.40","1,802.00","1,807.00","1,761.00","1,763.00","1,768.20","1,778.54",58491,104028709.9,8114.0,39351.0,67.28
BBTC,EQ,25-Aug-2025,"1,825.80","1,830.00","1,835.30","1,800.00","1,806.00","1,802.40","1,812.37",29378,53243918.0,6186.0,17043.0,58.01
BBTC,EQ,22-Aug-2025,"1,842.40","1,842.60","1,851.30","1,822.10","1,825.00","1,825.80","1,832.87",20360,37317164.3,3385.0,11303.0,55.52
BBTC,EQ,21-Aug-2025,"1,866.20","1,860.00","1,879.40","1,838.00","1,840.00","1,842.40","1,854.28",22244,41246654.3,3212.0,12787.0,57.49
BBTC,EQ,20-Aug-2025,"1,862.20","1,876.90","1,876.90","1,850.10","1,863.20","1,866.20","1,863.60",29892,55706848.7,5420.0,17453.0,58.39
BBTC,EQ,19-Aug-2025,"1,856.00","1,841.30","1,868.90","1,841.30","1,862.40","1,862.20","1,854.67",18576,34452266.4,3335.0,9192.0,49.48
BBTC,EQ,18-Aug-2025,"1,832.30","1,864.00","1,869.60","1,827.00","1,859.90","1,856.00","1,848.85",26670,49308867.1,5526.0,10795.0,40.48
BBTC,EQ,14-Aug-2025,"1,855.30","1,852.00","1,864.10","1,822.50","1,831.00","1,832.30","1,838.72",15552,28595727.6,3978.0,7692.0,49.46
BBTC,EQ,13-Aug-2025,"1,866.90","1,853.00","1,886.30","1,850.00","1,860.00","1,855.30","1,863.66",26767,49884711.9,6311.0,12696.0,47.43
BBTC,EQ,12-Aug-2025,"1,835.50","1,840.00","1,899.00","1,825.00","1,877.00","1,866.90","1,861.72",92885,172925539.1,12856.0,11057.0,11.9
BBTC,EQ,11-Aug-2025,"1,849.40","1,850.00","1,850.00","1,828.10","1,833.00","1,835.50","1,836.65",18079,33204705.6,3334.0,8268.0,45.73
BBTC,EQ,08-Aug-2025,"1,874.00","1,872.00","1,883.50","1,825.00","1,825.10","1,849.40","1,848.32",21901,40479963.1,4622.0,9072.0,41.42
BBTC,EQ,07-Aug-2025,"1,842.60","1,825.00","1,880.00","1,824.80","1,879.10","1,874.00","1,856.27",29688,55108820.1,5479.0,11542.0,38.88
BBTC,EQ,06-Aug-2025,"1,861.60","1,861.60","1,879.00","1,833.80","1,852.00","1,842.60","1,856.09",26562,49301591.8,5529.0,12838.0,48.33
BBTC,EQ,05-Aug-2025,"1,894.70","1,885.00","1,897.90","1,856.00","1,862.60","1,861.60","1,868.77",31788,59404520.2,6429.0,19312.0,60.75
BBTC,EQ,04-Aug-2025,"1,901.60","1,921.00","1,934.80","1,880.10","1,890.20","1,894.70","1,896.71",23741,45029828.1,3788.0,9690.0,40.82
BBTC,EQ,01-Aug-2025,"1,896.80","1,890.00","1,945.10","1,890.00","1,896.00","1,901.60","1,920.29",37820,72625423.6,6100.0,11025.0,29.15
BBTC,EQ,31-Jul-2025,"1,935.90","1,922.90","1,922.90","1,883.30","1,892.20","1,896.80","1,905.37",28428,54165989.4,4908.0,12670.0,44.57
BBTC,EQ,30-Jul-2025,"1,939.40","1,942.00","1,968.50","1,929.90","1,932.10","1,935.90","1,943.13",25343,49244770.1,4388.0,10303.0,40.65
BBTC,EQ,29-Jul-2025,"1,921.50","1,925.00","1,983.80","1,925.00","1,935.10","1,939.40","1,951.35",75135,146614560.6,12417.0,18232.0,24.27
BBTC,EQ,28-Jul-2025,"1,955.50","1,964.00","1,964.00","1,903.40","1,931.00","1,921.50","1,925.72",38416,73978456.9,6739.0,17043.0,44.36
BBTC,EQ,25-Jul-2025,"1,970.20","1,970.20","1,970.20","1,936.10","1,943.40","1,955.50","1,952.25",44894,87644529.5,8149.0,25163.0,56.05
BBTC,EQ,24-Jul-2025,"1,981.10","1,996.90","2,025.00","1,953.10","1,963.30","1,970.20","1,987.82",87638,174208396.7,13590.0,34279.0,39.11
BBTC,EQ,23-Jul-2025,"1,945.60","1,959.00","2,035.00","1,939.50","1,980.00","1,981.10","2,002.48",326560,653928913.2,38842.0,63467.0,19.44
BBTC,EQ,22-Jul-2025,"1,957.10","1,969.90","1,978.00","1,936.10","1,936.10","1,945.60","1,957.51",51830,101457940.2,6430.0,28300.0,54.6
BBTC,EQ,21-Jul-2025,"2,004.60","2,003.20","2,004.60","1,952.60","1,955.00","1,957.10","1,969.06",41782,82271125.3,5572.0,25385.0,60.76
BBTC,EQ,18-Jul-2025,"2,033.20","2,039.00","2,041.80","2,000.20","2,003.00","2,004.60","2,017.00",24993,50410812.4,4355.0,11975.0,47.91
BBTC,EQ,17-Jul-2025,"1,995.50","2,005.00","2,074.00","2,000.00","2,028.00","2,033.20","2,041.70",120014,245032566.6,15137.0,44253.0,36.87
BBTC,EQ,16-Jul-2025,"1,994.50","1,985.00","2,048.00","1,984.50","1,999.90","1,995.50","2,015.66",85891,173126733.6,12058.0,30560.0,35.58
BBTC,EQ,15-Jul-2025,"1,940.10","1,940.00","2,018.00","1,940.00","1,997.00","1,994.50","1,986.11",70445,139911513.4,8222.0,29887.0,42.43
BBTC,EQ,14-Jul-2025,"1,950.60","1,951.00","1,955.20","1,930.50","1,931.10","1,940.10","1,942.63",16094,31264651.9,2684.0,8660.0,53.81
BBTC,EQ,11-Jul-2025,"1,974.30","1,983.00","1,983.00","1,940.00","1,940.00","1,950.60","1,955.47",33251,65021346.2,5964.0,15181.0,45.66
BBTC,EQ,10-Jul-2025,"1,946.90","1,965.00","1,985.90","1,943.00","1,977.40","1,974.30","1,968.11",48885,96210925.1,5827.0,18404.0,37.65
BBTC,EQ,09-Jul-2025,"1,958.90","1,959.90","1,979.00","1,940.10","1,940.10","1,946.90","1,954.83",41245,80627108.7,5310.0,21934.0,53.18
BBTC,EQ,08-Jul-2025,"1,989.80","2,000.00","2,000.10","1,942.30","1,955.00","1,958.90","1,965.93",29193,57391277.9,4643.0,15113.0,51.77
BBTC,EQ,07-Jul-2025,"1,984.00","1,990.00","2,013.60","1,972.50","1,986.00","1,989.80","1,991.19",32059,63835400.3,5655.0,12105.0,37.76
BBTC,EQ,04-Jul-2025,"1,979.10","1,994.00","2,009.00","1,972.50","1,998.00","1,984.00","1,987.81",24127,47959852.6,4382.0,8640.0,35.81
BBTC,EQ,03-Jul-2025,"1,992.80","1,980.00","2,008.10","1,975.00","1,980.00","1,979.10","1,991.47",27862,55486333.1,4292.0,12709.0,45.61
BBTC,EQ,02-Jul-2025,"1,998.80","1,998.80","2,019.50","1,974.80","1,984.90","1,992.80","1,996.42",55546,110892874.7,8067.0,23590.0,42.47
BBTC,EQ,01-Jul-2025,"2,007.50","2,018.90","2,043.00","1,977.60","2,000.00","1,998.80","2,007.31",76360,153278366.2,9369.0,24623.0,32.25
BBTC,EQ,30-Jun-2025,"1,975.80","1,981.00","2,043.30","1,975.80","2,006.70","2,007.50","2,008.03",93752,188257287.2,14955.0,34339.0,36.63
BBTC,EQ,27-Jun-2025,"1,929.00","1,939.00","1,993.00","1,926.70","1,981.00","1,975.80","1,972.66",90234,178001219.3,11265.0,45975.0,50.95
BBTC,EQ,26-Jun-2025,"1,926.00","1,939.00","1,941.50","1,915.00","1,923.00","1,929.00","1,923.61",34481,66328046.8,4518.0,19382.0,56.21
BBTC,EQ,25-Jun-2025,"1,889.40","1,890.00","1,939.50","1,888.20","1,923.00","1,926.00","1,924.13",59908,115271039.1,8324.0,33311.0,55.6
BBTC,EQ,24-Jun-2025,"1,882.50","1,910.70","1,920.00","1,855.90","1,886.00","1,889.40","1,888.68",81515,153955482.9,11567.0,38999.0,47.84
BBTC,EQ,23-Jun-2025,"1,849.60","1,820.00","1,899.90","1,819.00","1,896.00","1,882.50","1,863.64",51432,95850781.6,7578.0,24820.0,48.26
BBTC,EQ,20-Jun-2025,"1,885.10","1,901.00","1,910.00","1,817.70","1,836.10","1,849.60","1,854.66",233623,433291066.4,31501.0,142301.0,60.91
BBTC,EQ,19-Jun-2025,"1,935.60","1,939.00","1,947.20","1,871.10","1,881.00","1,885.10","1,899.69",40012,76010360.1,7479.0,17438.0,43.58
BBTC,EQ,18-Jun-2025,"1,956.40","1,958.00","1,994.00","1,925.50","1,932.00","1,935.60","1,955.77",51166,100068695.8,7833.0,16844.0,32.92
BBTC,EQ,17-Jun-2025,"1,966.30","1,972.90","1,987.10","1,935.30","1,955.70","1,956.40","1,961.27",48402,94929305.2,8099.0,19619.0,40.53
BBTC,EQ,16-Jun-2025,"1,970.60","1,979.90","1,980.70","1,916.80","1,961.00","1,966.30","1,946.96",47656,92784163.8,7037.0,17770.0,37.29
BBTC,EQ,13-Jun-2025,"1,982.50","1,945.00","2,007.90","1,934.60","1,984.00","1,970.60","1,974.50",101636,200680205.3,14297.0,41313.0,40.65
BBTC,EQ,12-Jun-2025,"2,008.10","2,025.00","2,155.00","1,960.10","1,965.00","1,982.50","2,072.38",901409,1868061937.1,78742.0,213404.0,23.67
BBTC,EQ,11-Jun-2025,"1,982.80","1,982.90","2,044.90","1,982.90","2,006.00","2,008.10","2,019.40",107196,216471330.3,16178.0,45596.0,42.54
BBTC,EQ,10-Jun-2025,"2,006.10","2,023.00","2,052.60","1,973.60","1,982.80","1,982.80","2,006.37",61948,124290857.8,9078.0,31614.0,51.03
BBTC,EQ,09-Jun-2025,"1,980.50","1,994.00","2,032.60","1,984.20","2,007.00","2,006.10","2,012.68",51344,103339061.9,6863.0,26721.0,52.04
BBTC,EQ,06-Jun-2025,"1,981.40","1,998.00","1,998.00","1,972.00","1,985.00","1,980.50","1,982.04",40525,80322099.3,5464.0,21325.0,52.62
BBTC,EQ,05-Jun-2025,"2,004.40","2,020.00","2,020.00","1,971.00","1,976.60","1,981.40","1,986.67",28971,57555756.0,4864.0,14383.0,49.65
BBTC,EQ,04-Jun-2025,"2,013.80","2,028.00","2,029.20","2,000.00","2,000.00","2,004.40","2,010.46",28222,56739138.2,4086.0,13124.0,46.5
BBTC,EQ,03-Jun-2025,"2,029.80","2,054.00","2,059.30","2,007.60","2,010.00","2,013.80","2,032.20",30340,61656900.2,5065.0,12390.0,40.84
BBTC,EQ,02-Jun-2025,"2,021.00","2,011.20","2,070.00","2,010.50","2,025.00","2,029.80","2,047.36",63995,131020946.4,9304.0,21173.0,33.09
BBTC,EQ,30-May-2025,"2,030.00","2,039.00","2,041.90","1,990.30","2,011.50","2,021.00","2,022.78",40102,81117507.5,6698.0,20739.0,51.72
BBTC,EQ,29-May-2025,"2,030.50","2,047.70","2,047.70","2,009.60","2,028.00","2,030.00","2,028.19",36131,73280531.2,6461.0,18709.0,51.78
BBTC,EQ,28-May-2025,"1,992.60","2,000.90","2,047.70","1,993.70","2,025.00","2,030.50","2,024.75",75862,153601396.4,11708.0,34226.0,45.12
BBTC,EQ,27-May-2025,"1,998.30","2,000.00","2,016.00","1,981.70","1,984.00","1,992.60","2,000.92",39846,79728724.5,6882.0,18407.0,46.2
BBTC,EQ,26-May-2025,"1,981.10","1,999.90","2,020.00","1,982.00","1,992.00","1,998.30","2,002.59",48846,97818606.1,7089.0,23650.0,48.42
BBTC,EQ,23-May-2025,"1,981.30","1,989.00","1,997.20","1,954.50","1,980.00","1,981.10","1,982.68",32546,64528409.8,5191.0,16997.0,52.22
BBTC,EQ,22-May-2025,"1,978.00","1,988.90","2,019.00","1,958.50","1,972.00","1,981.30","1,984.00",56158,111417730.2,8678.0,20509.0,36.52
BBTC,EQ,21-May-2025,"1,971.60","1,982.90","1,987.00","1,938.10","1,972.30","1,978.00","1,968.39",60862,119800001.3,9173.0,23285.0,38.26
BBTC,EQ,20-May-2025,"1,956.80","1,972.50","2,039.90","1,925.50","1,972.00","1,971.60","1,992.31",147466,293797958.1,20449.0,44850.0,30.41
BBTC,EQ,19-May-2025,"1,909.20","1,925.00","2,094.00","1,910.60","1,965.00","1,956.80","2,022.29",457658,925517454.6,58510.0,98741.0,21.58
BBTC,EQ,16-May-2025,"1,843.50","1,867.00","1,935.90","1,852.80","1,909.00","1,909.20","1,891.05",92004,173984492.2,11989.0,36550.0,39.73
BBTC,EQ,15-May-2025,"1,831.60","1,830.00","1,857.10","1,813.70","1,841.10","1,843.50","1,837.45",47335,86975468.8,6712.0,21025.0,44.42
BBTC,EQ,14-May-2025,"1,791.30","1,799.90","1,864.60","1,791.90","1,830.00","1,831.60","1,835.73",66861,122738869.0,8864.0,28203.0,42.18
BBTC,EQ,13-May-2025,"1,794.80","1,771.00","1,812.90","1,770.10","1,782.80","1,791.30","1,793.29",48783,87482084.5,7761.0,22509.0,46.14
BBTC,EQ,12-May-2025,"1,720.40","1,769.90","1,803.20","1,766.10","1,782.00","1,794.80","1,790.41",56387,100955902.4,8347.0,29629.0,52.55
BBTC,EQ,09-May-2025,"1,746.80","1,730.00","1,740.00","1,698.50","1,721.00","1,720.40","1,714.32",51059,87531313.6,11630.0,19667.0,38.52
BBTC,EQ,08-May-2025,"1,770.60","1,774.10","1,794.90","1,734.00","1,734.00","1,746.80","1,767.30",45618,80620875.8,10050.0,18876.0,41.38
BBTC,EQ,07-May-2025,"1,835.70","1,796.00","1,807.90","1,750.00","1,774.00","1,770.60","1,772.06",114082,202159866.2,20072.0,46149.0,40.45
BBTC,EQ,06-May-2025,"1,886.60","1,890.00","1,924.90","1,825.80","1,834.00","1,835.70","1,885.24",43222,81484008.2,10902.0,15519.0,35.91
BBTC,EQ,05-May-2025,"1,853.10","1,860.00","1,900.80","1,859.30","1,884.60","1,886.60","1,887.55",27235,51407469.5,6976.0,10954.0,40.22
BBTC,EQ,02-May-2025,"1,865.20","1,879.90","1,879.90","1,824.20","1,853.70","1,853.10","1,852.20",55757,103273302.6,10685.0,15051.0,26.99
BBTC,EQ,30-Apr-2025,"1,954.40","1,954.10","1,954.10","1,858.00","1,860.00","1,865.20","1,890.99",55387,104736211.6,9846.0,26435.0,47.73
BBTC,EQ,29-Apr-2025,"1,921.50","1,935.50","1,964.80","1,916.00","1,960.00","1,954.40","1,945.83",55600,108188002.5,12706.0,22520.0,40.5
BBTC,EQ,28-Apr-2025,"1,903.50","1,901.50","1,954.30","1,849.80","1,921.10","1,921.50","1,923.08",36470,70134907.5,10165.0,11982.0,32.85
BBTC,EQ,25-Apr-2025,"1,988.40","1,989.00","1,995.10","1,882.00","1,891.00","1,903.50","1,916.93",77740,149021988.8,12060.0,23945.0,30.8
BBTC,EQ,24-Apr-2025,"1,965.00","1,979.50","2,017.00","1,954.90","1,989.00","1,988.40","1,986.47",96266,191229806.8,20588.0,31305.0,32.52
BBTC,EQ,23-Apr-2025,"1,970.30","1,998.00","1,998.00","1,937.90","1,967.00","1,965.00","1,961.46",56217,110267481.5,8704.0,23947.0,42.6
BBTC,EQ,22-Apr-2025,"1,920.60","1,937.00","1,980.90","1,909.90","1,966.40","1,970.30","1,953.91",94286,184226457.4,15973.0,35212.0,37.35
BBTC,EQ,21-Apr-2025,"1,901.20","1,917.50","1,960.00","1,897.60","1,921.80","1,920.60","1,919.34",83878,160990216.8,11234.0,36604.0,43.64
BBTC,EQ,17-Apr-2025,"1,909.70","1,923.90","1,923.90","1,891.80","1,905.00","1,901.20","1,905.57",44929,85615564.2,7865.0,19046.0,42.39
BBTC,EQ,16-Apr-2025,"1,855.80","1,871.50","1,938.80","1,856.60","1,908.60","1,909.70","1,908.81",117609,224492983.7,17605.0,31315.0,26.63
BBTC,EQ,15-Apr-2025,"1,826.25","1,851.00","1,906.20","1,838.20","1,861.90","1,855.80","1,866.99",65108,121555860.9,12281.0,28545.0,43.84
BBTC,EQ,11-Apr-2025,"1,788.10","1,788.15","1,857.30","1,788.15","1,823.85","1,826.25","1,825.26",69438,126742076.95,12643.0,20435.0,29.43
BBTC,EQ,09-Apr-2025,"1,740.95","1,740.50","1,822.00","1,720.00","1,772.50","1,788.10","1,780.20",90055,160315530.95,16292.0,12170.0,13.51
BBTC,EQ,08-Apr-2025,"1,715.65","1,733.00","1,765.95","1,724.95","1,741.95","1,740.95","1,740.87",32030,55759972.2,7363.0,12161.0,37.97
BBTC,EQ,07-Apr-2025,"1,766.55","1,670.50","1,734.65","1,642.00","1,700.00","1,715.65","1,683.19",63868,107501687.75,12668.0,20083.0,31.44
BBTC,EQ,04-Apr-2025,"1,870.85","1,872.95","1,877.95","1,746.10","1,770.00","1,766.55","1,792.45",71431,128036416.0,13997.0,24402.0,34.16
BBTC,EQ,03-Apr-2025,"1,889.20","1,851.50","1,902.00","1,851.50","1,873.00","1,870.85","1,872.73",64853,121452087.35,10378.0,17146.0,26.44
BBTC,EQ,02-Apr-2025,"1,767.60","1,774.95","1,916.00","1,737.15","1,886.00","1,889.20","1,883.81",534730,1007328362.3,53170.0,56559.0,10.58
BBTC,EQ,01-Apr-2025,"1,764.20","1,755.05","1,792.00","1,744.55","1,779.90","1,767.60","1,770.77",40058,70933548.05,10886.0,14551.0,36.32
BBTC,EQ,28-Mar-2025,"1,771.25","1,774.95","1,821.00","1,750.00","1,759.90","1,764.20","1,789.02",70977,126979617.2,12087.0,27594.0,38.88
BBTC,EQ,27-Mar-2025,"1,724.80","1,724.75","1,790.00","1,691.05","1,772.90","1,771.25","1,740.29",101716,177015006.8,15454.0,48013.0,47.2
BBTC,EQ,26-Mar-2025,"1,772.90","1,774.95","1,787.05","1,712.10","1,720.00","1,724.80","1,747.09",61995,108310857.25,6836.0,41452.0,66.86
BBTC,EQ,25-Mar-2025,"1,829.85","1,841.90","1,846.00","1,763.25","1,765.00","1,772.90","1,789.87",68877,123280831.3,13404.0,31729.0,46.07
BBTC,EQ,24-Mar-2025,"1,784.60","1,790.15","1,880.00","1,790.15","1,830.00","1,829.85","1,840.60",118403,217933076.05,19443.0,36085.0,30.48
BBTC,EQ,21-Mar-2025,"1,738.20","1,725.00","1,795.00","1,725.00","1,772.35","1,784.60","1,767.09",104745,185093786.1,13746.0,48129.0,45.95
BBTC,EQ,20-Mar-2025,"1,731.05","1,746.05","1,776.95","1,731.50","1,732.00","1,738.20","1,748.96",34861,60970379.4,7206.0,16076.0,46.11
BBTC,EQ,19-Mar-2025,"1,691.95","1,697.70","1,742.40","1,695.40","1,733.95","1,731.05","1,719.56",54361,93477180.75,9995.0,24760.0,45.55
BBTC,EQ,18-Mar-2025,"1,640.55","1,644.05","1,698.45","1,635.15","1,694.85","1,691.95","1,681.91",57546,96786934.2,8177.0,28728.0,49.92
BBTC,EQ,17-Mar-2025,"1,644.40","1,648.05","1,684.30","1,628.00","1,630.00","1,640.55","1,653.51",85571,141492331.2,14730.0,17436.0,20.38
BBTC,EQ,13-Mar-2025,"1,698.15","1,700.00","1,707.25","1,636.75","1,644.90","1,644.40","1,661.17",61172,101617175.8,10225.0,26999.0,44.14
BBTC,EQ,12-Mar-2025,"1,686.35","1,683.65","1,717.10","1,677.35","1,693.00","1,698.15","1,699.17",45075,76589983.2,9100.0,16020.0,35.54
BBTC,EQ,11-Mar-2025,"1,713.20","1,710.00","1,717.95","1,676.20","1,695.00","1,686.35","1,690.70",38267,64698007.5,8375.0,17622.0,46.05
BBTC,EQ,10-Mar-2025,"1,792.95","1,796.00","1,809.50","1,707.05","1,713.00","1,713.20","1,746.71",63080,110182754.9,10349.0,32284.0,51.18
BBTC,EQ,07-Mar-2025,"1,766.85","1,785.00","1,812.90","1,764.50","1,796.00","1,792.95","1,786.24",47777,85341295.75,8371.0,20675.0,43.27
BBTC,EQ,06-Mar-2025,"1,741.55","1,744.30","1,798.00","1,744.30","1,761.00","1,766.85","1,778.15",63484,112883997.65,11967.0,24103.0,37.97
BBTC,EQ,05-Mar-2025,"1,689.90","1,689.90","1,746.00","1,685.50","1,742.90","1,741.55","1,724.66",42828,73863726.95,9729.0,12174.0,28.43
BBTC,EQ,04-Mar-2025,"1,714.85","1,709.90","1,735.95","1,662.05","1,685.00","1,689.90","1,696.33",65426,110983866.6,14069.0,21994.0,33.62
BBTC,EQ,03-Mar-2025,"1,658.15","1,675.15","1,741.00","1,615.75","1,710.00","1,714.85","1,682.78",107161,180328621.75,23573.0,25835.0,24.11
BBTC,EQ,28-Feb-2025,"1,718.70","1,701.00","1,713.15","1,607.05","1,665.05","1,658.15","1,651.38",102495,169258579.7,19816.0,29284.0,28.57
BBTC,EQ,27-Feb-2025,"1,794.40","1,778.00","1,786.60","1,705.30","1,717.70","1,718.70","1,739.42",76391,132876136.4,13812.0,26366.0,34.51
BBTC,EQ,25-Feb-2025,"1,813.90","1,816.00","1,833.25","1,785.20","1,789.00","1,794.40","1,812.58",49070,88943109.25,9969.0,8658.0,17.64
BBTC,EQ,24-Feb-2025,"1,836.95","1,823.00","1,878.50","1,772.20","1,816.95","1,813.90","1,817.80",93443,169861116.0,18358.0,20731.0,22.19
BBTC,EQ,21-Feb-2025,"1,894.80","1,874.80","1,902.00","1,823.00","1,835.00","1,836.95","1,844.80",105774,195132293.1,16601.0,17747.0,16.78
BBTC,EQ,20-Feb-2025,"1,900.10","1,900.05","1,926.00","1,876.15","1,893.00","1,894.80","1,898.43",33433,63470331.65,7119.0,10711.0,32.04
BBTC,EQ,19-Feb-2025,"1,855.90","1,858.55","1,942.90","1,831.95","1,895.00","1,900.10","1,896.73",160007,303489324.75,30033.0,46765.0,29.23
BBTC,EQ,18-Feb-2025,"1,890.40","1,905.00","1,905.00","1,812.60","1,850.00","1,855.90","1,845.76",57807,106697921.95,11583.0,10593.0,18.32
BBTC,EQ,17-Feb-2025,"1,864.00","1,864.00","1,913.85","1,836.40","1,885.10","1,890.40","1,877.34",69330,130156226.6,14604.0,18751.0,27.05
BBTC,EQ,14-Feb-2025,"1,948.00","1,964.95","1,969.90","1,839.05","1,862.00","1,864.00","1,872.31",69569,130254589.55,12141.0,27475.0,39.49
BBTC,EQ,13-Feb-2025,"1,942.30","1,959.80","1,993.85","1,924.85","1,944.00","1,948.00","1,962.52",72042,141383906.85,14665.0,15425.0,21.41
BBTC,EQ,12-Feb-2025,"1,987.75","2,004.20","2,004.20","1,900.00","1,956.00","1,942.30","1,951.54",107223,209249623.7,22620.0,16116.0,15.03
BBTC,EQ,11-Feb-2025,"2,093.30","2,097.05","2,103.10","1,970.95","2,000.00","1,987.75","2,015.97",72697,146554658.9,13383.0,20217.0,27.81
BBTC,EQ,10-Feb-2025,"2,119.20","2,119.05","2,132.00","2,076.90","2,097.85","2,093.30","2,097.67",22454,47101114.2,5619.0,8941.0,39.82
BBTC,EQ,07-Feb-2025,"2,145.10","2,154.90","2,161.00","2,102.55","2,116.00","2,119.20","2,128.81",21598,45978011.15,4470.0,7058.0,32.68
BBTC,EQ,06-Feb-2025,"2,140.35","2,152.40","2,173.50","2,128.10","2,151.15","2,145.10","2,151.13",37370,80387592.7,6332.0,8598.0,23.01
BBTC,EQ,05-Feb-2025,"2,128.30","2,135.00","2,170.00","2,124.00","2,131.25","2,140.35","2,150.19",64576,138850753.95,10160.0,11639.0,18.02
BBTC,EQ,04-Feb-2025,"2,113.80","2,114.05","2,141.60","2,106.70","2,125.05","2,128.30","2,122.24",42359,89895970.65,8110.0,8350.0,19.71
BBTC,EQ,03-Feb-2025,"2,159.90","2,127.00","2,224.95","2,102.50","2,106.00","2,113.80","2,144.89",92386,198157895.3,16072.0,13534.0,14.65
BBTC,EQ,01-Feb-2025,"2,118.15","2,148.00","2,188.95","2,060.00","2,148.00","2,159.90","2,137.54",68606,146648318.75,12195.0,15562.0,22.68
BBTC,EQ,31-Jan-2025,"2,106.45","2,102.15","2,144.25","2,082.00","2,113.00","2,118.15","2,117.52",51923,109947869.75,8724.0,18085.0,34.83
BBTC,EQ,30-Jan-2025,"2,129.85","2,100.05","2,136.00","2,090.35","2,100.00","2,106.45","2,111.95",60207,127153946.4,10059.0,12403.0,20.6
BBTC,EQ,29-Jan-2025,"2,049.40","2,050.05","2,147.40","2,050.05","2,130.10","2,129.85","2,119.04",88369,187257836.95,18137.0,12534.0,14.18
BBTC,EQ,28-Jan-2025,"2,103.50","2,114.00","2,119.85","2,005.00","2,051.00","2,049.40","2,039.53",148824,303530786.95,22508.0,24505.0,16.47
BBTC,EQ,27-Jan-2025,"2,161.95","2,150.10","2,155.95","2,064.55","2,119.90","2,103.50","2,107.63",170647,359660956.75,23848.0,18741.0,10.98
BBTC,EQ,24-Jan-2025,"2,232.20","2,249.00","2,249.05","2,132.25","2,170.00","2,161.95","2,178.89",158736,345868866.7,23229.0,23950.0,15.09
BBTC,EQ,23-Jan-2025,"2,230.15","2,245.10","2,278.80","2,179.90","2,220.00","2,232.20","2,231.13",846264,1888126993.75,85830.0,45551.0,5.38
BBTC,EQ,22-Jan-2025,"1,980.10","2,025.00","2,345.25","1,972.75","2,330.00","2,230.15","2,141.94",1508139,3230339192.6,128631.0,101330.0,6.72
BBTC,EQ,21-Jan-2025,"2,034.70","2,049.75","2,049.75","1,970.00","1,982.45","1,980.10","1,999.47",24101,48189156.5,5682.0,8961.0,37.18
BBTC,EQ,20-Jan-2025,"2,003.30","2,005.00","2,049.75","1,995.30","2,030.00","2,034.70","2,021.90",30324,61312156.7,7365.0,10243.0,33.78
BBTC,EQ,17-Jan-2025,"2,000.90","2,001.00","2,033.30","1,992.95","2,001.00","2,003.30","2,007.79",25554,51307080.25,6279.0,8783.0,34.37
BBTC,EQ,16-Jan-2025,"1,991.60","2,001.00","2,027.00","1,993.95","2,000.00","2,000.90","2,006.90",28219,56632751.8,7126.0,12802.0,45.37
BBTC,EQ,15-Jan-2025,"1,977.30","1,991.00","2,017.40","1,979.90","1,989.00","1,991.60","1,997.71",33478,66879479.45,8531.0,11859.0,35.42
BBTC,EQ,14-Jan-2025,"1,947.90","1,951.25","1,991.70","1,951.25","1,983.85","1,977.30","1,974.36",41726,82382067.55,8472.0,16872.0,40.44
BBTC,EQ,13-Jan-2025,"2,006.65","2,008.95","2,025.00","1,928.25","1,949.15","1,947.90","1,979.29",61360,121449434.75,13266.0,24046.0,39.19
BBTC,EQ,10-Jan-2025,"2,074.45","2,050.25","2,094.50","2,000.00","2,011.00","2,006.65","2,031.03",47159,95781535.3,9139.0,16807.0,35.64
BBTC,EQ,09-Jan-2025,"2,071.60","2,088.55","2,126.00","2,064.00","2,074.00","2,074.45","2,097.89",59868,125596294.05,12215.0,15428.0,25.77
BBTC,EQ,08-Jan-2025,"2,064.00","2,064.00","2,134.00","2,037.20","2,134.00","2,071.60","2,069.54",70101,145077169.7,11993.0,23251.0,33.17
BBTC,EQ,07-Jan-2025,"2,089.85","2,100.90","2,102.25","2,045.10","2,063.00","2,064.00","2,061.85",109584,225946022.35,32456.0,54020.0,49.3
BBTC,EQ,06-Jan-2025,"2,193.85","2,159.25","2,191.80","2,080.00","2,098.00","2,089.85","2,120.31",52783,111916403.5,10964.0,23134.0,43.83
BBTC,EQ,03-Jan-2025,"2,234.20","2,233.95","2,248.30","2,171.00","2,205.00","2,193.85","2,210.88",45775,101202811.2,6568.0,19234.0,42.02
BBTC,EQ,02-Jan-2025,"2,250.75","2,220.00","2,249.75","2,215.00","2,231.10","2,234.20","2,231.77",58192,129871065.45,10074.0,17102.0,29.39
BBTC,EQ,01-Jan-2025,"2,120.65","2,105.90","2,295.95","2,105.85","2,250.00","2,250.75","2,233.76",453550,1013121025.0,58125.0,37734.0,8.32
BBTC,EQ,31-Dec-2024,"2,129.00","2,090.00","2,147.95","2,011.00","2,124.70","2,120.65","2,068.52",136309,281958303.8,22458.0,38151.0,27.99
BBTC,EQ,30-Dec-2024,"2,121.55","2,106.00","2,325.80","2,043.75","2,045.20","2,129.00","2,110.20",98810,208508859.35,17155.0,30431.0,30.8
BBTC,EQ,17-Apr-2026,"1,501.00","1,501.00","1,542.00","1,500.00","1,518.30","1,526.40","1,527.05",87581,133740166.7,8012.0,40433.0,46.17
BBTC,EQ,16-Apr-2026,"1,494.60","1,504.90","1,510.00","1,475.90","1,501.00","1,501.00","1,494.85",158789,237365983.8,15625.0,89614.0,56.44
BBTC,EQ,15-Apr-2026,"1,450.60","1,491.00","1,517.20","1,466.30","1,497.80","1,494.60","1,494.29",139376,208268472.7,13456.0,86098.0,61.77
BBTC,EQ,13-Apr-2026,"1,487.40","1,479.00","1,479.00","1,438.50","1,458.90","1,450.60","1,460.54",90437,132087269.6,6682.0,51268.0,56.69
BBTC,EQ,10-Apr-2026,"1,445.40","1,440.10","1,502.00","1,440.10","1,486.00","1,487.40","1,486.40",100823,149863631.3,9176.0,49158.0,48.76
BBTC,EQ,09-Apr-2026,"1,473.00","1,477.50","1,484.00","1,440.20","1,445.90","1,445.40","1,456.82",108147,157550329.8,11427.0,59091.0,54.64
BBTC,EQ,08-Apr-2026,"1,431.10","1,484.00","1,495.70","1,456.00","1,477.90","1,473.00","1,469.01",236578,347535827.7,20269.0,143004.0,60.45
BBTC,EQ,07-Apr-2026,"1,434.70","1,432.50","1,438.40","1,418.00","1,434.00","1,431.10","1,427.98",31291,44682883.5,3322.0,13742.0,43.92
BBTC,EQ,06-Apr-2026,"1,410.70","1,410.00","1,442.00","1,398.50","1,430.80","1,434.70","1,421.79",59029,83927131.2,5689.0,23364.0,39.58
BBTC,EQ,02-Apr-2026,"1,404.40","1,381.10","1,416.00","1,356.10","1,408.80","1,410.70","1,391.40",39853,55451577.0,5396.0,18343.0,46.03
BBTC,EQ,01-Apr-2026,"1,322.00","1,349.00","1,414.30","1,325.00","1,405.80","1,404.40","1,388.97",65493,90967506.8,8477.0,22056.0,33.68
BBTC,EQ,30-Mar-2026,"1,375.00","1,355.00","1,367.20","1,314.60","1,319.00","1,322.00","1,336.53",73894,98761181.0,9894.0,35112.0,47.52
BBTC,EQ,27-Mar-2026,"1,417.80","1,416.20","1,422.50","1,368.70","1,370.90","1,375.00","1,388.39",90835,126114324.7,11086.0,56384.0,62.07
BBTC,EQ,25-Mar-2026,"1,414.60","1,430.00","1,449.80","1,414.90","1,420.00","1,417.80","1,431.50",78500,112372987.7,7488.0,38189.0,48.65
BBTC,EQ,24-Mar-2026,"1,396.50","1,436.00","1,444.00","1,383.20","1,417.40","1,414.60","1,413.82",69445,98182668.8,9044.0,34715.0,49.99
BBTC,EQ,23-Mar-2026,"1,504.60","1,479.30","1,491.20","1,380.00","1,401.10","1,396.50","1,421.39",89467,127167797.8,11374.0,49138.0,54.92
BBTC,EQ,20-Mar-2026,"1,514.60","1,520.00","1,534.90","1,494.20","1,510.30","1,504.60","1,516.20",26045,39489355.2,4061.0,15169.0,58.24
BBTC,EQ,19-Mar-2026,"1,540.80","1,526.20","1,538.90","1,510.50","1,518.00","1,514.60","1,522.21",28079,42742229.3,4434.0,18108.0,64.49
BBTC,EQ,18-Mar-2026,"1,511.20","1,515.00","1,563.80","1,515.00","1,543.50","1,540.80","1,543.74",52461,80986057.2,6949.0,30376.0,57.9
BBTC,EQ,17-Mar-2026,"1,495.60","1,502.60","1,521.00","1,495.70","1,521.00","1,511.20","1,506.68",30624,46140576.2,4714.0,16210.0,52.93
BBTC,EQ,16-Mar-2026,"1,527.30","1,527.30","1,529.10","1,476.10","1,498.80","1,495.60","1,498.31",42592,63815897.4,8755.0,24346.0,57.16
BBTC,EQ,13-Mar-2026,"1,570.90","1,560.00","1,564.60","1,505.30","1,528.00","1,527.30","1,528.66",39359,60166604.2,6435.0,21660.0,55.03
BBTC,EQ,12-Mar-2026,"1,570.40","1,574.40","1,594.00","1,539.00","1,559.30","1,570.90","1,574.47",43038,67762177.5,5702.0,23191.0,53.88
BBTC,EQ,11-Mar-2026,"1,562.80","1,565.00","1,590.00","1,560.00","1,564.00","1,570.40","1,576.80",32970,51987034.6,5093.0,13929.0,42.25
BBTC,EQ,10-Mar-2026,"1,538.20","1,552.90","1,568.40","1,529.30","1,568.00","1,562.80","1,549.34",40728,63101632.4,6222.0,17551.0,43.09
BBTC,EQ,09-Mar-2026,"1,620.40","1,605.00","1,605.00","1,511.20","1,552.80","1,538.20","1,542.46",69841,107726952.7,8737.0,37856.0,54.2
BBTC,EQ,06-Mar-2026,"1,627.30","1,619.00","1,633.80","1,601.20","1,617.90","1,620.40","1,617.88",23446,37932871.5,3749.0,12042.0,51.36
BBTC,EQ,05-Mar-2026,"1,569.60","1,594.00","1,640.00","1,578.00","1,624.00","1,627.30","1,618.30",96096,155511734.1,14648.0,23515.0,24.47
BBTC,EQ,04-Mar-2026,"1,644.20","1,620.00","1,623.70","1,565.00","1,567.40","1,569.60","1,580.88",75133,118776344.9,10484.0,46400.0,61.76
BBTC,EQ,02-Mar-2026,"1,694.20","1,620.00","1,680.00","1,620.00","1,676.00","1,644.20","1,653.30",41838,69170674.0,6258.0,20247.0,48.39
BBTC,EQ,27-Feb-2026,"1,725.00","1,725.00","1,725.10","1,690.00","1,690.00","1,694.20","1,699.10",39953,67884070.3,6567.0,23051.0,57.7
BBTC,EQ,26-Feb-2026,"1,764.00","1,756.30","1,763.90","1,712.60","1,723.90","1,725.00","1,733.92",33486,58062100.8,6986.0,20672.0,61.73
BBTC,EQ,25-Feb-2026,"1,766.40","1,766.40","1,787.90","1,743.40","1,756.90","1,764.00","1,762.97",17185,30296577.6,2813.0,9816.0,57.12
BBTC,EQ,24-Feb-2026,"1,778.50","1,778.00","1,779.50","1,747.90","1,763.00","1,766.40","1,761.96",27176,47882957.4,2606.0,14530.0,53.47
BBTC,EQ,23-Feb-2026,"1,776.80","1,780.20","1,807.00","1,769.20","1,780.50","1,778.50","1,787.91",16252,29057067.3,4099.0,7690.0,47.32
BBTC,EQ,20-Feb-2026,"1,785.00","1,770.00","1,785.80","1,755.00","1,784.70","1,776.80","1,767.90",18775,33192375.3,2660.0,7817.0,41.64
BBTC,EQ,19-Feb-2026,"1,821.10","1,821.10","1,830.50","1,771.10","1,790.00","1,785.00","1,801.05",30127,54260382.5,2824.0,15449.0,51.28
BBTC,EQ,18-Feb-2026,"1,807.90","1,808.00","1,833.70","1,808.00","1,816.00","1,821.10","1,820.63",24905,45342909.2,2808.0,10980.0,44.09
BBTC,EQ,17-Feb-2026,"1,801.90","1,796.00","1,827.00","1,796.00","1,806.00","1,807.90","1,812.71",23535,42662238.6,3302.0,13257.0,56.33
BBTC,EQ,16-Feb-2026,"1,791.90","1,792.90","1,809.90","1,784.60","1,802.00","1,801.90","1,798.63",19423,34934738.1,2868.0,9947.0,51.21
BBTC,EQ,13-Feb-2026,"1,813.00","1,805.00","1,812.20","1,772.50","1,795.00","1,791.90","1,791.31",24420,43743773.7,3147.0,8434.0,34.54
BBTC,EQ,12-Feb-2026,"1,854.20","1,865.50","1,865.50","1,803.20","1,808.00","1,813.00","1,822.06",30146,54927867.1,3515.0,11382.0,37.76
BBTC,EQ,11-Feb-2026,"1,806.40","1,839.80","1,903.00","1,820.00","1,848.50","1,854.20","1,864.97",222052,414120466.0,17226.0,31453.0,14.16
BBTC,EQ,10-Feb-2026,"1,791.90","1,799.00","1,820.00","1,788.00","1,816.00","1,806.40","1,804.01",28610,51612699.2,3536.0,12674.0,44.3
BBTC,EQ,09-Feb-2026,"1,778.00","1,778.60","1,795.40","1,773.50","1,793.80","1,791.90","1,787.06",17868,31931143.2,2664.0,10383.0,58.11
BBTC,EQ,06-Feb-2026,"1,773.20","1,773.20","1,785.90","1,760.00","1,775.00","1,778.00","1,772.42",10818,19174086.8,1789.0,5306.0,49.05
BBTC,EQ,05-Feb-2026,"1,754.60","1,756.90","1,796.30","1,736.80","1,769.00","1,773.20","1,768.07",43354,76652952.2,6947.0,16814.0,38.78
BBTC,EQ,04-Feb-2026,"1,758.80","1,751.80","1,765.80","1,739.80","1,756.90","1,754.60","1,752.70",34658,60745132.7,6973.0,14154.0,40.84
BBTC,EQ,03-Feb-2026,"1,717.30","1,753.90","1,784.80","1,734.40","1,764.00","1,758.80","1,754.63",27881,48920895.5,4790.0,14075.0,50.48
BBTC,EQ,02-Feb-2026,"1,677.10","1,684.60","1,729.80","1,656.10","1,702.50","1,717.30","1,690.24",31258,52833589.9,5149.0,14815.0,47.4
BBTC,EQ,01-Feb-2026,"1,719.30","1,719.30","1,736.00","1,655.80","1,661.00","1,677.10","1,689.65",31917,53928527.8,4221.0,14007.0,43.89
BBTC,EQ,30-Jan-2026,"1,713.80","1,714.90","1,730.20","1,689.80","1,722.90","1,719.30","1,712.50",40002,68503608.3,6900.0,17622.0,44.05
BBTC,EQ,29-Jan-2026,"1,724.20","1,728.10","1,730.10","1,705.00","1,716.80","1,713.80","1,715.82",16414,28163461.3,3442.0,8499.0,51.78
BBTC,EQ,28-Jan-2026,"1,702.80","1,720.10","1,734.90","1,702.00","1,728.80","1,724.20","1,718.69",30328,52124389.0,4783.0,13823.0,45.58
BBTC,EQ,27-Jan-2026,"1,733.20","1,728.00","1,750.90","1,682.00","1,712.00","1,702.80","1,702.99",32748,55769401.7,6725.0,12381.0,37.81
BBTC,EQ,23-Jan-2026,"1,780.60","1,780.00","1,807.90","1,728.70","1,752.00","1,733.20","1,763.56",27322,48184075.0,4886.0,12871.0,47.11
BBTC,EQ,22-Jan-2026,"1,732.90","1,736.10","1,790.00","1,736.10","1,790.00","1,780.60","1,769.73",36035,63772119.6,5314.0,17072.0,47.38
BBTC,EQ,21-Jan-2026,"1,710.10","1,710.20","1,768.00","1,706.00","1,729.70","1,732.90","1,742.55",80065,139517543.7,11537.0,27606.0,34.48
BBTC,EQ,20-Jan-2026,"1,791.80","1,780.10","1,794.70","1,684.00","1,709.90","1,710.10","1,741.43",67884,118215513.2,6950.0,34198.0,50.38
BBTC,EQ,19-Jan-2026,"1,816.60","1,816.60","1,834.70","1,785.70","1,792.00","1,791.80","1,794.74",20810,37348519.7,3450.0,9515.0,45.72
BBTC,EQ,16-Jan-2026,"1,846.30","1,825.00","1,846.30","1,811.50","1,812.80","1,816.60","1,825.88",27634,50456398.4,4493.0,13253.0,47.96
BBTC,EQ,14-Jan-2026,"1,816.70","1,805.90","1,854.00","1,805.90","1,848.60","1,846.30","1,843.14",28690,52879635.1,4648.0,13825.0,48.19
BBTC,EQ,13-Jan-2026,"1,802.40","1,820.00","1,845.00","1,810.00","1,818.90","1,816.70","1,824.17",20774,37895257.0,3803.0,8630.0,41.54
BBTC,EQ,12-Jan-2026,"1,815.70","1,811.10","1,817.90","1,776.00","1,808.00","1,802.40","1,794.08",40574,72793074.2,6736.0,15091.0,37.19
BBTC,EQ,09-Jan-2026,"1,835.80","1,835.80","1,858.00","1,808.00","1,817.00","1,815.70","1,832.21",44985,82421892.1,7498.0,18318.0,40.72
BBTC,EQ,08-Jan-2026,"1,904.10","1,885.10","1,909.90","1,815.70","1,833.00","1,835.80","1,853.68",56114,104017180.3,8967.0,23494.0,41.87
BBTC,EQ,07-Jan-2026,"1,876.70","1,884.00","1,927.00","1,868.40","1,897.00","1,904.10","1,905.04",82435,157041920.2,10440.0,32597.0,39.54
BBTC,EQ,06-Jan-2026,"1,868.70","1,885.00","1,891.50","1,853.20","1,879.00","1,876.70","1,873.98",26960,50522492.9,3893.0,12278.0,45.54
BBTC,EQ,05-Jan-2026,"1,880.90","1,880.80","1,897.00","1,860.60","1,868.70","1,868.70","1,878.61",29464,55351442.0,5894.0,14196.0,48.18
BBTC,EQ,02-Jan-2026,"1,867.60","1,867.80","1,889.60","1,863.40","1,884.00","1,880.90","1,876.80",28789,54031159.8,4340.0,10739.0,37.3
BBTC,EQ,01-Jan-2026,"1,889.10","1,890.00","1,895.00","1,858.00","1,867.90","1,867.60","1,869.71",23537,44007406.6,3310.0,9863.0,41.9
BBTC,EQ,31-Dec-2025,"1,877.00","1,875.00","1,908.50","1,868.10","1,884.40","1,889.10","1,893.06",35287,66800261.7,5250.0,14827.0,42.02
BBTC,EQ,30-Dec-2025,"1,828.60","1,842.00","1,926.20","1,824.10","1,873.00","1,877.00","1,897.78",361497,686042985.3,33602.0,37618.0,10.41
BBTC,EQ,29-Dec-2025,"1,836.90","1,836.90","1,850.60","1,823.00","1,826.50","1,828.60","1,833.33",19811,36320110.2,2935.0,10635.0,53.68
