"ï»¿""symbol""",series,date,prevclose,openprice,highprice,lowprice,lastprice,closeprice,averageprice,totaltradedquantity,turnoverinrs,no.oftrades,deliverableqty,%dlyqttotradedqty
MMFSL,EQ,30-Dec-2011,82.6,82.5,84.2,81.4,81.5,82.4,82.9,5425,449745.3,62.0,3652.0,67.32
MMFSL,EQ,29-Dec-2011,82.55,79.0,84.75,79.0,81.35,82.6,81.55,28944,2360358.75,117.0,27750.0,95.87
MMFSL,EQ,28-Dec-2011,82.95,84.0,84.0,82.35,82.35,82.55,82.89,3593,297840.2,74.0,2075.0,57.75
MMFSL,EQ,27-Dec-2011,82.55,83.0,85.0,82.45,83.75,82.95,83.29,7681,639769.1,107.0,4362.0,56.79
MMFSL,EQ,26-Dec-2011,83.6,82.6,85.5,81.5,82.15,82.55,82.5,47483,3917274.7,257.0,40138.0,84.53
MMFSL,EQ,23-Dec-2011,81.95,81.0,84.5,81.0,84.0,83.6,82.75,11918,986239.55,185.0,5262.0,44.15
MMFSL,EQ,22-Dec-2011,85.1,83.0,85.8,81.05,81.95,81.95,82.0,22473,1842747.1,205.0,17667.0,78.61
MMFSL,EQ,21-Dec-2011,84.5,87.4,88.0,83.5,84.0,85.1,86.0,166109,14285108.45,156.0,163899.0,98.67
MMFSL,EQ,20-Dec-2011,86.35,90.4,90.4,83.0,83.6,84.5,85.63,8381,717629.95,172.0,7552.0,90.11
MMFSL,EQ,19-Dec-2011,83.7,85.45,87.0,83.8,86.1,86.35,85.49,8508,727322.15,139.0,7216.0,84.81
MMFSL,EQ,16-Dec-2011,86.85,85.05,91.15,82.9,85.75,83.7,84.92,49984,4244589.7,231.0,42285.0,84.6
MMFSL,EQ,15-Dec-2011,90.3,89.0,90.0,86.75,87.05,86.85,87.15,43406,3782895.9,146.0,40873.0,94.16
MMFSL,EQ,14-Dec-2011,94.8,90.1,94.0,90.1,90.15,90.3,91.51,103511,9472670.1,248.0,99724.0,96.34
MMFSL,EQ,13-Dec-2011,99.55,100.0,100.0,94.6,96.1,94.8,95.58,10103,965642.05,260.0,5923.0,58.63
MMFSL,EQ,12-Dec-2011,103.25,100.4,106.6,98.1,98.1,99.55,104.67,163901,17156296.6,218.0,159142.0,97.1
MMFSL,EQ,09-Dec-2011,104.25,103.0,105.0,101.1,105.0,103.25,103.45,6353,657241.0,133.0,4180.0,65.8
MMFSL,EQ,08-Dec-2011,106.35,99.5,107.5,96.15,106.0,104.25,104.36,21388,2232091.45,477.0,7992.0,37.37
MMFSL,EQ,07-Dec-2011,113.2,114.9,118.9,103.0,106.0,106.35,110.75,25866,2864646.4,637.0,13012.0,50.31
MMFSL,EQ,05-Dec-2011,123.95,121.95,122.0,112.0,112.0,113.2,114.66,23366,2679152.6,555.0,9238.0,39.54
MMFSL,EQ,02-Dec-2011,131.35,135.0,135.0,120.5,123.0,123.95,124.31,29023,3607831.05,1107.0,12705.0,43.78
MMFSL,EQ,01-Dec-2011,134.15,143.0,145.9,130.0,130.0,131.35,135.29,55975,7572669.9,1539.0,23263.0,41.56
MMFSL,EQ,30-Nov-2011,123.75,134.0,136.1,111.4,136.1,134.15,127.87,148853,19033753.3,2835.0,79957.0,53.72
MMFSL,EQ,29-Nov-2011,103.15,123.0,123.75,119.0,123.75,123.75,123.55,75046,9271968.1,723.0,53246.0,70.95
MMFSL,EQ,28-Nov-2011,85.95,87.0,103.15,87.0,103.15,103.15,102.39,13633,1395925.0,210.0,11055.0,81.09
MMFSL,EQ,25-Nov-2011,83.9,83.45,86.8,82.55,85.55,85.95,85.39,6064,517786.4,92.0,4482.0,73.91
MMFSL,EQ,24-Nov-2011,83.05,86.0,86.0,81.05,83.6,83.9,83.16,4267,354857.4,54.0,2596.0,60.84
MMFSL,EQ,23-Nov-2011,83.6,83.05,84.65,82.5,83.5,83.05,83.34,5281,440097.65,41.0,5101.0,96.59
MMFSL,EQ,22-Nov-2011,83.1,81.0,89.85,81.0,83.5,83.6,84.42,2810,237225.05,61.0,2088.0,74.31
MMFSL,EQ,21-Nov-2011,82.2,82.05,86.85,81.5,82.8,83.1,83.7,2370,198358.8,47.0,2021.0,85.27
MMFSL,EQ,18-Nov-2011,85.35,82.0,88.25,81.25,81.25,82.2,85.74,9835,843229.3,105.0,8759.0,89.06
MMFSL,EQ,17-Nov-2011,86.95,85.5,89.9,84.35,84.55,85.35,86.32,7572,653626.65,110.0,6436.0,85.0
MMFSL,EQ,16-Nov-2011,91.0,90.15,92.35,85.15,85.15,86.95,87.4,6264,547495.1,145.0,4871.0,77.76
MMFSL,EQ,15-Nov-2011,94.35,92.4,96.95,90.0,90.0,91.0,93.26,4298,400843.95,89.0,2679.0,62.33
MMFSL,EQ,14-Nov-2011,100.1,97.6,101.5,93.0,93.3,94.35,97.91,11704,1145946.2,91.0,9851.0,84.17
MMFSL,EQ,11-Nov-2011,102.2,101.3,102.1,99.15,99.3,100.1,100.2,2439,244384.35,73.0,1707.0,69.99
MMFSL,EQ,09-Nov-2011,107.0,106.0,109.0,101.25,101.25,102.2,104.08,2508,261032.15,82.0,1155.0,46.05
MMFSL,EQ,08-Nov-2011,103.7,105.9,110.0,102.0,106.5,107.0,107.25,4679,501837.95,149.0,2458.0,52.53
MMFSL,EQ,04-Nov-2011,101.3,97.0,108.25,97.0,103.1,103.7,103.8,6074,630499.1,169.0,4731.0,77.89
MMFSL,EQ,03-Nov-2011,102.0,101.25,104.0,100.0,100.05,101.3,101.62,3426,348133.25,59.0,2263.0,66.05
MMFSL,EQ,02-Nov-2011,103.85,103.85,104.25,101.0,101.0,102.0,103.67,9224,956231.65,69.0,8586.0,93.08
MMFSL,EQ,01-Nov-2011,108.6,103.05,107.9,103.0,103.1,103.85,104.9,12888,1351974.85,132.0,9129.0,70.83
MMFSL,EQ,31-Oct-2011,104.2,103.3,112.75,103.3,107.35,108.6,108.86,15813,1721359.7,456.0,7514.0,47.52
MMFSL,EQ,28-Oct-2011,94.7,97.75,104.2,93.65,104.2,104.2,101.52,20359,2066844.0,324.0,13782.0,67.69
MMFSL,EQ,26-Oct-2011,94.9,95.9,96.0,94.05,94.95,94.7,95.03,360,34211.45,12.0,193.0,53.61
MMFSL,EQ,25-Oct-2011,94.1,93.95,96.0,93.55,96.0,94.9,94.6,10087,954269.8,113.0,9627.0,95.44
MMFSL,EQ,24-Oct-2011,93.0,92.6,95.15,92.6,95.15,94.1,93.79,7360,690262.4,86.0,6365.0,86.48
MMFSL,EQ,24-Oct-2011,93.0,92.6,95.15,92.6,95.15,94.1,93.79,7360,690262.4,86.0,6365.0,86.48
MMFSL,EQ,21-Oct-2011,92.15,88.15,94.9,88.15,93.0,93.0,93.62,2155,201748.65,33.0,1876.0,87.05
MMFSL,EQ,20-Oct-2011,93.5,94.1,95.0,92.0,92.05,92.15,92.28,22763,2100564.45,86.0,22380.0,98.32
MMFSL,EQ,19-Oct-2011,93.8,92.15,95.0,92.15,93.0,93.5,94.51,3977,375875.05,35.0,3817.0,95.98
MMFSL,EQ,18-Oct-2011,94.3,91.35,95.95,91.35,93.8,93.8,93.93,2213,207859.65,26.0,2096.0,94.71
MMFSL,EQ,17-Oct-2011,94.45,96.7,96.7,93.05,93.55,94.3,94.11,5437,511691.85,38.0,3865.0,71.09
MMFSL,EQ,14-Oct-2011,94.4,95.9,95.9,94.1,94.9,94.45,94.5,2404,227180.65,43.0,1840.0,76.54
MMFSL,EQ,13-Oct-2011,94.35,93.8,97.7,93.5,93.5,94.4,94.58,8154,771211.1,111.0,6152.0,75.45
MMFSL,EQ,12-Oct-2011,94.4,94.0,95.9,94.0,94.95,94.35,94.4,4666,440453.6,73.0,3649.0,78.2
MMFSL,EQ,11-Oct-2011,92.7,93.6,98.0,93.6,94.05,94.4,95.54,4544,434124.7,189.0,2270.0,49.96
MMFSL,EQ,10-Oct-2011,93.15,90.55,94.3,90.55,92.5,92.7,92.42,5487,507086.15,122.0,2936.0,53.51
MMFSL,EQ,07-Oct-2011,90.7,91.05,95.1,91.05,93.05,93.15,93.38,5858,547042.15,136.0,3328.0,56.81
MMFSL,EQ,05-Oct-2011,90.95,91.0,93.25,90.05,90.55,90.7,91.36,1466,133933.5,42.0,1109.0,75.65
MMFSL,EQ,04-Oct-2011,93.25,90.35,96.0,90.35,91.0,90.95,93.14,10359,964850.45,126.0,8672.0,83.71
MMFSL,EQ,03-Oct-2011,95.95,94.0,95.0,91.15,92.55,93.25,92.92,2885,268083.7,86.0,1720.0,59.62
MMFSL,EQ,30-Sep-2011,97.0,96.4,97.5,95.1,95.25,95.95,96.35,4067,391859.7,58.0,3160.0,77.7
MMFSL,EQ,29-Sep-2011,98.5,97.65,97.65,96.1,96.4,97.0,96.7,3587,346851.3,66.0,2935.0,81.82
MMFSL,EQ,28-Sep-2011,98.75,96.1,101.1,95.0,98.5,98.5,98.02,8681,850898.6,203.0,3694.0,42.55
MMFSL,EQ,27-Sep-2011,91.95,93.5,101.15,93.5,97.8,98.75,99.02,11378,1126698.0,278.0,5975.0,52.51
MMFSL,EQ,26-Sep-2011,95.5,92.3,96.95,88.0,92.05,91.95,91.83,31897,2929122.15,278.0,24038.0,75.36
MMFSL,EQ,23-Sep-2011,99.45,95.85,98.8,94.5,95.05,95.5,96.03,10062,966207.1,255.0,5655.0,56.2
MMFSL,EQ,22-Sep-2011,103.05,100.15,103.85,98.0,100.0,99.45,100.99,10636,1074176.85,295.0,6616.0,62.2
MMFSL,EQ,21-Sep-2011,107.25,105.05,107.0,102.15,102.6,103.05,104.37,14102,1471843.4,266.0,8715.0,61.8
MMFSL,EQ,20-Sep-2011,109.25,100.7,108.5,98.35,107.0,107.25,106.9,10636,1137001.35,234.0,6376.0,59.95
MMFSL,EQ,19-Sep-2011,110.1,110.0,111.4,107.7,109.5,109.25,109.77,11932,1309798.65,146.0,9740.0,81.63
MMFSL,EQ,16-Sep-2011,109.9,113.0,117.5,108.0,111.0,110.1,111.57,14901,1662484.2,235.0,11170.0,74.96
MMFSL,EQ,15-Sep-2011,111.6,114.95,114.95,109.1,109.55,109.9,110.51,10171,1124010.7,308.0,5584.0,54.9
MMFSL,EQ,14-Sep-2011,109.5,114.0,114.0,108.75,108.75,111.6,111.98,19950,2234055.85,455.0,12445.0,62.38
MMFSL,EQ,13-Sep-2011,102.45,108.0,111.0,105.25,111.0,109.5,108.84,21458,2335407.9,513.0,13102.0,61.06
MMFSL,EQ,12-Sep-2011,106.95,97.25,104.0,96.5,102.85,102.45,101.03,28309,2860160.3,498.0,14789.0,52.24
MMFSL,EQ,09-Sep-2011,114.85,116.1,120.05,104.0,106.0,106.95,112.13,65198,7310477.65,1430.0,26267.0,40.29
MMFSL,EQ,08-Sep-2011,105.15,110.0,115.7,107.1,115.7,114.85,113.1,38875,4396919.15,823.0,20670.0,53.17
MMFSL,EQ,07-Sep-2011,100.1,105.0,105.15,103.5,105.15,105.15,104.85,23872,2503006.6,185.0,21887.0,91.68
MMFSL,EQ,06-Sep-2011,95.3,96.05,100.1,96.05,100.1,100.1,99.41,18983,1887129.55,308.0,12501.0,65.85
MMFSL,EQ,05-Sep-2011,90.75,90.75,95.3,88.1,95.3,95.3,94.01,29008,2727029.8,305.0,23010.0,79.32
MMFSL,EQ,02-Sep-2011,86.4,90.0,90.75,82.6,90.75,90.75,87.82,30378,2667883.35,362.0,21217.0,69.84
MMFSL,EQ,30-Aug-2011,82.25,85.95,86.4,84.1,86.4,86.4,86.37,30406,2626115.4,91.0,29200.0,96.03
MMFSL,EQ,29-Aug-2011,78.3,76.0,82.25,75.25,82.25,82.25,81.67,20461,1670968.7,381.0,14913.0,72.89
MMFSL,EQ,26-Aug-2011,82.4,83.0,83.0,78.3,78.3,78.3,78.57,25138,1975125.45,236.0,21638.0,86.08
MMFSL,EQ,25-Aug-2011,86.6,89.9,89.9,82.3,82.6,82.4,83.39,55570,4633990.5,608.0,44607.0,80.27
MMFSL,EQ,24-Aug-2011,82.45,86.55,86.6,85.75,86.6,86.6,86.53,34130,2953185.45,357.0,30772.0,90.16
MMFSL,EQ,23-Aug-2011,78.5,82.0,82.45,80.5,82.45,82.45,82.41,26220,2160705.05,118.0,24497.0,93.43
MMFSL,EQ,22-Aug-2011,74.75,73.0,78.5,71.25,78.5,78.5,77.23,19246,1486427.15,364.0,11811.0,61.37
MMFSL,EQ,19-Aug-2011,78.5,74.6,77.0,74.6,77.0,74.75,74.64,17516,1307308.85,113.0,15355.0,87.66
MMFSL,EQ,18-Aug-2011,82.6,78.7,79.1,78.5,78.5,78.5,78.56,17868,1403647.95,168.0,12903.0,72.21
MMFSL,EQ,17-Aug-2011,86.95,83.2,87.0,82.6,82.6,82.6,82.72,23871,1974555.1,242.0,14094.0,59.04
MMFSL,EQ,16-Aug-2011,91.5,88.1,94.0,86.95,87.2,86.95,87.34,40197,3510712.05,473.0,30831.0,76.7
MMFSL,EQ,12-Aug-2011,95.6,96.55,97.8,90.85,90.9,91.5,91.25,58927,5376853.75,624.0,45730.0,77.6
MMFSL,EQ,11-Aug-2011,100.6,95.6,98.9,95.6,95.6,95.6,95.76,65718,6293207.85,374.0,49869.0,75.88
MMFSL,EQ,10-Aug-2011,105.9,100.6,107.8,100.6,100.6,100.6,101.82,56815,5784991.2,750.0,38987.0,68.62
MMFSL,EQ,09-Aug-2011,111.45,105.9,105.9,105.9,105.9,105.9,105.9,1275,135022.5,17.0,1275.0,100.0
MMFSL,EQ,09-Aug-2011,111.45,105.9,105.9,105.9,105.9,105.9,105.9,1275,135022.5,17.0,1275.0,100.0
MMFSL,EQ,08-Aug-2011,117.3,115.45,115.45,111.45,111.45,111.45,111.52,2997,334229.4,37.0,2946.0,98.3
MMFSL,EQ,05-Aug-2011,123.45,123.0,123.0,117.3,117.3,117.3,117.75,44020,5183524.15,565.0,33747.0,76.66
MMFSL,EQ,04-Aug-2011,119.0,119.95,124.95,116.0,122.0,123.45,123.13,70255,8650443.85,1940.0,35594.0,50.66
MMFSL,EQ,03-Aug-2011,116.7,119.8,120.5,115.6,117.25,119.0,118.3,49968,5911021.1,1114.0,31599.0,63.24
MMFSL,EQ,02-Aug-2011,111.1,108.15,116.7,108.15,116.7,116.7,115.71,81178,9393327.65,904.0,62516.0,77.01
MMFSL,EQ,01-Aug-2011,107.45,112.0,112.1,105.1,111.0,111.1,109.12,30511,3329323.85,654.0,19568.0,64.13
MMFSL,EQ,29-Jul-2011,108.9,112.0,112.6,104.0,108.0,107.45,108.6,36933,4010741.85,718.0,22821.0,61.79
MMFSL,EQ,28-Jul-2011,103.7,107.8,108.9,105.2,108.9,108.9,108.68,143501,15596203.95,551.0,108547.0,75.64
MMFSL,EQ,27-Jul-2011,98.75,100.0,103.7,95.6,103.7,103.7,102.58,37777,3875129.0,275.0,31504.0,83.39
MMFSL,EQ,26-Jul-2011,102.3,104.1,104.8,97.2,98.5,98.75,101.51,37354,3791647.55,469.0,29381.0,78.66
MMFSL,EQ,25-Jul-2011,103.75,104.15,105.0,99.2,105.0,102.3,102.27,20921,2139671.45,331.0,11668.0,55.77
MMFSL,EQ,22-Jul-2011,101.75,104.8,105.0,101.0,103.55,103.75,103.82,30001,3114808.6,495.0,18376.0,61.25
MMFSL,EQ,21-Jul-2011,100.75,105.2,105.8,97.6,101.95,101.75,102.89,65566,6745758.95,1095.0,34658.0,52.86
MMFSL,EQ,20-Jul-2011,95.95,97.9,100.75,97.9,100.75,100.75,100.72,26292,2648064.0,107.0,26290.0,99.99
MMFSL,EQ,19-Jul-2011,91.35,91.5,95.95,90.0,95.95,95.95,94.04,27518,2587765.55,329.0,18910.0,68.72
MMFSL,EQ,18-Jul-2011,92.2,92.55,94.9,89.5,91.0,91.35,91.57,34819,3188482.4,431.0,25428.0,73.03
MMFSL,EQ,15-Jul-2011,94.3,93.0,96.0,91.25,92.35,92.2,92.72,33287,3086298.3,448.0,22121.0,66.46
MMFSL,EQ,14-Jul-2011,96.15,94.3,96.0,93.6,94.05,94.3,94.29,41389,3902366.45,510.0,25989.0,62.79
MMFSL,EQ,13-Jul-2011,98.05,98.0,100.3,93.15,95.15,96.15,95.36,91181,8695116.05,1345.0,42521.0,46.63
MMFSL,EQ,12-Jul-2011,96.1,98.8,100.95,93.5,97.7,98.05,99.45,266344,26487875.35,3338.0,99384.0,37.31
MMFSL,EQ,11-Jul-2011,87.35,91.5,96.1,88.1,96.1,96.1,93.43,124132,11598111.1,1586.0,53537.0,43.13
MMFSL,EQ,08-Jul-2011,79.4,87.35,87.35,83.15,87.35,87.35,86.69,164275,14240546.3,1410.0,59332.0,36.12
MMFSL,EQ,07-Jul-2011,72.15,73.4,79.4,73.35,79.4,79.4,77.88,17378,1353354.0,397.0,11724.0,67.46
MMFSL,EQ,06-Jul-2011,72.55,72.8,74.55,71.3,71.5,72.15,72.95,8442,615807.7,128.0,4998.0,59.2
MMFSL,EQ,05-Jul-2011,73.6,74.75,74.75,72.15,72.65,72.55,73.1,12461,910874.15,147.0,6866.0,55.1
MMFSL,EQ,04-Jul-2011,75.2,76.0,76.0,72.35,73.0,73.6,74.24,8523,632782.7,180.0,5332.0,62.56
MMFSL,EQ,01-Jul-2011,75.25,75.6,77.75,75.05,75.25,75.2,76.33,17820,1360284.45,280.0,8074.0,45.31
MMFSL,EQ,30-Jun-2011,74.6,76.0,76.8,72.6,75.0,75.25,75.13,11712,879944.7,284.0,5794.0,49.47
MMFSL,EQ,29-Jun-2011,74.6,74.6,77.0,71.15,74.1,74.6,74.13,43639,3234902.3,776.0,15619.0,35.79
MMFSL,EQ,28-Jun-2011,78.45,76.3,77.75,74.55,74.6,74.6,75.51,29467,2225180.4,490.0,16999.0,57.69
MMFSL,EQ,27-Jun-2011,81.85,81.85,82.0,78.1,78.6,78.45,79.56,28527,2269469.85,403.0,19269.0,67.55
MMFSL,EQ,24-Jun-2011,82.85,84.6,85.25,79.1,80.0,81.85,81.86,57844,4734957.9,912.0,28210.0,48.77
MMFSL,EQ,23-Jun-2011,81.15,85.25,85.25,77.1,82.5,82.85,81.97,391890,32121842.4,3953.0,140399.0,35.83
MMFSL,EQ,22-Jun-2011,77.25,73.4,81.15,73.4,81.15,81.15,75.01,197449,14811498.1,1739.0,82255.0,41.66
MMFSL,EQ,21-Jun-2011,81.3,85.4,85.4,77.25,77.25,77.25,82.04,131164,10760233.05,958.0,79167.0,60.36
MMFSL,EQ,20-Jun-2011,77.4,81.3,81.3,78.0,81.3,81.3,81.2,287713,23360925.2,2199.0,183943.0,63.93
MMFSL,EQ,17-Jun-2011,73.7,77.4,77.4,76.8,77.4,77.4,77.32,18567,1435565.9,82.0,18545.0,99.88
MMFSL,EQ,16-Jun-2011,70.15,73.7,73.7,73.7,73.7,73.7,73.7,80604,5940514.8,298.0,67940.0,84.29
MMFSL,EQ,15-Jun-2011,66.8,70.15,70.15,67.2,70.15,70.15,69.87,393162,27471812.05,1314.0,174006.0,44.26
MMFSL,EQ,14-Jun-2011,63.6,66.8,66.8,66.8,66.8,66.8,66.8,29594,1976879.2,60.0,29592.0,99.99
MMFSL,EQ,13-Jun-2011,60.55,59.45,63.6,59.45,63.6,63.6,63.36,30804,1951696.3,143.0,27928.0,90.66
MMFSL,EQ,10-Jun-2011,57.65,58.4,60.55,57.9,60.55,60.55,59.72,182241,10883865.7,2117.0,131648.0,72.24
MMFSL,EQ,09-Jun-2011,58.1,56.55,59.85,55.2,58.5,57.65,58.1,159289,9254389.45,2424.0,111579.0,70.05
MMFSL,EQ,08-Jun-2011,57.15,55.75,59.8,54.3,59.0,58.1,58.19,160392,9333551.7,2774.0,106943.0,66.68
MMFSL,EQ,07-Jun-2011,54.4,55.3,57.15,53.05,57.15,57.15,55.05,86693,4772760.0,1461.0,54818.0,63.23
MMFSL,EQ,06-Jun-2011,54.0,52.0,55.3,52.0,55.15,54.4,54.28,114475,6213412.0,2422.0,79759.0,69.67
MMFSL,EQ,03-Jun-2011,54.65,55.1,56.2,53.05,54.2,54.0,55.02,179281,9863164.25,2139.0,121548.0,67.8
MMFSL,EQ,02-Jun-2011,56.25,56.35,57.0,54.0,56.5,54.65,55.3,161398,8925050.4,1826.0,108141.0,67.0
MMFSL,EQ,01-Jun-2011,58.75,58.75,60.7,55.85,57.2,56.25,58.05,132884,7714335.4,1464.0,97792.0,73.59
MMFSL,EQ,31-May-2011,60.9,61.2,61.45,57.85,58.15,58.75,59.4,27959,1660772.15,,15351.0,54.91
MMFSL,EQ,30-May-2011,59.85,59.85,61.65,58.25,61.1,60.9,60.49,14664,887070.2,,8717.0,59.44
MMFSL,EQ,27-May-2011,59.85,60.5,60.95,56.9,59.45,59.85,58.31,59192,3451649.85,,33852.0,57.19
MMFSL,EQ,26-May-2011,60.85,63.4,63.9,58.05,60.5,59.85,61.89,157075,9721045.6,,75221.0,47.89
MMFSL,EQ,25-May-2011,57.95,59.3,60.85,57.0,60.85,60.85,60.53,164167,9937720.05,,134822.0,82.12
MMFSL,EQ,24-May-2011,55.25,53.05,58.05,53.05,57.75,57.95,57.77,134759,7784411.9,,85442.0,63.4
MMFSL,EQ,23-May-2011,52.95,52.95,55.6,50.35,54.6,55.25,54.46,89220,4858593.5,,54916.0,61.55
MMFSL,EQ,20-May-2011,50.4,49.55,52.95,49.2,52.95,52.95,52.2,34272,1788903.15,,22411.0,65.39
MMFSL,EQ,19-May-2011,48.0,48.0,50.4,48.0,50.4,50.4,49.6,19691,976606.9,,16794.0,85.29
MMFSL,EQ,18-May-2011,48.85,47.75,48.7,47.7,48.5,48.0,48.04,28158,1352585.3,,24827.0,88.17
MMFSL,EQ,17-May-2011,49.15,50.05,50.4,48.05,48.9,48.85,49.3,33336,1643463.05,,28705.0,86.11
MMFSL,EQ,16-May-2011,49.8,47.4,52.3,47.35,49.0,49.15,50.9,78362,3988769.85,,63489.0,81.02
MMFSL,EQ,13-May-2011,51.6,49.05,52.9,49.05,50.0,49.8,50.23,59927,3010102.95,,51187.0,85.42
MMFSL,EQ,12-May-2011,53.45,50.8,54.5,50.8,51.05,51.6,52.29,56773,2968484.5,,45608.0,80.33
MMFSL,EQ,11-May-2011,50.95,51.85,53.5,51.0,53.5,53.45,53.29,184247,9817751.6,,117293.0,63.66
MMFSL,EQ,10-May-2011,50.1,50.05,51.15,48.55,51.0,50.95,50.5,44420,2243368.85,,38272.0,86.16
MMFSL,EQ,09-May-2011,51.65,52.95,52.95,50.0,50.5,50.1,50.32,49085,2469755.95,,45585.0,92.87
MMFSL,EQ,06-May-2011,53.25,53.35,53.35,51.0,51.5,51.65,51.65,10464,540460.05,,6382.0,60.99
MMFSL,EQ,06-May-2011,53.25,53.35,53.35,51.0,51.5,51.65,51.65,10464,540460.05,,6382.0,60.99
MMFSL,EQ,05-May-2011,56.05,53.55,55.0,53.25,53.35,53.25,53.57,15544,832655.4,,12932.0,83.2
MMFSL,EQ,04-May-2011,58.7,56.05,58.0,55.8,56.85,56.05,55.98,18049,1010358.2,,12364.0,68.5
MMFSL,EQ,03-May-2011,61.6,63.0,63.0,58.55,58.6,58.7,59.42,39809,2365506.05,,35807.0,89.95
MMFSL,EQ,02-May-2011,62.1,64.9,64.9,60.1,60.1,61.6,61.45,47616,2926202.85,,44277.0,92.99
MMFSL,EQ,29-Apr-2011,60.1,62.0,63.15,60.05,62.0,62.1,62.19,72411,4503416.5,,59512.0,82.19
MMFSL,EQ,28-Apr-2011,60.95,62.0,62.0,59.25,60.0,60.1,60.02,29369,1762873.9,,24995.0,85.11
MMFSL,EQ,27-Apr-2011,62.7,64.5,64.5,60.1,60.5,60.95,61.41,36256,2226558.65,,26793.0,73.9
MMFSL,EQ,26-Apr-2011,65.55,63.75,64.5,62.3,62.55,62.7,63.24,21022,1329426.7,,15061.0,71.64
MMFSL,EQ,25-Apr-2011,68.95,70.0,70.0,65.5,65.5,65.55,66.26,26974,1787236.15,,23191.0,85.98
MMFSL,EQ,21-Apr-2011,71.9,72.45,72.7,68.3,69.15,68.95,70.36,18505,1301952.15,,13357.0,72.18
MMFSL,EQ,20-Apr-2011,72.95,74.0,75.0,71.5,71.85,71.9,72.64,13197,958651.65,,9533.0,72.24
MMFSL,EQ,19-Apr-2011,72.95,71.7,74.0,71.5,72.8,72.95,72.58,9920,719947.7,,6395.0,64.47
MMFSL,EQ,18-Apr-2011,75.45,73.1,77.4,72.05,73.5,72.95,74.09,15711,1164097.1,,12091.0,76.96
MMFSL,EQ,15-Apr-2011,76.85,78.5,78.5,75.0,75.25,75.45,76.79,47715,3663925.85,,42575.0,89.23
MMFSL,EQ,13-Apr-2011,76.7,77.05,78.8,76.15,77.2,76.85,77.23,17244,1331680.4,,13721.0,79.57
MMFSL,EQ,11-Apr-2011,80.15,80.0,80.0,76.35,76.9,76.7,77.13,10930,843034.45,,8902.0,81.45
MMFSL,EQ,08-Apr-2011,83.25,84.75,84.75,79.15,80.45,80.15,80.81,25445,2056096.25,,14165.0,55.67
MMFSL,EQ,07-Apr-2011,81.6,84.8,85.7,82.3,83.05,83.25,84.54,98600,8335376.9,,73409.0,74.45
MMFSL,EQ,06-Apr-2011,77.7,78.1,81.6,76.1,81.6,81.6,81.02,102819,8330324.2,,74188.0,72.15
MMFSL,EQ,05-Apr-2011,78.15,80.9,80.95,77.0,77.2,77.7,77.97,18712,1459019.4,,15496.0,82.81
MMFSL,EQ,04-Apr-2011,77.45,78.0,78.9,77.1,78.5,78.15,78.21,18959,1482849.4,,14565.0,76.82
MMFSL,EQ,01-Apr-2011,78.8,77.1,79.4,77.0,77.15,77.45,77.86,23492,1829073.5,,20415.0,86.9
MMFSL,EQ,31-Mar-2011,81.0,81.0,81.05,77.8,78.9,78.8,79.35,13143,1042914.85,,10099.0,76.84
MMFSL,EQ,30-Mar-2011,82.1,80.6,83.0,80.6,81.0,81.0,81.2,10387,843381.85,,9503.0,91.49
MMFSL,EQ,29-Mar-2011,81.95,80.55,84.35,80.55,83.0,82.1,82.2,32454,2667879.65,,29719.0,91.57
MMFSL,EQ,28-Mar-2011,84.05,81.0,83.0,79.9,82.0,81.95,81.97,183230,15019609.45,,170909.0,93.28
MMFSL,EQ,25-Mar-2011,82.4,81.05,85.2,81.05,84.0,84.05,83.43,11944,996537.55,,7879.0,65.97
MMFSL,EQ,24-Mar-2011,81.9,82.0,83.75,80.0,83.0,82.4,83.02,13827,1147913.45,,11036.0,79.81
MMFSL,EQ,23-Mar-2011,81.85,82.0,82.9,79.55,82.4,81.9,81.01,14919,1208601.1,,8565.0,57.41
MMFSL,EQ,22-Mar-2011,81.65,82.7,83.0,81.1,82.5,81.85,82.21,6081,499917.25,,4347.0,71.48
MMFSL,EQ,21-Mar-2011,83.5,81.0,83.7,80.8,80.8,81.65,82.1,5102,418865.9,,3499.0,68.58
MMFSL,EQ,18-Mar-2011,84.3,85.0,86.0,83.0,83.0,83.5,83.47,30244,2524554.65,,27978.0,92.51
MMFSL,EQ,17-Mar-2011,85.5,82.0,86.75,82.0,82.6,84.3,84.65,7001,592651.2,,5340.0,76.27
MMFSL,EQ,16-Mar-2011,85.55,84.0,88.0,84.0,84.5,85.5,85.6,18622,1594089.25,,6251.0,33.57
MMFSL,EQ,15-Mar-2011,89.95,87.55,87.55,85.45,85.45,85.55,85.86,10575,907949.75,,6904.0,65.29
MMFSL,EQ,14-Mar-2011,89.55,89.55,91.8,86.55,89.0,89.95,89.07,9028,804149.75,,7072.0,78.33
MMFSL,EQ,11-Mar-2011,92.2,92.8,94.9,89.0,89.5,89.55,91.33,14572,1330915.0,,10225.0,70.17
MMFSL,EQ,10-Mar-2011,92.9,93.5,95.9,91.0,91.2,92.2,94.01,12726,1196364.15,,7034.0,55.27
MMFSL,EQ,09-Mar-2011,88.65,91.4,93.1,88.0,93.1,92.9,92.36,97077,8966257.9,,68111.0,70.16
MMFSL,EQ,08-Mar-2011,84.4,88.2,88.65,84.0,88.65,88.65,88.23,18164,1602535.3,,10671.0,58.75
MMFSL,EQ,07-Mar-2011,84.7,82.0,85.0,81.6,84.15,84.4,83.49,39313,3282223.45,,33014.0,83.98
MMFSL,EQ,04-Mar-2011,88.45,88.45,90.0,84.1,84.7,84.7,85.7,90680,7771343.55,,52322.0,57.7
MMFSL,EQ,03-Mar-2011,92.15,92.6,96.8,88.1,89.0,88.45,89.45,214556,19192992.65,,193980.0,90.41
MMFSL,EQ,01-Mar-2011,94.9,94.9,96.4,92.05,95.9,92.15,92.52,179935,16648130.0,,175223.0,97.38
MMFSL,EQ,28-Feb-2011,95.7,94.15,96.0,93.05,94.0,94.9,95.06,46151,4387266.65,,38166.0,82.7
MMFSL,EQ,25-Feb-2011,99.0,100.0,103.0,94.1,95.0,95.7,97.89,31699,3102901.9,,22826.0,72.01
MMFSL,EQ,24-Feb-2011,103.15,100.0,100.9,98.0,99.0,99.0,99.21,52800,5238063.8,,44904.0,85.05
MMFSL,EQ,23-Feb-2011,108.55,111.0,111.0,103.15,103.15,103.15,103.85,66224,6877363.0,,59283.0,89.52
MMFSL,EQ,22-Feb-2011,114.25,115.0,115.0,108.55,108.55,108.55,108.87,16112,1754164.45,,13886.0,86.18
MMFSL,EQ,21-Feb-2011,119.0,114.0,116.0,113.05,113.5,114.25,113.71,15820,1798912.7,,8849.0,55.94
MMFSL,EQ,18-Feb-2011,125.2,129.9,131.5,118.95,118.95,119.0,127.43,60300,7683847.9,,19254.0,31.93
MMFSL,EQ,17-Feb-2011,119.2,124.0,125.2,122.0,125.2,125.2,124.85,12532,1564662.95,,10315.0,82.31
MMFSL,EQ,16-Feb-2011,113.5,117.8,119.2,114.0,119.2,119.2,118.79,13085,1554378.7,,8132.0,62.15
MMFSL,EQ,15-Feb-2011,111.25,114.4,116.85,107.0,116.4,113.5,111.19,16885,1877455.8,,7223.0,42.78
MMFSL,EQ,14-Feb-2011,105.95,105.0,111.25,105.0,111.25,111.25,110.58,3846,425295.8,,3199.0,83.18
MMFSL,EQ,11-Feb-2011,101.85,97.75,106.95,96.85,106.95,105.95,100.24,10832,1085755.5,,4928.0,45.49
MMFSL,EQ,10-Feb-2011,107.2,106.0,106.0,101.85,101.85,101.85,101.89,3754,382482.2,,2920.0,77.78
MMFSL,EQ,09-Feb-2011,112.8,107.25,109.0,107.2,107.2,107.2,107.24,4950,530823.65,,4812.0,97.21
MMFSL,EQ,08-Feb-2011,118.7,112.85,115.1,112.8,112.8,112.8,113.57,5495,624088.75,,3801.0,69.17
MMFSL,EQ,07-Feb-2011,124.8,125.0,125.0,118.6,118.7,118.7,119.01,71559,8516224.15,,68182.0,95.28
MMFSL,EQ,04-Feb-2011,131.35,134.4,134.4,124.8,124.8,124.8,127.07,12424,1578685.6,,8595.0,69.18
MMFSL,EQ,03-Feb-2011,127.15,128.0,132.55,126.0,131.05,131.35,128.7,19497,2509239.05,,14528.0,74.51
MMFSL,EQ,02-Feb-2011,124.3,125.8,128.4,123.0,126.1,127.15,126.79,26814,3399717.95,,17128.0,63.88
MMFSL,EQ,01-Feb-2011,123.65,125.0,127.8,118.0,124.0,124.3,123.36,34521,4258496.0,,17256.0,49.99
MMFSL,EQ,31-Jan-2011,127.9,132.3,132.3,122.35,122.4,123.65,126.62,65197,8255024.9,,36094.0,55.36
MMFSL,EQ,28-Jan-2011,121.8,127.9,127.9,125.1,127.9,127.9,127.87,60860,7782306.8,,36385.0,59.78
MMFSL,EQ,27-Jan-2011,116.0,121.8,121.8,121.8,121.8,121.8,121.8,31940,3890292.0,,21933.0,68.67
MMFSL,EQ,25-Jan-2011,110.45,116.0,116.0,116.0,116.0,116.0,116.0,2018,234088.0,,2018.0,100.0
MMFSL,EQ,24-Jan-2011,105.15,108.0,110.45,108.0,110.45,110.45,110.36,2595,286372.75,,2445.0,94.22
MMFSL,EQ,21-Jan-2011,100.1,100.05,105.15,100.0,105.15,105.15,103.31,13894,1435370.8,,8076.0,58.13
MMFSL,EQ,20-Jan-2011,100.25,98.1,101.35,98.0,100.0,100.1,99.85,18460,1843218.7,,8407.0,45.54
MMFSL,EQ,19-Jan-2011,99.8,95.15,103.5,95.15,103.0,100.25,99.1,84038,8328217.6,,71972.0,85.64
MMFSL,EQ,18-Jan-2011,99.65,99.0,101.75,98.1,99.6,99.8,99.77,28724,2865757.2,,20598.0,71.71
MMFSL,EQ,17-Jan-2011,103.2,108.0,108.0,98.55,99.6,99.65,101.77,54203,5516108.0,,44127.0,81.41
MMFSL,EQ,14-Jan-2011,104.6,106.0,107.6,100.05,103.1,103.2,103.3,47850,4943074.3,,34013.0,71.08
MMFSL,EQ,13-Jan-2011,101.4,102.0,106.5,100.0,106.5,104.6,104.87,151636,15902548.7,,58025.0,38.27
MMFSL,EQ,12-Jan-2011,102.4,98.05,102.95,97.3,101.85,101.4,99.15,81464,8076782.65,,33452.0,41.06
MMFSL,EQ,11-Jan-2011,107.75,103.25,105.0,102.4,102.4,102.4,102.67,29876,3067275.7,,13406.0,44.87
MMFSL,EQ,10-Jan-2011,113.4,114.95,114.95,107.75,107.75,107.75,107.95,19519,2107123.9,,13028.0,66.75
MMFSL,EQ,07-Jan-2011,119.35,119.85,119.85,113.4,113.4,113.4,114.2,53131,6067322.45,,28506.0,53.65
MMFSL,EQ,06-Jan-2011,119.15,121.8,123.0,116.55,118.6,119.35,120.27,77704,9345538.35,,43615.0,56.13
MMFSL,EQ,05-Jan-2011,121.95,124.5,128.05,115.85,117.35,119.15,123.99,232156,28784332.95,,75735.0,32.62
MMFSL,EQ,04-Jan-2011,125.25,123.0,127.55,120.5,123.0,121.95,123.16,60619,7465665.35,,28904.0,47.68
MMFSL,EQ,03-Jan-2011,130.95,129.3,134.0,124.4,124.55,125.25,126.24,110801,13987143.4,,50491.0,45.57
MMFSL,EQ,30-Nov-2012,131.0,132.0,147.65,131.0,138.0,136.8,139.01,16386,2277860.7,527.0,7535.0,45.98
MMFSL,EQ,29-Nov-2012,128.9,128.0,133.0,128.0,131.0,131.0,130.99,7424,972501.65,200.0,5729.0,77.17
MMFSL,EQ,27-Nov-2012,129.85,130.0,133.5,124.0,127.8,128.9,129.86,4861,631234.8,166.0,2912.0,59.91
MMFSL,EQ,26-Nov-2012,132.45,134.85,135.0,128.05,130.0,129.85,131.77,4798,632216.05,120.0,3557.0,74.14
MMFSL,EQ,23-Nov-2012,132.75,130.5,134.8,130.5,133.0,132.45,132.65,4880,647323.8,176.0,3311.0,67.85
MMFSL,EQ,22-Nov-2012,126.1,127.0,136.8,122.0,130.1,132.75,131.07,31507,4129510.9,899.0,14453.0,45.87
MMFSL,EQ,21-Nov-2012,134.3,130.8,135.0,125.5,125.7,126.1,129.23,21317,2754800.3,584.0,9771.0,45.84
MMFSL,EQ,20-Nov-2012,138.55,145.0,145.0,132.95,133.5,134.3,138.59,21701,3007515.15,639.0,10378.0,47.82
MMFSL,EQ,19-Nov-2012,137.8,140.0,145.0,125.0,141.0,138.55,136.71,105443,14415068.7,3197.0,26080.0,24.73
MMFSL,EQ,16-Nov-2012,129.4,135.0,153.65,135.0,139.0,137.8,144.78,168949,24460487.65,4412.0,39099.0,23.14
MMFSL,EQ,15-Nov-2012,107.85,104.4,129.4,103.0,129.4,129.4,120.36,21084,2537704.65,512.0,11754.0,55.75
MMFSL,EQ,13-Nov-2012,106.65,104.45,109.0,104.45,109.0,107.85,107.14,2383,255323.5,56.0,1975.0,82.88
MMFSL,EQ,12-Nov-2012,103.65,102.7,108.8,100.4,106.65,106.65,106.76,6627,707468.7,107.0,5526.0,83.39
MMFSL,EQ,09-Nov-2012,104.65,105.5,109.0,103.2,104.0,103.65,105.54,26122,2756989.6,441.0,19514.0,74.70
MMFSL,EQ,08-Nov-2012,97.05,96.0,110.6,96.0,103.0,104.65,102.71,18887,1939834.15,277.0,12209.0,64.64
MMFSL,EQ,07-Nov-2012,96.0,97.85,100.0,96.6,96.75,97.05,97.47,23451,2285679.15,122.0,17668.0,75.34
MMFSL,EQ,06-Nov-2012,96.95,98.0,98.0,93.3,96.0,96.0,95.74,1306,125035.0,45.0,956.0,73.20
MMFSL,EQ,05-Nov-2012,95.0,97.0,97.0,95.1,97.0,96.95,95.94,3260,312756.5,22.0,2260.0,69.33
MMFSL,EQ,02-Nov-2012,95.5,94.05,96.0,94.05,95.0,95.0,95.03,4700,446646.25,46.0,4575.0,97.34
MMFSL,EQ,01-Nov-2012,96.25,94.6,95.5,94.6,95.5,95.5,95.06,1237,117586.1,8.0,1236.0,99.92
MMFSL,EQ,31-Oct-2012,97.25,96.2,96.9,94.8,96.5,96.25,96.05,1760,169048.5,16.0,1690.0,96.02
MMFSL,EQ,30-Oct-2012,92.95,99.7,104.85,93.0,96.0,97.25,96.64,20141,1946510.85,589.0,15303.0,75.98
MMFSL,EQ,29-Oct-2012,91.0,90.2,95.9,89.0,91.0,92.95,93.02,7574,704568.0,69.0,4659.0,61.51
MMFSL,EQ,26-Oct-2012,90.85,90.0,91.5,90.0,91.0,91.0,90.54,1242,112452.0,18.0,1232.0,99.19
MMFSL,EQ,25-Oct-2012,93.0,96.0,96.0,88.9,92.0,90.85,91.51,1713,156748.35,47.0,1006.0,58.73
MMFSL,EQ,23-Oct-2012,93.65,90.3,94.65,90.2,93.0,93.0,92.54,5931,548868.5,42.0,1700.0,28.66
MMFSL,EQ,22-Oct-2012,92.5,91.8,93.7,91.5,93.7,93.65,92.77,522,48423.45,17.0,461.0,88.31
MMFSL,EQ,19-Oct-2012,93.9,91.25,93.5,91.25,92.5,92.5,92.47,1509,139540.35,43.0,1211.0,80.25
MMFSL,EQ,18-Oct-2012,92.15,93.25,94.65,91.05,93.1,93.9,93.01,2370,220424.4,43.0,1744.0,73.59
MMFSL,EQ,17-Oct-2012,92.05,90.0,92.7,90.0,92.7,92.15,91.87,2103,193207.3,39.0,1871.0,88.97
MMFSL,EQ,16-Oct-2012,90.15,90.15,93.0,90.15,92.3,92.05,92.28,908,83786.7,25.0,828.0,91.19
MMFSL,EQ,15-Oct-2012,93.2,93.0,93.0,90.0,90.15,90.15,90.28,149,13451.4,11.0,106.0,71.14
MMFSL,EQ,12-Oct-2012,91.0,91.0,93.3,91.0,93.3,93.2,92.58,3060,283304.45,24.0,2327.0,76.05
MMFSL,EQ,11-Oct-2012,90.05,90.9,92.35,90.9,91.0,91.0,91.01,657,59795.2,10.0,657.0,100.00
MMFSL,EQ,10-Oct-2012,91.1,89.55,90.05,89.5,90.05,90.05,89.94,1266,113858.85,8.0,1205.0,95.18
MMFSL,EQ,09-Oct-2012,91.5,91.5,95.2,90.0,91.1,91.1,92.08,3403,313357.25,44.0,3326.0,97.74
MMFSL,EQ,08-Oct-2012,88.8,90.9,91.5,90.0,91.5,91.5,91.09,1237,112679.6,15.0,1212.0,97.98
MMFSL,EQ,05-Oct-2012,90.45,92.45,93.0,88.8,88.8,88.8,91.51,1785,163342.5,29.0,1575.0,88.24
MMFSL,EQ,04-Oct-2012,86.5,86.0,93.9,86.0,90.8,90.45,90.6,1418,128470.4,41.0,812.0,57.26
MMFSL,EQ,03-Oct-2012,88.15,90.0,90.0,85.3,85.3,86.5,87.11,4084,355761.7,80.0,3675.0,89.99
MMFSL,EQ,01-Oct-2012,88.85,89.0,90.0,85.7,88.75,88.15,87.34,11099,969372.2,66.0,6416.0,57.81
MMFSL,EQ,28-Sep-2012,89.95,90.0,90.1,88.85,88.85,88.85,89.56,853,76394.3,13.0,852.0,99.88
MMFSL,EQ,27-Sep-2012,90.6,94.5,94.5,89.1,90.0,89.95,89.97,5870,528135.35,54.0,5440.0,92.67
MMFSL,EQ,26-Sep-2012,89.85,86.0,95.0,86.0,91.0,90.6,90.57,1518,137478.0,44.0,959.0,63.18
MMFSL,EQ,25-Sep-2012,90.8,90.0,90.0,88.5,89.85,89.85,89.08,436,38839.85,10.0,365.0,83.72
MMFSL,EQ,24-Sep-2012,89.85,89.25,91.5,88.1,90.45,90.8,89.81,3393,304739.3,57.0,2247.0,66.22
MMFSL,EQ,21-Sep-2012,91.05,95.0,95.0,89.05,90.8,89.85,91.89,1652,151806.4,62.0,1081.0,65.44
MMFSL,EQ,20-Sep-2012,90.55,97.0,97.0,90.0,91.95,91.05,90.54,316,28610.55,16.0,258.0,81.65
MMFSL,EQ,18-Sep-2012,90.1,95.0,95.0,90.2,90.5,90.55,90.85,654,59413.55,26.0,518.0,79.20
MMFSL,EQ,17-Sep-2012,91.55,91.95,93.0,90.05,90.1,90.1,90.79,2365,214725.65,28.0,1924.0,81.35
MMFSL,EQ,14-Sep-2012,93.6,89.05,94.5,89.05,92.1,91.55,93.02,3855,358593.75,62.0,3219.0,83.50
MMFSL,EQ,13-Sep-2012,92.85,94.95,94.95,92.0,93.5,93.6,93.41,4602,429870.95,56.0,2831.0,61.52
MMFSL,EQ,12-Sep-2012,93.4,94.7,94.7,91.5,92.85,92.85,91.78,1333,122340.85,17.0,1208.0,90.62
MMFSL,EQ,11-Sep-2012,88.3,85.6,98.0,85.6,94.7,93.4,91.69,6355,582705.0,81.0,4256.0,66.97
MMFSL,EQ,10-Sep-2012,89.25,89.1,89.1,86.5,88.65,88.3,87.98,821,72232.95,30.0,450.0,54.81
MMFSL,EQ,08-Sep-2012,85.0,88.65,90.0,87.3,88.0,89.25,89.1,4514,402218.6,32.0,3926.0,86.97
MMFSL,EQ,07-Sep-2012,84.25,85.0,89.9,84.1,85.0,85.0,85.61,1290,110436.65,23.0,998.0,77.36
MMFSL,EQ,06-Sep-2012,84.05,85.45,85.45,84.0,84.25,84.25,84.55,867,73306.7,44.0,866.0,99.88
MMFSL,EQ,05-Sep-2012,85.45,85.0,86.3,84.0,84.0,84.05,84.89,3567,302799.1,65.0,2057.0,57.67
MMFSL,EQ,04-Sep-2012,86.05,84.25,89.75,84.25,85.1,85.45,85.86,423,36319.95,19.0,275.0,65.01
MMFSL,EQ,03-Sep-2012,84.55,83.2,90.0,83.2,85.1,86.05,87.58,2645,231635.95,48.0,1553.0,58.71
MMFSL,EQ,31-Aug-2012,84.5,89.85,89.85,83.2,84.55,84.55,84.53,1056,89259.85,20.0,553.0,52.37
MMFSL,EQ,30-Aug-2012,85.15,85.1,89.9,83.1,85.35,84.5,84.21,3390,285455.7,95.0,1934.0,57.05
MMFSL,EQ,29-Aug-2012,85.25,87.0,87.95,82.05,85.1,85.15,84.52,3299,278845.2,44.0,2519.0,76.36
MMFSL,EQ,28-Aug-2012,86.25,89.7,89.7,84.8,84.8,85.25,85.21,983,83758.35,27.0,571.0,58.09
MMFSL,EQ,27-Aug-2012,86.2,86.2,88.75,83.6,87.0,86.25,86.71,1858,161108.35,27.0,1371.0,73.79
MMFSL,EQ,24-Aug-2012,88.15,88.05,89.0,86.1,86.1,86.2,87.33,1157,101041.05,28.0,960.0,82.97
MMFSL,EQ,23-Aug-2012,88.6,89.5,89.5,88.0,88.15,88.15,88.32,460,40629.15,13.0,459.0,99.78
MMFSL,EQ,22-Aug-2012,91.95,94.95,94.95,87.65,87.65,88.6,89.78,1241,111417.9,39.0,668.0,53.83
MMFSL,EQ,21-Aug-2012,87.2,90.05,92.95,90.0,91.0,91.95,91.84,2697,247692.05,52.0,2148.0,79.64
MMFSL,EQ,17-Aug-2012,90.65,89.2,90.0,87.05,87.05,87.2,88.03,767,67516.75,27.0,620.0,80.83
MMFSL,EQ,16-Aug-2012,87.4,93.65,93.95,88.7,90.0,90.65,92.56,4963,459381.25,109.0,1585.0,31.94
MMFSL,EQ,14-Aug-2012,91.05,87.0,94.75,86.2,89.95,87.4,88.92,1128,100306.85,34.0,358.0,31.74
MMFSL,EQ,13-Aug-2012,92.15,91.0,92.65,89.2,90.55,91.05,91.38,3708,338826.8,84.0,2478.0,66.83
MMFSL,EQ,10-Aug-2012,95.6,96.95,96.95,92.0,92.0,92.15,93.04,2484,231114.3,69.0,1561.0,62.84
MMFSL,EQ,09-Aug-2012,95.1,95.0,97.45,91.65,96.2,95.6,95.06,19458,1849751.6,440.0,7098.0,36.48
MMFSL,EQ,08-Aug-2012,97.1,104.0,104.0,91.15,95.9,95.1,97.78,124271,12150756.4,2341.0,34652.0,27.88
MMFSL,EQ,07-Aug-2012,80.95,82.0,97.1,81.5,97.1,97.1,85.91,258809,22234413.2,1444.0,204918.0,79.18
MMFSL,EQ,06-Aug-2012,80.0,82.0,82.0,79.1,79.1,80.95,80.96,4834,391362.6,39.0,4727.0,97.79
MMFSL,EQ,03-Aug-2012,79.0,75.0,80.9,75.0,80.0,80.0,79.93,16704,1335169.5,13.0,16704.0,100.00
MMFSL,EQ,02-Aug-2012,77.85,75.9,79.0,75.9,79.0,79.0,77.45,28,2168.6,2.0,,-
MMFSL,EQ,01-Aug-2012,80.0,77.85,77.85,77.85,77.85,77.85,77.85,200,15570.0,1.0,200.0,100.00
MMFSL,EQ,31-Jul-2012,79.8,80.0,80.0,80.0,80.0,80.0,80.0,500,40000.0,1.0,500.0,100.00
MMFSL,EQ,30-Jul-2012,78.0,76.5,81.75,76.5,79.8,79.8,79.67,1002,79830.65,14.0,977.0,97.50
MMFSL,EQ,27-Jul-2012,76.9,76.5,79.0,76.5,78.0,78.0,78.0,33648,2624569.9,53.0,30013.0,89.20
MMFSL,EQ,26-Jul-2012,77.7,85.4,85.4,75.1,76.9,76.9,77.98,5414,422181.5,24.0,5270.0,97.34
MMFSL,EQ,25-Jul-2012,80.0,76.8,80.5,76.55,78.0,77.7,78.44,841,65968.55,18.0,740.0,87.99
MMFSL,EQ,24-Jul-2012,78.65,79.0,80.0,76.85,80.0,80.0,78.69,1085,85380.9,13.0,1044.0,96.22
MMFSL,EQ,23-Jul-2012,79.0,78.75,78.8,78.65,78.65,78.65,78.68,760,59794.55,17.0,760.0,100.00
MMFSL,EQ,20-Jul-2012,78.95,78.6,79.25,78.55,79.0,79.0,79.01,505,39901.15,14.0,455.0,90.10
MMFSL,EQ,19-Jul-2012,79.55,81.1,82.0,78.15,79.0,78.95,80.82,2922,236149.15,51.0,2302.0,78.78
MMFSL,EQ,18-Jul-2012,81.0,81.0,82.0,78.1,79.25,79.55,79.22,670,53074.95,47.0,513.0,76.57
MMFSL,EQ,17-Jul-2012,81.3,81.0,83.0,81.0,81.0,81.0,81.04,226,18316.0,7.0,221.0,97.79
MMFSL,EQ,16-Jul-2012,82.95,80.3,83.65,80.2,81.1,81.3,81.54,3532,288012.0,64.0,1193.0,33.78
MMFSL,EQ,13-Jul-2012,83.2,80.55,84.8,80.55,82.95,82.95,83.2,1166,97015.9,15.0,650.0,55.75
MMFSL,EQ,12-Jul-2012,83.1,82.95,83.4,76.0,83.35,83.2,81.07,1581,128175.3,46.0,900.0,56.93
MMFSL,EQ,11-Jul-2012,83.7,83.1,83.9,83.0,83.0,83.1,83.1,566,47037.4,12.0,462.0,81.63
MMFSL,EQ,10-Jul-2012,81.7,80.1,84.0,80.1,83.7,83.7,82.39,510,42019.45,8.0,385.0,75.49
MMFSL,EQ,09-Jul-2012,83.8,80.8,82.9,80.8,81.7,81.7,81.7,374,30555.0,7.0,364.0,97.33
MMFSL,EQ,06-Jul-2012,83.8,83.8,83.8,83.8,83.8,83.8,83.8,100,8380.0,2.0,100.0,100.00
MMFSL,EQ,05-Jul-2012,80.0,81.85,84.8,81.65,83.8,83.8,82.6,496,40970.7,23.0,404.0,81.45
MMFSL,EQ,04-Jul-2012,79.5,80.0,82.85,80.0,80.0,80.0,80.91,156,12622.5,9.0,151.0,96.79
MMFSL,EQ,03-Jul-2012,81.2,81.0,81.95,79.5,79.5,79.5,80.24,899,72133.15,26.0,581.0,64.63
MMFSL,EQ,02-Jul-2012,81.4,80.05,83.5,80.05,81.0,81.2,81.98,1295,106164.4,39.0,1037.0,80.08
MMFSL,EQ,29-Jun-2012,82.0,81.05,83.4,81.0,81.4,81.4,81.84,900,73660.0,8.0,700.0,77.78
MMFSL,EQ,28-Jun-2012,82.0,82.0,83.0,82.0,82.0,82.0,82.13,840,68985.0,9.0,740.0,88.10
MMFSL,EQ,27-Jun-2012,83.2,83.0,83.5,82.0,82.0,82.0,82.6,872,72025.0,16.0,772.0,88.53
MMFSL,EQ,26-Jun-2012,81.7,78.25,83.8,78.25,83.8,83.2,82.69,573,47383.05,23.0,350.0,61.08
MMFSL,EQ,25-Jun-2012,84.0,77.25,83.0,77.25,82.0,81.7,81.91,1677,137368.0,15.0,1610.0,96.00
MMFSL,EQ,22-Jun-2012,81.3,76.3,87.8,76.3,84.0,84.0,83.14,1110,92282.5,23.0,770.0,69.37
MMFSL,EQ,21-Jun-2012,84.05,84.5,84.5,80.25,80.6,81.3,82.18,1074,88263.75,20.0,744.0,69.27
MMFSL,EQ,20-Jun-2012,84.7,84.05,86.0,83.0,85.65,84.05,83.94,2666,223784.8,47.0,1736.0,65.12
MMFSL,EQ,19-Jun-2012,77.4,76.2,92.5,76.2,86.25,84.7,87.18,24702,2153558.1,370.0,14054.0,56.89
MMFSL,EQ,18-Jun-2012,77.7,77.0,80.5,76.45,77.4,77.4,78.62,2124,166994.85,11.0,107.0,5.04
MMFSL,EQ,15-Jun-2012,77.2,81.0,81.0,76.8,78.45,77.7,77.6,461,35773.0,10.0,249.0,54.01
MMFSL,EQ,14-Jun-2012,77.55,74.0,79.0,74.0,78.8,77.2,77.26,474,36621.55,19.0,129.0,27.22
MMFSL,EQ,13-Jun-2012,79.85,77.55,79.8,77.5,77.5,77.55,77.54,735,56994.8,24.0,533.0,72.52
MMFSL,EQ,11-Jun-2012,77.95,77.85,79.95,77.85,79.85,79.85,79.13,463,36635.05,15.0,131.0,28.29
MMFSL,EQ,08-Jun-2012,77.7,77.3,78.95,76.65,76.65,77.95,77.3,705,54494.2,9.0,605.0,85.82
MMFSL,EQ,07-Jun-2012,78.55,78.0,78.0,77.6,77.6,77.7,77.96,480,37418.75,9.0,440.0,91.67
MMFSL,EQ,06-Jun-2012,77.0,76.45,78.8,76.0,78.5,78.55,77.03,1838,141575.45,52.0,944.0,51.36
MMFSL,EQ,05-Jun-2012,76.35,76.5,78.5,76.5,76.7,77.0,77.73,17923,1393179.45,20.0,17505.0,97.67
MMFSL,EQ,04-Jun-2012,78.3,78.0,78.0,76.0,77.75,76.35,76.54,735,56259.85,18.0,480.0,65.31
MMFSL,EQ,01-Jun-2012,79.05,78.1,79.95,78.05,78.3,78.3,78.84,1009,79554.5,26.0,432.0,42.81
MMFSL,EQ,31-May-2012,78.5,78.5,79.85,77.15,79.55,79.05,78.42,1243,97480.05,18.0,605.0,48.67
MMFSL,EQ,30-May-2012,79.9,83.7,83.7,78.0,78.45,78.5,78.75,5970,470128.5,25.0,5380.0,90.12
MMFSL,EQ,29-May-2012,78.6,82.0,82.0,78.0,81.9,79.9,79.76,6083,485155.05,61.0,126.0,2.07
MMFSL,EQ,28-May-2012,78.6,79.0,79.0,78.5,78.5,78.6,78.67,1200,94406.95,17.0,1000.0,83.33
MMFSL,EQ,25-May-2012,78.6,78.8,78.8,78.5,78.6,78.6,78.57,590,46356.4,9.0,590.0,100.00
MMFSL,EQ,24-May-2012,78.1,78.1,79.9,78.1,78.6,78.6,78.82,184,14502.1,3.0,184.0,100.00
MMFSL,EQ,23-May-2012,78.1,78.05,79.0,78.05,78.1,78.1,78.4,152,11916.1,4.0,152.0,100.00
MMFSL,EQ,22-May-2012,79.2,80.5,80.5,78.1,78.1,78.1,79.16,778,61583.55,8.0,578.0,74.29
MMFSL,EQ,21-May-2012,79.05,78.05,81.0,78.0,81.0,79.2,78.51,2784,218582.45,51.0,1550.0,55.68
MMFSL,EQ,18-May-2012,78.1,78.15,79.95,78.15,79.0,79.05,78.65,1113,87532.3,37.0,933.0,83.83
MMFSL,EQ,17-May-2012,78.95,78.25,83.75,78.1,78.1,78.1,78.9,699,55151.75,11.0,500.0,71.53
MMFSL,EQ,16-May-2012,78.5,77.0,84.7,77.0,77.4,78.95,78.76,228,17957.0,7.0,225.0,98.68
MMFSL,EQ,15-May-2012,78.0,78.2,78.5,78.2,78.5,78.5,78.36,640,50150.0,15.0,640.0,100.00
MMFSL,EQ,14-May-2012,78.8,78.05,78.05,78.0,78.0,78.0,78.05,251,19589.75,6.0,250.0,99.60
MMFSL,EQ,11-May-2012,78.5,80.0,80.0,78.0,78.8,78.8,78.97,1797,141917.45,50.0,1650.0,91.82
MMFSL,EQ,10-May-2012,78.35,78.0,80.55,78.0,78.5,78.5,79.01,1917,151454.05,52.0,1515.0,79.03
MMFSL,EQ,09-May-2012,79.6,77.6,80.0,77.6,78.1,78.35,78.46,2059,161539.15,57.0,1110.0,53.91
MMFSL,EQ,08-May-2012,80.05,81.8,81.95,79.5,79.5,79.6,81.82,784,64144.05,11.0,770.0,98.21
MMFSL,EQ,07-May-2012,81.25,81.25,82.4,79.8,80.05,80.05,80.84,4020,324977.05,54.0,3616.0,89.95
MMFSL,EQ,04-May-2012,81.75,82.1,82.1,79.35,81.25,81.25,80.63,2440,196726.85,53.0,1831.0,75.04
MMFSL,EQ,03-May-2012,82.05,97.8,97.8,80.5,82.5,81.75,81.99,3233,265089.25,40.0,2754.0,85.18
MMFSL,EQ,02-May-2012,82.85,85.8,85.8,81.5,81.5,82.05,82.87,1733,143612.45,47.0,1299.0,74.96
MMFSL,EQ,30-Apr-2012,83.7,83.0,86.45,82.5,82.55,82.85,83.41,920,76738.85,25.0,687.0,74.67
MMFSL,EQ,28-Apr-2012,85.45,82.85,87.95,82.85,83.7,83.7,83.84,139,11653.5,8.0,63.0,45.32
MMFSL,EQ,27-Apr-2012,84.25,82.1,86.35,82.1,85.95,85.45,84.77,521,44163.6,27.0,216.0,41.46
MMFSL,EQ,26-Apr-2012,84.5,88.75,88.75,82.0,84.9,84.25,84.55,3053,258138.1,58.0,2203.0,72.16
MMFSL,EQ,25-Apr-2012,84.05,81.8,85.5,81.8,85.5,84.5,83.65,750,62736.35,55.0,369.0,49.20
MMFSL,EQ,24-Apr-2012,85.3,83.3,85.85,83.3,84.05,84.05,84.76,648,54923.0,19.0,511.0,78.86
MMFSL,EQ,23-Apr-2012,88.0,87.95,87.95,85.0,85.0,85.3,86.51,957,82792.05,50.0,362.0,37.83
MMFSL,EQ,20-Apr-2012,85.1,93.45,93.45,82.25,88.2,88.0,82.92,171279,14202860.2,125.0,165742.0,96.77
MMFSL,EQ,19-Apr-2012,85.65,83.8,87.85,83.5,85.2,85.1,84.31,1660,139950.9,40.0,1370.0,82.53
MMFSL,EQ,18-Apr-2012,84.15,87.95,87.95,85.3,85.6,85.65,87.19,300,26157.65,11.0,162.0,54.00
MMFSL,EQ,17-Apr-2012,85.4,85.0,87.7,84.05,87.35,84.15,84.38,63802,5383513.05,121.0,62369.0,97.75
MMFSL,EQ,16-Apr-2012,85.6,82.6,88.0,82.6,88.0,85.4,85.02,4046,343987.15,50.0,3728.0,92.14
MMFSL,EQ,13-Apr-2012,87.05,85.0,87.9,85.0,85.5,85.6,85.82,6085,522234.2,38.0,4250.0,69.84
MMFSL,EQ,12-Apr-2012,84.65,86.8,88.0,83.3,87.0,87.05,86.58,5051,437315.85,74.0,4068.0,80.54
MMFSL,EQ,11-Apr-2012,82.1,82.15,88.45,81.3,86.3,84.65,82.27,197002,16207254.4,395.0,182191.0,92.48
MMFSL,EQ,10-Apr-2012,85.0,82.0,84.85,74.0,84.85,82.1,77.22,249804,19290458.85,296.0,244793.0,97.99
MMFSL,EQ,09-Apr-2012,82.45,82.15,85.45,82.15,85.25,85.0,84.22,1884,158672.6,56.0,1315.0,69.80
MMFSL,EQ,04-Apr-2012,86.0,88.3,88.3,79.1,82.15,82.45,79.54,114131,9077783.9,143.0,111056.0,97.31
MMFSL,EQ,03-Apr-2012,85.7,88.85,88.85,84.6,85.0,86.0,85.99,57150,4914164.0,194.0,53847.0,94.22
MMFSL,EQ,02-Apr-2012,78.2,79.0,86.85,66.0,84.3,85.7,67.12,175381,11771175.8,222.0,169245.0,96.50
MMFSL,EQ,30-Mar-2012,84.95,81.6,86.8,75.0,76.85,78.2,80.12,25093,2010382.15,431.0,16599.0,66.15
MMFSL,EQ,29-Mar-2012,84.8,84.0,92.0,83.55,85.0,84.95,85.33,2488,212304.9,55.0,2106.0,84.65
MMFSL,EQ,28-Mar-2012,82.2,82.0,86.5,82.0,85.15,84.8,82.92,74670,6191933.4,137.0,63502.0,85.04
MMFSL,EQ,27-Mar-2012,85.75,82.75,86.95,81.1,82.5,82.2,82.78,44789,3707706.8,86.0,38667.0,86.33
MMFSL,EQ,26-Mar-2012,86.95,85.75,86.85,85.05,86.0,85.75,86.0,17825,1532920.65,79.0,16955.0,95.12
MMFSL,EQ,23-Mar-2012,87.6,87.5,95.0,86.05,86.6,86.95,86.4,17944,1550284.75,74.0,16296.0,90.82
MMFSL,EQ,22-Mar-2012,88.95,88.6,89.95,87.5,88.0,87.6,87.84,9804,861154.25,48.0,9656.0,98.49
MMFSL,EQ,21-Mar-2012,89.2,87.5,90.4,87.5,88.45,88.95,88.91,808,71837.8,20.0,618.0,76.49
MMFSL,EQ,20-Mar-2012,88.7,88.4,89.7,88.0,89.65,89.2,88.83,2389,212222.3,61.0,2148.0,89.91
MMFSL,EQ,19-Mar-2012,88.6,88.5,91.95,87.7,88.0,88.7,89.25,4617,412058.35,118.0,2161.0,46.81
MMFSL,EQ,16-Mar-2012,90.15,87.55,92.45,87.55,88.6,88.6,89.6,6103,546816.3,95.0,3628.0,59.45
MMFSL,EQ,15-Mar-2012,91.5,90.0,92.65,87.8,90.2,90.15,90.89,1972,179226.05,49.0,975.0,49.44
MMFSL,EQ,14-Mar-2012,92.3,91.2,93.65,91.2,91.5,91.5,92.08,3384,311591.45,80.0,2362.0,69.80
MMFSL,EQ,13-Mar-2012,91.1,92.0,93.85,91.5,92.0,92.3,92.37,4078,376676.75,115.0,2453.0,60.15
MMFSL,EQ,12-Mar-2012,90.85,90.7,93.85,90.7,91.0,91.1,91.68,6063,555879.55,89.0,2813.0,46.40
MMFSL,EQ,09-Mar-2012,91.3,94.25,94.25,90.5,90.7,90.85,91.48,4581,419081.0,102.0,1795.0,39.18
MMFSL,EQ,07-Mar-2012,91.85,91.3,92.0,90.15,91.5,91.3,91.14,2955,269314.3,63.0,2040.0,69.04
MMFSL,EQ,06-Mar-2012,91.95,92.5,93.2,91.2,92.0,91.85,92.03,1232,113379.95,39.0,975.0,79.14
MMFSL,EQ,05-Mar-2012,94.3,91.0,93.9,90.05,91.2,91.95,91.99,3141,288951.2,113.0,1661.0,52.88
MMFSL,EQ,03-Mar-2012,92.5,94.3,94.3,94.3,94.3,94.3,94.3,9,848.7,1.0,9.0,100.00
MMFSL,EQ,02-Mar-2012,93.8,93.85,94.7,91.55,91.55,92.5,93.29,3437,320641.65,93.0,2211.0,64.33
MMFSL,EQ,01-Mar-2012,92.95,93.0,93.9,92.15,93.75,93.8,93.17,2491,232098.1,41.0,1829.0,73.42
MMFSL,EQ,29-Feb-2012,92.15,93.2,97.0,92.3,93.0,92.95,94.24,7042,663626.9,189.0,4417.0,62.72
MMFSL,EQ,28-Feb-2012,91.05,90.0,94.95,90.0,91.5,92.15,92.47,7294,674503.7,141.0,5408.0,74.14
MMFSL,EQ,27-Feb-2012,95.35,94.0,96.75,90.35,91.1,91.05,92.59,6489,600814.25,61.0,5830.0,89.84
MMFSL,EQ,24-Feb-2012,97.75,98.5,98.5,93.5,94.5,95.35,95.12,45323,4311020.55,116.0,43322.0,95.59
MMFSL,EQ,23-Feb-2012,98.95,97.6,99.9,97.05,97.25,97.75,97.93,2029,198707.75,116.0,1279.0,63.04
MMFSL,EQ,22-Feb-2012,101.0,101.1,102.0,96.25,98.0,98.95,99.84,13756,1373395.65,254.0,9659.0,70.22
MMFSL,EQ,21-Feb-2012,101.6,101.0,102.6,98.35,101.0,101.0,101.35,3023,306367.5,107.0,1776.0,58.75
MMFSL,EQ,17-Feb-2012,106.65,105.35,108.95,101.0,101.35,101.6,106.3,16686,1773734.3,203.0,3869.0,23.19
MMFSL,EQ,16-Feb-2012,105.2,108.95,113.9,102.5,106.5,106.65,109.43,27671,3028104.25,508.0,14745.0,53.29
MMFSL,EQ,15-Feb-2012,103.15,104.95,107.0,103.15,106.0,105.2,105.04,16499,1733077.25,205.0,6638.0,40.23
MMFSL,EQ,14-Feb-2012,105.95,104.15,108.0,103.0,103.0,103.15,104.66,4767,498906.05,120.0,2864.0,60.08
MMFSL,EQ,13-Feb-2012,103.0,94.0,108.0,93.05,106.0,105.95,102.29,49105,5023034.7,688.0,17594.0,35.83
MMFSL,EQ,10-Feb-2012,110.15,106.5,108.55,100.05,103.5,103.0,104.06,38056,3960144.65,519.0,20655.0,54.28
MMFSL,EQ,09-Feb-2012,103.6,103.6,112.65,103.6,111.0,110.15,109.71,61893,6790227.1,494.0,42247.0,68.26
MMFSL,EQ,08-Feb-2012,94.2,95.0,103.6,93.75,103.6,103.6,102.87,65513,6739284.9,213.0,61490.0,93.86
MMFSL,EQ,07-Feb-2012,95.25,95.0,99.0,93.35,94.05,94.2,95.42,4374,417361.85,89.0,2928.0,66.94
MMFSL,EQ,06-Feb-2012,92.9,93.0,97.0,92.2,95.05,95.25,95.12,8413,800284.85,157.0,4071.0,48.39
MMFSL,EQ,03-Feb-2012,92.85,91.8,94.25,91.8,92.6,92.9,92.86,2614,242729.65,69.0,1740.0,66.56
MMFSL,EQ,02-Feb-2012,92.85,94.0,94.0,91.6,92.85,92.85,92.92,6060,563097.1,76.0,2935.0,48.43
MMFSL,EQ,01-Feb-2012,92.8,94.5,94.9,91.0,93.55,92.85,92.67,4336,401822.0,93.0,2232.0,51.48
MMFSL,EQ,31-Jan-2012,90.5,90.7,93.55,90.7,93.55,92.8,92.15,2409,221994.05,48.0,1091.0,45.29
MMFSL,EQ,30-Jan-2012,91.4,94.8,94.8,90.1,90.1,90.5,91.26,2553,232990.95,81.0,1585.0,62.08
MMFSL,EQ,27-Jan-2012,91.8,92.5,95.0,90.2,91.1,91.4,92.58,6430,595278.5,162.0,2494.0,38.79
MMFSL,EQ,25-Jan-2012,92.05,91.3,93.9,90.05,90.05,91.8,92.72,19406,1799271.15,176.0,15108.0,77.85
MMFSL,EQ,24-Jan-2012,90.6,93.95,94.0,90.55,91.7,92.05,92.74,6106,566281.6,129.0,3155.0,51.67
MMFSL,EQ,23-Jan-2012,92.85,95.85,95.85,89.5,89.5,90.6,91.82,3951,362765.1,126.0,2365.0,59.86
MMFSL,EQ,20-Jan-2012,97.7,93.55,104.95,90.3,92.55,92.85,98.59,196963,19417611.3,485.0,179827.0,91.30
MMFSL,EQ,19-Jan-2012,96.15,95.4,98.05,94.35,98.0,97.7,96.69,2754,266279.2,54.0,1458.0,52.94
MMFSL,EQ,18-Jan-2012,98.4,97.1,99.7,93.5,97.0,96.15,97.0,1019,98847.65,57.0,515.0,50.54
MMFSL,EQ,17-Jan-2012,95.8,98.0,102.0,97.1,97.6,98.4,98.64,4368,430841.75,65.0,1827.0,41.83
MMFSL,EQ,16-Jan-2012,97.65,98.95,98.95,94.2,94.5,95.8,96.11,1643,157906.5,66.0,935.0,56.91
MMFSL,EQ,13-Jan-2012,98.85,98.0,100.65,97.0,97.55,97.65,98.42,6766,665880.8,134.0,4229.0,62.50
MMFSL,EQ,12-Jan-2012,101.05,103.0,111.0,96.05,96.2,98.85,103.94,18019,1872823.6,489.0,10234.0,56.80
MMFSL,EQ,11-Jan-2012,91.9,98.8,101.05,92.0,101.05,101.05,99.05,21713,2150753.45,456.0,10628.0,48.95
MMFSL,EQ,10-Jan-2012,83.55,85.0,91.9,83.7,91.9,91.9,90.19,17365,1566094.5,311.0,6320.0,36.40
MMFSL,EQ,09-Jan-2012,84.55,84.55,85.0,82.55,84.0,83.55,84.08,5028,422763.8,68.0,2861.0,56.90
MMFSL,EQ,07-Jan-2012,81.7,84.0,86.9,84.0,86.9,84.55,84.56,363,30693.7,11.0,363.0,100.00
MMFSL,EQ,06-Jan-2012,82.05,82.05,83.9,80.7,82.0,81.7,81.89,6378,522315.5,82.0,4709.0,73.83
MMFSL,EQ,05-Jan-2012,82.3,80.3,83.75,80.3,82.05,82.05,82.36,1335,109952.25,52.0,700.0,52.43
MMFSL,EQ,04-Jan-2012,81.65,82.5,84.0,82.05,82.05,82.3,82.52,1413,116606.65,39.0,910.0,64.40
MMFSL,EQ,03-Jan-2012,81.4,81.25,83.95,81.0,82.0,81.65,81.85,28687,2348148.9,285.0,26125.0,91.07
MMFSL,EQ,02-Jan-2012,82.4,81.2,83.55,80.65,81.2,81.4,81.37,4541,369499.2,84.0,2629.0,57.89
CGCL,EQ,30-Dec-2013,126.75,127.0,130.0,127.0,129.0,128.7,128.91,1029,132648.75,19.0,619.0,60.16
CGCL,EQ,27-Dec-2013,122.8,126.2,128.7,123.4,124.65,126.75,125.74,1318,165725.05,17.0,316.0,23.98
CGCL,EQ,26-Dec-2013,126.45,131.95,131.95,115.05,123.05,122.8,121.67,1598,194424.55,79.0,1010.0,63.20
CGCL,EQ,24-Dec-2013,127.0,128.0,128.95,126.1,128.95,126.45,126.58,319,40378.8,24.0,257.0,80.56
CGCL,EQ,23-Dec-2013,128.0,118.0,129.95,118.0,127.0,127.0,126.17,1010,127427.9,25.0,887.0,87.82
CGCL,EQ,20-Dec-2013,127.0,124.05,136.2,124.0,128.0,128.0,131.63,2344,308537.65,66.0,1008.0,43.00
CGCL,EQ,19-Dec-2013,124.05,127.0,127.0,127.0,127.0,127.0,127.0,103,13081.0,2.0,103.0,100.00
CGCL,EQ,18-Dec-2013,125.05,124.05,124.05,124.05,124.05,124.05,124.05,190,23569.5,5.0,95.0,50.00
CGCL,EQ,16-Dec-2013,126.2,126.2,126.55,125.05,125.05,125.05,126.47,1190,150500.95,22.0,1100.0,92.44
CGCL,EQ,13-Dec-2013,132.4,126.0,134.0,125.55,125.55,126.2,127.05,759,96432.15,24.0,308.0,40.58
CGCL,EQ,12-Dec-2013,133.75,130.05,135.9,128.2,134.45,132.4,133.05,248,32996.3,15.0,212.0,85.48
CGCL,EQ,11-Dec-2013,129.6,128.05,134.5,128.0,134.5,133.75,128.53,782,100513.6,16.0,711.0,90.92
CGCL,EQ,10-Dec-2013,128.95,126.0,141.0,126.0,127.05,129.6,135.6,3437,466044.0,80.0,1523.0,44.31
CGCL,EQ,09-Dec-2013,122.0,122.0,134.2,122.0,129.0,128.95,127.0,3236,410964.15,67.0,2301.0,71.11
CGCL,EQ,06-Dec-2013,118.0,122.0,122.0,122.0,122.0,122.0,122.0,50,6100.0,1.0,50.0,100.00
CGCL,EQ,05-Dec-2013,123.0,119.0,121.4,118.0,118.0,118.0,118.93,1381,164243.0,6.0,781.0,56.55
CGCL,EQ,04-Dec-2013,123.9,117.0,123.0,117.0,123.0,123.0,120.81,210,25370.0,3.0,10.0,4.76
CGCL,EQ,03-Dec-2013,117.0,107.1,124.8,107.1,123.9,123.9,119.82,200,23963.0,4.0,60.0,30.00
CGCL,EQ,29-Nov-2013,116.0,117.0,117.0,117.0,117.0,117.0,117.0,10,1170.0,1.0,10.0,100.00
CGCL,EQ,28-Nov-2013,116.0,115.0,119.45,115.0,116.0,116.0,115.21,4790,551853.9,78.0,2775.0,57.93
CGCL,EQ,27-Nov-2013,116.9,114.1,116.0,114.1,116.0,116.0,114.63,250,28658.0,3.0,250.0,100.00
CGCL,EQ,26-Nov-2013,119.15,115.0,116.9,115.0,116.9,116.9,115.95,10,1159.5,2.0,5.0,50.00
CGCL,EQ,25-Nov-2013,115.5,115.0,123.0,115.0,122.0,119.15,118.02,870,102680.0,8.0,270.0,31.03
CGCL,EQ,22-Nov-2013,119.1,118.0,121.95,110.1,115.5,115.5,115.68,42,4858.75,14.0,33.0,78.57
CGCL,EQ,21-Nov-2013,121.1,119.5,123.95,119.0,119.0,119.1,119.38,1002,119620.45,11.0,1001.0,99.90
CGCL,EQ,20-Nov-2013,123.95,123.0,124.9,120.0,121.1,121.1,121.08,1143,138392.4,24.0,839.0,73.40
CGCL,EQ,19-Nov-2013,125.0,121.0,127.0,117.45,120.1,123.95,123.58,141,17424.4,18.0,128.0,90.78
CGCL,EQ,18-Nov-2013,124.95,132.05,132.05,125.0,125.0,125.0,125.16,47,5882.5,3.0,47.0,100.00
CGCL,EQ,14-Nov-2013,125.0,124.0,125.0,124.0,124.95,124.95,124.54,110,13699.5,6.0,10.0,9.09
CGCL,EQ,12-Nov-2013,120.0,125.0,125.0,125.0,125.0,125.0,125.0,33,4125.0,1.0,33.0,100.00
CGCL,EQ,11-Nov-2013,119.7,119.0,120.0,113.05,120.0,120.0,113.15,201,22743.8,6.0,200.0,99.50
CGCL,EQ,08-Nov-2013,119.0,120.0,120.0,116.05,119.8,119.7,118.6,615,72936.6,11.0,340.0,55.28
CGCL,EQ,07-Nov-2013,119.25,121.0,122.0,119.0,119.0,119.0,121.38,65,7890.0,7.0,64.0,98.46
CGCL,EQ,06-Nov-2013,120.0,120.0,124.7,118.0,119.95,119.25,119.8,1156,138485.8,17.0,949.0,82.09
CGCL,EQ,05-Nov-2013,118.0,118.0,120.0,118.0,120.0,120.0,119.85,131,15699.95,5.0,130.0,99.24
CGCL,EQ,03-Nov-2013,119.4,118.0,118.0,117.0,118.0,118.0,117.99,102,12035.0,3.0,102.0,100.00
CGCL,EQ,01-Nov-2013,120.0,115.0,123.6,114.75,118.0,119.4,119.39,635,75813.65,31.0,460.0,72.44
CGCL,EQ,31-Oct-2013,126.0,126.0,126.0,119.7,120.0,120.0,120.7,341,41160.4,19.0,279.0,81.82
CGCL,EQ,30-Oct-2013,120.05,122.0,126.0,121.35,126.0,126.0,123.4,151,18633.05,3.0,88.0,58.28
CGCL,EQ,29-Oct-2013,125.75,120.05,120.05,120.05,120.05,120.05,120.05,13,1560.65,1.0,13.0,100.00
CGCL,EQ,28-Oct-2013,126.5,123.0,129.5,122.0,123.2,125.75,125.0,573,71623.0,10.0,125.0,21.82
CGCL,EQ,25-Oct-2013,125.05,120.0,130.0,120.0,126.5,126.5,129.08,472,60925.5,6.0,471.0,99.79
CGCL,EQ,22-Oct-2013,127.1,125.05,125.05,125.05,125.05,125.05,125.05,1,125.05,1.0,1.0,100.00
CGCL,EQ,21-Oct-2013,130.3,126.05,135.0,126.05,127.1,127.1,128.36,251,32218.5,10.0,151.0,60.16
CGCL,EQ,18-Oct-2013,130.0,130.1,132.0,130.1,130.3,130.3,130.33,185,24111.0,9.0,155.0,83.78
CGCL,EQ,17-Oct-2013,134.0,134.0,134.0,128.0,130.0,130.0,130.55,320,41776.6,13.0,252.0,78.75
CGCL,EQ,15-Oct-2013,128.85,129.0,135.0,129.0,134.0,134.0,134.55,480,64584.0,9.0,480.0,100.00
CGCL,EQ,14-Oct-2013,122.75,124.0,128.85,124.0,128.85,128.85,126.05,311,39202.15,9.0,236.0,75.88
CGCL,EQ,10-Oct-2013,122.75,122.75,122.75,122.75,122.75,122.75,122.75,100,12275.0,1.0,100.0,100.00
CGCL,EQ,09-Oct-2013,120.15,122.75,122.75,122.75,122.75,122.75,122.75,45,5523.75,1.0,45.0,100.00
CGCL,EQ,27-Sep-2013,121.5,120.15,120.15,120.15,120.15,120.15,120.15,50,6007.5,1.0,50.0,100.00
CGCL,EQ,23-Sep-2013,121.5,121.5,121.5,121.5,121.5,121.5,121.5,1,121.5,1.0,1.0,100.00
CGCL,EQ,20-Sep-2013,126.35,121.5,121.5,121.5,121.5,121.5,121.5,50,6075.0,1.0,50.0,100.00
CGCL,EQ,16-Sep-2013,133.0,126.35,126.35,126.35,126.35,126.35,126.35,1,126.35,1.0,1.0,100.00
CGCL,EQ,13-Sep-2013,127.0,132.9,133.0,132.9,133.0,133.0,132.95,100,13295.0,2.0,100.0,100.00
CGCL,EQ,11-Sep-2013,125.0,127.0,127.0,127.0,127.0,127.0,127.0,150,19050.0,1.0,150.0,100.00
CGCL,EQ,29-Aug-2013,116.0,125.0,125.0,125.0,125.0,125.0,125.0,10,1250.0,1.0,10.0,100.00
CGCL,EQ,28-Aug-2013,120.05,116.0,116.0,116.0,116.0,116.0,116.0,100,11600.0,2.0,100.0,100.00
CGCL,EQ,27-Aug-2013,129.0,125.3,125.3,120.05,120.05,120.05,122.3,175,21402.5,4.0,175.0,100.00
CGCL,EQ,26-Aug-2013,129.9,136.8,136.8,129.0,129.0,129.0,132.52,250,33130.0,3.0,150.0,60.00
CGCL,EQ,23-Aug-2013,121.0,129.9,129.9,129.9,129.9,129.9,129.9,100,12990.0,1.0,100.0,100.00
CGCL,EQ,21-Aug-2013,118.0,121.0,121.0,121.0,121.0,121.0,121.0,500,60500.0,3.0,500.0,100.00
CGCL,EQ,20-Aug-2013,106.2,124.9,124.9,115.0,118.0,118.0,118.04,1800,212480.0,15.0,1400.0,77.78
CGCL,EQ,19-Aug-2013,130.0,106.2,106.2,106.2,106.2,106.2,106.2,450,47790.0,5.0,450.0,100.00
CGCL,EQ,13-Aug-2013,132.6,130.0,130.0,130.0,130.0,130.0,130.0,10,1300.0,1.0,10.0,100.00
MMFSL,EQ,02-Aug-2013,152.0,132.1,142.0,132.1,132.6,132.6,132.67,49,6500.8,4.0,37.0,75.51
MMFSL,EQ,01-Aug-2013,158.0,152.0,152.0,152.0,152.0,152.0,152.0,1,152.0,1.0,1.0,100.00
MMFSL,EQ,26-Jul-2013,160.0,158.0,158.0,158.0,158.0,158.0,158.0,1,158.0,1.0,1.0,100.00
MMFSL,EQ,25-Jul-2013,162.0,160.0,160.0,160.0,160.0,160.0,160.0,25,4000.0,1.0,25.0,100.00
MMFSL,EQ,24-Jul-2013,162.0,162.0,162.0,162.0,162.0,162.0,162.0,980,158760.0,1.0,980.0,100.00
MMFSL,EQ,23-Jul-2013,166.0,162.0,162.0,162.0,162.0,162.0,162.0,10,1620.0,1.0,10.0,100.00
MMFSL,EQ,22-Jul-2013,165.1,155.0,166.0,155.0,166.0,166.0,160.35,710,113849.0,7.0,510.0,71.83
MMFSL,EQ,19-Jul-2013,147.0,165.0,165.1,165.0,165.1,165.1,165.0,2297,379005.8,13.0,2297.0,100.00
MMFSL,EQ,18-Jul-2013,160.0,151.0,151.0,147.0,147.0,147.0,147.2,20,2944.0,3.0,20.0,100.00
MMFSL,EQ,17-Jul-2013,150.0,165.0,165.0,160.0,160.0,160.0,163.33,300,49000.0,8.0,200.0,66.67
MMFSL,EQ,15-Jul-2013,159.95,150.0,150.0,150.0,150.0,150.0,150.0,1,150.0,1.0,1.0,100.00
MMFSL,EQ,11-Jul-2013,154.7,159.95,159.95,159.95,159.95,159.95,159.95,6,959.7,1.0,6.0,100.00
MMFSL,EQ,10-Jul-2013,141.0,154.7,154.7,154.7,154.7,154.7,154.7,9,1392.3,2.0,9.0,100.00
MMFSL,EQ,08-Jul-2013,167.95,160.8,160.8,136.0,141.0,141.0,150.22,148,22233.0,7.0,75.0,50.68
MMFSL,EQ,05-Jul-2013,149.0,149.9,167.95,148.9,167.95,167.95,149.6,277,41440.35,3.0,277.0,100.00
MMFSL,EQ,03-Jul-2013,145.0,149.0,149.0,149.0,149.0,149.0,149.0,7,1043.0,1.0,7.0,100.00
MMFSL,EQ,02-Jul-2013,150.0,149.95,149.95,144.95,145.0,145.0,145.98,6,875.9,4.0,3.0,50.00
MMFSL,EQ,01-Jul-2013,148.2,146.95,150.0,146.95,150.0,150.0,148.48,2,296.95,2.0,1.0,50.00
MMFSL,EQ,28-Jun-2013,141.65,148.5,148.5,148.2,148.2,148.2,148.26,5,741.3,2.0,5.0,100.00
MMFSL,EQ,27-Jun-2013,148.0,141.65,141.65,141.65,141.65,141.65,141.65,16,2266.4,1.0,16.0,100.00
MMFSL,EQ,26-Jun-2013,149.6,148.0,148.0,148.0,148.0,148.0,148.0,119,17612.0,1.0,119.0,100.00
MMFSL,EQ,24-Jun-2013,156.9,149.5,149.7,149.5,149.6,149.6,149.56,111,16601.6,5.0,60.0,54.05
MMFSL,EQ,21-Jun-2013,149.5,156.9,156.9,156.9,156.9,156.9,156.9,5,784.5,1.0,5.0,100.00
MMFSL,EQ,20-Jun-2013,152.85,152.75,152.75,149.5,149.5,149.5,150.88,53764,8112058.5,88.0,53764.0,100.00
MMFSL,EQ,19-Jun-2013,155.0,151.1,152.85,151.1,152.85,152.85,152.72,45828,6998834.3,175.0,45828.0,100.00
MMFSL,EQ,18-Jun-2013,155.0,151.05,155.0,151.05,155.0,155.0,153.03,10,1530.25,2.0,5.0,50.00
MMFSL,EQ,14-Jun-2013,151.2,155.0,155.0,155.0,155.0,155.0,155.0,900,139500.0,2.0,900.0,100.00
MMFSL,EQ,13-Jun-2013,159.15,151.2,151.2,151.2,151.2,151.2,151.2,3102,469022.4,8.0,3018.0,97.29
MMFSL,EQ,12-Jun-2013,167.5,165.0,165.0,159.15,159.15,159.15,160.32,5,801.6,4.0,5.0,100.00
MMFSL,EQ,11-Jun-2013,171.0,167.5,167.5,167.5,167.5,167.5,167.5,2,335.0,1.0,2.0,100.00
MMFSL,EQ,06-Jun-2013,172.5,171.0,171.0,171.0,171.0,171.0,171.0,1,171.0,1.0,1.0,100.00
MMFSL,EQ,04-Jun-2013,174.0,172.25,173.15,171.25,172.5,172.5,172.43,544,93804.5,8.0,544.0,100.00
MMFSL,EQ,03-Jun-2013,177.4,180.0,180.0,174.0,174.0,174.0,178.37,2080,371001.45,20.0,1601.0,76.97
MMFSL,EQ,31-May-2013,169.6,175.0,177.4,175.0,177.4,177.4,176.74,1967,347657.1,9.0,1500.0,76.26
MMFSL,EQ,30-May-2013,161.55,161.25,169.6,161.25,169.6,169.6,169.19,2051,347014.6,19.0,1951.0,95.12
MMFSL,EQ,29-May-2013,161.55,161.55,161.55,161.55,161.55,161.55,161.55,16,2584.8,2.0,16.0,100.00
MMFSL,EQ,28-May-2013,159.75,161.55,161.55,161.55,161.55,161.55,161.55,50,8077.5,2.0,50.0,100.00
MMFSL,EQ,27-May-2013,152.15,157.25,159.75,157.25,159.75,159.75,159.56,135,21541.25,4.0,135.0,100.00
MMFSL,EQ,24-May-2013,158.0,156.15,156.15,152.15,152.15,152.15,155.84,217,33816.55,4.0,217.0,100.00
MMFSL,EQ,23-May-2013,158.0,158.0,158.0,158.0,158.0,158.0,158.0,1,158.0,1.0,1.0,100.00
MMFSL,EQ,22-May-2013,160.1,156.25,158.0,156.25,158.0,158.0,157.67,53,8356.5,3.0,43.0,81.13
MMFSL,EQ,21-May-2013,161.55,160.25,160.25,160.1,160.1,160.1,160.25,73,11698.1,2.0,72.0,98.63
MMFSL,EQ,20-May-2013,166.0,162.2,162.2,161.05,161.55,161.55,161.31,625,100821.25,7.0,625.0,100.00
MMFSL,EQ,17-May-2013,174.7,167.25,169.95,166.0,166.0,166.0,166.62,299,49820.35,11.0,282.0,94.31
MMFSL,EQ,16-May-2013,172.5,171.2,175.0,171.2,174.7,174.7,172.01,751,129178.8,6.0,651.0,86.68
MMFSL,EQ,15-May-2013,164.3,172.4,172.5,172.4,172.5,172.5,172.44,2673,460937.5,27.0,2098.0,78.49
MMFSL,EQ,14-May-2013,172.9,164.3,164.95,164.3,164.3,164.3,164.5,1377,226516.2,10.0,1227.0,89.11
MMFSL,EQ,13-May-2013,182.0,173.0,173.0,172.9,172.9,172.9,172.97,150,25945.0,4.0,150.0,100.00
MMFSL,EQ,11-May-2013,175.45,182.0,182.0,182.0,182.0,182.0,182.0,851,154882.0,7.0,851.0,100.00
MMFSL,EQ,10-May-2013,159.5,175.45,175.45,174.5,175.45,175.45,175.16,6515,1141163.45,43.0,6310.0,96.85
MMFSL,EQ,09-May-2013,145.0,157.05,159.5,157.05,159.5,159.5,159.22,2215,352682.45,19.0,1966.0,88.76
MMFSL,EQ,08-May-2013,132.3,133.05,145.0,133.05,145.0,145.0,143.92,1315,189260.5,14.0,1205.0,91.63
MMFSL,EQ,07-May-2013,126.0,132.3,132.3,132.0,132.3,132.3,132.27,454,60052.4,7.0,454.0,100.00
MMFSL,EQ,06-May-2013,120.0,121.15,126.0,121.1,126.0,126.0,125.05,818,102293.85,7.0,659.0,80.56
MMFSL,EQ,03-May-2013,121.3,121.3,121.3,120.0,120.0,120.0,120.81,250,30202.8,7.0,175.0,70.00
MMFSL,EQ,30-Apr-2013,115.55,121.0,121.3,121.0,121.3,121.3,121.16,857,103834.1,11.0,657.0,76.66
MMFSL,EQ,29-Apr-2013,113.75,115.55,115.55,115.55,115.55,115.55,115.55,100,11555.0,1.0,100.0,100.00
MMFSL,EQ,26-Apr-2013,108.35,108.1,113.75,108.1,113.75,113.75,112.58,856,96368.3,6.0,756.0,88.32
MMFSL,EQ,25-Apr-2013,112.3,107.1,108.35,107.1,108.35,108.35,107.73,10,1077.25,2.0,10.0,100.00
MMFSL,EQ,23-Apr-2013,117.0,112.3,112.3,112.3,112.3,112.3,112.3,100,11230.0,1.0,100.0,100.00
MMFSL,EQ,22-Apr-2013,112.25,117.0,117.0,117.0,117.0,117.0,117.0,1,117.0,1.0,1.0,100.00
MMFSL,EQ,18-Apr-2013,107.0,107.0,112.25,103.55,112.25,112.25,104.05,172,17897.0,3.0,172.0,100.00
MMFSL,EQ,16-Apr-2013,108.0,104.85,107.0,102.65,107.0,107.0,103.32,459,47422.65,6.0,449.0,97.82
MMFSL,EQ,15-Apr-2013,107.5,108.0,108.0,108.0,108.0,108.0,108.0,641,69228.0,1.0,641.0,100.00
MMFSL,EQ,10-Apr-2013,113.0,109.0,109.0,107.5,107.5,107.5,107.94,142,15328.0,2.0,142.0,100.00
MMFSL,EQ,09-Apr-2013,111.0,109.5,116.55,109.5,113.0,113.0,109.51,81636,8940197.0,4.0,81636.0,100.00
MMFSL,EQ,08-Apr-2013,107.1,107.0,111.0,107.0,111.0,111.0,109.19,121334,13248656.0,7.0,121334.0,100.00
MMFSL,EQ,05-Apr-2013,107.6,110.0,112.45,106.1,107.05,107.1,107.34,154893,16625488.5,25.0,154808.0,99.95
MMFSL,EQ,04-Apr-2013,109.15,105.0,113.3,104.25,107.05,107.6,106.1,47684,5059242.8,41.0,46578.0,97.68
MMFSL,EQ,03-Apr-2013,110.05,113.5,115.55,105.2,113.95,109.15,112.3,3267,366883.9,26.0,3100.0,94.89
MMFSL,EQ,02-Apr-2013,110.0,115.5,115.5,106.05,115.4,110.05,112.54,1855,208763.85,31.0,1630.0,87.87
MMFSL,EQ,01-Apr-2013,104.8,109.9,110.0,109.9,110.0,110.0,109.98,205,22545.0,3.0,200.0,97.56
MMFSL,EQ,28-Mar-2013,102.1,107.0,107.2,104.0,105.0,104.8,105.78,2034,215147.9,35.0,1658.0,81.51
MMFSL,EQ,26-Mar-2013,106.5,108.0,108.0,101.3,101.45,102.1,104.6,1529,159927.5,7.0,1529.0,100.00
MMFSL,EQ,25-Mar-2013,108.5,103.1,112.9,103.1,106.5,106.5,105.49,39224,4137840.75,31.0,39043.0,99.54
MMFSL,EQ,22-Mar-2013,114.1,111.0,111.0,108.4,110.5,108.5,109.3,2949,322319.6,33.0,2949.0,100.00
MMFSL,EQ,21-Mar-2013,118.1,118.1,120.0,114.0,114.0,114.1,114.91,1497,172013.2,19.0,1297.0,86.64
MMFSL,EQ,20-Mar-2013,124.1,128.5,128.5,117.9,123.65,118.1,120.05,2292,275159.45,46.0,1934.0,84.38
MMFSL,EQ,19-Mar-2013,128.75,130.5,130.9,123.15,128.8,124.1,127.75,137231,17530727.6,29.0,136978.0,99.82
MMFSL,EQ,18-Mar-2013,127.3,126.0,130.95,122.0,129.95,128.75,128.74,26750,3443859.25,31.0,26173.0,97.84
MMFSL,EQ,15-Mar-2013,127.35,125.0,130.95,123.0,130.95,127.3,126.41,1223,154593.55,13.0,676.0,55.27
MMFSL,EQ,14-Mar-2013,132.85,130.0,138.45,127.2,127.35,127.35,127.49,759,96762.5,4.0,759.0,100.00
MMFSL,EQ,13-Mar-2013,127.15,130.0,133.5,121.05,133.5,132.85,127.77,1811,231396.35,30.0,946.0,52.24
MMFSL,EQ,12-Mar-2013,133.0,129.5,129.5,126.35,127.5,127.15,127.32,1021,129995.3,14.0,951.0,93.14
MMFSL,EQ,11-Mar-2013,128.0,134.3,134.3,126.15,133.0,133.0,133.01,707,94038.05,4.0,700.0,99.01
MMFSL,EQ,08-Mar-2013,125.6,130.6,131.85,127.75,128.0,128.0,130.41,226,29473.75,8.0,186.0,82.30
MMFSL,EQ,07-Mar-2013,125.75,129.0,131.6,125.1,131.6,125.6,127.14,2350,298768.25,17.0,1680.0,71.49
MMFSL,EQ,06-Mar-2013,125.1,119.8,129.0,119.8,129.0,125.75,121.89,1557,189790.1,26.0,1370.0,87.99
MMFSL,EQ,05-Mar-2013,124.6,129.85,129.85,118.9,125.1,125.1,123.7,7185,888763.2,15.0,6921.0,96.33
MMFSL,EQ,04-Mar-2013,130.05,126.1,127.95,124.0,124.0,124.6,125.55,504,63277.15,23.0,296.0,58.73
MMFSL,EQ,01-Mar-2013,129.2,134.5,135.65,129.35,130.0,130.05,132.97,1333,177251.1,31.0,779.0,58.44
CGCL,EQ,30-Dec-2014,183.3,185.0,186.95,182.05,185.5,185.5,185.33,296,54857.0,20.0,283.0,95.61
CGCL,EQ,29-Dec-2014,181.35,183.0,189.75,181.0,186.95,183.3,183.43,566,103823.5,35.0,426.0,75.27
CGCL,EQ,26-Dec-2014,184.8,183.05,186.05,173.9,180.1,181.35,180.45,1210,218342.15,77.0,815.0,67.36
CGCL,EQ,24-Dec-2014,183.6,185.0,185.5,180.6,184.95,184.8,184.18,493,90801.35,39.0,214.0,43.41
CGCL,EQ,23-Dec-2014,186.95,189.0,193.35,181.0,181.05,183.6,185.54,2250,417466.95,85.0,1338.0,59.47
CGCL,EQ,22-Dec-2014,192.55,194.0,194.0,185.1,186.0,186.95,189.8,1986,376941.55,84.0,1484.0,74.72
CGCL,EQ,19-Dec-2014,196.3,201.95,202.0,190.0,190.0,192.55,194.94,1326,258488.05,57.0,933.0,70.36
CGCL,EQ,18-Dec-2014,196.05,199.0,199.0,193.55,199.0,196.3,195.9,205,40158.85,41.0,133.0,64.88
CGCL,EQ,17-Dec-2014,197.9,200.0,200.0,191.15,198.95,196.05,194.5,886,172329.3,38.0,649.0,73.25
CGCL,EQ,16-Dec-2014,197.4,195.05,202.35,191.05,195.75,197.9,197.65,2343,463101.35,77.0,1878.0,80.15
CGCL,EQ,15-Dec-2014,194.15,194.15,203.95,183.95,196.9,197.4,196.68,3542,696644.2,95.0,2423.0,68.41
CGCL,EQ,12-Dec-2014,200.1,201.1,205.8,191.65,192.75,194.15,199.73,2814,562032.65,119.0,1967.0,69.90
CGCL,EQ,11-Dec-2014,205.5,200.0,206.8,197.05,200.0,200.1,200.81,1787,358853.5,47.0,1226.0,68.61
CGCL,EQ,10-Dec-2014,196.35,200.0,211.0,193.55,205.0,205.5,201.5,3967,799362.2,104.0,3250.0,81.93
CGCL,EQ,09-Dec-2014,204.0,200.0,207.0,194.0,196.0,196.35,198.39,4019,797347.15,132.0,2912.0,72.46
CGCL,EQ,08-Dec-2014,205.0,206.95,206.95,201.7,204.95,204.0,204.02,2495,509031.35,64.0,1878.0,75.27
CGCL,EQ,05-Dec-2014,203.9,202.9,210.4,200.0,204.75,205.0,205.3,7288,1496222.15,87.0,6495.0,89.12
CGCL,EQ,04-Dec-2014,204.0,203.0,209.0,201.8,204.45,203.9,205.37,3307,679154.55,138.0,1608.0,48.62
CGCL,EQ,03-Dec-2014,203.7,205.0,211.0,200.3,205.05,204.0,207.57,2547,528680.5,63.0,1653.0,64.90
CGCL,EQ,02-Dec-2014,212.35,217.0,217.0,201.0,202.1,203.7,206.71,2074,428711.95,69.0,1759.0,84.81
CGCL,EQ,01-Dec-2014,209.6,207.5,214.8,207.5,213.5,212.35,212.55,3248,690361.1,93.0,2823.0,86.92
CGCL,EQ,28-Nov-2014,207.45,209.0,211.85,203.15,210.5,209.6,208.43,2409,502103.6,56.0,2070.0,85.93
CGCL,EQ,27-Nov-2014,206.35,215.0,217.8,205.05,206.1,207.45,211.17,3487,736341.55,177.0,2001.0,57.38
CGCL,EQ,26-Nov-2014,200.45,196.8,209.6,196.8,202.65,206.35,202.05,4333,875465.95,139.0,3232.0,74.59
CGCL,EQ,25-Nov-2014,205.7,206.0,206.05,195.2,199.05,200.45,199.5,4272,852279.7,151.0,2977.0,69.69
CGCL,EQ,24-Nov-2014,206.55,202.2,211.8,202.1,209.7,205.7,205.63,1838,377946.1,98.0,1068.0,58.11
CGCL,EQ,21-Nov-2014,207.9,207.5,211.9,195.2,206.0,206.55,201.63,3674,740771.15,107.0,2551.0,69.43
CGCL,EQ,20-Nov-2014,211.05,216.95,217.0,206.05,206.2,207.9,209.38,1451,303803.15,174.0,787.0,54.24
CGCL,EQ,19-Nov-2014,214.75,216.95,216.95,210.1,212.95,211.05,214.03,3752,803033.9,133.0,2843.0,75.77
CGCL,EQ,18-Nov-2014,215.1,214.9,214.95,210.3,214.8,214.75,212.31,3565,756876.95,106.0,2034.0,57.05
CGCL,EQ,17-Nov-2014,210.45,205.05,217.0,205.05,215.0,215.1,214.01,2444,523031.3,139.0,1561.0,63.87
CGCL,EQ,14-Nov-2014,207.0,205.75,217.05,205.55,209.0,210.45,210.6,4030,848729.7,155.0,2469.0,61.27
CGCL,EQ,13-Nov-2014,209.05,213.75,213.8,205.75,205.75,207.0,208.22,4117,857247.65,88.0,3181.0,77.26
CGCL,EQ,12-Nov-2014,209.65,206.55,211.0,203.6,207.05,209.05,207.78,4956,1029767.4,165.0,3324.0,67.07
CGCL,EQ,11-Nov-2014,208.1,216.65,216.9,206.2,211.85,209.65,212.41,5262,1117675.85,187.0,3182.0,60.47
CGCL,EQ,10-Nov-2014,212.2,203.0,211.95,196.0,209.8,208.1,205.75,7365,1515364.4,260.0,4574.0,62.10
CGCL,EQ,07-Nov-2014,213.95,214.0,219.95,209.1,212.0,212.2,213.83,5884,1258203.4,141.0,4852.0,82.46
CGCL,EQ,05-Nov-2014,214.7,222.6,222.6,211.0,216.0,213.95,213.51,6048,1291309.05,171.0,3711.0,61.36
CGCL,EQ,03-Nov-2014,216.9,223.8,223.8,207.55,213.35,214.7,215.09,4000,860353.7,152.0,2827.0,70.68
CGCL,EQ,31-Oct-2014,218.1,222.0,222.0,214.5,216.9,216.9,218.88,15870,3473565.35,171.0,8184.0,51.57
CGCL,EQ,30-Oct-2014,221.4,229.95,229.95,212.0,217.2,218.1,220.3,7964,1754489.4,239.0,5179.0,65.03
CGCL,EQ,29-Oct-2014,217.6,215.4,227.8,215.4,220.0,221.4,220.93,11444,2528352.05,281.0,7350.0,64.23
CGCL,EQ,28-Oct-2014,217.55,217.25,221.0,214.95,217.5,217.6,218.8,7185,1572096.4,97.0,5940.0,82.67
CGCL,EQ,27-Oct-2014,216.35,225.0,229.0,215.25,217.1,217.55,219.79,12128,2665652.6,252.0,8522.0,70.27
CGCL,EQ,23-Oct-2014,210.75,213.0,219.95,213.0,216.0,216.35,216.3,3164,684372.65,78.0,2183.0,68.99
CGCL,EQ,22-Oct-2014,208.75,206.0,214.0,198.85,210.0,210.75,208.91,5589,1167575.4,143.0,3983.0,71.26
CGCL,EQ,21-Oct-2014,208.25,207.55,212.85,206.1,209.45,208.75,208.47,3999,833658.95,86.0,3154.0,78.87
CGCL,EQ,20-Oct-2014,211.25,222.0,222.0,207.5,207.5,208.25,210.7,8802,1854586.75,284.0,5215.0,59.25
CGCL,EQ,17-Oct-2014,215.35,220.0,237.8,207.0,212.2,211.25,216.36,33596,7268862.9,1194.0,13267.0,39.49
CGCL,EQ,16-Oct-2014,189.7,199.7,227.6,195.0,215.0,215.35,222.0,126186,28013238.1,2447.0,44053.0,34.91
CGCL,EQ,14-Oct-2014,185.25,189.75,194.3,186.7,188.0,189.7,191.36,4445,850583.2,149.0,3764.0,84.68
CGCL,EQ,13-Oct-2014,194.75,190.0,194.0,177.1,186.0,185.25,184.52,11498,2121580.55,343.0,5393.0,46.90
CGCL,EQ,10-Oct-2014,206.45,196.7,206.4,192.0,193.15,194.75,198.73,7508,1492061.6,185.0,4930.0,65.66
CGCL,EQ,09-Oct-2014,201.3,219.0,219.0,203.05,206.0,206.45,208.33,9294,1936216.95,299.0,5392.0,58.02
CGCL,EQ,08-Oct-2014,190.6,198.4,209.8,196.0,202.0,201.3,201.03,12692,2551478.85,449.0,5830.0,45.93
CGCL,EQ,07-Oct-2014,185.65,186.0,198.05,186.0,190.5,190.6,193.06,6502,1255296.2,198.0,5209.0,80.11
CGCL,EQ,01-Oct-2014,186.35,186.35,189.95,184.0,189.95,185.65,185.5,2142,397330.4,34.0,1804.0,84.22
CGCL,EQ,30-Sep-2014,185.1,192.5,192.5,182.95,186.0,186.35,186.02,1966,365715.3,47.0,1669.0,84.89
CGCL,EQ,29-Sep-2014,174.65,180.0,190.7,180.0,186.15,185.1,187.9,8198,1540410.15,185.0,7168.0,87.44
CGCL,EQ,26-Sep-2014,174.95,172.5,177.0,172.1,173.25,174.65,173.84,3985,692746.9,35.0,2437.0,61.15
CGCL,EQ,25-Sep-2014,178.9,175.0,182.75,174.0,174.3,174.95,175.09,921,161254.25,46.0,583.0,63.30
CGCL,EQ,24-Sep-2014,179.35,178.95,180.9,178.9,179.6,178.9,179.85,2294,412573.7,24.0,2210.0,96.34
CGCL,EQ,23-Sep-2014,183.4,182.95,185.0,173.65,184.9,179.35,182.47,1404,256190.3,57.0,1191.0,84.83
CGCL,EQ,22-Sep-2014,181.65,180.65,186.75,180.65,184.55,183.4,183.74,2520,463015.6,46.0,2200.0,87.30
CGCL,EQ,19-Sep-2014,181.5,181.05,184.75,177.1,182.55,181.65,180.3,3653,658640.35,66.0,3173.0,86.86
CGCL,EQ,18-Sep-2014,182.7,180.1,185.0,180.1,180.3,181.5,181.66,1589,288652.3,24.0,1523.0,95.85
CGCL,EQ,17-Sep-2014,179.6,184.5,184.5,178.6,182.7,182.7,179.43,504,90432.4,13.0,487.0,96.63
CGCL,EQ,16-Sep-2014,185.05,185.05,185.05,179.1,179.1,179.6,181.37,2341,424586.55,35.0,2311.0,98.72
CGCL,EQ,15-Sep-2014,185.75,183.05,187.0,183.0,186.0,185.05,184.82,2490,460200.55,55.0,1863.0,74.82
CGCL,EQ,12-Sep-2014,175.5,175.35,189.0,174.75,182.1,185.75,182.77,6703,1225121.65,145.0,5978.0,89.18
CGCL,EQ,11-Sep-2014,172.1,168.0,179.9,167.6,175.0,175.5,174.46,3048,531767.2,67.0,2516.0,82.55
CGCL,EQ,10-Sep-2014,170.05,170.05,173.0,170.05,171.5,172.1,172.29,302,52031.05,15.0,216.0,71.52
CGCL,EQ,09-Sep-2014,171.95,172.4,173.3,169.0,170.0,170.05,170.43,3559,606574.5,74.0,3333.0,93.65
CGCL,EQ,08-Sep-2014,167.2,169.6,172.0,168.0,172.0,171.95,170.84,3014,514910.6,35.0,2889.0,95.85
CGCL,EQ,05-Sep-2014,170.1,168.0,170.5,166.6,168.95,167.2,168.15,5382,904977.15,81.0,4092.0,76.03
CGCL,EQ,04-Sep-2014,170.15,174.2,174.2,166.25,170.1,170.1,169.33,846,143252.85,38.0,715.0,84.52
CGCL,EQ,03-Sep-2014,171.05,168.0,172.85,166.0,169.6,170.15,169.65,757,128422.6,27.0,638.0,84.28
CGCL,EQ,02-Sep-2014,171.75,170.0,172.95,168.25,168.25,171.05,170.31,4346,740178.15,40.0,3572.0,82.19
CGCL,EQ,01-Sep-2014,168.6,165.15,172.7,164.45,171.75,171.75,171.09,1691,289310.8,26.0,1584.0,93.67
CGCL,EQ,28-Aug-2014,170.4,168.6,171.7,168.25,168.6,168.6,169.38,1593,269817.55,32.0,1333.0,83.68
CGCL,EQ,27-Aug-2014,169.9,174.75,174.75,169.65,170.9,170.4,170.39,587,100019.25,16.0,556.0,94.72
CGCL,EQ,26-Aug-2014,170.0,169.6,172.95,168.6,169.7,169.9,169.86,1292,219462.25,21.0,1121.0,86.76
CGCL,EQ,25-Aug-2014,171.7,176.0,176.0,168.0,169.6,170.0,169.91,4201,713810.65,80.0,2619.0,62.34
CGCL,EQ,22-Aug-2014,175.75,171.25,179.8,169.2,173.0,171.7,174.81,1446,252772.7,34.0,1056.0,73.03
CGCL,EQ,21-Aug-2014,173.7,175.0,177.0,173.7,176.0,175.75,175.48,3075,539611.6,71.0,2962.0,96.33
CGCL,EQ,20-Aug-2014,170.2,170.55,174.85,170.2,174.8,173.7,173.37,3127,542115.7,39.0,3063.0,97.95
CGCL,EQ,19-Aug-2014,165.55,166.65,172.0,166.0,170.5,170.2,168.84,3598,607494.2,60.0,2784.0,77.38
CGCL,EQ,18-Aug-2014,165.1,169.3,174.0,165.2,165.2,165.55,166.62,4886,814129.25,101.0,3826.0,78.31
CGCL,EQ,14-Aug-2014,169.35,167.7,171.95,164.0,165.1,165.1,165.63,1275,211176.1,34.0,781.0,61.25
CGCL,EQ,13-Aug-2014,171.95,170.2,177.0,165.1,166.55,169.35,168.81,1514,255581.9,56.0,1023.0,67.57
CGCL,EQ,12-Aug-2014,167.75,175.15,175.15,167.0,172.0,171.95,170.91,1702,290884.65,37.0,1480.0,86.96
CGCL,EQ,11-Aug-2014,173.35,176.0,179.8,165.0,167.95,167.75,171.05,2593,443525.95,86.0,1677.0,64.67
CGCL,EQ,08-Aug-2014,175.65,175.0,176.45,168.25,173.0,173.35,171.81,1530,262870.1,58.0,1167.0,76.27
CGCL,EQ,07-Aug-2014,179.6,185.8,185.8,173.05,175.5,175.65,176.56,1021,180269.7,52.0,670.0,65.62
CGCL,EQ,06-Aug-2014,183.6,183.6,188.0,178.65,181.9,179.6,184.23,2236,411945.2,79.0,1510.0,67.53
CGCL,EQ,05-Aug-2014,189.5,185.0,188.0,175.6,180.05,183.6,182.64,4649,849100.4,175.0,3645.0,78.40
CGCL,EQ,04-Aug-2014,169.25,173.0,195.7,173.0,189.25,189.5,184.28,18991,3499585.55,394.0,6695.0,35.25
CGCL,EQ,01-Aug-2014,172.65,175.8,175.9,165.55,166.0,169.25,170.69,556,94902.0,40.0,458.0,82.37
CGCL,EQ,31-Jul-2014,168.15,172.95,174.3,171.0,174.3,172.65,172.35,795,137020.85,22.0,772.0,97.11
CGCL,EQ,30-Jul-2014,168.85,171.9,173.0,167.0,170.0,168.15,170.2,2777,472636.6,56.0,2484.0,89.45
CGCL,EQ,28-Jul-2014,171.0,167.0,171.7,165.05,171.7,168.85,168.69,41,6916.4,14.0,32.0,78.05
CGCL,EQ,25-Jul-2014,165.05,170.95,173.65,165.0,168.1,171.0,168.1,2288,384615.7,84.0,1947.0,85.10
CGCL,EQ,24-Jul-2014,167.65,169.85,175.0,162.35,171.9,165.05,168.28,2653,446459.65,40.0,2414.0,90.99
CGCL,EQ,23-Jul-2014,172.2,167.5,170.25,162.85,167.95,167.65,166.95,5906,986012.15,200.0,3857.0,65.31
CGCL,EQ,22-Jul-2014,172.95,173.7,179.0,165.6,170.0,172.2,174.21,3764,655740.45,132.0,2707.0,71.92
CGCL,EQ,21-Jul-2014,161.85,166.0,176.8,166.0,173.5,172.95,170.44,2687,457960.95,98.0,1997.0,74.32
CGCL,EQ,18-Jul-2014,162.05,165.95,168.0,161.35,161.35,161.85,163.1,2221,362253.65,49.0,2062.0,92.84
CGCL,EQ,17-Jul-2014,164.0,161.2,167.0,158.1,161.1,162.05,162.45,687,111601.35,45.0,531.0,77.29
CGCL,EQ,16-Jul-2014,158.7,158.1,165.0,158.05,165.0,164.0,163.11,891,145329.8,46.0,809.0,90.80
CGCL,EQ,15-Jul-2014,158.05,160.0,161.95,150.95,158.0,158.7,158.31,2830,448022.8,83.0,1985.0,70.14
CGCL,EQ,14-Jul-2014,169.0,179.9,179.9,148.0,160.95,158.05,155.95,16069,2506022.6,308.0,10047.0,62.52
CGCL,EQ,11-Jul-2014,169.65,174.75,175.75,168.15,171.75,169.0,170.25,1730,294532.5,51.0,1430.0,82.66
CGCL,EQ,10-Jul-2014,170.6,174.95,174.95,168.25,169.1,169.65,169.52,1248,211562.5,30.0,1139.0,91.27
CGCL,EQ,09-Jul-2014,170.45,169.55,174.45,169.55,170.0,170.6,170.64,1798,306816.45,48.0,1278.0,71.08
CGCL,EQ,08-Jul-2014,175.65,173.05,174.9,170.15,170.55,170.45,171.34,1494,255978.6,65.0,1218.0,81.53
CGCL,EQ,07-Jul-2014,178.7,178.7,180.0,172.0,174.6,175.65,174.68,2877,502541.45,51.0,2103.0,73.10
CGCL,EQ,04-Jul-2014,180.0,180.0,182.95,172.0,175.0,178.7,178.67,2196,392353.95,105.0,1855.0,84.47
CGCL,EQ,03-Jul-2014,182.65,181.0,185.4,180.0,180.0,180.0,181.6,1864,338508.5,49.0,1162.0,62.34
CGCL,EQ,02-Jul-2014,184.1,186.8,186.8,181.75,182.5,182.65,183.64,5012,920421.4,123.0,2650.0,52.87
CGCL,EQ,01-Jul-2014,176.3,178.0,188.0,174.05,186.8,184.1,181.34,8243,1494776.8,234.0,3937.0,47.76
CGCL,EQ,30-Jun-2014,173.0,170.0,178.0,167.0,176.0,176.3,175.12,2126,372304.75,100.0,1699.0,79.92
CGCL,EQ,27-Jun-2014,172.0,171.25,173.0,171.25,173.0,173.0,172.82,1344,232271.4,18.0,1240.0,92.26
CGCL,EQ,26-Jun-2014,176.9,179.6,179.6,170.15,171.1,172.0,173.5,3511,609159.95,40.0,1635.0,46.57
CGCL,EQ,25-Jun-2014,171.95,189.7,189.7,171.5,178.0,176.9,176.3,2339,412369.05,72.0,1496.0,63.96
CGCL,EQ,24-Jun-2014,170.15,175.0,176.0,170.0,171.6,171.95,173.09,1976,342016.15,85.0,957.0,48.43
CGCL,EQ,23-Jun-2014,169.3,173.35,174.8,169.3,170.0,170.15,170.71,2494,425761.1,76.0,1596.0,63.99
CGCL,EQ,20-Jun-2014,175.8,175.0,176.0,157.65,173.35,169.3,168.99,4738,800673.95,207.0,2869.0,60.55
CGCL,EQ,19-Jun-2014,177.25,193.9,193.9,171.1,175.0,175.8,178.84,5926,1059781.1,384.0,3550.0,59.91
CGCL,EQ,18-Jun-2014,157.05,156.0,184.95,146.0,177.0,177.25,176.29,28044,4943935.35,959.0,9251.0,32.99
CGCL,EQ,17-Jun-2014,160.7,165.0,173.75,150.4,155.0,157.05,161.02,13241,2132023.0,249.0,8045.0,60.76
CGCL,EQ,16-Jun-2014,174.9,175.0,179.7,154.9,158.0,160.7,164.81,12468,2054817.0,276.0,10703.0,85.84
CGCL,EQ,13-Jun-2014,196.9,199.85,200.0,166.3,175.0,174.9,182.74,6133,1120719.45,172.0,3606.0,58.80
CGCL,EQ,12-Jun-2014,191.0,195.0,200.0,191.15,197.0,196.9,195.86,3884,760727.7,128.0,2952.0,76.00
CGCL,EQ,11-Jun-2014,172.35,174.0,195.0,174.0,191.6,191.0,185.01,21800,4033257.05,350.0,13254.0,60.80
CGCL,EQ,10-Jun-2014,169.45,170.05,176.25,170.0,171.75,172.35,174.03,3835,667402.65,112.0,2804.0,73.12
CGCL,EQ,09-Jun-2014,151.75,158.8,177.0,156.0,167.9,169.45,169.14,18646,3153822.6,381.0,7297.0,39.13
CGCL,EQ,06-Jun-2014,154.3,150.05,155.9,150.0,151.65,151.75,151.62,4045,613300.75,51.0,3512.0,86.82
CGCL,EQ,05-Jun-2014,152.8,155.95,158.0,150.0,154.75,154.3,152.95,2998,458544.7,42.0,2367.0,78.95
CGCL,EQ,04-Jun-2014,151.95,157.0,157.0,150.55,152.8,152.8,153.63,966,148405.55,31.0,709.0,73.40
CGCL,EQ,03-Jun-2014,150.1,154.0,158.3,150.55,151.95,151.95,153.91,1247,191930.5,20.0,524.0,42.02
CGCL,EQ,02-Jun-2014,150.0,151.6,154.5,150.0,150.0,150.1,151.45,1190,180227.0,24.0,960.0,80.67
CGCL,EQ,30-May-2014,161.0,152.55,158.3,140.15,150.0,150.0,150.55,1208,181865.85,29.0,929.0,76.90
CGCL,EQ,29-May-2014,158.6,159.0,161.0,157.0,161.0,161.0,158.57,714,113216.5,13.0,654.0,91.60
CGCL,EQ,28-May-2014,156.95,154.0,163.0,154.0,159.9,158.6,158.08,764,120771.5,29.0,200.0,26.18
CGCL,EQ,27-May-2014,156.2,155.0,157.0,151.15,156.95,156.95,154.42,250,38605.0,5.0,150.0,60.00
CGCL,EQ,26-May-2014,155.0,160.0,163.0,150.2,157.5,156.2,158.94,6212,987338.5,94.0,5710.0,91.92
CGCL,EQ,23-May-2014,150.7,152.0,155.0,152.0,155.0,155.0,153.5,5228,802521.0,55.0,4578.0,87.57
CGCL,EQ,22-May-2014,151.3,153.1,157.5,150.0,150.05,150.7,152.57,6196,945310.6,68.0,2979.0,48.08
CGCL,EQ,21-May-2014,142.6,147.9,154.5,143.05,152.0,151.3,151.01,3402,513743.85,80.0,1820.0,53.50
CGCL,EQ,20-May-2014,138.9,139.1,149.95,139.1,142.5,142.6,141.97,2190,310921.35,58.0,1588.0,72.51
CGCL,EQ,19-May-2014,135.95,140.0,142.0,132.6,138.0,138.9,138.36,1522,210579.45,44.0,1041.0,68.40
CGCL,EQ,16-May-2014,134.3,136.5,140.0,131.9,135.0,135.95,133.45,1634,218050.95,19.0,1107.0,67.75
CGCL,EQ,15-May-2014,134.0,135.0,135.0,134.2,134.3,134.3,134.39,770,103478.75,9.0,770.0,100.00
CGCL,EQ,14-May-2014,133.0,134.0,134.0,134.0,134.0,134.0,134.0,1,134.0,1.0,1.0,100.00
CGCL,EQ,13-May-2014,134.25,135.0,136.0,133.0,133.0,133.0,134.23,780,104701.0,17.0,780.0,100.00
CGCL,EQ,12-May-2014,133.0,136.0,137.0,134.25,134.25,134.25,135.26,1394,188548.25,22.0,1394.0,100.00
CGCL,EQ,09-May-2014,133.0,141.0,144.0,132.1,132.1,133.0,133.33,2107,280924.9,14.0,2052.0,97.39
CGCL,EQ,08-May-2014,133.15,132.15,133.0,132.1,133.0,133.0,132.25,390,51577.0,5.0,330.0,84.62
CGCL,EQ,07-May-2014,134.65,132.0,141.0,132.0,133.3,133.15,136.04,1541,209642.25,22.0,1487.0,96.50
CGCL,EQ,06-May-2014,132.85,133.0,136.5,132.5,132.5,134.65,134.64,203,27331.5,5.0,1.0,0.49
CGCL,EQ,05-May-2014,136.3,133.5,139.95,132.25,132.5,132.85,133.7,3601,481463.05,71.0,3059.0,84.95
CGCL,EQ,02-May-2014,136.45,137.0,141.0,133.75,136.3,136.3,136.15,1650,224641.25,19.0,564.0,34.18
CGCL,EQ,30-Apr-2014,135.1,134.75,140.0,133.0,136.5,136.45,134.42,543,72992.55,15.0,446.0,82.14
CGCL,EQ,29-Apr-2014,135.0,130.0,138.5,129.0,135.1,135.1,136.57,1972,269322.7,23.0,562.0,28.50
CGCL,EQ,28-Apr-2014,139.95,135.75,141.0,135.0,135.0,135.0,135.81,717,97375.45,12.0,665.0,92.75
CGCL,EQ,25-Apr-2014,135.65,138.0,141.05,134.0,139.95,139.95,138.4,951,131622.45,36.0,600.0,63.09
CGCL,EQ,23-Apr-2014,126.85,129.0,138.0,125.0,138.0,135.65,134.64,1960,263902.1,61.0,1843.0,94.03
CGCL,EQ,22-Apr-2014,119.8,119.25,129.5,119.25,129.5,126.85,125.78,1123,141250.75,25.0,633.0,56.37
CGCL,EQ,21-Apr-2014,119.6,119.7,120.0,119.65,120.0,119.8,119.78,75,8983.75,3.0,50.0,66.67
CGCL,EQ,17-Apr-2014,120.0,119.3,119.6,119.3,119.6,119.6,119.43,187,22334.1,5.0,110.0,58.82
CGCL,EQ,16-Apr-2014,121.75,116.6,132.35,116.6,120.0,120.0,119.93,563,67517.95,21.0,416.0,73.89
CGCL,EQ,15-Apr-2014,126.95,123.1,124.5,119.0,120.0,121.75,121.46,1209,146843.75,28.0,1005.0,83.13
CGCL,EQ,11-Apr-2014,122.2,122.25,127.6,121.0,127.6,126.95,125.74,1067,134166.05,17.0,1058.0,99.16
CGCL,EQ,10-Apr-2014,124.7,122.0,122.2,120.3,122.2,122.2,121.8,63,7673.6,6.0,63.0,100.00
CGCL,EQ,09-Apr-2014,120.25,113.0,127.1,113.0,124.7,124.7,123.2,267,32893.2,23.0,226.0,84.64
CGCL,EQ,07-Apr-2014,122.05,123.0,128.7,120.25,120.25,120.25,122.4,533,65240.75,20.0,430.0,80.68
CGCL,EQ,04-Apr-2014,126.0,123.0,123.0,122.05,122.05,122.05,122.88,115,14130.75,2.0,115.0,100.00
CGCL,EQ,03-Apr-2014,126.15,126.0,126.0,120.5,126.0,126.0,125.51,580,72795.8,17.0,529.0,91.21
CGCL,EQ,02-Apr-2014,130.0,130.0,134.0,125.35,129.4,126.15,129.91,937,121728.95,40.0,593.0,63.29
CGCL,EQ,01-Apr-2014,126.0,125.0,131.25,125.0,130.0,130.0,130.07,1658,215649.3,54.0,1402.0,84.56
CGCL,EQ,31-Mar-2014,125.45,125.0,133.65,124.0,125.0,126.0,130.61,1063,138836.0,41.0,709.0,66.70
CGCL,EQ,28-Mar-2014,116.0,117.0,131.6,93.1,131.6,125.45,117.17,7628,893785.65,174.0,1892.0,24.80
CGCL,EQ,27-Mar-2014,114.5,116.0,117.5,115.0,116.0,116.0,115.97,191,22151.05,6.0,180.0,94.24
CGCL,EQ,26-Mar-2014,111.65,113.0,115.5,113.0,115.5,114.5,114.0,600,68400.0,3.0,200.0,33.33
CGCL,EQ,25-Mar-2014,114.55,116.0,116.0,111.1,111.35,111.65,114.71,376,43130.2,19.0,345.0,91.76
CGCL,EQ,24-Mar-2014,120.1,117.1,119.0,112.75,114.55,114.55,116.5,2534,295203.6,71.0,1889.0,74.55
CGCL,EQ,21-Mar-2014,122.9,122.0,124.0,115.1,119.0,120.1,118.22,141,16668.65,22.0,94.0,66.67
CGCL,EQ,19-Mar-2014,123.95,123.45,123.45,116.0,122.9,122.9,120.16,397,47703.85,11.0,116.0,29.22
CGCL,EQ,18-Mar-2014,116.0,120.75,125.5,119.0,124.0,123.95,121.33,294,35671.5,32.0,253.0,86.05
CGCL,EQ,14-Mar-2014,113.3,115.0,116.0,115.0,116.0,116.0,115.87,200,23173.0,3.0,200.0,100.00
CGCL,EQ,13-Mar-2014,115.95,123.1,123.15,113.0,113.0,113.3,116.77,673,78586.5,26.0,497.0,73.85
CGCL,EQ,12-Mar-2014,117.8,117.8,124.95,115.5,115.95,115.95,118.58,692,82057.35,20.0,353.0,51.01
CGCL,EQ,11-Mar-2014,116.5,117.0,117.8,112.0,117.8,117.8,116.37,1125,130913.55,23.0,833.0,74.04
CGCL,EQ,10-Mar-2014,116.6,116.6,116.6,116.5,116.5,116.5,116.55,38,4428.9,2.0,19.0,50.00
CGCL,EQ,07-Mar-2014,124.9,125.0,125.0,115.3,116.25,116.6,116.73,150,17509.9,28.0,92.0,61.33
CGCL,EQ,06-Mar-2014,121.9,124.9,124.9,124.9,124.9,124.9,124.9,1,124.9,1.0,1.0,100.00
CGCL,EQ,05-Mar-2014,121.0,122.0,122.0,116.0,121.9,121.9,120.13,448,53818.25,13.0,348.0,77.68
CGCL,EQ,04-Mar-2014,124.0,120.0,124.0,120.0,124.0,121.0,120.56,530,63898.7,16.0,504.0,95.09
CGCL,EQ,03-Mar-2014,116.75,108.5,126.95,108.5,124.0,124.0,119.21,130,15497.5,5.0,80.0,61.54
CGCL,EQ,28-Feb-2014,121.0,121.0,121.0,112.0,118.0,116.75,116.56,1282,149435.85,50.0,574.0,44.77
CGCL,EQ,26-Feb-2014,116.0,121.0,121.0,121.0,121.0,121.0,121.0,10,1210.0,1.0,10.0,100.00
CGCL,EQ,25-Feb-2014,118.15,113.6,116.0,113.6,116.0,116.0,114.8,200,22960.0,2.0,,-
CGCL,EQ,21-Feb-2014,114.05,114.0,119.85,113.9,118.95,118.15,118.51,269,31879.3,26.0,111.0,41.26
CGCL,EQ,19-Feb-2014,119.85,114.05,114.05,114.05,114.05,114.05,114.05,10,1140.5,2.0,5.0,50.00
CGCL,EQ,18-Feb-2014,113.9,118.95,120.9,114.05,120.9,119.85,119.43,107,12779.35,6.0,57.0,53.27
CGCL,EQ,17-Feb-2014,115.0,112.0,114.0,107.0,114.0,113.9,111.21,288,32029.05,19.0,282.0,97.92
CGCL,EQ,14-Feb-2014,114.0,120.9,120.9,115.0,115.0,115.0,115.97,88,10205.1,3.0,88.0,100.00
CGCL,EQ,13-Feb-2014,115.0,120.95,121.0,113.1,114.0,114.0,115.47,450,51960.8,11.0,350.0,77.78
CGCL,EQ,11-Feb-2014,118.5,113.0,123.95,110.5,115.0,115.0,119.38,459,54794.1,19.0,256.0,55.77
CGCL,EQ,10-Feb-2014,115.25,113.25,123.0,112.5,112.5,118.5,116.89,650,75977.35,11.0,250.0,38.46
CGCL,EQ,07-Feb-2014,107.35,110.0,128.8,110.0,115.3,115.25,115.63,171,19773.4,11.0,145.0,84.80
CGCL,EQ,05-Feb-2014,115.9,115.9,116.4,106.05,110.0,107.35,111.77,99,11065.65,19.0,18.0,18.18
CGCL,EQ,04-Feb-2014,114.95,115.85,115.9,115.85,115.9,115.9,115.88,44,5098.5,2.0,22.0,50.00
CGCL,EQ,03-Feb-2014,112.8,110.0,115.0,110.0,114.95,114.95,112.01,402,45027.95,5.0,301.0,74.88
CGCL,EQ,31-Jan-2014,108.1,112.95,112.95,107.25,112.8,112.8,111.49,20,2229.75,3.0,10.0,50.00
CGCL,EQ,30-Jan-2014,110.5,114.0,114.0,107.2,107.2,108.1,108.68,145,15759.15,9.0,140.0,96.55
CGCL,EQ,29-Jan-2014,114.95,114.05,114.05,110.5,110.5,110.5,112.49,272,30598.0,9.0,271.0,99.63
CGCL,EQ,28-Jan-2014,112.9,115.0,115.0,114.95,114.95,114.95,114.99,400,45997.5,3.0,400.0,100.00
CGCL,EQ,24-Jan-2014,119.05,113.2,118.6,112.55,113.0,112.9,113.07,209,23631.05,15.0,153.0,73.21
CGCL,EQ,23-Jan-2014,115.45,119.65,119.65,115.15,119.0,119.05,118.3,494,58438.75,19.0,374.0,75.71
CGCL,EQ,22-Jan-2014,118.0,116.0,116.0,115.45,115.45,115.45,115.62,35,4046.7,3.0,35.0,100.00
CGCL,EQ,21-Jan-2014,110.7,116.0,119.75,110.5,118.0,118.0,113.52,1922,218186.85,52.0,438.0,22.79
CGCL,EQ,20-Jan-2014,112.0,116.75,116.75,110.3,110.3,110.7,112.86,243,27424.8,9.0,16.0,6.58
CGCL,EQ,17-Jan-2014,113.35,112.1,112.1,112.0,112.0,112.0,112.01,114,12769.0,4.0,114.0,100.00
CGCL,EQ,16-Jan-2014,111.7,119.0,121.7,112.55,113.3,113.35,115.47,571,65932.55,62.0,453.0,79.33
CGCL,EQ,15-Jan-2014,118.5,117.0,118.9,107.0,110.1,111.7,110.21,4549,501330.65,82.0,2926.0,64.32
CGCL,EQ,14-Jan-2014,117.0,110.2,118.5,110.2,118.5,118.5,115.82,62,7181.0,3.0,42.0,67.74
CGCL,EQ,13-Jan-2014,120.75,111.8,119.45,111.8,117.2,117.0,116.16,153,17773.1,7.0,126.0,82.35
CGCL,EQ,10-Jan-2014,118.9,118.9,123.4,118.0,118.5,120.75,120.09,287,34466.4,7.0,86.0,29.97
CGCL,EQ,09-Jan-2014,115.55,118.9,118.9,118.9,118.9,118.9,118.9,51,6063.9,1.0,51.0,100.00
CGCL,EQ,08-Jan-2014,120.65,120.0,121.5,112.0,119.5,115.55,116.4,1791,208474.55,72.0,1246.0,69.57
CGCL,EQ,07-Jan-2014,121.35,121.0,123.4,120.05,120.05,120.65,120.45,421,50709.05,15.0,300.0,71.26
CGCL,EQ,06-Jan-2014,122.2,127.15,127.15,121.25,121.35,121.35,123.06,4425,544539.75,19.0,11.0,0.25
CGCL,EQ,03-Jan-2014,125.0,119.0,131.95,119.0,122.0,122.2,126.06,72,9076.65,10.0,36.0,50.00
CGCL,EQ,02-Jan-2014,122.3,125.5,125.5,125.0,125.0,125.0,125.06,240,30015.0,9.0,240.0,100.00
CGCL,EQ,01-Jan-2014,123.9,123.0,123.0,121.6,122.3,122.3,121.95,13,1585.4,4.0,13.0,100.00
CGCL,EQ,31-Dec-2013,128.7,128.95,128.95,123.0,124.65,123.9,123.98,738,91498.5,31.0,562.0,76.15
CGCL,EQ,30-Dec-2015,181.4,183.0,186.9,182.2,184.0,184.3,184.15,2150,395931.4,48.0,1535.0,71.4
CGCL,EQ,29-Dec-2015,180.85,178.1,182.4,178.1,180.5,181.4,180.47,4133,745896.75,63.0,3400.0,82.26
CGCL,EQ,28-Dec-2015,181.35,180.5,182.9,179.0,180.95,180.85,180.65,1705,308010.05,53.0,1022.0,59.94
CGCL,EQ,24-Dec-2015,186.4,193.7,193.7,180.95,181.2,181.35,182.66,6717,1226923.15,117.0,4721.0,70.28
CGCL,EQ,23-Dec-2015,168.95,171.9,188.9,170.05,186.5,186.4,183.5,11829,2170606.05,297.0,8186.0,69.2
CGCL,EQ,22-Dec-2015,161.0,165.9,173.9,161.05,169.0,168.95,168.13,6580,1106292.2,100.0,5241.0,79.65
CGCL,EQ,21-Dec-2015,156.0,157.0,165.75,157.0,161.3,161.0,161.42,2059,332373.2,47.0,1896.0,92.08
CGCL,EQ,18-Dec-2015,158.0,156.0,157.8,155.0,156.0,156.0,155.75,775,120702.5,10.0,703.0,90.71
CGCL,EQ,17-Dec-2015,155.5,160.0,160.0,155.0,158.0,158.0,157.17,843,132495.85,16.0,755.0,89.56
CGCL,EQ,16-Dec-2015,155.75,153.0,158.95,152.0,155.05,155.5,154.08,2233,344060.55,55.0,1330.0,59.56
CGCL,EQ,15-Dec-2015,152.5,151.55,156.0,151.0,155.5,155.75,154.36,1429,220576.0,33.0,1021.0,71.45
CGCL,EQ,14-Dec-2015,153.5,152.7,154.95,150.1,152.5,152.5,152.29,316,48124.85,19.0,246.0,77.85
CGCL,EQ,11-Dec-2015,159.9,157.05,157.8,151.3,156.45,153.5,156.59,3240,507350.0,46.0,768.0,23.7
CGCL,EQ,10-Dec-2015,155.5,162.0,162.0,155.4,159.9,159.9,158.89,235,37338.0,7.0,155.0,65.96
CGCL,EQ,09-Dec-2015,157.6,163.5,163.5,155.0,155.5,155.5,156.08,555,86626.45,24.0,330.0,59.46
CGCL,EQ,08-Dec-2015,162.95,158.65,161.9,156.1,157.9,157.6,158.78,2194,348359.3,31.0,1862.0,84.87
CGCL,EQ,07-Dec-2015,161.65,164.95,165.0,160.05,160.05,162.95,162.97,356,58015.8,12.0,280.0,78.65
CGCL,EQ,04-Dec-2015,163.0,159.55,163.85,159.5,161.5,161.65,161.6,1058,170973.8,21.0,982.0,92.82
CGCL,EQ,03-Dec-2015,160.1,159.95,166.0,159.95,163.0,163.0,162.18,2037,330361.15,35.0,1512.0,74.23
CGCL,EQ,02-Dec-2015,159.7,160.8,160.9,160.0,160.9,160.1,160.24,980,157039.9,26.0,930.0,94.9
CGCL,EQ,01-Dec-2015,157.7,160.9,160.9,156.1,159.0,159.7,159.6,698,111401.25,24.0,535.0,76.65
CGCL,EQ,30-Nov-2015,156.15,155.9,157.8,155.7,157.7,157.7,156.39,1694,264921.25,22.0,1028.0,60.68
CGCL,EQ,27-Nov-2015,160.95,156.8,159.5,155.6,156.15,156.15,156.66,475,74412.25,15.0,405.0,85.26
CGCL,EQ,26-Nov-2015,159.85,161.5,161.5,156.15,160.95,160.95,158.81,304,48279.15,17.0,211.0,69.41
CGCL,EQ,24-Nov-2015,155.25,159.0,159.9,157.0,159.85,159.85,159.85,412,65859.1,9.0,405.0,98.3
CGCL,EQ,23-Nov-2015,160.0,155.25,155.25,155.25,155.25,155.25,155.25,100,15525.0,2.0,50.0,50.0
CGCL,EQ,20-Nov-2015,159.45,158.95,161.7,154.0,160.0,160.0,160.02,1525,244030.4,36.0,1140.0,74.75
CGCL,EQ,19-Nov-2015,157.0,158.0,159.45,154.05,159.45,159.45,156.71,324,50773.85,13.0,295.0,91.05
CGCL,EQ,18-Nov-2015,158.65,159.0,159.0,153.85,157.0,157.0,156.81,1258,197272.25,28.0,1116.0,88.71
CGCL,EQ,17-Nov-2015,159.55,160.0,160.0,157.6,159.0,158.65,158.94,2564,407519.3,48.0,2050.0,79.95
CGCL,EQ,16-Nov-2015,156.35,158.9,161.0,155.0,158.0,159.55,158.16,3488,551655.55,74.0,2812.0,80.62
CGCL,EQ,13-Nov-2015,147.8,147.1,157.9,147.1,157.9,156.35,152.3,2956,450205.2,74.0,2722.0,92.08
CGCL,EQ,11-Nov-2015,150.0,147.55,147.8,147.55,147.8,147.8,147.57,124,18299.2,7.0,112.0,90.32
CGCL,EQ,10-Nov-2015,149.9,150.0,150.0,150.0,150.0,150.0,150.0,714,107100.0,8.0,714.0,100.0
CGCL,EQ,09-Nov-2015,147.2,143.0,151.0,135.0,150.0,149.9,147.66,3908,577059.15,86.0,2667.0,68.24
CGCL,EQ,06-Nov-2015,145.45,149.7,149.7,143.05,148.0,147.2,147.17,89,13097.8,8.0,27.0,30.34
CGCL,EQ,05-Nov-2015,147.2,148.1,151.5,143.55,146.95,145.45,147.85,1689,249725.4,47.0,569.0,33.69
CGCL,EQ,04-Nov-2015,149.95,150.0,151.0,144.1,145.0,147.2,148.06,1811,268137.15,62.0,1532.0,84.59
CGCL,EQ,03-Nov-2015,151.05,150.1,154.85,148.3,150.0,149.95,151.22,503,76065.6,22.0,402.0,79.92
CGCL,EQ,02-Nov-2015,147.25,150.0,155.0,149.05,152.45,151.05,150.88,1354,204289.8,41.0,1081.0,79.84
CGCL,EQ,30-Oct-2015,149.6,148.5,150.0,147.0,148.45,147.25,148.2,1224,181397.5,25.0,1122.0,91.67
CGCL,EQ,29-Oct-2015,151.55,151.5,153.45,148.15,149.85,149.6,149.88,1506,225713.3,38.0,1200.0,79.68
CGCL,EQ,28-Oct-2015,154.0,151.15,155.9,147.05,155.75,151.55,150.55,4914,739794.8,112.0,3668.0,74.64
CGCL,EQ,27-Oct-2015,151.9,151.6,156.4,151.6,153.95,154.0,153.74,3422,526100.1,69.0,2348.0,68.61
CGCL,EQ,26-Oct-2015,167.6,170.0,171.4,150.55,152.5,151.9,159.2,9659,1537674.8,248.0,6270.0,64.91
CGCL,EQ,23-Oct-2015,165.2,165.0,169.95,164.95,167.7,167.6,168.63,1616,272510.15,46.0,1435.0,88.8
CGCL,EQ,21-Oct-2015,161.7,159.75,168.45,159.1,165.3,165.2,165.0,1802,297338.3,87.0,958.0,53.16
CGCL,EQ,20-Oct-2015,162.2,162.2,163.0,157.25,161.7,161.7,159.63,1013,161710.2,46.0,775.0,76.51
CGCL,EQ,19-Oct-2015,165.05,165.9,165.9,160.1,162.0,162.2,162.29,3948,640717.9,112.0,3040.0,77.0
CGCL,EQ,16-Oct-2015,167.0,167.0,167.0,164.55,165.9,165.05,165.58,1128,186771.6,20.0,805.0,71.37
CGCL,EQ,15-Oct-2015,165.95,169.3,171.85,166.2,167.0,167.0,168.71,715,120627.15,30.0,442.0,61.82
CGCL,EQ,14-Oct-2015,169.45,168.6,168.6,163.0,165.05,165.95,166.14,1302,216310.9,41.0,1216.0,93.39
CGCL,EQ,13-Oct-2015,169.9,171.4,171.4,166.0,169.45,169.45,168.46,734,123650.35,33.0,475.0,64.71
CGCL,EQ,12-Oct-2015,168.65,169.1,172.75,167.7,169.5,169.9,170.52,2678,456646.45,76.0,2143.0,80.02
CGCL,EQ,09-Oct-2015,165.75,168.0,169.0,165.4,168.9,168.65,167.21,4164,696260.25,122.0,2413.0,57.95
CGCL,EQ,08-Oct-2015,161.95,168.0,170.0,164.05,166.45,165.75,166.26,9097,1512430.2,172.0,6101.0,67.07
CGCL,EQ,07-Oct-2015,146.9,151.9,163.9,150.0,162.65,161.95,157.84,8732,1378302.45,220.0,6847.0,78.41
CGCL,EQ,06-Oct-2015,139.95,143.9,148.0,138.7,148.0,146.9,144.1,3535,509408.35,123.0,2696.0,76.27
CGCL,EQ,05-Oct-2015,139.7,136.1,140.9,135.7,139.15,139.95,137.8,825,113682.0,33.0,630.0,76.36
CGCL,EQ,01-Oct-2015,136.85,136.05,141.35,135.4,139.95,139.7,137.99,86,11866.8,10.0,40.0,46.51
CGCL,EQ,30-Sep-2015,138.85,135.4,138.8,135.4,138.8,136.85,136.26,114,15534.15,4.0,47.0,41.23
CGCL,EQ,29-Sep-2015,134.6,131.65,139.0,131.45,138.95,138.85,136.29,4242,578137.5,78.0,1460.0,34.42
CGCL,EQ,28-Sep-2015,135.25,136.0,138.9,133.05,134.6,134.6,134.3,74,9938.3,9.0,50.0,67.57
CGCL,EQ,24-Sep-2015,136.4,136.2,136.5,135.25,135.25,135.25,135.88,169,22963.3,5.0,169.0,100.0
CGCL,EQ,23-Sep-2015,135.95,132.7,137.9,132.7,136.05,136.4,135.04,679,91693.45,21.0,550.0,81.0
CGCL,EQ,22-Sep-2015,135.0,139.9,159.7,134.05,136.0,135.95,141.64,1484,210197.2,32.0,1090.0,73.45
CGCL,EQ,21-Sep-2015,135.95,135.0,135.0,135.0,135.0,135.0,135.0,215,29025.0,7.0,215.0,100.0
CGCL,EQ,18-Sep-2015,134.85,135.1,136.5,132.3,135.95,135.95,135.2,3436,464531.4,83.0,2099.0,61.09
CGCL,EQ,16-Sep-2015,136.25,134.05,136.9,134.05,135.1,134.85,135.18,2150,290631.2,39.0,1116.0,51.91
CGCL,EQ,15-Sep-2015,136.5,134.15,139.65,133.05,137.95,136.25,135.27,558,75480.4,35.0,479.0,85.84
CGCL,EQ,14-Sep-2015,136.75,134.2,138.9,134.2,136.95,136.5,135.98,72,9790.5,8.0,39.0,54.17
CGCL,EQ,11-Sep-2015,136.45,136.5,137.9,136.0,136.75,136.75,136.43,300,40927.8,4.0,200.0,66.67
CGCL,EQ,10-Sep-2015,136.3,131.25,137.9,131.25,136.45,136.45,135.39,645,87327.05,16.0,602.0,93.33
CGCL,EQ,09-Sep-2015,130.2,137.7,137.7,133.05,136.45,136.3,136.19,1164,158525.1,65.0,1052.0,90.38
CGCL,EQ,08-Sep-2015,130.55,128.05,134.9,124.0,131.5,130.2,129.54,833,107906.45,52.0,647.0,77.67
CGCL,EQ,07-Sep-2015,135.55,137.0,137.0,128.5,134.45,130.55,132.57,1430,189573.95,60.0,1320.0,92.31
CGCL,EQ,04-Sep-2015,141.45,137.35,141.95,134.1,135.0,135.55,136.0,827,112473.65,25.0,818.0,98.91
CGCL,EQ,03-Sep-2015,138.4,143.7,143.7,137.3,141.75,141.45,139.82,3277,458197.6,55.0,2455.0,74.92
CGCL,EQ,02-Sep-2015,136.05,139.9,140.5,137.1,140.0,138.4,139.28,1879,261702.1,53.0,1347.0,71.69
CGCL,EQ,01-Sep-2015,137.75,137.05,140.85,135.25,138.95,136.05,136.5,1436,196014.2,43.0,878.0,61.14
CGCL,EQ,31-Aug-2015,140.4,141.5,141.5,137.0,137.0,137.75,138.46,816,112985.85,16.0,559.0,68.5
CGCL,EQ,28-Aug-2015,139.0,141.55,145.0,139.4,140.0,140.4,140.76,1701,239428.4,50.0,1403.0,82.48
CGCL,EQ,27-Aug-2015,136.45,139.95,144.0,136.5,138.05,139.0,140.24,2195,307819.8,88.0,1808.0,82.37
CGCL,EQ,26-Aug-2015,137.1,131.2,140.0,127.5,140.0,136.45,133.36,7600,1013530.0,144.0,5264.0,69.26
CGCL,EQ,25-Aug-2015,139.4,141.05,141.05,129.55,139.4,137.1,133.17,5265,701128.45,150.0,3076.0,58.42
CGCL,EQ,24-Aug-2015,151.9,145.05,145.95,136.0,139.4,139.4,141.18,8076,1140145.75,86.0,7534.0,93.29
CGCL,EQ,21-Aug-2015,154.0,152.05,153.9,148.7,151.95,151.9,151.55,1218,184591.35,52.0,979.0,80.38
CGCL,EQ,20-Aug-2015,155.85,157.35,158.9,153.55,154.05,154.0,155.64,1860,289496.3,75.0,1440.0,77.42
CGCL,EQ,19-Aug-2015,155.15,158.0,163.25,154.95,155.0,155.85,159.84,8211,1312427.1,194.0,5119.0,62.34
CGCL,EQ,18-Aug-2015,142.45,143.8,157.0,141.5,157.0,155.15,146.56,12554,1839899.7,166.0,10185.0,81.13
CGCL,EQ,17-Aug-2015,143.9,144.1,144.75,142.0,142.0,142.45,142.84,9723,1388804.55,46.0,8328.0,85.65
CGCL,EQ,14-Aug-2015,144.2,145.5,145.5,143.1,143.15,143.9,145.36,684,99423.05,12.0,669.0,97.81
CGCL,EQ,13-Aug-2015,146.15,146.95,146.95,143.05,145.0,144.2,145.36,2101,305408.25,44.0,1777.0,84.58
CGCL,EQ,12-Aug-2015,144.95,146.8,146.85,143.15,146.0,146.15,146.2,4902,716680.7,87.0,3287.0,67.05
CGCL,EQ,11-Aug-2015,144.9,145.7,146.3,142.1,144.5,144.95,145.42,3629,527720.15,49.0,2557.0,70.46
CGCL,EQ,10-Aug-2015,145.3,143.9,146.6,143.9,144.25,144.9,144.7,2791,403866.45,66.0,2265.0,81.15
CGCL,EQ,07-Aug-2015,145.6,145.65,146.95,142.45,145.0,145.3,145.12,4968,720942.05,65.0,4189.0,84.32
CGCL,EQ,06-Aug-2015,146.1,144.5,145.85,144.5,145.7,145.6,144.87,4680,677986.6,16.0,4627.0,98.87
CGCL,EQ,05-Aug-2015,145.55,147.0,147.25,143.0,145.0,146.1,145.22,4817,699527.55,44.0,4415.0,91.65
CGCL,EQ,04-Aug-2015,143.0,145.75,147.3,142.55,145.95,145.55,145.83,1086,158375.0,32.0,955.0,87.94
CGCL,EQ,03-Aug-2015,144.25,142.2,145.45,142.2,143.0,143.0,144.51,730,105492.0,19.0,580.0,79.45
CGCL,EQ,31-Jul-2015,140.15,140.25,145.45,140.2,144.5,144.25,143.56,3048,437567.95,67.0,2456.0,80.58
CGCL,EQ,30-Jul-2015,142.9,143.8,143.85,137.0,140.85,140.15,139.96,1541,215679.1,69.0,1065.0,69.11
CGCL,EQ,29-Jul-2015,143.8,142.0,143.0,140.15,142.05,142.9,142.55,348,49605.9,11.0,336.0,96.55
CGCL,EQ,28-Jul-2015,141.85,141.0,144.0,140.55,143.95,143.8,143.29,1269,181835.7,29.0,1008.0,79.43
CGCL,EQ,27-Jul-2015,146.5,146.5,146.5,141.55,141.8,141.85,143.49,1798,258001.1,54.0,1522.0,84.65
CGCL,EQ,24-Jul-2015,143.9,144.0,148.8,144.0,148.8,146.5,145.23,5239,760840.8,54.0,5225.0,99.73
CGCL,EQ,23-Jul-2015,144.8,145.0,146.4,142.5,143.7,143.9,144.33,1025,147941.0,25.0,895.0,87.32
CGCL,EQ,22-Jul-2015,141.55,141.0,145.45,138.25,144.1,144.8,140.91,6778,955056.1,77.0,4029.0,59.44
CGCL,EQ,21-Jul-2015,143.4,145.0,147.95,140.0,142.45,141.55,142.21,7891,1122200.05,146.0,5669.0,71.84
CGCL,EQ,20-Jul-2015,149.5,150.0,150.5,142.6,145.45,143.4,146.19,6076,888274.0,109.0,5162.0,84.96
CGCL,EQ,17-Jul-2015,147.35,153.0,154.0,145.2,151.4,149.5,148.95,8722,1299152.4,268.0,5302.0,60.79
CGCL,EQ,16-Jul-2015,136.25,137.25,150.0,136.1,150.0,147.35,143.5,23612,3388327.4,360.0,13258.0,56.15
CGCL,EQ,15-Jul-2015,141.15,142.7,147.75,127.0,135.0,136.25,138.91,217553,30220826.45,642.0,195620.0,89.92
CGCL,EQ,14-Jul-2015,144.0,144.0,147.85,138.0,139.0,141.15,144.69,57073,8258078.0,100.0,55044.0,96.44
CGCL,EQ,13-Jul-2015,146.5,148.45,148.45,142.1,146.4,144.0,144.0,7395,1064903.6,167.0,5985.0,80.93
CGCL,EQ,10-Jul-2015,164.8,160.0,166.85,139.75,143.0,146.5,149.45,6986,1044057.9,226.0,5344.0,76.5
CGCL,EQ,09-Jul-2015,164.9,162.15,165.0,157.2,165.0,164.8,163.03,1068,174116.3,43.0,560.0,52.43
CGCL,EQ,08-Jul-2015,163.75,162.0,165.0,160.0,164.9,164.9,163.34,288,47040.75,18.0,146.0,50.69
CGCL,EQ,07-Jul-2015,163.5,163.0,164.9,162.0,164.8,163.75,163.0,308,50204.95,16.0,282.0,91.56
CGCL,EQ,06-Jul-2015,160.0,155.0,164.95,153.1,164.95,163.5,158.91,710,112823.45,37.0,336.0,47.32
CGCL,EQ,03-Jul-2015,160.65,160.0,163.8,159.9,160.0,160.0,160.18,4306,689750.4,34.0,3897.0,90.5
CGCL,EQ,02-Jul-2015,160.6,163.65,163.65,160.0,160.1,160.65,160.26,114,18269.25,7.0,107.0,93.86
CGCL,EQ,01-Jul-2015,162.95,161.35,162.9,159.0,162.0,160.6,160.58,291,46729.8,25.0,110.0,37.8
CGCL,EQ,30-Jun-2015,159.1,158.7,165.8,155.3,162.0,162.95,160.13,3672,587994.85,89.0,2815.0,76.66
CGCL,EQ,29-Jun-2015,161.5,162.0,162.0,153.25,159.0,159.1,159.0,950,151052.4,41.0,604.0,63.58
CGCL,EQ,26-Jun-2015,152.0,150.45,163.0,149.8,162.0,161.5,158.24,5691,900532.55,109.0,4589.0,80.64
CGCL,EQ,25-Jun-2015,149.9,146.0,153.5,146.0,153.5,152.0,151.01,781,117939.55,25.0,665.0,85.15
CGCL,EQ,24-Jun-2015,151.0,149.0,153.0,145.0,149.95,149.9,148.07,1194,176801.1,68.0,1095.0,91.71
CGCL,EQ,23-Jun-2015,146.4,145.0,157.0,145.0,151.0,151.0,153.11,394,60325.2,22.0,201.0,51.02
CGCL,EQ,22-Jun-2015,144.85,146.95,147.0,142.75,146.5,146.4,146.49,1251,183259.8,48.0,1034.0,82.65
CGCL,EQ,19-Jun-2015,139.75,136.05,148.9,136.05,144.85,144.85,140.24,118,16548.75,12.0,69.0,58.47
CGCL,EQ,18-Jun-2015,140.05,143.5,143.5,139.55,142.0,139.75,140.62,881,123883.65,41.0,299.0,33.94
CGCL,EQ,17-Jun-2015,143.7,135.7,147.5,135.7,140.45,140.05,140.97,514,72460.4,38.0,387.0,75.29
CGCL,EQ,16-Jun-2015,142.0,139.0,149.9,134.0,144.85,143.7,140.27,269,37732.95,34.0,69.0,25.65
CGCL,EQ,15-Jun-2015,144.35,140.65,149.5,139.0,142.3,142.0,140.64,2236,314460.1,44.0,1511.0,67.58
CGCL,EQ,12-Jun-2015,140.35,141.0,150.9,138.95,144.0,144.35,142.72,2545,363232.2,81.0,1310.0,51.47
CGCL,EQ,11-Jun-2015,143.1,158.0,158.0,140.3,143.9,140.35,143.26,828,118616.05,40.0,567.0,68.48
CGCL,EQ,10-Jun-2015,143.95,142.1,154.9,142.1,142.55,143.1,143.3,65,9314.65,13.0,32.0,49.23
CGCL,EQ,09-Jun-2015,143.15,148.0,149.85,140.05,144.95,143.95,145.72,229,33370.5,23.0,137.0,59.83
CGCL,EQ,08-Jun-2015,145.05,145.0,145.0,141.3,143.0,143.15,144.13,840,121067.2,24.0,460.0,54.76
CGCL,EQ,05-Jun-2015,149.0,145.0,152.0,142.15,145.0,145.05,145.02,1964,284817.05,58.0,1513.0,77.04
CGCL,EQ,04-Jun-2015,151.75,149.95,154.9,149.0,149.0,149.0,149.52,161,24072.5,16.0,156.0,96.89
CGCL,EQ,03-Jun-2015,150.7,145.15,151.75,132.15,151.75,151.75,144.63,734,106159.75,43.0,623.0,84.88
CGCL,EQ,02-Jun-2015,150.85,154.7,156.0,150.0,154.0,150.7,153.16,469,71830.2,16.0,418.0,89.13
CGCL,EQ,01-Jun-2015,150.9,150.75,154.3,149.0,151.0,150.85,151.66,2253,341686.45,151.0,1988.0,88.24
CGCL,EQ,29-May-2015,149.5,155.0,155.0,150.0,153.5,150.9,150.81,316,47655.4,16.0,246.0,77.85
CGCL,EQ,28-May-2015,151.6,152.0,153.35,144.1,149.15,149.5,149.82,369,55283.15,30.0,303.0,82.11
CGCL,EQ,27-May-2015,152.85,151.0,156.9,146.1,152.85,151.6,148.82,224,33334.9,32.0,136.0,60.71
CGCL,EQ,26-May-2015,154.6,161.3,161.3,147.05,152.85,152.85,152.66,870,132814.0,83.0,651.0,74.83
CGCL,EQ,25-May-2015,153.65,167.0,167.0,152.1,154.0,154.6,156.92,65,10200.0,18.0,35.0,53.85
CGCL,EQ,22-May-2015,156.1,152.05,159.95,152.05,155.9,153.65,153.52,513,78756.3,36.0,373.0,72.71
CGCL,EQ,21-May-2015,158.0,155.1,161.9,153.0,157.7,156.1,155.36,250,38841.15,35.0,217.0,86.8
CGCL,EQ,20-May-2015,158.35,162.2,162.2,152.0,161.95,158.0,157.32,542,85266.75,27.0,275.0,50.74
CGCL,EQ,19-May-2015,160.0,160.0,162.6,155.7,162.6,158.35,158.73,3543,562362.9,64.0,2993.0,84.48
CGCL,EQ,18-May-2015,159.95,163.4,163.55,156.1,159.95,160.0,160.16,1046,167526.35,55.0,831.0,79.45
CGCL,EQ,15-May-2015,158.75,159.75,160.0,155.6,159.9,159.95,159.54,3448,550079.45,77.0,2794.0,81.03
CGCL,EQ,14-May-2015,158.5,158.1,159.75,155.55,159.05,158.75,157.81,801,126406.5,28.0,553.0,69.04
CGCL,EQ,13-May-2015,160.2,161.0,161.0,152.55,153.2,158.5,159.33,1691,269433.35,52.0,1644.0,97.22
CGCL,EQ,12-May-2015,164.95,160.5,164.9,156.0,162.05,160.2,159.26,821,130752.75,46.0,368.0,44.82
CGCL,EQ,11-May-2015,159.7,162.0,170.0,161.15,167.0,164.95,165.75,7796,1292221.45,138.0,7075.0,90.75
CGCL,EQ,08-May-2015,151.5,155.0,161.95,153.5,158.5,159.7,158.43,448,70975.65,63.0,216.0,48.21
CGCL,EQ,07-May-2015,160.55,159.95,162.45,150.0,150.0,151.5,155.08,2077,322104.7,184.0,1126.0,54.21
CGCL,EQ,06-May-2015,162.4,158.35,162.9,151.0,160.3,160.55,157.18,4943,776930.35,136.0,2572.0,52.03
CGCL,EQ,05-May-2015,163.05,164.5,164.5,156.1,163.0,162.4,161.78,3479,562826.5,108.0,2618.0,75.25
CGCL,EQ,04-May-2015,139.45,142.4,164.5,141.25,164.5,163.05,156.2,15432,2410442.7,468.0,9595.0,62.18
CGCL,EQ,30-Apr-2015,127.5,124.6,149.0,124.6,141.0,139.45,137.16,39265,5385703.4,766.0,23313.0,59.37
CGCL,EQ,29-Apr-2015,143.75,141.05,142.0,124.55,128.8,127.5,132.45,30391,4025172.5,566.0,17799.0,58.57
CGCL,EQ,28-Apr-2015,145.2,154.0,154.0,142.7,142.7,143.75,146.08,2825,412683.75,68.0,1798.0,63.65
CGCL,EQ,27-Apr-2015,151.4,154.0,154.0,142.2,146.85,145.2,147.01,5182,761786.5,131.0,3813.0,73.58
CGCL,EQ,24-Apr-2015,155.25,156.25,160.85,150.5,153.0,151.4,153.68,6069,932665.15,123.0,5211.0,85.86
CGCL,EQ,23-Apr-2015,160.05,161.35,167.8,153.0,154.0,155.25,157.54,12102,1906544.4,219.0,9994.0,82.58
CGCL,EQ,22-Apr-2015,159.6,165.0,174.9,160.0,162.7,160.05,160.92,4683,753567.65,63.0,3809.0,81.34
CGCL,EQ,21-Apr-2015,162.4,164.0,169.95,157.0,159.6,159.6,162.13,3381,548158.95,73.0,2736.0,80.92
CGCL,EQ,20-Apr-2015,170.65,170.0,175.5,160.0,161.15,162.4,165.01,2478,408899.4,100.0,2079.0,83.9
CGCL,EQ,17-Apr-2015,175.25,180.0,182.0,168.2,170.8,170.65,173.26,5436,941834.8,158.0,4354.0,80.1
CGCL,EQ,16-Apr-2015,187.2,187.1,193.9,172.0,175.0,175.25,181.19,5764,1044371.2,198.0,4654.0,80.74
CGCL,EQ,15-Apr-2015,190.0,188.0,192.5,184.3,191.6,187.2,187.92,4064,763703.15,73.0,2877.0,70.79
CGCL,EQ,13-Apr-2015,192.5,190.25,194.0,185.1,190.0,190.0,190.07,3342,635221.05,87.0,2098.0,62.78
CGCL,EQ,10-Apr-2015,194.6,193.8,197.95,190.05,194.0,192.5,194.47,1919,373180.95,60.0,1693.0,88.22
CGCL,EQ,09-Apr-2015,183.1,180.1,198.35,180.1,195.0,194.6,190.77,8767,1672460.1,259.0,6246.0,71.24
CGCL,EQ,08-Apr-2015,167.65,165.0,188.45,164.0,182.25,183.1,176.06,9725,1712158.55,297.0,5709.0,58.7
CGCL,EQ,07-Apr-2015,172.25,170.0,176.6,162.1,164.05,167.65,168.89,6142,1037342.3,124.0,5226.0,85.09
CGCL,EQ,06-Apr-2015,173.0,169.0,173.45,169.0,173.35,172.25,170.48,609,103820.9,25.0,487.0,79.97
CGCL,EQ,01-Apr-2015,167.1,173.0,173.0,173.0,173.0,173.0,173.0,9,1557.0,1.0,9.0,100.0
CGCL,EQ,31-Mar-2015,169.2,171.0,176.7,166.5,166.5,167.1,167.99,1922,322869.9,83.0,1021.0,53.12
CGCL,EQ,30-Mar-2015,169.95,170.0,174.0,166.05,167.2,169.2,170.09,1010,171792.3,26.0,687.0,68.02
CGCL,EQ,27-Mar-2015,165.0,163.0,169.95,159.7,169.95,169.95,161.57,434,70121.35,54.0,345.0,79.49
CGCL,EQ,26-Mar-2015,167.9,165.0,170.0,163.5,168.0,165.0,165.02,177,29209.3,16.0,170.0,96.05
CGCL,EQ,25-Mar-2015,164.2,168.0,169.0,164.05,169.0,167.9,167.56,922,154485.8,19.0,657.0,71.26
CGCL,EQ,24-Mar-2015,167.3,168.95,170.0,162.65,166.85,164.2,166.01,1057,175470.35,36.0,873.0,82.59
CGCL,EQ,23-Mar-2015,173.15,170.6,170.6,165.1,168.1,167.3,168.69,1524,257088.1,80.0,1150.0,75.46
CGCL,EQ,20-Mar-2015,171.55,175.0,179.0,169.1,174.3,173.15,171.4,1428,244756.3,52.0,984.0,68.91
CGCL,EQ,19-Mar-2015,178.75,182.8,182.8,169.2,175.0,171.55,175.3,186,32606.05,25.0,129.0,69.35
CGCL,EQ,18-Mar-2015,179.4,180.0,183.65,175.0,183.35,178.75,178.42,937,167179.35,35.0,664.0,70.86
CGCL,EQ,17-Mar-2015,179.45,180.0,187.85,177.25,179.0,179.4,181.7,1425,258920.1,47.0,784.0,55.02
CGCL,EQ,16-Mar-2015,186.65,183.0,183.0,177.0,178.25,179.45,178.88,524,93734.25,45.0,312.0,59.54
CGCL,EQ,13-Mar-2015,185.1,189.4,189.4,183.05,186.8,186.65,186.66,29,5413.0,10.0,21.0,72.41
CGCL,EQ,12-Mar-2015,189.5,189.0,191.45,182.1,185.4,185.1,187.99,2354,442538.7,41.0,2213.0,94.01
CGCL,EQ,11-Mar-2015,188.75,190.0,192.7,183.5,191.8,189.5,188.89,1016,191907.95,35.0,838.0,82.48
CGCL,EQ,10-Mar-2015,189.7,189.0,190.0,187.9,187.9,188.75,189.42,975,184688.15,18.0,926.0,94.97
CGCL,EQ,09-Mar-2015,187.5,189.85,190.9,187.0,187.4,189.7,189.27,560,105992.3,27.0,447.0,79.82
CGCL,EQ,05-Mar-2015,190.2,194.6,194.6,186.2,189.9,187.5,189.08,500,94538.25,39.0,461.0,92.2
CGCL,EQ,04-Mar-2015,189.15,189.0,193.15,181.1,192.4,190.2,187.91,1939,364348.25,112.0,1416.0,73.03
CGCL,EQ,03-Mar-2015,180.5,182.0,194.6,177.3,193.9,189.15,185.17,1651,305711.1,79.0,1151.0,69.72
CGCL,EQ,02-Mar-2015,180.9,176.8,183.9,176.8,183.9,180.5,178.4,1346,240131.35,22.0,1222.0,90.79
CGCL,EQ,28-Feb-2015,176.1,180.0,183.5,177.55,183.5,180.9,180.46,1833,330778.85,30.0,1590.0,86.74
CGCL,EQ,27-Feb-2015,176.35,175.0,182.95,175.0,175.25,176.1,177.19,692,122613.5,36.0,501.0,72.4
CGCL,EQ,26-Feb-2015,176.25,174.0,180.5,172.1,177.0,176.35,175.1,640,112066.55,33.0,463.0,72.34
CGCL,EQ,25-Feb-2015,177.05,176.0,181.5,175.05,177.0,176.25,177.05,1112,196874.95,84.0,794.0,71.4
CGCL,EQ,24-Feb-2015,180.2,184.0,184.0,176.0,178.45,177.05,177.57,2181,387279.95,82.0,1784.0,81.8
CGCL,EQ,23-Feb-2015,178.25,188.3,188.3,179.85,180.2,180.2,181.94,2225,404809.55,97.0,799.0,35.91
CGCL,EQ,20-Feb-2015,177.95,176.0,184.8,176.0,178.25,178.25,178.49,654,116731.7,46.0,517.0,79.05
CGCL,EQ,19-Feb-2015,184.75,181.0,184.4,173.5,180.8,177.95,180.24,2085,375801.05,103.0,1671.0,80.14
CGCL,EQ,18-Feb-2015,178.6,180.0,186.8,178.6,182.15,184.75,184.07,984,181123.65,124.0,635.0,64.53
CGCL,EQ,16-Feb-2015,183.1,185.0,185.25,175.0,176.5,178.6,181.12,2458,445187.55,164.0,826.0,33.6
CGCL,EQ,13-Feb-2015,183.8,188.5,188.5,183.1,183.1,183.1,185.53,283,52503.7,10.0,171.0,60.42
CGCL,EQ,12-Feb-2015,183.35,186.05,189.85,182.5,185.9,183.8,185.26,1474,273078.8,68.0,1014.0,68.79
CGCL,EQ,11-Feb-2015,190.6,192.05,194.05,182.05,183.2,183.35,188.55,2220,418589.4,141.0,1742.0,78.47
CGCL,EQ,10-Feb-2015,193.7,199.95,199.95,186.1,187.0,190.6,191.68,507,97180.4,73.0,332.0,65.48
CGCL,EQ,09-Feb-2015,196.0,201.35,201.35,190.05,190.05,193.7,194.69,2103,409437.4,106.0,1635.0,77.75
CGCL,EQ,06-Feb-2015,199.1,195.25,199.95,193.25,195.0,196.0,195.9,998,195511.55,40.0,490.0,49.1
CGCL,EQ,05-Feb-2015,197.7,204.5,204.5,199.0,199.1,199.1,200.02,617,123410.5,73.0,388.0,62.88
CGCL,EQ,04-Feb-2015,206.0,202.0,207.15,197.05,197.05,197.7,201.33,2319,466881.45,160.0,1501.0,64.73
CGCL,EQ,03-Feb-2015,201.9,200.0,220.0,196.1,207.15,206.0,204.92,1362,279096.1,158.0,687.0,50.44
CGCL,EQ,02-Feb-2015,201.2,199.95,203.0,197.75,201.9,201.9,200.64,261,52367.9,23.0,168.0,64.37
CGCL,EQ,30-Jan-2015,205.85,204.05,209.75,196.95,201.0,201.2,203.64,1946,396287.25,91.0,1470.0,75.54
CGCL,EQ,29-Jan-2015,201.8,200.3,214.5,199.95,204.5,205.85,204.65,5212,1066628.2,210.0,3765.0,72.24
CGCL,EQ,28-Jan-2015,202.2,208.85,208.9,201.0,202.0,201.8,203.49,1609,327410.2,80.0,760.0,47.23
CGCL,EQ,27-Jan-2015,210.7,208.0,211.0,201.1,204.6,202.2,202.87,1504,305112.25,73.0,1292.0,85.9
CGCL,EQ,23-Jan-2015,211.5,220.0,224.0,209.5,209.5,210.7,215.16,2778,597716.1,101.0,1924.0,69.26
CGCL,EQ,22-Jan-2015,223.05,222.05,222.05,211.1,211.25,211.5,215.0,6251,1343982.9,162.0,5163.0,82.59
CGCL,EQ,21-Jan-2015,213.3,210.3,244.9,210.3,225.0,223.05,225.46,23603,5321580.55,950.0,12745.0,54.0
CGCL,EQ,20-Jan-2015,211.05,216.0,216.0,205.6,214.75,213.3,212.2,13618,2889759.7,274.0,6003.0,44.08
CGCL,EQ,19-Jan-2015,209.6,209.5,214.0,206.0,210.05,211.05,211.0,5945,1254375.05,80.0,5750.0,96.72
CGCL,EQ,16-Jan-2015,211.0,209.25,212.0,208.0,209.0,209.6,210.1,2140,449623.25,42.0,1720.0,80.37
CGCL,EQ,15-Jan-2015,206.3,210.9,215.0,207.05,211.0,211.0,211.68,2498,528786.15,87.0,1876.0,75.1
CGCL,EQ,14-Jan-2015,209.85,212.0,212.0,204.2,209.0,206.3,206.79,1407,290959.35,31.0,1209.0,85.93
CGCL,EQ,13-Jan-2015,207.25,210.0,214.0,201.5,211.2,209.85,207.79,4431,920729.25,102.0,2590.0,58.45
CGCL,EQ,12-Jan-2015,205.05,206.0,208.0,192.1,207.25,207.25,204.63,4616,944574.25,149.0,3313.0,71.77
CGCL,EQ,09-Jan-2015,199.15,197.0,210.0,197.0,205.6,205.05,205.95,4025,828931.7,110.0,2753.0,68.4
CGCL,EQ,08-Jan-2015,195.2,206.4,206.4,193.0,200.95,199.15,196.22,2709,531549.65,54.0,1640.0,60.54
CGCL,EQ,07-Jan-2015,196.75,203.5,203.5,192.1,195.5,195.2,195.4,1374,268482.6,100.0,487.0,35.44
CGCL,EQ,06-Jan-2015,202.5,201.0,204.0,195.0,201.75,196.75,199.74,2321,463604.65,67.0,1720.0,74.11
CGCL,EQ,05-Jan-2015,204.05,206.0,217.7,199.05,202.5,202.5,205.84,7577,1559675.5,290.0,4524.0,59.71
CGCL,EQ,02-Jan-2015,192.55,194.0,208.95,194.0,203.95,204.05,204.75,2419,495279.75,172.0,1755.0,72.55
CGCL,EQ,01-Jan-2015,186.45,185.0,198.9,185.0,194.0,192.55,191.24,1277,244214.75,85.0,652.0,51.06
CGCL,EQ,31-Dec-2014,185.5,184.05,186.95,180.1,186.9,186.45,185.04,1379,255172.05,31.0,1146.0,83.1
CGCL,EQ,29-Dec-2016,53.85,53.95,54.0,52.8,53.5,53.8,53.35,6478,345613.9,63.0,3773.0,58.24
CGCL,EQ,28-Dec-2016,54.4,55.4,55.4,53.15,53.6,53.85,53.81,4596,247317.35,58.0,2850.0,62.01
CGCL,EQ,27-Dec-2016,52.7,52.6,54.5,52.5,54.05,54.4,54.1,9698,524674.75,48.0,9358.0,96.49
CGCL,EQ,26-Dec-2016,54.25,52.25,55.4,52.25,52.6,52.7,53.15,21082,1120475.95,53.0,20177.0,95.71
CGCL,EQ,23-Dec-2016,53.8,54.8,54.9,53.0,53.85,54.25,54.25,20609,1118081.0,153.0,13037.0,63.26
CGCL,EQ,22-Dec-2016,54.7,55.2,55.2,53.5,53.6,53.8,53.78,5821,313068.0,65.0,4959.0,85.19
CGCL,EQ,21-Dec-2016,55.0,56.3,56.3,53.8,54.7,54.7,54.84,27516,1508873.4,132.0,25817.0,93.83
CGCL,EQ,20-Dec-2016,54.1,55.8,55.8,53.0,55.4,55.0,54.67,22665,1239096.85,217.0,18647.0,82.27
CGCL,EQ,19-Dec-2016,56.7,57.5,57.55,53.9,55.5,54.1,54.97,14895,818851.75,139.0,12645.0,84.89
CGCL,EQ,16-Dec-2016,55.6,57.7,57.7,56.15,56.85,56.7,57.03,16798,958020.3,132.0,14937.0,88.92
CGCL,EQ,15-Dec-2016,57.15,58.5,58.5,55.2,56.0,55.6,56.1,5187,290998.8,93.0,3909.0,75.36
CGCL,EQ,14-Dec-2016,57.25,58.3,58.3,56.4,57.7,57.15,57.15,6551,374402.9,137.0,4883.0,74.54
CGCL,EQ,13-Dec-2016,56.35,56.1,57.9,56.1,57.1,57.25,56.88,12240,696163.85,91.0,8855.0,72.34
CGCL,EQ,12-Dec-2016,57.75,56.65,58.95,56.0,56.0,56.35,57.15,11802,674482.15,194.0,10555.0,89.43
CGCL,EQ,09-Dec-2016,58.7,59.4,60.8,56.55,56.55,57.75,59.19,11027,652691.9,142.0,7885.0,71.51
CGCL,EQ,08-Dec-2016,57.15,57.5,59.4,56.0,59.0,58.7,58.62,18610,1090934.15,298.0,14155.0,76.06
CGCL,EQ,07-Dec-2016,58.0,58.95,59.9,55.55,57.0,57.15,57.96,11502,666662.2,140.0,7363.0,64.01
CGCL,EQ,06-Dec-2016,61.0,61.0,61.0,57.95,57.95,58.0,58.84,21814,1283557.45,214.0,16442.0,75.37
CGCL,EQ,05-Dec-2016,63.8,64.95,64.95,60.65,60.7,61.0,61.38,27822,1707819.6,204.0,25722.0,92.45
CGCL,EQ,02-Dec-2016,67.15,67.4,67.4,63.8,64.0,63.8,64.15,61777,3962875.9,234.0,57837.0,93.62
CGCL,EQ,01-Dec-2016,66.65,66.05,67.85,66.0,67.0,67.15,66.79,66454,4438407.95,125.0,63670.0,95.81
CGCL,EQ,30-Nov-2016,67.2,66.35,69.0,66.0,66.5,66.65,67.08,65172,4371724.0,424.0,56264.0,86.33
CGCL,EQ,29-Nov-2016,66.25,67.45,69.55,65.5,67.9,67.2,67.92,106361,7223537.45,478.0,84527.0,79.47
CGCL,EQ,28-Nov-2016,64.4,67.4,67.4,64.0,65.85,66.25,65.93,57747,3807527.1,433.0,50196.0,86.92
CGCL,EQ,25-Nov-2016,61.35,61.55,64.4,61.55,64.4,64.4,64.26,42198,2711576.2,152.0,38486.0,91.2
CGCL,EQ,24-Nov-2016,58.45,60.9,61.35,60.9,61.35,61.35,61.32,29931,1835476.2,155.0,28948.0,96.72
CGCL,EQ,23-Nov-2016,278.5,54.55,58.45,54.5,58.45,58.45,57.79,4260,246171.9,45.0,3238.0,76.01
CGCL,EQ,22-Nov-2016,274.3,283.9,283.9,261.0,279.0,278.5,271.77,6873,1867881.2,262.0,5084.0,73.97
CGCL,EQ,21-Nov-2016,297.8,313.9,313.9,270.2,273.1,274.3,283.19,5974,1691766.4,431.0,3957.0,66.24
CGCL,EQ,18-Nov-2016,312.65,313.85,313.85,296.3,298.95,297.8,303.05,10049,3045345.7,667.0,8075.0,80.36
CGCL,EQ,17-Nov-2016,325.2,334.5,334.5,310.1,313.8,312.65,318.96,5696,1816822.7,292.0,4938.0,86.69
CGCL,EQ,16-Nov-2016,329.5,335.0,345.0,305.1,328.0,325.2,326.02,7383,2406999.65,335.0,5520.0,74.77
CGCL,EQ,15-Nov-2016,360.25,360.0,376.0,324.25,329.1,329.5,332.67,50225,16708217.3,719.0,43600.0,86.81
CGCL,EQ,11-Nov-2016,353.15,369.9,385.9,338.95,360.1,360.25,358.65,78577,28181398.35,1748.0,62421.0,79.44
CGCL,EQ,10-Nov-2016,321.05,330.0,353.15,326.1,353.15,353.15,346.92,13060,4530765.9,245.0,11558.0,88.5
CGCL,EQ,09-Nov-2016,330.1,310.0,322.4,297.1,322.4,321.05,303.51,13474,4089447.15,212.0,10048.0,74.57
CGCL,EQ,08-Nov-2016,330.6,334.9,334.95,328.1,330.05,330.1,331.5,2091,693165.65,128.0,1509.0,72.17
CGCL,EQ,07-Nov-2016,325.25,321.1,334.5,320.0,329.95,330.6,328.39,4293,1409774.4,147.0,2620.0,61.03
CGCL,EQ,04-Nov-2016,335.45,339.7,340.0,319.9,325.0,325.25,326.99,10001,3270235.35,408.0,7343.0,73.42
CGCL,EQ,03-Nov-2016,331.8,339.0,339.0,332.2,336.3,335.45,335.66,2288,767981.05,96.0,1927.0,84.22
CGCL,EQ,02-Nov-2016,345.15,341.1,341.1,330.0,338.0,331.8,333.81,9237,3083387.2,304.0,7235.0,78.33
CGCL,EQ,01-Nov-2016,348.55,352.3,353.0,342.65,348.0,345.15,347.89,4950,1722058.45,226.0,3841.0,77.6
CGCL,EQ,30-Oct-2016,346.65,348.0,351.9,344.1,348.0,348.55,348.39,1513,527109.5,106.0,1113.0,73.56
CGCL,EQ,28-Oct-2016,334.75,331.1,348.95,331.1,343.2,346.65,343.01,7396,2536867.45,344.0,4278.0,57.84
CGCL,EQ,27-Oct-2016,345.15,344.0,345.0,332.1,335.0,334.75,337.47,9015,3042311.3,279.0,7535.0,83.58
CGCL,EQ,26-Oct-2016,351.95,348.2,354.9,341.0,345.05,345.15,349.42,7602,2656262.85,271.0,4549.0,59.84
CGCL,EQ,25-Oct-2016,351.85,354.55,359.5,348.0,353.0,351.95,352.51,7373,2599029.25,271.0,4654.0,63.12
CGCL,EQ,24-Oct-2016,351.4,355.9,356.9,349.1,352.9,351.85,353.78,7736,2736826.85,302.0,5599.0,72.38
CGCL,EQ,21-Oct-2016,343.3,339.0,356.8,336.0,350.0,351.4,347.75,21539,7490169.9,563.0,10846.0,50.36
CGCL,EQ,20-Oct-2016,346.5,348.1,354.7,339.0,345.0,343.3,343.75,15584,5356943.25,487.0,9495.0,60.93
CGCL,EQ,19-Oct-2016,347.7,354.9,356.8,345.0,347.0,346.5,350.59,16633,5831372.3,486.0,11808.0,70.99
CGCL,EQ,18-Oct-2016,351.5,355.05,362.4,345.2,349.05,347.7,354.69,20084,7123611.05,1044.0,9932.0,49.45
CGCL,EQ,17-Oct-2016,364.0,362.15,375.0,350.0,351.55,351.5,362.54,21370,7747391.25,764.0,10830.0,50.68
CGCL,EQ,14-Oct-2016,370.6,374.85,381.9,361.0,363.0,364.0,371.21,20541,7625070.6,617.0,7674.0,37.36
CGCL,EQ,13-Oct-2016,368.05,368.0,377.0,356.0,371.2,370.6,366.54,58644,21495532.45,1483.0,32794.0,55.92
CGCL,EQ,10-Oct-2016,385.05,397.0,397.0,365.8,366.0,368.05,380.32,42695,16237553.0,1455.0,18512.0,43.36
CGCL,EQ,07-Oct-2016,383.7,393.2,402.85,379.0,383.9,385.05,391.83,56625,22187267.75,1827.0,19804.0,34.97
CGCL,EQ,06-Oct-2016,370.6,380.0,407.65,372.7,393.0,383.7,394.77,211299,83414352.45,5813.0,65765.0,31.12
CGCL,EQ,05-Oct-2016,336.95,339.85,370.6,336.55,370.6,370.6,359.1,126881,45562551.9,3197.0,54199.0,42.72
CGCL,EQ,04-Oct-2016,339.5,342.4,349.7,332.55,338.0,336.95,339.06,40575,13757361.35,1438.0,13289.0,32.75
CGCL,EQ,03-Oct-2016,314.2,327.45,344.5,325.0,342.4,339.5,336.72,133380,44911401.75,3136.0,39173.0,29.37
CGCL,EQ,30-Sep-2016,285.65,275.0,314.2,265.6,314.2,314.2,306.02,150565,46075353.4,3148.0,57820.0,38.4
CGCL,EQ,29-Sep-2016,317.35,320.85,328.0,285.65,285.65,285.65,305.97,95946,29356264.1,2420.0,39801.0,41.48
CGCL,EQ,28-Sep-2016,341.2,339.9,349.8,313.5,317.0,317.35,324.01,171945,55711405.95,4539.0,56630.0,32.93
CGCL,EQ,27-Sep-2016,337.9,338.6,368.0,337.65,340.05,341.2,355.01,335003,118928347.7,8986.0,76378.0,22.8
CGCL,EQ,26-Sep-2016,288.85,287.85,345.8,284.9,338.0,337.9,325.87,578159,188404790.7,16132.0,112620.0,19.48
CGCL,EQ,23-Sep-2016,257.25,257.6,298.4,257.5,285.8,288.85,288.39,318207,91767282.0,8385.0,53940.0,16.95
CGCL,EQ,22-Sep-2016,220.9,225.0,264.35,225.0,258.4,257.25,251.57,125081,31466060.95,3114.0,45153.0,36.1
CGCL,EQ,21-Sep-2016,227.25,229.9,230.0,218.1,218.1,220.9,224.76,6921,1555535.5,192.0,5681.0,82.08
CGCL,EQ,20-Sep-2016,229.9,232.9,232.9,226.0,227.5,227.25,228.45,4456,1017965.1,114.0,3178.0,71.32
CGCL,EQ,19-Sep-2016,230.3,232.0,232.95,227.5,230.0,229.9,230.36,4492,1034772.95,79.0,4001.0,89.07
CGCL,EQ,16-Sep-2016,229.85,234.45,235.95,230.0,230.3,230.3,231.88,5174,1199738.0,121.0,4545.0,87.84
CGCL,EQ,15-Sep-2016,234.25,237.95,238.9,229.2,230.0,229.85,232.61,11094,2580520.5,162.0,9346.0,84.24
CGCL,EQ,14-Sep-2016,222.95,222.95,240.0,221.1,235.0,234.25,231.4,9835,2275867.55,374.0,5264.0,53.52
CGCL,EQ,12-Sep-2016,237.4,231.95,231.95,222.05,223.45,222.95,225.76,15463,3490987.55,365.0,9013.0,58.29
CGCL,EQ,09-Sep-2016,238.55,244.9,248.7,235.0,236.0,237.4,239.33,22826,5463020.6,649.0,13552.0,59.37
CGCL,EQ,08-Sep-2016,207.3,209.9,245.0,205.95,241.0,238.55,231.08,92847,21454971.45,2636.0,43865.0,47.24
CGCL,EQ,07-Sep-2016,198.3,199.3,209.0,199.25,205.15,207.3,204.15,23851,4869240.7,299.0,20660.0,86.62
CGCL,EQ,06-Sep-2016,196.8,199.85,203.95,198.0,199.95,198.3,200.6,14204,2849366.7,221.0,11003.0,77.46
CGCL,EQ,02-Sep-2016,186.05,188.0,201.35,185.5,196.95,196.8,195.88,38409,7523401.5,857.0,21528.0,56.05
CGCL,EQ,01-Sep-2016,182.15,184.9,190.1,183.0,186.0,186.05,186.58,14926,2784851.1,205.0,12565.0,84.18
CGCL,EQ,31-Aug-2016,186.0,188.0,188.0,181.1,181.1,182.15,184.41,8745,1612684.1,161.0,7569.0,86.55
CGCL,EQ,30-Aug-2016,180.8,180.75,189.9,180.75,186.25,186.0,185.25,9863,1827111.7,204.0,8444.0,85.61
CGCL,EQ,29-Aug-2016,184.3,186.9,187.95,180.0,180.05,180.8,182.85,10194,1863959.0,147.0,6153.0,60.36
CGCL,EQ,26-Aug-2016,185.25,187.9,187.9,181.55,184.9,184.3,184.56,4988,920581.3,98.0,4024.0,80.67
CGCL,EQ,25-Aug-2016,185.15,186.95,190.95,185.1,185.5,185.25,188.11,11622,2186194.0,175.0,9549.0,82.16
CGCL,EQ,24-Aug-2016,176.35,176.35,193.1,176.35,184.0,185.15,188.21,86614,16301329.6,1374.0,47539.0,54.89
CGCL,EQ,23-Aug-2016,171.9,168.25,180.0,167.05,176.0,176.35,174.32,10114,1763114.65,161.0,8988.0,88.87
CGCL,EQ,22-Aug-2016,163.65,161.15,177.0,161.05,171.05,171.9,168.33,6985,1175767.8,241.0,4852.0,69.46
CGCL,EQ,19-Aug-2016,164.45,163.9,166.95,163.5,165.5,163.65,164.6,1187,195375.45,60.0,938.0,79.02
CGCL,EQ,18-Aug-2016,164.65,167.0,167.0,161.1,164.05,164.45,164.45,2394,393694.45,76.0,1474.0,61.57
CGCL,EQ,17-Aug-2016,166.65,167.0,167.0,163.05,165.0,164.65,164.78,3056,503579.65,43.0,2298.0,75.2
CGCL,EQ,16-Aug-2016,167.05,164.05,171.05,164.05,166.0,166.65,167.87,1275,214034.25,52.0,820.0,64.31
CGCL,EQ,12-Aug-2016,170.9,169.3,170.0,163.05,168.0,167.05,166.61,8573,1428370.85,366.0,5842.0,68.14
CGCL,EQ,11-Aug-2016,174.55,173.05,174.45,166.0,170.5,170.9,170.46,11097,1891584.85,223.0,9247.0,83.33
CGCL,EQ,10-Aug-2016,177.35,176.1,177.0,171.1,173.1,174.55,174.18,4169,726167.5,140.0,2728.0,65.44
CGCL,EQ,09-Aug-2016,179.6,178.2,180.5,176.1,177.75,177.35,178.21,2906,517875.9,67.0,1912.0,65.79
CGCL,EQ,08-Aug-2016,173.15,175.75,185.0,175.75,179.1,179.6,180.59,19176,3463004.95,409.0,14849.0,77.44
CGCL,EQ,05-Aug-2016,173.3,175.9,176.75,172.05,173.0,173.15,174.53,9958,1737957.35,219.0,5974.0,59.99
CGCL,EQ,04-Aug-2016,174.4,175.0,177.8,172.0,173.5,173.3,173.59,7830,1359216.65,194.0,6164.0,78.72
CGCL,EQ,03-Aug-2016,171.85,172.95,183.5,166.1,173.5,174.4,174.18,22112,3851522.05,656.0,12668.0,57.29
CGCL,EQ,02-Aug-2016,179.55,177.3,183.45,168.3,171.75,171.85,174.43,20067,3500199.45,615.0,12964.0,64.6
CGCL,EQ,01-Aug-2016,188.1,184.05,188.0,176.1,178.8,179.55,180.92,47503,8594007.0,1160.0,28323.0,59.62
CGCL,EQ,29-Jul-2016,167.45,179.0,199.45,176.3,188.0,188.1,192.74,263358,50759752.2,5135.0,74081.0,28.13
CGCL,EQ,28-Jul-2016,139.55,147.0,167.45,140.0,167.45,167.45,160.69,174128,27980223.1,2861.0,67718.0,38.89
CGCL,EQ,27-Jul-2016,157.25,154.25,158.8,135.25,144.9,139.55,143.58,86196,12376317.9,1159.0,66109.0,76.7
CGCL,EQ,26-Jul-2016,143.7,141.6,162.5,141.6,156.5,157.25,155.44,62836,9767298.2,1528.0,35712.0,56.83
CGCL,EQ,25-Jul-2016,135.1,132.25,148.75,129.1,145.9,143.7,141.29,27614,3901559.75,555.0,17641.0,63.88
CGCL,EQ,22-Jul-2016,144.8,141.5,146.9,132.05,134.9,135.1,137.33,26219,3600608.9,358.0,17421.0,66.44
CGCL,EQ,21-Jul-2016,139.7,143.0,156.7,135.35,142.0,144.8,147.54,63801,9413169.25,798.0,44657.0,69.99
CGCL,EQ,20-Jul-2016,134.55,133.5,142.7,132.0,140.0,139.7,138.12,8122,1121824.9,182.0,7659.0,94.3
CGCL,EQ,19-Jul-2016,133.05,132.5,136.65,132.0,136.0,134.55,134.04,2739,367145.55,57.0,2032.0,74.19
CGCL,EQ,18-Jul-2016,134.05,138.0,138.0,132.0,133.05,133.05,133.69,5490,733983.0,85.0,4220.0,76.87
CGCL,EQ,15-Jul-2016,132.9,130.6,135.0,129.0,133.15,134.05,132.12,3441,454638.8,85.0,1892.0,54.98
CGCL,EQ,14-Jul-2016,132.85,130.0,134.9,125.6,133.0,132.9,130.77,6814,891096.75,124.0,3674.0,53.92
CGCL,EQ,13-Jul-2016,137.2,133.25,134.65,122.0,132.0,132.85,131.35,12918,1696815.0,180.0,6125.0,47.41
CGCL,EQ,12-Jul-2016,131.3,134.95,138.9,133.1,137.45,137.2,135.29,7734,1046361.85,158.0,6379.0,82.48
CGCL,EQ,11-Jul-2016,129.05,133.0,135.5,127.5,130.0,131.3,132.22,4918,650233.85,132.0,3559.0,72.37
CGCL,EQ,08-Jul-2016,128.45,129.2,131.9,125.0,129.05,129.05,128.69,2460,316584.3,84.0,2005.0,81.5
CGCL,EQ,07-Jul-2016,135.65,134.1,139.9,125.1,128.9,128.45,129.13,14652,1891999.9,169.0,10030.0,68.45
CGCL,EQ,05-Jul-2016,137.95,143.0,143.0,134.45,135.15,135.65,136.08,821,111725.65,62.0,418.0,50.91
CGCL,EQ,04-Jul-2016,135.45,135.8,141.75,135.75,137.95,137.95,138.56,6509,901854.65,128.0,5062.0,77.77
CGCL,EQ,01-Jul-2016,130.0,133.4,135.75,128.3,135.75,135.45,134.79,9484,1278382.0,115.0,6216.0,65.54
CGCL,EQ,30-Jun-2016,127.45,125.55,134.3,125.5,130.0,130.0,130.53,5065,661109.5,112.0,3064.0,60.49
CGCL,EQ,29-Jun-2016,123.05,124.0,131.0,123.85,127.1,127.45,127.08,8869,1127115.95,259.0,6133.0,69.15
CGCL,EQ,28-Jun-2016,122.45,122.35,126.9,122.1,123.25,123.05,123.65,2609,322604.5,75.0,2053.0,78.69
CGCL,EQ,27-Jun-2016,122.2,120.0,125.0,118.25,122.0,122.45,122.38,3676,449859.6,122.0,2338.0,63.6
CGCL,EQ,24-Jun-2016,126.45,124.2,124.2,115.1,122.0,122.2,121.47,5977,726031.1,144.0,3580.0,59.9
CGCL,EQ,23-Jun-2016,132.45,128.0,131.9,120.2,125.55,126.45,126.08,10579,1333799.95,178.0,6796.0,64.24
CGCL,EQ,22-Jun-2016,124.95,121.0,143.7,116.6,130.05,132.45,134.3,22740,3054050.05,791.0,11219.0,49.34
CGCL,EQ,21-Jun-2016,115.8,115.5,128.95,115.5,125.15,124.95,124.6,108724,13547086.45,708.0,95863.0,88.17
CGCL,EQ,20-Jun-2016,136.3,137.5,137.5,109.6,114.0,115.8,116.66,27067,3157674.15,154.0,14177.0,52.38
CGCL,EQ,17-Jun-2016,135.2,137.95,139.95,135.5,136.15,136.3,137.91,1227,169211.7,41.0,960.0,78.24
CGCL,EQ,16-Jun-2016,137.1,135.5,139.8,135.15,135.15,135.2,135.84,1173,159343.4,17.0,1001.0,85.34
CGCL,EQ,15-Jun-2016,135.05,139.3,139.85,135.55,136.75,137.1,137.96,1167,160998.0,69.0,719.0,61.61
CGCL,EQ,14-Jun-2016,135.45,139.75,139.75,134.0,135.0,135.05,135.72,912,123780.85,55.0,463.0,50.77
CGCL,EQ,13-Jun-2016,136.55,135.0,137.9,132.0,133.55,135.45,133.92,1548,207300.55,48.0,815.0,52.65
CGCL,EQ,10-Jun-2016,135.65,138.5,138.5,136.55,136.55,136.55,137.26,1379,189278.75,33.0,1005.0,72.88
CGCL,EQ,09-Jun-2016,136.4,136.95,136.95,133.0,135.55,135.65,134.79,1405,189373.0,34.0,866.0,61.64
CGCL,EQ,08-Jun-2016,136.8,135.0,137.5,135.0,137.5,136.4,135.37,1245,168537.65,28.0,650.0,52.21
CGCL,EQ,07-Jun-2016,134.95,135.9,137.0,134.0,136.5,136.8,135.48,1696,229775.95,24.0,1447.0,85.32
CGCL,EQ,06-Jun-2016,135.9,138.0,138.0,130.5,134.5,134.95,136.94,1286,176102.1,53.0,830.0,64.54
CGCL,EQ,03-Jun-2016,132.0,138.0,138.75,133.1,135.9,135.9,136.52,921,125731.95,31.0,495.0,53.75
CGCL,EQ,02-Jun-2016,132.9,131.5,136.8,131.3,132.0,132.0,132.08,2033,268517.9,27.0,1948.0,95.82
CGCL,EQ,01-Jun-2016,133.05,137.0,137.0,131.65,133.0,132.9,132.76,3662,486158.7,72.0,2950.0,80.56
CGCL,EQ,31-May-2016,134.8,131.25,134.95,131.25,133.0,133.05,132.8,942,125096.7,22.0,613.0,65.07
CGCL,EQ,30-May-2016,135.0,135.0,135.0,134.0,135.0,134.8,134.5,726,97644.5,14.0,621.0,85.54
CGCL,EQ,27-May-2016,135.15,132.2,135.5,132.2,135.0,135.0,134.23,2519,338112.8,61.0,1880.0,74.63
CGCL,EQ,26-May-2016,133.3,138.0,138.0,131.0,135.15,135.15,134.45,1267,170342.9,42.0,954.0,75.3
CGCL,EQ,25-May-2016,134.1,132.1,135.9,132.1,133.3,133.3,134.64,668,89939.6,19.0,662.0,99.1
CGCL,EQ,24-May-2016,136.05,136.05,137.45,133.05,136.0,134.1,135.01,1585,213995.4,43.0,1009.0,63.66
CGCL,EQ,23-May-2016,134.5,134.5,136.5,134.1,135.0,136.05,135.28,2185,295582.0,24.0,2165.0,99.08
CGCL,EQ,20-May-2016,135.4,135.0,137.0,133.05,134.5,134.5,134.85,619,83471.15,17.0,504.0,81.42
CGCL,EQ,19-May-2016,138.25,139.7,139.7,130.6,135.9,135.4,133.43,5777,770816.0,197.0,3805.0,65.86
CGCL,EQ,18-May-2016,135.5,134.1,138.9,134.1,138.25,138.25,134.97,139,18760.3,7.0,124.0,89.21
CGCL,EQ,17-May-2016,138.15,136.1,137.9,135.5,135.5,135.5,135.95,1105,150222.5,22.0,1010.0,91.4
CGCL,EQ,16-May-2016,139.8,140.5,141.95,138.05,138.5,138.15,139.63,756,105558.1,38.0,402.0,53.17
CGCL,EQ,13-May-2016,131.6,136.95,144.3,130.9,139.05,139.8,139.22,24095,3354556.1,537.0,9625.0,39.95
CGCL,EQ,12-May-2016,133.95,134.85,134.85,131.2,131.2,131.6,131.64,203,26722.35,12.0,170.0,83.74
CGCL,EQ,11-May-2016,132.7,133.9,134.0,131.0,133.95,133.95,133.41,247,32952.45,7.0,196.0,79.35
CGCL,EQ,10-May-2016,133.8,132.1,132.9,131.1,132.8,132.7,132.1,3503,462729.95,40.0,1785.0,50.96
CGCL,EQ,09-May-2016,133.85,135.5,135.5,132.05,134.85,133.8,133.95,123,16475.4,10.0,77.0,62.6
CGCL,EQ,06-May-2016,133.35,130.15,134.35,130.15,133.85,133.85,132.17,158,20883.55,38.0,67.0,42.41
CGCL,EQ,05-May-2016,131.3,130.0,134.8,130.0,133.35,133.35,130.96,1611,210978.3,24.0,1042.0,64.68
CGCL,EQ,04-May-2016,135.1,132.05,134.95,131.0,131.0,131.3,131.78,305,40191.55,15.0,300.0,98.36
CGCL,EQ,03-May-2016,136.5,132.0,138.75,132.0,135.95,135.1,136.06,1679,228450.25,58.0,1097.0,65.34
CGCL,EQ,02-May-2016,135.7,134.0,136.65,132.3,136.65,136.5,135.07,378,51056.4,30.0,212.0,56.08
CGCL,EQ,29-Apr-2016,139.4,142.9,143.4,134.5,135.95,135.7,137.51,1725,237199.55,54.0,1604.0,92.99
CGCL,EQ,28-Apr-2016,129.1,128.3,146.0,128.3,139.0,139.4,140.11,11935,1672267.25,224.0,4901.0,41.06
CGCL,EQ,27-Apr-2016,130.05,130.0,130.0,129.0,129.1,129.1,129.76,2039,264587.15,21.0,2039.0,100.0
CGCL,EQ,26-Apr-2016,130.35,128.0,130.4,126.15,130.05,130.05,128.75,3519,453081.05,76.0,2473.0,70.28
CGCL,EQ,25-Apr-2016,135.25,132.0,132.0,128.0,130.35,130.35,130.16,4423,575694.25,92.0,3380.0,76.42
CGCL,EQ,22-Apr-2016,140.3,141.9,141.9,134.0,135.75,135.25,136.98,1695,232184.5,96.0,1237.0,72.98
CGCL,EQ,21-Apr-2016,140.0,142.0,142.0,138.1,140.0,140.3,140.83,2254,317430.1,51.0,1945.0,86.29
CGCL,EQ,20-Apr-2016,138.45,142.0,142.2,138.5,140.0,140.0,139.6,2471,344940.5,47.0,1981.0,80.17
CGCL,EQ,18-Apr-2016,136.35,138.45,139.7,137.0,139.7,138.45,138.27,1378,190532.3,41.0,832.0,60.38
CGCL,EQ,13-Apr-2016,133.45,133.8,138.35,133.5,137.85,136.35,135.89,7089,963291.55,74.0,4816.0,67.94
CGCL,EQ,12-Apr-2016,130.05,134.3,134.3,130.4,133.75,133.45,132.61,345,45751.0,13.0,325.0,94.2
CGCL,EQ,11-Apr-2016,133.0,135.9,135.9,127.0,130.05,130.05,130.63,680,88828.2,53.0,493.0,72.5
CGCL,EQ,08-Apr-2016,130.05,130.05,134.6,128.5,133.0,133.0,131.44,86,11303.45,24.0,2.0,2.33
CGCL,EQ,07-Apr-2016,132.0,128.0,132.8,127.0,129.5,130.05,130.1,562,73114.6,17.0,130.0,23.13
CGCL,EQ,06-Apr-2016,129.05,129.1,134.5,129.05,132.0,132.0,131.62,3600,473846.55,59.0,2771.0,76.97
CGCL,EQ,05-Apr-2016,133.85,135.7,136.0,127.0,128.5,129.05,132.96,1389,184687.55,66.0,1010.0,72.71
CGCL,EQ,04-Apr-2016,130.7,135.0,135.0,133.1,134.95,133.85,134.48,690,92789.0,32.0,342.0,49.57
CGCL,EQ,01-Apr-2016,130.85,128.05,132.45,124.0,130.5,130.7,126.79,6647,842768.0,202.0,3500.0,52.66
CGCL,EQ,31-Mar-2016,132.9,130.4,131.25,130.4,130.75,130.85,130.81,150,19621.25,6.0,120.0,80.0
CGCL,EQ,30-Mar-2016,130.85,130.0,136.95,130.0,132.1,132.9,133.57,704,94034.4,30.0,357.0,50.71
CGCL,EQ,29-Mar-2016,133.0,132.1,132.1,129.0,130.2,130.85,130.21,2990,389318.8,50.0,2424.0,81.07
CGCL,EQ,28-Mar-2016,132.85,131.1,139.9,131.1,133.0,133.0,134.38,3710,498558.95,66.0,3154.0,85.01
CGCL,EQ,23-Mar-2016,133.8,133.6,137.95,132.25,132.25,132.85,133.48,1006,134279.65,60.0,668.0,66.4
CGCL,EQ,22-Mar-2016,133.85,135.0,138.0,133.6,133.6,133.8,135.94,1089,148037.8,26.0,968.0,88.89
CGCL,EQ,21-Mar-2016,136.75,137.8,137.8,131.1,132.1,133.85,134.52,1185,159401.05,93.0,424.0,35.78
CGCL,EQ,18-Mar-2016,135.9,137.4,137.5,133.0,137.0,136.75,136.9,355,48599.5,9.0,325.0,91.55
CGCL,EQ,17-Mar-2016,131.85,132.4,137.0,132.3,135.9,135.9,133.92,355,47543.0,10.0,200.0,56.34
CGCL,EQ,16-Mar-2016,133.55,135.0,139.7,130.2,131.1,131.85,133.75,1092,146056.65,31.0,911.0,83.42
CGCL,EQ,15-Mar-2016,137.55,135.05,139.9,132.5,133.5,133.55,135.14,559,75545.3,34.0,444.0,79.43
CGCL,EQ,14-Mar-2016,141.0,136.7,137.55,136.7,137.55,137.55,137.36,90,12362.5,3.0,70.0,77.78
CGCL,EQ,11-Mar-2016,137.6,139.8,141.95,136.3,141.0,141.0,140.24,1285,180213.25,9.0,1255.0,97.67
CGCL,EQ,10-Mar-2016,142.2,141.95,141.95,136.75,137.5,137.6,138.28,881,121823.05,28.0,507.0,57.55
CGCL,EQ,09-Mar-2016,139.9,145.0,145.0,137.3,142.8,142.2,139.17,121,16839.6,11.0,84.0,69.42
CGCL,EQ,08-Mar-2016,143.1,144.1,148.5,137.1,140.95,139.9,140.73,1256,176760.2,49.0,676.0,53.82
CGCL,EQ,04-Mar-2016,140.65,140.0,145.0,137.25,144.0,143.1,141.6,3246,459642.6,70.0,2614.0,80.53
CGCL,EQ,03-Mar-2016,140.0,135.0,141.85,125.6,141.45,140.65,137.6,2547,350471.0,54.0,1516.0,59.52
CGCL,EQ,02-Mar-2016,136.25,134.1,140.45,134.1,140.0,140.0,137.9,1481,204235.35,35.0,1200.0,81.03
CGCL,EQ,01-Mar-2016,127.9,137.0,137.0,120.1,137.0,136.25,135.3,999,135169.6,49.0,856.0,85.69
CGCL,EQ,29-Feb-2016,122.35,123.2,134.8,123.2,127.9,127.9,127.55,140,17856.95,17.0,113.0,80.71
CGCL,EQ,26-Feb-2016,123.0,122.05,123.4,121.0,121.0,122.35,122.41,705,86296.75,27.0,453.0,64.26
CGCL,EQ,25-Feb-2016,122.25,124.0,127.0,123.0,123.0,123.0,123.51,1040,128445.2,31.0,1029.0,98.94
CGCL,EQ,24-Feb-2016,124.45,128.9,129.0,116.0,122.2,122.25,122.13,1573,192115.3,111.0,810.0,51.49
CGCL,EQ,23-Feb-2016,129.2,131.75,131.75,124.0,124.6,124.45,125.3,604,75680.0,41.0,556.0,92.05
CGCL,EQ,22-Feb-2016,129.0,126.2,132.7,126.2,128.0,129.2,129.79,472,61260.5,19.0,439.0,93.01
CGCL,EQ,19-Feb-2016,130.0,129.0,129.0,129.0,129.0,129.0,129.0,50,6450.0,1.0,50.0,100.0
CGCL,EQ,18-Feb-2016,126.0,130.0,132.0,128.0,130.0,130.0,129.57,1462,189427.5,43.0,1219.0,83.38
CGCL,EQ,17-Feb-2016,126.15,127.8,128.65,122.0,127.0,126.0,125.02,546,68262.4,59.0,317.0,58.06
CGCL,EQ,16-Feb-2016,137.95,141.7,141.7,125.0,127.9,126.15,128.61,21014,2702691.55,203.0,19246.0,91.59
CGCL,EQ,15-Feb-2016,136.4,130.2,144.9,130.2,137.35,137.95,137.86,4171,575020.95,96.0,3232.0,77.49
CGCL,EQ,12-Feb-2016,148.2,140.0,142.0,124.5,135.85,136.4,134.42,12908,1735120.55,217.0,10902.0,84.46
CGCL,EQ,11-Feb-2016,157.1,164.5,164.5,136.75,147.1,148.2,145.9,20974,3060088.5,344.0,17762.0,84.69
CGCL,EQ,10-Feb-2016,167.0,165.0,165.0,156.0,158.6,157.1,157.6,6718,1058744.45,138.0,5501.0,81.88
CGCL,EQ,09-Feb-2016,169.45,172.4,172.4,166.85,166.85,167.0,167.5,1120,187601.5,39.0,678.0,60.54
CGCL,EQ,08-Feb-2016,168.85,172.9,172.9,167.5,167.5,169.45,170.91,403,68876.85,26.0,217.0,53.85
CGCL,EQ,05-Feb-2016,174.65,170.2,170.2,168.05,169.5,168.85,169.27,485,82097.05,21.0,346.0,71.34
CGCL,EQ,04-Feb-2016,171.0,170.0,175.0,167.1,175.0,174.65,173.51,2728,473329.25,61.0,2357.0,86.4
CGCL,EQ,03-Feb-2016,176.95,173.0,176.0,168.5,171.0,171.0,170.77,3983,680174.5,35.0,3941.0,98.95
CGCL,EQ,02-Feb-2016,175.15,179.8,179.8,173.85,177.0,176.95,177.9,1091,194090.05,18.0,1079.0,98.9
CGCL,EQ,01-Feb-2016,175.65,173.35,179.0,173.25,175.0,175.15,175.89,908,159705.25,48.0,600.0,66.08
CGCL,EQ,29-Jan-2016,173.2,172.25,177.0,172.25,176.9,175.65,174.52,746,130190.9,18.0,452.0,60.59
CGCL,EQ,28-Jan-2016,175.25,179.75,179.75,169.9,172.65,173.2,172.13,3857,663894.05,84.0,2378.0,61.65
CGCL,EQ,27-Jan-2016,173.6,173.0,176.9,171.15,175.25,175.25,173.85,994,172809.1,44.0,728.0,73.24
CGCL,EQ,25-Jan-2016,169.95,168.0,174.0,166.15,173.9,173.6,170.3,2784,474120.2,174.0,1719.0,61.75
CGCL,EQ,22-Jan-2016,170.2,173.9,174.4,167.95,169.95,169.95,171.82,4777,820777.85,96.0,4071.0,85.22
CGCL,EQ,21-Jan-2016,166.2,170.0,174.75,156.2,174.7,170.2,165.53,7596,1257333.15,184.0,3043.0,40.06
CGCL,EQ,20-Jan-2016,182.3,186.0,186.0,160.2,166.7,166.2,170.65,2439,416215.65,122.0,1351.0,55.39
CGCL,EQ,19-Jan-2016,182.05,185.4,185.4,177.05,180.1,182.3,180.65,822,148492.65,30.0,726.0,88.32
CGCL,EQ,18-Jan-2016,188.1,184.0,188.0,178.05,182.0,182.05,181.08,1529,276870.95,78.0,1301.0,85.09
CGCL,EQ,15-Jan-2016,191.15,192.1,196.5,185.2,189.7,188.1,189.25,7872,1489737.8,85.0,7058.0,89.66
CGCL,EQ,14-Jan-2016,198.6,195.0,197.0,185.5,190.9,191.15,191.89,3351,643014.45,182.0,2110.0,62.97
CGCL,EQ,13-Jan-2016,210.1,218.9,218.9,190.25,198.3,198.6,199.49,12165,2426742.7,187.0,8957.0,73.63
CGCL,EQ,12-Jan-2016,209.35,213.6,215.0,208.95,209.0,210.1,212.35,9321,1979271.05,189.0,7128.0,76.47
CGCL,EQ,11-Jan-2016,197.0,195.0,212.0,192.0,209.7,209.35,205.04,16319,3346003.1,291.0,11976.0,73.39
CGCL,EQ,08-Jan-2016,194.9,195.05,199.65,195.05,197.0,197.0,196.68,454,89294.15,32.0,383.0,84.36
CGCL,EQ,07-Jan-2016,199.9,195.0,199.9,192.2,194.0,194.9,194.5,13567,2638773.6,165.0,12283.0,90.54
CGCL,EQ,06-Jan-2016,203.05,204.9,206.7,196.1,202.75,199.9,203.75,7891,1607823.1,186.0,5966.0,75.61
CGCL,EQ,05-Jan-2016,179.5,178.0,206.85,178.0,202.0,203.05,195.21,15880,3099855.75,435.0,9374.0,59.03
CGCL,EQ,04-Jan-2016,182.3,176.1,181.65,175.0,180.0,179.5,178.48,6958,1241860.5,148.0,5890.0,84.65
CGCL,EQ,01-Jan-2016,179.65,179.4,185.1,179.4,183.25,182.3,181.26,314,56916.6,15.0,154.0,49.04
CGCL,EQ,31-Dec-2015,184.3,180.5,187.0,178.1,180.0,179.65,181.07,2013,364489.75,69.0,1619.0,80.43
CGCL,EQ,29-Dec-2017,118.8,118.8,120.5,118.3,120.0,119.15,119.36,31867,3803741.9,517.0,21031.0,66.0
CGCL,EQ,28-Dec-2017,119.65,120.5,120.5,117.85,119.15,118.8,118.89,27616,3283319.7,324.0,18813.0,68.12
CGCL,EQ,27-Dec-2017,121.9,122.0,123.45,119.0,119.55,119.65,121.2,56914,6898241.05,582.0,25247.0,44.36
CGCL,EQ,26-Dec-2017,119.75,120.0,123.9,120.0,121.5,121.9,121.93,77389,9435690.65,731.0,46885.0,60.58
CGCL,EQ,22-Dec-2017,119.45,119.95,121.9,119.15,119.3,119.75,120.41,64599,7778409.0,546.0,48256.0,74.7
CGCL,EQ,21-Dec-2017,116.4,116.45,122.8,116.45,119.25,119.45,119.88,116960,14021366.65,976.0,74638.0,63.81
CGCL,EQ,20-Dec-2017,115.55,115.55,117.9,115.1,116.25,116.4,116.79,34303,4006177.1,431.0,23028.0,67.13
CGCL,EQ,19-Dec-2017,116.45,116.45,116.65,114.9,115.5,115.55,115.68,29330,3392978.25,331.0,21968.0,74.9
CGCL,EQ,18-Dec-2017,116.6,117.0,117.95,113.65,116.75,116.45,116.41,31809,3702782.85,365.0,21112.0,66.37
CGCL,EQ,15-Dec-2017,114.9,117.0,118.75,116.0,117.4,116.6,116.83,26289,3071428.55,412.0,20030.0,76.19
CGCL,EQ,14-Dec-2017,115.3,115.55,117.0,114.5,114.8,114.9,115.33,26550,3062003.7,364.0,20546.0,77.39
CGCL,EQ,13-Dec-2017,116.5,116.95,117.85,114.6,115.1,115.3,116.01,39406,4571485.7,543.0,27042.0,68.62
CGCL,EQ,12-Dec-2017,119.6,119.15,121.0,116.1,116.1,116.5,117.63,73037,8591187.7,820.0,54470.0,74.58
CGCL,EQ,11-Dec-2017,119.95,121.0,121.25,119.1,119.45,119.6,120.25,30822,3706348.0,480.0,19043.0,61.78
CGCL,EQ,08-Dec-2017,118.55,119.4,121.4,119.05,120.5,119.95,120.29,60319,7256044.0,748.0,32530.0,53.93
CGCL,EQ,07-Dec-2017,117.5,118.1,119.5,117.0,118.9,118.55,118.43,43466,5147735.15,485.0,27661.0,63.64
CGCL,EQ,06-Dec-2017,119.3,119.2,119.8,117.0,118.0,117.5,118.1,93106,10995942.0,713.0,60330.0,64.8
CGCL,EQ,05-Dec-2017,120.9,120.95,122.65,117.6,119.25,119.3,120.04,73152,8781298.0,887.0,38213.0,52.24
CGCL,EQ,04-Dec-2017,122.55,123.95,126.5,120.1,121.1,120.9,122.87,78551,9651360.1,733.0,57202.0,72.82
CGCL,EQ,01-Dec-2017,124.85,126.85,129.4,121.5,122.0,122.55,125.95,109906,13842781.35,1172.0,68000.0,61.87
CGCL,EQ,30-Nov-2017,118.95,120.8,128.8,120.1,126.0,124.85,125.46,315958,39641012.1,3458.0,148269.0,46.93
CGCL,EQ,29-Nov-2017,119.7,119.7,122.3,118.25,118.8,118.95,120.13,86062,10338307.2,753.0,58268.0,67.7
CGCL,EQ,28-Nov-2017,122.0,122.8,122.95,119.2,119.75,119.7,120.93,63965,7735563.6,678.0,40641.0,63.54
CGCL,EQ,27-Nov-2017,123.8,123.4,124.0,120.8,121.0,122.0,122.67,72785,8928242.15,887.0,44159.0,60.67
CGCL,EQ,24-Nov-2017,123.4,124.2,128.4,123.0,123.0,123.8,126.02,111516,14052926.55,1112.0,46728.0,41.9
CGCL,EQ,23-Nov-2017,126.1,126.1,127.45,122.4,122.65,123.4,124.46,63835,7944693.0,940.0,38726.0,60.67
CGCL,EQ,22-Nov-2017,127.05,127.1,128.0,125.5,125.5,126.1,126.37,93190,11776801.25,581.0,75082.0,80.57
CGCL,EQ,21-Nov-2017,126.7,127.95,128.3,125.75,127.5,127.05,126.81,65908,8358009.75,810.0,41720.0,63.3
CGCL,EQ,20-Nov-2017,125.95,127.9,130.1,126.0,127.25,126.7,128.0,81830,10473858.2,1052.0,43204.0,52.8
CGCL,EQ,17-Nov-2017,127.65,129.65,131.8,125.5,126.3,125.95,127.88,99275,12695226.5,1106.0,53514.0,53.9
CGCL,EQ,16-Nov-2017,124.65,126.9,132.85,126.0,127.9,127.65,129.74,305522,39638676.2,3644.0,133055.0,43.55
CGCL,EQ,15-Nov-2017,121.05,121.95,126.65,119.45,125.0,124.65,123.93,178891,22170495.6,1435.0,127950.0,71.52
CGCL,EQ,14-Nov-2017,121.35,122.4,122.95,115.55,121.95,121.05,119.76,121547,14556201.2,1063.0,65826.0,54.16
CGCL,EQ,13-Nov-2017,122.6,122.95,123.4,120.5,120.6,121.35,121.89,38310,4669550.7,624.0,23652.0,61.74
CGCL,EQ,10-Nov-2017,125.2,125.45,127.5,122.0,122.3,122.6,124.08,100974,12528359.55,874.0,63733.0,63.12
CGCL,EQ,09-Nov-2017,122.05,123.05,127.9,121.95,125.85,125.2,124.77,91059,11361229.1,1273.0,44740.0,49.13
CGCL,EQ,08-Nov-2017,127.3,127.3,129.1,121.1,122.0,122.05,124.65,130140,16221889.55,1425.0,64563.0,49.61
CGCL,EQ,07-Nov-2017,135.3,141.0,141.0,124.0,126.85,127.3,131.91,464308,61245692.7,4249.0,238239.0,51.31
CGCL,EQ,06-Nov-2017,134.05,135.3,140.9,132.0,135.1,135.3,135.83,421822,57294213.65,3535.0,245795.0,58.27
CGCL,EQ,03-Nov-2017,125.65,126.15,135.95,125.7,134.85,134.05,131.85,653502,86162733.2,5670.0,380635.0,58.25
CGCL,EQ,02-Nov-2017,121.85,121.7,126.5,121.35,125.0,125.65,124.46,373135,46441287.1,3598.0,174142.0,46.67
CGCL,EQ,01-Nov-2017,111.85,112.15,124.25,112.15,122.3,121.85,119.47,523176,62502007.75,4463.0,273189.0,52.22
CGCL,EQ,31-Oct-2017,112.45,113.05,113.75,109.65,112.15,111.85,111.55,75464,8417950.0,791.0,42362.0,56.14
CGCL,EQ,30-Oct-2017,113.3,113.1,114.4,111.05,113.0,112.45,112.55,106285,11962090.4,1049.0,69784.0,65.66
CGCL,EQ,27-Oct-2017,114.95,114.7,115.5,113.0,113.05,113.3,113.73,57768,6569707.8,685.0,37856.0,65.53
CGCL,EQ,26-Oct-2017,113.7,112.2,116.7,112.2,114.75,114.95,114.94,68728,7899770.3,856.0,39267.0,57.13
CGCL,EQ,25-Oct-2017,117.85,119.75,119.75,112.65,114.0,113.7,114.41,112386,12858604.4,1282.0,67382.0,59.96
CGCL,EQ,24-Oct-2017,119.15,119.95,120.0,117.15,117.5,117.85,118.48,124387,14737286.15,1194.0,91067.0,73.21
CGCL,EQ,23-Oct-2017,118.95,119.85,122.3,116.0,119.8,119.15,118.97,128733,15315185.25,1172.0,89464.0,69.5
CGCL,EQ,19-Oct-2017,115.95,117.5,119.5,115.05,119.0,118.95,118.83,225030,26739317.95,1085.0,203150.0,90.28
CGCL,EQ,18-Oct-2017,117.4,117.4,119.0,114.2,116.2,115.95,116.73,156048,18215976.6,1453.0,85615.0,54.86
CGCL,EQ,17-Oct-2017,119.45,119.9,122.0,117.0,117.35,117.4,119.05,164140,19541626.75,1874.0,99093.0,60.37
CGCL,EQ,16-Oct-2017,120.1,121.85,124.4,118.2,119.05,119.45,121.21,129444,15689934.75,1347.0,74369.0,57.45
CGCL,EQ,13-Oct-2017,124.15,124.9,126.6,118.6,120.75,120.1,122.89,88759,10907701.1,1209.0,55272.0,62.27
CGCL,EQ,12-Oct-2017,122.4,124.65,127.0,122.0,124.05,124.15,125.33,184733,23152469.9,1675.0,83972.0,45.46
CGCL,EQ,11-Oct-2017,126.0,126.8,130.4,116.05,122.45,122.4,125.22,303211,37967659.65,4199.0,127461.0,42.04
CGCL,EQ,10-Oct-2017,125.05,126.0,130.85,123.05,125.9,126.0,127.3,229995,29278758.75,2523.0,105460.0,45.85
CGCL,EQ,09-Oct-2017,117.65,118.45,132.0,114.4,125.5,125.05,125.93,647756,81574920.2,8070.0,197225.0,30.45
CGCL,EQ,06-Oct-2017,112.2,115.7,120.75,115.7,117.0,117.65,118.55,409839,48587164.3,4400.0,180984.0,44.16
CGCL,EQ,05-Oct-2017,113.1,113.85,116.0,111.3,112.25,112.2,113.57,156137,17732602.95,2027.0,77135.0,49.4
CGCL,EQ,04-Oct-2017,107.1,105.1,115.8,103.1,113.0,113.1,111.66,330210,36871565.85,3442.0,134437.0,40.71
CGCL,EQ,03-Oct-2017,113.35,115.7,116.0,105.0,107.5,107.1,108.84,277468,30199532.25,2072.0,148933.0,53.68
CGCL,EQ,29-Sep-2017,113.0,114.8,117.9,112.45,112.6,113.35,115.18,179767,20705519.45,1685.0,83601.0,46.51
CGCL,EQ,28-Sep-2017,111.2,112.45,116.0,108.55,112.65,113.0,112.85,231874,26167789.55,2579.0,82358.0,35.52
CGCL,EQ,27-Sep-2017,115.9,117.0,123.6,109.6,112.0,111.2,116.84,495190,57858068.9,4759.0,179852.0,36.32
CGCL,EQ,26-Sep-2017,107.45,105.05,117.8,104.1,115.5,115.9,111.23,464264,51642386.7,4909.0,119043.0,25.64
CGCL,EQ,25-Sep-2017,115.1,115.1,115.1,103.6,108.0,107.45,106.14,564330,59898805.1,4056.0,220110.0,39.0
CGCL,EQ,22-Sep-2017,125.55,124.7,124.7,113.5,114.5,115.1,118.52,529155,62717677.15,4861.0,210965.0,39.87
CGCL,EQ,21-Sep-2017,132.15,140.0,142.0,124.1,126.6,125.55,131.58,966054,127115083.9,10113.0,384222.0,39.77
CGCL,EQ,20-Sep-2017,120.15,128.7,132.15,117.15,132.15,132.15,128.69,1989387,256016620.8,10926.0,524856.0,26.38
CGCL,EQ,19-Sep-2017,100.15,102.4,120.15,102.05,120.15,120.15,112.74,1369386,154382881.8,11470.0,474695.0,34.66
CGCL,EQ,18-Sep-2017,93.1,95.1,105.0,95.0,101.7,100.15,100.86,623394,62874375.5,5609.0,279897.0,44.9
CGCL,EQ,15-Sep-2017,84.35,84.95,98.8,83.5,93.0,93.1,93.67,415906,38958778.3,4302.0,160075.0,38.49
CGCL,EQ,14-Sep-2017,84.7,84.65,85.75,83.1,84.2,84.35,84.63,56839,4810205.35,713.0,32639.0,57.42
CGCL,EQ,13-Sep-2017,85.6,86.0,86.6,83.35,84.2,84.7,84.91,61468,5219273.2,803.0,37658.0,61.26
CGCL,EQ,12-Sep-2017,86.8,87.9,87.9,85.1,85.35,85.6,86.41,77195,6670522.05,773.0,47028.0,60.92
CGCL,EQ,11-Sep-2017,87.2,88.05,90.0,86.3,86.5,86.8,88.09,86058,7580534.15,894.0,51262.0,59.57
CGCL,EQ,08-Sep-2017,87.55,88.75,91.0,85.0,87.5,87.2,87.96,263697,23194050.35,2174.0,132709.0,50.33
CGCL,EQ,07-Sep-2017,86.4,87.9,92.9,86.05,87.5,87.55,90.2,494316,44589533.2,4131.0,220135.0,44.53
CGCL,EQ,06-Sep-2017,76.8,76.8,92.15,76.45,86.35,86.4,87.34,1149074,100357831.25,7002.0,441393.0,38.41
CGCL,EQ,05-Sep-2017,72.5,72.3,79.0,72.3,76.85,76.8,77.04,198189,15269152.7,1601.0,111813.0,56.42
CGCL,EQ,04-Sep-2017,73.45,72.8,74.0,69.8,72.75,72.5,72.02,80765,5817001.0,707.0,55575.0,68.81
CGCL,EQ,01-Sep-2017,72.95,72.75,76.0,72.75,73.2,73.45,74.72,65758,4913548.1,603.0,45294.0,68.88
CGCL,EQ,31-Aug-2017,70.4,70.1,73.3,69.95,73.0,72.95,71.67,38641,2769475.55,410.0,24439.0,63.25
CGCL,EQ,30-Aug-2017,70.4,71.2,72.05,69.65,70.8,70.4,71.07,38894,2764173.75,339.0,26241.0,67.47
CGCL,EQ,29-Aug-2017,73.25,73.05,73.05,69.0,70.1,70.4,70.87,53471,3789288.05,739.0,33406.0,62.47
CGCL,EQ,28-Aug-2017,72.65,74.8,75.8,72.45,73.45,73.25,73.84,202087,14922390.55,1580.0,126514.0,62.6
CGCL,EQ,24-Aug-2017,68.3,69.2,75.9,67.35,71.6,72.65,72.46,245780,17808599.65,1549.0,146537.0,59.62
CGCL,EQ,23-Aug-2017,65.75,66.45,68.9,66.15,68.6,68.3,67.85,52044,3531278.05,328.0,42470.0,81.6
CGCL,EQ,22-Aug-2017,65.25,66.4,66.7,63.8,66.0,65.75,65.46,44712,2926736.7,346.0,27329.0,61.12
CGCL,EQ,21-Aug-2017,65.1,65.5,68.95,64.0,66.2,65.25,66.59,74031,4929946.95,664.0,42391.0,57.26
CGCL,EQ,18-Aug-2017,63.7,63.15,65.9,61.1,65.9,65.1,63.88,31444,2008773.2,243.0,25124.0,79.9
CGCL,EQ,17-Aug-2017,63.3,63.45,63.95,63.05,63.55,63.7,63.64,9434,600377.6,118.0,7474.0,79.22
CGCL,EQ,16-Aug-2017,61.8,62.45,63.5,61.3,63.3,63.3,62.68,24390,1528701.35,201.0,17301.0,70.93
CGCL,EQ,14-Aug-2017,58.8,59.9,63.0,59.0,61.5,61.8,61.49,54416,3345920.85,332.0,40186.0,73.85
CGCL,EQ,11-Aug-2017,61.5,59.05,60.45,56.1,58.8,58.8,58.84,117564,6917999.3,687.0,84497.0,71.87
CGCL,EQ,10-Aug-2017,63.3,64.0,64.75,60.3,61.2,61.5,62.91,75433,4745383.5,397.0,45387.0,60.17
CGCL,EQ,09-Aug-2017,65.45,65.4,66.5,62.2,63.5,63.3,64.76,60865,3941478.6,467.0,44990.0,73.92
CGCL,EQ,08-Aug-2017,65.1,65.1,67.5,64.9,65.55,65.45,66.22,74373,4925332.3,404.0,41626.0,55.97
CGCL,EQ,07-Aug-2017,63.65,65.2,66.9,64.0,65.75,65.1,65.29,37973,2479138.45,296.0,26767.0,70.49
CGCL,EQ,04-Aug-2017,64.4,65.9,67.0,61.8,65.0,63.65,65.34,339246,22166299.85,1270.0,253157.0,74.62
CGCL,EQ,03-Aug-2017,68.9,69.7,70.95,63.2,64.55,64.4,66.85,107587,7192530.55,785.0,82638.0,76.81
CGCL,EQ,02-Aug-2017,73.3,73.9,73.9,68.1,69.25,68.9,70.43,72111,5078702.0,554.0,57670.0,79.97
CGCL,EQ,01-Aug-2017,72.65,72.9,74.0,72.2,73.5,73.3,73.24,27862,2040482.4,212.0,19733.0,70.82
CGCL,EQ,31-Jul-2017,72.05,72.85,73.75,72.0,72.6,72.65,72.79,36290,2641495.8,291.0,25047.0,69.02
CGCL,EQ,28-Jul-2017,72.3,71.1,73.7,71.1,71.65,72.05,72.38,34025,2462666.95,268.0,23517.0,69.12
CGCL,EQ,27-Jul-2017,74.05,74.75,74.75,71.8,72.5,72.3,73.25,31557,2311490.0,244.0,26503.0,83.98
CGCL,EQ,26-Jul-2017,74.45,74.95,76.2,73.85,73.85,74.05,74.68,39024,2914221.3,369.0,26437.0,67.75
CGCL,EQ,25-Jul-2017,75.25,75.55,76.5,73.1,74.3,74.45,74.67,48098,3591493.45,492.0,30260.0,62.91
CGCL,EQ,24-Jul-2017,70.6,70.05,80.05,70.0,75.05,75.25,77.04,344027,26503795.3,3666.0,112514.0,32.7
CGCL,EQ,21-Jul-2017,71.15,70.65,71.75,70.0,70.7,70.6,70.66,37265,2633294.25,340.0,27009.0,72.48
CGCL,EQ,20-Jul-2017,72.75,72.55,73.45,70.6,70.7,71.15,71.98,68323,4918002.8,544.0,43505.0,63.68
CGCL,EQ,19-Jul-2017,73.0,73.65,74.75,72.4,72.5,72.75,73.29,90950,6666155.6,501.0,57990.0,63.76
CGCL,EQ,18-Jul-2017,76.75,77.0,77.45,71.95,72.85,73.0,74.16,208467,15459439.8,1264.0,133785.0,64.18
CGCL,EQ,17-Jul-2017,75.25,77.7,78.8,69.3,76.8,76.75,74.19,404950,30041403.7,3489.0,171371.0,42.32
CGCL,EQ,14-Jul-2017,72.0,74.8,79.45,73.05,75.5,75.25,75.82,584683,44328315.75,4679.0,268095.0,45.85
CGCL,EQ,13-Jul-2017,60.1,60.1,72.1,60.1,71.85,72.0,68.98,556961,38421700.65,3524.0,272691.0,48.96
CGCL,EQ,12-Jul-2017,59.25,59.0,60.5,59.0,60.0,60.1,59.72,32291,1928574.25,79.0,30935.0,95.8
CGCL,EQ,11-Jul-2017,59.8,60.45,61.8,58.0,59.5,59.25,59.55,46445,2765676.1,234.0,33933.0,73.06
CGCL,EQ,10-Jul-2017,59.6,60.0,60.35,59.25,59.5,59.8,59.97,6100,365819.0,21.0,6045.0,99.1
CGCL,EQ,07-Jul-2017,59.75,59.65,60.9,59.05,59.75,59.6,59.89,11335,678814.8,106.0,7070.0,62.37
CGCL,EQ,06-Jul-2017,59.3,59.75,60.5,59.05,59.6,59.75,59.79,25732,1538598.85,197.0,19200.0,74.62
CGCL,EQ,05-Jul-2017,59.2,58.65,59.75,55.4,59.75,59.3,58.24,18484,1076451.1,209.0,8666.0,46.88
CGCL,EQ,04-Jul-2017,57.7,57.55,62.0,57.55,59.15,59.2,59.39,61738,3666537.9,389.0,37762.0,61.16
CGCL,EQ,03-Jul-2017,57.85,58.5,58.85,57.35,57.35,57.7,58.14,11670,678478.35,79.0,9819.0,84.14
CGCL,EQ,30-Jun-2017,57.7,57.5,59.4,57.1,57.6,57.85,58.22,17608,1025058.65,131.0,10295.0,58.47
CGCL,EQ,29-Jun-2017,58.0,57.6,58.55,56.1,58.0,57.7,57.39,17086,980571.65,220.0,11513.0,67.38
CGCL,EQ,28-Jun-2017,57.15,57.05,59.0,56.1,58.85,58.0,57.95,30579,1772095.9,226.0,15530.0,50.79
CGCL,EQ,27-Jun-2017,58.6,58.6,59.25,56.1,57.8,57.15,57.62,32289,1860535.8,259.0,23147.0,71.69
CGCL,EQ,23-Jun-2017,60.0,60.0,60.0,57.6,58.5,58.6,58.58,35620,2086795.4,224.0,30744.0,86.31
CGCL,EQ,22-Jun-2017,59.6,59.6,61.0,59.5,59.8,60.0,60.43,40182,2428034.85,449.0,23748.0,59.1
CGCL,EQ,21-Jun-2017,58.9,58.25,61.85,58.05,59.1,59.6,60.18,79325,4773902.8,511.0,46632.0,58.79
CGCL,EQ,20-Jun-2017,58.7,59.45,60.0,58.15,58.7,58.9,58.93,29649,1747237.95,147.0,22765.0,76.78
CGCL,EQ,19-Jun-2017,59.45,60.5,60.5,57.2,58.6,58.7,58.84,38363,2257316.65,202.0,31244.0,81.44
CGCL,EQ,16-Jun-2017,59.85,60.5,61.85,59.15,59.55,59.45,60.3,30191,1820570.3,259.0,24652.0,81.65
CGCL,EQ,15-Jun-2017,57.6,58.0,61.45,57.4,60.0,59.85,59.98,107953,6475000.65,594.0,66008.0,61.15
CGCL,EQ,14-Jun-2017,57.25,58.0,58.9,57.0,57.55,57.6,57.91,52085,3016280.2,273.0,37556.0,72.11
CGCL,EQ,13-Jun-2017,55.55,55.65,58.9,55.6,57.2,57.25,57.79,39614,2289451.75,319.0,24558.0,61.99
CGCL,EQ,12-Jun-2017,56.2,55.5,56.85,55.0,55.4,55.55,55.66,28645,1594277.35,171.0,20437.0,71.35
CGCL,EQ,09-Jun-2017,56.3,56.1,57.5,55.8,56.0,56.2,56.62,31672,1793214.7,158.0,22475.0,70.96
CGCL,EQ,08-Jun-2017,57.3,57.25,58.5,56.15,56.2,56.3,57.28,25973,1487687.5,178.0,19611.0,75.51
CGCL,EQ,07-Jun-2017,54.5,55.1,57.9,55.1,57.8,57.3,56.73,28384,1610302.1,333.0,20083.0,70.75
CGCL,EQ,06-Jun-2017,57.55,57.0,57.0,53.6,55.45,54.5,55.56,87295,4850162.9,397.0,75039.0,85.96
CGCL,EQ,05-Jun-2017,58.35,59.0,59.05,57.05,57.8,57.55,58.44,13968,816321.55,231.0,9872.0,70.68
CGCL,EQ,02-Jun-2017,59.55,60.0,60.4,58.05,58.25,58.35,58.87,104797,6169367.15,580.0,43996.0,41.98
CGCL,EQ,01-Jun-2017,60.0,60.4,60.85,58.65,59.4,59.55,59.63,31748,1893195.1,207.0,23368.0,73.6
CGCL,EQ,31-May-2017,56.9,58.0,61.45,58.0,60.05,60.0,60.29,78039,4705334.6,477.0,35100.0,44.98
CGCL,EQ,30-May-2017,57.85,57.1,58.85,55.5,56.8,56.9,57.4,15373,882370.15,143.0,11378.0,74.01
CGCL,EQ,29-May-2017,60.0,60.0,60.0,57.35,57.85,57.85,58.36,22404,1307479.75,145.0,19835.0,88.53
CGCL,EQ,26-May-2017,58.05,58.05,60.8,57.7,59.7,60.0,58.96,23247,1370608.5,168.0,17078.0,73.46
CGCL,EQ,25-May-2017,57.25,57.25,59.25,57.0,58.2,58.05,58.08,18760,1089509.45,116.0,13636.0,72.69
CGCL,EQ,24-May-2017,59.45,60.0,60.0,56.1,56.1,57.25,57.47,34182,1964563.6,178.0,30200.0,88.35
CGCL,EQ,23-May-2017,59.3,59.3,60.0,54.5,59.5,59.45,57.73,35838,2069017.0,332.0,20586.0,57.44
CGCL,EQ,22-May-2017,58.35,59.9,60.3,58.25,59.05,59.3,59.53,26905,1601647.95,190.0,18731.0,69.62
CGCL,EQ,19-May-2017,62.2,62.75,64.0,57.4,58.7,58.35,60.2,102072,6144236.9,635.0,52923.0,51.85
CGCL,EQ,18-May-2017,63.7,63.7,63.7,61.35,62.35,62.2,62.21,30434,1893237.05,216.0,22879.0,75.18
CGCL,EQ,17-May-2017,66.05,66.7,66.7,62.85,63.9,63.7,63.93,38413,2455876.4,365.0,26374.0,68.66
CGCL,EQ,16-May-2017,66.35,66.5,67.75,65.6,66.45,66.05,66.77,32349,2160028.5,324.0,17464.0,53.99
CGCL,EQ,15-May-2017,65.05,66.0,66.6,65.5,66.6,66.35,65.94,33263,2193452.65,146.0,29359.0,88.26
CGCL,EQ,12-May-2017,66.3,66.0,66.45,63.05,64.95,65.05,64.72,74948,4850759.0,429.0,62476.0,83.36
CGCL,EQ,11-May-2017,62.65,62.65,67.0,62.65,66.45,66.3,65.95,78495,5176730.6,458.0,56993.0,72.61
CGCL,EQ,10-May-2017,63.4,63.4,64.2,62.1,62.9,62.65,63.28,28438,1799641.7,165.0,21861.0,76.87
CGCL,EQ,09-May-2017,63.0,63.25,63.85,62.1,63.6,63.4,63.12,13115,827760.7,100.0,9587.0,73.1
CGCL,EQ,08-May-2017,63.25,64.0,64.4,62.4,62.6,63.0,63.57,23220,1476178.1,145.0,17405.0,74.96
CGCL,EQ,05-May-2017,65.45,65.95,65.95,63.0,63.15,63.25,63.77,21224,1353362.7,152.0,17012.0,80.15
CGCL,EQ,04-May-2017,65.8,66.85,66.85,65.3,65.3,65.45,66.03,27039,1785346.45,182.0,17243.0,63.77
CGCL,EQ,03-May-2017,64.7,65.5,66.5,64.7,65.4,65.8,66.04,95276,6292217.4,248.0,67260.0,70.59
CGCL,EQ,02-May-2017,63.85,63.0,65.7,63.0,64.5,64.7,65.0,22630,1470960.6,177.0,14473.0,63.95
CGCL,EQ,28-Apr-2017,64.6,65.05,65.05,61.8,63.7,63.85,63.42,32977,2091328.65,300.0,22796.0,69.13
CGCL,EQ,27-Apr-2017,64.65,64.65,66.0,63.55,64.6,64.6,64.95,24423,1586164.35,229.0,14475.0,59.27
CGCL,EQ,26-Apr-2017,66.6,67.5,69.4,63.2,64.3,64.65,66.83,85124,5688906.2,720.0,54895.0,64.49
CGCL,EQ,25-Apr-2017,62.4,62.9,69.5,61.9,67.0,66.6,66.12,181057,11971758.45,1276.0,119677.0,66.1
CGCL,EQ,24-Apr-2017,61.9,61.9,62.9,61.3,62.5,62.4,62.11,18049,1121057.85,144.0,12625.0,69.95
CGCL,EQ,21-Apr-2017,62.9,63.5,63.5,61.5,61.65,61.9,62.13,23553,1463308.8,185.0,14904.0,63.28
CGCL,EQ,20-Apr-2017,61.75,62.2,63.2,61.5,63.0,62.9,62.34,27687,1726131.45,174.0,20742.0,74.92
CGCL,EQ,19-Apr-2017,62.8,63.0,63.0,61.05,61.75,61.75,61.8,15802,976550.75,182.0,8066.0,51.04
CGCL,EQ,18-Apr-2017,61.95,62.9,63.7,62.3,63.0,62.8,62.91,32713,2058035.85,190.0,23225.0,71.0
CGCL,EQ,17-Apr-2017,63.55,63.6,64.0,61.1,62.45,61.95,62.38,37696,2351355.4,301.0,26831.0,71.18
CGCL,EQ,13-Apr-2017,62.15,62.75,64.9,61.5,63.2,63.55,63.63,74996,4771802.9,327.0,52543.0,70.06
CGCL,EQ,12-Apr-2017,64.0,63.65,64.3,60.65,62.0,62.15,62.1,60244,3740869.8,430.0,34059.0,56.54
CGCL,EQ,11-Apr-2017,63.2,63.2,64.1,62.65,64.0,64.0,63.73,87067,5548619.0,370.0,63336.0,72.74
CGCL,EQ,10-Apr-2017,62.95,63.85,64.95,61.35,63.15,63.2,63.38,116907,7409852.6,724.0,69112.0,59.12
CGCL,EQ,07-Apr-2017,62.65,63.4,64.5,61.4,63.0,62.95,63.02,166326,10482502.9,775.0,129541.0,77.88
CGCL,EQ,06-Apr-2017,61.85,61.5,63.2,59.05,62.65,62.65,61.98,108672,6735335.6,529.0,80962.0,74.5
CGCL,EQ,05-Apr-2017,57.95,58.85,62.0,58.5,62.0,61.85,60.55,273216,16543973.8,1343.0,190853.0,69.85
CGCL,EQ,03-Apr-2017,55.65,56.0,58.5,53.15,58.0,57.95,56.49,300050,16950677.65,1341.0,197532.0,65.83
CGCL,EQ,31-Mar-2017,52.5,52.5,56.3,51.6,56.0,55.65,55.14,312028,17205396.2,841.0,274336.0,87.92
CGCL,EQ,30-Mar-2017,52.25,52.25,52.85,51.25,52.15,52.5,52.3,30816,1611783.7,207.0,19554.0,63.45
CGCL,EQ,29-Mar-2017,52.9,53.7,53.9,51.6,52.05,52.25,52.88,71573,3784426.85,498.0,41926.0,58.58
CGCL,EQ,28-Mar-2017,51.6,51.75,57.0,51.05,52.95,52.9,54.03,280582,15158807.4,2702.0,145738.0,51.94
CGCL,EQ,27-Mar-2017,52.5,52.95,53.5,50.3,50.7,51.6,51.65,112921,5832333.9,1036.0,60898.0,53.93
CGCL,EQ,24-Mar-2017,47.45,47.9,54.9,47.9,52.1,52.5,53.45,457061,24430721.0,3361.0,195036.0,42.67
CGCL,EQ,23-Mar-2017,47.0,47.15,47.85,46.5,47.5,47.45,46.87,916396,42948649.35,385.0,889980.0,97.12
CGCL,EQ,22-Mar-2017,47.1,47.1,47.9,47.0,47.0,47.0,47.27,8922,421726.7,98.0,7557.0,84.7
CGCL,EQ,21-Mar-2017,48.3,48.6,48.8,46.9,47.1,47.1,47.4,26600,1260966.5,201.0,21341.0,80.23
CGCL,EQ,20-Mar-2017,49.0,49.9,49.9,47.6,48.25,48.3,48.51,17251,836850.85,110.0,14279.0,82.77
CGCL,EQ,17-Mar-2017,49.45,49.8,49.95,48.9,49.0,49.0,49.23,15877,781696.85,75.0,13469.0,84.83
CGCL,EQ,16-Mar-2017,48.65,48.75,49.85,48.75,49.15,49.45,49.36,27971,1380623.1,148.0,17240.0,61.64
CGCL,EQ,15-Mar-2017,48.85,48.95,49.9,48.25,48.6,48.65,49.09,11159,547792.9,104.0,6737.0,60.37
CGCL,EQ,14-Mar-2017,48.4,49.15,50.65,48.5,49.0,48.85,49.61,39788,1973961.9,368.0,27012.0,67.89
CGCL,EQ,10-Mar-2017,49.55,49.65,50.25,48.15,48.5,48.4,48.78,31316,1527746.9,185.0,21399.0,68.33
CGCL,EQ,09-Mar-2017,49.45,49.25,50.0,48.65,49.4,49.55,49.58,12837,636420.7,117.0,8971.0,69.88
CGCL,EQ,08-Mar-2017,50.65,50.65,51.0,49.1,49.8,49.45,49.63,14756,732351.15,122.0,11114.0,75.32
CGCL,EQ,07-Mar-2017,50.5,51.1,52.05,50.5,50.75,50.65,51.12,37724,1928426.95,269.0,25432.0,67.42
CGCL,EQ,06-Mar-2017,48.0,48.3,51.0,47.8,50.65,50.5,49.91,31220,1558056.85,329.0,20322.0,65.09
CGCL,EQ,03-Mar-2017,48.15,48.15,48.85,47.2,48.2,48.0,47.64,21377,1018365.1,254.0,14090.0,65.91
CGCL,EQ,02-Mar-2017,49.35,49.15,49.9,48.0,48.1,48.15,48.82,45700,2231244.7,315.0,36975.0,80.91
CGCL,EQ,01-Mar-2017,51.1,51.1,52.0,48.0,49.15,49.35,49.61,76307,3785802.1,707.0,42621.0,55.85
CGCL,EQ,28-Feb-2017,51.25,51.0,51.8,50.65,50.8,51.1,51.14,27713,1417221.25,200.0,16043.0,57.89
CGCL,EQ,27-Feb-2017,53.2,53.2,53.2,49.6,50.9,51.25,51.44,102898,5293576.35,751.0,71780.0,69.76
CGCL,EQ,23-Feb-2017,52.05,52.05,55.0,51.95,53.0,53.2,53.79,160320,8623563.6,1248.0,85710.0,53.46
CGCL,EQ,22-Feb-2017,52.55,53.0,54.4,51.05,52.2,52.05,52.65,238292,12545351.45,2189.0,116960.0,49.08
CGCL,EQ,21-Feb-2017,46.4,47.8,53.95,46.2,52.45,52.55,50.81,491097,24954380.6,3673.0,231798.0,47.2
CGCL,EQ,20-Feb-2017,44.15,44.5,47.8,43.5,46.75,46.4,45.6,222365,10140813.6,2254.0,102468.0,46.08
CGCL,EQ,17-Feb-2017,39.3,39.3,47.15,38.05,43.1,44.15,44.76,577268,25840899.85,2869.0,278174.0,48.19
CGCL,EQ,16-Feb-2017,42.5,41.75,42.7,38.2,39.6,39.3,40.01,168182,6729751.25,983.0,106801.0,63.5
CGCL,EQ,15-Feb-2017,45.5,46.7,46.75,42.15,42.7,42.5,43.25,119603,5172593.8,685.0,90382.0,75.57
CGCL,EQ,14-Feb-2017,47.35,47.5,47.5,45.05,45.9,45.5,45.93,52471,2409943.05,375.0,37177.0,70.85
CGCL,EQ,13-Feb-2017,48.4,48.5,49.7,46.15,47.05,47.35,47.57,51702,2459442.95,417.0,30913.0,59.79
CGCL,EQ,10-Feb-2017,48.95,49.3,49.35,48.1,48.5,48.4,48.72,32918,1603693.25,248.0,22693.0,68.94
CGCL,EQ,09-Feb-2017,48.7,48.25,50.0,47.05,49.2,48.95,48.69,99578,4848543.15,530.0,73082.0,73.39
CGCL,EQ,08-Feb-2017,47.6,52.5,52.5,43.5,48.45,48.7,48.91,157137,7684996.55,1030.0,103062.0,65.59
CGCL,EQ,07-Feb-2017,52.45,53.9,57.85,42.85,48.8,47.6,48.19,927357,44691328.65,3949.0,372709.0,40.19
CGCL,EQ,06-Feb-2017,55.2,56.0,57.95,52.45,52.45,52.45,54.07,300290,16236878.75,1063.0,110346.0,36.75
CGCL,EQ,03-Feb-2017,54.8,54.8,55.75,53.15,55.1,55.2,54.94,11402,626463.8,168.0,8463.0,74.22
CGCL,EQ,02-Feb-2017,57.55,57.0,59.45,54.7,54.7,54.8,55.5,116944,6489887.0,378.0,53085.0,45.39
CGCL,EQ,01-Feb-2017,59.85,59.7,59.7,56.9,57.05,57.55,57.65,15936,918723.2,185.0,10026.0,62.91
CGCL,EQ,31-Jan-2017,62.85,61.7,61.8,59.75,59.75,59.85,59.99,89359,5360355.7,190.0,53577.0,59.96
CGCL,EQ,30-Jan-2017,61.9,62.9,64.95,59.6,62.0,62.85,62.85,55080,3461735.35,352.0,22139.0,40.19
CGCL,EQ,27-Jan-2017,61.35,63.5,63.5,61.1,61.8,61.9,61.84,13446,831512.55,121.0,11242.0,83.61
CGCL,EQ,25-Jan-2017,62.35,62.5,63.7,60.55,62.0,61.35,61.98,5662,350935.35,104.0,4141.0,73.14
CGCL,EQ,24-Jan-2017,62.65,64.95,65.45,62.0,62.0,62.35,63.76,35001,2231718.8,829.0,23668.0,67.62
CGCL,EQ,23-Jan-2017,59.7,60.0,62.65,57.55,62.65,62.65,61.75,12791,789789.4,131.0,12064.0,94.32
CGCL,EQ,20-Jan-2017,59.15,60.15,62.1,59.15,60.25,59.7,60.69,11756,713459.9,122.0,9053.0,77.01
CGCL,EQ,19-Jan-2017,56.55,57.5,59.35,55.6,59.35,59.15,57.78,25110,1450941.9,128.0,21356.0,85.05
CGCL,EQ,18-Jan-2017,56.35,57.35,58.0,55.0,56.75,56.55,56.39,18802,1060334.1,137.0,11933.0,63.47
CGCL,EQ,17-Jan-2017,55.8,56.4,57.9,53.1,56.5,56.35,55.9,10925,610717.1,167.0,5996.0,54.88
CGCL,EQ,16-Jan-2017,56.6,56.6,56.95,55.0,56.0,55.8,55.65,14725,819393.9,173.0,11307.0,76.79
CGCL,EQ,13-Jan-2017,58.35,58.7,58.7,55.5,56.5,56.6,56.65,13142,744490.3,83.0,10372.0,78.92
CGCL,EQ,12-Jan-2017,56.4,57.85,58.9,55.65,58.9,58.35,57.5,8418,484022.95,80.0,7500.0,89.09
CGCL,EQ,11-Jan-2017,57.4,57.9,57.95,56.15,56.15,56.4,56.73,2622,148743.2,44.0,2210.0,84.29
CGCL,EQ,10-Jan-2017,56.95,56.05,58.45,56.05,57.0,57.4,57.09,7083,404378.5,71.0,5488.0,77.48
CGCL,EQ,09-Jan-2017,56.1,56.1,57.75,56.0,56.45,56.95,56.71,9494,538381.5,126.0,7184.0,75.67
CGCL,EQ,06-Jan-2017,58.35,59.9,59.9,55.5,56.0,56.1,56.86,7893,448788.95,114.0,6642.0,84.15
CGCL,EQ,05-Jan-2017,59.35,59.0,60.9,57.0,59.0,58.35,57.69,9895,570886.45,144.0,6742.0,68.14
CGCL,EQ,04-Jan-2017,57.4,57.7,59.95,57.7,59.95,59.35,58.95,9245,545015.4,86.0,6419.0,69.43
CGCL,EQ,03-Jan-2017,56.05,55.1,58.7,55.1,57.8,57.4,58.01,3815,221301.2,76.0,2644.0,69.31
CGCL,EQ,02-Jan-2017,53.5,54.85,56.15,53.05,56.15,56.05,54.68,21700,1186661.8,115.0,20722.0,95.49
CGCL,EQ,30-Dec-2016,53.8,54.95,55.0,52.25,53.5,53.5,53.8,7753,417083.3,68.0,6335.0,81.71
CGCL,EQ,28-Dec-2018,128.7,128.05,131.0,128.05,128.1,128.85,129.42,389172,50365854.15,5386.0,39758.0,10.22
CGCL,EQ,27-Dec-2018,129.9,129.9,131.75,127.15,129.0,128.7,130.35,394417,51412453.6,5286.0,46780.0,11.86
CGCL,EQ,26-Dec-2018,129.65,128.65,131.9,125.8,127.5,129.9,127.84,392766,50212669.4,6581.0,33425.0,8.51
CGCL,EQ,24-Dec-2018,131.7,131.15,131.95,128.0,130.85,129.65,129.35,300825,38910953.75,5065.0,30734.0,10.22
CGCL,EQ,21-Dec-2018,131.25,131.35,133.75,130.0,133.2,131.7,131.52,288887,37995395.8,4410.0,23797.0,8.24
CGCL,EQ,20-Dec-2018,134.05,135.0,135.0,130.85,131.1,131.25,132.08,285747,37740500.5,2990.0,30332.0,10.61
CGCL,EQ,19-Dec-2018,131.95,131.95,134.9,131.95,133.25,134.05,133.31,342853,45707008.2,4379.0,31508.0,9.19
CGCL,EQ,18-Dec-2018,132.15,130.0,133.35,130.0,132.95,131.95,131.86,409583,54009246.05,6716.0,35863.0,8.76
CGCL,EQ,17-Dec-2018,132.15,132.9,133.9,130.1,132.0,132.15,131.72,393529,51834921.35,5526.0,17448.0,4.43
CGCL,EQ,14-Dec-2018,136.95,137.0,137.9,130.5,131.0,132.15,133.93,399530,53508343.1,4636.0,43298.0,10.84
CGCL,EQ,13-Dec-2018,134.85,136.0,140.0,133.15,136.95,136.95,137.28,556139,76344513.8,6692.0,89932.0,16.17
CGCL,EQ,12-Dec-2018,127.3,128.0,139.0,128.0,134.75,134.85,132.83,538496,71530082.6,6633.0,143153.0,26.58
CGCL,EQ,11-Dec-2018,124.55,125.45,132.5,123.2,126.7,127.3,128.59,416646,53577527.9,4686.0,53163.0,12.76
CGCL,EQ,10-Dec-2018,125.6,127.0,130.0,121.8,123.75,124.55,125.45,408360,51228984.4,4761.0,50449.0,12.35
CGCL,EQ,07-Dec-2018,125.65,125.65,127.5,123.75,124.0,125.6,125.67,329550,41413410.45,3600.0,34019.0,10.32
CGCL,EQ,06-Dec-2018,127.05,126.15,126.45,125.0,125.0,125.65,125.87,205073,25813497.15,2547.0,21887.0,10.67
CGCL,EQ,05-Dec-2018,128.3,126.95,129.6,126.1,126.1,127.05,127.33,164819,20986473.95,2037.0,14169.0,8.6
CGCL,EQ,04-Dec-2018,131.05,133.0,133.0,127.25,127.9,128.3,128.95,211962,27332638.5,2409.0,53385.0,25.19
CGCL,EQ,03-Dec-2018,129.3,129.3,133.75,125.6,130.9,131.05,127.97,246443,31536246.4,2952.0,38040.0,15.44
CGCL,EQ,30-Nov-2018,125.8,125.0,133.75,124.15,128.0,129.3,126.59,357094,45204853.5,2237.0,125293.0,35.09
CGCL,EQ,29-Nov-2018,127.0,126.5,128.0,122.65,125.95,125.8,124.94,210642,26317456.75,2164.0,44622.0,21.18
CGCL,EQ,28-Nov-2018,128.8,129.2,129.7,125.9,128.7,127.0,126.89,175007,22206920.1,2031.0,27295.0,15.6
CGCL,EQ,27-Nov-2018,130.05,127.2,131.75,125.4,128.1,128.8,127.4,199223,25381949.75,2225.0,45398.0,22.79
CGCL,EQ,26-Nov-2018,131.45,134.45,136.0,128.35,129.0,130.05,129.99,209209,27194513.2,2232.0,44482.0,21.26
CGCL,EQ,22-Nov-2018,133.8,134.85,136.7,129.0,133.5,131.45,132.59,137608,18245181.75,1959.0,75633.0,54.96
CGCL,EQ,21-Nov-2018,126.9,127.55,137.0,127.55,133.9,133.8,133.17,281396,37474001.5,3470.0,165241.0,58.72
CGCL,EQ,20-Nov-2018,128.05,128.25,128.35,124.0,127.0,126.9,126.79,136951,17364575.1,745.0,74263.0,54.23
CGCL,EQ,19-Nov-2018,125.45,125.45,129.5,125.45,127.8,128.05,127.82,366137,46800221.35,3386.0,152044.0,41.53
CGCL,EQ,16-Nov-2018,116.75,110.0,126.45,105.1,126.0,125.45,117.91,454403,53580144.75,3594.0,150980.0,33.23
CGCL,EQ,15-Nov-2018,125.65,126.0,128.0,113.1,115.0,116.75,122.92,252789,31073604.75,2194.0,85702.0,33.9
CGCL,EQ,14-Nov-2018,124.35,124.8,129.05,123.7,124.9,125.65,125.01,411474,51438832.1,1878.0,228854.0,55.62
CGCL,EQ,13-Nov-2018,123.85,124.7,126.2,123.15,124.85,124.35,124.44,229392,28546500.75,1634.0,79537.0,34.67
CGCL,EQ,12-Nov-2018,123.9,125.9,127.75,122.3,123.75,123.85,124.37,141049,17542278.15,1015.0,22108.0,15.67
CGCL,EQ,09-Nov-2018,125.0,124.95,128.0,121.7,124.0,123.9,124.5,153992,19171941.7,1248.0,67297.0,43.7
CGCL,EQ,07-Nov-2018,124.15,125.85,129.0,124.15,125.1,125.0,125.55,43664,5481983.9,259.0,29848.0,68.36
CGCL,EQ,06-Nov-2018,122.8,124.5,127.85,121.45,125.0,124.15,123.94,323754,40127055.65,1251.0,134708.0,41.61
CGCL,EQ,05-Nov-2018,123.75,125.0,126.1,119.75,123.0,122.8,122.54,188856,23142090.35,1274.0,66265.0,35.09
CGCL,EQ,02-Nov-2018,120.0,120.9,126.65,113.2,124.0,123.75,121.35,156218,18956865.45,1395.0,69148.0,44.26
CGCL,EQ,01-Nov-2018,118.4,120.8,120.9,118.0,120.9,120.0,119.06,115100,13703877.35,840.0,45393.0,39.44
CGCL,EQ,31-Oct-2018,112.0,114.05,119.0,112.8,119.0,118.4,115.84,93170,10792428.75,674.0,81123.0,87.07
CGCL,EQ,30-Oct-2018,105.2,108.3,115.7,105.85,112.05,112.0,110.51,32132,3551055.2,310.0,26520.0,82.53
CGCL,EQ,29-Oct-2018,102.65,104.0,107.75,102.0,107.75,105.2,104.5,34665,3622360.55,190.0,29309.0,84.55
CGCL,EQ,26-Oct-2018,106.4,111.5,111.5,101.1,102.0,102.65,104.08,20947,2180093.45,273.0,16795.0,80.18
CGCL,EQ,25-Oct-2018,108.05,110.0,110.0,103.0,106.5,106.4,105.27,13171,1386448.45,136.0,10186.0,77.34
CGCL,EQ,24-Oct-2018,105.55,105.4,108.6,103.75,108.6,108.05,106.54,34702,3697247.9,227.0,30920.0,89.1
CGCL,EQ,23-Oct-2018,105.45,100.2,108.0,100.2,106.0,105.55,106.32,74273,7896881.45,279.0,65954.0,88.8
CGCL,EQ,22-Oct-2018,109.35,110.3,110.45,103.9,108.0,105.45,105.6,20838,2200423.4,194.0,15159.0,72.75
CGCL,EQ,19-Oct-2018,115.05,115.0,115.0,109.3,110.3,109.35,109.58,66378,7273406.85,225.0,60622.0,91.33
CGCL,EQ,17-Oct-2018,115.05,117.95,118.7,113.0,115.0,115.05,114.75,230120,26405706.6,1397.0,108029.0,46.94
CGCL,EQ,16-Oct-2018,110.05,112.7,117.0,111.0,115.1,115.05,115.01,245178,28196879.4,2303.0,84317.0,34.39
CGCL,EQ,15-Oct-2018,105.75,105.3,111.5,105.3,110.4,110.05,108.73,193459,21035157.6,1853.0,91171.0,47.13
CGCL,EQ,12-Oct-2018,91.9,93.55,107.3,92.0,106.0,105.75,102.81,376662,38722899.0,4850.0,139746.0,37.1
CGCL,EQ,11-Oct-2018,82.1,78.9,94.4,77.1,91.9,91.9,81.77,5102153,417184605.15,3879.0,4868818.0,95.43
CGCL,EQ,10-Oct-2018,84.2,84.05,89.75,77.4,80.5,82.1,81.68,2207562,180319154.5,2708.0,2080398.0,94.24
CGCL,EQ,09-Oct-2018,82.8,82.0,84.7,82.0,84.5,84.2,83.76,50665,4243612.55,334.0,48052.0,94.84
CGCL,EQ,08-Oct-2018,85.1,83.0,86.95,81.55,82.15,82.8,82.48,23720,1956363.1,360.0,17278.0,72.84
CGCL,EQ,05-Oct-2018,88.45,88.5,88.5,82.5,82.5,85.1,85.87,21161,1817060.1,307.0,17843.0,84.32
CGCL,EQ,04-Oct-2018,91.35,91.35,92.2,85.35,88.9,88.45,88.02,26102,2297595.35,537.0,10499.0,40.22
CGCL,EQ,03-Oct-2018,92.15,91.6,95.0,89.1,89.95,91.35,92.91,13796,1281785.05,249.0,9270.0,67.19
CGCL,EQ,01-Oct-2018,95.8,95.1,95.7,90.6,93.0,92.15,92.45,23047,2130633.55,447.0,15877.0,68.89
CGCL,EQ,28-Sep-2018,100.8,102.5,103.25,95.0,95.55,95.8,100.47,71629,7196708.95,1017.0,44650.0,62.34
CGCL,EQ,27-Sep-2018,99.6,101.65,103.5,98.55,100.3,100.8,100.4,103185,10359526.35,879.0,72487.0,70.25
CGCL,EQ,26-Sep-2018,99.6,101.9,102.9,98.0,100.0,99.6,100.16,276538,27698370.85,1313.0,235404.0,85.13
CGCL,EQ,25-Sep-2018,104.8,107.35,107.35,98.5,100.75,99.6,100.08,249566,24975776.7,931.0,222607.0,89.2
CGCL,EQ,24-Sep-2018,107.9,106.0,108.85,99.0,104.0,104.8,105.38,152580,16079281.55,1578.0,109966.0,72.07
CGCL,EQ,21-Sep-2018,119.9,119.5,119.5,102.05,107.0,107.9,113.59,125593,14266304.0,1380.0,76500.0,60.91
CGCL,EQ,19-Sep-2018,119.45,121.1,122.35,115.65,120.0,119.9,119.33,45058,5376592.1,723.0,29783.0,66.1
CGCL,EQ,18-Sep-2018,119.25,121.2,121.8,117.95,120.05,119.45,119.68,43281,5179692.95,380.0,35551.0,82.14
CGCL,EQ,17-Sep-2018,118.15,117.1,121.15,115.1,119.6,119.25,118.11,41818,4939308.85,565.0,29548.0,70.66
CGCL,EQ,14-Sep-2018,119.15,122.05,123.1,118.0,118.0,118.15,119.39,46329,5531154.75,646.0,35693.0,77.04
CGCL,EQ,12-Sep-2018,121.15,121.55,121.75,116.4,119.35,119.15,118.37,60700,7185125.15,612.0,41604.0,68.54
CGCL,EQ,11-Sep-2018,123.2,125.0,125.55,118.35,123.0,121.15,122.47,208556,25541054.9,1891.0,157675.0,75.6
CGCL,EQ,10-Sep-2018,122.5,125.9,131.6,118.1,123.0,123.2,123.73,539747,66784652.85,3129.0,418490.0,77.53
CGCL,EQ,07-Sep-2018,116.85,117.0,125.25,116.1,125.0,122.5,119.9,269028,32255680.1,1338.0,248462.0,92.36
CGCL,EQ,06-Sep-2018,116.55,116.2,117.45,115.8,117.0,116.85,116.65,48069,5607378.95,417.0,41697.0,86.74
CGCL,EQ,05-Sep-2018,118.15,118.0,120.5,115.1,117.5,116.55,116.63,96096,11207940.0,732.0,83241.0,86.62
CGCL,EQ,04-Sep-2018,115.1,115.1,119.3,114.3,119.15,118.15,116.79,118955,13893228.1,827.0,104644.0,87.97
CGCL,EQ,03-Sep-2018,112.9,113.85,116.7,111.25,115.75,115.1,115.15,75452,8688661.25,1178.0,45615.0,60.46
CGCL,EQ,31-Aug-2018,113.95,113.95,114.2,105.1,112.5,112.9,109.91,102174,11229882.95,1700.0,53675.0,52.53
CGCL,EQ,30-Aug-2018,113.05,113.95,118.0,111.65,113.0,113.95,114.84,86112,9889425.05,1413.0,44075.0,51.18
CGCL,EQ,29-Aug-2018,109.0,108.9,122.0,107.0,115.0,113.05,114.99,457289,52583462.8,5510.0,155775.0,34.06
CGCL,EQ,28-Aug-2018,103.2,104.55,110.8,102.5,108.5,109.0,107.43,172010,18478802.9,1848.0,91338.0,53.1
CGCL,EQ,27-Aug-2018,98.35,98.5,104.4,96.5,104.4,103.2,101.09,132705,13415296.05,1310.0,87153.0,65.67
CGCL,EQ,24-Aug-2018,95.15,96.45,98.8,94.85,98.1,98.35,97.31,100571,9786178.9,1360.0,70432.0,70.03
CGCL,EQ,23-Aug-2018,86.6,86.05,95.8,86.05,95.6,95.15,92.97,151919,14124119.15,1903.0,106651.0,70.2
CGCL,EQ,21-Aug-2018,84.95,84.95,87.45,84.95,86.55,86.6,86.21,44524,3838318.15,620.0,34030.0,76.43
CGCL,EQ,20-Aug-2018,82.05,83.95,86.05,81.1,84.7,84.95,84.09,54820,4610009.9,483.0,43913.0,80.1
CGCL,EQ,17-Aug-2018,78.45,79.45,82.9,78.55,82.7,82.05,81.37,132536,10783989.55,528.0,118519.0,89.42
CGCL,EQ,16-Aug-2018,76.65,77.4,80.85,75.1,78.3,78.45,78.22,60168,4706277.45,307.0,54325.0,90.29
CGCL,EQ,14-Aug-2018,79.7,80.5,87.9,75.8,77.5,76.65,78.64,52518,4129852.45,551.0,33439.0,63.67
CGCL,EQ,13-Aug-2018,84.2,83.1,84.2,79.2,79.9,79.7,80.57,28950,2332421.1,416.0,22385.0,77.32
CGCL,EQ,10-Aug-2018,83.6,83.0,85.0,82.5,84.0,84.2,83.88,9896,830028.6,158.0,7695.0,77.76
CGCL,EQ,09-Aug-2018,85.7,85.15,87.05,83.1,83.65,83.6,84.28,20853,1757398.1,296.0,15642.0,75.01
CGCL,EQ,08-Aug-2018,85.3,83.35,86.0,83.35,85.6,85.7,85.49,5285,451832.6,105.0,3884.0,73.49
CGCL,EQ,07-Aug-2018,85.95,86.85,86.85,83.15,85.5,85.3,85.05,17999,1530746.3,203.0,10944.0,60.8
CGCL,EQ,06-Aug-2018,88.8,90.7,90.7,85.1,85.8,85.95,87.54,19660,1721112.25,215.0,15362.0,78.14
CGCL,EQ,03-Aug-2018,85.15,87.8,90.9,87.0,88.1,88.8,89.31,33093,2955656.25,506.0,20620.0,62.31
CGCL,EQ,02-Aug-2018,86.55,85.25,86.9,85.0,85.15,85.15,85.58,10733,918560.75,170.0,7490.0,69.78
CGCL,EQ,01-Aug-2018,83.8,83.4,88.5,83.4,86.95,86.55,85.63,20357,1743177.85,280.0,11609.0,57.03
CGCL,EQ,31-Jul-2018,83.55,83.55,89.4,83.05,84.5,83.8,85.38,31408,2681623.45,331.0,21884.0,69.68
CGCL,EQ,30-Jul-2018,78.2,78.15,85.85,77.2,82.8,83.55,82.22,50977,4191206.3,395.0,37300.0,73.17
CGCL,EQ,27-Jul-2018,76.6,78.15,79.85,76.75,78.4,78.2,78.3,10257,803102.0,151.0,5668.0,55.26
CGCL,EQ,26-Jul-2018,74.3,74.95,77.2,74.95,76.2,76.6,75.54,14509,1096053.55,161.0,12296.0,84.75
CGCL,EQ,25-Jul-2018,74.95,76.0,76.7,74.05,74.25,74.3,75.12,36290,2726265.15,142.0,33128.0,91.29
CGCL,EQ,24-Jul-2018,74.75,76.15,77.0,74.15,74.85,74.95,75.07,54282,4074805.8,225.0,47753.0,87.97
CGCL,EQ,23-Jul-2018,76.2,78.0,78.0,74.35,74.65,74.75,75.78,7971,604032.6,100.0,6707.0,84.14
CGCL,EQ,20-Jul-2018,77.4,76.2,77.8,75.65,75.75,76.2,76.5,850224,65042001.4,148.0,848975.0,99.85
CGCL,EQ,19-Jul-2018,76.85,77.0,78.85,75.6,77.75,77.4,76.79,5968,458309.65,97.0,3078.0,51.58
CGCL,EQ,18-Jul-2018,78.8,77.35,80.85,76.0,77.8,76.85,77.59,6245,484530.65,142.0,4322.0,69.21
CGCL,EQ,17-Jul-2018,75.6,74.55,79.5,74.35,79.45,78.8,77.87,17782,1384696.45,237.0,10392.0,58.44
CGCL,EQ,16-Jul-2018,76.4,76.0,78.9,73.35,75.75,75.6,75.75,6307,477756.6,115.0,4482.0,71.06
CGCL,EQ,13-Jul-2018,79.4,79.0,79.15,75.25,76.5,76.4,76.77,7095,544709.55,122.0,5573.0,78.55
CGCL,EQ,12-Jul-2018,79.45,79.3,81.0,77.9,79.95,79.4,79.76,10121,807232.2,160.0,5102.0,50.41
CGCL,EQ,11-Jul-2018,79.8,80.85,82.9,78.75,79.05,79.45,79.79,8459,674972.25,211.0,4387.0,51.86
CGCL,EQ,10-Jul-2018,80.35,81.5,83.0,79.25,79.5,79.8,80.97,21761,1761925.85,270.0,17012.0,78.18
CGCL,EQ,09-Jul-2018,79.05,79.05,81.0,78.75,80.05,80.35,80.05,10044,804014.05,138.0,6245.0,62.18
CGCL,EQ,06-Jul-2018,78.25,78.25,80.05,77.2,78.35,79.05,78.94,14520,1146150.45,161.0,11099.0,76.44
CGCL,EQ,05-Jul-2018,75.6,75.3,79.25,75.3,78.5,78.25,77.6,11998,931032.1,178.0,8268.0,68.91
CGCL,EQ,04-Jul-2018,76.9,76.15,77.7,75.1,75.3,75.6,76.06,21002,1597406.15,435.0,10119.0,48.18
CGCL,EQ,03-Jul-2018,76.8,78.75,78.75,75.1,76.55,76.9,76.8,10357,795457.8,142.0,5658.0,54.63
CGCL,EQ,02-Jul-2018,78.75,78.75,79.75,76.0,77.55,76.8,77.34,23401,1809735.7,273.0,16018.0,68.45
CGCL,EQ,29-Jun-2018,80.15,79.7,81.95,77.05,78.0,78.75,79.28,28798,2283151.7,333.0,20834.0,72.35
CGCL,EQ,28-Jun-2018,81.0,80.2,82.0,79.35,81.0,80.15,80.76,9014,727946.5,114.0,6852.0,76.02
CGCL,EQ,27-Jun-2018,84.4,84.0,90.9,80.55,80.6,81.0,83.08,35541,2952709.6,363.0,26466.0,74.47
CGCL,EQ,26-Jun-2018,85.8,85.3,86.75,82.55,84.25,84.4,84.15,82314,6926342.4,256.0,76315.0,92.71
CGCL,EQ,25-Jun-2018,87.2,86.5,88.9,85.5,85.6,85.8,86.29,11285,973776.45,207.0,7944.0,70.39
CGCL,EQ,22-Jun-2018,87.9,87.2,88.95,87.0,87.0,87.2,87.44,5938,519202.05,83.0,5419.0,91.26
CGCL,EQ,21-Jun-2018,88.3,88.4,89.85,87.1,87.8,87.9,87.86,3137,275602.55,52.0,1427.0,45.49
CGCL,EQ,20-Jun-2018,86.5,85.6,89.4,85.6,89.4,88.3,87.66,12693,1112663.5,108.0,9237.0,72.77
CGCL,EQ,19-Jun-2018,88.7,88.05,88.65,86.0,86.5,86.5,86.79,8291,719602.15,108.0,6322.0,76.25
CGCL,EQ,18-Jun-2018,90.5,90.05,90.5,88.05,89.0,88.7,89.09,7579,675250.15,130.0,5614.0,74.07
CGCL,EQ,15-Jun-2018,91.85,91.7,94.05,90.5,90.55,90.5,91.91,14756,1356215.25,185.0,8998.0,60.98
CGCL,EQ,14-Jun-2018,92.75,91.1,92.75,91.1,91.4,91.85,91.82,5962,547425.75,103.0,4892.0,82.05
CGCL,EQ,13-Jun-2018,93.95,94.4,94.4,92.05,92.95,92.75,93.14,1949,181535.75,70.0,1339.0,68.7
CGCL,EQ,12-Jun-2018,92.1,92.1,94.9,92.1,94.4,93.95,93.73,18662,1749141.95,344.0,9388.0,50.31
CGCL,EQ,11-Jun-2018,90.45,90.45,92.9,89.4,92.3,92.1,91.59,14040,1285982.95,248.0,10669.0,75.99
CGCL,EQ,08-Jun-2018,90.0,90.0,91.0,89.4,90.9,90.45,90.22,7753,699472.2,106.0,6944.0,89.57
CGCL,EQ,07-Jun-2018,85.3,85.5,92.4,85.5,90.0,90.0,89.62,78975,7078031.95,789.0,56085.0,71.02
CGCL,EQ,06-Jun-2018,84.55,84.55,88.5,83.1,85.0,85.3,85.57,43882,3755004.45,514.0,29881.0,68.09
CGCL,EQ,05-Jun-2018,88.9,88.0,89.75,83.0,83.35,84.55,85.84,27851,2390865.05,341.0,21227.0,76.22
CGCL,EQ,04-Jun-2018,92.65,92.15,93.95,88.05,88.05,88.9,89.59,33327,2985695.85,425.0,21234.0,63.71
CGCL,EQ,01-Jun-2018,93.2,94.95,95.0,92.0,95.0,92.65,92.55,24340,2252550.5,141.0,20763.0,85.3
CGCL,EQ,31-May-2018,94.25,94.1,96.0,92.55,93.0,93.2,93.83,63252,5935234.5,449.0,41019.0,64.85
CGCL,EQ,30-May-2018,94.7,95.9,98.9,92.0,94.0,94.25,94.98,33526,3184252.95,296.0,21400.0,63.83
CGCL,EQ,29-May-2018,98.4,99.9,100.0,90.5,94.0,94.7,95.56,30144,2880611.7,762.0,14820.0,49.16
CGCL,EQ,28-May-2018,95.05,99.9,102.4,96.5,98.55,98.4,99.16,121918,12089343.0,1621.0,65568.0,53.78
CGCL,EQ,25-May-2018,94.0,94.9,99.4,93.05,97.0,95.05,95.04,2261062,214900394.35,921.0,2199473.0,97.28
CGCL,EQ,24-May-2018,90.55,90.55,95.0,89.1,94.0,94.0,93.51,66762,6242865.5,1030.0,41743.0,62.53
CGCL,EQ,23-May-2018,93.2,93.9,95.0,89.5,90.2,90.55,92.73,44946,4168031.9,368.0,35635.0,79.28
CGCL,EQ,22-May-2018,91.2,90.0,95.5,89.0,92.1,93.2,93.48,137654,12867416.95,2370.0,106785.0,77.57
CGCL,EQ,21-May-2018,87.9,88.9,96.0,87.0,91.0,91.2,92.61,127604,11817802.2,1558.0,68444.0,53.64
CGCL,EQ,18-May-2018,91.35,90.8,92.25,87.2,89.0,87.9,89.65,17798,1595598.05,446.0,12865.0,72.28
CGCL,EQ,17-May-2018,90.05,89.5,93.95,89.1,91.5,91.35,91.65,11924,1092876.5,228.0,7814.0,65.53
CGCL,EQ,16-May-2018,88.5,88.25,90.9,87.1,90.85,90.05,88.6,12083,1070543.9,153.0,7312.0,60.51
CGCL,EQ,15-May-2018,90.1,89.1,92.95,88.0,88.0,88.5,89.28,10751,959818.05,141.0,7794.0,72.5
CGCL,EQ,14-May-2018,91.95,93.95,93.95,88.05,90.75,90.1,90.69,19413,1760565.45,193.0,16889.0,87.0
CGCL,EQ,11-May-2018,90.2,89.0,93.45,88.0,93.45,91.95,89.15,19150,1707318.1,163.0,17158.0,89.6
CGCL,EQ,10-May-2018,88.45,88.3,90.8,87.0,90.45,90.2,88.61,8911,789583.6,135.0,7279.0,81.69
CGCL,EQ,09-May-2018,90.75,90.3,90.3,87.65,88.3,88.45,88.57,19677,1742848.0,345.0,13879.0,70.53
CGCL,EQ,08-May-2018,92.05,91.6,92.45,90.1,90.1,90.75,91.33,4619,421832.8,94.0,2801.0,60.64
CGCL,EQ,07-May-2018,91.1,91.9,93.4,90.05,90.5,92.05,91.4,17046,1557992.5,232.0,9844.0,57.75
CGCL,EQ,04-May-2018,92.3,92.0,93.45,90.55,91.7,91.1,91.01,17367,1580571.95,151.0,14272.0,82.18
CGCL,EQ,03-May-2018,92.5,93.5,94.45,90.6,92.25,92.3,92.22,12075,1113610.1,153.0,7889.0,65.33
CGCL,EQ,02-May-2018,93.3,93.65,94.45,91.7,92.7,92.5,93.01,14247,1325088.45,131.0,12098.0,84.92
CGCL,EQ,30-Apr-2018,94.05,94.95,95.45,93.1,93.6,93.3,93.5,6627,619626.15,113.0,5609.0,84.64
CGCL,EQ,27-Apr-2018,93.15,94.45,95.0,92.55,94.05,94.05,93.94,20865,1960083.4,299.0,9085.0,43.54
CGCL,EQ,26-Apr-2018,93.25,93.0,94.95,91.5,94.95,93.15,92.55,21277,1969236.1,257.0,12448.0,58.5
CGCL,EQ,25-Apr-2018,93.1,94.9,94.9,91.2,92.0,93.25,93.07,28521,2654496.1,201.0,19705.0,69.09
CGCL,EQ,24-Apr-2018,95.1,96.0,96.0,91.45,92.95,93.1,92.99,32760,3046262.15,320.0,24249.0,74.02
CGCL,EQ,23-Apr-2018,95.45,95.45,95.9,94.15,95.5,95.1,95.19,24084,2292605.7,140.0,15154.0,62.92
CGCL,EQ,20-Apr-2018,97.5,97.5,97.5,94.0,95.7,95.45,95.44,31401,2996783.85,287.0,22528.0,71.74
CGCL,EQ,19-Apr-2018,98.55,98.55,98.95,97.1,97.6,97.5,97.79,10323,1009482.65,155.0,6796.0,65.83
CGCL,EQ,18-Apr-2018,99.1,99.1,99.95,97.5,98.95,98.55,98.91,12339,1220421.65,172.0,7375.0,59.77
CGCL,EQ,17-Apr-2018,97.7,98.0,101.45,97.1,99.0,99.1,99.62,65394,6514635.45,1205.0,27891.0,42.65
CGCL,EQ,16-Apr-2018,97.5,97.5,102.4,95.2,97.05,97.7,99.5,85270,8484014.6,1088.0,46017.0,53.97
CGCL,EQ,13-Apr-2018,94.95,95.0,98.7,94.1,97.05,97.5,96.67,21365,2065328.9,232.0,12835.0,60.07
CGCL,EQ,12-Apr-2018,95.5,95.0,96.8,93.55,93.55,94.95,95.66,15718,1503527.65,195.0,10413.0,66.25
CGCL,EQ,11-Apr-2018,95.5,95.05,96.8,94.8,95.3,95.5,95.47,8267,789211.4,120.0,5326.0,64.42
CGCL,EQ,10-Apr-2018,95.3,94.5,97.95,94.3,96.0,95.5,96.57,41667,4023661.75,452.0,20230.0,48.55
CGCL,EQ,09-Apr-2018,95.05,94.5,96.85,94.15,95.0,95.3,95.29,12184,1161071.75,141.0,9375.0,76.95
CGCL,EQ,06-Apr-2018,95.5,95.0,96.35,94.2,95.0,95.05,95.15,15795,1502898.2,231.0,10911.0,69.08
CGCL,EQ,05-Apr-2018,93.15,94.2,97.9,93.5,95.1,95.5,94.62,28248,2672850.6,255.0,14817.0,52.45
CGCL,EQ,04-Apr-2018,94.5,94.25,97.7,91.55,93.55,93.15,94.94,29698,2819664.3,437.0,20196.0,68.0
CGCL,EQ,03-Apr-2018,92.3,92.0,96.3,92.0,94.0,94.5,94.4,35338,3335892.05,383.0,22366.0,63.29
CGCL,EQ,02-Apr-2018,88.2,88.5,94.5,88.5,91.8,92.3,92.56,49240,4557534.8,831.0,34660.0,70.39
CGCL,EQ,28-Mar-2018,90.4,90.0,94.4,83.5,87.2,88.2,90.19,152589,13762491.4,1594.0,76736.0,50.29
CGCL,EQ,27-Mar-2018,78.55,81.65,93.5,80.9,90.9,90.4,88.43,119001,10523799.55,1569.0,66263.0,55.68
CGCL,EQ,26-Mar-2018,80.95,80.4,81.5,75.0,80.4,78.55,79.09,70274,5558010.5,485.0,51134.0,72.76
CGCL,EQ,23-Mar-2018,82.85,82.0,84.85,80.2,81.25,80.95,81.0,66335,5372982.05,399.0,55920.0,84.3
CGCL,EQ,22-Mar-2018,84.15,84.2,85.0,81.55,83.0,82.85,83.29,21050,1753253.25,196.0,12908.0,61.32
CGCL,EQ,21-Mar-2018,85.05,86.1,86.95,83.8,84.4,84.15,85.59,10512,899737.7,171.0,5935.0,56.46
CGCL,EQ,20-Mar-2018,85.3,85.1,87.7,84.75,84.75,85.05,85.69,19645,1683284.3,174.0,14544.0,74.03
CGCL,EQ,19-Mar-2018,88.1,88.0,89.95,84.0,86.4,85.3,86.68,35410,3069420.65,321.0,28047.0,79.21
CGCL,EQ,16-Mar-2018,88.75,88.4,89.95,87.1,89.0,88.1,88.25,15762,1390971.5,244.0,9427.0,59.81
CGCL,EQ,15-Mar-2018,88.6,88.6,89.4,87.25,88.85,88.75,88.66,35832,3176851.4,235.0,23749.0,66.28
CGCL,EQ,14-Mar-2018,88.25,87.7,89.35,86.3,87.65,88.6,87.95,18129,1594478.15,144.0,11905.0,65.67
CGCL,EQ,13-Mar-2018,86.85,86.7,88.9,86.1,88.7,88.25,87.9,23252,2043892.55,450.0,11167.0,48.03
CGCL,EQ,12-Mar-2018,85.15,85.15,89.9,85.15,86.7,86.85,86.88,58215,5057600.5,303.0,48571.0,83.43
CGCL,EQ,09-Mar-2018,86.05,86.9,87.45,84.8,85.0,85.15,85.6,115132,9855291.1,247.0,110958.0,96.37
CGCL,EQ,08-Mar-2018,87.9,88.1,89.85,85.05,86.0,86.05,86.52,43285,3745058.05,521.0,28657.0,66.21
CGCL,EQ,07-Mar-2018,93.1,92.5,92.95,86.05,88.0,87.9,89.63,53293,4776701.75,537.0,42581.0,79.9
CGCL,EQ,06-Mar-2018,94.1,95.9,97.4,93.05,93.05,93.1,94.17,17558,1653503.3,309.0,11281.0,64.25
CGCL,EQ,05-Mar-2018,96.15,96.15,96.9,93.9,94.0,94.1,94.85,20842,1976911.45,245.0,16471.0,79.03
CGCL,EQ,01-Mar-2018,97.95,98.05,99.3,95.2,96.5,96.15,96.88,28480,2759024.55,544.0,16569.0,58.18
CGCL,EQ,28-Feb-2018,99.15,98.75,100.75,96.3,98.2,97.95,97.83,16884,1651820.65,226.0,10004.0,59.25
CGCL,EQ,27-Feb-2018,101.15,101.0,102.95,98.6,99.0,99.15,100.02,20891,2089535.9,260.0,15315.0,73.31
CGCL,EQ,26-Feb-2018,99.85,99.85,102.3,98.25,101.5,101.15,100.46,32990,3314306.85,446.0,20954.0,63.52
CGCL,EQ,23-Feb-2018,100.15,99.25,101.9,98.2,99.7,99.85,99.9,43240,4319685.35,697.0,22300.0,51.57
CGCL,EQ,22-Feb-2018,101.5,102.8,102.9,99.2,99.3,100.15,100.09,19676,1969382.8,231.0,14046.0,71.39
CGCL,EQ,21-Feb-2018,101.45,102.25,104.3,101.05,101.1,101.5,101.84,6026,613674.25,131.0,4209.0,69.85
CGCL,EQ,20-Feb-2018,102.6,102.6,104.95,98.0,101.9,101.45,101.22,83528,8455057.05,787.0,63912.0,76.52
CGCL,EQ,19-Feb-2018,105.0,105.0,105.0,99.0,101.55,102.6,101.65,33200,3374717.3,573.0,18033.0,54.32
CGCL,EQ,16-Feb-2018,106.85,107.0,108.5,104.1,104.1,105.0,106.4,38274,4072236.65,414.0,24786.0,64.76
CGCL,EQ,15-Feb-2018,107.05,107.9,109.9,106.15,106.25,106.85,108.25,34599,3745228.1,377.0,22567.0,65.22
CGCL,EQ,14-Feb-2018,107.0,108.05,108.85,105.75,106.5,107.05,107.63,24571,2644695.5,318.0,17514.0,71.28
CGCL,EQ,12-Feb-2018,103.9,105.45,110.0,105.45,107.85,107.0,108.17,33497,3623303.35,598.0,18466.0,55.13
CGCL,EQ,09-Feb-2018,104.55,101.5,104.45,100.0,104.0,103.9,102.88,38241,3934398.7,661.0,23633.0,61.8
CGCL,EQ,08-Feb-2018,100.0,101.0,106.45,100.55,105.15,104.55,104.01,48668,5061977.65,693.0,33643.0,69.13
CGCL,EQ,07-Feb-2018,98.8,101.9,104.55,99.05,99.7,100.0,101.43,50049,5076418.3,672.0,27382.0,54.71
CGCL,EQ,06-Feb-2018,105.65,101.0,101.5,91.0,98.85,98.8,98.81,89578,8851028.25,1071.0,51645.0,57.65
CGCL,EQ,05-Feb-2018,112.65,108.05,109.0,102.25,105.5,105.65,104.89,151995,15942435.3,1882.0,75471.0,49.65
CGCL,EQ,02-Feb-2018,108.5,108.0,113.9,104.0,112.0,112.65,108.95,137480,14978460.0,944.0,108678.0,79.05
CGCL,EQ,01-Feb-2018,110.7,109.2,112.35,105.1,108.75,108.5,109.0,42895,4675591.7,734.0,27319.0,63.69
CGCL,EQ,31-Jan-2018,110.4,109.5,113.95,109.0,111.0,110.7,110.88,32037,3552420.25,462.0,20595.0,64.29
CGCL,EQ,30-Jan-2018,111.55,113.95,114.5,106.0,110.9,110.4,109.1,46416,5064173.1,715.0,27038.0,58.25
CGCL,EQ,29-Jan-2018,113.2,112.0,114.5,110.6,110.65,111.55,112.7,35025,3947235.65,607.0,24052.0,68.67
CGCL,EQ,25-Jan-2018,114.5,114.95,115.9,112.05,113.0,113.2,114.04,38554,4396554.75,386.0,28182.0,73.1
CGCL,EQ,24-Jan-2018,115.75,117.2,117.2,113.25,114.9,114.5,114.71,41576,4769033.35,581.0,28799.0,69.27
CGCL,EQ,23-Jan-2018,116.5,116.2,117.45,115.1,116.0,115.75,116.42,29618,3448043.85,273.0,22175.0,74.87
CGCL,EQ,22-Jan-2018,116.45,116.95,118.95,116.05,116.2,116.5,117.44,28775,3379266.65,281.0,21463.0,74.59
CGCL,EQ,19-Jan-2018,117.0,117.0,118.8,116.0,116.6,116.45,116.88,38137,4457544.15,517.0,15478.0,40.59
CGCL,EQ,18-Jan-2018,120.25,119.6,124.0,116.1,117.75,117.0,120.57,64311,7754125.85,633.0,42094.0,65.45
CGCL,EQ,17-Jan-2018,119.2,119.2,121.45,116.1,120.05,120.25,119.47,66966,8000514.6,656.0,40611.0,60.64
CGCL,EQ,16-Jan-2018,119.95,120.95,121.45,119.0,119.1,119.2,120.1,63978,7683520.45,661.0,41452.0,64.79
CGCL,EQ,15-Jan-2018,120.35,122.0,122.5,118.05,120.3,119.95,120.2,63669,7652896.75,615.0,41209.0,64.72
CGCL,EQ,12-Jan-2018,121.4,122.85,122.85,120.0,120.1,120.35,120.91,53445,6462139.75,528.0,38577.0,72.18
CGCL,EQ,11-Jan-2018,120.75,120.75,124.5,119.6,121.9,121.4,122.57,68941,8450418.75,714.0,43867.0,63.63
CGCL,EQ,10-Jan-2018,122.95,123.0,124.3,119.8,120.3,120.75,121.06,63523,7689853.35,610.0,48346.0,76.11
CGCL,EQ,09-Jan-2018,124.85,125.1,126.7,122.55,123.0,122.95,123.69,55071,6811930.0,558.0,37878.0,68.78
CGCL,EQ,08-Jan-2018,123.3,123.3,126.7,122.1,125.1,124.85,123.64,140607,17385177.5,1123.0,73282.0,52.12
CGCL,EQ,05-Jan-2018,123.7,124.75,124.75,122.5,123.5,123.3,123.12,83634,10296958.7,691.0,58578.0,70.04
CGCL,EQ,04-Jan-2018,125.85,128.9,128.9,123.1,123.95,123.7,125.73,176741,22221179.7,1623.0,122765.0,69.46
CGCL,EQ,03-Jan-2018,123.75,126.85,132.0,124.9,125.3,125.85,128.76,641593,82609906.25,6769.0,303354.0,47.28
CGCL,EQ,02-Jan-2018,119.75,119.8,126.3,117.1,125.0,123.75,120.76,2344886,283173076.45,3866.0,1591298.0,67.86
CGCL,EQ,01-Jan-2018,119.15,119.1,122.8,119.0,119.75,119.75,120.63,48528,5853870.4,484.0,25438.0,52.42
CGCL,EQ,27-Dec-2019,200.7,197.35,202.4,197.35,201.0,201.4,199.95,330981,66178277.35,5646.0,34297.0,10.36
CGCL,EQ,26-Dec-2019,199.55,199.1,201.65,197.3,199.15,200.7,200.29,304689,61026829.75,4785.0,31358.0,10.29
CGCL,EQ,24-Dec-2019,201.7,203.7,204.4,198.9,199.0,199.55,200.27,289976,58074256.35,3993.0,27736.0,9.56
CGCL,EQ,23-Dec-2019,200.65,200.8,206.0,196.0,204.0,201.7,200.21,338114,67694726.4,6058.0,47943.0,14.18
CGCL,EQ,20-Dec-2019,205.55,203.85,208.0,199.2,200.8,200.65,203.21,341928,69483533.95,4848.0,43879.0,12.83
CGCL,EQ,19-Dec-2019,199.8,199.0,206.9,196.0,202.0,205.55,204.67,415241,84985817.75,5101.0,110674.0,26.65
CGCL,EQ,18-Dec-2019,193.1,193.65,201.4,189.55,199.0,199.8,195.67,364056,71235243.7,6740.0,38927.0,10.69
CGCL,EQ,17-Dec-2019,192.9,195.9,195.9,190.5,193.65,193.1,192.6,334444,64413149.9,6491.0,39442.0,11.79
CGCL,EQ,16-Dec-2019,189.55,188.5,194.2,185.8,194.15,192.9,188.86,338529,63934060.6,6089.0,30910.0,9.13
CGCL,EQ,13-Dec-2019,188.3,191.9,191.9,185.1,189.55,189.55,188.2,369744,69586202.75,6931.0,43307.0,11.71
CGCL,EQ,12-Dec-2019,179.6,179.15,189.4,175.15,189.4,188.3,178.95,400083,71596671.45,7383.0,42878.0,10.72
CGCL,EQ,11-Dec-2019,179.9,181.1,181.1,177.35,177.95,179.6,178.65,324422,57959476.3,4969.0,23009.0,7.09
CGCL,EQ,10-Dec-2019,180.45,179.15,182.6,177.0,179.6,179.9,178.82,373662,66817226.1,6757.0,33159.0,8.87
CGCL,EQ,09-Dec-2019,182.45,184.5,184.5,179.0,180.35,180.45,180.76,379063,68520278.85,6034.0,40612.0,10.71
CGCL,EQ,06-Dec-2019,188.75,191.7,191.7,181.0,182.7,182.45,186.92,408650,76385154.95,7348.0,58057.0,14.21
CGCL,EQ,05-Dec-2019,183.35,183.7,189.95,181.15,189.8,188.75,183.07,372431,68179254.55,6781.0,43858.0,11.78
CGCL,EQ,04-Dec-2019,183.6,181.0,185.3,178.85,183.75,183.35,181.01,374222,67737898.85,6935.0,38650.0,10.33
CGCL,EQ,03-Dec-2019,183.9,181.1,184.7,178.5,183.9,183.6,181.58,405181,73571319.75,8665.0,38969.0,9.62
CGCL,EQ,02-Dec-2019,189.15,185.35,189.5,178.3,183.1,183.9,182.94,395215,72299521.85,7794.0,65268.0,16.51
CGCL,EQ,29-Nov-2019,190.7,190.0,190.85,187.1,188.3,189.15,188.28,232171,43713496.2,6434.0,22888.0,9.86
CGCL,EQ,28-Nov-2019,190.25,191.7,193.7,187.15,188.3,190.7,189.45,351226,66538761.8,6971.0,20516.0,5.84
CGCL,EQ,27-Nov-2019,191.2,192.0,192.5,183.1,190.0,190.25,186.73,458133,85548728.55,7758.0,79574.0,17.37
CGCL,EQ,26-Nov-2019,183.35,187.0,193.8,179.1,190.55,191.2,182.89,350387,64082424.55,8992.0,36106.0,10.30
CGCL,EQ,25-Nov-2019,185.25,186.2,186.75,173.85,184.0,183.35,177.39,558970,99153233.15,8395.0,139537.0,24.96
CGCL,EQ,22-Nov-2019,194.9,193.9,194.0,183.15,185.0,185.25,186.91,407118,76094323.8,10023.0,57101.0,14.03
CGCL,EQ,21-Nov-2019,199.25,197.2,199.45,192.0,192.05,194.9,197.69,365655,72286910.2,5145.0,31596.0,8.64
CGCL,EQ,20-Nov-2019,200.6,197.5,201.3,197.0,197.2,199.25,199.64,341361,68147686.5,6569.0,34703.0,10.17
CGCL,EQ,19-Nov-2019,201.05,202.6,203.4,198.0,199.0,200.6,199.97,369816,73953938.85,5661.0,41556.0,11.24
CGCL,EQ,18-Nov-2019,197.7,197.7,202.9,195.5,202.9,201.05,198.3,421211,83524568.9,7467.0,63167.0,15.00
CGCL,EQ,15-Nov-2019,191.5,188.55,199.0,187.1,197.5,197.7,191.76,345044,66164663.95,7395.0,46866.0,13.58
CGCL,EQ,14-Nov-2019,197.15,192.2,197.75,182.1,187.1,191.5,187.91,654037,122896933.1,12555.0,235394.0,35.99
CGCL,EQ,13-Nov-2019,213.8,214.0,215.95,190.55,196.5,197.15,206.79,398027,82307555.9,7434.0,114605.0,28.79
CGCL,EQ,11-Nov-2019,217.05,211.65,217.15,210.0,213.2,213.8,212.63,271612,57753256.75,6842.0,29806.0,10.97
CGCL,EQ,08-Nov-2019,217.75,216.9,222.0,211.1,215.25,217.05,214.67,330750,71001606.8,6402.0,37162.0,11.24
CGCL,EQ,07-Nov-2019,220.1,219.0,221.0,213.05,218.15,217.75,216.55,367065,79486454.45,7307.0,40302.0,10.98
CGCL,EQ,06-Nov-2019,224.7,224.05,224.45,218.35,219.95,220.1,221.04,384026,84883397.4,7702.0,31458.0,8.19
CGCL,EQ,05-Nov-2019,218.4,223.5,228.95,218.2,220.6,224.7,222.82,438872,97787318.95,7981.0,102532.0,23.36
CGCL,EQ,04-Nov-2019,201.25,199.15,224.0,199.15,222.9,218.4,205.19,456870,93743553.1,6801.0,87688.0,19.19
CGCL,EQ,01-Nov-2019,199.7,200.05,203.1,198.05,200.0,201.25,199.19,353032,70320149.9,4108.0,41955.0,11.88
CGCL,EQ,31-Oct-2019,200.45,202.2,202.75,198.5,199.1,199.7,199.63,342279,68328369.1,4448.0,30243.0,8.84
CGCL,EQ,30-Oct-2019,200.9,204.7,204.7,197.1,201.5,200.45,198.77,397576,79024541.3,7159.0,36521.0,9.19
CGCL,EQ,29-Oct-2019,199.7,201.5,204.0,197.6,201.55,200.9,202.06,336746,68043025.95,4635.0,22536.0,6.69
CGCL,EQ,27-Oct-2019,202.6,204.3,204.35,198.0,198.6,199.7,200.13,58703,11748266.8,314.0,4562.0,7.77
CGCL,EQ,25-Oct-2019,200.35,202.0,208.0,194.1,202.0,202.6,199.5,138787,27687653.6,4888.0,18424.0,13.28
CGCL,EQ,24-Oct-2019,203.3,200.15,204.0,197.0,200.95,200.35,201.19,204917,41226335.6,5582.0,25698.0,12.54
CGCL,EQ,23-Oct-2019,207.6,207.85,207.85,201.25,202.6,203.3,204.8,365889,74932675.3,6059.0,40509.0,11.07
CGCL,EQ,22-Oct-2019,208.05,208.0,211.3,205.5,206.35,207.6,207.66,381547,79233871.25,6720.0,49344.0,12.93
CGCL,EQ,18-Oct-2019,204.8,204.8,209.55,204.0,208.5,208.05,207.56,332877,69091980.65,5249.0,24145.0,7.25
CGCL,EQ,17-Oct-2019,196.95,199.5,208.15,196.0,208.15,204.8,199.12,409530,81547419.65,6164.0,45353.0,11.07
CGCL,EQ,16-Oct-2019,203.45,205.35,205.35,194.0,199.9,196.95,199.26,391171,77945893.9,5940.0,51718.0,13.22
CGCL,EQ,15-Oct-2019,204.0,204.0,205.45,201.05,202.5,203.45,203.48,324603,66049717.45,4677.0,34038.0,10.49
CGCL,EQ,14-Oct-2019,204.7,206.9,209.95,202.05,204.75,204.0,204.03,310194,63289142.45,4951.0,35534.0,11.46
CGCL,EQ,11-Oct-2019,206.35,206.0,209.75,203.0,205.15,204.7,205.95,311185,64089319.75,4555.0,34021.0,10.93
CGCL,EQ,10-Oct-2019,211.65,209.0,209.9,203.3,209.5,206.35,206.57,386740,79890326.0,5479.0,61638.0,15.94
CGCL,EQ,09-Oct-2019,214.5,214.9,215.1,206.05,207.8,211.65,211.0,450991,95157442.6,7667.0,75399.0,16.72
CGCL,EQ,07-Oct-2019,213.2,207.1,216.0,207.1,214.95,214.5,214.22,333387,71416625.95,5179.0,30651.0,9.19
CGCL,EQ,04-Oct-2019,217.0,217.95,218.0,185.95,211.45,213.2,213.06,342164,72901453.45,7028.0,33259.0,9.72
CGCL,EQ,03-Oct-2019,208.65,201.2,221.0,201.0,217.0,217.0,209.81,366479,76892631.7,6052.0,46657.0,12.73
CGCL,EQ,01-Oct-2019,214.65,216.8,216.8,192.25,207.0,208.65,203.34,415560,84498734.55,9756.0,50827.0,12.23
CGCL,EQ,30-Sep-2019,217.35,222.4,224.85,212.0,215.1,214.65,216.75,372397,80717403.6,5952.0,68041.0,18.27
CGCL,EQ,27-Sep-2019,207.4,208.0,222.2,207.95,219.0,217.35,214.68,510646,109626404.8,9265.0,127379.0,24.94
CGCL,EQ,26-Sep-2019,198.0,198.0,208.2,198.0,207.0,207.4,205.15,418472,85850840.3,7242.0,87465.0,20.90
CGCL,EQ,25-Sep-2019,194.85,195.9,205.0,193.5,198.0,198.0,197.35,477610,94256176.75,10498.0,96868.0,20.28
CGCL,EQ,24-Sep-2019,193.65,193.0,196.5,187.55,195.0,194.85,192.78,352727,67999470.65,6878.0,34994.0,9.92
CGCL,EQ,23-Sep-2019,190.65,197.0,200.0,186.65,192.2,193.65,195.29,316396,61789389.9,6805.0,58716.0,18.56
CGCL,EQ,20-Sep-2019,180.35,180.85,195.0,176.75,189.0,190.65,182.78,471640,86207828.25,10745.0,119269.0,25.29
CGCL,EQ,19-Sep-2019,178.6,179.05,182.5,175.5,179.55,180.35,179.71,359363,64579683.2,7247.0,52590.0,14.63
CGCL,EQ,18-Sep-2019,177.0,184.85,184.85,174.55,178.25,178.6,177.78,318153,56560504.05,5110.0,58020.0,18.24
CGCL,EQ,17-Sep-2019,179.55,178.95,184.85,176.05,178.5,177.0,178.93,396843,71007052.8,8683.0,66955.0,16.87
CGCL,EQ,16-Sep-2019,169.85,167.6,180.0,167.6,179.55,179.55,172.11,220824,38005624.0,6262.0,60636.0,27.46
CGCL,EQ,13-Sep-2019,172.15,173.0,173.0,167.45,169.25,169.85,169.29,330109,55883617.2,4818.0,29735.0,9.01
CGCL,EQ,12-Sep-2019,168.25,169.5,173.0,168.6,172.9,172.15,171.16,328482,56223651.3,6482.0,42608.0,12.97
CGCL,EQ,11-Sep-2019,168.4,166.0,170.6,166.0,170.0,168.25,168.24,325270,54722924.55,6115.0,38723.0,11.90
CGCL,EQ,09-Sep-2019,169.35,170.75,170.95,165.95,168.3,168.4,168.32,346882,58385669.8,6002.0,39939.0,11.51
CGCL,EQ,06-Sep-2019,175.7,175.7,177.9,167.0,170.6,169.35,174.33,356605,62166485.65,6654.0,34804.0,9.76
CGCL,EQ,05-Sep-2019,167.9,169.0,180.4,168.15,174.55,175.7,176.43,400681,70690436.85,7287.0,46651.0,11.64
CGCL,EQ,04-Sep-2019,172.9,172.55,173.8,166.1,169.35,167.9,167.93,347774,58403223.55,5330.0,37222.0,10.70
CGCL,EQ,03-Sep-2019,152.75,152.7,176.6,151.45,175.9,172.9,169.34,634015,107365384.25,17920.0,118756.0,18.73
CGCL,EQ,30-Aug-2019,151.9,155.0,155.0,151.25,152.9,152.75,152.66,346961,52966928.65,4032.0,43582.0,12.56
CGCL,EQ,29-Aug-2019,154.05,155.0,155.5,150.2,151.25,151.9,152.83,346377,52938471.95,4009.0,49596.0,14.32
CGCL,EQ,28-Aug-2019,155.1,155.9,156.4,152.0,153.5,154.05,153.8,318988,49061400.8,3620.0,32277.0,10.12
CGCL,EQ,27-Aug-2019,156.3,156.8,157.75,153.2,156.0,155.1,155.2,411649,63886052.6,5036.0,100705.0,24.46
CGCL,EQ,26-Aug-2019,155.55,158.65,159.9,154.75,156.0,156.3,157.15,412864,64879966.1,7058.0,33837.0,8.20
CGCL,EQ,23-Aug-2019,157.8,157.8,158.5,153.4,154.25,155.55,155.81,391493,60999298.55,4980.0,38686.0,9.88
CGCL,EQ,22-Aug-2019,155.45,153.5,159.4,151.0,156.5,157.8,153.59,382139,58693260.85,5511.0,48413.0,12.67
CGCL,EQ,21-Aug-2019,158.7,155.0,159.0,153.1,154.95,155.45,157.3,333522,52463639.05,4275.0,15406.0,4.62
CGCL,EQ,20-Aug-2019,158.5,158.5,161.3,156.2,158.95,158.7,157.99,353997,55928156.85,5183.0,32994.0,9.32
CGCL,EQ,19-Aug-2019,159.25,159.0,160.0,156.25,159.0,158.5,158.01,361313,57089500.7,5056.0,45771.0,12.67
CGCL,EQ,16-Aug-2019,158.2,160.0,162.95,155.25,157.1,159.25,158.28,415323,65735629.25,7860.0,32593.0,7.85
CGCL,EQ,14-Aug-2019,158.0,159.9,161.5,152.1,155.7,158.2,158.45,355208,56283018.5,6436.0,28145.0,7.92
CGCL,EQ,13-Aug-2019,162.05,161.9,161.9,156.2,156.65,158.0,158.97,321773,51153837.6,4696.0,31932.0,9.92
CGCL,EQ,09-Aug-2019,157.2,155.0,163.15,154.0,158.0,162.05,159.19,443123,70539154.5,7479.0,47297.0,10.67
CGCL,EQ,08-Aug-2019,155.2,156.0,159.0,152.05,158.95,157.2,155.52,413989,64382527.05,6511.0,32702.0,7.90
CGCL,EQ,07-Aug-2019,159.9,158.8,159.6,149.0,155.0,155.2,153.58,465002,71413474.55,6700.0,87376.0,18.79
CGCL,EQ,06-Aug-2019,163.15,161.0,167.25,156.15,158.95,159.9,164.08,410277,67317944.7,6864.0,29975.0,7.31
CGCL,EQ,05-Aug-2019,173.2,173.0,173.0,161.25,164.25,163.15,163.5,398685,65184779.3,5811.0,46687.0,11.71
CGCL,EQ,02-Aug-2019,168.3,163.15,174.95,161.65,172.0,173.2,170.04,456968,77704698.05,10176.0,69530.0,15.22
CGCL,EQ,01-Aug-2019,155.6,153.5,172.5,153.5,170.0,168.3,164.03,447219,73357977.6,10087.0,120706.0,26.99
CGCL,EQ,31-Jul-2019,155.05,155.05,157.0,152.0,156.0,155.6,154.35,278237,42944953.0,4669.0,27478.0,9.88
CGCL,EQ,30-Jul-2019,154.85,156.05,161.8,153.1,155.0,155.05,155.55,308752,48026746.6,4261.0,46326.0,15.00
CGCL,EQ,29-Jul-2019,156.25,152.0,176.95,152.0,165.0,154.85,155.0,455901,70663065.3,13016.0,74935.0,16.44
CGCL,EQ,26-Jul-2019,157.45,153.3,159.25,153.3,155.35,156.25,157.71,389673,61457042.2,7777.0,47717.0,12.25
CGCL,EQ,25-Jul-2019,158.1,155.5,159.75,155.5,157.15,157.45,158.31,409524,64829877.8,4689.0,41986.0,10.25
CGCL,EQ,24-Jul-2019,157.25,155.0,160.5,155.0,156.5,158.1,158.41,427344,67694790.4,5242.0,51383.0,12.02
CGCL,EQ,23-Jul-2019,157.3,156.5,163.5,156.0,156.0,157.25,158.65,349953,55519468.15,5478.0,43033.0,12.30
CGCL,EQ,22-Jul-2019,161.85,155.05,160.85,155.05,160.0,157.3,157.68,368261,58067438.1,4860.0,37759.0,10.25
CGCL,EQ,19-Jul-2019,162.5,161.0,166.4,160.0,161.1,161.85,163.27,345668,56436358.1,4050.0,39319.0,11.37
CGCL,EQ,18-Jul-2019,162.6,161.0,165.0,155.05,165.0,162.5,162.39,387175,62874880.25,5381.0,41468.0,10.71
CGCL,EQ,17-Jul-2019,165.05,165.05,166.4,161.15,164.35,162.6,164.84,376656,62086503.85,4537.0,33474.0,8.89
CGCL,EQ,16-Jul-2019,159.75,158.0,168.9,157.0,164.05,165.05,166.69,448285,74724333.5,6959.0,64459.0,14.38
CGCL,EQ,15-Jul-2019,154.05,155.0,166.85,154.65,159.1,159.75,160.49,451503,72462397.25,9666.0,65388.0,14.48
CGCL,EQ,12-Jul-2019,154.95,154.15,159.25,148.25,155.0,154.05,156.65,410429,64293125.15,5733.0,63462.0,15.46
CGCL,EQ,11-Jul-2019,155.7,155.7,157.05,153.45,154.6,154.95,154.93,375536,58180618.7,5498.0,38324.0,10.21
CGCL,EQ,10-Jul-2019,156.8,155.05,157.65,153.05,153.1,155.7,156.27,405359,63347134.95,6537.0,42935.0,10.59
CGCL,EQ,09-Jul-2019,158.85,156.65,161.7,156.0,156.0,156.8,157.77,421281,66466024.55,7634.0,44778.0,10.63
CGCL,EQ,08-Jul-2019,168.2,168.2,168.25,156.0,161.5,158.85,160.76,409170,65777609.35,4988.0,59088.0,14.44
CGCL,EQ,05-Jul-2019,168.6,167.2,171.55,166.05,168.0,168.2,167.83,363486,61004230.25,6967.0,43553.0,11.98
CGCL,EQ,04-Jul-2019,171.1,169.0,172.15,166.9,168.1,168.6,168.99,363314,61398088.05,6571.0,46491.0,12.80
CGCL,EQ,03-Jul-2019,174.25,175.15,176.5,169.25,169.55,171.1,173.77,392254,68160046.7,7111.0,55276.0,14.09
CGCL,EQ,02-Jul-2019,176.4,176.2,176.75,173.0,175.15,174.25,174.85,407934,71327683.3,6710.0,41664.0,10.21
CGCL,EQ,01-Jul-2019,173.8,176.8,178.0,172.1,174.0,176.4,175.62,433018,76048024.55,7724.0,55944.0,12.92
CGCL,EQ,28-Jun-2019,171.95,170.0,176.9,170.0,174.3,173.8,173.92,519735,90393812.3,7403.0,114406.0,22.01
CGCL,EQ,27-Jun-2019,169.9,170.9,174.0,168.1,172.0,171.95,172.38,490836,84610782.05,9340.0,59442.0,12.11
CGCL,EQ,26-Jun-2019,162.3,161.2,174.75,160.2,169.8,169.9,170.61,558884,95353009.8,10150.0,87066.0,15.58
CGCL,EQ,25-Jun-2019,162.1,160.1,164.75,160.1,161.05,162.3,162.44,460085,74738477.6,6985.0,34076.0,7.41
CGCL,EQ,24-Jun-2019,161.8,159.15,164.9,159.15,160.55,162.1,162.45,427129,69389193.35,7766.0,41714.0,9.77
CGCL,EQ,21-Jun-2019,162.0,158.3,163.9,158.3,162.5,161.8,162.05,464035,75195062.35,6255.0,29454.0,6.35
CGCL,EQ,20-Jun-2019,160.75,160.0,165.0,156.5,165.0,162.0,161.56,550878,88999915.5,11162.0,57253.0,10.39
CGCL,EQ,19-Jun-2019,159.75,165.9,165.9,155.0,160.0,160.75,160.49,525764,84378253.25,7191.0,61049.0,11.61
CGCL,EQ,18-Jun-2019,162.25,161.4,164.5,158.1,159.0,159.75,160.83,529675,85188148.0,7598.0,96941.0,16.59
CGCL,EQ,17-Jun-2019,166.9,169.9,169.9,162.0,162.0,162.25,164.51,486163,79977416.45,5568.0,91775.0,15.48
CGCL,EQ,14-Jun-2019,166.4,166.4,169.0,163.05,168.0,166.9,166.08,531372,88249969.25,7270.0,69174.0,13.02
CGCL,EQ,13-Jun-2019,169.35,169.4,169.5,163.5,166.75,166.4,166.39,548750,91309219.3,6852.0,110661.0,20.17
CGCL,EQ,12-Jun-2019,175.75,176.05,176.6,167.0,170.0,169.35,171.72,448624,77037080.35,5013.0,100931.0,22.50
CGCL,EQ,11-Jun-2019,173.55,172.7,178.75,170.6,175.4,175.75,175.52,532893,93534495.35,5874.0,85205.0,15.99
CGCL,EQ,10-Jun-2019,180.4,180.0,180.0,168.15,172.5,173.55,173.81,558616,97091847.75,9349.0,103121.0,18.46
CGCL,EQ,07-Jun-2019,174.65,172.05,182.15,172.05,179.0,180.4,177.26,633771,112345005.25,12326.0,118085.0,18.63
CGCL,EQ,06-Jun-2019,184.45,181.95,183.0,168.45,176.0,174.65,174.97,616920,107941403.65,8508.0,126732.0,20.54
CGCL,EQ,04-Jun-2019,192.7,190.1,192.5,181.15,182.5,184.45,189.4,548352,103858582.35,6723.0,94561.0,17.24
CGCL,EQ,03-Jun-2019,195.35,195.45,195.45,190.15,191.1,192.7,193.23,496280,95897875.45,4875.0,66516.0,13.40
CGCL,EQ,31-May-2019,191.0,191.9,196.0,190.1,193.0,195.35,194.36,609634,118485622.65,7437.0,128692.0,21.11
CGCL,EQ,30-May-2019,189.95,190.1,195.7,190.1,190.3,191.0,191.92,503041,96544302.95,5484.0,40143.0,7.98
CGCL,EQ,29-May-2019,192.1,192.0,193.8,188.25,191.5,189.95,191.34,500364,95741895.05,4616.0,65514.0,13.09
CGCL,EQ,28-May-2019,194.4,196.2,196.2,190.5,192.6,192.1,192.55,523259,100755647.95,7007.0,70373.0,13.45
CGCL,EQ,27-May-2019,193.6,193.65,199.2,191.35,193.35,194.4,195.88,534828,104761915.2,5492.0,107862.0,20.17
CGCL,EQ,24-May-2019,188.5,188.7,195.8,188.3,194.0,193.6,193.63,567424,109868477.95,8084.0,116813.0,20.59
CGCL,EQ,23-May-2019,189.1,195.0,197.55,185.2,187.2,188.5,188.06,535703,100744618.4,7388.0,69733.0,13.02
CGCL,EQ,22-May-2019,183.0,180.7,192.1,180.7,188.75,189.1,189.34,659640,124893655.5,8751.0,149127.0,22.61
CGCL,EQ,21-May-2019,187.55,187.0,193.55,174.35,182.0,183.0,181.59,594178,107898611.7,7708.0,106193.0,17.87
CGCL,EQ,20-May-2019,181.4,183.2,194.5,181.35,186.8,187.55,185.62,624192,115864438.65,7988.0,105316.0,16.87
CGCL,EQ,17-May-2019,169.7,169.65,185.7,169.4,179.0,181.4,173.42,618669,107289781.05,5607.0,136805.0,22.11
CGCL,EQ,16-May-2019,170.7,171.65,171.65,166.8,168.65,169.7,168.96,506866,85639941.9,6476.0,47304.0,9.33
CGCL,EQ,15-May-2019,170.85,172.0,172.5,169.45,171.0,170.7,170.65,534463,91207618.95,5817.0,55423.0,10.37
CGCL,EQ,14-May-2019,169.45,170.0,171.5,168.25,171.05,170.85,170.29,492924,83939962.6,5944.0,45827.0,9.30
CGCL,EQ,13-May-2019,168.8,169.65,178.4,166.5,171.95,169.45,167.91,523012,87816781.6,5805.0,43402.0,8.30
CGCL,EQ,10-May-2019,169.7,171.0,171.4,167.0,168.95,168.8,168.15,494451,83139735.8,4768.0,33783.0,6.83
CGCL,EQ,09-May-2019,168.85,168.5,171.65,165.3,169.0,169.7,167.85,535476,89878084.65,6991.0,26143.0,4.88
CGCL,EQ,08-May-2019,170.65,170.65,170.65,167.5,169.5,168.85,169.05,483812,81786065.85,5451.0,36595.0,7.56
CGCL,EQ,07-May-2019,170.4,170.0,172.7,169.5,170.7,170.65,171.74,508317,87298811.35,5189.0,32968.0,6.49
CGCL,EQ,06-May-2019,174.85,175.9,175.9,167.25,172.0,170.4,170.89,503892,86109630.2,4972.0,54623.0,10.84
CGCL,EQ,03-May-2019,178.1,179.15,179.2,170.3,170.5,174.85,175.26,536970,94107544.35,5494.0,51786.0,9.64
CGCL,EQ,02-May-2019,165.95,163.05,179.9,163.05,179.0,178.1,174.3,772821,134699738.05,6790.0,66687.0,8.63
CGCL,EQ,30-Apr-2019,169.6,168.0,168.05,157.75,166.6,165.95,165.03,785458,129625395.2,6885.0,86799.0,11.05
CGCL,EQ,26-Apr-2019,173.7,173.7,174.9,167.25,168.0,169.6,169.72,719453,122102904.1,6281.0,48423.0,6.73
CGCL,EQ,25-Apr-2019,176.0,176.0,177.25,172.2,172.95,173.7,175.7,690924,121398604.15,5149.0,35986.0,5.21
CGCL,EQ,24-Apr-2019,168.35,168.3,178.45,168.3,177.05,176.0,171.51,713222,122327778.65,4370.0,62030.0,8.70
CGCL,EQ,23-Apr-2019,172.0,168.0,173.3,167.25,169.0,168.35,168.84,752343,127023895.55,5535.0,86462.0,11.49
CGCL,EQ,22-Apr-2019,182.65,181.15,181.35,165.6,170.1,172.0,172.39,760331,131071674.1,7308.0,80002.0,10.52
CGCL,EQ,18-Apr-2019,186.85,187.0,187.5,181.55,182.75,182.65,184.92,739505,136746067.4,6237.0,46783.0,6.33
CGCL,EQ,16-Apr-2019,184.5,186.2,190.0,184.2,185.5,186.85,186.37,737777,137503167.6,5899.0,62005.0,8.40
CGCL,EQ,15-Apr-2019,186.3,187.25,187.45,183.2,184.35,184.5,185.52,650392,120662947.55,3587.0,35265.0,5.42
CGCL,EQ,12-Apr-2019,184.65,185.8,189.45,183.15,186.45,186.3,186.3,687292,128040683.2,4922.0,28020.0,4.08
CGCL,EQ,11-Apr-2019,179.35,180.8,188.5,177.1,187.05,184.65,181.14,705716,127833175.5,5020.0,20680.0,2.93
CGCL,EQ,10-Apr-2019,185.55,181.6,186.65,176.25,182.95,179.35,182.7,731173,133587941.0,7546.0,28743.0,3.93
CGCL,EQ,09-Apr-2019,179.9,180.1,192.0,180.1,186.0,185.55,185.95,887190,164975740.1,6403.0,329716.0,37.16
CGCL,EQ,08-Apr-2019,177.1,178.2,192.85,176.45,180.1,179.9,187.25,1138999,213277468.35,12402.0,359972.0,31.60
CGCL,EQ,05-Apr-2019,170.0,171.55,180.65,168.55,177.9,177.1,173.19,788287,136526382.25,6282.0,54546.0,6.92
CGCL,EQ,04-Apr-2019,171.5,172.3,173.55,169.05,170.45,170.0,171.21,711225,121771997.5,5940.0,19654.0,2.76
CGCL,EQ,03-Apr-2019,176.0,176.65,181.0,166.05,171.3,171.5,176.41,790794,139501279.95,8000.0,60422.0,7.64
CGCL,EQ,02-Apr-2019,172.8,171.9,179.0,170.1,175.25,176.0,176.89,702476,124258720.65,5571.0,32622.0,4.64
CGCL,EQ,01-Apr-2019,174.45,174.9,179.0,170.25,172.1,172.8,176.95,743979,131649140.75,6309.0,32060.0,4.31
CGCL,EQ,29-Mar-2019,174.3,173.55,182.0,169.7,173.0,174.45,175.29,910323,159570655.4,6989.0,103657.0,11.39
CGCL,EQ,28-Mar-2019,158.65,159.6,176.0,159.6,175.0,174.3,169.67,1236975,209879894.7,10489.0,324971.0,26.27
CGCL,EQ,27-Mar-2019,151.3,153.0,159.7,150.85,159.6,158.65,152.75,779515,119073417.45,4878.0,85512.0,10.97
CGCL,EQ,26-Mar-2019,150.0,149.5,152.95,149.4,150.0,151.3,151.63,757377,114839545.85,4473.0,160147.0,21.14
CGCL,EQ,25-Mar-2019,151.2,151.95,151.95,149.0,149.75,150.0,149.71,657866,98490735.95,3695.0,92927.0,14.13
CGCL,EQ,22-Mar-2019,150.5,150.0,153.3,150.0,152.0,151.2,151.44,688826,104312531.3,2910.0,92362.0,13.41
CGCL,EQ,20-Mar-2019,150.85,151.0,151.5,148.25,149.15,150.5,149.58,636974,95280841.0,4435.0,99542.0,15.63
CGCL,EQ,19-Mar-2019,150.9,151.85,151.85,149.05,150.05,150.85,150.33,729939,109735301.25,2160.0,119134.0,16.32
CGCL,EQ,18-Mar-2019,151.2,152.0,153.0,147.55,151.0,150.9,149.19,643728,96037427.1,2791.0,122382.0,19.01
CGCL,EQ,15-Mar-2019,150.8,151.95,154.4,147.85,151.3,151.2,149.32,833092,124395814.85,6106.0,141585.0,17.00
CGCL,EQ,14-Mar-2019,149.2,149.0,154.9,148.1,152.9,150.8,150.22,758920,114006305.3,4764.0,63511.0,8.37
CGCL,EQ,13-Mar-2019,135.7,135.8,151.7,135.2,149.0,149.2,140.6,865675,121713780.15,4563.0,130760.0,15.10
CGCL,EQ,12-Mar-2019,137.8,137.5,138.2,135.0,135.25,135.7,136.11,665797,90620072.4,5669.0,31101.0,4.67
CGCL,EQ,11-Mar-2019,138.75,138.75,139.9,132.1,135.4,137.8,138.78,704501,97773649.4,5196.0,38153.0,5.42
CGCL,EQ,08-Mar-2019,139.75,140.4,141.45,136.25,136.6,138.75,139.64,700593,97831114.0,4339.0,37468.0,5.35
CGCL,EQ,07-Mar-2019,130.25,130.25,141.0,130.05,140.5,139.75,135.9,781015,106140805.9,5522.0,99150.0,12.70
CGCL,EQ,06-Mar-2019,130.5,130.75,132.6,129.1,131.5,130.25,130.48,704337,91899896.1,6398.0,26749.0,3.80
CGCL,EQ,05-Mar-2019,130.2,131.55,132.35,129.15,130.0,130.5,131.16,642596,84284966.55,5878.0,35739.0,5.56
CGCL,EQ,01-Mar-2019,127.75,128.0,132.0,128.0,130.9,130.2,129.54,656485,85039116.8,7814.0,27617.0,4.21
CGCL,EQ,28-Feb-2019,128.1,128.45,129.85,126.9,128.0,127.75,127.95,502722,64323731.3,6349.0,31590.0,6.28
CGCL,EQ,27-Feb-2019,130.15,129.8,132.85,125.9,127.1,128.1,129.72,715149,92769902.5,11002.0,44669.0,6.25
CGCL,EQ,26-Feb-2019,133.65,132.75,132.8,123.35,128.0,130.15,130.32,724917,94470575.5,8606.0,42381.0,5.85
CGCL,EQ,25-Feb-2019,134.35,136.9,136.9,132.5,132.5,133.65,133.5,665522,88848765.95,11037.0,43370.0,6.52
CGCL,EQ,22-Feb-2019,134.3,134.35,135.0,134.05,134.15,134.35,134.69,567225,76399000.75,4516.0,19761.0,3.48
CGCL,EQ,21-Feb-2019,134.65,134.0,135.8,133.8,134.05,134.3,134.44,254498,34213497.25,3536.0,22672.0,8.91
CGCL,EQ,20-Feb-2019,135.75,136.7,137.0,132.1,132.15,134.65,135.73,332622,45147729.4,5863.0,76626.0,23.04
CGCL,EQ,19-Feb-2019,133.45,132.95,137.1,132.1,137.0,135.75,134.08,230854,30952280.55,3056.0,25958.0,11.24
CGCL,EQ,18-Feb-2019,137.85,137.0,139.15,132.75,134.5,133.45,133.53,283707,37884628.25,3422.0,42110.0,14.84
CGCL,EQ,15-Feb-2019,140.3,139.45,139.7,136.5,137.3,137.85,137.94,315346,43498943.85,3178.0,78083.0,24.76
CGCL,EQ,14-Feb-2019,139.7,139.9,142.25,137.5,139.0,140.3,139.67,318566,44494723.0,10605.0,46350.0,14.55
CGCL,EQ,13-Feb-2019,139.15,137.1,141.6,137.1,140.0,139.7,138.77,437543,60715858.7,4728.0,36685.0,8.38
CGCL,EQ,12-Feb-2019,141.8,140.0,140.0,137.3,139.0,139.15,138.8,494433,68626928.65,3738.0,94042.0,19.02
CGCL,EQ,11-Feb-2019,139.5,140.65,144.95,137.25,139.4,141.8,139.72,420668,58776024.5,2377.0,39704.0,9.44
CGCL,EQ,08-Feb-2019,140.05,142.25,145.5,138.3,139.0,139.5,140.84,347675,48967659.25,2913.0,38019.0,10.94
CGCL,EQ,07-Feb-2019,138.8,138.55,142.0,137.0,140.0,140.05,138.5,414367,57391515.7,4200.0,37773.0,9.12
CGCL,EQ,06-Feb-2019,138.1,139.25,139.5,136.15,139.45,138.8,137.33,331428,45514920.05,3023.0,46395.0,14.00
CGCL,EQ,05-Feb-2019,140.0,139.7,144.0,137.15,138.75,138.1,139.45,416811,58122428.5,3270.0,58439.0,14.02
CGCL,EQ,04-Feb-2019,132.6,129.0,143.0,129.0,139.75,140.0,135.98,522546,71054072.9,5328.0,122261.0,23.40
CGCL,EQ,01-Feb-2019,131.8,131.75,133.9,130.1,133.0,132.6,131.38,734176,96456807.05,3062.0,369384.0,50.31
CGCL,EQ,31-Jan-2019,130.05,130.35,132.45,129.05,132.0,131.8,131.03,576361,75519998.95,2600.0,231156.0,40.11
CGCL,EQ,30-Jan-2019,131.05,130.95,131.6,129.0,130.95,130.05,129.66,348927,45240163.95,2977.0,26374.0,7.56
CGCL,EQ,29-Jan-2019,129.55,129.1,131.9,125.0,131.9,131.05,130.11,408683,53172074.25,6974.0,63861.0,15.63
CGCL,EQ,28-Jan-2019,129.1,129.0,135.25,113.7,127.05,129.55,126.3,517616,65374214.75,3623.0,,-
CGCL,EQ,25-Jan-2019,130.4,130.5,130.85,127.25,130.6,129.1,129.2,387463,50061281.3,3014.0,30334.0,7.83
CGCL,EQ,24-Jan-2019,130.65,130.15,131.15,129.95,130.0,130.4,130.3,326011,42477800.3,1744.0,25252.0,7.75
CGCL,EQ,23-Jan-2019,129.8,130.6,131.65,129.6,130.8,130.65,130.33,350806,45719707.7,2203.0,21210.0,6.05
CGCL,EQ,22-Jan-2019,131.2,131.15,132.0,128.6,131.9,129.8,129.75,371250,48169883.25,4279.0,27199.0,7.33
CGCL,EQ,21-Jan-2019,131.5,131.15,131.9,129.45,130.9,131.2,131.19,338909,44460762.3,2370.0,24404.0,7.20
CGCL,EQ,18-Jan-2019,132.6,132.3,132.3,131.1,131.25,131.5,131.59,373474,49145169.75,2546.0,22673.0,6.07
CGCL,EQ,17-Jan-2019,131.5,131.65,133.5,130.6,132.0,132.6,131.65,395826,52108630.3,2848.0,23830.0,6.02
CGCL,EQ,16-Jan-2019,131.85,131.85,132.6,131.25,131.25,131.5,131.56,316371,41621783.65,1549.0,19171.0,6.06
CGCL,EQ,15-Jan-2019,131.2,131.5,132.2,130.75,131.65,131.85,131.77,326552,43029067.0,2258.0,21082.0,6.46
CGCL,EQ,14-Jan-2019,131.5,131.95,132.0,130.05,131.0,131.2,131.39,304678,40032875.5,1545.0,15175.0,4.98
CGCL,EQ,11-Jan-2019,132.55,132.5,133.15,130.75,131.25,131.5,131.83,315675,41615243.8,2148.0,14252.0,4.51
CGCL,EQ,10-Jan-2019,134.2,134.7,134.7,131.0,131.1,132.55,133.2,377384,50268328.35,3463.0,17137.0,4.54
CGCL,EQ,09-Jan-2019,132.05,131.55,135.2,131.05,134.5,134.2,133.39,483956,64553427.8,4010.0,70148.0,14.49
CGCL,EQ,08-Jan-2019,131.65,131.15,132.7,130.2,132.05,132.05,131.82,414402,54625895.25,2804.0,61939.0,14.95
CGCL,EQ,07-Jan-2019,132.15,133.75,133.75,130.3,132.0,131.65,132.17,407832,53901427.25,4116.0,42097.0,10.32
CGCL,EQ,04-Jan-2019,131.5,131.1,133.7,129.6,132.4,132.15,132.07,400742,52927217.5,3208.0,57353.0,14.31
CGCL,EQ,03-Jan-2019,127.6,127.6,134.0,127.05,132.0,131.5,129.84,460031,59729895.2,4834.0,52300.0,11.37
CGCL,EQ,02-Jan-2019,127.4,127.35,131.5,126.0,126.7,127.6,129.0,414538,53473755.15,4876.0,35391.0,8.54
CGCL,EQ,01-Jan-2019,127.35,127.35,128.7,126.4,126.5,127.4,127.57,397117,50662162.9,4407.0,29378.0,7.40
CGCL,EQ,31-Dec-2018,128.85,128.85,129.7,126.55,127.5,127.35,127.9,396418,50703613.1,4891.0,38886.0,9.81
CGCL,EQ,28-Dec-2020,306.1,307.6,312.6,301.5,304.25,306.35,307.0,85969,26392855.95,4002.0,14697.0,17.10
CGCL,EQ,24-Dec-2020,308.5,311.0,317.5,301.5,305.0,306.1,307.55,114021,35067228.8,6349.0,14676.0,12.87
CGCL,EQ,23-Dec-2020,296.0,297.9,320.0,296.75,307.15,308.5,310.97,233141,72499134.15,7597.0,48010.0,20.59
CGCL,EQ,22-Dec-2020,292.25,293.0,303.0,291.1,296.0,296.0,294.32,133562,39310286.95,1453.0,87050.0,65.18
CGCL,EQ,21-Dec-2020,291.55,294.0,295.8,291.75,292.45,292.25,293.21,61715,18095578.65,766.0,18680.0,30.27
CGCL,EQ,18-Dec-2020,294.35,295.4,295.4,288.3,293.0,291.55,294.16,158705,46685273.65,3308.0,89918.0,56.66
CGCL,EQ,17-Dec-2020,294.15,295.5,295.5,294.0,294.55,294.35,294.67,211532,62332491.45,1581.0,163332.0,77.21
CGCL,EQ,16-Dec-2020,293.55,295.0,296.4,293.5,294.5,294.15,294.81,272615,80369862.6,2505.0,217333.0,79.72
CGCL,EQ,15-Dec-2020,294.3,294.3,295.25,291.25,294.8,293.55,294.49,200178,58949925.95,1641.0,152821.0,76.34
CGCL,EQ,14-Dec-2020,294.2,295.7,296.95,287.0,294.0,294.3,294.03,178013,52341227.85,2151.0,112195.0,63.03
CGCL,EQ,11-Dec-2020,294.15,294.15,297.4,294.0,294.85,294.2,294.67,197420,58174152.75,1822.0,140939.0,71.39
CGCL,EQ,10-Dec-2020,294.55,294.1,296.45,291.35,294.95,294.15,294.52,234002,68917397.55,2706.0,177713.0,75.95
CGCL,EQ,09-Dec-2020,294.5,296.0,296.7,293.55,293.55,294.55,294.77,222009,65441574.55,3746.0,159467.0,71.83
CGCL,EQ,08-Dec-2020,294.6,297.5,297.5,294.0,294.2,294.5,294.84,232046,68416581.15,2778.0,161019.0,69.39
CGCL,EQ,07-Dec-2020,292.25,298.8,299.0,294.0,294.0,294.6,294.84,209781,61851287.85,2675.0,162040.0,77.24
CGCL,EQ,04-Dec-2020,294.85,296.0,297.0,292.0,292.45,292.25,292.98,204379,59878406.5,1557.0,161185.0,78.87
CGCL,EQ,03-Dec-2020,292.5,291.0,299.9,291.0,294.5,294.85,295.52,53163,15710492.5,1085.0,12511.0,23.53
CGCL,EQ,02-Dec-2020,296.65,298.95,304.4,289.1,290.55,292.5,296.47,82997,24606499.1,4960.0,15672.0,18.88
CGCL,EQ,01-Dec-2020,291.5,293.0,300.0,286.3,299.15,296.65,294.15,89288,26264116.9,5945.0,11359.0,12.72
CGCL,EQ,27-Nov-2020,290.35,291.85,294.4,290.0,290.2,291.5,291.64,53544,15615538.25,3554.0,5847.0,10.92
CGCL,EQ,26-Nov-2020,291.55,294.15,294.15,286.0,290.8,290.35,290.48,62381,18120364.45,3650.0,19032.0,30.51
CGCL,EQ,25-Nov-2020,297.65,300.4,300.4,290.0,291.25,291.55,293.49,71587,21009896.3,3788.0,19663.0,27.47
CGCL,EQ,24-Nov-2020,285.6,291.9,300.5,287.6,298.0,297.65,297.09,137043,40713438.65,5324.0,39172.0,28.58
CGCL,EQ,23-Nov-2020,272.7,275.0,286.0,272.75,285.95,285.6,280.54,116044,32554611.5,3732.0,55819.0,48.10
CGCL,EQ,20-Nov-2020,277.15,285.0,285.0,267.15,272.35,272.7,274.95,103375,28422586.0,2862.0,20141.0,19.48
CGCL,EQ,19-Nov-2020,260.65,263.0,279.0,260.65,279.0,277.15,267.77,183596,49161217.2,6907.0,54116.0,29.48
CGCL,EQ,18-Nov-2020,248.2,249.95,262.8,248.0,260.3,260.65,254.98,161380,41148221.9,7032.0,40214.0,24.92
CGCL,EQ,17-Nov-2020,251.4,251.4,254.2,246.4,248.5,248.2,249.12,202486,50443469.95,2920.0,132909.0,65.64
CGCL,EQ,14-Nov-2020,248.35,250.0,254.0,249.05,252.0,251.4,251.29,21014,5280695.75,383.0,7684.0,36.57
CGCL,EQ,13-Nov-2020,247.35,248.55,252.55,248.05,248.5,248.35,248.65,197149,49020647.6,2082.0,136664.0,69.32
CGCL,EQ,12-Nov-2020,247.85,248.7,253.8,247.0,247.9,247.35,248.24,63217,15693191.65,1788.0,19215.0,30.40
CGCL,EQ,11-Nov-2020,250.8,251.9,253.8,244.05,247.1,247.85,248.5,261005,64859946.05,3454.0,172197.0,65.97
CGCL,EQ,10-Nov-2020,245.9,247.15,252.4,247.15,249.5,250.8,248.62,243410,60515855.45,2598.0,164093.0,67.41
CGCL,EQ,09-Nov-2020,246.15,248.0,251.35,240.05,244.5,245.9,248.91,259338,64552039.0,3672.0,167129.0,64.44
CGCL,EQ,06-Nov-2020,252.6,255.0,258.0,240.3,244.9,246.15,248.64,262293,65216442.6,3756.0,187523.0,71.49
CGCL,EQ,05-Nov-2020,244.85,248.0,254.75,247.95,252.55,252.6,248.95,222761,55455925.05,2389.0,167625.0,75.25
CGCL,EQ,04-Nov-2020,248.3,249.55,253.95,244.0,245.05,244.85,248.39,248881,61819170.0,5616.0,181584.0,72.96
CGCL,EQ,03-Nov-2020,249.3,250.55,252.4,248.0,248.0,248.3,248.65,215025,53465517.1,3311.0,159538.0,74.20
CGCL,EQ,02-Nov-2020,248.2,248.0,254.8,248.0,249.5,249.3,249.03,138771,34557594.7,2450.0,76984.0,55.48
CGCL,EQ,30-Oct-2020,247.0,247.0,249.95,240.2,248.0,248.2,245.52,73582,18066033.7,2783.0,18465.0,25.09
CGCL,EQ,29-Oct-2020,245.7,245.45,247.95,242.0,247.25,247.0,244.34,82420,20138318.05,4272.0,22132.0,26.85
CGCL,EQ,28-Oct-2020,241.8,245.0,248.0,238.6,247.9,245.7,242.61,73923,17934683.95,3622.0,29826.0,40.35
CGCL,EQ,27-Oct-2020,237.35,237.0,243.85,234.55,241.0,241.8,238.31,131711,31387533.8,5199.0,15275.0,11.60
CGCL,EQ,26-Oct-2020,238.45,240.4,241.0,234.2,237.05,237.35,238.46,84147,20065795.85,3037.0,14098.0,16.75
CGCL,EQ,23-Oct-2020,239.75,240.7,245.65,236.25,238.0,238.45,240.03,118836,28523947.25,2585.0,44181.0,37.18
CGCL,EQ,22-Oct-2020,240.2,241.45,243.85,238.7,239.15,239.75,239.78,253640,60818950.4,1259.0,212945.0,83.96
CGCL,EQ,21-Oct-2020,244.0,245.0,245.0,236.75,240.05,240.2,239.99,255180,61241530.85,2794.0,140196.0,54.94
CGCL,EQ,20-Oct-2020,239.05,242.0,248.35,238.15,243.7,244.0,241.13,217246,52384206.5,3495.0,114154.0,52.55
CGCL,EQ,19-Oct-2020,239.45,240.65,243.05,238.95,239.65,239.05,240.11,77594,18631005.15,1156.0,27846.0,35.89
CGCL,EQ,16-Oct-2020,233.7,238.0,244.0,238.0,239.7,239.45,239.91,184949,44371768.1,2265.0,112810.0,61.00
CGCL,EQ,15-Oct-2020,240.45,241.3,244.0,232.25,234.05,233.7,239.03,202177,48326179.75,4053.0,123391.0,61.03
CGCL,EQ,14-Oct-2020,238.9,238.9,242.5,238.8,240.0,240.45,239.76,161947,38827800.8,1939.0,109073.0,67.35
CGCL,EQ,13-Oct-2020,238.95,240.9,249.8,238.7,238.9,238.9,241.69,501110,121113312.85,5859.0,210927.0,42.09
CGCL,EQ,12-Oct-2020,241.15,241.95,250.0,238.75,238.75,238.95,241.35,588010,141918142.95,7234.0,327419.0,55.68
CGCL,EQ,09-Oct-2020,235.8,238.0,248.6,238.0,240.5,241.15,242.49,328466,79648408.9,5308.0,141976.0,43.22
CGCL,EQ,08-Oct-2020,234.85,234.55,236.2,234.5,235.5,235.8,235.82,122172,28811015.85,1471.0,85193.0,69.73
CGCL,EQ,07-Oct-2020,235.5,236.7,238.15,232.05,235.0,234.85,236.48,50419,11923230.05,1622.0,12726.0,25.24
CGCL,EQ,06-Oct-2020,237.45,236.05,242.2,234.65,235.5,235.5,237.33,84693,20100574.05,2120.0,41489.0,48.99
CGCL,EQ,05-Oct-2020,234.3,232.0,242.5,232.0,237.95,237.45,237.71,91187,21675963.4,3123.0,42839.0,46.98
CGCL,EQ,01-Oct-2020,235.65,236.8,237.0,229.3,234.95,234.3,233.97,56295,13171092.55,4152.0,12946.0,23.00
CGCL,EQ,30-Sep-2020,223.2,225.0,237.0,221.5,235.5,235.65,228.65,80294,18359482.7,3755.0,17702.0,22.05
CGCL,EQ,29-Sep-2020,227.9,230.0,230.0,221.15,223.0,223.2,226.3,50329,11389237.4,2785.0,11621.0,23.09
CGCL,EQ,28-Sep-2020,223.85,225.0,231.15,222.85,225.35,227.9,227.03,74961,17018590.75,4523.0,11872.0,15.84
CGCL,EQ,25-Sep-2020,222.6,225.0,229.45,221.0,222.35,223.85,224.83,49370,11099846.2,2429.0,7118.0,14.42
CGCL,EQ,24-Sep-2020,225.95,225.05,228.1,217.3,224.7,222.6,220.47,69826,15394752.15,4168.0,17622.0,25.24
CGCL,EQ,23-Sep-2020,228.25,228.25,234.5,216.55,227.0,225.95,227.17,93387,21215158.3,5686.0,21588.0,23.12
CGCL,EQ,22-Sep-2020,227.6,228.75,234.85,225.0,229.0,228.25,229.46,75237,17263860.6,2497.0,27089.0,36.00
CGCL,EQ,21-Sep-2020,232.85,240.0,252.0,223.8,227.05,227.6,239.57,210137,50342228.55,6672.0,69807.0,33.22
CGCL,EQ,18-Sep-2020,217.95,220.0,235.0,220.0,234.95,232.85,228.91,136529,31253150.3,4873.0,67213.0,49.23
CGCL,EQ,17-Sep-2020,222.95,222.5,225.0,216.5,220.95,217.95,220.91,55214,12197185.8,3190.0,8101.0,14.67
CGCL,EQ,16-Sep-2020,226.9,227.9,232.95,220.25,221.9,222.95,228.42,89501,20444033.6,4429.0,15258.0,17.05
CGCL,EQ,15-Sep-2020,223.8,224.0,233.9,219.1,226.35,226.9,227.15,146007,33164849.15,4846.0,36440.0,24.96
CGCL,EQ,14-Sep-2020,216.65,217.75,225.45,216.65,223.7,223.8,221.57,79891,17701081.35,4169.0,19946.0,24.97
CGCL,EQ,11-Sep-2020,217.9,218.0,223.85,215.0,215.55,216.65,220.34,66311,14610743.25,4015.0,13883.0,20.94
CGCL,EQ,10-Sep-2020,217.15,217.5,222.75,215.15,216.1,217.9,219.64,60393,13265012.9,3527.0,8146.0,13.49
CGCL,EQ,09-Sep-2020,225.4,224.0,225.15,215.25,217.5,217.15,221.44,73286,16228290.35,3597.0,27119.0,37.00
CGCL,EQ,08-Sep-2020,225.4,226.0,227.0,222.25,223.0,225.4,224.96,58334,13122594.45,3643.0,7755.0,13.29
CGCL,EQ,07-Sep-2020,225.1,225.1,227.65,222.1,226.0,225.4,224.97,72760,16368656.2,4857.0,21865.0,30.05
CGCL,EQ,04-Sep-2020,219.9,216.0,226.8,216.0,224.5,225.1,221.95,80353,17834301.7,4971.0,18829.0,23.43
CGCL,EQ,03-Sep-2020,220.1,221.25,223.25,216.95,223.0,219.9,220.54,63662,14039769.6,4449.0,6499.0,10.21
CGCL,EQ,02-Sep-2020,213.0,214.0,223.9,213.25,220.0,220.1,220.42,60228,13275292.55,3226.0,10632.0,17.65
CGCL,EQ,01-Sep-2020,218.65,217.2,224.8,211.2,213.0,213.0,215.64,69464,14978975.35,5095.0,4180.0,6.02
CGCL,EQ,31-Aug-2020,224.1,225.4,227.5,216.1,219.0,218.65,222.08,102389,22738256.75,5321.0,29355.0,28.67
CGCL,EQ,28-Aug-2020,225.35,226.5,227.45,222.65,224.0,224.1,224.72,69526,15623869.5,4141.0,12369.0,17.79
CGCL,EQ,27-Aug-2020,222.3,224.15,231.25,221.55,225.1,225.35,226.37,130758,29599257.3,5603.0,33451.0,25.58
CGCL,EQ,26-Aug-2020,217.55,218.35,226.0,213.95,224.1,222.3,220.04,128276,28226031.15,4036.0,49873.0,38.88
CGCL,EQ,25-Aug-2020,215.55,216.0,219.75,214.1,217.0,217.55,217.72,83456,18169675.3,4359.0,13315.0,15.95
CGCL,EQ,24-Aug-2020,203.8,202.05,221.0,201.15,216.0,215.55,211.94,169575,35940181.15,6688.0,59735.0,35.23
CGCL,EQ,21-Aug-2020,202.7,202.95,206.85,201.05,201.05,203.8,203.29,63869,12983665.25,1990.0,19654.0,30.77
CGCL,EQ,20-Aug-2020,205.8,205.0,206.95,202.0,205.0,202.7,204.37,65896,13467385.2,3881.0,14848.0,22.53
CGCL,EQ,19-Aug-2020,207.4,206.95,209.7,205.1,205.45,205.8,207.1,92090,19071457.35,3474.0,33679.0,36.57
CGCL,EQ,18-Aug-2020,206.75,209.45,211.0,204.1,206.0,207.4,207.76,121587,25261379.7,4265.0,33650.0,27.68
CGCL,EQ,17-Aug-2020,202.75,202.75,216.9,197.65,209.2,206.75,209.83,235503,49416591.7,7274.0,67148.0,28.51
CGCL,EQ,14-Aug-2020,201.7,199.0,204.2,199.0,202.75,202.75,201.37,70440,14184594.75,2231.0,21957.0,31.17
CGCL,EQ,13-Aug-2020,204.75,205.95,205.95,201.0,201.0,201.7,203.39,48156,9794326.3,1973.0,4747.0,9.86
CGCL,EQ,12-Aug-2020,204.2,201.7,205.5,198.05,204.5,204.75,202.66,75457,15292073.4,1663.0,18023.0,23.89
CGCL,EQ,11-Aug-2020,204.1,204.1,208.95,203.2,205.2,204.2,205.65,89944,18497286.2,1625.0,24318.0,27.04
CGCL,EQ,10-Aug-2020,205.25,205.65,209.75,202.7,204.45,204.1,205.23,18819,3862308.1,570.0,5480.0,29.12
CGCL,EQ,07-Aug-2020,204.55,204.95,207.85,204.0,206.7,205.25,205.34,46533,9555009.25,619.0,33434.0,71.85
CGCL,EQ,06-Aug-2020,204.55,205.1,209.0,200.65,204.5,204.55,205.48,22990,4724036.75,450.0,10477.0,45.57
CGCL,EQ,05-Aug-2020,200.7,199.2,210.0,199.2,203.75,204.55,206.17,40101,8267606.05,887.0,21970.0,54.79
CGCL,EQ,04-Aug-2020,198.1,195.0,202.7,192.05,202.5,200.7,198.54,34002,6750662.35,518.0,12479.0,36.70
CGCL,EQ,03-Aug-2020,204.0,204.0,204.9,197.5,197.5,198.1,200.65,62969,12634849.9,2767.0,20693.0,32.86
CGCL,EQ,31-Jul-2020,194.7,189.0,206.8,186.15,205.8,204.0,198.24,447949,88802375.2,9029.0,74133.0,16.55
CGCL,EQ,30-Jul-2020,183.7,179.0,198.0,177.05,194.25,194.7,187.83,490430,92116326.45,10732.0,88077.0,17.96
CGCL,EQ,29-Jul-2020,158.75,159.0,189.0,159.0,184.0,183.7,178.25,898881,160222332.25,17181.0,127490.0,14.18
CGCL,EQ,28-Jul-2020,152.65,154.5,161.0,153.2,158.45,158.75,158.02,151185,23890194.7,4379.0,20370.0,13.47
CGCL,EQ,27-Jul-2020,151.5,150.6,157.0,145.75,153.9,152.65,146.76,902709,132479906.7,5181.0,826907.0,91.60
CGCL,EQ,24-Jul-2020,155.3,153.0,155.0,146.0,152.85,151.5,151.91,170629,25920094.7,7877.0,36802.0,21.57
CGCL,EQ,23-Jul-2020,165.45,164.2,168.25,153.1,154.7,155.3,154.53,1044525,161409433.65,8356.0,852785.0,81.64
CGCL,EQ,22-Jul-2020,168.95,170.65,172.85,164.3,164.6,165.45,167.58,135172,22652298.3,3912.0,10864.0,8.04
CGCL,EQ,21-Jul-2020,181.75,182.7,189.9,167.0,169.7,168.95,178.48,188191,33588448.05,6421.0,49644.0,26.38
CGCL,EQ,20-Jul-2020,168.2,169.05,189.4,168.0,185.5,181.75,176.05,137953,24286226.7,5347.0,31673.0,22.96
CGCL,EQ,17-Jul-2020,167.1,167.4,171.85,165.7,169.45,168.2,168.7,77160,13017149.4,2830.0,7396.0,9.59
CGCL,EQ,16-Jul-2020,169.7,170.55,172.95,166.0,167.5,167.1,167.76,92039,15440647.25,3939.0,6488.0,7.05
CGCL,EQ,15-Jul-2020,169.35,170.25,173.15,167.8,170.5,169.7,169.91,124129,21090446.8,3355.0,18025.0,14.52
CGCL,EQ,14-Jul-2020,171.4,172.0,174.3,168.0,168.1,169.35,169.39,104200,17650529.6,3310.0,6249.0,6.00
CGCL,EQ,13-Jul-2020,170.8,171.6,175.75,167.1,171.0,171.4,173.09,122763,21248753.3,3434.0,18171.0,14.80
CGCL,EQ,10-Jul-2020,172.05,171.5,174.65,168.05,168.25,170.8,172.6,105772,18256412.4,2361.0,9394.0,8.88
CGCL,EQ,09-Jul-2020,172.0,171.55,176.2,171.55,172.0,172.05,173.21,139950,24240180.3,2713.0,17657.0,12.62
CGCL,EQ,08-Jul-2020,176.85,176.85,176.85,170.25,172.0,172.0,173.78,119345,20739623.05,2901.0,30486.0,25.54
CGCL,EQ,07-Jul-2020,176.45,177.3,179.0,174.35,175.2,176.85,175.8,76704,13484655.75,1986.0,9040.0,11.79
CGCL,EQ,06-Jul-2020,176.45,177.35,179.8,176.0,176.0,176.45,177.9,41463,7376330.55,1711.0,18701.0,45.10
CGCL,EQ,03-Jul-2020,175.35,174.0,179.8,171.6,175.0,176.45,176.0,148761,26182204.05,3543.0,35647.0,23.96
CGCL,EQ,02-Jul-2020,169.9,172.95,176.35,167.0,175.0,175.35,171.76,151129,25957392.55,4055.0,42814.0,28.33
CGCL,EQ,01-Jul-2020,168.3,169.0,170.75,162.05,170.0,169.9,167.14,112465,18797704.2,2787.0,33988.0,30.22
CGCL,EQ,30-Jun-2020,162.05,160.0,170.0,157.0,168.5,168.3,164.12,139782,22941706.2,3733.0,36241.0,25.93
CGCL,EQ,29-Jun-2020,160.95,160.0,164.55,155.55,161.35,162.05,159.22,98107,15620330.15,3835.0,15537.0,15.84
CGCL,EQ,26-Jun-2020,157.0,157.75,165.45,156.0,160.0,160.95,161.52,137046,22135984.8,5600.0,33532.0,24.47
CGCL,EQ,25-Jun-2020,154.65,153.0,159.45,150.05,159.0,157.0,154.87,166020,25711029.75,4510.0,51588.0,31.07
CGCL,EQ,24-Jun-2020,150.35,151.1,155.8,147.85,155.0,154.65,150.61,149891,22575434.4,2742.0,42292.0,28.22
CGCL,EQ,23-Jun-2020,153.3,155.95,158.9,147.05,149.65,150.35,151.57,134689,20414569.2,5170.0,37992.0,28.21
CGCL,EQ,22-Jun-2020,144.45,146.0,158.0,145.25,156.05,153.3,149.59,189896,28406995.85,5011.0,81493.0,42.91
CGCL,EQ,19-Jun-2020,132.3,134.95,146.3,133.0,145.55,144.45,140.85,374657,52770053.95,7381.0,118531.0,31.64
CGCL,EQ,18-Jun-2020,124.6,125.9,134.75,123.55,132.45,132.3,129.42,193932,25097791.0,6384.0,59687.0,30.78
CGCL,EQ,17-Jun-2020,124.35,124.35,126.8,122.6,125.4,124.6,124.63,96915,12078485.2,1188.0,17631.0,18.19
CGCL,EQ,16-Jun-2020,124.8,128.7,128.7,122.5,125.0,124.35,126.02,111979,14111403.2,3033.0,22730.0,20.30
CGCL,EQ,15-Jun-2020,126.95,127.0,129.5,124.15,125.0,124.8,125.82,98606,12406184.45,2637.0,19646.0,19.92
CGCL,EQ,12-Jun-2020,128.85,124.8,128.45,122.25,126.0,126.95,125.27,119781,15004437.65,2766.0,25812.0,21.55
CGCL,EQ,11-Jun-2020,129.45,129.45,132.9,128.05,128.15,128.85,129.86,113554,14746595.4,2305.0,17561.0,15.46
CGCL,EQ,10-Jun-2020,133.95,133.95,134.6,126.5,129.2,129.45,129.24,175765,22716346.85,4816.0,57190.0,32.54
CGCL,EQ,09-Jun-2020,135.6,136.25,137.05,132.65,134.0,133.95,135.14,97081,13119863.15,2144.0,20104.0,20.71
CGCL,EQ,08-Jun-2020,132.7,134.5,138.15,133.65,135.5,135.6,136.0,151276,20573068.8,3374.0,34832.0,23.03
CGCL,EQ,05-Jun-2020,135.2,136.7,138.3,130.3,132.95,132.7,131.9,252003,33239229.0,3582.0,114792.0,45.55
CGCL,EQ,04-Jun-2020,145.1,144.0,145.45,132.1,136.95,135.2,138.17,214652,29659253.6,4890.0,84369.0,39.31
CGCL,EQ,03-Jun-2020,144.3,145.05,147.6,143.8,146.0,145.1,145.95,111439,16264094.15,2051.0,12719.0,11.41
CGCL,EQ,02-Jun-2020,147.1,146.65,146.8,142.3,144.0,144.3,144.26,118138,17042740.45,1627.0,25489.0,21.58
CGCL,EQ,01-Jun-2020,145.1,145.1,151.0,143.9,145.6,147.1,147.57,163499,24127956.5,3395.0,47231.0,28.89
CGCL,EQ,29-May-2020,146.05,145.0,147.9,142.65,143.7,145.1,145.25,127181,18472970.6,3051.0,14637.0,11.51
CGCL,EQ,28-May-2020,148.05,147.65,151.0,142.25,144.0,146.05,146.77,137546,20186945.2,2708.0,27945.0,20.32
CGCL,EQ,27-May-2020,146.05,146.05,149.7,145.4,147.45,148.05,147.12,144524,21261882.35,1878.0,18898.0,13.08
CGCL,EQ,26-May-2020,149.05,150.0,152.0,145.1,146.5,146.05,148.75,149723,22270673.3,2364.0,16191.0,10.81
CGCL,EQ,22-May-2020,147.25,148.1,152.5,147.2,148.65,149.05,149.49,154385,23078351.5,2209.0,18551.0,12.02
CGCL,EQ,21-May-2020,149.55,148.05,153.9,141.55,147.05,147.25,150.78,159122,23993203.6,2533.0,12379.0,7.78
CGCL,EQ,20-May-2020,150.5,148.1,152.9,148.05,149.45,149.55,149.64,113045,16916228.3,1216.0,12969.0,11.47
CGCL,EQ,19-May-2020,149.2,152.7,153.95,146.7,149.5,150.5,150.04,143424,21519395.6,1816.0,12677.0,8.84
CGCL,EQ,18-May-2020,158.15,159.95,180.0,143.9,149.75,149.2,150.14,158482,23793755.85,2480.0,23905.0,15.08
CGCL,EQ,15-May-2020,148.3,149.45,159.65,147.15,159.1,158.15,153.64,206069,31659809.5,3023.0,41357.0,20.07
CGCL,EQ,14-May-2020,140.25,139.0,150.5,138.95,149.0,148.3,145.94,181382,26471042.35,2516.0,50862.0,28.04
CGCL,EQ,13-May-2020,137.65,141.8,144.0,138.15,140.05,140.25,140.52,154787,21750707.45,1575.0,22360.0,14.45
CGCL,EQ,12-May-2020,138.75,141.85,141.85,135.1,137.1,137.65,137.72,171300,23592180.75,2441.0,22266.0,13.00
CGCL,EQ,11-May-2020,143.0,141.15,143.9,137.55,138.0,138.75,140.67,177507,24969497.6,1773.0,23586.0,13.29
CGCL,EQ,08-May-2020,138.65,141.0,147.0,139.2,144.0,143.0,141.15,181108,25563088.05,1446.0,37563.0,20.74
CGCL,EQ,07-May-2020,139.4,140.8,143.95,136.05,138.3,138.65,139.7,178916,24994912.3,2086.0,28857.0,16.13
CGCL,EQ,06-May-2020,137.6,139.0,142.0,136.5,139.2,139.4,139.12,293774,40870315.5,1979.0,223055.0,75.93
CGCL,EQ,05-May-2020,135.65,139.9,146.5,135.0,136.0,137.6,138.78,473536,65716381.05,3524.0,365528.0,77.19
CGCL,EQ,04-May-2020,150.9,149.5,149.8,130.95,138.15,135.65,139.52,440753,61494928.6,6315.0,191267.0,43.40
CGCL,EQ,30-Apr-2020,145.0,150.0,172.0,145.55,149.95,150.9,162.65,568655,92494001.75,11442.0,128064.0,22.52
CGCL,EQ,29-Apr-2020,135.7,135.0,145.95,130.2,145.5,145.0,140.34,322019,45193667.55,6823.0,114182.0,35.46
CGCL,EQ,28-Apr-2020,117.75,118.0,139.35,117.0,134.35,135.7,131.48,468981,61659697.25,11587.0,103088.0,21.98
CGCL,EQ,27-Apr-2020,118.6,124.85,124.85,115.8,117.05,117.75,117.15,206109,24145399.95,2280.0,59316.0,28.78
CGCL,EQ,24-Apr-2020,122.35,124.6,124.6,118.0,118.95,118.6,118.61,167871,19911802.75,1894.0,27652.0,16.47
CGCL,EQ,23-Apr-2020,124.6,124.0,125.2,121.0,121.25,122.35,122.27,183611,22450259.4,2205.0,36151.0,19.69
CGCL,EQ,22-Apr-2020,122.5,122.5,125.0,121.0,124.5,124.6,123.46,25896,3197247.7,389.0,11677.0,45.09
CGCL,EQ,21-Apr-2020,130.35,130.0,130.0,116.95,122.0,122.5,121.49,44094,5357193.95,767.0,21126.0,47.91
CGCL,EQ,20-Apr-2020,136.55,143.0,143.0,128.5,129.5,130.35,135.69,55922,7588192.9,1358.0,31828.0,56.91
CGCL,EQ,17-Apr-2020,120.6,124.75,138.5,123.0,136.8,136.55,133.6,100743,13459370.4,4268.0,54325.0,53.92
CGCL,EQ,16-Apr-2020,119.55,124.0,124.0,118.1,120.1,120.6,120.1,52107,6258307.65,652.0,31336.0,60.14
CGCL,EQ,15-Apr-2020,117.85,117.85,120.95,117.85,119.0,119.55,119.41,37345,4459250.9,778.0,13815.0,36.99
CGCL,EQ,13-Apr-2020,127.4,124.6,126.05,115.15,117.0,117.85,121.77,127077,15473586.15,3244.0,,-
CGCL,EQ,09-Apr-2020,128.1,132.0,135.7,122.0,126.05,127.4,131.73,234021,30827340.9,3358.0,29846.0,12.75
CGCL,EQ,08-Apr-2020,135.0,134.85,145.3,125.05,129.5,128.1,137.28,205000,28141766.3,4023.0,48172.0,23.50
CGCL,EQ,07-Apr-2020,144.4,148.0,148.0,132.65,133.1,135.0,135.71,238215,32328040.55,4226.0,30127.0,12.65
CGCL,EQ,03-Apr-2020,158.25,156.3,158.25,141.25,142.0,144.4,151.01,229008,34581731.25,4960.0,23296.0,10.17
CGCL,EQ,01-Apr-2020,170.8,170.5,172.25,155.0,158.0,158.25,167.27,238132,39832429.85,3237.0,39319.0,16.51
CGCL,EQ,31-Mar-2020,169.85,172.35,173.0,165.0,170.0,170.8,169.68,181771,30842840.6,1694.0,2011.0,1.11
CGCL,EQ,30-Mar-2020,174.9,174.9,174.9,168.0,170.1,169.85,169.45,180098,30516952.35,676.0,21717.0,12.06
CGCL,EQ,27-Mar-2020,174.7,175.95,180.55,171.1,177.7,174.9,175.27,205576,36030378.75,1014.0,37338.0,18.16
CGCL,EQ,26-Mar-2020,173.1,174.5,180.0,160.45,162.2,174.7,176.5,222544,39278208.5,1131.0,59308.0,26.65
CGCL,EQ,25-Mar-2020,177.8,171.0,182.0,166.0,173.4,173.1,172.54,212359,36640384.3,1081.0,53343.0,25.12
CGCL,EQ,24-Mar-2020,162.8,170.0,195.35,155.0,180.0,177.8,168.66,223247,37651934.05,1703.0,36309.0,16.26
CGCL,EQ,23-Mar-2020,177.9,165.0,178.0,143.0,163.65,162.8,166.0,199346,33090717.9,1223.0,171271.0,85.92
CGCL,EQ,20-Mar-2020,179.0,179.0,183.0,169.7,181.0,177.9,179.96,177099,31870414.1,4740.0,121663.0,68.70
CGCL,EQ,19-Mar-2020,183.0,174.0,191.95,173.0,175.0,179.0,176.68,323718,57194594.25,6038.0,13976.0,4.32
CGCL,EQ,18-Mar-2020,188.65,185.55,192.0,175.05,182.1,183.0,177.55,333392,59192744.1,6843.0,22104.0,6.63
CGCL,EQ,17-Mar-2020,174.85,174.9,191.95,174.0,187.0,188.65,182.35,188829,34433237.35,5404.0,26799.0,14.19
CGCL,EQ,16-Mar-2020,200.8,191.0,200.0,170.05,177.9,174.85,189.62,339020,64283660.25,7094.0,21860.0,6.45
CGCL,EQ,13-Mar-2020,200.6,173.0,203.9,173.0,202.7,200.8,193.3,322399,62318516.15,5418.0,28924.0,8.97
CGCL,EQ,12-Mar-2020,207.75,204.4,204.9,182.1,204.55,200.6,190.48,259489,49427796.05,5815.0,48181.0,18.57
CGCL,EQ,11-Mar-2020,206.6,206.6,213.9,200.05,201.0,207.75,209.63,265862,55732857.45,9019.0,19173.0,7.21
CGCL,EQ,09-Mar-2020,212.9,209.2,210.2,203.1,207.2,206.6,207.69,417496,86710342.65,3783.0,81409.0,19.50
CGCL,EQ,06-Mar-2020,215.55,213.4,214.9,207.25,214.0,212.9,211.41,356405,75346857.65,3821.0,25696.0,7.21
CGCL,EQ,05-Mar-2020,215.3,214.15,216.3,214.05,214.3,215.55,214.95,323477,69532995.8,3173.0,24964.0,7.72
CGCL,EQ,04-Mar-2020,215.4,214.2,220.0,212.05,215.45,215.3,215.72,383158,82654810.55,11405.0,36231.0,9.46
CGCL,EQ,03-Mar-2020,214.3,216.5,218.5,212.0,214.1,215.4,214.23,325361,69702980.0,4289.0,32714.0,10.05
CGCL,EQ,02-Mar-2020,206.25,207.5,216.5,203.05,213.05,214.3,208.94,367110,76704850.2,4671.0,63041.0,17.17
CGCL,EQ,28-Feb-2020,210.45,209.95,213.6,199.0,206.0,206.25,206.38,336662,69479990.6,3704.0,31822.0,9.45
CGCL,EQ,27-Feb-2020,209.85,207.05,214.9,203.15,213.0,210.45,207.46,295586,61322349.5,2943.0,25949.0,8.78
CGCL,EQ,26-Feb-2020,203.7,202.8,212.0,198.6,209.5,209.85,205.27,339369,69661777.95,2768.0,57243.0,16.87
CGCL,EQ,25-Feb-2020,208.2,208.0,208.95,202.65,203.9,203.7,204.12,333184,68010452.25,3196.0,45201.0,13.57
CGCL,EQ,24-Feb-2020,211.25,213.0,213.0,205.4,205.75,208.2,207.87,324866,67529676.1,4304.0,32100.0,9.88
CGCL,EQ,20-Feb-2020,211.7,211.9,213.95,210.05,210.7,211.25,211.44,184192,38945455.75,3370.0,54245.0,29.45
CGCL,EQ,19-Feb-2020,213.8,212.35,215.85,207.2,209.9,211.7,214.04,336842,72099203.35,4378.0,38341.0,11.38
CGCL,EQ,18-Feb-2020,215.95,214.0,215.4,212.0,213.7,213.8,213.48,326854,69776597.7,3738.0,35497.0,10.86
CGCL,EQ,17-Feb-2020,220.55,220.0,220.0,212.4,215.0,215.95,216.41,354781,76779090.8,6550.0,36402.0,10.26
CGCL,EQ,14-Feb-2020,219.85,219.0,230.0,217.3,218.15,220.55,223.88,440708,98665924.6,7971.0,79613.0,18.06
CGCL,EQ,13-Feb-2020,221.85,222.0,222.8,215.5,219.1,219.85,220.35,408273,89961400.5,6484.0,92730.0,22.71
CGCL,EQ,12-Feb-2020,218.2,220.0,224.0,212.0,219.0,221.85,218.47,357572,78117379.85,6569.0,61579.0,17.22
CGCL,EQ,11-Feb-2020,209.3,212.0,223.8,202.35,217.1,218.2,216.44,568990,123154332.8,11255.0,157934.0,27.76
CGCL,EQ,10-Feb-2020,211.9,207.0,214.2,207.0,208.0,209.3,210.0,322054,67630658.6,2597.0,40454.0,12.56
CGCL,EQ,07-Feb-2020,210.3,210.3,213.0,207.9,210.6,211.9,210.36,342570,72062189.15,4749.0,32531.0,9.50
CGCL,EQ,06-Feb-2020,208.25,208.45,214.4,205.1,207.15,210.3,209.29,378669,79253466.45,6082.0,45581.0,12.04
CGCL,EQ,05-Feb-2020,204.7,203.0,210.5,203.0,208.8,208.25,206.83,367242,75954909.5,5579.0,30584.0,8.33
CGCL,EQ,04-Feb-2020,198.15,197.95,210.25,197.2,203.0,204.7,202.97,441530,89615643.1,8950.0,59242.0,13.42
CGCL,EQ,03-Feb-2020,199.45,199.45,199.6,192.15,198.7,198.15,194.49,308027,59908817.35,5239.0,69357.0,22.52
CGCL,EQ,01-Feb-2020,193.9,195.9,202.0,189.55,197.05,199.45,195.91,239555,46930305.8,6917.0,61948.0,25.86
CGCL,EQ,31-Jan-2020,194.25,190.3,195.0,188.15,193.5,193.9,191.58,534991,102491219.05,6971.0,314511.0,58.79
CGCL,EQ,30-Jan-2020,189.9,190.0,195.4,181.1,193.8,194.25,188.61,548428,103437412.25,6604.0,276717.0,50.46
CGCL,EQ,29-Jan-2020,191.75,191.0,192.9,186.05,188.0,189.9,187.76,535636,100572016.0,6838.0,131548.0,24.56
CGCL,EQ,28-Jan-2020,193.15,195.0,195.0,186.05,190.0,191.75,189.14,297526,56274740.7,5232.0,76848.0,25.83
CGCL,EQ,27-Jan-2020,189.75,184.05,195.3,182.2,192.9,193.15,185.9,528722,98291065.75,6205.0,117868.0,22.29
CGCL,EQ,24-Jan-2020,193.0,190.5,197.15,186.8,188.25,189.75,191.26,524633,100340239.3,6622.0,141351.0,26.94
CGCL,EQ,23-Jan-2020,196.5,196.6,198.75,186.0,190.7,193.0,196.87,337815,66506171.4,5039.0,40284.0,11.92
CGCL,EQ,22-Jan-2020,196.95,200.0,200.0,195.25,195.25,196.5,197.05,336462,66301415.25,4438.0,32182.0,9.56
CGCL,EQ,21-Jan-2020,196.5,196.0,198.65,194.3,197.5,196.95,196.65,388784,76454109.15,4713.0,35692.0,9.18
CGCL,EQ,20-Jan-2020,196.75,200.0,200.0,195.1,195.4,196.5,196.98,328500,64708164.15,3740.0,26678.0,8.12
CGCL,EQ,17-Jan-2020,196.75,196.7,198.8,195.0,196.95,196.75,196.2,288624,56626933.8,4052.0,28273.0,9.80
CGCL,EQ,16-Jan-2020,198.75,198.6,201.05,194.1,195.6,196.75,196.12,290726,57016971.95,5291.0,34719.0,11.94
CGCL,EQ,15-Jan-2020,199.05,199.85,199.85,197.15,198.0,198.75,198.55,276250,54848872.6,2860.0,28007.0,10.14
CGCL,EQ,14-Jan-2020,198.3,197.0,201.0,196.0,197.55,199.05,198.01,287418,56911176.8,4874.0,5102.0,1.78
CGCL,EQ,13-Jan-2020,201.75,201.25,201.45,197.0,198.0,198.3,198.27,317253,62900846.45,4886.0,43859.0,13.82
CGCL,EQ,10-Jan-2020,199.55,201.5,204.0,198.25,200.0,201.75,201.25,249474,50206159.8,4235.0,34402.0,13.79
CGCL,EQ,09-Jan-2020,195.8,197.9,200.9,194.0,197.25,199.55,197.15,348153,68639275.0,6246.0,43138.0,12.39
CGCL,EQ,08-Jan-2020,204.15,200.2,202.0,193.25,194.65,195.8,196.29,351781,69049704.8,6161.0,52437.0,14.91
CGCL,EQ,07-Jan-2020,196.3,196.4,204.9,190.0,204.0,204.15,202.18,365179,73830169.85,7013.0,49900.0,13.66
CGCL,EQ,06-Jan-2020,199.75,198.2,199.85,195.2,198.0,196.3,196.47,309260,60759722.85,4120.0,31184.0,10.08
CGCL,EQ,03-Jan-2020,202.2,201.9,203.0,199.0,199.0,199.75,200.6,253940,50941186.55,4161.0,27411.0,10.79
CGCL,EQ,02-Jan-2020,203.6,203.8,203.95,201.1,202.7,202.2,202.37,311115,62959234.8,4153.0,24440.0,7.86
CGCL,EQ,01-Jan-2020,202.7,203.5,204.8,200.15,202.7,203.6,201.8,315157,63599203.05,4762.0,23066.0,7.32
CGCL,EQ,31-Dec-2019,202.35,205.0,205.1,200.5,202.0,202.7,201.99,318403,64314491.95,3692.0,33323.0,10.47
CGCL,EQ,30-Dec-2019,201.4,199.2,209.9,198.7,207.0,202.35,200.84,349146,70123366.25,5354.0,36562.0,10.47
CGCL,EQ,28-Dec-2021,502.05,504.55,507.95,495.6,500.1,501.7,502.13,38992,19579057.0,1605.0,4082.0,10.47
CGCL,EQ,27-Dec-2021,503.6,502.0,509.0,493.75,502.8,502.05,497.84,34756,17303024.7,1444.0,6857.0,19.73
CGCL,EQ,24-Dec-2021,529.25,524.0,539.0,496.6,500.35,503.6,515.86,94703,48853068.65,5154.0,26453.0,27.93
CGCL,EQ,23-Dec-2021,535.95,516.9,530.0,511.5,524.7,529.25,522.07,258953,135192804.35,10833.0,75432.0,29.13
CGCL,EQ,22-Dec-2021,472.15,472.45,555.0,463.7,533.0,535.95,519.76,682258,354609780.95,25896.0,32624.0,4.78
CGCL,EQ,21-Dec-2021,475.6,475.0,490.7,470.55,472.45,472.15,472.79,18596,8791987.75,1070.0,3468.0,18.65
CGCL,EQ,20-Dec-2021,498.2,490.0,494.0,452.2,475.0,475.6,476.1,23625,11247800.4,1526.0,7036.0,29.78
CGCL,EQ,17-Dec-2021,508.55,502.0,511.05,495.25,497.15,498.2,503.6,14262,7182376.55,685.0,2081.0,14.59
CGCL,EQ,16-Dec-2021,516.2,518.7,521.85,504.0,505.55,508.55,514.29,17528,9014535.95,1009.0,2564.0,14.63
CGCL,EQ,15-Dec-2021,517.4,520.0,527.0,510.6,518.7,516.2,519.01,25861,13422020.7,2359.0,3954.0,15.29
CGCL,EQ,14-Dec-2021,510.3,512.85,519.95,505.35,516.0,517.4,510.94,15469,7903765.5,1266.0,2235.0,14.45
CGCL,EQ,13-Dec-2021,506.75,509.3,512.0,506.2,512.0,510.3,509.57,13726,6994367.85,1044.0,2346.0,17.09
CGCL,EQ,10-Dec-2021,505.8,507.75,515.15,503.0,504.15,506.75,506.88,17347,8792904.0,942.0,3533.0,20.37
CGCL,EQ,09-Dec-2021,505.5,507.0,511.4,500.1,506.0,505.8,506.49,12196,6177210.15,886.0,1622.0,13.3
CGCL,EQ,08-Dec-2021,508.3,505.0,513.45,504.05,505.5,505.5,508.54,13617,6924811.75,969.0,2164.0,15.89
CGCL,EQ,07-Dec-2021,512.6,513.0,515.2,501.0,506.0,508.3,507.44,19567,9929125.5,2137.0,5369.0,27.44
CGCL,EQ,06-Dec-2021,510.95,518.5,518.5,510.0,511.5,512.6,512.08,13626,6977630.65,659.0,1213.0,8.9
CGCL,EQ,03-Dec-2021,512.7,512.0,517.95,505.75,514.0,510.95,512.59,31904,16353627.0,2838.0,3497.0,10.96
CGCL,EQ,02-Dec-2021,525.9,528.0,528.55,511.7,512.0,512.7,515.55,16790,8656059.75,1666.0,1730.0,10.3
CGCL,EQ,01-Dec-2021,500.35,500.0,529.9,495.2,524.95,525.9,511.12,50665,25896132.2,4501.0,15415.0,30.43
CGCL,EQ,30-Nov-2021,509.3,508.9,517.55,490.1,505.0,500.35,506.06,26922,13624103.85,2789.0,3889.0,14.45
CGCL,EQ,29-Nov-2021,511.55,487.9,514.0,465.5,507.0,509.3,502.73,37337,18770522.25,3380.0,9049.0,24.24
CGCL,EQ,26-Nov-2021,524.85,524.85,527.1,506.85,512.0,511.55,517.13,27944,14450795.5,2867.0,4693.0,16.79
CGCL,EQ,25-Nov-2021,517.15,530.0,532.0,520.0,521.5,524.85,526.04,63180,33235246.8,5018.0,7041.0,11.14
CGCL,EQ,24-Nov-2021,514.8,513.25,525.05,507.0,517.9,517.15,514.98,40085,20642917.1,3495.0,8088.0,20.18
CGCL,EQ,23-Nov-2021,511.15,512.0,536.0,507.2,511.1,514.8,519.48,56505,29353307.7,5404.0,12872.0,22.78
CGCL,EQ,22-Nov-2021,526.95,532.0,535.0,492.7,520.0,511.15,523.89,53179,27859922.05,4491.0,10697.0,20.12
CGCL,EQ,18-Nov-2021,516.45,517.95,536.4,510.2,520.05,526.95,525.72,68009,35754011.1,6724.0,8817.0,12.96
CGCL,EQ,17-Nov-2021,516.05,518.6,520.0,511.55,515.05,516.45,515.6,25538,13167353.15,1731.0,3221.0,12.61
CGCL,EQ,16-Nov-2021,520.5,522.9,522.9,511.6,515.0,516.05,517.6,23195,12005737.7,2171.0,2595.0,11.19
CGCL,EQ,15-Nov-2021,521.85,512.45,523.0,511.25,520.0,520.5,518.45,23834,12356765.3,1006.0,5462.0,22.92
CGCL,EQ,12-Nov-2021,526.3,526.3,529.5,506.25,520.15,521.85,517.81,56947,29487967.95,4128.0,7748.0,13.61
CGCL,EQ,11-Nov-2021,493.1,495.6,579.5,481.05,520.0,526.3,509.16,196665,100133885.9,6730.0,24163.0,12.29
CGCL,EQ,10-Nov-2021,497.95,497.95,504.4,490.5,491.35,493.1,497.6,25573,12725191.8,1604.0,4875.0,19.06
CGCL,EQ,09-Nov-2021,510.85,508.5,516.95,495.5,500.0,497.95,505.55,46103,23307571.4,2519.0,17783.0,38.57
CGCL,EQ,08-Nov-2021,523.0,525.6,525.6,508.15,508.2,510.85,512.79,11042,5662191.2,1426.0,5680.0,51.44
CGCL,EQ,04-Nov-2021,515.65,528.6,529.8,511.75,523.95,523.0,522.42,2388,1247529.5,346.0,1195.0,50.04
CGCL,EQ,03-Nov-2021,536.2,538.6,538.6,509.45,518.0,515.65,523.29,12314,6443836.15,1967.0,3843.0,31.21
CGCL,EQ,02-Nov-2021,541.0,531.0,540.05,530.2,538.75,536.2,536.83,6406,3438909.35,1241.0,2283.0,35.64
CGCL,EQ,01-Nov-2021,543.35,546.0,550.0,520.0,532.0,541.0,537.67,46795,25160216.8,5882.0,7290.0,15.58
CGCL,EQ,29-Oct-2021,537.05,539.75,549.55,516.6,538.0,543.35,537.01,33230,17844803.55,4603.0,11314.0,34.05
CGCL,EQ,28-Oct-2021,529.55,532.2,560.0,519.8,533.0,537.05,527.95,25835,13639546.75,3667.0,8913.0,34.5
CGCL,EQ,27-Oct-2021,521.3,525.0,537.7,520.1,525.45,529.55,527.8,28544,15065486.95,3440.0,10994.0,38.52
CGCL,EQ,26-Oct-2021,515.05,524.0,527.8,510.0,521.8,521.3,520.98,33523,17464728.95,4167.0,8896.0,26.54
CGCL,EQ,25-Oct-2021,510.4,513.0,523.15,502.1,515.0,515.05,514.71,121855,62720415.4,3682.0,103947.0,85.3
CGCL,EQ,22-Oct-2021,508.0,518.2,528.0,501.0,515.0,510.4,512.28,24839,12724442.95,3566.0,5964.0,24.01
CGCL,EQ,21-Oct-2021,509.1,511.65,511.65,505.1,505.15,508.0,506.97,8169,4141455.9,1576.0,2679.0,32.79
CGCL,EQ,20-Oct-2021,505.0,510.0,518.2,501.15,508.0,509.1,505.31,27372,13831250.3,5806.0,4359.0,15.93
CGCL,EQ,19-Oct-2021,517.05,519.65,530.0,497.05,514.0,505.0,509.3,46495,23680052.15,4787.0,17239.0,37.08
CGCL,EQ,18-Oct-2021,519.65,522.2,531.0,508.15,522.45,517.05,517.06,28942,14964847.45,4336.0,7932.0,27.41
CGCL,EQ,14-Oct-2021,526.35,528.9,534.95,516.35,522.9,519.65,523.05,42159,22051303.0,4426.0,20953.0,49.7
CGCL,EQ,13-Oct-2021,525.35,520.1,544.0,520.1,525.2,526.35,531.74,30240,16079946.5,5479.0,6494.0,21.47
CGCL,EQ,12-Oct-2021,521.25,522.35,535.0,507.15,524.05,525.35,523.68,59051,30924024.45,4939.0,32565.0,55.15
CGCL,EQ,11-Oct-2021,525.9,521.5,528.5,521.0,522.9,521.25,522.04,14757,7703716.2,1603.0,8445.0,57.23
CGCL,EQ,08-Oct-2021,529.05,529.05,541.0,521.0,525.0,525.9,530.5,31490,16705387.5,5172.0,6505.0,20.66
CGCL,EQ,07-Oct-2021,524.6,521.1,533.0,521.1,530.0,529.05,526.76,22340,11767875.2,5062.0,4861.0,21.76
CGCL,EQ,06-Oct-2021,530.85,531.0,534.5,517.35,525.0,524.6,525.26,46830,24597769.5,5177.0,15780.0,33.7
CGCL,EQ,05-Oct-2021,538.7,533.7,537.75,526.0,532.4,530.85,532.36,26722,14225734.3,3797.0,10252.0,38.37
CGCL,EQ,04-Oct-2021,525.45,534.95,569.0,523.1,534.0,538.7,551.85,216876,119683019.95,13832.0,46466.0,21.43
CGCL,EQ,01-Oct-2021,515.25,513.8,528.0,506.55,525.0,525.45,522.17,57161,29847864.15,5340.0,20002.0,34.99
CGCL,EQ,30-Sep-2021,501.35,503.9,521.7,503.25,514.0,515.25,513.74,50573,25981352.55,2612.0,24667.0,48.78
CGCL,EQ,29-Sep-2021,505.7,495.0,504.3,495.0,501.2,501.35,501.85,16844,8453094.8,2017.0,8947.0,53.12
CGCL,EQ,28-Sep-2021,513.5,515.95,515.95,503.7,505.1,505.7,508.61,21304,10835322.0,2447.0,11104.0,52.12
CGCL,EQ,27-Sep-2021,515.3,517.85,517.85,506.0,512.6,513.5,510.05,21741,11089087.7,3700.0,3483.0,16.02
CGCL,EQ,24-Sep-2021,517.6,517.6,524.0,505.4,515.15,515.3,513.83,41833,21494919.15,6276.0,6279.0,15.01
CGCL,EQ,23-Sep-2021,502.2,502.1,524.0,502.0,514.9,517.6,515.74,92596,47755807.5,9292.0,22582.0,24.39
CGCL,EQ,22-Sep-2021,503.3,507.75,510.2,500.0,502.0,502.2,503.29,50048,25188816.0,3361.0,12695.0,25.37
CGCL,EQ,21-Sep-2021,501.75,500.0,509.0,495.85,505.4,503.3,500.7,58925,29503520.4,3251.0,22467.0,38.13
CGCL,EQ,20-Sep-2021,502.35,503.0,504.9,500.8,502.9,501.75,502.19,19480,9782744.7,2951.0,3875.0,19.89
CGCL,EQ,17-Sep-2021,501.7,501.7,508.0,499.45,503.0,502.35,502.62,23857,11990896.35,3328.0,2866.0,12.01
CGCL,EQ,16-Sep-2021,502.5,502.5,504.7,497.9,501.0,501.7,501.71,14967,7509152.0,1613.0,4139.0,27.65
CGCL,EQ,15-Sep-2021,503.45,507.5,507.75,501.5,503.75,502.5,503.71,17635,8882867.1,2064.0,4388.0,24.88
CGCL,EQ,14-Sep-2021,501.75,501.75,506.0,501.45,504.9,503.45,503.17,21641,10889059.05,2524.0,3650.0,16.87
CGCL,EQ,13-Sep-2021,509.05,510.95,510.95,501.0,504.3,501.75,503.85,32394,16321845.4,3540.0,9243.0,28.53
CGCL,EQ,09-Sep-2021,512.4,519.0,519.0,507.65,508.45,509.05,511.08,39565,20220816.75,4388.0,3681.0,9.3
CGCL,EQ,08-Sep-2021,507.45,510.0,515.0,501.0,515.0,512.4,506.77,66003,33448463.8,3603.0,41746.0,63.25
CGCL,EQ,07-Sep-2021,505.6,507.95,508.95,498.5,508.0,507.45,505.92,29764,15058060.55,3159.0,9295.0,31.23
CGCL,EQ,06-Sep-2021,508.8,505.0,516.75,466.65,507.0,505.6,507.39,32994,16740837.65,4446.0,7440.0,22.55
CGCL,EQ,03-Sep-2021,510.9,508.95,515.65,507.0,508.45,508.8,510.4,44605,22766442.85,5345.0,8675.0,19.45
CGCL,EQ,02-Sep-2021,513.7,517.9,520.85,509.0,511.9,510.9,512.46,30435,15596623.7,4128.0,8916.0,29.3
CGCL,EQ,01-Sep-2021,508.15,511.75,517.7,501.05,512.7,513.7,507.74,148062,75177467.55,8707.0,69286.0,46.8
CGCL,EQ,31-Aug-2021,521.15,515.0,521.15,505.05,509.45,508.15,510.51,49192,25113164.95,5268.0,18287.0,37.17
CGCL,EQ,30-Aug-2021,515.4,519.95,526.95,510.55,519.95,521.15,520.47,50976,26531709.1,6855.0,15545.0,30.49
CGCL,EQ,27-Aug-2021,514.65,510.0,524.9,510.0,516.8,515.4,516.53,42365,21882884.05,6197.0,10810.0,25.52
CGCL,EQ,26-Aug-2021,514.05,521.8,526.9,508.05,515.4,514.65,515.61,62477,32213529.0,7032.0,9944.0,15.92
CGCL,EQ,25-Aug-2021,510.35,518.75,526.95,505.1,511.0,514.05,513.17,66056,33897994.95,7581.0,8697.0,13.17
CGCL,EQ,24-Aug-2021,507.7,505.0,517.0,505.0,516.95,510.35,508.4,29036,14761901.1,3742.0,10263.0,35.35
CGCL,EQ,23-Aug-2021,517.4,521.95,523.95,500.45,508.0,507.7,511.68,46030,23552766.85,5760.0,11672.0,25.36
CGCL,EQ,20-Aug-2021,525.45,518.8,533.0,511.9,515.85,517.4,521.58,52584,27426772.3,7189.0,15781.0,30.01
CGCL,EQ,18-Aug-2021,526.1,529.7,532.7,520.4,524.0,525.45,525.95,33360,17545783.05,4939.0,3106.0,9.31
CGCL,EQ,17-Aug-2021,527.8,520.0,534.5,510.75,527.0,526.1,523.95,100550,52683456.85,12934.0,11018.0,10.96
CGCL,EQ,16-Aug-2021,524.8,527.9,534.95,514.55,522.2,527.8,524.26,94675,49634691.3,10885.0,12865.0,13.59
CGCL,EQ,13-Aug-2021,517.7,525.95,537.85,511.15,525.0,524.8,525.37,82055,43109251.2,9894.0,14493.0,17.66
CGCL,EQ,12-Aug-2021,515.2,522.0,528.0,436.85,522.0,517.7,514.58,70145,36094879.65,7988.0,10193.0,14.53
CGCL,EQ,11-Aug-2021,520.15,522.0,528.9,493.75,521.95,515.2,514.24,105918,54467442.55,10762.0,28777.0,27.17
CGCL,EQ,10-Aug-2021,520.65,525.8,525.85,520.0,522.45,520.15,520.91,24978,13011405.2,3941.0,12949.0,51.84
CGCL,EQ,09-Aug-2021,523.05,523.05,526.95,520.0,520.5,520.65,522.01,38099,19888104.85,3515.0,23784.0,62.43
CGCL,EQ,06-Aug-2021,527.7,531.25,531.3,521.1,524.3,523.05,524.67,26480,13893318.8,4983.0,6000.0,22.66
CGCL,EQ,05-Aug-2021,530.4,533.4,538.0,521.0,528.9,527.7,528.44,59427,31403672.05,7477.0,8152.0,13.72
CGCL,EQ,04-Aug-2021,551.0,554.7,566.0,526.05,531.0,530.4,543.1,69551,37773377.6,9717.0,15400.0,22.14
CGCL,EQ,03-Aug-2021,543.95,550.0,557.0,548.35,553.3,551.0,553.68,114754,63537031.7,8361.0,49865.0,43.45
CGCL,EQ,02-Aug-2021,534.55,534.95,548.9,528.05,544.0,543.95,540.43,55877,30197402.9,8539.0,23083.0,41.31
CGCL,EQ,30-Jul-2021,525.9,527.95,546.75,521.0,536.9,534.55,534.21,54297,29006044.55,6488.0,11943.0,22.0
CGCL,EQ,29-Jul-2021,521.35,521.35,536.75,516.65,523.15,525.9,528.21,34531,18239645.6,5194.0,8862.0,25.66
CGCL,EQ,28-Jul-2021,523.6,528.3,528.3,520.7,521.0,521.35,522.38,20412,10662889.6,3188.0,12465.0,61.07
CGCL,EQ,27-Jul-2021,521.0,526.0,526.0,517.0,524.95,523.6,520.45,48083,25024747.85,3390.0,31561.0,65.64
CGCL,EQ,26-Jul-2021,524.35,528.95,529.9,520.0,521.55,521.0,522.92,38985,20386028.35,5254.0,23715.0,60.83
CGCL,EQ,23-Jul-2021,524.25,524.25,531.45,522.15,524.25,524.35,525.06,36822,19333837.15,3228.0,24678.0,67.02
CGCL,EQ,22-Jul-2021,525.2,530.95,534.0,524.0,524.05,524.25,527.4,22640,11940417.65,4204.0,7387.0,32.63
CGCL,EQ,20-Jul-2021,528.95,533.35,533.35,525.0,525.0,525.2,526.44,21135,11126237.8,3370.0,10188.0,48.2
CGCL,EQ,19-Jul-2021,529.7,528.0,539.95,526.45,526.65,528.95,529.78,20749,10992375.45,3649.0,5825.0,28.07
CGCL,EQ,16-Jul-2021,530.7,534.0,539.85,526.5,529.7,529.7,531.83,23319,12401815.9,3997.0,6548.0,28.08
CGCL,EQ,15-Jul-2021,531.85,533.5,535.45,525.0,532.5,530.7,530.48,18511,9819774.6,3687.0,7465.0,40.33
CGCL,EQ,14-Jul-2021,529.9,532.75,535.45,526.1,531.9,531.85,530.2,51728,27426229.0,5110.0,34405.0,66.51
CGCL,EQ,13-Jul-2021,531.85,535.95,535.95,526.5,530.0,529.9,529.81,38384,20336314.3,4964.0,25000.0,65.13
CGCL,EQ,12-Jul-2021,535.65,540.0,546.0,525.0,526.05,531.85,532.4,32304,17198686.35,6390.0,10272.0,31.8
CGCL,EQ,09-Jul-2021,522.35,520.0,539.1,516.25,534.0,535.65,526.82,41638,21935771.8,5024.0,16951.0,40.71
CGCL,EQ,08-Jul-2021,526.85,531.8,531.95,520.1,520.1,522.35,524.66,38554,20227581.05,5715.0,18015.0,46.73
CGCL,EQ,07-Jul-2021,525.45,533.0,533.0,521.85,524.8,526.85,527.4,38149,20119847.4,4249.0,18891.0,49.52
CGCL,EQ,06-Jul-2021,521.85,527.75,567.8,523.0,526.0,525.45,538.25,157872,84975106.1,10563.0,70440.0,44.62
CGCL,EQ,05-Jul-2021,525.3,531.2,535.5,519.3,521.7,521.85,525.48,198019,104055832.3,5922.0,169155.0,85.42
CGCL,EQ,02-Jul-2021,529.3,532.85,533.15,525.0,525.0,525.3,527.76,32892,17359229.4,3828.0,11735.0,35.68
CGCL,EQ,01-Jul-2021,532.35,536.0,536.0,527.0,532.0,529.3,530.43,28104,14907306.45,4550.0,4519.0,16.08
CGCL,EQ,30-Jun-2021,530.55,533.25,536.65,528.05,534.95,532.35,532.25,37244,19823200.8,6270.0,10751.0,28.87
CGCL,EQ,29-Jun-2021,531.5,532.95,536.2,528.0,530.5,530.55,532.26,34821,18533731.3,5458.0,6727.0,19.32
CGCL,EQ,28-Jun-2021,529.3,535.85,538.0,529.0,529.2,531.5,532.58,39469,21020337.9,5752.0,11191.0,28.35
CGCL,EQ,25-Jun-2021,527.75,531.6,545.0,527.15,532.1,529.3,532.78,49377,26307116.3,6396.0,10249.0,20.76
CGCL,EQ,24-Jun-2021,530.3,533.1,548.0,525.05,526.05,527.75,532.12,45147,24023691.8,6172.0,10507.0,23.27
CGCL,EQ,23-Jun-2021,530.45,534.8,578.4,526.15,527.15,530.3,555.47,279584,155300172.65,14803.0,66473.0,23.78
CGCL,EQ,22-Jun-2021,529.7,535.45,535.45,528.35,531.65,530.45,530.46,152520,80906358.95,5286.0,112007.0,73.44
CGCL,EQ,21-Jun-2021,530.75,531.0,535.0,525.1,528.5,529.7,530.01,166986,88503991.9,3831.0,120969.0,72.44
CGCL,EQ,18-Jun-2021,528.75,533.5,533.5,527.0,533.0,530.75,528.22,133631,70586197.35,2356.0,108313.0,81.05
CGCL,EQ,17-Jun-2021,526.95,529.5,536.0,525.1,528.0,528.75,529.14,148004,78314785.6,5662.0,107882.0,72.89
CGCL,EQ,16-Jun-2021,529.3,533.8,536.0,525.05,527.0,526.95,527.59,139786,73749877.85,2608.0,105570.0,75.52
CGCL,EQ,15-Jun-2021,530.75,534.6,539.4,525.1,529.95,529.3,530.26,182383,96710866.15,5124.0,113597.0,62.28
CGCL,EQ,14-Jun-2021,529.1,534.0,536.0,525.3,531.1,530.75,529.44,146529,77577953.75,2433.0,111080.0,75.81
CGCL,EQ,11-Jun-2021,525.8,534.9,534.9,525.0,528.35,529.1,529.89,135227,71655222.0,2232.0,105425.0,77.96
CGCL,EQ,10-Jun-2021,525.3,533.5,534.8,520.0,526.3,525.8,531.34,146403,77790112.45,3392.0,108090.0,73.83
CGCL,EQ,09-Jun-2021,531.8,541.9,541.9,525.0,525.05,525.3,531.44,138840,73784804.25,3815.0,108906.0,78.44
CGCL,EQ,08-Jun-2021,531.3,533.5,542.0,530.55,532.0,531.8,532.14,128959,68624846.55,1521.0,107760.0,83.56
CGCL,EQ,07-Jun-2021,521.0,525.0,548.0,525.0,532.0,531.3,532.5,141615,75409810.2,2606.0,116851.0,82.51
CGCL,EQ,04-Jun-2021,511.45,518.5,548.65,511.75,523.9,521.0,531.17,120922,64229638.55,6311.0,33770.0,27.93
CGCL,EQ,03-Jun-2021,524.35,527.0,529.4,508.0,510.15,511.45,515.6,57484,29638970.7,4543.0,21064.0,36.64
CGCL,EQ,02-Jun-2021,547.8,556.0,557.8,521.25,523.0,524.35,533.55,120219,64143448.3,9098.0,37447.0,31.15
CGCL,EQ,01-Jun-2021,461.65,462.0,550.0,459.1,550.0,547.8,521.38,694606,362152680.65,31766.0,113413.0,16.33
CGCL,EQ,31-May-2021,462.7,459.0,474.95,459.0,461.0,461.65,464.75,50739,23581052.65,6682.0,9734.0,19.18
CGCL,EQ,28-May-2021,461.0,460.0,497.0,459.0,462.35,462.7,474.6,119668,56793971.9,7735.0,31757.0,26.54
CGCL,EQ,27-May-2021,460.05,460.05,466.0,460.05,460.55,461.0,461.74,21376,9870069.25,1429.0,6790.0,31.76
CGCL,EQ,26-May-2021,459.85,466.9,467.0,455.0,457.05,460.05,461.27,37185,17152501.45,1551.0,15523.0,41.75
CGCL,EQ,25-May-2021,460.9,461.0,467.55,455.0,461.0,459.85,461.23,28808,13287021.95,1460.0,14124.0,49.03
CGCL,EQ,24-May-2021,460.3,460.3,469.8,460.05,461.0,460.9,461.06,131956,60840110.55,1602.0,111610.0,84.58
CGCL,EQ,21-May-2021,459.85,465.0,465.0,460.0,460.9,460.3,461.01,128032,59024038.3,1258.0,102971.0,80.43
CGCL,EQ,20-May-2021,460.4,462.65,467.95,459.0,460.55,459.85,461.2,138369,63816114.85,2946.0,107515.0,77.7
CGCL,EQ,19-May-2021,460.65,468.9,468.9,459.0,460.85,460.4,461.07,122958,56691766.05,2365.0,103910.0,84.51
CGCL,EQ,18-May-2021,463.35,469.8,469.8,460.0,463.75,460.65,461.23,114882,52987176.05,1871.0,85802.0,74.69
CGCL,EQ,17-May-2021,459.85,450.9,469.8,450.9,465.0,463.35,461.18,121978,56253237.8,1764.0,102835.0,84.31
CGCL,EQ,14-May-2021,459.6,470.0,471.0,458.15,462.0,459.85,461.54,141605,65356169.35,2453.0,106352.0,75.1
CGCL,EQ,12-May-2021,460.0,465.0,468.35,452.4,461.0,459.6,456.0,175931,80224146.0,2315.0,135609.0,77.08
CGCL,EQ,11-May-2021,461.05,470.0,470.0,455.0,460.1,460.0,460.98,138772,63970642.1,1846.0,114535.0,82.53
CGCL,EQ,10-May-2021,450.15,455.9,465.0,409.65,462.0,461.05,460.72,169401,78046526.45,2426.0,123874.0,73.12
CGCL,EQ,07-May-2021,447.65,451.7,454.85,443.5,450.0,450.15,448.1,18126,8122223.05,1562.0,6916.0,38.16
CGCL,EQ,06-May-2021,450.6,450.6,453.9,442.1,447.55,447.65,446.86,27059,12091644.55,2020.0,9713.0,35.9
CGCL,EQ,05-May-2021,430.85,435.0,458.0,431.0,449.5,450.6,443.97,42435,18839809.3,2936.0,17849.0,42.06
CGCL,EQ,04-May-2021,441.1,440.1,445.0,429.0,435.0,430.85,436.02,30748,13406709.65,2178.0,12419.0,40.39
CGCL,EQ,03-May-2021,449.2,457.0,473.8,435.0,439.45,441.1,450.44,65100,29323824.15,4774.0,22404.0,34.41
CGCL,EQ,30-Apr-2021,419.45,426.0,455.0,425.0,452.0,449.2,441.82,187951,83041214.75,7992.0,82331.0,43.8
CGCL,EQ,29-Apr-2021,400.75,402.15,452.7,398.55,418.7,419.45,428.6,423086,181333850.45,11324.0,104314.0,24.66
CGCL,EQ,28-Apr-2021,393.05,395.0,410.0,385.85,404.15,400.75,395.28,72110,28503800.1,3421.0,39288.0,54.48
CGCL,EQ,27-Apr-2021,393.35,396.1,397.5,393.0,393.0,393.05,394.05,129059,50855762.15,1576.0,112650.0,87.29
CGCL,EQ,26-Apr-2021,394.45,398.4,398.5,393.0,393.9,393.35,394.07,132456,52196590.55,1660.0,109405.0,82.6
CGCL,EQ,23-Apr-2021,389.35,396.0,400.0,393.0,394.35,394.45,394.14,127206,50136940.65,1546.0,108583.0,85.36
CGCL,EQ,22-Apr-2021,393.85,393.05,396.45,380.15,393.9,389.35,393.76,138372,54485508.2,2037.0,108013.0,78.06
CGCL,EQ,20-Apr-2021,393.85,395.75,397.35,393.0,393.0,393.85,393.98,136492,53775460.1,1453.0,104245.0,76.37
CGCL,EQ,19-Apr-2021,395.55,394.0,398.8,393.0,393.6,393.85,394.04,124307,48981407.3,996.0,104583.0,84.13
CGCL,EQ,16-Apr-2021,391.95,396.95,398.35,394.0,394.0,395.55,395.31,140648,55600188.1,2818.0,103328.0,73.47
CGCL,EQ,15-Apr-2021,393.3,394.0,397.0,391.0,391.0,391.95,393.8,122521,48248338.65,3424.0,105083.0,85.77
CGCL,EQ,13-Apr-2021,393.75,399.25,400.95,391.0,391.7,393.3,396.05,70061,27747665.8,4015.0,13510.0,19.28
CGCL,EQ,12-Apr-2021,396.55,394.0,398.4,393.0,393.0,393.75,394.68,117365,46321722.6,1196.0,92870.0,79.13
CGCL,EQ,09-Apr-2021,390.2,396.5,401.5,390.3,397.0,396.55,395.24,150569,59510948.75,1284.0,130055.0,86.38
CGCL,EQ,08-Apr-2021,392.95,397.0,399.0,390.0,390.0,390.2,393.54,37828,14886945.95,2465.0,12129.0,32.06
CGCL,EQ,07-Apr-2021,390.4,395.8,397.9,390.0,390.15,392.95,393.78,28357,11166458.75,2126.0,7940.0,28.0
CGCL,EQ,06-Apr-2021,381.6,376.5,395.0,376.5,390.0,390.4,388.08,50374,19549046.7,4044.0,19136.0,37.99
CGCL,EQ,05-Apr-2021,394.1,395.95,395.95,372.15,380.15,381.6,382.32,104496,39950978.6,6174.0,20598.0,19.71
CGCL,EQ,01-Apr-2021,379.55,381.5,396.0,380.4,393.4,394.1,389.64,92450,36022194.45,4037.0,26740.0,28.92
CGCL,EQ,31-Mar-2021,381.7,387.4,388.85,374.05,379.9,379.55,379.46,119631,45395714.0,8755.0,16944.0,14.16
CGCL,EQ,30-Mar-2021,353.2,353.2,387.5,352.15,387.0,381.7,373.47,170121,63534868.35,6484.0,62535.0,36.76
CGCL,EQ,26-Mar-2021,347.7,350.1,359.9,348.0,359.45,353.2,351.19,66388,23314553.95,3552.0,14691.0,22.13
CGCL,EQ,25-Mar-2021,352.65,353.9,355.8,339.3,355.8,347.7,347.9,48914,17017131.25,3547.0,19187.0,39.23
CGCL,EQ,24-Mar-2021,359.65,361.0,361.0,351.0,353.7,352.65,354.06,65688,23257678.8,5262.0,14855.0,22.61
CGCL,EQ,23-Mar-2021,361.5,360.0,367.0,356.05,361.0,359.65,359.69,65724,23640532.5,5837.0,8928.0,13.58
CGCL,EQ,22-Mar-2021,353.4,354.9,364.8,346.45,363.0,361.5,354.34,94622,33528294.35,5927.0,27627.0,29.2
CGCL,EQ,19-Mar-2021,353.9,350.7,359.0,338.4,351.05,353.4,349.16,68652,23970289.55,5109.0,11210.0,16.33
CGCL,EQ,18-Mar-2021,353.55,353.65,370.0,350.0,351.9,353.9,356.77,93079,33207751.3,6794.0,11561.0,12.42
CGCL,EQ,17-Mar-2021,351.5,353.4,364.5,346.6,353.0,353.55,354.68,108664,38540662.55,6924.0,20720.0,19.07
CGCL,EQ,16-Mar-2021,351.35,355.7,358.9,346.15,348.7,351.5,350.82,69940,24536283.7,4984.0,7539.0,10.78
CGCL,EQ,15-Mar-2021,345.3,345.3,355.15,345.0,350.0,351.35,350.97,88704,31132725.9,7014.0,17432.0,19.65
CGCL,EQ,12-Mar-2021,346.35,343.2,351.7,343.2,345.55,345.3,347.84,57115,19866927.6,4927.0,7164.0,12.54
CGCL,EQ,10-Mar-2021,346.65,348.4,354.9,345.0,345.15,346.35,347.4,56047,19471002.9,3573.0,10156.0,18.12
CGCL,EQ,09-Mar-2021,346.35,346.35,352.45,345.15,348.4,346.65,348.52,63389,22092434.0,4541.0,12891.0,20.34
CGCL,EQ,08-Mar-2021,350.15,352.0,384.0,345.0,346.05,346.35,354.21,82995,29397899.25,5526.0,15143.0,18.25
CGCL,EQ,05-Mar-2021,360.2,364.8,364.8,346.9,353.5,350.15,354.81,40672,14431011.95,4785.0,19515.0,47.98
CGCL,EQ,04-Mar-2021,359.7,352.0,364.5,352.0,357.0,360.2,360.08,62540,22519299.35,3789.0,12261.0,19.61
CGCL,EQ,03-Mar-2021,359.3,361.0,374.9,345.0,360.2,359.7,362.46,106932,38758831.8,7292.0,22320.0,20.87
CGCL,EQ,02-Mar-2021,370.75,368.0,372.7,356.25,359.4,359.3,363.87,86219,31372887.55,8465.0,24714.0,28.66
CGCL,EQ,01-Mar-2021,370.9,375.0,376.75,356.8,370.0,370.75,365.51,153579,56134825.9,10149.0,24620.0,16.03
CGCL,EQ,26-Feb-2021,366.1,362.0,373.9,351.95,370.0,370.9,362.18,109743,39746600.55,9126.0,22507.0,20.51
CGCL,EQ,25-Feb-2021,345.9,352.0,370.1,344.05,364.55,366.1,358.68,215067,77140132.35,9410.0,44116.0,20.51
CGCL,EQ,24-Feb-2021,342.75,344.0,411.3,340.0,347.0,345.9,345.14,62497,21570016.25,3757.0,16777.0,26.84
CGCL,EQ,23-Feb-2021,356.75,356.75,364.55,337.75,343.0,342.75,346.92,284344,98643688.3,16492.0,38509.0,13.54
CGCL,EQ,22-Feb-2021,342.85,344.9,377.45,341.05,348.0,356.75,363.74,546138,198653372.45,25265.0,54774.0,10.03
CGCL,EQ,19-Feb-2021,331.8,328.1,398.15,328.1,347.0,342.85,369.02,1588653,586250059.75,34187.0,142441.0,8.97
CGCL,EQ,18-Feb-2021,329.45,330.3,334.7,325.65,331.45,331.8,329.15,164537,54156825.15,6747.0,56707.0,34.46
CGCL,EQ,17-Feb-2021,334.4,334.35,334.65,325.15,326.85,329.45,330.69,188610,62371846.5,4144.0,105995.0,56.2
CGCL,EQ,16-Feb-2021,351.1,350.45,353.5,330.45,331.25,334.4,342.39,92725,31747839.95,4978.0,22381.0,24.14
CGCL,EQ,15-Feb-2021,363.2,365.1,365.2,350.75,351.05,351.1,356.15,81119,28890618.9,4709.0,23045.0,28.41
CGCL,EQ,12-Feb-2021,364.9,365.0,369.7,360.95,364.85,363.2,365.49,55711,20361794.9,2581.0,7039.0,12.63
CGCL,EQ,11-Feb-2021,365.7,365.55,367.2,363.35,365.8,364.9,365.61,131143,47947283.95,1298.0,80157.0,61.12
CGCL,EQ,10-Feb-2021,361.75,367.9,367.9,365.0,365.2,365.7,365.74,167148,61132406.75,1688.0,106440.0,63.68
CGCL,EQ,09-Feb-2021,364.25,369.0,373.3,354.55,363.0,361.75,365.76,184794,67590003.8,3001.0,127422.0,68.95
CGCL,EQ,08-Feb-2021,365.05,365.05,367.8,362.1,362.55,364.25,365.59,152706,55827747.7,1716.0,107699.0,70.53
CGCL,EQ,05-Feb-2021,363.65,370.0,370.0,364.2,364.25,365.05,365.74,142626,52163775.5,1697.0,108942.0,76.38
CGCL,EQ,04-Feb-2021,365.95,366.0,369.0,363.0,363.05,363.65,365.77,150281,54968764.9,2505.0,111542.0,74.22
CGCL,EQ,03-Feb-2021,365.6,367.45,371.55,365.1,365.1,365.95,366.2,102136,37402290.25,3211.0,59223.0,57.98
CGCL,EQ,02-Feb-2021,365.85,367.6,389.05,365.0,365.85,365.6,368.52,301785,111213539.85,7856.0,158310.0,52.46
CGCL,EQ,01-Feb-2021,364.45,366.0,367.75,364.85,365.0,365.85,365.5,188256,68807607.35,2061.0,116335.0,61.8
CGCL,EQ,29-Jan-2021,365.4,365.0,368.55,362.0,364.0,364.45,365.66,201066,73522322.5,3998.0,147400.0,73.31
CGCL,EQ,28-Jan-2021,365.25,365.0,367.1,365.0,365.0,365.4,365.67,165901,60664267.65,2596.0,108760.0,65.56
CGCL,EQ,27-Jan-2021,365.5,368.5,368.5,364.0,365.0,365.25,365.71,172340,63027224.9,3861.0,112912.0,65.52
CGCL,EQ,25-Jan-2021,351.45,363.7,372.1,362.0,364.5,365.5,365.95,223150,81660863.4,4612.0,129118.0,57.86
CGCL,EQ,22-Jan-2021,357.35,350.0,361.9,350.0,350.0,351.45,356.37,50705,18069978.9,6437.0,14452.0,28.5
CGCL,EQ,21-Jan-2021,357.8,358.1,361.0,351.1,352.5,357.35,356.62,65831,23476939.55,3909.0,12610.0,19.16
CGCL,EQ,20-Jan-2021,360.1,359.0,375.0,356.35,356.5,357.8,359.64,82089,29522821.8,5885.0,21492.0,26.18
CGCL,EQ,19-Jan-2021,353.4,358.7,366.4,355.5,361.0,360.1,360.01,105549,37998873.1,5942.0,26013.0,24.65
CGCL,EQ,18-Jan-2021,342.65,344.75,359.0,340.05,358.0,353.4,347.37,81425,28284735.0,3931.0,18511.0,22.73
CGCL,EQ,15-Jan-2021,343.85,345.6,345.6,341.45,344.2,342.65,343.15,60065,20611203.45,2854.0,14666.0,24.42
CGCL,EQ,14-Jan-2021,341.3,342.9,346.0,340.15,345.3,343.85,341.51,44818,15305665.55,2453.0,13161.0,29.37
CGCL,EQ,13-Jan-2021,341.45,342.6,348.6,340.0,340.05,341.3,341.41,76648,26168647.7,4395.0,17632.0,23.0
CGCL,EQ,12-Jan-2021,350.05,350.0,350.0,337.1,342.3,341.45,345.08,76736,26479870.2,5613.0,18366.0,23.93
CGCL,EQ,11-Jan-2021,339.0,343.45,356.95,338.4,349.0,350.05,349.0,187591,65469452.8,12432.0,31773.0,16.94
CGCL,EQ,08-Jan-2021,315.6,317.0,341.0,315.2,341.0,339.0,330.63,214543,70935175.6,9086.0,77496.0,36.12
CGCL,EQ,07-Jan-2021,315.05,315.0,318.0,311.1,315.0,315.6,314.35,81080,25487418.3,4621.0,16153.0,19.92
CGCL,EQ,06-Jan-2021,311.85,313.3,317.0,309.05,317.0,315.05,312.81,55407,17331716.2,3758.0,8314.0,15.01
CGCL,EQ,05-Jan-2021,312.75,310.0,317.7,310.0,312.0,311.85,312.16,57343,17900124.6,2842.0,8910.0,15.54
CGCL,EQ,04-Jan-2021,318.4,320.0,324.6,309.0,314.75,312.75,313.68,101829,31941766.25,6064.0,26008.0,25.54
CGCL,EQ,01-Jan-2021,317.75,314.65,321.25,313.95,318.0,318.4,318.59,113306,36098215.55,4948.0,40276.0,35.55
CGCL,EQ,31-Dec-2020,310.15,311.6,319.8,308.25,318.45,317.75,313.56,72677,22788876.5,3533.0,23014.0,31.67
CGCL,EQ,30-Dec-2020,300.65,303.7,312.35,303.7,310.0,310.15,308.0,89429,27544027.0,2948.0,28654.0,32.04
CGCL,EQ,29-Dec-2020,306.35,307.85,311.65,299.0,300.2,300.65,302.92,72605,21993219.8,3339.0,19184.0,26.42
CGCL,EQ,28-Dec-2022,773.25,775.0,807.95,761.25,763.05,775.45,779.64,617126,481138012.2,31009.0,90021.0,14.59
CGCL,EQ,27-Dec-2022,755.1,752.0,780.0,752.0,774.25,773.25,771.74,201946,155850128.8,10458.0,69511.0,34.42
CGCL,EQ,26-Dec-2022,752.95,756.7,789.0,750.0,754.0,755.1,762.46,249239,190034339.0,19281.0,63678.0,25.55
CGCL,EQ,23-Dec-2022,757.15,757.15,764.1,746.25,754.5,752.95,751.71,114677,86203789.65,3210.0,22383.0,19.52
CGCL,EQ,22-Dec-2022,745.45,746.3,771.35,735.8,755.0,757.15,741.62,954995,708240746.55,5896.0,790937.0,82.82
CGCL,EQ,21-Dec-2022,749.4,747.15,750.5,741.15,742.0,745.45,744.36,93664,69720036.9,1585.0,14437.0,15.41
CGCL,EQ,20-Dec-2022,749.7,749.7,754.5,741.0,745.15,749.4,747.03,114557,85577917.45,2342.0,18351.0,16.02
CGCL,EQ,19-Dec-2022,747.45,749.3,752.0,740.2,751.0,749.7,748.26,116549,87209186.1,2506.0,14462.0,12.41
CGCL,EQ,16-Dec-2022,748.9,748.0,751.4,742.2,742.2,747.45,749.34,86688,64959135.45,1880.0,5834.0,6.73
CGCL,EQ,15-Dec-2022,744.3,748.0,751.9,744.05,748.0,748.9,748.51,84227,63045165.95,2023.0,7634.0,9.06
CGCL,EQ,14-Dec-2022,754.9,758.7,758.95,740.1,741.05,744.3,749.52,99619,74666505.05,3390.0,13395.0,13.45
CGCL,EQ,13-Dec-2022,754.8,758.6,758.6,746.35,755.0,754.9,752.83,90857,68399841.95,1966.0,12979.0,14.29
CGCL,EQ,12-Dec-2022,758.5,762.3,764.9,752.0,755.0,754.8,754.27,98721,74462515.75,2457.0,15947.0,16.15
CGCL,EQ,09-Dec-2022,755.15,758.95,774.0,755.1,756.0,758.5,762.92,123099,93914758.25,4620.0,24806.0,20.15
CGCL,EQ,08-Dec-2022,769.4,769.4,772.95,755.0,755.0,755.15,763.96,101475,77523083.65,2859.0,6426.0,6.33
CGCL,EQ,07-Dec-2022,767.3,772.0,772.0,767.2,770.0,769.4,769.12,91873,70661433.4,1936.0,10130.0,11.03
CGCL,EQ,06-Dec-2022,757.05,758.85,772.9,751.7,765.0,767.3,764.66,189834,145158809.05,4810.0,27009.0,14.23
CGCL,EQ,05-Dec-2022,751.5,751.5,760.0,738.0,757.0,757.05,741.75,977773,725267271.25,5693.0,818036.0,83.66
CGCL,EQ,02-Dec-2022,747.05,745.95,757.0,745.6,748.05,751.5,751.62,90448,67982820.9,2778.0,11011.0,12.17
CGCL,EQ,01-Dec-2022,748.5,748.5,750.95,742.15,747.8,747.05,747.14,96992,72466228.3,3242.0,5348.0,5.51
CGCL,EQ,30-Nov-2022,744.5,745.0,751.0,738.0,746.0,748.5,741.77,45143,33485882.2,2075.0,15690.0,34.76
CGCL,EQ,29-Nov-2022,743.05,744.0,747.8,732.05,741.0,744.5,741.09,37093,27489253.35,1648.0,10651.0,28.71
CGCL,EQ,28-Nov-2022,742.0,739.0,750.0,736.0,740.5,743.05,741.06,47882,35483368.2,2061.0,18009.0,37.61
CGCL,EQ,25-Nov-2022,749.95,753.65,753.65,737.0,739.0,742.0,743.83,38466,28612289.7,2080.0,8552.0,22.23
CGCL,EQ,24-Nov-2022,749.45,752.95,754.4,744.1,750.7,749.95,749.16,15354,11502640.1,1755.0,5735.0,37.35
CGCL,EQ,23-Nov-2022,745.1,742.25,750.0,742.25,749.4,749.45,748.41,19766,14793155.15,1171.0,9122.0,46.15
CGCL,EQ,22-Nov-2022,747.3,747.3,750.0,740.0,741.1,745.1,746.61,23742,17725932.65,1662.0,9160.0,38.58
CGCL,EQ,21-Nov-2022,738.3,739.0,750.0,735.0,750.0,747.3,740.33,69089,51148767.65,2941.0,25473.0,36.87
CGCL,EQ,18-Nov-2022,739.1,737.1,744.45,737.0,737.0,738.3,739.42,164337,121513984.4,3407.0,110563.0,67.28
CGCL,EQ,17-Nov-2022,740.8,745.0,747.7,736.55,738.0,739.1,738.89,180161,133119338.55,4983.0,97263.0,53.99
CGCL,EQ,16-Nov-2022,742.5,746.5,750.0,738.0,740.0,740.8,740.88,158435,117381836.15,3266.0,83122.0,52.46
CGCL,EQ,15-Nov-2022,753.95,750.0,753.45,735.6,741.45,742.5,739.77,150567,111385190.1,3553.0,92016.0,61.11
CGCL,EQ,14-Nov-2022,740.15,736.05,759.95,736.05,755.75,753.95,743.17,215597,160225961.65,5752.0,109405.0,50.75
CGCL,EQ,11-Nov-2022,756.15,767.0,768.8,737.0,740.0,740.15,742.76,300684,223337423.95,7527.0,165718.0,55.11
CGCL,EQ,10-Nov-2022,747.9,750.0,768.8,738.25,767.0,756.15,744.17,227351,169188247.7,7675.0,116834.0,51.39
CGCL,EQ,09-Nov-2022,753.7,760.0,765.0,739.5,750.0,747.9,746.38,287418,214522798.5,9528.0,142722.0,49.66
CGCL,EQ,07-Nov-2022,741.4,745.15,754.9,727.1,753.7,753.7,744.17,308945,229908295.4,7392.0,190767.0,61.75
CGCL,EQ,04-Nov-2022,749.2,749.0,749.0,738.0,743.0,741.4,739.69,115333,85310734.3,1765.0,100142.0,86.83
CGCL,EQ,03-Nov-2022,738.2,740.0,749.95,735.15,749.5,749.2,739.84,145376,107554839.95,6420.0,100763.0,69.31
CGCL,EQ,02-Nov-2022,749.1,748.85,753.95,737.1,738.55,738.2,740.96,161461,119636752.6,5573.0,111874.0,69.29
CGCL,EQ,01-Nov-2022,749.65,752.95,753.0,739.25,750.0,749.1,742.84,170293,126500585.0,6177.0,114882.0,67.46
CGCL,EQ,31-Oct-2022,739.2,750.95,756.7,737.8,749.7,749.65,742.52,153250,113791307.4,5008.0,102911.0,67.15
CGCL,EQ,28-Oct-2022,762.25,760.0,764.45,736.0,736.25,739.2,743.36,270568,201130405.1,6292.0,124341.0,45.96
CGCL,EQ,27-Oct-2022,756.1,760.1,767.0,738.45,762.95,762.25,753.22,293159,220812184.1,9494.0,113263.0,38.64
CGCL,EQ,25-Oct-2022,764.7,765.15,773.6,746.95,755.0,756.1,755.08,177896,134325542.8,8426.0,103732.0,58.31
CGCL,EQ,24-Oct-2022,740.8,750.0,769.7,750.0,769.5,764.7,760.28,15320,11647550.5,1040.0,6477.0,42.28
CGCL,EQ,21-Oct-2022,727.35,739.0,750.0,732.9,737.5,740.8,741.92,99327,73692595.95,8553.0,29799.0,30.0
CGCL,EQ,20-Oct-2022,737.9,735.0,739.5,726.5,727.6,727.35,728.66,145047,105690381.95,4306.0,106341.0,73.31
CGCL,EQ,19-Oct-2022,731.0,730.6,740.0,727.95,740.0,737.9,731.45,143284,104804930.3,3956.0,104401.0,72.86
CGCL,EQ,18-Oct-2022,731.1,733.65,743.8,726.0,737.7,731.0,733.61,298074,218669665.95,11028.0,166154.0,55.74
CGCL,EQ,17-Oct-2022,723.05,730.0,738.3,726.15,734.9,731.1,730.21,177773,129812429.6,9616.0,119525.0,67.23
CGCL,EQ,14-Oct-2022,729.3,735.1,740.05,717.7,726.9,723.05,725.19,183756,133258149.35,4682.0,106683.0,58.06
CGCL,EQ,13-Oct-2022,726.5,730.15,736.0,718.45,736.0,729.3,722.45,184875,133562823.15,5798.0,127253.0,68.83
CGCL,EQ,12-Oct-2022,729.45,733.1,735.95,724.0,725.15,726.5,725.71,114861,83355451.7,2221.0,81747.0,71.17
CGCL,EQ,11-Oct-2022,729.5,730.9,734.0,724.8,731.0,729.45,727.24,123710,89966920.6,2773.0,91979.0,74.35
CGCL,EQ,10-Oct-2022,730.5,733.0,737.0,727.05,728.5,729.5,729.53,130790,95415511.6,3191.0,96607.0,73.86
CGCL,EQ,07-Oct-2022,735.85,735.85,739.0,728.1,732.5,730.5,731.31,139896,102306767.15,2743.0,102626.0,73.36
CGCL,EQ,06-Oct-2022,737.85,740.0,750.0,730.5,731.95,735.85,737.3,153176,112937056.6,3193.0,115591.0,75.46
CGCL,EQ,04-Oct-2022,731.75,736.0,743.95,728.5,738.3,737.85,732.32,152750,111861592.95,3247.0,103932.0,68.04
CGCL,EQ,03-Oct-2022,733.8,735.0,746.0,729.0,730.0,731.75,732.6,141388,103581221.5,4072.0,111144.0,78.61
CGCL,EQ,30-Sep-2022,730.3,734.0,741.5,727.0,734.1,733.8,732.06,157954,115631735.1,1955.0,96630.0,61.18
CGCL,EQ,29-Sep-2022,731.8,742.9,742.9,727.0,731.0,730.3,731.45,111678,81687281.55,1532.0,80152.0,71.77
CGCL,EQ,28-Sep-2022,727.55,727.0,738.6,727.0,735.0,731.8,729.65,100290,73176353.8,1599.0,78914.0,78.69
CGCL,EQ,27-Sep-2022,735.25,740.7,747.45,718.15,727.05,727.55,732.34,149384,109399808.8,3584.0,91161.0,61.02
CGCL,EQ,26-Sep-2022,727.2,735.0,740.0,728.0,737.4,735.25,735.31,408070,300059519.55,7278.0,106010.0,25.98
CGCL,EQ,23-Sep-2022,730.5,730.25,732.0,723.0,726.05,727.2,726.77,40634,29531443.45,1694.0,14931.0,36.75
CGCL,EQ,22-Sep-2022,730.85,725.5,738.1,721.0,729.7,730.5,731.18,127564,93272471.1,2419.0,97038.0,76.07
CGCL,EQ,21-Sep-2022,732.8,736.5,741.0,720.0,725.0,730.85,735.97,234021,172232321.95,7065.0,95804.0,40.94
CGCL,EQ,20-Sep-2022,726.95,730.6,740.0,730.0,733.0,732.8,738.37,107348,79262322.2,1987.0,80008.0,74.53
CGCL,EQ,19-Sep-2022,716.85,725.0,735.0,724.0,730.8,726.95,729.42,163523,119276801.2,4351.0,93399.0,57.12
CGCL,EQ,16-Sep-2022,724.35,725.0,729.25,687.35,705.0,716.85,721.55,140249,101197329.5,2655.0,116669.0,83.19
CGCL,EQ,15-Sep-2022,723.0,725.0,728.95,723.0,724.9,724.35,724.93,95048,68903018.75,1011.0,77153.0,81.17
CGCL,EQ,14-Sep-2022,733.75,733.95,736.0,722.0,723.2,723.0,725.17,97818,70934940.85,1578.0,86504.0,88.43
CGCL,EQ,13-Sep-2022,734.75,744.75,747.85,730.0,733.0,733.75,734.6,103813,76261389.1,1736.0,81323.0,78.34
CGCL,EQ,12-Sep-2022,730.5,740.0,750.9,732.0,735.0,734.75,739.12,136386,100805925.3,2178.0,75612.0,55.44
CGCL,EQ,09-Sep-2022,734.65,741.0,743.45,730.0,733.75,730.5,735.4,85388,62794129.45,1466.0,70264.0,82.29
CGCL,EQ,08-Sep-2022,728.65,735.0,744.8,734.0,734.0,734.65,738.01,116477,85961061.25,3767.0,80767.0,69.34
CGCL,EQ,07-Sep-2022,730.4,731.95,734.95,727.0,727.0,728.65,729.58,90692,66166739.2,1825.0,64940.0,71.6
CGCL,EQ,06-Sep-2022,728.45,732.1,735.45,726.5,731.0,730.4,731.25,80597,58936355.55,939.0,66855.0,82.95
CGCL,EQ,05-Sep-2022,728.15,730.0,740.0,726.05,728.0,728.45,731.87,114462,83771179.35,2962.0,64429.0,56.29
CGCL,EQ,02-Sep-2022,721.5,725.15,735.0,725.1,728.7,728.15,731.09,173141,126581033.8,4297.0,75234.0,43.45
CGCL,EQ,01-Sep-2022,720.65,722.5,730.75,716.85,719.65,721.5,723.55,97256,70369155.65,3172.0,70241.0,72.22
CGCL,EQ,30-Aug-2022,715.3,727.75,745.0,720.0,722.5,720.65,728.39,105797,77061322.9,6056.0,48031.0,45.4
CGCL,EQ,29-Aug-2022,724.95,701.0,728.65,696.3,723.9,715.3,717.52,16303,11697769.2,2813.0,7097.0,43.53
CGCL,EQ,26-Aug-2022,726.05,733.25,737.55,716.55,725.0,724.95,724.83,27845,20182855.8,2228.0,14514.0,52.12
CGCL,EQ,25-Aug-2022,709.7,709.7,730.0,705.25,725.0,726.05,720.17,60830,43808166.3,5217.0,28391.0,46.67
CGCL,EQ,24-Aug-2022,691.05,697.95,715.0,676.25,715.0,709.7,702.14,67465,47369821.5,5624.0,32754.0,48.55
CGCL,EQ,23-Aug-2022,674.2,661.0,695.0,661.0,690.0,691.05,679.53,32061,21786405.3,2717.0,15956.0,49.77
CGCL,EQ,22-Aug-2022,675.4,675.0,684.8,663.3,667.5,674.2,673.28,28539,19214699.1,4295.0,16027.0,56.16
CGCL,EQ,19-Aug-2022,679.25,680.0,682.65,669.2,675.0,675.4,676.54,22308,15092173.95,3499.0,13484.0,60.44
CGCL,EQ,18-Aug-2022,680.8,682.8,684.2,675.0,678.45,679.25,678.69,17809,12086797.35,1764.0,9895.0,55.56
CGCL,EQ,17-Aug-2022,675.05,675.15,691.8,675.15,680.05,680.8,682.36,21274,14516620.25,3310.0,9571.0,44.99
CGCL,EQ,16-Aug-2022,686.45,686.45,689.9,675.0,675.0,675.05,678.22,30046,20377942.55,4283.0,19049.0,63.4
CGCL,EQ,12-Aug-2022,687.95,694.85,696.0,682.3,690.0,686.45,689.67,14648,10102220.65,2765.0,7108.0,48.53
CGCL,EQ,11-Aug-2022,714.9,718.5,735.0,682.15,690.0,687.95,709.48,162312,115157390.8,11067.0,38303.0,23.6
CGCL,EQ,10-Aug-2022,702.0,700.0,718.0,700.0,717.0,714.9,714.29,46976,33554571.15,3294.0,23523.0,50.07
CGCL,EQ,08-Aug-2022,694.1,694.1,706.0,694.1,702.0,702.0,700.24,20264,14189582.4,2517.0,14410.0,71.11
CGCL,EQ,05-Aug-2022,699.9,699.9,705.7,681.0,694.65,694.1,697.29,24544,17114395.7,1214.0,19218.0,78.3
CGCL,EQ,04-Aug-2022,699.2,692.25,704.2,692.25,700.0,699.9,700.24,29326,20535345.3,1245.0,20551.0,70.08
CGCL,EQ,03-Aug-2022,711.5,712.0,714.7,694.55,700.0,699.2,702.27,18389,12913951.85,2561.0,9962.0,54.17
CGCL,EQ,02-Aug-2022,688.25,691.7,716.0,683.0,705.25,711.5,701.33,32936,23099072.0,2724.0,15408.0,46.78
CGCL,EQ,01-Aug-2022,687.45,687.45,705.0,678.0,686.0,688.25,690.12,43276,29865612.6,4582.0,24560.0,56.75
CGCL,EQ,29-Jul-2022,699.75,699.75,718.7,671.0,681.0,687.45,687.51,49941,34335155.4,6401.0,21457.0,42.96
CGCL,EQ,28-Jul-2022,713.75,717.35,718.8,693.6,698.4,699.75,710.01,27000,19170274.2,2275.0,9844.0,36.46
CGCL,EQ,27-Jul-2022,712.4,722.9,722.9,707.25,712.25,713.75,715.82,31942,22864749.5,1749.0,9881.0,30.93
CGCL,EQ,26-Jul-2022,715.6,719.0,725.0,705.5,711.3,712.4,717.16,42502,30480920.95,2961.0,13812.0,32.5
CGCL,EQ,25-Jul-2022,717.35,710.2,726.85,706.05,719.0,715.6,718.17,22908,16451792.0,2802.0,7884.0,34.42
CGCL,EQ,22-Jul-2022,719.85,722.9,729.1,711.4,719.45,717.35,721.35,35405,25539537.8,2804.0,16066.0,45.38
CGCL,EQ,21-Jul-2022,699.7,704.8,722.9,696.0,716.05,719.85,711.24,33480,23812399.55,2789.0,17143.0,51.2
CGCL,EQ,20-Jul-2022,710.95,710.2,720.0,693.35,698.0,699.7,710.33,47863,33998369.25,2950.0,18116.0,37.85
CGCL,EQ,19-Jul-2022,719.5,719.5,728.0,707.25,711.0,710.95,720.18,33470,24104390.8,2642.0,17586.0,52.54
CGCL,EQ,18-Jul-2022,711.8,715.4,734.0,708.0,719.0,719.5,723.18,151833,109802953.3,7376.0,75903.0,49.99
CGCL,EQ,15-Jul-2022,693.7,695.0,726.55,695.0,710.0,711.8,716.25,60011,42982713.45,5489.0,15631.0,26.05
CGCL,EQ,14-Jul-2022,707.55,708.0,709.9,689.25,691.7,693.7,698.1,12265,8562213.2,1647.0,5793.0,47.23
CGCL,EQ,13-Jul-2022,704.2,707.75,736.4,698.45,707.0,707.55,719.17,94821,68192773.4,5723.0,23610.0,24.9
CGCL,EQ,12-Jul-2022,695.75,688.85,717.0,688.85,701.0,704.2,709.49,54596,38735387.5,5325.0,16264.0,29.79
CGCL,EQ,11-Jul-2022,682.7,681.0,699.0,675.1,697.75,695.75,690.02,14718,10155680.05,2512.0,6563.0,44.59
CGCL,EQ,08-Jul-2022,686.05,688.9,692.5,681.0,681.1,682.7,685.2,21717,14880430.5,1271.0,6376.0,29.36
CGCL,EQ,07-Jul-2022,686.85,690.0,695.0,681.25,682.35,686.05,689.16,9939,6849526.95,1200.0,4923.0,49.53
CGCL,EQ,06-Jul-2022,701.35,704.5,706.45,681.0,684.75,686.85,692.57,17464,12095105.25,1413.0,8725.0,49.96
CGCL,EQ,05-Jul-2022,692.9,696.0,748.15,688.5,700.0,701.35,723.24,123374,89229279.15,7888.0,31904.0,25.86
CGCL,EQ,04-Jul-2022,684.9,688.35,698.95,685.0,687.0,692.9,690.0,15579,10749432.65,2005.0,5829.0,37.42
CGCL,EQ,01-Jul-2022,687.4,685.55,689.15,681.05,681.15,684.9,684.76,16875,11555259.05,1923.0,6576.0,38.97
CGCL,EQ,30-Jun-2022,689.55,690.0,694.0,685.5,685.55,687.4,688.95,16037,11048766.35,1458.0,6207.0,38.7
CGCL,EQ,29-Jun-2022,706.45,707.0,714.95,685.0,689.4,689.55,698.91,61688,43114357.3,3680.0,25387.0,41.15
CGCL,EQ,28-Jun-2022,707.15,713.4,714.9,705.0,705.0,706.45,708.33,126987,89949166.8,1864.0,94804.0,74.66
CGCL,EQ,27-Jun-2022,700.9,711.0,719.55,705.8,707.0,707.15,709.74,168949,119909476.75,3185.0,134592.0,79.66
CGCL,EQ,24-Jun-2022,701.45,707.0,708.95,700.0,702.0,700.9,702.54,110414,77570069.25,1646.0,80599.0,73.0
CGCL,EQ,23-Jun-2022,696.15,690.0,710.0,685.7,698.0,701.45,702.21,98081,68873552.4,2309.0,61476.0,62.68
CGCL,EQ,22-Jun-2022,700.05,703.6,705.0,695.0,696.95,696.15,702.23,120822,84844976.05,2334.0,75766.0,62.71
CGCL,EQ,21-Jun-2022,699.65,706.0,707.9,695.55,699.0,700.05,700.37,134135,93944516.2,4897.0,74881.0,55.83
CGCL,EQ,20-Jun-2022,701.8,704.9,707.3,698.0,700.0,699.65,701.87,107866,75708201.8,2339.0,83793.0,77.68
CGCL,EQ,17-Jun-2022,702.1,702.0,710.0,696.05,701.95,701.8,705.8,218989,154562166.45,5197.0,119267.0,54.46
CGCL,EQ,16-Jun-2022,694.75,697.25,705.0,695.0,700.0,702.1,698.45,151229,105626021.8,2726.0,93221.0,61.64
CGCL,EQ,15-Jun-2022,691.95,696.0,704.8,692.35,696.0,694.75,696.61,103419,72043070.6,2370.0,71110.0,68.76
CGCL,EQ,14-Jun-2022,694.5,699.0,699.0,690.1,690.1,691.95,696.06,209674,145945432.2,2920.0,133188.0,63.52
CGCL,EQ,13-Jun-2022,705.8,705.8,710.0,691.0,695.0,694.5,697.24,181746,126720757.75,3334.0,124813.0,68.67
CGCL,EQ,10-Jun-2022,707.5,709.65,715.0,702.0,703.15,705.8,709.39,265904,188630194.0,3475.0,143132.0,53.83
CGCL,EQ,09-Jun-2022,702.0,705.55,715.0,703.0,705.0,707.5,709.59,324128,229996940.05,3220.0,211312.0,65.19
CGCL,EQ,08-Jun-2022,703.75,718.0,720.0,701.0,701.0,702.0,705.61,167502,118191583.05,2471.0,115079.0,68.7
CGCL,EQ,07-Jun-2022,702.05,701.5,710.0,701.4,704.0,703.75,705.91,156822,110701954.9,1704.0,105689.0,67.39
CGCL,EQ,06-Jun-2022,702.6,702.0,713.95,701.0,701.1,702.05,708.01,181368,128410901.1,4615.0,113123.0,62.37
CGCL,EQ,03-Jun-2022,689.9,704.0,714.55,685.0,695.1,702.6,698.53,116507,81384062.1,3953.0,68980.0,59.21
CGCL,EQ,02-Jun-2022,662.85,665.0,705.45,652.0,701.0,689.9,686.13,135515,92980532.0,7974.0,24247.0,17.89
CGCL,EQ,01-Jun-2022,671.45,675.0,688.0,656.2,659.25,662.85,673.09,40633,27349553.85,3380.0,7620.0,18.75
CGCL,EQ,31-May-2022,644.75,645.9,679.0,638.4,671.0,671.45,658.08,45586,29999132.65,1985.0,10769.0,23.62
CGCL,EQ,30-May-2022,637.5,640.7,651.1,631.15,643.0,644.75,643.48,23285,14983381.3,3201.0,9393.0,40.34
CGCL,EQ,27-May-2022,637.0,640.2,660.0,631.7,633.0,637.5,642.72,12399,7969041.35,2048.0,5274.0,42.54
CGCL,EQ,26-May-2022,635.15,636.0,652.3,621.05,634.0,637.0,636.05,19307,12280228.2,2734.0,8246.0,42.71
CGCL,EQ,25-May-2022,626.25,623.9,640.0,610.85,638.9,635.15,625.76,47116,29483325.9,3037.0,17490.0,37.12
CGCL,EQ,24-May-2022,655.0,659.1,669.85,615.05,621.0,626.25,640.19,49004,31371829.2,4751.0,13833.0,28.23
CGCL,EQ,23-May-2022,633.65,611.35,679.0,611.35,655.9,655.0,658.19,185576,122145002.95,14820.0,27329.0,14.73
CGCL,EQ,20-May-2022,616.8,622.95,650.0,622.95,630.0,633.65,636.52,112455,71579817.05,3302.0,74793.0,66.51
CGCL,EQ,19-May-2022,625.55,615.0,624.9,615.0,619.0,616.8,617.48,20879,12892404.8,1477.0,8567.0,41.03
CGCL,EQ,18-May-2022,626.25,630.0,639.95,625.0,625.0,625.55,630.0,22747,14330635.75,1893.0,9240.0,40.62
CGCL,EQ,17-May-2022,630.9,634.0,637.5,621.5,627.6,626.25,626.96,60342,37832099.0,4534.0,25724.0,42.63
CGCL,EQ,16-May-2022,636.7,607.0,674.9,539.65,637.0,630.9,604.97,429451,259805950.85,17130.0,158286.0,36.86
CGCL,EQ,13-May-2022,637.6,643.85,667.0,625.2,631.55,636.7,648.44,47002,30477789.35,4449.0,16745.0,35.63
CGCL,EQ,12-May-2022,652.85,635.0,669.0,634.15,639.0,637.6,648.52,68146,44193745.6,5357.0,12489.0,18.33
CGCL,EQ,11-May-2022,661.5,650.0,665.9,625.0,649.9,652.85,640.09,133295,85320360.4,6164.0,73443.0,55.1
CGCL,EQ,10-May-2022,687.75,675.0,730.1,650.5,653.0,661.5,698.47,162763,113685557.65,9352.0,34760.0,21.36
CGCL,EQ,09-May-2022,719.65,718.0,720.85,680.35,696.75,687.75,695.2,49717,34563159.4,4177.0,19128.0,38.47
CGCL,EQ,06-May-2022,740.25,735.0,735.0,713.6,720.1,719.65,723.54,43720,31633144.3,3610.0,17102.0,39.12
CGCL,EQ,05-May-2022,738.35,746.95,760.95,733.65,738.0,740.25,743.74,37098,27591271.6,3469.0,13095.0,35.3
CGCL,EQ,04-May-2022,756.0,748.8,753.55,725.0,736.2,738.35,742.72,90372,67121251.85,6982.0,31607.0,34.97
CGCL,EQ,02-May-2022,708.05,700.0,774.0,690.55,728.95,756.0,740.02,250137,185106098.3,10681.0,88245.0,35.28
CGCL,EQ,29-Apr-2022,737.4,742.8,742.8,701.05,703.0,708.05,726.73,64432,46824921.15,4686.0,26131.0,40.56
CGCL,EQ,28-Apr-2022,746.95,749.0,759.45,731.35,731.35,737.4,745.68,68989,51443966.35,5076.0,23611.0,34.22
CGCL,EQ,27-Apr-2022,758.6,742.0,762.45,737.05,742.0,746.95,749.13,107908,80836809.65,6613.0,24929.0,23.1
CGCL,EQ,26-Apr-2022,724.6,749.0,765.0,716.85,755.0,758.6,739.33,396873,293418321.7,14941.0,95818.0,24.14
CGCL,EQ,25-Apr-2022,732.45,739.0,760.0,712.4,722.0,724.6,735.6,853203,627618371.95,23340.0,189122.0,22.17
CGCL,EQ,22-Apr-2022,753.35,747.0,771.35,725.0,732.0,732.45,745.36,316186,235672915.35,9848.0,81671.0,25.83
CGCL,EQ,21-Apr-2022,791.1,775.0,789.8,743.85,755.5,753.35,761.08,798736,607901801.5,21639.0,169613.0,21.24
CGCL,EQ,20-Apr-2022,727.6,734.25,805.0,727.6,780.0,791.1,776.26,1262883,980328558.4,52935.0,83455.0,6.61
CGCL,EQ,19-Apr-2022,736.95,735.0,800.0,700.0,726.0,727.6,754.69,2047377,1545144173.35,75943.0,136390.0,6.66
CGCL,EQ,18-Apr-2022,628.35,641.8,752.0,635.4,735.0,736.95,710.77,1718357,1221351076.45,57020.0,120932.0,7.04
CGCL,EQ,13-Apr-2022,642.55,645.6,661.0,623.35,625.0,628.35,645.61,60741,39215076.6,3351.0,22859.0,37.63
CGCL,EQ,12-Apr-2022,664.6,670.0,675.2,637.2,638.35,642.55,653.16,100875,65887733.85,8035.0,33027.0,32.74
CGCL,EQ,11-Apr-2022,622.8,622.7,703.8,617.4,669.0,664.6,656.04,105491,69206086.85,4106.0,57112.0,54.14
CGCL,EQ,08-Apr-2022,623.75,625.1,639.9,616.75,621.0,622.8,621.95,43114,26814612.5,2392.0,21259.0,49.31
CGCL,EQ,07-Apr-2022,616.25,619.35,624.0,614.9,624.0,623.75,620.22,39161,24288349.35,2908.0,17896.0,45.7
CGCL,EQ,06-Apr-2022,614.1,617.0,619.95,612.1,615.0,616.25,615.27,40496,24916057.6,3500.0,18935.0,46.76
CGCL,EQ,05-Apr-2022,615.9,613.4,621.0,613.4,615.0,614.1,616.13,37406,23046919.35,3105.0,12724.0,34.02
CGCL,EQ,04-Apr-2022,614.95,614.0,623.85,613.15,617.15,615.9,618.21,86266,53330093.8,5017.0,10395.0,12.05
CGCL,EQ,01-Apr-2022,615.2,616.0,623.9,614.3,615.4,614.95,618.43,49208,30431756.85,3643.0,7128.0,14.49
CGCL,EQ,31-Mar-2022,617.05,619.35,628.35,615.0,615.0,615.2,618.06,39187,24219918.35,3791.0,8184.0,20.88
CGCL,EQ,30-Mar-2022,617.55,618.0,629.45,612.55,612.8,617.05,619.35,74325,46033410.5,2735.0,41606.0,55.98
CGCL,EQ,29-Mar-2022,619.75,619.0,624.7,616.25,616.25,617.55,621.11,40829,25359403.25,2612.0,10258.0,25.12
CGCL,EQ,28-Mar-2022,617.0,620.0,622.0,617.45,619.9,619.75,619.31,48103,29790480.15,1754.0,14099.0,29.31
CGCL,EQ,25-Mar-2022,616.2,620.8,624.45,616.0,616.05,617.0,618.07,270074,166923507.1,2600.0,207833.0,76.95
CGCL,EQ,24-Mar-2022,619.55,621.8,623.65,615.0,616.95,616.2,617.44,215695,133177927.9,3073.0,172516.0,79.98
CGCL,EQ,23-Mar-2022,617.75,618.15,624.25,612.1,624.0,619.55,617.21,321378,198356536.15,3255.0,206336.0,64.2
CGCL,EQ,22-Mar-2022,628.9,622.0,624.0,615.0,619.5,617.75,619.28,247858,153493817.2,5289.0,170444.0,68.77
CGCL,EQ,21-Mar-2022,617.3,620.4,644.45,619.2,629.8,628.9,626.3,455954,285564243.05,10574.0,240462.0,52.74
CGCL,EQ,17-Mar-2022,621.3,624.85,624.85,615.0,615.0,617.3,619.87,191405,118647028.7,1359.0,164226.0,85.8
CGCL,EQ,16-Mar-2022,611.45,620.8,668.8,614.0,617.9,621.3,617.99,298240,184310127.05,2959.0,170906.0,57.3
CGCL,EQ,15-Mar-2022,616.35,621.0,625.0,601.55,614.9,611.45,615.18,319758,196708173.9,5593.0,187797.0,58.73
CGCL,EQ,14-Mar-2022,610.55,616.35,620.0,612.35,616.0,616.35,615.5,630093,387821196.1,6847.0,433484.0,68.8
CGCL,EQ,11-Mar-2022,590.45,610.1,620.0,602.6,609.8,610.55,612.58,406183,248821295.0,6982.0,187496.0,46.16
CGCL,EQ,10-Mar-2022,595.65,599.4,601.0,580.15,588.85,590.45,594.97,461540,274600775.7,4195.0,392805.0,85.11
CGCL,EQ,09-Mar-2022,597.6,597.6,602.0,592.1,597.0,595.65,597.81,42510,25412804.7,2035.0,16284.0,38.31
CGCL,EQ,08-Mar-2022,583.35,584.05,600.0,580.0,595.6,597.6,583.55,177926,103829213.9,2519.0,123251.0,69.27
CGCL,EQ,07-Mar-2022,602.95,600.0,600.0,580.0,584.0,583.35,584.1,221811,129560000.15,2677.0,148652.0,67.02
CGCL,EQ,04-Mar-2022,599.45,600.75,604.0,590.1,604.0,602.95,596.0,217863,129845913.45,2044.0,179670.0,82.47
CGCL,EQ,03-Mar-2022,597.75,603.8,604.0,596.0,600.0,599.45,600.22,213410,128092236.75,1946.0,181844.0,85.21
CGCL,EQ,02-Mar-2022,592.85,592.85,622.85,590.75,597.75,597.75,601.2,537845,323350064.1,9616.0,353506.0,65.73
CGCL,EQ,28-Feb-2022,591.4,597.9,609.9,590.0,594.0,592.85,600.21,236261,141806512.5,7926.0,102982.0,43.59
CGCL,EQ,25-Feb-2022,581.5,599.9,599.9,586.1,593.0,591.4,593.58,222485,132061758.1,3518.0,158901.0,71.42
CGCL,EQ,24-Feb-2022,590.0,590.0,598.0,571.05,580.05,581.5,585.49,260838,152719262.6,4386.0,168348.0,64.54
CGCL,EQ,23-Feb-2022,593.7,598.9,598.9,585.65,590.0,590.0,596.27,202029,120464817.2,2958.0,140933.0,69.76
CGCL,EQ,22-Feb-2022,589.8,590.25,600.0,588.0,588.8,593.7,595.46,285090,169761066.9,5173.0,139998.0,49.11
CGCL,EQ,21-Feb-2022,591.25,599.5,600.0,585.0,590.05,589.8,595.89,470504,280370428.65,8558.0,221373.0,47.05
CGCL,EQ,18-Feb-2022,590.6,590.1,597.0,590.1,592.0,591.25,594.83,178783,106345910.2,1408.0,157207.0,87.93
CGCL,EQ,17-Feb-2022,597.25,596.8,598.85,590.0,590.05,590.6,593.74,221905,131754093.5,4163.0,159817.0,72.02
CGCL,EQ,16-Feb-2022,576.0,590.0,599.0,590.0,596.0,597.25,596.23,72066,42967956.4,3427.0,20224.0,28.06
CGCL,EQ,15-Feb-2022,580.4,589.0,599.0,575.0,576.0,576.0,583.34,127059,74118308.15,8257.0,28209.0,22.2
CGCL,EQ,14-Feb-2022,574.4,542.4,628.3,542.4,579.5,580.4,605.93,1163540,705019220.3,44089.0,67865.0,5.83
CGCL,EQ,11-Feb-2022,576.9,576.9,583.7,571.15,575.0,574.4,578.1,38608,22319140.2,4209.0,17095.0,44.28
CGCL,EQ,10-Feb-2022,579.4,582.3,586.6,575.0,578.0,576.9,578.45,25525,14764904.6,2293.0,11989.0,46.97
CGCL,EQ,09-Feb-2022,579.2,579.9,593.5,576.15,582.0,579.4,584.46,42063,24584178.35,5861.0,11176.0,26.57
CGCL,EQ,08-Feb-2022,590.1,589.9,594.4,575.15,575.5,579.2,583.63,39313,22944150.7,3955.0,15593.0,39.66
CGCL,EQ,07-Feb-2022,574.6,599.0,619.0,580.15,583.0,590.1,604.1,345310,208601953.2,16383.0,100588.0,29.13
CGCL,EQ,04-Feb-2022,580.55,578.0,584.9,565.0,580.0,574.6,573.1,75743,43408641.0,6155.0,28032.0,37.01
CGCL,EQ,03-Feb-2022,598.3,599.4,604.9,570.05,576.25,580.55,591.72,108805,64382068.4,8322.0,36229.0,33.3
CGCL,EQ,02-Feb-2022,568.9,590.0,629.5,586.1,593.25,598.3,614.47,998342,613448913.4,32106.0,139150.0,13.94
CGCL,EQ,01-Feb-2022,540.75,543.35,585.0,537.15,580.0,568.9,564.73,89537,50564375.5,4126.0,48727.0,54.42
CGCL,EQ,31-Jan-2022,534.3,537.0,545.0,531.3,544.75,540.75,538.84,9949,5360902.45,689.0,4575.0,45.98
CGCL,EQ,28-Jan-2022,538.1,540.8,552.0,532.4,533.0,534.3,543.37,42059,22853737.45,4771.0,6956.0,16.54
CGCL,EQ,27-Jan-2022,541.3,533.95,544.0,530.0,535.65,538.1,536.24,13120,7035451.4,1531.0,3297.0,25.13
CGCL,EQ,25-Jan-2022,534.3,527.0,554.0,525.15,532.7,541.3,534.97,12497,6685546.95,1577.0,3914.0,31.32
CGCL,EQ,24-Jan-2022,538.25,538.5,546.65,525.05,534.9,534.3,533.42,17374,9267634.95,1684.0,3370.0,19.4
CGCL,EQ,21-Jan-2022,542.9,540.0,546.0,528.0,546.0,538.25,535.99,19195,10288284.5,1785.0,5665.0,29.51
CGCL,EQ,20-Jan-2022,540.05,542.8,547.4,525.4,535.0,542.9,536.75,14019,7524662.9,1210.0,5354.0,38.19
CGCL,EQ,19-Jan-2022,540.7,533.0,548.7,530.0,544.0,540.05,537.52,15921,8557933.6,2667.0,3739.0,23.48
CGCL,EQ,18-Jan-2022,535.6,539.0,550.0,522.0,530.1,540.7,535.73,71219,38154014.05,4360.0,26029.0,36.55
CGCL,EQ,17-Jan-2022,522.9,527.0,539.7,515.3,536.45,535.6,529.9,115660,61288460.3,4521.0,55333.0,47.84
CGCL,EQ,14-Jan-2022,514.4,517.0,527.95,511.05,526.55,522.9,519.83,19473,10122723.25,1463.0,8075.0,41.47
CGCL,EQ,13-Jan-2022,515.45,510.0,520.2,509.8,516.0,514.4,514.5,15393,7919751.4,1842.0,5663.0,36.79
CGCL,EQ,12-Jan-2022,519.25,521.85,524.0,512.1,512.1,515.45,519.09,16947,8797062.8,2401.0,6567.0,38.75
CGCL,EQ,11-Jan-2022,520.15,522.8,525.9,512.1,514.2,519.25,520.29,17507,9108649.25,1861.0,4483.0,25.61
CGCL,EQ,10-Jan-2022,512.9,508.0,525.8,504.75,524.0,520.15,514.64,67735,34858829.7,4087.0,40831.0,60.28
CGCL,EQ,07-Jan-2022,523.85,526.5,528.95,511.0,512.5,512.9,515.95,29280,15106936.65,2113.0,19432.0,66.37
CGCL,EQ,06-Jan-2022,510.0,510.0,529.1,505.3,521.0,523.85,520.34,40968,21317156.6,2133.0,24843.0,60.64
CGCL,EQ,05-Jan-2022,515.4,509.1,516.15,508.15,510.3,510.0,512.96,18033,9250201.1,941.0,4127.0,22.89
CGCL,EQ,04-Jan-2022,513.2,515.75,517.95,507.05,517.05,515.4,512.2,31070,15913914.9,2061.0,4226.0,13.6
CGCL,EQ,03-Jan-2022,522.95,524.55,529.4,511.1,512.05,513.2,514.32,33476,17217356.45,2744.0,9865.0,29.47
CGCL,EQ,31-Dec-2021,521.7,518.05,525.0,514.25,522.95,522.95,520.0,29507,15343546.9,4562.0,8938.0,30.29
CGCL,EQ,30-Dec-2021,523.3,520.0,524.7,512.2,523.45,521.7,518.43,31580,16372085.4,942.0,10108.0,32.01
CGCL,EQ,29-Dec-2021,501.7,510.0,529.0,502.25,520.15,523.3,515.45,89050,45901211.4,4021.0,25792.0,28.96
CGCL,EQ,28-Dec-2023,777.2,773.1,780.0,767.75,768.0,771.55,772.51,50213,38790197.85,3088.0,32509.0,64.74
CGCL,EQ,27-Dec-2023,766.85,768.05,794.5,765.05,775.0,777.2,781.0,161060,125787881.4,7107.0,57512.0,35.71
CGCL,EQ,26-Dec-2023,770.2,774.1,774.1,763.9,767.9,766.85,767.76,51902,39848356.35,1828.0,3699.0,7.13
CGCL,EQ,22-Dec-2023,775.15,773.0,775.6,766.1,774.9,770.2,769.61,110590,85110908.4,2403.0,4652.0,4.21
CGCL,EQ,21-Dec-2023,773.95,765.5,776.45,765.25,776.0,775.15,774.55,66354,51394805.55,1909.0,4931.0,7.43
CGCL,EQ,20-Dec-2023,784.6,784.6,784.6,760.05,765.5,773.95,772.55,59087,45647418.85,6159.0,17062.0,28.88
CGCL,EQ,19-Dec-2023,763.9,766.85,791.0,761.55,782.0,784.6,781.75,159650,124805660.9,7244.0,64503.0,40.4
CGCL,EQ,18-Dec-2023,761.95,764.9,768.9,758.25,761.0,763.9,764.26,45670,34903913.05,2095.0,32306.0,70.74
CGCL,EQ,15-Dec-2023,762.1,764.9,766.2,760.55,760.55,761.95,763.44,144544,110350208.0,2739.0,31882.0,22.06
CGCL,EQ,14-Dec-2023,763.7,767.2,767.55,759.05,761.0,762.1,763.76,139338,106420278.5,2340.0,29518.0,21.18
CGCL,EQ,13-Dec-2023,760.0,763.9,769.65,757.9,764.75,763.7,763.57,142546,108843773.75,2774.0,30366.0,21.3
CGCL,EQ,12-Dec-2023,764.0,780.0,798.0,757.1,760.0,760.0,771.65,243152,187629173.8,9282.0,61000.0,25.09
CGCL,EQ,11-Dec-2023,763.7,767.5,770.8,760.25,761.1,764.0,767.76,137220,105352427.7,2767.0,28822.0,21.0
CGCL,EQ,08-Dec-2023,777.95,773.7,773.7,760.15,760.25,763.7,764.41,108991,83313701.5,3576.0,31675.0,29.06
CGCL,EQ,07-Dec-2023,748.3,751.85,788.4,742.55,774.8,777.95,767.35,183627,140905641.75,7690.0,62036.0,33.78
CGCL,EQ,06-Dec-2023,753.55,757.75,757.8,741.1,744.1,748.3,746.89,96237,71878834.55,2406.0,31093.0,32.31
CGCL,EQ,05-Dec-2023,754.4,754.4,757.35,748.0,753.35,753.55,752.83,101231,76210237.8,2433.0,32678.0,32.28
CGCL,EQ,04-Dec-2023,742.4,746.15,820.85,744.95,754.4,754.4,774.8,364951,282764069.05,26466.0,72791.0,19.95
CGCL,EQ,01-Dec-2023,746.85,750.6,750.6,735.1,739.0,742.4,742.35,104115,77289539.75,2868.0,43791.0,42.06
CGCL,EQ,30-Nov-2023,739.45,742.9,749.0,733.0,748.5,746.85,745.04,80833,60223469.0,4251.0,42373.0,52.42
CGCL,EQ,29-Nov-2023,750.95,750.15,755.0,736.25,739.45,739.45,744.88,1104833,822964687.2,5361.0,976708.0,88.4
CGCL,EQ,28-Nov-2023,745.95,745.95,755.45,738.15,749.0,750.95,746.35,149228,111376032.1,3713.0,56102.0,37.59
CGCL,EQ,24-Nov-2023,750.5,753.85,753.85,744.05,745.8,745.95,749.77,120652,90461323.65,2074.0,40248.0,33.36
CGCL,EQ,23-Nov-2023,757.25,759.0,759.0,749.5,750.05,750.5,753.55,132133,99569129.75,2400.0,37779.0,28.59
CGCL,EQ,22-Nov-2023,751.8,750.0,764.7,748.6,754.25,757.25,758.29,145053,109992361.35,4828.0,43444.0,29.95
CGCL,EQ,21-Nov-2023,750.95,754.75,760.8,751.1,751.95,751.8,752.77,111839,84188679.8,2306.0,37187.0,33.25
CGCL,EQ,20-Nov-2023,759.45,763.4,763.4,750.0,751.0,750.95,755.32,83036,62718975.7,1970.0,31923.0,38.44
CGCL,EQ,17-Nov-2023,771.35,760.0,784.95,756.25,759.45,759.45,768.52,117766,90506038.65,5607.0,32470.0,27.57
CGCL,EQ,16-Nov-2023,751.95,755.7,774.0,751.55,773.0,771.35,763.52,142335,108675624.05,4676.0,43722.0,30.72
CGCL,EQ,15-Nov-2023,755.55,759.35,768.5,747.05,753.0,751.95,757.88,90530,68611222.05,3314.0,36876.0,40.73
CGCL,EQ,13-Nov-2023,763.95,765.5,770.0,753.4,756.0,755.55,763.14,86749,66201333.35,3012.0,28131.0,32.43
CGCL,EQ,12-Nov-2023,762.15,763.0,766.0,761.85,764.5,763.95,765.14,31068,23771480.2,392.0,1215.0,3.91
CGCL,EQ,10-Nov-2023,754.3,754.3,765.0,745.0,764.85,762.15,757.07,118267,89536810.15,3243.0,32198.0,27.22
CGCL,EQ,09-Nov-2023,762.95,762.0,765.6,751.25,755.0,754.3,759.33,88264,67021211.2,2109.0,32828.0,37.19
CGCL,EQ,08-Nov-2023,761.75,762.05,783.5,755.4,761.9,762.95,764.79,236567,180924621.65,7229.0,56538.0,23.9
CGCL,EQ,07-Nov-2023,748.7,750.0,770.1,745.3,759.65,761.75,759.37,204320,155153576.75,7250.0,52109.0,25.5
CGCL,EQ,06-Nov-2023,759.0,757.0,762.8,742.35,751.95,748.7,753.47,126882,95601152.4,3702.0,41556.0,32.75
CGCL,EQ,03-Nov-2023,765.95,765.95,774.7,755.05,755.05,759.0,764.31,107664,82289168.8,2543.0,42141.0,39.14
CGCL,EQ,02-Nov-2023,764.85,769.9,778.05,757.6,765.0,765.95,766.05,229302,175655853.9,9109.0,53325.0,23.26
CGCL,EQ,01-Nov-2023,761.0,764.8,770.0,750.5,767.95,764.85,762.75,184257,140542342.95,4020.0,41804.0,22.69
CGCL,EQ,31-Oct-2023,758.1,762.1,769.95,758.05,768.0,761.0,763.19,114688,87529215.0,2166.0,52890.0,46.12
CGCL,EQ,30-Oct-2023,766.8,765.0,768.0,755.85,757.2,758.1,761.56,163012,124143098.05,4259.0,47976.0,29.43
CGCL,EQ,27-Oct-2023,763.6,767.45,777.0,761.6,766.0,766.8,769.78,100388,77276587.0,2483.0,41116.0,40.96
CGCL,EQ,26-Oct-2023,752.15,745.15,767.9,735.6,765.0,763.6,754.13,123173,92888086.45,4373.0,44592.0,36.2
CGCL,EQ,25-Oct-2023,739.0,742.4,759.0,732.1,747.6,752.15,749.68,130229,97629953.5,4411.0,38870.0,29.85
CGCL,EQ,23-Oct-2023,755.0,755.0,759.8,734.35,737.9,739.0,746.93,82304,61475130.15,1949.0,6080.0,7.39
CGCL,EQ,20-Oct-2023,749.7,746.7,760.0,743.75,760.0,755.0,753.24,123285,92863396.6,4407.0,41646.0,33.78
CGCL,EQ,19-Oct-2023,755.25,750.0,759.35,744.35,746.0,749.7,752.53,151491,114002238.45,4522.0,60886.0,40.19
CGCL,EQ,18-Oct-2023,762.0,765.6,765.6,750.0,751.5,755.25,756.91,131662,99656591.3,2546.0,37871.0,28.76
CGCL,EQ,17-Oct-2023,756.75,764.45,768.95,753.65,762.95,762.0,762.27,160841,122604267.1,3911.0,50004.0,31.09
CGCL,EQ,16-Oct-2023,760.95,767.0,767.0,753.05,753.1,756.75,758.88,224424,170310028.9,3641.0,71842.0,32.01
CGCL,EQ,13-Oct-2023,768.35,765.0,774.7,754.6,774.0,760.95,765.92,190587,145974374.45,4043.0,66986.0,35.15
CGCL,EQ,12-Oct-2023,773.45,777.35,780.0,764.75,766.65,768.35,771.0,164822,127077181.5,4734.0,54421.0,33.02
CGCL,EQ,11-Oct-2023,770.55,773.8,783.8,763.95,777.0,773.45,769.73,167888,129229160.75,6490.0,74058.0,44.11
CGCL,EQ,10-Oct-2023,775.45,779.0,783.85,761.75,772.0,770.55,771.18,201777,155606336.7,5244.0,99984.0,49.55
CGCL,EQ,09-Oct-2023,784.55,794.0,802.0,767.95,775.0,775.45,778.78,255775,199193388.25,13342.0,91784.0,35.88
CGCL,EQ,06-Oct-2023,785.2,792.45,799.9,781.95,784.0,784.55,790.4,189253,149586363.0,8720.0,58818.0,31.08
CGCL,EQ,05-Oct-2023,784.0,798.0,803.8,778.55,786.9,785.2,786.31,240109,188800601.95,12840.0,65778.0,27.4
CGCL,EQ,04-Oct-2023,783.1,795.0,807.35,771.55,790.0,784.0,788.36,395880,312096925.15,23772.0,113188.0,28.59
CGCL,EQ,03-Oct-2023,796.95,800.0,808.5,775.5,784.8,783.1,786.0,221498,174096745.95,12453.0,76103.0,34.36
CGCL,EQ,29-Sep-2023,778.3,800.0,810.0,774.25,802.0,796.95,792.43,265748,210586466.05,17163.0,67747.0,25.49
CGCL,EQ,28-Sep-2023,789.45,788.05,801.85,765.0,779.0,778.3,779.49,245467,191339596.15,13482.0,101345.0,41.29
CGCL,EQ,27-Sep-2023,763.7,785.0,795.0,765.35,794.0,789.45,779.93,191173,149101609.5,5069.0,54810.0,28.67
CGCL,EQ,26-Sep-2023,764.15,785.0,815.0,760.0,765.15,763.7,782.87,387470,303337131.75,15168.0,89954.0,23.22
CGCL,EQ,25-Sep-2023,772.85,790.0,813.9,760.0,762.6,764.15,784.52,260748,204561286.35,15492.0,71240.0,27.32
CGCL,EQ,22-Sep-2023,798.3,791.5,796.55,770.0,778.0,772.85,782.97,145289,113756991.15,5464.0,49597.0,34.14
CGCL,EQ,21-Sep-2023,770.95,769.0,812.0,765.35,796.75,798.3,798.5,369397,294964775.85,21188.0,100592.0,27.23
CGCL,EQ,20-Sep-2023,778.95,782.55,785.2,765.0,770.5,770.95,774.91,129289,100187477.55,6411.0,60296.0,46.64
CGCL,EQ,18-Sep-2023,767.95,754.15,786.1,754.05,780.8,778.95,771.92,98901,76343375.4,6250.0,29665.0,29.99
CGCL,EQ,15-Sep-2023,772.55,773.85,808.8,743.45,758.5,767.95,768.32,1503215,1154943704.95,26618.0,973624.0,64.77
CGCL,EQ,14-Sep-2023,778.35,773.0,790.35,770.0,770.35,772.55,774.15,208913,161731037.75,10018.0,72839.0,34.87
CGCL,EQ,13-Sep-2023,785.4,792.95,798.0,775.0,777.15,778.35,782.94,166710,130523640.9,10797.0,46675.0,28.0
CGCL,EQ,12-Sep-2023,812.1,816.2,817.0,771.0,784.0,785.4,798.28,155579,124195067.75,12629.0,51119.0,32.86
CGCL,EQ,11-Sep-2023,809.8,813.85,821.15,807.2,813.25,812.1,815.39,168142,137101155.55,10547.0,54153.0,32.21
CGCL,EQ,08-Sep-2023,811.05,811.05,821.3,806.25,809.3,809.8,811.21,165406,134178336.3,6494.0,48411.0,29.27
CGCL,EQ,07-Sep-2023,809.75,813.8,817.0,804.1,810.0,811.05,812.58,180259,146474507.25,8469.0,78496.0,43.55
CGCL,EQ,06-Sep-2023,813.4,817.55,819.0,804.7,810.0,809.75,813.8,156677,127503535.25,9404.0,54678.0,34.9
CGCL,EQ,05-Sep-2023,811.9,816.0,822.85,810.0,815.0,813.4,816.66,183620,149954961.95,8151.0,86387.0,47.05
CGCL,EQ,04-Sep-2023,806.25,806.25,823.0,804.95,815.0,811.9,814.88,214143,174499921.6,7996.0,86892.0,40.58
CGCL,EQ,01-Sep-2023,799.7,799.7,811.0,775.15,804.0,806.25,802.13,143443,115059738.5,6657.0,66910.0,46.65
CGCL,EQ,31-Aug-2023,804.8,804.8,813.0,794.8,795.05,799.7,805.64,172749,139172758.8,5835.0,68158.0,39.45
CGCL,EQ,30-Aug-2023,802.2,805.45,811.7,801.0,806.15,804.8,807.29,113395,91542875.0,3455.0,44562.0,39.3
CGCL,EQ,29-Aug-2023,800.3,800.35,809.4,791.2,804.0,802.2,804.64,165813,133419782.35,5565.0,49290.0,29.73
CGCL,EQ,28-Aug-2023,790.4,792.3,810.0,792.3,795.0,800.3,801.52,162145,129961765.5,8142.0,38456.0,23.72
CGCL,EQ,25-Aug-2023,789.8,786.25,799.9,786.25,792.8,790.4,795.64,152835,121600972.35,5947.0,47412.0,31.02
CGCL,EQ,24-Aug-2023,783.45,787.4,804.45,783.05,791.35,789.8,793.23,229601,182126338.55,9486.0,53897.0,23.47
CGCL,EQ,23-Aug-2023,776.5,788.15,794.95,777.05,783.0,783.45,788.18,189670,149493941.35,8502.0,55527.0,29.28
CGCL,EQ,22-Aug-2023,760.2,800.0,818.8,775.0,778.0,776.5,796.34,976205,777391613.15,33410.0,144637.0,14.82
CGCL,EQ,21-Aug-2023,746.5,750.25,839.8,746.1,758.7,760.2,799.15,1357512,1084853399.0,46556.0,306900.0,22.61
CGCL,EQ,18-Aug-2023,765.75,766.0,769.95,741.95,745.0,746.5,752.77,141281,106352802.05,4777.0,37212.0,26.34
CGCL,EQ,17-Aug-2023,786.1,783.0,790.2,761.35,766.5,765.75,771.54,99833,77024777.6,5480.0,37655.0,37.72
CGCL,EQ,16-Aug-2023,761.85,762.0,798.0,755.45,778.0,786.1,775.24,153592,119071139.6,6321.0,39704.0,25.85
CGCL,EQ,14-Aug-2023,789.85,784.55,785.35,758.1,759.9,761.85,771.42,109533,84496075.3,4765.0,7839.0,7.16
CGCL,EQ,11-Aug-2023,778.25,776.7,794.4,774.75,780.0,789.85,787.26,95002,74791039.7,1779.0,28711.0,30.22
CGCL,EQ,10-Aug-2023,788.4,796.0,796.0,775.1,777.9,778.25,782.0,98157,76758709.95,1943.0,29130.0,29.68
CGCL,EQ,09-Aug-2023,775.45,773.5,797.45,765.1,787.25,788.4,780.5,147313,114977998.55,2914.0,29895.0,20.29
CGCL,EQ,08-Aug-2023,775.7,779.6,787.2,760.95,768.25,775.45,777.93,139936,108859995.7,2919.0,30453.0,21.76
CGCL,EQ,07-Aug-2023,783.55,790.1,795.2,770.75,781.2,775.7,781.21,137868,107704207.8,4329.0,34624.0,25.11
CGCL,EQ,04-Aug-2023,772.1,775.9,795.95,773.4,781.75,783.55,789.28,106107,83748505.35,4080.0,34255.0,32.28
CGCL,EQ,03-Aug-2023,790.85,781.0,794.85,767.55,772.0,772.1,779.82,139416,108719564.65,4401.0,35890.0,25.74
CGCL,EQ,02-Aug-2023,795.4,799.0,801.1,785.1,793.35,790.85,794.52,133431,106013173.75,4359.0,37653.0,28.22
CGCL,EQ,01-Aug-2023,777.65,784.05,815.95,783.0,795.45,795.4,795.42,136803,108815946.0,5731.0,32514.0,23.77
CGCL,EQ,31-Jul-2023,770.6,766.0,782.0,760.7,778.5,777.65,774.67,65236,50536266.0,2106.0,5325.0,8.16
CGCL,EQ,28-Jul-2023,794.4,798.4,798.4,764.05,771.0,770.6,775.24,77082,59756819.3,4944.0,20950.0,27.18
CGCL,EQ,27-Jul-2023,810.75,814.85,814.85,789.95,794.9,794.4,802.37,178235,143010650.4,5195.0,50351.0,28.25
CGCL,EQ,26-Jul-2023,800.35,804.4,813.0,801.3,810.0,810.75,808.81,149156,120638580.05,5132.0,39896.0,26.75
CGCL,EQ,25-Jul-2023,800.65,804.7,811.0,797.0,811.0,800.35,804.2,162331,130546130.15,4495.0,32112.0,19.78
CGCL,EQ,24-Jul-2023,803.05,804.9,813.4,796.1,804.0,800.65,803.29,121955,97965041.95,6370.0,31045.0,25.46
CGCL,EQ,21-Jul-2023,800.15,803.1,810.0,790.45,800.35,803.05,803.8,230941,185629353.7,8836.0,63702.0,27.58
CGCL,EQ,20-Jul-2023,804.5,800.1,811.9,790.55,800.0,800.15,799.03,210619,168290502.3,3469.0,47443.0,22.53
CGCL,EQ,19-Jul-2023,795.5,787.55,820.0,787.1,792.0,804.5,800.53,249006,199337069.7,5365.0,48819.0,19.61
CGCL,EQ,18-Jul-2023,797.2,799.9,833.1,786.0,792.9,795.5,803.87,175291,140911965.45,10660.0,45324.0,25.86
CGCL,EQ,17-Jul-2023,780.2,784.0,804.0,783.25,795.0,797.2,798.16,203312,162274892.9,6263.0,48942.0,24.07
CGCL,EQ,14-Jul-2023,792.55,796.55,811.0,777.7,781.0,780.2,792.88,236636,187622900.15,5970.0,52211.0,22.06
CGCL,EQ,13-Jul-2023,779.9,782.9,799.0,775.2,796.0,792.55,787.31,195329,153785265.85,5066.0,36616.0,18.75
CGCL,EQ,12-Jul-2023,757.65,761.35,807.0,758.65,776.0,779.9,784.36,314541,246712281.35,13108.0,62299.0,19.81
CGCL,EQ,11-Jul-2023,770.35,773.0,773.2,752.25,761.35,757.65,759.54,170455,129467246.15,2575.0,36483.0,21.4
CGCL,EQ,10-Jul-2023,781.85,781.8,784.45,763.35,765.0,770.35,775.0,119072,92280696.75,2332.0,29849.0,25.07
CGCL,EQ,07-Jul-2023,767.9,771.75,788.0,764.95,777.0,781.85,777.23,202076,157060359.0,3468.0,33396.0,16.53
CGCL,EQ,06-Jul-2023,781.2,781.1,791.0,760.55,769.9,767.9,775.61,177231,137462823.2,4497.0,38088.0,21.49
CGCL,EQ,05-Jul-2023,764.9,766.85,794.05,759.55,781.0,781.2,776.71,202053,156936998.15,4315.0,40356.0,19.97
CGCL,EQ,04-Jul-2023,756.95,758.05,773.0,750.0,759.2,764.9,754.46,205211,154823293.85,3644.0,30777.0,15.0
CGCL,EQ,03-Jul-2023,765.95,761.0,769.4,750.05,752.15,756.95,761.09,125727,95689034.3,1893.0,30327.0,24.12
CGCL,EQ,30-Jun-2023,762.5,764.4,776.95,761.45,768.5,765.95,768.21,162660,124957320.1,2650.0,36029.0,22.15
CGCL,EQ,28-Jun-2023,761.75,761.75,774.9,756.3,767.0,762.5,761.67,179698,136870033.0,2803.0,41118.0,22.88
CGCL,EQ,27-Jun-2023,746.45,750.2,773.95,750.2,761.25,761.75,760.91,234928,178759638.65,4890.0,37296.0,15.88
CGCL,EQ,26-Jun-2023,733.85,738.0,749.0,730.4,749.0,746.45,741.43,220841,163737331.65,2612.0,32530.0,14.73
CGCL,EQ,23-Jun-2023,739.3,741.85,742.45,725.0,731.0,733.85,735.59,178510,131310121.85,2295.0,30734.0,17.22
CGCL,EQ,22-Jun-2023,752.15,748.8,751.65,733.35,738.0,739.3,745.38,203244,151494948.35,1954.0,31585.0,15.54
CGCL,EQ,21-Jun-2023,747.2,749.75,759.7,745.7,749.0,752.15,753.91,222332,167617927.95,2555.0,33119.0,14.9
CGCL,EQ,20-Jun-2023,746.8,749.35,754.55,736.95,753.0,747.2,742.93,90809,67464700.35,3210.0,32579.0,35.88
CGCL,EQ,19-Jun-2023,759.25,762.0,765.0,743.0,746.4,746.8,755.48,217143,164047610.3,5774.0,41194.0,18.97
CGCL,EQ,16-Jun-2023,817.1,784.0,790.0,751.05,756.0,759.25,769.96,296308,228146641.55,11355.0,94227.0,31.8
CGCL,EQ,15-Jun-2023,736.8,739.0,876.0,735.05,772.65,817.1,802.12,430068,344967996.75,15179.0,112300.0,26.11
CGCL,EQ,14-Jun-2023,757.65,763.9,764.05,730.35,733.0,736.8,745.59,205293,153063570.55,2992.0,34130.0,16.63
CGCL,EQ,13-Jun-2023,763.05,764.0,774.15,754.3,759.0,757.65,763.84,195710,149491780.2,2744.0,40687.0,20.79
CGCL,EQ,12-Jun-2023,747.15,749.75,769.75,749.45,762.5,763.05,763.84,200884,153443879.0,6384.0,42855.0,21.33
CGCL,EQ,09-Jun-2023,747.3,747.3,751.0,739.85,744.65,747.15,748.33,201608,150868871.65,1887.0,29731.0,14.75
CGCL,EQ,08-Jun-2023,750.65,750.65,758.05,741.85,741.85,747.3,749.68,182117,136530172.45,3598.0,30228.0,16.6
CGCL,EQ,07-Jun-2023,760.05,780.6,794.45,744.0,745.0,750.65,760.9,294802,224315421.5,11619.0,50078.0,16.99
CGCL,EQ,06-Jun-2023,710.05,709.05,778.0,708.05,765.45,760.05,735.72,304187,223795264.0,10070.0,68233.0,22.43
CGCL,EQ,05-Jun-2023,707.95,707.95,713.95,705.7,710.0,710.05,709.05,188076,133356086.6,3308.0,32905.0,17.5
CGCL,EQ,02-Jun-2023,707.15,708.0,714.9,705.2,710.0,707.95,710.46,181171,128715505.1,2298.0,32248.0,17.8
CGCL,EQ,01-Jun-2023,701.7,702.75,712.4,700.2,708.0,707.15,703.83,223025,156972375.05,2135.0,31132.0,13.96
CGCL,EQ,31-May-2023,708.05,708.05,728.0,691.0,704.0,701.7,705.17,277221,195487496.95,10147.0,55605.0,20.06
CGCL,EQ,30-May-2023,710.0,706.3,715.0,705.0,705.2,708.05,710.64,212747,151185954.7,2823.0,29538.0,13.88
CGCL,EQ,29-May-2023,706.75,708.8,715.9,705.0,705.15,710.0,710.56,242358,172210227.9,5558.0,75560.0,31.18
CGCL,EQ,26-May-2023,708.4,706.1,710.9,705.0,705.0,706.75,707.72,101423,71779314.2,2926.0,21547.0,21.24
CGCL,EQ,25-May-2023,709.6,715.6,715.6,705.05,710.9,708.4,706.77,63816,45103097.05,1928.0,3064.0,4.8
CGCL,EQ,24-May-2023,709.75,703.0,713.2,696.6,708.2,709.6,707.33,80065,56632611.35,2576.0,7114.0,8.89
CGCL,EQ,23-May-2023,675.4,681.2,725.0,678.0,708.0,709.75,711.25,409020,290914729.35,15895.0,43536.0,10.64
CGCL,EQ,22-May-2023,674.35,676.0,680.85,671.05,675.0,675.4,676.63,125002,84580260.15,4404.0,22736.0,18.19
CGCL,EQ,19-May-2023,676.15,676.0,691.0,674.0,674.25,674.35,678.07,300805,203967827.4,5603.0,6897.0,2.29
CGCL,EQ,18-May-2023,677.5,677.5,696.0,675.2,675.25,676.15,679.98,359572,244500567.65,11500.0,20956.0,5.83
CGCL,EQ,17-May-2023,677.8,674.0,684.35,668.2,675.0,677.5,677.82,248412,168377552.85,5258.0,4482.0,1.8
CGCL,EQ,16-May-2023,685.4,685.4,687.65,671.85,671.85,677.8,684.62,164713,112766298.55,3015.0,5358.0,3.25
CGCL,EQ,15-May-2023,686.15,687.0,689.5,677.7,682.95,685.4,685.64,98833,67763428.3,1562.0,8279.0,8.38
CGCL,EQ,12-May-2023,674.55,671.6,688.9,670.05,685.8,686.15,683.32,74777,51096959.95,2085.0,9423.0,12.6
CGCL,EQ,11-May-2023,676.55,672.0,677.0,672.0,673.0,674.55,674.17,3097,2087901.0,402.0,1189.0,38.39
CGCL,EQ,10-May-2023,677.9,677.35,678.0,671.6,678.0,676.55,674.0,112983,76150951.45,1301.0,894.0,0.79
CGCL,EQ,09-May-2023,678.75,681.95,682.0,673.85,679.0,677.9,678.2,127803,86675807.3,1121.0,2459.0,1.92
CGCL,EQ,08-May-2023,681.7,681.0,681.2,674.95,677.75,678.75,677.54,127081,86102128.4,1559.0,3956.0,3.11
CGCL,EQ,05-May-2023,669.3,662.6,684.0,662.55,675.0,681.7,671.43,125097,83994255.85,2218.0,10617.0,8.49
CGCL,EQ,04-May-2023,665.5,674.95,680.95,666.15,668.6,669.3,669.16,151133,101132202.55,1998.0,4538.0,3.0
CGCL,EQ,03-May-2023,645.6,652.0,679.0,643.65,672.0,665.5,648.34,155812,101019212.5,3272.0,20865.0,13.39
CGCL,EQ,02-May-2023,658.95,655.0,656.75,641.0,646.9,645.6,645.22,169010,109049248.4,5312.0,27467.0,16.25
CGCL,EQ,28-Apr-2023,653.35,653.35,660.5,652.65,656.3,658.95,658.2,109874,72318639.55,1431.0,4488.0,4.08
CGCL,EQ,27-Apr-2023,649.75,653.0,659.0,646.5,659.0,653.35,651.07,227866,148356475.25,4463.0,28843.0,12.66
CGCL,EQ,26-Apr-2023,645.8,642.6,660.0,642.6,653.0,649.75,649.33,232952,151262608.8,4647.0,32803.0,14.08
CGCL,EQ,25-Apr-2023,648.6,642.2,652.0,611.5,642.55,645.8,619.36,1066215,660368830.75,15399.0,726937.0,68.18
CGCL,EQ,24-Apr-2023,659.05,656.6,656.6,641.1,650.0,648.6,647.26,25758,16672005.75,3308.0,10431.0,40.5
CGCL,EQ,21-Apr-2023,632.95,636.0,670.95,622.55,647.1,659.05,651.26,64352,41909888.45,5472.0,22865.0,35.53
CGCL,EQ,20-Apr-2023,626.6,632.85,645.0,620.15,626.1,632.95,630.01,39275,24743475.8,3157.0,15074.0,38.38
CGCL,EQ,19-Apr-2023,617.25,615.65,631.0,607.0,629.9,626.6,615.52,632867,389539858.65,4940.0,561068.0,88.65
CGCL,EQ,18-Apr-2023,615.35,615.35,619.45,611.2,616.85,617.25,615.89,10732,6609720.5,839.0,5141.0,47.9
CGCL,EQ,17-Apr-2023,609.85,611.7,624.1,597.35,615.0,615.35,610.24,25768,15724762.25,1725.0,9787.0,37.98
CGCL,EQ,13-Apr-2023,595.1,597.05,612.95,587.6,610.0,609.85,606.02,70545,42751817.45,4176.0,25085.0,35.56
CGCL,EQ,12-Apr-2023,586.1,585.0,597.55,585.0,594.95,595.1,592.49,51219,30346639.75,2598.0,25610.0,50.0
CGCL,EQ,11-Apr-2023,583.35,585.05,589.95,583.35,585.0,586.1,585.68,20418,11958368.9,1281.0,10673.0,52.27
CGCL,EQ,10-Apr-2023,589.0,584.5,589.95,581.0,584.0,583.35,583.22,33951,19800906.25,2543.0,18158.0,53.48
CGCL,EQ,06-Apr-2023,585.85,581.0,594.8,581.0,582.45,589.0,586.05,57036,33425894.6,4081.0,19677.0,34.5
CGCL,EQ,05-Apr-2023,613.45,614.9,618.45,584.0,584.95,585.85,590.56,93328,55115623.45,6976.0,27847.0,29.84
CGCL,EQ,03-Apr-2023,661.15,636.0,638.7,606.55,610.95,613.45,622.58,117753,73310352.45,8543.0,30158.0,25.61
CGCL,EQ,31-Mar-2023,601.55,607.5,720.0,600.05,630.0,661.15,653.74,732874,479107130.2,25075.0,168005.0,22.92
CGCL,EQ,29-Mar-2023,571.95,572.95,617.0,571.0,600.15,601.55,589.16,61464,36212215.3,4222.0,32330.0,52.6
CGCL,EQ,28-Mar-2023,572.4,572.4,576.75,570.15,571.0,571.95,571.41,45933,26246457.0,1566.0,34929.0,76.04
CGCL,EQ,27-Mar-2023,571.3,571.05,599.0,566.0,585.0,572.4,570.9,41548,23719557.4,2088.0,23385.0,56.28
CGCL,EQ,24-Mar-2023,571.95,574.0,574.1,571.0,571.25,571.3,571.78,44642,25525476.7,1966.0,28058.0,62.85
CGCL,EQ,23-Mar-2023,571.2,574.0,575.05,570.0,572.0,571.95,571.62,232580,132948140.3,2434.0,203687.0,87.58
CGCL,EQ,22-Mar-2023,580.15,584.8,585.2,571.0,571.0,571.2,574.77,108525,62377285.4,3688.0,56351.0,51.92
CGCL,EQ,21-Mar-2023,621.5,583.05,603.45,575.0,581.0,580.15,586.66,283806,166498149.8,10632.0,58497.0,20.61
CGCL,EQ,20-Mar-2023,622.0,629.95,646.1,620.55,621.0,621.5,622.37,44984,27996750.65,1480.0,34754.0,77.26
CGCL,EQ,17-Mar-2023,621.25,624.0,625.0,620.7,625.0,622.0,622.0,101431,63089969.75,2407.0,81283.0,80.14
CGCL,EQ,16-Mar-2023,625.75,623.0,628.9,621.0,623.0,621.25,622.77,88299,54989836.0,856.0,83293.0,94.33
CGCL,EQ,15-Mar-2023,638.8,643.6,643.8,623.75,628.0,625.75,628.05,187024,117460640.4,3863.0,143773.0,76.87
CGCL,EQ,14-Mar-2023,640.95,645.0,656.75,635.05,635.2,638.8,640.15,143152,91639231.15,3081.0,122940.0,85.88
CGCL,EQ,13-Mar-2023,661.15,654.55,658.3,640.0,640.3,640.95,644.66,111810,72079322.45,3488.0,62418.0,55.83
CGCL,EQ,10-Mar-2023,672.25,666.05,672.95,657.2,660.05,661.15,663.29,69102,45834925.8,1622.0,9931.0,14.37
CGCL,EQ,09-Mar-2023,674.7,673.0,678.8,666.1,672.1,672.25,671.47,171244,114984537.8,4615.0,76763.0,44.83
CGCL,EQ,08-Mar-2023,675.2,684.9,689.45,663.85,671.0,674.7,674.37,77827,52484291.8,5942.0,35569.0,45.7
CGCL,EQ,06-Mar-2023,679.15,684.9,684.9,669.6,674.0,675.2,675.73,126603,85549571.15,8786.0,52959.0,41.83
CGCL,EQ,03-Mar-2023,679.4,681.9,683.0,671.25,675.0,679.15,679.38,93994,63857633.7,6433.0,44098.0,46.92
CGCL,EQ,02-Mar-2023,681.05,684.9,685.05,674.0,677.05,679.4,678.88,231215,156967059.1,8120.0,73281.0,31.69
CGCL,EQ,01-Mar-2023,680.1,690.0,690.8,672.35,677.0,681.05,681.48,248678,169469151.2,9220.0,89716.0,36.08
CGCL,EQ,28-Feb-2023,689.55,693.0,693.0,671.35,682.95,680.1,684.55,248815,170327501.55,8013.0,85723.0,34.45
CGCL,EQ,27-Feb-2023,695.85,695.45,698.25,684.4,691.15,689.55,689.64,175439,120989865.0,7860.0,60090.0,34.25
CGCL,EQ,24-Feb-2023,696.65,700.5,700.5,690.05,693.4,695.85,696.14,157263,109477043.65,5312.0,53759.0,34.18
CGCL,EQ,23-Feb-2023,700.45,704.0,704.0,692.7,695.0,696.65,699.26,115662,80878089.9,3830.0,27469.0,23.75
CGCL,EQ,22-Feb-2023,699.7,703.1,703.9,698.0,698.0,700.45,700.32,46486,32555026.4,2011.0,19797.0,42.59
CGCL,EQ,21-Feb-2023,701.2,695.0,705.85,686.0,697.65,699.7,700.18,72377,50676750.2,2629.0,26274.0,36.3
CGCL,EQ,20-Feb-2023,703.55,699.9,721.0,692.45,698.05,701.2,699.29,157605,110212048.9,7269.0,77919.0,49.44
CGCL,EQ,17-Feb-2023,752.45,700.1,716.0,694.3,707.45,703.55,704.64,125125,88167963.5,6364.0,30481.0,24.36
CGCL,EQ,16-Feb-2023,755.2,757.5,762.5,748.6,752.0,752.45,756.36,29587,22378365.95,2844.0,16942.0,57.26
CGCL,EQ,15-Feb-2023,754.15,751.1,759.0,741.05,756.8,755.2,748.82,87013,65157427.8,4130.0,21357.0,24.54
CGCL,EQ,14-Feb-2023,768.95,778.8,790.0,751.0,752.1,754.15,766.19,124132,95108558.15,5160.0,27133.0,21.86
CGCL,EQ,13-Feb-2023,751.45,753.05,779.0,751.3,779.0,768.95,760.32,117903,89643716.4,3168.0,16172.0,13.72
CGCL,EQ,10-Feb-2023,751.5,754.0,754.0,750.15,751.0,751.45,751.61,80271,60332294.25,1011.0,5054.0,6.3
CGCL,EQ,09-Feb-2023,752.3,753.85,755.35,750.65,751.0,751.5,751.86,93093,69993296.6,1982.0,13397.0,14.39
CGCL,EQ,08-Feb-2023,751.1,753.75,754.85,750.4,752.95,752.3,751.91,107737,81008777.3,1348.0,32763.0,30.41
CGCL,EQ,07-Feb-2023,751.9,751.9,754.9,750.45,750.65,751.1,751.78,86160,64773530.4,2369.0,11552.0,13.41
CGCL,EQ,06-Feb-2023,752.75,751.9,754.9,750.5,751.0,751.9,751.53,87964,66107991.45,1168.0,12879.0,14.64
CGCL,EQ,03-Feb-2023,751.45,751.1,754.9,751.05,751.55,752.75,751.87,79507,59778843.5,1583.0,5973.0,7.51
CGCL,EQ,02-Feb-2023,754.75,758.5,759.9,748.05,751.0,751.45,753.12,91055,68575081.85,2478.0,11512.0,12.64
CGCL,EQ,01-Feb-2023,751.9,753.0,759.0,751.05,757.7,754.75,754.68,81713,61666889.25,1335.0,5825.0,7.13
CGCL,EQ,31-Jan-2023,751.15,753.8,754.95,748.15,751.05,751.9,752.3,88893,66873867.75,1607.0,11943.0,13.44
CGCL,EQ,30-Jan-2023,758.25,752.85,758.5,751.0,751.0,751.15,752.43,95797,72080389.35,2469.0,12666.0,13.22
CGCL,EQ,27-Jan-2023,751.15,757.95,762.8,751.25,755.95,758.25,755.11,118825,89726503.0,5145.0,17050.0,14.35
CGCL,EQ,25-Jan-2023,759.85,763.15,766.95,751.0,751.0,751.15,752.86,86138,64849639.45,1857.0,8580.0,9.96
CGCL,EQ,24-Jan-2023,774.25,770.05,778.15,752.05,763.1,759.85,766.09,93792,71853330.8,2733.0,12580.0,13.41
CGCL,EQ,23-Jan-2023,774.25,766.05,787.8,766.05,773.1,774.25,779.1,149144,116198490.75,28865.0,9941.0,6.67
CGCL,EQ,20-Jan-2023,776.9,783.4,801.0,769.0,773.25,774.25,783.52,277797,217660043.35,42759.0,27638.0,9.95
CGCL,EQ,19-Jan-2023,748.95,751.05,784.4,751.05,784.4,776.9,770.9,467692,360543131.95,113033.0,60958.0,13.03
CGCL,EQ,18-Jan-2023,761.7,760.0,779.0,739.0,743.3,748.95,744.65,849586,632642938.0,30769.0,594091.0,69.93
CGCL,EQ,17-Jan-2023,756.0,756.0,771.0,752.45,764.9,761.7,763.18,115871,88430504.15,20046.0,11121.0,9.6
CGCL,EQ,16-Jan-2023,759.4,763.0,780.0,751.05,752.2,756.0,765.48,261403,200098280.8,41609.0,36979.0,14.15
CGCL,EQ,13-Jan-2023,751.9,754.15,779.0,750.65,758.0,759.4,765.96,307871,235816324.45,31761.0,43366.0,14.09
CGCL,EQ,12-Jan-2023,752.6,755.0,755.9,750.0,750.0,751.9,751.25,113841,85523275.3,1604.0,32072.0,28.17
CGCL,EQ,11-Jan-2023,750.9,747.5,759.4,747.5,754.75,752.6,750.77,89812,67428486.65,1461.0,7667.0,8.54
CGCL,EQ,10-Jan-2023,756.15,759.8,759.8,749.0,750.1,750.9,751.62,88631,66616512.95,1226.0,12105.0,13.66
CGCL,EQ,09-Jan-2023,751.2,754.95,764.4,751.8,756.7,756.15,754.1,81136,61184647.0,1283.0,5965.0,7.35
CGCL,EQ,06-Jan-2023,752.25,755.45,755.45,750.35,751.0,751.2,751.61,96729,72702948.3,1724.0,16026.0,16.57
CGCL,EQ,05-Jan-2023,752.8,753.0,756.9,749.65,750.0,752.25,750.87,106696,80114805.35,2074.0,26180.0,24.54
CGCL,EQ,04-Jan-2023,756.05,758.9,758.9,746.7,750.1,752.8,750.85,111360,83614605.0,2426.0,24848.0,22.31
CGCL,EQ,03-Jan-2023,751.1,754.9,767.0,750.0,755.5,756.05,752.3,106522,80136132.95,1538.0,26063.0,24.47
CGCL,EQ,02-Jan-2023,752.0,755.8,761.0,742.05,755.0,751.1,754.71,107732,81306571.0,2428.0,17828.0,16.55
CGCL,EQ,30-Dec-2022,764.25,765.0,770.95,746.05,757.0,752.0,754.23,162215,122347529.95,4009.0,55650.0,34.31
CGCL,EQ,29-Dec-2022,775.45,762.65,773.35,760.0,764.05,764.25,765.15,180390,138025025.6,8601.0,46230.0,25.63
CGCL,EQ,27-Dec-2024,185.4,185.40,190.00,185.35,189.3,189.2,188.27,76380,14380357.83,5473.0,28059.0,36.74
CGCL,EQ,26-Dec-2024,187.68,187.30,189.10,184.85,186.87,185.4,186.07,60948,11340400.17,3301.0,31119.0,51.06
CGCL,EQ,24-Dec-2024,188.58,188.70,190.58,185.0,187.09,187.68,187.99,100087,18815303.22,5034.0,42966.0,42.93
CGCL,EQ,23-Dec-2024,188.84,188.85,190.71,185.81,189.5,188.58,188.02,80199,15079122.36,4046.0,27705.0,34.55
CGCL,EQ,20-Dec-2024,193.46,192.55,194.75,188.2,188.3,188.84,191.76,84487,16201388.13,4042.0,40511.0,47.95
CGCL,EQ,19-Dec-2024,196.16,193.20,194.90,192.95,193.51,193.46,193.64,49361,9558349.33,2283.0,22408.0,45.4
CGCL,EQ,18-Dec-2024,196.65,196.30,198.00,195.02,196.29,196.16,196.25,46546,9134857.53,2614.0,20452.0,43.94
CGCL,EQ,17-Dec-2024,200.29,202.30,204.85,195.61,196.88,196.65,198.28,113127,22430592.59,5165.0,47381.0,41.88
CGCL,EQ,16-Dec-2024,203.63,202.00,203.80,199.25,200.5,200.29,201.34,85735,17262275.75,4460.0,37662.0,43.93
CGCL,EQ,13-Dec-2024,202.62,202.64,207.90,198.15,202.3,203.63,202.74,155411,31507465.51,7235.0,31165.0,20.05
CGCL,EQ,12-Dec-2024,206.43,207.29,207.29,201.8,203.2,202.62,203.88,92418,18841855.35,3848.0,40078.0,43.37
CGCL,EQ,11-Dec-2024,205.82,206.20,207.97,205.1,206.75,206.43,206.24,82140,16940359.17,3382.0,28576.0,34.79
CGCL,EQ,10-Dec-2024,208.84,208.84,209.90,205.2,206.6,205.82,207.08,89878,18611642.11,3635.0,26722.0,29.73
CGCL,EQ,09-Dec-2024,206.32,207.40,213.00,205.51,208.42,208.84,210.09,528984,111133252.72,20483.0,155623.0,29.42
CGCL,EQ,06-Dec-2024,206.67,207.80,208.39,205.02,205.7,206.32,206.41,82939,17119100.25,5353.0,33590.0,40.5
CGCL,EQ,05-Dec-2024,207.01,207.40,209.05,205.0,206.99,206.67,206.61,96654,19969495.17,4080.0,43528.0,45.03
CGCL,EQ,04-Dec-2024,208.39,209.59,210.64,206.29,207.01,207.01,207.83,103389,21487540.39,4523.0,41498.0,40.14
CGCL,EQ,03-Dec-2024,208.12,208.12,212.30,207.67,208.98,208.39,209.68,237704,49842772.25,13210.0,89686.0,37.73
CGCL,EQ,02-Dec-2024,208.87,208.95,210.65,206.21,208.67,208.12,207.95,150052,31203701.87,5912.0,65121.0,43.4
CGCL,EQ,29-Nov-2024,209.45,209.40,211.30,206.37,209.4,208.87,208.71,217611,45417331.84,6689.0,42335.0,19.45
CGCL,EQ,28-Nov-2024,213.22,214.49,216.15,208.77,209.1,209.45,212.48,463993,98591255.36,11880.0,155030.0,33.41
CGCL,EQ,27-Nov-2024,211.57,206.80,215.00,206.1,213.18,213.22,211.55,1187985,251320311.78,26117.0,198624.0,16.72
CGCL,EQ,26-Nov-2024,194.68,194.68,214.40,192.99,210.0,211.57,206.63,2890332,597220156.1,49660.0,666331.0,23.05
CGCL,EQ,25-Nov-2024,188.73,190.00,210.68,189.66,194.95,194.68,202.03,3714966,750545565.47,77964.0,234934.0,6.32
CGCL,EQ,22-Nov-2024,186.62,187.10,189.84,184.84,188.48,188.73,187.03,94103,17600144.85,4633.0,34225.0,36.37
CGCL,EQ,21-Nov-2024,190.77,190.77,192.28,185.11,186.25,186.62,187.34,201635,37774770.18,8600.0,79021.0,39.19
CGCL,EQ,19-Nov-2024,189.43,189.50,193.59,189.01,190.7,190.77,192.17,114741,22049848.44,6134.0,46120.0,40.19
CGCL,EQ,18-Nov-2024,191.48,191.10,191.10,186.97,190.45,189.43,189.13,99934,18900709.55,5957.0,36328.0,36.35
CGCL,EQ,14-Nov-2024,191.21,190.50,194.15,189.17,190.1,191.48,191.69,91851,17607080.02,5838.0,22857.0,24.88
CGCL,EQ,13-Nov-2024,199.99,198.35,199.00,190.0,191.52,191.21,193.74,124058,24035329.76,5935.0,46766.0,37.7
CGCL,EQ,12-Nov-2024,202.78,203.30,206.80,198.35,198.35,199.99,203.36,207892,42276960.94,5406.0,90960.0,43.75
CGCL,EQ,11-Nov-2024,206.6,205.45,206.46,200.81,203.5,202.78,203.38,174037,35396408.44,5499.0,66937.0,38.46
CGCL,EQ,08-Nov-2024,207.47,207.45,210.55,205.05,205.2,206.6,208.94,391994,81902634.33,6571.0,176734.0,45.09
CGCL,EQ,07-Nov-2024,210.06,208.90,210.77,206.69,207.5,207.47,208.37,212145,44204923.72,5509.0,79944.0,37.68
CGCL,EQ,06-Nov-2024,210.74,213.70,213.70,208.43,208.6,210.06,210.64,472686,99567257.75,8581.0,83604.0,17.69
CGCL,EQ,05-Nov-2024,206.11,208.00,214.50,206.1,210.15,210.74,210.92,1878745,396265534.18,28311.0,339952.0,18.09
CGCL,EQ,04-Nov-2024,206.29,202.29,209.21,201.15,205.35,206.11,206.35,1301342,268532162.48,20039.0,218193.0,16.77
CGCL,EQ,01-Nov-2024,202.49,204.00,207.50,204.0,205.5,206.29,205.90,155622,32042844.33,2378.0,58156.0,37.37
CGCL,EQ,31-Oct-2024,210.68,204.28,212.40,201.0,202.0,202.49,206.21,3400197,701163022.9,48071.0,280561.0,8.25
CGCL,EQ,30-Oct-2024,184.49,191.00,216.00,191.0,205.0,210.68,209.08,23178129,4846096676.98,194538.0,591094.0,2.55
CGCL,EQ,29-Oct-2024,184.45,184.45,186.50,183.0,186.2,184.49,184.10,47866,8812125.29,3102.0,20932.0,43.73
CGCL,EQ,28-Oct-2024,183.06,183.10,185.00,179.1,183.0,184.45,182.64,121596,22208557.1,7199.0,32929.0,27.08
CGCL,EQ,25-Oct-2024,180.34,181.00,185.80,177.99,184.75,183.06,181.07,232306,42064537.21,11481.0,74667.0,32.14
CGCL,EQ,24-Oct-2024,182.8,182.80,183.97,180.0,180.2,180.34,181.19,117755,21336244.84,5298.0,45257.0,38.43
CGCL,EQ,23-Oct-2024,185.21,185.00,186.24,181.46,182.05,182.8,183.35,110079,20183394.58,4523.0,42425.0,38.54
CGCL,EQ,22-Oct-2024,191.77,193.00,193.00,183.8,184.75,185.21,188.24,138506,26071727.61,5772.0,67862.0,49.0
CGCL,EQ,21-Oct-2024,195.66,195.65,196.24,191.0,192.5,191.77,193.02,56341,10874838.34,2448.0,24031.0,42.65
CGCL,EQ,18-Oct-2024,194.83,194.00,196.79,193.0,195.0,195.66,194.62,85512,16642355.16,2636.0,31191.0,36.48
CGCL,EQ,17-Oct-2024,196.74,197.67,197.75,193.64,194.0,194.83,194.68,152448,29679087.03,3992.0,65611.0,43.04
CGCL,EQ,16-Oct-2024,195.28,198.00,200.90,194.57,195.71,196.74,197.47,262641,51863109.43,7057.0,61334.0,23.35
CGCL,EQ,15-Oct-2024,195.43,195.84,203.40,194.0,196.1,195.28,197.48,503180,99368188.76,12235.0,179170.0,35.61
CGCL,EQ,14-Oct-2024,197.42,198.00,198.73,193.9,196.24,195.43,195.16,261665,51067475.07,5745.0,169126.0,64.63
CGCL,EQ,11-Oct-2024,199.59,199.90,200.25,196.9,197.0,197.42,197.76,132453,26194064.48,3371.0,86727.0,65.48
CGCL,EQ,10-Oct-2024,202.1,202.10,202.38,198.5,198.51,199.59,200.20,106891,21399304.0,2902.0,67753.0,63.39
CGCL,EQ,09-Oct-2024,202.76,202.50,204.48,196.51,201.72,202.1,199.84,358773,71697540.51,10344.0,116071.0,32.35
CGCL,EQ,08-Oct-2024,197.7,197.00,203.00,195.5,201.15,202.76,199.92,165792,33144396.94,5248.0,54042.0,32.6
CGCL,EQ,07-Oct-2024,202.97,202.00,203.74,196.2,198.1,197.7,199.73,220219,43984512.27,5462.0,115063.0,52.25
CGCL,EQ,04-Oct-2024,204.51,202.70,204.09,201.3,203.95,202.97,202.84,118197,23975288.77,3971.0,45535.0,38.52
CGCL,EQ,03-Oct-2024,206.46,206.40,206.40,202.01,205.0,204.51,203.88,128366,26171660.61,3542.0,65653.0,51.15
CGCL,EQ,01-Oct-2024,206.95,203.61,208.00,203.61,206.15,206.46,205.18,235652,48350382.44,9460.0,67110.0,28.48
CGCL,EQ,30-Sep-2024,206.1,206.00,207.85,202.8,206.16,206.95,205.35,362085,74354293.42,5040.0,241971.0,66.83
CGCL,EQ,27-Sep-2024,207.18,208.26,208.49,204.28,204.41,206.1,206.39,302523,62438373.84,7237.0,199712.0,66.02
CGCL,EQ,26-Sep-2024,208.19,207.20,210.35,205.3,206.2,207.18,207.45,2708326,561836702.22,5620.0,2566740.0,94.77
CGCL,EQ,25-Sep-2024,204.8,204.89,210.85,204.55,207.0,208.19,207.15,242711,50277717.22,5005.0,93999.0,38.73
CGCL,EQ,24-Sep-2024,206.75,206.63,207.69,204.5,204.9,204.8,205.84,129674,26692066.81,3059.0,76411.0,58.93
CGCL,EQ,23-Sep-2024,208.82,209.00,210.00,206.18,206.53,206.75,207.41,135546,28113835.47,3771.0,76202.0,56.22
CGCL,EQ,20-Sep-2024,209.67,209.51,210.50,208.0,208.99,208.82,209.00,94764,19805942.34,3181.0,53448.0,56.4
CGCL,EQ,19-Sep-2024,210.8,208.75,211.29,207.23,209.9,209.67,209.25,172677,36131885.48,4792.0,90606.0,52.47
CGCL,EQ,18-Sep-2024,213.2,215.30,215.30,210.0,210.26,210.8,211.61,98870,20922018.63,3465.0,43667.0,44.17
CGCL,EQ,17-Sep-2024,212.62,212.26,214.00,210.0,212.48,213.2,211.47,234284,49544940.9,5021.0,112583.0,48.05
CGCL,EQ,16-Sep-2024,214.16,215.00,216.70,212.07,212.26,212.62,213.17,83163,17727784.97,2885.0,34855.0,41.91
CGCL,EQ,13-Sep-2024,213.03,214.00,221.95,211.98,213.5,214.16,217.35,393595,85548680.82,9860.0,130717.0,33.21
CGCL,EQ,12-Sep-2024,212.01,211.00,213.80,209.0,213.5,213.03,211.60,162322,34346548.28,4411.0,83164.0,51.23
CGCL,EQ,11-Sep-2024,214.62,213.60,214.50,211.72,211.9,212.01,212.78,217863,46357140.48,4325.0,128339.0,58.91
CGCL,EQ,10-Sep-2024,213.82,213.82,215.46,211.27,214.88,214.62,213.37,195294,41669588.82,4112.0,87826.0,44.97
CGCL,EQ,09-Sep-2024,213.22,210.00,215.00,209.92,212.1,213.82,212.48,207401,44068156.01,5105.0,73239.0,35.31
CGCL,EQ,06-Sep-2024,214.9,214.31,217.95,211.2,214.0,213.22,214.59,271123,58180809.39,7452.0,119895.0,44.22
CGCL,EQ,05-Sep-2024,213.54,215.00,216.13,212.65,215.14,214.9,214.34,329872,70704728.49,5782.0,191992.0,58.2
CGCL,EQ,04-Sep-2024,212.1,214.00,214.45,210.0,214.0,213.54,212.89,356247,75839892.82,5561.0,195271.0,54.81
CGCL,EQ,03-Sep-2024,207.63,207.63,213.40,207.0,213.0,212.1,210.64,581312,122444932.91,11043.0,325929.0,56.07
CGCL,EQ,02-Sep-2024,205.52,209.88,211.95,205.55,208.0,207.63,207.25,459929,95318410.66,7073.0,193933.0,42.17
CGCL,EQ,30-Aug-2024,212.4,212.60,216.29,200.66,208.0,205.52,206.81,7480393,1547036563.41,28508.0,3342613.0,44.68
CGCL,EQ,29-Aug-2024,213.77,215.03,219.00,211.01,213.0,212.4,214.23,628763,134701851.23,13945.0,131985.0,20.99
CGCL,EQ,28-Aug-2024,213.51,214.00,215.89,211.4,212.5,213.77,213.91,192157,41103908.63,8808.0,66634.0,34.68
CGCL,EQ,27-Aug-2024,214.87,214.15,217.17,207.9,213.99,213.51,209.29,1820502,381017608.42,15910.0,1198549.0,65.84
CGCL,EQ,26-Aug-2024,214.14,214.14,216.99,212.4,214.0,214.87,214.68,221268,47501895.95,7492.0,72378.0,32.71
CGCL,EQ,23-Aug-2024,214.24,212.00,217.00,207.26,216.9,214.14,209.85,2138329,448728130.69,18813.0,1305988.0,61.08
CGCL,EQ,22-Aug-2024,211.87,214.30,218.90,206.4,215.45,214.24,210.16,2240234,470808686.89,23645.0,1365937.0,60.97
CGCL,EQ,21-Aug-2024,204.83,207.90,226.00,205.4,211.75,211.87,220.39,7744724,1706834143.66,87235.0,658210.0,8.5
CGCL,EQ,20-Aug-2024,204.07,204.10,208.55,203.55,206.0,204.83,204.75,192028,39318344.21,3393.0,147846.0,76.99
CGCL,EQ,19-Aug-2024,203.19,203.80,206.00,202.79,204.1,204.07,204.36,76336,15600206.06,3554.0,24554.0,32.17
CGCL,EQ,16-Aug-2024,200.31,201.70,204.68,200.49,203.4,203.19,201.83,67096,13542235.67,2933.0,30202.0,45.01
CGCL,EQ,14-Aug-2024,201.65,201.90,202.94,199.23,200.0,200.31,200.87,74659,14996855.66,3758.0,35911.0,48.1
CGCL,EQ,13-Aug-2024,205.59,203.59,206.40,201.0,201.1,201.65,203.64,113733,23160303.64,3818.0,55687.0,48.96
CGCL,EQ,12-Aug-2024,207.81,207.20,208.26,204.6,205.5,205.59,206.01,102395,21094578.87,4022.0,33666.0,32.88
CGCL,EQ,09-Aug-2024,205.02,206.25,210.73,201.3,208.0,207.81,206.12,213418,43990289.68,6787.0,92432.0,43.31
CGCL,EQ,08-Aug-2024,206.71,205.75,208.60,204.75,205.37,205.02,206.01,115628,23820042.01,4542.0,56117.0,48.53
CGCL,EQ,07-Aug-2024,206.22,207.80,208.60,205.75,207.4,206.71,206.89,126306,26131486.33,4466.0,60821.0,48.15
CGCL,EQ,06-Aug-2024,208.46,208.00,211.40,204.35,204.6,206.22,208.92,176198,36811793.7,7329.0,71125.0,40.37
CGCL,EQ,05-Aug-2024,214.03,209.00,212.86,206.55,209.0,208.46,209.28,303992,63620090.22,10309.0,106491.0,35.03
CGCL,EQ,02-Aug-2024,225.55,218.92,220.90,213.11,214.0,214.03,217.07,613133,133091118.29,15863.0,203115.0,33.13
CGCL,EQ,01-Aug-2024,208.97,210.59,228.50,209.22,223.67,225.55,221.92,2366738,525219319.84,43552.0,781722.0,33.03
CGCL,EQ,31-Jul-2024,209.59,209.85,211.75,208.7,209.0,208.97,209.81,145814,30593223.37,3480.0,96383.0,66.1
CGCL,EQ,30-Jul-2024,210.0,211.85,216.16,209.0,209.9,209.59,211.57,243472,51511655.97,8383.0,105650.0,43.39
CGCL,EQ,29-Jul-2024,208.89,210.94,212.55,209.41,210.2,210.0,210.87,157328,33176070.57,4702.0,88278.0,56.11
CGCL,EQ,26-Jul-2024,209.46,210.55,213.50,208.4,209.0,208.89,210.09,295980,62183076.17,5058.0,187188.0,63.24
CGCL,EQ,25-Jul-2024,210.93,211.15,213.48,208.5,209.0,209.46,210.84,128250,27039732.17,4400.0,71136.0,55.47
CGCL,EQ,24-Jul-2024,213.74,213.29,214.15,210.66,210.75,210.93,211.85,109359,23168021.96,3409.0,57282.0,52.38
CGCL,EQ,23-Jul-2024,211.86,212.88,220.00,208.0,214.09,213.74,212.29,165695,35175598.88,7032.0,47578.0,28.71
CGCL,EQ,22-Jul-2024,212.57,212.57,213.06,209.8,212.4,211.86,211.65,83747,17724894.55,4201.0,35411.0,42.28
CGCL,EQ,19-Jul-2024,215.85,215.00,215.85,211.25,212.0,212.57,212.72,117045,24898156.28,5231.0,56779.0,48.51
CGCL,EQ,18-Jul-2024,217.39,217.60,218.46,215.27,216.0,215.85,216.38,74503,16120916.47,4150.0,36693.0,49.25
CGCL,EQ,16-Jul-2024,219.86,220.25,225.73,216.48,218.0,217.39,221.09,305708,67588647.47,7807.0,107324.0,35.11
CGCL,EQ,15-Jul-2024,226.5,227.30,227.30,218.9,219.0,219.86,221.37,244278,54075694.46,8098.0,111884.0,45.8
CGCL,EQ,12-Jul-2024,221.23,222.38,229.22,218.33,227.14,226.5,225.20,664706,149690773.97,12963.0,347265.0,52.24
CGCL,EQ,11-Jul-2024,225.62,224.98,225.20,220.5,221.99,221.23,222.34,289879,64452090.17,7904.0,101852.0,35.14
CGCL,EQ,10-Jul-2024,214.27,215.84,229.50,210.59,224.6,225.62,222.32,1058768,235386062.56,22061.0,446729.0,42.19
CGCL,EQ,09-Jul-2024,210.93,211.50,215.20,210.01,214.8,214.27,212.24,350410,74372066.56,7456.0,210589.0,60.1
CGCL,EQ,08-Jul-2024,211.93,213.40,213.40,207.8,210.82,210.93,210.30,288239,60617034.07,7710.0,146464.0,50.81
CGCL,EQ,05-Jul-2024,212.85,213.00,214.26,211.5,212.0,211.93,212.57,159299,33862378.14,5271.0,110397.0,69.3
CGCL,EQ,04-Jul-2024,213.82,214.40,216.20,211.75,211.99,212.85,213.72,194535,41576932.88,6551.0,109828.0,56.46
CGCL,EQ,03-Jul-2024,214.62,216.00,216.52,212.8,213.9,213.82,214.47,184197,39503825.1,7332.0,85132.0,46.22
CGCL,EQ,02-Jul-2024,212.78,217.00,217.70,212.18,214.94,214.62,214.86,217863,46809102.07,8569.0,76022.0,34.89
CGCL,EQ,01-Jul-2024,215.21,218.00,218.50,210.77,213.36,212.78,213.39,437392,93335528.15,11895.0,182640.0,41.76
CGCL,EQ,28-Jun-2024,214.21,217.50,218.93,212.12,215.0,215.21,215.94,402463,86906515.62,10183.0,133283.0,33.12
CGCL,EQ,27-Jun-2024,212.92,220.00,223.49,212.1,214.7,214.21,217.14,624161,135531695.74,16642.0,178316.0,28.57
CGCL,EQ,26-Jun-2024,214.5,215.90,217.85,212.5,213.25,212.92,214.18,356456,76346910.66,9259.0,182597.0,51.23
CGCL,EQ,25-Jun-2024,216.56,224.95,236.25,213.05,214.7,214.5,225.39,3844238,866462364.7,69064.0,683241.0,17.77
CGCL,EQ,24-Jun-2024,220.25,220.01,221.93,214.84,217.0,216.56,217.21,199681,43373705.9,7876.0,110656.0,55.42
CGCL,EQ,21-Jun-2024,222.76,222.70,225.56,218.42,221.5,220.25,221.43,417571,92462334.82,9480.0,126735.0,30.35
CGCL,EQ,20-Jun-2024,219.24,219.24,226.45,219.15,222.1,222.76,223.65,228510,51107376.69,8108.0,71929.0,31.48
CGCL,EQ,19-Jun-2024,222.58,223.94,226.61,218.14,219.1,219.24,221.74,205865,45648304.15,6474.0,78101.0,37.94
CGCL,EQ,18-Jun-2024,224.2,229.00,234.00,220.35,222.99,222.58,228.04,764646,174366482.7,17308.0,184334.0,24.11
CGCL,EQ,14-Jun-2024,214.04,214.55,226.90,213.01,223.6,224.2,220.01,679031,149392213.35,14480.0,316848.0,46.66
CGCL,EQ,13-Jun-2024,213.44,215.69,216.21,212.51,213.9,214.04,214.22,108891,23327090.59,3846.0,55198.0,50.69
CGCL,EQ,12-Jun-2024,213.84,213.00,217.55,212.81,213.99,213.44,214.59,136342,29257077.95,4076.0,65702.0,48.19
CGCL,EQ,11-Jun-2024,214.56,214.56,216.81,212.86,214.0,213.84,214.32,127552,27337437.19,3955.0,65780.0,51.57
CGCL,EQ,10-Jun-2024,215.15,218.00,218.05,213.8,214.07,214.56,215.56,108499,23388102.91,3584.0,58563.0,53.98
CGCL,EQ,07-Jun-2024,214.55,213.95,218.05,212.0,215.0,215.15,214.81,138935,29844785.35,5032.0,66298.0,47.72
CGCL,EQ,06-Jun-2024,214.55,213.00,218.85,213.0,214.95,214.55,215.54,103496,22307589.0,4625.0,48703.0,47.06
CGCL,EQ,05-Jun-2024,209.65,210.80,218.50,201.95,215.0,214.55,210.91,205501,43341267.3,8015.0,87571.0,42.61
CGCL,EQ,04-Jun-2024,223.55,220.00,223.10,197.7,210.5,209.65,208.94,237673,49660022.7,9703.0,80643.0,33.93
CGCL,EQ,03-Jun-2024,211.65,217.00,229.80,211.55,224.0,223.55,223.40,1561233,348786459.2,41961.0,278136.0,17.82
CGCL,EQ,31-May-2024,211.0,211.00,212.90,209.65,212.2,211.65,211.33,105938,22387872.6,3754.0,55671.0,52.55
CGCL,EQ,30-May-2024,212.15,212.85,212.85,208.65,211.0,211.0,210.98,468950,98941387.9,9159.0,256636.0,54.73
CGCL,EQ,29-May-2024,210.95,213.00,215.45,210.15,212.5,212.15,212.99,142578,30368369.15,6480.0,55798.0,39.14
CGCL,EQ,28-May-2024,221.75,220.85,222.45,208.7,211.7,210.95,212.54,1215167,258268535.15,27440.0,752737.0,61.95
CGCL,EQ,27-May-2024,221.95,221.95,224.90,218.9,221.1,221.75,222.07,138123,30673279.15,6580.0,63816.0,46.2
CGCL,EQ,24-May-2024,222.55,224.00,224.00,220.6,221.0,221.95,221.87,95868,21269848.5,3611.0,57820.0,60.31
CGCL,EQ,23-May-2024,222.65,223.90,224.65,221.0,222.9,222.55,222.31,89834,19970932.7,4044.0,45463.0,50.61
CGCL,EQ,22-May-2024,222.55,223.25,226.35,220.85,222.85,222.65,223.33,155079,34634481.4,6448.0,76496.0,49.33
CGCL,EQ,21-May-2024,226.5,226.50,226.50,220.9,222.5,222.55,223.05,208036,46403132.0,6281.0,105012.0,50.48
CGCL,EQ,18-May-2024,223.0,223.05,231.05,223.05,225.3,226.5,228.48,73221,16729811.85,2889.0,28088.0,38.36
CGCL,EQ,17-May-2024,225.75,225.75,227.85,222.3,223.5,223.0,224.53,119825,26904499.55,4624.0,50383.0,42.05
CGCL,EQ,16-May-2024,223.35,224.85,227.75,223.05,225.5,225.75,225.24,121652,27401345.75,5395.0,46876.0,38.53
CGCL,EQ,15-May-2024,225.5,227.35,228.75,217.25,223.8,223.35,225.01,218928,49259962.55,5981.0,88473.0,40.41
CGCL,EQ,14-May-2024,230.4,229.00,232.80,224.0,227.1,225.5,227.40,490133,111457240.45,14614.0,174282.0,35.56
CGCL,EQ,13-May-2024,234.7,230.70,234.00,227.55,228.5,230.4,230.91,312953,72262654.15,17416.0,91771.0,29.32
CGCL,EQ,10-May-2024,221.5,224.15,240.90,220.8,234.0,234.7,234.49,3552009,832901862.1,68138.0,356597.0,10.04
CGCL,EQ,09-May-2024,233.25,232.00,232.00,218.85,221.75,221.5,226.68,764375,173271818.1,21227.0,136679.0,17.88
CGCL,EQ,08-May-2024,213.05,214.60,237.40,212.25,233.0,233.25,232.39,4938419,1147659500.05,83499.0,374524.0,7.58
CGCL,EQ,07-May-2024,219.4,219.40,220.60,210.2,214.85,213.05,214.03,169809,36343650.6,7512.0,74108.0,43.64
CGCL,EQ,06-May-2024,222.2,221.10,224.00,217.8,218.55,219.4,219.74,114671,25197998.85,5365.0,65061.0,56.74
CGCL,EQ,03-May-2024,222.65,224.45,224.45,220.7,222.05,222.2,222.23,86675,19261440.05,4140.0,32530.0,37.53
CGCL,EQ,02-May-2024,221.0,221.45,225.50,221.0,222.95,222.65,222.99,124038,27659745.7,7293.0,40515.0,32.66
CGCL,EQ,30-Apr-2024,223.8,224.60,226.80,216.1,221.4,221.0,223.05,198771,44336463.35,7256.0,81104.0,40.8
CGCL,EQ,29-Apr-2024,225.05,226.00,229.90,221.15,224.7,223.8,224.23,480712,107791596.9,18898.0,169657.0,35.29
CGCL,EQ,26-Apr-2024,226.85,228.70,230.70,223.05,224.8,225.05,225.69,454833,102650735.35,13053.0,178408.0,39.22
CGCL,EQ,25-Apr-2024,225.55,226.10,230.50,225.4,226.55,226.85,227.40,192193,43704245.65,9899.0,85212.0,44.34
CGCL,EQ,24-Apr-2024,227.4,228.85,229.95,223.0,226.1,225.55,227.21,234103,53191666.25,13592.0,78414.0,33.5
CGCL,EQ,23-Apr-2024,228.6,229.25,230.70,225.0,225.0,227.4,228.65,170806,39054331.6,11595.0,54481.0,31.9
CGCL,EQ,22-Apr-2024,226.55,226.50,231.80,226.15,229.0,228.6,228.62,290751,66472761.0,11469.0,76437.0,26.29
CGCL,EQ,19-Apr-2024,230.45,230.30,234.10,225.15,227.2,226.55,229.37,398342,91369125.35,11801.0,93489.0,23.47
CGCL,EQ,18-Apr-2024,239.25,241.00,241.20,228.1,230.95,230.45,234.45,385638,90412136.5,12591.0,122773.0,31.84
CGCL,EQ,16-Apr-2024,245.05,240.00,244.75,225.0,239.5,239.25,240.31,2365533,568467112.0,37572.0,427337.0,18.07
CGCL,EQ,15-Apr-2024,218.9,210.35,251.75,210.0,239.5,245.05,243.09,11416369,2775196844.45,137068.0,1152535.0,10.1
CGCL,EQ,12-Apr-2024,218.0,223.45,225.90,216.5,217.2,218.9,219.43,311036,68249365.75,10653.0,80845.0,25.99
CGCL,EQ,10-Apr-2024,218.4,218.60,221.35,216.05,216.15,218.0,217.99,211833,46177761.75,7083.0,89262.0,42.14
CGCL,EQ,09-Apr-2024,224.3,224.30,226.00,216.6,218.0,218.4,221.09,281158,62162262.2,9534.0,111114.0,39.52
CGCL,EQ,08-Apr-2024,221.9,223.15,227.00,220.05,224.3,224.3,223.58,551806,123375426.6,12542.0,126642.0,22.95
CGCL,EQ,05-Apr-2024,221.3,224.00,226.25,220.75,221.9,221.9,223.34,661128,147654667.25,13644.0,123177.0,18.63
CGCL,EQ,04-Apr-2024,238.35,236.90,236.90,219.35,221.65,221.3,225.98,3704352,837099361.0,44718.0,811487.0,21.91
CGCL,EQ,03-Apr-2024,204.4,204.40,243.00,204.35,237.0,238.35,233.75,11210585,2620429863.4,108597.0,505305.0,4.51
CGCL,EQ,02-Apr-2024,201.9,202.00,207.45,201.55,204.4,204.4,204.99,277368,56856770.0,11215.0,109821.0,39.59
CGCL,EQ,01-Apr-2024,204.1,204.10,204.50,200.0,202.6,201.9,201.67,317593,64049323.2,13336.0,128626.0,40.5
CGCL,EQ,28-Mar-2024,204.65,205.70,208.00,200.0,201.5,204.1,204.08,273787,55873990.2,13118.0,131599.0,48.07
CGCL,EQ,27-Mar-2024,202.75,202.75,208.00,200.0,206.0,204.65,202.21,1061285,214599860.4,19906.0,435614.0,41.05
CGCL,EQ,26-Mar-2024,202.2,203.65,204.80,198.9,201.95,202.75,201.97,311295,62873210.85,16514.0,151654.0,48.72
CGCL,EQ,22-Mar-2024,205.2,205.90,208.85,201.2,201.3,202.2,204.16,143928,29384323.45,4961.0,86609.0,60.18
CGCL,EQ,21-Mar-2024,208.3,207.15,209.75,197.65,205.8,205.2,202.89,625267,126861497.6,12423.0,283261.0,45.3
CGCL,EQ,20-Mar-2024,205.9,207.00,211.95,196.0,207.15,208.3,203.46,430566,87603367.45,11667.0,197503.0,45.87
CGCL,EQ,19-Mar-2024,214.7,206.00,214.00,202.5,204.35,205.9,206.14,411514,84829378.05,11717.0,181769.0,44.17
CGCL,EQ,18-Mar-2024,208.5,208.45,219.00,202.4,216.7,214.7,210.28,194687,40939500.8,5561.0,114525.0,58.83
CGCL,EQ,15-Mar-2024,211.5,211.55,213.05,202.95,209.45,208.5,207.68,115936,24078093.15,4345.0,47835.0,41.26
CGCL,EQ,14-Mar-2024,204.95,204.25,214.65,195.55,211.3,211.5,207.27,411369,85265791.0,22490.0,97505.0,23.7
CGCL,EQ,13-Mar-2024,221.3,221.00,226.00,201.8,204.9,204.95,212.91,318755,67866641.25,20596.0,70660.0,22.17
CGCL,EQ,12-Mar-2024,229.3,230.15,230.20,219.8,222.0,221.3,225.55,551020,124279975.45,25296.0,129974.0,23.59
CGCL,EQ,11-Mar-2024,247.55,248.10,250.80,228.35,228.7,229.3,234.28,572747,134182006.4,30017.0,138872.0,24.25
CGCL,EQ,07-Mar-2024,248.4,248.10,256.40,237.4,248.25,247.55,248.34,1797056,446281987.4,50911.0,318628.0,17.73
CGCL,EQ,06-Mar-2024,289.25,280.00,282.70,245.0,248.5,248.4,262.63,3797289,997286013.7,83284.0,610353.0,16.07
CGCL,EQ,05-Mar-2024,964.15,256.00,289.25,256.0,289.25,289.25,281.69,2707312,762614719.25,40833.0,425640.0,15.72
CGCL,EQ,04-Mar-2024,979.45,985.00,993.95,960.0,964.5,964.15,970.94,182634,177326024.5,14308.0,97173.0,53.21
CGCL,EQ,02-Mar-2024,989.65,997.45,"1,010.00",968.05,975.05,979.45,991.21,103440,102530736.1,3840.0,78172.0,75.57
CGCL,EQ,01-Mar-2024,964.8,972.90,994.55,967.55,990.3,989.65,980.93,180881,177431294.4,12355.0,92378.0,51.07
CGCL,EQ,29-Feb-2024,971.5,972.05,976.65,952.1,969.95,964.8,960.40,98233,94342628.55,8544.0,39476.0,40.19
CGCL,EQ,28-Feb-2024,977.95,988.50,993.00,965.0,971.85,971.5,977.23,106533,104107287.65,9005.0,47706.0,44.78
CGCL,EQ,27-Feb-2024,999.1,992.00,"1,009.90",975.0,979.0,977.95,991.33,224572,222623880.1,15460.0,102910.0,45.82
CGCL,EQ,26-Feb-2024,963.05,972.30,"1,029.90",970.05,980.0,999.1,"1,005.52",1133154,1139413125.2,45143.0,277038.0,24.45
CGCL,EQ,23-Feb-2024,956.9,958.55,970.70,956.95,964.0,963.05,963.43,86933,83753638.2,5339.0,42386.0,48.76
CGCL,EQ,22-Feb-2024,958.05,963.00,966.50,952.1,958.0,956.9,959.18,73691,70683089.15,6461.0,34071.0,46.23
CGCL,EQ,21-Feb-2024,949.55,954.20,967.85,950.95,956.0,958.05,958.06,806168,772353881.45,9283.0,721925.0,89.55
CGCL,EQ,20-Feb-2024,953.65,957.95,958.45,946.0,951.0,949.55,950.56,34495,32789572.1,3148.0,16742.0,48.53
CGCL,EQ,19-Feb-2024,952.4,966.60,966.60,951.55,955.0,953.65,958.81,67712,64922692.95,4934.0,34135.0,50.41
CGCL,EQ,16-Feb-2024,947.25,955.00,964.10,947.35,949.0,952.4,956.93,96649,92486657.55,7943.0,42945.0,44.43
CGCL,EQ,15-Feb-2024,929.4,940.00,950.00,932.0,947.0,947.25,943.33,66629,62853198.65,5681.0,27560.0,41.36
CGCL,EQ,14-Feb-2024,926.75,920.95,937.70,914.25,929.0,929.4,927.03,55292,51257560.25,4268.0,20659.0,37.36
CGCL,EQ,13-Feb-2024,899.9,904.35,930.00,895.0,924.6,926.75,915.01,139557,127695937.9,7907.0,46522.0,33.34
CGCL,EQ,12-Feb-2024,924.8,932.00,932.00,892.05,898.0,899.9,911.14,102715,93587456.85,7221.0,38938.0,37.91
CGCL,EQ,09-Feb-2024,922.25,930.00,939.15,916.1,920.0,924.8,926.08,153514,142166375.6,11858.0,58624.0,38.19
CGCL,EQ,08-Feb-2024,920.35,925.15,935.00,906.0,924.9,922.25,920.52,390903,359835064.55,14504.0,70048.0,17.92
CGCL,EQ,07-Feb-2024,924.95,944.80,947.70,919.0,922.0,920.35,927.09,427063,395927930.25,13847.0,220049.0,51.53
CGCL,EQ,06-Feb-2024,929.75,937.40,948.60,922.35,925.0,924.95,929.27,120266,111759449.55,6620.0,63134.0,52.5
CGCL,EQ,05-Feb-2024,966.25,974.00,979.00,927.05,928.0,929.75,944.56,369334,348859320.05,13919.0,117642.0,31.85
CGCL,EQ,02-Feb-2024,966.8,978.90,979.70,956.2,964.75,966.25,966.63,205204,198355431.3,8565.0,53986.0,26.31
CGCL,EQ,01-Feb-2024,947.65,951.70,970.00,950.3,967.0,966.8,959.76,157759,151410393.15,8897.0,57184.0,36.25
CGCL,EQ,31-Jan-2024,948.05,947.00,955.90,942.7,948.05,947.65,948.26,110109,104412077.95,6695.0,41278.0,37.49
CGCL,EQ,30-Jan-2024,996.0,990.00,"1,005.50",942.7,942.7,948.05,968.79,562517,544960853.95,20267.0,206299.0,36.67
CGCL,EQ,29-Jan-2024,940.35,980.00,"1,024.90",961.55,980.0,996.0,985.38,751197,740212242.75,34595.0,256977.0,34.21
CGCL,EQ,25-Jan-2024,954.9,954.90,991.95,930.0,990.0,940.35,940.78,711214,669099079.7,22286.0,248366.0,34.92
CGCL,EQ,24-Jan-2024,955.65,959.00,971.05,940.1,950.0,954.9,951.52,341574,325014816.8,12375.0,58381.0,17.09
CGCL,EQ,23-Jan-2024,976.8,989.70,989.70,945.0,950.0,955.65,968.79,198104,191921170.75,12623.0,55012.0,27.77
CGCL,EQ,20-Jan-2024,981.95,981.90,994.00,965.15,976.1,976.8,977.65,201050,196555751.85,12018.0,40861.0,20.32
CGCL,EQ,19-Jan-2024,954.0,963.70,994.90,955.05,970.0,981.95,972.41,574382,558532661.25,24350.0,129580.0,22.56
CGCL,EQ,18-Jan-2024,988.5,987.00,"1,016.30",945.1,953.4,954.0,962.17,1717850,1652856182.55,37645.0,509552.0,29.66
CGCL,EQ,17-Jan-2024,958.0,"1,011.00","1,049.00",982.0,985.0,988.5,"1,015.33",5063610,5141237725.5,148379.0,492169.0,9.72
CGCL,EQ,16-Jan-2024,813.2,939.95,975.80,872.35,975.8,958.0,925.53,4308867,3987986360.45,127766.0,220828.0,5.12
CGCL,EQ,15-Jan-2024,846.15,847.00,884.80,803.2,820.0,813.2,837.18,568352,475810201.7,27444.0,135378.0,23.82
CGCL,EQ,12-Jan-2024,847.1,850.15,868.00,841.0,847.75,846.15,855.35,135991,116319824.35,9963.0,23524.0,17.3
CGCL,EQ,11-Jan-2024,841.35,845.60,868.45,838.05,845.75,847.1,851.55,171144,145737680.75,10732.0,26288.0,15.36
CGCL,EQ,10-Jan-2024,852.95,853.80,870.80,832.75,839.8,841.35,849.80,304467,258736610.65,19517.0,41500.0,13.63
CGCL,EQ,09-Jan-2024,889.75,886.85,940.00,844.6,851.0,852.95,897.11,1774090,1591561322.1,80838.0,133939.0,7.55
CGCL,EQ,08-Jan-2024,776.35,780.00,920.00,772.05,875.95,889.75,867.79,4139420,3592161640.4,145917.0,201213.0,4.86
CGCL,EQ,05-Jan-2024,772.7,772.70,793.45,770.05,782.0,776.35,782.36,124694,97555084.9,7481.0,44467.0,35.66
CGCL,EQ,04-Jan-2024,775.45,775.45,775.45,765.55,770.7,772.7,772.37,35298,27263113.8,905.0,28271.0,80.09
CGCL,EQ,03-Jan-2024,771.7,771.70,780.40,769.3,775.0,775.45,775.12,35015,27140775.35,1372.0,26991.0,77.08
CGCL,EQ,02-Jan-2024,774.9,778.80,781.15,768.3,771.15,771.7,772.91,49002,37874054.65,2244.0,32927.0,67.2
CGCL,EQ,01-Jan-2024,769.65,764.80,785.00,764.8,775.0,774.9,775.65,39942,30980837.5,1684.0,29464.0,73.77
CGCL,EQ,29-Dec-2023,771.55,766.50,775.80,765.1,770.0,769.65,770.26,39669,30555258.15,1421.0,30232.0,76.21
CGCL,EQ,26-Dec-2025,178.08,179.39,180.32,178.15,178.9,178.69,179.02,467231,83644602.02,8524.0,231260.0,49.50
CGCL,EQ,24-Dec-2025,178.49,179.5,179.5,177.49,178.2,178.08,178.3,448018,79881819.39,7773.0,217247.0,48.49
CGCL,EQ,23-Dec-2025,177.77,178.55,179.56,177.55,178.7,178.49,178.33,469777,83776564.75,8126.0,220884.0,47.02
CGCL,EQ,22-Dec-2025,180.32,180.5,181.63,177.17,177.8,177.77,178.86,896269,160307989.09,11821.0,499100.0,55.69
CGCL,EQ,19-Dec-2025,177.37,179.13,181.95,176.32,180.25,180.32,179.16,650301,116509821.04,10072.0,295674.0,45.47
CGCL,EQ,18-Dec-2025,178.68,179.65,180.44,175.65,177.25,177.37,178.18,467560,83308059.99,10759.0,185986.0,39.78
CGCL,EQ,17-Dec-2025,181.01,181.5,181.95,178.0,179.1,178.68,179.47,567349,101824162.01,9940.0,262806.0,46.32
CGCL,EQ,16-Dec-2025,182.28,182.38,184.5,180.0,181.0,181.01,182.32,1057552,192809544.26,16555.0,268746.0,25.41
CGCL,EQ,15-Dec-2025,184.13,183.0,184.13,180.5,182.29,182.28,181.92,1018536,185294098.62,13579.0,558713.0,54.85
CGCL,EQ,12-Dec-2025,183.88,184.8,184.85,182.29,184.34,184.13,183.61,398568,73182218.37,9353.0,174531.0,43.79
CGCL,EQ,11-Dec-2025,179.9,180.0,184.74,179.25,184.2,183.88,181.71,790420,143624883.04,10857.0,387967.0,49.08
CGCL,EQ,10-Dec-2025,183.39,184.19,184.89,179.52,180.0,179.9,181.49,2283549,414452304.98,17524.0,1614741.0,70.71
CGCL,EQ,09-Dec-2025,185.79,186.0,187.23,182.37,183.85,183.39,184.28,1687617,310998871.54,18281.0,894308.0,52.99
CGCL,EQ,08-Dec-2025,188.99,188.98,188.98,185.0,186.0,185.79,186.07,880555,163840866.11,10235.0,568730.0,64.59
CGCL,EQ,05-Dec-2025,187.67,187.0,189.9,185.34,188.67,188.99,187.6,949303,178089013.37,11900.0,499277.0,52.59
CGCL,EQ,04-Dec-2025,187.85,188.66,190.7,186.73,187.05,187.67,188.25,801772,150935909.44,9360.0,402543.0,50.21
CGCL,EQ,03-Dec-2025,189.59,189.78,190.04,186.63,187.89,187.85,187.62,778494,146063474.51,8381.0,421892.0,54.19
CGCL,EQ,02-Dec-2025,190.27,190.06,191.95,188.75,190.11,189.59,189.23,879941,166509271.46,7900.0,492727.0,56.00
CGCL,EQ,01-Dec-2025,188.14,190.03,194.4,189.0,190.0,190.27,191.72,893838,171369115.28,12411.0,342842.0,38.36
CGCL,EQ,28-Nov-2025,191.05,191.24,191.26,186.39,188.15,188.14,187.96,1631655,306684034.72,12934.0,1021691.0,62.62
CGCL,EQ,27-Nov-2025,188.65,190.0,192.5,187.56,190.5,191.05,189.85,846885,160781108.9,10852.0,431475.0,50.95
CGCL,EQ,26-Nov-2025,188.1,190.0,190.5,186.06,188.75,188.65,188.39,1071244,201815811.43,13681.0,581474.0,54.28
CGCL,EQ,25-Nov-2025,190.74,190.75,190.9,187.5,188.4,188.1,189.48,839945,159149303.07,8604.0,534219.0,63.60
CGCL,EQ,24-Nov-2025,190.67,191.98,193.0,189.13,190.05,190.74,190.94,1811365,345853632.6,17839.0,1100055.0,60.73
CGCL,EQ,21-Nov-2025,193.72,194.1,194.1,189.61,190.17,190.67,191.24,995244,190325697.9,11877.0,548012.0,55.06
CGCL,EQ,20-Nov-2025,195.02,195.0,195.6,193.1,193.7,193.72,194.47,690290,134240378.18,7765.0,365200.0,52.91
CGCL,EQ,19-Nov-2025,195.64,195.0,196.35,191.49,193.0,195.02,194.62,2634808,512798570.65,16894.0,942533.0,35.77
CGCL,EQ,18-Nov-2025,196.54,198.0,204.72,194.1,194.1,195.64,198.95,4257913,847101634.26,37978.0,1075717.0,25.26
CGCL,EQ,17-Nov-2025,198.35,198.9,200.98,196.0,197.0,196.54,197.14,981172,193423950.17,10712.0,345838.0,35.25
CGCL,EQ,14-Nov-2025,197.59,197.59,200.07,195.15,197.15,198.35,198.04,811282,160668900.06,9108.0,332066.0,40.93
CGCL,EQ,13-Nov-2025,199.65,200.4,200.97,194.88,197.9,197.59,197.81,1925177,380827262.45,16571.0,450926.0,23.42
CGCL,EQ,12-Nov-2025,197.46,197.95,200.9,196.56,198.5,199.65,199.03,1137276,226347253.17,15346.0,481800.0,42.36
CGCL,EQ,11-Nov-2025,198.97,198.5,199.39,194.05,198.0,197.46,196.98,1568411,308953390.2,17959.0,494783.0,31.55
CGCL,EQ,10-Nov-2025,196.49,196.99,201.2,196.07,198.66,198.97,198.88,1134993,225730483.4,17256.0,509998.0,44.93
CGCL,EQ,07-Nov-2025,197.5,196.0,198.4,193.25,196.29,196.49,195.29,1193700,233114433.73,18482.0,560359.0,46.94
CGCL,EQ,06-Nov-2025,197.05,197.45,198.85,192.06,197.71,197.5,195.54,1753429,342869692.82,19716.0,847934.0,48.36
CGCL,EQ,04-Nov-2025,203.3,203.8,203.8,196.58,197.25,197.05,199.37,1113586,222014196.97,11997.0,628261.0,56.42
CGCL,EQ,03-Nov-2025,203.03,203.6,204.9,200.1,202.99,203.3,202.85,1883109,381991284.36,20177.0,942054.0,50.03
CGCL,EQ,31-Oct-2025,206.75,208.0,211.9,201.5,202.0,203.03,207.16,4405025,912532692.7,34923.0,1820272.0,41.32
CGCL,EQ,30-Oct-2025,209.08,209.08,214.0,197.75,207.0,206.75,204.95,15039446,3082312070.06,101193.0,5178682.0,34.43
CGCL,EQ,29-Oct-2025,206.48,209.0,210.21,205.1,208.95,209.08,207.96,3025694,629235199.97,25413.0,1414184.0,46.74
CGCL,EQ,28-Oct-2025,203.92,205.0,210.8,203.2,207.8,206.48,207.53,4932806,1023714056.16,47062.0,2100921.0,42.59
CGCL,EQ,27-Oct-2025,204.96,207.0,207.1,202.99,204.0,203.92,204.64,2141392,438216886.83,19330.0,1016021.0,47.45
CGCL,EQ,24-Oct-2025,199.56,202.0,208.2,201.15,204.0,204.96,204.41,9347277,1910685244.15,74221.0,2561662.0,27.41
CGCL,EQ,23-Oct-2025,193.49,197.0,201.0,193.15,200.3,199.56,197.27,3640077,718092310.22,26011.0,1946837.0,53.48
CGCL,EQ,21-Oct-2025,193.16,193.95,194.4,192.8,193.7,193.49,193.75,223909,43381376.14,4626.0,144435.0,64.51
CGCL,EQ,20-Oct-2025,192.1,192.1,194.5,190.11,193.34,193.16,192.23,1327510,255190806.5,17874.0,631468.0,47.57
CGCL,EQ,17-Oct-2025,193.16,194.41,194.5,190.0,193.0,192.1,191.73,971054,186176057.41,10667.0,574794.0,59.19
CGCL,EQ,16-Oct-2025,193.86,196.8,197.0,192.0,192.58,193.16,194.12,2182822,423726408.75,29911.0,687988.0,31.52
CGCL,EQ,15-Oct-2025,185.79,185.8,196.65,185.1,195.1,193.86,193.57,4814574,931973604.81,41605.0,1476678.0,30.67
CGCL,EQ,14-Oct-2025,187.76,187.76,188.83,184.42,184.51,185.79,186.17,869225,161820766.63,10086.0,510830.0,58.77
CGCL,EQ,13-Oct-2025,189.76,188.0,188.96,187.0,187.3,187.76,187.82,831811,156227752.51,11183.0,442960.0,53.25
CGCL,EQ,10-Oct-2025,189.84,189.95,190.45,187.25,189.54,189.76,189.46,950268,180035309.04,9261.0,552854.0,58.18
CGCL,EQ,09-Oct-2025,189.21,189.21,190.25,187.3,189.95,189.84,189.54,800411,151711066.59,10590.0,443342.0,55.39
CGCL,EQ,08-Oct-2025,188.4,188.75,190.2,185.17,188.66,189.21,188.35,851249,160336152.15,11295.0,445134.0,52.29
CGCL,EQ,07-Oct-2025,189.8,190.0,190.79,187.49,188.01,188.4,188.9,683621,129132598.31,9058.0,334780.0,48.97
CGCL,EQ,06-Oct-2025,189.34,190.0,192.85,189.0,189.65,189.8,190.57,1315960,250781305.28,12771.0,807386.0,61.35
CGCL,EQ,03-Oct-2025,188.76,190.44,190.99,186.0,189.0,189.34,189.13,2131326,403105953.14,20480.0,1035503.0,48.58
CGCL,EQ,01-Oct-2025,185.18,185.4,189.4,184.8,188.4,188.76,187.14,701126,131207674.32,7580.0,304779.0,43.47
CGCL,EQ,30-Sep-2025,187.23,187.0,188.8,184.7,184.99,185.18,185.81,907947,168706778.19,10282.0,540664.0,59.55
CGCL,EQ,29-Sep-2025,185.26,185.8,188.7,184.0,186.55,187.23,185.7,2457193,456305687.73,34272.0,1461489.0,59.48
CGCL,EQ,26-Sep-2025,188.54,188.89,188.89,184.0,185.0,185.26,185.3,1306097,242017626.65,14568.0,693798.0,53.12
CGCL,EQ,25-Sep-2025,192.61,193.0,193.9,187.58,188.0,188.54,190.23,658568,125277197.18,8796.0,359173.0,54.54
CGCL,EQ,24-Sep-2025,193.2,193.29,196.0,191.9,192.6,192.61,193.86,1477834,286495493.25,15398.0,680138.0,46.02
CGCL,EQ,23-Sep-2025,193.35,194.4,198.4,189.24,193.8,193.2,194.49,3100576,603016441.39,27121.0,1162159.0,37.48
CGCL,EQ,22-Sep-2025,190.66,191.0,194.4,189.16,193.3,193.35,192.56,2190107,421729379.13,22245.0,920082.0,42.01
CGCL,EQ,19-Sep-2025,185.41,186.29,195.0,184.1,193.0,190.66,190.2,10744677,2043636250.31,44874.0,6818574.0,63.46
CGCL,EQ,18-Sep-2025,189.48,189.95,189.95,184.48,185.9,185.41,186.17,902706,168052780.68,9713.0,533989.0,59.15
CGCL,EQ,17-Sep-2025,188.47,188.47,190.2,187.7,188.5,189.48,189.27,764841,144760569.65,9556.0,418736.0,54.75
CGCL,EQ,16-Sep-2025,189.12,190.0,190.8,187.23,188.2,188.47,189.44,805262,152551740.06,14301.0,445482.0,55.32
CGCL,EQ,15-Sep-2025,186.04,186.9,190.13,186.9,189.95,189.12,189.08,1302416,246258917.78,14531.0,704697.0,54.11
CGCL,EQ,12-Sep-2025,184.05,185.0,187.08,183.35,186.94,186.04,184.97,1630610,301619572.27,15488.0,898189.0,55.08
CGCL,EQ,11-Sep-2025,187.99,187.87,188.8,183.6,184.85,184.05,185.69,1036202,192410252.14,13076.0,608768.0,58.75
CGCL,EQ,10-Sep-2025,186.85,187.4,191.8,186.38,187.69,187.99,189.42,1780569,337283997.09,17928.0,641434.0,36.02
CGCL,EQ,09-Sep-2025,185.08,185.98,187.45,184.45,186.7,186.85,186.31,544948,101530293.37,8037.0,257138.0,47.19
CGCL,EQ,08-Sep-2025,184.48,185.4,186.0,182.47,185.55,185.08,184.54,1502803,277326552.61,17079.0,755369.0,50.26
CGCL,EQ,05-Sep-2025,185.4,186.0,188.8,183.1,185.4,184.48,185.7,1024609,190272134.27,11572.0,433351.0,42.29
CGCL,EQ,04-Sep-2025,188.86,188.99,190.5,184.83,185.39,185.4,186.88,1042864,194892937.07,12943.0,550849.0,52.82
CGCL,EQ,03-Sep-2025,188.38,189.5,191.72,188.2,189.0,188.86,189.55,863896,163750211.94,10747.0,366433.0,42.42
CGCL,EQ,02-Sep-2025,188.96,189.5,192.5,187.65,188.4,188.38,190.55,1607822,306374969.1,16553.0,598326.0,37.21
CGCL,EQ,01-Sep-2025,185.36,185.9,190.28,185.4,188.25,188.96,188.15,1581716,297601925.74,17853.0,501925.0,31.73
CGCL,EQ,29-Aug-2025,185.69,184.5,187.85,181.59,185.11,185.36,184.55,2202711,406499897.46,21789.0,857266.0,38.92
CGCL,EQ,28-Aug-2025,190.76,190.6,190.6,182.3,182.3,185.69,187.13,1736678,324982539.27,14246.0,893386.0,51.44
CGCL,EQ,26-Aug-2025,189.39,189.02,193.99,187.0,189.25,190.76,191.24,12466628,2384075436.74,53087.0,6250666.0,50.14
CGCL,EQ,25-Aug-2025,187.96,188.9,192.5,188.2,189.55,189.39,190.58,3077613,586528522.11,27364.0,1332489.0,43.30
CGCL,EQ,22-Aug-2025,187.9,187.5,189.99,187.5,187.6,187.96,188.46,1039256,195853515.88,12383.0,551832.0,53.10
CGCL,EQ,21-Aug-2025,189.76,190.0,190.7,187.5,187.6,187.9,188.78,1538282,290398283.71,12922.0,920775.0,59.86
CGCL,EQ,20-Aug-2025,188.08,188.5,194.7,188.5,189.5,189.76,191.66,4742524,908947555.77,42059.0,1386485.0,29.24
CGCL,EQ,19-Aug-2025,190.93,190.93,191.6,187.5,187.63,188.08,188.74,1300518,245460951.89,16992.0,557752.0,42.89
CGCL,EQ,18-Aug-2025,185.86,187.5,192.5,186.51,191.14,190.93,190.07,3583744,681155386.12,35268.0,1675021.0,46.74
CGCL,EQ,14-Aug-2025,185.71,186.0,188.25,184.26,185.0,185.86,185.92,1482394,275613565.92,17113.0,744096.0,50.20
CGCL,EQ,13-Aug-2025,182.78,183.4,186.7,182.75,186.3,185.71,185.12,2172662,402202750.32,23527.0,1057325.0,48.66
CGCL,EQ,12-Aug-2025,183.5,183.6,185.86,181.05,183.4,182.78,183.08,1947660,356582244.38,17278.0,929864.0,47.74
CGCL,EQ,11-Aug-2025,182.17,183.45,185.1,181.24,182.9,183.5,183.88,2060426,378864314.74,22678.0,630662.0,30.61
CGCL,EQ,08-Aug-2025,187.88,187.88,189.0,181.05,181.6,182.17,185.17,3666423,678927706.99,31403.0,1410800.0,38.48
CGCL,EQ,07-Aug-2025,187.04,187.0,188.67,181.57,187.8,187.88,185.83,3199831,594618687.76,30898.0,958197.0,29.95
CGCL,EQ,06-Aug-2025,186.75,186.33,189.17,184.59,187.4,187.04,186.95,4389878,820677138.21,37117.0,1361215.0,31.01
CGCL,EQ,05-Aug-2025,190.12,191.0,195.9,186.13,186.33,186.75,191.26,9297123,1778128056.05,73244.0,2637772.0,28.37
CGCL,EQ,04-Aug-2025,175.36,176.96,192.5,175.52,189.99,190.12,188.64,36025583,6795848017.08,199433.0,6087470.0,16.90
CGCL,EQ,01-Aug-2025,186.29,186.5,190.35,174.9,175.06,175.36,181.17,11854541,2147654214.23,92585.0,3774383.0,31.84
CGCL,EQ,31-Jul-2025,186.08,183.5,188.8,181.0,185.7,186.29,186.05,4038419,751329440.63,30101.0,1921364.0,47.58
CGCL,EQ,30-Jul-2025,181.18,181.5,187.73,180.01,185.75,186.08,184.98,5150052,952634727.36,39878.0,2142625.0,41.60
CGCL,EQ,29-Jul-2025,179.18,178.99,182.45,175.05,181.8,181.18,178.73,2669483,477111441.16,26588.0,1032956.0,38.69
CGCL,EQ,28-Jul-2025,183.04,182.5,185.61,176.7,179.99,179.18,181.22,3282318,594837144.91,31886.0,1306819.0,39.81
CGCL,EQ,25-Jul-2025,187.61,186.5,188.25,178.76,182.32,183.04,183.28,6150266,1127213380.88,52885.0,2676260.0,43.51
CGCL,EQ,24-Jul-2025,181.48,182.87,190.3,182.38,187.44,187.61,187.4,12084425,2264663938.86,109990.0,3773683.0,31.23
CGCL,EQ,23-Jul-2025,182.8,182.5,183.94,180.4,181.99,181.48,181.78,2182407,396721917.7,22911.0,919199.0,42.12
CGCL,EQ,22-Jul-2025,181.93,182.8,185.3,181.39,183.0,182.8,182.96,3085729,564556235.88,26209.0,1500457.0,48.63
CGCL,EQ,21-Jul-2025,183.76,183.0,184.7,180.95,182.0,181.93,182.9,3033637,554850295.88,24637.0,1270188.0,41.87
CGCL,EQ,18-Jul-2025,182.7,183.07,184.7,178.81,183.0,183.76,182.1,4636351,844273108.8,36559.0,2161752.0,46.63
CGCL,EQ,17-Jul-2025,181.42,182.9,183.78,180.18,183.0,182.7,181.79,4006106,728278741.92,26007.0,1868060.0,46.63
CGCL,EQ,16-Jul-2025,176.89,176.9,183.9,174.3,181.8,181.42,180.25,9584896,1727646880.42,69244.0,3965922.0,41.38
CGCL,EQ,15-Jul-2025,176.96,177.4,179.45,176.06,176.99,176.89,177.66,2358224,418973715.0,21796.0,964926.0,40.92
CGCL,EQ,14-Jul-2025,176.2,176.88,178.0,173.67,177.4,176.96,176.19,2873499,506291227.09,25117.0,1127085.0,39.22
CGCL,EQ,11-Jul-2025,177.67,178.5,179.63,173.31,176.4,176.2,176.42,3664097,646416041.64,27021.0,1246817.0,34.03
CGCL,EQ,10-Jul-2025,168.08,168.88,178.7,168.1,178.0,177.67,175.43,14970974,2626339571.51,95203.0,4825189.0,32.23
CGCL,EQ,09-Jul-2025,169.5,171.2,171.45,166.51,167.0,168.08,169.13,3703058,626304836.59,33107.0,1604855.0,43.34
CGCL,EQ,08-Jul-2025,165.27,166.04,170.95,165.27,169.9,169.5,169.25,8530848,1443819003.48,42292.0,4629534.0,54.27
CGCL,EQ,07-Jul-2025,166.05,166.9,168.04,165.0,165.2,165.27,166.01,1513396,251235577.03,13680.0,774061.0,51.15
CGCL,EQ,04-Jul-2025,166.44,167.08,168.03,165.29,166.3,166.05,166.41,2080035,346141568.66,21339.0,867947.0,41.73
CGCL,EQ,03-Jul-2025,166.75,167.5,168.0,165.82,166.45,166.44,166.92,2016766,336648094.28,32718.0,873218.0,43.30
CGCL,EQ,02-Jul-2025,167.82,168.7,168.99,165.52,166.74,166.75,166.99,3597170,600697416.44,40752.0,1579237.0,43.90
CGCL,EQ,01-Jul-2025,172.7,173.68,174.0,167.3,167.99,167.82,169.27,4653682,787741304.0,29054.0,2401133.0,51.60
CGCL,EQ,30-Jun-2025,170.2,172.39,174.75,167.25,172.45,172.7,171.7,11000815,1888845256.92,89719.0,4035502.0,36.68
CGCL,EQ,27-Jun-2025,170.73,171.8,172.24,168.91,170.0,170.2,170.51,3579475,610329539.48,42770.0,1588002.0,44.36
CGCL,EQ,26-Jun-2025,174.34,175.99,176.59,169.03,170.44,170.73,171.52,4778209,819561098.49,36488.0,1780428.0,37.26
CGCL,EQ,25-Jun-2025,176.52,177.74,182.9,173.4,174.0,174.34,177.68,10328919,1835262506.9,82275.0,3258079.0,31.54
CGCL,EQ,24-Jun-2025,167.85,170.22,179.01,169.5,177.0,176.52,175.56,15468123,2715510225.3,117446.0,5416618.0,35.02
CGCL,EQ,23-Jun-2025,167.54,167.0,169.7,165.35,168.01,167.85,167.57,3669210,614836171.89,54256.0,1086211.0,29.60
CGCL,EQ,20-Jun-2025,164.11,164.93,169.0,163.0,166.8,167.54,166.1,4995302,829696990.99,56554.0,1685601.0,33.74
CGCL,EQ,19-Jun-2025,169.44,170.25,171.81,164.0,164.09,164.11,166.21,4887041,812278180.46,67880.0,1993982.0,40.80
CGCL,EQ,18-Jun-2025,173.18,171.5,173.87,168.8,169.2,169.44,170.83,4372844,747027469.85,50787.0,1345253.0,30.76
CGCL,EQ,17-Jun-2025,171.35,172.5,181.5,170.61,173.0,173.18,176.23,23361155,4116918077.11,155122.0,6464101.0,27.67
CGCL,EQ,16-Jun-2025,171.13,164.9,172.9,160.6,170.3,171.35,168.33,22890895,3853158335.8,120355.0,10459080.0,45.69
CGCL,EQ,13-Jun-2025,174.74,171.0,175.0,169.31,171.8,171.13,172.54,5215285,899832808.38,37675.0,1752441.0,33.60
CGCL,EQ,12-Jun-2025,179.95,179.92,182.49,173.47,174.9,174.74,178.29,7650880,1364069196.48,50519.0,3203535.0,41.87
CGCL,EQ,11-Jun-2025,178.98,178.0,183.55,175.48,179.0,179.95,179.99,12863280,2315225280.72,86644.0,3276360.0,25.47
CGCL,EQ,10-Jun-2025,181.34,177.0,186.95,172.5,177.28,178.98,179.71,46744410,8400485701.68,235745.0,7088431.0,15.16
CGCL,EQ,09-Jun-2025,152.04,158.99,182.44,158.58,178.5,181.34,173.74,94314540,16385793344.11,373546.0,11656486.0,12.36
CGCL,EQ,06-Jun-2025,154.0,155.5,159.07,151.6,153.0,152.04,155.3,15595881,2421966544.83,52856.0,10629215.0,68.15
CGCL,EQ,05-Jun-2025,151.06,152.18,161.45,152.0,154.0,154.0,155.93,6171238,962308317.87,48419.0,2676354.0,43.37
CGCL,EQ,04-Jun-2025,151.48,153.8,156.88,150.51,151.0,151.06,153.48,2986967,458453177.43,31648.0,1232714.0,41.27
CGCL,EQ,03-Jun-2025,152.01,152.95,155.25,151.01,151.6,151.48,152.64,958754,146340180.25,13601.0,452887.0,47.24
CGCL,EQ,02-Jun-2025,151.69,152.49,162.39,151.0,152.23,152.01,156.17,5527766,863266508.69,64318.0,1792803.0,32.43
CGCL,EQ,30-May-2025,155.78,156.0,157.6,150.99,151.8,151.69,153.86,1230295,189299218.81,19117.0,700512.0,56.94
CGCL,EQ,29-May-2025,158.41,158.2,159.14,155.37,155.72,155.78,156.83,496053,77796261.39,7614.0,274823.0,55.40
CGCL,EQ,28-May-2025,158.41,158.51,160.83,157.72,158.21,158.41,159.15,399191,63529427.33,6799.0,178661.0,44.76
CGCL,EQ,27-May-2025,158.95,159.73,160.0,157.55,158.6,158.41,158.51,434669,68901248.66,6552.0,164695.0,37.89
CGCL,EQ,26-May-2025,158.72,159.75,161.7,158.16,160.0,158.95,159.9,406786,65044683.76,7162.0,150737.0,37.06
CGCL,EQ,23-May-2025,158.27,159.8,160.82,157.76,159.0,158.72,159.1,461243,73381695.97,7916.0,192575.0,41.75
CGCL,EQ,22-May-2025,161.9,162.69,163.62,157.9,158.75,158.27,159.85,847831,135529395.22,10165.0,437490.0,51.60
CGCL,EQ,21-May-2025,162.46,162.9,164.24,161.11,162.5,161.9,162.3,460674,74765655.0,6910.0,169095.0,36.71
CGCL,EQ,20-May-2025,164.65,166.0,168.0,162.06,162.99,162.46,164.33,589832,96928724.05,9593.0,234579.0,39.77
CGCL,EQ,19-May-2025,167.44,167.99,170.6,164.2,165.49,164.65,167.1,945083,157921144.04,11062.0,414353.0,43.84
CGCL,EQ,16-May-2025,167.46,168.3,168.9,166.77,167.55,167.44,167.69,669811,112323339.69,7925.0,215190.0,32.13
CGCL,EQ,15-May-2025,168.91,169.7,170.34,167.0,167.05,167.46,168.43,449491,75707867.64,6987.0,181134.0,40.30
CGCL,EQ,14-May-2025,167.67,167.8,172.44,167.49,168.93,168.91,169.56,748053,126836758.81,9503.0,233970.0,31.28
CGCL,EQ,13-May-2025,167.26,168.1,168.32,164.85,167.99,167.67,166.86,525570,87696456.57,8194.0,160055.0,30.45
CGCL,EQ,12-May-2025,162.85,170.0,170.0,166.18,166.85,167.26,167.34,642803,107565600.84,7121.0,222197.0,34.57
CGCL,EQ,09-May-2025,160.39,160.0,164.15,158.0,163.89,162.85,160.16,1339043,214465403.9,10464.0,342405.0,25.57
CGCL,EQ,08-May-2025,162.68,164.0,165.99,160.0,160.5,160.39,162.41,698970,113518341.02,7154.0,326902.0,46.77
CGCL,EQ,07-May-2025,165.5,161.0,165.0,160.25,163.29,162.68,162.4,945507,153551631.48,13705.0,176803.0,18.70
CGCL,EQ,06-May-2025,169.35,175.8,175.8,163.0,165.0,165.5,168.35,4056367,682875650.89,35426.0,689447.0,17.00
CGCL,EQ,05-May-2025,163.44,168.89,175.75,166.62,169.2,169.35,171.74,10393721,1785032860.92,97308.0,1209328.0,11.64
CGCL,EQ,02-May-2025,161.56,160.21,164.5,160.21,163.93,163.44,162.61,566370,92094927.91,9533.0,211999.0,37.43
CGCL,EQ,30-Apr-2025,165.11,165.0,165.67,160.3,160.9,161.56,162.82,473814,77147504.14,6765.0,147214.0,31.07
CGCL,EQ,29-Apr-2025,165.53,167.25,167.39,164.27,165.19,165.11,165.74,572026,94809723.17,8326.0,116104.0,20.30
CGCL,EQ,28-Apr-2025,160.65,161.83,167.33,160.01,164.15,165.53,164.5,3353984,551743832.07,21634.0,289148.0,8.62
CGCL,EQ,25-Apr-2025,166.11,168.49,168.9,160.05,160.2,160.65,162.4,1067598,173373326.99,15628.0,241164.0,22.59
CGCL,EQ,24-Apr-2025,166.98,168.13,169.6,165.5,166.5,166.11,167.68,857881,143847124.68,17928.0,163835.0,19.10
CGCL,EQ,23-Apr-2025,168.33,169.0,170.24,161.42,166.2,166.98,166.85,1530217,255319089.19,23474.0,453858.0,29.66
CGCL,EQ,22-Apr-2025,167.51,168.9,170.19,166.71,167.96,168.33,168.5,1028889,173365903.33,15145.0,244541.0,23.77
CGCL,EQ,21-Apr-2025,166.76,166.55,168.92,165.93,167.3,167.51,167.92,943158,158372007.99,14384.0,256810.0,27.23
CGCL,EQ,17-Apr-2025,163.2,163.38,170.75,162.36,166.1,166.76,166.4,2806811,467041689.87,34061.0,477423.0,17.01
CGCL,EQ,16-Apr-2025,160.94,157.0,164.4,157.0,163.39,163.2,161.89,1472546,238397704.77,19662.0,208828.0,14.18
CGCL,EQ,15-Apr-2025,155.84,159.0,161.99,157.36,161.2,160.94,159.65,1721268,274805889.98,25906.0,329917.0,19.17
CGCL,EQ,11-Apr-2025,154.27,157.0,159.8,154.62,156.48,155.84,156.25,1869711,292134773.99,25697.0,225846.0,12.08
CGCL,EQ,09-Apr-2025,158.63,158.4,161.78,153.1,154.6,154.27,156.31,1937480,302839969.41,31736.0,327312.0,16.89
CGCL,EQ,08-Apr-2025,151.92,160.0,163.0,154.7,159.28,158.63,159.12,5827138,927223456.04,65154.0,407892.0,7.00
CGCL,EQ,07-Apr-2025,163.56,156.0,159.37,151.09,153.2,151.92,154.18,3489559,538031618.46,50362.0,995078.0,28.52
CGCL,EQ,04-Apr-2025,168.46,171.68,171.68,162.06,163.8,163.56,166.07,3650267,606191255.92,47523.0,389152.0,10.66
CGCL,EQ,03-Apr-2025,169.76,166.0,169.98,166.0,169.15,168.46,168.64,2619825,441796638.65,30328.0,371534.0,14.18
CGCL,EQ,02-Apr-2025,171.46,176.97,176.97,167.12,169.37,169.76,171.71,6382206,1095883283.23,56728.0,711248.0,11.14
CGCL,EQ,01-Apr-2025,170.21,175.0,177.5,167.6,172.1,171.46,171.77,14134240,2427774143.18,130341.0,522488.0,3.70
CGCL,EQ,28-Mar-2025,164.9,168.0,178.79,166.3,168.4,170.21,173.45,60781862,10542782892.0,423680.0,1828079.0,3.01
CGCL,EQ,27-Mar-2025,194.86,191.88,231.35,162.0,165.5,164.9,202.02,120844388,24412578266.85,765209.0,5729829.0,4.74
CGCL,EQ,26-Mar-2025,167.98,167.98,201.57,167.21,196.69,194.86,189.27,46718408,8842217779.9,343406.0,759018.0,1.62
CGCL,EQ,25-Mar-2025,168.47,168.6,170.99,166.51,168.65,167.98,168.35,385559,64908177.4,13794.0,72416.0,18.78
CGCL,EQ,24-Mar-2025,166.74,165.0,169.11,165.0,168.3,168.47,168.26,286864,48267023.46,6200.0,44045.0,15.35
CGCL,EQ,21-Mar-2025,165.74,165.3,168.2,163.25,167.0,166.74,166.54,116569,19413045.94,6293.0,52493.0,45.03
CGCL,EQ,20-Mar-2025,162.91,162.8,167.0,162.02,164.05,165.74,165.19,108348,17897766.49,6842.0,44925.0,41.46
CGCL,EQ,19-Mar-2025,158.8,159.9,163.9,159.9,162.0,162.91,162.9,297161,48406600.84,6035.0,39925.0,13.44
CGCL,EQ,18-Mar-2025,158.49,158.3,160.77,157.57,159.4,158.8,158.56,295769,46898178.95,6610.0,33988.0,11.49
CGCL,EQ,17-Mar-2025,159.08,159.08,159.95,157.6,158.98,158.49,159.13,274962,43755793.91,5584.0,33950.0,12.35
CGCL,EQ,13-Mar-2025,159.85,159.85,160.5,157.74,160.25,159.08,159.17,265415,42244823.67,5402.0,21678.0,8.17
CGCL,EQ,12-Mar-2025,162.13,160.65,162.73,157.8,159.9,159.85,158.92,317242,50416013.39,8131.0,63282.0,19.95
CGCL,EQ,11-Mar-2025,159.61,157.1,166.0,153.41,165.0,162.13,159.8,320045,51143470.29,7955.0,57353.0,17.92
CGCL,EQ,10-Mar-2025,163.74,164.63,165.8,157.35,157.35,159.61,161.98,319757,51795823.2,7377.0,66684.0,20.85
CGCL,EQ,07-Mar-2025,166.35,165.49,169.14,162.1,163.95,163.74,165.94,353611,58677263.47,10034.0,60409.0,17.08
CGCL,EQ,06-Mar-2025,163.81,164.75,166.96,164.4,166.49,166.35,165.76,277945,46072070.09,7413.0,24768.0,8.91
CGCL,EQ,05-Mar-2025,161.14,159.7,164.1,159.7,164.0,163.81,162.84,316800,51589116.15,8864.0,41149.0,12.99
CGCL,EQ,04-Mar-2025,161.67,159.63,161.9,156.01,161.0,161.14,160.41,123867,19870095.9,9127.0,42922.0,34.65
CGCL,EQ,03-Mar-2025,159.72,159.7,166.0,152.11,160.5,161.67,156.7,189970,29767357.57,16570.0,46815.0,24.64
CGCL,EQ,28-Feb-2025,164.67,163.01,163.62,157.1,160.34,159.72,159.6,321781,51354915.18,11598.0,46406.0,14.42
CGCL,EQ,27-Feb-2025,166.75,166.75,166.87,163.01,163.25,164.67,165.24,292234,48289832.38,8475.0,30559.0,10.46
CGCL,EQ,25-Feb-2025,171.17,171.17,171.79,165.0,165.0,166.75,167.83,273237,45856270.54,7551.0,24814.0,9.08
CGCL,EQ,24-Feb-2025,173.55,172.0,173.5,169.5,169.5,171.17,171.62,312404,53614052.84,6881.0,50022.0,16.01
CGCL,EQ,21-Feb-2025,176.98,174.35,178.04,171.8,174.3,173.55,173.73,185863,32290537.79,9077.0,56539.0,30.42
CGCL,EQ,20-Feb-2025,181.13,177.5,178.89,172.9,177.88,176.98,175.21,468566,82098464.49,19066.0,33525.0,7.15
CGCL,EQ,19-Feb-2025,160.47,158.9,189.35,157.48,176.8,181.13,177.07,950090,168228520.73,24514.0,131011.0,13.79
CGCL,EQ,18-Feb-2025,166.68,167.6,168.68,157.1,158.81,160.47,160.85,419954,67551272.56,11876.0,34380.0,8.19
CGCL,EQ,17-Feb-2025,161.79,160.0,171.08,156.22,168.9,166.68,159.86,487156,77877417.19,14251.0,55476.0,11.39
CGCL,EQ,14-Feb-2025,165.93,165.7,165.9,160.61,161.0,161.79,161.92,115051,18629622.89,6189.0,42887.0,37.28
CGCL,EQ,13-Feb-2025,164.48,165.3,166.83,163.33,164.8,165.93,165.33,117441,19416169.71,6986.0,28275.0,24.08
CGCL,EQ,12-Feb-2025,172.43,172.5,172.8,161.81,164.4,164.48,165.17,308608,50972443.6,12385.0,95965.0,31.10
CGCL,EQ,11-Feb-2025,176.74,175.3,175.9,168.71,171.94,172.43,171.38,266252,45630260.13,8567.0,69124.0,25.96
CGCL,EQ,10-Feb-2025,174.67,174.68,178.79,170.39,175.31,176.74,174.61,249763,43611550.54,9749.0,73134.0,29.28
CGCL,EQ,07-Feb-2025,176.99,177.3,179.99,173.76,174.47,174.67,175.5,102551,17997259.94,6466.0,40602.0,39.59
CGCL,EQ,06-Feb-2025,178.58,180.25,180.25,176.31,178.0,176.99,177.41,94884,16833084.26,5501.0,34134.0,35.97
CGCL,EQ,05-Feb-2025,176.66,176.9,179.99,176.35,178.23,178.58,178.05,199172,35463413.96,8298.0,58087.0,29.16
CGCL,EQ,04-Feb-2025,178.52,179.75,180.0,175.51,176.01,176.66,177.27,123838,21952807.06,5615.0,45906.0,37.07
CGCL,EQ,03-Feb-2025,176.49,175.6,179.94,174.28,178.55,178.52,176.77,255576,45178148.97,10796.0,56731.0,22.20
CGCL,EQ,01-Feb-2025,178.13,178.75,178.75,172.1,176.45,176.49,176.06,164417,28947469.05,8298.0,55189.0,33.57
CGCL,EQ,31-Jan-2025,176.59,178.0,179.41,175.31,177.5,178.13,176.97,368277,65173650.87,13459.0,81586.0,22.15
CGCL,EQ,30-Jan-2025,180.13,180.0,182.95,175.37,178.0,176.59,178.8,375440,67127050.12,12517.0,113018.0,30.10
CGCL,EQ,29-Jan-2025,175.59,168.0,184.4,166.62,181.0,180.13,175.63,1257307,220823289.24,26695.0,151593.0,12.06
CGCL,EQ,28-Jan-2025,186.79,186.38,186.38,174.77,175.49,175.59,177.88,1302141,231621878.29,27653.0,185698.0,14.26
CGCL,EQ,27-Jan-2025,200.6,192.8,193.9,182.31,182.35,186.79,186.93,3551867,663944991.1,52845.0,256373.0,7.22
CGCL,EQ,24-Jan-2025,181.76,187.9,207.75,187.89,197.0,200.6,201.91,36691033,7408266382.06,387014.0,915136.0,2.49
CGCL,EQ,23-Jan-2025,179.55,179.19,184.2,177.51,181.0,181.76,181.89,268782,48888541.38,7421.0,69204.0,25.75
CGCL,EQ,22-Jan-2025,178.4,178.51,181.18,176.56,179.5,179.55,178.59,345240,61654845.26,13431.0,64093.0,18.56
CGCL,EQ,21-Jan-2025,180.96,181.1,184.03,178.0,178.5,178.4,179.63,450220,80874869.55,8959.0,50281.0,11.17
CGCL,EQ,20-Jan-2025,179.5,179.5,182.38,178.0,181.22,180.96,180.39,531107,95804071.65,8717.0,72935.0,13.73
CGCL,EQ,17-Jan-2025,180.16,178.9,180.77,177.31,180.0,179.5,178.5,216084,38570558.89,6032.0,59929.0,27.73
CGCL,EQ,16-Jan-2025,174.62,175.8,182.32,174.83,179.4,180.16,179.9,444673,79994454.42,9348.0,40032.0,9.00
CGCL,EQ,15-Jan-2025,181.25,181.9,182.2,173.87,174.8,174.62,176.28,362653,63927317.91,9109.0,83095.0,22.91
CGCL,EQ,14-Jan-2025,174.98,175.1,182.0,173.01,182.0,181.25,178.92,615561,110139167.76,12208.0,24113.0,3.92
CGCL,EQ,13-Jan-2025,182.92,181.43,181.43,173.5,175.62,174.98,176.01,324823,57172414.18,8713.0,43518.0,13.40
CGCL,EQ,10-Jan-2025,187.18,186.0,186.97,180.97,181.3,182.92,183.65,557433,102370275.93,9253.0,33286.0,5.97
CGCL,EQ,09-Jan-2025,189.26,188.14,190.0,185.04,186.3,187.18,187.09,469184,87778277.41,13464.0,58376.0,12.44
CGCL,EQ,08-Jan-2025,185.64,184.8,191.53,182.88,188.5,189.26,186.4,537821,100249902.8,8310.0,39796.0,7.40
CGCL,EQ,07-Jan-2025,182.81,183.35,187.0,182.31,185.68,185.64,184.67,40958,7563628.73,4071.0,14024.0,34.24
CGCL,EQ,06-Jan-2025,191.56,192.1,192.6,181.8,184.8,182.81,185.28,74318,13769842.46,6343.0,32147.0,43.26
CGCL,EQ,03-Jan-2025,191.36,191.05,194.0,190.4,191.2,191.56,192.33,57476,11054439.38,4224.0,23413.0,40.74
CGCL,EQ,02-Jan-2025,187.34,187.3,192.98,187.2,191.5,191.36,189.99,103896,19739286.69,5943.0,37754.0,36.34
CGCL,EQ,01-Jan-2025,186.63,186.3,187.98,185.71,187.2,187.34,186.89,34985,6538394.23,2829.0,16896.0,48.29
CGCL,EQ,31-Dec-2024,185.75,184.63,188.88,184.1,188.0,186.63,185.48,65152,12084388.84,3929.0,24756.0,38.00
CGCL,EQ,30-Dec-2024,189.2,189.65,192.27,181.8,184.0,185.75,187.0,225275,42127129.21,9119.0,107724.0,47.82
CGCL,EQ,17-Apr-2026,185.13,185.0,186.35,181.0,182.28,182.13,183.21,789850,144709379.85,8252.0,437911.0,55.44
CGCL,EQ,16-Apr-2026,185.64,187.13,189.02,179.57,185.0,185.13,183.0,1503867,275209327.18,13424.0,572613.0,38.08
CGCL,EQ,15-Apr-2026,183.68,185.1,187.35,184.1,184.9,185.64,185.88,633055,117674715.47,7997.0,269155.0,42.52
CGCL,EQ,13-Apr-2026,183.54,178.0,184.48,176.89,183.8,183.68,181.87,548239,99706060.9,6909.0,209016.0,38.12
CGCL,EQ,10-Apr-2026,177.91,180.0,185.95,178.8,182.48,183.54,182.1,919124,167367987.0,10496.0,409902.0,44.6
CGCL,EQ,09-Apr-2026,179.12,176.53,179.98,176.53,177.3,177.91,178.57,454721,81201222.52,9956.0,150184.0,33.03
CGCL,EQ,08-Apr-2026,170.02,173.5,180.76,173.37,179.83,179.12,177.98,2253531,401087776.08,46708.0,984601.0,43.69
CGCL,EQ,07-Apr-2026,165.44,164.6,171.29,164.6,169.5,170.02,168.82,1618561,273237824.47,21834.0,585322.0,36.16
CGCL,EQ,06-Apr-2026,166.33,166.33,167.97,163.57,165.65,165.44,164.82,972050,160210318.37,11487.0,337274.0,34.7
CGCL,EQ,02-Apr-2026,175.98,170.84,170.84,162.86,166.45,166.33,164.99,3368286,555734349.61,29485.0,826703.0,24.54
CGCL,EQ,01-Apr-2026,166.49,168.1,178.28,168.0,174.0,175.98,173.62,1698794,294945544.83,18770.0,616161.0,36.27
CGCL,EQ,30-Mar-2026,165.54,164.0,170.6,160.12,162.3,166.49,163.99,1981922,325017547.34,23497.0,1091709.0,55.08
CGCL,EQ,27-Mar-2026,170.01,167.46,167.95,162.05,164.0,165.54,165.48,1240467,205276674.03,17837.0,617479.0,49.78
CGCL,EQ,25-Mar-2026,169.46,171.2,172.0,166.37,167.95,170.01,169.56,1831601,310566473.81,18267.0,914814.0,49.95
CGCL,EQ,24-Mar-2026,159.78,163.0,173.75,156.95,171.18,169.46,165.75,2024099,335498617.89,20471.0,737765.0,36.45
CGCL,EQ,23-Mar-2026,170.08,166.71,167.47,157.1,161.0,159.78,160.64,1637109,262990071.89,20029.0,1012005.0,61.82
CGCL,EQ,20-Mar-2026,168.39,169.0,170.88,166.44,169.9,170.08,169.15,551185,93230805.87,10585.0,199410.0,36.18
CGCL,EQ,19-Mar-2026,170.33,167.8,173.39,166.2,168.5,168.39,170.24,1416947,241217851.9,21738.0,359158.0,25.35
CGCL,EQ,18-Mar-2026,169.71,170.0,173.16,169.71,171.1,170.33,170.71,358544,61206710.54,7360.0,152319.0,42.48
CGCL,EQ,17-Mar-2026,171.57,170.7,171.59,168.46,169.0,169.71,169.92,887436,150795717.8,12442.0,537232.0,60.54
CGCL,EQ,16-Mar-2026,170.09,169.05,173.0,168.0,169.0,171.57,170.07,1746085,296957217.25,22048.0,1023013.0,58.59
CGCL,EQ,13-Mar-2026,169.05,169.0,172.68,165.0,170.02,170.09,169.56,2899151,491570342.52,33540.0,1333931.0,46.01
CGCL,EQ,12-Mar-2026,169.24,167.56,170.5,163.49,168.0,169.05,167.88,5786378,971419774.34,31670.0,4133491.0,71.43
CGCL,EQ,11-Mar-2026,165.58,165.58,170.5,164.18,169.01,169.24,169.06,5752315,972480497.09,25615.0,4741637.0,82.43
CGCL,EQ,10-Mar-2026,155.74,158.25,168.99,158.25,165.0,165.58,165.76,9746768,1615619386.43,87083.0,2131660.0,21.87
CGCL,EQ,09-Mar-2026,161.24,157.24,158.25,152.91,157.8,155.74,155.1,1804501,279877171.81,29341.0,1135280.0,62.91
CGCL,EQ,06-Mar-2026,156.83,156.98,162.48,155.8,160.65,161.24,160.58,968584,155533439.49,13375.0,560478.0,57.87
CGCL,EQ,05-Mar-2026,151.97,153.51,157.77,152.48,157.5,156.83,154.99,591290,91645111.27,12108.0,334146.0,56.51
CGCL,EQ,04-Mar-2026,158.48,157.0,157.0,151.1,151.75,151.97,152.79,1016171,155261201.16,14640.0,542815.0,53.42
CGCL,EQ,02-Mar-2026,159.68,155.0,159.8,154.06,159.28,158.48,157.7,717607,113163509.79,13027.0,354134.0,49.35
CGCL,EQ,27-Feb-2026,167.87,167.9,167.91,155.65,157.62,159.68,160.83,2680252,431057594.78,24901.0,1775545.0,66.25
CGCL,EQ,26-Feb-2026,169.83,169.93,170.4,166.5,167.99,167.87,167.95,624097,104815761.68,13399.0,236451.0,37.89
CGCL,EQ,25-Feb-2026,167.63,169.25,170.9,166.72,170.0,169.83,168.86,703590,118805006.8,18490.0,314125.0,44.65
CGCL,EQ,24-Feb-2026,172.53,171.67,172.07,166.82,168.5,167.63,168.61,782464,131929517.09,11282.0,476355.0,60.88
CGCL,EQ,23-Feb-2026,173.02,173.5,174.12,171.11,172.14,172.53,172.54,305618,52732034.56,8280.0,135735.0,44.41
CGCL,EQ,20-Feb-2026,172.92,173.13,173.89,169.91,173.0,173.02,172.22,522557,89992601.42,9062.0,236832.0,45.32
CGCL,EQ,19-Feb-2026,178.52,179.85,180.0,172.05,173.15,172.92,175.69,536103,94190004.63,8926.0,215308.0,40.16
CGCL,EQ,18-Feb-2026,173.13,174.0,179.13,173.69,178.59,178.52,177.46,1057135,187598501.59,14326.0,534126.0,50.53
CGCL,EQ,17-Feb-2026,175.08,175.77,178.5,172.6,173.05,173.13,174.11,543341,94601191.03,9119.0,286499.0,52.73
CGCL,EQ,16-Feb-2026,177.24,178.8,178.8,174.25,175.2,175.08,175.26,434320,76119003.81,8905.0,230682.0,53.11
CGCL,EQ,13-Feb-2026,179.3,178.51,178.51,174.49,177.35,177.24,176.25,399020,70326885.74,7531.0,171466.0,42.97
CGCL,EQ,12-Feb-2026,177.61,178.2,180.31,175.16,179.3,179.3,178.49,1178185,210295022.19,9617.0,815923.0,69.25
CGCL,EQ,11-Feb-2026,174.96,176.9,178.9,173.79,177.72,177.61,176.29,348033,61355361.39,6024.0,158193.0,45.45
CGCL,EQ,10-Feb-2026,176.79,178.4,178.4,173.71,175.5,174.96,175.43,494289,86713047.85,6712.0,245222.0,49.61
CGCL,EQ,09-Feb-2026,173.22,175.5,180.9,175.0,176.9,176.79,177.51,1131823,200911379.95,16166.0,554502.0,48.99
CGCL,EQ,06-Feb-2026,169.79,170.0,174.48,167.91,172.5,173.22,172.5,925883,159712362.23,12949.0,309334.0,33.41
CGCL,EQ,05-Feb-2026,171.75,171.0,173.3,169.24,170.2,169.79,171.09,434009,74255840.75,6669.0,198114.0,45.65
CGCL,EQ,04-Feb-2026,170.28,170.92,172.36,168.77,172.2,171.75,170.69,465349,79431278.96,6287.0,201955.0,43.4
CGCL,EQ,03-Feb-2026,169.12,179.0,179.0,167.33,170.21,170.28,171.61,719374,123449472.68,11374.0,308310.0,42.86
CGCL,EQ,02-Feb-2026,166.4,165.91,169.75,161.29,169.48,169.12,164.97,611124,100816579.77,10898.0,269415.0,44.09
CGCL,EQ,01-Feb-2026,175.74,172.71,173.95,165.91,167.0,166.4,169.48,685448,116168514.69,11134.0,315818.0,46.07
CGCL,EQ,30-Jan-2026,179.22,176.81,176.81,169.41,175.1,175.74,172.74,2838942,490394979.62,38491.0,1157081.0,40.76
CGCL,EQ,29-Jan-2026,175.7,176.0,180.4,175.76,180.3,179.22,178.21,1133023,201910476.64,12646.0,522346.0,46.1
CGCL,EQ,28-Jan-2026,169.73,169.51,178.51,169.51,176.0,175.7,175.19,1089944,190947334.52,12517.0,441196.0,40.48
CGCL,EQ,27-Jan-2026,166.96,166.95,173.39,160.89,172.0,169.73,166.19,2975333,494476800.12,38319.0,1401914.0,47.12
CGCL,EQ,23-Jan-2026,168.64,168.64,169.83,166.0,167.0,166.96,167.46,640822,107309242.42,10889.0,356947.0,55.7
CGCL,EQ,22-Jan-2026,167.95,168.59,170.32,166.44,168.75,168.64,168.39,1485019,250055696.83,23705.0,787078.0,53.0
CGCL,EQ,21-Jan-2026,174.94,174.0,174.94,167.1,167.98,167.95,168.88,2082042,351615153.67,26660.0,1002719.0,48.16
CGCL,EQ,20-Jan-2026,178.07,175.0,180.78,173.51,174.6,174.94,176.9,3079044,544694533.81,51232.0,1645934.0,53.46
CGCL,EQ,19-Jan-2026,179.65,178.25,179.83,177.49,177.5,178.07,178.3,281216,50139432.88,5877.0,151917.0,54.02
CGCL,EQ,16-Jan-2026,180.6,181.5,183.68,177.5,179.11,179.65,181.51,518920,94191692.66,8348.0,261207.0,50.34
CGCL,EQ,14-Jan-2026,180.26,180.27,182.65,179.95,181.1,180.6,181.1,794034,143802181.4,12370.0,398485.0,50.18
CGCL,EQ,13-Jan-2026,181.73,181.9,185.04,179.58,180.08,180.26,181.55,884747,160625901.14,10472.0,498992.0,56.4
CGCL,EQ,12-Jan-2026,183.96,183.1,184.03,179.4,181.9,181.73,181.15,820408,148614325.48,15060.0,358276.0,43.67
CGCL,EQ,09-Jan-2026,184.9,184.7,186.75,183.1,184.05,183.96,184.78,1449037,267759514.36,13691.0,725929.0,50.1
CGCL,EQ,08-Jan-2026,184.55,185.0,185.65,182.26,184.5,184.9,184.2,3140479,578474900.34,33166.0,2054536.0,65.42
CGCL,EQ,07-Jan-2026,187.49,187.0,189.08,183.15,184.9,184.55,184.7,4270715,788818748.25,12055.0,2871185.0,67.23
CGCL,EQ,06-Jan-2026,190.05,190.71,190.71,186.81,187.0,187.49,188.66,733064,138301458.36,18932.0,432229.0,58.96
CGCL,EQ,05-Jan-2026,185.22,185.22,191.87,184.11,189.39,190.05,189.22,1448585,274104127.11,15688.0,648591.0,44.77
CGCL,EQ,02-Jan-2026,185.4,186.09,187.65,183.99,185.31,185.22,185.8,630056,117063357.15,9687.0,253088.0,40.17
CGCL,EQ,01-Jan-2026,182.84,182.19,186.2,182.19,186.15,185.4,184.62,698046,128876020.79,9087.0,231131.0,33.11
CGCL,EQ,31-Dec-2025,180.64,182.45,188.95,180.15,182.74,182.84,184.46,3077998,567764422.94,32821.0,1085311.0,35.26
CGCL,EQ,30-Dec-2025,176.18,177.7,181.9,173.87,181.4,180.64,178.38,1600839,285559299.38,21437.0,762344.0,47.62
CGCL,EQ,29-Dec-2025,178.69,180.0,180.47,175.7,177.5,176.18,177.5,492075,87344950.01,10503.0,254518.0,51.72
