"ï»¿""symbol""",series,date,prevclose,openprice,highprice,lowprice,lastprice,closeprice,averageprice,totaltradedquantity,turnoverinrs,no.oftrades,deliverableqty,%dlyqttotradedqty
GMRINFRA,EQ,30-Dec-2011,20.1,20.25,22.25,19.6,21.55,21.0,20.5,5679995,116422335.75,10109.0,3173421.0,55.87
GMRINFRA,EQ,29-Dec-2011,19.9,19.9,20.6,19.3,20.35,20.1,19.96,12754011,254514854.95,16306.0,7641269.0,59.91
GMRINFRA,EQ,28-Dec-2011,19.65,19.5,20.35,19.25,19.95,19.9,19.78,4176142,82588543.65,11940.0,728514.0,17.44
GMRINFRA,EQ,27-Dec-2011,20.4,20.6,20.95,19.5,19.7,19.65,20.14,2995590,60329635.25,9149.0,871911.0,29.11
GMRINFRA,EQ,26-Dec-2011,19.55,19.05,20.5,19.05,20.5,20.4,20.24,2496979,50529253.2,8430.0,785777.0,31.47
GMRINFRA,EQ,23-Dec-2011,19.85,20.15,20.45,19.5,19.7,19.55,19.99,3284524,65651176.6,8654.0,1096553.0,33.39
GMRINFRA,EQ,22-Dec-2011,19.2,19.15,20.0,18.85,19.9,19.85,19.51,3610230,70447981.95,11902.0,953095.0,26.40
GMRINFRA,EQ,21-Dec-2011,18.95,19.25,19.45,18.75,19.25,19.2,19.16,2065322,39565370.05,8567.0,632401.0,30.62
GMRINFRA,EQ,20-Dec-2011,19.0,19.2,19.55,18.5,18.75,18.95,18.89,3320457,62723919.0,10799.0,1193583.0,35.95
GMRINFRA,EQ,19-Dec-2011,19.25,19.0,19.1,18.05,18.85,19.0,18.61,3659571,68114917.3,10140.0,1429354.0,39.06
GMRINFRA,EQ,16-Dec-2011,19.5,19.5,20.0,18.6,18.95,19.25,19.63,6102028,119793644.5,21556.0,2634568.0,43.18
GMRINFRA,EQ,15-Dec-2011,18.85,18.85,19.85,18.1,19.7,19.5,19.03,5818467,110706422.9,10988.0,2879748.0,49.49
GMRINFRA,EQ,14-Dec-2011,18.95,17.9,19.15,17.9,18.9,18.85,18.9,5378221,101666931.15,11467.0,2406314.0,44.74
GMRINFRA,EQ,13-Dec-2011,18.0,18.0,19.15,17.6,19.05,18.95,18.53,6628363,122791135.6,16036.0,2521400.0,38.04
GMRINFRA,EQ,12-Dec-2011,18.75,18.95,19.2,17.95,18.0,18.0,18.33,3779201,69275107.65,12671.0,1385920.0,36.67
GMRINFRA,EQ,09-Dec-2011,19.55,19.25,19.3,18.5,18.75,18.75,18.81,5245616,98685265.4,16653.0,1917925.0,36.56
GMRINFRA,EQ,08-Dec-2011,21.1,21.1,21.2,19.4,19.45,19.55,19.87,5633255,111918053.4,17162.0,2680484.0,47.58
GMRINFRA,EQ,07-Dec-2011,21.1,21.1,21.65,21.0,21.1,21.1,21.24,3747827,79587910.95,10519.0,1798911.0,48.00
GMRINFRA,EQ,05-Dec-2011,21.25,21.25,21.5,20.9,21.25,21.1,21.18,2544354,53896997.75,9152.0,622806.0,24.48
GMRINFRA,EQ,02-Dec-2011,20.9,20.05,21.45,20.05,21.4,21.25,20.97,4609253,96655041.45,13153.0,1934937.0,41.98
GMRINFRA,EQ,01-Dec-2011,20.6,21.6,22.2,20.7,20.85,20.9,21.56,11294080,243542191.35,23519.0,4758787.0,42.14
GMRINFRA,EQ,30-Nov-2011,20.3,20.3,21.1,19.65,20.55,20.6,20.33,6592394,134026798.15,15339.0,3200744.0,48.55
GMRINFRA,EQ,29-Nov-2011,20.9,21.2,21.2,19.6,20.2,20.3,20.24,5572246,112765085.8,13081.0,1793977.0,32.19
GMRINFRA,EQ,28-Nov-2011,20.3,20.8,21.2,20.5,20.85,20.9,20.82,2822393,58763064.35,8133.0,1226765.0,43.47
GMRINFRA,EQ,25-Nov-2011,20.7,20.7,21.4,20.15,20.25,20.3,20.8,2881053,59914671.8,11625.0,925615.0,32.13
GMRINFRA,EQ,24-Nov-2011,20.05,19.6,21.3,19.4,20.95,20.7,20.24,11027864,223252656.8,16893.0,5660543.0,51.33
GMRINFRA,EQ,23-Nov-2011,21.25,20.6,21.2,19.8,19.9,20.05,20.21,5369133,108484208.75,13211.0,2602870.0,48.48
GMRINFRA,EQ,22-Nov-2011,21.0,21.0,21.5,20.4,21.25,21.25,21.05,5667562,119321832.5,13059.0,2427571.0,42.83
GMRINFRA,EQ,21-Nov-2011,20.5,19.6,21.8,19.1,20.95,21.0,20.84,16760399,349321937.5,14566.0,12765317.0,76.16
GMRINFRA,EQ,18-Nov-2011,20.65,20.5,20.95,19.8,20.95,20.5,20.29,13963219,283275471.0,22553.0,8205064.0,58.76
GMRINFRA,EQ,17-Nov-2011,21.35,21.35,21.95,20.25,20.65,20.65,21.06,5037273,106090812.45,14908.0,2275366.0,45.17
GMRINFRA,EQ,16-Nov-2011,22.65,22.7,23.3,21.05,21.75,21.35,22.1,6400536,141482303.65,13893.0,3199815.0,49.99
GMRINFRA,EQ,15-Nov-2011,23.7,23.6,25.1,22.5,22.65,22.65,23.84,6536073,155849841.8,16760.0,2529744.0,38.70
GMRINFRA,EQ,14-Nov-2011,24.85,25.2,25.7,23.5,23.65,23.7,24.44,4359506,106541725.3,12091.0,2397566.0,55.00
GMRINFRA,EQ,11-Nov-2011,25.6,25.55,25.85,24.65,24.9,24.85,25.22,3763897,94907008.4,13616.0,1364922.0,36.26
GMRINFRA,EQ,09-Nov-2011,26.45,26.9,26.9,25.25,25.5,25.6,26.24,2551979,66952635.9,10857.0,952955.0,37.34
GMRINFRA,EQ,08-Nov-2011,26.4,26.6,26.8,26.3,26.4,26.45,26.52,2209021,58587341.45,5212.0,1347899.0,61.02
GMRINFRA,EQ,04-Nov-2011,26.1,26.35,26.95,26.2,26.45,26.4,26.49,3040331,80537168.45,6454.0,1599818.0,52.62
GMRINFRA,EQ,03-Nov-2011,26.1,26.4,26.5,25.8,26.2,26.1,26.08,2150897,56105230.8,8651.0,1008339.0,46.88
GMRINFRA,EQ,02-Nov-2011,26.25,26.35,26.7,26.0,26.35,26.1,26.28,2135194,56123145.85,6238.0,868705.0,40.69
GMRINFRA,EQ,01-Nov-2011,27.75,28.3,28.8,25.75,26.2,26.25,26.89,3340809,89820903.75,11248.0,1157680.0,34.65
GMRINFRA,EQ,31-Oct-2011,27.8,27.9,28.4,27.4,27.75,27.75,27.91,5276120,147278900.6,16138.0,2058916.0,39.02
GMRINFRA,EQ,28-Oct-2011,25.85,26.6,28.35,25.9,27.75,27.8,27.2,8760564,238315810.2,22600.0,4121794.0,47.05
GMRINFRA,EQ,26-Oct-2011,25.5,25.9,25.95,25.55,25.85,25.85,25.79,455270,11739966.4,1771.0,243689.0,53.53
GMRINFRA,EQ,25-Oct-2011,25.95,26.0,26.25,24.95,25.6,25.5,25.37,7018215,178028261.4,14513.0,2815618.0,40.12
GMRINFRA,EQ,24-Oct-2011,25.65,26.0,26.05,25.35,25.8,25.95,25.76,4066852,104758805.95,12879.0,2435469.0,59.89
GMRINFRA,EQ,24-Oct-2011,25.65,26.0,26.05,25.35,25.8,25.95,25.76,4066852,104758805.95,12879.0,2435469.0,59.89
GMRINFRA,EQ,21-Oct-2011,25.4,25.3,26.15,25.15,25.55,25.65,25.78,5411693,139540046.7,13675.0,3000549.0,55.45
GMRINFRA,EQ,20-Oct-2011,25.3,25.2,25.65,25.05,25.35,25.4,25.38,3154958,80057417.1,8078.0,1706514.0,54.09
GMRINFRA,EQ,19-Oct-2011,25.35,25.4,25.7,25.2,25.25,25.3,25.39,2225541,56512856.25,6309.0,1221268.0,54.88
GMRINFRA,EQ,18-Oct-2011,25.7,25.9,25.9,25.3,25.3,25.35,25.4,1402441,35628853.35,5086.0,803870.0,57.32
GMRINFRA,EQ,17-Oct-2011,25.95,26.2,26.45,25.5,25.5,25.7,25.93,3101224,80408336.75,7245.0,1651399.0,53.25
GMRINFRA,EQ,14-Oct-2011,25.9,25.9,26.25,25.55,26.0,25.95,25.85,1743451,45067073.5,4722.0,1019774.0,58.49
GMRINFRA,EQ,13-Oct-2011,25.75,25.8,26.05,25.65,25.85,25.9,25.86,3082846,79710234.0,18043.0,1983122.0,64.33
GMRINFRA,EQ,12-Oct-2011,25.4,25.75,25.9,25.25,25.85,25.75,25.47,4678743,119153812.25,8745.0,2979724.0,63.69
GMRINFRA,EQ,11-Oct-2011,25.8,26.0,26.1,25.3,25.35,25.4,25.74,4940275,127139995.9,12235.0,3097060.0,62.69
GMRINFRA,EQ,10-Oct-2011,26.05,26.05,26.1,25.55,25.75,25.8,25.82,4279384,110498128.55,9503.0,2723466.0,63.64
GMRINFRA,EQ,07-Oct-2011,26.0,26.8,26.8,25.5,26.0,26.05,26.09,4506408,117556616.7,10011.0,1871292.0,41.53
GMRINFRA,EQ,05-Oct-2011,25.55,25.8,26.25,25.55,25.9,26.0,25.82,2786828,71954601.25,8843.0,1533219.0,55.02
GMRINFRA,EQ,04-Oct-2011,26.0,26.25,26.25,25.1,25.55,25.55,25.69,4105837,105480475.7,7983.0,2607786.0,63.51
GMRINFRA,EQ,03-Oct-2011,27.05,27.1,27.2,25.8,25.9,26.0,26.16,6365245,166542598.5,11842.0,3995635.0,62.77
GMRINFRA,EQ,30-Sep-2011,27.35,27.45,27.5,26.7,27.05,27.05,27.12,2053960,55695833.2,9260.0,976384.0,47.54
GMRINFRA,EQ,29-Sep-2011,26.55,26.4,27.6,26.05,27.55,27.35,26.67,5480686,146165933.1,13757.0,1595522.0,29.11
GMRINFRA,EQ,28-Sep-2011,26.8,27.0,27.3,26.45,26.65,26.55,26.96,3292538,88782455.95,18462.0,1252223.0,38.03
GMRINFRA,EQ,27-Sep-2011,26.9,27.7,28.15,26.55,26.8,26.8,27.24,6532689,177953920.0,22356.0,2493573.0,38.17
GMRINFRA,EQ,26-Sep-2011,28.35,28.65,28.7,26.6,26.6,26.9,27.25,3108740,84701846.3,12475.0,1546746.0,49.75
GMRINFRA,EQ,23-Sep-2011,28.35,27.6,28.95,27.5,28.7,28.35,28.36,5354671,151838176.35,17982.0,2819488.0,52.65
GMRINFRA,EQ,22-Sep-2011,30.15,29.65,29.85,28.1,28.25,28.35,29.1,3247750,94516933.9,9796.0,1588579.0,48.91
GMRINFRA,EQ,21-Sep-2011,29.8,29.9,30.6,29.7,30.05,30.15,30.15,3269766,98567641.95,10178.0,1412554.0,43.20
GMRINFRA,EQ,20-Sep-2011,28.85,29.25,30.0,28.7,29.85,29.8,29.46,3510110,103409215.9,10510.0,1528350.0,43.54
GMRINFRA,EQ,19-Sep-2011,28.65,29.0,29.25,28.6,28.8,28.85,29.0,4081768,118383653.95,15312.0,2151261.0,52.70
GMRINFRA,EQ,16-Sep-2011,28.7,29.1,29.35,28.35,28.5,28.65,28.83,6656580,191935718.25,15141.0,3141033.0,47.19
GMRINFRA,EQ,15-Sep-2011,27.65,27.9,28.9,27.2,28.9,28.7,28.36,4685688,132874684.8,12389.0,2172302.0,46.36
GMRINFRA,EQ,14-Sep-2011,27.15,27.5,27.9,26.85,27.75,27.65,27.39,3642850,99765148.1,16520.0,1478802.0,40.59
GMRINFRA,EQ,13-Sep-2011,27.7,27.85,28.4,26.5,27.2,27.15,27.7,3707483,102696765.25,14740.0,760028.0,20.50
GMRINFRA,EQ,12-Sep-2011,28.55,28.9,28.9,27.3,27.65,27.7,27.87,3965802,110546656.0,13232.0,1686889.0,42.54
GMRINFRA,EQ,09-Sep-2011,29.9,30.0,30.2,28.3,28.35,28.55,29.27,5461881,159845493.55,19541.0,2234699.0,40.91
GMRINFRA,EQ,08-Sep-2011,29.7,31.3,31.3,29.7,29.85,29.9,30.17,4600706,138816736.3,14753.0,1599687.0,34.77
GMRINFRA,EQ,07-Sep-2011,28.5,28.55,30.15,27.0,30.0,29.7,29.22,6670985,194958642.85,21217.0,2955710.0,44.31
GMRINFRA,EQ,06-Sep-2011,27.8,27.8,28.6,27.6,28.6,28.5,28.1,3679031,103368854.7,9263.0,1631022.0,44.33
GMRINFRA,EQ,05-Sep-2011,27.15,27.5,28.05,26.75,28.0,27.8,27.43,4171268,114414070.7,9393.0,2100185.0,50.35
GMRINFRA,EQ,02-Sep-2011,26.95,26.9,27.8,26.75,27.0,27.15,27.22,6102954,166133477.55,18819.0,3787993.0,62.07
GMRINFRA,EQ,30-Aug-2011,27.0,27.1,27.5,26.7,26.9,26.95,27.0,3959667,106897291.95,7802.0,2275242.0,57.46
GMRINFRA,EQ,29-Aug-2011,26.4,26.65,27.35,26.65,27.05,27.0,27.03,3865968,104513907.8,7125.0,2421371.0,62.63
GMRINFRA,EQ,26-Aug-2011,26.4,27.5,27.5,25.95,26.7,26.4,26.49,6190562,163970618.65,12026.0,3538170.0,57.15
GMRINFRA,EQ,25-Aug-2011,28.55,28.7,28.9,26.05,26.5,26.4,27.1,10290646,278881463.15,17459.0,5402723.0,52.50
GMRINFRA,EQ,24-Aug-2011,28.5,28.35,29.5,28.05,28.4,28.55,29.01,6437958,186741421.25,16492.0,3074204.0,47.75
GMRINFRA,EQ,23-Aug-2011,28.0,28.3,28.95,28.0,28.45,28.5,28.52,3146283,89740285.55,9354.0,1551094.0,49.30
GMRINFRA,EQ,22-Aug-2011,27.25,27.3,28.45,27.0,28.2,28.0,27.45,3515780,96493879.2,11621.0,1710416.0,48.65
GMRINFRA,EQ,19-Aug-2011,27.85,26.6,27.8,26.45,27.4,27.25,27.16,5001968,135878398.05,12116.0,2609318.0,52.17
GMRINFRA,EQ,18-Aug-2011,28.6,28.45,29.5,27.5,27.55,27.85,28.51,6503965,185442623.0,18717.0,3417130.0,52.54
GMRINFRA,EQ,17-Aug-2011,29.25,29.1,29.65,26.95,28.15,28.6,28.45,6040036,171836848.0,14656.0,2834930.0,46.94
GMRINFRA,EQ,16-Aug-2011,29.85,30.65,30.85,28.7,28.8,29.25,29.81,4522856,134805882.65,14240.0,2591739.0,57.30
GMRINFRA,EQ,12-Aug-2011,29.85,30.75,30.9,29.7,30.0,29.85,30.33,3853881,116898753.4,16971.0,1603005.0,41.59
GMRINFRA,EQ,11-Aug-2011,30.85,30.15,31.0,29.7,29.95,29.85,30.35,3666416,111288816.15,13465.0,1258047.0,34.31
GMRINFRA,EQ,10-Aug-2011,30.15,31.0,31.7,29.8,30.75,30.85,30.89,5826573,179970546.75,16348.0,2243018.0,38.50
GMRINFRA,EQ,09-Aug-2011,29.6,28.05,31.0,28.05,30.05,30.15,29.72,6236275,185363118.3,19367.0,1768256.0,28.35
GMRINFRA,EQ,09-Aug-2011,29.6,28.05,31.0,28.05,30.05,30.15,29.72,6236275,185363118.3,19367.0,1768256.0,28.35
GMRINFRA,EQ,08-Aug-2011,29.8,29.05,29.95,28.6,29.35,29.6,29.42,4240193,124744233.5,15727.0,1559757.0,36.79
GMRINFRA,EQ,05-Aug-2011,30.3,29.15,30.1,28.5,29.95,29.8,29.72,2969053,88250170.55,14107.0,1281692.0,43.17
GMRINFRA,EQ,04-Aug-2011,30.35,30.9,31.1,30.1,30.15,30.3,30.65,3291381,100886552.4,20179.0,1233079.0,37.46
GMRINFRA,EQ,03-Aug-2011,30.1,29.8,30.7,29.0,30.4,30.35,30.07,2722466,81869851.75,12477.0,1310550.0,48.14
GMRINFRA,EQ,02-Aug-2011,30.45,30.45,30.5,29.8,30.05,30.1,30.13,1662161,50080948.0,8969.0,769197.0,46.28
GMRINFRA,EQ,01-Aug-2011,30.65,31.45,31.45,30.3,30.3,30.45,30.73,3308333,101667713.25,12906.0,1118612.0,33.81
GMRINFRA,EQ,29-Jul-2011,30.05,29.9,31.9,29.75,30.65,30.65,30.56,4835736,147756140.3,15852.0,1755778.0,36.31
GMRINFRA,EQ,28-Jul-2011,30.3,30.0,30.8,29.55,29.7,30.05,30.16,6504133,196173620.75,11708.0,3026473.0,46.53
GMRINFRA,EQ,27-Jul-2011,30.9,30.95,30.95,30.1,30.1,30.3,30.44,3174029,96604856.25,12147.0,1350179.0,42.54
GMRINFRA,EQ,26-Jul-2011,30.95,31.0,31.45,30.65,30.7,30.9,30.86,1562604,48216000.65,6697.0,680519.0,43.55
GMRINFRA,EQ,25-Jul-2011,31.05,31.1,31.2,30.75,30.85,30.95,31.0,1980584,61394534.4,7619.0,1154218.0,58.28
GMRINFRA,EQ,22-Jul-2011,30.9,31.25,31.4,30.8,31.1,31.05,31.01,1639927,50860797.15,6957.0,866912.0,52.86
GMRINFRA,EQ,21-Jul-2011,31.2,31.1,31.25,30.7,30.85,30.9,30.9,2569201,79382916.95,7398.0,1692072.0,65.86
GMRINFRA,EQ,20-Jul-2011,31.4,31.8,31.8,31.05,31.15,31.2,31.33,1742219,54578521.8,7011.0,1000691.0,57.44
GMRINFRA,EQ,19-Jul-2011,31.5,31.65,31.8,31.15,31.25,31.4,31.42,2092910,65756259.5,7370.0,1054964.0,50.41
GMRINFRA,EQ,18-Jul-2011,31.7,32.25,32.25,31.4,31.5,31.5,31.72,1850982,58712644.8,6433.0,810561.0,43.79
GMRINFRA,EQ,15-Jul-2011,31.55,31.5,31.85,31.3,31.65,31.7,31.64,1412116,44677344.7,6151.0,389483.0,27.58
GMRINFRA,EQ,14-Jul-2011,31.75,31.85,32.05,31.4,31.4,31.55,31.74,3376260,107174312.6,10105.0,1412355.0,41.83
GMRINFRA,EQ,13-Jul-2011,31.5,31.6,31.9,31.25,31.6,31.75,31.6,3270587,103355620.95,11080.0,1578197.0,48.25
GMRINFRA,EQ,12-Jul-2011,31.95,31.6,31.9,31.05,31.5,31.5,31.48,3073178,96750151.0,11449.0,1113235.0,36.22
GMRINFRA,EQ,11-Jul-2011,32.5,32.2,32.8,31.8,31.9,31.95,32.08,1605969,51521670.9,7060.0,513047.0,31.95
GMRINFRA,EQ,08-Jul-2011,33.0,33.0,33.65,32.3,32.35,32.5,33.11,3913658,129565338.0,12330.0,1887058.0,48.22
GMRINFRA,EQ,07-Jul-2011,32.75,33.2,33.25,32.9,32.95,33.0,33.06,1942649,64217738.45,5669.0,1101876.0,56.72
GMRINFRA,EQ,06-Jul-2011,33.05,33.25,33.25,32.2,32.7,32.75,32.84,1004672,32993146.55,5773.0,266417.0,26.52
GMRINFRA,EQ,05-Jul-2011,33.6,33.85,33.85,32.85,33.1,33.05,33.15,1774683,58833601.4,10881.0,650480.0,36.65
GMRINFRA,EQ,04-Jul-2011,32.9,33.2,33.8,33.0,33.5,33.6,33.46,3308672,110713369.2,16582.0,1552831.0,46.93
GMRINFRA,EQ,01-Jul-2011,32.65,32.8,33.3,32.35,32.9,32.9,32.86,2509803,82472319.4,7603.0,1185575.0,47.24
GMRINFRA,EQ,30-Jun-2011,32.85,32.95,33.1,32.4,32.75,32.65,32.73,2691257,88074872.65,7286.0,1410832.0,52.42
GMRINFRA,EQ,29-Jun-2011,33.0,33.3,33.75,32.55,32.8,32.85,33.05,3823382,126365350.95,14265.0,1802692.0,47.15
GMRINFRA,EQ,28-Jun-2011,31.8,31.95,33.3,31.9,32.95,33.0,32.78,5027012,164764707.7,15244.0,2106218.0,41.90
GMRINFRA,EQ,27-Jun-2011,31.6,31.4,32.0,31.15,31.75,31.8,31.76,1616660,51350934.45,7134.0,743258.0,45.97
GMRINFRA,EQ,24-Jun-2011,30.85,31.3,31.8,30.9,31.4,31.6,31.45,1692338,53223777.3,7936.0,856485.0,50.61
GMRINFRA,EQ,23-Jun-2011,31.0,31.0,31.3,30.0,31.25,30.85,30.65,2535777,77710609.0,7355.0,1349036.0,53.20
GMRINFRA,EQ,22-Jun-2011,30.95,31.1,31.2,30.6,30.95,31.0,30.92,2022130,62525460.2,7331.0,1176987.0,58.21
GMRINFRA,EQ,21-Jun-2011,31.1,31.2,31.35,30.7,31.15,30.95,30.98,1675703,51915179.55,6549.0,837849.0,50.00
GMRINFRA,EQ,20-Jun-2011,32.0,32.0,32.3,29.9,31.05,31.1,31.3,3739174,117044780.05,14275.0,1756206.0,46.97
GMRINFRA,EQ,17-Jun-2011,31.95,32.0,32.35,31.75,32.0,32.0,32.03,1629726,52194542.8,8764.0,868912.0,53.32
GMRINFRA,EQ,16-Jun-2011,32.35,32.2,32.3,31.55,32.0,31.95,32.02,2407286,77090487.35,11720.0,1179445.0,48.99
GMRINFRA,EQ,15-Jun-2011,33.0,33.25,33.25,32.1,32.2,32.35,32.49,2078725,67532435.45,13382.0,997565.0,47.99
GMRINFRA,EQ,14-Jun-2011,32.4,32.4,33.15,31.9,32.95,33.0,32.71,2955582,96679518.3,10743.0,1586458.0,53.68
GMRINFRA,EQ,13-Jun-2011,32.1,32.2,32.6,31.8,32.35,32.4,32.24,1828868,58955546.65,6504.0,828806.0,45.32
GMRINFRA,EQ,10-Jun-2011,32.1,32.1,32.55,31.95,32.05,32.1,32.18,2198855,70757770.1,12701.0,883103.0,40.16
GMRINFRA,EQ,09-Jun-2011,32.35,32.5,32.5,32.0,32.1,32.1,32.19,1483958,47767835.2,7760.0,572245.0,38.56
GMRINFRA,EQ,08-Jun-2011,32.7,32.6,32.7,32.2,32.35,32.35,32.42,1769792,57382259.15,7429.0,706012.0,39.89
GMRINFRA,EQ,07-Jun-2011,32.3,32.1,33.0,32.05,32.65,32.7,32.53,1955966,63626537.5,8845.0,777626.0,39.76
GMRINFRA,EQ,06-Jun-2011,32.7,33.0,33.0,31.85,32.35,32.3,32.12,1819215,58430340.75,8020.0,682212.0,37.50
GMRINFRA,EQ,03-Jun-2011,33.2,33.2,33.9,32.6,32.7,32.7,33.14,2574038,85304629.3,14301.0,1036919.0,40.28
GMRINFRA,EQ,02-Jun-2011,34.6,33.45,34.0,33.0,33.1,33.2,33.29,6202215,206486186.85,19985.0,2518902.0,40.61
GMRINFRA,EQ,01-Jun-2011,35.6,35.75,35.95,34.25,34.45,34.6,34.96,4161917,145509274.35,18119.0,1736041.0,41.71
GMRINFRA,EQ,31-May-2011,34.05,34.0,35.75,33.0,35.5,35.6,35.08,9558559,335342594.5,,4367635.0,45.69
GMRINFRA,EQ,30-May-2011,34.2,34.3,35.2,33.85,33.85,34.05,34.14,2035721,69502846.85,,1040902.0,51.13
GMRINFRA,EQ,27-May-2011,33.6,33.2,34.5,33.2,34.15,34.2,34.18,2602326,88949767.0,,1465926.0,56.33
GMRINFRA,EQ,26-May-2011,33.45,34.0,34.0,33.1,33.65,33.6,33.52,3155125,105748346.5,,1512301.0,47.93
GMRINFRA,EQ,25-May-2011,34.0,34.0,34.0,33.05,33.6,33.45,33.37,2132664,71161097.85,,806813.0,37.83
GMRINFRA,EQ,24-May-2011,34.05,34.1,34.9,33.5,33.9,34.0,34.05,1727314,58810426.8,,622970.0,36.07
GMRINFRA,EQ,23-May-2011,34.75,34.7,35.0,33.8,34.1,34.05,34.08,1465030,49934447.75,,606357.0,41.39
GMRINFRA,EQ,20-May-2011,35.2,35.05,35.7,34.4,34.9,34.75,35.18,2332698,82057471.2,,1177296.0,50.47
GMRINFRA,EQ,19-May-2011,35.8,36.2,36.2,35.0,35.2,35.2,35.26,1384144,48804311.0,,495191.0,35.78
GMRINFRA,EQ,18-May-2011,36.4,36.35,36.75,35.5,35.7,35.8,35.95,1834244,65937031.3,,733006.0,39.96
GMRINFRA,EQ,17-May-2011,36.75,36.9,36.9,36.1,36.45,36.4,36.39,1275976,46429214.25,,424094.0,33.24
GMRINFRA,EQ,16-May-2011,37.4,37.5,37.75,36.45,36.8,36.75,36.78,1573948,57882986.15,,725761.0,46.11
GMRINFRA,EQ,13-May-2011,36.9,37.25,37.85,36.75,37.7,37.4,37.38,2000869,74799503.1,,890167.0,44.49
GMRINFRA,EQ,12-May-2011,37.35,37.5,38.5,36.75,36.95,36.9,37.42,2071588,77509327.1,,456454.0,22.03
GMRINFRA,EQ,11-May-2011,37.25,37.25,37.5,37.0,37.3,37.35,37.21,820271,30525562.6,,259120.0,31.59
GMRINFRA,EQ,10-May-2011,37.0,37.25,37.5,36.85,37.5,37.25,37.08,1140133,42276944.5,,353454.0,31.00
GMRINFRA,EQ,09-May-2011,37.1,37.5,37.75,36.5,37.05,37.0,36.98,1488534,55046706.35,,273831.0,18.40
GMRINFRA,EQ,06-May-2011,36.35,36.4,37.5,36.4,37.0,37.1,36.95,1415223,52298990.65,,494729.0,34.96
GMRINFRA,EQ,06-May-2011,36.35,36.4,37.5,36.4,37.0,37.1,36.95,1415223,52298990.65,,494729.0,34.96
GMRINFRA,EQ,05-May-2011,36.85,36.85,37.15,36.1,36.35,36.35,36.62,2151192,78768883.6,,1044008.0,48.53
GMRINFRA,EQ,04-May-2011,37.55,37.5,37.85,36.3,36.9,36.85,37.07,2624319,97278403.4,,937373.0,35.72
GMRINFRA,EQ,03-May-2011,37.95,38.0,38.25,37.35,37.4,37.55,37.78,3114001,117632621.65,,1217652.0,39.10
GMRINFRA,EQ,02-May-2011,37.75,37.8,38.3,37.0,38.05,37.95,37.75,2398031,90526105.45,,969299.0,40.42
GMRINFRA,EQ,29-Apr-2011,38.8,38.9,39.0,37.65,37.75,37.75,38.27,2771296,106065261.5,,1558079.0,56.22
GMRINFRA,EQ,28-Apr-2011,38.85,39.25,39.25,38.55,39.0,38.8,38.77,4150372,160909355.6,,2097820.0,50.55
GMRINFRA,EQ,27-Apr-2011,38.4,39.0,40.25,38.65,38.85,38.85,39.43,9332071,367943769.3,,2577942.0,27.62
GMRINFRA,EQ,26-Apr-2011,39.75,39.5,39.75,37.95,38.5,38.4,38.41,8738740,335614670.0,,3673395.0,42.04
GMRINFRA,EQ,25-Apr-2011,39.45,39.6,40.2,39.0,39.85,39.75,39.65,4154930,164733124.45,,1980488.0,47.67
GMRINFRA,EQ,21-Apr-2011,41.3,41.5,41.7,38.6,39.55,39.45,39.72,9601052,381357021.85,,4809719.0,50.10
GMRINFRA,EQ,20-Apr-2011,40.25,40.5,41.7,40.45,41.25,41.3,40.9,2128751,87059428.0,,670202.0,31.48
GMRINFRA,EQ,19-Apr-2011,40.45,40.5,40.55,39.6,40.35,40.25,40.11,1912802,76727417.35,,547181.0,28.61
GMRINFRA,EQ,18-Apr-2011,41.9,41.7,42.4,40.15,40.45,40.45,40.91,3817104,156171673.5,,1575971.0,41.29
GMRINFRA,EQ,15-Apr-2011,42.7,42.5,42.9,41.7,41.9,41.9,42.15,2487458,104858313.4,,938545.0,37.73
GMRINFRA,EQ,13-Apr-2011,41.65,41.8,43.0,41.5,42.65,42.7,42.56,4137798,176089433.6,,1799597.0,43.49
GMRINFRA,EQ,11-Apr-2011,42.15,42.0,42.0,41.05,41.8,41.65,41.53,3402598,141317847.8,,1362020.0,40.03
GMRINFRA,EQ,08-Apr-2011,43.9,44.2,44.4,41.7,42.05,42.15,42.51,6842667,290892080.8,,1953890.0,28.55
GMRINFRA,EQ,07-Apr-2011,41.8,42.0,44.2,41.7,44.1,43.9,43.18,9017979,389375344.35,,3430229.0,38.04
GMRINFRA,EQ,06-Apr-2011,41.05,41.3,42.0,41.05,41.9,41.8,41.54,5132548,213210060.25,,1981353.0,38.60
GMRINFRA,EQ,05-Apr-2011,40.65,41.2,41.4,40.65,41.1,41.05,41.03,3312799,135934151.9,,1669862.0,50.41
GMRINFRA,EQ,04-Apr-2011,40.45,41.0,41.4,40.5,40.65,40.65,40.96,3602096,147536231.45,,1733307.0,48.12
GMRINFRA,EQ,01-Apr-2011,40.5,41.1,41.4,40.25,40.4,40.45,40.7,4488923,182696123.15,,1997422.0,44.50
GMRINFRA,EQ,31-Mar-2011,39.1,39.25,41.6,38.4,40.4,40.5,39.72,8569830,340360842.6,,4980340.0,58.11
GMRINFRA,EQ,30-Mar-2011,38.5,38.6,39.4,38.25,39.05,39.1,38.8,3001056,116429677.35,,1416097.0,47.19
GMRINFRA,EQ,29-Mar-2011,37.9,38.3,39.0,38.05,38.25,38.5,38.47,5134361,197537811.95,,2749693.0,53.55
GMRINFRA,EQ,28-Mar-2011,37.4,37.9,38.25,36.35,37.95,37.9,37.57,4926008,185058514.55,,2413576.0,49.00
GMRINFRA,EQ,25-Mar-2011,37.15,37.55,37.65,37.15,37.25,37.4,37.43,2697856,100984645.55,,1623302.0,60.17
GMRINFRA,EQ,24-Mar-2011,37.35,37.65,37.7,36.75,37.1,37.15,37.32,3275095,122226168.15,,1998921.0,61.03
GMRINFRA,EQ,23-Mar-2011,37.1,37.0,37.55,36.8,37.3,37.35,37.3,2201559,82121986.35,,1432782.0,65.08
GMRINFRA,EQ,22-Mar-2011,36.75,36.3,37.35,36.3,37.0,37.1,36.99,1981817,73299686.05,,996846.0,50.30
GMRINFRA,EQ,21-Mar-2011,37.05,37.3,37.65,36.0,37.05,36.75,36.62,2870674,105131518.95,,1188065.0,41.39
GMRINFRA,EQ,18-Mar-2011,37.95,38.05,38.8,36.55,37.4,37.05,37.28,3071065,114501908.0,,1582332.0,51.52
GMRINFRA,EQ,17-Mar-2011,38.45,38.5,38.8,37.75,38.2,37.95,38.22,2748355,105052572.0,,1352472.0,49.21
GMRINFRA,EQ,16-Mar-2011,38.1,38.1,38.9,38.0,38.55,38.45,38.45,2585709,99425767.3,,1428339.0,55.24
GMRINFRA,EQ,15-Mar-2011,39.05,38.2,38.8,37.3,38.0,38.1,38.17,2620391,100014091.55,,964525.0,36.81
GMRINFRA,EQ,14-Mar-2011,39.15,39.0,39.65,38.3,39.05,39.05,39.06,3490337,136326977.35,,2047838.0,58.67
GMRINFRA,EQ,11-Mar-2011,40.0,39.5,39.95,38.65,39.05,39.15,39.39,3337493,131478289.65,,1181945.0,35.41
GMRINFRA,EQ,10-Mar-2011,40.5,41.05,41.05,39.85,40.0,40.0,40.24,3586616,144330386.65,,1510462.0,42.11
GMRINFRA,EQ,09-Mar-2011,40.05,40.05,40.8,39.8,40.65,40.5,40.38,3745291,151236743.3,,1718167.0,45.88
GMRINFRA,EQ,08-Mar-2011,39.85,39.85,40.75,39.65,40.0,40.05,40.1,4346139,174274095.85,,1783523.0,41.04
GMRINFRA,EQ,07-Mar-2011,39.6,39.0,40.2,38.45,40.0,39.85,39.26,3408927,133823431.65,,1143631.0,33.55
GMRINFRA,EQ,04-Mar-2011,40.35,40.5,41.2,39.4,39.7,39.6,40.09,3954170,158510664.25,,1694534.0,42.85
GMRINFRA,EQ,03-Mar-2011,41.0,40.8,41.4,40.0,40.3,40.35,40.54,4524540,183435869.9,,1091461.0,24.12
GMRINFRA,EQ,01-Mar-2011,41.05,41.35,41.5,40.3,41.0,41.0,40.93,4805940,196726200.55,,1896700.0,39.47
GMRINFRA,EQ,28-Feb-2011,39.95,40.5,42.8,40.1,41.1,41.05,41.22,11103410,457709218.05,,4171400.0,37.57
GMRINFRA,EQ,25-Feb-2011,38.4,39.2,40.45,38.55,39.95,39.95,39.8,6866569,273286158.6,,2337903.0,34.05
GMRINFRA,EQ,24-Feb-2011,40.5,35.0,41.05,35.0,38.75,38.4,39.0,10809445,421572958.95,,5429549.0,50.23
GMRINFRA,EQ,23-Feb-2011,41.05,41.05,41.3,39.4,40.7,40.5,40.27,6187958,249219339.9,,2878633.0,46.52
GMRINFRA,EQ,22-Feb-2011,41.5,41.0,41.95,40.5,41.05,41.05,41.24,3404694,140401754.9,,911685.0,26.78
GMRINFRA,EQ,21-Feb-2011,40.2,40.25,41.9,39.6,41.8,41.5,40.7,4781266,194584040.05,,1697980.0,35.51
GMRINFRA,EQ,18-Feb-2011,41.3,41.5,41.65,39.6,41.05,40.2,40.56,3293072,133569081.1,,981087.0,29.79
GMRINFRA,EQ,17-Feb-2011,41.9,42.1,42.7,41.0,41.2,41.3,41.61,4683541,194863272.95,,1234724.0,26.36
GMRINFRA,EQ,16-Feb-2011,42.25,42.45,42.5,41.15,42.15,41.9,41.77,4255510,177772810.85,,893904.0,21.01
GMRINFRA,EQ,15-Feb-2011,40.45,40.5,42.6,40.3,42.35,42.25,41.54,10413297,432573724.3,,3632779.0,34.89
GMRINFRA,EQ,14-Feb-2011,37.7,38.05,40.9,37.7,40.9,40.45,39.37,10806469,425474932.4,,5156075.0,47.71
GMRINFRA,EQ,11-Feb-2011,36.1,29.0,37.9,29.0,37.6,37.7,36.41,13779471,501750451.7,,5109874.0,37.08
GMRINFRA,EQ,10-Feb-2011,31.75,37.0,37.0,30.25,36.0,36.1,34.1,14428785,492072523.9,,5935420.0,41.14
GMRINFRA,EQ,09-Feb-2011,35.95,35.2,35.5,29.5,32.3,31.75,32.8,7743736,253962310.2,,3154541.0,40.74
GMRINFRA,EQ,08-Feb-2011,39.05,39.0,39.5,35.5,35.7,35.95,37.37,4350187,162547979.0,,1822826.0,41.90
GMRINFRA,EQ,07-Feb-2011,38.5,39.9,39.9,38.2,39.05,39.05,38.78,1692564,65638078.2,,770853.0,45.54
GMRINFRA,EQ,04-Feb-2011,39.6,43.0,43.0,38.15,38.6,38.5,38.98,2819107,109878981.15,,1211454.0,42.97
GMRINFRA,EQ,03-Feb-2011,38.25,32.0,39.95,30.8,39.35,39.6,38.61,3876062,149657274.55,,1805541.0,46.58
GMRINFRA,EQ,02-Feb-2011,38.6,39.0,39.1,37.8,38.4,38.25,38.71,2476170,95845738.2,,1285634.0,51.92
GMRINFRA,EQ,01-Feb-2011,39.4,39.4,39.9,38.05,38.3,38.6,39.1,3020756,118097546.3,,1574484.0,52.12
GMRINFRA,EQ,31-Jan-2011,39.45,38.9,39.6,38.05,39.6,39.4,39.18,2049138,80292952.85,,1049539.0,51.22
GMRINFRA,EQ,28-Jan-2011,40.1,40.4,40.4,38.9,39.8,39.45,39.53,3353546,132579956.5,,1785263.0,53.24
GMRINFRA,EQ,27-Jan-2011,40.5,41.0,41.1,39.4,40.8,40.1,40.09,8121687,325616382.85,,5684378.0,69.99
GMRINFRA,EQ,25-Jan-2011,41.2,41.0,41.5,40.4,40.55,40.5,40.89,2126865,86972341.35,,1064562.0,50.05
GMRINFRA,EQ,24-Jan-2011,41.55,41.2,41.95,40.9,41.2,41.2,41.2,1018851,41979113.7,,348332.0,34.19
GMRINFRA,EQ,21-Jan-2011,41.1,41.0,42.0,40.8,41.6,41.55,41.42,1764716,73092806.45,,570412.0,32.32
GMRINFRA,EQ,20-Jan-2011,40.95,40.5,41.2,40.45,41.1,41.1,40.87,1767440,72231278.2,,799589.0,45.24
GMRINFRA,EQ,19-Jan-2011,40.55,40.8,41.25,40.4,41.15,40.95,40.76,2006787,81802566.05,,917090.0,45.70
GMRINFRA,EQ,18-Jan-2011,40.3,40.5,41.0,40.05,40.9,40.55,40.46,2319629,93856688.6,,1321263.0,56.96
GMRINFRA,EQ,17-Jan-2011,40.4,40.85,41.25,39.65,40.45,40.3,40.61,4464126,181291806.9,,2280583.0,51.09
GMRINFRA,EQ,14-Jan-2011,41.05,41.05,41.75,39.7,40.1,40.4,40.93,3169984,129733847.4,,1268556.0,40.02
GMRINFRA,EQ,13-Jan-2011,41.0,41.05,41.8,40.5,41.0,41.05,41.19,3976563,163780556.05,,1776184.0,44.67
GMRINFRA,EQ,12-Jan-2011,40.1,40.6,41.2,39.55,41.1,41.0,40.31,5551646,223771851.05,,1766262.0,31.82
GMRINFRA,EQ,11-Jan-2011,42.8,42.8,43.5,39.2,40.55,40.1,41.15,5854204,240890724.25,,2282817.0,38.99
GMRINFRA,EQ,10-Jan-2011,44.05,44.25,44.5,42.2,42.75,42.8,43.53,3609329,157120945.35,,2018846.0,55.93
GMRINFRA,EQ,07-Jan-2011,45.65,45.65,45.65,44.0,44.05,44.05,44.64,2114638,94407815.8,,879762.0,41.60
GMRINFRA,EQ,06-Jan-2011,46.5,47.0,47.3,45.25,45.5,45.65,45.96,2261424,103943634.75,,962441.0,42.56
GMRINFRA,EQ,05-Jan-2011,46.9,47.0,47.6,46.3,46.5,46.5,47.01,3085522,145055502.1,,1238443.0,40.14
GMRINFRA,EQ,04-Jan-2011,47.05,47.3,47.5,46.4,46.95,46.9,46.92,3263821,153148454.85,,1295541.0,39.69
GMRINFRA,EQ,03-Jan-2011,45.9,46.5,47.35,46.15,47.05,47.05,46.84,4170058,195306884.35,,1893689.0,45.41
GMRINFRA,EQ,28-Dec-2012,18.45,18.45,18.95,18.3,18.9,18.8,18.74,6041607,113219400.45,7106.0,1620236.0,26.82
GMRINFRA,EQ,27-Dec-2012,18.75,18.65,18.85,18.35,18.55,18.45,18.59,15550487,289133506.55,8472.0,5739602.0,36.91
GMRINFRA,EQ,26-Dec-2012,18.55,18.8,18.85,18.55,18.75,18.75,18.77,7038145,132076916.85,7688.0,1539146.0,21.87
GMRINFRA,EQ,24-Dec-2012,18.45,18.5,18.7,18.3,18.6,18.55,18.53,6115348,113298915.0,9008.0,1016270.0,16.62
GMRINFRA,EQ,21-Dec-2012,19.0,19.1,19.25,18.3,18.4,18.45,18.81,9039118,169985042.5,14897.0,2418087.0,26.75
GMRINFRA,EQ,20-Dec-2012,18.6,19.05,19.15,18.6,19.1,19.0,18.87,9943971,187618863.25,11035.0,2368847.0,23.82
GMRINFRA,EQ,19-Dec-2012,18.5,18.5,18.8,18.45,18.55,18.6,18.61,7702045,143372865.6,9563.0,1646471.0,21.38
GMRINFRA,EQ,18-Dec-2012,18.4,18.3,18.75,18.2,18.6,18.5,18.51,9236084,170990796.55,10586.0,2308348.0,24.99
GMRINFRA,EQ,17-Dec-2012,18.3,18.35,18.75,18.3,18.4,18.4,18.46,6704609,123746344.75,9306.0,1745490.0,26.03
GMRINFRA,EQ,14-Dec-2012,18.2,18.45,18.45,18.15,18.25,18.3,18.3,5262270,96295136.75,7208.0,1580316.0,30.03
GMRINFRA,EQ,13-Dec-2012,18.45,18.9,18.9,18.1,18.1,18.2,18.53,10003215,185347456.9,14068.0,2384589.0,23.84
GMRINFRA,EQ,12-Dec-2012,18.6,18.6,18.75,18.3,18.45,18.45,18.46,9308414,171852714.75,13975.0,2019815.0,21.7
GMRINFRA,EQ,11-Dec-2012,19.25,19.25,19.55,18.4,18.6,18.6,18.9,12795431,241865039.25,17348.0,2913254.0,22.77
GMRINFRA,EQ,10-Dec-2012,19.2,19.25,19.6,19.15,19.25,19.25,19.34,9766353,188903416.65,12302.0,2183651.0,22.36
GMRINFRA,EQ,07-Dec-2012,19.8,19.5,19.8,19.0,19.15,19.2,19.33,16088273,311000604.5,20174.0,3684570.0,22.9
GMRINFRA,EQ,06-Dec-2012,20.05,20.3,20.35,19.2,19.8,19.8,19.79,24999542,494681482.15,30501.0,4532681.0,18.13
GMRINFRA,EQ,05-Dec-2012,19.25,19.45,20.2,19.25,20.05,20.05,19.89,20322337,404134033.8,27327.0,5255974.0,25.86
GMRINFRA,EQ,04-Dec-2012,19.6,19.2,19.7,19.0,19.2,19.25,19.32,14198316,274350919.9,20478.0,3612592.0,25.44
GMRINFRA,EQ,03-Dec-2012,18.6,18.9,19.8,18.5,19.7,19.6,19.31,35152655,678842447.95,38262.0,7267633.0,20.67
GMRINFRA,EQ,30-Nov-2012,17.7,17.75,19.15,17.55,18.75,18.6,18.58,81768251,1519591855.45,56339.0,48730454.0,59.6
GMRINFRA,EQ,29-Nov-2012,17.95,17.4,17.85,16.75,17.8,17.7,17.51,26392930,462191224.05,26840.0,6448017.0,24.43
GMRINFRA,EQ,27-Nov-2012,17.75,17.9,18.15,17.75,17.9,17.95,17.99,12402090,223102036.85,15596.0,4597015.0,37.07
GMRINFRA,EQ,26-Nov-2012,17.85,17.7,18.1,17.6,17.8,17.75,17.82,12385657,220661212.45,14168.0,4259078.0,34.39
GMRINFRA,EQ,23-Nov-2012,17.65,17.6,18.3,17.6,17.9,17.85,17.87,21959285,392507722.75,20940.0,7319995.0,33.33
GMRINFRA,EQ,22-Nov-2012,18.05,18.15,18.4,17.5,17.75,17.65,17.9,16400924,293565630.8,22042.0,6264991.0,38.2
GMRINFRA,EQ,21-Nov-2012,18.1,18.35,18.35,17.75,18.05,18.05,18.05,15967427,288153309.7,24766.0,5451653.0,34.14
GMRINFRA,EQ,20-Nov-2012,18.65,18.95,19.1,17.85,18.25,18.1,18.26,14355929,262141376.15,22713.0,5341805.0,37.21
GMRINFRA,EQ,19-Nov-2012,19.0,19.1,19.3,18.5,18.7,18.65,18.79,9266353,174113749.7,22237.0,4342521.0,46.86
GMRINFRA,EQ,16-Nov-2012,19.4,20.5,20.5,18.75,19.05,19.0,19.26,9897693,190661385.85,14522.0,3930016.0,39.71
GMRINFRA,EQ,15-Nov-2012,20.25,20.1,20.1,19.1,19.5,19.4,19.38,12000660,232526181.65,16590.0,4628485.0,38.57
GMRINFRA,EQ,13-Nov-2012,20.25,20.25,20.4,20.0,20.2,20.25,20.28,994244,20165972.4,2418.0,428066.0,43.05
GMRINFRA,EQ,12-Nov-2012,20.35,20.45,20.55,20.15,20.25,20.25,20.3,2767925,56198380.9,6478.0,721159.0,26.05
GMRINFRA,EQ,09-Nov-2012,20.8,21.05,21.2,20.25,20.3,20.35,20.62,5537642,114162938.95,11865.0,1641986.0,29.65
GMRINFRA,EQ,08-Nov-2012,21.35,21.0,21.25,20.55,20.85,20.8,20.87,7124247,148655844.95,15209.0,1457541.0,20.46
GMRINFRA,EQ,07-Nov-2012,20.3,20.55,21.55,20.0,21.35,21.35,21.08,7976976,168145570.7,16655.0,1949311.0,24.44
GMRINFRA,EQ,06-Nov-2012,20.2,20.2,20.5,20.0,20.25,20.3,20.24,3412285,69059133.95,5942.0,801418.0,23.49
GMRINFRA,EQ,05-Nov-2012,20.45,20.7,20.75,20.05,20.2,20.2,20.29,2935955,59563069.3,7377.0,738107.0,25.14
GMRINFRA,EQ,02-Nov-2012,20.35,20.5,20.95,20.2,20.4,20.45,20.61,6330264,130456383.45,14262.0,1819676.0,28.75
GMRINFRA,EQ,01-Nov-2012,20.05,20.15,20.55,19.8,20.25,20.35,20.28,4282977,86865632.6,12981.0,1340068.0,31.29
GMRINFRA,EQ,31-Oct-2012,20.15,20.0,20.45,19.65,20.05,20.05,19.96,4801750,95851786.25,13447.0,1363305.0,28.39
GMRINFRA,EQ,30-Oct-2012,20.45,20.75,20.8,19.9,20.15,20.15,20.31,6108649,124047347.8,11692.0,2617480.0,42.85
GMRINFRA,EQ,29-Oct-2012,20.0,20.2,20.65,20.15,20.4,20.45,20.41,4276627,87279968.35,10728.0,871403.0,20.38
GMRINFRA,EQ,26-Oct-2012,20.95,21.0,21.0,19.9,20.0,20.0,20.23,6431446,130111257.25,14736.0,2455658.0,38.18
GMRINFRA,EQ,25-Oct-2012,21.2,21.2,21.35,20.4,21.15,20.95,20.9,11900805,248690718.9,15496.0,4932803.0,41.45
GMRINFRA,EQ,23-Oct-2012,21.95,21.5,22.0,21.05,21.15,21.2,21.48,5008102,107549838.55,9771.0,1860797.0,37.16
GMRINFRA,EQ,22-Oct-2012,22.55,22.3,22.45,21.8,21.95,21.95,22.07,5283100,116573207.2,12197.0,1548528.0,29.31
GMRINFRA,EQ,19-Oct-2012,23.0,23.1,23.25,22.2,22.45,22.55,22.65,5259546,119105821.15,15181.0,1139118.0,21.66
GMRINFRA,EQ,18-Oct-2012,22.35,22.75,23.2,22.2,23.05,23.0,22.84,5562347,127043576.5,13907.0,1176348.0,21.15
GMRINFRA,EQ,17-Oct-2012,22.95,22.5,23.25,21.55,22.3,22.35,22.22,10617083,235862410.55,19710.0,1455631.0,13.71
GMRINFRA,EQ,16-Oct-2012,23.9,26.0,26.0,22.85,23.0,22.95,23.41,5375684,125849048.7,10622.0,1636892.0,30.45
GMRINFRA,EQ,15-Oct-2012,24.15,24.45,24.45,23.75,23.95,23.9,24.05,3497265,84105103.65,7785.0,755962.0,21.62
GMRINFRA,EQ,12-Oct-2012,24.05,23.2,25.8,23.2,24.1,24.15,24.17,8897921,215042637.2,17838.0,1473654.0,16.56
GMRINFRA,EQ,11-Oct-2012,23.3,23.5,24.35,22.5,24.1,24.05,23.45,20010932,469240993.1,30098.0,3387693.0,16.93
GMRINFRA,EQ,10-Oct-2012,25.55,25.4,25.4,23.05,23.2,23.3,23.96,15821857,379026767.95,23221.0,6012919.0,38.0
GMRINFRA,EQ,09-Oct-2012,25.85,25.85,26.35,25.4,25.5,25.55,25.8,5186045,133783298.85,11162.0,865123.0,16.68
GMRINFRA,EQ,08-Oct-2012,26.15,26.3,26.6,25.7,25.7,25.85,26.12,6156369,160811365.05,12813.0,1589432.0,25.82
GMRINFRA,EQ,05-Oct-2012,25.9,26.1,26.9,25.15,26.15,26.15,25.96,12420508,322426407.2,17003.0,3874405.0,31.19
GMRINFRA,EQ,04-Oct-2012,25.4,25.45,27.0,25.15,26.1,25.9,26.17,19840825,519154747.4,28210.0,5605006.0,28.25
GMRINFRA,EQ,03-Oct-2012,24.8,24.8,25.7,24.65,25.05,25.4,25.34,9605743,243400754.25,20047.0,2433739.0,25.34
GMRINFRA,EQ,01-Oct-2012,24.8,24.7,25.0,24.05,24.85,24.8,24.59,4945160,121622383.6,12499.0,865863.0,17.51
GMRINFRA,EQ,28-Sep-2012,24.1,24.4,25.4,24.4,24.9,24.8,25.02,12926657,323428261.65,22620.0,5939256.0,45.95
GMRINFRA,EQ,27-Sep-2012,24.1,24.25,24.8,24.0,24.1,24.1,24.32,11074036,269344332.75,17889.0,5236505.0,47.29
GMRINFRA,EQ,26-Sep-2012,24.6,24.6,25.05,23.65,24.15,24.1,24.33,8387126,204066292.55,17544.0,2124299.0,25.33
GMRINFRA,EQ,25-Sep-2012,24.65,24.9,25.4,23.95,24.65,24.6,24.56,8573263,210559632.8,16556.0,1881453.0,21.95
GMRINFRA,EQ,24-Sep-2012,25.05,25.95,26.4,24.3,24.8,24.65,25.14,18287619,459728546.1,28333.0,6340906.0,34.67
GMRINFRA,EQ,21-Sep-2012,22.55,22.65,25.25,22.65,25.15,25.05,24.34,18738039,456038944.95,33675.0,6656504.0,35.52
GMRINFRA,EQ,20-Sep-2012,23.85,23.55,23.55,22.4,22.4,22.55,22.75,6711628,152712424.0,15407.0,1786340.0,26.62
GMRINFRA,EQ,18-Sep-2012,23.7,23.7,24.3,23.4,23.95,23.85,23.83,11693834,278609200.0,18239.0,3851702.0,32.94
GMRINFRA,EQ,17-Sep-2012,21.1,21.1,24.1,21.0,23.65,23.7,23.43,16910286,396161550.05,27989.0,4783276.0,28.29
GMRINFRA,EQ,14-Sep-2012,19.95,20.5,21.25,19.95,21.1,21.1,20.8,7621093,158523073.45,15387.0,3540097.0,46.45
GMRINFRA,EQ,13-Sep-2012,20.3,20.3,20.3,19.75,19.75,19.95,20.0,2824869,56483514.85,8179.0,1029144.0,36.43
GMRINFRA,EQ,12-Sep-2012,19.95,20.0,20.35,19.8,20.3,20.3,20.13,3517091,70790050.0,10121.0,891411.0,25.35
GMRINFRA,EQ,11-Sep-2012,19.55,19.3,20.1,19.25,19.95,19.95,19.77,3920191,77512490.7,9463.0,1672224.0,42.66
GMRINFRA,EQ,10-Sep-2012,19.65,19.7,20.05,19.5,19.5,19.55,19.71,2047732,40353427.2,6410.0,534720.0,26.11
GMRINFRA,EQ,08-Sep-2012,19.65,19.6,19.8,19.55,19.7,19.65,19.64,198268,3893242.8,1201.0,78500.0,39.59
GMRINFRA,EQ,07-Sep-2012,19.3,19.7,19.95,19.3,19.65,19.65,19.56,4168385,81552359.95,8893.0,1405521.0,33.72
GMRINFRA,EQ,06-Sep-2012,19.55,18.7,19.7,17.5,19.25,19.3,19.4,3331177,64636047.45,11548.0,528566.0,15.87
GMRINFRA,EQ,05-Sep-2012,19.0,19.1,19.8,18.8,19.6,19.55,19.37,6335726,122716052.65,19605.0,1441356.0,22.75
GMRINFRA,EQ,04-Sep-2012,18.6,18.55,19.3,18.3,19.3,19.0,18.77,7004262,131449672.15,12839.0,2970536.0,42.41
GMRINFRA,EQ,03-Sep-2012,18.2,18.2,18.8,18.1,18.7,18.6,18.48,5139929,94986001.0,11573.0,1447759.0,28.17
GMRINFRA,EQ,31-Aug-2012,19.2,19.4,19.75,17.65,18.2,18.2,18.31,15697673,287393181.2,27613.0,6415361.0,40.87
GMRINFRA,EQ,30-Aug-2012,18.35,18.4,20.05,18.1,20.0,19.2,19.01,11174068,212450393.5,13356.0,4851580.0,43.42
GMRINFRA,EQ,29-Aug-2012,18.55,18.95,18.95,17.95,18.4,18.35,18.33,9874589,181024295.1,20833.0,3541181.0,35.86
GMRINFRA,EQ,28-Aug-2012,18.3,18.45,18.85,17.75,18.7,18.55,18.24,11160407,203605802.05,28641.0,4444739.0,39.83
GMRINFRA,EQ,27-Aug-2012,19.4,19.15,19.5,17.95,18.4,18.3,18.7,8334532,155828677.6,17087.0,4046855.0,48.56
GMRINFRA,EQ,24-Aug-2012,19.8,19.55,19.75,19.0,19.55,19.4,19.33,6663322,128795444.4,16979.0,2049821.0,30.76
GMRINFRA,EQ,23-Aug-2012,20.2,20.25,20.45,19.6,19.85,19.8,19.97,7418722,148146095.7,14892.0,2811066.0,37.89
GMRINFRA,EQ,22-Aug-2012,20.55,20.55,20.65,20.1,20.15,20.2,20.36,2899766,59036640.9,10027.0,1075258.0,37.08
GMRINFRA,EQ,21-Aug-2012,20.55,20.4,20.75,20.2,20.5,20.55,20.51,6025981,123595543.4,16069.0,2180222.0,36.18
GMRINFRA,EQ,17-Aug-2012,21.2,21.15,21.5,20.3,20.45,20.55,20.78,9245218,192115533.75,18992.0,2537596.0,27.45
GMRINFRA,EQ,16-Aug-2012,21.6,21.7,21.7,21.1,21.2,21.2,21.31,4653486,99162499.5,15019.0,1800701.0,38.7
GMRINFRA,EQ,14-Aug-2012,21.45,21.8,21.8,21.15,21.6,21.6,21.52,5311198,114291901.5,10390.0,2124773.0,40.01
GMRINFRA,EQ,13-Aug-2012,21.55,21.9,22.05,21.1,21.5,21.45,21.44,6011208,128878670.0,12305.0,2748780.0,45.73
GMRINFRA,EQ,10-Aug-2012,22.3,22.3,22.3,21.3,21.6,21.55,21.67,8043436,174289272.5,18954.0,2424181.0,30.14
GMRINFRA,EQ,09-Aug-2012,22.4,22.25,22.45,21.7,22.25,22.3,22.12,6491786,143586357.1,12458.0,1763946.0,27.17
GMRINFRA,EQ,08-Aug-2012,23.15,23.2,23.35,22.35,22.5,22.4,22.73,4500142,102268128.6,11781.0,1280544.0,28.46
GMRINFRA,EQ,07-Aug-2012,23.1,23.6,23.6,23.0,23.0,23.15,23.28,3337334,77689085.35,9893.0,903075.0,27.06
GMRINFRA,EQ,06-Aug-2012,22.9,23.3,23.5,23.0,23.1,23.1,23.23,3949245,91735408.35,8775.0,1316003.0,33.32
GMRINFRA,EQ,03-Aug-2012,23.3,23.3,23.3,22.1,22.95,22.9,22.95,3784016,86859042.5,10600.0,907394.0,23.98
GMRINFRA,EQ,02-Aug-2012,23.35,23.2,23.9,23.2,23.25,23.3,23.42,3878047,90833047.65,9908.0,1363586.0,35.16
GMRINFRA,EQ,01-Aug-2012,23.25,23.15,23.75,22.9,23.25,23.35,23.4,3150027,73697925.15,9330.0,487128.0,15.46
GMRINFRA,EQ,31-Jul-2012,24.05,24.1,24.25,22.95,23.35,23.25,23.33,6086801,141978605.25,15061.0,1779947.0,29.24
GMRINFRA,EQ,30-Jul-2012,22.4,22.65,24.25,22.55,24.1,24.05,23.54,6394157,150522261.6,17502.0,2482099.0,38.82
GMRINFRA,EQ,27-Jul-2012,23.0,23.35,23.8,22.35,22.45,22.4,23.14,4422604,102317338.35,11042.0,1930846.0,43.66
GMRINFRA,EQ,26-Jul-2012,23.45,23.55,23.7,22.85,22.9,23.0,23.3,4194820,97749821.9,7323.0,2023020.0,48.23
GMRINFRA,EQ,25-Jul-2012,24.0,23.5,23.85,23.3,23.45,23.45,23.53,3680577,86615606.2,6732.0,1896378.0,51.52
GMRINFRA,EQ,24-Jul-2012,23.35,23.4,24.3,23.4,24.05,24.0,23.85,6813961,162536172.0,12022.0,3768370.0,55.3
GMRINFRA,EQ,23-Jul-2012,24.4,24.3,24.3,23.15,23.35,23.35,23.53,6187248,145607410.1,11777.0,2663313.0,43.05
GMRINFRA,EQ,20-Jul-2012,24.95,24.6,24.85,24.3,24.35,24.4,24.57,3717089,91312817.3,9573.0,1211383.0,32.59
GMRINFRA,EQ,19-Jul-2012,23.9,24.2,25.05,24.05,24.95,24.95,24.64,9533070,234938545.65,22046.0,3652218.0,38.31
GMRINFRA,EQ,18-Jul-2012,22.75,23.1,24.15,22.35,23.95,23.9,23.25,12794699,297520787.35,24895.0,4213418.0,32.93
GMRINFRA,EQ,17-Jul-2012,23.75,24.0,24.3,22.6,22.7,22.75,23.39,9035026,211341853.75,23413.0,3910380.0,43.28
GMRINFRA,EQ,16-Jul-2012,24.5,24.75,24.75,23.6,23.65,23.75,24.09,5176091,124673014.15,16647.0,1600528.0,30.92
GMRINFRA,EQ,13-Jul-2012,25.45,25.45,25.65,24.4,24.5,24.5,24.82,6007319,149097793.85,14320.0,2440121.0,40.62
GMRINFRA,EQ,12-Jul-2012,25.1,25.0,25.7,24.5,25.4,25.45,24.95,6954180,173495983.05,18967.0,2460424.0,35.38
GMRINFRA,EQ,11-Jul-2012,25.55,25.75,25.8,25.0,25.1,25.1,25.33,4440106,112465567.45,11162.0,1261805.0,28.42
GMRINFRA,EQ,10-Jul-2012,24.8,24.7,25.9,24.55,25.45,25.55,25.39,6962204,176741095.45,13238.0,2709746.0,38.92
GMRINFRA,EQ,09-Jul-2012,26.3,25.65,25.7,24.45,24.85,24.8,24.87,9256208,230233630.05,23460.0,3006490.0,32.48
GMRINFRA,EQ,06-Jul-2012,26.85,26.95,27.25,26.1,26.2,26.3,26.49,5031109,133270583.8,12324.0,1782082.0,35.42
GMRINFRA,EQ,05-Jul-2012,25.85,25.8,27.1,25.5,27.0,26.85,26.39,7769902,205045953.8,15868.0,3272683.0,42.12
GMRINFRA,EQ,04-Jul-2012,25.15,25.0,26.25,24.85,25.85,25.85,25.5,7511707,191574564.8,18891.0,1990187.0,26.49
GMRINFRA,EQ,03-Jul-2012,25.65,25.8,26.3,24.35,25.15,25.15,25.28,12903139,326149200.5,31643.0,3994838.0,30.96
GMRINFRA,EQ,02-Jul-2012,25.1,25.5,25.85,24.9,25.6,25.65,25.51,8007827,204278375.65,17215.0,2921015.0,36.48
GMRINFRA,EQ,29-Jun-2012,23.1,23.25,25.4,23.0,25.1,25.1,24.51,18165548,445282639.85,33982.0,9590678.0,52.8
GMRINFRA,EQ,28-Jun-2012,22.45,22.35,23.45,22.3,22.85,23.1,22.88,5769773,132023716.8,9148.0,3108870.0,53.88
GMRINFRA,EQ,27-Jun-2012,22.3,22.5,22.65,22.3,22.45,22.45,22.44,2736587,61406089.9,8993.0,1053697.0,38.5
GMRINFRA,EQ,26-Jun-2012,22.65,22.7,22.95,22.25,22.3,22.3,22.46,4353486,97788017.6,12867.0,1646889.0,37.83
GMRINFRA,EQ,25-Jun-2012,22.7,22.9,23.45,22.45,22.6,22.65,23.02,6790033,156319793.25,16015.0,1915219.0,28.21
GMRINFRA,EQ,22-Jun-2012,22.75,22.2,22.85,22.2,22.65,22.7,22.57,5863537,132314457.3,15822.0,1779333.0,30.35
GMRINFRA,EQ,21-Jun-2012,22.55,22.1,22.95,22.05,22.8,22.75,22.51,6213284,139865413.05,20265.0,1808019.0,29.1
GMRINFRA,EQ,20-Jun-2012,22.25,22.5,22.9,22.15,22.45,22.55,22.57,4685169,105724558.2,12866.0,1040842.0,22.22
GMRINFRA,EQ,19-Jun-2012,22.45,22.5,22.8,22.1,22.25,22.25,22.35,5933961,132633062.6,19751.0,1564589.0,26.37
GMRINFRA,EQ,18-Jun-2012,22.35,22.8,23.5,21.9,22.75,22.45,22.62,11426867,258467159.5,34199.0,3435241.0,30.06
GMRINFRA,EQ,15-Jun-2012,21.6,21.75,22.6,21.7,22.5,22.35,22.17,6650562,147436895.6,17838.0,2382796.0,35.83
GMRINFRA,EQ,14-Jun-2012,22.7,22.85,22.9,21.45,21.65,21.6,22.17,5862811,129978178.4,19978.0,1733896.0,29.57
GMRINFRA,EQ,13-Jun-2012,22.65,22.75,23.15,22.4,22.8,22.7,22.78,6715186,152995763.05,18361.0,1687143.0,25.12
GMRINFRA,EQ,12-Jun-2012,21.65,21.55,22.85,21.15,22.6,22.65,22.0,9532997,209679646.05,27837.0,2520823.0,26.44
GMRINFRA,EQ,11-Jun-2012,21.9,22.2,23.25,21.3,21.4,21.65,22.5,14525624,326754117.8,28289.0,4124148.0,28.39
GMRINFRA,EQ,08-Jun-2012,21.75,21.5,22.15,21.05,22.1,21.9,21.52,6029137,129751100.35,16567.0,1394575.0,23.13
GMRINFRA,EQ,07-Jun-2012,21.6,21.8,22.1,21.45,21.7,21.75,21.86,9688575,211779633.65,19106.0,2378149.0,24.55
GMRINFRA,EQ,06-Jun-2012,19.35,19.5,21.85,19.4,21.45,21.6,20.8,15589239,324224681.55,27273.0,5038568.0,32.32
GMRINFRA,EQ,05-Jun-2012,19.65,19.75,19.95,19.2,19.45,19.35,19.56,6198177,121263199.05,11531.0,2839859.0,45.82
GMRINFRA,EQ,04-Jun-2012,20.0,20.0,20.0,19.35,19.6,19.65,19.59,4017747,78701370.65,15125.0,1876691.0,46.71
GMRINFRA,EQ,01-Jun-2012,20.6,20.6,20.6,19.8,20.1,20.0,20.04,4133771,82853397.35,7674.0,1544827.0,37.37
GMRINFRA,EQ,31-May-2012,20.0,19.85,20.85,19.55,20.6,20.6,20.26,7309181,148090363.7,16594.0,2095901.0,28.67
GMRINFRA,EQ,30-May-2012,20.7,20.5,20.55,19.35,20.25,20.0,20.05,7772554,155809416.2,15235.0,4324647.0,55.64
GMRINFRA,EQ,29-May-2012,20.65,20.95,21.2,20.5,20.6,20.7,20.95,4344174,91011330.2,14110.0,1136583.0,26.16
GMRINFRA,EQ,28-May-2012,20.45,20.35,20.8,20.3,20.65,20.65,20.57,2188387,45012185.55,10870.0,654975.0,29.93
GMRINFRA,EQ,25-May-2012,20.2,20.25,20.7,20.05,20.35,20.45,20.42,4279764,87389515.1,13822.0,788224.0,18.42
GMRINFRA,EQ,24-May-2012,20.35,20.25,20.6,19.8,20.15,20.2,20.08,3503127,70351346.35,11375.0,638383.0,18.22
GMRINFRA,EQ,23-May-2012,19.55,19.15,20.75,18.6,20.4,20.35,19.78,11817468,233715706.5,21953.0,3551269.0,30.05
GMRINFRA,EQ,22-May-2012,19.8,19.95,20.15,19.4,19.5,19.55,19.8,9931779,196606323.0,21414.0,4456921.0,44.88
GMRINFRA,EQ,21-May-2012,19.45,19.6,20.15,19.4,19.5,19.8,19.86,8899444,176740654.2,18398.0,3880687.0,43.61
GMRINFRA,EQ,18-May-2012,19.75,19.5,19.6,18.55,19.55,19.45,19.17,9626325,184551809.65,20522.0,3522820.0,36.6
GMRINFRA,EQ,17-May-2012,19.85,20.05,20.6,19.5,19.7,19.75,20.13,6255466,125903760.45,19346.0,1785613.0,28.54
GMRINFRA,EQ,16-May-2012,20.75,20.4,20.5,19.5,19.7,19.85,19.94,9581901,191078745.25,23432.0,3123412.0,32.6
GMRINFRA,EQ,15-May-2012,20.1,20.15,20.9,19.55,20.8,20.75,20.23,9380163,189785312.45,19837.0,3180938.0,33.91
GMRINFRA,EQ,14-May-2012,21.0,21.0,21.15,19.9,20.15,20.1,20.31,7291036,148080418.3,23643.0,3331125.0,45.69
GMRINFRA,EQ,11-May-2012,21.8,21.8,21.9,20.55,20.8,21.0,21.0,10741281,225616014.65,23478.0,3502092.0,32.6
GMRINFRA,EQ,10-May-2012,22.5,22.5,22.95,21.4,21.95,21.8,22.14,10518183,232877599.25,28139.0,3760744.0,35.75
GMRINFRA,EQ,09-May-2012,24.2,24.3,24.3,22.3,22.45,22.5,23.18,6626359,153583336.35,25363.0,1909832.0,28.82
GMRINFRA,EQ,08-May-2012,25.95,26.0,26.15,23.75,23.85,24.2,25.2,3935253,99178184.0,17583.0,1234190.0,31.36
GMRINFRA,EQ,07-May-2012,25.65,25.5,26.2,24.6,26.0,25.95,25.14,3811106,95797685.1,16551.0,1074666.0,28.2
GMRINFRA,EQ,04-May-2012,26.85,26.2,26.75,25.5,25.55,25.65,25.99,3179672,82638054.5,14435.0,827793.0,26.03
GMRINFRA,EQ,03-May-2012,27.2,27.0,27.2,26.3,26.7,26.85,26.75,5462762,146146784.5,15172.0,1828375.0,33.47
GMRINFRA,EQ,02-May-2012,26.65,26.85,27.95,26.85,27.15,27.2,27.35,4293793,117430846.55,9669.0,1304185.0,30.37
GMRINFRA,EQ,30-Apr-2012,27.7,27.95,28.25,25.8,26.9,26.65,27.24,6445463,175568250.85,20129.0,3377108.0,52.4
GMRINFRA,EQ,28-Apr-2012,27.45,27.9,27.95,27.3,27.95,27.7,27.63,407335,11256295.85,1577.0,132684.0,32.57
GMRINFRA,EQ,27-Apr-2012,26.6,26.95,27.65,26.35,27.55,27.45,27.09,6914929,187358130.5,15529.0,2529347.0,36.58
GMRINFRA,EQ,26-Apr-2012,28.45,28.6,28.7,26.4,26.5,26.6,27.35,8539479,233535716.85,31146.0,3877484.0,45.41
GMRINFRA,EQ,25-Apr-2012,28.2,28.2,29.05,27.5,28.45,28.45,28.36,8488240,240731625.75,21079.0,2838049.0,33.44
GMRINFRA,EQ,24-Apr-2012,28.25,28.3,28.45,27.45,28.1,28.2,27.98,4280778,119780349.95,14916.0,1663458.0,38.86
GMRINFRA,EQ,23-Apr-2012,28.75,28.95,28.95,27.3,28.0,28.25,28.25,6630231,187304404.7,16451.0,3192666.0,48.15
GMRINFRA,EQ,20-Apr-2012,29.35,29.3,29.45,28.5,28.75,28.75,28.9,4929812,142488710.45,13438.0,2062758.0,41.84
GMRINFRA,EQ,19-Apr-2012,30.15,30.65,30.65,29.05,29.6,29.35,29.74,5814985,172931125.65,17300.0,1302706.0,22.4
GMRINFRA,EQ,18-Apr-2012,29.85,30.0,31.75,29.85,30.15,30.15,30.7,15108163,463843614.45,24246.0,8225669.0,54.45
GMRINFRA,EQ,17-Apr-2012,29.05,29.25,29.95,28.5,29.85,29.85,29.3,4000967,117221863.6,10577.0,1607379.0,40.17
GMRINFRA,EQ,16-Apr-2012,28.7,28.6,29.35,28.05,29.35,29.05,28.72,2507959,72033488.3,9531.0,642084.0,25.6
GMRINFRA,EQ,13-Apr-2012,29.2,29.6,29.9,28.0,28.2,28.7,29.2,4358013,127246727.5,9144.0,2180268.0,50.03
GMRINFRA,EQ,12-Apr-2012,28.95,29.3,29.9,29.0,29.25,29.2,29.34,2755036,80840188.2,9402.0,1022078.0,37.1
GMRINFRA,EQ,11-Apr-2012,28.85,28.7,29.25,28.3,29.0,28.95,28.82,3747802,108028369.7,12641.0,1290643.0,34.44
GMRINFRA,EQ,10-Apr-2012,28.95,29.0,29.3,28.1,28.9,28.85,28.88,5239206,151296907.75,12269.0,2200967.0,42.01
GMRINFRA,EQ,09-Apr-2012,30.25,29.25,30.2,28.65,29.05,28.95,29.23,4051242,118432848.25,12369.0,1766670.0,43.61
GMRINFRA,EQ,04-Apr-2012,31.2,31.2,31.2,29.85,30.2,30.25,30.42,2994107,91089857.05,10311.0,969392.0,32.38
GMRINFRA,EQ,03-Apr-2012,31.2,31.25,31.6,30.85,31.25,31.2,31.27,5628867,175995763.85,11620.0,3435313.0,61.03
GMRINFRA,EQ,02-Apr-2012,31.05,31.15,31.75,30.95,31.25,31.2,31.3,5209800,163084573.0,15264.0,2802680.0,53.8
GMRINFRA,EQ,30-Mar-2012,30.75,30.9,31.2,30.35,31.0,31.05,30.94,5758949,178195151.05,12688.0,2827397.0,49.1
GMRINFRA,EQ,29-Mar-2012,30.75,30.5,31.7,30.0,30.35,30.75,30.61,14440316,442023780.95,25207.0,5287461.0,36.62
GMRINFRA,EQ,28-Mar-2012,30.95,30.15,31.45,30.1,30.9,30.75,30.88,16984268,524471942.45,27011.0,10801361.0,63.6
GMRINFRA,EQ,27-Mar-2012,29.5,30.0,31.1,29.85,30.9,30.95,30.39,11014406,334712849.95,28711.0,5499850.0,49.93
GMRINFRA,EQ,26-Mar-2012,29.35,29.0,30.25,28.8,29.45,29.5,29.57,9493955,280729679.75,27956.0,3282322.0,34.57
GMRINFRA,EQ,23-Mar-2012,29.2,29.4,29.75,28.6,29.35,29.35,29.22,6380659,186429521.25,25545.0,1044030.0,16.36
GMRINFRA,EQ,22-Mar-2012,30.95,30.9,31.45,28.8,29.4,29.2,30.35,13877286,421182478.25,32335.0,5195056.0,37.44
GMRINFRA,EQ,21-Mar-2012,30.25,30.3,31.05,30.0,31.0,30.95,30.73,7836342,240773475.15,25927.0,2834695.0,36.17
GMRINFRA,EQ,20-Mar-2012,29.65,29.6,30.8,29.4,30.3,30.25,30.05,6490721,195039535.5,22734.0,2022379.0,31.16
GMRINFRA,EQ,19-Mar-2012,29.65,29.15,30.5,28.85,29.7,29.65,29.83,10869690,324217471.9,23571.0,2509091.0,23.08
GMRINFRA,EQ,16-Mar-2012,30.8,30.0,32.2,29.05,29.55,29.65,31.03,17647911,547612340.0,40688.0,4787323.0,27.13
GMRINFRA,EQ,15-Mar-2012,33.0,33.0,33.0,30.4,30.9,30.8,31.31,12397408,388155160.3,38997.0,3991679.0,32.2
GMRINFRA,EQ,14-Mar-2012,33.0,33.7,34.5,31.9,32.9,33.0,32.81,27257734,894190993.8,47968.0,11182765.0,41.03
GMRINFRA,EQ,13-Mar-2012,29.4,29.95,33.55,29.45,32.95,33.0,31.92,22839617,729017153.85,53369.0,6515936.0,28.53
GMRINFRA,EQ,12-Mar-2012,28.1,28.9,29.85,28.15,29.65,29.4,28.82,6664416,192052620.95,20983.0,2958099.0,44.39
GMRINFRA,EQ,09-Mar-2012,26.9,27.15,28.4,27.1,28.4,28.1,27.66,4545683,125718965.15,14108.0,1216669.0,26.77
GMRINFRA,EQ,07-Mar-2012,26.8,26.4,27.2,26.0,26.9,26.9,26.51,4988157,132227098.2,15805.0,1434061.0,28.75
GMRINFRA,EQ,06-Mar-2012,27.85,27.6,28.6,26.55,26.6,26.8,27.63,6311350,174391085.9,18746.0,2228328.0,35.31
GMRINFRA,EQ,05-Mar-2012,28.85,28.85,28.95,27.5,27.75,27.85,28.06,3711337,104128165.2,14606.0,1069111.0,28.81
GMRINFRA,EQ,03-Mar-2012,28.55,29.0,29.45,28.45,29.0,28.85,28.76,873405,25119265.15,2719.0,225037.0,25.77
GMRINFRA,EQ,02-Mar-2012,28.35,29.35,29.65,28.4,28.4,28.55,28.86,11447939,330412270.4,28825.0,3291561.0,28.75
GMRINFRA,EQ,01-Mar-2012,28.55,28.0,29.15,27.8,28.25,28.35,28.42,5363011,152406892.6,16405.0,1532185.0,28.57
GMRINFRA,EQ,29-Feb-2012,27.75,29.0,29.0,27.6,28.8,28.55,28.4,7084009,201191089.65,19419.0,2373488.0,33.5
GMRINFRA,EQ,28-Feb-2012,25.9,26.0,28.15,25.9,28.0,27.75,27.05,6800315,183918187.5,19464.0,2135256.0,31.4
GMRINFRA,EQ,27-Feb-2012,27.35,27.35,27.8,25.55,25.65,25.9,26.49,7945728,210500591.5,15704.0,4275719.0,53.81
GMRINFRA,EQ,24-Feb-2012,27.45,27.5,28.3,27.0,27.35,27.35,27.61,5395324,148977839.9,18579.0,1418744.0,26.3
GMRINFRA,EQ,23-Feb-2012,28.85,28.1,29.9,26.75,27.65,27.45,27.81,11924111,331570865.15,28001.0,4033712.0,33.83
GMRINFRA,EQ,22-Feb-2012,32.6,32.85,33.1,28.25,28.75,28.85,30.67,8277688,253889214.75,23156.0,3375002.0,40.77
GMRINFRA,EQ,21-Feb-2012,32.75,32.6,33.25,32.25,32.5,32.6,32.73,6241668,204267171.8,19296.0,2207036.0,35.36
GMRINFRA,EQ,17-Feb-2012,32.25,32.5,33.5,31.6,32.65,32.75,32.91,12484600,410919059.2,30502.0,5136255.0,41.14
GMRINFRA,EQ,16-Feb-2012,31.95,32.0,33.2,31.45,32.35,32.25,32.45,7905058,256499228.95,19169.0,1799349.0,22.76
GMRINFRA,EQ,15-Feb-2012,32.0,32.5,32.9,30.85,32.0,31.95,31.98,12024584,384578421.85,28158.0,3624100.0,30.14
GMRINFRA,EQ,14-Feb-2012,29.65,29.9,32.4,29.6,32.1,32.0,31.18,11378803,354787747.25,27250.0,3415331.0,30.01
GMRINFRA,EQ,13-Feb-2012,29.85,29.95,30.35,29.3,29.6,29.65,29.81,3570061,106410166.85,14118.0,814066.0,22.8
GMRINFRA,EQ,10-Feb-2012,30.95,30.8,32.05,29.4,29.75,29.85,30.73,9428285,289695489.45,24261.0,2846599.0,30.19
GMRINFRA,EQ,09-Feb-2012,31.15,30.5,31.25,30.1,30.8,30.95,30.75,6100249,187564605.3,14249.0,1644749.0,26.96
GMRINFRA,EQ,08-Feb-2012,29.0,25.2,31.65,25.2,31.25,31.15,30.45,22018114,670369876.0,41647.0,4765236.0,21.64
GMRINFRA,EQ,07-Feb-2012,30.0,30.2,30.6,28.7,29.1,29.0,29.77,6160612,183391672.45,15740.0,2290503.0,37.18
GMRINFRA,EQ,06-Feb-2012,29.7,30.0,30.9,29.3,30.0,30.0,30.12,5637593,169777571.65,14986.0,1980682.0,35.13
GMRINFRA,EQ,03-Feb-2012,30.05,30.4,30.4,29.55,29.65,29.7,29.76,5708941,169899934.35,11102.0,2939114.0,51.48
GMRINFRA,EQ,02-Feb-2012,30.25,30.55,31.2,29.15,30.1,30.05,30.38,11837944,359634615.4,23627.0,5231560.0,44.19
GMRINFRA,EQ,01-Feb-2012,29.3,29.3,30.75,29.1,30.2,30.25,30.08,12498106,375919699.8,26255.0,5666029.0,45.34
GMRINFRA,EQ,31-Jan-2012,28.1,28.1,29.45,27.5,29.3,29.3,28.62,6006232,171902735.4,19215.0,1723473.0,28.69
GMRINFRA,EQ,30-Jan-2012,29.7,29.0,29.5,27.8,28.05,28.1,28.56,5521202,157664569.2,15755.0,1908941.0,34.57
GMRINFRA,EQ,27-Jan-2012,30.35,31.0,31.3,29.35,29.6,29.7,30.01,6970620,209209215.1,18529.0,3053131.0,43.8
GMRINFRA,EQ,25-Jan-2012,28.95,29.5,30.6,29.2,30.4,30.35,30.14,12803687,385964643.4,24591.0,6140066.0,47.96
GMRINFRA,EQ,24-Jan-2012,27.4,27.55,29.65,27.4,28.9,28.95,28.72,20640478,592806635.1,23978.0,10248452.0,49.65
GMRINFRA,EQ,23-Jan-2012,27.3,27.2,28.15,26.95,27.3,27.4,27.58,4716152,130081592.0,11492.0,1705847.0,36.17
GMRINFRA,EQ,20-Jan-2012,27.7,28.0,28.1,26.6,27.45,27.3,27.41,5432965,148896765.45,13354.0,1939653.0,35.7
GMRINFRA,EQ,19-Jan-2012,27.05,27.65,28.4,27.3,27.7,27.7,27.82,5578957,155190448.35,17720.0,2692762.0,48.27
GMRINFRA,EQ,18-Jan-2012,28.15,28.0,28.4,26.9,27.0,27.05,27.34,5691941,155625880.55,16556.0,2278509.0,40.03
GMRINFRA,EQ,17-Jan-2012,28.75,28.25,29.5,28.0,28.2,28.15,28.77,5392071,155135953.55,16572.0,1761456.0,32.67
GMRINFRA,EQ,16-Jan-2012,29.4,29.1,29.55,27.65,28.6,28.75,28.4,6472442,183810300.3,18168.0,1374908.0,21.24
GMRINFRA,EQ,13-Jan-2012,27.65,27.6,29.75,27.6,29.45,29.4,28.77,8188868,235628721.2,26659.0,2218502.0,27.09
GMRINFRA,EQ,12-Jan-2012,26.2,26.3,28.25,25.8,28.05,27.65,27.46,9288799,255101928.65,24510.0,2267109.0,24.41
GMRINFRA,EQ,11-Jan-2012,25.6,25.5,26.45,25.0,26.2,26.2,26.01,6604212,171792473.75,15733.0,2334238.0,35.34
GMRINFRA,EQ,10-Jan-2012,24.75,25.4,25.9,24.85,25.55,25.6,25.54,8763139,223815139.8,23935.0,3436899.0,39.22
GMRINFRA,EQ,09-Jan-2012,22.75,23.05,24.95,22.9,24.6,24.75,24.0,7007597,168186492.95,22889.0,1875424.0,26.76
GMRINFRA,EQ,07-Jan-2012,22.55,22.5,22.8,22.5,22.8,22.75,22.68,189931,4308481.45,640.0,70437.0,37.09
GMRINFRA,EQ,06-Jan-2012,23.0,22.25,22.9,22.1,22.55,22.55,22.5,2629246,59150570.8,9508.0,634236.0,24.12
GMRINFRA,EQ,05-Jan-2012,22.65,22.7,23.4,22.25,23.0,23.0,22.75,4885435,111133874.1,13271.0,1540433.0,31.53
GMRINFRA,EQ,04-Jan-2012,22.1,22.25,22.9,21.5,22.4,22.65,22.35,6382827,142630435.1,16722.0,1639866.0,25.69
GMRINFRA,EQ,03-Jan-2012,20.25,20.5,22.5,20.0,22.25,22.1,21.37,5546299,118519961.5,14446.0,1885918.0,34.0
GMRINFRA,EQ,02-Jan-2012,21.0,22.0,22.1,19.85,20.1,20.25,20.62,4752036,97994503.35,13009.0,1589308.0,33.44
GMRINFRA,EQ,30-Dec-2013,24.55,24.6,24.75,24.15,24.3,24.35,24.45,3100091,75783736.55,6913.0,1051789.0,33.93
GMRINFRA,EQ,27-Dec-2013,24.45,24.45,24.9,24.35,24.65,24.55,24.64,7135678,175822351.5,9571.0,2128782.0,29.83
GMRINFRA,EQ,26-Dec-2013,23.9,24.15,24.9,24.0,24.35,24.45,24.5,14206129,348020310.1,19549.0,3711808.0,26.13
GMRINFRA,EQ,24-Dec-2013,23.8,25.0,25.0,23.8,24.05,23.9,24.34,15240569,371024198.55,27814.0,4531076.0,29.73
GMRINFRA,EQ,23-Dec-2013,23.05,23.2,24.35,23.15,24.0,23.8,23.63,15182070,358715685.75,23252.0,5522294.0,36.37
GMRINFRA,EQ,20-Dec-2013,21.5,21.6,23.3,21.5,23.0,23.05,22.39,11235472,251558045.45,21336.0,4494044.0,40.0
GMRINFRA,EQ,19-Dec-2013,21.5,21.95,21.95,21.25,21.6,21.5,21.58,4276652,92290590.8,8104.0,2036602.0,47.62
GMRINFRA,EQ,18-Dec-2013,21.4,21.15,21.8,21.15,21.5,21.5,21.6,2952164,63765100.95,7455.0,1136542.0,38.5
GMRINFRA,EQ,17-Dec-2013,21.45,21.35,21.8,21.15,21.5,21.4,21.55,3303936,71192921.75,13503.0,1580047.0,47.82
GMRINFRA,EQ,16-Dec-2013,21.7,22.1,22.1,21.05,21.15,21.45,21.55,4378448,94350667.4,7066.0,1644074.0,37.55
GMRINFRA,EQ,13-Dec-2013,22.2,22.3,22.45,21.55,21.75,21.7,21.99,8962194,197119098.55,12508.0,3516323.0,39.24
GMRINFRA,EQ,12-Dec-2013,21.9,21.6,22.5,21.55,22.25,22.2,22.17,7852795,174067043.8,9768.0,3136891.0,39.95
GMRINFRA,EQ,11-Dec-2013,21.9,21.85,22.45,21.55,21.95,21.9,21.93,7219543,158310961.85,14047.0,2817486.0,39.03
GMRINFRA,EQ,10-Dec-2013,21.65,21.25,22.25,20.95,22.05,21.9,21.57,4593162,99081330.05,6902.0,1411345.0,30.73
GMRINFRA,EQ,09-Dec-2013,21.25,22.0,22.05,21.45,21.6,21.65,21.65,4328772,93719294.0,6655.0,1869838.0,43.2
GMRINFRA,EQ,06-Dec-2013,21.1,21.3,21.4,20.9,21.3,21.25,21.18,3938756,83437941.2,6100.0,2032443.0,51.6
GMRINFRA,EQ,05-Dec-2013,20.5,21.05,21.6,20.7,21.0,21.1,21.01,6819921,143264675.3,10916.0,2595866.0,38.06
GMRINFRA,EQ,04-Dec-2013,20.7,20.95,21.2,20.0,20.6,20.5,20.68,5182539,107178295.75,8804.0,1828242.0,35.28
GMRINFRA,EQ,03-Dec-2013,20.75,20.75,21.0,20.55,20.75,20.7,20.74,2168089,44955601.5,3861.0,816252.0,37.65
GMRINFRA,EQ,02-Dec-2013,20.45,20.5,21.15,20.5,20.75,20.75,20.89,2573578,53761606.55,5887.0,832487.0,32.35
GMRINFRA,EQ,29-Nov-2013,19.95,20.2,20.75,20.2,20.45,20.45,20.55,5122245,105252265.9,6862.0,1624695.0,31.72
GMRINFRA,EQ,28-Nov-2013,21.2,21.3,21.6,19.55,20.3,19.95,20.38,25473912,519118454.2,14165.0,11148718.0,43.77
GMRINFRA,EQ,27-Nov-2013,21.5,21.5,21.7,20.1,21.15,21.2,21.06,8302742,174857278.75,15461.0,2222167.0,26.76
GMRINFRA,EQ,26-Nov-2013,21.85,21.85,21.95,21.25,21.5,21.5,21.53,3510201,75561190.25,5071.0,1366766.0,38.94
GMRINFRA,EQ,25-Nov-2013,21.8,21.95,22.0,21.7,21.8,21.85,21.86,2783051,60843493.65,6090.0,734695.0,26.4
GMRINFRA,EQ,22-Nov-2013,21.65,21.7,22.15,21.65,21.7,21.8,21.83,5206284,113667927.65,12256.0,1502760.0,28.86
GMRINFRA,EQ,21-Nov-2013,21.95,21.95,21.95,21.55,21.75,21.65,21.69,4112976,89193418.85,6961.0,790742.0,19.23
GMRINFRA,EQ,20-Nov-2013,22.7,22.6,22.9,21.6,21.8,21.95,22.25,4447519,98949400.15,6663.0,941724.0,21.17
GMRINFRA,EQ,19-Nov-2013,22.35,22.3,23.1,22.1,22.55,22.7,22.69,5971612,135515532.4,10116.0,844223.0,14.14
GMRINFRA,EQ,18-Nov-2013,22.1,22.0,22.55,21.8,22.3,22.35,22.21,4866558,108110295.25,11870.0,792065.0,16.28
GMRINFRA,EQ,14-Nov-2013,20.85,21.1,22.3,20.85,22.2,22.1,21.68,8555516,185442036.2,16920.0,2180504.0,25.49
GMRINFRA,EQ,13-Nov-2013,22.0,21.85,21.9,20.6,20.65,20.85,21.24,8157376,173292944.4,17976.0,1904349.0,23.35
GMRINFRA,EQ,12-Nov-2013,22.25,22.15,22.35,21.6,21.75,22.0,21.98,5734922,126036773.15,10971.0,1217346.0,21.23
GMRINFRA,EQ,11-Nov-2013,23.45,23.2,23.6,21.9,21.95,22.25,22.57,7650464,172669937.25,12862.0,2665091.0,34.84
GMRINFRA,EQ,08-Nov-2013,22.3,22.0,23.75,22.0,23.3,23.45,23.07,8572525,197730886.85,12764.0,3254106.0,37.96
GMRINFRA,EQ,07-Nov-2013,23.2,23.0,23.6,22.0,22.35,22.3,22.78,5369217,122302105.2,9852.0,1123618.0,20.93
GMRINFRA,EQ,06-Nov-2013,23.2,23.25,23.75,22.95,23.2,23.2,23.35,8598773,200752482.1,14215.0,1984073.0,23.07
GMRINFRA,EQ,05-Nov-2013,23.1,22.55,23.7,22.55,23.35,23.2,23.25,5433847,126345495.25,10072.0,1559980.0,28.71
GMRINFRA,EQ,03-Nov-2013,23.1,23.15,23.3,22.9,23.05,23.1,23.05,1108197,25542061.75,1841.0,421656.0,38.05
GMRINFRA,EQ,01-Nov-2013,22.05,21.75,23.4,21.45,23.05,23.1,22.68,11177312,253499537.75,17618.0,3021947.0,27.04
GMRINFRA,EQ,31-Oct-2013,22.15,22.0,22.6,21.65,21.7,22.05,22.12,13387720,296178539.7,13064.0,4682328.0,34.97
GMRINFRA,EQ,30-Oct-2013,22.35,22.4,22.8,22.05,22.15,22.15,22.2,3140745,69731626.7,4806.0,1060919.0,33.78
GMRINFRA,EQ,29-Oct-2013,21.9,21.9,22.45,20.8,22.3,22.35,21.73,7969917,173181740.45,18152.0,1561812.0,19.6
GMRINFRA,EQ,28-Oct-2013,22.55,22.35,22.6,21.75,21.8,21.9,22.13,2483112,54942906.95,5517.0,940101.0,37.86
GMRINFRA,EQ,25-Oct-2013,22.75,22.6,22.85,22.3,22.4,22.55,22.53,3704176,83463400.0,6940.0,1076604.0,29.06
GMRINFRA,EQ,24-Oct-2013,22.45,22.7,23.35,22.2,22.7,22.75,22.7,6985045,158568655.4,13062.0,1124062.0,16.09
GMRINFRA,EQ,23-Oct-2013,22.3,22.25,22.7,21.75,22.65,22.45,22.25,6847672,152370427.55,10749.0,2519697.0,36.8
GMRINFRA,EQ,22-Oct-2013,22.45,22.35,22.55,21.95,22.3,22.3,22.24,7004083,155776189.0,26748.0,2495218.0,35.63
GMRINFRA,EQ,21-Oct-2013,22.7,22.8,23.05,22.25,22.35,22.45,22.58,8210462,185392263.45,18732.0,3666639.0,44.66
GMRINFRA,EQ,18-Oct-2013,21.9,21.9,23.0,21.7,22.6,22.7,22.43,8933244,200329172.85,13315.0,4272179.0,47.82
GMRINFRA,EQ,17-Oct-2013,22.4,22.3,22.7,21.55,21.6,21.9,22.23,6750233,150086668.4,9320.0,3951701.0,58.54
GMRINFRA,EQ,15-Oct-2013,22.2,22.1,22.6,21.9,22.2,22.4,22.33,6730298,150298607.7,10225.0,2335068.0,34.69
GMRINFRA,EQ,14-Oct-2013,22.35,22.1,22.45,21.7,22.2,22.2,22.2,3389324,75238134.55,5640.0,1245792.0,36.76
GMRINFRA,EQ,11-Oct-2013,22.8,22.9,23.0,22.0,22.3,22.35,22.5,3255451,73262369.65,7388.0,888801.0,27.3
GMRINFRA,EQ,10-Oct-2013,22.75,22.6,22.9,22.55,22.8,22.8,22.73,2831835,64365459.5,6069.0,1306339.0,46.13
GMRINFRA,EQ,09-Oct-2013,22.6,22.7,22.9,22.2,22.7,22.75,22.63,4965952,112392309.0,8275.0,1431348.0,28.82
GMRINFRA,EQ,08-Oct-2013,22.35,22.5,23.0,22.35,22.65,22.6,22.65,8401831,190300385.85,11624.0,2949803.0,35.11
GMRINFRA,EQ,07-Oct-2013,22.4,22.25,22.45,21.85,22.35,22.35,22.21,4825104,107161374.05,8139.0,1669295.0,34.6
GMRINFRA,EQ,04-Oct-2013,22.45,22.25,22.7,22.15,22.3,22.4,22.38,11496609,257306447.7,16238.0,3537560.0,30.77
GMRINFRA,EQ,03-Oct-2013,22.35,22.35,22.8,22.05,22.5,22.45,22.5,9311172,209475354.5,15328.0,3345281.0,35.93
GMRINFRA,EQ,01-Oct-2013,21.7,21.75,22.6,21.2,22.25,22.35,22.04,11941582,263183121.6,16817.0,3084788.0,25.83
GMRINFRA,EQ,30-Sep-2013,22.15,21.8,22.3,21.15,21.5,21.7,21.66,10738650,232572997.05,18517.0,3245811.0,30.23
GMRINFRA,EQ,27-Sep-2013,22.15,22.4,22.55,21.85,22.15,22.15,22.16,11454408,253794228.95,24537.0,3051710.0,26.64
GMRINFRA,EQ,26-Sep-2013,21.7,21.6,22.85,21.25,22.4,22.15,22.14,23326319,516553963.8,30503.0,8190280.0,35.11
GMRINFRA,EQ,25-Sep-2013,21.85,21.85,22.0,21.15,21.6,21.7,21.56,7498800,161681883.95,13953.0,1888688.0,25.19
GMRINFRA,EQ,24-Sep-2013,21.15,21.0,22.0,20.85,21.85,21.85,21.56,7745237,166971287.25,15788.0,1811352.0,23.39
GMRINFRA,EQ,23-Sep-2013,21.55,21.1,21.7,20.85,21.0,21.15,21.25,12953372,275309620.6,20953.0,4053857.0,31.3
GMRINFRA,EQ,20-Sep-2013,20.9,20.8,21.8,19.85,21.8,21.55,21.1,18593947,392346002.95,34057.0,3987617.0,21.45
GMRINFRA,EQ,19-Sep-2013,19.8,20.2,21.05,20.1,21.0,20.9,20.65,12906522,266465804.6,18536.0,5844527.0,45.28
GMRINFRA,EQ,18-Sep-2013,19.35,19.5,20.0,19.3,19.75,19.8,19.75,15363272,303354337.25,22854.0,5752147.0,37.44
GMRINFRA,EQ,17-Sep-2013,18.95,18.85,19.7,18.4,19.35,19.35,19.22,13750697,264251482.1,19441.0,2845665.0,20.69
GMRINFRA,EQ,16-Sep-2013,18.85,19.05,19.75,18.55,18.9,18.95,19.1,10239248,195581294.4,15464.0,3472071.0,33.91
GMRINFRA,EQ,13-Sep-2013,17.85,17.85,19.15,17.75,18.8,18.85,18.61,14245653,265129380.65,29410.0,3224181.0,22.63
GMRINFRA,EQ,12-Sep-2013,18.0,18.25,18.25,17.45,17.95,17.85,17.88,8009849,143229321.9,21160.0,3044243.0,38.01
GMRINFRA,EQ,11-Sep-2013,16.45,16.5,18.3,16.3,17.95,18.0,17.44,15176895,264620563.15,15051.0,7036262.0,46.36
GMRINFRA,EQ,10-Sep-2013,15.4,15.45,16.75,13.95,16.65,16.45,16.0,16856685,269747572.2,18216.0,6848695.0,40.63
GMRINFRA,EQ,06-Sep-2013,14.85,15.0,15.5,14.8,15.3,15.4,15.25,15184891,231585305.05,15485.0,6997833.0,46.08
GMRINFRA,EQ,05-Sep-2013,14.05,14.05,15.0,14.05,14.9,14.85,14.64,13787608,201828408.1,11727.0,4174035.0,30.27
GMRINFRA,EQ,04-Sep-2013,13.9,13.95,14.15,13.7,13.95,14.05,14.01,8214685,115098600.3,6088.0,4317506.0,52.56
GMRINFRA,EQ,03-Sep-2013,14.0,14.0,14.3,13.55,13.7,13.9,14.0,15315073,214446308.3,15407.0,6125442.0,40.0
GMRINFRA,EQ,02-Sep-2013,13.7,13.7,14.2,13.5,13.95,14.0,13.98,10533135,147230821.0,9291.0,3029585.0,28.76
GMRINFRA,EQ,30-Aug-2013,13.25,13.3,14.1,13.1,13.35,13.7,13.69,19492886,266878602.2,18576.0,6551771.0,33.61
GMRINFRA,EQ,29-Aug-2013,13.5,13.55,13.85,12.95,13.1,13.25,13.3,37425019,497936347.6,22207.0,13967614.0,37.32
GMRINFRA,EQ,28-Aug-2013,13.45,13.25,13.7,12.15,13.4,13.5,12.96,20305045,263068734.9,19302.0,4285047.0,21.1
GMRINFRA,EQ,27-Aug-2013,13.65,13.6,14.1,13.25,13.25,13.45,13.65,14683795,200496167.05,25459.0,3262503.0,22.22
GMRINFRA,EQ,26-Aug-2013,12.9,12.85,13.75,12.75,13.65,13.65,13.43,11807821,158597595.25,11003.0,4155275.0,35.19
GMRINFRA,EQ,23-Aug-2013,12.6,12.6,13.2,12.4,12.65,12.9,12.84,10238855,131463205.15,10010.0,3507819.0,34.26
GMRINFRA,EQ,22-Aug-2013,12.35,12.3,12.85,12.05,12.5,12.6,12.52,7071366,88512368.05,10701.0,2341121.0,33.11
GMRINFRA,EQ,21-Aug-2013,12.8,13.05,13.25,12.15,12.3,12.35,12.67,9013422,114157566.1,8533.0,2701233.0,29.97
GMRINFRA,EQ,20-Aug-2013,12.8,12.5,13.35,11.75,12.65,12.8,12.77,9123930,116547834.0,20049.0,1907440.0,20.91
GMRINFRA,EQ,19-Aug-2013,12.75,12.55,12.9,11.55,12.65,12.8,12.61,11914063,150232006.85,9218.0,4320189.0,36.26
GMRINFRA,EQ,16-Aug-2013,13.35,13.05,13.05,12.3,12.45,12.75,12.78,11948511,152755676.15,13487.0,3935761.0,32.94
GMRINFRA,EQ,14-Aug-2013,12.85,12.75,13.7,12.4,13.25,13.35,13.21,8152246,107681134.0,18867.0,1273631.0,15.62
GMRINFRA,EQ,13-Aug-2013,12.9,12.8,13.3,12.6,12.9,12.85,13.02,5172510,67347139.5,12814.0,1739757.0,33.63
GMRINFRA,EQ,12-Aug-2013,12.65,12.85,13.2,12.05,12.65,12.9,12.84,7317158,93973782.05,12203.0,1387529.0,18.96
GMRINFRA,EQ,08-Aug-2013,11.9,11.9,12.85,11.5,12.5,12.65,12.4,7848194,97296001.85,17984.0,1322787.0,16.85
GMRINFRA,EQ,07-Aug-2013,11.5,11.45,12.05,10.8,11.95,11.9,11.57,14037545,162351516.55,24171.0,2857634.0,20.36
GMRINFRA,EQ,06-Aug-2013,12.2,12.05,12.1,10.6,11.75,11.5,11.31,12498361,141374476.55,19149.0,4563490.0,36.51
GMRINFRA,EQ,05-Aug-2013,11.95,11.9,12.4,11.6,12.35,12.2,12.08,7062211,85278739.7,12757.0,1759426.0,24.91
GMRINFRA,EQ,02-Aug-2013,12.65,12.6,12.7,11.55,11.9,11.95,12.01,9735790,116921717.4,14055.0,2396402.0,24.61
GMRINFRA,EQ,01-Aug-2013,12.85,13.05,13.4,12.3,12.5,12.65,12.81,10981877,140705504.3,11963.0,2795864.0,25.46
GMRINFRA,EQ,31-Jul-2013,13.85,13.6,13.7,12.55,12.85,12.85,12.92,11059750,142838223.4,27658.0,2752908.0,24.89
GMRINFRA,EQ,30-Jul-2013,14.7,14.9,15.25,13.5,13.5,13.85,14.31,9740589,139433604.25,18558.0,2024876.0,20.79
GMRINFRA,EQ,29-Jul-2013,15.55,15.55,15.55,14.45,14.6,14.7,15.08,6310988,95175575.7,7227.0,1569811.0,24.87
GMRINFRA,EQ,26-Jul-2013,15.7,15.95,16.1,15.25,15.45,15.55,15.65,5714719,89437536.7,7548.0,1264942.0,22.13
GMRINFRA,EQ,25-Jul-2013,16.8,16.8,16.8,15.55,15.7,15.7,15.91,14467893,230196528.7,11354.0,5702311.0,39.41
GMRINFRA,EQ,24-Jul-2013,17.2,17.0,17.05,16.5,16.7,16.8,16.81,8705376,146340722.65,6358.0,1605740.0,18.45
GMRINFRA,EQ,23-Jul-2013,17.15,17.3,17.4,16.8,17.1,17.2,17.16,7791367,133702453.4,12339.0,1200933.0,15.41
GMRINFRA,EQ,22-Jul-2013,16.0,16.0,17.35,16.0,16.9,17.15,16.95,11793370,199879804.7,16730.0,1660339.0,14.08
GMRINFRA,EQ,19-Jul-2013,16.15,16.25,16.35,15.8,16.1,16.0,15.99,4174772,66757264.7,4171.0,1667060.0,39.93
GMRINFRA,EQ,18-Jul-2013,16.0,16.15,16.4,15.95,16.25,16.15,16.13,7738828,124815236.5,6401.0,2994570.0,38.7
GMRINFRA,EQ,17-Jul-2013,17.0,17.1,17.4,15.7,16.0,16.0,16.48,5930170,97758754.55,11084.0,1881216.0,31.72
GMRINFRA,EQ,16-Jul-2013,17.5,17.05,17.35,16.9,17.1,17.0,17.09,3583858,61247085.05,6182.0,956918.0,26.7
GMRINFRA,EQ,15-Jul-2013,17.7,17.75,17.75,17.25,17.5,17.5,17.49,3440930,60177588.0,6747.0,997077.0,28.98
GMRINFRA,EQ,12-Jul-2013,17.75,17.95,17.95,17.5,17.6,17.7,17.71,2117446,37506423.35,5066.0,438159.0,20.69
GMRINFRA,EQ,11-Jul-2013,17.5,17.6,18.15,17.6,17.85,17.75,17.88,3425510,61244960.25,5346.0,727285.0,21.23
GMRINFRA,EQ,10-Jul-2013,17.8,17.95,17.95,17.4,17.4,17.5,17.65,1761078,31084153.3,3450.0,532001.0,30.21
GMRINFRA,EQ,09-Jul-2013,17.7,17.75,17.95,17.55,17.9,17.8,17.75,2850094,50603399.8,5000.0,594751.0,20.87
GMRINFRA,EQ,08-Jul-2013,17.65,17.35,17.85,17.2,17.7,17.7,17.54,2135639,37469386.65,6015.0,410749.0,19.23
GMRINFRA,EQ,05-Jul-2013,17.75,18.0,18.1,17.45,17.7,17.65,17.81,2047859,36474157.7,6008.0,577064.0,28.18
GMRINFRA,EQ,04-Jul-2013,17.5,17.65,18.0,17.45,17.75,17.75,17.7,2474616,43789188.3,6643.0,639999.0,25.86
GMRINFRA,EQ,03-Jul-2013,18.05,17.95,17.95,17.35,17.4,17.5,17.57,3695317,64926850.2,6368.0,952561.0,25.78
GMRINFRA,EQ,02-Jul-2013,18.4,18.5,18.55,17.95,18.1,18.05,18.23,4275359,77922870.35,14500.0,685204.0,16.03
GMRINFRA,EQ,01-Jul-2013,17.6,17.65,18.5,17.6,18.45,18.4,18.18,6111941,111106323.6,12635.0,1214161.0,19.87
GMRINFRA,EQ,28-Jun-2013,16.95,17.35,17.8,17.1,17.55,17.6,17.4,4107407,71473515.35,10181.0,1159101.0,28.22
GMRINFRA,EQ,27-Jun-2013,17.15,17.3,17.7,16.8,16.85,16.95,17.14,13585490,232870702.75,16144.0,3972702.0,29.24
GMRINFRA,EQ,26-Jun-2013,17.35,17.45,17.75,17.1,17.15,17.15,17.35,5495216,95324251.7,13095.0,1361415.0,24.77
GMRINFRA,EQ,25-Jun-2013,17.9,17.75,18.05,16.8,17.35,17.35,17.53,7172790,125754183.25,15505.0,1403805.0,19.57
GMRINFRA,EQ,24-Jun-2013,18.75,18.8,18.85,17.75,17.85,17.9,18.31,4742642,86826524.7,10156.0,893699.0,18.84
GMRINFRA,EQ,21-Jun-2013,18.85,18.65,19.25,18.15,18.9,18.75,18.8,7060519,132751586.8,14449.0,1673671.0,23.7
GMRINFRA,EQ,20-Jun-2013,19.9,19.7,19.7,18.75,18.8,18.85,19.14,5076290,97143978.55,7144.0,1206901.0,23.78
GMRINFRA,EQ,19-Jun-2013,19.9,20.0,20.15,19.75,19.85,19.9,19.97,4615243,92144541.05,7552.0,964166.0,20.89
GMRINFRA,EQ,18-Jun-2013,20.25,20.45,20.45,19.7,19.9,19.9,20.01,6770080,135491754.65,15028.0,1293736.0,19.11
GMRINFRA,EQ,17-Jun-2013,19.75,19.75,20.8,19.35,20.3,20.25,19.97,6344439,126715799.75,9787.0,1977704.0,31.17
GMRINFRA,EQ,14-Jun-2013,19.45,19.6,20.0,19.6,19.8,19.75,19.81,3409247,67520871.35,6731.0,981623.0,28.79
GMRINFRA,EQ,13-Jun-2013,19.7,19.65,19.8,19.35,19.45,19.45,19.54,4951549,96744469.7,5687.0,568156.0,11.47
GMRINFRA,EQ,12-Jun-2013,19.9,19.8,20.15,19.55,19.8,19.7,19.79,5747252,113764424.35,10569.0,1214844.0,21.14
GMRINFRA,EQ,11-Jun-2013,20.5,20.2,20.55,19.8,19.85,19.9,20.13,5721996,115179572.1,10582.0,963434.0,16.84
GMRINFRA,EQ,10-Jun-2013,20.7,20.7,21.05,20.25,20.5,20.5,20.67,3869146,79971985.3,8647.0,658452.0,17.02
GMRINFRA,EQ,07-Jun-2013,20.9,21.15,21.45,20.6,20.65,20.7,20.99,5882816,123464955.9,11689.0,925946.0,15.74
GMRINFRA,EQ,06-Jun-2013,20.9,20.8,21.25,20.6,20.95,20.9,20.88,3634601,75889383.8,8329.0,622875.0,17.14
GMRINFRA,EQ,05-Jun-2013,20.7,20.7,21.05,20.7,21.0,20.9,20.88,3346558,69890398.45,6077.0,481476.0,14.39
GMRINFRA,EQ,04-Jun-2013,20.75,20.75,21.3,20.65,20.8,20.7,20.93,6079669,127223968.65,11478.0,1093725.0,17.99
GMRINFRA,EQ,03-Jun-2013,20.85,21.0,21.15,20.4,20.8,20.75,20.71,6157530,127501563.3,13321.0,1038105.0,16.86
GMRINFRA,EQ,31-May-2013,20.4,20.5,21.9,20.2,20.9,20.85,21.0,15320116,321771668.2,31587.0,1868002.0,12.19
GMRINFRA,EQ,30-May-2013,21.15,21.2,21.2,20.15,20.55,20.4,20.49,12836391,263004153.05,15992.0,4106856.0,31.99
GMRINFRA,EQ,29-May-2013,21.9,21.75,21.9,20.95,21.05,21.15,21.38,7115520,152122820.9,11871.0,968225.0,13.61
GMRINFRA,EQ,28-May-2013,21.75,21.9,22.4,21.7,21.9,21.9,22.07,8452309,186546535.3,15281.0,1192335.0,14.11
GMRINFRA,EQ,27-May-2013,21.75,21.7,21.9,21.35,21.8,21.75,21.66,5469454,118462079.05,12364.0,513571.0,9.39
GMRINFRA,EQ,24-May-2013,20.9,21.25,22.0,21.0,21.5,21.75,21.56,10794808,232715479.45,23265.0,2085158.0,19.32
GMRINFRA,EQ,23-May-2013,22.95,22.65,22.9,20.7,20.95,20.9,21.63,13569657,293556679.0,27874.0,4168941.0,30.72
GMRINFRA,EQ,22-May-2013,23.25,23.35,23.55,22.75,22.85,22.95,23.1,6470772,149452966.85,10575.0,982840.0,15.19
GMRINFRA,EQ,21-May-2013,23.75,23.95,24.15,23.1,23.3,23.25,23.53,8172985,192280673.4,11767.0,1053370.0,12.89
GMRINFRA,EQ,20-May-2013,24.2,24.3,24.8,23.3,23.95,23.75,24.33,11701876,284649539.75,19756.0,3981680.0,34.03
GMRINFRA,EQ,17-May-2013,23.15,23.0,25.0,22.8,24.25,24.2,24.09,19277729,464456123.85,36683.0,6355397.0,32.97
GMRINFRA,EQ,16-May-2013,22.85,22.8,23.65,22.45,23.1,23.15,23.07,12531127,289146939.05,17515.0,3225000.0,25.74
GMRINFRA,EQ,15-May-2013,21.35,21.05,23.85,21.05,22.9,22.85,22.85,18879963,431319403.8,28055.0,5880558.0,31.15
GMRINFRA,EQ,14-May-2013,21.3,21.25,21.7,21.1,21.4,21.35,21.42,3035302,65026235.1,6887.0,845717.0,27.86
GMRINFRA,EQ,13-May-2013,22.2,22.05,22.3,21.15,21.3,21.3,21.68,4516033,97919150.7,9161.0,1513067.0,33.5
GMRINFRA,EQ,11-May-2013,22.2,21.9,22.3,21.9,22.15,22.2,22.17,450115,9981061.6,486.0,199846.0,44.4
GMRINFRA,EQ,10-May-2013,21.6,21.7,22.25,21.4,22.2,22.2,21.87,4954629,108345415.55,8938.0,1663678.0,33.58
GMRINFRA,EQ,09-May-2013,21.8,22.1,22.4,21.5,21.55,21.6,21.87,5948588,130068227.65,10056.0,2070086.0,34.8
GMRINFRA,EQ,08-May-2013,22.15,22.15,22.4,21.65,21.8,21.8,21.95,4928641,108164684.6,10305.0,1270030.0,25.77
GMRINFRA,EQ,07-May-2013,21.5,21.5,22.3,21.35,22.1,22.15,21.83,8604868,187806523.7,13974.0,2972866.0,34.55
GMRINFRA,EQ,06-May-2013,20.95,21.0,21.65,20.55,21.55,21.5,21.25,7253302,154158530.15,11663.0,2276044.0,31.38
GMRINFRA,EQ,03-May-2013,21.4,21.5,21.55,20.6,20.95,20.95,20.99,7056057,148099040.2,7818.0,909744.0,12.89
GMRINFRA,EQ,02-May-2013,20.35,20.6,21.6,20.4,21.55,21.4,21.08,6315831,133125678.25,8823.0,2411431.0,38.18
GMRINFRA,EQ,30-Apr-2013,21.1,21.0,21.3,20.0,20.45,20.35,20.4,7352833,149967207.0,7586.0,2283189.0,31.05
GMRINFRA,EQ,29-Apr-2013,21.3,21.45,21.45,20.95,21.1,21.1,21.24,3347933,71106941.95,4429.0,820499.0,24.51
GMRINFRA,EQ,26-Apr-2013,22.1,22.0,22.25,21.1,21.35,21.3,21.66,4067337,88118269.05,5769.0,1057961.0,26.01
GMRINFRA,EQ,25-Apr-2013,22.25,22.1,22.5,21.85,22.05,22.1,22.15,7233142,160229783.7,5696.0,2071712.0,28.64
GMRINFRA,EQ,23-Apr-2013,22.3,22.3,22.55,21.95,22.3,22.25,22.23,6944624,154345845.65,6069.0,1369718.0,19.72
GMRINFRA,EQ,22-Apr-2013,22.4,22.4,22.65,21.9,22.2,22.3,22.23,8490998,188733929.55,10388.0,1663381.0,19.59
GMRINFRA,EQ,18-Apr-2013,21.85,22.0,22.75,21.85,22.4,22.4,22.26,5856153,130370114.6,8503.0,1185083.0,20.24
GMRINFRA,EQ,17-Apr-2013,22.25,22.5,22.8,21.7,22.0,21.85,22.28,5315082,118405510.15,9682.0,1289370.0,24.26
GMRINFRA,EQ,16-Apr-2013,21.55,21.55,22.5,21.55,22.15,22.25,22.1,5474019,120998777.55,9021.0,1844066.0,33.69
GMRINFRA,EQ,15-Apr-2013,21.4,21.3,21.8,21.2,21.75,21.55,21.5,2910238,62579962.35,5568.0,793415.0,27.26
GMRINFRA,EQ,12-Apr-2013,21.25,21.0,21.55,20.6,21.3,21.4,21.25,4402261,93553398.95,6895.0,589848.0,13.4
GMRINFRA,EQ,11-Apr-2013,21.2,21.3,21.65,20.95,21.4,21.25,21.26,4902730,104235313.75,8789.0,617226.0,12.59
GMRINFRA,EQ,10-Apr-2013,21.1,21.25,21.45,20.75,21.2,21.2,21.17,5013061,106131832.45,7808.0,1128686.0,22.51
GMRINFRA,EQ,09-Apr-2013,22.0,21.55,22.25,21.0,21.2,21.1,21.49,6730473,144662986.7,11160.0,1355116.0,20.13
GMRINFRA,EQ,08-Apr-2013,22.15,22.0,22.5,21.75,22.0,22.0,22.06,4367970,96374209.65,7943.0,673997.0,15.43
GMRINFRA,EQ,05-Apr-2013,21.5,21.45,22.8,21.45,22.15,22.15,22.02,7912362,174237291.35,13759.0,1642399.0,20.76
GMRINFRA,EQ,04-Apr-2013,22.0,21.6,22.5,21.25,21.55,21.5,21.7,6856015,148777162.9,11637.0,1881744.0,27.45
GMRINFRA,EQ,03-Apr-2013,22.6,22.6,23.05,21.85,21.95,22.0,22.54,5961034,134353616.0,13145.0,1505221.0,25.25
GMRINFRA,EQ,02-Apr-2013,22.65,22.7,23.1,22.5,22.7,22.6,22.73,5907415,134287338.15,13365.0,1586353.0,26.85
GMRINFRA,EQ,01-Apr-2013,21.6,21.6,23.05,21.5,22.5,22.65,22.32,8263825,184482984.6,16170.0,2061117.0,24.94
GMRINFRA,EQ,28-Mar-2013,20.85,20.65,21.95,20.5,21.9,21.6,21.0,25088658,526909749.35,23883.0,7724439.0,30.79
GMRINFRA,EQ,26-Mar-2013,21.85,21.75,22.25,20.75,20.9,20.85,21.41,21828469,467403841.7,24057.0,3728300.0,17.08
GMRINFRA,EQ,25-Mar-2013,19.95,20.15,23.0,20.15,21.75,21.85,21.85,34924993,763172451.55,38364.0,6424557.0,18.4
GMRINFRA,EQ,22-Mar-2013,20.05,19.95,20.35,19.45,19.9,19.95,19.9,13465143,267958874.7,19875.0,4552072.0,33.81
GMRINFRA,EQ,21-Mar-2013,20.0,22.0,22.0,19.8,20.05,20.05,20.33,7118960,144721129.0,12420.0,1505472.0,21.15
GMRINFRA,EQ,20-Mar-2013,20.75,20.3,20.8,19.75,19.95,20.0,20.09,11380448,228583040.75,16898.0,5250176.0,46.13
GMRINFRA,EQ,19-Mar-2013,21.15,21.0,21.6,20.6,20.85,20.75,20.98,12320910,258475458.65,18317.0,3292040.0,26.72
GMRINFRA,EQ,18-Mar-2013,20.3,20.25,21.45,19.9,21.35,21.15,20.77,12481466,259271524.5,17536.0,4963731.0,39.77
GMRINFRA,EQ,15-Mar-2013,20.35,20.25,20.7,20.2,20.25,20.3,20.46,5008215,102473315.3,10638.0,1657486.0,33.1
GMRINFRA,EQ,14-Mar-2013,20.15,20.35,20.5,19.9,20.4,20.35,20.3,5387930,109401047.95,10122.0,1510064.0,28.03
GMRINFRA,EQ,13-Mar-2013,19.95,19.9,20.55,19.75,20.2,20.15,20.16,7140844,143964130.5,13875.0,2307531.0,32.31
GMRINFRA,EQ,12-Mar-2013,20.0,20.0,20.2,19.65,20.0,19.95,19.98,4849505,96914709.55,10449.0,1452066.0,29.94
GMRINFRA,EQ,11-Mar-2013,19.5,19.55,20.1,19.55,20.05,20.0,19.96,5761080,114964013.6,11251.0,1683238.0,29.22
GMRINFRA,EQ,08-Mar-2013,19.55,19.55,19.7,19.25,19.45,19.5,19.53,3622157,70758473.15,4438.0,1167225.0,32.22
GMRINFRA,EQ,07-Mar-2013,19.45,19.55,19.6,19.25,19.6,19.55,19.45,3651070,70998681.85,5889.0,1037522.0,28.42
GMRINFRA,EQ,06-Mar-2013,19.45,19.7,19.9,19.35,19.55,19.45,19.58,5521777,108114642.05,9662.0,1544526.0,27.97
GMRINFRA,EQ,05-Mar-2013,18.75,19.0,19.9,19.0,19.35,19.45,19.42,16172265,314070838.55,15665.0,6209584.0,38.4
GMRINFRA,EQ,04-Mar-2013,18.05,18.0,19.1,17.65,18.6,18.75,18.47,11237695,207574746.35,13318.0,4159890.0,37.02
GMRINFRA,EQ,01-Mar-2013,17.65,18.0,18.2,17.65,18.05,18.05,18.04,3000093,54128680.7,6418.0,1109812.0,36.99
GMRINFRA,EQ,28-Feb-2013,18.5,18.7,18.95,16.85,17.65,17.65,18.13,25988328,471060590.2,15146.0,12995327.0,50.0
GMRINFRA,EQ,27-Feb-2013,18.25,18.3,18.75,18.2,18.45,18.5,18.42,7150881,131746944.15,7944.0,2138324.0,29.9
GMRINFRA,EQ,26-Feb-2013,18.25,18.25,18.5,18.0,18.25,18.25,18.22,6404162,116686635.4,6924.0,1489762.0,23.26
GMRINFRA,EQ,25-Feb-2013,18.15,18.4,18.4,18.05,18.3,18.25,18.23,5085691,92724925.65,6121.0,1264930.0,24.87
GMRINFRA,EQ,22-Feb-2013,18.15,18.05,18.4,18.05,18.15,18.15,18.19,4890700,88948205.5,4561.0,1483087.0,30.32
GMRINFRA,EQ,21-Feb-2013,18.7,18.55,18.55,18.1,18.1,18.15,18.24,4714458,86004378.0,6425.0,1685614.0,35.75
GMRINFRA,EQ,20-Feb-2013,18.55,18.6,18.85,18.45,18.7,18.7,18.68,5142989,96074284.4,7791.0,1256646.0,24.43
GMRINFRA,EQ,19-Feb-2013,18.35,18.0,18.7,17.95,18.65,18.55,18.34,4354719,79873881.3,10464.0,970859.0,22.29
GMRINFRA,EQ,18-Feb-2013,17.6,17.95,18.55,17.8,18.25,18.35,18.25,6814117,124329090.6,11527.0,1545035.0,22.67
GMRINFRA,EQ,15-Feb-2013,17.8,18.2,18.3,17.3,17.7,17.6,17.61,7754192,136575525.1,14254.0,2166337.0,27.94
GMRINFRA,EQ,14-Feb-2013,18.05,18.3,18.4,17.5,17.85,17.8,18.02,7960714,143454397.2,11161.0,2995745.0,37.63
GMRINFRA,EQ,13-Feb-2013,18.15,18.4,18.6,17.95,18.05,18.05,18.26,6194010,113120562.25,12211.0,1721626.0,27.8
GMRINFRA,EQ,12-Feb-2013,18.55,18.55,18.65,18.05,18.2,18.15,18.24,7336334,133827458.45,11270.0,1854723.0,25.28
GMRINFRA,EQ,11-Feb-2013,18.95,18.85,18.85,18.3,18.55,18.55,18.52,6929764,128329358.55,11925.0,1413337.0,20.4
GMRINFRA,EQ,08-Feb-2013,19.3,19.5,19.6,18.8,19.05,18.95,19.14,6459502,123653213.95,12148.0,1290962.0,19.99
GMRINFRA,EQ,07-Feb-2013,19.8,19.75,20.25,19.1,19.2,19.3,19.61,9391877,184152946.15,16843.0,1309695.0,13.94
GMRINFRA,EQ,06-Feb-2013,19.35,19.35,19.9,19.35,19.75,19.8,19.71,9988077,196873038.2,17693.0,1484741.0,14.87
GMRINFRA,EQ,05-Feb-2013,19.3,19.3,19.6,18.7,19.4,19.35,19.18,6613275,126811002.1,9977.0,1056550.0,15.98
GMRINFRA,EQ,04-Feb-2013,20.25,20.3,20.45,19.15,19.3,19.3,19.86,9373356,186196963.2,14622.0,1724816.0,18.4
GMRINFRA,EQ,01-Feb-2013,18.85,18.9,20.6,18.9,20.2,20.25,20.01,16865668,337487497.8,22571.0,3512651.0,20.83
GMRINFRA,EQ,31-Jan-2013,19.05,18.95,19.2,18.75,18.95,18.85,18.93,8817441,166881509.0,6456.0,4092651.0,46.42
GMRINFRA,EQ,30-Jan-2013,18.65,18.95,19.15,18.65,19.1,19.05,18.9,7947254,150211523.35,7037.0,2782355.0,35.01
GMRINFRA,EQ,29-Jan-2013,18.8,18.75,19.35,18.6,18.65,18.65,18.94,8895628,168452053.1,11961.0,1088508.0,12.24
GMRINFRA,EQ,28-Jan-2013,18.75,19.3,19.3,18.45,18.8,18.8,18.78,8086292,151896247.35,7485.0,1159527.0,14.34
GMRINFRA,EQ,25-Jan-2013,18.1,18.05,19.0,17.85,18.75,18.75,18.58,9989089,185613254.35,13369.0,2063054.0,20.65
GMRINFRA,EQ,24-Jan-2013,19.15,19.35,19.35,17.9,18.0,18.1,18.53,12613455,233726416.8,16838.0,4126379.0,32.71
GMRINFRA,EQ,23-Jan-2013,19.7,19.55,19.95,18.9,19.1,19.15,19.37,6138980,118890838.4,8835.0,1549449.0,25.24
GMRINFRA,EQ,22-Jan-2013,20.15,20.25,20.35,19.6,19.65,19.7,20.0,6605620,132083131.65,13807.0,1163679.0,17.62
GMRINFRA,EQ,21-Jan-2013,19.8,19.9,20.3,19.55,20.15,20.15,19.96,5866977,117124373.75,9528.0,1335294.0,22.76
GMRINFRA,EQ,18-Jan-2013,20.0,20.2,20.2,19.7,19.8,19.8,19.94,4217067,84083037.95,7330.0,1064938.0,25.25
GMRINFRA,EQ,17-Jan-2013,20.05,20.2,20.3,19.7,20.0,20.0,19.95,7991410,159408116.5,13258.0,1281800.0,16.04
GMRINFRA,EQ,16-Jan-2013,20.55,20.55,20.75,19.95,20.0,20.05,20.35,5114099,104091251.2,10197.0,1245642.0,24.36
GMRINFRA,EQ,15-Jan-2013,20.75,20.9,21.15,20.4,20.6,20.55,20.72,9965831,206535596.8,14161.0,2205077.0,22.13
GMRINFRA,EQ,14-Jan-2013,20.4,20.5,20.85,20.2,20.75,20.75,20.55,8261159,169728093.45,15022.0,1559813.0,18.88
GMRINFRA,EQ,11-Jan-2013,20.75,20.0,21.05,20.0,20.45,20.4,20.6,10140694,208880926.45,17293.0,2365176.0,23.32
GMRINFRA,EQ,10-Jan-2013,21.05,21.05,21.3,20.55,20.75,20.75,20.94,10230285,214222764.05,17670.0,1677732.0,16.4
GMRINFRA,EQ,09-Jan-2013,21.0,21.1,21.6,20.65,20.95,21.05,21.21,21294980,451607097.95,26947.0,6444288.0,30.26
GMRINFRA,EQ,08-Jan-2013,20.55,20.3,21.15,20.0,21.1,21.0,20.52,14367016,294743632.85,19308.0,4070275.0,28.33
GMRINFRA,EQ,07-Jan-2013,19.95,19.95,20.85,19.95,20.4,20.55,20.5,9848068,201931838.1,25014.0,2895611.0,29.4
GMRINFRA,EQ,04-Jan-2013,20.3,20.3,20.4,19.75,19.9,19.95,19.98,9751186,194803442.1,14433.0,2286742.0,23.45
GMRINFRA,EQ,03-Jan-2013,20.4,20.55,20.6,19.95,20.25,20.3,20.3,9381600,190430529.05,13664.0,2023844.0,21.57
GMRINFRA,EQ,02-Jan-2013,20.3,20.9,21.75,20.05,20.35,20.4,20.6,12733517,262344098.6,16724.0,3692163.0,29.0
GMRINFRA,EQ,01-Jan-2013,19.35,19.55,20.5,19.4,20.45,20.3,20.01,13670867,273582533.75,20536.0,4353948.0,31.85
GMRINFRA,EQ,31-Dec-2012,18.8,18.8,19.8,18.55,19.35,19.35,19.18,9010876,172820438.9,12054.0,2677401.0,29.71
GMRINFRA,EQ,30-Dec-2014,17.0,17.0,17.25,16.75,17.05,17.0,16.98,10209794,173343066.85,14051.0,4207035.0,41.21
GMRINFRA,EQ,29-Dec-2014,16.9,17.1,17.25,16.85,17.05,17.0,17.08,10269594,175396572.1,14107.0,2741436.0,26.69
GMRINFRA,EQ,26-Dec-2014,16.7,16.75,17.05,16.6,16.95,16.9,16.83,10615926,178705109.0,13689.0,4000627.0,37.69
GMRINFRA,EQ,24-Dec-2014,17.3,17.2,17.6,16.5,16.75,16.7,16.86,47287865,797304950.65,23380.0,22867400.0,48.36
GMRINFRA,EQ,23-Dec-2014,17.0,17.15,17.35,16.7,17.2,17.3,17.1,25140213,429855431.3,23705.0,9696730.0,38.57
GMRINFRA,EQ,22-Dec-2014,16.85,16.75,17.1,16.65,17.0,17.0,16.91,16249216,274785930.1,22396.0,5217993.0,32.11
GMRINFRA,EQ,19-Dec-2014,17.0,17.8,17.8,16.65,16.8,16.85,17.0,20106477,341902071.0,26575.0,7559046.0,37.6
GMRINFRA,EQ,18-Dec-2014,16.35,16.65,17.25,16.6,17.05,17.0,16.93,19100917,323308635.55,28857.0,6823691.0,35.72
GMRINFRA,EQ,17-Dec-2014,16.4,16.5,16.95,16.1,16.2,16.35,16.46,35400940,582793549.55,38387.0,13074353.0,36.93
GMRINFRA,EQ,16-Dec-2014,17.05,16.95,17.3,14.8,16.7,16.4,16.43,50496146,829706923.8,46307.0,26837183.0,53.15
GMRINFRA,EQ,15-Dec-2014,18.05,17.9,17.9,16.9,16.9,17.05,17.35,22138744,384041462.65,27304.0,9799164.0,44.26
GMRINFRA,EQ,12-Dec-2014,18.95,19.05,19.15,17.75,17.9,18.05,18.41,17216664,317027741.0,22133.0,5221891.0,30.33
GMRINFRA,EQ,11-Dec-2014,19.25,19.1,19.25,18.65,18.9,18.95,18.95,19559386,370715493.2,24161.0,6723109.0,34.37
GMRINFRA,EQ,10-Dec-2014,19.25,19.1,19.35,18.9,19.25,19.25,19.18,18780999,360157407.25,33163.0,6931466.0,36.91
GMRINFRA,EQ,09-Dec-2014,19.05,19.05,19.4,18.75,19.2,19.25,19.04,15772053,300304865.05,21342.0,5945545.0,37.7
GMRINFRA,EQ,08-Dec-2014,19.65,19.5,19.9,18.85,19.2,19.05,19.3,17925310,345987036.4,19072.0,9113967.0,50.84
GMRINFRA,EQ,05-Dec-2014,19.25,19.3,19.8,19.05,19.6,19.65,19.57,19866882,388865254.1,30288.0,8933659.0,44.97
GMRINFRA,EQ,04-Dec-2014,18.95,19.0,19.35,18.75,19.3,19.25,19.08,17563491,335072744.0,36272.0,8441385.0,48.06
GMRINFRA,EQ,03-Dec-2014,18.4,18.25,19.3,18.25,19.0,18.95,18.95,44316589,839792808.35,41149.0,24938121.0,56.27
GMRINFRA,EQ,02-Dec-2014,19.05,18.9,19.0,18.05,18.45,18.4,18.46,24955261,460587282.6,30361.0,8299895.0,33.26
GMRINFRA,EQ,01-Dec-2014,19.4,19.2,19.5,18.75,19.1,19.05,19.03,22674861,431415571.5,21116.0,9937499.0,43.83
GMRINFRA,EQ,28-Nov-2014,19.85,19.85,19.9,19.05,19.4,19.4,19.5,23978140,467563006.6,24928.0,7122325.0,29.7
GMRINFRA,EQ,27-Nov-2014,20.15,20.2,20.25,19.7,19.95,19.85,19.95,29544182,589303522.4,23073.0,12873404.0,43.57
GMRINFRA,EQ,26-Nov-2014,20.1,20.9,20.9,20.05,20.15,20.15,20.29,13278608,269439034.65,17063.0,3946267.0,29.72
GMRINFRA,EQ,25-Nov-2014,20.05,19.85,20.45,19.25,20.3,20.1,19.68,17765573,349619560.4,20480.0,6006653.0,33.81
GMRINFRA,EQ,24-Nov-2014,20.2,20.15,20.4,20.0,20.0,20.05,20.13,5890134,118549025.1,9573.0,1984007.0,33.68
GMRINFRA,EQ,21-Nov-2014,20.1,20.1,20.5,19.9,20.2,20.2,20.19,11159289,225294459.65,14511.0,3122702.0,27.98
GMRINFRA,EQ,20-Nov-2014,20.45,20.6,20.7,19.95,20.1,20.1,20.17,10130418,204307672.2,15249.0,2479660.0,24.48
GMRINFRA,EQ,19-Nov-2014,20.5,20.4,20.9,20.0,20.55,20.45,20.4,17685398,360710764.6,21518.0,4538838.0,25.66
GMRINFRA,EQ,18-Nov-2014,20.3,20.15,20.7,20.15,20.5,20.5,20.5,15750020,322822421.8,28674.0,6160975.0,39.12
GMRINFRA,EQ,17-Nov-2014,20.1,19.9,20.45,19.35,20.4,20.3,20.0,28136387,562827637.25,29386.0,11342731.0,40.31
GMRINFRA,EQ,14-Nov-2014,20.05,20.1,20.3,19.8,20.15,20.1,20.08,14319117,287488241.35,19621.0,5723833.0,39.97
GMRINFRA,EQ,13-Nov-2014,20.05,20.1,20.45,19.65,20.15,20.05,20.12,17097901,344038347.2,27784.0,5353037.0,31.31
GMRINFRA,EQ,12-Nov-2014,20.35,20.45,20.55,19.95,20.05,20.05,20.12,11098384,223348528.5,23629.0,4594143.0,41.39
GMRINFRA,EQ,11-Nov-2014,20.5,20.7,20.75,19.9,20.35,20.35,20.29,24369329,494539605.75,39104.0,10351525.0,42.48
GMRINFRA,EQ,10-Nov-2014,21.45,21.7,21.7,20.3,20.6,20.5,20.75,14528260,301478311.6,25625.0,4662749.0,32.09
GMRINFRA,EQ,07-Nov-2014,22.5,22.6,22.8,21.35,21.45,21.45,21.86,15893889,347372727.35,26081.0,5267204.0,33.14
GMRINFRA,EQ,05-Nov-2014,22.6,22.95,23.2,22.35,22.65,22.5,22.76,16466579,374789357.1,19717.0,4164046.0,25.29
GMRINFRA,EQ,03-Nov-2014,21.65,22.05,22.75,21.9,22.6,22.6,22.33,22612979,504888367.95,23830.0,8219952.0,36.35
GMRINFRA,EQ,31-Oct-2014,21.1,21.35,21.85,21.2,21.75,21.65,21.6,19792036,427466929.4,14255.0,7136287.0,36.06
GMRINFRA,EQ,30-Oct-2014,20.85,20.9,21.4,20.4,21.2,21.1,20.87,28612686,597117020.2,22734.0,10415094.0,36.4
GMRINFRA,EQ,29-Oct-2014,20.6,20.95,21.05,20.7,20.75,20.85,20.85,12900768,269001400.95,14425.0,5133738.0,39.79
GMRINFRA,EQ,28-Oct-2014,20.5,20.6,20.75,20.4,20.65,20.6,20.59,7329514,150937378.15,11162.0,2470364.0,33.7
GMRINFRA,EQ,27-Oct-2014,21.4,21.45,21.55,20.3,20.5,20.5,20.66,18317876,378400025.55,17650.0,5935399.0,32.4
GMRINFRA,EQ,23-Oct-2014,21.35,21.45,21.45,21.1,21.4,21.4,21.39,2374098,50778952.4,3406.0,963604.0,40.59
GMRINFRA,EQ,22-Oct-2014,21.35,21.65,21.9,21.1,21.4,21.35,21.37,19602264,418931973.25,14741.0,8670545.0,44.23
GMRINFRA,EQ,21-Oct-2014,21.8,21.7,22.0,21.05,21.35,21.35,21.46,20684921,443910499.65,16737.0,7925713.0,38.32
GMRINFRA,EQ,20-Oct-2014,21.0,21.4,21.95,21.05,21.75,21.8,21.5,25592672,550212675.2,21179.0,10147408.0,39.65
GMRINFRA,EQ,17-Oct-2014,20.3,20.8,21.15,20.5,21.0,21.0,20.91,22394339,468181405.8,23811.0,8372015.0,37.38
GMRINFRA,EQ,16-Oct-2014,22.05,21.8,22.0,19.9,20.85,20.3,20.76,38852940,806642514.45,32704.0,11707671.0,30.13
GMRINFRA,EQ,14-Oct-2014,21.95,21.75,22.35,21.75,22.0,22.05,22.05,13037848,287445402.1,17116.0,3230304.0,24.78
GMRINFRA,EQ,13-Oct-2014,21.85,21.85,22.2,21.3,21.9,21.95,21.73,15025133,326448413.15,22609.0,3465739.0,23.07
GMRINFRA,EQ,10-Oct-2014,21.05,20.6,22.5,20.4,21.8,21.85,21.69,35118354,761751975.9,39867.0,6436293.0,18.33
GMRINFRA,EQ,09-Oct-2014,20.0,20.1,21.5,20.1,21.0,21.05,20.88,23829129,497598509.5,26165.0,5370719.0,22.54
GMRINFRA,EQ,08-Oct-2014,19.85,19.95,20.25,19.4,20.0,20.0,19.92,24599205,490055089.05,31554.0,4657402.0,18.93
GMRINFRA,EQ,07-Oct-2014,17.8,17.65,20.4,17.65,20.0,19.85,19.54,50891638,994274236.85,65071.0,16001440.0,31.44
GMRINFRA,EQ,01-Oct-2014,17.55,17.65,18.15,17.5,17.75,17.8,17.78,33745571,599975013.95,24943.0,16230005.0,48.1
GMRINFRA,EQ,30-Sep-2014,18.45,18.4,18.6,17.15,17.65,17.55,17.86,58454054,1043878199.8,42175.0,31269588.0,53.49
GMRINFRA,EQ,29-Sep-2014,19.3,19.5,19.7,18.25,18.6,18.45,18.96,31808855,603235387.8,30273.0,15643327.0,49.18
GMRINFRA,EQ,26-Sep-2014,18.55,18.7,19.5,18.55,19.4,19.3,19.03,24240875,461354546.55,31247.0,8690658.0,35.85
GMRINFRA,EQ,25-Sep-2014,19.3,19.3,19.55,17.5,19.15,18.55,18.62,78933990,1469781058.45,59870.0,32504325.0,41.18
GMRINFRA,EQ,24-Sep-2014,21.8,21.65,22.0,18.7,19.0,19.3,20.37,44010606,896393015.45,38791.0,18359961.0,41.72
GMRINFRA,EQ,23-Sep-2014,22.65,22.95,22.95,21.65,21.8,21.8,22.18,16337901,362400003.2,20581.0,6113591.0,37.42
GMRINFRA,EQ,22-Sep-2014,23.0,23.05,23.05,22.4,22.5,22.65,22.79,10137533,231019767.95,16152.0,4342028.0,42.83
GMRINFRA,EQ,19-Sep-2014,22.95,23.1,23.45,22.4,22.8,23.0,22.98,17036201,391448249.3,23936.0,6428433.0,37.73
GMRINFRA,EQ,18-Sep-2014,22.35,22.9,23.4,22.45,22.85,22.95,23.0,23896658,549616349.7,29308.0,7025160.0,29.4
GMRINFRA,EQ,17-Sep-2014,22.25,22.5,22.7,21.4,22.0,22.35,22.15,29172365,646130116.45,36793.0,10068118.0,34.51
GMRINFRA,EQ,16-Sep-2014,24.85,25.0,25.15,21.85,21.95,22.25,23.05,48925325,1127552702.5,47463.0,17113620.0,34.98
GMRINFRA,EQ,15-Sep-2014,25.2,24.85,25.1,24.65,24.95,24.85,24.87,7960496,198013845.25,16762.0,1755674.0,22.05
GMRINFRA,EQ,12-Sep-2014,25.15,25.6,25.8,25.0,25.15,25.2,25.28,14491890,366397613.75,21544.0,3393598.0,23.42
GMRINFRA,EQ,11-Sep-2014,25.05,24.9,25.45,24.75,25.35,25.15,25.08,12768413,320255836.1,19108.0,3679460.0,28.82
GMRINFRA,EQ,10-Sep-2014,25.35,25.25,25.7,24.9,25.05,25.05,25.23,13465294,339781959.7,16885.0,3964557.0,29.44
GMRINFRA,EQ,09-Sep-2014,24.95,24.9,25.5,24.55,25.3,25.35,25.05,16900893,423379454.7,24811.0,3199680.0,18.93
GMRINFRA,EQ,08-Sep-2014,24.55,25.2,25.2,24.45,24.95,24.95,24.86,18722871,465411055.2,25786.0,6029194.0,32.2
GMRINFRA,EQ,05-Sep-2014,24.85,25.05,25.1,23.1,24.55,24.55,24.19,50441041,1220212392.35,44850.0,17455885.0,34.61
GMRINFRA,EQ,04-Sep-2014,26.5,26.5,26.5,24.15,25.05,24.85,24.97,29475685,735879977.95,33315.0,9096986.0,30.86
GMRINFRA,EQ,03-Sep-2014,26.7,26.95,27.2,26.4,26.45,26.5,26.79,16231842,434802773.3,25946.0,3500677.0,21.57
GMRINFRA,EQ,02-Sep-2014,25.8,25.75,26.8,25.65,26.6,26.7,26.29,23862006,627225701.0,32646.0,7370035.0,30.89
GMRINFRA,EQ,01-Sep-2014,25.35,25.55,25.9,25.35,25.75,25.8,25.68,14786619,379791276.9,19517.0,4621739.0,31.26
GMRINFRA,EQ,28-Aug-2014,24.95,25.25,25.7,24.55,25.25,25.35,25.16,39638294,997379464.85,29150.0,17973174.0,45.34
GMRINFRA,EQ,27-Aug-2014,25.15,25.55,25.75,24.85,25.0,24.95,25.17,14568001,366671808.1,26788.0,5405666.0,37.11
GMRINFRA,EQ,26-Aug-2014,25.0,24.8,25.65,24.6,25.05,25.15,25.18,22043964,555103958.25,27500.0,6495764.0,29.47
GMRINFRA,EQ,25-Aug-2014,25.05,25.2,25.8,24.45,24.9,25.0,25.09,28238692,708603752.55,32950.0,10457560.0,37.03
GMRINFRA,EQ,22-Aug-2014,25.85,25.95,26.1,24.7,25.05,25.05,25.21,20639511,520416228.55,31002.0,6765863.0,32.78
GMRINFRA,EQ,21-Aug-2014,26.25,26.1,26.85,25.55,25.95,25.85,26.18,19610724,513403726.1,23259.0,5103494.0,26.02
GMRINFRA,EQ,20-Aug-2014,26.95,26.85,27.05,26.1,26.15,26.25,26.53,17422925,462287330.5,34519.0,6659508.0,38.22
GMRINFRA,EQ,19-Aug-2014,26.35,26.45,27.1,26.25,26.9,26.95,26.73,23320260,623465243.2,27673.0,5625628.0,24.12
GMRINFRA,EQ,18-Aug-2014,25.55,25.2,26.5,25.1,26.3,26.35,26.03,20258990,527429156.55,24891.0,4423755.0,21.84
GMRINFRA,EQ,14-Aug-2014,24.9,24.9,25.75,24.1,25.4,25.55,24.98,31678546,791286997.8,42028.0,10456786.0,33.01
GMRINFRA,EQ,13-Aug-2014,25.3,25.2,25.3,24.0,24.75,24.9,24.67,48160525,1187988500.65,49532.0,16378942.0,34.01
GMRINFRA,EQ,12-Aug-2014,25.55,25.75,26.05,25.15,25.2,25.3,25.58,27167714,694982275.65,29660.0,11688562.0,43.02
GMRINFRA,EQ,11-Aug-2014,26.0,26.45,26.65,25.25,25.45,25.55,25.81,24237487,625598582.85,30331.0,7591154.0,31.32
GMRINFRA,EQ,08-Aug-2014,27.25,26.95,26.95,25.85,26.05,26.0,26.4,15927761,420542754.05,31369.0,4012626.0,25.19
GMRINFRA,EQ,07-Aug-2014,27.8,27.9,28.2,27.0,27.25,27.25,27.6,20499534,565751034.45,30700.0,5984234.0,29.19
GMRINFRA,EQ,06-Aug-2014,28.7,28.5,29.2,27.5,27.8,27.8,28.44,23513178,668826539.9,30990.0,7119931.0,30.28
GMRINFRA,EQ,05-Aug-2014,29.15,29.1,29.2,28.0,28.6,28.7,28.44,30135760,857123567.75,35494.0,7715338.0,25.6
GMRINFRA,EQ,04-Aug-2014,28.7,29.25,29.5,28.55,29.1,29.15,29.04,30910225,897606158.8,34914.0,7184661.0,23.24
GMRINFRA,EQ,01-Aug-2014,26.75,26.65,29.85,26.5,28.8,28.7,28.13,107530006,3024971294.5,94728.0,35586697.0,33.09
GMRINFRA,EQ,31-Jul-2014,25.85,25.9,27.15,25.9,27.0,26.75,26.67,100426822,2678055090.35,60022.0,41784593.0,41.61
GMRINFRA,EQ,30-Jul-2014,25.25,25.0,26.15,24.85,25.95,25.85,25.37,23494298,596148698.65,20077.0,11740197.0,49.97
GMRINFRA,EQ,28-Jul-2014,25.35,25.1,25.45,24.95,25.2,25.25,25.13,26424079,664065306.4,22516.0,12427977.0,47.03
GMRINFRA,EQ,25-Jul-2014,25.9,25.9,26.1,24.6,25.5,25.35,25.38,46930654,1191307092.7,31976.0,26269868.0,55.98
GMRINFRA,EQ,24-Jul-2014,26.45,26.55,26.8,25.75,26.0,25.9,26.16,22608714,591421138.85,27468.0,8335447.0,36.87
GMRINFRA,EQ,23-Jul-2014,25.7,25.95,27.0,25.85,26.5,26.45,26.47,43860770,1161190617.25,42852.0,18824089.0,42.92
GMRINFRA,EQ,22-Jul-2014,26.3,26.45,26.65,25.5,25.75,25.7,26.1,19027814,496694845.45,22829.0,7818850.0,41.09
GMRINFRA,EQ,21-Jul-2014,26.35,26.65,26.9,26.15,26.3,26.3,26.54,16785454,445444871.9,23990.0,5028808.0,29.96
GMRINFRA,EQ,18-Jul-2014,27.4,27.35,27.35,26.2,26.35,26.35,26.6,43117688,1147130149.45,44378.0,19247777.0,44.64
GMRINFRA,EQ,17-Jul-2014,27.95,28.05,28.45,27.05,27.4,27.4,27.79,24374516,677361678.1,46134.0,9775936.0,40.11
GMRINFRA,EQ,16-Jul-2014,27.2,27.65,28.15,27.5,28.1,27.95,27.82,45338702,1261296971.65,55251.0,25444174.0,56.12
GMRINFRA,EQ,15-Jul-2014,26.45,26.95,27.6,26.75,27.1,27.2,27.19,33865924,920819524.55,38176.0,14929431.0,44.08
GMRINFRA,EQ,14-Jul-2014,26.1,26.05,27.0,25.65,26.4,26.45,26.43,26772605,707694397.8,42588.0,10699996.0,39.97
GMRINFRA,EQ,11-Jul-2014,28.45,28.5,29.1,25.75,26.25,26.1,26.83,55318746,1484121277.5,59071.0,27865345.0,50.37
GMRINFRA,EQ,10-Jul-2014,28.25,28.4,30.4,27.0,28.65,28.45,28.88,43219615,1248269289.95,52532.0,15309795.0,35.42
GMRINFRA,EQ,09-Jul-2014,28.8,28.8,29.5,26.1,28.3,28.25,28.17,56148729,1581654708.75,50828.0,13346899.0,23.77
GMRINFRA,EQ,08-Jul-2014,31.45,31.55,31.65,28.35,28.35,28.8,29.91,28096263,840496902.1,32983.0,12566495.0,44.73
GMRINFRA,EQ,07-Jul-2014,31.7,31.9,32.2,31.3,31.4,31.45,31.63,14246583,450573111.75,19891.0,6041898.0,42.41
GMRINFRA,EQ,04-Jul-2014,31.15,31.35,31.95,31.0,31.6,31.7,31.53,27682194,872762424.3,34447.0,12008557.0,43.38
GMRINFRA,EQ,03-Jul-2014,33.75,33.9,33.95,30.8,31.1,31.15,31.62,68604062,2169305111.7,73979.0,29851935.0,43.51
GMRINFRA,EQ,02-Jul-2014,34.5,34.8,34.9,33.45,33.55,33.75,34.07,39552547,1347676813.9,50625.0,16767846.0,42.39
GMRINFRA,EQ,01-Jul-2014,34.45,34.55,34.8,34.05,34.6,34.5,34.47,11692211,403011528.0,18443.0,4129036.0,35.31
GMRINFRA,EQ,30-Jun-2014,33.85,34.0,34.65,33.95,34.45,34.45,34.37,22727780,781256659.75,31615.0,8790844.0,38.68
GMRINFRA,EQ,27-Jun-2014,32.95,33.25,34.15,32.5,33.9,33.85,33.37,24675425,823327212.35,33104.0,8135489.0,32.97
GMRINFRA,EQ,26-Jun-2014,33.4,33.6,34.0,32.6,33.0,32.95,33.23,26835844,891834991.7,31054.0,8999860.0,33.54
GMRINFRA,EQ,25-Jun-2014,33.2,33.25,33.55,33.15,33.45,33.4,33.37,12688537,423417480.95,15937.0,3798264.0,29.93
GMRINFRA,EQ,24-Jun-2014,31.9,31.95,33.35,31.95,33.2,33.2,32.94,28761959,947299494.5,30264.0,10730980.0,37.31
GMRINFRA,EQ,23-Jun-2014,32.5,32.2,32.8,31.75,31.95,31.9,32.1,13414609,430594556.25,21132.0,3837062.0,28.6
GMRINFRA,EQ,20-Jun-2014,32.85,33.2,33.45,32.35,32.45,32.5,32.86,21180987,695909362.8,22142.0,9241539.0,43.63
GMRINFRA,EQ,19-Jun-2014,32.85,33.05,34.4,32.45,33.05,32.85,33.37,52532210,1753012332.25,53441.0,12242513.0,23.3
GMRINFRA,EQ,18-Jun-2014,34.25,33.9,34.7,32.0,32.75,32.85,33.38,18423109,614941329.15,32961.0,3719893.0,20.19
GMRINFRA,EQ,17-Jun-2014,33.2,33.5,34.35,33.0,34.25,34.25,33.77,16922008,571439886.5,35994.0,2835959.0,16.76
GMRINFRA,EQ,16-Jun-2014,33.15,32.8,33.45,30.8,33.25,33.2,32.31,22503453,727091029.8,47769.0,3801669.0,16.89
GMRINFRA,EQ,13-Jun-2014,35.35,35.05,35.6,32.15,33.5,33.15,33.81,20626090,697293614.1,40154.0,4925143.0,23.88
GMRINFRA,EQ,12-Jun-2014,35.65,35.65,36.0,34.55,35.3,35.35,35.46,16651630,590472436.6,25992.0,5095119.0,30.6
GMRINFRA,EQ,11-Jun-2014,37.65,38.0,38.25,35.25,35.55,35.65,36.6,38428490,1406565174.7,47777.0,10761512.0,28.0
GMRINFRA,EQ,10-Jun-2014,36.35,36.9,38.25,35.35,37.6,37.65,37.22,58307506,2170359512.4,76461.0,17575775.0,30.14
GMRINFRA,EQ,09-Jun-2014,35.05,35.4,36.7,34.3,36.45,36.35,35.52,47733400,1695676830.55,50770.0,21759691.0,45.59
GMRINFRA,EQ,06-Jun-2014,35.4,35.8,36.0,34.7,35.0,35.05,35.27,32554103,1148026268.15,29750.0,15499926.0,47.61
GMRINFRA,EQ,05-Jun-2014,34.8,34.95,36.05,34.4,35.35,35.4,35.53,40936999,1454637285.75,30863.0,25295495.0,61.79
GMRINFRA,EQ,04-Jun-2014,35.55,35.55,35.85,34.15,34.9,34.8,34.96,28885673,1009903048.0,28159.0,14551289.0,50.38
GMRINFRA,EQ,03-Jun-2014,34.1,34.2,35.9,34.2,35.85,35.55,34.94,23621536,825395326.45,31694.0,8239373.0,34.88
GMRINFRA,EQ,02-Jun-2014,33.35,34.0,34.9,33.45,34.5,34.1,33.94,22978731,779847712.25,25059.0,9557295.0,41.59
GMRINFRA,EQ,30-May-2014,33.3,33.8,35.15,33.0,33.3,33.35,34.02,26199126,891306409.55,39763.0,9596848.0,36.63
GMRINFRA,EQ,29-May-2014,33.65,33.5,34.3,33.0,33.4,33.3,33.67,11364296,382591759.2,27439.0,2967371.0,26.11
GMRINFRA,EQ,28-May-2014,33.4,33.6,34.1,32.6,33.8,33.65,33.33,19655255,655052645.4,44193.0,8117444.0,41.3
GMRINFRA,EQ,27-May-2014,34.1,34.05,34.4,31.8,33.35,33.4,33.28,34134449,1135918862.05,36711.0,17383033.0,50.93
GMRINFRA,EQ,26-May-2014,35.4,36.0,38.0,32.15,34.25,34.1,35.96,41384171,1488272615.35,58977.0,14019653.0,33.88
GMRINFRA,EQ,23-May-2014,34.05,34.75,35.6,34.4,35.45,35.4,35.18,20464957,720054507.6,34836.0,7389692.0,36.11
GMRINFRA,EQ,22-May-2014,33.2,33.6,35.4,33.1,34.25,34.05,34.38,27906568,959442072.6,45393.0,7497559.0,26.87
GMRINFRA,EQ,21-May-2014,32.8,33.0,33.6,31.05,33.35,33.2,32.53,19896050,647274636.45,34443.0,4387038.0,22.05
GMRINFRA,EQ,20-May-2014,33.3,35.0,35.1,32.5,32.85,32.8,33.41,48481582,1619635524.8,55045.0,20298151.0,41.87
GMRINFRA,EQ,19-May-2014,28.25,28.9,33.9,28.5,33.45,33.3,31.11,45965228,1430051699.65,61677.0,18572021.0,40.4
GMRINFRA,EQ,16-May-2014,27.9,29.0,29.9,27.65,28.4,28.25,28.76,44704212,1285771675.65,36302.0,26096031.0,58.37
GMRINFRA,EQ,15-May-2014,28.55,28.5,29.3,27.45,27.85,27.9,28.22,16446979,464081751.8,21782.0,7197929.0,43.76
GMRINFRA,EQ,14-May-2014,28.8,29.1,29.9,28.15,28.35,28.55,29.0,21340098,618860848.35,54320.0,6569377.0,30.78
GMRINFRA,EQ,13-May-2014,26.25,26.6,30.0,26.3,29.05,28.8,28.04,33646771,943510530.3,41136.0,8242411.0,24.5
GMRINFRA,EQ,12-May-2014,25.7,25.7,26.6,25.6,26.15,26.25,26.18,10726193,280774641.05,22973.0,3877217.0,36.15
GMRINFRA,EQ,09-May-2014,25.05,25.0,25.85,24.95,25.6,25.7,25.51,5900010,150503089.85,13070.0,2542362.0,43.09
GMRINFRA,EQ,08-May-2014,25.05,25.1,25.4,24.9,25.05,25.05,25.09,4278355,107353596.75,7068.0,764700.0,17.87
GMRINFRA,EQ,07-May-2014,25.2,25.1,25.4,24.9,25.05,25.05,25.2,3422619,86262768.65,13864.0,1165224.0,34.04
GMRINFRA,EQ,06-May-2014,25.0,25.1,25.35,24.7,25.35,25.2,25.09,3459625,86807079.8,10960.0,1080603.0,31.23
GMRINFRA,EQ,05-May-2014,25.15,25.2,25.45,24.85,24.95,25.0,25.16,3196053,80397046.95,11939.0,727709.0,22.77
GMRINFRA,EQ,02-May-2014,24.85,25.65,25.65,24.85,25.15,25.15,25.14,5791316,145614882.9,14317.0,1173412.0,20.26
GMRINFRA,EQ,30-Apr-2014,25.4,25.65,26.1,24.1,24.8,24.85,25.33,11162605,282777233.2,18183.0,3649814.0,32.7
GMRINFRA,EQ,29-Apr-2014,26.35,26.1,26.25,25.15,25.25,25.4,25.56,13848433,353965680.55,19078.0,3718545.0,26.85
GMRINFRA,EQ,28-Apr-2014,25.7,25.85,26.9,25.6,26.35,26.35,26.5,11987250,317660680.1,21255.0,4519819.0,37.71
GMRINFRA,EQ,25-Apr-2014,25.4,25.4,25.9,24.9,25.8,25.7,25.56,8148977,208288272.9,14403.0,3308117.0,40.6
GMRINFRA,EQ,23-Apr-2014,25.25,25.5,25.75,25.1,25.3,25.4,25.43,12462424,316919634.8,14888.0,5981320.0,47.99
GMRINFRA,EQ,22-Apr-2014,25.6,25.45,25.95,25.0,25.25,25.25,25.45,6108230,155456425.95,14644.0,1271243.0,20.81
GMRINFRA,EQ,21-Apr-2014,25.4,25.6,25.9,25.4,25.65,25.6,25.64,3952697,101353988.25,11483.0,912916.0,23.1
GMRINFRA,EQ,17-Apr-2014,24.15,24.3,25.7,24.05,25.4,25.4,24.96,6638591,165674894.25,18586.0,1824216.0,27.48
GMRINFRA,EQ,16-Apr-2014,25.3,25.3,25.5,23.85,24.2,24.15,24.69,4857184,119904433.25,12271.0,1014476.0,20.89
GMRINFRA,EQ,15-Apr-2014,25.75,25.75,26.0,24.9,25.1,25.3,25.33,4771321,120858587.25,12665.0,1310675.0,27.47
GMRINFRA,EQ,11-Apr-2014,25.7,25.6,26.2,25.25,25.45,25.75,25.81,7196659,185740440.15,15706.0,2624654.0,36.47
GMRINFRA,EQ,10-Apr-2014,25.9,25.95,26.85,25.3,25.6,25.7,26.01,14397123,374434266.3,24241.0,4781541.0,33.21
GMRINFRA,EQ,09-Apr-2014,24.5,24.5,26.0,24.4,25.85,25.9,25.42,16937836,430609718.25,27206.0,6113064.0,36.09
GMRINFRA,EQ,07-Apr-2014,23.2,23.95,24.65,23.05,24.5,24.5,23.99,14172497,339982546.65,23171.0,4304249.0,30.37
GMRINFRA,EQ,04-Apr-2014,23.1,23.15,23.55,22.85,23.15,23.2,23.22,5867900,136273762.75,12635.0,1928223.0,32.86
GMRINFRA,EQ,03-Apr-2014,23.4,23.7,23.7,22.65,23.0,23.1,23.05,7038658,162245784.65,17306.0,2210569.0,31.41
GMRINFRA,EQ,02-Apr-2014,22.55,22.9,23.5,22.2,23.4,23.4,22.92,7260346,166437986.45,15031.0,2245045.0,30.92
GMRINFRA,EQ,01-Apr-2014,21.85,22.25,22.9,21.6,22.7,22.55,22.26,5339043,118830946.35,13113.0,1732745.0,32.45
GMRINFRA,EQ,31-Mar-2014,21.6,22.7,22.85,21.6,21.95,21.85,22.03,8478740,186806238.4,17737.0,2707164.0,31.93
GMRINFRA,EQ,28-Mar-2014,21.3,21.7,21.8,21.3,21.55,21.6,21.59,4384071,94639279.95,10181.0,2406736.0,54.9
GMRINFRA,EQ,27-Mar-2014,21.75,21.75,22.0,21.05,21.3,21.3,21.41,11889732,254501785.5,13708.0,7353912.0,61.85
GMRINFRA,EQ,26-Mar-2014,21.75,21.7,22.3,21.5,21.7,21.75,21.84,5798389,126624799.25,10923.0,2676173.0,46.15
GMRINFRA,EQ,25-Mar-2014,22.0,21.9,22.0,21.6,21.65,21.75,21.75,3158390,68683157.45,7428.0,1657617.0,52.48
GMRINFRA,EQ,24-Mar-2014,21.8,21.8,22.05,21.65,21.9,22.0,21.89,3680709,80574444.75,9561.0,1932714.0,52.51
GMRINFRA,EQ,22-Mar-2014,21.65,21.8,22.0,21.65,22.0,21.8,21.79,308990,6733629.95,2174.0,146282.0,47.34
GMRINFRA,EQ,21-Mar-2014,21.6,21.9,22.0,21.55,21.7,21.65,21.74,2645602,57514437.8,7517.0,1192518.0,45.08
GMRINFRA,EQ,20-Mar-2014,21.85,21.65,22.05,21.35,21.6,21.6,21.75,3464065,75326813.25,9300.0,1227499.0,35.44
GMRINFRA,EQ,19-Mar-2014,21.95,22.0,22.0,21.6,21.85,21.85,21.88,3435059,75175743.2,6000.0,1811366.0,52.73
GMRINFRA,EQ,18-Mar-2014,21.65,21.65,22.1,21.4,22.0,21.95,21.86,5412807,118313748.55,9920.0,2766156.0,51.1
GMRINFRA,EQ,14-Mar-2014,21.2,21.1,21.9,20.5,21.75,21.65,21.15,6770733,143167999.45,11294.0,1867925.0,27.59
GMRINFRA,EQ,13-Mar-2014,22.5,22.6,22.8,20.7,20.9,21.2,21.91,4837748,106005435.3,8464.0,1811692.0,37.45
GMRINFRA,EQ,12-Mar-2014,22.7,22.65,22.8,22.15,22.5,22.5,22.51,8552309,192495048.5,9340.0,3584736.0,41.92
GMRINFRA,EQ,11-Mar-2014,22.05,22.25,23.1,21.95,22.75,22.7,22.5,12852499,289209521.45,12754.0,5395010.0,41.98
GMRINFRA,EQ,10-Mar-2014,21.85,22.2,22.65,21.35,22.05,22.05,22.2,24262191,538607529.55,15565.0,17410303.0,71.76
GMRINFRA,EQ,07-Mar-2014,20.75,21.0,22.7,20.9,21.85,21.85,21.81,15306686,333769124.6,16530.0,7736629.0,50.54
GMRINFRA,EQ,06-Mar-2014,20.9,20.95,21.15,20.6,20.7,20.75,20.81,17206499,358091037.8,6075.0,13674214.0,79.47
GMRINFRA,EQ,05-Mar-2014,20.8,20.95,21.05,20.5,20.8,20.9,20.78,2578100,53562171.95,4816.0,660700.0,25.63
GMRINFRA,EQ,04-Mar-2014,20.5,20.5,21.1,20.4,20.75,20.8,20.86,7899354,164782887.85,9921.0,5626755.0,71.23
GMRINFRA,EQ,03-Mar-2014,20.8,20.8,20.95,20.35,20.35,20.5,20.51,9362367,192067878.4,8654.0,7960103.0,85.02
GMRINFRA,EQ,28-Feb-2014,20.6,20.75,21.05,20.5,20.7,20.8,20.74,3819868,79233842.7,9577.0,1622253.0,42.47
GMRINFRA,EQ,26-Feb-2014,20.1,19.9,21.1,19.7,20.65,20.6,20.51,15711684,322285198.0,12353.0,7378315.0,46.96
GMRINFRA,EQ,25-Feb-2014,20.35,20.35,20.4,19.85,20.0,20.1,20.13,5162054,103920959.5,7198.0,2587501.0,50.13
GMRINFRA,EQ,24-Feb-2014,20.35,20.4,20.55,20.05,20.2,20.35,20.32,2893208,58778363.6,6925.0,1217327.0,42.08
GMRINFRA,EQ,21-Feb-2014,19.9,20.05,20.5,19.85,20.35,20.35,20.17,2838780,57247050.5,5471.0,1118611.0,39.4
GMRINFRA,EQ,20-Feb-2014,19.65,19.55,20.05,19.45,19.95,19.9,19.81,2400799,47570904.55,4358.0,1226886.0,51.1
GMRINFRA,EQ,19-Feb-2014,19.5,19.7,19.8,19.5,19.6,19.65,19.67,1305444,25680464.65,3009.0,349450.0,26.77
GMRINFRA,EQ,18-Feb-2014,19.5,19.5,19.75,19.3,19.5,19.5,19.57,1841708,36035801.15,4191.0,730408.0,39.66
GMRINFRA,EQ,17-Feb-2014,19.6,19.7,19.85,19.45,19.5,19.5,19.57,949231,18578285.65,2625.0,404817.0,42.65
GMRINFRA,EQ,14-Feb-2014,19.4,19.4,19.75,19.3,19.75,19.6,19.49,786245,15326947.2,2898.0,230781.0,29.35
GMRINFRA,EQ,13-Feb-2014,19.75,19.85,19.9,19.2,19.5,19.4,19.45,2442402,47506721.9,5509.0,985496.0,40.35
GMRINFRA,EQ,12-Feb-2014,19.7,19.6,20.0,19.4,19.9,19.75,19.67,4646824,91421607.7,5056.0,2767860.0,59.56
GMRINFRA,EQ,11-Feb-2014,20.1,20.3,20.3,19.6,19.85,19.7,19.83,2559052,50757804.35,7051.0,1115972.0,43.61
GMRINFRA,EQ,10-Feb-2014,20.0,20.05,20.35,19.8,20.05,20.1,20.1,2100123,42220844.55,9802.0,589393.0,28.06
GMRINFRA,EQ,07-Feb-2014,19.85,19.95,20.15,19.8,20.1,20.0,19.98,1487272,29721374.3,9322.0,345925.0,23.26
GMRINFRA,EQ,06-Feb-2014,19.9,19.9,20.15,19.55,19.8,19.85,19.84,2305118,45741076.35,7014.0,758928.0,32.92
GMRINFRA,EQ,05-Feb-2014,19.75,19.75,20.15,19.25,19.85,19.9,19.73,3045860,60107435.3,12372.0,938999.0,30.83
GMRINFRA,EQ,04-Feb-2014,19.55,19.0,20.0,18.8,19.8,19.75,19.49,6573103,128081192.95,5886.0,2538425.0,38.62
GMRINFRA,EQ,03-Feb-2014,20.3,20.3,20.3,19.15,19.55,19.55,19.74,4330645,85471681.0,8132.0,1988103.0,45.91
GMRINFRA,EQ,31-Jan-2014,19.55,19.7,20.4,19.4,20.25,20.3,20.07,5925957,118961877.95,10932.0,2722792.0,45.95
GMRINFRA,EQ,30-Jan-2014,20.95,20.75,20.75,18.95,19.45,19.55,19.68,16392199,322633427.4,20247.0,7021898.0,42.84
GMRINFRA,EQ,29-Jan-2014,20.9,20.9,21.3,20.9,20.95,20.95,21.1,2711271,57211629.75,6119.0,949647.0,35.03
GMRINFRA,EQ,28-Jan-2014,20.55,20.55,21.1,20.0,20.9,20.9,20.71,5303626,109824142.35,11748.0,1949047.0,36.75
GMRINFRA,EQ,27-Jan-2014,23.0,22.5,22.5,20.25,20.45,20.55,21.22,7090291,150431102.5,19727.0,2878876.0,40.6
GMRINFRA,EQ,24-Jan-2014,23.45,23.15,23.35,22.65,22.85,23.0,22.96,3329425,76441428.4,6830.0,756752.0,22.73
GMRINFRA,EQ,23-Jan-2014,23.45,23.6,23.6,23.0,23.35,23.45,23.37,3894894,91013920.95,5641.0,1575101.0,40.44
GMRINFRA,EQ,22-Jan-2014,23.75,23.75,23.75,23.35,23.35,23.45,23.46,4184162,98155248.05,6130.0,1332438.0,31.84
GMRINFRA,EQ,21-Jan-2014,23.45,23.25,24.05,23.25,23.65,23.75,23.77,5888222,139959796.1,10126.0,1934455.0,32.85
GMRINFRA,EQ,20-Jan-2014,22.95,22.5,23.65,22.5,23.4,23.45,23.25,5278690,122707971.15,9403.0,1781250.0,33.74
GMRINFRA,EQ,17-Jan-2014,22.7,22.4,23.1,22.4,22.9,22.95,22.9,5047883,115610814.95,8331.0,2347528.0,46.51
GMRINFRA,EQ,16-Jan-2014,22.65,22.8,23.05,22.5,22.75,22.7,22.71,4792440,108858840.75,17106.0,1421621.0,29.66
GMRINFRA,EQ,15-Jan-2014,22.45,22.45,22.85,22.35,22.65,22.65,22.64,8037693,181996804.75,9935.0,3853572.0,47.94
GMRINFRA,EQ,14-Jan-2014,22.3,22.3,22.8,22.1,22.5,22.45,22.39,4462788,99907657.35,12297.0,1603177.0,35.92
GMRINFRA,EQ,13-Jan-2014,21.9,21.95,22.7,21.65,22.55,22.3,22.11,4922232,108842067.4,10269.0,1954863.0,39.71
GMRINFRA,EQ,10-Jan-2014,22.05,22.15,22.8,21.7,21.9,21.9,22.22,7546443,167704809.8,17241.0,3262423.0,43.23
GMRINFRA,EQ,09-Jan-2014,22.8,22.9,22.95,21.9,22.1,22.05,22.29,5097247,113601796.1,9343.0,1667768.0,32.72
GMRINFRA,EQ,08-Jan-2014,22.65,22.9,23.25,22.6,22.9,22.8,22.91,3427814,78532845.3,5909.0,915514.0,26.71
GMRINFRA,EQ,07-Jan-2014,23.45,23.45,23.7,22.55,22.65,22.65,22.89,6297596,144133735.75,9214.0,2287701.0,36.33
GMRINFRA,EQ,06-Jan-2014,23.7,23.7,23.85,23.35,23.6,23.45,23.56,5270321,124189595.1,9997.0,2130054.0,40.42
GMRINFRA,EQ,03-Jan-2014,23.6,23.1,24.0,23.1,23.65,23.7,23.62,5170805,122159672.5,15181.0,1513572.0,29.27
GMRINFRA,EQ,02-Jan-2014,24.85,25.05,25.15,23.1,23.6,23.6,24.13,8843302,213346326.85,15973.0,2538118.0,28.7
GMRINFRA,EQ,01-Jan-2014,24.8,24.85,25.35,24.75,24.85,24.85,25.01,6215223,155472726.3,8781.0,1366543.0,21.99
GMRINFRA,EQ,31-Dec-2013,24.35,24.6,25.3,24.4,24.75,24.8,24.9,7946695,197861186.55,15389.0,1482935.0,18.66
GMRINFRA,EQ,30-Dec-2015,16.15,16.25,16.3,15.9,15.95,16.0,16.14,19257417,310744396.75,12787.0,3975015.0,20.64
GMRINFRA,EQ,29-Dec-2015,16.1,16.4,16.5,16.0,16.15,16.15,16.23,26505688,430057291.05,14902.0,4081849.0,15.4
GMRINFRA,EQ,28-Dec-2015,16.05,16.15,16.4,15.95,16.1,16.1,16.17,25350323,409882849.45,13322.0,3093433.0,12.2
GMRINFRA,EQ,24-Dec-2015,15.55,15.7,16.2,15.55,16.1,16.05,15.93,28010209,446252118.55,15946.0,4474933.0,15.98
GMRINFRA,EQ,23-Dec-2015,15.55,15.75,16.0,15.5,15.6,15.55,15.69,17971546,282044337.55,9974.0,3519286.0,19.58
GMRINFRA,EQ,22-Dec-2015,15.3,15.4,16.3,15.4,15.65,15.55,15.82,41841941,662060187.85,23064.0,6764280.0,16.17
GMRINFRA,EQ,21-Dec-2015,15.2,15.25,15.45,15.15,15.35,15.3,15.33,12961778,198662118.25,5653.0,2425939.0,18.72
GMRINFRA,EQ,18-Dec-2015,15.5,15.4,15.5,15.1,15.15,15.2,15.31,19086894,292195914.35,10249.0,4269245.0,22.37
GMRINFRA,EQ,17-Dec-2015,15.0,15.25,15.6,15.05,15.55,15.5,15.34,19859281,304648302.4,20439.0,3500374.0,17.63
GMRINFRA,EQ,16-Dec-2015,15.0,15.25,15.4,14.85,15.0,15.0,15.12,26358447,398646845.75,20812.0,2662317.0,10.1
GMRINFRA,EQ,15-Dec-2015,15.15,15.25,15.3,14.8,15.0,15.0,15.08,21726990,327703263.9,16690.0,3633530.0,16.72
GMRINFRA,EQ,14-Dec-2015,15.15,15.2,15.75,14.85,15.2,15.15,15.27,37348097,570342000.0,27683.0,3223097.0,8.63
GMRINFRA,EQ,11-Dec-2015,15.8,15.9,16.05,14.85,15.25,15.15,15.39,34643695,533203494.05,20684.0,5079075.0,14.66
GMRINFRA,EQ,10-Dec-2015,14.95,15.2,15.95,14.75,15.85,15.8,15.44,44746165,691012867.4,26744.0,6679381.0,14.93
GMRINFRA,EQ,09-Dec-2015,15.35,15.15,15.4,14.65,15.1,14.95,15.08,41645295,627922621.85,27210.0,4853560.0,11.65
GMRINFRA,EQ,08-Dec-2015,16.2,16.2,16.45,15.05,15.1,15.35,15.77,52081102,821101776.0,47096.0,8340232.0,16.01
GMRINFRA,EQ,07-Dec-2015,15.45,16.2,16.75,15.6,16.2,16.2,16.19,75740302,1226387311.65,48426.0,8785621.0,11.6
GMRINFRA,EQ,04-Dec-2015,18.1,18.25,18.35,14.85,15.4,15.45,16.69,117053647,1953532561.4,72056.0,17374473.0,14.84
GMRINFRA,EQ,03-Dec-2015,17.65,17.8,18.55,17.55,18.25,18.1,18.14,57976580,1051495039.1,43812.0,9656172.0,16.66
GMRINFRA,EQ,02-Dec-2015,16.45,16.65,17.85,16.55,17.8,17.65,17.21,56534611,973199634.75,41480.0,13688657.0,24.21
GMRINFRA,EQ,01-Dec-2015,16.55,16.75,17.1,16.25,16.5,16.45,16.59,26328788,436843418.4,21773.0,6483209.0,24.62
GMRINFRA,EQ,30-Nov-2015,15.8,15.9,16.85,15.8,16.65,16.55,16.47,48096862,792346612.65,29473.0,8982790.0,18.68
GMRINFRA,EQ,27-Nov-2015,15.75,15.65,16.65,15.45,15.8,15.8,16.06,71856687,1153704410.95,35887.0,16495363.0,22.96
GMRINFRA,EQ,26-Nov-2015,14.85,14.95,16.05,14.8,15.6,15.75,15.46,67158678,1038188667.9,38346.0,23211623.0,34.56
GMRINFRA,EQ,24-Nov-2015,14.15,14.25,15.0,14.1,14.8,14.85,14.84,46540909,690471719.85,29174.0,17191598.0,36.94
GMRINFRA,EQ,23-Nov-2015,14.1,14.25,14.3,14.0,14.15,14.15,14.17,9155056,129723661.05,4364.0,1782244.0,19.47
GMRINFRA,EQ,20-Nov-2015,14.4,14.5,14.75,13.95,14.05,14.1,14.38,21572756,310135575.45,13032.0,6001389.0,27.82
GMRINFRA,EQ,19-Nov-2015,14.25,15.0,15.05,14.25,14.4,14.4,14.47,28199600,407915296.55,14967.0,8495569.0,30.13
GMRINFRA,EQ,18-Nov-2015,13.3,13.5,14.85,13.35,14.25,14.25,14.31,62778406,898655606.25,48853.0,11624719.0,18.52
GMRINFRA,EQ,17-Nov-2015,13.4,13.4,13.95,13.2,13.35,13.3,13.49,20913493,282190925.25,11818.0,4265543.0,20.4
GMRINFRA,EQ,16-Nov-2015,11.9,12.3,13.6,12.2,13.55,13.4,13.01,32418207,421836163.3,20676.0,5910402.0,18.23
GMRINFRA,EQ,13-Nov-2015,11.9,11.85,12.1,11.7,11.85,11.9,11.9,4101584,48826376.75,2944.0,1086590.0,26.49
GMRINFRA,EQ,11-Nov-2015,11.65,11.75,11.95,11.75,11.95,11.9,11.9,1294801,15403296.35,1931.0,601906.0,46.49
GMRINFRA,EQ,10-Nov-2015,11.95,11.95,12.05,11.6,11.6,11.65,11.76,4712137,55396901.3,3354.0,1483816.0,31.49
GMRINFRA,EQ,09-Nov-2015,11.8,11.45,12.0,11.2,11.95,11.95,11.73,5577712,65402880.8,4094.0,1342708.0,24.07
GMRINFRA,EQ,06-Nov-2015,12.05,12.0,12.2,11.65,11.8,11.8,11.82,18422317,217678380.65,7988.0,6988781.0,37.94
GMRINFRA,EQ,05-Nov-2015,12.6,12.5,12.65,12.0,12.05,12.05,12.27,10774005,132152969.75,7154.0,4158039.0,38.59
GMRINFRA,EQ,04-Nov-2015,12.7,12.8,12.9,12.55,12.65,12.6,12.7,3528964,44835237.1,3361.0,1478751.0,41.9
GMRINFRA,EQ,03-Nov-2015,12.75,12.85,13.0,12.65,12.65,12.7,12.78,5779932,73846824.3,4430.0,2252428.0,38.97
GMRINFRA,EQ,02-Nov-2015,13.1,13.05,13.2,12.7,12.75,12.75,12.89,7960740,102605333.95,4870.0,2644685.0,33.22
GMRINFRA,EQ,30-Oct-2015,13.2,13.3,13.6,12.95,13.05,13.1,13.31,11311282,150573239.35,6080.0,4395867.0,38.86
GMRINFRA,EQ,29-Oct-2015,13.25,13.3,13.55,13.1,13.3,13.2,13.26,39857428,528694631.25,7639.0,17624164.0,44.22
GMRINFRA,EQ,28-Oct-2015,13.55,13.4,13.6,13.1,13.25,13.25,13.36,30418067,406503512.1,8866.0,16788569.0,55.19
GMRINFRA,EQ,27-Oct-2015,13.2,13.1,13.75,13.0,13.45,13.55,13.42,29249924,392618988.3,10379.0,12049177.0,41.19
GMRINFRA,EQ,26-Oct-2015,13.3,13.5,13.6,13.1,13.25,13.2,13.35,7466518,99649661.8,4701.0,1413339.0,18.93
GMRINFRA,EQ,23-Oct-2015,13.55,13.7,13.85,13.2,13.3,13.3,13.45,12832970,172572215.05,5481.0,5549559.0,43.24
GMRINFRA,EQ,21-Oct-2015,14.0,14.1,14.2,13.2,13.5,13.55,13.73,13672177,187673743.85,8415.0,3840656.0,28.09
GMRINFRA,EQ,20-Oct-2015,13.8,13.85,14.75,13.8,14.05,14.0,14.22,29061665,413388955.75,14052.0,10897284.0,37.5
GMRINFRA,EQ,19-Oct-2015,13.8,13.85,13.95,13.7,13.85,13.8,13.83,7087060,98027054.0,3113.0,2651238.0,37.41
GMRINFRA,EQ,16-Oct-2015,13.75,13.8,13.95,13.7,13.8,13.8,13.83,7255532,100325022.75,7192.0,2841751.0,39.17
GMRINFRA,EQ,15-Oct-2015,13.55,13.75,14.0,13.7,13.75,13.75,13.8,8054745,111160649.1,7018.0,2984168.0,37.05
GMRINFRA,EQ,14-Oct-2015,13.55,13.6,13.95,13.5,13.55,13.55,13.72,9962245,136681473.3,5386.0,3525657.0,35.39
GMRINFRA,EQ,13-Oct-2015,13.75,13.75,13.85,13.5,13.6,13.55,13.68,10938795,149642853.75,5858.0,5280011.0,48.27
GMRINFRA,EQ,12-Oct-2015,13.7,14.15,14.15,13.55,13.85,13.75,13.83,15700744,217131710.8,8122.0,5791254.0,36.89
GMRINFRA,EQ,09-Oct-2015,13.95,14.2,14.2,13.6,13.7,13.7,13.84,10385683,143748772.6,11670.0,3599325.0,34.66
GMRINFRA,EQ,08-Oct-2015,14.0,14.1,14.5,13.75,13.9,13.95,14.06,11988344,168581307.1,13511.0,2417794.0,20.17
GMRINFRA,EQ,07-Oct-2015,13.55,13.6,14.3,13.4,14.15,14.0,13.96,17230915,240520594.4,13296.0,7771187.0,45.1
GMRINFRA,EQ,06-Oct-2015,13.65,13.75,13.95,13.45,13.6,13.55,13.69,6883468,94207738.5,7196.0,899455.0,13.07
GMRINFRA,EQ,05-Oct-2015,13.2,13.3,13.7,13.25,13.65,13.65,13.56,9139372,123898802.1,10598.0,2507875.0,27.44
GMRINFRA,EQ,01-Oct-2015,13.55,13.55,13.8,13.15,13.3,13.2,13.49,7464862,100682745.25,10000.0,1481401.0,19.84
GMRINFRA,EQ,30-Sep-2015,13.3,13.3,13.65,13.3,13.55,13.55,13.53,10120101,136961763.65,8708.0,2614251.0,25.83
GMRINFRA,EQ,29-Sep-2015,13.15,13.0,13.65,12.8,13.25,13.3,13.27,11323790,150305242.75,12542.0,2564127.0,22.64
GMRINFRA,EQ,28-Sep-2015,13.1,13.2,13.6,13.05,13.15,13.15,13.34,9701781,129403034.65,12902.0,3067397.0,31.62
GMRINFRA,EQ,24-Sep-2015,13.45,13.0,13.5,12.95,13.2,13.1,13.18,21056443,277523955.7,15979.0,8377208.0,39.78
GMRINFRA,EQ,23-Sep-2015,12.75,12.6,13.85,12.45,13.45,13.45,13.43,13660519,183451577.85,14938.0,3062766.0,22.42
GMRINFRA,EQ,22-Sep-2015,13.05,13.25,13.3,12.6,12.8,12.75,12.92,6513689,84156539.1,11981.0,1839123.0,28.23
GMRINFRA,EQ,21-Sep-2015,12.5,12.5,13.2,12.25,13.15,13.05,12.79,6268625,80149261.85,8921.0,1858447.0,29.65
GMRINFRA,EQ,18-Sep-2015,12.25,12.6,12.9,12.3,12.5,12.5,12.61,9275036,117003180.5,12764.0,2027258.0,21.86
GMRINFRA,EQ,16-Sep-2015,12.35,12.4,12.6,12.25,12.25,12.25,12.38,2406574,29786012.25,6471.0,774209.0,32.17
GMRINFRA,EQ,15-Sep-2015,12.45,12.5,12.55,12.25,12.3,12.35,12.39,6513155,80676863.7,9008.0,2500794.0,38.4
GMRINFRA,EQ,14-Sep-2015,12.1,12.1,12.7,12.05,12.5,12.45,12.4,15149678,187877476.7,15447.0,6698568.0,44.22
GMRINFRA,EQ,11-Sep-2015,12.05,12.1,12.25,11.9,12.2,12.1,12.09,9485845,114694805.85,8616.0,3578323.0,37.72
GMRINFRA,EQ,10-Sep-2015,12.1,11.9,12.1,11.55,12.05,12.05,11.85,6537877,77460078.1,11283.0,1222589.0,18.7
GMRINFRA,EQ,09-Sep-2015,11.45,11.75,12.25,11.6,12.1,12.1,11.87,6846140,81289564.8,10916.0,2053707.0,30.0
GMRINFRA,EQ,08-Sep-2015,11.0,11.0,11.6,10.8,11.6,11.45,11.29,9246019,104363811.25,11592.0,2989999.0,32.34
GMRINFRA,EQ,07-Sep-2015,11.15,11.35,11.35,10.55,11.0,11.0,10.91,10355604,112985816.55,10201.0,3093419.0,29.87
GMRINFRA,EQ,04-Sep-2015,11.2,11.2,11.5,9.8,11.35,11.15,10.64,23888268,254055219.15,27357.0,7828386.0,32.77
GMRINFRA,EQ,03-Sep-2015,11.2,11.2,11.5,11.1,11.2,11.2,11.27,14027126,158103622.4,10697.0,6172263.0,44.0
GMRINFRA,EQ,02-Sep-2015,11.3,11.45,11.55,11.0,11.35,11.2,11.27,6633344,74773232.75,10859.0,2179542.0,32.86
GMRINFRA,EQ,01-Sep-2015,11.65,11.55,11.65,11.05,11.3,11.3,11.4,6477031,73814642.1,13758.0,1445099.0,22.31
GMRINFRA,EQ,31-Aug-2015,11.65,11.75,12.05,11.35,11.65,11.65,11.71,6813501,79775092.75,11617.0,1845283.0,27.08
GMRINFRA,EQ,28-Aug-2015,12.25,12.4,12.55,11.55,11.7,11.65,12.0,12232706,146754497.95,17423.0,3772148.0,30.84
GMRINFRA,EQ,27-Aug-2015,11.95,12.4,12.4,11.6,12.2,12.25,12.06,24155229,291211273.95,19111.0,5396350.0,22.34
GMRINFRA,EQ,26-Aug-2015,11.3,11.3,12.15,10.95,11.9,11.95,11.79,27396107,323042034.75,20599.0,9361525.0,34.17
GMRINFRA,EQ,25-Aug-2015,10.8,11.1,11.7,9.8,11.7,11.3,10.61,37064861,393420021.55,28417.0,13316531.0,35.93
GMRINFRA,EQ,24-Aug-2015,12.55,12.0,12.15,10.1,11.05,10.8,10.96,31318286,343181905.55,24164.0,14233339.0,45.45
GMRINFRA,EQ,21-Aug-2015,12.65,12.5,12.6,12.15,12.5,12.55,12.43,9773209,121465901.05,13188.0,3784785.0,38.73
GMRINFRA,EQ,20-Aug-2015,12.95,12.9,12.95,12.6,12.65,12.65,12.76,7634463,97414819.4,12917.0,2345502.0,30.72
GMRINFRA,EQ,19-Aug-2015,12.95,12.95,13.1,12.75,13.0,12.95,12.96,4880401,63247536.25,11272.0,1754215.0,35.94
GMRINFRA,EQ,18-Aug-2015,12.9,12.9,13.15,12.9,12.95,12.95,12.99,4265672,55411996.55,7052.0,1024573.0,24.02
GMRINFRA,EQ,17-Aug-2015,13.2,13.3,13.4,12.8,12.9,12.9,13.0,5029778,65401125.85,9683.0,1845320.0,36.69
GMRINFRA,EQ,14-Aug-2015,12.9,13.2,13.5,13.0,13.2,13.2,13.25,9411299,124717678.05,12345.0,2994019.0,31.81
GMRINFRA,EQ,13-Aug-2015,13.3,13.4,13.5,12.6,13.1,12.9,13.02,13672863,178057929.4,12894.0,4810790.0,35.18
GMRINFRA,EQ,12-Aug-2015,13.55,13.5,13.6,13.2,13.3,13.3,13.35,9726525,129834682.8,7348.0,3657826.0,37.61
GMRINFRA,EQ,11-Aug-2015,13.75,13.85,14.0,13.4,13.6,13.55,13.63,6497390,88545119.1,8967.0,1751015.0,26.95
GMRINFRA,EQ,10-Aug-2015,13.95,13.9,14.15,13.7,13.85,13.75,13.89,4397342,61072882.45,7951.0,1241697.0,28.24
GMRINFRA,EQ,07-Aug-2015,14.05,14.0,14.15,13.9,13.9,13.95,14.0,4497052,62976028.5,5735.0,1092845.0,24.3
GMRINFRA,EQ,06-Aug-2015,14.1,14.2,14.3,13.9,14.05,14.05,14.09,6455782,90933320.05,6948.0,1534231.0,23.77
GMRINFRA,EQ,05-Aug-2015,14.0,14.05,14.55,14.0,14.1,14.1,14.24,11159123,158867585.0,10772.0,3201450.0,28.69
GMRINFRA,EQ,04-Aug-2015,14.25,14.3,14.35,13.9,13.95,14.0,14.11,5378645,75873661.45,7202.0,1685514.0,31.34
GMRINFRA,EQ,03-Aug-2015,14.0,14.0,14.65,14.0,14.25,14.25,14.36,10106383,145077430.2,9234.0,1927996.0,19.08
GMRINFRA,EQ,31-Jul-2015,14.3,14.35,14.4,13.8,14.1,14.0,14.05,8616037,121055213.85,13647.0,2088526.0,24.24
GMRINFRA,EQ,30-Jul-2015,13.4,13.45,14.7,13.4,14.25,14.3,14.28,24618170,351478522.25,25341.0,6778571.0,27.53
GMRINFRA,EQ,29-Jul-2015,13.75,13.85,14.1,13.25,13.4,13.4,13.54,11052820,149650218.95,10306.0,4811413.0,43.53
GMRINFRA,EQ,28-Jul-2015,14.0,14.05,14.25,13.65,13.7,13.75,13.9,8204612,114036171.05,9008.0,2741507.0,33.41
GMRINFRA,EQ,27-Jul-2015,14.6,14.55,15.1,13.85,14.05,14.0,14.38,10774910,154939109.6,13506.0,2783589.0,25.83
GMRINFRA,EQ,24-Jul-2015,15.2,15.3,15.35,14.55,14.6,14.6,14.85,4622749,68663203.55,11493.0,1478777.0,31.99
GMRINFRA,EQ,23-Jul-2015,14.45,14.4,15.5,14.3,15.3,15.2,15.11,15031658,227163046.5,15318.0,3909628.0,26.01
GMRINFRA,EQ,22-Jul-2015,14.3,14.4,14.6,14.15,14.3,14.45,14.36,13324000,191394435.05,8799.0,5778885.0,43.37
GMRINFRA,EQ,21-Jul-2015,15.0,14.75,14.95,14.15,14.4,14.3,14.52,7442206,108029897.8,8297.0,2565621.0,34.47
GMRINFRA,EQ,20-Jul-2015,15.1,15.15,15.25,14.85,15.0,15.0,15.02,3450473,51837409.55,4187.0,1280533.0,37.11
GMRINFRA,EQ,17-Jul-2015,15.05,15.1,15.35,14.8,15.2,15.1,15.08,10807888,162949218.15,8777.0,5117003.0,47.35
GMRINFRA,EQ,16-Jul-2015,14.9,14.9,15.1,14.85,15.05,15.05,14.99,5895348,88388666.95,5580.0,1827186.0,30.99
GMRINFRA,EQ,15-Jul-2015,14.85,14.85,15.05,14.65,14.9,14.9,14.88,4345174,64640875.1,7421.0,1188586.0,27.35
GMRINFRA,EQ,14-Jul-2015,14.75,14.95,15.25,14.8,14.85,14.85,15.02,11562593,173662747.7,13171.0,2335168.0,20.2
GMRINFRA,EQ,13-Jul-2015,14.2,14.25,14.8,14.15,14.75,14.75,14.54,5824702,84692125.35,7894.0,2083749.0,35.77
GMRINFRA,EQ,10-Jul-2015,14.25,14.5,14.5,14.05,14.1,14.2,14.22,6087964,86563473.35,12364.0,2269405.0,37.28
GMRINFRA,EQ,09-Jul-2015,14.2,14.3,14.35,14.05,14.2,14.25,14.23,4563509,64924839.0,8227.0,1369072.0,30.0
GMRINFRA,EQ,08-Jul-2015,14.5,14.35,14.35,13.85,14.25,14.2,14.12,10386888,146696157.6,14008.0,3005781.0,28.94
GMRINFRA,EQ,07-Jul-2015,14.5,14.5,14.7,14.3,14.45,14.5,14.47,6362384,92038293.55,8909.0,1245050.0,19.57
GMRINFRA,EQ,06-Jul-2015,14.35,14.05,14.6,13.8,14.5,14.5,14.28,10691808,152680711.75,9178.0,1183106.0,11.07
GMRINFRA,EQ,03-Jul-2015,14.6,14.5,14.65,14.25,14.3,14.35,14.42,8524996,122924482.8,9116.0,2510239.0,29.45
GMRINFRA,EQ,02-Jul-2015,14.7,14.7,14.85,14.45,14.6,14.6,14.61,9772019,142739976.35,9590.0,2420563.0,24.77
GMRINFRA,EQ,01-Jul-2015,14.0,14.0,14.8,14.0,14.7,14.7,14.59,15199806,221816699.7,16476.0,3087980.0,20.32
GMRINFRA,EQ,30-Jun-2015,14.0,14.0,14.2,13.65,14.05,14.0,13.98,11563756,161696345.5,11161.0,1793834.0,15.51
GMRINFRA,EQ,29-Jun-2015,14.55,13.85,14.1,13.55,14.05,14.0,13.89,11048461,153411017.0,13367.0,2015588.0,18.24
GMRINFRA,EQ,26-Jun-2015,15.25,15.25,15.4,14.3,14.45,14.55,14.74,23416906,345168076.5,22850.0,4747870.0,20.28
GMRINFRA,EQ,25-Jun-2015,14.0,13.95,15.5,13.75,15.1,15.25,14.88,36346114,540983378.2,23904.0,11626950.0,31.99
GMRINFRA,EQ,24-Jun-2015,14.25,14.5,14.7,13.9,14.0,14.0,14.32,16559000,237195124.25,16186.0,3770655.0,22.77
GMRINFRA,EQ,23-Jun-2015,14.5,14.55,14.75,14.0,14.25,14.25,14.36,11170862,160418332.85,14775.0,2308126.0,20.66
GMRINFRA,EQ,22-Jun-2015,13.3,13.35,14.7,13.35,14.45,14.5,14.05,18104734,254461540.0,16200.0,5488421.0,30.31
GMRINFRA,EQ,19-Jun-2015,12.95,13.0,13.45,12.95,13.3,13.3,13.17,5657281,74508389.35,7347.0,1664000.0,29.41
GMRINFRA,EQ,18-Jun-2015,12.85,12.8,13.0,12.8,12.95,12.95,12.91,6333887,81755368.85,5823.0,2201884.0,34.76
GMRINFRA,EQ,17-Jun-2015,12.95,12.95,13.05,12.7,12.8,12.85,12.86,8322679,106994340.65,7928.0,2158856.0,25.94
GMRINFRA,EQ,16-Jun-2015,12.8,12.9,13.05,12.65,12.95,12.95,12.9,8814155,113668440.9,11168.0,2726720.0,30.94
GMRINFRA,EQ,15-Jun-2015,12.55,12.6,12.9,12.4,12.8,12.8,12.69,8590045,109041474.6,11509.0,2734139.0,31.83
GMRINFRA,EQ,12-Jun-2015,12.5,12.65,12.8,11.95,12.7,12.55,12.36,13996270,173057654.8,14081.0,4048442.0,28.93
GMRINFRA,EQ,11-Jun-2015,13.0,13.05,13.35,12.4,12.5,12.5,12.67,14103451,178677642.35,15982.0,5841971.0,41.42
GMRINFRA,EQ,10-Jun-2015,12.9,12.85,13.25,12.8,12.9,13.0,13.01,7196783,93611586.6,10309.0,1789771.0,24.87
GMRINFRA,EQ,09-Jun-2015,12.9,12.9,13.0,12.45,12.95,12.9,12.76,8094300,103282780.45,12526.0,2129867.0,26.31
GMRINFRA,EQ,08-Jun-2015,13.05,13.0,13.1,12.45,13.0,12.9,12.76,9200826,117426926.05,12818.0,2971005.0,32.29
GMRINFRA,EQ,05-Jun-2015,13.05,13.0,13.2,12.7,13.1,13.05,12.96,8938748,115840557.65,9101.0,3458033.0,38.69
GMRINFRA,EQ,04-Jun-2015,12.95,13.15,13.3,12.3,13.15,13.05,12.78,17218814,220021008.2,19825.0,5041973.0,29.28
GMRINFRA,EQ,03-Jun-2015,13.6,13.75,14.0,10.9,13.15,12.95,12.65,50737647,641675182.45,36957.0,20449211.0,40.3
GMRINFRA,EQ,02-Jun-2015,14.25,14.25,14.25,13.55,13.6,13.6,13.86,12593359,174507756.25,16995.0,4713929.0,37.43
GMRINFRA,EQ,01-Jun-2015,14.15,14.15,14.35,14.05,14.25,14.25,14.19,10331952,146563694.3,11331.0,4352281.0,42.12
GMRINFRA,EQ,29-May-2015,14.45,14.55,14.75,14.05,14.2,14.15,14.36,18053846,259169066.6,14239.0,8439093.0,46.74
GMRINFRA,EQ,28-May-2015,14.3,14.4,14.7,14.05,14.65,14.45,14.38,18408920,264690617.55,13018.0,10114527.0,54.94
GMRINFRA,EQ,27-May-2015,14.5,14.4,14.55,14.3,14.35,14.3,14.38,10342153,148755838.65,7697.0,4355868.0,42.12
GMRINFRA,EQ,26-May-2015,14.5,14.45,14.85,14.4,14.5,14.5,14.6,9943426,145124787.5,9812.0,3338307.0,33.57
GMRINFRA,EQ,25-May-2015,14.3,14.3,14.7,14.1,14.5,14.5,14.48,11695926,169340085.85,12035.0,4062367.0,34.73
GMRINFRA,EQ,22-May-2015,14.55,14.65,14.7,14.2,14.3,14.3,14.43,10204705,147262863.6,10184.0,3915452.0,38.37
GMRINFRA,EQ,21-May-2015,14.9,15.0,15.05,14.45,14.6,14.55,14.66,16876548,247459338.9,12348.0,8209251.0,48.64
GMRINFRA,EQ,20-May-2015,15.0,15.0,15.2,14.85,14.95,14.9,15.02,8744710,131314956.25,10934.0,4566610.0,52.22
GMRINFRA,EQ,19-May-2015,15.1,15.2,15.3,14.9,15.0,15.0,15.1,11197703,169046577.55,10061.0,5056382.0,45.16
GMRINFRA,EQ,18-May-2015,14.95,15.05,15.35,15.05,15.2,15.1,15.13,7843778,118662650.55,8607.0,3589998.0,45.77
GMRINFRA,EQ,15-May-2015,15.1,15.25,15.3,14.9,15.0,14.95,15.08,7095833,106988798.4,6481.0,2909913.0,41.01
GMRINFRA,EQ,14-May-2015,15.15,15.0,15.4,14.9,15.15,15.1,15.13,18648633,282227712.65,19388.0,6891708.0,36.96
GMRINFRA,EQ,13-May-2015,14.95,15.2,15.45,15.0,15.15,15.15,15.2,23549568,357937957.55,17539.0,10759337.0,45.69
GMRINFRA,EQ,12-May-2015,15.2,15.45,15.5,14.9,15.0,14.95,15.12,12847809,194207868.55,17978.0,2998097.0,23.34
GMRINFRA,EQ,11-May-2015,15.0,15.25,15.5,15.05,15.25,15.2,15.26,9855456,150363567.25,12808.0,3298352.0,33.47
GMRINFRA,EQ,08-May-2015,14.7,15.0,15.3,14.85,14.9,15.0,15.05,13660988,205648443.65,18076.0,2708844.0,19.83
GMRINFRA,EQ,07-May-2015,14.8,14.8,15.0,14.4,14.8,14.7,14.67,27959279,410147851.0,24735.0,9150909.0,32.73
GMRINFRA,EQ,06-May-2015,15.5,15.4,15.5,14.75,14.8,14.8,14.98,20156908,301865956.3,26721.0,6638344.0,32.93
GMRINFRA,EQ,05-May-2015,15.95,15.95,15.95,15.35,15.5,15.5,15.58,16571064,258147948.8,17562.0,4003471.0,24.16
GMRINFRA,EQ,04-May-2015,14.75,14.85,16.0,14.75,15.95,15.95,15.63,26548575,414907170.4,23480.0,7260936.0,27.35
GMRINFRA,EQ,30-Apr-2015,15.1,15.1,15.15,14.65,15.0,14.75,14.82,52519791,778585118.7,21132.0,28786902.0,54.81
GMRINFRA,EQ,29-Apr-2015,15.05,15.15,15.3,15.0,15.05,15.1,15.12,11262481,170332057.15,17245.0,3130951.0,27.8
GMRINFRA,EQ,28-Apr-2015,14.9,14.95,15.25,14.7,15.05,15.05,14.97,20886880,312714053.5,20973.0,8495238.0,40.67
GMRINFRA,EQ,27-Apr-2015,15.25,15.3,15.45,14.85,14.9,14.9,15.07,17352974,261517569.35,20378.0,7402965.0,42.66
GMRINFRA,EQ,24-Apr-2015,15.75,15.9,15.9,15.1,15.4,15.25,15.41,18954983,292058976.55,25321.0,6312367.0,33.3
GMRINFRA,EQ,23-Apr-2015,16.1,16.4,16.45,15.7,15.8,15.75,16.0,15396409,246386459.0,19188.0,5996926.0,38.95
GMRINFRA,EQ,22-Apr-2015,16.1,16.2,16.35,15.6,16.2,16.1,16.01,26529365,424652351.25,24711.0,10796808.0,40.7
GMRINFRA,EQ,21-Apr-2015,16.5,16.65,16.75,16.0,16.1,16.1,16.27,14871211,242018385.9,21797.0,4927986.0,33.14
GMRINFRA,EQ,20-Apr-2015,17.2,16.35,17.05,16.2,16.5,16.5,16.65,17803693,296393328.4,19591.0,5432449.0,30.51
GMRINFRA,EQ,17-Apr-2015,17.7,17.75,17.85,17.1,17.3,17.2,17.48,9178459,160484132.95,13638.0,2613045.0,28.47
GMRINFRA,EQ,16-Apr-2015,17.95,18.0,18.15,17.55,17.75,17.7,17.79,9682668,172263591.2,13352.0,1810963.0,18.7
GMRINFRA,EQ,15-Apr-2015,18.6,18.55,18.9,17.5,17.75,17.95,18.4,14188543,261054818.0,19131.0,3372292.0,23.77
GMRINFRA,EQ,13-Apr-2015,18.8,18.8,19.25,18.25,18.55,18.6,18.83,20173073,379841073.9,27470.0,3628364.0,17.99
GMRINFRA,EQ,10-Apr-2015,17.3,17.45,18.95,17.25,18.7,18.8,18.4,35911997,660686992.95,39193.0,10009949.0,27.87
GMRINFRA,EQ,09-Apr-2015,17.35,17.45,17.65,17.2,17.3,17.3,17.4,7692406,133821673.15,11882.0,1953957.0,25.4
GMRINFRA,EQ,08-Apr-2015,17.7,17.8,18.0,17.25,17.35,17.35,17.55,21004637,368673672.35,24208.0,7504314.0,35.73
GMRINFRA,EQ,07-Apr-2015,16.9,17.1,17.8,16.65,17.75,17.7,17.31,23817988,412333010.0,28114.0,9280515.0,38.96
GMRINFRA,EQ,06-Apr-2015,16.85,16.95,17.05,16.4,16.9,16.9,16.75,15434447,258563048.5,16414.0,5111526.0,33.12
GMRINFRA,EQ,01-Apr-2015,16.6,16.6,16.95,16.3,16.8,16.85,16.66,14156938,235870489.6,21834.0,3189709.0,22.53
GMRINFRA,EQ,31-Mar-2015,15.75,15.8,16.95,15.65,16.65,16.6,16.54,29178734,482581179.3,28608.0,6944014.0,23.8
GMRINFRA,EQ,30-Mar-2015,15.55,15.8,15.85,15.55,15.7,15.75,15.7,11404312,179072997.55,12042.0,4024692.0,35.29
GMRINFRA,EQ,27-Mar-2015,15.25,15.3,15.7,15.15,15.65,15.55,15.38,15640489,240613981.95,16627.0,5744557.0,36.73
GMRINFRA,EQ,26-Mar-2015,15.3,15.35,15.5,15.15,15.4,15.25,15.31,22095993,338288137.75,15707.0,8959296.0,40.55
GMRINFRA,EQ,25-Mar-2015,15.35,15.5,15.7,15.2,15.35,15.3,15.44,16155948,249462811.3,15380.0,5592764.0,34.62
GMRINFRA,EQ,24-Mar-2015,15.25,15.4,15.5,15.15,15.4,15.35,15.32,10653998,163208374.4,15980.0,3715528.0,34.87
GMRINFRA,EQ,23-Mar-2015,14.85,14.95,15.6,14.65,15.35,15.25,15.22,17533468,266821221.55,20253.0,5973541.0,34.07
GMRINFRA,EQ,20-Mar-2015,15.0,15.0,15.25,14.65,14.9,14.85,14.92,37412870,558305436.75,28444.0,15985680.0,42.73
GMRINFRA,EQ,19-Mar-2015,15.65,15.9,15.9,14.85,14.95,15.0,15.34,20473077,314135542.7,26433.0,7951756.0,38.84
GMRINFRA,EQ,18-Mar-2015,16.0,16.05,16.1,15.55,15.6,15.65,15.82,15470666,244771933.35,21158.0,6369540.0,41.17
GMRINFRA,EQ,17-Mar-2015,16.3,16.45,16.55,15.95,16.0,16.0,16.11,22833132,367798231.7,26205.0,11681912.0,51.16
GMRINFRA,EQ,16-Mar-2015,16.4,16.35,16.5,16.0,16.35,16.3,16.24,11703450,190097802.9,20484.0,4024016.0,34.38
GMRINFRA,EQ,13-Mar-2015,16.85,17.0,17.1,16.3,16.5,16.4,16.72,9867262,164944484.75,16386.0,2500266.0,25.34
GMRINFRA,EQ,12-Mar-2015,16.55,16.6,16.95,16.55,16.8,16.85,16.78,9442244,158452675.45,15613.0,3087139.0,32.69
GMRINFRA,EQ,11-Mar-2015,16.8,16.75,16.75,16.4,16.5,16.55,16.6,16379972,271903996.45,20424.0,5589980.0,34.13
GMRINFRA,EQ,10-Mar-2015,17.35,17.4,17.6,16.65,16.85,16.8,17.14,19612817,336209830.15,16537.0,10318074.0,52.61
GMRINFRA,EQ,09-Mar-2015,17.65,17.7,17.75,17.2,17.3,17.35,17.46,16859851,294328609.85,23767.0,6855699.0,40.66
GMRINFRA,EQ,05-Mar-2015,17.2,17.25,17.75,17.25,17.65,17.65,17.51,16747907,293218689.8,20254.0,6021671.0,35.95
GMRINFRA,EQ,04-Mar-2015,17.45,17.85,18.0,17.1,17.25,17.2,17.58,21009011,369255614.9,20986.0,7624466.0,36.29
GMRINFRA,EQ,03-Mar-2015,17.7,17.85,18.0,17.3,17.4,17.45,17.56,22767673,399873946.2,25145.0,8285164.0,36.39
GMRINFRA,EQ,02-Mar-2015,18.75,19.0,19.15,17.45,17.65,17.7,17.89,34712373,621016401.0,37303.0,11676037.0,33.64
GMRINFRA,EQ,28-Feb-2015,19.6,19.95,20.7,17.85,18.65,18.75,19.49,63614539,1239949756.05,67002.0,14800251.0,23.27
GMRINFRA,EQ,27-Feb-2015,18.0,18.2,19.75,18.1,19.6,19.6,19.1,38502302,735328045.05,34553.0,13599748.0,35.32
GMRINFRA,EQ,26-Feb-2015,17.95,18.1,18.4,17.9,18.0,18.0,18.06,18036503,325812724.8,20139.0,5929615.0,32.88
GMRINFRA,EQ,25-Feb-2015,18.0,18.0,18.2,17.75,17.95,17.95,17.96,18819688,337915753.75,15419.0,9293348.0,49.38
GMRINFRA,EQ,24-Feb-2015,18.25,18.35,18.45,17.9,18.0,18.0,18.13,11013521,199709734.75,16119.0,2280895.0,20.71
GMRINFRA,EQ,23-Feb-2015,18.5,18.7,18.95,18.05,18.15,18.25,18.55,12646854,234545617.1,16812.0,3437915.0,27.18
GMRINFRA,EQ,20-Feb-2015,18.45,18.6,18.8,18.35,18.55,18.5,18.6,9410734,175030356.25,16091.0,2128223.0,22.61
GMRINFRA,EQ,19-Feb-2015,18.6,18.6,18.9,17.6,18.45,18.45,18.21,16680996,303761133.5,19847.0,4480548.0,26.86
GMRINFRA,EQ,18-Feb-2015,18.3,18.3,19.1,18.2,18.45,18.6,18.66,18719313,349257063.4,21854.0,4556066.0,24.34
GMRINFRA,EQ,16-Feb-2015,18.4,18.5,18.9,18.15,18.2,18.3,18.53,19703068,365058109.8,17516.0,7773091.0,39.45
GMRINFRA,EQ,13-Feb-2015,18.4,18.45,18.9,17.9,18.5,18.4,18.38,16352793,300583039.2,18061.0,6675346.0,40.82
GMRINFRA,EQ,12-Feb-2015,18.0,18.2,18.9,17.8,18.35,18.4,18.41,18581564,342154824.25,23890.0,4123398.0,22.19
GMRINFRA,EQ,11-Feb-2015,16.7,16.85,18.15,16.75,18.1,18.0,17.49,18143775,317276210.15,29311.0,5051484.0,27.84
GMRINFRA,EQ,10-Feb-2015,16.95,16.9,17.45,16.4,16.8,16.7,16.89,14350035,242402505.1,20848.0,4638272.0,32.32
GMRINFRA,EQ,09-Feb-2015,17.65,17.6,17.75,16.9,17.0,16.95,17.28,11041094,190770114.2,18606.0,3060690.0,27.72
GMRINFRA,EQ,06-Feb-2015,18.1,17.85,18.25,17.2,17.95,17.65,17.81,14914091,265555516.95,21374.0,4095219.0,27.46
GMRINFRA,EQ,05-Feb-2015,19.5,19.6,19.7,17.15,17.65,18.1,18.81,16946655,318832364.4,23177.0,4846222.0,28.6
GMRINFRA,EQ,04-Feb-2015,19.15,19.1,20.15,18.75,19.45,19.5,19.49,23749983,462938195.55,25973.0,4110526.0,17.31
GMRINFRA,EQ,03-Feb-2015,20.0,20.15,20.15,18.6,18.9,19.15,19.24,28151788,541585047.25,30257.0,9131503.0,32.44
GMRINFRA,EQ,02-Feb-2015,19.3,19.4,20.65,19.15,19.9,20.0,19.98,28707882,573539789.7,35879.0,6703829.0,23.35
GMRINFRA,EQ,30-Jan-2015,17.3,17.5,19.6,17.35,19.55,19.3,18.7,54441577,1018042200.1,51682.0,11806291.0,21.69
GMRINFRA,EQ,29-Jan-2015,16.85,16.85,17.45,16.65,17.35,17.3,17.17,27709297,475667957.7,18610.0,11751063.0,42.41
GMRINFRA,EQ,28-Jan-2015,16.65,17.2,17.2,16.7,16.9,16.85,16.86,13677776,230652722.1,13240.0,5093967.0,37.24
GMRINFRA,EQ,27-Jan-2015,16.8,17.0,17.0,16.55,16.7,16.65,16.7,17913062,299117081.35,13011.0,7421551.0,41.43
GMRINFRA,EQ,23-Jan-2015,16.95,17.2,17.3,16.5,16.8,16.8,16.82,17740901,298408180.5,17598.0,5563786.0,31.36
GMRINFRA,EQ,22-Jan-2015,16.75,16.75,17.4,16.7,17.0,16.95,17.08,21241960,362850573.95,17694.0,10832711.0,51.0
GMRINFRA,EQ,21-Jan-2015,16.9,16.9,16.95,16.7,16.75,16.75,16.77,10268350,172238462.3,9130.0,4924125.0,47.95
GMRINFRA,EQ,20-Jan-2015,16.9,17.0,17.1,16.75,16.85,16.9,16.93,12728720,215476456.4,11519.0,5712779.0,44.88
GMRINFRA,EQ,19-Jan-2015,17.05,17.2,17.35,16.85,16.95,16.9,17.07,12488750,213161001.8,10859.0,5645391.0,45.2
GMRINFRA,EQ,16-Jan-2015,17.4,17.3,17.35,17.0,17.05,17.05,17.11,15212618,260252746.8,13470.0,6155281.0,40.46
GMRINFRA,EQ,15-Jan-2015,16.5,17.0,17.55,17.0,17.15,17.4,17.34,39800672,690146481.1,26220.0,20019288.0,50.3
GMRINFRA,EQ,14-Jan-2015,16.85,16.8,16.95,16.35,16.4,16.5,16.62,15776963,262185982.25,19600.0,7389780.0,46.84
GMRINFRA,EQ,13-Jan-2015,17.25,17.2,17.4,16.6,16.8,16.85,16.91,16792726,283924714.95,15282.0,7470792.0,44.49
GMRINFRA,EQ,12-Jan-2015,17.2,17.25,17.4,17.1,17.25,17.25,17.26,10366187,178900917.25,9987.0,5446566.0,52.54
GMRINFRA,EQ,09-Jan-2015,17.1,17.2,17.65,17.15,17.2,17.2,17.34,16153410,280090534.65,16729.0,5459086.0,33.8
GMRINFRA,EQ,08-Jan-2015,16.95,17.0,17.35,16.95,17.15,17.1,17.12,10689106,183046660.0,15478.0,4368020.0,40.86
GMRINFRA,EQ,07-Jan-2015,17.35,17.25,17.5,16.8,17.05,16.95,17.07,15398396,262875636.1,14979.0,5958829.0,38.7
GMRINFRA,EQ,06-Jan-2015,17.95,17.9,18.0,17.2,17.3,17.35,17.54,14070888,246787219.3,14075.0,4877698.0,34.67
GMRINFRA,EQ,05-Jan-2015,18.05,17.9,18.45,17.9,17.9,17.95,18.14,9290515,168494924.55,13454.0,3198434.0,34.43
GMRINFRA,EQ,02-Jan-2015,18.0,18.15,18.3,17.85,18.1,18.05,18.09,11757925,212688521.25,17648.0,3938614.0,33.5
GMRINFRA,EQ,01-Jan-2015,17.15,17.05,18.15,17.05,18.15,18.0,17.76,14944577,265474201.35,18856.0,4213567.0,28.19
GMRINFRA,EQ,31-Dec-2014,17.0,16.95,17.2,16.8,17.2,17.15,17.09,8776789,149970810.15,12498.0,2360308.0,26.89
GMRINFRA,EQ,29-Dec-2016,11.4,11.4,11.8,11.35,11.75,11.6,11.61,12709474,147509423.3,3271.0,5699633.0,44.85
GMRINFRA,EQ,28-Dec-2016,11.5,11.55,11.65,11.3,11.4,11.4,11.49,6115008,70261595.25,3279.0,1107185.0,18.11
GMRINFRA,EQ,27-Dec-2016,11.3,11.25,11.55,11.1,11.55,11.5,11.37,5164612,58744813.7,2636.0,994138.0,19.25
GMRINFRA,EQ,26-Dec-2016,11.7,11.6,11.65,11.25,11.3,11.3,11.47,3866142,44338563.15,2546.0,985325.0,25.49
GMRINFRA,EQ,23-Dec-2016,11.6,11.6,11.85,11.5,11.7,11.7,11.66,7683430,89579207.1,7212.0,1473989.0,19.18
GMRINFRA,EQ,22-Dec-2016,11.75,11.7,11.75,11.55,11.6,11.6,11.63,3204976,37263422.2,3046.0,963995.0,30.08
GMRINFRA,EQ,21-Dec-2016,11.7,11.75,12.0,11.75,11.75,11.75,11.85,6017852,71289647.45,4539.0,1422220.0,23.63
GMRINFRA,EQ,20-Dec-2016,11.85,11.85,12.0,11.6,11.8,11.7,11.78,4484007,52817557.65,2899.0,872839.0,19.47
GMRINFRA,EQ,19-Dec-2016,11.75,11.8,12.05,11.7,11.9,11.85,11.91,6382307,76035730.05,4021.0,1467407.0,22.99
GMRINFRA,EQ,16-Dec-2016,11.7,11.7,11.8,11.55,11.75,11.75,11.7,4559249,53355698.55,4153.0,1001320.0,21.96
GMRINFRA,EQ,15-Dec-2016,11.8,11.7,11.95,11.65,11.75,11.7,11.78,3930321,46297191.7,2652.0,1619818.0,41.21
GMRINFRA,EQ,14-Dec-2016,11.75,11.7,11.95,11.7,11.75,11.8,11.84,3239796,38346025.55,1805.0,1106832.0,34.16
GMRINFRA,EQ,13-Dec-2016,11.75,11.7,11.85,11.65,11.8,11.75,11.77,2681640,31555801.5,2971.0,615654.0,22.96
GMRINFRA,EQ,12-Dec-2016,11.8,11.65,11.8,11.6,11.75,11.75,11.7,3481527,40739181.4,1994.0,1536711.0,44.14
GMRINFRA,EQ,09-Dec-2016,11.95,11.95,11.95,11.75,11.75,11.8,11.88,4990868,59279962.85,3462.0,1093907.0,21.92
GMRINFRA,EQ,08-Dec-2016,11.75,11.75,12.05,11.55,11.85,11.95,11.91,6582340,78420496.5,5192.0,1227933.0,18.65
GMRINFRA,EQ,07-Dec-2016,12.0,12.15,12.25,11.65,11.8,11.75,11.99,8345991,100051653.65,5551.0,1766170.0,21.16
GMRINFRA,EQ,06-Dec-2016,11.9,12.0,12.1,11.95,12.05,12.0,12.02,2080722,25013456.7,1890.0,735204.0,35.33
GMRINFRA,EQ,05-Dec-2016,11.8,11.85,12.05,11.75,12.0,11.9,11.9,2663767,31689619.3,2234.0,709087.0,26.62
GMRINFRA,EQ,02-Dec-2016,11.75,11.75,12.05,11.6,11.85,11.8,11.83,5639073,66691579.3,3842.0,800235.0,14.19
GMRINFRA,EQ,01-Dec-2016,12.0,12.05,12.1,11.65,11.8,11.75,11.89,8887308,105697719.8,3959.0,1657834.0,18.65
GMRINFRA,EQ,30-Nov-2016,11.5,11.5,12.15,11.5,12.0,12.0,11.93,14534190,173385147.85,7656.0,5599509.0,38.53
GMRINFRA,EQ,29-Nov-2016,11.4,11.5,11.7,11.45,11.5,11.5,11.54,4936636,56984980.05,3105.0,1674561.0,33.92
GMRINFRA,EQ,28-Nov-2016,11.3,11.3,11.5,11.15,11.45,11.4,11.39,5791050,65983313.9,2859.0,1798511.0,31.06
GMRINFRA,EQ,25-Nov-2016,11.05,11.15,11.4,11.05,11.25,11.3,11.23,9097406,102181719.55,4882.0,2452522.0,26.96
GMRINFRA,EQ,24-Nov-2016,11.25,11.3,11.35,11.0,11.1,11.05,11.12,13324365,148219365.65,5897.0,5589048.0,41.95
GMRINFRA,EQ,23-Nov-2016,11.05,11.2,11.35,11.05,11.2,11.25,11.2,11486376,128685673.45,4594.0,2263079.0,19.7
GMRINFRA,EQ,22-Nov-2016,11.0,11.1,11.2,10.9,11.15,11.05,11.06,6938961,76723810.9,11249.0,2001948.0,28.85
GMRINFRA,EQ,21-Nov-2016,11.4,11.55,11.6,10.9,11.0,11.0,11.15,8808402,98237968.9,9255.0,3176207.0,36.06
GMRINFRA,EQ,18-Nov-2016,11.25,11.2,11.6,11.2,11.45,11.4,11.37,4791783,54499335.05,4681.0,1218960.0,25.44
GMRINFRA,EQ,17-Nov-2016,11.15,11.1,11.45,11.1,11.35,11.25,11.26,6247451,70349754.0,5913.0,1567975.0,25.1
GMRINFRA,EQ,16-Nov-2016,11.35,11.7,11.7,11.1,11.15,11.15,11.32,5562567,62955132.85,4057.0,1639641.0,29.48
GMRINFRA,EQ,15-Nov-2016,11.8,11.85,11.85,11.05,11.2,11.35,11.4,10445938,119098217.7,6853.0,3525310.0,33.75
GMRINFRA,EQ,11-Nov-2016,12.4,12.25,12.3,11.7,11.7,11.8,11.96,7372775,88194208.45,6172.0,2889179.0,39.19
GMRINFRA,EQ,10-Nov-2016,11.95,12.3,12.6,12.05,12.4,12.4,12.37,9982511,123446411.1,5180.0,2823037.0,28.28
GMRINFRA,EQ,09-Nov-2016,12.7,11.8,12.05,10.2,12.05,11.95,11.37,39983891,454710923.15,21232.0,11785562.0,29.48
GMRINFRA,EQ,08-Nov-2016,12.65,12.65,12.75,12.55,12.7,12.7,12.66,5514394,69806039.8,4159.0,1488455.0,26.99
GMRINFRA,EQ,07-Nov-2016,12.35,12.65,12.75,12.55,12.6,12.65,12.66,10089851,127745261.6,9794.0,2512977.0,24.91
GMRINFRA,EQ,04-Nov-2016,12.9,12.9,13.0,12.2,12.35,12.35,12.51,11985937,149893661.2,7606.0,3233463.0,26.98
GMRINFRA,EQ,03-Nov-2016,13.25,13.2,13.35,12.8,12.9,12.9,13.09,7985057,104541964.8,8459.0,2564073.0,32.11
GMRINFRA,EQ,02-Nov-2016,13.8,13.7,13.7,13.15,13.25,13.25,13.32,11202959,149193219.55,8831.0,1766214.0,15.77
GMRINFRA,EQ,01-Nov-2016,13.75,13.8,13.9,13.65,13.75,13.8,13.78,6327098,87213838.1,4143.0,1660337.0,26.24
GMRINFRA,EQ,30-Oct-2016,13.7,13.95,14.0,13.7,13.75,13.75,13.8,2656794,36671274.8,2137.0,1077615.0,40.56
GMRINFRA,EQ,28-Oct-2016,13.6,14.25,14.4,13.55,13.75,13.7,13.97,33861009,473193471.55,25261.0,8687932.0,25.66
GMRINFRA,EQ,27-Oct-2016,13.85,13.85,13.85,13.2,13.6,13.6,13.61,49248618,670192905.1,14764.0,20507985.0,41.64
GMRINFRA,EQ,26-Oct-2016,13.2,13.2,14.0,13.15,13.85,13.85,13.77,21605460,297540014.6,13186.0,4823729.0,22.33
GMRINFRA,EQ,25-Oct-2016,13.4,13.45,13.5,13.1,13.2,13.2,13.27,6194390,82195924.0,3998.0,1432058.0,23.12
GMRINFRA,EQ,24-Oct-2016,13.1,13.15,13.45,13.1,13.35,13.4,13.3,8041873,106928449.4,9313.0,2261630.0,28.12
GMRINFRA,EQ,21-Oct-2016,13.05,13.05,13.2,12.9,13.15,13.1,13.06,5289506,69084255.2,8604.0,1258057.0,23.78
GMRINFRA,EQ,20-Oct-2016,12.8,13.0,13.15,12.9,13.0,13.05,13.03,8513319,110951997.05,4753.0,1635918.0,19.22
GMRINFRA,EQ,19-Oct-2016,12.7,12.8,13.0,12.6,12.95,12.8,12.76,8209439,104775428.35,4462.0,2641690.0,32.18
GMRINFRA,EQ,18-Oct-2016,12.4,12.45,12.75,12.45,12.65,12.7,12.6,3475164,43773746.7,2828.0,1370796.0,39.45
GMRINFRA,EQ,17-Oct-2016,12.65,12.7,12.85,12.3,12.4,12.4,12.53,7340642,91955149.85,4700.0,1391755.0,18.96
GMRINFRA,EQ,14-Oct-2016,12.5,12.55,12.7,12.3,12.65,12.65,12.54,5733789,71901857.05,3255.0,756147.0,13.19
GMRINFRA,EQ,13-Oct-2016,12.85,12.8,12.85,12.1,12.55,12.5,12.57,7853620,98683915.25,6266.0,2867591.0,36.51
GMRINFRA,EQ,10-Oct-2016,12.85,12.9,13.05,12.8,12.9,12.85,12.92,2794728,36108115.65,2167.0,1049909.0,37.57
GMRINFRA,EQ,07-Oct-2016,12.85,12.9,13.0,12.8,12.9,12.85,12.89,3655945,47138825.75,3172.0,977403.0,26.73
GMRINFRA,EQ,06-Oct-2016,13.05,13.1,13.4,12.8,12.85,12.85,13.15,9205748,121021754.0,6096.0,2618594.0,28.45
GMRINFRA,EQ,05-Oct-2016,13.15,13.2,13.25,12.95,13.0,13.05,13.07,4628425,60472733.45,2991.0,1733897.0,37.46
GMRINFRA,EQ,04-Oct-2016,13.15,13.2,13.3,13.0,13.15,13.15,13.13,6522596,85620701.2,4466.0,1571461.0,24.09
GMRINFRA,EQ,03-Oct-2016,12.7,12.9,13.2,12.75,13.15,13.15,13.01,8177223,106388086.7,4644.0,1966959.0,24.05
GMRINFRA,EQ,30-Sep-2016,12.35,12.35,12.85,12.3,12.8,12.7,12.61,17330244,218533158.15,6782.0,6361875.0,36.71
GMRINFRA,EQ,29-Sep-2016,13.75,13.8,13.9,12.2,12.3,12.35,12.82,26270156,336862411.55,12876.0,8512351.0,32.4
GMRINFRA,EQ,28-Sep-2016,13.45,13.5,13.85,13.45,13.75,13.75,13.61,7813656,106331867.55,5672.0,1330256.0,17.02
GMRINFRA,EQ,27-Sep-2016,13.6,13.75,13.8,13.4,13.4,13.45,13.55,7720546,104608399.65,4565.0,1524393.0,19.74
GMRINFRA,EQ,26-Sep-2016,13.85,13.8,13.9,13.55,13.65,13.6,13.7,5882411,80591155.05,3866.0,1338690.0,22.76
GMRINFRA,EQ,23-Sep-2016,14.0,14.1,14.15,13.7,13.8,13.85,13.91,6286439,87443607.25,4797.0,1342770.0,21.36
GMRINFRA,EQ,22-Sep-2016,13.65,13.8,14.1,13.7,14.0,14.0,13.94,12941632,180346028.15,6705.0,2075976.0,16.04
GMRINFRA,EQ,21-Sep-2016,13.8,13.95,14.0,13.55,13.65,13.65,13.79,6791639,93671417.95,4955.0,1941715.0,28.59
GMRINFRA,EQ,20-Sep-2016,13.95,14.05,14.1,13.7,13.7,13.8,13.84,6184465,85609518.1,3779.0,1374561.0,22.23
GMRINFRA,EQ,19-Sep-2016,13.75,13.8,14.1,13.7,14.0,13.95,13.89,14242683,197854355.7,9027.0,2355838.0,16.54
GMRINFRA,EQ,16-Sep-2016,14.3,14.25,14.55,13.6,13.8,13.75,13.98,14650203,204787373.3,7054.0,4676120.0,31.92
GMRINFRA,EQ,15-Sep-2016,14.55,14.55,14.65,14.1,14.35,14.3,14.33,8992938,128830467.2,6659.0,1224660.0,13.62
GMRINFRA,EQ,14-Sep-2016,14.1,14.2,14.7,14.1,14.6,14.55,14.45,15422359,222806806.85,6698.0,2032977.0,13.18
GMRINFRA,EQ,12-Sep-2016,14.9,14.45,14.6,14.05,14.1,14.1,14.26,15854929,226161013.5,9924.0,3614664.0,22.8
GMRINFRA,EQ,09-Sep-2016,15.1,15.1,15.5,14.75,14.95,14.9,15.15,23853257,361330720.65,13890.0,6470368.0,27.13
GMRINFRA,EQ,08-Sep-2016,14.0,14.1,15.6,14.0,15.05,15.1,15.0,53243375,798808203.75,25957.0,9141748.0,17.17
GMRINFRA,EQ,07-Sep-2016,13.95,14.0,14.3,13.7,14.05,14.0,13.98,15420971,215578704.5,8645.0,3358419.0,21.78
GMRINFRA,EQ,06-Sep-2016,13.5,13.7,14.0,13.65,13.95,13.95,13.89,13643461,189516657.15,7350.0,4894895.0,35.88
GMRINFRA,EQ,02-Sep-2016,13.2,13.3,13.65,13.25,13.65,13.5,13.4,9264940,124166691.85,6187.0,2164704.0,23.36
GMRINFRA,EQ,01-Sep-2016,13.6,13.6,13.85,13.1,13.3,13.2,13.45,15075746,202792432.9,9947.0,2701063.0,17.92
GMRINFRA,EQ,31-Aug-2016,13.3,13.3,14.05,13.25,13.65,13.6,13.69,23602190,323027644.95,10472.0,4181090.0,17.71
GMRINFRA,EQ,30-Aug-2016,13.3,13.3,13.5,13.25,13.3,13.3,13.35,8311626,110960318.7,4839.0,1622531.0,19.52
GMRINFRA,EQ,29-Aug-2016,13.15,14.4,14.4,13.2,13.25,13.3,13.49,22922314,309164442.3,12753.0,5234676.0,22.84
GMRINFRA,EQ,26-Aug-2016,13.25,13.25,13.6,13.05,13.15,13.15,13.31,12511725,166532347.5,7067.0,2790200.0,22.3
GMRINFRA,EQ,25-Aug-2016,13.45,13.55,13.65,13.15,13.2,13.25,13.29,28737937,382066197.95,7574.0,11610538.0,40.4
GMRINFRA,EQ,24-Aug-2016,13.4,13.45,13.65,13.3,13.45,13.45,13.47,7911487,106564552.8,3083.0,1074910.0,13.59
GMRINFRA,EQ,23-Aug-2016,13.05,13.05,13.4,12.95,13.35,13.4,13.26,5532327,73379143.7,3491.0,1737599.0,31.41
GMRINFRA,EQ,22-Aug-2016,13.15,13.2,13.25,12.95,13.1,13.05,13.06,3938955,51455066.45,3112.0,937314.0,23.8
GMRINFRA,EQ,19-Aug-2016,13.05,13.1,13.3,13.0,13.2,13.15,13.16,3965607,52196980.85,3116.0,1165396.0,29.39
GMRINFRA,EQ,18-Aug-2016,12.95,13.05,13.15,12.9,13.1,13.05,13.04,4373620,57041043.75,2176.0,1305222.0,29.84
GMRINFRA,EQ,17-Aug-2016,12.9,12.85,13.15,12.85,13.0,12.95,12.99,4041628,52498947.8,3866.0,1142336.0,28.26
GMRINFRA,EQ,16-Aug-2016,13.1,13.2,13.3,12.75,12.8,12.9,12.96,6617160,85744464.5,4598.0,2019447.0,30.52
GMRINFRA,EQ,12-Aug-2016,13.15,13.2,13.4,13.05,13.15,13.1,13.22,4041734,53424184.4,3990.0,1000180.0,24.75
GMRINFRA,EQ,11-Aug-2016,13.05,13.25,13.4,12.9,13.2,13.15,13.16,8703181,114534423.8,8653.0,1239259.0,14.24
GMRINFRA,EQ,10-Aug-2016,14.0,14.0,14.0,12.95,13.1,13.05,13.31,15977837,212715056.3,8722.0,4203431.0,26.31
GMRINFRA,EQ,09-Aug-2016,14.25,14.25,14.35,13.95,13.95,14.0,14.11,6194065,87409963.0,7028.0,1327939.0,21.44
GMRINFRA,EQ,08-Aug-2016,13.9,13.95,14.4,13.75,14.3,14.25,14.11,9628966,135871893.05,6440.0,2773673.0,28.81
GMRINFRA,EQ,05-Aug-2016,13.75,13.9,14.05,13.8,13.85,13.9,13.9,10039394,139504345.6,5633.0,3525116.0,35.11
GMRINFRA,EQ,04-Aug-2016,13.6,13.75,13.9,13.6,13.85,13.75,13.77,7080387,97489795.5,4880.0,1364842.0,19.28
GMRINFRA,EQ,03-Aug-2016,13.7,13.75,13.95,13.45,13.5,13.6,13.71,10033971,137597025.25,8917.0,1648952.0,16.43
GMRINFRA,EQ,02-Aug-2016,13.95,14.0,14.1,13.65,13.75,13.7,13.86,9190723,127397056.3,7949.0,1416206.0,15.41
GMRINFRA,EQ,01-Aug-2016,14.3,14.4,14.5,13.85,14.0,13.95,14.11,11657863,164487508.95,6941.0,2374890.0,20.37
GMRINFRA,EQ,29-Jul-2016,14.6,14.75,14.9,14.15,14.3,14.3,14.56,13016918,189462923.8,13337.0,3004697.0,23.08
GMRINFRA,EQ,28-Jul-2016,14.2,14.3,14.8,14.25,14.7,14.6,14.5,22438933,325325416.15,9866.0,5533687.0,24.66
GMRINFRA,EQ,27-Jul-2016,14.3,14.25,14.55,13.95,14.25,14.2,14.25,18103058,257993641.3,7984.0,4913788.0,27.14
GMRINFRA,EQ,26-Jul-2016,14.55,14.55,14.7,14.2,14.2,14.3,14.45,11760688,169971414.9,5285.0,3473083.0,29.53
GMRINFRA,EQ,25-Jul-2016,14.25,14.25,14.8,14.2,14.5,14.55,14.51,19598513,284339797.2,8955.0,4939466.0,25.2
GMRINFRA,EQ,22-Jul-2016,14.05,14.15,14.45,13.9,14.25,14.25,14.23,10063167,143172511.9,5639.0,2779379.0,27.62
GMRINFRA,EQ,21-Jul-2016,14.2,14.35,14.6,14.0,14.0,14.05,14.23,10741424,152870017.0,5487.0,2039491.0,18.99
GMRINFRA,EQ,20-Jul-2016,14.05,14.05,14.4,13.95,14.3,14.2,14.12,11228712,158542979.35,6476.0,1779405.0,15.85
GMRINFRA,EQ,19-Jul-2016,14.15,14.2,14.35,13.95,14.05,14.05,14.12,12239544,172864415.7,10907.0,2851132.0,23.29
GMRINFRA,EQ,18-Jul-2016,14.4,14.5,14.75,14.05,14.1,14.15,14.46,12286042,177616932.05,8766.0,2519067.0,20.5
GMRINFRA,EQ,15-Jul-2016,14.65,14.7,14.95,14.3,14.45,14.4,14.58,22251048,324460257.25,11045.0,4498496.0,20.22
GMRINFRA,EQ,14-Jul-2016,14.8,14.7,15.05,14.4,14.65,14.65,14.7,28247448,415220723.55,16438.0,4405053.0,15.59
GMRINFRA,EQ,13-Jul-2016,14.1,14.15,15.05,13.9,14.7,14.8,14.51,49693761,721206817.55,19885.0,11795089.0,23.74
GMRINFRA,EQ,12-Jul-2016,13.7,13.85,14.3,13.1,14.1,14.1,13.87,26940655,373800808.5,15300.0,6553995.0,24.33
GMRINFRA,EQ,11-Jul-2016,13.45,13.7,13.85,13.55,13.75,13.7,13.69,10684372,146267401.45,5039.0,2856565.0,26.74
GMRINFRA,EQ,08-Jul-2016,13.75,13.8,13.85,13.4,13.45,13.45,13.55,10105750,136902649.0,6365.0,3167337.0,31.34
GMRINFRA,EQ,07-Jul-2016,13.95,14.0,14.15,13.65,13.7,13.75,13.88,19274288,267548155.3,20379.0,4407719.0,22.87
GMRINFRA,EQ,05-Jul-2016,13.3,13.35,14.6,13.25,13.95,13.95,13.98,52169920,729534781.9,23585.0,11647757.0,22.33
GMRINFRA,EQ,04-Jul-2016,13.15,13.2,13.55,13.2,13.3,13.3,13.38,16281590,217785316.55,7393.0,3890828.0,23.9
GMRINFRA,EQ,01-Jul-2016,13.35,13.6,13.85,13.05,13.15,13.15,13.33,31708302,422821088.95,18227.0,10368194.0,32.7
GMRINFRA,EQ,30-Jun-2016,12.7,12.85,13.5,12.75,13.45,13.35,13.24,39794844,526824832.9,16964.0,13136807.0,33.01
GMRINFRA,EQ,29-Jun-2016,12.7,12.75,12.85,12.65,12.8,12.7,12.76,10114253,129025479.4,7937.0,2553435.0,25.25
GMRINFRA,EQ,28-Jun-2016,12.45,12.5,12.75,12.5,12.65,12.7,12.67,10393775,131670627.4,14306.0,1628926.0,15.67
GMRINFRA,EQ,27-Jun-2016,12.0,11.95,12.65,11.85,12.55,12.45,12.31,17756333,218560451.05,7876.0,3845496.0,21.66
GMRINFRA,EQ,24-Jun-2016,12.55,11.8,12.3,11.65,11.95,12.0,11.94,17777827,212242931.05,9050.0,4317393.0,24.29
GMRINFRA,EQ,23-Jun-2016,12.45,12.5,12.7,12.25,12.5,12.55,12.49,12516539,156374051.5,6313.0,2213748.0,17.69
GMRINFRA,EQ,22-Jun-2016,12.8,12.8,12.85,12.3,12.5,12.45,12.54,15679534,196695905.65,15051.0,3070712.0,19.58
GMRINFRA,EQ,21-Jun-2016,12.8,12.9,13.0,12.7,12.8,12.8,12.82,10807212,138588424.05,7645.0,2918065.0,27.0
GMRINFRA,EQ,20-Jun-2016,12.8,12.75,12.9,12.55,12.7,12.8,12.77,10114492,129145800.65,8075.0,2005940.0,19.83
GMRINFRA,EQ,17-Jun-2016,12.75,13.15,13.2,12.7,12.8,12.8,12.93,26998700,348978976.55,14616.0,5180516.0,19.19
GMRINFRA,EQ,16-Jun-2016,12.55,12.6,13.1,12.45,12.75,12.75,12.8,31434845,402441946.1,14914.0,5915231.0,18.82
GMRINFRA,EQ,15-Jun-2016,12.45,12.6,13.0,12.5,12.55,12.55,12.69,22098513,280370073.85,12787.0,4577123.0,20.71
GMRINFRA,EQ,14-Jun-2016,12.35,12.85,12.9,12.25,12.35,12.45,12.5,23507574,293888604.35,10069.0,5030153.0,21.4
GMRINFRA,EQ,13-Jun-2016,12.1,12.05,12.7,11.55,12.45,12.35,12.04,14313157,172332886.3,7645.0,3149564.0,22.0
GMRINFRA,EQ,10-Jun-2016,11.85,11.85,12.35,11.7,12.1,12.1,12.03,16162700,194488833.1,7643.0,3369115.0,20.85
GMRINFRA,EQ,09-Jun-2016,11.85,11.95,11.95,11.7,11.85,11.85,11.83,6354537,75152667.1,3393.0,1840613.0,28.97
GMRINFRA,EQ,08-Jun-2016,11.5,11.9,12.0,11.75,11.8,11.85,11.86,19669242,233278328.95,25294.0,3986537.0,20.27
GMRINFRA,EQ,07-Jun-2016,11.2,11.2,11.55,11.15,11.55,11.5,11.36,11836740,134446747.1,19456.0,2304663.0,19.47
GMRINFRA,EQ,06-Jun-2016,11.1,11.1,11.3,10.9,11.25,11.2,11.15,9607125,107072536.3,23424.0,1786385.0,18.59
GMRINFRA,EQ,03-Jun-2016,11.15,11.2,11.25,11.0,11.1,11.1,11.12,5419837,60291978.3,7221.0,1673221.0,30.87
GMRINFRA,EQ,02-Jun-2016,11.25,11.25,11.3,11.0,11.2,11.15,11.17,5867911,65551858.5,6989.0,1039009.0,17.71
GMRINFRA,EQ,01-Jun-2016,11.25,11.3,11.55,11.2,11.25,11.25,11.34,11816738,133951744.05,12677.0,1749489.0,14.81
GMRINFRA,EQ,31-May-2016,11.5,11.5,11.5,10.85,11.3,11.25,11.15,26002390,290011458.25,11795.0,6296675.0,24.22
GMRINFRA,EQ,30-May-2016,11.45,11.6,11.65,11.35,11.55,11.5,11.53,5397311,62255228.6,3275.0,1392519.0,25.8
GMRINFRA,EQ,27-May-2016,11.35,11.4,11.65,11.2,11.45,11.45,11.45,9498596,108721599.7,8950.0,1763745.0,18.57
GMRINFRA,EQ,26-May-2016,11.2,11.2,11.6,11.15,11.3,11.35,11.35,19442967,220625494.35,7704.0,7669768.0,39.45
GMRINFRA,EQ,25-May-2016,10.8,10.95,11.25,10.9,11.15,11.2,11.07,12768381,141391698.95,5925.0,4147171.0,32.48
GMRINFRA,EQ,24-May-2016,10.95,11.0,11.05,10.7,10.85,10.8,10.86,11263215,122314473.4,8726.0,2088379.0,18.54
GMRINFRA,EQ,23-May-2016,11.25,11.25,11.35,10.9,10.95,10.95,11.15,13434197,149752453.8,7741.0,3755286.0,27.95
GMRINFRA,EQ,20-May-2016,11.45,11.5,11.55,11.2,11.25,11.25,11.38,10779974,122673347.75,4706.0,3710561.0,34.42
GMRINFRA,EQ,19-May-2016,11.75,11.85,11.95,11.35,11.45,11.45,11.67,7177107,83757106.5,5139.0,1779419.0,24.79
GMRINFRA,EQ,18-May-2016,11.75,11.65,11.8,11.6,11.8,11.75,11.7,4826287,56461864.4,3414.0,1888464.0,39.13
GMRINFRA,EQ,17-May-2016,11.65,11.8,12.0,11.7,11.75,11.75,11.82,7068007,83568004.85,6177.0,1476417.0,20.89
GMRINFRA,EQ,16-May-2016,11.65,11.85,11.9,11.6,11.7,11.65,11.74,7955044,93382127.5,19707.0,2199390.0,27.65
GMRINFRA,EQ,13-May-2016,12.0,11.95,12.0,11.55,11.65,11.65,11.71,12221146,143151507.85,13699.0,2985535.0,24.43
GMRINFRA,EQ,12-May-2016,11.95,11.9,12.05,11.85,12.05,12.0,11.97,6588940,78854453.05,12678.0,1931309.0,29.31
GMRINFRA,EQ,11-May-2016,12.35,12.3,12.3,11.9,12.0,11.95,12.06,8334841,100546432.6,8312.0,2285576.0,27.42
GMRINFRA,EQ,10-May-2016,12.5,12.7,12.75,12.25,12.3,12.35,12.5,12775318,159703716.75,17135.0,3404186.0,26.65
GMRINFRA,EQ,09-May-2016,12.35,12.5,12.95,12.45,12.5,12.5,12.67,24309456,308028794.5,15986.0,3722899.0,15.31
GMRINFRA,EQ,06-May-2016,11.95,12.0,12.45,11.65,12.45,12.35,12.14,13643394,165668247.05,14361.0,1923311.0,14.1
GMRINFRA,EQ,05-May-2016,11.9,11.95,12.1,11.75,12.05,11.95,11.96,6771311,80958031.45,6490.0,2009103.0,29.67
GMRINFRA,EQ,04-May-2016,12.3,12.25,12.35,11.8,11.95,11.9,12.06,8515828,102691576.85,6907.0,2127120.0,24.98
GMRINFRA,EQ,03-May-2016,12.7,12.8,12.8,12.25,12.3,12.3,12.43,13956873,173496937.25,6625.0,2528592.0,18.12
GMRINFRA,EQ,02-May-2016,12.6,12.7,12.95,12.35,12.7,12.7,12.56,14304484,179721786.1,10008.0,2375752.0,16.61
GMRINFRA,EQ,29-Apr-2016,12.0,12.15,12.7,12.0,12.7,12.6,12.41,18545288,230230912.4,11246.0,5294098.0,28.55
GMRINFRA,EQ,28-Apr-2016,12.45,12.45,12.45,11.9,12.1,12.0,12.11,15948079,193069548.45,6273.0,6853398.0,42.97
GMRINFRA,EQ,27-Apr-2016,12.35,12.2,12.5,12.2,12.4,12.45,12.4,6597934,81836012.25,6949.0,2155347.0,32.67
GMRINFRA,EQ,26-Apr-2016,12.2,12.2,12.4,12.1,12.35,12.35,12.26,7256907,88963966.15,3713.0,2270138.0,31.28
GMRINFRA,EQ,25-Apr-2016,12.15,12.35,12.4,12.15,12.2,12.2,12.27,6476622,79480489.05,4881.0,1458037.0,22.51
GMRINFRA,EQ,22-Apr-2016,12.25,12.05,12.3,12.05,12.2,12.15,12.21,5868992,71657032.4,5733.0,1324959.0,22.58
GMRINFRA,EQ,21-Apr-2016,12.45,12.6,12.7,12.2,12.25,12.25,12.42,8663078,107594386.75,6524.0,2492781.0,28.77
GMRINFRA,EQ,20-Apr-2016,11.85,11.95,12.6,11.9,12.4,12.45,12.33,21220425,261565266.45,13309.0,5110237.0,24.08
GMRINFRA,EQ,18-Apr-2016,11.85,11.85,11.95,11.7,11.85,11.85,11.8,10104118,119244312.4,7267.0,2096593.0,20.75
GMRINFRA,EQ,13-Apr-2016,11.55,11.65,12.0,11.6,11.85,11.85,11.88,11219440,133320882.3,14670.0,4206575.0,37.49
GMRINFRA,EQ,12-Apr-2016,11.6,11.55,11.75,11.5,11.55,11.55,11.64,7910274,92080194.45,7470.0,2471984.0,31.25
GMRINFRA,EQ,11-Apr-2016,11.4,11.3,11.65,11.3,11.6,11.6,11.51,4863621,55994363.8,3958.0,1747802.0,35.94
GMRINFRA,EQ,08-Apr-2016,11.35,11.35,11.45,11.25,11.4,11.4,11.37,4048822,46020324.65,4192.0,825576.0,20.39
GMRINFRA,EQ,07-Apr-2016,11.45,11.6,11.65,11.3,11.35,11.35,11.47,5598788,64196428.0,7198.0,1515387.0,27.07
GMRINFRA,EQ,06-Apr-2016,11.4,11.5,11.55,11.3,11.45,11.45,11.43,7966868,91092443.25,4628.0,2487193.0,31.22
GMRINFRA,EQ,05-Apr-2016,11.95,11.85,11.9,11.35,11.35,11.4,11.56,10544075,121858708.9,6033.0,3183377.0,30.19
GMRINFRA,EQ,04-Apr-2016,12.0,12.0,12.15,11.85,11.95,11.95,11.99,8266944,99090562.75,5003.0,2794036.0,33.8
GMRINFRA,EQ,01-Apr-2016,11.6,11.6,12.1,11.5,12.05,12.0,11.86,15734327,186652615.75,6908.0,3358871.0,21.35
GMRINFRA,EQ,31-Mar-2016,11.5,11.55,11.8,11.45,11.75,11.6,11.6,47420591,550119885.3,7812.0,31890030.0,67.25
GMRINFRA,EQ,30-Mar-2016,11.3,11.55,11.6,11.3,11.5,11.5,11.43,10771552,123141172.7,4913.0,3558711.0,33.04
GMRINFRA,EQ,29-Mar-2016,11.4,11.4,11.55,11.2,11.3,11.3,11.4,8968078,102245868.0,7918.0,3044422.0,33.95
GMRINFRA,EQ,28-Mar-2016,11.75,12.05,12.15,11.3,11.45,11.4,11.73,9242595,108404692.55,8863.0,2681248.0,29.01
GMRINFRA,EQ,23-Mar-2016,12.0,12.05,12.05,11.7,11.8,11.75,11.81,8502218,100436052.55,5228.0,3676267.0,43.24
GMRINFRA,EQ,22-Mar-2016,11.8,11.8,12.05,11.7,12.0,12.0,11.89,6354111,75555146.0,4294.0,2187933.0,34.43
GMRINFRA,EQ,21-Mar-2016,11.55,11.75,11.9,11.7,11.85,11.8,11.78,9081552,106951183.8,6340.0,2460116.0,27.09
GMRINFRA,EQ,18-Mar-2016,11.55,11.65,11.75,11.45,11.65,11.55,11.56,12944159,149611982.3,4462.0,5570267.0,43.03
GMRINFRA,EQ,17-Mar-2016,11.65,11.75,11.85,11.45,11.55,11.55,11.66,13461709,156991278.05,6968.0,3901826.0,28.98
GMRINFRA,EQ,16-Mar-2016,11.6,11.8,11.95,11.5,11.7,11.65,11.7,13006952,152155343.95,7081.0,4353296.0,33.47
GMRINFRA,EQ,15-Mar-2016,11.55,11.6,11.7,11.35,11.65,11.6,11.56,9467147,109471715.3,6681.0,2186628.0,23.1
GMRINFRA,EQ,14-Mar-2016,11.85,11.85,12.0,11.45,11.6,11.55,11.68,7137251,83361155.8,5893.0,1723717.0,24.15
GMRINFRA,EQ,11-Mar-2016,11.85,11.8,12.05,11.75,11.9,11.85,11.89,6997844,83190028.0,4489.0,1533197.0,21.91
GMRINFRA,EQ,10-Mar-2016,12.15,12.2,12.25,11.7,11.95,11.85,11.95,9223061,110186907.5,5915.0,2440727.0,26.46
GMRINFRA,EQ,09-Mar-2016,12.0,11.95,12.25,11.8,12.1,12.15,12.03,9946490,119687374.5,6524.0,2606210.0,26.2
GMRINFRA,EQ,08-Mar-2016,11.85,11.9,12.1,11.75,12.05,12.0,11.91,22801870,271641057.8,8690.0,11280122.0,49.47
GMRINFRA,EQ,04-Mar-2016,11.6,11.75,12.15,11.55,11.85,11.85,11.83,21905325,259180268.15,10144.0,5683563.0,25.95
GMRINFRA,EQ,03-Mar-2016,11.55,11.7,11.7,11.45,11.7,11.6,11.58,16741093,193882497.35,9177.0,5044718.0,30.13
GMRINFRA,EQ,02-Mar-2016,11.4,11.55,11.75,11.45,11.6,11.55,11.56,26968402,311737475.7,10788.0,10256654.0,38.03
GMRINFRA,EQ,01-Mar-2016,10.9,11.05,11.55,10.95,11.5,11.4,11.22,22352608,250863877.8,17665.0,6377735.0,28.53
GMRINFRA,EQ,29-Feb-2016,11.15,11.1,11.3,10.3,11.0,10.9,10.98,27849987,305931477.65,20453.0,6727469.0,24.16
GMRINFRA,EQ,26-Feb-2016,11.2,11.4,11.4,11.05,11.15,11.15,11.18,16656942,186306903.4,9310.0,5755458.0,34.55
GMRINFRA,EQ,25-Feb-2016,11.7,11.85,11.9,11.0,11.3,11.2,11.35,40145157,455661357.8,14879.0,19575975.0,48.76
GMRINFRA,EQ,24-Feb-2016,11.25,11.2,12.9,11.05,11.75,11.7,12.05,45680133,550440773.2,45376.0,6284577.0,13.76
GMRINFRA,EQ,23-Feb-2016,11.1,11.2,11.4,11.05,11.25,11.25,11.25,13471971,151551945.25,16419.0,4607590.0,34.2
GMRINFRA,EQ,22-Feb-2016,11.2,11.3,11.35,11.05,11.1,11.1,11.17,7009652,78306221.45,8834.0,2562948.0,36.56
GMRINFRA,EQ,19-Feb-2016,11.1,10.9,11.45,10.9,11.2,11.2,11.15,12890216,143710979.7,6259.0,3621612.0,28.1
GMRINFRA,EQ,18-Feb-2016,11.1,11.3,11.45,10.85,11.2,11.1,11.16,7124790,79527193.5,6893.0,1203452.0,16.89
GMRINFRA,EQ,17-Feb-2016,10.95,11.05,11.2,10.3,11.1,11.1,10.84,20450722,221621499.1,8261.0,7719546.0,37.75
GMRINFRA,EQ,16-Feb-2016,11.45,11.6,11.65,10.85,11.1,10.95,11.22,9653351,108288881.7,8977.0,2535705.0,26.27
GMRINFRA,EQ,15-Feb-2016,11.0,11.3,11.7,11.25,11.55,11.45,11.49,11265685,129447120.25,9709.0,2631328.0,23.36
GMRINFRA,EQ,12-Feb-2016,10.5,10.5,11.15,9.95,11.0,11.0,10.6,35734142,378794297.85,15214.0,11018910.0,30.84
GMRINFRA,EQ,11-Feb-2016,12.0,12.3,12.5,9.75,10.55,10.5,11.23,37325322,419001962.0,20945.0,10329548.0,27.67
GMRINFRA,EQ,10-Feb-2016,12.3,12.3,12.35,11.95,12.0,12.0,12.13,9406504,114076943.4,6044.0,2458282.0,26.13
GMRINFRA,EQ,09-Feb-2016,12.5,12.3,12.45,12.15,12.3,12.3,12.3,9262947,113932080.2,5131.0,1788950.0,19.31
GMRINFRA,EQ,08-Feb-2016,12.3,12.55,12.85,12.4,12.5,12.5,12.63,10849091,137042701.8,10436.0,2311969.0,21.31
GMRINFRA,EQ,05-Feb-2016,11.95,12.1,12.45,11.9,12.45,12.3,12.17,8941747,108832496.15,4820.0,1594715.0,17.83
GMRINFRA,EQ,04-Feb-2016,12.05,12.3,12.35,11.75,12.1,11.95,12.11,9344914,113188579.2,6507.0,2033638.0,21.76
GMRINFRA,EQ,03-Feb-2016,12.7,12.45,12.45,11.95,12.05,12.05,12.19,13772669,167885887.45,14204.0,4018712.0,29.18
GMRINFRA,EQ,02-Feb-2016,12.95,12.85,13.5,12.55,12.55,12.7,13.08,24406776,319301339.85,14983.0,8714790.0,35.71
GMRINFRA,EQ,01-Feb-2016,13.0,13.1,13.15,12.85,12.95,12.95,12.99,8282989,107581340.55,7761.0,1675885.0,20.23
GMRINFRA,EQ,29-Jan-2016,12.6,12.7,13.05,12.45,13.0,13.0,12.88,22600513,291108564.4,7782.0,12255104.0,54.22
GMRINFRA,EQ,28-Jan-2016,12.9,13.05,13.05,12.4,12.75,12.6,12.7,19558817,248356758.9,9988.0,7845363.0,40.11
GMRINFRA,EQ,27-Jan-2016,12.7,12.95,13.05,12.7,12.9,12.9,12.89,12243065,157842333.65,8140.0,1969615.0,16.09
GMRINFRA,EQ,25-Jan-2016,13.0,13.15,13.4,12.6,12.7,12.7,12.99,14069240,182804182.9,11539.0,3155648.0,22.43
GMRINFRA,EQ,22-Jan-2016,12.6,12.9,13.2,12.8,13.0,13.0,13.01,17642026,229472485.95,8164.0,5744683.0,32.56
GMRINFRA,EQ,21-Jan-2016,12.4,12.65,12.9,12.45,12.7,12.6,12.63,14118808,178250656.8,11176.0,6669098.0,47.24
GMRINFRA,EQ,20-Jan-2016,13.0,12.9,12.9,12.2,12.4,12.4,12.45,16064724,200024745.35,11622.0,5587975.0,34.78
GMRINFRA,EQ,19-Jan-2016,12.65,12.75,13.3,12.5,13.15,13.0,12.92,18987189,245304485.6,11335.0,7500904.0,39.51
GMRINFRA,EQ,18-Jan-2016,13.3,13.35,13.45,12.55,12.6,12.65,12.93,19846310,256533519.65,12351.0,5466878.0,27.55
GMRINFRA,EQ,15-Jan-2016,13.9,13.9,14.15,13.2,13.4,13.3,13.72,13910939,190824689.6,8598.0,3475862.0,24.99
GMRINFRA,EQ,14-Jan-2016,14.25,13.85,14.15,13.6,13.9,13.9,13.92,11476513,159720676.1,11255.0,1889390.0,16.46
GMRINFRA,EQ,13-Jan-2016,14.85,15.15,15.15,13.7,14.25,14.25,14.26,24233945,345539453.35,17316.0,3989053.0,16.46
GMRINFRA,EQ,12-Jan-2016,15.1,15.2,15.3,14.7,14.85,14.85,14.99,10902228,163396697.1,10892.0,2256324.0,20.7
GMRINFRA,EQ,11-Jan-2016,15.25,15.0,15.3,14.7,15.15,15.1,15.04,11023001,165828832.2,11807.0,2209552.0,20.04
GMRINFRA,EQ,08-Jan-2016,14.85,15.0,15.35,14.85,15.25,15.25,15.13,11264805,170447647.1,12313.0,2565574.0,22.78
GMRINFRA,EQ,07-Jan-2016,15.9,15.7,15.7,14.65,14.85,14.85,15.11,17377220,262550540.15,14919.0,5892232.0,33.91
GMRINFRA,EQ,06-Jan-2016,15.95,16.0,16.3,15.85,15.9,15.9,16.05,12906434,207100074.05,9972.0,2703726.0,20.95
GMRINFRA,EQ,05-Jan-2016,15.95,16.05,16.15,15.85,16.05,15.95,15.98,14091894,225160529.35,11160.0,3707947.0,26.31
GMRINFRA,EQ,04-Jan-2016,16.45,16.35,16.75,15.75,15.95,15.95,16.16,31009506,500983871.55,14165.0,6710976.0,21.64
GMRINFRA,EQ,01-Jan-2016,16.4,16.35,16.6,16.05,16.45,16.45,16.37,19879956,325387812.05,12659.0,3016312.0,15.17
GMRINFRA,EQ,31-Dec-2015,16.0,16.05,16.6,15.85,16.5,16.4,16.17,30771526,497608593.8,12910.0,9291851.0,30.2
GMRINFRA,EQ,29-Dec-2017,20.25,20.9,22.8,20.7,22.6,22.45,21.76,187536370,4081665303.2,84276.0,40009568.0,21.33
GMRINFRA,EQ,28-Dec-2017,19.05,19.15,20.7,19.05,20.55,20.25,20.09,148227908,2977469693.0,52167.0,48450798.0,32.69
GMRINFRA,EQ,27-Dec-2017,19.55,19.55,20.0,18.9,18.95,19.05,19.46,46364487,902113917.35,29104.0,11154880.0,24.06
GMRINFRA,EQ,26-Dec-2017,19.55,19.55,20.35,19.25,19.4,19.55,19.9,61751456,1228657483.4,37433.0,17613571.0,28.52
GMRINFRA,EQ,22-Dec-2017,19.85,19.95,20.2,19.3,19.6,19.55,19.65,39492713,776226286.45,21949.0,10489171.0,26.56
GMRINFRA,EQ,21-Dec-2017,18.3,18.45,20.65,18.3,19.95,19.85,19.78,129338963,2558936147.45,52543.0,29401278.0,22.73
GMRINFRA,EQ,20-Dec-2017,17.75,17.75,18.5,17.65,18.35,18.3,18.13,33432717,606282436.9,15415.0,9239200.0,27.64
GMRINFRA,EQ,19-Dec-2017,17.2,17.25,17.85,17.25,17.8,17.75,17.63,20920115,368836287.8,11146.0,4817257.0,23.03
GMRINFRA,EQ,18-Dec-2017,17.2,16.95,17.45,16.3,17.25,17.2,17.12,18915554,323807072.85,9060.0,3205597.0,16.95
GMRINFRA,EQ,15-Dec-2017,16.85,17.1,17.65,17.1,17.1,17.2,17.36,22369880,388335672.35,12696.0,3044506.0,13.61
GMRINFRA,EQ,14-Dec-2017,17.05,16.75,17.05,16.55,16.9,16.85,16.76,19261598,322919537.2,8616.0,3648952.0,18.94
GMRINFRA,EQ,13-Dec-2017,17.1,17.15,17.35,16.9,17.0,17.05,17.14,11762521,201576535.35,6204.0,2379439.0,20.23
GMRINFRA,EQ,12-Dec-2017,17.65,17.65,17.75,17.05,17.05,17.1,17.32,12146019,210338235.45,7542.0,3189054.0,26.26
GMRINFRA,EQ,11-Dec-2017,17.65,17.85,18.1,17.55,17.65,17.65,17.76,19337980,343458959.8,7252.0,3783539.0,19.57
GMRINFRA,EQ,08-Dec-2017,17.15,17.25,17.75,17.15,17.65,17.65,17.5,13980326,244599247.2,10089.0,2625747.0,18.78
GMRINFRA,EQ,07-Dec-2017,16.8,16.8,17.3,16.8,17.15,17.15,17.05,16719046,285088915.7,7217.0,2179197.0,13.03
GMRINFRA,EQ,06-Dec-2017,17.2,17.05,17.55,16.65,16.75,16.8,17.15,24489461,419936692.75,8898.0,3187169.0,13.01
GMRINFRA,EQ,05-Dec-2017,17.25,17.15,17.3,16.85,17.2,17.2,17.05,21597195,368201371.6,7486.0,6284270.0,29.1
GMRINFRA,EQ,04-Dec-2017,17.6,17.7,17.85,17.1,17.3,17.25,17.43,25962156,452510076.75,8767.0,8517009.0,32.81
GMRINFRA,EQ,01-Dec-2017,18.35,18.5,18.6,17.4,17.6,17.6,18.09,21865345,395471935.8,11399.0,5343540.0,24.44
GMRINFRA,EQ,30-Nov-2017,18.45,18.3,18.85,18.1,18.3,18.35,18.45,30342770,559767962.05,12541.0,7834081.0,25.82
GMRINFRA,EQ,29-Nov-2017,18.15,18.15,18.85,17.95,18.35,18.45,18.49,42394085,783870291.95,15355.0,9533439.0,22.49
GMRINFRA,EQ,28-Nov-2017,18.9,19.25,19.4,17.95,18.05,18.15,18.62,41381364,770619023.4,25147.0,13501161.0,32.63
GMRINFRA,EQ,27-Nov-2017,18.65,18.55,19.6,18.25,18.85,18.9,19.12,70054560,1339261955.2,29456.0,20277440.0,28.95
GMRINFRA,EQ,24-Nov-2017,16.95,16.95,19.1,16.9,18.65,18.65,18.28,50610462,925058106.35,18751.0,9757095.0,19.28
GMRINFRA,EQ,23-Nov-2017,17.0,16.95,17.2,16.8,16.95,16.95,16.99,12313106,209195503.55,5367.0,1895800.0,15.4
GMRINFRA,EQ,22-Nov-2017,17.25,17.2,17.3,16.85,16.95,17.0,17.02,10441128,177695218.25,5564.0,2018266.0,19.33
GMRINFRA,EQ,21-Nov-2017,17.2,17.3,17.45,17.05,17.25,17.25,17.26,12470943,215265940.2,5473.0,2500055.0,20.05
GMRINFRA,EQ,20-Nov-2017,17.0,16.9,17.35,16.8,17.2,17.2,17.13,14821175,253841757.8,7581.0,2654648.0,17.91
GMRINFRA,EQ,17-Nov-2017,16.95,17.15,17.5,16.9,17.0,17.0,17.1,14866215,254213413.7,6931.0,2658326.0,17.88
GMRINFRA,EQ,16-Nov-2017,16.35,16.35,17.05,16.15,16.95,16.95,16.7,22864188,381877999.5,15697.0,5858335.0,25.62
GMRINFRA,EQ,15-Nov-2017,17.85,17.5,17.65,15.65,16.3,16.35,16.79,49081277,824312534.25,26780.0,12586949.0,25.65
GMRINFRA,EQ,14-Nov-2017,17.75,17.8,18.25,17.6,17.8,17.85,17.96,19031914,341769745.55,10657.0,2507192.0,13.17
GMRINFRA,EQ,13-Nov-2017,17.7,17.7,18.15,17.4,17.75,17.75,17.75,15569818,276390554.8,8414.0,2721382.0,17.48
GMRINFRA,EQ,10-Nov-2017,17.8,17.8,18.0,17.5,17.7,17.7,17.73,18418613,326648054.45,8032.0,1785243.0,9.69
GMRINFRA,EQ,09-Nov-2017,17.4,17.55,17.95,17.3,17.8,17.8,17.68,26784510,473559202.4,11678.0,2347354.0,8.76
GMRINFRA,EQ,08-Nov-2017,17.5,17.6,18.1,17.3,17.55,17.4,17.73,25210782,446958248.5,12041.0,3455666.0,13.71
GMRINFRA,EQ,07-Nov-2017,18.4,18.4,18.5,17.4,17.6,17.5,17.85,30565753,545530048.5,14384.0,5770067.0,18.88
GMRINFRA,EQ,06-Nov-2017,19.0,18.8,19.05,18.3,18.35,18.4,18.68,18334926,342554665.95,8148.0,5030445.0,27.44
GMRINFRA,EQ,03-Nov-2017,18.85,19.0,19.65,18.75,19.05,19.0,19.22,46696034,897657362.1,17439.0,12504409.0,26.78
GMRINFRA,EQ,02-Nov-2017,19.05,19.2,19.2,18.55,18.9,18.85,18.83,20406991,384263675.35,9852.0,3563786.0,17.46
GMRINFRA,EQ,01-Nov-2017,19.2,19.5,19.85,18.95,19.1,19.05,19.38,34590450,670411216.25,16525.0,6788533.0,19.63
GMRINFRA,EQ,31-Oct-2017,18.2,18.3,19.7,18.3,19.25,19.2,19.24,86369612,1661670094.1,36922.0,16856160.0,19.52
GMRINFRA,EQ,30-Oct-2017,18.05,18.2,18.25,18.0,18.25,18.2,18.19,17333948,315360385.8,9917.0,7188968.0,41.47
GMRINFRA,EQ,27-Oct-2017,18.45,18.5,18.75,17.75,18.05,18.05,18.39,26772775,492249539.55,9727.0,3527945.0,13.18
GMRINFRA,EQ,26-Oct-2017,18.45,18.5,18.9,18.05,18.4,18.45,18.55,38437129,713151854.85,14537.0,8617024.0,22.42
GMRINFRA,EQ,25-Oct-2017,17.4,17.85,18.95,17.4,18.6,18.45,18.36,64835284,1190621897.15,31265.0,14186606.0,21.88
GMRINFRA,EQ,24-Oct-2017,17.25,17.4,17.55,17.1,17.35,17.4,17.33,32294974,559689672.0,16054.0,5239897.0,16.23
GMRINFRA,EQ,23-Oct-2017,15.95,16.05,17.4,15.9,17.25,17.25,16.74,33624059,562764362.65,19052.0,7501802.0,22.31
GMRINFRA,EQ,19-Oct-2017,16.05,16.15,16.15,15.65,16.0,15.95,15.98,2923247,46701875.8,2546.0,1336671.0,45.73
GMRINFRA,EQ,18-Oct-2017,16.05,16.15,16.15,15.9,16.1,16.05,16.03,9789108,156947609.4,3616.0,2066027.0,21.11
GMRINFRA,EQ,17-Oct-2017,16.05,16.05,16.2,15.9,16.15,16.05,16.02,8704296,139473011.45,3213.0,2598903.0,29.86
GMRINFRA,EQ,16-Oct-2017,16.1,16.2,16.25,15.85,16.0,16.05,16.01,12572217,201257061.2,5686.0,2183222.0,17.37
GMRINFRA,EQ,13-Oct-2017,16.2,16.2,16.45,16.0,16.1,16.1,16.19,15832267,256374851.5,6762.0,4314092.0,27.25
GMRINFRA,EQ,12-Oct-2017,15.75,15.8,16.3,15.6,16.2,16.2,15.99,14446383,231069069.55,7530.0,2975898.0,20.6
GMRINFRA,EQ,11-Oct-2017,16.4,16.55,16.65,15.4,15.65,15.75,16.04,21466163,344223380.9,8882.0,5676477.0,26.44
GMRINFRA,EQ,10-Oct-2017,16.25,16.25,16.6,16.2,16.5,16.4,16.35,14979023,244929673.4,7769.0,3252333.0,21.71
GMRINFRA,EQ,09-Oct-2017,16.5,16.5,16.65,16.2,16.25,16.25,16.36,13696001,224014092.85,5816.0,2740986.0,20.01
GMRINFRA,EQ,06-Oct-2017,16.2,16.35,16.6,16.15,16.5,16.5,16.4,19535998,320298462.55,5718.0,8529654.0,43.66
GMRINFRA,EQ,05-Oct-2017,16.35,16.35,16.45,16.1,16.3,16.2,16.27,7742672,125960890.15,5056.0,1515797.0,19.58
GMRINFRA,EQ,04-Oct-2017,16.45,16.5,16.6,16.25,16.25,16.35,16.4,16301902,267319406.75,6793.0,4135108.0,25.37
GMRINFRA,EQ,03-Oct-2017,16.4,16.7,16.95,16.3,16.35,16.45,16.53,15473913,255832257.05,7231.0,2340723.0,15.13
GMRINFRA,EQ,29-Sep-2017,15.95,16.1,16.6,16.0,16.6,16.4,16.29,27492006,447872770.7,10467.0,7516279.0,27.34
GMRINFRA,EQ,28-Sep-2017,15.95,15.95,16.1,15.4,15.9,15.95,15.84,40951868,648513671.4,13220.0,5753859.0,14.05
GMRINFRA,EQ,27-Sep-2017,16.55,16.7,16.9,15.8,15.9,15.95,16.47,30030564,494721639.75,12756.0,3466103.0,11.54
GMRINFRA,EQ,26-Sep-2017,16.45,16.6,16.75,16.25,16.6,16.55,16.48,18129513,298775387.1,7186.0,3242539.0,17.89
GMRINFRA,EQ,25-Sep-2017,16.75,16.85,16.9,16.05,16.45,16.45,16.4,24581843,403127521.75,10916.0,4325119.0,17.59
GMRINFRA,EQ,22-Sep-2017,17.5,17.55,17.55,16.65,16.75,16.75,17.01,30559550,519741673.75,12623.0,7932998.0,25.96
GMRINFRA,EQ,21-Sep-2017,17.85,17.95,18.0,17.05,17.6,17.5,17.53,23417290,410532426.85,9430.0,4101002.0,17.51
GMRINFRA,EQ,20-Sep-2017,18.05,18.1,18.15,17.8,17.9,17.85,17.96,12686099,227856415.5,5628.0,2890108.0,22.78
GMRINFRA,EQ,19-Sep-2017,18.15,18.2,18.3,17.95,18.05,18.05,18.09,17824803,322421904.85,7373.0,3787516.0,21.25
GMRINFRA,EQ,18-Sep-2017,17.9,18.05,18.5,18.0,18.15,18.15,18.26,32069481,585598204.95,13989.0,6442997.0,20.09
GMRINFRA,EQ,15-Sep-2017,18.0,17.9,18.25,17.7,17.9,17.9,17.94,22152964,397530631.05,10594.0,4174326.0,18.84
GMRINFRA,EQ,14-Sep-2017,17.9,17.95,18.45,17.9,18.05,18.0,18.12,36372371,658963659.45,14845.0,5598513.0,15.39
GMRINFRA,EQ,13-Sep-2017,17.35,17.5,18.55,17.35,17.85,17.9,17.98,58122179,1045103788.7,22538.0,10009876.0,17.22
GMRINFRA,EQ,12-Sep-2017,17.3,17.45,17.6,17.25,17.35,17.35,17.43,19108231,333077726.3,9278.0,3858966.0,20.2
GMRINFRA,EQ,11-Sep-2017,17.25,17.4,17.65,17.15,17.3,17.3,17.44,14057115,245202378.75,6844.0,2634580.0,18.74
GMRINFRA,EQ,08-Sep-2017,17.5,17.5,17.65,17.05,17.2,17.25,17.33,17216598,298363109.2,12258.0,2983863.0,17.33
GMRINFRA,EQ,07-Sep-2017,17.2,17.7,17.85,17.4,17.45,17.5,17.59,32065858,563883993.7,15937.0,6500188.0,20.27
GMRINFRA,EQ,06-Sep-2017,17.1,17.0,17.3,16.85,17.15,17.2,17.19,18512579,318186748.95,6934.0,4464562.0,24.12
GMRINFRA,EQ,05-Sep-2017,17.2,17.5,17.75,17.05,17.05,17.1,17.33,37224291,645273004.95,12567.0,5642778.0,15.16
GMRINFRA,EQ,04-Sep-2017,17.7,17.7,17.7,16.8,17.2,17.2,17.18,33442149,574454257.25,12642.0,7093561.0,21.21
GMRINFRA,EQ,01-Sep-2017,17.2,17.25,17.8,17.15,17.75,17.7,17.52,39925740,699315602.75,12575.0,11168756.0,27.97
GMRINFRA,EQ,31-Aug-2017,17.2,17.25,17.45,17.05,17.15,17.2,17.2,23992936,412613498.35,6131.0,8987762.0,37.46
GMRINFRA,EQ,30-Aug-2017,16.85,17.0,17.4,16.8,17.2,17.2,17.17,23081553,396233136.4,10676.0,4202019.0,18.21
GMRINFRA,EQ,29-Aug-2017,17.45,17.3,17.4,16.75,16.8,16.85,17.06,19985526,340968861.3,13921.0,6075070.0,30.4
GMRINFRA,EQ,28-Aug-2017,17.25,17.25,17.9,17.2,17.35,17.45,17.63,32962980,581147742.0,12805.0,12010289.0,36.44
GMRINFRA,EQ,24-Aug-2017,17.2,17.3,17.65,17.1,17.2,17.25,17.26,18655881,322001818.6,8701.0,5700778.0,30.56
GMRINFRA,EQ,23-Aug-2017,17.0,17.3,17.4,17.0,17.1,17.2,17.21,19674455,338649384.2,10466.0,4171604.0,21.2
GMRINFRA,EQ,22-Aug-2017,17.5,17.75,17.9,16.9,17.0,17.0,17.27,33758942,582971597.75,26383.0,3443739.0,10.2
GMRINFRA,EQ,21-Aug-2017,18.25,18.25,18.45,17.35,17.5,17.5,17.89,25971372,464756724.85,15848.0,4398742.0,16.94
GMRINFRA,EQ,18-Aug-2017,18.55,18.35,18.8,17.95,18.15,18.25,18.34,50471064,925749658.05,26351.0,7449876.0,14.76
GMRINFRA,EQ,17-Aug-2017,16.5,16.85,19.15,16.4,18.65,18.55,18.26,151869401,2773235771.8,81173.0,19484381.0,12.83
GMRINFRA,EQ,16-Aug-2017,16.05,16.3,16.7,16.05,16.6,16.5,16.3,22701775,370001554.95,11721.0,5692162.0,25.07
GMRINFRA,EQ,14-Aug-2017,15.5,15.7,16.45,15.7,16.0,16.05,16.03,23289620,373248634.25,12028.0,4176593.0,17.93
GMRINFRA,EQ,11-Aug-2017,15.9,15.5,16.2,15.1,15.6,15.5,15.59,33704072,525508085.5,21331.0,6492600.0,19.26
GMRINFRA,EQ,10-Aug-2017,16.95,16.9,17.2,15.6,16.15,15.9,16.5,35718794,589215527.3,17236.0,8461354.0,23.69
GMRINFRA,EQ,09-Aug-2017,17.7,17.55,17.6,16.65,16.8,16.95,17.15,30393631,521105363.15,20132.0,4463530.0,14.69
GMRINFRA,EQ,08-Aug-2017,18.55,18.7,18.7,17.55,17.65,17.7,17.95,25226585,452862168.65,32801.0,4494587.0,17.82
GMRINFRA,EQ,07-Aug-2017,17.65,17.85,18.75,17.75,18.55,18.55,18.32,25559596,468354500.2,34370.0,5455032.0,21.34
GMRINFRA,EQ,04-Aug-2017,17.9,17.95,18.05,17.55,17.65,17.65,17.77,24423845,433938581.45,21710.0,4827338.0,19.76
GMRINFRA,EQ,03-Aug-2017,18.5,18.55,18.55,17.75,17.95,17.9,18.21,28780056,524036929.95,10683.0,5435833.0,18.89
GMRINFRA,EQ,02-Aug-2017,18.7,18.85,18.95,18.2,18.45,18.5,18.53,23115311,428434256.9,9049.0,4495663.0,19.45
GMRINFRA,EQ,01-Aug-2017,18.8,18.95,19.05,18.6,18.7,18.7,18.85,20289231,382407622.5,6793.0,7035964.0,34.68
GMRINFRA,EQ,31-Jul-2017,18.9,19.1,19.15,18.5,18.75,18.8,18.84,20709764,390140648.5,9514.0,6482361.0,31.3
GMRINFRA,EQ,28-Jul-2017,19.3,19.25,19.75,18.7,18.95,18.9,19.15,65564234,1255641404.1,23372.0,24016900.0,36.63
GMRINFRA,EQ,27-Jul-2017,19.15,19.4,19.7,18.95,19.35,19.3,19.31,64432555,1244279341.15,22135.0,24349688.0,37.79
GMRINFRA,EQ,26-Jul-2017,18.8,18.8,19.45,18.75,19.15,19.15,19.14,50394927,964675127.7,18509.0,17821767.0,35.36
GMRINFRA,EQ,25-Jul-2017,18.65,18.85,18.95,18.25,18.75,18.8,18.66,40548306,756539928.1,16775.0,10815732.0,26.67
GMRINFRA,EQ,24-Jul-2017,18.0,18.25,19.25,18.15,18.7,18.65,18.88,89231715,1684342075.05,36181.0,27245237.0,30.53
GMRINFRA,EQ,21-Jul-2017,17.8,17.4,18.15,17.2,18.0,18.0,17.72,51757767,917249150.85,34801.0,14118884.0,27.28
GMRINFRA,EQ,20-Jul-2017,18.1,18.2,18.2,17.75,17.85,17.8,17.93,13284154,238214717.25,10102.0,4909485.0,36.96
GMRINFRA,EQ,19-Jul-2017,17.7,17.8,18.2,17.75,18.1,18.1,18.04,20267425,365641324.9,15674.0,5809255.0,28.66
GMRINFRA,EQ,18-Jul-2017,18.05,17.95,18.2,17.6,17.65,17.7,17.88,16685431,298378064.55,10732.0,4734092.0,28.37
GMRINFRA,EQ,17-Jul-2017,18.0,18.35,18.55,17.95,18.0,18.05,18.16,28179488,511856154.55,13852.0,9199358.0,32.65
GMRINFRA,EQ,14-Jul-2017,17.95,18.1,18.65,17.8,18.15,18.0,18.07,75911494,1371595805.3,17582.0,32014990.0,42.17
GMRINFRA,EQ,13-Jul-2017,18.05,18.2,18.35,17.8,17.95,17.95,18.02,32054650,577487264.55,13713.0,6986066.0,21.79
GMRINFRA,EQ,12-Jul-2017,18.45,18.5,18.85,17.65,18.05,18.05,18.12,79963225,1448840026.5,25527.0,37886323.0,47.38
GMRINFRA,EQ,11-Jul-2017,19.0,19.2,19.3,18.3,18.35,18.45,18.77,26038665,488644020.15,17792.0,8360277.0,32.11
GMRINFRA,EQ,10-Jul-2017,19.3,19.3,21.2,18.85,18.95,19.0,19.06,10518942,200520564.1,5461.0,3539118.0,33.65
GMRINFRA,EQ,07-Jul-2017,19.0,19.0,19.5,18.5,19.2,19.3,19.02,40301587,766407162.4,17143.0,9174946.0,22.77
GMRINFRA,EQ,06-Jul-2017,18.9,19.2,19.35,18.65,19.0,19.0,19.03,33223410,632230736.8,15080.0,5223497.0,15.72
GMRINFRA,EQ,05-Jul-2017,18.55,18.65,19.15,18.45,18.95,18.9,18.77,50223748,942558992.75,24281.0,15301449.0,30.47
GMRINFRA,EQ,04-Jul-2017,19.6,19.0,19.75,18.3,18.5,18.55,18.82,58574540,1102523637.7,26352.0,19962080.0,34.08
GMRINFRA,EQ,03-Jul-2017,19.65,19.85,20.25,19.5,19.6,19.6,19.82,32453078,643088166.05,14848.0,10255472.0,31.6
GMRINFRA,EQ,30-Jun-2017,19.0,19.15,20.1,19.0,19.85,19.65,19.65,66433073,1305469265.9,30013.0,19287680.0,29.03
GMRINFRA,EQ,29-Jun-2017,19.3,19.65,19.8,18.7,18.9,19.0,19.12,119030605,2275961224.75,35004.0,40666595.0,34.16
GMRINFRA,EQ,28-Jun-2017,19.25,19.2,20.45,18.8,19.45,19.3,19.64,64165663,1260525287.35,32237.0,13692990.0,21.34
GMRINFRA,EQ,27-Jun-2017,21.35,21.6,22.0,18.3,19.25,19.25,20.18,81835389,1651368865.35,38302.0,21581943.0,26.37
GMRINFRA,EQ,23-Jun-2017,20.8,20.65,21.75,20.35,21.5,21.35,21.16,68100893,1440970584.8,37119.0,12682368.0,18.62
GMRINFRA,EQ,22-Jun-2017,21.35,21.4,22.05,20.4,20.75,20.8,21.41,78981450,1690971217.4,41215.0,17556700.0,22.23
GMRINFRA,EQ,21-Jun-2017,20.0,20.1,21.65,19.85,21.3,21.35,20.92,132714510,2776634790.8,62360.0,25681786.0,19.35
GMRINFRA,EQ,20-Jun-2017,19.3,19.3,20.2,19.15,20.05,20.0,19.74,57331928,1131807044.1,30794.0,10339513.0,18.03
GMRINFRA,EQ,19-Jun-2017,19.45,19.45,19.7,19.15,19.25,19.3,19.41,29545324,573547073.0,12926.0,4415210.0,14.94
GMRINFRA,EQ,16-Jun-2017,19.75,19.6,20.15,19.25,19.3,19.45,19.66,54266696,1066961331.8,27698.0,7333552.0,13.51
GMRINFRA,EQ,15-Jun-2017,19.3,19.2,20.1,19.05,19.75,19.75,19.61,98657216,1934420498.55,48482.0,14930339.0,15.13
GMRINFRA,EQ,14-Jun-2017,18.85,18.85,19.75,18.15,19.3,19.3,19.08,106021545,2023155124.55,47613.0,24966459.0,23.55
GMRINFRA,EQ,13-Jun-2017,17.75,17.95,19.5,17.9,18.9,18.85,18.85,146441624,2759883004.4,64043.0,31048424.0,21.2
GMRINFRA,EQ,12-Jun-2017,17.0,16.95,18.2,16.75,17.8,17.75,17.75,87581719,1554752749.05,45834.0,24855221.0,28.38
GMRINFRA,EQ,09-Jun-2017,16.6,16.7,17.1,16.2,16.95,17.0,16.75,23436220,392595301.0,11431.0,6523037.0,27.83
GMRINFRA,EQ,08-Jun-2017,16.65,16.7,16.8,16.5,16.55,16.6,16.62,22362868,371577135.6,7480.0,11750715.0,52.55
GMRINFRA,EQ,07-Jun-2017,16.2,16.3,17.05,16.3,16.6,16.65,16.72,54402871,909653434.6,22307.0,19736751.0,36.28
GMRINFRA,EQ,06-Jun-2017,16.7,16.75,16.9,16.1,16.25,16.2,16.36,31427653,514214749.7,20116.0,5305236.0,16.88
GMRINFRA,EQ,05-Jun-2017,16.9,17.05,17.65,16.15,16.75,16.7,16.89,119450359,2017744750.25,70576.0,33645464.0,28.17
GMRINFRA,EQ,02-Jun-2017,14.95,15.05,19.05,14.95,16.8,16.9,17.46,318000100,5552426068.1,147752.0,56772035.0,17.85
GMRINFRA,EQ,01-Jun-2017,15.05,15.25,15.25,14.6,15.0,14.95,14.9,6267102,93359698.3,4781.0,1287570.0,20.54
GMRINFRA,EQ,31-May-2017,15.0,15.0,15.3,14.75,15.1,15.05,15.03,20483733,307813512.55,8847.0,7807318.0,38.11
GMRINFRA,EQ,30-May-2017,14.8,14.45,15.15,14.2,14.9,15.0,14.71,22808916,335470548.4,17394.0,6882926.0,30.18
GMRINFRA,EQ,29-May-2017,15.95,16.0,16.15,14.7,14.8,14.8,15.14,19771246,299397689.2,16182.0,6085479.0,30.78
GMRINFRA,EQ,26-May-2017,15.2,15.3,16.05,15.15,15.95,15.95,15.7,17886317,280852804.6,10010.0,4255974.0,23.79
GMRINFRA,EQ,25-May-2017,14.55,14.7,15.4,14.45,15.25,15.2,15.08,29769387,448799076.75,18513.0,9617533.0,32.31
GMRINFRA,EQ,24-May-2017,15.9,15.9,16.0,14.25,14.6,14.55,15.01,34309492,515072625.05,22645.0,6123558.0,17.85
GMRINFRA,EQ,23-May-2017,16.8,16.7,16.75,15.6,15.75,15.9,16.14,27678783,446774134.05,14512.0,7544503.0,27.26
GMRINFRA,EQ,22-May-2017,16.95,17.1,17.25,16.65,16.7,16.8,16.92,13103012,221739115.15,6187.0,1690943.0,12.9
GMRINFRA,EQ,19-May-2017,16.75,16.85,17.35,16.6,17.0,16.95,16.96,22080313,374440580.75,9355.0,2110450.0,9.56
GMRINFRA,EQ,18-May-2017,17.3,17.15,17.25,16.65,16.75,16.75,16.94,17050095,288900438.15,9429.0,5476423.0,32.12
GMRINFRA,EQ,17-May-2017,17.4,17.4,17.7,17.25,17.25,17.3,17.4,14686157,255570151.25,8448.0,4250771.0,28.94
GMRINFRA,EQ,16-May-2017,17.55,17.6,17.7,17.05,17.35,17.4,17.38,18797177,326723844.0,10494.0,5716554.0,30.41
GMRINFRA,EQ,15-May-2017,16.6,16.7,17.7,16.7,17.6,17.55,17.15,51996656,891657894.35,11922.0,29960644.0,57.62
GMRINFRA,EQ,12-May-2017,16.7,16.8,16.85,16.2,16.6,16.6,16.5,13220554,218143597.05,7323.0,2705122.0,20.46
GMRINFRA,EQ,11-May-2017,17.0,17.0,17.15,16.6,16.75,16.7,16.85,15589708,262656846.9,7612.0,5038847.0,32.32
GMRINFRA,EQ,10-May-2017,17.15,17.2,17.35,16.9,17.0,17.0,17.09,14066476,240449014.45,8216.0,3815330.0,27.12
GMRINFRA,EQ,09-May-2017,16.7,17.15,17.5,16.8,17.15,17.15,17.16,31392308,538776884.5,15862.0,9472008.0,30.17
GMRINFRA,EQ,08-May-2017,16.2,16.2,17.05,16.15,17.0,16.7,16.57,14339304,237571672.45,7196.0,5669797.0,39.54
GMRINFRA,EQ,05-May-2017,16.85,16.8,16.8,15.9,16.2,16.2,16.33,19374509,316373347.0,12081.0,4410075.0,22.76
GMRINFRA,EQ,04-May-2017,16.85,17.0,17.4,16.8,16.85,16.85,17.01,22146219,376766390.2,13189.0,7885010.0,35.6
GMRINFRA,EQ,03-May-2017,17.15,17.15,17.25,16.65,16.8,16.85,16.91,14947352,252819284.55,9370.0,3878421.0,25.95
GMRINFRA,EQ,02-May-2017,17.25,17.35,17.4,16.6,17.2,17.15,17.06,25289105,431372683.6,10948.0,6528790.0,25.82
GMRINFRA,EQ,28-Apr-2017,17.55,17.6,17.9,17.1,17.25,17.25,17.39,19431983,337826665.9,13618.0,4586730.0,23.6
GMRINFRA,EQ,27-Apr-2017,17.15,17.25,17.75,17.0,17.5,17.55,17.47,39606526,691784298.1,17790.0,14293167.0,36.09
GMRINFRA,EQ,26-Apr-2017,17.85,17.85,18.2,16.65,17.15,17.15,17.62,71071854,1252410818.85,26259.0,23577411.0,33.17
GMRINFRA,EQ,25-Apr-2017,18.25,18.25,18.6,17.7,17.8,17.85,17.98,51432724,924986006.85,22636.0,15122135.0,29.4
GMRINFRA,EQ,24-Apr-2017,17.55,18.1,18.65,17.85,18.25,18.25,18.25,67777868,1237076867.5,31444.0,21845175.0,32.23
GMRINFRA,EQ,21-Apr-2017,16.45,16.6,17.8,16.5,17.65,17.55,17.15,60932892,1044849429.6,26842.0,20696369.0,33.97
GMRINFRA,EQ,20-Apr-2017,15.7,15.7,16.65,15.7,16.55,16.45,16.29,17556711,286047123.6,9338.0,5266939.0,30.0
GMRINFRA,EQ,19-Apr-2017,15.75,15.7,15.95,15.45,15.7,15.7,15.71,7813597,122789133.85,4611.0,1364373.0,17.46
GMRINFRA,EQ,18-Apr-2017,16.1,16.1,16.9,15.6,15.7,15.75,16.37,25754060,421520757.5,13918.0,4562769.0,17.72
GMRINFRA,EQ,17-Apr-2017,15.6,15.6,16.35,15.35,16.1,16.1,15.94,13368779,213110105.65,5839.0,2540201.0,19.0
GMRINFRA,EQ,13-Apr-2017,15.65,15.6,15.75,15.5,15.6,15.6,15.64,4981242,77900316.5,2809.0,2194066.0,44.05
GMRINFRA,EQ,12-Apr-2017,15.9,15.85,16.05,15.35,15.65,15.65,15.73,13107573,206118267.15,6176.0,2299107.0,17.54
GMRINFRA,EQ,11-Apr-2017,15.8,15.8,16.05,15.65,15.9,15.9,15.85,6516089,103290805.55,4207.0,1776831.0,27.27
GMRINFRA,EQ,10-Apr-2017,15.9,16.0,16.15,15.75,15.85,15.8,15.91,6681975,106287313.25,4760.0,1760789.0,26.35
GMRINFRA,EQ,07-Apr-2017,16.45,16.3,16.45,15.8,15.9,15.9,16.19,11252053,182141014.25,6248.0,3955322.0,35.15
GMRINFRA,EQ,06-Apr-2017,16.55,16.5,16.6,16.35,16.4,16.45,16.47,9849168,162173194.5,3531.0,4378652.0,44.46
GMRINFRA,EQ,05-Apr-2017,16.3,16.35,16.65,16.15,16.6,16.55,16.48,13773748,227033253.5,8612.0,4113246.0,29.86
GMRINFRA,EQ,03-Apr-2017,16.0,16.1,16.4,16.0,16.35,16.3,16.23,8329625,135202887.1,7655.0,1875643.0,22.52
GMRINFRA,EQ,31-Mar-2017,16.35,16.35,16.45,15.9,15.95,16.0,16.2,13052457,211446726.9,7883.0,5135850.0,39.35
GMRINFRA,EQ,30-Mar-2017,16.4,16.45,16.65,16.2,16.35,16.35,16.41,40393853,662865158.45,9789.0,18169094.0,44.98
GMRINFRA,EQ,29-Mar-2017,16.5,16.55,16.6,16.3,16.4,16.4,16.46,12701663,209031846.25,3745.0,4368336.0,34.39
GMRINFRA,EQ,28-Mar-2017,16.3,16.3,16.6,16.3,16.5,16.5,16.52,15911484,262933315.65,5554.0,8830078.0,55.49
GMRINFRA,EQ,27-Mar-2017,16.45,16.4,16.6,16.3,16.3,16.3,16.38,11389322,186508019.05,4255.0,7015795.0,61.6
GMRINFRA,EQ,24-Mar-2017,16.35,16.45,16.6,16.35,16.45,16.45,16.48,7627560,125700386.55,4663.0,2990077.0,39.2
GMRINFRA,EQ,23-Mar-2017,16.05,16.05,16.5,16.0,16.45,16.35,16.23,9473093,153709578.15,4101.0,5469948.0,57.74
GMRINFRA,EQ,22-Mar-2017,16.5,16.3,16.35,16.0,16.05,16.05,16.13,9307243,150167992.8,6859.0,2159370.0,23.2
GMRINFRA,EQ,21-Mar-2017,16.7,16.7,16.75,16.2,16.55,16.5,16.43,19198101,315356379.6,7571.0,4842339.0,25.22
GMRINFRA,EQ,20-Mar-2017,16.7,16.85,16.85,16.45,16.7,16.7,16.64,11201126,186385981.45,7078.0,2701872.0,24.12
GMRINFRA,EQ,17-Mar-2017,17.2,17.3,17.4,16.45,16.7,16.7,16.84,25485285,429084422.3,16029.0,5013855.0,19.67
GMRINFRA,EQ,16-Mar-2017,16.35,16.5,17.35,16.4,17.3,17.2,17.0,42053264,714889897.55,19458.0,11726901.0,27.89
GMRINFRA,EQ,15-Mar-2017,16.3,16.35,16.5,16.15,16.3,16.35,16.34,16180784,264426340.05,7790.0,6993086.0,43.22
GMRINFRA,EQ,14-Mar-2017,15.9,16.3,16.6,16.05,16.3,16.3,16.25,13544163,220041017.95,6576.0,2998280.0,22.14
GMRINFRA,EQ,10-Mar-2017,16.2,16.4,16.45,15.8,15.9,15.9,16.09,12649481,203504769.45,10782.0,2667916.0,21.09
GMRINFRA,EQ,09-Mar-2017,16.3,16.3,16.4,16.0,16.2,16.2,16.21,13110591,212528416.25,6960.0,2152419.0,16.42
GMRINFRA,EQ,08-Mar-2017,16.35,16.35,16.85,16.2,16.3,16.3,16.47,26948637,443946187.25,12478.0,6413625.0,23.8
GMRINFRA,EQ,07-Mar-2017,16.4,16.45,16.65,16.15,16.35,16.35,16.38,18530524,303515589.05,8017.0,8425458.0,45.47
GMRINFRA,EQ,06-Mar-2017,16.3,16.5,16.8,16.25,16.4,16.4,16.47,16512877,271938041.15,8113.0,4935677.0,29.89
GMRINFRA,EQ,03-Mar-2017,15.85,15.85,16.55,15.6,16.55,16.3,16.12,25379666,409032802.55,12122.0,4047021.0,15.95
GMRINFRA,EQ,02-Mar-2017,15.8,15.95,17.3,15.7,15.8,15.85,16.54,61078649,1010024270.2,33680.0,9970278.0,16.32
GMRINFRA,EQ,01-Mar-2017,15.9,15.9,16.25,15.7,15.7,15.8,15.95,20474448,326650758.75,11677.0,4052563.0,19.79
GMRINFRA,EQ,28-Feb-2017,15.4,15.45,16.15,15.2,15.95,15.9,15.74,27997596,440572254.6,20982.0,5176730.0,18.49
GMRINFRA,EQ,27-Feb-2017,14.9,15.1,16.0,15.05,15.45,15.4,15.57,28760593,447776267.9,20545.0,7529669.0,26.18
GMRINFRA,EQ,23-Feb-2017,14.95,14.95,15.15,14.8,14.9,14.9,14.96,10415005,155816506.1,14298.0,2933324.0,28.16
GMRINFRA,EQ,22-Feb-2017,14.95,14.95,15.25,14.7,14.85,14.95,15.04,20215247,303998878.95,11388.0,3732573.0,18.46
GMRINFRA,EQ,21-Feb-2017,15.45,15.3,15.45,14.7,14.9,14.95,15.01,23255706,349150247.75,17990.0,3513361.0,15.11
GMRINFRA,EQ,20-Feb-2017,14.35,14.4,15.75,14.2,15.3,15.45,15.26,56897246,868268107.4,28374.0,9458365.0,16.62
GMRINFRA,EQ,17-Feb-2017,14.0,14.1,14.55,13.9,14.4,14.35,14.17,16979603,240524759.45,10690.0,2320742.0,13.67
GMRINFRA,EQ,16-Feb-2017,13.75,13.7,14.15,13.55,14.15,14.0,13.92,7915269,110209655.1,4357.0,1921963.0,24.28
GMRINFRA,EQ,15-Feb-2017,14.25,14.1,14.35,13.6,13.65,13.75,13.92,10326807,143720425.4,6185.0,1825928.0,17.68
GMRINFRA,EQ,14-Feb-2017,14.3,14.0,14.35,13.65,14.15,14.25,14.0,17072181,238983605.15,14084.0,4008212.0,23.48
GMRINFRA,EQ,13-Feb-2017,14.7,14.8,14.85,13.9,14.2,14.3,14.34,25983098,372538810.75,12114.0,7060318.0,27.17
GMRINFRA,EQ,10-Feb-2017,14.4,14.45,15.2,14.1,14.75,14.7,14.61,34229482,499936571.15,12150.0,5118343.0,14.95
GMRINFRA,EQ,09-Feb-2017,13.95,14.05,14.6,13.5,14.4,14.4,14.19,30103156,427046247.1,13430.0,6495973.0,21.58
GMRINFRA,EQ,08-Feb-2017,13.75,13.8,14.05,13.65,14.05,13.95,13.85,13140615,182020027.6,10933.0,3068377.0,23.35
GMRINFRA,EQ,07-Feb-2017,14.25,14.25,14.3,13.5,13.8,13.75,13.97,18957653,264854617.05,13545.0,2878533.0,15.18
GMRINFRA,EQ,06-Feb-2017,13.7,13.85,14.65,13.75,14.2,14.25,14.28,43076797,615136743.9,19103.0,6238082.0,14.48
GMRINFRA,EQ,03-Feb-2017,12.85,12.85,13.9,12.85,13.8,13.7,13.53,39248259,530863568.8,20667.0,8741703.0,22.27
GMRINFRA,EQ,02-Feb-2017,13.1,13.05,13.05,12.75,12.9,12.85,12.88,11483562,147879995.1,9594.0,3609139.0,31.43
GMRINFRA,EQ,01-Feb-2017,12.7,12.8,13.15,12.55,13.0,13.1,12.87,20409318,262590359.25,12703.0,4824138.0,23.64
GMRINFRA,EQ,31-Jan-2017,12.85,12.9,13.25,12.65,12.75,12.7,12.89,19445191,250667746.75,8368.0,4255609.0,21.89
GMRINFRA,EQ,30-Jan-2017,13.15,13.2,13.25,12.8,12.85,12.85,13.04,10978335,143109220.5,5106.0,2999636.0,27.32
GMRINFRA,EQ,27-Jan-2017,12.75,12.8,13.3,12.75,13.15,13.15,13.08,17785058,232624559.55,8169.0,5026893.0,28.26
GMRINFRA,EQ,25-Jan-2017,12.8,12.85,12.95,12.6,12.85,12.75,12.75,42526950,542231361.85,7039.0,16128140.0,37.92
GMRINFRA,EQ,24-Jan-2017,12.55,12.65,12.95,12.6,12.85,12.8,12.79,17427817,222882493.1,5527.0,4202080.0,24.11
GMRINFRA,EQ,23-Jan-2017,12.7,12.75,12.9,12.45,12.6,12.55,12.66,19282770,244064218.45,5718.0,5846579.0,30.32
GMRINFRA,EQ,20-Jan-2017,12.65,12.75,13.1,12.6,12.75,12.7,12.83,25787910,330919686.8,10218.0,5232166.0,20.29
GMRINFRA,EQ,19-Jan-2017,12.55,12.5,12.75,12.45,12.7,12.65,12.57,9476276,119082955.15,4084.0,3894111.0,41.09
GMRINFRA,EQ,18-Jan-2017,12.55,12.55,12.8,12.4,12.55,12.55,12.6,12122963,152741097.8,6080.0,4241863.0,34.99
GMRINFRA,EQ,17-Jan-2017,12.6,12.65,12.65,12.45,12.55,12.55,12.53,10135927,126998149.25,3625.0,4400220.0,43.41
GMRINFRA,EQ,16-Jan-2017,12.55,12.6,12.7,12.45,12.55,12.6,12.57,4619932,58092003.15,2105.0,2251353.0,48.73
GMRINFRA,EQ,13-Jan-2017,12.65,12.7,12.75,12.4,12.6,12.55,12.54,4285615,53755489.4,2436.0,912635.0,21.3
GMRINFRA,EQ,12-Jan-2017,12.7,12.7,12.75,12.55,12.75,12.65,12.66,5315341,67268250.15,4351.0,1379588.0,25.95
GMRINFRA,EQ,11-Jan-2017,12.65,12.75,12.8,12.6,12.7,12.7,12.7,5444775,69173857.15,3237.0,1819276.0,33.41
GMRINFRA,EQ,10-Jan-2017,12.5,12.6,12.75,12.45,12.65,12.65,12.57,4294711,53965786.6,2339.0,1297957.0,30.22
GMRINFRA,EQ,09-Jan-2017,12.5,12.55,12.65,12.45,12.5,12.5,12.54,4121244,51665179.3,2664.0,949827.0,23.05
GMRINFRA,EQ,06-Jan-2017,12.75,12.75,12.9,12.45,12.55,12.5,12.65,6190817,78294132.65,3486.0,1437183.0,23.21
GMRINFRA,EQ,05-Jan-2017,12.75,12.8,13.0,12.6,12.75,12.75,12.75,9650516,123049508.35,4730.0,3725801.0,38.61
GMRINFRA,EQ,04-Jan-2017,12.25,12.25,12.9,12.25,12.7,12.75,12.52,13835864,173208808.2,15746.0,2746058.0,19.85
GMRINFRA,EQ,03-Jan-2017,12.05,12.15,12.35,12.0,12.2,12.25,12.15,9111718,110746416.2,4914.0,2752731.0,30.21
GMRINFRA,EQ,02-Jan-2017,11.85,11.9,12.15,11.85,12.15,12.05,12.02,9151240,110005476.75,3353.0,2777768.0,30.35
GMRINFRA,EQ,30-Dec-2016,11.6,11.7,12.05,11.7,11.9,11.85,11.86,6990172,82937443.4,5843.0,3417281.0,48.89
GMRINFRA,EQ,28-Dec-2018,15.95,16.05,16.4,16.05,16.2,16.25,16.23,6962303,113010453.35,3670.0,1721760.0,24.73
GMRINFRA,EQ,27-Dec-2018,16.2,16.3,16.55,15.85,16.0,15.95,16.19,15758928,255088898.35,8952.0,4546284.0,28.85
GMRINFRA,EQ,26-Dec-2018,15.75,15.75,16.3,15.45,16.15,16.2,15.94,19133761,305038162.1,13071.0,4318487.0,22.57
GMRINFRA,EQ,24-Dec-2018,15.9,15.95,15.95,15.45,15.8,15.75,15.72,9997982,157159014.5,6219.0,1650497.0,16.51
GMRINFRA,EQ,21-Dec-2018,16.4,16.5,16.65,15.85,15.85,15.9,16.14,12192790,196775983.35,6582.0,3847249.0,31.55
GMRINFRA,EQ,20-Dec-2018,16.45,16.35,16.55,16.25,16.4,16.4,16.39,7668914,125723219.15,4437.0,1971409.0,25.71
GMRINFRA,EQ,19-Dec-2018,15.7,15.75,16.65,15.65,16.4,16.45,16.22,23900402,387723902.15,11604.0,6906298.0,28.9
GMRINFRA,EQ,18-Dec-2018,15.7,15.6,15.85,15.6,15.65,15.7,15.71,6228576,97861520.15,3362.0,1465904.0,23.54
GMRINFRA,EQ,17-Dec-2018,15.75,15.7,15.8,15.6,15.65,15.7,15.69,4502068,70645626.8,2926.0,1128744.0,25.07
GMRINFRA,EQ,14-Dec-2018,15.5,15.4,15.8,15.3,15.7,15.75,15.62,11443829,178750493.2,5279.0,2997659.0,26.19
GMRINFRA,EQ,13-Dec-2018,15.45,15.5,15.65,15.35,15.5,15.5,15.5,14049952,217722162.55,9867.0,4311868.0,30.69
GMRINFRA,EQ,12-Dec-2018,14.75,14.9,15.7,14.9,15.45,15.45,15.35,22295937,342336189.5,11435.0,5604058.0,25.13
GMRINFRA,EQ,11-Dec-2018,14.85,14.7,15.05,14.65,14.85,14.75,14.84,15530528,230443571.85,8314.0,4226022.0,27.21
GMRINFRA,EQ,10-Dec-2018,15.2,15.0,15.15,14.75,14.85,14.85,14.96,10499288,157089909.6,7632.0,4072030.0,38.78
GMRINFRA,EQ,07-Dec-2018,15.45,15.4,15.4,15.15,15.2,15.2,15.25,7977983,121674273.35,7219.0,1908708.0,23.92
GMRINFRA,EQ,06-Dec-2018,15.55,15.6,15.65,15.1,15.2,15.45,15.37,28591828,439448740.6,12388.0,9704347.0,33.94
GMRINFRA,EQ,05-Dec-2018,16.1,16.05,16.05,15.45,15.6,15.55,15.7,15765618,247539575.85,9245.0,5009968.0,31.78
GMRINFRA,EQ,04-Dec-2018,16.4,16.35,16.4,16.0,16.1,16.1,16.17,8037366,129998799.0,4299.0,1809285.0,22.51
GMRINFRA,EQ,03-Dec-2018,16.1,16.2,16.55,16.0,16.4,16.4,16.26,13507202,219674903.75,5120.0,4391214.0,32.51
GMRINFRA,EQ,30-Nov-2018,16.0,16.05,16.2,15.9,16.2,16.1,16.07,12399604,199234380.5,6443.0,4683360.0,37.77
GMRINFRA,EQ,29-Nov-2018,16.0,16.15,16.3,15.85,15.95,16.0,16.03,25973292,416356517.8,9399.0,6652277.0,25.61
GMRINFRA,EQ,28-Nov-2018,16.4,16.4,16.5,15.9,16.05,16.0,16.11,19549789,314917506.15,7347.0,4607896.0,23.57
GMRINFRA,EQ,27-Nov-2018,16.15,16.15,16.45,15.95,16.4,16.4,16.25,17919934,291287183.2,8459.0,4697762.0,26.22
GMRINFRA,EQ,26-Nov-2018,16.1,16.15,16.25,15.75,16.15,16.15,16.0,20549708,328773871.2,10307.0,6018510.0,29.29
GMRINFRA,EQ,22-Nov-2018,16.45,16.65,16.75,16.05,16.05,16.1,16.29,21083695,343428957.3,11939.0,9628079.0,45.67
GMRINFRA,EQ,21-Nov-2018,16.25,16.25,17.15,16.2,16.45,16.45,16.63,27752767,461558089.1,12945.0,10564748.0,38.07
GMRINFRA,EQ,20-Nov-2018,16.45,16.7,17.1,16.15,16.25,16.25,16.62,24709162,410719880.7,12544.0,8764282.0,35.47
GMRINFRA,EQ,19-Nov-2018,16.05,16.05,16.6,16.0,16.5,16.45,16.31,11356757,185255398.05,5385.0,5011213.0,44.13
GMRINFRA,EQ,16-Nov-2018,16.15,16.2,16.4,16.0,16.1,16.05,16.18,11952964,193341634.15,5958.0,3703947.0,30.99
GMRINFRA,EQ,15-Nov-2018,16.2,16.2,16.3,15.75,16.15,16.15,16.01,12238245,195907053.8,6206.0,3272812.0,26.74
GMRINFRA,EQ,14-Nov-2018,15.95,16.1,16.45,15.9,16.15,16.2,16.17,16300772,263649471.7,6960.0,4591906.0,28.17
GMRINFRA,EQ,13-Nov-2018,16.15,16.05,16.3,15.65,16.1,15.95,15.85,27891792,442213752.1,8124.0,15486595.0,55.52
GMRINFRA,EQ,12-Nov-2018,16.8,16.9,16.95,16.1,16.15,16.15,16.42,25828956,424125053.85,8331.0,13910233.0,53.86
GMRINFRA,EQ,09-Nov-2018,16.6,16.7,17.0,16.4,16.8,16.8,16.71,12749107,213007761.9,6028.0,2823267.0,22.14
GMRINFRA,EQ,07-Nov-2018,16.4,16.6,16.65,16.5,16.65,16.6,16.61,922428,15323020.45,1992.0,527965.0,57.24
GMRINFRA,EQ,06-Nov-2018,16.95,17.05,17.1,16.3,16.45,16.4,16.58,24594507,407723791.65,6683.0,14050749.0,57.13
GMRINFRA,EQ,05-Nov-2018,16.95,16.95,17.25,16.55,16.9,16.95,16.78,26701453,448166126.25,8443.0,11590921.0,43.41
GMRINFRA,EQ,02-Nov-2018,17.05,17.2,17.75,16.8,17.0,16.95,17.27,37025749,639589764.85,11228.0,14921279.0,40.3
GMRINFRA,EQ,01-Nov-2018,16.85,16.85,17.2,16.7,17.1,17.05,17.04,19094399,325360564.15,8750.0,2515501.0,13.17
GMRINFRA,EQ,31-Oct-2018,16.45,16.6,17.0,16.25,16.8,16.85,16.63,24681892,410573094.75,8792.0,3881346.0,15.73
GMRINFRA,EQ,30-Oct-2018,16.15,16.2,16.65,16.05,16.45,16.45,16.41,20157795,330874615.45,7685.0,3534003.0,17.53
GMRINFRA,EQ,29-Oct-2018,15.5,15.7,16.25,15.4,16.1,16.15,15.91,17866535,284284029.0,7926.0,3451868.0,19.32
GMRINFRA,EQ,26-Oct-2018,15.65,15.65,15.8,15.15,15.55,15.5,15.5,29213279,452750352.25,13860.0,4625268.0,15.83
GMRINFRA,EQ,25-Oct-2018,15.95,15.85,16.3,15.5,15.6,15.65,15.8,33158326,523877353.25,12715.0,8565619.0,25.83
GMRINFRA,EQ,24-Oct-2018,16.0,16.15,16.2,15.8,16.0,15.95,15.98,14442353,230718361.0,5289.0,1351089.0,9.36
GMRINFRA,EQ,23-Oct-2018,15.85,15.75,16.15,15.4,16.0,16.0,15.79,37753106,596071791.5,21338.0,10379729.0,27.49
GMRINFRA,EQ,22-Oct-2018,15.7,15.95,16.1,15.6,15.85,15.85,15.88,30931918,491258790.6,19220.0,7261843.0,23.48
GMRINFRA,EQ,19-Oct-2018,15.7,15.85,16.0,15.3,15.75,15.7,15.71,26992033,424177043.85,20143.0,5082831.0,18.83
GMRINFRA,EQ,17-Oct-2018,16.5,16.6,16.9,15.55,15.75,15.7,16.11,25969831,418329949.5,9989.0,5127258.0,19.74
GMRINFRA,EQ,16-Oct-2018,16.6,16.55,16.8,16.4,16.45,16.5,16.61,16365479,271841815.65,4959.0,7920949.0,48.4
GMRINFRA,EQ,15-Oct-2018,16.6,16.55,16.7,16.25,16.65,16.6,16.55,12084768,199993136.85,5006.0,900814.0,7.45
GMRINFRA,EQ,12-Oct-2018,15.85,15.95,16.85,15.95,16.5,16.6,16.56,26687874,441891494.5,12130.0,6223491.0,23.32
GMRINFRA,EQ,11-Oct-2018,16.4,15.95,16.5,15.75,15.9,15.85,16.04,25160028,403474060.45,11678.0,4497151.0,17.87
GMRINFRA,EQ,10-Oct-2018,15.7,15.8,16.55,15.75,16.45,16.4,16.17,25369650,410168770.05,9757.0,3788261.0,14.93
GMRINFRA,EQ,09-Oct-2018,15.75,15.95,16.2,15.5,15.65,15.7,15.82,22345808,353465950.85,10459.0,2441993.0,10.93
GMRINFRA,EQ,08-Oct-2018,15.95,16.1,16.35,15.25,16.0,15.75,15.79,43062873,680154009.95,22013.0,10467344.0,24.31
GMRINFRA,EQ,05-Oct-2018,16.25,16.25,16.65,15.75,15.75,15.95,16.14,27086960,437170444.05,11915.0,7571513.0,27.95
GMRINFRA,EQ,04-Oct-2018,16.7,16.35,16.85,15.95,16.15,16.25,16.44,50528710,830498540.1,17375.0,15846273.0,31.36
GMRINFRA,EQ,03-Oct-2018,17.05,17.0,17.55,16.3,16.55,16.7,16.97,35690004,605718853.95,15095.0,4149677.0,11.63
GMRINFRA,EQ,01-Oct-2018,16.2,16.15,17.2,15.25,17.0,17.05,16.39,45594193,747231035.6,24100.0,15512556.0,34.02
GMRINFRA,EQ,28-Sep-2018,16.8,17.0,17.05,15.8,16.0,16.2,16.42,48901093,802919800.6,26892.0,17684530.0,36.16
GMRINFRA,EQ,27-Sep-2018,17.55,17.4,17.5,16.65,16.85,16.8,17.0,31565495,536529650.9,13101.0,5905266.0,18.71
GMRINFRA,EQ,26-Sep-2018,16.85,17.0,17.65,16.75,17.5,17.55,17.1,57740082,987516270.95,16502.0,33041700.0,57.22
GMRINFRA,EQ,25-Sep-2018,16.7,16.8,17.35,16.35,16.8,16.85,16.84,50141249,844453587.7,21209.0,13175954.0,26.28
GMRINFRA,EQ,24-Sep-2018,16.2,16.75,17.6,16.05,16.7,16.7,16.86,52152659,879331772.1,28014.0,16443833.0,31.53
GMRINFRA,EQ,21-Sep-2018,17.75,17.8,17.95,15.1,16.35,16.2,16.44,50693970,833177722.25,19974.0,15243405.0,30.07
GMRINFRA,EQ,19-Sep-2018,17.7,17.9,18.15,17.6,17.7,17.75,17.83,15544954,277165231.1,7242.0,3133047.0,20.15
GMRINFRA,EQ,18-Sep-2018,18.45,18.5,18.7,17.6,17.9,17.7,18.08,16301502,294722309.05,9100.0,2420945.0,14.85
GMRINFRA,EQ,17-Sep-2018,18.5,18.5,19.05,18.15,18.4,18.45,18.57,14288025,265292777.95,8655.0,2317551.0,16.22
GMRINFRA,EQ,14-Sep-2018,18.0,18.0,18.55,18.0,18.5,18.5,18.37,10736829,197287820.25,6453.0,1572685.0,14.65
GMRINFRA,EQ,12-Sep-2018,18.05,18.1,18.2,17.4,17.95,18.0,17.81,19264039,343119726.1,10611.0,2388339.0,12.4
GMRINFRA,EQ,11-Sep-2018,18.65,18.65,18.95,18.0,18.1,18.05,18.45,14728984,271806994.65,11055.0,2771616.0,18.82
GMRINFRA,EQ,10-Sep-2018,19.35,19.25,19.45,18.55,18.6,18.65,18.95,17712387,335652900.45,8695.0,2520010.0,14.23
GMRINFRA,EQ,07-Sep-2018,19.25,19.2,19.6,18.9,19.25,19.35,19.25,15742882,303059030.8,7299.0,1532860.0,9.74
GMRINFRA,EQ,06-Sep-2018,19.55,19.5,19.75,19.1,19.15,19.25,19.35,15220670,294509548.35,12175.0,2009158.0,13.2
GMRINFRA,EQ,05-Sep-2018,19.25,19.4,19.7,18.8,19.5,19.55,19.32,33904665,655032680.1,16191.0,3035704.0,8.95
GMRINFRA,EQ,04-Sep-2018,20.25,20.1,20.35,19.05,19.35,19.25,19.59,31379534,614738007.1,18625.0,3560480.0,11.35
GMRINFRA,EQ,03-Sep-2018,21.1,21.05,21.5,20.05,20.1,20.25,20.89,42973913,897542712.95,22451.0,5276046.0,12.28
GMRINFRA,EQ,31-Aug-2018,20.0,20.0,21.25,19.75,21.0,21.1,20.58,57083989,1175060301.35,26400.0,9797441.0,17.16
GMRINFRA,EQ,30-Aug-2018,19.75,19.9,20.25,19.55,20.0,20.0,20.0,35917262,718403881.9,15608.0,9173914.0,25.54
GMRINFRA,EQ,29-Aug-2018,19.05,19.0,20.0,18.9,19.95,19.75,19.44,46911503,912167493.5,18597.0,21710300.0,46.28
GMRINFRA,EQ,28-Aug-2018,19.2,19.15,19.4,18.6,19.05,19.05,19.01,35530486,675264178.05,14501.0,14447441.0,40.66
GMRINFRA,EQ,27-Aug-2018,19.15,19.2,19.4,18.85,19.3,19.2,19.16,14094428,270074246.0,7049.0,2699987.0,19.16
GMRINFRA,EQ,24-Aug-2018,19.45,19.5,19.6,18.9,19.1,19.15,19.16,17910593,343235412.75,21438.0,3144022.0,17.55
GMRINFRA,EQ,23-Aug-2018,19.75,19.7,20.1,19.3,19.5,19.45,19.57,15359561,300622682.45,23076.0,2178590.0,14.18
GMRINFRA,EQ,21-Aug-2018,20.05,20.15,20.25,19.5,19.7,19.75,19.82,28786086,570649146.3,34207.0,4328857.0,15.04
GMRINFRA,EQ,20-Aug-2018,19.1,19.2,20.4,19.1,20.05,20.05,19.78,63737312,1260823901.2,37153.0,8497805.0,13.33
GMRINFRA,EQ,17-Aug-2018,17.65,17.75,19.35,17.75,19.2,19.1,18.81,99608947,1873337857.75,47452.0,14825345.0,14.88
GMRINFRA,EQ,16-Aug-2018,17.85,17.55,18.3,17.25,17.55,17.65,17.84,36180461,645300802.2,17375.0,9666733.0,26.72
GMRINFRA,EQ,14-Aug-2018,17.75,17.8,17.95,17.75,17.75,17.85,17.86,13591781,242746979.4,6959.0,4020741.0,29.58
GMRINFRA,EQ,13-Aug-2018,17.9,17.75,17.95,17.5,17.85,17.75,17.79,14139447,251488061.65,6657.0,4092191.0,28.94
GMRINFRA,EQ,10-Aug-2018,18.6,18.6,18.75,17.75,17.85,17.9,18.06,29922715,540528325.2,14310.0,8174476.0,27.32
GMRINFRA,EQ,09-Aug-2018,17.85,17.9,18.95,17.8,18.65,18.6,18.38,49022365,901220933.8,19233.0,15276222.0,31.16
GMRINFRA,EQ,08-Aug-2018,17.95,18.0,18.1,17.75,17.9,17.85,17.9,9762026,174779308.2,5407.0,2331977.0,23.89
GMRINFRA,EQ,07-Aug-2018,18.0,18.05,18.15,17.55,17.95,17.95,17.87,18829364,336459343.25,13484.0,6231809.0,33.1
GMRINFRA,EQ,06-Aug-2018,17.95,18.05,18.2,17.9,18.05,18.0,18.01,9552041,172010241.2,8150.0,3820867.0,40.0
GMRINFRA,EQ,03-Aug-2018,18.25,18.3,18.5,17.75,17.95,17.95,18.13,31528688,571762560.5,25909.0,6657469.0,21.12
GMRINFRA,EQ,02-Aug-2018,18.0,18.0,18.55,17.85,18.25,18.25,18.18,29704134,540035063.25,12617.0,6362020.0,21.42
GMRINFRA,EQ,01-Aug-2018,17.75,17.9,18.25,17.7,18.0,18.0,17.92,25357253,454426719.45,15091.0,9520728.0,37.55
GMRINFRA,EQ,31-Jul-2018,18.0,18.05,18.15,17.3,17.8,17.75,17.81,26436578,470787075.0,13893.0,7704466.0,29.14
GMRINFRA,EQ,30-Jul-2018,18.0,18.0,18.2,17.9,18.05,18.0,18.03,23439187,422630672.35,16656.0,8654786.0,36.92
GMRINFRA,EQ,27-Jul-2018,17.85,17.85,18.35,17.85,18.0,18.0,18.02,19920494,358968996.5,14409.0,7154443.0,35.91
GMRINFRA,EQ,26-Jul-2018,18.1,18.1,18.55,17.7,17.85,17.85,18.06,35892530,648385020.8,30250.0,8425541.0,23.47
GMRINFRA,EQ,25-Jul-2018,18.7,18.7,18.75,18.0,18.15,18.1,18.4,20592593,378833478.3,16595.0,4565759.0,22.17
GMRINFRA,EQ,24-Jul-2018,18.3,18.4,19.5,18.1,18.7,18.7,18.66,66494233,1240512847.0,33926.0,21570105.0,32.44
GMRINFRA,EQ,23-Jul-2018,17.85,17.85,18.45,17.8,18.25,18.3,18.11,72466833,1312436975.9,23029.0,43555018.0,60.1
GMRINFRA,EQ,20-Jul-2018,18.0,18.05,18.25,17.8,17.85,17.85,17.99,44841997,806888291.1,14797.0,30393278.0,67.78
GMRINFRA,EQ,19-Jul-2018,18.0,18.05,18.3,17.7,18.0,18.0,18.02,35286322,635933729.4,23987.0,8074282.0,22.88
GMRINFRA,EQ,18-Jul-2018,18.2,18.3,18.4,17.65,18.0,18.0,18.01,44093411,793973472.2,38546.0,10335422.0,23.44
GMRINFRA,EQ,17-Jul-2018,17.55,17.55,18.3,17.45,18.15,18.2,18.02,28710041,517347615.65,30782.0,8148399.0,28.38
GMRINFRA,EQ,16-Jul-2018,17.8,17.8,18.1,17.4,17.45,17.55,17.78,38774298,689316814.45,24445.0,16989638.0,43.82
GMRINFRA,EQ,13-Jul-2018,18.0,18.2,18.25,17.35,17.85,17.8,17.69,46484856,822154898.25,31924.0,11677323.0,25.12
GMRINFRA,EQ,12-Jul-2018,17.05,17.35,18.75,17.1,18.05,18.0,18.07,76809684,1387724860.55,52598.0,18467762.0,24.04
GMRINFRA,EQ,11-Jul-2018,17.05,17.05,17.45,16.75,17.05,17.05,17.16,40824537,700347931.65,37493.0,12217139.0,29.93
GMRINFRA,EQ,10-Jul-2018,16.3,16.35,17.15,16.35,17.1,17.05,16.8,42613445,715845994.75,28263.0,14927836.0,35.03
GMRINFRA,EQ,09-Jul-2018,16.25,16.35,16.5,16.15,16.4,16.3,16.36,21127173,345590865.45,28342.0,6154935.0,29.13
GMRINFRA,EQ,06-Jul-2018,16.05,16.15,16.4,16.0,16.3,16.25,16.27,17497591,284641915.3,12738.0,2189777.0,12.51
GMRINFRA,EQ,05-Jul-2018,16.5,16.5,16.6,15.95,16.1,16.05,16.19,17596783,284869469.6,6944.0,4210213.0,23.93
GMRINFRA,EQ,04-Jul-2018,16.0,16.0,16.6,15.95,16.5,16.5,16.26,28704974,466839833.25,17708.0,6779556.0,23.62
GMRINFRA,EQ,03-Jul-2018,15.8,15.75,16.1,15.5,15.95,16.0,15.83,32351704,512038473.85,16912.0,7365482.0,22.77
GMRINFRA,EQ,02-Jul-2018,15.3,15.4,16.0,15.15,15.7,15.8,15.6,36693089,572278514.45,21476.0,9149062.0,24.93
GMRINFRA,EQ,29-Jun-2018,15.25,15.5,15.7,15.15,15.4,15.3,15.34,28240543,433069619.0,12593.0,7931625.0,28.09
GMRINFRA,EQ,28-Jun-2018,15.6,15.5,15.8,15.05,15.2,15.25,15.36,91941053,1411825627.15,22783.0,38465005.0,41.84
GMRINFRA,EQ,27-Jun-2018,16.25,16.0,16.1,15.4,15.5,15.6,15.77,37633607,593537419.55,14717.0,8820668.0,23.44
GMRINFRA,EQ,26-Jun-2018,15.95,15.95,16.7,15.85,15.85,16.25,16.38,57191867,936597191.95,22389.0,10930000.0,19.11
GMRINFRA,EQ,25-Jun-2018,16.0,15.95,16.25,15.7,15.95,15.95,15.97,22910606,365914884.95,8251.0,5487448.0,23.95
GMRINFRA,EQ,22-Jun-2018,15.95,16.0,16.25,15.85,15.95,16.0,16.05,16050020,257562638.15,9592.0,3869622.0,24.11
GMRINFRA,EQ,21-Jun-2018,15.75,15.9,16.1,15.65,15.95,15.95,15.85,16716693,264907178.9,7827.0,3658139.0,21.88
GMRINFRA,EQ,20-Jun-2018,15.55,15.6,16.05,15.55,15.7,15.75,15.76,18575115,292705128.0,9178.0,5131119.0,27.62
GMRINFRA,EQ,19-Jun-2018,15.9,15.7,15.85,15.4,15.6,15.55,15.58,30141737,469691843.35,12462.0,9949240.0,33.01
GMRINFRA,EQ,18-Jun-2018,15.9,15.85,16.25,15.6,15.85,15.9,15.89,22287012,354075780.15,11576.0,5317514.0,23.86
GMRINFRA,EQ,15-Jun-2018,16.1,16.15,16.2,15.65,15.8,15.9,15.92,17632149,280623175.35,10931.0,3782056.0,21.45
GMRINFRA,EQ,14-Jun-2018,16.25,16.25,16.35,16.05,16.15,16.1,16.16,11577091,187085140.9,6355.0,2108262.0,18.21
GMRINFRA,EQ,13-Jun-2018,16.55,16.6,16.65,16.1,16.3,16.25,16.32,22024014,359495163.55,9919.0,5230939.0,23.75
GMRINFRA,EQ,12-Jun-2018,16.25,16.5,16.75,16.3,16.55,16.55,16.52,24086708,398009975.95,17526.0,3611242.0,14.99
GMRINFRA,EQ,11-Jun-2018,16.35,16.4,16.55,16.1,16.2,16.25,16.29,21309277,347086011.45,9990.0,4647657.0,21.81
GMRINFRA,EQ,08-Jun-2018,16.85,16.75,16.75,16.1,16.3,16.35,16.39,24778418,406118560.25,14217.0,5832648.0,23.54
GMRINFRA,EQ,07-Jun-2018,16.25,16.5,17.25,16.45,16.8,16.85,16.82,45500467,765247885.95,20288.0,6978935.0,15.34
GMRINFRA,EQ,06-Jun-2018,15.9,16.0,16.5,15.7,16.2,16.25,16.1,28252887,454806490.2,13502.0,4379769.0,15.5
GMRINFRA,EQ,05-Jun-2018,16.35,16.35,16.45,15.05,15.95,15.9,15.94,53840135,858074649.85,21159.0,16665311.0,30.95
GMRINFRA,EQ,04-Jun-2018,16.75,16.5,17.3,16.1,16.5,16.35,16.61,41194550,684074902.5,18546.0,9192485.0,22.31
GMRINFRA,EQ,01-Jun-2018,18.15,17.9,17.9,14.55,16.65,16.75,16.11,154933751,2495554107.05,64665.0,26784043.0,17.29
GMRINFRA,EQ,31-May-2018,18.25,18.25,18.4,17.5,17.85,18.15,18.05,67818479,1223955503.55,20740.0,20993940.0,30.96
GMRINFRA,EQ,30-May-2018,18.2,18.1,18.7,18.0,18.25,18.25,18.32,23175343,424606484.65,10781.0,3033105.0,13.09
GMRINFRA,EQ,29-May-2018,18.4,18.4,18.6,17.9,18.15,18.2,18.24,20105048,366815703.7,8889.0,1925227.0,9.58
GMRINFRA,EQ,28-May-2018,17.9,18.1,18.75,18.0,18.3,18.4,18.38,25208689,463374476.45,12454.0,3647198.0,14.47
GMRINFRA,EQ,25-May-2018,17.2,17.4,18.05,17.25,18.0,17.9,17.73,26252295,465554156.6,11717.0,4774058.0,18.19
GMRINFRA,EQ,24-May-2018,16.95,17.1,17.45,16.8,17.2,17.2,17.16,19862039,340805569.5,8636.0,3911642.0,19.69
GMRINFRA,EQ,23-May-2018,17.35,17.3,17.45,16.85,17.0,16.95,17.14,18208166,312059498.1,10169.0,3554140.0,19.52
GMRINFRA,EQ,22-May-2018,17.0,17.0,17.55,16.4,17.25,17.35,17.07,28521104,486913052.2,20584.0,3342621.0,11.72
GMRINFRA,EQ,21-May-2018,17.35,17.4,17.65,16.85,17.05,17.0,17.18,20494127,352022465.15,13176.0,3432392.0,16.75
GMRINFRA,EQ,18-May-2018,18.5,18.65,18.65,17.2,17.35,17.35,17.71,36297441,642830598.55,16813.0,10253907.0,28.25
GMRINFRA,EQ,17-May-2018,18.25,18.4,18.7,17.9,18.45,18.5,18.38,17632176,324131768.75,9966.0,2776000.0,15.74
GMRINFRA,EQ,16-May-2018,17.9,17.6,18.5,17.4,18.3,18.25,18.1,21107974,382009357.0,9360.0,3534500.0,16.74
GMRINFRA,EQ,15-May-2018,18.1,18.05,18.85,17.6,17.85,17.9,18.21,27428884,499355036.75,11736.0,4038463.0,14.72
GMRINFRA,EQ,14-May-2018,18.65,18.65,18.8,17.85,18.05,18.1,18.18,16844404,306196906.05,10322.0,2342673.0,13.91
GMRINFRA,EQ,11-May-2018,18.75,18.65,18.85,18.35,18.7,18.65,18.6,18087595,336369091.15,10683.0,3318013.0,18.34
GMRINFRA,EQ,10-May-2018,19.5,19.6,19.65,18.5,18.7,18.75,18.95,18687267,354165181.0,11843.0,4540940.0,24.3
GMRINFRA,EQ,09-May-2018,19.9,19.75,19.9,19.45,19.5,19.5,19.67,8683246,170781330.6,6488.0,2191901.0,25.24
GMRINFRA,EQ,08-May-2018,19.65,19.75,20.05,19.55,19.9,19.9,19.79,18253839,361328106.8,7521.0,3438665.0,18.84
GMRINFRA,EQ,07-May-2018,19.65,19.8,20.0,19.55,19.7,19.65,19.72,11178894,220397131.65,5906.0,3125744.0,27.96
GMRINFRA,EQ,04-May-2018,19.9,19.85,20.05,19.55,19.7,19.65,19.79,13679180,270743160.3,6820.0,2701760.0,19.75
GMRINFRA,EQ,03-May-2018,20.0,20.15,20.2,19.5,19.75,19.9,19.84,22724174,450834949.7,12288.0,2241651.0,9.86
GMRINFRA,EQ,02-May-2018,20.5,20.45,20.95,19.8,20.05,20.0,20.4,27348566,557913783.4,12998.0,4771856.0,17.45
GMRINFRA,EQ,30-Apr-2018,20.35,20.5,20.7,20.15,20.5,20.5,20.42,20175635,412005160.8,11116.0,4582058.0,22.71
GMRINFRA,EQ,27-Apr-2018,20.3,20.45,20.6,20.05,20.3,20.35,20.34,24967571,507798183.75,11294.0,3635345.0,14.56
GMRINFRA,EQ,26-Apr-2018,20.35,20.15,20.5,19.65,20.4,20.3,20.09,39870886,801017296.45,18801.0,7181677.0,18.01
GMRINFRA,EQ,25-Apr-2018,20.95,21.05,21.25,20.1,20.15,20.35,20.56,48634973,999849423.9,22908.0,12692017.0,26.1
GMRINFRA,EQ,24-Apr-2018,19.65,19.75,21.05,19.45,20.95,20.95,20.53,64852154,1331092450.3,34632.0,12634939.0,19.48
GMRINFRA,EQ,23-Apr-2018,19.5,19.5,20.05,19.35,19.7,19.65,19.7,23490369,462865717.4,10828.0,5855760.0,24.93
GMRINFRA,EQ,20-Apr-2018,19.95,19.8,19.9,19.3,19.55,19.5,19.56,23081796,451450117.2,11104.0,3235699.0,14.02
GMRINFRA,EQ,19-Apr-2018,19.7,19.85,20.15,19.55,20.0,19.95,19.8,20655211,408970410.0,8993.0,3675881.0,17.8
GMRINFRA,EQ,18-Apr-2018,20.05,20.05,20.2,19.6,19.8,19.7,19.87,21487532,426996305.8,11187.0,4537474.0,21.12
GMRINFRA,EQ,17-Apr-2018,20.25,20.15,20.35,19.9,20.0,20.05,20.08,21440166,430422768.85,11027.0,3679232.0,17.16
GMRINFRA,EQ,16-Apr-2018,20.2,20.05,20.5,19.75,20.15,20.25,20.21,34088167,688894558.55,15848.0,7932905.0,23.27
GMRINFRA,EQ,13-Apr-2018,19.75,19.85,20.35,19.7,20.25,20.2,20.11,45176024,908456356.4,26869.0,7260373.0,16.07
GMRINFRA,EQ,12-Apr-2018,20.75,20.7,20.95,19.65,19.75,19.75,20.17,69286421,1397784805.25,38110.0,15547202.0,22.44
GMRINFRA,EQ,11-Apr-2018,20.8,21.0,21.4,20.55,20.7,20.75,20.91,65750851,1375015334.8,33661.0,7730482.0,11.76
GMRINFRA,EQ,10-Apr-2018,20.65,20.85,21.0,20.25,20.9,20.8,20.63,51687785,1066107991.9,19730.0,6219516.0,12.03
GMRINFRA,EQ,09-Apr-2018,20.1,20.0,21.0,19.9,20.55,20.65,20.61,66767420,1375790607.4,30509.0,14477425.0,21.68
GMRINFRA,EQ,06-Apr-2018,18.85,18.8,20.25,18.6,20.05,20.1,19.72,115627842,2279864591.75,49794.0,19274166.0,16.67
GMRINFRA,EQ,05-Apr-2018,18.25,18.8,19.1,18.65,18.8,18.85,18.85,29043547,547351537.7,15221.0,4440738.0,15.29
GMRINFRA,EQ,04-Apr-2018,18.55,18.55,19.25,18.1,18.4,18.25,18.59,52159069,969825852.4,22718.0,7622937.0,14.61
GMRINFRA,EQ,03-Apr-2018,17.45,17.25,18.7,17.2,18.6,18.55,17.97,40334764,724766462.05,18527.0,8491815.0,21.05
GMRINFRA,EQ,02-Apr-2018,16.85,17.25,17.5,17.05,17.45,17.45,17.28,17923895,309765037.2,9209.0,2786508.0,15.55
GMRINFRA,EQ,28-Mar-2018,17.55,17.45,17.6,16.7,16.95,16.85,17.06,66083753,1127470727.35,18525.0,20729130.0,31.37
GMRINFRA,EQ,27-Mar-2018,17.0,17.25,17.7,17.15,17.65,17.55,17.39,26458501,460227727.2,10598.0,7516358.0,28.41
GMRINFRA,EQ,26-Mar-2018,16.7,16.85,17.1,16.5,17.0,17.0,16.79,34536640,579967177.75,16018.0,6292656.0,18.22
GMRINFRA,EQ,23-Mar-2018,17.5,17.0,17.15,16.3,16.6,16.7,16.69,43483709,725821181.55,20425.0,9939710.0,22.86
GMRINFRA,EQ,22-Mar-2018,17.95,17.95,18.1,17.3,17.5,17.5,17.61,27826430,489958781.45,13175.0,5336383.0,19.18
GMRINFRA,EQ,21-Mar-2018,17.8,17.95,18.15,17.75,17.95,17.95,17.95,19977742,358593796.2,10655.0,3576433.0,17.9
GMRINFRA,EQ,20-Mar-2018,17.6,17.55,18.0,17.35,17.85,17.8,17.81,21469293,382326091.5,13372.0,3491889.0,16.26
GMRINFRA,EQ,19-Mar-2018,17.95,18.2,18.3,17.45,17.6,17.6,17.8,32078964,570998211.95,20724.0,6314280.0,19.68
GMRINFRA,EQ,16-Mar-2018,18.45,18.6,18.75,17.7,18.05,17.95,18.1,39638989,717402332.3,17704.0,10344703.0,26.1
GMRINFRA,EQ,15-Mar-2018,18.0,17.95,18.65,17.9,18.45,18.45,18.38,35692847,656020338.1,19850.0,4730279.0,13.25
GMRINFRA,EQ,14-Mar-2018,17.55,17.45,18.2,17.35,17.95,18.0,17.79,25571906,454994309.05,13379.0,5272690.0,20.62
GMRINFRA,EQ,13-Mar-2018,17.45,17.3,17.75,17.2,17.55,17.55,17.54,26497276,464781572.7,15218.0,5177484.0,19.54
GMRINFRA,EQ,12-Mar-2018,17.1,17.3,17.6,16.75,17.3,17.45,17.19,30564825,525382861.2,17211.0,4535548.0,14.84
GMRINFRA,EQ,09-Mar-2018,17.35,17.3,17.5,17.0,17.05,17.1,17.26,25653611,442714155.6,14773.0,3895610.0,15.19
GMRINFRA,EQ,08-Mar-2018,17.35,17.5,17.75,16.8,17.35,17.35,17.36,30889805,536185192.05,17570.0,4243188.0,13.74
GMRINFRA,EQ,07-Mar-2018,18.0,17.95,18.15,17.2,17.4,17.35,17.59,40740419,716634718.05,23483.0,5462236.0,13.41
GMRINFRA,EQ,06-Mar-2018,18.55,18.75,18.9,17.65,17.85,18.0,18.47,28155206,520057362.1,15987.0,4627036.0,16.43
GMRINFRA,EQ,05-Mar-2018,18.6,18.65,18.85,18.0,18.6,18.55,18.41,27905362,513699960.95,14548.0,4763319.0,17.07
GMRINFRA,EQ,01-Mar-2018,18.95,18.9,19.2,18.5,18.65,18.6,18.87,22049883,415987687.25,12411.0,4180712.0,18.96
GMRINFRA,EQ,28-Feb-2018,18.75,18.6,19.4,18.45,18.9,18.95,19.04,37442931,712976700.0,19278.0,6838561.0,18.26
GMRINFRA,EQ,27-Feb-2018,19.05,19.2,19.2,18.6,18.85,18.75,18.8,28062254,527667917.25,14165.0,4479683.0,15.96
GMRINFRA,EQ,26-Feb-2018,18.75,19.5,19.5,18.75,19.1,19.05,19.08,31685841,604427322.6,21993.0,6223603.0,19.64
GMRINFRA,EQ,23-Feb-2018,17.55,17.7,19.0,17.6,19.0,18.75,18.27,52498421,959117252.6,28276.0,14908429.0,28.4
GMRINFRA,EQ,22-Feb-2018,17.3,17.25,17.9,17.25,17.45,17.55,17.61,47791835,841714019.6,20861.0,10841034.0,22.68
GMRINFRA,EQ,21-Feb-2018,17.65,17.75,17.95,17.2,17.45,17.3,17.44,30344685,529320041.3,17030.0,6762048.0,22.28
GMRINFRA,EQ,20-Feb-2018,17.85,17.6,18.35,17.5,17.6,17.65,17.82,29562111,526821189.6,16522.0,4974723.0,16.83
GMRINFRA,EQ,19-Feb-2018,18.3,18.45,18.6,17.3,17.9,17.85,17.78,35137702,624871424.0,21247.0,7625301.0,21.7
GMRINFRA,EQ,16-Feb-2018,18.7,18.9,19.1,18.15,18.35,18.3,18.54,35450986,657409764.55,19026.0,8274073.0,23.34
GMRINFRA,EQ,15-Feb-2018,19.75,19.7,19.8,18.35,18.9,18.7,19.08,33112402,631885636.7,23264.0,8749433.0,26.42
GMRINFRA,EQ,14-Feb-2018,20.05,19.85,20.3,19.5,19.7,19.75,19.86,34448807,684027275.7,22012.0,7070056.0,20.52
GMRINFRA,EQ,12-Feb-2018,19.55,19.85,20.55,19.65,20.0,20.05,20.12,47674295,959138828.15,23932.0,10813325.0,22.68
GMRINFRA,EQ,09-Feb-2018,19.35,19.0,19.9,18.55,19.55,19.55,19.35,34887960,675170949.5,18638.0,6036641.0,17.3
GMRINFRA,EQ,08-Feb-2018,19.1,19.1,19.7,19.0,19.3,19.35,19.4,34267301,664912953.55,20478.0,7286474.0,21.26
GMRINFRA,EQ,07-Feb-2018,19.35,19.8,20.2,19.0,19.0,19.1,19.46,60140779,1170589802.2,33850.0,9775365.0,16.25
GMRINFRA,EQ,06-Feb-2018,20.15,18.2,19.7,18.2,19.35,19.35,19.06,70024411,1334649849.6,38968.0,8637599.0,12.34
GMRINFRA,EQ,05-Feb-2018,19.25,18.8,20.4,18.15,20.25,20.15,19.7,85508428,1684346387.45,44480.0,10842709.0,12.68
GMRINFRA,EQ,02-Feb-2018,22.75,22.4,22.4,17.7,19.4,19.25,20.12,147724280,2972428628.0,77667.0,29876296.0,20.22
GMRINFRA,EQ,01-Feb-2018,21.75,21.8,23.9,21.05,22.8,22.75,22.64,104502685,2365801034.75,51020.0,17750380.0,16.99
GMRINFRA,EQ,31-Jan-2018,22.05,22.0,22.5,21.55,21.7,21.75,21.95,40644926,892032365.1,23234.0,5923698.0,14.57
GMRINFRA,EQ,30-Jan-2018,22.7,22.55,22.75,21.9,22.0,22.05,22.32,31148955,695337020.8,19209.0,5658493.0,18.17
GMRINFRA,EQ,29-Jan-2018,22.75,22.75,23.45,22.5,22.6,22.7,22.93,50120454,1149319039.15,24133.0,11447701.0,22.84
GMRINFRA,EQ,25-Jan-2018,23.1,23.35,23.4,22.35,22.55,22.75,22.94,55849465,1281000514.7,23133.0,16225778.0,29.05
GMRINFRA,EQ,24-Jan-2018,23.85,23.95,24.15,23.0,23.15,23.1,23.41,62787090,1470057371.0,34909.0,16157936.0,25.73
GMRINFRA,EQ,23-Jan-2018,22.95,23.3,24.25,23.25,23.8,23.85,23.77,100158161,2380981518.1,47021.0,31156577.0,31.11
GMRINFRA,EQ,22-Jan-2018,22.65,22.7,23.45,22.55,22.9,22.95,23.02,44668065,1028213270.1,26908.0,11635109.0,26.05
GMRINFRA,EQ,19-Jan-2018,22.75,22.9,23.35,22.15,22.6,22.65,22.64,68548824,1552185216.2,54478.0,19183424.0,27.99
GMRINFRA,EQ,18-Jan-2018,24.1,24.4,25.05,22.3,22.65,22.75,23.88,169390298,4044287714.0,83596.0,39589502.0,23.37
GMRINFRA,EQ,17-Jan-2018,22.5,22.85,24.4,22.35,24.0,24.1,23.7,240175549,5692563750.0,122042.0,48392122.0,20.15
GMRINFRA,EQ,16-Jan-2018,22.1,22.3,23.6,21.85,22.7,22.5,22.73,142090074,3230185031.4,70765.0,36706782.0,25.83
GMRINFRA,EQ,15-Jan-2018,21.0,21.3,22.35,21.1,22.1,22.1,21.9,73298480,1605509359.75,32743.0,25780238.0,35.17
GMRINFRA,EQ,12-Jan-2018,21.75,21.7,21.95,20.6,20.95,21.0,21.26,60645340,1289359301.25,31121.0,19008234.0,31.34
GMRINFRA,EQ,11-Jan-2018,22.3,22.5,22.75,21.6,21.65,21.75,22.06,58798350,1296983945.25,37952.0,19407993.0,33.01
GMRINFRA,EQ,10-Jan-2018,21.2,21.25,22.6,21.25,22.2,22.3,21.92,66971505,1467706761.85,38906.0,25726902.0,38.41
GMRINFRA,EQ,09-Jan-2018,22.0,22.15,22.25,21.0,21.15,21.2,21.48,48250453,1036651625.1,29921.0,12934741.0,26.81
GMRINFRA,EQ,08-Jan-2018,21.2,21.35,22.75,21.1,21.9,22.0,21.98,78370420,1722297241.9,39477.0,22328104.0,28.49
GMRINFRA,EQ,05-Jan-2018,21.05,21.2,21.65,21.0,21.2,21.2,21.29,36937018,786396012.05,28584.0,10463334.0,28.33
GMRINFRA,EQ,04-Jan-2018,21.8,21.95,22.05,20.95,21.15,21.05,21.33,53266055,1136267691.0,26671.0,15651000.0,29.38
GMRINFRA,EQ,03-Jan-2018,21.65,21.55,22.3,21.45,21.8,21.8,21.84,46683517,1019579592.0,24032.0,13067282.0,27.99
GMRINFRA,EQ,02-Jan-2018,22.3,22.5,22.9,20.95,21.45,21.65,21.79,88236346,1922296592.8,44085.0,12999234.0,14.73
GMRINFRA,EQ,01-Jan-2018,22.45,22.7,23.55,22.15,22.25,22.3,22.9,104419392,2390864229.25,54080.0,20134757.0,19.28
GMRINFRA,EQ,27-Dec-2019,21.2,21.25,21.4,21.0,21.05,21.05,21.18,7113350,150683540.7,5315.0,4435926.0,62.36
GMRINFRA,EQ,26-Dec-2019,21.35,21.3,21.55,21.1,21.15,21.2,21.29,11862123,252554877.1,8935.0,7180638.0,60.53
GMRINFRA,EQ,24-Dec-2019,21.45,21.4,21.75,21.1,21.3,21.35,21.48,10336746,222030115.55,11129.0,6755700.0,65.36
GMRINFRA,EQ,23-Dec-2019,21.85,21.75,21.95,21.3,21.4,21.45,21.54,9761305,210300756.95,3557.0,6220093.0,63.72
GMRINFRA,EQ,20-Dec-2019,21.45,21.45,22.0,21.15,21.8,21.85,21.64,23726540,513361377.5,31344.0,15024659.0,63.32
GMRINFRA,EQ,19-Dec-2019,21.25,21.05,21.65,20.95,21.35,21.45,21.4,14588028,312168882.45,29266.0,7449559.0,51.07
GMRINFRA,EQ,18-Dec-2019,21.85,21.8,21.95,21.05,21.15,21.25,21.56,18598560,401071911.15,28805.0,10194754.0,54.81
GMRINFRA,EQ,17-Dec-2019,21.2,21.15,22.05,21.0,21.85,21.85,21.61,22654060,489505394.45,30710.0,15294586.0,67.51
GMRINFRA,EQ,16-Dec-2019,21.1,21.35,21.35,21.0,21.1,21.2,21.18,17258800,365517359.65,25983.0,12811296.0,74.23
GMRINFRA,EQ,13-Dec-2019,20.85,20.9,21.35,20.8,21.2,21.1,21.1,15404326,325009406.1,30414.0,10440393.0,67.78
GMRINFRA,EQ,12-Dec-2019,20.4,20.25,21.1,20.25,20.75,20.85,20.8,7253007,150872097.3,31578.0,2930064.0,40.40
GMRINFRA,EQ,11-Dec-2019,20.15,20.15,20.75,19.95,20.35,20.4,20.36,12094422,246251471.15,18855.0,3116848.0,25.77
GMRINFRA,EQ,10-Dec-2019,20.7,20.8,20.8,20.0,20.1,20.15,20.38,7644301,155768424.65,5747.0,2573282.0,33.66
GMRINFRA,EQ,09-Dec-2019,20.35,20.25,21.1,20.05,20.65,20.7,20.57,7934479,163202818.85,9193.0,2127111.0,26.81
GMRINFRA,EQ,06-Dec-2019,20.9,21.0,21.0,20.2,20.25,20.35,20.51,8116571,166494234.8,5354.0,3765601.0,46.39
GMRINFRA,EQ,05-Dec-2019,21.4,21.45,21.5,20.7,20.85,20.9,21.1,7230847,152570390.8,8838.0,1513886.0,20.94
GMRINFRA,EQ,04-Dec-2019,20.95,20.5,21.5,20.4,21.4,21.4,21.1,16150048,340738689.75,8453.0,8373160.0,51.85
GMRINFRA,EQ,03-Dec-2019,21.35,21.4,21.45,20.6,21.05,20.95,20.95,16168996,338695013.7,6837.0,8947430.0,55.34
GMRINFRA,EQ,02-Dec-2019,21.9,21.4,21.95,20.85,21.35,21.35,21.36,18279981,390382346.95,19492.0,6359421.0,34.79
GMRINFRA,EQ,29-Nov-2019,21.95,22.1,22.45,21.55,21.85,21.9,22.06,17506883,386182369.9,18597.0,4999651.0,28.56
GMRINFRA,EQ,28-Nov-2019,21.3,21.4,22.15,21.2,22.0,21.95,21.74,20205074,439215631.65,16070.0,7014562.0,34.72
GMRINFRA,EQ,27-Nov-2019,20.7,20.8,21.4,20.45,21.35,21.3,20.93,16050036,335974199.5,8733.0,6504679.0,40.53
GMRINFRA,EQ,26-Nov-2019,20.75,20.9,21.85,20.55,20.75,20.7,20.9,36067286,753739866.0,20662.0,18245434.0,50.59
GMRINFRA,EQ,25-Nov-2019,20.55,20.55,20.9,20.25,20.75,20.75,20.57,7808630,160658260.55,5532.0,3208458.0,41.09
GMRINFRA,EQ,22-Nov-2019,20.7,20.8,20.8,20.15,20.6,20.55,20.42,14088927,287742316.6,7795.0,4911126.0,34.86
GMRINFRA,EQ,21-Nov-2019,20.7,21.05,21.35,20.55,20.65,20.7,21.0,14415493,302774211.85,8932.0,4641868.0,32.20
GMRINFRA,EQ,20-Nov-2019,20.7,20.8,21.2,20.5,20.85,20.7,20.82,14235135,296363797.15,7104.0,5465910.0,38.40
GMRINFRA,EQ,19-Nov-2019,21.3,21.3,21.35,20.55,20.8,20.7,20.86,19423830,405128633.3,20240.0,5726010.0,29.48
GMRINFRA,EQ,18-Nov-2019,21.65,21.5,21.85,21.25,21.35,21.3,21.45,12613476,270618281.75,12257.0,4592269.0,36.41
GMRINFRA,EQ,15-Nov-2019,21.0,20.95,22.05,20.8,21.5,21.65,21.47,22899760,491548108.45,16224.0,8767722.0,38.29
GMRINFRA,EQ,14-Nov-2019,21.05,21.05,21.45,20.65,21.05,21.0,21.06,16002361,337047275.0,11521.0,4175525.0,26.09
GMRINFRA,EQ,13-Nov-2019,21.85,21.8,22.05,20.8,21.0,21.05,21.34,20319560,433693660.1,17062.0,7634391.0,37.57
GMRINFRA,EQ,11-Nov-2019,21.65,21.25,22.0,21.25,21.85,21.85,21.78,12017290,261776534.75,11763.0,2803260.0,23.33
GMRINFRA,EQ,08-Nov-2019,22.3,22.2,22.55,21.5,21.6,21.65,22.1,16925349,374073162.45,17843.0,4663254.0,27.55
GMRINFRA,EQ,07-Nov-2019,22.1,22.15,22.55,21.8,22.35,22.3,22.18,22980160,509682893.85,26076.0,4931830.0,21.46
GMRINFRA,EQ,06-Nov-2019,20.65,20.75,22.7,20.5,22.15,22.1,21.91,50302773,1102384709.55,41031.0,10546910.0,20.97
GMRINFRA,EQ,05-Nov-2019,20.85,20.85,21.05,20.25,20.65,20.65,20.7,6796037,140699037.95,6256.0,1625748.0,23.92
GMRINFRA,EQ,04-Nov-2019,20.8,20.95,21.2,20.75,20.9,20.85,20.97,9970982,209048475.5,11313.0,2809340.0,28.18
GMRINFRA,EQ,01-Nov-2019,20.75,20.7,21.1,20.55,20.8,20.8,20.78,11816695,245600265.25,8132.0,4081203.0,34.54
GMRINFRA,EQ,31-Oct-2019,20.65,20.75,21.35,20.65,20.85,20.75,20.97,28699833,601972829.9,25430.0,10932477.0,38.09
GMRINFRA,EQ,30-Oct-2019,20.8,20.95,20.95,20.25,20.65,20.65,20.63,13502437,278602492.95,14513.0,3092591.0,22.90
GMRINFRA,EQ,29-Oct-2019,19.9,20.0,21.6,19.9,20.75,20.8,20.78,29895293,621198453.35,32824.0,8036757.0,26.88
GMRINFRA,EQ,27-Oct-2019,19.85,19.85,20.15,19.75,19.9,19.9,19.96,2553297,50960050.9,4035.0,1089476.0,42.67
GMRINFRA,EQ,25-Oct-2019,19.95,19.8,20.5,19.6,19.7,19.85,20.07,16257834,326315432.85,21745.0,3251400.0,20.00
GMRINFRA,EQ,24-Oct-2019,19.7,19.8,20.45,19.6,19.75,19.95,20.09,25282420,507864854.25,30021.0,7246802.0,28.66
GMRINFRA,EQ,23-Oct-2019,19.1,19.0,19.8,18.65,19.75,19.7,19.37,14116374,273427164.2,10245.0,5673155.0,40.19
GMRINFRA,EQ,22-Oct-2019,19.1,19.0,19.65,18.75,19.1,19.1,19.26,14965673,288178780.9,23726.0,4832287.0,32.29
GMRINFRA,EQ,18-Oct-2019,17.55,17.55,19.15,17.45,19.1,19.1,18.63,30202445,562705608.55,27155.0,12392666.0,41.03
GMRINFRA,EQ,17-Oct-2019,17.35,17.55,17.65,17.2,17.65,17.55,17.45,8131829,141862620.0,4219.0,3228056.0,39.70
GMRINFRA,EQ,16-Oct-2019,17.3,17.3,17.45,17.1,17.45,17.35,17.3,6478275,112052737.3,4161.0,2630666.0,40.61
GMRINFRA,EQ,15-Oct-2019,17.1,17.2,17.35,17.0,17.25,17.3,17.17,8408087,144396577.05,4143.0,3388695.0,40.30
GMRINFRA,EQ,14-Oct-2019,17.2,17.25,17.45,17.05,17.15,17.1,17.28,7354497,127102518.2,6287.0,3187508.0,43.34
GMRINFRA,EQ,11-Oct-2019,17.2,17.3,17.5,16.9,17.15,17.2,17.11,12119775,207363586.65,4576.0,6107703.0,50.39
GMRINFRA,EQ,10-Oct-2019,17.3,17.25,17.65,17.1,17.2,17.2,17.29,9317041,161068953.25,5606.0,2788079.0,29.92
GMRINFRA,EQ,09-Oct-2019,16.4,16.5,17.4,16.4,17.4,17.3,16.9,18907912,319630630.1,9930.0,6581615.0,34.81
GMRINFRA,EQ,07-Oct-2019,16.5,16.65,16.7,16.3,16.5,16.4,16.47,10933970,180067710.9,10529.0,3252564.0,29.75
GMRINFRA,EQ,04-Oct-2019,16.9,16.95,17.05,16.4,16.45,16.5,16.79,10697351,179556696.2,6691.0,3875009.0,36.22
GMRINFRA,EQ,03-Oct-2019,16.35,16.4,17.0,16.4,16.9,16.9,16.81,12434052,208960995.9,10130.0,3584783.0,28.83
GMRINFRA,EQ,01-Oct-2019,17.0,17.1,17.3,16.15,16.3,16.35,16.66,17430833,290357146.0,18883.0,5265655.0,30.21
GMRINFRA,EQ,30-Sep-2019,17.15,17.1,17.2,16.65,17.0,17.0,16.95,19943176,337971315.8,13163.0,5723693.0,28.70
GMRINFRA,EQ,27-Sep-2019,17.05,17.1,17.75,16.75,17.05,17.15,17.3,34152633,590977057.7,29298.0,6854516.0,20.07
GMRINFRA,EQ,26-Sep-2019,16.85,16.95,17.2,16.65,17.0,17.05,17.0,20681262,351595287.9,33046.0,4970282.0,24.03
GMRINFRA,EQ,25-Sep-2019,17.2,17.55,17.75,16.5,16.85,16.85,17.0,38810242,659784715.25,43989.0,10125676.0,26.09
GMRINFRA,EQ,24-Sep-2019,16.65,16.65,17.4,16.55,17.1,17.2,16.93,20683639,350201217.3,16211.0,6502048.0,31.44
GMRINFRA,EQ,23-Sep-2019,16.6,16.9,17.3,16.55,16.65,16.65,16.95,24961510,423221134.35,21896.0,8711161.0,34.90
GMRINFRA,EQ,20-Sep-2019,15.9,15.9,16.85,15.65,16.65,16.6,16.4,51836494,849870982.15,11780.0,24095726.0,46.48
GMRINFRA,EQ,19-Sep-2019,16.5,16.5,16.5,15.75,15.85,15.9,16.04,15084064,241931127.95,6991.0,1466112.0,9.72
GMRINFRA,EQ,18-Sep-2019,16.0,16.05,16.65,15.85,16.4,16.5,16.24,20782186,337406756.45,6357.0,9965725.0,47.95
GMRINFRA,EQ,17-Sep-2019,16.75,16.75,16.8,15.9,16.0,16.0,16.36,20625944,337445072.9,6654.0,3100156.0,15.03
GMRINFRA,EQ,16-Sep-2019,17.05,16.95,17.25,16.65,16.65,16.75,16.98,28054733,476317848.8,9587.0,10268895.0,36.60
GMRINFRA,EQ,13-Sep-2019,16.7,16.75,17.15,16.35,17.0,17.05,16.78,35691043,598935121.7,7085.0,24141592.0,67.64
GMRINFRA,EQ,12-Sep-2019,16.9,16.95,17.1,16.45,16.75,16.7,16.64,48966905,814999645.25,5528.0,29141066.0,59.51
GMRINFRA,EQ,11-Sep-2019,15.8,15.8,17.0,15.65,16.8,16.9,16.54,18399337,304319146.1,10119.0,5257723.0,28.58
GMRINFRA,EQ,09-Sep-2019,15.55,15.6,15.85,15.4,15.8,15.8,15.62,7125757,111284656.45,2919.0,1911381.0,26.82
GMRINFRA,EQ,06-Sep-2019,14.9,14.95,15.65,14.95,15.5,15.55,15.31,10090076,154525644.6,4621.0,2994021.0,29.67
GMRINFRA,EQ,05-Sep-2019,14.7,14.75,15.0,14.7,14.95,14.9,14.85,10677975,158565077.15,2365.0,4931861.0,46.19
GMRINFRA,EQ,04-Sep-2019,14.8,14.8,14.85,14.55,14.65,14.7,14.72,8238147,121290677.1,2510.0,3462208.0,42.03
GMRINFRA,EQ,03-Sep-2019,15.05,15.0,15.0,14.7,14.8,14.8,14.8,18983709,280991895.8,4725.0,8303808.0,43.74
GMRINFRA,EQ,30-Aug-2019,15.1,15.15,15.35,14.9,15.05,15.05,15.12,11954037,180753771.25,5433.0,2605779.0,21.80
GMRINFRA,EQ,29-Aug-2019,15.25,15.2,15.3,14.75,15.15,15.1,15.15,25951683,393047197.7,8899.0,18916881.0,72.89
GMRINFRA,EQ,28-Aug-2019,15.45,15.45,15.6,15.15,15.2,15.25,15.33,6463307,99063396.45,4274.0,1546568.0,23.93
GMRINFRA,EQ,27-Aug-2019,15.2,15.25,15.7,15.2,15.45,15.45,15.49,18581085,287778844.8,8267.0,9777809.0,52.62
GMRINFRA,EQ,26-Aug-2019,14.95,15.0,15.3,14.65,15.2,15.2,15.08,11257939,169736351.7,4407.0,4609660.0,40.95
GMRINFRA,EQ,23-Aug-2019,14.7,14.75,15.1,14.45,14.9,14.95,14.9,24054836,358365435.55,3338.0,16980910.0,70.59
GMRINFRA,EQ,22-Aug-2019,14.7,14.8,15.05,14.45,14.7,14.7,14.73,35282914,519579211.35,6512.0,26699914.0,75.67
GMRINFRA,EQ,21-Aug-2019,15.15,15.2,15.25,14.6,14.75,14.7,14.83,13055059,193568638.3,6178.0,4711382.0,36.09
GMRINFRA,EQ,20-Aug-2019,15.9,15.9,16.0,15.1,15.2,15.15,15.49,11904738,184437057.2,4747.0,3101258.0,26.05
GMRINFRA,EQ,19-Aug-2019,15.25,15.25,16.2,15.1,15.8,15.9,15.77,20536116,323954761.85,11463.0,8003242.0,38.97
GMRINFRA,EQ,16-Aug-2019,15.05,15.0,15.4,14.8,15.25,15.25,15.12,8272210,125087272.3,4307.0,1929888.0,23.33
GMRINFRA,EQ,14-Aug-2019,14.95,15.0,15.1,14.7,15.0,15.05,14.94,6833370,102085970.2,3449.0,2010533.0,29.42
GMRINFRA,EQ,13-Aug-2019,15.15,15.15,15.45,14.9,14.95,14.95,15.08,8105559,122234080.95,4262.0,2337011.0,28.83
GMRINFRA,EQ,09-Aug-2019,14.85,14.9,15.5,14.85,15.2,15.15,15.16,10658464,161541818.5,4144.0,2681372.0,25.16
GMRINFRA,EQ,08-Aug-2019,14.75,14.75,14.9,14.65,14.9,14.85,14.78,6104772,90208735.05,1710.0,2652007.0,43.44
GMRINFRA,EQ,07-Aug-2019,14.85,14.8,14.95,14.65,14.75,14.75,14.84,5395152,80041201.65,2106.0,2888411.0,53.54
GMRINFRA,EQ,06-Aug-2019,14.75,14.75,15.0,14.75,14.8,14.85,14.88,6970913,103708934.65,5055.0,2753570.0,39.50
GMRINFRA,EQ,05-Aug-2019,15.1,14.85,15.0,14.6,14.75,14.75,14.86,23626278,350979832.85,3956.0,13188296.0,55.82
GMRINFRA,EQ,02-Aug-2019,15.0,14.9,15.2,14.8,15.1,15.1,14.99,16865114,252886537.5,4452.0,11476165.0,68.05
GMRINFRA,EQ,01-Aug-2019,14.95,14.95,15.25,14.8,15.0,15.0,14.99,25465414,381721532.45,8740.0,16079961.0,63.14
GMRINFRA,EQ,31-Jul-2019,14.45,14.45,15.05,14.4,15.05,14.95,14.73,39072726,575378778.5,13548.0,25937042.0,66.38
GMRINFRA,EQ,30-Jul-2019,14.65,14.6,14.8,14.3,14.45,14.45,14.5,32777643,475213317.85,12367.0,16033794.0,48.92
GMRINFRA,EQ,29-Jul-2019,14.65,14.6,14.75,14.35,14.7,14.65,14.61,14394299,210267860.6,11196.0,7847281.0,54.52
GMRINFRA,EQ,26-Jul-2019,14.6,14.6,14.75,14.5,14.7,14.65,14.62,8379443,122532017.65,11396.0,3679936.0,43.92
GMRINFRA,EQ,25-Jul-2019,14.5,14.55,14.9,14.5,14.65,14.6,14.68,12530295,183963671.4,8928.0,5577069.0,44.51
GMRINFRA,EQ,24-Jul-2019,14.8,14.8,14.85,14.4,14.55,14.5,14.6,19419904,283590753.8,4902.0,9745605.0,50.18
GMRINFRA,EQ,23-Jul-2019,14.75,14.75,14.9,14.65,14.8,14.8,14.76,5713485,84304279.15,3056.0,1931901.0,33.81
GMRINFRA,EQ,22-Jul-2019,14.8,14.75,14.85,14.55,14.7,14.75,14.72,7692672,113257353.0,2725.0,3470723.0,45.12
GMRINFRA,EQ,19-Jul-2019,14.85,14.95,14.95,14.6,14.7,14.8,14.79,10022220,148190006.8,3824.0,4078748.0,40.70
GMRINFRA,EQ,18-Jul-2019,15.05,15.0,15.15,14.7,14.9,14.85,14.9,9267276,138126516.95,2962.0,4700609.0,50.72
GMRINFRA,EQ,17-Jul-2019,15.05,15.0,15.2,14.95,15.05,15.05,15.08,4829553,72806721.15,2310.0,1352334.0,28.00
GMRINFRA,EQ,16-Jul-2019,15.0,15.0,15.1,14.95,15.05,15.05,15.02,2890753,43427644.6,2539.0,730154.0,25.26
GMRINFRA,EQ,15-Jul-2019,15.1,15.15,15.25,14.9,15.0,15.0,15.03,3575780,53741216.0,3343.0,839555.0,23.48
GMRINFRA,EQ,12-Jul-2019,15.1,15.1,15.25,15.0,15.05,15.1,15.12,4705811,71152344.0,2620.0,1306253.0,27.76
GMRINFRA,EQ,11-Jul-2019,15.05,15.1,15.25,14.9,15.1,15.1,15.07,4697041,70790568.2,3435.0,1232542.0,26.24
GMRINFRA,EQ,10-Jul-2019,15.3,15.4,15.4,15.0,15.0,15.05,15.1,6198754,93583516.05,6182.0,1827110.0,29.48
GMRINFRA,EQ,09-Jul-2019,15.05,14.9,15.4,14.8,15.35,15.3,15.16,8500098,128884080.25,8289.0,2304194.0,27.11
GMRINFRA,EQ,08-Jul-2019,15.1,15.0,15.1,14.55,15.05,15.05,14.85,16726319,248332669.75,8478.0,4184490.0,25.02
GMRINFRA,EQ,05-Jul-2019,15.1,15.8,16.05,15.0,15.1,15.1,15.59,39198724,611299620.35,24336.0,7134080.0,18.20
GMRINFRA,EQ,04-Jul-2019,15.1,15.1,15.25,15.05,15.15,15.1,15.13,4982805,75409375.25,2407.0,943546.0,18.94
GMRINFRA,EQ,03-Jul-2019,15.05,15.05,15.25,14.95,15.1,15.1,15.11,5459504,82518974.35,4417.0,984157.0,18.03
GMRINFRA,EQ,02-Jul-2019,15.1,15.15,15.15,14.8,15.1,15.05,15.03,14226562,213786354.55,6966.0,4984567.0,35.04
GMRINFRA,EQ,01-Jul-2019,14.9,15.05,15.3,14.75,15.05,15.1,14.99,10645371,159527022.0,4629.0,3945428.0,37.06
GMRINFRA,EQ,28-Jun-2019,15.3,15.3,15.3,14.7,14.95,14.9,14.93,21345507,318703273.7,7589.0,8875906.0,41.58
GMRINFRA,EQ,27-Jun-2019,15.35,15.4,15.6,15.2,15.25,15.3,15.4,13790465,212312362.55,5990.0,6093845.0,44.19
GMRINFRA,EQ,26-Jun-2019,15.1,15.2,15.7,15.15,15.35,15.35,15.44,19826642,306106927.2,16531.0,8311198.0,41.92
GMRINFRA,EQ,25-Jun-2019,15.35,15.3,15.45,15.0,15.15,15.1,15.1,14871099,224553147.1,8258.0,6187432.0,41.61
GMRINFRA,EQ,24-Jun-2019,15.5,15.45,15.6,15.25,15.3,15.35,15.37,5555927,85401145.5,3455.0,1003869.0,18.07
GMRINFRA,EQ,21-Jun-2019,15.3,15.3,15.6,15.1,15.35,15.5,15.44,11458183,176889969.2,7422.0,3783914.0,33.02
GMRINFRA,EQ,20-Jun-2019,14.8,14.6,15.4,14.55,15.3,15.3,15.12,20546891,310661216.7,9801.0,5905215.0,28.74
GMRINFRA,EQ,19-Jun-2019,14.85,15.0,15.05,14.05,14.8,14.8,14.6,65758163,960359810.7,15280.0,37028323.0,56.31
GMRINFRA,EQ,18-Jun-2019,15.05,14.95,15.2,14.65,14.9,14.85,14.88,13385760,199141072.35,6057.0,5284533.0,37.45
GMRINFRA,EQ,17-Jun-2019,14.8,14.85,15.25,14.55,15.05,15.05,14.84,21177215,314362272.8,9588.0,8303150.0,36.64
GMRINFRA,EQ,14-Jun-2019,15.05,15.1,15.1,14.7,14.75,14.8,14.88,12506656,186058392.65,4503.0,5171642.0,41.35
GMRINFRA,EQ,13-Jun-2019,14.95,15.0,15.1,14.6,15.1,15.05,14.87,14715045,218748087.05,7035.0,5043157.0,34.27
GMRINFRA,EQ,12-Jun-2019,15.0,15.0,15.2,14.85,15.05,14.95,15.02,9566752,143665588.95,4207.0,2236491.0,23.38
GMRINFRA,EQ,11-Jun-2019,14.75,14.85,15.1,14.6,14.95,15.0,14.88,12987278,193202396.05,6382.0,5098751.0,39.26
GMRINFRA,EQ,10-Jun-2019,14.75,14.8,14.95,14.6,14.75,14.75,14.76,13872131,204793383.55,6570.0,7098340.0,51.17
GMRINFRA,EQ,07-Jun-2019,14.95,15.0,15.05,14.5,14.75,14.75,14.78,11113635,164286846.95,6202.0,3056586.0,27.50
GMRINFRA,EQ,06-Jun-2019,15.3,15.4,15.4,14.8,14.95,14.95,15.08,19898072,300018596.05,11968.0,5890933.0,29.61
GMRINFRA,EQ,04-Jun-2019,15.4,15.4,15.65,15.25,15.3,15.3,15.46,9105185,140802928.3,5712.0,2099606.0,23.06
GMRINFRA,EQ,03-Jun-2019,15.5,15.55,15.65,15.2,15.4,15.4,15.35,11515811,176739902.35,4806.0,1963623.0,17.05
GMRINFRA,EQ,31-May-2019,16.05,16.05,16.2,15.35,15.55,15.5,15.69,14460123,226838000.2,7685.0,3656076.0,25.28
GMRINFRA,EQ,30-May-2019,16.05,16.05,16.5,15.7,16.1,16.05,16.15,23827886,384847655.0,10859.0,3116859.0,13.08
GMRINFRA,EQ,29-May-2019,16.65,16.6,16.65,15.9,16.1,16.05,16.27,15088647,245470327.05,9020.0,3131164.0,20.75
GMRINFRA,EQ,28-May-2019,17.0,17.1,17.2,16.55,16.6,16.65,16.81,20531926,345104170.2,9140.0,7452831.0,36.30
GMRINFRA,EQ,27-May-2019,16.8,16.95,17.45,16.85,17.0,17.0,17.1,20187783,345171323.3,8866.0,5231518.0,25.91
GMRINFRA,EQ,24-May-2019,15.85,15.95,16.9,15.85,16.75,16.8,16.48,15538307,256125465.4,8824.0,4179260.0,26.90
GMRINFRA,EQ,23-May-2019,15.4,15.7,16.75,15.6,15.9,15.85,16.13,36572082,589824783.25,13161.0,11200948.0,30.63
GMRINFRA,EQ,22-May-2019,15.4,15.45,15.55,15.2,15.5,15.4,15.36,10620518,163128817.15,3795.0,4153770.0,39.11
GMRINFRA,EQ,21-May-2019,15.7,15.9,15.9,15.25,15.4,15.4,15.52,12665182,196601806.4,5569.0,5945250.0,46.94
GMRINFRA,EQ,20-May-2019,15.25,15.55,16.1,15.55,15.75,15.7,15.77,21244187,335013091.0,7458.0,7461657.0,35.12
GMRINFRA,EQ,17-May-2019,15.35,15.45,15.6,15.15,15.2,15.25,15.32,13725912,210284797.2,4276.0,7255548.0,52.86
GMRINFRA,EQ,16-May-2019,15.4,15.45,15.5,15.15,15.3,15.35,15.31,14009459,214431058.0,3493.0,6664046.0,47.57
GMRINFRA,EQ,15-May-2019,15.8,15.85,15.85,15.3,15.4,15.4,15.51,9840880,152629570.65,3505.0,4225117.0,42.93
GMRINFRA,EQ,14-May-2019,15.3,15.25,15.9,14.9,15.8,15.8,15.68,27841831,436499529.95,12558.0,11584677.0,41.61
GMRINFRA,EQ,13-May-2019,16.1,16.1,16.1,15.15,15.3,15.3,15.6,11409435,178008565.3,5108.0,2176806.0,19.08
GMRINFRA,EQ,10-May-2019,16.05,16.0,16.3,15.85,16.0,16.1,16.1,7705137,124014438.6,3967.0,1768866.0,22.96
GMRINFRA,EQ,09-May-2019,15.85,15.85,16.25,15.65,16.0,16.05,15.95,9317526,148600851.5,4191.0,3356754.0,36.03
GMRINFRA,EQ,08-May-2019,16.0,16.0,16.15,15.7,15.9,15.85,15.93,9537037,151898215.9,4605.0,2012032.0,21.10
GMRINFRA,EQ,07-May-2019,16.4,16.5,16.85,15.8,16.1,16.0,16.32,15954295,260340687.3,5815.0,5676609.0,35.58
GMRINFRA,EQ,06-May-2019,16.5,16.45,16.6,16.25,16.4,16.4,16.43,6195624,101822755.4,3509.0,1623683.0,26.21
GMRINFRA,EQ,03-May-2019,16.75,16.55,16.9,16.45,16.55,16.5,16.67,11471376,191204556.4,7095.0,2690333.0,23.45
GMRINFRA,EQ,02-May-2019,16.65,16.6,16.95,16.55,16.8,16.75,16.74,10507102,175933890.1,4385.0,2647582.0,25.20
GMRINFRA,EQ,30-Apr-2019,16.95,17.05,17.1,16.45,16.6,16.65,16.65,8603058,143271677.4,4949.0,2281463.0,26.52
GMRINFRA,EQ,26-Apr-2019,17.05,17.15,17.2,16.8,17.0,16.95,17.01,14425204,245340063.1,6308.0,5342179.0,37.03
GMRINFRA,EQ,25-Apr-2019,17.4,17.5,17.75,16.95,17.05,17.05,17.3,22816769,394736363.7,10148.0,7690741.0,33.71
GMRINFRA,EQ,24-Apr-2019,17.4,17.6,17.7,17.35,17.4,17.4,17.48,14177837,247898165.5,7601.0,3788622.0,26.72
GMRINFRA,EQ,23-Apr-2019,17.8,17.95,18.0,17.3,17.5,17.4,17.64,20702021,365198102.55,8722.0,7611920.0,36.77
GMRINFRA,EQ,22-Apr-2019,18.35,18.3,18.3,17.75,17.8,17.8,17.98,10784248,193947719.6,7266.0,2622170.0,24.31
GMRINFRA,EQ,18-Apr-2019,18.55,18.55,18.65,18.0,18.3,18.35,18.28,15684926,286700888.75,7348.0,4689930.0,29.90
GMRINFRA,EQ,16-Apr-2019,18.6,18.6,18.8,18.4,18.55,18.55,18.58,9689072,180048876.4,6541.0,1808577.0,18.67
GMRINFRA,EQ,15-Apr-2019,18.65,18.65,18.95,18.5,18.55,18.6,18.72,8626458,161460785.8,7239.0,2309204.0,26.77
GMRINFRA,EQ,12-Apr-2019,18.7,18.7,18.85,18.35,18.7,18.65,18.6,14551492,270671302.9,7926.0,4356308.0,29.94
GMRINFRA,EQ,11-Apr-2019,18.45,18.6,19.35,18.55,18.75,18.7,18.84,26719459,503470020.8,17563.0,3780473.0,14.15
GMRINFRA,EQ,10-Apr-2019,18.8,18.8,18.9,18.1,18.6,18.45,18.55,15561966,288600998.05,10026.0,4395452.0,28.24
GMRINFRA,EQ,09-Apr-2019,18.25,18.4,18.9,18.1,18.85,18.8,18.54,17154381,317966635.9,16331.0,2864210.0,16.70
GMRINFRA,EQ,08-Apr-2019,18.75,18.75,19.05,18.05,18.35,18.25,18.46,14303697,264010815.2,8236.0,2721495.0,19.03
GMRINFRA,EQ,05-Apr-2019,19.05,19.1,19.15,18.6,18.9,18.75,18.8,11387934,214145627.4,11766.0,2098421.0,18.43
GMRINFRA,EQ,04-Apr-2019,18.6,18.65,19.35,18.5,19.1,19.05,18.88,24638561,465115369.0,15631.0,5431434.0,22.04
GMRINFRA,EQ,03-Apr-2019,19.35,19.35,19.4,18.5,18.6,18.6,18.85,35634325,671670951.4,22217.0,10840417.0,30.42
GMRINFRA,EQ,02-Apr-2019,19.5,19.55,19.95,19.25,19.35,19.35,19.51,22312647,435390893.0,12085.0,6461215.0,28.96
GMRINFRA,EQ,01-Apr-2019,19.8,19.55,19.9,19.35,19.6,19.5,19.6,24390698,477944220.6,12864.0,8612197.0,35.31
GMRINFRA,EQ,29-Mar-2019,20.0,20.15,20.4,19.6,19.65,19.8,19.97,47989389,958478413.3,32476.0,14982983.0,31.22
GMRINFRA,EQ,28-Mar-2019,19.5,19.7,20.45,19.4,20.1,20.0,19.85,53479398,1061812220.05,35857.0,12507303.0,23.39
GMRINFRA,EQ,27-Mar-2019,19.45,21.35,21.35,19.25,19.7,19.5,19.86,139209815,2764361326.5,72947.0,14232457.0,10.22
GMRINFRA,EQ,26-Mar-2019,17.1,17.1,19.8,17.1,19.75,19.45,18.7,124907761,2336246645.1,57336.0,17223420.0,13.79
GMRINFRA,EQ,25-Mar-2019,17.4,17.15,17.55,16.95,17.1,17.1,17.23,33525604,577652785.3,28141.0,7528815.0,22.46
GMRINFRA,EQ,22-Mar-2019,17.0,17.1,17.55,17.05,17.4,17.4,17.32,32892318,569739598.7,19534.0,9979889.0,30.34
GMRINFRA,EQ,20-Mar-2019,17.45,17.45,17.55,16.9,16.95,17.0,17.09,28606799,488928124.75,13860.0,9083096.0,31.75
GMRINFRA,EQ,19-Mar-2019,17.15,17.15,17.65,16.95,17.45,17.45,17.39,23401249,406970007.55,11191.0,5484800.0,23.44
GMRINFRA,EQ,18-Mar-2019,16.95,17.05,17.3,17.05,17.15,17.15,17.12,23982756,410549599.1,4175.0,15409872.0,64.25
GMRINFRA,EQ,15-Mar-2019,17.15,17.2,17.2,16.7,17.1,16.95,16.94,49225734,834127877.4,12977.0,22737494.0,46.19
GMRINFRA,EQ,14-Mar-2019,16.95,16.85,17.3,16.7,17.15,17.15,16.98,22677099,385053946.4,8303.0,5675278.0,25.03
GMRINFRA,EQ,13-Mar-2019,17.25,17.2,17.2,16.8,16.85,16.95,16.97,10933698,185573727.3,4462.0,1482310.0,13.56
GMRINFRA,EQ,12-Mar-2019,17.2,17.5,17.6,17.1,17.2,17.25,17.32,11855137,205355588.85,6579.0,2443644.0,20.61
GMRINFRA,EQ,11-Mar-2019,16.85,16.95,17.25,16.9,17.2,17.2,17.1,9840669,168294626.1,6043.0,2218130.0,22.54
GMRINFRA,EQ,08-Mar-2019,16.9,16.85,17.05,16.7,16.85,16.85,16.84,8463138,142526494.85,5708.0,945067.0,11.17
GMRINFRA,EQ,07-Mar-2019,16.9,16.9,17.6,16.65,16.85,16.9,17.12,36968707,633005364.3,13694.0,17339356.0,46.90
GMRINFRA,EQ,06-Mar-2019,17.0,17.15,17.15,16.55,16.85,16.9,16.83,27943696,470331576.65,6881.0,15733347.0,56.30
GMRINFRA,EQ,05-Mar-2019,16.65,16.55,17.05,16.4,17.0,17.0,16.87,21836673,368441917.3,7248.0,9231906.0,42.28
GMRINFRA,EQ,01-Mar-2019,16.2,16.25,16.7,16.25,16.55,16.65,16.51,16540787,273167129.65,6020.0,4382583.0,26.50
GMRINFRA,EQ,28-Feb-2019,16.2,16.2,16.35,16.05,16.3,16.2,16.19,9977082,161491449.0,5548.0,2219675.0,22.25
GMRINFRA,EQ,27-Feb-2019,16.25,16.6,16.65,15.95,16.15,16.2,16.32,23780217,388085949.5,10470.0,3351729.0,14.09
GMRINFRA,EQ,26-Feb-2019,16.4,16.3,16.4,15.9,16.3,16.25,16.17,17618104,284826218.35,7362.0,2555197.0,14.50
GMRINFRA,EQ,25-Feb-2019,16.45,16.55,16.6,16.25,16.5,16.4,16.44,8701329,143057877.1,4438.0,1768879.0,20.33
GMRINFRA,EQ,22-Feb-2019,16.15,16.15,16.65,16.05,16.45,16.45,16.41,25918676,425316902.9,9760.0,7244426.0,27.95
GMRINFRA,EQ,21-Feb-2019,15.65,15.65,16.25,15.5,16.2,16.15,16.0,29707215,475406511.4,12146.0,8606872.0,28.97
GMRINFRA,EQ,20-Feb-2019,15.6,15.65,15.8,15.45,15.6,15.65,15.58,18744378,292062792.05,9562.0,6475620.0,34.55
GMRINFRA,EQ,19-Feb-2019,14.8,14.85,15.85,14.8,15.55,15.6,15.47,32129171,497109763.25,16339.0,6466762.0,20.13
GMRINFRA,EQ,18-Feb-2019,14.85,14.8,15.15,14.45,14.9,14.8,14.79,33906073,501369704.15,18078.0,7197233.0,21.23
GMRINFRA,EQ,15-Feb-2019,14.8,14.55,15.25,14.2,15.0,14.85,14.78,37106739,548523392.85,15175.0,9015169.0,24.30
GMRINFRA,EQ,14-Feb-2019,14.6,14.4,15.0,14.15,14.9,14.8,14.56,30121759,438429095.5,15321.0,5925048.0,19.67
GMRINFRA,EQ,13-Feb-2019,14.7,14.75,14.85,14.2,14.8,14.6,14.54,26817307,389923608.75,7407.0,10415347.0,38.84
GMRINFRA,EQ,12-Feb-2019,14.8,14.7,15.15,14.45,14.7,14.7,14.77,31216569,460934301.55,10206.0,8840080.0,28.32
GMRINFRA,EQ,11-Feb-2019,14.95,14.9,14.95,14.05,14.8,14.8,14.43,29647326,427681578.25,15447.0,8009058.0,27.01
GMRINFRA,EQ,08-Feb-2019,15.2,15.15,15.3,14.85,14.9,14.95,15.02,10759687,161562604.9,4676.0,2113109.0,19.64
GMRINFRA,EQ,07-Feb-2019,15.15,15.05,15.4,15.0,15.25,15.2,15.18,12485377,189538592.65,5579.0,1734213.0,13.89
GMRINFRA,EQ,06-Feb-2019,14.75,15.0,15.5,14.55,15.25,15.15,14.99,41626740,624027425.2,19507.0,11197923.0,26.90
GMRINFRA,EQ,05-Feb-2019,15.0,15.05,15.35,12.95,15.2,14.75,14.42,82268889,1186026420.05,20866.0,48362599.0,58.79
GMRINFRA,EQ,04-Feb-2019,15.05,15.05,15.1,14.65,14.95,15.0,14.85,24877435,369402292.2,8896.0,11197563.0,45.01
GMRINFRA,EQ,01-Feb-2019,15.2,15.35,15.6,15.0,15.0,15.05,15.3,20712433,316899646.85,6914.0,9096694.0,43.92
GMRINFRA,EQ,31-Jan-2019,15.55,15.6,15.7,15.0,15.35,15.2,15.25,43741779,667148357.7,14326.0,15665926.0,35.81
GMRINFRA,EQ,30-Jan-2019,15.55,15.55,15.7,15.3,15.55,15.55,15.51,17156388,266028101.0,5623.0,3496128.0,20.38
GMRINFRA,EQ,29-Jan-2019,15.4,15.25,15.75,15.25,15.7,15.55,15.52,12168233,188897152.9,8227.0,3298674.0,27.11
GMRINFRA,EQ,28-Jan-2019,15.65,15.65,15.7,15.0,15.4,15.4,15.32,21369201,327474888.3,7141.0,,-
GMRINFRA,EQ,25-Jan-2019,15.95,16.0,16.1,15.6,15.7,15.65,15.82,9927876,157066294.9,5271.0,4542506.0,45.76
GMRINFRA,EQ,24-Jan-2019,16.15,16.15,16.25,15.85,15.85,15.95,16.0,6695516,107138312.95,7469.0,1718841.0,25.67
GMRINFRA,EQ,23-Jan-2019,16.15,16.2,16.45,16.0,16.25,16.15,16.23,10288798,167017831.25,7212.0,2335897.0,22.70
GMRINFRA,EQ,22-Jan-2019,16.05,16.1,16.25,15.85,16.15,16.15,16.03,7922933,127013900.8,6157.0,2653775.0,33.49
GMRINFRA,EQ,21-Jan-2019,16.25,16.35,16.35,16.0,16.05,16.05,16.14,5651419,91241888.85,3382.0,1419896.0,25.12
GMRINFRA,EQ,18-Jan-2019,16.35,16.4,16.5,16.1,16.25,16.25,16.3,11481087,187106016.35,5170.0,2270192.0,19.77
GMRINFRA,EQ,17-Jan-2019,16.55,16.6,16.7,16.25,16.35,16.35,16.43,6546972,107546398.05,4068.0,1698406.0,25.94
GMRINFRA,EQ,16-Jan-2019,16.5,16.55,16.7,16.45,16.5,16.55,16.6,5551145,92148324.1,2589.0,1284829.0,23.15
GMRINFRA,EQ,15-Jan-2019,16.4,16.5,16.65,16.35,16.5,16.5,16.48,7924206,130569795.25,3809.0,1366504.0,17.24
GMRINFRA,EQ,14-Jan-2019,16.7,16.6,16.6,16.35,16.45,16.4,16.44,5659958,93062680.15,4849.0,1134149.0,20.04
GMRINFRA,EQ,11-Jan-2019,16.75,16.75,16.9,16.5,16.6,16.7,16.69,10788251,180080803.2,5966.0,1434184.0,13.29
GMRINFRA,EQ,10-Jan-2019,16.85,16.9,17.25,16.6,16.65,16.75,16.92,22063352,373257584.45,16011.0,5493408.0,24.90
GMRINFRA,EQ,09-Jan-2019,16.05,16.1,17.0,16.1,16.9,16.85,16.6,35168601,583897267.95,20685.0,9624352.0,27.37
GMRINFRA,EQ,08-Jan-2019,15.85,15.95,16.15,15.8,16.1,16.05,16.01,8130120,130153290.05,5369.0,2083919.0,25.63
GMRINFRA,EQ,07-Jan-2019,15.85,16.0,16.15,15.7,15.85,15.85,15.94,6373303,101558745.55,4046.0,1405159.0,22.05
GMRINFRA,EQ,04-Jan-2019,15.65,15.7,15.95,15.4,15.85,15.85,15.68,10132029,158849401.85,6652.0,2261002.0,22.32
GMRINFRA,EQ,03-Jan-2019,15.95,15.95,16.1,15.6,15.65,15.65,15.81,11069953,174964641.85,7589.0,2262048.0,20.43
GMRINFRA,EQ,02-Jan-2019,16.4,16.4,16.45,15.85,16.0,15.95,16.08,9110731,146520623.75,4894.0,2199354.0,24.14
GMRINFRA,EQ,01-Jan-2019,16.4,16.5,16.55,16.25,16.4,16.4,16.39,5340382,87518560.85,2806.0,1357242.0,25.41
GMRINFRA,EQ,31-Dec-2018,16.25,16.25,16.5,16.2,16.45,16.4,16.37,11417461,186928797.15,4500.0,2270793.0,19.89
GMRINFRA,EQ,28-Dec-2020,25.8,25.8,26.15,25.6,26.0,25.95,25.9,8741281,226387995.0,24197.0,1981110.0,22.66
GMRINFRA,EQ,24-Dec-2020,26.05,26.4,26.4,25.45,25.7,25.8,25.84,13627031,352092862.3,27941.0,3194624.0,23.44
GMRINFRA,EQ,23-Dec-2020,24.95,25.2,26.15,24.9,26.0,26.05,25.49,11566320,294844934.45,26522.0,2260847.0,19.55
GMRINFRA,EQ,22-Dec-2020,24.5,24.5,25.15,23.7,25.05,24.95,24.47,20740251,507492053.0,36142.0,4482496.0,21.61
GMRINFRA,EQ,21-Dec-2020,26.85,26.7,27.05,24.1,24.45,24.5,25.61,23453555,600702943.1,21784.0,4670894.0,19.92
GMRINFRA,EQ,18-Dec-2020,27.5,27.5,27.7,26.65,26.85,26.85,27.01,13412068,362318965.15,25900.0,4348337.0,32.42
GMRINFRA,EQ,17-Dec-2020,28.0,28.05,28.25,27.35,27.4,27.5,27.8,12014083,334009167.2,21452.0,3055258.0,25.43
GMRINFRA,EQ,16-Dec-2020,28.85,28.8,29.35,27.8,27.9,28.0,28.41,29219702,830018460.7,39617.0,5762920.0,19.72
GMRINFRA,EQ,15-Dec-2020,27.15,27.1,29.1,26.55,28.65,28.85,27.95,47522677,1328398066.65,49923.0,13976924.0,29.41
GMRINFRA,EQ,14-Dec-2020,26.6,26.7,27.3,26.35,27.15,27.15,26.95,12463946,335856689.7,22238.0,4316203.0,34.63
GMRINFRA,EQ,11-Dec-2020,26.75,26.85,27.1,26.15,26.55,26.6,26.63,11617558,309426622.75,23453.0,4916439.0,42.32
GMRINFRA,EQ,10-Dec-2020,27.5,27.45,27.55,26.5,26.9,26.75,26.88,11979313,322006171.35,14392.0,2754003.0,22.99
GMRINFRA,EQ,09-Dec-2020,26.5,26.5,28.2,26.4,27.6,27.5,27.55,44237334,1218592308.75,64676.0,11241030.0,25.41
GMRINFRA,EQ,08-Dec-2020,26.35,26.6,26.7,25.85,26.5,26.5,26.32,10632253,279796351.9,29428.0,3863683.0,36.34
GMRINFRA,EQ,07-Dec-2020,26.0,26.15,26.65,26.0,26.35,26.35,26.36,10988500,289640765.95,21933.0,3116090.0,28.36
GMRINFRA,EQ,04-Dec-2020,26.7,27.0,27.2,25.8,26.05,26.0,26.36,15585804,410918101.4,32487.0,4494801.0,28.84
GMRINFRA,EQ,03-Dec-2020,26.35,26.7,26.85,26.3,26.85,26.7,26.57,6671745,177278510.6,18676.0,2390889.0,35.84
GMRINFRA,EQ,02-Dec-2020,26.2,26.4,26.6,26.0,26.4,26.35,26.31,13952200,367099638.0,21892.0,6927086.0,49.65
GMRINFRA,EQ,01-Dec-2020,26.8,27.0,27.0,26.0,26.2,26.2,26.41,10267533,271211862.6,12589.0,3453832.0,33.64
GMRINFRA,EQ,27-Nov-2020,25.85,26.0,27.2,25.8,26.55,26.8,26.64,43344802,1154873455.15,42798.0,28942889.0,66.77
GMRINFRA,EQ,26-Nov-2020,25.55,25.5,25.95,25.2,25.85,25.85,25.57,9291125,237539844.35,22253.0,1904256.0,20.50
GMRINFRA,EQ,25-Nov-2020,25.6,25.85,26.2,25.4,25.6,25.55,25.68,10505567,269790954.6,20953.0,2103111.0,20.02
GMRINFRA,EQ,24-Nov-2020,26.45,26.9,27.25,24.95,25.65,25.6,26.21,39264954,1029220475.55,57650.0,9244861.0,23.54
GMRINFRA,EQ,23-Nov-2020,25.15,25.25,26.95,25.15,26.5,26.45,26.27,29418210,772749985.9,51366.0,8220635.0,27.94
GMRINFRA,EQ,20-Nov-2020,25.1,25.25,25.5,25.05,25.15,25.15,25.24,7437553,187743698.55,24019.0,2095708.0,28.18
GMRINFRA,EQ,19-Nov-2020,25.6,25.3,26.3,24.9,25.15,25.1,25.66,21340446,547559641.1,40553.0,5830252.0,27.32
GMRINFRA,EQ,18-Nov-2020,24.35,24.45,25.8,24.4,25.5,25.6,25.34,18289014,463466607.1,37884.0,4879827.0,26.68
GMRINFRA,EQ,17-Nov-2020,24.35,24.6,24.85,24.1,24.5,24.35,24.53,9758745,239424714.6,24681.0,2770482.0,28.39
GMRINFRA,EQ,14-Nov-2020,24.55,24.5,24.7,24.1,24.3,24.35,24.37,938993,22883415.05,1638.0,391949.0,41.74
GMRINFRA,EQ,13-Nov-2020,24.4,24.4,24.7,24.2,24.4,24.55,24.5,5911226,144842162.7,17902.0,2800592.0,47.38
GMRINFRA,EQ,12-Nov-2020,24.5,24.2,24.8,24.2,24.45,24.4,24.55,9584338,235313189.0,21995.0,3309671.0,34.53
GMRINFRA,EQ,11-Nov-2020,24.65,24.3,24.7,23.9,24.3,24.5,24.43,9052130,221108636.85,19142.0,4730883.0,52.26
GMRINFRA,EQ,10-Nov-2020,24.15,24.2,25.4,24.0,24.55,24.65,24.81,15636093,387887291.6,29055.0,5493876.0,35.14
GMRINFRA,EQ,09-Nov-2020,24.05,24.2,24.3,23.7,24.2,24.15,24.0,4540448,108982429.1,20422.0,1295384.0,28.53
GMRINFRA,EQ,06-Nov-2020,24.15,24.15,24.3,23.8,23.9,24.05,24.08,5024404,120999200.85,21620.0,1234956.0,24.58
GMRINFRA,EQ,05-Nov-2020,23.05,23.35,24.35,23.15,24.1,24.15,23.84,8110688,193364572.65,24379.0,2258093.0,27.84
GMRINFRA,EQ,04-Nov-2020,23.15,23.15,23.55,22.95,23.0,23.05,23.27,11013667,256325370.65,23993.0,1279848.0,11.62
GMRINFRA,EQ,03-Nov-2020,23.35,23.5,23.6,23.0,23.15,23.15,23.29,2998314,69822782.75,17058.0,873220.0,29.12
GMRINFRA,EQ,02-Nov-2020,23.4,23.4,23.75,23.25,23.25,23.35,23.42,3690481,86430288.6,19523.0,590498.0,16.00
GMRINFRA,EQ,30-Oct-2020,23.3,23.45,23.75,23.2,23.4,23.4,23.46,6375602,149601178.35,16130.0,872786.0,13.69
GMRINFRA,EQ,29-Oct-2020,23.65,23.5,24.55,23.1,23.3,23.3,23.86,20024268,477744075.35,24651.0,7058206.0,35.25
GMRINFRA,EQ,28-Oct-2020,24.05,24.05,24.2,23.6,23.65,23.65,23.88,8080759,192979470.7,21892.0,2483167.0,30.73
GMRINFRA,EQ,27-Oct-2020,23.5,23.6,24.25,23.25,24.1,24.05,23.79,9604718,228528932.15,23598.0,2175168.0,22.65
GMRINFRA,EQ,26-Oct-2020,24.3,24.3,24.35,23.35,23.4,23.5,23.73,6082405,144339117.15,5081.0,1210965.0,19.91
GMRINFRA,EQ,23-Oct-2020,23.75,24.05,24.45,23.85,24.3,24.3,24.12,10488201,252937205.4,25911.0,3704589.0,35.32
GMRINFRA,EQ,22-Oct-2020,23.7,23.7,24.0,23.55,24.0,23.75,23.72,3578113,84877910.35,19048.0,794964.0,22.22
GMRINFRA,EQ,21-Oct-2020,23.5,23.4,23.95,23.4,23.7,23.7,23.71,5278593,125143309.15,4632.0,1218712.0,23.09
GMRINFRA,EQ,20-Oct-2020,23.5,23.55,23.75,23.35,23.5,23.5,23.56,3213136,75709067.25,3124.0,720944.0,22.44
GMRINFRA,EQ,19-Oct-2020,23.75,23.75,24.1,23.35,23.5,23.5,23.77,12058353,286601229.9,22072.0,2614812.0,21.68
GMRINFRA,EQ,16-Oct-2020,23.35,23.4,23.9,23.1,23.75,23.75,23.48,5272707,123812986.7,20405.0,1345385.0,25.52
GMRINFRA,EQ,15-Oct-2020,23.7,23.75,23.95,23.2,23.25,23.35,23.56,4971900,117125712.95,17281.0,1137959.0,22.89
GMRINFRA,EQ,14-Oct-2020,23.8,23.75,24.05,23.45,23.75,23.7,23.73,7694258,182560245.05,21690.0,1216470.0,15.81
GMRINFRA,EQ,13-Oct-2020,24.2,24.15,24.6,23.65,23.65,23.8,24.22,15052526,364638040.1,25814.0,6050520.0,40.20
GMRINFRA,EQ,12-Oct-2020,23.5,23.55,24.7,23.5,24.15,24.2,24.21,20661331,500258663.5,27438.0,8611745.0,41.68
GMRINFRA,EQ,09-Oct-2020,23.8,23.65,23.75,23.4,23.55,23.5,23.55,3338037,78595150.5,17730.0,592767.0,17.76
GMRINFRA,EQ,08-Oct-2020,23.65,23.65,23.95,23.2,23.65,23.8,23.59,9834358,232000331.4,20956.0,3535995.0,35.96
GMRINFRA,EQ,07-Oct-2020,23.4,23.6,24.15,23.5,23.6,23.65,23.83,14804455,352835427.95,28353.0,3864341.0,26.10
GMRINFRA,EQ,06-Oct-2020,23.35,23.4,23.8,23.2,23.4,23.4,23.47,3898946,91500909.85,4169.0,827108.0,21.21
GMRINFRA,EQ,05-Oct-2020,23.7,23.75,23.85,23.3,23.4,23.35,23.51,14202696,333875629.45,24894.0,1202540.0,8.47
GMRINFRA,EQ,01-Oct-2020,23.05,23.15,24.45,23.15,23.8,23.7,23.86,26569568,634011273.3,34561.0,6344771.0,23.88
GMRINFRA,EQ,30-Sep-2020,23.0,23.0,23.75,22.65,23.05,23.05,23.13,26434808,611429457.0,37146.0,3854892.0,14.58
GMRINFRA,EQ,29-Sep-2020,23.8,23.65,24.35,22.75,23.0,23.0,23.46,22877955,536793215.3,33225.0,3167509.0,13.85
GMRINFRA,EQ,28-Sep-2020,23.5,23.45,23.95,23.1,23.75,23.8,23.49,16400399,385288272.75,25990.0,3633718.0,22.16
GMRINFRA,EQ,25-Sep-2020,21.15,21.7,24.15,21.5,23.4,23.5,22.7,51369123,1166232924.15,50741.0,8884700.0,17.30
GMRINFRA,EQ,24-Sep-2020,21.4,21.35,22.1,20.8,21.25,21.15,21.26,27157104,577309823.1,35861.0,2710926.0,9.98
GMRINFRA,EQ,23-Sep-2020,21.75,22.0,22.15,21.15,21.55,21.4,21.62,11797799,255012397.5,24562.0,1575179.0,13.35
GMRINFRA,EQ,22-Sep-2020,23.05,23.0,23.0,21.6,21.75,21.75,22.07,23191042,511858148.3,15910.0,2827782.0,12.19
GMRINFRA,EQ,21-Sep-2020,23.95,23.9,24.25,22.8,22.85,23.05,23.69,18821185,445876132.65,26790.0,4339507.0,23.06
GMRINFRA,EQ,18-Sep-2020,23.8,23.7,24.5,23.7,23.85,23.95,24.05,20502615,493159309.6,33684.0,6869240.0,33.50
GMRINFRA,EQ,17-Sep-2020,23.85,23.55,23.9,23.45,23.8,23.8,23.66,7614318,180190208.85,18353.0,1082708.0,14.22
GMRINFRA,EQ,16-Sep-2020,23.9,23.85,24.1,23.6,23.85,23.85,23.83,7027106,167463299.5,21622.0,1185997.0,16.88
GMRINFRA,EQ,15-Sep-2020,23.7,23.7,24.2,23.45,23.85,23.9,23.81,10369264,246868586.5,28460.0,1829374.0,17.64
GMRINFRA,EQ,14-Sep-2020,23.4,23.65,24.25,23.5,23.65,23.7,23.9,13799568,329770524.95,12513.0,2280262.0,16.52
GMRINFRA,EQ,11-Sep-2020,23.1,23.1,23.55,22.9,23.5,23.4,23.21,9282177,215438579.5,21419.0,1679703.0,18.10
GMRINFRA,EQ,10-Sep-2020,23.2,23.25,23.75,22.7,23.25,23.1,23.22,11727466,272319713.35,27698.0,1555545.0,13.26
GMRINFRA,EQ,09-Sep-2020,22.6,22.35,23.3,22.05,23.1,23.2,22.66,17671217,400383314.05,14761.0,4058477.0,22.97
GMRINFRA,EQ,08-Sep-2020,23.55,23.55,23.65,22.4,22.4,22.6,23.13,11648571,269453202.25,24979.0,2178952.0,18.71
GMRINFRA,EQ,07-Sep-2020,23.75,24.0,24.0,23.3,23.5,23.55,23.58,11128742,262437295.05,22748.0,2026002.0,18.21
GMRINFRA,EQ,04-Sep-2020,24.0,23.5,24.05,23.2,23.85,23.75,23.75,14617555,347173456.35,29107.0,3092067.0,21.15
GMRINFRA,EQ,03-Sep-2020,24.25,24.35,24.5,23.85,24.0,24.0,24.13,10353162,249796432.15,25158.0,2200590.0,21.26
GMRINFRA,EQ,02-Sep-2020,23.6,23.85,24.65,23.5,24.4,24.25,24.11,19898395,479807737.95,31535.0,2336983.0,11.74
GMRINFRA,EQ,01-Sep-2020,23.55,23.55,24.3,23.05,23.95,23.6,23.55,21496174,506261928.1,35291.0,4245924.0,19.75
GMRINFRA,EQ,31-Aug-2020,25.75,26.0,26.0,23.25,23.45,23.55,24.38,37875130,923397981.9,57079.0,10256984.0,27.08
GMRINFRA,EQ,28-Aug-2020,25.7,27.8,28.25,25.4,25.65,25.75,26.43,117422995,3103493020.5,99542.0,34108425.0,29.05
GMRINFRA,EQ,27-Aug-2020,25.85,26.0,26.7,25.3,25.9,25.7,26.05,64007684,1667476267.05,40228.0,25171503.0,39.33
GMRINFRA,EQ,26-Aug-2020,24.85,25.15,26.45,24.6,25.95,25.85,25.92,39180764,1015471852.95,32984.0,13429063.0,34.27
GMRINFRA,EQ,25-Aug-2020,25.3,26.0,26.3,24.25,24.95,24.85,24.93,27194724,677872393.85,30382.0,9320764.0,34.27
GMRINFRA,EQ,24-Aug-2020,24.3,24.6,26.15,24.6,25.4,25.3,25.51,60723086,1548898778.65,69101.0,9907550.0,16.32
GMRINFRA,EQ,21-Aug-2020,22.2,22.5,25.15,22.3,24.45,24.3,23.88,101880772,2432976607.7,87941.0,18761218.0,18.41
GMRINFRA,EQ,20-Aug-2020,21.15,21.0,22.3,21.0,22.25,22.2,21.83,22843333,498574174.0,40637.0,5806058.0,25.42
GMRINFRA,EQ,19-Aug-2020,21.25,21.45,21.55,20.95,21.15,21.15,21.22,11433863,242572312.0,31856.0,2608645.0,22.82
GMRINFRA,EQ,18-Aug-2020,20.9,20.95,21.4,20.8,21.2,21.25,21.18,7088513,150168005.45,25623.0,1393021.0,19.65
GMRINFRA,EQ,17-Aug-2020,20.95,21.1,21.25,20.75,20.95,20.9,21.0,6095556,128029109.85,30285.0,1976325.0,32.42
GMRINFRA,EQ,14-Aug-2020,21.45,21.55,21.65,20.75,20.9,20.95,21.15,9579439,202601262.55,21178.0,2022414.0,21.11
GMRINFRA,EQ,13-Aug-2020,21.45,21.65,21.9,21.1,21.35,21.45,21.49,11328648,243410771.5,29856.0,2274929.0,20.08
GMRINFRA,EQ,12-Aug-2020,21.15,21.2,21.6,21.0,21.45,21.45,21.33,6968609,148660412.85,29570.0,1518408.0,21.79
GMRINFRA,EQ,11-Aug-2020,21.45,21.4,22.0,21.1,21.2,21.15,21.41,7188295,153917671.6,33681.0,2128689.0,29.61
GMRINFRA,EQ,10-Aug-2020,21.15,21.25,21.85,21.1,21.35,21.45,21.53,8437004,181643997.6,31806.0,2059126.0,24.41
GMRINFRA,EQ,07-Aug-2020,20.85,20.75,21.35,20.6,21.15,21.15,21.07,9063883,190959787.6,21544.0,3058673.0,33.75
GMRINFRA,EQ,06-Aug-2020,21.0,21.0,21.25,20.65,20.9,20.85,21.04,8578554,180473634.2,17090.0,3440506.0,40.11
GMRINFRA,EQ,05-Aug-2020,21.25,21.3,21.75,20.95,20.95,21.0,21.26,13666900,290491935.25,25040.0,5404437.0,39.54
GMRINFRA,EQ,04-Aug-2020,21.25,21.35,21.55,20.9,21.35,21.25,21.23,11019925,233933906.85,23404.0,3496671.0,31.73
GMRINFRA,EQ,03-Aug-2020,21.75,21.75,21.9,21.1,21.3,21.25,21.35,24735330,528084376.55,25225.0,4640312.0,18.76
GMRINFRA,EQ,31-Jul-2020,22.25,22.9,23.1,21.45,21.85,21.75,22.22,23476616,521712898.9,41470.0,5022359.0,21.39
GMRINFRA,EQ,30-Jul-2020,22.5,22.65,22.9,21.65,22.3,22.25,22.28,24203063,539185677.0,43918.0,6174068.0,25.51
GMRINFRA,EQ,29-Jul-2020,23.45,23.35,24.05,22.25,22.6,22.5,22.9,28200548,645748516.9,49396.0,7611027.0,26.99
GMRINFRA,EQ,28-Jul-2020,21.55,21.3,24.0,21.25,23.35,23.45,22.94,52451964,1203319615.0,40307.0,11777108.0,22.45
GMRINFRA,EQ,27-Jul-2020,22.35,22.1,22.35,21.25,21.3,21.55,21.7,11258805,244369536.8,12078.0,3048267.0,27.07
GMRINFRA,EQ,24-Jul-2020,21.65,21.6,22.65,21.05,22.1,22.35,22.16,33162825,734742315.35,30473.0,10039795.0,30.27
GMRINFRA,EQ,23-Jul-2020,20.75,20.7,22.15,20.35,21.95,21.65,21.31,23370610,498029018.4,21508.0,11994145.0,51.32
GMRINFRA,EQ,22-Jul-2020,19.9,20.0,21.4,19.75,20.7,20.75,20.8,28845137,599997277.3,55121.0,5709988.0,19.80
GMRINFRA,EQ,21-Jul-2020,19.95,20.1,20.2,19.8,19.95,19.9,19.94,6662117,132866489.95,43030.0,1533188.0,23.01
GMRINFRA,EQ,20-Jul-2020,19.95,20.1,20.6,19.9,20.0,19.95,20.19,10990883,221925921.7,55392.0,1819605.0,16.56
GMRINFRA,EQ,17-Jul-2020,20.05,20.1,20.6,19.7,20.0,19.95,20.16,21140873,426116300.1,58410.0,9103524.0,43.06
GMRINFRA,EQ,16-Jul-2020,19.55,19.6,20.25,19.35,20.2,20.05,19.83,12107643,240074448.3,55663.0,3899800.0,32.21
GMRINFRA,EQ,15-Jul-2020,19.9,19.7,20.1,19.3,19.5,19.55,19.74,12613745,249035683.45,38732.0,4088358.0,32.41
GMRINFRA,EQ,14-Jul-2020,19.95,19.85,20.25,19.25,19.7,19.9,19.74,18688371,368932185.75,49141.0,7501404.0,40.14
GMRINFRA,EQ,13-Jul-2020,20.2,20.15,20.45,19.9,19.95,19.95,20.11,7580536,152422791.5,47970.0,2028373.0,26.76
GMRINFRA,EQ,10-Jul-2020,20.65,20.55,20.65,20.1,20.15,20.2,20.31,8370726,170001739.6,48096.0,2087709.0,24.94
GMRINFRA,EQ,09-Jul-2020,20.9,21.0,21.2,20.55,20.6,20.65,20.82,6662816,138715508.65,35169.0,1719870.0,25.81
GMRINFRA,EQ,08-Jul-2020,21.2,21.6,21.7,20.75,20.9,20.9,21.12,17307951,365550980.8,32189.0,5312614.0,30.69
GMRINFRA,EQ,07-Jul-2020,21.3,21.55,21.55,20.85,21.15,21.2,21.18,11818825,250278539.75,35842.0,2942591.0,24.90
GMRINFRA,EQ,06-Jul-2020,21.5,21.55,22.4,21.25,21.4,21.3,21.71,20424940,443371499.05,46266.0,5693138.0,27.87
GMRINFRA,EQ,03-Jul-2020,21.1,21.3,21.65,20.75,21.6,21.5,21.31,18737330,399249772.15,39561.0,5909764.0,31.54
GMRINFRA,EQ,02-Jul-2020,20.55,20.55,21.4,20.4,21.2,21.1,20.98,15010513,314913040.5,61920.0,4318864.0,28.77
GMRINFRA,EQ,01-Jul-2020,20.05,20.15,20.7,19.8,20.5,20.55,20.36,12081015,246019960.4,46477.0,2682925.0,22.21
GMRINFRA,EQ,30-Jun-2020,20.05,20.25,20.45,19.75,19.95,20.05,20.09,12162117,244373286.0,25397.0,3679978.0,30.26
GMRINFRA,EQ,29-Jun-2020,20.4,20.35,20.65,19.9,20.0,20.05,20.18,8915558,179935883.05,30286.0,2620624.0,29.39
GMRINFRA,EQ,26-Jun-2020,20.45,20.75,20.8,20.35,20.4,20.4,20.52,8138699,166995296.9,30169.0,2595832.0,31.89
GMRINFRA,EQ,25-Jun-2020,20.65,20.45,20.95,20.35,20.45,20.45,20.55,10656784,218985327.4,29743.0,2471029.0,23.19
GMRINFRA,EQ,24-Jun-2020,21.65,21.8,21.8,20.55,20.65,20.65,21.08,13279448,279869909.45,36360.0,3950998.0,29.75
GMRINFRA,EQ,23-Jun-2020,21.1,21.25,21.8,21.05,21.65,21.65,21.42,11164248,239155299.7,35301.0,2964142.0,26.55
GMRINFRA,EQ,22-Jun-2020,21.6,21.8,21.95,20.95,21.1,21.1,21.32,13710277,292279321.55,38083.0,4710038.0,34.35
GMRINFRA,EQ,19-Jun-2020,20.35,20.5,21.95,20.3,21.5,21.6,21.25,29316472,623070363.45,57935.0,10133482.0,34.57
GMRINFRA,EQ,18-Jun-2020,20.0,19.9,20.45,19.85,20.4,20.35,20.24,5779642,117003075.35,39489.0,2178002.0,37.68
GMRINFRA,EQ,17-Jun-2020,20.35,20.25,20.55,19.85,19.95,20.0,20.2,5298036,107016018.9,31783.0,1563907.0,29.52
GMRINFRA,EQ,16-Jun-2020,20.6,20.9,21.05,20.0,20.25,20.35,20.51,11434277,234491385.3,44008.0,2398801.0,20.98
GMRINFRA,EQ,15-Jun-2020,20.65,20.9,21.35,20.35,20.5,20.6,20.76,10109146,209847390.7,71693.0,2173379.0,21.50
GMRINFRA,EQ,12-Jun-2020,20.75,19.65,20.75,19.65,20.65,20.65,20.34,8612150,175149960.35,47547.0,1917631.0,22.27
GMRINFRA,EQ,11-Jun-2020,21.25,21.25,21.6,20.5,20.75,20.75,21.02,11043785,232167110.95,86056.0,2450000.0,22.18
GMRINFRA,EQ,10-Jun-2020,21.1,21.25,21.8,21.0,21.2,21.25,21.29,12756981,271648288.35,51215.0,3025123.0,23.71
GMRINFRA,EQ,09-Jun-2020,20.15,20.3,21.95,19.9,21.1,21.1,21.19,31924686,676582430.05,63095.0,5668008.0,17.75
GMRINFRA,EQ,08-Jun-2020,20.15,20.6,21.05,19.55,20.1,20.15,20.41,14894934,304033205.6,32225.0,7589656.0,50.95
GMRINFRA,EQ,05-Jun-2020,19.45,19.6,20.45,19.6,20.1,20.15,20.1,11020016,221471379.65,16991.0,3936749.0,35.72
GMRINFRA,EQ,04-Jun-2020,19.7,19.6,20.2,19.35,19.45,19.45,19.68,7341199,144493971.8,17921.0,1720170.0,23.43
GMRINFRA,EQ,03-Jun-2020,19.8,20.5,20.95,19.6,19.65,19.7,20.32,14452506,293630854.5,95847.0,7667434.0,53.05
GMRINFRA,EQ,02-Jun-2020,19.05,19.15,20.1,18.9,20.05,19.8,19.32,11766951,227289309.75,14712.0,6505169.0,55.28
GMRINFRA,EQ,01-Jun-2020,18.95,19.25,19.7,18.9,19.05,19.05,19.36,11808455,228630275.0,15121.0,7418502.0,62.82
GMRINFRA,EQ,29-May-2020,17.8,17.25,20.4,17.25,18.85,18.95,19.05,40784272,776770315.05,72137.0,14824530.0,36.35
GMRINFRA,EQ,28-May-2020,17.25,17.3,18.0,17.15,17.9,17.8,17.54,6999136,122742677.4,35873.0,2630994.0,37.59
GMRINFRA,EQ,27-May-2020,17.25,17.35,17.55,17.0,17.3,17.25,17.29,3521554,60877295.9,19106.0,1245998.0,35.38
GMRINFRA,EQ,26-May-2020,17.1,17.1,17.4,17.0,17.35,17.25,17.21,5167392,88949341.65,8445.0,2366634.0,45.80
GMRINFRA,EQ,22-May-2020,17.4,17.3,17.4,17.0,17.05,17.1,17.14,3241350,55561271.4,13248.0,1074651.0,33.15
GMRINFRA,EQ,21-May-2020,17.3,17.6,17.7,17.3,17.3,17.4,17.51,5151038,90194337.9,14808.0,1267719.0,24.61
GMRINFRA,EQ,20-May-2020,17.25,17.2,17.45,16.9,17.3,17.3,17.15,5727882,98256705.45,13874.0,1762841.0,30.78
GMRINFRA,EQ,19-May-2020,17.45,17.45,17.65,17.2,17.25,17.25,17.36,3393661,58923067.75,3174.0,1276900.0,37.63
GMRINFRA,EQ,18-May-2020,18.1,18.25,18.3,17.35,17.45,17.45,17.64,4767521,84104885.5,14261.0,1353657.0,28.39
GMRINFRA,EQ,15-May-2020,18.1,18.25,18.3,18.0,18.1,18.1,18.14,6242274,113242900.15,26020.0,4014756.0,64.32
GMRINFRA,EQ,14-May-2020,18.1,17.95,18.3,17.8,18.1,18.1,18.13,6980247,126566995.15,28934.0,4216274.0,60.40
GMRINFRA,EQ,13-May-2020,17.7,18.2,18.45,17.7,18.05,18.1,18.16,12739460,231331090.9,27315.0,7472711.0,58.66
GMRINFRA,EQ,12-May-2020,17.9,17.9,17.95,17.5,17.9,17.7,17.71,9785322,173343077.0,31862.0,5918939.0,60.49
GMRINFRA,EQ,11-May-2020,17.65,17.75,18.2,17.65,17.9,17.9,17.79,10854546,193126523.15,10907.0,7132240.0,65.71
GMRINFRA,EQ,08-May-2020,17.25,17.35,17.8,17.1,17.6,17.65,17.52,16959738,297093888.15,16184.0,10096280.0,59.53
GMRINFRA,EQ,07-May-2020,17.0,17.0,17.5,16.8,17.25,17.25,17.2,12136082,208717272.6,20110.0,7075888.0,58.30
GMRINFRA,EQ,06-May-2020,16.6,16.85,17.15,16.4,17.0,17.0,16.71,12438995,207831877.7,11827.0,7683279.0,61.77
GMRINFRA,EQ,05-May-2020,16.6,16.8,16.9,16.5,16.55,16.6,16.71,10583548,176840620.7,14086.0,7869768.0,74.36
GMRINFRA,EQ,04-May-2020,17.1,16.75,16.9,16.3,16.7,16.6,16.54,7421512,122724443.55,17311.0,3845909.0,51.82
GMRINFRA,EQ,30-Apr-2020,16.95,17.2,17.6,17.0,17.05,17.1,17.23,11099466,191204726.95,19601.0,6754086.0,60.85
GMRINFRA,EQ,29-Apr-2020,17.0,16.95,17.2,16.85,16.95,16.95,17.0,4722568,80264991.7,32576.0,2388567.0,50.58
GMRINFRA,EQ,28-Apr-2020,17.0,17.05,17.25,16.85,16.95,17.0,16.99,2393674,40666890.15,12551.0,978611.0,40.88
GMRINFRA,EQ,27-Apr-2020,17.15,17.25,17.3,16.75,16.85,17.0,16.99,5338926,90726852.3,9108.0,2015763.0,37.76
GMRINFRA,EQ,24-Apr-2020,17.5,17.5,17.5,17.0,17.1,17.15,17.22,3961639,68239157.8,7594.0,1510359.0,38.12
GMRINFRA,EQ,23-Apr-2020,17.3,17.35,17.6,17.3,17.5,17.5,17.46,4963173,86632776.2,20360.0,2648596.0,53.36
GMRINFRA,EQ,22-Apr-2020,17.05,17.05,17.35,16.85,17.25,17.3,17.09,4641859,79326102.65,15471.0,1436839.0,30.95
GMRINFRA,EQ,21-Apr-2020,17.65,17.3,17.3,16.85,17.0,17.05,17.07,6147182,104923471.6,20398.0,1877086.0,30.54
GMRINFRA,EQ,20-Apr-2020,17.8,18.0,18.15,17.5,17.55,17.65,17.68,16394585,289935977.95,24350.0,8719784.0,53.19
GMRINFRA,EQ,17-Apr-2020,17.1,17.5,18.0,17.2,17.9,17.8,17.5,14755287,258259301.9,17468.0,7234735.0,49.03
GMRINFRA,EQ,16-Apr-2020,17.0,16.9,17.35,16.7,17.15,17.1,17.09,11150437,190590443.9,5964.0,5208922.0,46.71
GMRINFRA,EQ,15-Apr-2020,16.75,16.9,17.75,16.85,16.9,17.0,17.38,32427104,563627496.45,17555.0,13467453.0,41.53
GMRINFRA,EQ,13-Apr-2020,16.7,16.6,17.0,16.35,16.75,16.75,16.64,8047436,133903313.8,9084.0,,-
GMRINFRA,EQ,09-Apr-2020,16.6,16.85,17.0,16.5,16.65,16.7,16.7,7453665,124507510.8,10895.0,3565082.0,47.83
GMRINFRA,EQ,08-Apr-2020,16.75,16.6,17.45,16.45,16.5,16.6,16.81,15755865,264880095.75,14065.0,6929473.0,43.98
GMRINFRA,EQ,07-Apr-2020,16.0,16.25,16.9,15.95,16.5,16.75,16.57,22588485,374391127.75,15781.0,15129492.0,66.98
GMRINFRA,EQ,03-Apr-2020,16.2,16.05,16.35,15.9,16.0,16.0,16.03,15580189,249818114.15,11424.0,9794233.0,62.86
GMRINFRA,EQ,01-Apr-2020,16.35,16.25,16.35,16.05,16.2,16.2,16.17,4152745,67163869.8,12503.0,1379617.0,33.22
GMRINFRA,EQ,31-Mar-2020,15.9,16.35,16.5,15.9,16.1,16.35,16.29,15608136,254245308.65,31919.0,8578000.0,54.96
GMRINFRA,EQ,30-Mar-2020,15.9,15.7,16.1,15.4,16.1,15.9,15.7,16469540,258534755.0,10733.0,8664719.0,52.61
GMRINFRA,EQ,27-Mar-2020,16.25,16.3,17.0,15.6,15.95,15.9,16.19,16281633,263590786.5,39492.0,4985896.0,30.62
GMRINFRA,EQ,26-Mar-2020,16.25,16.25,16.85,15.8,16.3,16.25,16.31,16183752,264013503.3,10037.0,4687764.0,28.97
GMRINFRA,EQ,25-Mar-2020,16.0,15.4,16.4,15.3,16.1,16.25,15.75,14065234,221546976.75,11542.0,3504598.0,24.92
GMRINFRA,EQ,24-Mar-2020,15.9,16.25,16.45,15.45,16.2,16.0,15.97,13903737,222081876.6,9694.0,2891446.0,20.80
GMRINFRA,EQ,23-Mar-2020,17.15,15.5,16.25,15.05,16.05,15.9,15.51,40007876,620345912.95,20827.0,25839203.0,64.59
GMRINFRA,EQ,20-Mar-2020,16.0,16.35,17.6,15.95,17.15,17.15,16.83,30152986,507419429.4,21498.0,4079104.0,13.53
GMRINFRA,EQ,19-Mar-2020,16.2,15.8,16.3,15.05,16.25,16.0,15.92,63292795,1007355698.25,26116.0,20815243.0,32.89
GMRINFRA,EQ,18-Mar-2020,16.6,16.7,16.9,15.8,16.0,16.2,16.17,31406922,507861150.1,24456.0,7964982.0,25.36
GMRINFRA,EQ,17-Mar-2020,16.5,16.65,17.0,16.1,16.7,16.6,16.53,33795616,558693628.05,19977.0,7021214.0,20.78
GMRINFRA,EQ,16-Mar-2020,16.7,16.0,16.75,15.85,16.65,16.5,16.27,53205123,865534608.05,33167.0,23682841.0,44.51
GMRINFRA,EQ,13-Mar-2020,15.85,14.7,17.3,14.1,16.7,16.7,16.03,58135131,931729291.3,49516.0,29767594.0,51.20
GMRINFRA,EQ,12-Mar-2020,18.4,17.7,17.85,15.3,15.75,15.85,16.26,95414301,1551265095.15,58475.0,39218045.0,41.10
GMRINFRA,EQ,11-Mar-2020,18.65,18.65,19.2,18.1,18.2,18.4,18.6,24446696,454676149.35,24947.0,7952889.0,32.53
GMRINFRA,EQ,09-Mar-2020,19.5,18.9,19.1,18.1,18.6,18.65,18.67,39802058,743056136.95,27230.0,16512528.0,41.49
GMRINFRA,EQ,06-Mar-2020,20.25,18.5,19.8,18.35,19.65,19.5,19.12,43137596,824713501.75,18352.0,16776317.0,38.89
GMRINFRA,EQ,05-Mar-2020,20.1,20.35,20.5,19.8,20.15,20.25,20.22,26902645,544090064.75,14873.0,3452716.0,12.83
GMRINFRA,EQ,04-Mar-2020,20.2,20.35,20.65,19.25,19.9,20.1,19.73,43148516,851385280.7,34033.0,11404329.0,26.43
GMRINFRA,EQ,03-Mar-2020,20.05,20.6,20.8,19.75,20.25,20.2,20.17,22558297,454917684.1,14111.0,4808361.0,21.32
GMRINFRA,EQ,02-Mar-2020,20.0,20.7,21.2,19.6,20.5,20.05,20.48,58358093,1195361504.65,28968.0,19200810.0,32.90
GMRINFRA,EQ,28-Feb-2020,22.8,21.65,21.7,19.75,20.1,20.0,20.62,62039818,1279165977.15,32922.0,19121320.0,30.82
GMRINFRA,EQ,27-Feb-2020,24.4,24.5,24.5,22.65,22.75,22.8,23.42,30500097,714338868.3,30711.0,7314002.0,23.98
GMRINFRA,EQ,26-Feb-2020,25.55,25.45,25.45,24.2,24.35,24.4,24.85,38602471,959308451.95,34327.0,14002992.0,36.27
GMRINFRA,EQ,25-Feb-2020,25.45,25.65,26.45,25.4,25.45,25.55,26.02,63975502,1664768965.5,37115.0,27391428.0,42.82
GMRINFRA,EQ,24-Feb-2020,23.65,26.0,26.5,24.3,25.3,25.45,25.69,75911140,1949871728.45,62711.0,16248439.0,21.40
GMRINFRA,EQ,20-Feb-2020,23.05,23.4,23.9,23.0,23.65,23.65,23.61,29860236,705134262.6,9187.0,20116498.0,67.37
GMRINFRA,EQ,19-Feb-2020,22.55,22.75,23.2,22.55,23.0,23.05,22.99,12202828,280521762.85,6410.0,7174719.0,58.80
GMRINFRA,EQ,18-Feb-2020,22.55,22.95,23.1,22.0,22.6,22.55,22.41,7161469,160469430.65,7563.0,1273072.0,17.78
GMRINFRA,EQ,17-Feb-2020,23.1,23.15,23.35,22.4,22.65,22.55,22.89,8594560,196769656.1,7258.0,2185713.0,25.43
GMRINFRA,EQ,14-Feb-2020,23.75,23.9,24.0,22.8,23.15,23.1,23.51,23943592,562964752.35,11813.0,10966300.0,45.80
GMRINFRA,EQ,13-Feb-2020,22.95,23.05,24.0,22.9,24.0,23.75,23.39,21090815,493378797.3,11461.0,7380647.0,34.99
GMRINFRA,EQ,12-Feb-2020,23.05,23.15,23.3,22.75,22.9,22.95,23.07,7911753,182514218.4,8420.0,3057330.0,38.64
GMRINFRA,EQ,11-Feb-2020,23.3,23.5,23.7,23.0,23.15,23.05,23.33,6207974,144831083.2,15192.0,2369440.0,38.17
GMRINFRA,EQ,10-Feb-2020,23.5,23.35,23.55,23.15,23.25,23.3,23.34,6355470,148321742.75,7313.0,2062166.0,32.45
GMRINFRA,EQ,07-Feb-2020,23.3,23.35,23.65,23.2,23.4,23.5,23.41,8667633,202924954.7,16693.0,3753480.0,43.30
GMRINFRA,EQ,06-Feb-2020,22.9,23.1,23.45,22.75,23.25,23.3,23.15,10554512,244367792.55,9263.0,3743774.0,35.47
GMRINFRA,EQ,05-Feb-2020,22.0,22.25,23.0,22.1,22.9,22.9,22.57,8874082,200281469.0,8695.0,2812372.0,31.69
GMRINFRA,EQ,04-Feb-2020,21.5,21.75,22.3,21.45,22.25,22.0,21.87,10606073,231930299.25,11252.0,2458399.0,23.18
GMRINFRA,EQ,03-Feb-2020,21.3,21.2,21.8,21.05,21.5,21.5,21.49,12952064,278321636.55,10830.0,5025727.0,38.80
GMRINFRA,EQ,01-Feb-2020,22.85,22.65,23.25,20.95,21.0,21.3,22.4,16854372,377472029.2,15938.0,5797128.0,34.40
GMRINFRA,EQ,31-Jan-2020,23.25,23.4,23.45,22.4,22.75,22.85,22.86,10571558,241664437.25,9390.0,2053252.0,19.42
GMRINFRA,EQ,30-Jan-2020,23.8,23.8,23.95,23.05,23.2,23.25,23.43,10157733,237946893.95,13324.0,2984286.0,29.38
GMRINFRA,EQ,29-Jan-2020,23.65,23.75,24.05,23.7,23.85,23.8,23.83,7357372,175292518.65,4600.0,1862625.0,25.32
GMRINFRA,EQ,28-Jan-2020,23.8,24.0,24.1,23.6,23.7,23.65,23.81,8664624,206344771.95,8475.0,2112438.0,24.38
GMRINFRA,EQ,27-Jan-2020,24.2,24.0,24.55,23.65,23.8,23.8,24.06,18677066,449327519.9,12759.0,4383824.0,23.47
GMRINFRA,EQ,24-Jan-2020,23.9,24.0,24.35,23.75,24.15,24.2,24.07,10734226,258336726.85,10971.0,3339804.0,31.11
GMRINFRA,EQ,23-Jan-2020,23.05,23.15,24.0,23.0,23.9,23.9,23.75,29146603,692154718.7,13866.0,12445576.0,42.70
GMRINFRA,EQ,22-Jan-2020,23.1,23.1,23.35,22.95,23.0,23.05,23.12,7686403,177714399.65,7745.0,1293619.0,16.83
GMRINFRA,EQ,21-Jan-2020,23.2,23.0,23.35,22.9,23.05,23.1,23.14,8661412,200442164.05,6410.0,1210381.0,13.97
GMRINFRA,EQ,20-Jan-2020,23.5,23.6,23.85,23.0,23.35,23.2,23.42,18481971,432818563.25,10478.0,3062453.0,16.57
GMRINFRA,EQ,17-Jan-2020,23.9,24.0,24.15,23.45,23.6,23.5,23.66,11369098,268989615.6,11458.0,2285628.0,20.10
GMRINFRA,EQ,16-Jan-2020,23.95,24.05,25.0,23.75,23.85,23.9,24.34,40680160,990009445.55,26631.0,8711534.0,21.41
GMRINFRA,EQ,15-Jan-2020,23.55,23.55,24.2,23.5,23.95,23.95,23.84,22873842,545310847.65,14127.0,8552173.0,37.39
GMRINFRA,EQ,14-Jan-2020,23.7,23.65,24.35,23.5,23.6,23.55,23.84,14548431,346869938.45,11011.0,4905282.0,33.72
GMRINFRA,EQ,13-Jan-2020,23.9,24.05,24.2,23.6,23.7,23.7,23.85,15190294,362318720.25,7844.0,5982711.0,39.39
GMRINFRA,EQ,10-Jan-2020,24.1,24.4,24.6,23.65,23.8,23.9,24.1,27086866,652824212.1,38783.0,7534402.0,27.82
GMRINFRA,EQ,09-Jan-2020,24.15,24.65,24.7,23.9,24.1,24.1,24.17,34139426,825206145.7,39036.0,10719230.0,31.40
GMRINFRA,EQ,08-Jan-2020,23.3,22.85,24.7,22.8,24.15,24.15,23.95,59948383,1435794808.75,60639.0,9519992.0,15.88
GMRINFRA,EQ,07-Jan-2020,22.6,22.8,23.75,22.8,23.2,23.3,23.36,45950100,1073234850.9,45307.0,11220290.0,24.42
GMRINFRA,EQ,06-Jan-2020,22.65,22.5,23.15,21.85,22.6,22.6,22.57,39107771,882719912.35,38418.0,10460169.0,26.75
GMRINFRA,EQ,03-Jan-2020,21.7,21.65,23.35,21.5,22.65,22.65,22.78,50588151,1152308053.95,38562.0,11972680.0,23.67
GMRINFRA,EQ,02-Jan-2020,20.9,20.95,21.85,20.85,21.85,21.7,21.42,9363933,200540989.1,7472.0,2635946.0,28.15
GMRINFRA,EQ,01-Jan-2020,21.0,21.05,21.15,20.75,20.8,20.9,20.94,3912954,81921847.55,2977.0,897189.0,22.93
GMRINFRA,EQ,31-Dec-2019,20.85,20.8,21.15,20.65,21.0,21.0,20.87,4446752,92801585.0,4486.0,839900.0,18.89
GMRINFRA,EQ,30-Dec-2019,21.05,21.1,21.2,20.75,20.8,20.85,20.97,11899410,249525398.9,4597.0,8073360.0,67.85
GMRINFRA,EQ,28-Dec-2021,46.15,46.25,47.25,45.65,46.45,46.35,46.36,44662750,2070551734.55,86588.0,14155253.0,31.69
GMRINFRA,EQ,27-Dec-2021,42.65,42.65,48.5,42.35,46.0,46.15,45.73,102895796,4705497265.75,151458.0,24681355.0,23.99
GMRINFRA,EQ,24-Dec-2021,42.6,42.9,43.0,42.15,42.65,42.65,42.63,22562103,961859294.4,47300.0,12082295.0,53.55
GMRINFRA,EQ,23-Dec-2021,42.85,43.9,43.9,42.4,42.6,42.6,43.04,34867681,1500661487.75,60961.0,13761282.0,39.47
GMRINFRA,EQ,22-Dec-2021,39.85,40.3,43.1,40.25,42.85,42.85,42.32,25202597,1066511072.9,66635.0,4620472.0,18.33
GMRINFRA,EQ,21-Dec-2021,39.7,39.95,40.85,39.65,39.95,39.85,40.2,11810471,474732676.1,44149.0,2148097.0,18.19
GMRINFRA,EQ,20-Dec-2021,41.45,40.85,41.0,38.55,39.65,39.7,39.61,14192679,562145146.0,47147.0,2773331.0,19.54
GMRINFRA,EQ,17-Dec-2021,42.7,42.65,42.65,41.25,41.45,41.45,41.8,16747306,700093326.0,46875.0,5349291.0,31.94
GMRINFRA,EQ,16-Dec-2021,42.2,42.4,42.95,42.0,42.95,42.7,42.38,8601697,364578519.75,45290.0,1985762.0,23.09
GMRINFRA,EQ,15-Dec-2021,43.15,43.2,43.5,42.1,42.15,42.2,42.77,8686470,371494965.0,37845.0,1422531.0,16.38
GMRINFRA,EQ,14-Dec-2021,43.05,42.95,43.45,41.75,43.05,43.15,42.55,17681931,752416533.65,55101.0,1964813.0,11.11
GMRINFRA,EQ,13-Dec-2021,43.85,44.2,44.35,42.8,43.0,43.05,43.54,13474318,586649316.65,43667.0,3270832.0,24.27
GMRINFRA,EQ,10-Dec-2021,43.85,43.85,44.65,43.55,44.0,43.85,44.04,18156668,799683453.25,53308.0,3926293.0,21.62
GMRINFRA,EQ,09-Dec-2021,42.6,42.85,44.45,42.4,43.95,43.85,43.75,24445119,1069563824.25,61220.0,5879821.0,24.05
GMRINFRA,EQ,08-Dec-2021,42.85,43.5,43.6,42.25,42.55,42.6,42.65,14303442,610081854.35,42930.0,3024525.0,21.15
GMRINFRA,EQ,07-Dec-2021,41.85,42.15,42.95,41.95,42.85,42.85,42.58,14024340,597185295.45,46725.0,2874487.0,20.50
GMRINFRA,EQ,06-Dec-2021,42.45,42.6,43.25,41.55,41.95,41.85,42.46,19254128,817573213.1,56359.0,3177312.0,16.50
GMRINFRA,EQ,03-Dec-2021,41.3,41.15,42.85,40.95,42.8,42.45,41.83,24641483,1030857463.75,60512.0,5589090.0,22.68
GMRINFRA,EQ,02-Dec-2021,38.45,38.45,41.75,38.25,41.15,41.3,40.52,44597242,1806972820.55,78030.0,6792166.0,15.23
GMRINFRA,EQ,01-Dec-2021,37.6,37.75,38.7,37.25,38.4,38.45,38.04,11117134,422934965.05,38967.0,1476234.0,13.28
GMRINFRA,EQ,30-Nov-2021,37.45,37.45,39.4,37.35,37.45,37.6,38.44,23793738,914614356.0,47561.0,2989065.0,12.56
GMRINFRA,EQ,29-Nov-2021,38.7,38.0,39.0,36.7,37.5,37.45,38.0,17252885,655654659.05,50847.0,3775280.0,21.88
GMRINFRA,EQ,26-Nov-2021,39.4,39.0,39.5,37.3,38.6,38.7,38.62,21000877,811084079.85,54752.0,6363903.0,30.30
GMRINFRA,EQ,25-Nov-2021,39.4,39.25,40.15,38.9,39.6,39.4,39.71,22108683,878009187.4,50215.0,7598506.0,34.37
GMRINFRA,EQ,24-Nov-2021,39.4,39.6,40.15,39.05,39.2,39.4,39.68,18560382,736506513.6,53669.0,7125944.0,38.39
GMRINFRA,EQ,23-Nov-2021,37.45,37.45,39.75,37.25,39.35,39.4,38.9,28645241,1114380964.65,54860.0,9037435.0,31.55
GMRINFRA,EQ,22-Nov-2021,39.25,38.8,39.0,36.25,37.7,37.45,37.32,34821252,1299545940.15,76709.0,9782502.0,28.09
GMRINFRA,EQ,18-Nov-2021,39.75,40.05,40.4,39.0,39.2,39.25,39.57,15410264,609812307.25,57378.0,3833133.0,24.87
GMRINFRA,EQ,17-Nov-2021,40.8,40.8,40.85,39.6,39.85,39.75,39.98,15351561,613696181.2,41744.0,5148397.0,33.54
GMRINFRA,EQ,16-Nov-2021,40.5,40.5,41.7,40.5,40.75,40.8,41.08,11523660,473407805.55,43420.0,3188307.0,27.67
GMRINFRA,EQ,15-Nov-2021,42.05,41.9,42.3,39.9,40.45,40.5,40.69,18394897,748561436.35,50797.0,3612840.0,19.64
GMRINFRA,EQ,12-Nov-2021,43.05,43.35,43.35,41.55,41.85,42.05,42.31,21709880,918473851.9,48507.0,8103828.0,37.33
GMRINFRA,EQ,11-Nov-2021,41.8,41.9,43.35,41.3,43.0,43.05,42.43,21340300,905568415.7,52120.0,3580170.0,16.78
GMRINFRA,EQ,10-Nov-2021,42.25,42.2,43.05,41.65,41.9,41.8,42.26,17598667,743764509.35,52034.0,3974732.0,22.59
GMRINFRA,EQ,09-Nov-2021,42.15,42.25,42.65,41.95,42.35,42.25,42.25,7742826,327156567.95,38996.0,2078367.0,26.84
GMRINFRA,EQ,08-Nov-2021,41.2,41.35,42.7,41.15,42.15,42.15,42.05,14937960,628168439.05,48128.0,4529847.0,30.32
GMRINFRA,EQ,04-Nov-2021,41.05,41.3,41.65,40.5,41.15,41.2,41.15,2827504,116357268.1,8474.0,974512.0,34.47
GMRINFRA,EQ,03-Nov-2021,41.95,42.1,43.05,40.85,41.2,41.05,41.74,27143875,1133019754.8,57144.0,9301655.0,34.27
GMRINFRA,EQ,02-Nov-2021,42.25,42.35,42.4,41.75,41.9,41.95,42.03,11641592,489286826.85,45739.0,2467920.0,21.20
GMRINFRA,EQ,01-Nov-2021,40.55,40.7,42.45,40.4,42.35,42.25,41.5,22702105,942205063.55,61496.0,5271854.0,23.22
GMRINFRA,EQ,29-Oct-2021,39.75,39.85,42.1,39.3,40.6,40.55,40.84,20553577,839363413.0,57809.0,4887155.0,23.78
GMRINFRA,EQ,28-Oct-2021,40.7,40.55,41.05,39.5,39.9,39.75,40.24,17082320,687441178.45,38700.0,3525499.0,20.64
GMRINFRA,EQ,27-Oct-2021,41.2,41.6,42.15,40.4,40.5,40.7,41.24,12566321,518173719.65,47331.0,2290340.0,18.23
GMRINFRA,EQ,26-Oct-2021,40.8,41.1,41.6,40.6,41.3,41.2,41.06,12280853,504194343.6,44713.0,2350314.0,19.14
GMRINFRA,EQ,25-Oct-2021,39.85,40.05,41.1,38.8,40.8,40.8,40.12,19221455,771153864.55,41549.0,4064313.0,21.14
GMRINFRA,EQ,22-Oct-2021,41.45,41.5,41.75,39.6,39.7,39.85,40.46,19796472,800975635.6,55409.0,6571066.0,33.19
GMRINFRA,EQ,21-Oct-2021,41.95,42.35,42.8,40.9,41.35,41.45,41.75,22141937,924356229.6,56387.0,5500924.0,24.84
GMRINFRA,EQ,20-Oct-2021,41.75,42.05,42.6,40.4,42.0,41.95,41.79,22936970,958524645.5,60514.0,4651336.0,20.28
GMRINFRA,EQ,19-Oct-2021,43.0,43.1,44.4,41.5,41.75,41.75,42.8,24101482,1031619182.4,67178.0,4615798.0,19.15
GMRINFRA,EQ,18-Oct-2021,43.4,43.6,44.45,42.7,42.85,43.0,43.52,19529191,849915597.15,69381.0,6980501.0,35.74
GMRINFRA,EQ,14-Oct-2021,44.5,44.9,45.55,43.2,43.4,43.4,44.34,21192063,939690887.65,61458.0,6524243.0,30.79
GMRINFRA,EQ,13-Oct-2021,43.0,43.0,46.1,42.9,44.75,44.5,44.64,52559607,2346512177.5,101017.0,11668027.0,22.20
GMRINFRA,EQ,12-Oct-2021,43.05,43.45,43.65,42.4,42.8,43.0,42.98,25924498,1114109286.0,61727.0,5711656.0,22.03
GMRINFRA,EQ,11-Oct-2021,39.4,39.75,45.0,39.6,42.85,43.05,42.77,78174022,3343775974.6,113026.0,16832549.0,21.53
GMRINFRA,EQ,08-Oct-2021,39.9,40.35,40.4,39.2,39.35,39.4,39.77,13851107,550891490.3,45427.0,3082975.0,22.26
GMRINFRA,EQ,07-Oct-2021,39.3,39.65,40.95,39.55,40.1,39.9,40.12,19782082,793651054.6,26990.0,4964240.0,25.09
GMRINFRA,EQ,06-Oct-2021,40.55,40.6,41.0,39.05,39.2,39.3,40.0,28817707,1152593615.85,78365.0,7327999.0,25.43
GMRINFRA,EQ,05-Oct-2021,40.75,40.8,41.7,40.4,40.5,40.55,41.02,24837131,1018913322.6,61270.0,6499111.0,26.17
GMRINFRA,EQ,04-Oct-2021,41.0,41.35,41.75,40.3,40.75,40.75,40.89,38220398,1562807901.85,48073.0,9942225.0,26.01
GMRINFRA,EQ,01-Oct-2021,38.35,38.3,41.65,37.5,40.75,41.0,40.37,115868519,4677526883.75,154034.0,15912318.0,13.73
GMRINFRA,EQ,30-Sep-2021,38.0,38.6,39.4,38.15,38.4,38.35,38.66,34318100,1326880689.2,71135.0,7187783.0,20.94
GMRINFRA,EQ,29-Sep-2021,35.85,35.6,39.4,35.5,38.05,38.0,37.97,66470480,2524213427.85,103594.0,10117690.0,15.22
GMRINFRA,EQ,28-Sep-2021,36.5,36.7,37.1,35.55,35.7,35.85,36.3,34863839,1265559169.15,58341.0,13347742.0,38.29
GMRINFRA,EQ,27-Sep-2021,36.3,36.3,37.0,35.5,36.6,36.5,36.31,36996586,1343364418.4,62568.0,9341679.0,25.25
GMRINFRA,EQ,24-Sep-2021,36.0,36.15,38.15,35.95,35.95,36.3,36.94,53833205,1988582780.35,89562.0,12130291.0,22.53
GMRINFRA,EQ,23-Sep-2021,36.25,36.4,36.8,35.65,36.0,36.0,36.12,44695923,1614468849.3,66641.0,20925821.0,46.82
GMRINFRA,EQ,22-Sep-2021,35.3,35.5,36.45,34.6,36.15,36.25,35.76,48916676,1749371737.65,90483.0,9393071.0,19.20
GMRINFRA,EQ,21-Sep-2021,34.05,34.3,35.65,33.45,35.4,35.3,34.5,50711004,1749600649.25,85104.0,10887307.0,21.47
GMRINFRA,EQ,20-Sep-2021,31.55,31.35,36.2,30.85,33.95,34.05,33.89,89463138,3032226936.8,112722.0,15498946.0,17.32
GMRINFRA,EQ,17-Sep-2021,32.15,32.4,33.1,31.35,31.6,31.55,32.19,23968716,771668661.6,53468.0,7706443.0,32.15
GMRINFRA,EQ,16-Sep-2021,32.3,32.35,32.65,31.65,32.3,32.15,32.08,15173568,486725053.4,41091.0,7813401.0,51.49
GMRINFRA,EQ,15-Sep-2021,30.0,30.1,32.55,30.05,32.45,32.3,31.76,32482573,1031742235.2,67506.0,9434790.0,29.05
GMRINFRA,EQ,14-Sep-2021,30.0,30.2,30.3,29.8,29.9,30.0,30.05,4332410,130180431.0,42845.0,1449768.0,33.46
GMRINFRA,EQ,13-Sep-2021,30.1,30.0,30.2,29.6,30.05,30.0,29.9,5806279,173599516.85,35324.0,1506165.0,25.94
GMRINFRA,EQ,09-Sep-2021,30.5,30.45,30.6,29.95,30.05,30.1,30.17,4804373,144944549.6,35573.0,1128008.0,23.48
GMRINFRA,EQ,08-Sep-2021,30.6,30.6,30.8,30.1,30.4,30.5,30.46,5086075,154922105.1,31630.0,969349.0,19.06
GMRINFRA,EQ,07-Sep-2021,30.85,31.0,31.15,30.35,30.55,30.6,30.73,6902092,212075813.7,36525.0,1494160.0,21.65
GMRINFRA,EQ,06-Sep-2021,30.45,30.55,31.5,30.45,30.9,30.85,31.01,12635608,391802639.95,45190.0,2891619.0,22.88
GMRINFRA,EQ,03-Sep-2021,30.45,30.55,30.85,30.1,30.35,30.45,30.5,7256786,221325291.75,39748.0,1581389.0,21.79
GMRINFRA,EQ,02-Sep-2021,30.3,30.6,31.0,30.3,30.35,30.45,30.54,12981990,396432686.4,47887.0,3030751.0,23.35
GMRINFRA,EQ,01-Sep-2021,29.05,29.2,30.65,28.9,30.5,30.3,29.83,11482944,342583355.25,40807.0,3276264.0,28.53
GMRINFRA,EQ,31-Aug-2021,29.4,29.45,29.55,28.9,29.1,29.05,29.11,4917548,143148560.55,33421.0,1365543.0,27.77
GMRINFRA,EQ,30-Aug-2021,29.15,29.3,29.6,29.15,29.45,29.4,29.34,6760601,198380110.15,34573.0,3413201.0,50.49
GMRINFRA,EQ,27-Aug-2021,28.75,28.65,29.4,28.6,29.15,29.15,28.98,7615483,220685325.1,32072.0,2457499.0,32.27
GMRINFRA,EQ,26-Aug-2021,28.9,28.85,29.1,28.6,28.65,28.75,28.82,6055787,174501241.05,36689.0,845718.0,13.97
GMRINFRA,EQ,25-Aug-2021,28.3,28.45,29.15,28.3,28.9,28.9,28.77,9178687,264072159.15,39910.0,1502911.0,16.37
GMRINFRA,EQ,24-Aug-2021,27.55,27.95,28.45,27.65,28.45,28.3,28.11,12127329,340856099.05,39483.0,2128425.0,17.55
GMRINFRA,EQ,23-Aug-2021,27.55,27.9,28.1,27.4,27.4,27.55,27.8,12667787,352107060.75,30358.0,4504822.0,35.56
GMRINFRA,EQ,20-Aug-2021,28.85,28.65,28.8,27.35,27.4,27.55,28.1,8949395,251521651.9,41169.0,2068643.0,23.11
GMRINFRA,EQ,18-Aug-2021,29.0,29.0,29.85,28.65,29.0,28.85,29.23,19673326,575033673.75,49650.0,3960205.0,20.13
GMRINFRA,EQ,17-Aug-2021,28.85,28.85,29.9,28.6,28.95,29.0,29.12,25971812,756263947.75,61414.0,6303323.0,24.27
GMRINFRA,EQ,16-Aug-2021,28.05,27.85,29.0,27.85,28.85,28.85,28.6,13706266,392042300.9,57914.0,2719174.0,19.84
GMRINFRA,EQ,13-Aug-2021,28.15,28.45,28.7,27.8,27.95,28.05,28.31,9681567,274131609.55,8471.0,1462560.0,15.11
GMRINFRA,EQ,12-Aug-2021,27.95,28.0,28.45,27.95,28.2,28.15,28.19,7524472,212099932.25,14170.0,2198105.0,29.21
GMRINFRA,EQ,11-Aug-2021,27.95,28.15,28.25,27.5,27.95,27.95,27.81,9387395,261031536.9,21444.0,1836684.0,19.57
GMRINFRA,EQ,10-Aug-2021,28.25,28.25,28.75,27.7,27.85,27.95,28.26,14432755,407797550.55,23772.0,5006109.0,34.69
GMRINFRA,EQ,09-Aug-2021,28.85,28.85,29.0,28.15,28.2,28.25,28.53,8972468,256009165.9,20757.0,3149757.0,35.10
GMRINFRA,EQ,06-Aug-2021,28.8,28.65,29.15,28.5,28.9,28.85,28.76,13112940,377167081.25,16997.0,5574355.0,42.51
GMRINFRA,EQ,05-Aug-2021,28.3,28.25,29.05,27.7,28.6,28.8,28.24,14585753,411969603.35,37302.0,5049319.0,34.62
GMRINFRA,EQ,04-Aug-2021,28.65,28.6,29.0,27.8,28.15,28.3,28.37,16667530,472786239.35,39676.0,6229806.0,37.38
GMRINFRA,EQ,03-Aug-2021,29.0,28.85,29.0,28.1,28.45,28.65,28.44,17103677,486506650.45,25349.0,5797608.0,33.90
GMRINFRA,EQ,02-Aug-2021,28.4,28.6,29.35,28.5,28.8,29.0,28.9,22499226,650333979.05,46854.0,6917594.0,30.75
GMRINFRA,EQ,30-Jul-2021,28.05,28.15,28.55,27.9,28.5,28.4,28.33,16028878,454046378.2,27143.0,5179134.0,32.31
GMRINFRA,EQ,29-Jul-2021,27.55,27.75,28.3,27.55,28.15,28.05,27.94,16865238,471287292.0,22362.0,5469956.0,32.43
GMRINFRA,EQ,28-Jul-2021,27.95,28.0,28.05,27.35,27.8,27.55,27.63,15399708,425562232.2,24790.0,3445942.0,22.38
GMRINFRA,EQ,27-Jul-2021,28.25,28.35,28.6,27.8,27.9,27.95,28.17,18354875,517080113.0,42583.0,4632682.0,25.24
GMRINFRA,EQ,26-Jul-2021,29.0,28.6,28.85,28.0,28.2,28.25,28.33,29097889,824244688.0,42171.0,11557753.0,39.72
GMRINFRA,EQ,23-Jul-2021,29.4,29.5,29.6,28.65,28.95,29.0,29.1,15511883,451413765.3,33253.0,3122590.0,20.13
GMRINFRA,EQ,22-Jul-2021,29.2,29.25,29.55,29.2,29.5,29.4,29.39,10541919,309828400.35,27791.0,2361090.0,22.40
GMRINFRA,EQ,20-Jul-2021,30.25,30.25,30.35,28.95,29.15,29.2,29.41,20602961,605942272.6,42787.0,4395796.0,21.34
GMRINFRA,EQ,19-Jul-2021,31.1,30.75,30.85,30.15,30.2,30.25,30.5,10326116,314994401.9,20936.0,2159486.0,20.91
GMRINFRA,EQ,16-Jul-2021,30.85,31.0,31.5,30.8,30.85,31.1,31.19,11314890,352910214.05,32923.0,2436545.0,21.53
GMRINFRA,EQ,15-Jul-2021,31.1,31.1,31.2,30.65,31.0,30.85,30.89,11535436,356371211.3,23816.0,2271427.0,19.69
GMRINFRA,EQ,14-Jul-2021,31.55,31.6,31.75,31.0,31.1,31.1,31.34,10912132,341955424.1,32168.0,2461256.0,22.56
GMRINFRA,EQ,13-Jul-2021,31.5,31.9,31.95,31.45,31.5,31.55,31.66,9549555,302360998.2,28214.0,1793207.0,18.78
GMRINFRA,EQ,12-Jul-2021,32.0,31.9,32.5,31.4,31.65,31.5,31.96,16838547,538128940.1,19235.0,4488578.0,26.66
GMRINFRA,EQ,09-Jul-2021,32.15,32.05,32.35,31.7,31.9,32.0,32.0,22238792,711657231.55,24890.0,3858333.0,17.35
GMRINFRA,EQ,08-Jul-2021,31.8,31.8,33.15,31.65,32.05,32.15,32.38,33831303,1095587024.65,44285.0,6546862.0,19.35
GMRINFRA,EQ,07-Jul-2021,31.7,31.7,31.95,31.4,31.8,31.8,31.7,10166106,322230152.65,27391.0,2156230.0,21.21
GMRINFRA,EQ,06-Jul-2021,32.6,32.55,32.95,31.55,31.7,31.7,32.26,19924482,642737528.95,22337.0,4327306.0,21.72
GMRINFRA,EQ,05-Jul-2021,32.6,32.75,33.15,32.4,32.5,32.6,32.73,25585760,837415518.65,42869.0,6853684.0,26.79
GMRINFRA,EQ,02-Jul-2021,31.9,32.1,32.7,31.7,32.55,32.6,32.22,45496444,1465949090.8,40340.0,7611990.0,16.73
GMRINFRA,EQ,01-Jul-2021,31.8,32.15,32.8,31.65,32.1,31.9,32.27,42475245,1370665314.8,52833.0,4889783.0,11.51
GMRINFRA,EQ,30-Jun-2021,30.7,31.0,32.4,30.45,32.05,31.8,31.5,69831953,2199894815.35,57538.0,12449009.0,17.83
GMRINFRA,EQ,29-Jun-2021,31.25,31.25,31.65,30.5,30.75,30.7,31.04,52048148,1615357199.6,39176.0,21730344.0,41.75
GMRINFRA,EQ,28-Jun-2021,31.7,31.75,32.1,31.1,31.35,31.25,31.62,27690617,875553311.3,26619.0,5145971.0,18.58
GMRINFRA,EQ,25-Jun-2021,31.75,31.55,32.45,31.2,31.7,31.7,31.85,37040808,1179598907.0,52204.0,7309132.0,19.73
GMRINFRA,EQ,24-Jun-2021,32.4,32.55,33.25,31.35,31.9,31.75,32.18,51087108,1643783395.9,54844.0,8404639.0,16.45
GMRINFRA,EQ,23-Jun-2021,32.5,33.0,33.9,32.15,32.6,32.4,33.02,106316248,3510132036.2,100438.0,20053255.0,18.86
GMRINFRA,EQ,22-Jun-2021,30.9,31.2,33.15,30.0,32.4,32.5,31.9,151696775,4838418920.6,148063.0,31830791.0,20.98
GMRINFRA,EQ,21-Jun-2021,28.2,28.2,32.15,27.7,30.7,30.9,30.35,125390404,3805847775.05,124489.0,20029127.0,15.97
GMRINFRA,EQ,18-Jun-2021,28.75,29.0,29.15,27.4,28.3,28.2,28.26,33975886,960026474.5,41718.0,5735363.0,16.88
GMRINFRA,EQ,17-Jun-2021,29.65,29.4,30.05,28.5,28.75,28.75,29.29,41110436,1204038787.55,33314.0,8046434.0,19.57
GMRINFRA,EQ,16-Jun-2021,30.6,30.85,30.95,29.3,29.5,29.65,30.05,82414537,2476438898.9,92775.0,16242901.0,19.71
GMRINFRA,EQ,15-Jun-2021,26.75,26.85,31.4,26.6,30.55,30.6,29.97,157501390,4720262968.95,123577.0,20644242.0,13.11
GMRINFRA,EQ,14-Jun-2021,27.05,26.95,26.95,26.05,26.6,26.75,26.5,10522261,278818674.7,25447.0,1873750.0,17.81
GMRINFRA,EQ,11-Jun-2021,26.85,26.9,27.25,26.7,26.95,27.05,27.01,10318654,278681661.65,20157.0,2451100.0,23.75
GMRINFRA,EQ,10-Jun-2021,26.4,26.4,27.1,26.4,26.8,26.85,26.78,6935891,185753140.1,19375.0,1820824.0,26.25
GMRINFRA,EQ,09-Jun-2021,26.7,26.7,27.5,26.2,26.4,26.4,26.83,14481646,388599426.5,25486.0,3070599.0,21.20
GMRINFRA,EQ,08-Jun-2021,26.7,26.7,27.2,26.15,26.7,26.7,26.68,13872836,370105954.65,22482.0,3974707.0,28.65
GMRINFRA,EQ,07-Jun-2021,26.2,26.2,27.4,26.2,26.6,26.7,26.84,17689975,474809420.55,28026.0,5686672.0,32.15
GMRINFRA,EQ,04-Jun-2021,26.15,26.15,26.35,26.0,26.15,26.2,26.15,6786107,177454468.2,16162.0,1907061.0,28.10
GMRINFRA,EQ,03-Jun-2021,26.2,26.25,26.65,26.05,26.2,26.15,26.33,9860224,259579314.35,19678.0,3522971.0,35.73
GMRINFRA,EQ,02-Jun-2021,25.7,25.7,26.7,25.5,26.15,26.2,26.26,16363455,429709958.15,29623.0,4024360.0,24.59
GMRINFRA,EQ,01-Jun-2021,26.05,26.2,26.2,25.45,25.75,25.7,25.75,10882858,280274514.4,32887.0,2463565.0,22.64
GMRINFRA,EQ,31-May-2021,26.15,26.15,26.4,25.95,26.1,26.05,26.17,9272882,242707662.7,45410.0,2812580.0,30.33
GMRINFRA,EQ,28-May-2021,26.8,26.8,26.9,26.05,26.25,26.15,26.36,13178710,347391466.55,24020.0,4267935.0,32.39
GMRINFRA,EQ,27-May-2021,27.2,27.25,27.5,26.55,26.65,26.8,27.09,37659153,1020197614.5,31909.0,22044042.0,58.54
GMRINFRA,EQ,26-May-2021,26.95,26.95,27.75,26.55,27.1,27.2,27.35,57863432,1582626525.3,53784.0,28079054.0,48.53
GMRINFRA,EQ,25-May-2021,26.85,26.85,27.4,26.6,26.8,26.95,26.95,36193556,975575230.05,28826.0,22518586.0,62.22
GMRINFRA,EQ,24-May-2021,26.4,26.5,27.1,26.35,26.7,26.85,26.68,14800626,394920929.45,29464.0,4257150.0,28.76
GMRINFRA,EQ,21-May-2021,26.1,26.1,26.65,25.85,26.4,26.4,26.33,17982002,473471823.0,33681.0,3879939.0,21.58
GMRINFRA,EQ,20-May-2021,26.8,26.5,26.85,25.9,26.0,26.1,26.43,12506758,330528045.2,25110.0,2382130.0,19.05
GMRINFRA,EQ,19-May-2021,26.25,26.2,27.1,26.05,26.6,26.8,26.58,18776181,499123463.95,24449.0,3881720.0,20.67
GMRINFRA,EQ,18-May-2021,26.2,26.5,26.7,26.0,26.15,26.25,26.3,12777699,336101649.45,22297.0,2949039.0,23.08
GMRINFRA,EQ,17-May-2021,25.15,25.25,26.4,25.05,26.4,26.2,25.92,26940820,698179801.8,32089.0,14444183.0,53.61
GMRINFRA,EQ,14-May-2021,25.05,25.2,25.6,24.75,25.15,25.15,25.24,12078826,304886767.0,36120.0,2340500.0,19.38
GMRINFRA,EQ,12-May-2021,25.55,25.6,25.75,24.85,25.0,25.05,25.26,8265396,208821049.35,24301.0,1574829.0,19.05
GMRINFRA,EQ,11-May-2021,24.9,24.6,26.05,24.45,25.5,25.55,25.49,18484573,471124534.35,16966.0,4455289.0,24.10
GMRINFRA,EQ,10-May-2021,24.05,24.25,25.1,23.9,24.8,24.9,24.65,12677059,312512751.7,24612.0,3297285.0,26.01
GMRINFRA,EQ,07-May-2021,24.3,24.05,24.3,23.7,24.1,24.05,24.02,10758375,258399716.9,18155.0,3466686.0,32.22
GMRINFRA,EQ,06-May-2021,23.75,23.7,24.5,23.5,24.1,24.3,24.02,14732558,353941818.6,28358.0,4780920.0,32.45
GMRINFRA,EQ,05-May-2021,23.0,23.0,23.85,23.0,23.75,23.75,23.48,9708027,227903687.35,21037.0,2517787.0,25.94
GMRINFRA,EQ,04-May-2021,23.4,23.4,23.5,22.9,23.0,23.0,23.14,9156523,211848308.65,38647.0,2542172.0,27.76
GMRINFRA,EQ,03-May-2021,22.95,22.65,23.6,22.55,23.3,23.4,23.04,16665795,384026569.8,31783.0,6343997.0,38.07
GMRINFRA,EQ,30-Apr-2021,22.85,22.85,23.05,22.5,22.85,22.95,22.76,16632975,378519794.75,43286.0,6858123.0,41.23
GMRINFRA,EQ,29-Apr-2021,23.15,23.15,23.3,22.6,22.75,22.85,22.9,14840702,339911263.8,41516.0,4704844.0,31.70
GMRINFRA,EQ,28-Apr-2021,23.55,23.75,23.75,22.95,23.1,23.15,23.24,14979815,348073824.25,30366.0,2957495.0,19.74
GMRINFRA,EQ,27-Apr-2021,22.9,22.7,24.15,22.7,24.15,23.55,23.11,14068838,325110758.6,44126.0,4226810.0,30.04
GMRINFRA,EQ,26-Apr-2021,22.9,22.9,23.1,22.75,22.85,22.9,22.92,10366571,237605139.65,27760.0,2695413.0,26.00
GMRINFRA,EQ,23-Apr-2021,23.0,22.95,23.1,22.8,22.9,22.9,22.94,10285258,235946617.75,44363.0,2786854.0,27.10
GMRINFRA,EQ,22-Apr-2021,23.05,22.65,23.2,22.65,22.95,23.0,22.94,10641924,244104275.95,35690.0,2697262.0,25.35
GMRINFRA,EQ,20-Apr-2021,23.15,23.0,23.6,22.75,23.1,23.05,23.13,12967967,299945278.8,39958.0,4420606.0,34.09
GMRINFRA,EQ,19-Apr-2021,23.95,23.25,23.65,22.9,23.0,23.15,23.09,11169944,257858823.05,40499.0,4149801.0,37.15
GMRINFRA,EQ,16-Apr-2021,24.0,24.0,24.15,23.7,24.0,23.95,23.93,10349026,247670741.55,31510.0,2800244.0,27.06
GMRINFRA,EQ,15-Apr-2021,24.25,23.8,24.2,23.7,24.05,24.0,23.93,10873276,260184446.3,34297.0,3183533.0,29.28
GMRINFRA,EQ,13-Apr-2021,23.4,23.4,24.4,23.25,24.1,24.25,23.9,14644021,349944078.9,35733.0,5426988.0,37.06
GMRINFRA,EQ,12-Apr-2021,24.85,24.35,24.4,22.8,23.45,23.4,23.51,26240837,616901736.0,43897.0,12302910.0,46.88
GMRINFRA,EQ,09-Apr-2021,24.4,24.35,25.0,24.2,24.8,24.85,24.68,13730673,338830017.8,28247.0,3934047.0,28.65
GMRINFRA,EQ,08-Apr-2021,24.35,24.35,24.75,24.15,24.5,24.4,24.44,13539876,330952250.65,37401.0,3929924.0,29.02
GMRINFRA,EQ,07-Apr-2021,24.25,24.25,24.5,23.9,24.35,24.35,24.27,13674841,331821648.5,30103.0,4416021.0,32.29
GMRINFRA,EQ,06-Apr-2021,24.05,24.45,24.45,23.85,24.25,24.25,24.06,10473564,252021680.7,28479.0,2415645.0,23.06
GMRINFRA,EQ,05-Apr-2021,25.0,25.1,25.3,23.75,24.15,24.05,24.31,22878190,556063562.7,46810.0,8175157.0,35.73
GMRINFRA,EQ,01-Apr-2021,24.3,24.65,25.15,24.1,25.1,25.0,24.56,19223855,472053800.45,32819.0,7401316.0,38.50
GMRINFRA,EQ,31-Mar-2021,24.4,24.4,24.7,24.2,24.35,24.3,24.44,28199769,689112313.2,39852.0,20843046.0,73.91
GMRINFRA,EQ,30-Mar-2021,24.2,24.6,26.6,24.3,24.45,24.4,24.72,17158582,424108879.2,39182.0,6672120.0,38.89
GMRINFRA,EQ,26-Mar-2021,23.9,24.2,25.05,24.05,24.2,24.2,24.43,17499366,427504801.85,29694.0,5035376.0,28.77
GMRINFRA,EQ,25-Mar-2021,24.75,24.75,24.9,23.5,23.85,23.9,24.11,30681803,739836119.6,44175.0,13520617.0,44.07
GMRINFRA,EQ,24-Mar-2021,25.55,25.4,25.4,24.55,24.8,24.75,24.93,40912784,1019847325.85,37117.0,30011051.0,73.35
GMRINFRA,EQ,23-Mar-2021,25.6,25.65,25.8,25.0,25.35,25.55,25.34,19489266,493945408.2,50644.0,5467983.0,28.06
GMRINFRA,EQ,22-Mar-2021,25.3,25.55,25.9,24.7,25.8,25.6,25.15,19297420,485334562.05,44306.0,5751165.0,29.80
GMRINFRA,EQ,19-Mar-2021,25.35,25.0,25.65,24.7,25.25,25.3,25.09,21779672,546457397.9,41220.0,7219451.0,33.15
GMRINFRA,EQ,18-Mar-2021,26.2,26.6,26.8,24.75,25.35,25.35,25.57,24358167,622771724.8,47425.0,8550240.0,35.10
GMRINFRA,EQ,17-Mar-2021,26.7,26.7,27.6,26.0,26.3,26.2,26.82,27824668,746337463.1,55664.0,6425866.0,23.09
GMRINFRA,EQ,16-Mar-2021,27.0,27.15,27.4,26.45,26.8,26.7,26.7,10754284,287090650.75,32809.0,2479159.0,23.05
GMRINFRA,EQ,15-Mar-2021,27.35,27.6,27.7,26.35,27.1,27.0,26.86,14596346,391991655.35,30376.0,3706291.0,25.39
GMRINFRA,EQ,12-Mar-2021,27.9,28.1,28.3,27.1,27.45,27.35,27.63,12869564,355563538.6,36723.0,4077308.0,31.68
GMRINFRA,EQ,10-Mar-2021,27.7,27.75,28.35,27.35,27.9,27.9,27.82,12791934,355815627.3,25245.0,2425933.0,18.96
GMRINFRA,EQ,09-Mar-2021,28.0,28.0,28.75,27.45,27.65,27.7,28.06,19651796,551440089.95,27845.0,3316608.0,16.88
GMRINFRA,EQ,08-Mar-2021,27.65,27.9,28.65,27.55,28.05,28.0,28.09,17653425,495807406.65,34719.0,3482200.0,19.73
GMRINFRA,EQ,05-Mar-2021,29.05,29.05,29.2,27.1,27.55,27.65,28.05,34000986,953702703.15,30363.0,8942288.0,26.30
GMRINFRA,EQ,04-Mar-2021,27.75,27.3,29.95,27.05,29.0,29.05,28.83,56000402,1614462176.95,57926.0,9326705.0,16.65
GMRINFRA,EQ,03-Mar-2021,27.6,27.95,28.6,27.5,27.75,27.75,27.98,22317064,624425677.75,36210.0,5178797.0,23.21
GMRINFRA,EQ,02-Mar-2021,26.2,26.25,28.1,26.1,27.65,27.6,27.08,56697792,1535272401.35,46348.0,27493702.0,48.49
GMRINFRA,EQ,01-Mar-2021,26.05,26.4,26.5,25.85,26.25,26.2,26.14,9277410,242483443.95,17886.0,1455325.0,15.69
GMRINFRA,EQ,26-Feb-2021,26.85,26.5,26.95,25.9,26.0,26.05,26.28,34129683,896961063.85,25349.0,23193886.0,67.96
GMRINFRA,EQ,25-Feb-2021,25.65,25.65,27.3,25.65,27.0,26.85,26.61,28222476,751078015.3,40734.0,7830003.0,27.74
GMRINFRA,EQ,24-Feb-2021,25.4,25.3,26.0,25.25,25.6,25.65,25.7,4562060,117243911.35,11363.0,1620166.0,35.51
GMRINFRA,EQ,23-Feb-2021,25.05,24.85,25.75,24.85,25.4,25.4,25.36,11923761,302445033.1,22017.0,1535919.0,12.88
GMRINFRA,EQ,22-Feb-2021,25.2,25.2,25.2,24.5,24.85,25.05,24.86,19623683,487883022.85,27624.0,7225230.0,36.82
GMRINFRA,EQ,19-Feb-2021,25.95,26.1,26.35,24.85,25.1,25.2,25.6,16239597,415685461.95,26919.0,3698869.0,22.78
GMRINFRA,EQ,18-Feb-2021,25.05,25.15,26.45,24.85,26.15,25.95,25.55,21210565,541973343.95,26974.0,5174951.0,24.40
GMRINFRA,EQ,17-Feb-2021,25.25,25.1,25.45,25.0,25.1,25.05,25.23,6956391,175494515.7,18575.0,1494322.0,21.48
GMRINFRA,EQ,16-Feb-2021,25.55,25.3,25.9,25.05,25.35,25.25,25.39,10048122,255103790.45,24423.0,2614149.0,26.02
GMRINFRA,EQ,15-Feb-2021,26.1,25.7,26.0,25.3,25.4,25.55,25.53,14116538,360456834.0,26108.0,3907199.0,27.68
GMRINFRA,EQ,12-Feb-2021,26.0,26.05,26.5,25.85,26.05,26.1,26.12,7169483,187266106.85,20247.0,961967.0,13.42
GMRINFRA,EQ,11-Feb-2021,26.3,26.25,26.6,25.8,26.05,26.0,26.11,9573529,249924551.6,20738.0,1906901.0,19.92
GMRINFRA,EQ,10-Feb-2021,26.45,26.3,26.85,26.0,26.3,26.3,26.37,9378853,247328568.45,23128.0,1016794.0,10.84
GMRINFRA,EQ,09-Feb-2021,26.5,26.3,27.05,26.25,26.45,26.45,26.61,14350148,381861564.4,23944.0,4209668.0,29.34
GMRINFRA,EQ,08-Feb-2021,26.15,26.15,27.05,26.15,26.45,26.5,26.55,10004861,265593617.55,24275.0,1992740.0,19.92
GMRINFRA,EQ,05-Feb-2021,26.7,26.95,27.1,26.0,26.25,26.15,26.36,18317417,482772473.15,23357.0,5568218.0,30.40
GMRINFRA,EQ,04-Feb-2021,26.3,26.35,27.5,26.1,26.75,26.7,26.77,24368780,652415358.35,29406.0,5006249.0,20.54
GMRINFRA,EQ,03-Feb-2021,24.9,24.9,27.35,24.75,26.15,26.3,26.46,66641152,1763424584.2,52784.0,18632223.0,27.96
GMRINFRA,EQ,02-Feb-2021,24.85,25.2,25.35,24.4,24.9,24.9,24.85,20472166,508661029.45,22140.0,4481256.0,21.89
GMRINFRA,EQ,01-Feb-2021,23.85,24.05,25.0,23.5,24.75,24.85,24.2,18384299,444898632.65,25315.0,2477168.0,13.47
GMRINFRA,EQ,29-Jan-2021,24.75,25.15,25.15,23.7,23.85,23.85,24.3,16680629,405389546.95,30658.0,3671535.0,22.01
GMRINFRA,EQ,28-Jan-2021,25.5,25.25,25.35,24.25,24.8,24.75,24.79,24364594,603901341.1,16913.0,7045463.0,28.92
GMRINFRA,EQ,27-Jan-2021,25.95,25.95,26.1,25.15,25.3,25.5,25.59,16240012,415654270.95,24004.0,4509504.0,27.77
GMRINFRA,EQ,25-Jan-2021,26.1,26.25,26.4,25.3,26.05,25.95,25.81,16546287,427016082.85,10775.0,2621258.0,15.84
GMRINFRA,EQ,22-Jan-2021,26.3,26.35,26.55,25.3,26.2,26.1,25.98,17972392,466897144.65,13563.0,4145771.0,23.07
GMRINFRA,EQ,21-Jan-2021,27.0,27.0,27.2,26.05,26.55,26.3,26.64,8914114,237462079.95,23884.0,1803552.0,20.23
GMRINFRA,EQ,20-Jan-2021,27.05,27.15,27.35,26.8,26.9,27.0,27.02,9649850,260740921.65,17968.0,1519779.0,15.75
GMRINFRA,EQ,19-Jan-2021,26.05,26.15,27.2,26.1,27.15,27.05,26.75,15059555,402789967.6,23367.0,3341288.0,22.19
GMRINFRA,EQ,18-Jan-2021,26.65,26.65,26.7,25.45,26.0,26.05,25.99,17130482,445264480.85,30181.0,5150862.0,30.07
GMRINFRA,EQ,15-Jan-2021,27.05,26.95,27.1,26.25,26.7,26.65,26.65,13806992,367983388.75,20807.0,3271457.0,23.69
GMRINFRA,EQ,14-Jan-2021,27.05,27.0,27.25,26.8,26.9,27.05,27.02,8325417,224925721.15,16336.0,1232072.0,14.80
GMRINFRA,EQ,13-Jan-2021,27.1,27.4,27.5,26.65,27.0,27.05,27.08,16179368,438067768.1,23524.0,2102016.0,12.99
GMRINFRA,EQ,12-Jan-2021,26.9,26.85,27.35,26.7,27.05,27.1,27.1,11071754,300077001.35,25415.0,2121256.0,19.16
GMRINFRA,EQ,11-Jan-2021,27.65,27.75,27.9,26.6,26.85,26.9,27.1,19545630,529592614.65,33483.0,5889859.0,30.13
GMRINFRA,EQ,08-Jan-2021,27.15,27.45,28.3,26.85,27.75,27.65,27.56,36429482,1004001052.6,45663.0,10771456.0,29.57
GMRINFRA,EQ,07-Jan-2021,26.75,27.0,27.75,26.75,27.25,27.15,27.17,20607639,559920960.4,32166.0,5179070.0,25.13
GMRINFRA,EQ,06-Jan-2021,27.2,27.2,27.35,26.4,26.75,26.75,26.89,15535397,417741359.4,26136.0,2904048.0,18.69
GMRINFRA,EQ,05-Jan-2021,27.05,26.8,27.4,26.55,27.1,27.2,27.05,21427955,579604379.3,29747.0,4686433.0,21.87
GMRINFRA,EQ,04-Jan-2021,26.6,26.8,27.25,26.15,27.1,27.05,26.76,19908072,532661057.4,32229.0,3935031.0,19.77
GMRINFRA,EQ,01-Jan-2021,26.5,26.5,26.95,26.3,26.65,26.6,26.63,11210207,298553434.3,22484.0,2611445.0,23.30
GMRINFRA,EQ,31-Dec-2020,27.4,26.95,27.3,26.35,26.45,26.5,26.63,63814803,1699550427.0,39256.0,32861019.0,51.49
GMRINFRA,EQ,30-Dec-2020,26.4,27.0,28.1,26.3,27.3,27.4,27.23,146111191,3978476562.55,67279.0,71167730.0,48.71
GMRINFRA,EQ,29-Dec-2020,25.95,26.05,27.15,25.6,27.0,26.4,26.32,46160124,1214772507.1,30410.0,29449733.0,63.80
GMRINFRA,EQ,28-Dec-2022,39.15,39.1,39.45,38.75,39.0,39.0,39.07,7510693,293472803.75,38752.0,1932213.0,25.73
GMRINFRA,EQ,27-Dec-2022,38.7,38.9,39.35,38.45,39.2,39.15,38.9,10690052,415831454.65,43216.0,3462740.0,32.39
GMRINFRA,EQ,26-Dec-2022,37.8,38.0,39.0,37.15,38.7,38.7,38.5,8868913,341453387.9,39574.0,1789364.0,20.18
GMRINFRA,EQ,23-Dec-2022,40.0,39.4,39.65,37.45,37.95,37.8,38.3,15566348,596196048.8,45179.0,6011474.0,38.62
GMRINFRA,EQ,22-Dec-2022,40.9,41.0,41.4,39.6,39.9,40.0,40.17,11818673,474815018.25,45226.0,3545184.0,30.00
GMRINFRA,EQ,21-Dec-2022,42.65,42.95,42.95,40.6,40.85,40.9,41.64,10930509,455105057.15,44563.0,3194568.0,29.23
GMRINFRA,EQ,20-Dec-2022,42.85,42.75,43.1,41.9,42.7,42.65,42.39,10389812,440417763.0,44764.0,2540974.0,24.46
GMRINFRA,EQ,19-Dec-2022,41.45,41.8,43.1,41.1,43.0,42.85,42.28,14673777,620351100.85,52562.0,3073592.0,20.95
GMRINFRA,EQ,16-Dec-2022,42.4,42.2,42.75,41.25,41.5,41.45,41.82,13833563,578512103.85,42431.0,4834304.0,34.95
GMRINFRA,EQ,15-Dec-2022,43.35,43.2,43.65,42.0,42.3,42.4,42.87,11356770,486921228.95,49302.0,4989061.0,43.93
GMRINFRA,EQ,14-Dec-2022,43.4,43.6,44.3,43.1,43.3,43.35,43.5,14894126,647880050.8,15192.0,6685851.0,44.89
GMRINFRA,EQ,13-Dec-2022,43.15,43.4,43.65,43.1,43.4,43.4,43.38,7876925,341675582.55,38693.0,3475289.0,44.12
GMRINFRA,EQ,12-Dec-2022,42.7,42.7,43.4,42.25,43.25,43.15,43.03,9936989,427544008.0,25828.0,3420868.0,34.43
GMRINFRA,EQ,09-Dec-2022,43.85,44.05,44.3,42.15,42.5,42.7,43.2,13292760,574253527.05,46234.0,3961217.0,29.80
GMRINFRA,EQ,08-Dec-2022,43.2,43.15,44.1,42.85,43.85,43.85,43.74,14371642,628551282.25,53182.0,3288254.0,22.88
GMRINFRA,EQ,07-Dec-2022,43.35,43.4,43.6,42.35,43.05,43.2,42.97,15698962,674581450.3,45324.0,5209055.0,33.18
GMRINFRA,EQ,06-Dec-2022,43.4,43.6,44.15,43.15,43.3,43.35,43.56,16304243,710262196.45,35351.0,6095503.0,37.39
GMRINFRA,EQ,05-Dec-2022,42.9,42.95,43.6,42.7,43.45,43.4,43.15,16381267,706933045.8,49537.0,7329674.0,44.74
GMRINFRA,EQ,02-Dec-2022,42.75,42.75,43.65,42.6,42.75,42.9,43.03,14471407,622723343.15,51347.0,4393743.0,30.36
GMRINFRA,EQ,01-Dec-2022,42.9,43.2,43.25,42.5,42.75,42.75,42.86,17635621,755776957.0,54892.0,5992882.0,33.98
GMRINFRA,EQ,30-Nov-2022,40.6,40.6,43.2,40.5,42.9,42.9,42.37,45231360,1916481575.1,76616.0,12477296.0,27.59
GMRINFRA,EQ,29-Nov-2022,40.35,40.35,41.35,39.9,40.6,40.6,40.65,13669530,555717527.8,48302.0,4138994.0,30.28
GMRINFRA,EQ,28-Nov-2022,40.7,41.0,41.15,40.05,40.25,40.35,40.68,11501562,467926825.65,36172.0,4253676.0,36.98
GMRINFRA,EQ,25-Nov-2022,39.05,38.95,41.05,38.8,40.75,40.7,40.43,28774593,1163486098.7,67841.0,9282599.0,32.26
GMRINFRA,EQ,24-Nov-2022,39.0,39.25,39.4,38.55,39.0,39.05,39.05,9727309,379865100.4,46298.0,3214039.0,33.04
GMRINFRA,EQ,23-Nov-2022,37.8,37.85,39.45,37.6,38.9,39.0,38.84,17946338,697060365.6,52563.0,5977337.0,33.31
GMRINFRA,EQ,22-Nov-2022,37.6,37.8,37.9,37.2,37.8,37.8,37.61,5484529,206246480.55,15958.0,1586367.0,28.92
GMRINFRA,EQ,21-Nov-2022,37.35,37.4,37.8,36.95,37.75,37.6,37.44,5539471,207384441.6,28147.0,1902742.0,34.35
GMRINFRA,EQ,18-Nov-2022,37.35,37.55,37.55,36.9,37.4,37.35,37.18,6573934,244413252.05,39819.0,1497240.0,22.78
GMRINFRA,EQ,17-Nov-2022,36.4,36.5,37.9,35.6,37.15,37.35,37.17,18778913,697957114.7,50815.0,2953952.0,15.73
GMRINFRA,EQ,16-Nov-2022,37.0,37.0,37.3,36.15,36.5,36.4,36.69,7229949,265266265.35,26787.0,2204113.0,30.49
GMRINFRA,EQ,15-Nov-2022,38.6,38.5,38.5,36.5,37.1,37.0,36.96,16657698,615602287.4,52713.0,4629967.0,27.79
GMRINFRA,EQ,14-Nov-2022,38.15,38.25,38.85,37.8,38.55,38.6,38.48,11493494,442274806.15,46137.0,3977455.0,34.61
GMRINFRA,EQ,11-Nov-2022,38.0,38.3,38.7,37.85,38.1,38.15,38.25,8573033,327893187.8,43455.0,3158610.0,36.84
GMRINFRA,EQ,10-Nov-2022,37.7,37.7,38.3,37.35,37.95,38.0,37.84,6122726,231705980.55,43981.0,1820271.0,29.73
GMRINFRA,EQ,09-Nov-2022,38.2,38.4,38.5,37.55,37.65,37.7,37.99,6610782,251145868.05,38603.0,2266143.0,34.28
GMRINFRA,EQ,07-Nov-2022,38.05,38.1,38.55,37.5,38.15,38.2,38.0,9106718,346067592.9,41137.0,4070260.0,44.70
GMRINFRA,EQ,04-Nov-2022,37.45,37.45,38.3,37.4,38.05,38.05,37.88,9116017,345306934.7,32403.0,3556511.0,39.01
GMRINFRA,EQ,03-Nov-2022,37.15,37.0,37.55,36.95,37.35,37.45,37.37,4245120,158626404.05,34248.0,1652708.0,38.93
GMRINFRA,EQ,02-Nov-2022,37.5,37.45,37.65,36.95,37.25,37.15,37.21,3311355,123228928.25,33848.0,991093.0,29.93
GMRINFRA,EQ,01-Nov-2022,37.45,37.7,37.8,37.05,37.4,37.5,37.47,5552739,208035450.25,37167.0,1673341.0,30.14
GMRINFRA,EQ,31-Oct-2022,36.9,37.05,37.6,36.75,37.45,37.45,37.23,6265164,233227720.2,45590.0,1985655.0,31.69
GMRINFRA,EQ,28-Oct-2022,37.6,37.85,37.9,36.7,36.9,36.9,37.23,7122916,265216280.3,38328.0,1708286.0,23.98
GMRINFRA,EQ,27-Oct-2022,35.55,35.7,38.75,35.35,37.55,37.6,37.5,24528900,919914198.3,56052.0,6301115.0,25.69
GMRINFRA,EQ,25-Oct-2022,34.9,34.95,35.8,34.55,35.7,35.55,35.4,5660598,200374132.65,29371.0,2013721.0,35.57
GMRINFRA,EQ,24-Oct-2022,34.9,35.15,35.15,34.8,34.95,34.9,34.92,760433,26553937.5,5249.0,362607.0,47.68
GMRINFRA,EQ,21-Oct-2022,34.85,34.9,35.15,34.35,34.85,34.9,34.76,8146367,283174440.15,31041.0,2854085.0,35.04
GMRINFRA,EQ,20-Oct-2022,34.9,34.85,35.05,34.4,34.95,34.85,34.72,5542355,192428108.05,35995.0,1295659.0,23.38
GMRINFRA,EQ,19-Oct-2022,35.4,35.5,35.65,34.85,35.0,34.9,35.13,4766651,167458476.45,34188.0,1647786.0,34.57
GMRINFRA,EQ,18-Oct-2022,34.85,35.05,35.6,35.0,35.4,35.4,35.31,3988603,140829499.85,35459.0,1217082.0,30.51
GMRINFRA,EQ,17-Oct-2022,34.7,34.8,35.1,34.1,34.9,34.85,34.72,4346349,150910872.15,37055.0,1291909.0,29.72
GMRINFRA,EQ,14-Oct-2022,34.6,35.15,35.3,34.6,34.8,34.7,34.92,5255709,183520671.4,38529.0,1465512.0,27.88
GMRINFRA,EQ,13-Oct-2022,35.5,35.55,35.85,34.3,34.65,34.6,34.79,7267888,252826270.5,38802.0,1967861.0,27.08
GMRINFRA,EQ,12-Oct-2022,34.8,35.05,35.6,34.7,35.5,35.5,35.2,8077869,284341717.8,40914.0,1597897.0,19.78
GMRINFRA,EQ,11-Oct-2022,35.15,35.3,35.35,34.75,34.85,34.8,34.99,4895330,171275583.75,37843.0,1295520.0,26.46
GMRINFRA,EQ,10-Oct-2022,35.45,35.05,35.25,34.65,35.2,35.15,35.04,3648024,127812521.2,33815.0,834997.0,22.89
GMRINFRA,EQ,07-Oct-2022,35.85,35.9,35.9,35.1,35.45,35.45,35.4,4849512,171669473.85,36150.0,1115970.0,23.01
GMRINFRA,EQ,06-Oct-2022,35.65,35.85,36.2,35.75,35.85,35.85,36.0,4147578,149311881.2,27568.0,1122371.0,27.06
GMRINFRA,EQ,04-Oct-2022,34.7,35.15,35.75,35.0,35.65,35.65,35.44,4873009,172680616.85,29454.0,1443817.0,29.63
GMRINFRA,EQ,03-Oct-2022,35.55,35.75,35.9,34.55,34.8,34.7,35.05,9884731,346458423.8,14098.0,4291645.0,43.42
GMRINFRA,EQ,30-Sep-2022,35.45,35.15,35.9,34.5,35.55,35.55,35.33,16282366,575207550.75,31637.0,7965687.0,48.92
GMRINFRA,EQ,29-Sep-2022,35.25,35.6,36.15,34.35,35.2,35.45,35.17,11259415,396011636.6,41294.0,3611859.0,32.08
GMRINFRA,EQ,28-Sep-2022,35.75,35.65,36.1,35.0,35.25,35.25,35.55,6028076,214326786.1,37604.0,1564644.0,25.96
GMRINFRA,EQ,27-Sep-2022,35.6,35.8,36.2,35.3,35.8,35.75,35.75,10975815,392360199.2,36634.0,5675438.0,51.71
GMRINFRA,EQ,26-Sep-2022,37.2,36.7,36.75,35.05,35.5,35.6,35.71,13150203,469620173.25,38496.0,4065691.0,30.92
GMRINFRA,EQ,23-Sep-2022,37.95,37.95,38.05,36.8,37.15,37.2,37.21,14295733,531975751.65,40667.0,6785882.0,47.47
GMRINFRA,EQ,22-Sep-2022,38.15,38.2,38.4,37.55,38.0,37.95,37.98,6196072,235313602.2,38273.0,1070492.0,17.28
GMRINFRA,EQ,21-Sep-2022,38.25,38.15,38.6,38.0,38.05,38.15,38.28,8215782,314493654.75,37257.0,1986691.0,24.18
GMRINFRA,EQ,20-Sep-2022,38.8,39.0,39.35,38.15,38.15,38.25,38.54,9322597,359332932.1,42687.0,5105839.0,54.77
GMRINFRA,EQ,19-Sep-2022,38.4,38.5,39.35,37.85,38.75,38.8,38.78,8085665,313525874.35,43823.0,1766979.0,21.85
GMRINFRA,EQ,16-Sep-2022,40.2,40.2,40.25,38.2,38.6,38.4,38.94,15850342,617214995.1,48497.0,6249713.0,39.43
GMRINFRA,EQ,15-Sep-2022,40.0,40.25,41.8,40.0,40.2,40.2,40.55,20227910,820259456.45,41078.0,4860634.0,24.03
GMRINFRA,EQ,14-Sep-2022,40.45,39.7,40.35,39.4,40.0,40.0,39.88,10457980,417032939.1,19345.0,2751747.0,26.31
GMRINFRA,EQ,13-Sep-2022,39.3,39.55,40.65,39.35,40.4,40.45,39.92,10303279,411319876.5,38074.0,4374162.0,42.45
GMRINFRA,EQ,12-Sep-2022,39.5,39.55,39.9,39.05,39.35,39.3,39.3,5421299,213030116.35,15651.0,2354620.0,43.43
GMRINFRA,EQ,09-Sep-2022,39.6,40.0,40.75,39.35,39.5,39.5,40.02,10870076,435040838.85,50273.0,3238561.0,29.79
GMRINFRA,EQ,08-Sep-2022,39.75,39.95,40.1,39.35,39.6,39.6,39.7,5492603,218047488.8,39675.0,1637986.0,29.82
GMRINFRA,EQ,07-Sep-2022,39.1,38.8,40.2,38.7,39.85,39.75,39.59,10014327,396439525.25,44949.0,2275181.0,22.72
GMRINFRA,EQ,06-Sep-2022,39.2,39.3,39.8,39.0,39.15,39.1,39.35,7221209,284130147.2,40511.0,2011883.0,27.86
GMRINFRA,EQ,05-Sep-2022,39.4,39.65,40.1,38.85,39.2,39.2,39.31,12656930,497577391.05,50293.0,2851590.0,22.53
GMRINFRA,EQ,02-Sep-2022,38.4,38.6,40.75,38.0,39.3,39.4,39.64,40700527,1613189469.75,88882.0,7117049.0,17.49
GMRINFRA,EQ,01-Sep-2022,35.95,35.75,38.7,35.7,38.4,38.4,37.73,33028185,1246083886.6,62864.0,8890856.0,26.92
GMRINFRA,EQ,30-Aug-2022,34.55,35.1,36.4,34.9,35.8,35.95,35.77,13305459,475981651.8,48238.0,3652435.0,27.45
GMRINFRA,EQ,29-Aug-2022,35.2,34.65,34.8,34.0,34.7,34.55,34.49,8692902,299818475.55,34029.0,3609288.0,41.52
GMRINFRA,EQ,26-Aug-2022,34.6,35.25,35.5,35.0,35.2,35.2,35.23,5584037,196697953.1,36944.0,1490405.0,26.69
GMRINFRA,EQ,25-Aug-2022,33.7,33.95,35.35,33.9,34.8,34.6,34.66,25828396,895332292.65,51026.0,14336503.0,55.51
GMRINFRA,EQ,24-Aug-2022,34.05,34.05,34.25,33.35,33.85,33.7,33.71,10535335,355131789.9,40067.0,5759163.0,54.67
GMRINFRA,EQ,23-Aug-2022,34.2,34.0,34.45,33.65,34.0,34.05,34.07,5359635,182580345.6,25974.0,1958537.0,36.54
GMRINFRA,EQ,22-Aug-2022,34.8,34.75,34.85,33.75,34.05,34.2,34.24,8561624,293182471.6,37428.0,3993050.0,46.64
GMRINFRA,EQ,19-Aug-2022,35.5,35.4,35.85,34.6,34.7,34.8,35.22,4590173,161648350.1,32046.0,1305780.0,28.45
GMRINFRA,EQ,18-Aug-2022,35.35,35.35,35.75,35.05,35.5,35.5,35.53,4222665,150051861.05,30602.0,1307516.0,30.96
GMRINFRA,EQ,17-Aug-2022,35.0,35.0,35.55,35.0,35.3,35.35,35.28,3889171,137218486.65,37266.0,1460640.0,37.56
GMRINFRA,EQ,16-Aug-2022,34.5,34.6,35.15,34.4,34.95,35.0,34.84,4295718,149647519.3,8597.0,1564448.0,36.42
GMRINFRA,EQ,12-Aug-2022,34.7,34.75,34.85,34.4,34.55,34.5,34.6,2896690,100216183.3,22163.0,1157163.0,39.95
GMRINFRA,EQ,11-Aug-2022,34.65,34.95,35.1,34.55,34.65,34.7,34.8,3369931,117276770.35,30984.0,1166220.0,34.61
GMRINFRA,EQ,10-Aug-2022,34.3,34.25,35.0,34.15,34.7,34.65,34.59,4503117,155779397.55,25847.0,1490888.0,33.11
GMRINFRA,EQ,08-Aug-2022,34.65,34.7,34.95,34.2,34.25,34.3,34.55,4252123,146907684.7,33565.0,1429486.0,33.62
GMRINFRA,EQ,05-Aug-2022,34.8,34.75,35.05,34.5,34.7,34.65,34.74,4493985,156124055.75,34247.0,1526994.0,33.98
GMRINFRA,EQ,04-Aug-2022,35.25,35.35,35.65,34.55,34.7,34.8,34.96,5525906,193175987.0,29906.0,1465904.0,26.53
GMRINFRA,EQ,03-Aug-2022,35.5,35.6,35.95,35.0,35.2,35.25,35.32,5125071,181009955.6,22952.0,978728.0,19.10
GMRINFRA,EQ,02-Aug-2022,36.05,35.5,35.8,34.6,35.6,35.5,35.2,14396230,506775547.5,27711.0,4315228.0,29.97
GMRINFRA,EQ,01-Aug-2022,37.5,37.5,37.5,35.9,35.9,36.05,36.27,10873215,394404647.5,41836.0,5710436.0,52.52
GMRINFRA,EQ,29-Jul-2022,35.45,35.9,38.05,35.6,37.2,37.5,36.97,20297669,750341355.65,54113.0,6942956.0,34.21
GMRINFRA,EQ,28-Jul-2022,35.5,35.7,36.15,35.3,35.45,35.45,35.69,5352273,191018905.8,33423.0,1751648.0,32.73
GMRINFRA,EQ,27-Jul-2022,35.1,34.9,35.7,34.6,35.4,35.5,35.28,6682240,235718469.15,39644.0,2779692.0,41.60
GMRINFRA,EQ,26-Jul-2022,35.8,35.75,35.95,35.0,35.1,35.1,35.28,11053585,389961199.95,10648.0,7856967.0,71.08
GMRINFRA,EQ,25-Jul-2022,35.25,35.4,36.15,34.8,35.75,35.8,35.5,8266996,293486268.25,39262.0,2639595.0,31.93
GMRINFRA,EQ,22-Jul-2022,35.3,35.5,35.7,34.7,35.15,35.25,35.13,6208053,218087213.0,36939.0,2224837.0,35.84
GMRINFRA,EQ,21-Jul-2022,34.6,34.6,35.5,34.3,35.45,35.3,35.0,9654460,337921736.4,35726.0,6345110.0,65.72
GMRINFRA,EQ,20-Jul-2022,34.75,35.15,35.2,34.4,34.55,34.6,34.68,9498764,329448090.35,36357.0,5826282.0,61.34
GMRINFRA,EQ,19-Jul-2022,35.25,35.2,35.2,34.5,34.75,34.75,34.75,7899923,274543153.5,31105.0,4860433.0,61.53
GMRINFRA,EQ,18-Jul-2022,34.95,35.05,35.35,34.8,35.2,35.25,35.1,3560766,124976488.1,32529.0,1894228.0,53.20
GMRINFRA,EQ,15-Jul-2022,34.55,34.7,35.05,34.35,34.9,34.95,34.68,4017648,139331531.1,32270.0,1861168.0,46.32
GMRINFRA,EQ,14-Jul-2022,34.85,35.0,35.1,34.1,34.65,34.55,34.59,5252987,181723683.35,35494.0,1719134.0,32.73
GMRINFRA,EQ,13-Jul-2022,34.9,35.3,35.3,34.45,34.8,34.85,34.84,5090865,177361767.5,33132.0,2321790.0,45.61
GMRINFRA,EQ,12-Jul-2022,35.3,35.1,35.3,34.8,34.9,34.9,35.01,2719360,95196956.7,32541.0,925453.0,34.03
GMRINFRA,EQ,11-Jul-2022,34.8,34.8,35.55,34.45,35.15,35.3,35.21,4673120,164541277.8,33151.0,1897829.0,40.61
GMRINFRA,EQ,08-Jul-2022,34.7,34.95,35.1,34.35,34.9,34.8,34.73,4084470,141835277.8,32044.0,2024137.0,49.56
GMRINFRA,EQ,07-Jul-2022,34.15,34.3,34.95,34.0,34.85,34.7,34.53,4356864,150449849.35,33040.0,1777825.0,40.81
GMRINFRA,EQ,06-Jul-2022,33.55,33.75,34.25,33.25,34.2,34.15,33.92,5771798,195754336.75,32709.0,2676722.0,46.38
GMRINFRA,EQ,05-Jul-2022,33.95,34.15,34.4,33.45,33.45,33.55,33.96,4844618,164546633.1,34023.0,1889003.0,38.99
GMRINFRA,EQ,04-Jul-2022,34.5,34.45,34.65,33.45,33.95,33.95,34.0,7255330,246662552.1,37025.0,3016648.0,41.58
GMRINFRA,EQ,01-Jul-2022,34.1,34.0,34.75,33.6,34.5,34.5,34.19,4338629,148338431.8,23240.0,978389.0,22.55
GMRINFRA,EQ,30-Jun-2022,34.65,34.65,35.0,33.9,34.0,34.1,34.33,5553842,190636126.5,37148.0,1795892.0,32.34
GMRINFRA,EQ,29-Jun-2022,34.9,34.75,34.95,34.5,34.75,34.65,34.66,3199376,110906134.95,38552.0,1075160.0,33.61
GMRINFRA,EQ,28-Jun-2022,34.9,34.9,35.2,34.7,35.0,34.9,35.0,8836669,309242107.0,36772.0,3984942.0,45.10
GMRINFRA,EQ,27-Jun-2022,34.8,35.25,35.5,34.55,34.85,34.9,34.97,3693611,129181031.2,37117.0,547915.0,14.83
GMRINFRA,EQ,24-Jun-2022,33.9,34.15,34.9,34.1,34.8,34.8,34.52,2966980,102415980.45,40437.0,802711.0,27.05
GMRINFRA,EQ,23-Jun-2022,33.5,33.55,34.25,33.35,33.9,33.9,33.82,5678741,192066993.3,33705.0,580371.0,10.22
GMRINFRA,EQ,22-Jun-2022,35.05,34.6,34.7,33.05,33.4,33.5,33.68,5521869,185953198.2,32163.0,931635.0,16.87
GMRINFRA,EQ,21-Jun-2022,33.4,33.6,35.6,33.55,34.8,35.05,34.66,7187200,249082921.3,10614.0,1691739.0,23.54
GMRINFRA,EQ,20-Jun-2022,34.15,34.05,34.45,32.3,33.7,33.4,33.01,14776160,487690370.35,39791.0,5254891.0,35.56
GMRINFRA,EQ,17-Jun-2022,34.3,34.0,34.45,33.25,34.1,34.15,34.02,11925300,405649453.4,41342.0,3624048.0,30.39
GMRINFRA,EQ,16-Jun-2022,35.85,36.45,36.45,33.75,34.0,34.3,34.79,17534150,610061357.0,42585.0,7515612.0,42.86
GMRINFRA,EQ,15-Jun-2022,35.8,35.8,36.15,35.5,35.85,35.85,35.75,3855428,137829013.1,33898.0,918599.0,23.83
GMRINFRA,EQ,14-Jun-2022,35.7,35.3,36.4,35.3,35.9,35.8,35.87,5239412,187927865.35,36574.0,598327.0,11.42
GMRINFRA,EQ,13-Jun-2022,37.3,36.75,36.8,35.3,35.9,35.7,36.05,12669173,456777991.75,42201.0,4967321.0,39.21
GMRINFRA,EQ,10-Jun-2022,36.5,36.05,37.6,35.95,37.1,37.3,37.14,12695295,471475158.05,45084.0,3931956.0,30.97
GMRINFRA,EQ,09-Jun-2022,36.3,36.35,36.75,35.85,36.55,36.5,36.32,7390869,268454568.05,37582.0,1966995.0,26.61
GMRINFRA,EQ,08-Jun-2022,36.75,36.7,37.3,36.2,36.25,36.3,36.71,4559023,167370761.5,33896.0,1012632.0,22.21
GMRINFRA,EQ,07-Jun-2022,37.15,37.0,37.45,36.35,36.7,36.75,36.82,4893891,180202292.4,35474.0,1020510.0,20.85
GMRINFRA,EQ,06-Jun-2022,37.25,37.25,37.6,36.65,37.1,37.15,36.99,3640868,134666758.9,32270.0,863382.0,23.71
GMRINFRA,EQ,03-Jun-2022,38.55,38.7,38.9,37.05,37.25,37.25,37.71,6274012,236571758.3,40015.0,1434525.0,22.86
GMRINFRA,EQ,02-Jun-2022,38.6,38.45,38.7,38.1,38.4,38.55,38.44,3928757,151021240.35,32646.0,906255.0,23.07
GMRINFRA,EQ,01-Jun-2022,38.0,38.4,38.75,38.1,38.6,38.6,38.44,6964281,267719899.05,34450.0,2913316.0,41.83
GMRINFRA,EQ,31-May-2022,38.4,38.4,39.0,37.65,37.9,38.0,38.47,13388328,515043961.7,41314.0,7402752.0,55.29
GMRINFRA,EQ,30-May-2022,37.9,38.0,38.85,37.9,38.3,38.4,38.42,7655983,294152211.25,38934.0,2286127.0,29.86
GMRINFRA,EQ,27-May-2022,36.9,37.05,38.05,36.75,37.9,37.9,37.38,11738020,438713813.9,39028.0,4709665.0,40.12
GMRINFRA,EQ,26-May-2022,36.25,36.65,37.45,35.45,36.85,36.9,36.32,6890668,250281282.25,39256.0,1281543.0,18.60
GMRINFRA,EQ,25-May-2022,37.0,37.4,37.65,36.15,36.25,36.25,36.79,5882363,216414393.05,38090.0,1252843.0,21.30
GMRINFRA,EQ,24-May-2022,36.65,36.95,37.5,36.55,37.3,37.0,36.69,113078690,4148751414.15,43816.0,101540288.0,89.80
GMRINFRA,EQ,23-May-2022,36.6,36.95,37.5,36.45,36.5,36.65,36.86,10715402,395001677.65,37339.0,5852762.0,54.62
GMRINFRA,EQ,20-May-2022,35.35,35.75,36.95,35.6,36.95,36.6,36.22,6277156,227333745.5,37909.0,1964797.0,31.30
GMRINFRA,EQ,19-May-2022,35.9,35.15,35.6,34.8,35.45,35.35,35.24,5759916,202982783.35,24406.0,1975799.0,34.30
GMRINFRA,EQ,18-May-2022,36.4,36.0,36.4,35.15,35.95,35.9,35.83,11517497,412629975.0,41030.0,2617721.0,22.73
GMRINFRA,EQ,17-May-2022,34.85,34.6,36.65,34.6,36.35,36.4,35.71,9110122,325353688.7,42639.0,2364246.0,25.95
GMRINFRA,EQ,16-May-2022,33.45,33.4,35.0,33.2,34.85,34.85,34.5,7519764,259407014.8,14144.0,2077834.0,27.63
GMRINFRA,EQ,13-May-2022,32.45,32.5,34.15,32.5,33.35,33.45,33.51,8994513,301365210.4,42304.0,2982945.0,33.16
GMRINFRA,EQ,12-May-2022,33.35,33.0,33.15,31.75,32.45,32.45,32.31,10389381,335698178.4,40279.0,4185645.0,40.29
GMRINFRA,EQ,11-May-2022,33.55,33.85,34.1,31.85,33.25,33.35,33.1,14373142,475743783.4,42544.0,5229681.0,36.39
GMRINFRA,EQ,10-May-2022,33.85,33.85,34.8,33.4,33.45,33.55,34.13,6244642,213108908.0,29663.0,1416165.0,22.68
GMRINFRA,EQ,09-May-2022,35.15,35.15,35.15,33.65,33.85,33.85,34.16,8739459,298498089.15,45068.0,3105816.0,35.54
GMRINFRA,EQ,06-May-2022,36.0,35.4,35.6,34.7,35.3,35.15,35.09,6533719,229242094.35,12120.0,1538907.0,23.55
GMRINFRA,EQ,05-May-2022,36.1,36.5,36.95,35.85,36.1,36.0,36.4,4540022,165255737.95,9507.0,1418672.0,31.25
GMRINFRA,EQ,04-May-2022,37.75,37.95,37.95,35.65,36.05,36.1,36.61,9019333,330227077.05,11305.0,3842916.0,42.61
GMRINFRA,EQ,02-May-2022,37.65,37.45,38.1,36.65,37.6,37.75,37.43,6556068,245380885.9,13773.0,2404273.0,36.67
GMRINFRA,EQ,29-Apr-2022,37.25,37.5,38.5,37.45,37.6,37.65,37.9,7998805,303179170.3,41763.0,2150134.0,26.88
GMRINFRA,EQ,28-Apr-2022,37.1,37.3,37.55,36.45,37.45,37.25,37.01,9462863,350249941.45,37363.0,4474287.0,47.28
GMRINFRA,EQ,27-Apr-2022,37.9,37.75,37.85,36.8,37.1,37.1,37.19,5953207,221372588.25,36633.0,1564840.0,26.29
GMRINFRA,EQ,26-Apr-2022,37.0,37.25,38.0,37.15,37.9,37.9,37.62,6225683,234226610.05,35288.0,2055260.0,33.01
GMRINFRA,EQ,25-Apr-2022,37.5,37.0,37.2,36.4,37.0,37.0,36.85,9058577,333787800.05,41254.0,3386823.0,37.39
GMRINFRA,EQ,22-Apr-2022,38.0,37.95,38.5,37.45,37.6,37.5,38.0,9196414,349491070.45,21655.0,4518489.0,49.13
GMRINFRA,EQ,21-Apr-2022,36.8,37.0,38.15,37.0,37.95,38.0,37.73,8419032,317669539.8,33666.0,3352367.0,39.82
GMRINFRA,EQ,20-Apr-2022,37.15,37.45,37.6,36.65,36.85,36.8,36.99,10742658,397331063.35,45170.0,5070843.0,47.20
GMRINFRA,EQ,19-Apr-2022,38.6,38.85,38.95,36.5,36.95,37.15,37.93,6178874,234381170.35,46710.0,2675415.0,43.30
GMRINFRA,EQ,18-Apr-2022,38.95,38.95,38.95,37.9,38.5,38.6,38.34,6329602,242665401.45,37649.0,2507320.0,39.61
GMRINFRA,EQ,13-Apr-2022,39.4,39.6,39.75,38.8,38.95,38.95,39.14,5616753,219862705.65,36804.0,2423947.0,43.16
GMRINFRA,EQ,12-Apr-2022,40.0,39.8,40.0,38.8,39.3,39.4,39.36,8712759,342910727.5,37841.0,1981046.0,22.74
GMRINFRA,EQ,11-Apr-2022,40.5,40.4,41.0,39.75,40.1,40.0,40.45,8233912,333102720.75,37522.0,1671665.0,20.30
GMRINFRA,EQ,08-Apr-2022,40.25,40.4,40.85,39.65,40.45,40.5,40.23,11480007,461793357.8,14110.0,3974410.0,34.62
GMRINFRA,EQ,07-Apr-2022,40.9,40.8,41.3,39.85,40.4,40.25,40.64,11801778,479661942.95,45009.0,3264434.0,27.66
GMRINFRA,EQ,06-Apr-2022,39.5,39.3,41.0,39.1,40.95,40.9,40.42,14368197,580701577.25,23128.0,4864072.0,33.85
GMRINFRA,EQ,05-Apr-2022,39.1,39.1,40.05,38.95,39.5,39.5,39.55,20297181,802820204.1,40291.0,13569814.0,66.86
GMRINFRA,EQ,04-Apr-2022,38.9,39.2,39.8,38.7,39.1,39.1,39.15,10241970,401009557.95,43681.0,2936607.0,28.67
GMRINFRA,EQ,01-Apr-2022,36.95,36.9,39.3,36.6,38.75,38.9,38.63,15793675,610105953.75,41246.0,4878900.0,30.89
GMRINFRA,EQ,31-Mar-2022,37.1,37.05,37.6,36.35,36.85,36.95,36.97,14694242,543238102.8,39205.0,5230975.0,35.60
GMRINFRA,EQ,30-Mar-2022,36.7,36.95,37.6,36.6,36.9,37.1,37.17,9158273,340392497.3,36826.0,3376003.0,36.86
GMRINFRA,EQ,29-Mar-2022,35.9,36.0,37.0,35.45,36.65,36.7,36.43,16891895,615442186.15,44605.0,6087742.0,36.04
GMRINFRA,EQ,28-Mar-2022,36.7,36.7,36.8,35.7,35.85,35.9,35.99,36688989,1320425078.5,41079.0,27636662.0,75.33
GMRINFRA,EQ,25-Mar-2022,36.85,37.0,37.25,36.45,36.65,36.7,36.96,17302323,639530033.1,42693.0,11526278.0,66.62
GMRINFRA,EQ,24-Mar-2022,37.2,37.1,37.2,36.75,36.8,36.85,36.88,12203143,450110765.0,41432.0,8424363.0,69.03
GMRINFRA,EQ,23-Mar-2022,38.05,38.3,38.45,37.05,37.15,37.2,37.61,17675444,664780743.75,42157.0,9224020.0,52.19
GMRINFRA,EQ,22-Mar-2022,37.4,37.5,38.15,36.75,38.1,38.05,37.65,16687586,628276746.95,45919.0,8605108.0,51.57
GMRINFRA,EQ,21-Mar-2022,38.15,38.4,38.4,37.3,37.5,37.4,37.63,12932689,486698281.15,44668.0,8111755.0,62.72
GMRINFRA,EQ,17-Mar-2022,38.5,39.25,39.25,38.0,38.15,38.15,38.36,35106874,1346846690.95,49561.0,26180175.0,74.57
GMRINFRA,EQ,16-Mar-2022,37.6,38.15,38.65,38.0,38.5,38.5,38.48,19650499,756209679.7,37067.0,14724220.0,74.93
GMRINFRA,EQ,15-Mar-2022,38.75,38.9,39.05,37.4,37.45,37.6,38.11,9946649,379093249.5,40863.0,2461001.0,24.74
GMRINFRA,EQ,14-Mar-2022,39.35,39.3,39.5,38.15,38.75,38.75,38.78,14545197,564092179.45,43229.0,5692532.0,39.14
GMRINFRA,EQ,11-Mar-2022,39.2,39.0,39.6,38.7,39.35,39.35,39.2,35053659,1373973950.2,45096.0,26202768.0,74.75
GMRINFRA,EQ,10-Mar-2022,39.65,40.85,40.85,38.9,39.1,39.2,39.59,15544953,615484907.5,54520.0,5205495.0,33.49
GMRINFRA,EQ,09-Mar-2022,37.8,38.1,39.95,38.0,39.6,39.65,38.98,16570605,645935796.85,44168.0,4242016.0,25.60
GMRINFRA,EQ,08-Mar-2022,36.4,36.6,38.0,36.6,37.6,37.8,37.42,12066703,451546146.2,50545.0,1835891.0,15.21
GMRINFRA,EQ,07-Mar-2022,37.3,36.95,36.95,35.7,36.8,36.4,36.25,7584430,274960290.85,31083.0,2400426.0,31.65
GMRINFRA,EQ,04-Mar-2022,38.4,38.0,38.15,37.0,37.25,37.3,37.58,7970558,299534802.55,39600.0,1629869.0,20.45
GMRINFRA,EQ,03-Mar-2022,38.05,38.6,38.95,37.95,38.4,38.4,38.42,10886063,418234157.85,38666.0,2577546.0,23.68
GMRINFRA,EQ,02-Mar-2022,37.9,37.8,38.35,36.95,38.25,38.05,37.94,9916970,376226348.4,37927.0,2559123.0,25.81
GMRINFRA,EQ,28-Feb-2022,37.5,36.8,38.2,36.2,38.05,37.9,37.59,13214229,496722174.4,43178.0,3534121.0,26.74
GMRINFRA,EQ,25-Feb-2022,34.5,35.75,37.8,35.6,37.65,37.5,37.17,31393404,1167007177.15,56635.0,13840314.0,44.09
GMRINFRA,EQ,24-Feb-2022,38.65,37.15,37.5,33.85,34.65,34.5,36.02,18505953,666538893.55,59183.0,5238218.0,28.31
GMRINFRA,EQ,23-Feb-2022,38.1,38.35,39.45,38.25,38.6,38.65,38.98,9393129,366168562.35,41952.0,2790672.0,29.71
GMRINFRA,EQ,22-Feb-2022,39.1,37.6,38.45,37.4,38.15,38.1,37.93,13105892,497160151.65,47300.0,3259417.0,24.87
GMRINFRA,EQ,21-Feb-2022,39.95,39.8,39.95,38.95,39.1,39.1,39.38,9207101,362559099.5,41799.0,2392006.0,25.98
GMRINFRA,EQ,18-Feb-2022,40.35,40.1,40.8,39.8,39.9,39.95,40.27,8122542,327108745.65,12929.0,2717743.0,33.46
GMRINFRA,EQ,17-Feb-2022,40.65,40.8,41.1,39.9,40.35,40.35,40.39,25686456,1037482460.1,47998.0,3212030.0,12.50
GMRINFRA,EQ,16-Feb-2022,41.1,41.25,41.45,40.5,40.6,40.65,40.97,10503655,430376468.7,40266.0,2227940.0,21.21
GMRINFRA,EQ,15-Feb-2022,39.2,39.4,41.25,38.95,40.9,41.1,40.02,30187537,1207973022.7,65806.0,4466167.0,14.79
GMRINFRA,EQ,14-Feb-2022,42.35,41.1,41.4,39.0,39.15,39.2,39.91,22010298,878510191.95,75255.0,6787796.0,30.84
GMRINFRA,EQ,11-Feb-2022,42.55,42.0,43.15,41.8,42.45,42.35,42.66,14180502,604907867.05,54141.0,3112165.0,21.95
GMRINFRA,EQ,10-Feb-2022,43.15,44.0,44.0,42.25,42.55,42.55,42.7,22025673,940495919.9,89622.0,5213725.0,23.67
GMRINFRA,EQ,09-Feb-2022,42.6,43.1,43.75,42.15,43.35,43.15,43.0,19589633,842268342.1,74062.0,6875419.0,35.10
GMRINFRA,EQ,08-Feb-2022,42.4,42.55,42.85,41.3,42.45,42.6,42.11,20925822,881251454.95,81188.0,6507019.0,31.10
GMRINFRA,EQ,07-Feb-2022,43.15,43.0,43.2,41.8,42.4,42.4,42.35,12543665,531284606.65,62019.0,3421196.0,27.27
GMRINFRA,EQ,04-Feb-2022,44.15,44.15,44.15,42.95,43.05,43.15,43.49,12039836,523590448.45,57601.0,4743939.0,39.40
GMRINFRA,EQ,03-Feb-2022,43.8,43.85,44.5,43.45,43.9,44.15,44.08,18409475,811486118.55,75051.0,7906758.0,42.95
GMRINFRA,EQ,02-Feb-2022,42.4,42.7,44.2,42.7,43.75,43.8,43.65,29735952,1297940771.05,113342.0,12120989.0,40.76
GMRINFRA,EQ,01-Feb-2022,42.1,42.8,43.75,41.7,42.4,42.4,42.65,35041530,1494503703.15,129606.0,9946435.0,28.38
GMRINFRA,EQ,31-Jan-2022,40.55,41.05,42.4,40.8,42.4,42.1,41.81,16348373,683585099.65,77612.0,6123442.0,37.46
GMRINFRA,EQ,28-Jan-2022,40.0,40.25,41.5,40.15,40.65,40.55,40.96,12378345,506993098.75,17271.0,4788238.0,38.68
GMRINFRA,EQ,27-Jan-2022,40.4,40.3,40.3,39.05,40.05,40.0,39.57,16724976,661769698.75,48096.0,5729816.0,34.26
GMRINFRA,EQ,25-Jan-2022,39.95,39.75,40.8,39.0,40.35,40.4,40.33,12643024,509923925.45,44586.0,3712640.0,29.37
GMRINFRA,EQ,24-Jan-2022,42.3,42.3,42.75,39.6,39.7,39.95,40.66,11945896,485768797.7,50200.0,3333732.0,27.91
GMRINFRA,EQ,21-Jan-2022,43.35,43.35,43.7,42.0,42.4,42.3,42.86,8765751,375733781.5,44176.0,2493096.0,28.44
GMRINFRA,EQ,20-Jan-2022,44.05,44.0,44.4,43.05,43.35,43.35,43.6,15511799,676279220.05,40756.0,8487326.0,54.72
GMRINFRA,EQ,19-Jan-2022,43.4,43.5,44.2,42.1,44.0,44.05,43.75,15624047,683577030.55,51451.0,5302023.0,33.94
GMRINFRA,EQ,18-Jan-2022,44.85,45.2,45.2,43.1,43.5,43.4,44.4,16301907,723848290.1,51073.0,5328662.0,32.69
GMRINFRA,EQ,17-Jan-2022,45.35,45.35,46.1,44.6,44.85,44.85,45.07,21995345,991281267.7,46950.0,7822774.0,35.57
GMRINFRA,EQ,14-Jan-2022,44.55,44.5,45.95,44.25,45.3,45.35,45.27,23324620,1055895114.1,50715.0,10102274.0,43.31
GMRINFRA,EQ,13-Jan-2022,45.1,45.1,45.2,44.3,44.7,44.55,44.72,15851805,708895381.4,46650.0,8191205.0,51.67
GMRINFRA,EQ,12-Jan-2022,44.85,45.0,45.4,43.95,45.0,45.1,44.73,23224952,1038744449.7,56614.0,9321061.0,40.13
GMRINFRA,EQ,11-Jan-2022,48.45,43.75,46.7,43.15,44.75,44.85,45.11,58181562,2624549908.95,60052.0,22135145.0,38.04
GMRINFRA,EQ,10-Jan-2022,45.8,46.4,49.05,45.4,48.4,48.45,47.99,116152197,5573821446.8,114581.0,47158804.0,40.60
GMRINFRA,EQ,07-Jan-2022,48.3,48.7,48.8,44.55,45.8,45.8,46.25,131903062,6100835579.3,123078.0,54831345.0,41.57
GMRINFRA,EQ,06-Jan-2022,47.3,47.0,49.1,46.75,48.4,48.3,48.25,42448469,2048181292.6,57320.0,16607115.0,39.12
GMRINFRA,EQ,05-Jan-2022,48.2,48.3,49.15,47.0,47.45,47.3,48.16,33613931,1618910829.65,76448.0,9319615.0,27.73
GMRINFRA,EQ,04-Jan-2022,47.4,47.6,48.75,46.3,48.4,48.2,47.66,39925440,1902754486.8,69265.0,10823187.0,27.11
GMRINFRA,EQ,03-Jan-2022,45.75,46.55,48.2,45.5,47.3,47.4,46.82,39048484,1828250140.0,89006.0,11892780.0,30.46
GMRINFRA,EQ,31-Dec-2021,46.65,46.9,47.2,45.5,45.9,45.75,46.31,21839553,1011359335.35,64923.0,9883479.0,45.25
GMRINFRA,EQ,30-Dec-2021,47.15,46.85,47.3,46.2,46.8,46.65,46.7,22694166,1059852028.7,38754.0,8388979.0,36.97
GMRINFRA,EQ,29-Dec-2021,46.35,46.2,48.15,46.05,46.95,47.15,47.13,44915458,2116752513.25,82039.0,11813711.0,26.30
GMRINFRA,EQ,28-Dec-2023,73.3,73.7,77.1,72.95,76.2,76.3,75.49,44621995,3368576219.15,67518.0,17588262.0,39.42
GMRINFRA,EQ,27-Dec-2023,73.95,74.15,75.0,73.1,73.7,73.3,73.81,13530197,998608058.45,24255.0,5696192.0,42.1
GMRINFRA,EQ,26-Dec-2023,74.65,75.05,75.6,73.65,74.25,73.95,74.53,13691736,1020457030.6,31231.0,4514714.0,32.97
GMRINFRA,EQ,22-Dec-2023,73.4,75.3,77.8,73.7,74.75,74.65,75.58,27907280,2109128147.0,65588.0,8609515.0,30.85
GMRINFRA,EQ,21-Dec-2023,71.3,70.9,74.05,69.6,73.4,73.4,72.69,20851861,1515820521.55,47288.0,7963519.0,38.19
GMRINFRA,EQ,20-Dec-2023,75.7,76.35,77.0,70.5,71.45,71.3,74.01,23442670,1735100081.55,58488.0,7587718.0,32.37
GMRINFRA,EQ,19-Dec-2023,78.3,78.35,79.5,74.65,76.25,75.7,77.3,19698623,1522749450.15,46074.0,7185973.0,36.48
GMRINFRA,EQ,18-Dec-2023,77.5,77.5,78.55,76.0,78.25,78.3,77.61,20331390,1577954898.4,46611.0,8227786.0,40.47
GMRINFRA,EQ,15-Dec-2023,77.15,77.7,78.2,76.05,77.1,77.5,77.49,49693156,3850911849.75,81307.0,28796479.0,57.95
GMRINFRA,EQ,14-Dec-2023,77.15,77.85,78.9,76.4,77.2,77.15,77.6,105827318,8211718625.45,110052.0,54612340.0,51.61
GMRINFRA,EQ,13-Dec-2023,71.85,72.1,78.1,71.85,76.95,77.15,75.29,139161372,10477387491.3,156459.0,59340881.0,42.64
GMRINFRA,EQ,12-Dec-2023,73.1,73.5,74.3,71.0,71.95,71.85,72.5,52604713,3813887070.25,90077.0,14159750.0,26.92
GMRINFRA,EQ,11-Dec-2023,68.9,71.45,74.4,69.55,72.8,73.1,71.92,165979376,11937146264.75,228173.0,38139018.0,22.98
GMRINFRA,EQ,08-Dec-2023,61.7,59.85,70.4,58.75,69.15,68.9,65.95,487219557,32129734788.8,377961.0,141645360.0,29.07
GMRINFRA,EQ,07-Dec-2023,61.35,61.55,63.25,60.65,61.7,61.7,62.16,25752912,1600871123.6,25120.0,14141024.0,54.91
GMRINFRA,EQ,06-Dec-2023,62.1,62.4,62.7,61.2,61.55,61.35,61.64,8068930,497401325.6,18290.0,2684746.0,33.27
GMRINFRA,EQ,05-Dec-2023,62.3,62.55,63.9,61.1,62.1,62.1,62.57,27713959,1734089333.25,34846.0,16189004.0,58.41
GMRINFRA,EQ,04-Dec-2023,60.9,61.8,63.0,61.45,62.35,62.3,61.98,34976851,2167703672.85,38334.0,20570115.0,58.81
GMRINFRA,EQ,01-Dec-2023,59.8,60.2,61.35,60.2,61.0,60.9,60.88,14246978,867289199.1,25655.0,5890322.0,41.34
GMRINFRA,EQ,30-Nov-2023,60.3,60.45,61.05,59.2,60.1,59.8,60.21,19272526,1160404186.5,35089.0,8319618.0,43.17
GMRINFRA,EQ,29-Nov-2023,60.25,60.55,61.5,60.2,60.35,60.3,60.75,46270600,2810910044.2,26683.0,36693488.0,79.3
GMRINFRA,EQ,28-Nov-2023,60.35,61.65,61.9,59.65,60.3,60.25,60.51,24275975,1468893209.4,49000.0,10320459.0,42.51
GMRINFRA,EQ,24-Nov-2023,57.1,57.25,60.9,57.05,60.35,60.35,59.59,22678150,1351441960.95,39095.0,7386769.0,32.57
GMRINFRA,EQ,23-Nov-2023,57.35,57.55,57.85,57.0,57.1,57.1,57.45,4213485,242069133.4,8384.0,1854432.0,44.01
GMRINFRA,EQ,22-Nov-2023,57.55,57.65,58.05,56.4,57.4,57.35,57.32,6761170,387575826.55,18830.0,2634696.0,38.97
GMRINFRA,EQ,21-Nov-2023,57.7,58.0,58.25,57.15,57.45,57.55,57.65,3556117,205002805.45,18316.0,1274500.0,35.84
GMRINFRA,EQ,20-Nov-2023,58.7,59.0,59.0,57.25,57.8,57.7,57.85,7744798,448040056.75,15508.0,3373239.0,43.55
GMRINFRA,EQ,17-Nov-2023,57.6,57.85,59.5,57.5,58.9,58.7,58.81,14167071,833212242.7,27649.0,5272421.0,37.22
GMRINFRA,EQ,16-Nov-2023,58.0,58.2,58.35,57.5,57.7,57.6,57.91,3804394,220315060.45,11012.0,1645837.0,43.26
GMRINFRA,EQ,15-Nov-2023,57.25,57.55,58.45,57.15,57.85,58.0,57.87,4153475,240357357.65,11170.0,1701679.0,40.97
GMRINFRA,EQ,13-Nov-2023,58.3,58.3,58.3,57.0,57.25,57.25,57.41,3608807,207188551.85,12538.0,1266633.0,35.1
GMRINFRA,EQ,12-Nov-2023,57.65,58.0,59.4,57.75,58.15,58.3,58.42,2357539,137721463.4,7135.0,1274842.0,54.08
GMRINFRA,EQ,10-Nov-2023,56.2,56.5,58.4,55.7,57.5,57.65,57.3,15351937,879645581.3,36191.0,4148659.0,27.02
GMRINFRA,EQ,09-Nov-2023,56.65,56.9,56.9,56.1,56.3,56.2,56.47,3474550,196193832.3,7690.0,1432109.0,41.22
GMRINFRA,EQ,08-Nov-2023,56.0,56.05,57.0,56.0,56.7,56.65,56.54,3951807,223452561.55,11394.0,1717502.0,43.46
GMRINFRA,EQ,07-Nov-2023,56.5,56.35,56.5,55.5,55.9,56.0,55.94,2832431,158459401.35,11925.0,1013470.0,35.78
GMRINFRA,EQ,06-Nov-2023,56.05,56.5,57.0,55.95,56.35,56.5,56.48,3777488,213333657.3,11385.0,1400999.0,37.09
GMRINFRA,EQ,03-Nov-2023,56.0,56.3,57.1,55.8,56.0,56.05,56.45,4793564,270605990.95,12144.0,1734050.0,36.17
GMRINFRA,EQ,02-Nov-2023,54.25,55.0,56.5,54.5,56.5,56.0,55.42,4133434,229093539.25,8576.0,1836930.0,44.44
GMRINFRA,EQ,01-Nov-2023,54.6,55.0,55.5,54.1,54.2,54.25,54.84,2619387,143645498.8,8425.0,975533.0,37.24
GMRINFRA,EQ,31-Oct-2023,54.65,54.95,55.7,54.45,54.6,54.6,54.98,5247975,288535932.15,11463.0,1799015.0,34.28
GMRINFRA,EQ,30-Oct-2023,54.85,55.1,55.4,54.05,54.85,54.65,54.75,5157734,282394063.0,13291.0,1348908.0,26.15
GMRINFRA,EQ,27-Oct-2023,53.5,54.2,55.1,54.05,54.85,54.85,54.66,4130005,225743325.1,8948.0,1892671.0,45.83
GMRINFRA,EQ,26-Oct-2023,54.05,53.9,54.0,52.0,54.0,53.5,52.98,7448507,394618493.2,13525.0,2259514.0,30.34
GMRINFRA,EQ,25-Oct-2023,54.3,54.0,55.6,53.1,53.9,54.05,54.34,4699445,255375505.2,13640.0,1195467.0,25.44
GMRINFRA,EQ,23-Oct-2023,55.9,54.55,56.15,54.0,54.25,54.3,55.01,6068669,333817228.05,13409.0,2524400.0,41.6
GMRINFRA,EQ,20-Oct-2023,56.65,56.2,56.65,55.0,55.9,55.9,55.76,7835932,436938218.85,16864.0,3414074.0,43.57
GMRINFRA,EQ,19-Oct-2023,57.8,57.15,57.35,55.95,56.5,56.65,56.76,5939595,337158171.05,16881.0,2214800.0,37.29
GMRINFRA,EQ,18-Oct-2023,58.65,58.85,58.95,57.5,57.7,57.8,58.12,4283287,248927846.45,11795.0,1553161.0,36.26
GMRINFRA,EQ,17-Oct-2023,58.75,59.0,59.35,58.45,58.8,58.65,58.86,3601087,211946923.4,12804.0,1705777.0,47.37
GMRINFRA,EQ,16-Oct-2023,59.3,59.0,59.4,58.6,58.65,58.75,58.93,3460194,203899189.8,15494.0,1667070.0,48.18
GMRINFRA,EQ,13-Oct-2023,59.05,59.0,60.1,58.85,59.1,59.3,59.37,5048585,299755872.3,14128.0,1915859.0,37.95
GMRINFRA,EQ,12-Oct-2023,59.3,59.6,59.8,58.85,58.85,59.05,59.25,5355501,317330534.1,8273.0,3256477.0,60.81
GMRINFRA,EQ,11-Oct-2023,59.05,59.35,60.2,59.15,59.25,59.3,59.59,5579181,332444557.65,17029.0,2204700.0,39.52
GMRINFRA,EQ,10-Oct-2023,57.75,58.0,59.5,58.0,59.2,59.05,59.02,6429882,379479162.1,13903.0,2297124.0,35.73
GMRINFRA,EQ,09-Oct-2023,61.6,60.8,60.8,57.5,57.65,57.75,58.67,11462883,672578179.35,22683.0,3893742.0,33.97
GMRINFRA,EQ,06-Oct-2023,59.4,59.65,61.85,59.3,61.65,61.6,60.85,12142486,738871091.05,18430.0,5757778.0,47.42
GMRINFRA,EQ,05-Oct-2023,58.7,58.9,60.3,58.8,59.3,59.4,59.53,5036675,299846156.8,12802.0,2407916.0,47.81
GMRINFRA,EQ,04-Oct-2023,59.45,59.1,59.9,57.9,58.7,58.7,58.84,5335769,313972030.7,11575.0,1550897.0,29.07
GMRINFRA,EQ,03-Oct-2023,59.55,59.4,59.75,58.85,59.35,59.45,59.31,5841614,346461995.7,11148.0,3299174.0,56.48
GMRINFRA,EQ,29-Sep-2023,57.95,58.3,60.0,58.3,59.65,59.55,59.41,10110709,600704730.4,13581.0,4743183.0,46.91
GMRINFRA,EQ,28-Sep-2023,59.0,59.1,59.55,57.6,58.2,57.95,58.53,6242994,365415441.85,14851.0,2030658.0,32.53
GMRINFRA,EQ,27-Sep-2023,58.8,58.75,59.35,58.3,59.15,59.0,58.9,5725577,337260588.2,12354.0,2939991.0,51.35
GMRINFRA,EQ,26-Sep-2023,58.5,58.45,59.05,57.8,59.0,58.8,58.62,6050395,354683341.95,13000.0,2819430.0,46.6
GMRINFRA,EQ,25-Sep-2023,58.55,58.65,58.9,57.65,58.3,58.5,58.33,6707147,391234942.45,12514.0,2243784.0,33.45
GMRINFRA,EQ,22-Sep-2023,59.0,59.2,59.65,56.7,58.3,58.55,58.1,12703977,738054822.5,24211.0,5028709.0,39.58
GMRINFRA,EQ,21-Sep-2023,59.75,60.0,60.4,58.5,59.05,59.0,59.45,7266479,431985882.5,13143.0,3327813.0,45.8
GMRINFRA,EQ,20-Sep-2023,59.85,58.55,60.8,58.55,59.7,59.75,59.86,9459462,566261448.9,14146.0,4546439.0,48.06
GMRINFRA,EQ,18-Sep-2023,60.65,60.55,61.0,59.65,59.7,59.85,60.29,4245604,255955038.8,11515.0,1744356.0,41.09
GMRINFRA,EQ,15-Sep-2023,61.1,61.3,61.6,60.2,60.8,60.65,60.84,6556647,398936070.95,11924.0,3279398.0,50.02
GMRINFRA,EQ,14-Sep-2023,60.55,61.0,61.5,60.5,61.15,61.1,61.02,7223461,440807599.15,18296.0,2795690.0,38.7
GMRINFRA,EQ,13-Sep-2023,59.5,59.55,60.95,58.35,60.9,60.55,59.95,12937631,775621708.2,25591.0,4488419.0,34.69
GMRINFRA,EQ,12-Sep-2023,64.35,64.75,64.75,59.25,59.6,59.5,61.11,19092349,1166657916.05,37043.0,6816509.0,35.7
GMRINFRA,EQ,11-Sep-2023,63.8,63.95,65.0,63.4,64.4,64.35,64.2,9991587,641471494.5,23352.0,4032588.0,40.36
GMRINFRA,EQ,08-Sep-2023,63.1,63.45,64.25,63.1,63.75,63.8,63.72,8480182,540359896.6,16895.0,3381333.0,39.87
GMRINFRA,EQ,07-Sep-2023,62.85,62.85,63.9,62.0,63.15,63.1,63.29,7631288,482996068.85,17201.0,2771941.0,36.32
GMRINFRA,EQ,06-Sep-2023,63.9,64.1,64.1,62.2,62.95,62.85,63.0,7567262,476721094.35,21263.0,2175390.0,28.75
GMRINFRA,EQ,05-Sep-2023,63.35,63.6,64.6,62.65,63.9,63.9,63.49,11812824,749946783.5,23511.0,3851916.0,32.61
GMRINFRA,EQ,04-Sep-2023,62.95,63.45,64.9,63.0,63.4,63.35,63.67,16652913,1060257349.2,30674.0,5534583.0,33.23
GMRINFRA,EQ,01-Sep-2023,61.75,62.15,63.2,61.3,62.85,62.95,62.34,27651099,1723794086.8,28798.0,10613125.0,38.38
GMRINFRA,EQ,31-Aug-2023,60.25,60.65,62.65,59.55,62.2,61.75,61.54,50502513,3108111545.9,67239.0,17893206.0,35.43
GMRINFRA,EQ,30-Aug-2023,61.05,61.55,62.45,59.6,60.6,60.25,60.56,34475768,2087888024.4,54147.0,16190098.0,46.96
GMRINFRA,EQ,29-Aug-2023,60.75,60.8,63.0,60.6,61.25,61.05,61.69,28318471,1747062544.6,37382.0,10827669.0,38.24
GMRINFRA,EQ,28-Aug-2023,62.2,62.45,62.55,60.25,60.45,60.75,61.38,34933601,2144397973.1,45344.0,10085431.0,28.87
GMRINFRA,EQ,25-Aug-2023,64.9,63.95,66.75,61.4,61.65,62.2,63.86,72379150,4622211322.95,95022.0,17104230.0,23.63
GMRINFRA,EQ,24-Aug-2023,59.3,59.7,66.5,59.6,64.6,64.9,64.49,135946463,8767523957.5,157912.0,25986714.0,19.12
GMRINFRA,EQ,23-Aug-2023,57.85,58.1,60.25,58.1,59.35,59.3,59.39,30899192,1835104549.8,50905.0,8577084.0,27.76
GMRINFRA,EQ,22-Aug-2023,55.4,55.9,58.25,55.7,58.0,57.85,57.15,32240872,1842614568.45,50824.0,7842026.0,24.32
GMRINFRA,EQ,21-Aug-2023,53.3,53.95,55.7,53.45,55.65,55.4,54.74,19232830,1052723449.4,32078.0,7263515.0,37.77
GMRINFRA,EQ,18-Aug-2023,53.65,53.75,54.4,52.75,53.1,53.3,53.4,10071865,537841069.45,15655.0,3247917.0,32.25
GMRINFRA,EQ,17-Aug-2023,52.85,53.1,53.75,52.75,53.65,53.65,53.36,6053149,322974526.0,15848.0,2143742.0,35.42
GMRINFRA,EQ,16-Aug-2023,52.9,53.8,53.9,51.55,52.85,52.85,52.56,13982968,734883016.45,23535.0,4247529.0,30.38
GMRINFRA,EQ,14-Aug-2023,54.25,54.2,54.2,52.05,53.0,52.9,52.88,8579828,453662213.2,18120.0,2658467.0,30.99
GMRINFRA,EQ,11-Aug-2023,53.35,53.6,54.75,53.3,54.0,54.25,54.05,10974648,593218155.05,18719.0,3288329.0,29.96
GMRINFRA,EQ,10-Aug-2023,52.3,52.4,54.55,52.1,53.4,53.35,53.54,17025214,911543403.45,29333.0,5032474.0,29.56
GMRINFRA,EQ,09-Aug-2023,52.1,52.35,52.7,51.8,52.5,52.3,52.23,5947181,310598697.2,8623.0,1851824.0,31.14
GMRINFRA,EQ,08-Aug-2023,51.6,51.85,52.5,51.4,52.25,52.1,52.06,9259136,482061405.05,17391.0,2910806.0,31.44
GMRINFRA,EQ,07-Aug-2023,51.45,51.5,51.75,50.9,51.6,51.6,51.42,4781933,245876681.1,10912.0,1987938.0,41.57
GMRINFRA,EQ,04-Aug-2023,50.95,50.8,51.65,50.7,51.5,51.45,51.28,7272861,372934726.75,14358.0,2987435.0,41.08
GMRINFRA,EQ,03-Aug-2023,51.1,51.15,51.5,50.4,50.95,50.95,50.87,5419053,275669096.75,16077.0,1603564.0,29.59
GMRINFRA,EQ,02-Aug-2023,51.45,51.4,51.85,50.25,51.15,51.1,50.99,10994781,560633943.9,15400.0,4381203.0,39.85
GMRINFRA,EQ,01-Aug-2023,51.55,51.75,52.25,50.85,51.4,51.45,51.51,11311367,582683601.6,17163.0,4546255.0,40.19
GMRINFRA,EQ,31-Jul-2023,50.45,50.85,52.0,50.7,51.65,51.55,51.49,15034584,774085359.0,22452.0,5323374.0,35.41
GMRINFRA,EQ,28-Jul-2023,49.2,49.4,50.8,49.2,50.65,50.45,50.27,22759848,1144079164.95,25345.0,10215177.0,44.88
GMRINFRA,EQ,27-Jul-2023,48.45,48.8,49.8,48.55,49.25,49.2,49.2,24426760,1201752449.75,21109.0,11120470.0,45.53
GMRINFRA,EQ,26-Jul-2023,48.25,48.6,49.2,47.9,48.4,48.45,48.65,21822390,1061550856.6,24687.0,9373370.0,42.95
GMRINFRA,EQ,25-Jul-2023,46.5,47.0,48.8,46.7,48.15,48.25,47.72,40806033,1947073609.1,44695.0,12262958.0,30.05
GMRINFRA,EQ,24-Jul-2023,44.2,44.6,46.75,44.6,46.55,46.5,46.05,20028835,922295836.3,27592.0,5697899.0,28.45
GMRINFRA,EQ,21-Jul-2023,44.35,44.3,44.65,44.0,44.3,44.2,44.32,3928656,174099944.35,6880.0,1303964.0,33.19
GMRINFRA,EQ,20-Jul-2023,44.75,44.85,45.15,44.3,44.4,44.35,44.73,6109957,273303627.25,7567.0,1634083.0,26.74
GMRINFRA,EQ,19-Jul-2023,44.55,44.6,44.9,44.5,44.75,44.75,44.73,2399291,107314582.4,4984.0,937289.0,39.07
GMRINFRA,EQ,18-Jul-2023,45.05,45.3,45.3,44.4,44.55,44.55,44.73,3250250,145378151.95,7250.0,1263105.0,38.86
GMRINFRA,EQ,17-Jul-2023,44.8,45.25,45.3,44.85,45.05,45.05,45.06,3849078,173435296.55,9557.0,1495010.0,38.84
GMRINFRA,EQ,14-Jul-2023,44.2,44.5,45.1,44.1,45.1,44.8,44.62,6100474,272227057.3,9410.0,3417460.0,56.02
GMRINFRA,EQ,13-Jul-2023,45.45,45.5,45.65,44.0,44.35,44.2,44.7,9154654,409255475.15,14639.0,4269489.0,46.64
GMRINFRA,EQ,12-Jul-2023,44.6,44.95,45.85,44.6,45.4,45.45,45.36,8727768,395858257.75,17893.0,3329265.0,38.15
GMRINFRA,EQ,11-Jul-2023,44.4,44.35,45.1,44.35,44.65,44.6,44.74,2875965,128664119.15,7397.0,1055232.0,36.69
GMRINFRA,EQ,10-Jul-2023,45.15,45.3,45.3,44.15,44.3,44.4,44.53,4094165,182318954.85,8752.0,1452617.0,35.48
GMRINFRA,EQ,07-Jul-2023,44.7,44.75,45.45,44.45,45.05,45.15,45.05,9855004,443987863.0,12948.0,2670389.0,27.1
GMRINFRA,EQ,06-Jul-2023,43.8,43.75,44.8,43.55,44.65,44.7,44.34,12093942,536231269.35,12644.0,5640208.0,46.64
GMRINFRA,EQ,05-Jul-2023,43.55,43.6,44.0,43.4,43.8,43.8,43.78,3026198,132500442.35,7928.0,1203786.0,39.78
GMRINFRA,EQ,04-Jul-2023,43.75,44.0,44.3,43.15,43.6,43.55,43.65,13814960,603080604.05,9545.0,7813223.0,56.56
GMRINFRA,EQ,03-Jul-2023,43.7,43.9,44.3,43.6,43.9,43.75,43.94,6506578,285927733.3,9793.0,2422617.0,37.23
GMRINFRA,EQ,30-Jun-2023,42.6,42.65,44.1,42.65,43.7,43.7,43.3,14667901,635129053.0,12662.0,8366688.0,57.04
GMRINFRA,EQ,28-Jun-2023,42.8,42.9,43.3,42.4,42.75,42.6,42.77,13691234,585598004.6,12339.0,8606339.0,62.86
GMRINFRA,EQ,27-Jun-2023,42.35,42.4,43.05,42.3,42.7,42.8,42.61,10500420,447382884.6,6582.0,7030277.0,66.95
GMRINFRA,EQ,26-Jun-2023,42.4,42.25,42.85,41.75,42.4,42.35,42.46,11545975,490208749.5,9991.0,6852268.0,59.35
GMRINFRA,EQ,23-Jun-2023,42.4,42.45,42.75,41.85,42.2,42.4,42.4,8102957,343584941.65,7404.0,3751825.0,46.3
GMRINFRA,EQ,22-Jun-2023,43.35,43.7,43.7,41.85,42.4,42.4,42.48,10836618,460298319.65,12103.0,3183493.0,29.38
GMRINFRA,EQ,21-Jun-2023,43.1,43.2,43.6,42.65,43.5,43.35,43.14,7654601,330252736.0,7109.0,4194088.0,54.79
GMRINFRA,EQ,20-Jun-2023,42.55,42.55,43.2,42.2,43.2,43.1,42.9,3018101,129461741.6,6145.0,1146438.0,37.99
GMRINFRA,EQ,19-Jun-2023,43.1,43.2,43.35,42.5,42.55,42.55,42.89,7784184,333832541.55,11371.0,3543626.0,45.52
GMRINFRA,EQ,16-Jun-2023,43.25,43.5,43.5,43.0,43.05,43.1,43.22,4730158,204452577.5,6802.0,2293040.0,48.48
GMRINFRA,EQ,15-Jun-2023,43.2,43.45,43.7,43.15,43.2,43.25,43.4,7642550,331724415.7,12106.0,1693479.0,22.16
GMRINFRA,EQ,14-Jun-2023,42.05,42.25,43.3,42.05,43.2,43.2,42.8,9470785,405329574.5,13886.0,3627000.0,38.3
GMRINFRA,EQ,13-Jun-2023,42.35,42.5,42.55,41.95,42.1,42.05,42.16,4959560,209087372.2,7607.0,2759945.0,55.65
GMRINFRA,EQ,12-Jun-2023,42.35,42.5,42.6,42.1,42.35,42.35,42.37,5306624,224854629.8,8216.0,2319455.0,43.71
GMRINFRA,EQ,09-Jun-2023,42.1,42.15,42.6,41.85,42.25,42.35,42.33,9354290,395994258.7,9051.0,4458754.0,47.67
GMRINFRA,EQ,08-Jun-2023,42.2,42.45,42.75,42.0,42.05,42.1,42.35,7149697,302788144.15,8369.0,3302704.0,46.19
GMRINFRA,EQ,07-Jun-2023,41.65,42.15,42.65,41.75,42.25,42.2,42.27,12417151,524913525.75,13279.0,5697695.0,45.89
GMRINFRA,EQ,06-Jun-2023,41.55,41.5,42.1,41.35,41.8,41.65,41.71,7807290,325668982.05,9191.0,1920711.0,24.6
GMRINFRA,EQ,05-Jun-2023,41.3,41.5,42.0,41.1,41.45,41.55,41.7,8170749,340754920.1,9760.0,2941316.0,36.0
GMRINFRA,EQ,02-Jun-2023,40.8,41.1,41.5,40.85,41.25,41.3,41.2,7492897,308700982.85,9556.0,3202122.0,42.74
GMRINFRA,EQ,01-Jun-2023,40.5,40.8,41.2,40.65,40.75,40.8,40.9,6279111,256845633.0,10689.0,3114975.0,49.61
GMRINFRA,EQ,31-May-2023,40.85,40.95,41.25,40.3,40.65,40.5,40.72,14188091,577766421.9,15423.0,6968887.0,49.12
GMRINFRA,EQ,30-May-2023,40.55,40.75,41.55,40.4,40.9,40.85,40.93,19190583,785532250.05,22537.0,9452911.0,49.26
GMRINFRA,EQ,29-May-2023,45.0,44.3,44.3,40.0,40.6,40.55,40.95,45153505,1849105193.9,50915.0,18674597.0,41.36
GMRINFRA,EQ,26-May-2023,44.95,45.2,45.65,44.5,45.05,45.0,45.04,12924791,582078719.15,12542.0,3069181.0,23.75
GMRINFRA,EQ,25-May-2023,44.9,44.6,45.5,44.6,45.4,44.95,44.89,4923087,220973966.45,8293.0,2653403.0,53.9
GMRINFRA,EQ,24-May-2023,45.3,45.05,45.3,44.65,44.85,44.9,44.98,4547387,204527172.45,6903.0,2253965.0,49.57
GMRINFRA,EQ,23-May-2023,45.35,45.45,45.65,44.95,45.4,45.3,45.34,6388824,289691460.05,8919.0,3013867.0,47.17
GMRINFRA,EQ,22-May-2023,45.15,45.0,45.5,44.7,45.35,45.35,45.25,8466292,383120117.8,8607.0,3553840.0,41.98
GMRINFRA,EQ,19-May-2023,45.0,45.05,45.25,44.45,45.1,45.15,45.0,6689415,301017107.7,8310.0,2843211.0,42.5
GMRINFRA,EQ,18-May-2023,45.6,45.65,45.85,44.9,45.0,45.0,45.24,4768281,215730764.6,10036.0,1736927.0,36.43
GMRINFRA,EQ,17-May-2023,45.4,45.4,45.7,45.05,45.5,45.6,45.44,4715032,214231955.2,6483.0,2067487.0,43.85
GMRINFRA,EQ,16-May-2023,46.05,46.1,46.3,45.3,45.35,45.4,45.58,4916050,224091305.0,9181.0,2666543.0,54.24
GMRINFRA,EQ,15-May-2023,46.1,46.1,46.55,45.6,45.85,46.05,46.12,18043618,832226802.45,12221.0,1294318.0,7.17
GMRINFRA,EQ,12-May-2023,46.5,46.85,46.85,46.0,46.1,46.1,46.43,8533066,396150806.6,12046.0,1580801.0,18.53
GMRINFRA,EQ,11-May-2023,46.75,46.9,47.35,46.45,46.45,46.5,46.93,8537192,400623758.85,12320.0,2005151.0,23.49
GMRINFRA,EQ,10-May-2023,45.8,45.8,46.85,45.7,46.75,46.75,46.34,11099648,514370624.6,12719.0,4455506.0,40.14
GMRINFRA,EQ,09-May-2023,46.55,46.65,46.9,45.7,45.85,45.8,46.14,12432885,573642485.15,12998.0,3791389.0,30.49
GMRINFRA,EQ,08-May-2023,45.6,46.95,46.95,45.9,46.5,46.55,46.22,6608306,305468405.8,9130.0,1641850.0,24.85
GMRINFRA,EQ,05-May-2023,46.45,46.25,46.8,45.45,45.65,45.6,46.01,6882807,316676690.15,10330.0,2622214.0,38.1
GMRINFRA,EQ,04-May-2023,46.25,46.2,46.9,46.0,46.35,46.45,46.44,8160122,378946474.7,12744.0,2595959.0,31.81
GMRINFRA,EQ,03-May-2023,45.8,45.65,46.9,45.5,46.3,46.25,46.39,13862360,643143654.45,15143.0,3680010.0,26.55
GMRINFRA,EQ,02-May-2023,45.65,45.65,46.15,45.4,45.8,45.8,45.84,10257295,470145266.25,23236.0,1877029.0,18.3
GMRINFRA,EQ,28-Apr-2023,45.1,45.45,45.7,45.25,45.6,45.65,45.48,9432892,429027979.35,11203.0,2230440.0,23.65
GMRINFRA,EQ,27-Apr-2023,44.8,44.8,46.15,44.7,45.15,45.1,45.58,19626606,894537022.25,19709.0,6850146.0,34.9
GMRINFRA,EQ,26-Apr-2023,44.8,44.85,45.15,44.65,44.7,44.8,44.87,8563719,384279306.4,11073.0,3211322.0,37.5
GMRINFRA,EQ,25-Apr-2023,44.6,44.6,45.4,44.2,44.8,44.8,44.79,13527189,605883535.3,11257.0,6912282.0,51.1
GMRINFRA,EQ,24-Apr-2023,44.45,44.7,44.75,44.1,44.5,44.6,44.47,9107250,404964841.7,9489.0,2292669.0,25.17
GMRINFRA,EQ,21-Apr-2023,44.4,44.55,44.65,43.95,44.45,44.45,44.38,6214319,275785202.95,9117.0,1099445.0,17.69
GMRINFRA,EQ,20-Apr-2023,44.35,44.35,45.1,44.25,44.35,44.4,44.7,10637469,475495533.85,17358.0,2926551.0,27.51
GMRINFRA,EQ,19-Apr-2023,44.3,44.4,44.8,44.1,44.35,44.35,44.44,7428629,330146968.85,11018.0,2227603.0,29.99
GMRINFRA,EQ,18-Apr-2023,44.65,44.75,44.85,43.75,44.3,44.3,44.33,9065127,401894660.7,14968.0,2506171.0,27.65
GMRINFRA,EQ,17-Apr-2023,43.9,43.55,44.9,43.45,44.45,44.65,44.51,11911474,530185782.15,18009.0,2958622.0,24.84
GMRINFRA,EQ,13-Apr-2023,43.7,43.65,44.7,43.5,43.9,43.9,44.11,11309050,498873070.0,15211.0,2980904.0,26.36
GMRINFRA,EQ,12-Apr-2023,43.35,43.35,43.95,42.9,43.65,43.7,43.53,7294155,317534111.95,11039.0,1950833.0,26.75
GMRINFRA,EQ,11-Apr-2023,43.6,43.2,44.1,43.2,43.3,43.35,43.63,6046340,263811425.55,12428.0,1934328.0,31.99
GMRINFRA,EQ,10-Apr-2023,43.95,43.9,44.1,43.1,43.6,43.6,43.54,7235715,315052631.9,8930.0,2211387.0,30.56
GMRINFRA,EQ,06-Apr-2023,43.7,43.6,44.6,43.15,43.8,43.95,44.02,17931991,789320651.7,21689.0,5559885.0,31.01
GMRINFRA,EQ,05-Apr-2023,43.45,43.05,44.05,42.85,43.55,43.7,43.56,15870617,691348959.1,25202.0,4068302.0,25.63
GMRINFRA,EQ,03-Apr-2023,40.55,40.7,43.7,40.6,43.4,43.45,43.03,33649897,1448055705.25,43168.0,10743758.0,31.93
GMRINFRA,EQ,31-Mar-2023,39.2,39.4,40.7,39.15,40.55,40.55,40.15,12953895,520038445.35,16134.0,7742626.0,59.77
GMRINFRA,EQ,29-Mar-2023,37.5,37.7,39.65,37.5,39.5,39.2,38.72,12104832,468640118.45,16027.0,6046667.0,49.95
GMRINFRA,EQ,28-Mar-2023,38.45,38.25,38.35,37.2,37.6,37.5,37.58,9335014,350772281.6,12193.0,3801377.0,40.72
GMRINFRA,EQ,27-Mar-2023,38.75,38.75,38.85,38.25,38.35,38.45,38.58,16254901,627169122.7,14816.0,1920607.0,11.82
GMRINFRA,EQ,24-Mar-2023,39.45,39.5,39.65,38.6,38.8,38.75,39.07,4841603,189161262.85,7884.0,1923026.0,39.72
GMRINFRA,EQ,23-Mar-2023,39.7,39.75,39.95,39.3,39.5,39.45,39.57,3211083,127074329.35,7117.0,1204579.0,37.51
GMRINFRA,EQ,22-Mar-2023,39.85,39.65,40.35,39.65,39.65,39.7,39.92,5190595,207225272.45,7340.0,1588061.0,30.59
GMRINFRA,EQ,21-Mar-2023,41.25,41.45,41.45,39.75,39.95,39.85,40.25,7213732,290351529.5,11922.0,1502439.0,20.83
GMRINFRA,EQ,20-Mar-2023,42.7,42.75,43.25,40.85,41.05,41.25,41.89,12181923,510281997.9,19575.0,3248169.0,26.66
GMRINFRA,EQ,17-Mar-2023,41.75,42.15,42.85,41.85,42.75,42.7,42.44,21468791,911093658.5,28171.0,9227310.0,42.98
GMRINFRA,EQ,16-Mar-2023,41.35,41.45,42.25,40.4,41.85,41.75,41.53,17398465,722588801.05,28888.0,5426314.0,31.19
GMRINFRA,EQ,15-Mar-2023,39.45,40.0,42.05,39.7,41.3,41.35,41.21,34395621,1417399871.75,41779.0,9939479.0,28.9
GMRINFRA,EQ,14-Mar-2023,38.85,39.1,40.1,38.7,39.4,39.45,39.55,10989097,434627991.65,19612.0,3613475.0,32.88
GMRINFRA,EQ,13-Mar-2023,39.45,39.65,39.75,38.6,39.05,38.85,39.06,5941315,232050596.6,9194.0,2988093.0,50.29
GMRINFRA,EQ,10-Mar-2023,39.05,38.8,39.65,38.6,39.45,39.45,39.35,8699641,342329789.75,11962.0,3366697.0,38.7
GMRINFRA,EQ,09-Mar-2023,39.5,39.4,39.7,38.95,39.0,39.05,39.19,4063388,159248257.3,4919.0,1417508.0,34.88
GMRINFRA,EQ,08-Mar-2023,38.9,38.5,39.7,38.5,39.5,39.5,39.25,4762739,186945317.5,6934.0,1593979.0,33.47
GMRINFRA,EQ,06-Mar-2023,38.7,38.75,39.35,38.7,38.95,38.9,39.0,3709095,144638953.7,6674.0,1144688.0,30.86
GMRINFRA,EQ,03-Mar-2023,38.6,38.8,38.95,38.5,38.6,38.7,38.73,3865994,149749046.0,6584.0,1689388.0,43.7
GMRINFRA,EQ,02-Mar-2023,38.3,38.15,38.8,38.15,38.65,38.6,38.53,3854002,148512254.15,6069.0,1172629.0,30.43
GMRINFRA,EQ,01-Mar-2023,37.9,37.85,38.4,37.75,38.35,38.3,38.25,2331797,89185660.5,4544.0,726046.0,31.14
GMRINFRA,EQ,28-Feb-2023,37.45,37.5,38.0,37.45,38.0,37.9,37.77,5779017,218253936.85,6199.0,2486371.0,43.02
GMRINFRA,EQ,27-Feb-2023,37.2,37.2,37.55,36.8,37.5,37.45,37.13,4564380,169468391.5,6162.0,1432186.0,31.38
GMRINFRA,EQ,24-Feb-2023,37.5,37.65,37.85,37.1,37.2,37.2,37.36,4336804,162024633.2,6506.0,1830506.0,42.21
GMRINFRA,EQ,23-Feb-2023,38.5,38.4,38.4,37.4,37.65,37.5,37.89,8954009,339267331.65,11769.0,3955344.0,44.17
GMRINFRA,EQ,22-Feb-2023,38.9,38.85,39.05,38.2,38.35,38.5,38.5,10373931,399371089.95,10270.0,4399103.0,42.41
GMRINFRA,EQ,21-Feb-2023,39.15,39.2,39.45,38.75,38.85,38.9,39.11,9035581,353417877.4,7200.0,3456244.0,38.25
GMRINFRA,EQ,20-Feb-2023,39.6,39.75,39.75,39.05,39.25,39.15,39.32,6419565,252442083.1,6631.0,1302378.0,20.29
GMRINFRA,EQ,17-Feb-2023,39.5,39.45,39.75,39.1,39.65,39.6,39.5,9720405,383990225.5,9306.0,4132873.0,42.52
GMRINFRA,EQ,16-Feb-2023,38.4,38.75,40.05,38.4,39.5,39.5,39.22,10513744,412386713.4,12203.0,4036809.0,38.4
GMRINFRA,EQ,15-Feb-2023,38.15,38.25,39.1,38.1,38.45,38.4,38.52,10137218,390441402.1,8600.0,4798646.0,47.34
GMRINFRA,EQ,14-Feb-2023,38.45,38.7,38.7,38.05,38.15,38.15,38.29,3824544,146433515.3,6825.0,1064322.0,27.83
GMRINFRA,EQ,13-Feb-2023,38.75,38.8,39.0,38.2,38.4,38.45,38.57,3282490,126600563.65,5686.0,880004.0,26.81
GMRINFRA,EQ,10-Feb-2023,38.75,38.7,39.0,38.5,38.8,38.75,38.8,4137026,160501296.65,7184.0,1215392.0,29.38
GMRINFRA,EQ,09-Feb-2023,38.8,38.7,38.9,38.3,38.8,38.75,38.6,4650203,179513007.5,6961.0,1418379.0,30.5
GMRINFRA,EQ,08-Feb-2023,38.05,38.25,38.9,37.9,38.8,38.8,38.49,10364584,398969232.1,8062.0,6284751.0,60.64
GMRINFRA,EQ,07-Feb-2023,37.7,37.85,38.2,37.45,38.0,38.05,37.89,11446799,433772081.55,8649.0,7137143.0,62.35
GMRINFRA,EQ,06-Feb-2023,37.55,37.65,38.15,37.35,37.75,37.7,37.79,10648385,402429728.6,15373.0,6053253.0,56.85
GMRINFRA,EQ,03-Feb-2023,37.2,37.75,37.8,36.4,37.5,37.55,37.01,17133484,634043944.9,22786.0,2555622.0,14.92
GMRINFRA,EQ,02-Feb-2023,37.55,37.45,37.9,36.65,37.2,37.2,37.4,9416237,352137154.75,19851.0,2278186.0,24.19
GMRINFRA,EQ,01-Feb-2023,38.35,38.4,39.3,36.65,37.4,37.55,38.27,12266304,469477030.25,18787.0,3184865.0,25.96
GMRINFRA,EQ,31-Jan-2023,37.0,37.4,38.5,36.95,38.4,38.35,38.03,6037935,229610389.75,9683.0,1397512.0,23.15
GMRINFRA,EQ,30-Jan-2023,36.95,36.95,37.65,36.45,37.1,37.0,36.89,7717632,284670863.0,10781.0,1936062.0,25.09
GMRINFRA,EQ,27-Jan-2023,38.9,39.0,39.05,36.0,36.95,36.95,37.12,21890672,812621597.05,19802.0,4377883.0,20.0
GMRINFRA,EQ,25-Jan-2023,39.85,39.85,39.95,38.65,39.0,38.9,39.03,8963391,349837177.35,27544.0,3338994.0,37.25
GMRINFRA,EQ,24-Jan-2023,40.15,40.2,40.4,39.75,40.0,39.85,40.05,4482402,179533297.15,35866.0,997061.0,22.24
GMRINFRA,EQ,23-Jan-2023,39.8,39.95,40.5,39.4,40.05,40.15,40.03,5300712,212163849.8,36752.0,1431941.0,27.01
GMRINFRA,EQ,20-Jan-2023,40.3,40.3,40.4,39.7,39.8,39.8,40.07,5824125,233378500.7,19701.0,1910703.0,32.81
GMRINFRA,EQ,19-Jan-2023,40.6,40.45,40.5,40.15,40.35,40.3,40.31,3580608,144323892.75,13002.0,1326897.0,37.06
GMRINFRA,EQ,18-Jan-2023,40.15,40.2,40.7,40.0,40.45,40.6,40.44,4451416,180017086.85,20271.0,1348364.0,30.29
GMRINFRA,EQ,17-Jan-2023,40.35,40.5,40.5,39.9,40.15,40.15,40.2,5134556,206431978.05,38041.0,1727958.0,33.65
GMRINFRA,EQ,16-Jan-2023,41.1,41.0,41.15,40.3,40.45,40.35,40.62,4563216,185371225.9,12715.0,1414479.0,31.0
GMRINFRA,EQ,13-Jan-2023,40.4,40.4,41.35,40.2,41.0,41.1,40.83,20821760,850064985.05,19042.0,4981297.0,23.92
GMRINFRA,EQ,12-Jan-2023,40.4,40.45,40.75,40.2,40.35,40.4,40.43,7557886,305543135.65,36819.0,2415763.0,31.96
GMRINFRA,EQ,11-Jan-2023,40.3,40.45,40.75,40.1,40.35,40.4,40.43,14329791,579314352.7,34968.0,2791890.0,19.48
GMRINFRA,EQ,10-Jan-2023,40.65,40.7,40.95,39.95,40.3,40.3,40.43,8725686,352755211.7,37997.0,3596565.0,41.22
GMRINFRA,EQ,09-Jan-2023,40.15,40.3,40.8,40.0,40.5,40.65,40.37,21414107,864385742.6,42728.0,5569492.0,26.01
GMRINFRA,EQ,06-Jan-2023,40.4,40.5,40.65,39.85,40.15,40.15,40.24,12696901,510885183.15,39720.0,4204574.0,33.11
GMRINFRA,EQ,05-Jan-2023,39.9,40.2,40.5,39.7,40.35,40.4,40.15,8074807,324214210.45,42586.0,2279666.0,28.23
GMRINFRA,EQ,04-Jan-2023,40.8,40.75,41.0,39.7,39.9,39.9,40.1,10825925,434084719.15,39645.0,3805511.0,35.15
GMRINFRA,EQ,03-Jan-2023,40.75,40.7,41.1,40.6,40.8,40.8,40.87,6138079,250858872.6,37235.0,1547675.0,25.21
GMRINFRA,EQ,02-Jan-2023,39.75,40.0,41.05,39.9,40.8,40.75,40.51,15383996,623179192.65,41949.0,3949329.0,25.67
GMRINFRA,EQ,30-Dec-2022,39.4,39.9,40.1,39.45,39.9,39.75,39.79,9135104,363524419.8,40067.0,2112260.0,23.12
GMRINFRA,EQ,29-Dec-2022,39.0,39.0,40.15,38.5,39.4,39.4,39.48,22903405,904326916.95,52189.0,5175026.0,22.6
GMRAIRPORT,EQ,27-Dec-2024,79.04,79.8,80.14,78.92,79.0,79.05,79.5,10133639,805621389.84,34928.0,6040649.0,59.61
GMRAIRPORT,EQ,26-Dec-2024,79.15,79.15,79.75,78.56,79.3,79.04,79.11,10679581,844876236.43,36464.0,4451433.0,41.68
GMRAIRPORT,EQ,24-Dec-2024,79.3,79.49,80.48,78.66,79.07,79.15,79.43,6303126,500631513.14,26091.0,2002277.0,31.77
GMRAIRPORT,EQ,23-Dec-2024,78.82,79.18,80.64,78.55,79.39,79.3,79.54,19622227,1560722207.44,45289.0,9971107.0,50.82
GMRAIRPORT,EQ,20-Dec-2024,80.63,81.6,81.6,78.0,78.2,78.82,79.48,10082347,801300897.61,35180.0,5884064.0,58.36
GMRAIRPORT,EQ,19-Dec-2024,82.15,80.2,81.49,80.2,80.72,80.63,80.76,4878495,393994070.66,22111.0,2088627.0,42.81
GMRAIRPORT,EQ,18-Dec-2024,83.44,83.0,83.16,81.58,82.22,82.15,82.31,7559892,622285720.31,31909.0,3891307.0,51.47
GMRAIRPORT,EQ,17-Dec-2024,83.9,85.4,85.76,83.0,83.0,83.44,84.43,13065340,1103075357.69,48680.0,5440796.0,41.64
GMRAIRPORT,EQ,16-Dec-2024,83.95,84.05,84.44,83.65,84.06,83.9,83.97,4526525,380103392.65,20936.0,2572502.0,56.83
GMRAIRPORT,EQ,13-Dec-2024,84.56,83.81,84.47,81.92,84.24,83.95,83.19,7881359,655626109.56,45445.0,3223528.0,40.90
GMRAIRPORT,EQ,12-Dec-2024,85.44,85.7,85.7,84.2,84.51,84.56,84.83,7381845,626226335.21,24588.0,4656356.0,63.08
GMRAIRPORT,EQ,11-Dec-2024,85.13,84.75,85.84,84.75,85.55,85.44,85.36,5476910,467508610.8,25488.0,3653155.0,66.70
GMRINFRA,EQ,10-Dec-2024,86.2,86.2,86.4,84.51,85.15,85.13,85.19,7434198,633294398.7,30029.0,3304756.0,44.45
GMRINFRA,EQ,09-Dec-2024,84.5,84.5,87.19,84.36,86.1,86.2,86.21,19140139,1649985632.56,55370.0,8700450.0,45.46
GMRINFRA,EQ,06-Dec-2024,84.03,84.35,85.28,84.08,84.45,84.5,84.64,7902560,668836184.46,29649.0,2775024.0,35.12
GMRINFRA,EQ,05-Dec-2024,83.89,83.87,84.42,83.06,84.3,84.03,83.82,6818799,571568973.56,21265.0,2758241.0,40.45
GMRINFRA,EQ,04-Dec-2024,83.61,83.71,84.24,83.15,83.85,83.89,83.8,10260533,859806118.15,40304.0,5072727.0,49.44
GMRINFRA,EQ,03-Dec-2024,83.34,83.5,84.18,83.3,83.4,83.61,83.81,17166826,1438825698.12,40264.0,10600173.0,61.75
GMRINFRA,EQ,02-Dec-2024,83.21,83.2,83.65,82.29,83.35,83.34,83.09,14744874,1225087855.88,32768.0,6468949.0,43.87
GMRINFRA,EQ,29-Nov-2024,82.49,82.62,83.91,82.16,82.97,83.21,82.93,22669084,1879981624.31,40799.0,13364588.0,58.96
GMRINFRA,EQ,28-Nov-2024,81.81,82.05,82.94,81.53,82.0,82.49,82.24,35219816,2896566289.49,91661.0,17708707.0,50.28
GMRINFRA,EQ,27-Nov-2024,80.19,80.65,82.04,79.93,81.95,81.81,81.25,12574153,1021671470.39,41897.0,4588878.0,36.49
GMRINFRA,EQ,26-Nov-2024,80.05,80.0,81.1,79.33,80.16,80.19,80.34,9168793,736600270.4,27084.0,3597278.0,39.23
GMRINFRA,EQ,25-Nov-2024,79.16,82.35,82.35,79.73,80.2,80.05,80.33,31694346,2545902358.09,51879.0,17401902.0,54.91
GMRINFRA,EQ,22-Nov-2024,76.85,77.99,79.64,76.85,79.01,79.16,78.67,14612979,1149537318.98,46989.0,5456454.0,37.34
GMRINFRA,EQ,21-Nov-2024,80.53,80.37,80.37,74.12,76.8,76.85,76.9,72676903,5589047212.57,124776.0,30652593.0,42.18
GMRINFRA,EQ,19-Nov-2024,78.01,80.5,82.4,79.15,80.15,80.53,81.34,43057112,3502317506.25,107049.0,19491090.0,45.27
GMRINFRA,EQ,18-Nov-2024,76.81,77.0,78.99,75.95,77.99,78.01,77.62,17220570,1336613474.52,51187.0,8477778.0,49.23
GMRINFRA,EQ,14-Nov-2024,76.01,76.12,77.45,75.73,76.79,76.81,76.66,12842078,984458664.36,38350.0,4118640.0,32.07
GMRINFRA,EQ,13-Nov-2024,78.22,77.93,78.37,75.41,76.12,76.01,76.62,9038751,692558814.21,43604.0,3763853.0,41.64
GMRINFRA,EQ,12-Nov-2024,79.49,79.59,80.22,77.75,77.95,78.22,79.01,6872819,543047050.19,37132.0,2832965.0,41.22
GMRINFRA,EQ,11-Nov-2024,80.29,79.5,80.39,78.73,79.4,79.49,79.59,7182092,571621281.56,37263.0,2774895.0,38.64
GMRINFRA,EQ,08-Nov-2024,80.89,80.46,81.79,79.7,79.72,80.29,80.66,9328340,752434273.89,36588.0,3491273.0,37.43
GMRINFRA,EQ,07-Nov-2024,81.62,81.85,82.27,80.65,80.9,80.89,81.46,15655489,1275254619.88,45759.0,7817776.0,49.94
GMRINFRA,EQ,06-Nov-2024,78.46,79.0,81.92,78.93,81.65,81.62,80.78,22714681,1834795848.94,70564.0,11139045.0,49.04
GMRINFRA,EQ,05-Nov-2024,77.94,77.21,78.9,76.12,78.85,78.46,77.54,13676142,1060472074.72,58217.0,4457907.0,32.60
GMRINFRA,EQ,04-Nov-2024,79.99,80.0,80.14,76.62,77.65,77.94,77.66,15366033,1193312492.06,69427.0,5991898.0,38.99
GMRINFRA,EQ,01-Nov-2024,79.32,79.57,80.48,79.35,79.95,79.99,80.07,2173451,174035948.19,15531.0,1014558.0,46.68
GMRINFRA,EQ,31-Oct-2024,80.77,80.84,80.94,78.85,79.26,79.32,79.6,16681311,1327912658.86,61228.0,8768746.0,52.57
GMRINFRA,EQ,30-Oct-2024,79.48,79.5,81.52,78.69,80.85,80.77,80.63,20826727,1679199830.33,60612.0,11102360.0,53.31
GMRINFRA,EQ,29-Oct-2024,77.94,78.01,79.86,76.45,79.49,79.48,78.19,24154169,1888540353.17,76113.0,11331170.0,46.91
GMRINFRA,EQ,28-Oct-2024,78.82,80.4,80.4,76.1,77.98,77.94,77.84,23819510,1854219979.74,65841.0,11741444.0,49.29
GMRINFRA,EQ,25-Oct-2024,82.52,79.5,81.21,77.67,79.02,78.82,79.25,26995746,2139310785.68,69943.0,9450661.0,35.01
GMRINFRA,EQ,24-Oct-2024,82.23,83.01,83.65,82.16,82.6,82.52,82.91,14325395,1187760924.06,49021.0,5985495.0,41.78
GMRINFRA,EQ,23-Oct-2024,80.39,81.0,82.85,79.45,82.0,82.23,81.69,24982283,2040804378.58,66193.0,10159036.0,40.66
GMRINFRA,EQ,22-Oct-2024,82.96,84.25,84.51,79.76,81.01,80.39,81.22,34980173,2841024047.89,90680.0,14233411.0,40.69
GMRINFRA,EQ,21-Oct-2024,85.76,85.0,85.74,82.51,82.78,82.96,83.55,15886550,1327375453.45,68167.0,5743336.0,36.15
GMRINFRA,EQ,18-Oct-2024,86.59,86.0,86.43,84.68,85.69,85.76,85.57,11983548,1025448239.57,46583.0,4258740.0,35.54
GMRINFRA,EQ,17-Oct-2024,89.36,90.0,90.14,86.15,86.45,86.59,87.58,16629384,1456436469.99,60035.0,7950644.0,47.81
GMRINFRA,EQ,16-Oct-2024,89.54,89.52,89.83,88.61,89.1,89.36,89.29,10230032,913485607.48,44192.0,4497670.0,43.97
GMRINFRA,EQ,15-Oct-2024,88.95,89.4,89.75,88.78,89.38,89.54,89.29,7812014,697527786.58,27930.0,4060828.0,51.98
GMRINFRA,EQ,14-Oct-2024,88.42,88.35,89.25,88.21,88.8,88.95,88.75,5903276,523935907.05,28701.0,2257254.0,38.24
GMRINFRA,EQ,11-Oct-2024,88.85,89.0,89.17,87.92,88.35,88.42,88.51,5711389,505522180.54,25516.0,2052303.0,35.93
GMRINFRA,EQ,10-Oct-2024,87.69,89.0,90.78,88.57,88.7,88.85,89.64,16067072,1440329602.23,57205.0,4255852.0,26.49
GMRINFRA,EQ,09-Oct-2024,87.2,88.85,89.55,86.93,87.74,87.69,88.29,56656765,5001969737.11,74542.0,32918008.0,58.10
GMRINFRA,EQ,08-Oct-2024,85.27,86.84,87.81,85.0,87.5,87.2,86.57,24641127,2133176133.31,78865.0,11864099.0,48.15
GMRINFRA,EQ,07-Oct-2024,89.94,90.09,90.48,84.57,85.5,85.27,86.24,19453347,1677680364.02,74447.0,7929143.0,40.76
GMRINFRA,EQ,04-Oct-2024,88.63,88.7,90.84,87.9,89.5,89.94,89.86,44536329,4001899575.85,67712.0,14819593.0,33.28
GMRINFRA,EQ,03-Oct-2024,93.93,92.5,93.19,88.21,88.7,88.63,90.03,30507677,2746627033.44,117975.0,15206328.0,49.84
GMRINFRA,EQ,01-Oct-2024,94.06,94.0,94.93,93.55,93.85,93.93,94.15,6427524,605135511.09,25246.0,2719684.0,42.31
GMRINFRA,EQ,30-Sep-2024,95.09,94.93,95.51,93.4,93.99,94.06,94.3,27171343,2562225458.86,54622.0,15478526.0,56.97
GMRINFRA,EQ,27-Sep-2024,94.11,94.1,95.84,93.89,94.9,95.09,95.03,17892851,1700294419.52,56224.0,8384312.0,46.86
GMRINFRA,EQ,26-Sep-2024,94.52,94.3,94.49,92.74,94.1,94.11,93.52,14245128,1332220557.87,57372.0,6143704.0,43.13
GMRINFRA,EQ,25-Sep-2024,95.36,95.3,95.5,93.7,94.5,94.52,94.6,9382737,887615432.02,28754.0,3840069.0,40.93
GMRINFRA,EQ,24-Sep-2024,95.29,95.9,96.0,94.79,95.36,95.36,95.34,23003532,2193229426.07,49437.0,14796213.0,64.32
GMRINFRA,EQ,23-Sep-2024,94.53,95.02,95.87,94.49,95.3,95.29,94.77,45222207,4285590968.29,40473.0,32119168.0,71.03
GMRINFRA,EQ,20-Sep-2024,92.65,93.5,95.4,92.82,94.85,94.53,94.35,82880399,7820126129.95,67971.0,66703173.0,80.48
GMRINFRA,EQ,19-Sep-2024,94.05,94.65,95.52,90.88,93.01,92.65,92.73,22329080,2070672630.78,67475.0,8893059.0,39.83
GMRINFRA,EQ,18-Sep-2024,95.68,95.99,96.3,93.68,93.85,94.05,94.73,12812312,1213651068.77,48578.0,5548383.0,43.31
GMRINFRA,EQ,17-Sep-2024,97.13,97.69,98.23,95.5,95.62,95.68,97.02,16020892,1554407591.83,74058.0,6863827.0,42.84
GMRINFRA,EQ,16-Sep-2024,96.03,97.0,97.94,96.21,97.2,97.13,96.99,18632178,1807166136.29,57025.0,7045339.0,37.81
GMRINFRA,EQ,13-Sep-2024,93.89,94.8,96.8,94.39,96.05,96.03,95.77,26520675,2539825100.4,77524.0,12500399.0,47.13
GMRINFRA,EQ,12-Sep-2024,92.54,94.0,94.3,92.7,94.11,93.89,93.48,13560571,1267602817.59,47357.0,6568112.0,48.44
GMRINFRA,EQ,11-Sep-2024,92.58,93.0,94.4,92.2,92.74,92.54,93.31,20636627,1925693794.23,77032.0,7674548.0,37.19
GMRINFRA,EQ,10-Sep-2024,90.89,92.75,93.27,91.77,92.67,92.58,92.42,22804252,2107534636.71,74672.0,7989772.0,35.04
GMRINFRA,EQ,09-Sep-2024,91.03,90.6,91.35,89.21,91.2,90.89,90.13,16636538,1499428266.5,68731.0,6177094.0,37.13
GMRINFRA,EQ,06-Sep-2024,95.77,95.77,96.17,90.68,90.85,91.03,92.23,39150062,3610872373.86,114351.0,16866584.0,43.08
GMRINFRA,EQ,05-Sep-2024,93.42,93.75,96.9,92.5,95.94,95.77,94.22,123773625,11661384245.95,98429.0,84418804.0,68.20
GMRINFRA,EQ,04-Sep-2024,94.08,93.66,94.8,93.07,93.3,93.42,93.81,8262756,775130878.62,33095.0,3728137.0,45.12
GMRINFRA,EQ,03-Sep-2024,93.38,93.6,94.35,93.34,94.13,94.08,93.88,8327582,781802919.25,34418.0,4319547.0,51.87
GMRINFRA,EQ,02-Sep-2024,94.48,95.0,95.25,92.54,93.1,93.38,93.39,12416497,1159606157.76,39607.0,5370381.0,43.25
GMRINFRA,EQ,30-Aug-2024,94.11,95.0,95.25,93.73,94.3,94.48,94.29,28561801,2692970449.61,46921.0,18474681.0,64.68
GMRINFRA,EQ,29-Aug-2024,94.66,94.75,94.97,92.84,94.4,94.11,93.92,26954557,2531633612.9,56973.0,12029151.0,44.63
GMRINFRA,EQ,28-Aug-2024,95.5,95.5,96.76,94.17,94.43,94.66,95.49,60839359,5809494315.21,86494.0,26456347.0,43.49
GMRINFRA,EQ,27-Aug-2024,95.94,96.0,96.88,95.02,95.47,95.5,95.56,18564985,1774099137.98,40427.0,12203555.0,65.73
GMRINFRA,EQ,26-Aug-2024,95.85,96.34,96.71,94.9,95.65,95.94,95.9,22016952,2111468888.75,48333.0,13034379.0,59.20
GMRINFRA,EQ,23-Aug-2024,95.01,95.15,98.1,93.77,95.85,95.85,95.12,95397103,9074053856.82,103705.0,63004032.0,66.04
GMRINFRA,EQ,22-Aug-2024,94.92,96.45,96.83,94.79,95.15,95.01,95.5,21874232,2088912603.82,48191.0,13187499.0,60.29
GMRINFRA,EQ,21-Aug-2024,95.55,95.7,96.15,94.8,95.1,94.92,95.21,16780064,1597618918.56,30994.0,12280848.0,73.19
GMRINFRA,EQ,20-Aug-2024,96.29,96.4,96.82,95.35,95.51,95.55,95.81,19092986,1829300027.6,33118.0,12448970.0,65.20
GMRINFRA,EQ,19-Aug-2024,95.87,97.4,97.73,96.01,96.2,96.29,96.57,28104301,2713916636.19,38885.0,17071019.0,60.74
GMRINFRA,EQ,16-Aug-2024,92.73,94.4,96.29,93.12,95.44,95.87,94.84,10705031,1015215141.12,37579.0,3471128.0,32.43
GMRINFRA,EQ,14-Aug-2024,94.81,94.0,94.7,92.31,93.1,92.73,93.09,15858298,1476265572.98,55775.0,5551359.0,35.01
GMRINFRA,EQ,13-Aug-2024,98.02,97.5,98.48,94.4,94.6,94.81,96.4,14108542,1360060335.06,50230.0,5880698.0,41.68
GMRINFRA,EQ,12-Aug-2024,99.48,99.48,99.49,97.7,97.9,98.02,98.51,16492152,1624587224.34,51580.0,7959864.0,48.26
GMRINFRA,EQ,09-Aug-2024,98.69,99.9,100.49,98.96,99.2,99.48,99.72,18097097,1804677275.72,47275.0,8073543.0,44.61
GMRINFRA,EQ,08-Aug-2024,96.98,96.98,100.2,96.36,98.34,98.69,98.72,31402322,3100088919.42,96575.0,12960499.0,41.27
GMRINFRA,EQ,07-Aug-2024,92.09,94.45,97.31,93.71,97.0,96.98,95.93,23761549,2279456536.64,69554.0,9552530.0,40.20
GMRINFRA,EQ,06-Aug-2024,92.5,93.29,95.87,91.7,92.4,92.09,94.12,24599252,2315372465.41,76612.0,9720718.0,39.52
GMRINFRA,EQ,05-Aug-2024,98.0,95.0,95.8,90.1,92.32,92.5,92.64,40083603,3713179102.84,123439.0,12911847.0,32.21
GMRINFRA,EQ,02-Aug-2024,101.52,97.55,100.73,97.36,97.94,98.0,98.94,28298007,2799774943.88,81790.0,8218188.0,29.04
GMRINFRA,EQ,01-Aug-2024,101.73,102.0,102.53,99.55,101.5,101.52,101.36,18419300,1867021874.14,70138.0,7096419.0,38.53
GMRINFRA,EQ,31-Jul-2024,99.97,102.5,103.75,101.48,101.7,101.73,102.47,47293326,4846127722.88,135868.0,18360732.0,38.82
GMRINFRA,EQ,30-Jul-2024,97.25,97.6,101.5,96.9,101.4,99.97,99.15,28982515,2873677450.0,69059.0,17000117.0,58.66
GMRINFRA,EQ,29-Jul-2024,97.27,97.76,99.0,96.25,97.19,97.25,97.7,21968001,2146310041.07,110891.0,12142005.0,55.27
GMRINFRA,EQ,26-Jul-2024,94.1,93.9,97.69,93.89,97.42,97.27,96.46,20947325,2020565259.64,54926.0,10214456.0,48.76
GMRINFRA,EQ,25-Jul-2024,95.29,94.69,94.93,93.26,94.25,94.1,94.05,10902252,1025368198.03,39216.0,3666379.0,33.63
GMRINFRA,EQ,24-Jul-2024,94.13,94.2,95.85,93.81,95.32,95.29,95.15,16610113,1580369900.07,46700.0,7472832.0,44.99
GMRINFRA,EQ,23-Jul-2024,94.0,94.0,96.4,88.73,94.09,94.13,94.0,47125296,4429667528.02,109936.0,14680381.0,31.15
GMRINFRA,EQ,22-Jul-2024,91.94,92.5,94.37,90.71,94.34,94.0,92.67,27658139,2563179374.58,68792.0,9872619.0,35.70
GMRINFRA,EQ,19-Jul-2024,95.93,95.93,95.93,91.56,91.7,91.94,92.99,24364590,2265725703.27,78858.0,9174694.0,37.66
GMRINFRA,EQ,18-Jul-2024,96.91,97.02,98.0,94.75,95.83,95.93,95.81,18804375,1801680367.97,60662.0,7490279.0,39.83
GMRINFRA,EQ,16-Jul-2024,98.09,98.0,100.0,96.6,96.83,96.91,98.4,27348929,2691029368.44,80203.0,11646493.0,42.58
GMRINFRA,EQ,15-Jul-2024,97.74,98.0,98.75,96.15,98.14,98.09,97.64,14466846,1412525774.75,51358.0,4614886.0,31.90
GMRINFRA,EQ,12-Jul-2024,98.72,98.99,100.57,97.2,97.35,97.74,99.12,36609764,3628897393.87,99740.0,11222097.0,30.65
GMRINFRA,EQ,11-Jul-2024,97.55,98.0,99.7,97.71,98.45,98.72,98.55,15328902,1510604141.91,51634.0,6009514.0,39.20
GMRINFRA,EQ,10-Jul-2024,98.57,98.8,99.53,94.57,97.8,97.55,97.06,21356245,2072736334.62,65169.0,6420645.0,30.06
GMRINFRA,EQ,09-Jul-2024,98.9,99.6,100.62,97.8,98.51,98.57,99.04,22715631,2249682427.28,65860.0,8878118.0,39.08
GMRINFRA,EQ,08-Jul-2024,96.23,96.23,99.4,95.0,99.19,98.9,97.22,24269090,2359529061.36,75669.0,11481739.0,47.31
GMRINFRA,EQ,05-Jul-2024,96.83,96.5,97.39,95.89,96.19,96.23,96.56,11040422,1066101109.03,41563.0,5455178.0,49.41
GMRINFRA,EQ,04-Jul-2024,96.54,96.9,98.2,96.5,97.0,96.83,97.24,13921325,1353756541.3,49215.0,6294437.0,45.21
GMRINFRA,EQ,03-Jul-2024,95.87,96.4,96.9,95.72,96.45,96.54,96.31,11316517,1089877242.24,46593.0,5039846.0,44.54
GMRINFRA,EQ,02-Jul-2024,97.62,97.3,98.49,95.16,95.99,95.87,96.73,30125285,2914125244.27,72364.0,13131680.0,43.59
GMRINFRA,EQ,01-Jul-2024,96.57,96.0,97.95,95.26,97.69,97.62,96.91,20727809,2008735853.35,62089.0,6703943.0,32.34
GMRINFRA,EQ,28-Jun-2024,99.24,99.5,99.6,95.74,96.4,96.57,97.01,38975155,3780859144.8,101497.0,14456207.0,37.09
GMRINFRA,EQ,27-Jun-2024,98.28,98.5,101.25,97.49,99.26,99.24,99.43,60678698,6033502228.91,151561.0,23481644.0,38.70
GMRINFRA,EQ,26-Jun-2024,95.07,95.5,99.6,94.86,98.15,98.28,98.13,63535658,6234604644.81,153713.0,17298464.0,27.23
GMRINFRA,EQ,25-Jun-2024,96.91,97.1,97.69,94.61,95.21,95.07,95.93,23217837,2227260583.93,83469.0,10244873.0,44.13
GMRINFRA,EQ,24-Jun-2024,97.97,97.3,98.87,95.95,96.68,96.91,97.68,26259521,2565133959.57,82814.0,8129772.0,30.96
GMRINFRA,EQ,21-Jun-2024,96.99,97.2,99.68,96.1,97.8,97.97,98.11,52096986,5111173680.96,111850.0,14797875.0,28.40
GMRINFRA,EQ,20-Jun-2024,97.88,98.31,99.1,96.41,97.2,96.99,97.74,32609865,3187337096.52,84803.0,12525409.0,38.41
GMRINFRA,EQ,19-Jun-2024,97.84,98.6,100.7,95.5,97.9,97.88,98.19,120276067,11810157506.48,226300.0,39150432.0,32.55
GMRINFRA,EQ,18-Jun-2024,93.92,95.1,98.0,95.05,97.85,97.84,96.54,115730997,11173123098.25,192464.0,55113365.0,47.62
GMRINFRA,EQ,14-Jun-2024,91.73,92.88,94.55,91.76,93.95,93.92,93.6,92400158,8648699394.79,177501.0,39604670.0,42.86
GMRINFRA,EQ,13-Jun-2024,90.13,91.3,92.5,89.35,91.6,91.73,91.23,46860712,4275062376.79,98152.0,16024993.0,34.20
GMRINFRA,EQ,12-Jun-2024,90.95,92.25,92.8,89.2,90.19,90.13,90.83,48775636,4430352933.91,114804.0,20573217.0,42.18
GMRINFRA,EQ,11-Jun-2024,86.93,87.5,93.23,87.36,90.7,90.95,91.4,140719522,12861721644.55,289747.0,35994073.0,25.58
GMRINFRA,EQ,10-Jun-2024,86.7,87.0,88.3,86.4,86.75,86.93,87.34,26759808,2337283919.85,58725.0,10748697.0,40.17
GMRINFRA,EQ,07-Jun-2024,84.3,83.9,87.0,83.8,86.55,86.7,85.94,26367119,2265903057.85,48636.0,10226245.0,38.78
GMRINFRA,EQ,06-Jun-2024,81.75,82.3,86.4,82.0,84.7,84.3,84.71,61875083,5241275682.6,91568.0,28500359.0,46.06
GMRINFRA,EQ,05-Jun-2024,76.6,78.0,82.5,73.35,81.7,81.75,78.04,71682102,5594342956.05,117235.0,28719873.0,40.07
GMRINFRA,EQ,04-Jun-2024,88.3,88.0,88.0,70.65,76.75,76.6,78.32,115226707,9024027389.0,245224.0,51499860.0,44.69
GMRINFRA,EQ,03-Jun-2024,84.6,88.85,88.95,87.15,88.4,88.3,88.19,58456620,5155499667.2,108750.0,29318854.0,50.15
GMRINFRA,EQ,31-May-2024,81.05,82.5,85.1,82.5,84.3,84.6,84.35,81926700,6910182303.4,119509.0,36644111.0,44.73
GMRINFRA,EQ,30-May-2024,87.0,88.75,88.8,80.25,81.45,81.05,83.45,97495544,8136144061.2,146486.0,49947283.0,51.23
GMRINFRA,EQ,29-May-2024,87.5,87.5,87.9,86.35,87.1,87.0,87.08,40724431,3546117083.75,45132.0,22571582.0,55.43
GMRINFRA,EQ,28-May-2024,88.2,88.7,89.1,86.55,87.75,87.5,87.48,41133318,3598299819.65,53142.0,21275748.0,51.72
GMRINFRA,EQ,27-May-2024,86.95,88.35,89.75,87.05,88.3,88.2,88.6,64829380,5744042087.5,87251.0,27606407.0,42.58
GMRINFRA,EQ,24-May-2024,87.2,87.0,88.15,85.65,86.8,86.95,87.24,34875202,3042477259.2,57116.0,15865843.0,45.49
GMRINFRA,EQ,23-May-2024,87.5,87.9,88.2,86.45,87.05,87.2,87.3,41608099,3632289786.35,58178.0,17879159.0,42.97
GMRINFRA,EQ,22-May-2024,85.55,85.95,87.85,83.9,87.7,87.5,86.56,49986916,4326974597.05,70680.0,15424018.0,30.86
GMRINFRA,EQ,21-May-2024,86.0,86.2,86.3,84.5,85.6,85.55,85.53,18753436,1604057228.6,43478.0,9795895.0,52.24
GMRINFRA,EQ,18-May-2024,86.05,86.3,86.9,85.8,86.2,86.0,86.25,3538755,305216321.8,11047.0,1825473.0,51.59
GMRINFRA,EQ,17-May-2024,82.95,83.2,86.65,82.7,86.0,86.05,85.21,24862680,2118429707.8,53301.0,13766575.0,55.37
GMRINFRA,EQ,16-May-2024,83.75,84.0,85.0,82.45,83.0,82.95,83.37,9418488,785256141.0,36529.0,4098178.0,43.51
GMRINFRA,EQ,15-May-2024,83.45,83.55,84.25,83.05,83.6,83.75,83.61,9378427,784106098.75,39339.0,4756170.0,50.71
GMRINFRA,EQ,14-May-2024,82.35,82.85,83.75,82.3,83.7,83.45,83.22,12609063,1049333586.0,34531.0,5394423.0,42.78
GMRINFRA,EQ,13-May-2024,80.1,80.3,82.55,78.65,82.4,82.35,80.78,16718497,1350555965.85,47730.0,6429383.0,38.46
GMRINFRA,EQ,10-May-2024,78.55,79.25,80.95,77.85,80.0,80.1,79.97,15680082,1253883260.35,44993.0,4808058.0,30.66
GMRINFRA,EQ,09-May-2024,80.6,80.7,81.65,78.1,78.55,78.55,80.05,20898249,1672837708.05,50068.0,6697309.0,32.05
GMRINFRA,EQ,08-May-2024,79.0,79.6,82.1,77.6,80.75,80.6,80.23,28202896,2262775558.4,49928.0,8371874.0,29.68
GMRINFRA,EQ,07-May-2024,83.3,83.45,83.45,78.5,79.0,79.0,79.99,43376425,3469478056.45,112496.0,19889468.0,45.85
GMRINFRA,EQ,06-May-2024,85.6,85.95,85.95,81.7,83.45,83.3,83.19,23811979,1980966897.7,54510.0,8887324.0,37.32
GMRINFRA,EQ,03-May-2024,88.15,89.0,89.85,84.55,85.6,85.6,86.85,59484779,5166282769.2,93904.0,25467050.0,42.81
GMRINFRA,EQ,02-May-2024,85.15,85.75,88.8,83.5,88.4,88.15,85.87,69372247,5956961584.65,94010.0,25345420.0,36.54
GMRINFRA,EQ,30-Apr-2024,87.4,87.9,88.2,84.85,85.3,85.15,86.25,46391574,4001210142.95,63368.0,23207234.0,50.02
GMRINFRA,EQ,29-Apr-2024,90.75,91.75,91.9,86.9,88.1,87.4,89.27,69094550,6167743122.45,90687.0,36573173.0,52.93
GMRINFRA,EQ,26-Apr-2024,85.15,85.9,92.4,85.6,91.3,90.75,90.61,121203082,10981965666.65,205182.0,31744816.0,26.19
GMRINFRA,EQ,25-Apr-2024,82.45,82.65,85.5,82.15,85.4,85.15,84.19,29717351,2502035150.15,53217.0,11046035.0,37.17
GMRINFRA,EQ,24-Apr-2024,82.35,82.75,83.45,82.1,82.65,82.45,82.8,10812226,895210579.2,29156.0,4273016.0,39.52
GMRINFRA,EQ,23-Apr-2024,81.05,81.5,83.0,80.65,82.25,82.35,81.93,18800097,1540205700.65,49658.0,6989902.0,37.18
GMRINFRA,EQ,22-Apr-2024,80.65,81.4,81.75,80.55,81.2,81.05,81.02,13243769,1072960853.45,26936.0,5967833.0,45.06
GMRINFRA,EQ,19-Apr-2024,80.0,78.7,81.25,78.25,80.7,80.65,80.11,17239317,1381113917.55,39378.0,3662907.0,21.25
GMRINFRA,EQ,18-Apr-2024,80.5,81.0,82.45,79.6,80.8,80.0,81.27,13758049,1118160301.2,35741.0,4462839.0,32.44
GMRINFRA,EQ,16-Apr-2024,80.65,80.5,81.1,79.4,80.6,80.5,80.31,13449634,1080108154.7,35733.0,4077987.0,30.32
GMRINFRA,EQ,15-Apr-2024,83.7,81.4,83.15,80.0,80.8,80.65,81.45,39207669,3193510679.7,58687.0,14251978.0,36.35
GMRINFRA,EQ,12-Apr-2024,85.1,85.1,85.55,83.45,83.95,83.7,84.36,15288438,1289764215.45,32682.0,6378896.0,41.72
GMRINFRA,EQ,10-Apr-2024,84.8,85.05,85.95,84.6,85.5,85.1,85.22,8040522,685235098.25,19677.0,2630224.0,32.71
GMRINFRA,EQ,09-Apr-2024,85.7,85.95,86.5,84.45,84.7,84.8,85.47,10438396,892210637.3,24383.0,3839186.0,36.78
GMRINFRA,EQ,08-Apr-2024,85.65,86.05,86.4,85.15,85.7,85.7,85.77,10248393,878997882.0,27948.0,4115698.0,40.16
GMRINFRA,EQ,05-Apr-2024,84.4,84.4,86.7,83.85,85.6,85.65,85.62,33992152,2910438493.75,45976.0,15931845.0,46.87
GMRINFRA,EQ,04-Apr-2024,84.05,84.5,85.7,83.55,84.5,84.4,84.6,11970580,1012711222.9,29262.0,3194743.0,26.69
GMRINFRA,EQ,03-Apr-2024,85.0,85.25,85.4,83.8,84.2,84.05,84.39,15811657,1334376402.9,34273.0,6739161.0,42.62
GMRINFRA,EQ,02-Apr-2024,83.55,83.0,85.6,83.0,85.1,85.0,84.5,16799176,1419477145.85,39440.0,7571558.0,45.07
GMRINFRA,EQ,01-Apr-2024,81.6,82.4,84.0,82.3,83.75,83.55,83.3,14429781,1202013019.55,29009.0,5801670.0,40.21
GMRINFRA,EQ,28-Mar-2024,79.8,80.9,82.25,80.25,81.8,81.6,81.37,24357737,1981885470.65,51533.0,10219498.0,41.96
GMRINFRA,EQ,27-Mar-2024,79.05,81.4,81.4,79.4,79.8,79.8,80.14,26320881,2109481592.55,57941.0,11018668.0,41.86
GMRINFRA,EQ,26-Mar-2024,78.65,78.6,79.75,77.75,79.0,79.05,78.84,12905284,1017393836.65,30762.0,5382202.0,41.71
GMRINFRA,EQ,22-Mar-2024,79.1,79.15,79.6,78.0,78.5,78.65,78.94,9769561,771232777.55,25219.0,2727852.0,27.92
GMRINFRA,EQ,21-Mar-2024,74.65,75.9,79.3,75.6,79.3,79.1,78.05,18986015,1481806008.45,35456.0,6126628.0,32.27
GMRINFRA,EQ,20-Mar-2024,75.3,76.0,76.3,73.0,74.75,74.65,74.59,15111132,1127119329.1,30202.0,4648407.0,30.76
GMRINFRA,EQ,19-Mar-2024,77.1,77.25,77.5,75.05,75.3,75.3,76.07,11022369,838457656.05,30586.0,4411780.0,40.03
GMRINFRA,EQ,18-Mar-2024,77.3,77.3,78.2,76.25,77.25,77.1,77.17,9153822,706359247.9,25500.0,3647667.0,39.85
GMRINFRA,EQ,15-Mar-2024,78.05,78.0,78.75,74.8,77.3,77.3,76.64,19455715,1491007633.2,41473.0,7657841.0,39.36
GMRINFRA,EQ,14-Mar-2024,75.15,76.35,78.6,74.5,78.4,78.05,77.19,30451300,2350433876.4,54225.0,13138066.0,43.14
GMRINFRA,EQ,13-Mar-2024,80.95,81.0,81.15,73.6,75.0,75.15,76.58,34943703,2676077620.9,70144.0,13042317.0,37.32
GMRINFRA,EQ,12-Mar-2024,82.7,82.95,83.4,80.55,80.8,80.95,81.46,19702229,1605034312.5,35334.0,5820868.0,29.54
GMRINFRA,EQ,11-Mar-2024,84.5,85.35,85.4,82.4,82.7,82.7,83.53,16717842,1396405656.5,36128.0,8853072.0,52.96
GMRINFRA,EQ,07-Mar-2024,82.7,83.15,85.15,82.65,84.25,84.5,83.99,14135199,1187159762.8,28439.0,6667670.0,47.17
GMRINFRA,EQ,06-Mar-2024,86.75,86.75,86.95,80.8,82.8,82.7,83.2,24841782,2066773265.9,62018.0,7760491.0,31.24
GMRINFRA,EQ,05-Mar-2024,86.65,86.55,87.65,86.0,86.6,86.75,86.83,16913400,1468511410.15,37195.0,7133568.0,42.18
GMRINFRA,EQ,04-Mar-2024,85.8,86.35,87.5,85.65,86.65,86.65,86.81,24955290,2166375756.9,44717.0,11623499.0,46.58
GMRINFRA,EQ,02-Mar-2024,85.55,85.7,86.75,85.5,85.9,85.8,85.94,4326231,371786605.15,7532.0,2865115.0,66.23
GMRINFRA,EQ,01-Mar-2024,84.0,84.5,86.2,84.25,85.95,85.55,85.17,26544078,2260746621.55,41582.0,10190031.0,38.39
GMRINFRA,EQ,29-Feb-2024,84.4,84.8,85.35,82.6,84.4,84.0,83.95,341649737,28681484740.45,160287.0,213536655.0,62.50
GMRINFRA,EQ,28-Feb-2024,85.75,86.25,87.5,84.0,84.45,84.4,85.69,47472979,4068181808.8,78356.0,26451886.0,55.72
GMRINFRA,EQ,27-Feb-2024,87.65,87.9,88.4,85.4,85.95,85.75,86.67,75427795,6537608223.2,97532.0,36883345.0,48.90
GMRINFRA,EQ,26-Feb-2024,88.35,88.8,89.6,87.1,87.5,87.65,88.4,39761640,3514731792.35,69311.0,25107262.0,63.14
GMRINFRA,EQ,23-Feb-2024,87.65,88.25,89.65,87.75,87.85,88.35,88.64,25843128,2290838252.8,50337.0,15296922.0,59.19
GMRINFRA,EQ,22-Feb-2024,86.25,86.85,88.3,84.75,87.8,87.65,86.86,29169629,2533694766.1,60970.0,12035511.0,41.26
GMRINFRA,EQ,21-Feb-2024,90.6,90.9,90.9,84.55,86.3,86.25,86.94,63802448,5547156661.5,115132.0,32678464.0,51.22
GMRINFRA,EQ,20-Feb-2024,92.1,92.6,94.35,89.85,90.15,90.6,92.28,56491851,5213104333.4,98397.0,21473455.0,38.01
GMRINFRA,EQ,19-Feb-2024,89.25,89.8,92.85,87.75,92.4,92.1,91.22,51843868,4729182395.4,91507.0,22513406.0,43.43
GMRINFRA,EQ,16-Feb-2024,90.35,90.85,91.2,88.65,88.75,89.25,89.97,38111593,3428775516.15,63085.0,14946496.0,39.22
GMRINFRA,EQ,15-Feb-2024,89.85,90.6,91.7,89.1,90.35,90.35,90.18,31048461,2800088441.2,62619.0,12325658.0,39.70
GMRINFRA,EQ,14-Feb-2024,89.85,88.25,90.8,87.8,90.45,89.85,89.8,34239889,3074909844.35,72248.0,13144903.0,38.39
GMRINFRA,EQ,13-Feb-2024,85.6,89.45,91.15,85.8,89.95,89.85,88.85,85283123,7577539283.55,136141.0,33581063.0,39.38
GMRINFRA,EQ,12-Feb-2024,88.85,89.25,89.3,84.75,85.45,85.6,86.48,25142104,2174289710.65,52987.0,7247035.0,28.82
GMRINFRA,EQ,09-Feb-2024,90.15,90.3,90.55,84.2,88.5,88.85,87.33,35007959,3057407791.2,68976.0,10848585.0,30.99
GMRINFRA,EQ,08-Feb-2024,90.8,91.2,92.55,89.8,90.35,90.15,91.22,44963439,4101452721.1,73586.0,19291193.0,42.90
GMRINFRA,EQ,07-Feb-2024,88.15,88.65,91.3,88.05,90.7,90.8,90.12,63741860,5744636733.75,102138.0,26324140.0,41.30
GMRINFRA,EQ,06-Feb-2024,87.35,87.85,89.65,85.55,88.15,88.15,87.57,28893814,2530203151.95,62432.0,10838354.0,37.51
GMRINFRA,EQ,05-Feb-2024,85.2,85.7,89.75,85.5,87.15,87.35,87.93,84036591,7389504916.8,179381.0,34128060.0,40.61
GMRINFRA,EQ,02-Feb-2024,79.1,79.75,87.0,79.65,85.0,85.2,84.61,124563723,10538737378.85,190933.0,42860485.0,34.41
GMRINFRA,EQ,01-Feb-2024,78.35,76.15,79.95,76.05,79.8,79.1,77.92,39919389,3110474231.15,83895.0,11803363.0,29.57
GMRINFRA,EQ,31-Jan-2024,78.8,78.8,79.25,77.35,77.85,78.35,78.28,26944356,2109119988.55,48863.0,11797426.0,43.78
GMRINFRA,EQ,30-Jan-2024,78.2,78.85,81.7,78.15,78.85,78.8,79.67,37994594,3026903299.25,57652.0,13545150.0,35.65
GMRINFRA,EQ,29-Jan-2024,77.05,78.1,80.35,76.9,78.45,78.2,78.32,44502382,3485459777.6,67791.0,22018625.0,49.48
GMRINFRA,EQ,25-Jan-2024,75.7,76.05,79.1,75.5,77.7,77.05,77.05,56040749,4317754106.5,81987.0,22123252.0,39.48
GMRINFRA,EQ,24-Jan-2024,75.5,75.5,76.6,73.6,75.95,75.7,75.4,35773435,2697437050.85,64335.0,14755046.0,41.25
GMRINFRA,EQ,23-Jan-2024,81.9,82.5,83.0,74.25,75.75,75.5,78.6,43604317,3427201327.6,78649.0,20945877.0,48.04
GMRINFRA,EQ,20-Jan-2024,82.5,83.0,84.5,81.1,82.05,81.9,82.59,34168130,2821974431.5,47485.0,14114512.0,41.31
GMRINFRA,EQ,19-Jan-2024,83.7,83.0,84.55,81.85,82.5,82.5,83.04,38979778,3236933415.65,56407.0,22625269.0,58.04
GMRINFRA,EQ,18-Jan-2024,83.4,83.35,84.4,80.15,83.8,83.7,82.72,23950513,1981095281.7,49489.0,7011145.0,29.27
GMRINFRA,EQ,17-Jan-2024,84.35,84.35,85.7,82.7,83.5,83.4,84.3,31240324,2633696986.7,56581.0,14349948.0,45.93
GMRINFRA,EQ,16-Jan-2024,83.25,83.65,86.5,82.5,84.15,84.35,84.87,41718790,3540476394.3,80306.0,17373400.0,41.64
GMRINFRA,EQ,15-Jan-2024,84.3,84.8,85.3,82.8,83.5,83.25,83.49,22379230,1868396613.95,49631.0,9765798.0,43.64
GMRINFRA,EQ,12-Jan-2024,85.3,85.7,85.7,84.1,84.6,84.3,84.57,30674302,2594103295.2,48313.0,17865402.0,58.24
GMRINFRA,EQ,11-Jan-2024,86.3,86.6,87.25,83.3,85.1,85.3,85.1,80080582,6814781330.95,64514.0,32775497.0,40.93
GMRINFRA,EQ,10-Jan-2024,84.8,85.25,87.0,84.55,86.4,86.3,86.06,39105541,3365521566.1,68038.0,17327017.0,44.31
GMRINFRA,EQ,09-Jan-2024,86.9,87.6,88.25,84.1,84.8,84.8,85.48,48744140,4166498069.05,78112.0,18540120.0,38.04
GMRINFRA,EQ,08-Jan-2024,83.9,80.0,88.7,80.0,87.1,86.9,84.63,202570408,17144367736.5,175207.0,72071524.0,35.58
GMRINFRA,EQ,05-Jan-2024,84.45,84.8,85.25,81.9,83.95,83.9,84.09,40706295,3423055505.35,67623.0,17144704.0,42.12
GMRINFRA,EQ,04-Jan-2024,81.8,82.2,84.95,81.75,84.6,84.45,83.6,91736436,7669245748.55,84013.0,47975770.0,52.30
GMRINFRA,EQ,03-Jan-2024,79.6,79.95,83.0,78.85,81.8,81.8,81.02,36193954,2932293402.15,64588.0,10735108.0,29.66
GMRINFRA,EQ,02-Jan-2024,80.35,80.75,80.75,77.25,79.85,79.6,78.87,28625842,2257802745.3,59427.0,7367852.0,25.74
GMRINFRA,EQ,01-Jan-2024,80.55,80.9,82.3,79.85,80.2,80.35,81.18,37830090,3071133749.05,73059.0,14022117.0,37.07
GMRINFRA,EQ,29-Dec-2023,76.3,76.3,81.5,75.7,80.6,80.55,79.23,78284106,6202156455.65,113065.0,24445350.0,31.23
GMRAIRPORT,EQ,26-Dec-2025,103.08,103.1,104.25,102.12,102.4,102.45,103.23,7845932,809929991.69,38230.0,3111286.0,39.65
GMRAIRPORT,EQ,24-Dec-2025,104.89,105.22,105.69,102.96,103.2,103.08,104.35,12397732,1293659639.41,46958.0,5349799.0,43.15
GMRAIRPORT,EQ,23-Dec-2025,102.17,102.45,105.27,101.21,104.85,104.89,103.59,15810413,1637730064.57,46273.0,6804102.0,43.04
GMRAIRPORT,EQ,22-Dec-2025,101.53,102.05,103.34,101.6,102.17,102.17,102.36,9042603,925586254.13,37598.0,3815207.0,42.19
GMRAIRPORT,EQ,19-Dec-2025,100.59,100.64,102.19,100.48,101.3,101.53,101.31,32492470,3291766598.82,108907.0,20289678.0,62.44
GMRAIRPORT,EQ,18-Dec-2025,100.95,100.99,101.05,99.26,100.6,100.59,100.27,7539349,755945010.25,32959.0,3166604.0,42.00
GMRAIRPORT,EQ,17-Dec-2025,103.52,103.2,104.0,100.4,100.87,100.95,102.01,11526107,1175775685.19,41249.0,5082304.0,44.09
GMRAIRPORT,EQ,16-Dec-2025,104.88,104.9,105.99,102.65,103.21,103.52,103.99,13369715,1390375196.13,40113.0,5043983.0,37.73
GMRAIRPORT,EQ,15-Dec-2025,104.34,103.95,106.9,103.24,104.9,104.88,105.52,42888244,4525654791.46,77422.0,20229833.0,47.17
GMRAIRPORT,EQ,12-Dec-2025,98.16,98.9,104.74,98.23,104.2,104.34,102.46,71679432,7344352809.29,119273.0,37371673.0,52.14
GMRAIRPORT,EQ,11-Dec-2025,98.54,98.54,98.66,96.95,98.0,98.16,98.02,8604476,843369029.85,31832.0,3942144.0,45.82
GMRAIRPORT,EQ,10-Dec-2025,100.41,100.85,100.85,97.9,98.11,98.54,99.28,8694060,863111091.54,32751.0,4284193.0,49.28
GMRAIRPORT,EQ,09-Dec-2025,98.71,98.0,100.99,98.0,100.45,100.41,99.88,22493544,2246758696.31,55195.0,11872436.0,52.78
GMRAIRPORT,EQ,08-Dec-2025,103.51,103.51,103.74,97.93,98.35,98.71,99.97,15105989,1510105529.08,54812.0,7396813.0,48.97
GMRAIRPORT,EQ,05-Dec-2025,103.06,102.56,103.97,101.0,103.8,103.51,102.36,30961152,3169165626.63,81021.0,17847468.0,57.64
GMRAIRPORT,EQ,04-Dec-2025,105.35,105.0,105.84,102.84,102.99,103.06,104.08,23135574,2407885448.78,58054.0,17179063.0,74.25
GMRAIRPORT,EQ,03-Dec-2025,106.63,107.39,107.91,104.9,105.36,105.35,106.02,36117634,3829114435.17,94439.0,20939067.0,57.97
GMRAIRPORT,EQ,02-Dec-2025,107.64,107.2,110.36,106.43,106.68,106.63,107.92,57495746,6205091483.33,109867.0,41220887.0,71.69
GMRAIRPORT,EQ,01-Dec-2025,108.35,108.9,109.6,106.83,107.67,107.64,108.29,40681263,4405236154.3,96131.0,26208148.0,64.42
GMRAIRPORT,EQ,28-Nov-2025,106.69,106.2,109.07,106.0,108.4,108.35,108.19,25821928,2793663485.33,65109.0,12145975.0,47.04
GMRAIRPORT,EQ,27-Nov-2025,106.76,107.2,107.21,106.23,106.73,106.69,106.75,13820784,1475335386.84,46052.0,7960652.0,57.60
GMRAIRPORT,EQ,26-Nov-2025,104.21,104.98,107.07,104.61,106.8,106.76,106.29,27688034,2943083580.93,77608.0,13613241.0,49.17
GMRAIRPORT,EQ,25-Nov-2025,103.76,103.49,105.99,103.32,104.57,104.21,104.97,27430965,2879461612.53,72479.0,14270197.0,52.02
GMRAIRPORT,EQ,24-Nov-2025,104.05,104.68,104.7,102.89,103.21,103.76,103.73,30916627,3207098741.26,81595.0,19793710.0,64.02
GMRAIRPORT,EQ,21-Nov-2025,103.27,103.25,105.49,102.55,103.94,104.05,104.56,36366106,3802515477.62,86897.0,18415598.0,50.64
GMRAIRPORT,EQ,20-Nov-2025,102.92,102.92,104.44,102.6,103.03,103.27,103.52,22471259,2326149859.89,60295.0,13004917.0,57.87
GMRAIRPORT,EQ,19-Nov-2025,103.72,104.2,104.7,102.52,102.8,102.92,103.56,24782245,2566339455.46,72148.0,8757865.0,35.34
GMRAIRPORT,EQ,18-Nov-2025,97.68,97.66,104.85,97.5,104.0,103.72,102.35,103946808,10639394982.47,210276.0,36474750.0,35.09
GMRAIRPORT,EQ,17-Nov-2025,95.67,97.46,98.08,96.42,97.49,97.68,97.47,16152779,1574411496.61,43443.0,5653252.0,35.00
GMRAIRPORT,EQ,14-Nov-2025,95.49,97.65,99.19,94.65,95.55,95.67,96.63,28366853,2740949675.16,69734.0,7780786.0,27.43
GMRAIRPORT,EQ,13-Nov-2025,95.5,95.25,96.2,95.09,95.46,95.49,95.6,10602571,1013572992.08,25720.0,6944479.0,65.50
GMRAIRPORT,EQ,12-Nov-2025,95.49,95.99,96.27,94.64,95.25,95.5,95.41,10526450,1004368917.91,33030.0,5819352.0,55.28
GMRAIRPORT,EQ,11-Nov-2025,95.65,95.5,95.8,94.45,95.64,95.49,95.35,6227895,593820867.35,24105.0,3951047.0,63.44
GMRAIRPORT,EQ,10-Nov-2025,95.66,95.11,96.72,95.11,95.45,95.65,95.9,10726731,1028657491.23,28008.0,5760857.0,53.71
GMRAIRPORT,EQ,07-Nov-2025,94.45,94.3,96.3,94.0,95.7,95.66,95.43,17206733,1642108460.96,39187.0,9330810.0,54.23
GMRAIRPORT,EQ,06-Nov-2025,95.16,94.1,96.43,94.1,94.38,94.45,95.29,11103563,1058011816.91,31180.0,5379460.0,48.45
GMRAIRPORT,EQ,04-Nov-2025,93.5,94.01,96.22,94.0,95.14,95.16,95.4,16023424,1528613982.58,47178.0,5649483.0,35.26
GMRAIRPORT,EQ,03-Nov-2025,93.97,93.97,94.1,93.03,93.6,93.5,93.52,3907119,365412823.47,19068.0,2211447.0,56.60
GMRAIRPORT,EQ,31-Oct-2025,94.47,95.2,95.94,93.7,93.83,93.97,95.01,12371529,1175402768.71,38448.0,6042004.0,48.84
GMRAIRPORT,EQ,30-Oct-2025,92.97,93.21,95.5,93.2,94.7,94.47,94.71,26516655,2511427594.76,54075.0,12260621.0,46.24
GMRAIRPORT,EQ,29-Oct-2025,92.69,92.65,93.58,91.73,93.5,92.97,92.5,15092548,1396035691.1,36909.0,9301803.0,61.63
GMRAIRPORT,EQ,28-Oct-2025,92.34,92.34,93.59,92.18,92.56,92.69,92.77,11137106,1033214510.27,34884.0,5892004.0,52.90
GMRAIRPORT,EQ,27-Oct-2025,93.2,94.0,94.0,91.87,92.35,92.34,92.48,9440624,873079226.97,26006.0,5894383.0,62.44
GMRAIRPORT,EQ,24-Oct-2025,92.31,92.35,94.68,92.19,93.22,93.2,93.57,27201354,2545279447.68,63375.0,15803004.0,58.10
GMRAIRPORT,EQ,23-Oct-2025,92.01,91.3,93.35,91.3,92.32,92.31,92.58,22751127,2106278865.73,49403.0,12675068.0,55.71
GMRAIRPORT,EQ,21-Oct-2025,91.96,92.5,92.58,91.6,92.02,92.01,92.06,1659032,152725824.35,7267.0,1035972.0,62.44
GMRAIRPORT,EQ,20-Oct-2025,90.15,90.1,92.14,89.97,92.02,91.96,91.31,8623578,787389977.32,25480.0,4539364.0,52.64
GMRAIRPORT,EQ,17-Oct-2025,90.87,90.81,90.82,89.6,90.07,90.15,90.32,5675574,512623478.91,17493.0,3296661.0,58.09
GMRAIRPORT,EQ,16-Oct-2025,90.16,89.96,91.15,89.79,90.63,90.87,90.76,6688742,607041132.6,24586.0,3845369.0,57.49
GMRAIRPORT,EQ,15-Oct-2025,88.84,89.1,90.54,88.5,90.02,90.16,89.64,4646050,416477433.56,23219.0,2717220.0,58.48
GMRAIRPORT,EQ,14-Oct-2025,89.85,90.5,90.88,88.3,88.76,88.84,89.24,3991563,356210377.31,18040.0,1749380.0,43.83
GMRAIRPORT,EQ,13-Oct-2025,90.35,89.9,90.49,88.58,89.77,89.85,89.49,4918636,440183777.37,17666.0,1884283.0,38.31
GMRAIRPORT,EQ,10-Oct-2025,90.71,90.71,91.16,89.85,90.13,90.35,90.29,4874972,440182680.84,23370.0,2424685.0,49.74
GMRAIRPORT,EQ,09-Oct-2025,87.59,87.15,91.1,87.07,90.64,90.71,89.64,12062943,1081369968.23,40585.0,4836816.0,40.10
GMRAIRPORT,EQ,08-Oct-2025,88.39,88.38,88.45,86.95,87.35,87.59,87.78,6861831,602327237.97,23278.0,3444183.0,50.19
GMRAIRPORT,EQ,07-Oct-2025,88.7,88.77,89.15,88.21,88.4,88.39,88.61,3176718,281504316.41,21383.0,1614452.0,50.82
GMRAIRPORT,EQ,06-Oct-2025,89.28,89.18,89.47,87.5,88.61,88.7,88.38,7601497,671804695.83,20378.0,4258792.0,56.03
GMRAIRPORT,EQ,03-Oct-2025,89.34,89.4,90.27,89.05,89.12,89.28,89.4,6940845,620492711.17,17770.0,4086288.0,58.87
GMRAIRPORT,EQ,01-Oct-2025,87.2,87.2,89.95,87.2,89.95,89.34,88.53,5199508,460326589.79,22291.0,2455905.0,47.23
GMRAIRPORT,EQ,30-Sep-2025,86.9,86.92,87.95,86.08,87.11,87.2,86.83,13143816,1141234747.46,47281.0,8777599.0,66.78
GMRAIRPORT,EQ,29-Sep-2025,87.28,87.22,87.65,86.02,87.3,86.9,86.94,8378717,728418919.49,38716.0,4617355.0,55.11
GMRAIRPORT,EQ,26-Sep-2025,89.12,88.7,89.29,86.94,87.23,87.28,87.6,7715812,675884764.77,26955.0,4421148.0,57.30
GMRAIRPORT,EQ,25-Sep-2025,89.05,89.49,90.24,88.92,89.21,89.12,89.64,7859387,704541553.16,34259.0,4750643.0,60.45
GMRAIRPORT,EQ,24-Sep-2025,90.53,90.49,90.85,88.9,89.35,89.05,89.7,4269311,382943906.38,22127.0,2050139.0,48.02
GMRAIRPORT,EQ,23-Sep-2025,91.17,90.84,91.39,89.93,90.9,90.53,90.56,5911961,535376341.74,26431.0,2974450.0,50.31
GMRAIRPORT,EQ,22-Sep-2025,92.53,92.53,92.84,90.72,91.0,91.17,91.92,4486135,412357154.11,17786.0,2395572.0,53.40
GMRAIRPORT,EQ,19-Sep-2025,91.77,91.76,93.78,91.75,92.75,92.53,92.84,18989198,1762999466.16,53143.0,10849288.0,57.13
GMRAIRPORT,EQ,18-Sep-2025,91.88,92.09,92.49,91.0,91.85,91.77,91.76,4742266,435158831.6,20183.0,2374789.0,50.08
GMRAIRPORT,EQ,17-Sep-2025,92.84,93.0,93.49,91.53,91.87,91.88,92.12,9066947,835265566.59,49995.0,4359907.0,48.09
GMRAIRPORT,EQ,16-Sep-2025,89.17,89.49,93.41,89.26,92.62,92.84,92.09,32438451,2987195412.16,106906.0,10203687.0,31.46
GMRAIRPORT,EQ,15-Sep-2025,88.13,88.41,89.79,87.99,89.78,89.17,88.75,15155024,1345030500.84,37529.0,8435770.0,55.66
GMRAIRPORT,EQ,12-Sep-2025,87.25,88.4,89.07,87.21,88.14,88.13,87.79,81124952,7122311448.21,58093.0,63748199.0,78.58
GMRAIRPORT,EQ,11-Sep-2025,87.13,87.49,88.63,86.86,88.08,87.25,87.22,97395891,8494596052.11,43944.0,56103479.0,57.60
GMRAIRPORT,EQ,10-Sep-2025,86.82,87.32,87.68,86.89,87.25,87.13,87.17,5854988,510399678.88,18410.0,3627351.0,61.95
GMRAIRPORT,EQ,09-Sep-2025,86.28,86.36,88.55,86.35,86.75,86.82,87.4,14512873,1268382969.56,39043.0,8494049.0,58.53
GMRAIRPORT,EQ,08-Sep-2025,85.95,86.14,86.85,85.81,86.47,86.28,86.45,5384432,465468637.04,12093.0,3537722.0,65.70
GMRAIRPORT,EQ,05-Sep-2025,86.55,86.1,87.12,84.93,86.14,85.95,85.79,6483794,556250165.04,21026.0,3630171.0,55.99
GMRAIRPORT,EQ,04-Sep-2025,87.37,87.4,88.75,86.45,86.65,86.55,87.36,4469534,390466391.76,25433.0,2293761.0,51.32
GMRAIRPORT,EQ,03-Sep-2025,87.04,86.99,87.5,86.68,87.41,87.37,87.16,3802856,331457485.95,14534.0,2420832.0,63.66
GMRAIRPORT,EQ,02-Sep-2025,87.03,87.39,88.06,86.81,87.14,87.04,87.31,4217959,368275540.24,20933.0,2360650.0,55.97
GMRAIRPORT,EQ,01-Sep-2025,86.07,86.14,87.42,86.07,87.07,87.03,86.91,9371787,814501004.1,22967.0,6628250.0,70.73
GMRAIRPORT,EQ,29-Aug-2025,86.43,86.0,87.33,85.7,86.35,86.07,86.18,10303831,887994260.91,32313.0,6892442.0,66.89
GMRAIRPORT,EQ,28-Aug-2025,88.7,88.49,88.6,86.2,86.23,86.43,87.27,10380000,905854427.0,49987.0,6009035.0,57.89
GMRAIRPORT,EQ,26-Aug-2025,88.84,88.2,89.1,87.3,88.37,88.7,88.52,9583336,848332983.54,24415.0,6297699.0,65.72
GMRAIRPORT,EQ,25-Aug-2025,89.55,89.55,90.24,88.65,88.9,88.84,89.33,7007338,625981678.93,22752.0,4150554.0,59.23
GMRAIRPORT,EQ,22-Aug-2025,88.96,90.0,90.11,89.13,89.65,89.55,89.59,7729819,692542736.94,25280.0,2997523.0,38.78
GMRAIRPORT,EQ,21-Aug-2025,91.01,91.1,91.31,88.85,89.05,88.96,89.74,5796455,520171552.16,24697.0,3150048.0,54.34
GMRAIRPORT,EQ,20-Aug-2025,90.44,90.4,91.69,89.98,91.0,91.01,90.95,6498605,591032055.25,20719.0,3328771.0,51.22
GMRAIRPORT,EQ,19-Aug-2025,90.2,91.29,91.29,90.07,90.42,90.44,90.49,5846344,529060844.25,17299.0,2812165.0,48.10
GMRAIRPORT,EQ,18-Aug-2025,90.77,91.02,91.42,89.5,90.29,90.2,90.4,5097534,460796847.66,20590.0,2133494.0,41.85
GMRAIRPORT,EQ,14-Aug-2025,88.65,88.74,90.9,88.74,90.77,90.77,90.23,7283392,657206015.79,23725.0,2749202.0,37.75
GMRAIRPORT,EQ,13-Aug-2025,88.26,88.38,89.32,87.92,88.79,88.65,88.49,13947975,1234287650.8,23052.0,11355666.0,81.41
GMRAIRPORT,EQ,12-Aug-2025,89.32,89.1,89.43,87.57,88.38,88.26,88.43,5637915,498541900.21,19799.0,2444481.0,43.36
GMRAIRPORT,EQ,11-Aug-2025,89.19,89.2,89.95,88.47,89.19,89.32,89.35,3493527,312144098.09,19366.0,1310775.0,37.52
GMRAIRPORT,EQ,08-Aug-2025,90.63,90.6,91.09,89.0,89.0,89.19,89.73,5554641,498443676.51,20602.0,2669935.0,48.07
GMRAIRPORT,EQ,07-Aug-2025,91.39,90.8,91.16,89.0,90.76,90.63,90.13,11333128,1021484580.91,36405.0,6241545.0,55.07
GMRAIRPORT,EQ,06-Aug-2025,92.81,93.4,93.4,90.74,91.0,91.39,91.78,13230869,1214341998.31,22615.0,8725338.0,65.95
GMRAIRPORT,EQ,05-Aug-2025,91.47,91.55,93.0,91.2,92.21,92.81,92.02,13454598,1238107754.42,38619.0,10159591.0,75.51
GMRAIRPORT,EQ,04-Aug-2025,89.42,89.42,91.66,88.68,91.55,91.47,90.99,16647076,1514677213.71,27421.0,7884266.0,47.36
GMRAIRPORT,EQ,01-Aug-2025,90.06,90.06,91.21,89.01,89.17,89.42,90.13,12775865,1151491869.2,34261.0,6755497.0,52.88
GMRAIRPORT,EQ,31-Jul-2025,89.84,88.3,90.96,88.3,90.0,90.06,90.31,10254931,926173576.31,30806.0,5378952.0,52.45
GMRAIRPORT,EQ,30-Jul-2025,90.22,91.89,92.43,89.43,89.89,89.84,90.41,9985594,902784080.4,33210.0,3377996.0,33.83
GMRAIRPORT,EQ,29-Jul-2025,89.65,89.7,90.71,89.05,90.09,90.22,89.9,7188716,646276723.26,33663.0,4126890.0,57.41
GMRAIRPORT,EQ,28-Jul-2025,89.93,89.5,91.57,89.04,89.7,89.65,90.43,9324951,843295126.15,28447.0,4981447.0,53.42
GMRAIRPORT,EQ,25-Jul-2025,91.83,91.14,91.8,89.62,89.76,89.93,90.47,4900239,443303486.85,29385.0,2603912.0,53.14
GMRAIRPORT,EQ,24-Jul-2025,91.38,91.3,92.34,91.14,91.7,91.83,91.75,6559443,601857702.26,18614.0,3474673.0,52.97
GMRAIRPORT,EQ,23-Jul-2025,91.92,92.06,92.25,90.6,91.02,91.38,91.29,9993200,912315227.66,21147.0,7156154.0,71.61
GMRAIRPORT,EQ,22-Jul-2025,93.44,93.8,93.83,91.75,91.8,91.92,92.37,7543460,696776438.81,26361.0,4953771.0,65.67
GMRAIRPORT,EQ,21-Jul-2025,94.32,94.5,94.53,93.16,93.47,93.44,93.55,4922563,460489887.32,31560.0,2818915.0,57.27
GMRAIRPORT,EQ,18-Jul-2025,94.68,95.1,97.0,93.96,94.11,94.32,95.62,18646049,1782883800.42,58847.0,7643186.0,40.99
GMRAIRPORT,EQ,17-Jul-2025,93.89,94.4,95.36,94.0,94.25,94.68,94.78,16447532,1558939640.01,47723.0,6473306.0,39.36
GMRAIRPORT,EQ,16-Jul-2025,91.88,91.88,94.0,91.55,93.96,93.89,93.33,12770323,1191817213.9,50524.0,7573608.0,59.31
GMRAIRPORT,EQ,15-Jul-2025,91.66,91.93,92.24,90.75,92.2,91.88,91.32,11959963,1092222907.02,35700.0,7839773.0,65.55
GMRAIRPORT,EQ,14-Jul-2025,90.61,90.3,92.39,89.65,91.42,91.66,91.17,9763399,890114544.06,27490.0,5608968.0,57.45
GMRAIRPORT,EQ,11-Jul-2025,92.3,92.0,92.45,90.25,90.36,90.61,91.11,6945089,632777254.09,35693.0,4149223.0,59.74
GMRAIRPORT,EQ,10-Jul-2025,92.8,92.9,93.19,91.65,92.13,92.3,92.28,7332739,676666642.92,44280.0,3360389.0,45.83
GMRAIRPORT,EQ,09-Jul-2025,91.24,91.5,93.96,91.44,92.65,92.8,92.95,23779994,2210424909.74,73332.0,9781175.0,41.13
GMRAIRPORT,EQ,08-Jul-2025,90.07,90.07,91.55,89.93,91.18,91.24,90.91,16788875,1526282750.22,46689.0,9102324.0,54.22
GMRAIRPORT,EQ,07-Jul-2025,89.91,90.0,90.6,89.34,90.08,90.07,90.14,8695402,783762925.88,28821.0,4837412.0,55.63
GMRAIRPORT,EQ,04-Jul-2025,88.47,88.56,90.06,88.36,89.9,89.91,89.56,17133306,1534485637.55,43749.0,10609905.0,61.93
GMRAIRPORT,EQ,03-Jul-2025,88.4,90.0,90.28,88.01,88.45,88.47,89.05,22497196,2003344798.52,57048.0,9203455.0,40.91
GMRAIRPORT,EQ,02-Jul-2025,86.01,86.39,88.8,86.21,88.29,88.4,88.09,26797812,2360533249.28,73326.0,10864034.0,40.54
GMRAIRPORT,EQ,01-Jul-2025,85.19,85.31,86.5,85.01,86.15,86.01,85.89,14033352,1205295998.76,24999.0,9528629.0,67.90
GMRAIRPORT,EQ,30-Jun-2025,84.76,85.04,85.39,84.36,85.29,85.19,84.94,8827649,749858677.33,37226.0,5679138.0,64.33
GMRAIRPORT,EQ,27-Jun-2025,84.87,85.1,85.64,83.29,85.0,84.76,84.98,11946465,1015239345.92,31728.0,7272009.0,60.87
GMRAIRPORT,EQ,26-Jun-2025,83.58,83.8,85.0,83.44,84.85,84.87,84.47,14072936,1188676952.64,31105.0,7475083.0,53.12
GMRAIRPORT,EQ,25-Jun-2025,83.2,83.8,83.8,82.96,83.69,83.58,83.41,13168294,1098409927.66,21986.0,8359159.0,63.48
GMRAIRPORT,EQ,24-Jun-2025,81.39,82.0,83.8,81.81,83.0,83.2,83.2,11982995,996973536.18,29594.0,7026250.0,58.64
GMRAIRPORT,EQ,23-Jun-2025,80.97,80.88,82.0,80.38,81.38,81.39,81.39,7720298,628386887.71,32432.0,3192341.0,41.35
GMRAIRPORT,EQ,20-Jun-2025,80.55,80.55,81.7,80.38,81.26,80.97,81.01,71820397,5818479480.12,63522.0,56623351.0,78.84
GMRAIRPORT,EQ,19-Jun-2025,82.75,82.8,83.05,80.25,80.58,80.55,81.27,12955527,1052873180.54,29432.0,8334213.0,64.33
GMRAIRPORT,EQ,18-Jun-2025,82.76,83.23,83.55,82.53,82.8,82.75,82.99,6693801,555550786.36,17232.0,3232251.0,48.29
GMRAIRPORT,EQ,17-Jun-2025,83.57,83.59,84.19,82.41,82.64,82.76,83.19,6610310,549917861.2,22996.0,3967200.0,60.02
GMRAIRPORT,EQ,16-Jun-2025,80.9,81.8,83.86,80.9,83.8,83.57,82.65,11215638,926967554.92,30744.0,5841720.0,52.09
GMRAIRPORT,EQ,13-Jun-2025,81.91,80.4,81.65,79.92,80.99,80.9,81.02,20850809,1689396771.63,29848.0,13910989.0,66.72
GMRAIRPORT,EQ,12-Jun-2025,84.45,84.5,85.2,81.33,81.5,81.91,82.93,8031240,666019206.17,34058.0,4538175.0,56.51
GMRAIRPORT,EQ,11-Jun-2025,85.08,85.05,85.94,84.15,84.48,84.45,85.02,4614887,392378762.17,21644.0,2464944.0,53.41
GMRAIRPORT,EQ,10-Jun-2025,86.37,86.35,86.43,84.95,85.22,85.08,85.53,8154804,697453100.91,30356.0,5243997.0,64.31
GMRAIRPORT,EQ,09-Jun-2025,86.26,86.69,87.17,86.01,86.35,86.37,86.54,6525950,564776471.26,26292.0,3879315.0,59.44
GMRAIRPORT,EQ,06-Jun-2025,84.91,85.0,86.54,84.74,86.49,86.26,85.96,7098507,610176921.14,21909.0,3678009.0,51.81
GMRAIRPORT,EQ,05-Jun-2025,83.99,84.36,85.5,83.99,84.98,84.91,84.73,7124566,603697356.83,17843.0,4302871.0,60.39
GMRAIRPORT,EQ,04-Jun-2025,85.34,85.34,85.6,83.9,83.96,83.99,84.44,9835009,830445658.29,27862.0,7175987.0,72.96
GMRAIRPORT,EQ,03-Jun-2025,85.54,85.75,86.02,84.76,85.6,85.34,85.32,7063568,602658414.44,18211.0,4248622.0,60.15
GMRAIRPORT,EQ,02-Jun-2025,84.08,84.05,85.85,83.66,85.68,85.54,85.26,7079328,603598393.44,25962.0,3342550.0,47.22
GMRAIRPORT,EQ,30-May-2025,86.48,86.75,86.75,83.4,84.01,84.08,84.32,22217071,1873447556.94,51309.0,13630112.0,61.35
GMRAIRPORT,EQ,29-May-2025,86.28,86.51,86.69,85.63,86.49,86.48,86.26,5258085,453536701.4,22711.0,2883635.0,54.84
GMRAIRPORT,EQ,28-May-2025,86.79,87.0,87.1,86.12,86.15,86.28,86.45,4888292,422591557.17,18980.0,2516800.0,51.49
GMRAIRPORT,EQ,27-May-2025,86.51,86.4,87.27,86.07,86.8,86.79,86.76,9011624,781852552.99,36591.0,5274544.0,58.53
GMRAIRPORT,EQ,26-May-2025,86.86,87.4,87.4,85.81,86.49,86.51,86.65,7586067,657355110.6,27474.0,3079858.0,40.60
GMRAIRPORT,EQ,23-May-2025,88.95,89.7,89.7,86.6,86.99,86.86,87.2,14874983,1297089576.24,47711.0,6600315.0,44.37
GMRAIRPORT,EQ,22-May-2025,87.63,87.55,89.31,87.05,89.25,88.95,88.48,11246188,995039725.27,49504.0,6364596.0,56.59
GMRAIRPORT,EQ,21-May-2025,85.81,84.7,87.75,84.7,87.46,87.63,87.0,8434940,733849731.74,46172.0,3913614.0,46.40
GMRAIRPORT,EQ,20-May-2025,87.43,87.98,88.12,85.65,86.23,85.81,86.65,7335499,635584559.15,29121.0,3996646.0,54.48
GMRAIRPORT,EQ,19-May-2025,91.07,91.65,91.72,87.2,87.46,87.43,89.0,13853534,1233022673.83,56157.0,6979661.0,50.38
GMRAIRPORT,EQ,16-May-2025,89.14,90.1,91.75,88.51,90.89,91.07,90.33,17512752,1581926074.8,55553.0,7825532.0,44.68
GMRAIRPORT,EQ,15-May-2025,87.61,88.25,89.82,87.78,89.0,89.14,89.03,10063479,895903293.43,32276.0,5466537.0,54.32
GMRAIRPORT,EQ,14-May-2025,87.19,87.69,88.29,87.15,87.86,87.61,87.74,4455214,390914988.96,22096.0,2393550.0,53.72
GMRAIRPORT,EQ,13-May-2025,88.06,88.06,88.39,86.93,87.55,87.19,87.55,5097283,446292345.84,20516.0,2442451.0,47.92
GMRAIRPORT,EQ,12-May-2025,84.2,88.0,89.06,87.06,88.09,88.06,88.18,19514300,1720729729.31,28460.0,13119857.0,67.23
GMRAIRPORT,EQ,09-May-2025,84.82,82.2,84.5,80.5,84.3,84.2,83.41,9617387,802228274.95,28335.0,4419519.0,45.95
GMRAIRPORT,EQ,08-May-2025,87.02,87.02,87.55,84.05,84.35,84.82,86.02,6727434,578709195.21,26255.0,3675462.0,54.63
GMRAIRPORT,EQ,07-May-2025,86.42,84.5,87.57,84.5,86.94,87.02,86.4,7743072,668975308.7,36959.0,3241515.0,41.86
GMRAIRPORT,EQ,06-May-2025,88.09,88.08,88.36,85.96,86.24,86.42,86.87,5035966,437483631.29,28190.0,2367053.0,47.00
GMRAIRPORT,EQ,05-May-2025,87.22,87.39,88.68,87.27,88.44,88.09,88.14,5839967,514717491.18,22692.0,2917378.0,49.96
GMRAIRPORT,EQ,02-May-2025,87.19,87.15,88.88,87.02,87.44,87.22,87.82,6521005,572682626.24,38860.0,3399312.0,52.13
GMRAIRPORT,EQ,30-Apr-2025,89.4,89.2,89.77,86.64,86.9,87.19,88.4,21631744,1912211619.79,56079.0,14744662.0,68.16
GMRAIRPORT,EQ,29-Apr-2025,88.17,88.17,90.08,88.06,89.2,89.4,89.02,40899069,3640867332.41,57970.0,29478622.0,72.08
GMRAIRPORT,EQ,28-Apr-2025,85.5,85.0,88.97,84.86,88.15,88.17,88.05,15728517,1384954759.51,53609.0,8635416.0,54.90
GMRAIRPORT,EQ,25-Apr-2025,89.0,89.72,90.19,83.86,85.42,85.5,86.12,18253042,1572020404.23,53551.0,7999232.0,43.82
GMRAIRPORT,EQ,24-Apr-2025,87.57,87.75,89.5,87.3,88.75,89.0,88.72,16901230,1499486477.28,40706.0,9271451.0,54.86
GMRAIRPORT,EQ,23-Apr-2025,86.65,87.0,87.9,85.71,87.51,87.57,86.82,7867039,683047109.82,40579.0,4176778.0,53.09
GMRAIRPORT,EQ,22-Apr-2025,86.75,86.98,87.95,86.2,86.65,86.65,87.22,12081653,1053770175.03,32258.0,5668934.0,46.92
GMRAIRPORT,EQ,21-Apr-2025,86.53,87.2,87.4,86.03,86.75,86.75,86.62,9542428,826532772.22,29084.0,5161376.0,54.09
GMRAIRPORT,EQ,17-Apr-2025,85.64,85.5,87.5,85.49,86.53,86.53,86.68,8528599,739249945.45,25422.0,4130006.0,48.43
GMRAIRPORT,EQ,16-Apr-2025,86.03,86.0,86.55,84.8,85.6,85.64,85.54,7446581,636999184.13,26574.0,3398120.0,45.63
GMRAIRPORT,EQ,15-Apr-2025,85.72,87.0,87.07,85.71,85.91,86.03,86.37,28056085,2423080659.69,51703.0,18650371.0,66.48
GMRAIRPORT,EQ,11-Apr-2025,85.85,86.1,87.14,85.07,85.4,85.72,86.08,31659595,2725284002.82,60778.0,18866116.0,59.59
GMRAIRPORT,EQ,09-Apr-2025,85.38,85.65,86.55,84.5,85.45,85.85,85.55,14444164,1235646467.14,61548.0,5794404.0,40.12
GMRAIRPORT,EQ,08-Apr-2025,82.22,83.92,85.85,81.87,85.65,85.38,84.07,23365934,1964318378.7,69919.0,9612981.0,41.14
GMRAIRPORT,EQ,07-Apr-2025,80.74,77.0,83.0,76.66,82.35,82.22,80.76,57951987,4680398950.42,121511.0,27993904.0,48.31
GMRAIRPORT,EQ,04-Apr-2025,82.7,83.15,84.08,80.31,81.0,80.74,82.2,29180057,2398737489.1,49375.0,14264310.0,48.88
GMRAIRPORT,EQ,03-Apr-2025,78.84,78.26,83.2,78.11,82.72,82.7,82.05,24331046,1996414257.57,63538.0,9234873.0,37.96
GMRAIRPORT,EQ,02-Apr-2025,77.36,77.49,79.1,75.83,78.98,78.84,77.92,14793006,1152685342.66,30711.0,10033134.0,67.82
GMRAIRPORT,EQ,01-Apr-2025,75.73,76.8,78.14,75.9,77.29,77.36,77.05,14007197,1079203097.35,51255.0,5213928.0,37.22
GMRAIRPORT,EQ,28-Mar-2025,75.94,76.4,77.45,75.35,75.5,75.73,76.12,29733998,2263288962.78,65000.0,22943287.0,77.16
GMRAIRPORT,EQ,27-Mar-2025,76.24,75.9,76.74,74.96,76.15,75.94,75.42,27995886,2111515733.8,34205.0,15098070.0,53.93
GMRAIRPORT,EQ,26-Mar-2025,75.68,75.69,77.25,75.4,76.2,76.24,76.44,20718143,1583745315.2,26497.0,11956329.0,57.71
GMRAIRPORT,EQ,25-Mar-2025,77.92,78.6,78.6,75.39,75.39,75.68,76.56,5077844,388771314.36,18853.0,2295520.0,45.21
GMRAIRPORT,EQ,24-Mar-2025,77.36,78.0,78.75,77.56,77.8,77.92,78.08,7652689,597558271.01,26061.0,3993624.0,52.19
GMRAIRPORT,EQ,21-Mar-2025,76.65,76.7,77.75,76.35,77.36,77.36,77.22,9877735,762722843.94,29936.0,6098344.0,61.74
GMRAIRPORT,EQ,20-Mar-2025,76.68,77.0,77.49,75.91,76.7,76.65,76.67,9665287,740999122.82,22291.0,6599570.0,68.28
GMRAIRPORT,EQ,19-Mar-2025,74.95,75.5,76.98,74.79,76.6,76.68,76.21,6798346,518108631.79,24374.0,3236635.0,47.61
GMRAIRPORT,EQ,18-Mar-2025,74.17,74.74,75.3,74.35,74.92,74.95,74.99,6809908,510685643.86,22164.0,4125335.0,60.58
GMRAIRPORT,EQ,17-Mar-2025,74.33,74.8,75.19,73.8,74.11,74.17,74.47,8310284,618846487.52,27355.0,4177088.0,50.26
GMRAIRPORT,EQ,13-Mar-2025,73.62,73.99,74.69,73.0,74.2,74.33,74.06,8234957,609898441.87,40500.0,4883953.0,59.31
GMRAIRPORT,EQ,12-Mar-2025,74.11,74.15,74.64,72.57,73.6,73.62,73.52,5529681,406561312.49,25097.0,2225601.0,40.25
GMRAIRPORT,EQ,11-Mar-2025,71.79,71.35,74.7,70.54,74.2,74.11,73.35,11741836,861210955.42,33373.0,5536049.0,47.15
GMRAIRPORT,EQ,10-Mar-2025,72.82,72.9,74.18,71.35,71.5,71.79,72.79,5552361,404177812.26,25536.0,2228136.0,40.13
GMRAIRPORT,EQ,07-Mar-2025,73.71,73.06,74.52,72.25,72.62,72.82,73.24,7258727,531629137.91,23207.0,3910034.0,53.87
GMRAIRPORT,EQ,06-Mar-2025,74.15,74.31,74.87,73.47,73.69,73.71,74.0,6972387,515935259.95,19119.0,3005076.0,43.10
GMRAIRPORT,EQ,05-Mar-2025,71.2,70.53,74.4,70.53,74.36,74.15,73.18,11847842,867083128.06,35339.0,6204824.0,52.37
GMRAIRPORT,EQ,04-Mar-2025,69.82,69.5,71.6,69.0,71.05,71.2,70.88,8454397,599236296.81,37925.0,4149635.0,49.08
GMRAIRPORT,EQ,03-Mar-2025,69.47,70.3,70.3,68.35,69.8,69.82,69.39,9150104,634914464.02,34023.0,3742130.0,40.90
GMRAIRPORT,EQ,28-Feb-2025,69.29,68.95,69.75,67.75,69.35,69.47,69.06,22302860,1540273158.47,73676.0,13390439.0,60.04
GMRAIRPORT,EQ,27-Feb-2025,69.77,69.95,70.34,69.0,69.15,69.29,69.43,9102396,631969730.61,33780.0,4872102.0,53.53
GMRAIRPORT,EQ,25-Feb-2025,69.63,69.6,70.3,69.35,69.6,69.77,69.86,3943887,275510165.45,15382.0,1391582.0,35.28
GMRAIRPORT,EQ,24-Feb-2025,69.93,69.1,70.08,67.81,69.6,69.63,69.19,11087449,767137128.97,38656.0,5922637.0,53.42
GMRAIRPORT,EQ,21-Feb-2025,71.33,70.55,71.92,69.44,69.75,69.93,70.39,7232594,509136646.45,31059.0,2680077.0,37.06
GMRAIRPORT,EQ,20-Feb-2025,70.27,70.3,71.71,69.41,71.35,71.33,70.86,13866438,982553666.59,26718.0,5894188.0,42.51
GMRAIRPORT,EQ,19-Feb-2025,70.79,70.78,71.43,69.45,70.37,70.27,70.19,20210142,1418472227.96,48887.0,10050626.0,49.73
GMRAIRPORT,EQ,18-Feb-2025,70.26,71.25,71.9,68.67,70.64,70.79,70.2,14300469,1003829725.18,34406.0,5452519.0,38.13
GMRAIRPORT,EQ,17-Feb-2025,70.48,70.05,70.67,68.34,70.6,70.26,69.62,24818366,1727809273.45,30550.0,8721641.0,35.14
GMRAIRPORT,EQ,14-Feb-2025,72.61,72.65,73.0,68.71,70.05,70.48,70.17,17831038,1251155792.68,36090.0,9511592.0,53.34
GMRAIRPORT,EQ,13-Feb-2025,72.06,72.79,73.79,72.25,72.3,72.61,73.0,6707272,489620870.14,33866.0,3176417.0,47.36
GMRAIRPORT,EQ,12-Feb-2025,71.91,71.63,72.48,69.4,72.2,72.06,71.19,12117986,862672088.97,39849.0,5782937.0,47.72
GMRAIRPORT,EQ,11-Feb-2025,73.67,73.35,73.61,71.26,71.9,71.91,72.17,11227846,810290471.55,26897.0,6128521.0,54.58
GMRAIRPORT,EQ,10-Feb-2025,74.53,74.49,74.89,72.85,73.55,73.67,73.65,6258171,460924885.29,17966.0,3145367.0,50.26
GMRAIRPORT,EQ,07-Feb-2025,74.68,75.25,75.32,73.25,74.62,74.53,74.25,8991765,667679760.17,26384.0,4159378.0,46.26
GMRAIRPORT,EQ,06-Feb-2025,75.45,75.65,76.05,74.0,74.66,74.68,75.16,12500383,939479871.94,53934.0,7084962.0,56.68
GMRAIRPORT,EQ,05-Feb-2025,74.54,74.87,76.6,74.79,75.31,75.45,75.61,11174536,844959922.94,45750.0,5954885.0,53.29
GMRAIRPORT,EQ,04-Feb-2025,73.48,73.9,75.19,72.75,74.45,74.54,74.11,11094557,822193473.85,42011.0,5094425.0,45.92
GMRAIRPORT,EQ,03-Feb-2025,73.78,73.45,73.88,71.64,73.5,73.48,72.94,12042878,878359603.8,39320.0,4436501.0,36.84
GMRAIRPORT,EQ,01-Feb-2025,72.67,72.99,75.05,72.13,73.76,73.78,73.83,20661157,1525494104.64,76803.0,5167727.0,25.01
GMRAIRPORT,EQ,31-Jan-2025,71.2,71.3,73.08,70.73,72.75,72.67,72.4,14887641,1077888954.29,50082.0,8876354.0,59.62
GMRAIRPORT,EQ,30-Jan-2025,71.26,72.19,72.49,70.76,71.21,71.2,71.36,19604319,1399015394.14,49138.0,10669039.0,54.42
GMRAIRPORT,EQ,29-Jan-2025,71.06,73.0,73.71,70.76,71.35,71.26,72.2,25973856,1875366502.98,65475.0,13106490.0,50.46
GMRAIRPORT,EQ,28-Jan-2025,70.51,70.81,72.0,68.9,71.31,71.06,70.33,13779506,969181197.55,37298.0,6267304.0,45.48
GMRAIRPORT,EQ,27-Jan-2025,71.49,70.89,71.03,69.66,70.4,70.51,70.33,12784262,899155068.06,40140.0,7089514.0,55.46
GMRAIRPORT,EQ,24-Jan-2025,73.5,73.5,74.01,71.1,71.49,71.49,72.53,10814737,784389890.97,27037.0,6215918.0,57.48
GMRAIRPORT,EQ,23-Jan-2025,72.98,73.2,73.74,72.33,73.5,73.5,73.17,6441341,471288624.39,23632.0,3368602.0,52.30
GMRAIRPORT,EQ,22-Jan-2025,74.36,74.57,74.7,70.85,72.83,72.98,72.34,14826279,1072581923.09,37362.0,7259576.0,48.96
GMRAIRPORT,EQ,21-Jan-2025,76.77,77.01,77.3,74.11,74.26,74.36,75.24,10210742,768228425.33,31203.0,4877967.0,47.77
GMRAIRPORT,EQ,20-Jan-2025,76.07,75.89,77.35,75.62,76.77,76.77,76.78,8011477,615122199.83,37117.0,3343750.0,41.74
GMRAIRPORT,EQ,17-Jan-2025,74.68,74.68,76.49,74.14,76.15,76.07,75.83,8571378,650002829.96,27781.0,4100704.0,47.84
GMRAIRPORT,EQ,16-Jan-2025,74.32,74.91,75.65,74.49,74.84,74.68,74.91,13439651,1006742541.6,27601.0,8361377.0,62.21
GMRAIRPORT,EQ,15-Jan-2025,72.2,72.5,74.69,72.5,74.3,74.32,73.81,9958755,735024683.32,35776.0,4955543.0,49.76
GMRAIRPORT,EQ,14-Jan-2025,69.7,70.99,73.13,70.34,72.96,72.2,71.58,23038361,1648976555.96,74311.0,10991769.0,47.71
GMRAIRPORT,EQ,13-Jan-2025,74.53,73.0,73.98,69.27,69.53,69.7,71.33,18419378,1313921326.11,72156.0,8788581.0,47.71
GMRAIRPORT,EQ,10-Jan-2025,76.08,76.09,76.3,74.0,74.15,74.53,74.82,11314699,846511984.68,35624.0,6043052.0,53.41
GMRAIRPORT,EQ,09-Jan-2025,76.81,77.36,77.36,75.86,76.09,76.08,76.52,5515487,422055523.11,22684.0,2798169.0,50.73
GMRAIRPORT,EQ,08-Jan-2025,76.64,76.49,77.22,75.0,76.79,76.81,76.4,9678431,739405911.59,32431.0,4623483.0,47.77
GMRAIRPORT,EQ,07-Jan-2025,76.42,76.3,77.57,76.11,76.49,76.64,76.81,6456372,495919124.82,22505.0,3186485.0,49.35
GMRAIRPORT,EQ,06-Jan-2025,78.68,78.99,78.99,75.93,76.24,76.42,76.92,19299307,1484501535.07,52979.0,12438305.0,64.45
GMRAIRPORT,EQ,03-Jan-2025,78.69,78.41,79.92,78.26,78.55,78.68,79.07,6224506,492193150.8,22917.0,2663266.0,42.79
GMRAIRPORT,EQ,02-Jan-2025,78.59,78.74,79.05,78.03,78.72,78.69,78.61,4945975,388803769.8,22512.0,2909710.0,58.83
GMRAIRPORT,EQ,01-Jan-2025,78.56,78.99,79.05,77.8,78.73,78.59,78.55,3400151,267097687.73,18662.0,1420371.0,41.77
GMRAIRPORT,EQ,31-Dec-2024,77.32,77.05,78.81,76.96,78.4,78.56,78.02,14038476,1095337804.06,36155.0,7878868.0,56.12
GMRAIRPORT,EQ,30-Dec-2024,79.05,79.24,79.75,76.71,77.49,77.32,78.04,16632173,1298046385.26,60679.0,9430959.0,56.70
GMRAIRPORT,EQ,17-Apr-2026,96.75,96.75,97.93,95.8,97.3,96.85,97.05,11386763,1105072246.25,34837.0,6716307.0,58.98
GMRAIRPORT,EQ,16-Apr-2026,99.22,99.3,99.73,96.4,96.75,96.75,97.42,11144653,1085688057.81,45354.0,4099992.0,36.79
GMRAIRPORT,EQ,15-Apr-2026,94.92,97.6,100.0,97.06,99.01,99.22,98.97,21552860,2133111508.49,62372.0,10343093.0,47.99
GMRAIRPORT,EQ,13-Apr-2026,95.25,92.15,95.34,91.6,95.0,94.92,94.59,15006282,1419449540.36,44229.0,8690735.0,57.91
GMRAIRPORT,EQ,10-Apr-2026,94.53,94.99,96.0,94.39,95.35,95.25,95.37,19062866,1818062380.09,45522.0,10885567.0,57.1
GMRAIRPORT,EQ,09-Apr-2026,95.82,95.81,95.82,93.92,94.54,94.53,94.67,11784121,1115614007.22,39461.0,5538366.0,47.0
GMRAIRPORT,EQ,08-Apr-2026,90.93,94.05,96.5,93.85,96.35,95.82,95.29,14529232,1384558116.94,40500.0,7565527.0,52.07
GMRAIRPORT,EQ,07-Apr-2026,91.2,90.7,91.34,89.05,90.89,90.93,90.74,12369685,1122438638.16,40997.0,6308940.0,51.0
GMRAIRPORT,EQ,06-Apr-2026,88.87,89.0,91.47,87.4,91.2,91.2,90.12,14013744,1262912870.14,37397.0,7118149.0,50.79
GMRAIRPORT,EQ,02-Apr-2026,89.29,88.36,89.17,85.71,88.99,88.87,87.43,8419680,736097463.66,43462.0,3381597.0,40.16
GMRAIRPORT,EQ,01-Apr-2026,84.75,86.86,90.85,85.85,89.48,89.29,88.86,18020403,1601234598.04,83180.0,7214246.0,40.03
GMRAIRPORT,EQ,30-Mar-2026,89.09,87.0,87.99,84.11,84.16,84.75,85.38,64917485,5542606453.93,70510.0,47991415.0,73.93
GMRAIRPORT,EQ,27-Mar-2026,90.06,90.12,90.19,87.59,89.33,89.09,88.82,9727084,864007641.94,48415.0,4994671.0,51.35
GMRAIRPORT,EQ,25-Mar-2026,89.02,89.5,91.53,89.31,90.4,90.06,90.55,20843793,1887494071.31,35869.0,13098866.0,62.84
GMRAIRPORT,EQ,24-Mar-2026,84.77,88.0,90.34,86.95,89.0,89.02,88.65,15094837,1338146870.33,63731.0,4182771.0,27.71
GMRAIRPORT,EQ,23-Mar-2026,90.56,90.15,90.15,84.49,84.6,84.77,86.02,10647285,915858150.6,45825.0,4695719.0,44.1
GMRAIRPORT,EQ,20-Mar-2026,88.45,89.0,92.95,89.0,90.97,90.56,91.37,24147369,2206276572.93,38752.0,12289884.0,50.9
GMRAIRPORT,EQ,19-Mar-2026,92.02,90.75,91.1,87.33,89.15,88.45,88.94,12568247,1117858904.87,67065.0,5485229.0,43.64
GMRAIRPORT,EQ,18-Mar-2026,90.3,90.5,92.63,89.77,92.37,92.02,91.54,9315459,852705983.55,46610.0,4663714.0,50.06
GMRAIRPORT,EQ,17-Mar-2026,90.5,90.9,91.1,89.66,90.29,90.3,90.29,6931780,625872214.76,44067.0,3060081.0,44.15
GMRAIRPORT,EQ,16-Mar-2026,89.26,90.0,92.05,88.77,90.18,90.5,90.46,15405960,1393587543.86,58701.0,5158270.0,33.48
GMRAIRPORT,EQ,13-Mar-2026,93.29,93.0,93.01,88.85,89.6,89.26,90.23,10707023,966114711.26,58000.0,5071608.0,47.37
GMRAIRPORT,EQ,12-Mar-2026,93.79,93.01,95.08,92.08,93.3,93.29,93.54,17490118,1636027989.06,67103.0,8846739.0,50.58
GMRAIRPORT,EQ,11-Mar-2026,95.53,95.53,97.15,93.56,93.83,93.79,95.11,4362786,414931447.3,22978.0,1501044.0,34.41
GMRAIRPORT,EQ,10-Mar-2026,92.07,94.0,97.0,93.2,96.35,95.53,94.78,14065830,1333163403.6,63527.0,8802175.0,62.58
GMRAIRPORT,EQ,09-Mar-2026,95.06,93.19,93.31,90.64,91.8,92.07,91.62,13164377,1206166622.09,60008.0,6749305.0,51.27
GMRAIRPORT,EQ,06-Mar-2026,97.98,97.41,99.5,94.84,95.0,95.06,96.42,18335854,1768016603.47,44390.0,10801564.0,58.91
GMRAIRPORT,EQ,05-Mar-2026,95.2,95.5,98.79,95.5,98.0,97.98,96.84,22736777,2201722439.61,55297.0,14078084.0,61.92
GMRAIRPORT,EQ,04-Mar-2026,96.49,93.97,96.1,92.5,94.88,95.2,94.6,13937168,1318416674.43,55932.0,7498173.0,53.8
GMRAIRPORT,EQ,02-Mar-2026,100.63,96.1,99.08,95.05,96.7,96.49,96.81,11996476,1161353599.48,72279.0,5209512.0,43.43
GMRAIRPORT,EQ,27-Feb-2026,102.26,101.76,102.29,99.57,99.7,100.63,100.95,19213349,1939581569.87,45467.0,13276588.0,69.1
GMRAIRPORT,EQ,26-Feb-2026,102.27,101.81,103.0,101.51,102.35,102.26,102.21,4703063,480702855.68,29653.0,2215170.0,47.1
GMRAIRPORT,EQ,25-Feb-2026,101.7,102.78,103.03,101.5,102.15,102.27,102.16,10916245,1115192897.1,46151.0,6795807.0,62.25
GMRAIRPORT,EQ,24-Feb-2026,100.84,100.5,102.5,99.65,102.1,101.7,100.85,7047232,710680045.6,28527.0,3710641.0,52.65
GMRAIRPORT,EQ,23-Feb-2026,99.75,100.89,101.5,99.93,100.89,100.84,100.73,7231415,728402652.61,50631.0,4059327.0,56.13
GMRAIRPORT,EQ,20-Feb-2026,99.06,99.01,100.39,98.68,99.57,99.75,99.71,6998470,697811701.1,33538.0,2961551.0,42.32
GMRAIRPORT,EQ,19-Feb-2026,100.36,100.7,100.99,98.8,98.9,99.06,99.7,10000773,997034383.34,30974.0,4344056.0,43.44
GMRAIRPORT,EQ,18-Feb-2026,99.8,99.8,101.64,99.12,100.4,100.36,100.6,12811121,1288771843.61,44425.0,5951216.0,46.45
GMRAIRPORT,EQ,17-Feb-2026,100.52,99.87,102.55,99.12,99.8,99.8,100.95,25514687,2575749620.33,70656.0,9946111.0,38.98
GMRAIRPORT,EQ,16-Feb-2026,94.03,95.15,101.4,95.15,100.6,100.52,99.63,50976360,5078628075.34,158020.0,10518067.0,20.63
GMRAIRPORT,EQ,13-Feb-2026,96.33,95.6,96.0,93.53,94.08,94.03,94.25,7836032,738570938.13,28935.0,3943650.0,50.33
GMRAIRPORT,EQ,12-Feb-2026,96.81,96.81,97.33,95.8,96.28,96.33,96.34,5746310,553594370.01,30567.0,2883229.0,50.18
GMRAIRPORT,EQ,11-Feb-2026,97.81,97.94,97.96,96.15,96.85,96.81,96.79,4881186,472471289.36,40384.0,2376664.0,48.69
GMRAIRPORT,EQ,10-Feb-2026,97.98,98.15,98.57,96.92,97.7,97.81,97.58,7299407,712287468.93,39090.0,3546691.0,48.59
GMRAIRPORT,EQ,09-Feb-2026,97.51,98.26,98.62,97.49,98.2,97.98,98.0,21209846,2078631038.92,41147.0,14659610.0,69.12
GMRAIRPORT,EQ,06-Feb-2026,97.43,97.0,97.72,95.91,97.4,97.51,96.78,10911384,1056054735.39,37627.0,6332096.0,58.03
GMRAIRPORT,EQ,05-Feb-2026,98.08,98.57,98.57,96.81,97.28,97.43,97.52,8004097,780552320.92,47123.0,4076209.0,50.93
GMRAIRPORT,EQ,04-Feb-2026,95.22,95.2,98.83,94.71,98.15,98.08,97.27,20822852,2025422524.43,77873.0,9507596.0,45.66
GMRAIRPORT,EQ,03-Feb-2026,94.01,96.01,97.58,94.34,95.25,95.22,95.48,15238593,1454998413.69,88241.0,8584717.0,56.34
GMRAIRPORT,EQ,02-Feb-2026,89.8,89.87,94.31,89.12,94.28,94.01,93.17,26494437,2468571001.54,94121.0,8861100.0,33.45
GMRAIRPORT,EQ,01-Feb-2026,93.89,94.0,94.3,88.01,89.81,89.8,91.38,6682227,610640932.53,25323.0,2674405.0,40.02
GMRAIRPORT,EQ,30-Jan-2026,94.18,92.9,94.4,92.9,93.99,93.89,93.91,20963609,1968681668.88,52105.0,16610342.0,79.23
GMRAIRPORT,EQ,29-Jan-2026,93.91,93.91,94.49,92.91,94.21,94.18,93.7,8994967,842830193.84,33683.0,5099102.0,56.69
GMRAIRPORT,EQ,28-Jan-2026,92.64,93.1,94.25,92.08,94.2,93.91,93.6,20849768,1951618043.17,51760.0,14409690.0,69.11
GMRAIRPORT,EQ,27-Jan-2026,91.21,91.31,93.11,89.35,92.7,92.64,91.06,40547468,3692172314.02,61950.0,26635877.0,65.69
GMRAIRPORT,EQ,23-Jan-2026,95.1,95.23,95.39,90.98,91.58,91.21,92.47,9986400,923408119.82,53614.0,5173233.0,51.8
GMRAIRPORT,EQ,22-Jan-2026,93.84,94.99,96.44,94.6,95.23,95.1,95.33,4884886,465656012.53,32715.0,2268371.0,46.44
GMRAIRPORT,EQ,21-Jan-2026,95.93,96.22,96.35,93.36,94.17,93.84,94.48,13017979,1229913251.24,55515.0,5312706.0,40.81
GMRAIRPORT,EQ,20-Jan-2026,100.23,100.8,100.8,95.42,95.97,95.93,97.46,10626100,1035597801.76,39948.0,4595839.0,43.25
GMRAIRPORT,EQ,19-Jan-2026,99.9,99.9,101.2,99.21,100.0,100.23,100.44,5955988,598244717.97,23739.0,2496124.0,41.91
GMRAIRPORT,EQ,16-Jan-2026,99.7,99.99,102.47,99.69,99.95,99.9,100.69,15001263,1510498877.65,41318.0,7489596.0,49.93
GMRAIRPORT,EQ,14-Jan-2026,99.27,98.54,100.13,98.16,99.53,99.7,99.45,19678439,1957042879.23,43975.0,11763324.0,59.78
GMRAIRPORT,EQ,13-Jan-2026,99.88,99.8,100.5,98.55,99.32,99.27,99.28,6978211,692787333.25,37821.0,3432488.0,49.19
GMRAIRPORT,EQ,12-Jan-2026,99.89,99.5,100.62,97.72,100.07,99.88,99.34,13213014,1312619251.87,39718.0,6595771.0,49.92
GMRAIRPORT,EQ,09-Jan-2026,102.51,102.03,103.08,99.62,100.1,99.89,100.94,8529385,860917536.41,36481.0,3940919.0,46.2
GMRAIRPORT,EQ,08-Jan-2026,104.51,104.11,104.99,102.15,102.48,102.51,103.15,5256346,542212110.56,23045.0,2434846.0,46.32
GMRAIRPORT,EQ,07-Jan-2026,104.52,103.5,105.3,103.38,104.5,104.51,104.36,11690565,1219978058.81,26320.0,6170933.0,52.79
GMRAIRPORT,EQ,06-Jan-2026,105.74,105.74,105.77,103.37,104.25,104.52,104.38,5695438,594503242.52,23595.0,2671950.0,46.91
GMRAIRPORT,EQ,05-Jan-2026,105.77,106.0,108.02,104.7,105.52,105.74,106.15,11284687,1197889429.41,73184.0,5157904.0,45.71
GMRAIRPORT,EQ,02-Jan-2026,105.5,105.7,106.2,105.2,105.55,105.77,105.77,7760926,820848945.62,57944.0,4288967.0,55.26
GMRAIRPORT,EQ,01-Jan-2026,104.37,104.38,105.78,103.78,105.36,105.5,105.1,8598840,903756459.86,27558.0,3657242.0,42.53
GMRAIRPORT,EQ,31-Dec-2025,102.86,103.1,105.05,102.6,104.2,104.37,104.25,13535325,1411042179.2,39799.0,6537585.0,48.3
GMRAIRPORT,EQ,30-Dec-2025,101.96,101.86,103.66,101.08,102.94,102.86,102.69,52546038,5396164267.15,87144.0,41024440.0,78.07
GMRAIRPORT,EQ,29-Dec-2025,102.45,102.45,102.9,100.91,101.88,101.96,101.74,13106422,1333445606.79,40758.0,7845394.0,59.86
