"ï»¿""symbol""",series,date,prevclose,openprice,highprice,lowprice,lastprice,closeprice,averageprice,totaltradedquantity,turnoverinrs,no.oftrades,deliverableqty,%dlyqttotradedqty
HDFCBANK,EQ,30-Dec-2011,429.60,433.80,434.00,422.10,426.20,426.85,428.95,1919104,823207514.2,31652.0,1040552.0,54.22
HDFCBANK,EQ,29-Dec-2011,439.80,435.65,442.00,426.00,430.00,429.60,434.02,2732657,1186027966.0,35321.0,1213938.0,44.42
HDFCBANK,EQ,28-Dec-2011,439.70,442.50,443.00,433.05,439.00,439.80,437.33,1917085,838391110.7,28534.0,1032419.0,53.85
HDFCBANK,EQ,27-Dec-2011,443.70,440.30,443.60,435.70,441.90,439.70,439.39,1573559,691408821.95,20218.0,827492.0,52.59
HDFCBANK,EQ,26-Dec-2011,437.55,439.00,445.40,437.05,443.15,443.70,442.87,1141190,505396860.8,19594.0,412254.0,36.12
HDFCBANK,EQ,23-Dec-2011,442.85,444.20,446.50,436.00,438.00,437.55,441.43,1713825,756536418.65,36377.0,613425.0,35.79
HDFCBANK,EQ,22-Dec-2011,435.45,431.50,444.80,428.80,444.20,442.85,436.74,3394017,1482300264.05,39168.0,1567613.0,46.19
HDFCBANK,EQ,21-Dec-2011,414.20,426.00,439.40,417.80,438.30,435.45,426.91,3746720,1599530370.75,57277.0,1888665.0,50.41
HDFCBANK,EQ,20-Dec-2011,406.00,406.00,421.60,404.00,415.40,414.20,413.16,4995892,2064125453.85,75281.0,2751839.0,55.08
HDFCBANK,EQ,19-Dec-2011,415.30,412.05,413.00,400.25,402.40,406.00,405.95,8085381,3282226121.35,90560.0,5590411.0,69.14
HDFCBANK,EQ,16-Dec-2011,431.35,434.10,440.50,410.00,413.65,415.30,427.68,7356205,3146087891.6,68951.0,3486128.0,47.39
HDFCBANK,EQ,15-Dec-2011,434.35,429.00,436.00,427.00,431.50,431.35,431.85,6740035,2910700627.3,66397.0,4663656.0,69.19
HDFCBANK,EQ,14-Dec-2011,438.40,439.00,443.75,430.25,434.30,434.35,436.80,6076681,2654274358.15,61679.0,3740625.0,61.56
HDFCBANK,EQ,13-Dec-2011,432.05,428.00,445.40,426.00,442.90,438.40,432.92,3731470,1615429831.2,55907.0,1958826.0,52.49
HDFCBANK,EQ,12-Dec-2011,443.75,448.10,450.95,426.30,428.05,432.05,438.39,3017789,1322980400.75,42327.0,1596756.0,52.91
HDFCBANK,EQ,09-Dec-2011,453.75,447.00,451.20,440.50,445.30,443.75,446.16,3401728,1517703268.95,42905.0,1755735.0,51.61
HDFCBANK,EQ,08-Dec-2011,467.10,467.00,467.70,451.10,452.00,453.75,457.06,3139250,1434821913.65,44369.0,2020972.0,64.38
HDFCBANK,EQ,07-Dec-2011,462.35,470.00,470.90,462.10,465.00,467.10,467.13,2793236,1304817107.2,64722.0,1609661.0,57.63
HDFCBANK,EQ,05-Dec-2011,466.00,463.70,467.45,458.00,464.30,462.35,461.80,2188307,1010568652.3,50627.0,856287.0,39.13
HDFCBANK,EQ,02-Dec-2011,453.50,455.15,467.90,453.15,466.55,466.00,461.30,2809257,1295903724.55,42505.0,1624882.0,57.84
HDFCBANK,EQ,01-Dec-2011,442.50,458.95,467.00,449.45,452.15,453.50,456.33,3482446,1589128808.75,55266.0,2249776.0,64.6
HDFCBANK,EQ,30-Nov-2011,435.20,429.20,449.65,429.20,443.50,442.50,441.37,7053637,3113287914.95,92162.0,4751993.0,67.37
HDFCBANK,EQ,29-Nov-2011,440.85,444.00,445.55,432.20,432.25,435.20,439.45,3707756,1629369586.75,48884.0,2063077.0,55.64
HDFCBANK,EQ,28-Nov-2011,430.90,436.00,444.95,434.10,443.00,440.85,438.51,2722929,1194031188.25,41604.0,1594002.0,58.54
HDFCBANK,EQ,25-Nov-2011,429.65,427.75,434.90,419.05,432.00,430.90,428.25,4726617,2024181241.35,47404.0,2450395.0,51.84
HDFCBANK,EQ,24-Nov-2011,426.10,428.80,435.00,411.30,426.10,429.65,423.21,7221297,3056126870.0,110949.0,4876215.0,67.53
HDFCBANK,EQ,23-Nov-2011,444.05,441.75,441.75,414.20,424.00,426.10,424.96,6391409,2716080299.55,113869.0,3363627.0,52.63
HDFCBANK,EQ,22-Nov-2011,444.65,447.00,449.50,440.00,443.50,444.05,445.30,3804576,1694194309.9,65556.0,2046045.0,53.78
HDFCBANK,EQ,21-Nov-2011,458.30,456.00,456.00,440.00,442.00,444.65,448.49,2548509,1142968703.15,55090.0,1608273.0,63.11
HDFCBANK,EQ,18-Nov-2011,459.35,455.20,461.60,450.10,459.30,458.30,455.72,2930186,1335338351.4,56711.0,1707583.0,58.28
HDFCBANK,EQ,17-Nov-2011,465.70,463.15,470.00,456.60,461.45,459.35,462.36,2694342,1245750149.2,40156.0,1706169.0,63.32
HDFCBANK,EQ,16-Nov-2011,472.25,470.00,472.00,460.30,469.40,465.70,467.20,1779400,831339450.75,38254.0,870647.0,48.93
HDFCBANK,EQ,15-Nov-2011,471.40,470.70,477.80,469.90,470.00,472.25,473.86,2911073,1379434201.7,36892.0,2185163.0,75.06
HDFCBANK,EQ,14-Nov-2011,464.05,469.90,479.85,468.95,471.45,471.40,475.55,3057141,1453835560.2,40454.0,1972360.0,64.52
HDFCBANK,EQ,11-Nov-2011,477.25,475.65,478.40,462.60,463.55,464.05,469.06,2302509,1080020984.45,53000.0,1304718.0,56.67
HDFCBANK,EQ,09-Nov-2011,484.25,485.00,485.70,475.30,476.10,477.25,480.70,2151247,1034109802.4,40679.0,1324799.0,61.58
HDFCBANK,EQ,08-Nov-2011,483.00,483.00,487.35,478.50,484.45,484.25,482.48,2098202,1012336235.2,29362.0,1131916.0,53.95
HDFCBANK,EQ,04-Nov-2011,481.85,486.70,487.90,480.30,483.65,483.00,483.20,1700805,821822292.15,26071.0,986335.0,57.99
HDFCBANK,EQ,03-Nov-2011,483.10,481.00,484.85,472.10,483.60,481.85,477.55,2626409,1254234348.85,44068.0,1544084.0,58.79
HDFCBANK,EQ,02-Nov-2011,482.30,478.70,488.00,477.50,481.50,483.10,485.18,2527955,1226511143.9,24663.0,1407497.0,55.68
HDFCBANK,EQ,01-Nov-2011,490.00,485.10,493.00,480.00,480.60,482.30,484.96,3324879,1612430076.1,45943.0,2083971.0,62.68
HDFCBANK,EQ,31-Oct-2011,482.65,483.00,491.75,477.15,490.00,490.00,486.83,3212854,1564110919.85,40635.0,2006892.0,62.46
HDFCBANK,EQ,28-Oct-2011,472.00,486.00,494.50,479.75,482.25,482.65,483.28,4509612,2179387991.0,79029.0,3333016.0,73.91
HDFCBANK,EQ,26-Oct-2011,468.00,472.00,474.90,470.00,472.15,472.00,471.82,499071,235472948.75,9673.0,184867.0,37.04
HDFCBANK,EQ,25-Oct-2011,484.35,487.85,490.75,448.55,471.80,468.00,463.86,20657505,9582166027.05,167697.0,12321985.0,59.65
HDFCBANK,EQ,24-Oct-2011,487.00,492.75,497.00,482.95,485.00,484.35,490.35,2435773,1194372157.7,23374.0,1510336.0,62.01
HDFCBANK,EQ,24-Oct-2011,487.00,492.75,497.00,482.95,485.00,484.35,490.35,2435773,1194372157.7,23374.0,1510336.0,62.01
HDFCBANK,EQ,21-Oct-2011,489.55,490.05,491.80,483.30,488.00,487.00,488.26,2290366,1118301749.65,31497.0,1435151.0,62.66
HDFCBANK,EQ,20-Oct-2011,491.85,488.00,492.40,480.60,490.00,489.55,486.00,2838426,1379477816.8,35557.0,1769063.0,62.33
HDFCBANK,EQ,19-Oct-2011,478.15,482.95,494.60,479.30,492.00,491.85,488.88,4344521,2123951587.4,55485.0,2307584.0,53.11
HDFCBANK,EQ,18-Oct-2011,478.05,473.90,481.40,472.00,481.20,478.15,475.75,2027255,964472057.3,23508.0,1288522.0,63.56
HDFCBANK,EQ,17-Oct-2011,473.90,476.60,480.50,472.35,479.00,478.05,477.25,1771816,845606922.45,34390.0,921060.0,51.98
HDFCBANK,EQ,14-Oct-2011,470.65,469.00,476.40,465.35,475.70,473.90,470.79,1667510,785049233.9,29840.0,973391.0,58.37
HDFCBANK,EQ,13-Oct-2011,467.15,475.00,476.20,467.60,470.00,470.65,472.34,2933351,1385537355.75,41514.0,1901853.0,64.84
HDFCBANK,EQ,12-Oct-2011,457.50,461.95,469.90,453.45,468.50,467.15,461.23,4483890,2068095937.8,41048.0,3076563.0,68.61
HDFCBANK,EQ,11-Oct-2011,454.70,460.70,464.90,455.15,459.25,457.50,460.78,2496879,1150499865.95,40086.0,1390395.0,55.69
HDFCBANK,EQ,10-Oct-2011,450.00,452.00,458.00,450.05,457.20,454.70,453.88,6031496,2737584751.0,39494.0,4763362.0,78.97
HDFCBANK,EQ,07-Oct-2011,438.70,452.70,460.00,446.20,450.00,450.00,451.63,4721751,2132498829.1,61247.0,3326341.0,70.45
HDFCBANK,EQ,05-Oct-2011,448.90,448.95,456.25,436.55,437.50,438.70,445.71,4133748,1842472645.85,53866.0,2359437.0,57.08
HDFCBANK,EQ,04-Oct-2011,456.05,452.50,456.00,440.50,446.20,448.90,449.43,3740798,1681231786.7,55674.0,2383344.0,63.71
HDFCBANK,EQ,03-Oct-2011,467.65,460.15,464.90,450.75,464.90,456.05,455.17,4534059,2063766799.75,65473.0,3501285.0,77.22
HDFCBANK,EQ,30-Sep-2011,470.60,465.85,474.80,464.40,467.30,467.65,469.42,4757200,2233130424.75,61499.0,3333692.0,70.08
HDFCBANK,EQ,29-Sep-2011,458.00,457.55,474.80,452.65,470.00,470.60,468.67,8133246,3811814621.75,68739.0,5320745.0,65.42
HDFCBANK,EQ,28-Sep-2011,457.45,462.40,465.35,451.75,460.35,458.00,457.06,3805938,1739542764.75,50636.0,2598967.0,68.29
HDFCBANK,EQ,27-Sep-2011,450.10,458.00,461.90,454.10,459.40,457.45,458.02,4005709,1834676061.25,23917.0,2941137.0,73.42
HDFCBANK,EQ,26-Sep-2011,456.40,456.00,457.65,439.45,450.05,450.10,447.99,6946267,3111842108.85,60604.0,4916283.0,70.78
HDFCBANK,EQ,23-Sep-2011,472.30,468.55,470.00,452.50,456.00,456.40,458.00,8227806,3768372972.5,74122.0,5078038.0,61.72
HDFCBANK,EQ,22-Sep-2011,494.50,487.90,489.00,465.50,477.05,472.30,477.10,2547772,1215543790.4,36090.0,1342209.0,52.68
HDFCBANK,EQ,21-Sep-2011,491.35,492.75,497.65,488.40,493.70,494.50,494.24,3222849,1592858863.7,38357.0,2191729.0,68.01
HDFCBANK,EQ,20-Sep-2011,484.75,485.00,493.25,483.00,492.60,491.35,488.50,2958817,1445370697.2,39951.0,1855622.0,62.71
HDFCBANK,EQ,19-Sep-2011,483.70,481.90,487.00,477.10,487.00,484.75,482.35,2097305,1011637413.85,38513.0,1128543.0,53.81
HDFCBANK,EQ,16-Sep-2011,484.65,486.25,490.00,476.30,487.00,483.70,483.58,2736752,1323450410.05,37568.0,1313065.0,47.98
HDFCBANK,EQ,15-Sep-2011,478.90,485.90,488.05,471.60,488.05,484.65,480.15,2184190,1048734096.65,42182.0,1105772.0,50.63
HDFCBANK,EQ,14-Sep-2011,467.70,467.40,483.10,461.05,483.10,478.90,471.49,1937252,913391647.1,35057.0,779582.0,40.24
HDFCBANK,EQ,13-Sep-2011,469.35,471.00,475.80,464.00,466.70,467.70,469.94,1793988,843070230.55,29640.0,750315.0,41.82
HDFCBANK,EQ,12-Sep-2011,473.25,467.00,471.20,462.50,469.00,469.35,466.85,1746380,815301830.15,22994.0,953776.0,54.61
HDFCBANK,EQ,09-Sep-2011,483.70,483.90,485.70,470.70,472.00,473.25,479.30,2582854,1237958528.4,29275.0,1390139.0,53.82
HDFCBANK,EQ,08-Sep-2011,488.10,489.70,489.70,479.15,483.00,483.70,483.00,2041012,985816247.95,30254.0,983324.0,48.18
HDFCBANK,EQ,07-Sep-2011,472.80,476.00,489.95,472.85,488.45,488.10,485.24,3686643,1788899330.9,40660.0,2398516.0,65.06
HDFCBANK,EQ,06-Sep-2011,470.25,468.60,476.40,460.00,473.10,472.80,467.73,4465198,2088526544.15,53146.0,3087895.0,69.15
HDFCBANK,EQ,05-Sep-2011,472.80,469.80,474.00,462.65,473.30,470.25,467.91,2950179,1380404361.65,27431.0,1886593.0,63.95
HDFCBANK,EQ,02-Sep-2011,471.95,484.00,484.00,468.00,472.00,472.80,473.27,3797737,1797344036.75,53848.0,2695887.0,70.99
HDFCBANK,EQ,30-Aug-2011,456.45,461.95,475.00,458.80,474.80,471.95,466.00,3897324,1816137485.1,43631.0,2659027.0,68.23
HDFCBANK,EQ,29-Aug-2011,438.95,444.50,457.95,443.15,457.20,456.45,452.74,2900099,1313004028.4,43407.0,2012846.0,69.41
HDFCBANK,EQ,26-Aug-2011,443.65,444.00,450.55,436.15,437.95,438.95,442.67,2130956,943319369.75,35345.0,1139647.0,53.48
HDFCBANK,EQ,25-Aug-2011,456.00,459.40,459.40,440.70,444.55,443.65,448.23,5800210,2599819728.5,50580.0,4091807.0,70.55
HDFCBANK,EQ,24-Aug-2011,459.40,458.00,462.40,452.50,454.00,456.00,456.89,3185614,1455465302.5,38280.0,1828824.0,57.41
HDFCBANK,EQ,23-Aug-2011,453.05,457.40,462.50,445.30,457.30,459.40,455.28,4036273,1837617334.85,51093.0,1919033.0,47.54
HDFCBANK,EQ,22-Aug-2011,460.85,460.05,463.95,450.70,452.50,453.05,456.73,2977249,1359810765.1,46573.0,1481412.0,49.76
HDFCBANK,EQ,19-Aug-2011,462.40,455.00,463.50,450.00,460.80,460.85,456.23,4480259,2044027900.05,57429.0,2267790.0,50.62
HDFCBANK,EQ,18-Aug-2011,467.50,468.30,474.85,458.55,460.60,462.40,467.32,5722113,2674060061.85,59441.0,3794888.0,66.32
HDFCBANK,EQ,17-Aug-2011,456.45,456.05,472.45,455.90,470.00,467.50,465.02,3134201,1457470344.6,45759.0,1736330.0,55.4
HDFCBANK,EQ,16-Aug-2011,468.05,478.40,478.40,454.65,459.05,456.45,464.33,3055648,1418826112.55,47100.0,1687462.0,55.22
HDFCBANK,EQ,12-Aug-2011,479.95,485.10,486.00,464.10,468.00,468.05,470.12,2853388,1341426419.8,59288.0,1561229.0,54.71
HDFCBANK,EQ,11-Aug-2011,479.90,478.70,484.70,475.00,479.60,479.95,480.76,2102304,1010711732.6,26905.0,1253724.0,59.64
HDFCBANK,EQ,10-Aug-2011,464.45,494.80,494.80,473.40,483.50,479.90,478.06,3267226,1561923682.25,48987.0,2076081.0,63.54
HDFCBANK,EQ,09-Aug-2011,462.10,450.00,473.55,449.85,466.15,464.45,460.88,4490924,2069782126.85,66379.0,2445617.0,54.46
HDFCBANK,EQ,09-Aug-2011,462.10,450.00,473.55,449.85,466.15,464.45,460.88,4490924,2069782126.85,66379.0,2445617.0,54.46
HDFCBANK,EQ,08-Aug-2011,473.05,463.00,480.00,458.05,462.50,462.10,465.04,4308373,2003578619.65,61416.0,2323934.0,53.94
HDFCBANK,EQ,05-Aug-2011,476.45,465.00,475.80,457.10,474.10,473.05,469.56,3156094,1481968173.55,40643.0,1978949.0,62.7
HDFCBANK,EQ,04-Aug-2011,482.05,484.10,488.90,475.00,476.00,476.45,481.00,1829606,880036331.6,31537.0,1067437.0,58.34
HDFCBANK,EQ,03-Aug-2011,482.85,478.70,489.40,476.00,484.00,482.05,481.89,2082567,1003571226.2,30294.0,1091210.0,52.4
HDFCBANK,EQ,02-Aug-2011,488.00,487.90,487.90,480.00,481.95,482.85,483.30,1982494,958141447.95,34142.0,1271401.0,64.13
HDFCBANK,EQ,01-Aug-2011,486.80,493.45,495.95,484.50,488.00,488.00,489.14,2202354,1077269094.5,28203.0,1448962.0,65.79
HDFCBANK,EQ,29-Jul-2011,487.30,489.90,489.90,481.10,488.85,486.80,485.65,2997667,1455822960.35,56313.0,1947346.0,64.96
HDFCBANK,EQ,28-Jul-2011,502.05,499.50,499.50,484.60,490.20,487.30,489.79,5354489,2622554173.8,61153.0,3324178.0,62.08
HDFCBANK,EQ,27-Jul-2011,498.15,499.35,503.95,492.00,502.35,502.05,498.28,2765678,1378093933.75,59964.0,1856610.0,67.13
HDFCBANK,EQ,26-Jul-2011,505.20,505.35,510.20,495.25,497.90,498.15,499.94,2645382,1322523631.05,54688.0,1626014.0,61.47
HDFCBANK,EQ,25-Jul-2011,501.55,501.55,506.50,497.15,505.70,505.20,501.90,3342607,1677662003.75,46670.0,2202241.0,65.88
HDFCBANK,EQ,22-Jul-2011,496.30,500.00,507.05,498.85,502.50,501.55,502.78,3158530,1588040076.75,35266.0,1886261.0,59.72
HDFCBANK,EQ,21-Jul-2011,503.10,504.80,504.90,494.50,496.45,496.30,497.93,3220256,1603477746.45,48337.0,2144267.0,66.59
HDFCBANK,EQ,20-Jul-2011,510.85,516.40,516.40,502.00,502.55,503.10,508.61,1852161,942022359.75,35861.0,854298.0,46.12
HDFCBANK,EQ,19-Jul-2011,515.05,517.50,519.00,508.35,511.00,510.85,513.22,4263166,2187956787.6,58872.0,1820021.0,42.69
HDFCBANK,EQ,18-Jul-2011,508.95,511.95,518.90,508.00,514.85,515.05,515.03,1552474,799571184.3,28767.0,609203.0,39.24
HDFCBANK,EQ,15-Jul-2011,505.95,506.45,510.45,503.00,510.25,508.95,507.59,1372538,696684587.3,28939.0,600264.0,43.73
HDFCBANK,EQ,14-Jul-2011,"2,519.70",505.10,513.30,498.80,505.00,505.95,505.75,2338586,1182739861.65,37301.0,739341.0,31.61
HDFCBANK,EQ,13-Jul-2011,"2,479.75","2,490.00","2,528.95","2,478.05","2,526.00","2,519.70","2,510.65",372091,934189246.35,23857.0,176063.0,47.32
HDFCBANK,EQ,12-Jul-2011,"2,524.35","2,510.00","2,510.00","2,460.20","2,473.30","2,479.75","2,481.53",736090,1826632994.9,31673.0,390591.0,53.06
HDFCBANK,EQ,11-Jul-2011,"2,559.15","2,559.00","2,564.10","2,515.10","2,523.00","2,524.35","2,536.21",397250,1007509416.7,15627.0,232672.0,58.57
HDFCBANK,EQ,08-Jul-2011,"2,565.80","2,566.00","2,583.30","2,553.70","2,561.80","2,559.15","2,570.70",754468,1939510619.4,65398.0,530894.0,70.37
HDFCBANK,EQ,07-Jul-2011,"2,545.30","2,546.10","2,574.95","2,534.15","2,563.00","2,565.80","2,562.26",738902,1893257496.65,37884.0,467736.0,63.3
HDFCBANK,EQ,06-Jul-2011,"2,541.15","2,535.00","2,560.00","2,515.00","2,543.10","2,545.30","2,546.47",589287,1500601287.45,35136.0,345831.0,58.69
HDFCBANK,EQ,05-Jul-2011,"2,532.20","2,522.00","2,552.00","2,514.50","2,542.00","2,541.15","2,530.96",531864,1346124391.05,29486.0,345861.0,65.03
HDFCBANK,EQ,04-Jul-2011,"2,501.25","2,535.00","2,542.00","2,512.40","2,536.00","2,532.20","2,528.72",716168,1810986439.15,43799.0,477573.0,66.68
HDFCBANK,EQ,01-Jul-2011,"2,515.55","2,540.00","2,547.60","2,478.00","2,501.35","2,501.25","2,497.60",665242,1661510665.65,40875.0,422812.0,63.56
HDFCBANK,EQ,30-Jun-2011,"2,489.10","2,499.00","2,524.95","2,476.15","2,503.50","2,515.55","2,506.02",1342060,3363230858.3,38767.0,856403.0,63.81
HDFCBANK,EQ,29-Jun-2011,"2,423.05","2,435.00","2,499.00","2,435.00","2,495.00","2,489.10","2,467.29",1025244,2529574472.8,43742.0,689010.0,67.2
HDFCBANK,EQ,28-Jun-2011,"2,416.15","2,429.40","2,430.00","2,404.55","2,424.65","2,423.05","2,419.64",609681,1475206242.35,22837.0,420954.0,69.04
HDFCBANK,EQ,27-Jun-2011,"2,383.15","2,383.00","2,431.85","2,372.65","2,420.10","2,416.15","2,414.74",1025619,2476601788.15,43126.0,688444.0,67.12
HDFCBANK,EQ,24-Jun-2011,"2,333.75","2,349.00","2,389.95","2,341.55","2,386.65","2,383.15","2,370.84",828773,1964884477.05,28345.0,514615.0,62.09
HDFCBANK,EQ,23-Jun-2011,"2,322.70","2,319.00","2,339.45","2,310.00","2,339.00","2,333.75","2,326.89",413379,961886000.95,20115.0,218511.0,52.86
HDFCBANK,EQ,22-Jun-2011,"2,325.55","2,332.45","2,347.80","2,312.40","2,320.00","2,322.70","2,326.28",309158,719189284.3,14680.0,169751.0,54.91
HDFCBANK,EQ,21-Jun-2011,"2,299.00","2,302.00","2,344.00","2,302.00","2,327.65","2,325.55","2,328.93",507886,1182832415.3,23828.0,276995.0,54.54
HDFCBANK,EQ,20-Jun-2011,"2,349.30","2,342.15","2,361.45","2,271.95","2,300.10","2,299.00","2,301.09",781285,1797805735.25,21737.0,466651.0,59.73
HDFCBANK,EQ,17-Jun-2011,"2,343.00","2,350.50","2,366.10","2,333.65","2,350.00","2,349.30","2,350.16",710674,1670198761.15,15745.0,503159.0,70.8
HDFCBANK,EQ,16-Jun-2011,"2,372.80","2,364.00","2,372.00","2,338.05","2,342.30","2,343.00","2,353.77",421265,991561976.3,18908.0,215223.0,51.09
HDFCBANK,EQ,15-Jun-2011,"2,382.50","2,380.00","2,395.80","2,367.00","2,369.90","2,372.80","2,383.16",703894,1677491911.65,24441.0,503077.0,71.47
HDFCBANK,EQ,14-Jun-2011,"2,372.60","2,378.00","2,398.00","2,365.50","2,382.30","2,382.50","2,386.02",621660,1483294093.6,32927.0,464355.0,74.7
HDFCBANK,EQ,13-Jun-2011,"2,362.45","2,353.15","2,380.00","2,344.15","2,375.00","2,372.60","2,366.91",391778,927301800.15,17042.0,204083.0,52.09
HDFCBANK,EQ,10-Jun-2011,"2,362.80","2,368.00","2,374.50","2,330.20","2,367.75","2,362.45","2,355.92",437191,1029984960.7,19068.0,228714.0,52.31
HDFCBANK,EQ,09-Jun-2011,"2,355.25","2,354.75","2,374.60","2,341.50","2,363.15","2,362.80","2,360.04",322994,762277510.6,17770.0,134069.0,41.51
HDFCBANK,EQ,08-Jun-2011,"2,376.50","2,356.20","2,372.00","2,348.20","2,353.95","2,355.25","2,362.56",513939,1214212889.05,19022.0,348017.0,67.72
HDFCBANK,EQ,07-Jun-2011,"2,381.25","2,365.10","2,390.70","2,363.80","2,374.60","2,376.50","2,377.48",406347,966080334.15,11760.0,266423.0,65.57
HDFCBANK,EQ,06-Jun-2011,"2,356.75","2,345.30","2,390.00","2,345.30","2,390.00","2,381.25","2,366.03",584280,1382424149.15,22785.0,409487.0,70.08
HDFCBANK,EQ,03-Jun-2011,"2,360.30","2,359.95","2,370.85","2,348.50","2,364.00","2,356.75","2,358.69",598853,1412506467.6,26661.0,340110.0,56.79
HDFCBANK,EQ,02-Jun-2011,"2,398.20","2,355.05","2,366.70","2,345.00","2,361.00","2,360.30","2,356.74",672276,1584379822.4,33279.0,391660.0,58.26
HDFCBANK,EQ,01-Jun-2011,"2,399.55","2,390.00","2,407.00","2,374.75","2,404.95","2,398.20","2,397.60",657167,1575622621.85,32536.0,374167.0,56.94
HDFCBANK,EQ,31-May-2011,"2,307.60","2,324.90","2,408.70","2,315.00","2,382.00","2,399.55","2,375.73",1769673,4204263260.8,,1398158.0,79.01
HDFCBANK,EQ,30-May-2011,"2,303.65","2,304.00","2,327.60","2,297.35","2,307.20","2,307.60","2,308.75",392475,906126391.15,,259343.0,66.08
HDFCBANK,EQ,27-May-2011,"2,264.20","2,264.90","2,312.00","2,262.55","2,300.00","2,303.65","2,292.68",583102,1336864015.55,,357512.0,61.31
HDFCBANK,EQ,26-May-2011,"2,254.75","2,255.00","2,277.00","2,240.00","2,259.80","2,264.20","2,262.45",994995,2251126482.25,,598584.0,60.16
HDFCBANK,EQ,25-May-2011,"2,255.30","2,250.00","2,267.00","2,245.35","2,254.00","2,254.75","2,255.56",415744,937734893.95,,254010.0,61.1
HDFCBANK,EQ,24-May-2011,"2,264.70","2,254.00","2,292.50","2,248.20","2,251.00","2,255.30","2,273.24",450244,1023514778.6,,220441.0,48.96
HDFCBANK,EQ,23-May-2011,"2,315.70","2,295.00","2,298.80","2,245.95","2,262.00","2,264.70","2,265.35",1004640,2275857736.0,,632338.0,62.94
HDFCBANK,EQ,20-May-2011,"2,273.80","2,270.00","2,320.00","2,255.40","2,315.00","2,315.70","2,297.37",1191387,2737055124.5,,808960.0,67.9
HDFCBANK,EQ,19-May-2011,"2,267.35","2,270.50","2,284.00","2,257.70","2,276.15","2,273.80","2,276.04",751127,1709597453.2,,579981.0,77.21
HDFCBANK,EQ,18-May-2011,"2,252.45","2,258.10","2,277.70","2,243.00","2,273.00","2,267.35","2,263.08",693548,1569557413.35,,474817.0,68.46
HDFCBANK,EQ,17-May-2011,"2,253.05","2,252.00","2,273.95","2,241.00","2,258.80","2,252.45","2,257.98",611194,1380064816.8,,365868.0,59.86
HDFCBANK,EQ,16-May-2011,"2,251.05","2,245.00","2,266.10","2,236.30","2,250.15","2,253.05","2,253.98",627062,1413387380.8,,391814.0,62.48
HDFCBANK,EQ,13-May-2011,"2,240.20","2,232.00","2,290.00","2,225.85","2,255.60","2,251.05","2,264.30",582307,1318515989.05,,295423.0,50.73
HDFCBANK,EQ,12-May-2011,"2,261.05","2,250.00","2,264.90","2,235.00","2,235.00","2,240.20","2,244.98",473943,1063992505.05,,272355.0,57.47
HDFCBANK,EQ,11-May-2011,"2,246.40","2,260.00","2,268.90","2,221.00","2,264.30","2,261.05","2,244.75",491085,1102363160.2,,241188.0,49.11
HDFCBANK,EQ,10-May-2011,"2,278.85","2,278.00","2,278.00","2,225.10","2,245.45","2,246.40","2,252.65",652322,1469453770.3,,300857.0,46.12
HDFCBANK,EQ,09-May-2011,"2,297.25","2,302.00","2,315.00","2,248.40","2,267.75","2,278.85","2,277.60",389859,887944073.45,,145550.0,37.33
HDFCBANK,EQ,06-May-2011,"2,220.45","2,225.00","2,320.00","2,225.00","2,307.80","2,297.25","2,273.09",1077573,2449424482.6,,633809.0,58.82
HDFCBANK,EQ,06-May-2011,"2,220.45","2,225.00","2,320.00","2,225.00","2,307.80","2,297.25","2,273.09",1077573,2449424482.6,,633809.0,58.82
HDFCBANK,EQ,05-May-2011,"2,261.45","2,255.85","2,274.80","2,210.00","2,211.00","2,220.45","2,231.39",934949,2086237008.45,,563545.0,60.28
HDFCBANK,EQ,04-May-2011,"2,235.65","2,244.00","2,285.15","2,207.80","2,275.00","2,261.45","2,256.88",1321061,2981471486.95,,798738.0,60.46
HDFCBANK,EQ,03-May-2011,"2,290.15","2,288.55","2,295.65","2,222.20","2,233.00","2,235.65","2,257.03",1074028,2424116015.8,,569280.0,53.0
HDFCBANK,EQ,02-May-2011,"2,295.55","2,306.00","2,315.70","2,262.00","2,293.95","2,290.15","2,277.17",707837,1611863275.1,,511342.0,72.24
HDFCBANK,EQ,29-Apr-2011,"2,337.75","2,325.00","2,339.70","2,281.00","2,295.00","2,295.55","2,297.11",931294,2139282813.65,,610990.0,65.61
HDFCBANK,EQ,28-Apr-2011,"2,353.25","2,363.15","2,369.00","2,330.00","2,344.00","2,337.75","2,342.78",1338482,3135766054.35,,700341.0,52.32
HDFCBANK,EQ,27-Apr-2011,"2,359.85","2,376.00","2,379.00","2,326.30","2,360.95","2,353.25","2,352.74",714765,1681658595.6,,405086.0,56.67
HDFCBANK,EQ,26-Apr-2011,"2,391.00","2,386.55","2,397.85","2,340.50","2,360.10","2,359.85","2,358.25",632185,1490851200.5,,350474.0,55.44
HDFCBANK,EQ,25-Apr-2011,"2,410.65","2,423.00","2,441.05","2,386.00","2,390.20","2,391.00","2,405.91",632287,1521225701.05,,383056.0,60.58
HDFCBANK,EQ,21-Apr-2011,"2,371.95","2,382.00","2,416.90","2,382.00","2,410.00","2,410.65","2,405.60",1620535,3898360880.95,,1137612.0,70.2
HDFCBANK,EQ,20-Apr-2011,"2,347.50","2,360.55","2,389.00","2,348.00","2,380.10","2,371.95","2,363.31",654807,1547511871.1,,337685.0,51.57
HDFCBANK,EQ,19-Apr-2011,"2,311.80","2,340.00","2,358.80","2,324.45","2,345.95","2,347.50","2,346.78",746243,1751264847.7,,211763.0,28.38
HDFCBANK,EQ,18-Apr-2011,"2,363.10","2,378.80","2,399.85","2,304.35","2,310.15","2,311.80","2,346.42",1035327,2429310624.8,,437175.0,42.23
HDFCBANK,EQ,15-Apr-2011,"2,368.95","2,375.00","2,392.00","2,344.00","2,370.95","2,363.10","2,366.23",859093,2032810509.5,,401034.0,46.68
HDFCBANK,EQ,13-Apr-2011,"2,296.05","2,279.45","2,383.65","2,275.00","2,382.00","2,368.95","2,332.39",903389,2107053020.7,,535032.0,59.22
HDFCBANK,EQ,11-Apr-2011,"2,352.40","2,325.20","2,337.55","2,288.60","2,294.00","2,296.05","2,299.15",1120818,2576925415.7,,752026.0,67.1
HDFCBANK,EQ,08-Apr-2011,"2,354.75","2,354.00","2,385.00","2,345.10","2,348.90","2,352.40","2,362.65",772017,1824009057.3,,411783.0,53.34
HDFCBANK,EQ,07-Apr-2011,"2,375.95","2,375.00","2,378.00","2,339.60","2,353.00","2,354.75","2,352.80",655816,1543004136.55,,360315.0,54.94
HDFCBANK,EQ,06-Apr-2011,"2,395.75","2,391.00","2,395.00","2,351.00","2,372.00","2,375.95","2,372.30",646986,1534844336.75,,339094.0,52.41
HDFCBANK,EQ,05-Apr-2011,"2,400.80","2,400.00","2,409.95","2,368.15","2,389.95","2,395.75","2,389.93",841266,2010569609.75,,448621.0,53.33
HDFCBANK,EQ,04-Apr-2011,"2,333.75","2,340.00","2,405.00","2,340.00","2,405.00","2,400.80","2,387.12",632227,1509199579.7,,286676.0,45.34
HDFCBANK,EQ,01-Apr-2011,"2,345.85","2,353.00","2,365.00","2,323.00","2,339.25","2,333.75","2,334.80",436929,1020143598.75,,206916.0,47.36
HDFCBANK,EQ,31-Mar-2011,"2,341.50","2,350.00","2,395.90","2,305.10","2,350.00","2,345.85","2,351.20",1893191,4451270976.5,,1149093.0,60.7
HDFCBANK,EQ,30-Mar-2011,"2,305.15","2,315.00","2,364.00","2,306.00","2,345.00","2,341.50","2,339.62",1109742,2596374671.8,,669438.0,60.32
HDFCBANK,EQ,29-Mar-2011,"2,296.75","2,310.00","2,323.80","2,284.65","2,300.00","2,305.15","2,309.91",1081830,2498927615.85,,692452.0,64.01
HDFCBANK,EQ,28-Mar-2011,"2,265.05","2,265.00","2,312.00","2,265.00","2,295.05","2,296.75","2,295.16",1093031,2508678208.85,,683009.0,62.49
HDFCBANK,EQ,25-Mar-2011,"2,192.80","2,207.00","2,275.00","2,200.00","2,258.00","2,265.05","2,240.26",890148,1994164167.9,,570337.0,64.07
HDFCBANK,EQ,24-Mar-2011,"2,164.20","2,179.00","2,198.90","2,168.50","2,192.00","2,192.80","2,184.04",441381,963992352.9,,219866.0,49.81
HDFCBANK,EQ,23-Mar-2011,"2,151.60","2,150.00","2,181.90","2,145.05","2,165.00","2,164.20","2,167.24",465735,1009360134.75,,269224.0,57.81
HDFCBANK,EQ,22-Mar-2011,"2,154.45","2,159.10","2,173.00","2,142.05","2,152.05","2,151.60","2,157.67",471527,1017401684.95,,262798.0,55.73
HDFCBANK,EQ,21-Mar-2011,"2,149.30","2,170.20","2,178.70","2,146.45","2,154.85","2,154.45","2,159.37",615935,1330030394.5,,378631.0,61.47
HDFCBANK,EQ,18-Mar-2011,"2,181.50","2,180.00","2,196.20","2,142.10","2,146.30","2,149.30","2,159.22",482212,1041202556.2,,243081.0,50.41
HDFCBANK,EQ,17-Mar-2011,"2,183.75","2,170.20","2,233.00","2,166.15","2,180.00","2,181.50","2,207.96",1676062,3700672555.6,,932230.0,55.62
HDFCBANK,EQ,16-Mar-2011,"2,184.65","2,196.00","2,205.00","2,178.60","2,187.60","2,183.75","2,193.74",580534,1273542629.1,,332738.0,57.32
HDFCBANK,EQ,15-Mar-2011,"2,214.75","2,170.00","2,207.70","2,130.00","2,204.00","2,184.65","2,171.24",1380100,2996529000.7,,824880.0,59.77
HDFCBANK,EQ,14-Mar-2011,"2,186.35","2,172.00","2,219.00","2,172.00","2,215.00","2,214.75","2,204.80",654144,1442257883.15,,398345.0,60.9
HDFCBANK,EQ,11-Mar-2011,"2,208.40","2,182.05","2,217.00","2,175.00","2,181.05","2,186.35","2,191.15",655395,1436071947.35,,371567.0,56.69
HDFCBANK,EQ,10-Mar-2011,"2,206.05","2,192.00","2,215.00","2,182.35","2,215.00","2,208.40","2,201.67",747031,1644718118.4,,500802.0,67.04
HDFCBANK,EQ,09-Mar-2011,"2,206.50","2,210.00","2,238.70","2,195.00","2,200.00","2,206.05","2,206.44",904199,1995062817.0,,531782.0,58.81
HDFCBANK,EQ,08-Mar-2011,"2,173.15","2,158.00","2,218.50","2,156.50","2,207.20","2,206.50","2,201.79",898557,1978437606.1,,558794.0,62.19
HDFCBANK,EQ,07-Mar-2011,"2,218.25","2,204.00","2,204.00","2,150.90","2,167.75","2,173.15","2,170.65",642784,1395258413.9,,345972.0,53.82
HDFCBANK,EQ,04-Mar-2011,"2,193.15","2,210.00","2,232.90","2,206.50","2,220.05","2,218.25","2,221.01",985494,2188789506.9,,648543.0,65.81
HDFCBANK,EQ,03-Mar-2011,"2,139.00","2,134.90","2,222.30","2,130.05","2,195.00","2,193.15","2,184.55",1266882,2767569100.15,,609709.0,48.13
HDFCBANK,EQ,01-Mar-2011,"2,052.25","2,074.80","2,150.00","2,059.00","2,150.00","2,139.00","2,124.43",1025058,2177663346.2,,562979.0,54.92
HDFCBANK,EQ,28-Feb-2011,"2,042.15","2,064.00","2,120.95","2,035.00","2,049.15","2,052.25","2,065.14",1098136,2267809822.85,,505921.0,46.07
HDFCBANK,EQ,25-Feb-2011,"2,059.10","2,087.00","2,087.00","2,018.00","2,059.50","2,042.15","2,053.73",630996,1295893515.8,,243104.0,38.53
HDFCBANK,EQ,24-Feb-2011,"2,114.10","2,087.00","2,118.55","2,045.75","2,061.00","2,059.10","2,076.80",1002777,2082570282.25,,462385.0,46.11
HDFCBANK,EQ,23-Feb-2011,"2,138.45","2,125.20","2,153.00","2,100.20","2,111.55","2,114.10","2,131.66",611422,1303342144.95,,279091.0,45.65
HDFCBANK,EQ,22-Feb-2011,"2,201.70","2,190.00","2,191.70","2,125.40","2,135.80","2,138.45","2,151.30",579643,1246986210.75,,228661.0,39.45
HDFCBANK,EQ,21-Feb-2011,"2,176.10","2,165.00","2,208.00","2,132.50","2,195.65","2,201.70","2,165.70",560051,1212900440.15,,236138.0,42.16
HDFCBANK,EQ,18-Feb-2011,"2,185.60","2,184.00","2,243.10","2,165.25","2,172.00","2,176.10","2,211.59",1976787,4371841828.1,,1102498.0,55.77
HDFCBANK,EQ,17-Feb-2011,"2,094.85","2,100.00","2,194.00","2,095.00","2,192.00","2,185.60","2,163.05",1180492,2553467246.4,,671217.0,56.86
HDFCBANK,EQ,16-Feb-2011,"2,107.00","2,114.00","2,122.00","2,085.05","2,100.00","2,094.85","2,096.50",455079,954073593.65,,215290.0,47.31
HDFCBANK,EQ,15-Feb-2011,"2,105.45","2,110.00","2,128.00","2,075.30","2,104.90","2,107.00","2,106.58",759973,1600941500.85,,303370.0,39.92
HDFCBANK,EQ,14-Feb-2011,"2,059.30","2,050.15","2,110.20","2,050.15","2,107.50","2,105.45","2,089.94",592236,1237736003.5,,283263.0,47.83
HDFCBANK,EQ,11-Feb-2011,"2,015.85","1,995.00","2,060.00","1,995.00","2,059.70","2,059.30","2,042.15",1010342,2063266418.95,,652939.0,64.63
HDFCBANK,EQ,10-Feb-2011,"2,022.30","2,016.00","2,049.00","2,000.00","2,015.15","2,015.85","2,026.10",1153559,2337230216.3,,725094.0,62.86
HDFCBANK,EQ,09-Feb-2011,"2,002.85","1,998.00","2,035.00","1,981.40","2,033.50","2,022.30","2,013.34",735758,1481330850.55,,312246.0,42.44
HDFCBANK,EQ,08-Feb-2011,"2,038.85","2,059.90","2,059.95","1,985.10","2,004.90","2,002.85","2,012.17",719599,1447958128.0,,371414.0,51.61
HDFCBANK,EQ,07-Feb-2011,"2,017.75","2,045.00","2,060.00","2,020.20","2,036.25","2,038.85","2,050.26",855946,1754910759.15,,493090.0,57.61
HDFCBANK,EQ,04-Feb-2011,"2,060.95","2,051.00","2,085.00","2,005.00","2,008.00","2,017.75","2,045.03",925320,1892305142.25,,486822.0,52.61
HDFCBANK,EQ,03-Feb-2011,"2,019.90","2,020.00","2,071.75","2,010.00","2,056.90","2,060.95","2,049.43",579603,1187855348.9,,283789.0,48.96
HDFCBANK,EQ,02-Feb-2011,"2,039.60","2,051.50","2,063.50","2,006.20","2,010.00","2,019.90","2,032.80",976217,1984451017.55,,497314.0,50.94
HDFCBANK,EQ,01-Feb-2011,"2,047.30","2,076.90","2,076.90","2,015.10","2,042.00","2,039.60","2,039.18",855123,1743752812.9,,399880.0,46.76
HDFCBANK,EQ,31-Jan-2011,"2,054.25","2,042.70","2,063.45","1,996.20","2,040.20","2,047.30","2,023.92",1111803,2250200203.0,,595675.0,53.58
HDFCBANK,EQ,28-Jan-2011,"2,050.90","2,055.00","2,089.35","2,042.05","2,052.60","2,054.25","2,064.34",1779842,3674190171.1,,904350.0,50.81
HDFCBANK,EQ,27-Jan-2011,"2,084.30","2,100.00","2,100.00","2,041.00","2,043.80","2,050.90","2,075.94",1894558,3932991349.9,,1028591.0,54.29
HDFCBANK,EQ,25-Jan-2011,"2,148.60","2,151.20","2,174.85","2,070.10","2,085.05","2,084.30","2,117.86",1411054,2988416659.2,,677827.0,48.04
HDFCBANK,EQ,24-Jan-2011,"2,094.15","2,095.00","2,154.00","2,073.00","2,146.10","2,148.60","2,113.25",1277416,2699494023.15,,727890.0,56.98
HDFCBANK,EQ,21-Jan-2011,"2,117.55","2,104.00","2,124.70","2,076.10","2,093.00","2,094.15","2,096.48",829761,1739577669.0,,409928.0,49.4
HDFCBANK,EQ,20-Jan-2011,"2,075.45","2,069.25","2,134.40","2,045.90","2,117.00","2,117.55","2,085.05",963854,2009679539.95,,533183.0,55.32
HDFCBANK,EQ,19-Jan-2011,"2,109.35","2,111.65","2,114.05","2,063.00","2,078.30","2,075.45","2,081.69",899205,1871869679.15,,514804.0,57.25
HDFCBANK,EQ,18-Jan-2011,"2,068.10","2,086.80","2,116.00","2,046.65","2,115.00","2,109.35","2,088.08",842016,1758193662.35,,386005.0,45.84
HDFCBANK,EQ,17-Jan-2011,"2,049.55","2,060.00","2,093.00","2,050.55","2,071.20","2,068.10","2,069.93",1228082,2542039508.5,,749900.0,61.06
HDFCBANK,EQ,14-Jan-2011,"2,143.00","2,150.00","2,208.00","2,030.00","2,052.00","2,049.55","2,114.87",1279141,2705221894.2,,562842.0,44.0
HDFCBANK,EQ,13-Jan-2011,"2,205.30","2,209.00","2,217.40","2,126.40","2,143.00","2,143.00","2,157.04",948601,2046166962.15,,487941.0,51.44
HDFCBANK,EQ,12-Jan-2011,"2,146.60","2,169.00","2,214.00","2,106.60","2,208.05","2,205.30","2,160.27",990533,2139814373.35,,399900.0,40.37
HDFCBANK,EQ,11-Jan-2011,"2,152.25","2,170.00","2,218.70","2,125.00","2,163.00","2,146.60","2,161.08",1215759,2627349856.35,,600535.0,49.4
HDFCBANK,EQ,10-Jan-2011,"2,269.45","2,256.05","2,270.00","2,138.00","2,154.95","2,152.25","2,179.89",2007086,4375224212.6,,1321704.0,65.85
HDFCBANK,EQ,07-Jan-2011,"2,327.75","2,326.20","2,326.20","2,261.00","2,272.60","2,269.45","2,279.24",794801,1811540104.5,,483459.0,60.83
HDFCBANK,EQ,06-Jan-2011,"2,308.20","2,316.00","2,342.65","2,309.00","2,323.85","2,327.75","2,323.94",543509,1263083919.4,,296093.0,54.48
HDFCBANK,EQ,05-Jan-2011,"2,345.55","2,349.70","2,349.70","2,297.50","2,316.90","2,308.20","2,313.85",782592,1810802258.45,,487271.0,62.26
HDFCBANK,EQ,04-Jan-2011,"2,390.50","2,386.50","2,388.00","2,333.00","2,333.00","2,345.55","2,355.04",828413,1950944087.3,,469218.0,56.64
HDFCBANK,EQ,03-Jan-2011,"2,346.35","2,370.00","2,399.65","2,350.40","2,388.35","2,390.50","2,385.59",539839,1287836759.6,,320859.0,59.44
HDFCBANK,EQ,28-Dec-2012,680.1,681.1,683.0,674.15,676.2,677.65,677.47,1756066,1189688331.2,27129.0,1248914.0,71.12
HDFCBANK,EQ,27-Dec-2012,680.3,684.0,684.0,676.7,682.0,680.1,679.29,2464542,1674149008.55,24738.0,1578552.0,64.05
HDFCBANK,EQ,26-Dec-2012,676.1,678.1,684.85,673.1,680.0,680.3,680.06,1430804,973034786.15,26981.0,960693.0,67.14
HDFCBANK,EQ,24-Dec-2012,676.0,680.0,680.15,671.8,677.0,676.1,674.88,1370563,924965693.0,31145.0,942809.0,68.79
HDFCBANK,EQ,21-Dec-2012,683.4,681.0,682.0,674.05,676.15,676.0,676.79,2771561,1875751130.4,73271.0,2082616.0,75.14
HDFCBANK,EQ,20-Dec-2012,688.0,686.0,687.0,680.25,682.95,683.4,682.86,2565187,1751657535.9,69871.0,2069621.0,80.68
HDFCBANK,EQ,19-Dec-2012,675.95,674.55,689.25,674.5,687.7,688.0,683.69,4122253,2818348437.5,83044.0,3592491.0,87.15
HDFCBANK,EQ,18-Dec-2012,676.5,677.95,682.2,669.75,676.0,675.95,675.85,3343768,2259873141.5,77136.0,2340853.0,70.01
HDFCBANK,EQ,17-Dec-2012,688.75,687.9,687.9,673.6,677.7,676.5,678.69,3057553,2075137556.15,66201.0,2398512.0,78.45
HDFCBANK,EQ,14-Dec-2012,691.05,690.05,694.4,685.35,688.85,688.75,689.43,2093473,1443308564.65,95946.0,1614541.0,77.12
HDFCBANK,EQ,13-Dec-2012,693.85,693.85,696.0,689.0,690.55,691.05,693.04,1570808,1088628195.5,35988.0,1081614.0,68.86
HDFCBANK,EQ,12-Dec-2012,690.85,691.25,696.0,688.5,693.7,693.85,692.64,1934126,1339654532.35,51308.0,1392885.0,72.02
HDFCBANK,EQ,11-Dec-2012,693.0,695.25,699.0,686.3,690.75,690.85,693.29,3375138,2339965118.1,56253.0,2371711.0,70.27
HDFCBANK,EQ,10-Dec-2012,693.1,690.0,696.5,689.65,693.1,693.0,692.7,2081026,1441517038.1,37704.0,1546505.0,74.31
HDFCBANK,EQ,07-Dec-2012,694.75,695.25,698.0,688.0,691.6,693.1,691.11,1984158,1371275228.3,50690.0,1303661.0,65.7
HDFCBANK,EQ,06-Dec-2012,692.6,695.8,698.5,680.8,695.95,694.75,686.64,2726138,1871886103.3,70290.0,1928319.0,70.73
HDFCBANK,EQ,05-Dec-2012,685.15,689.0,695.0,687.0,693.0,692.6,692.97,2304965,1597263486.5,44729.0,1755250.0,76.15
HDFCBANK,EQ,04-Dec-2012,686.95,684.1,690.0,681.05,686.2,685.15,684.34,2169872,1484920954.85,39951.0,1431301.0,65.96
HDFCBANK,EQ,03-Dec-2012,703.95,700.0,701.15,684.0,686.75,686.95,688.39,2909085,2002597206.3,63093.0,2140984.0,73.6
HDFCBANK,EQ,30-Nov-2012,699.85,701.0,705.5,689.6,703.0,703.95,699.9,3909823,2736480460.65,69062.0,2786950.0,71.28
HDFCBANK,EQ,29-Nov-2012,680.5,677.5,703.75,675.4,702.3,699.85,692.49,6299863,4362573411.5,91886.0,4712166.0,74.8
HDFCBANK,EQ,27-Nov-2012,661.9,664.9,683.8,664.9,681.0,680.5,678.31,4125668,2798485124.55,68053.0,3122313.0,75.68
HDFCBANK,EQ,26-Nov-2012,669.75,673.0,673.7,660.1,660.75,661.9,663.18,1370384,908814210.0,25172.0,886400.0,64.68
HDFCBANK,EQ,23-Nov-2012,669.1,669.5,672.6,659.05,669.0,669.75,666.58,1312428,874841789.15,27228.0,785090.0,59.82
HDFCBANK,EQ,22-Nov-2012,663.7,666.8,671.15,664.0,670.0,669.1,668.52,2110241,1410731465.95,30443.0,1617524.0,76.65
HDFCBANK,EQ,21-Nov-2012,653.85,655.15,665.5,649.7,665.05,663.7,658.62,3232446,2128947640.45,48886.0,2447441.0,75.71
HDFCBANK,EQ,20-Nov-2012,646.75,649.1,655.9,648.25,655.15,653.85,652.58,2338347,1525951932.35,66606.0,1876488.0,80.25
HDFCBANK,EQ,19-Nov-2012,642.25,639.75,647.9,639.45,646.4,646.75,643.59,1446987,931264778.6,31747.0,1045715.0,72.27
HDFCBANK,EQ,16-Nov-2012,646.25,643.0,648.6,640.15,641.5,642.25,645.09,3025706,1951845154.3,53710.0,2417888.0,79.91
HDFCBANK,EQ,15-Nov-2012,647.05,647.0,647.4,639.0,644.4,646.25,643.71,2360585,1519525588.2,91602.0,1895571.0,80.3
HDFCBANK,EQ,13-Nov-2012,651.3,651.0,651.9,646.2,647.5,647.05,647.91,104547,67736644.25,3136.0,50460.0,48.27
HDFCBANK,EQ,12-Nov-2012,639.35,637.25,653.8,637.25,653.1,651.3,647.11,2414364,1562352978.7,70240.0,1767064.0,73.19
HDFCBANK,EQ,09-Nov-2012,639.0,638.25,643.0,635.0,639.0,639.35,639.53,1105194,706805207.55,24522.0,664034.0,60.08
HDFCBANK,EQ,08-Nov-2012,640.05,636.5,641.0,635.5,639.6,639.0,638.64,966950,617536397.85,20412.0,703695.0,72.77
HDFCBANK,EQ,07-Nov-2012,639.55,639.75,645.0,636.9,641.0,640.05,641.34,2050165,1314848006.25,35091.0,1451167.0,70.78
HDFCBANK,EQ,06-Nov-2012,635.0,633.95,641.2,633.95,641.2,639.55,638.43,1819521,1161636654.1,28217.0,1463851.0,80.45
HDFCBANK,EQ,05-Nov-2012,630.3,632.0,636.0,630.75,635.55,635.0,633.56,1005532,637063451.65,23608.0,665070.0,66.14
HDFCBANK,EQ,02-Nov-2012,628.6,638.0,638.0,628.0,632.0,630.3,630.85,1358193,856816326.65,20780.0,890668.0,65.58
HDFCBANK,EQ,01-Nov-2012,634.2,632.75,635.7,627.5,628.1,628.6,631.53,1764615,1114406300.75,24693.0,1232096.0,69.82
HDFCBANK,EQ,31-Oct-2012,633.65,634.1,635.9,630.05,631.4,634.2,633.27,1873242,1186272769.95,27814.0,1376897.0,73.5
HDFCBANK,EQ,30-Oct-2012,640.6,637.05,644.8,630.6,632.65,633.65,637.58,2208726,1408245256.0,29942.0,1317672.0,59.66
HDFCBANK,EQ,29-Oct-2012,637.15,637.85,642.5,635.55,640.5,640.6,640.07,1378082,882065428.85,27956.0,958507.0,69.55
HDFCBANK,EQ,26-Oct-2012,637.35,636.65,639.8,631.0,637.0,637.15,633.37,1670317,1057921405.6,39293.0,1100903.0,65.91
HDFCBANK,EQ,25-Oct-2012,634.1,632.65,641.0,629.0,641.0,637.35,635.33,4252835,2701974608.05,68865.0,3335466.0,78.43
HDFCBANK,EQ,23-Oct-2012,639.0,639.05,639.5,632.5,635.05,634.1,634.0,2083240,1320783516.15,28100.0,1674959.0,80.4
HDFCBANK,EQ,22-Oct-2012,628.5,625.2,640.0,625.2,639.9,639.0,635.61,2060351,1309573486.85,30238.0,1268706.0,61.58
HDFCBANK,EQ,19-Oct-2012,636.2,632.0,635.0,627.0,627.0,628.5,629.47,2263850,1425035059.55,40227.0,1803262.0,79.65
HDFCBANK,EQ,18-Oct-2012,628.1,630.0,637.9,624.45,635.95,636.2,632.7,1404615,888706129.1,26042.0,918752.0,65.41
HDFCBANK,EQ,17-Oct-2012,630.4,632.0,632.5,626.5,628.0,628.1,628.37,1608443,1010692716.45,31200.0,1259629.0,78.31
HDFCBANK,EQ,16-Oct-2012,634.15,635.25,635.5,628.1,629.05,630.4,630.45,1818459,1146446592.05,37206.0,1339294.0,73.65
HDFCBANK,EQ,15-Oct-2012,631.15,632.4,634.9,622.6,633.95,634.15,629.97,1893017,1192553282.6,40977.0,1180105.0,62.34
HDFCBANK,EQ,12-Oct-2012,624.85,630.0,635.0,626.0,629.2,631.15,630.04,3876602,2442400351.15,67190.0,1907527.0,49.21
HDFCBANK,EQ,11-Oct-2012,617.95,621.15,627.8,618.45,627.8,624.85,624.3,2453233,1531558140.0,27712.0,1644242.0,67.02
HDFCBANK,EQ,10-Oct-2012,625.75,624.0,624.0,616.2,617.7,617.95,618.89,1073754,664534139.8,32742.0,692975.0,64.54
HDFCBANK,EQ,09-Oct-2012,620.7,624.95,630.5,622.0,624.25,625.75,626.67,1077692,675355639.4,26034.0,663405.0,61.56
HDFCBANK,EQ,08-Oct-2012,622.4,623.9,623.9,616.55,621.5,620.7,620.65,2322668,1441569274.35,60748.0,1760470.0,75.8
HDFCBANK,EQ,05-Oct-2012,631.3,638.0,638.65,505.05,621.45,622.4,622.75,3736756,2327063991.9,65908.0,1723414.0,46.12
HDFCBANK,EQ,04-Oct-2012,619.45,621.5,633.9,621.45,631.55,631.3,630.45,3163016,1994130996.5,65179.0,2385482.0,75.42
HDFCBANK,EQ,03-Oct-2012,622.85,624.0,626.8,617.95,619.15,619.45,620.35,2758057,1710964342.25,57157.0,2277640.0,82.58
HDFCBANK,EQ,01-Oct-2012,629.15,629.0,632.0,620.0,622.15,622.85,623.29,2013696,1255124145.6,38016.0,1509094.0,74.94
HDFCBANK,EQ,28-Sep-2012,630.8,631.9,634.3,626.1,627.7,629.15,629.56,2751922,1732487579.7,58319.0,2146762.0,78.01
HDFCBANK,EQ,27-Sep-2012,630.75,633.0,637.0,625.2,627.0,630.8,630.77,3965436,2501290845.1,36308.0,2893243.0,72.96
HDFCBANK,EQ,26-Sep-2012,636.9,634.85,636.6,624.15,631.3,630.75,629.04,2682627,1687472527.85,53995.0,1885443.0,70.28
HDFCBANK,EQ,25-Sep-2012,635.0,633.0,638.9,626.15,637.0,636.9,633.17,2921536,1849834114.75,48335.0,1977942.0,67.7
HDFCBANK,EQ,24-Sep-2012,625.15,625.5,636.9,622.8,634.4,635.0,630.45,4393720,2770009886.5,75339.0,3585966.0,81.62
HDFCBANK,EQ,21-Sep-2012,606.9,608.7,629.0,605.1,628.95,625.15,619.01,5900712,3652613395.45,99408.0,4578349.0,77.59
HDFCBANK,EQ,20-Sep-2012,605.45,602.0,610.0,601.0,607.0,606.9,605.15,2622832,1587205543.4,40225.0,1794940.0,68.44
HDFCBANK,EQ,18-Sep-2012,608.3,608.3,612.0,603.85,607.0,605.45,607.74,2509794,1525299819.4,41288.0,1643344.0,65.48
HDFCBANK,EQ,17-Sep-2012,612.75,619.0,619.95,605.5,606.65,608.3,611.98,5271712,3226200558.25,61869.0,3831291.0,72.68
HDFCBANK,EQ,14-Sep-2012,599.2,606.6,614.75,600.95,612.5,612.75,608.01,6442805,3917261634.65,55342.0,5022163.0,77.95
HDFCBANK,EQ,13-Sep-2012,599.2,601.0,601.5,593.55,600.0,599.2,598.01,849940,508274539.1,20133.0,423346.0,49.81
HDFCBANK,EQ,12-Sep-2012,594.4,595.25,600.0,593.9,599.4,599.2,597.53,1597754,954710603.3,23115.0,1062589.0,66.51
HDFCBANK,EQ,11-Sep-2012,591.15,588.75,597.0,583.35,596.0,594.4,589.64,1577886,930380066.25,29572.0,1035936.0,65.65
HDFCBANK,EQ,10-Sep-2012,591.05,591.5,597.0,589.35,590.3,591.15,592.52,1508723,893948626.55,19066.0,994464.0,65.91
HDFCBANK,EQ,08-Sep-2012,590.4,590.55,592.8,590.55,590.55,591.05,591.27,58599,34647589.8,807.0,35018.0,59.76
HDFCBANK,EQ,07-Sep-2012,588.15,594.25,595.0,585.7,590.8,590.4,590.36,2801287,1653764378.5,28328.0,2194535.0,78.34
HDFCBANK,EQ,06-Sep-2012,592.1,590.1,593.5,586.1,587.55,588.15,590.51,1274363,752518686.35,19178.0,916667.0,71.93
HDFCBANK,EQ,05-Sep-2012,590.1,588.0,596.0,587.35,592.0,592.1,592.78,3039618,1801813380.7,31565.0,2070350.0,68.11
HDFCBANK,EQ,04-Sep-2012,590.45,590.55,592.35,587.2,591.0,590.1,590.09,1443147,851582519.3,25368.0,1125135.0,77.96
HDFCBANK,EQ,03-Sep-2012,595.35,597.55,597.8,588.0,588.3,590.45,594.43,1859454,1105315318.3,27256.0,1364854.0,73.4
HDFCBANK,EQ,31-Aug-2012,595.9,590.35,600.0,589.25,596.0,595.35,595.5,3126685,1861928568.9,35481.0,2200441.0,70.38
HDFCBANK,EQ,30-Aug-2012,588.55,586.0,602.0,586.0,592.25,595.9,594.37,5679101,3375511025.0,52710.0,3689793.0,64.97
HDFCBANK,EQ,29-Aug-2012,589.35,589.25,595.8,586.25,590.0,588.55,591.91,1682407,995835535.3,36292.0,1303409.0,77.47
HDFCBANK,EQ,28-Aug-2012,594.35,592.9,594.55,586.5,588.2,589.35,589.92,2223991,1311981870.9,20479.0,1830871.0,82.32
HDFCBANK,EQ,27-Aug-2012,596.3,595.0,598.9,592.05,593.2,594.35,595.01,1011681,601963018.95,17362.0,743090.0,73.45
HDFCBANK,EQ,24-Aug-2012,597.7,593.5,600.4,593.25,595.1,596.3,597.46,1677094,1001997232.3,24965.0,1252349.0,74.67
HDFCBANK,EQ,23-Aug-2012,596.9,599.4,604.55,595.25,598.0,597.7,599.52,2356262,1412626590.25,48233.0,1914910.0,81.27
HDFCBANK,EQ,22-Aug-2012,596.4,594.4,600.45,591.35,596.75,596.9,598.17,2395215,1432750350.65,21693.0,1844574.0,77.01
HDFCBANK,EQ,21-Aug-2012,595.1,595.0,598.5,588.2,596.1,596.4,591.75,2085210,1233917904.65,31807.0,1471920.0,70.59
HDFCBANK,EQ,17-Aug-2012,600.05,598.6,602.25,591.8,593.9,595.1,596.62,1921539,1146432524.8,31343.0,1320054.0,68.7
HDFCBANK,EQ,16-Aug-2012,608.15,608.0,608.15,597.85,600.35,600.05,601.21,2035824,1223955148.2,53568.0,1584991.0,77.86
HDFCBANK,EQ,14-Aug-2012,607.45,607.05,609.0,603.25,607.45,608.15,606.68,2806392,1702588748.25,33602.0,2234955.0,79.64
HDFCBANK,EQ,13-Aug-2012,602.15,600.0,609.5,600.0,604.75,607.45,604.06,2105426,1271797869.8,22990.0,1743421.0,82.81
HDFCBANK,EQ,10-Aug-2012,604.65,600.0,606.9,599.65,602.35,602.15,602.62,3781855,2279023946.3,35105.0,3088984.0,81.68
HDFCBANK,EQ,09-Aug-2012,598.9,601.0,607.0,598.5,605.55,604.65,604.35,2468280,1491713231.35,46984.0,1667307.0,67.55
HDFCBANK,EQ,08-Aug-2012,600.1,600.0,602.0,594.7,599.5,598.9,598.87,2013279,1205695840.85,33393.0,1415090.0,70.29
HDFCBANK,EQ,07-Aug-2012,600.25,602.0,602.3,597.0,600.1,600.1,599.8,2807191,1683761526.65,40775.0,2115991.0,75.38
HDFCBANK,EQ,06-Aug-2012,588.2,593.15,602.0,593.0,599.8,600.25,598.63,3082294,1845163366.45,38669.0,2384569.0,77.36
HDFCBANK,EQ,03-Aug-2012,582.5,581.0,589.0,579.75,588.0,588.2,583.57,2487875,1451838494.15,27244.0,1265238.0,50.86
HDFCBANK,EQ,02-Aug-2012,586.5,586.5,589.2,577.3,582.5,582.5,580.13,1721365,998616279.3,38580.0,1202082.0,69.83
HDFCBANK,EQ,01-Aug-2012,587.75,585.55,588.35,577.6,587.95,586.5,584.11,1967747,1149385716.75,47816.0,1137872.0,57.83
HDFCBANK,EQ,31-Jul-2012,587.25,590.0,590.0,579.85,589.4,587.75,586.19,2097852,1229741416.3,35450.0,1341786.0,63.96
HDFCBANK,EQ,30-Jul-2012,584.6,587.1,591.9,584.0,587.5,587.25,587.81,2116571,1244138282.15,48781.0,1479946.0,69.92
HDFCBANK,EQ,27-Jul-2012,565.8,572.0,588.7,564.65,587.0,584.6,582.68,3357718,1956464062.8,44252.0,2164511.0,64.46
HDFCBANK,EQ,26-Jul-2012,576.05,578.0,578.75,563.0,567.0,565.8,568.11,4426354,2514649125.95,49776.0,2067966.0,46.72
HDFCBANK,EQ,25-Jul-2012,574.05,574.45,580.8,573.7,575.7,576.05,577.17,2203926,1272039642.8,26605.0,1536426.0,69.71
HDFCBANK,EQ,24-Jul-2012,573.0,572.55,577.45,570.2,575.65,574.05,573.94,1326397,761278638.1,28165.0,747752.0,56.37
HDFCBANK,EQ,23-Jul-2012,582.6,577.4,580.0,571.05,572.7,573.0,574.76,1523632,875722445.5,47028.0,1092573.0,71.71
HDFCBANK,EQ,20-Jul-2012,589.4,589.0,589.0,581.0,583.0,582.6,583.38,1042236,608018918.4,23780.0,639584.0,61.37
HDFCBANK,EQ,19-Jul-2012,587.0,588.6,590.8,585.55,589.15,589.4,589.17,1200112,707072230.9,36110.0,765876.0,63.82
HDFCBANK,EQ,18-Jul-2012,583.25,584.7,588.7,580.1,587.3,587.0,585.21,1779499,1041375796.55,30746.0,1260427.0,70.83
HDFCBANK,EQ,17-Jul-2012,582.65,587.0,588.75,578.6,584.45,583.25,582.98,2134839,1244568177.25,50844.0,1573867.0,73.72
HDFCBANK,EQ,16-Jul-2012,587.05,588.0,592.7,581.05,583.0,582.65,587.44,3212540,1887172622.8,68450.0,1730328.0,53.86
HDFCBANK,EQ,13-Jul-2012,580.1,585.0,591.4,582.45,586.0,587.05,587.26,2377143,1395998428.2,47571.0,1050246.0,44.18
HDFCBANK,EQ,12-Jul-2012,587.0,583.9,590.9,575.6,580.0,580.1,580.13,1895937,1099894292.9,47599.0,1223304.0,64.52
HDFCBANK,EQ,11-Jul-2012,588.65,586.9,593.8,585.1,587.8,587.0,588.83,3074861,1810576558.4,56425.0,2261987.0,73.56
HDFCBANK,EQ,10-Jul-2012,578.15,580.0,592.3,577.5,588.9,588.65,584.32,3385754,1978371210.55,59089.0,2616068.0,77.27
HDFCBANK,EQ,09-Jul-2012,581.5,579.95,581.75,569.1,581.2,578.15,574.49,1915290,1100306400.4,54422.0,1157294.0,60.42
HDFCBANK,EQ,06-Jul-2012,584.1,582.1,589.0,578.5,581.7,581.5,584.29,3935380,2299400328.4,85519.0,3056581.0,77.67
HDFCBANK,EQ,05-Jul-2012,578.0,577.9,585.0,575.45,584.9,584.1,580.57,2095382,1216512740.85,50111.0,1397990.0,66.72
HDFCBANK,EQ,04-Jul-2012,575.85,576.7,580.85,575.65,578.6,578.0,578.19,3202571,1851709251.35,90607.0,2532743.0,79.08
HDFCBANK,EQ,03-Jul-2012,573.95,575.9,580.0,571.7,575.4,575.85,576.78,2116700,1220878596.1,60075.0,1448975.0,68.45
HDFCBANK,EQ,02-Jul-2012,563.55,564.0,575.0,560.0,575.0,573.95,568.56,2050381,1165768178.25,41062.0,1260228.0,61.46
HDFCBANK,EQ,29-Jun-2012,548.5,552.1,564.9,552.05,561.9,563.55,559.82,3164793,1771720074.5,56817.0,2184630.0,69.03
HDFCBANK,EQ,28-Jun-2012,549.0,546.9,552.65,543.25,543.25,548.5,548.52,3035610,1665085996.0,54014.0,2248802.0,74.08
HDFCBANK,EQ,27-Jun-2012,543.45,546.0,554.7,546.0,548.35,549.0,550.6,2984322,1643172422.05,54588.0,2178239.0,72.99
HDFCBANK,EQ,26-Jun-2012,536.7,538.0,548.0,536.3,545.0,543.45,543.37,1463282,795097010.95,24005.0,854438.0,58.39
HDFCBANK,EQ,25-Jun-2012,544.35,545.4,548.5,535.0,535.05,536.7,543.88,1593712,866796007.45,23714.0,876000.0,54.97
HDFCBANK,EQ,22-Jun-2012,542.9,535.1,545.1,535.1,544.85,544.35,540.94,1542204,834246497.5,24473.0,896937.0,58.16
HDFCBANK,EQ,21-Jun-2012,534.2,533.0,544.7,531.3,542.55,542.9,538.61,2663164,1434407581.65,27281.0,1650344.0,61.97
HDFCBANK,EQ,20-Jun-2012,536.45,537.0,540.5,528.55,534.8,534.2,533.34,2383618,1271279283.4,43958.0,1628945.0,68.34
HDFCBANK,EQ,19-Jun-2012,534.95,534.8,539.0,526.3,536.05,536.45,531.77,2965184,1576797929.95,57716.0,2005790.0,67.64
HDFCBANK,EQ,18-Jun-2012,547.55,552.0,552.0,529.55,535.3,534.95,536.37,2809366,1506850890.4,51594.0,1898202.0,67.57
HDFCBANK,EQ,15-Jun-2012,534.4,535.0,549.7,534.95,546.05,547.55,543.91,2483056,1350562410.3,33693.0,1685275.0,67.87
HDFCBANK,EQ,14-Jun-2012,541.75,540.0,547.4,532.65,533.05,534.4,539.43,2160638,1165519321.6,39599.0,1303593.0,60.33
HDFCBANK,EQ,13-Jun-2012,549.6,551.0,552.4,539.8,542.0,541.75,546.07,2016183,1100981985.45,41564.0,1320510.0,65.5
HDFCBANK,EQ,12-Jun-2012,541.95,538.8,550.85,537.95,548.8,549.6,546.12,2813460,1536491879.35,48096.0,1735022.0,61.67
HDFCBANK,EQ,11-Jun-2012,539.1,541.1,548.9,538.4,540.75,541.95,544.75,3267971,1780222288.5,47707.0,2264227.0,69.29
HDFCBANK,EQ,08-Jun-2012,537.8,540.9,542.75,530.95,539.8,539.1,538.19,4830686,2599846540.6,51613.0,3244336.0,67.16
HDFCBANK,EQ,07-Jun-2012,519.9,524.2,539.5,523.0,538.2,537.8,531.05,4950123,2628769125.2,82397.0,3508677.0,70.88
HDFCBANK,EQ,06-Jun-2012,501.5,504.85,523.0,503.5,519.15,519.9,516.6,6272923,3240599003.3,77477.0,4816536.0,76.78
HDFCBANK,EQ,05-Jun-2012,495.65,500.0,504.9,498.45,503.5,501.5,502.39,2677678,1345243024.95,41888.0,1823009.0,68.08
HDFCBANK,EQ,04-Jun-2012,490.4,488.0,498.5,485.05,498.1,495.65,490.71,2840242,1393727669.1,43512.0,1838930.0,64.75
HDFCBANK,EQ,01-Jun-2012,506.2,504.0,507.15,490.0,490.15,490.4,497.38,2927187,1455923951.6,50700.0,2048022.0,69.97
HDFCBANK,EQ,31-May-2012,500.65,496.0,508.9,495.35,508.0,506.2,503.37,4759780,2395932738.85,54696.0,3466586.0,72.83
HDFCBANK,EQ,30-May-2012,504.95,500.05,505.4,496.55,500.05,500.65,501.03,2541820,1273536339.5,42621.0,1715760.0,67.5
HDFCBANK,EQ,29-May-2012,508.75,510.15,511.95,502.1,504.65,504.95,506.99,2643256,1340109441.35,48390.0,1917919.0,72.56
HDFCBANK,EQ,28-May-2012,500.0,501.2,510.6,500.0,508.45,508.75,504.76,3051713,1540389247.35,45002.0,2174674.0,71.26
HDFCBANK,EQ,25-May-2012,499.7,499.8,503.15,495.6,501.0,500.0,499.66,2798643,1398359380.6,50900.0,1555857.0,55.59
HDFCBANK,EQ,24-May-2012,487.2,493.0,502.7,485.0,501.0,499.7,495.99,2884811,1430836308.05,51248.0,1781787.0,61.76
HDFCBANK,EQ,23-May-2012,489.25,490.0,492.9,482.2,487.0,487.2,486.36,3173972,1543692867.9,59479.0,2333440.0,73.52
HDFCBANK,EQ,22-May-2012,497.45,503.8,505.0,486.95,488.85,489.25,494.39,2774203,1371545259.9,44668.0,1674993.0,60.38
HDFCBANK,EQ,21-May-2012,500.55,500.25,507.85,493.95,494.4,497.45,501.14,2135585,1070227641.45,30493.0,1444931.0,67.66
HDFCBANK,EQ,18-May-2012,497.8,489.8,503.9,489.0,503.0,500.55,495.77,2403604,1191640085.45,36843.0,1504125.0,62.58
HDFCBANK,EQ,17-May-2012,495.2,497.0,506.5,495.0,495.0,497.8,501.23,2904630,1455886714.8,48049.0,1950628.0,67.16
HDFCBANK,EQ,16-May-2012,499.1,494.0,498.7,486.0,496.65,495.2,492.53,4240218,2088416775.0,50850.0,3024789.0,71.34
HDFCBANK,EQ,15-May-2012,500.55,496.0,504.45,496.0,498.5,499.1,500.65,2004866,1003731089.6,46032.0,1331076.0,66.39
HDFCBANK,EQ,14-May-2012,510.55,510.75,511.8,494.05,499.2,500.55,501.53,2758712,1383574532.8,35745.0,1558560.0,56.5
HDFCBANK,EQ,11-May-2012,517.5,513.25,520.0,508.2,508.5,510.55,514.49,2012521,1035420105.3,46936.0,1162556.0,57.77
HDFCBANK,EQ,10-May-2012,512.65,511.05,522.9,510.0,518.8,517.5,518.0,3021095,1564931215.9,37853.0,1946299.0,64.42
HDFCBANK,EQ,09-May-2012,515.35,513.7,522.6,505.4,511.45,512.65,514.41,3755998,1932137872.2,49212.0,2275993.0,60.6
HDFCBANK,EQ,08-May-2012,532.25,532.9,536.4,513.25,513.55,515.35,522.93,2820770,1475069108.8,38398.0,1827364.0,64.78
HDFCBANK,EQ,07-May-2012,537.5,531.9,534.55,516.4,534.0,532.25,524.83,4178172,2192834664.55,64726.0,2819471.0,67.48
HDFCBANK,EQ,04-May-2012,554.05,551.2,553.7,534.65,535.25,537.5,542.43,3087972,1675018904.8,43799.0,2010268.0,65.1
HDFCBANK,EQ,03-May-2012,549.9,545.5,558.0,545.45,552.5,554.05,553.3,3428637,1897061835.75,55737.0,2364556.0,68.96
HDFCBANK,EQ,02-May-2012,542.5,540.7,551.0,540.7,550.7,549.9,548.54,2244587,1231247982.3,35866.0,1466346.0,65.33
HDFCBANK,EQ,30-Apr-2012,543.55,543.8,549.0,540.35,542.55,542.5,543.91,1509755,821168227.65,36284.0,933438.0,61.83
HDFCBANK,EQ,28-Apr-2012,541.15,543.95,544.85,542.35,543.8,543.55,543.56,46322,25178949.45,857.0,18276.0,39.45
HDFCBANK,EQ,27-Apr-2012,540.5,542.0,546.0,534.2,538.65,541.15,539.89,1137255,613996234.15,26389.0,539682.0,47.45
HDFCBANK,EQ,26-Apr-2012,546.65,545.0,549.95,539.0,541.0,540.5,543.55,2334738,1269045877.5,30434.0,1614510.0,69.15
HDFCBANK,EQ,25-Apr-2012,541.85,544.0,549.5,538.0,546.55,546.65,544.06,2694597,1466017412.1,45483.0,1463363.0,54.31
HDFCBANK,EQ,24-Apr-2012,545.35,546.1,546.5,539.4,543.0,541.85,542.33,2190195,1187806516.15,43632.0,1292091.0,58.99
HDFCBANK,EQ,23-Apr-2012,551.1,551.95,556.0,543.3,545.1,545.35,549.54,2109412,1159199328.75,29773.0,1415393.0,67.1
HDFCBANK,EQ,20-Apr-2012,554.05,552.25,558.0,546.45,550.45,551.1,552.78,3931275,2173115248.55,56101.0,2640273.0,67.16
HDFCBANK,EQ,19-Apr-2012,537.65,540.0,555.6,537.2,553.3,554.05,548.2,4091669,2243071626.4,78326.0,2409608.0,58.89
HDFCBANK,EQ,18-Apr-2012,530.25,533.0,539.9,533.0,538.0,537.65,537.48,3000071,1612478622.05,50382.0,1430491.0,47.68
HDFCBANK,EQ,17-Apr-2012,529.75,532.0,535.9,521.1,530.95,530.25,529.35,3916452,2073184120.9,51206.0,2313263.0,59.07
HDFCBANK,EQ,16-Apr-2012,529.35,528.9,531.0,524.1,529.95,529.75,528.15,4349021,2296915291.3,52833.0,3431748.0,78.91
HDFCBANK,EQ,13-Apr-2012,530.4,536.4,537.75,523.9,528.2,529.35,533.71,2458357,1312039206.0,42249.0,1676606.0,68.2
HDFCBANK,EQ,12-Apr-2012,526.45,525.0,534.5,524.3,531.9,530.4,531.15,3025822,1607151495.0,44022.0,2267068.0,74.92
HDFCBANK,EQ,11-Apr-2012,524.85,521.85,530.95,517.1,527.3,526.45,523.27,1865812,976314161.85,39203.0,1188786.0,63.71
HDFCBANK,EQ,10-Apr-2012,521.75,523.4,526.0,515.85,525.45,524.85,520.21,1458518,758728566.5,53474.0,909711.0,62.37
HDFCBANK,EQ,09-Apr-2012,526.55,523.75,526.3,520.0,521.05,521.75,522.79,1259185,658289252.05,39353.0,745238.0,59.18
HDFCBANK,EQ,04-Apr-2012,530.2,525.25,529.0,524.4,528.7,526.55,526.7,1043769,549748316.05,14741.0,553158.0,53.0
HDFCBANK,EQ,03-Apr-2012,528.35,533.0,536.4,528.0,529.0,530.2,533.29,3230203,1722637209.8,75769.0,2334932.0,72.28
HDFCBANK,EQ,02-Apr-2012,519.85,518.0,529.95,516.1,528.35,528.35,525.26,1382733,726298454.05,38734.0,812880.0,58.79
HDFCBANK,EQ,30-Mar-2012,510.1,512.0,523.85,509.75,516.95,519.85,518.58,2796244,1450071134.45,56683.0,1789191.0,63.99
HDFCBANK,EQ,29-Mar-2012,513.45,508.0,514.1,505.0,510.0,510.1,509.64,4056279,2067257065.45,46030.0,2947915.0,72.68
HDFCBANK,EQ,28-Mar-2012,518.85,518.5,518.5,510.05,513.25,513.45,513.5,2174873,1116804460.6,35339.0,1494783.0,68.73
HDFCBANK,EQ,27-Mar-2012,511.65,515.0,521.8,512.0,520.0,518.85,516.93,2964338,1532341512.95,40253.0,1728223.0,58.3
HDFCBANK,EQ,26-Mar-2012,513.95,513.5,516.5,505.65,512.0,511.65,509.52,2458229,1252510447.6,46449.0,1541986.0,62.73
HDFCBANK,EQ,23-Mar-2012,504.25,509.5,518.75,500.95,514.8,513.95,512.21,2011791,1030456359.25,32832.0,1247179.0,61.99
HDFCBANK,EQ,22-Mar-2012,515.65,513.9,522.4,500.1,502.8,504.25,514.17,2820016,1449969763.15,52133.0,1586808.0,56.27
HDFCBANK,EQ,21-Mar-2012,505.4,503.0,517.85,503.0,516.4,515.65,511.69,3005393,1537838362.85,44045.0,1996113.0,66.42
HDFCBANK,EQ,20-Mar-2012,498.85,496.0,510.85,493.0,505.9,505.4,504.71,1581068,797979709.7,27453.0,709296.0,44.86
HDFCBANK,EQ,19-Mar-2012,507.85,510.05,510.05,495.1,497.0,498.85,499.63,3824942,1911045860.45,58835.0,2779503.0,72.67
HDFCBANK,EQ,16-Mar-2012,510.8,510.0,524.9,505.0,505.1,507.85,515.65,3202652,1651455937.05,64037.0,1741177.0,54.37
HDFCBANK,EQ,15-Mar-2012,528.2,528.0,530.0,509.05,509.9,510.8,516.13,3734799,1927623318.7,61985.0,2716390.0,72.73
HDFCBANK,EQ,14-Mar-2012,524.4,528.1,530.0,521.45,529.7,528.2,526.29,2930281,1542177167.65,32375.0,2134926.0,72.86
HDFCBANK,EQ,13-Mar-2012,518.95,523.0,527.5,520.35,522.75,524.4,524.39,2769857,1452480296.7,39929.0,1943005.0,70.15
HDFCBANK,EQ,12-Mar-2012,523.2,534.0,534.5,517.0,518.7,518.95,520.13,2804346,1458619467.45,48864.0,1590845.0,56.73
HDFCBANK,EQ,09-Mar-2012,515.65,522.0,527.0,519.65,523.15,523.2,523.21,2328761,1218424141.0,41608.0,1574688.0,67.62
HDFCBANK,EQ,07-Mar-2012,507.4,506.85,518.0,497.55,517.5,515.65,507.86,1894409,962089167.9,33026.0,846951.0,44.71
HDFCBANK,EQ,06-Mar-2012,510.95,509.8,521.0,503.25,505.45,507.4,511.52,2899297,1483050719.35,53385.0,1652933.0,57.01
HDFCBANK,EQ,05-Mar-2012,519.3,520.0,520.95,505.55,511.45,510.95,509.85,2512843,1281180776.75,39232.0,1687641.0,67.16
HDFCBANK,EQ,03-Mar-2012,518.75,518.0,521.5,518.0,518.75,519.3,519.55,77945,40495964.3,1100.0,37470.0,48.07
HDFCBANK,EQ,02-Mar-2012,514.0,514.0,525.0,507.75,519.9,518.75,516.58,2029174,1048223423.25,51009.0,892826.0,44.0
HDFCBANK,EQ,01-Mar-2012,517.1,517.0,522.3,505.3,512.35,514.0,511.3,3049623,1559279009.1,50671.0,1688567.0,55.37
HDFCBANK,EQ,29-Feb-2012,530.5,533.9,539.9,513.35,520.0,517.1,522.31,4997159,2610088633.0,78843.0,3538317.0,70.81
HDFCBANK,EQ,28-Feb-2012,515.6,519.25,533.4,513.2,529.95,530.5,522.59,3700287,1933717796.25,71791.0,2520882.0,68.13
HDFCBANK,EQ,27-Feb-2012,524.65,526.9,531.45,512.15,514.0,515.6,522.43,3830323,2001084086.2,54235.0,2634973.0,68.79
HDFCBANK,EQ,24-Feb-2012,533.15,527.2,535.4,515.35,522.05,524.65,524.32,4095042,2147117632.8,48969.0,2246285.0,54.85
HDFCBANK,EQ,23-Feb-2012,531.45,527.2,535.95,527.2,530.3,533.15,532.34,4273937,2275174802.55,39686.0,2384873.0,55.8
HDFCBANK,EQ,22-Feb-2012,532.05,530.0,538.9,526.65,530.05,531.45,533.22,3480777,1856004697.65,42483.0,2317189.0,66.57
HDFCBANK,EQ,21-Feb-2012,528.3,526.0,533.5,520.5,532.95,532.05,526.59,3707784,1952495186.55,48637.0,2460007.0,66.35
HDFCBANK,EQ,17-Feb-2012,526.45,531.25,533.0,520.1,528.3,528.3,526.9,3554912,1873075039.65,49185.0,2418572.0,68.03
HDFCBANK,EQ,16-Feb-2012,533.05,531.0,537.85,523.25,525.3,526.45,527.77,2031066,1071936284.1,38806.0,1239278.0,61.02
HDFCBANK,EQ,15-Feb-2012,517.9,520.5,534.9,517.25,532.95,533.05,527.19,4844896,2554161398.75,72025.0,3397868.0,70.13
HDFCBANK,EQ,14-Feb-2012,521.95,522.5,523.8,515.05,517.5,517.9,518.39,3278707,1699652309.3,48944.0,2407518.0,73.43
HDFCBANK,EQ,13-Feb-2012,517.5,518.65,525.0,515.9,520.65,521.95,522.5,3653581,1909006174.1,36749.0,2799454.0,76.62
HDFCBANK,EQ,10-Feb-2012,522.55,522.8,525.65,514.0,517.0,517.5,518.93,2878793,1493893997.15,51096.0,1812427.0,62.96
HDFCBANK,EQ,09-Feb-2012,508.45,505.7,525.95,505.65,525.0,522.55,517.51,4340256,2246122622.5,54144.0,3256310.0,75.03
HDFCBANK,EQ,08-Feb-2012,509.3,510.7,517.8,502.75,510.6,508.45,510.91,3465287,1770444375.35,47694.0,1919937.0,55.4
HDFCBANK,EQ,07-Feb-2012,507.7,514.0,515.4,508.0,509.95,509.3,511.7,3018927,1544798753.25,39839.0,2103128.0,69.66
HDFCBANK,EQ,06-Feb-2012,506.25,510.0,516.0,500.0,507.25,507.7,506.85,4359656,2209710345.25,62517.0,3279287.0,75.22
HDFCBANK,EQ,03-Feb-2012,497.9,497.5,508.0,495.25,507.05,506.25,502.12,3728751,1872264086.3,55746.0,2437804.0,65.38
HDFCBANK,EQ,02-Feb-2012,497.15,499.0,500.0,491.3,499.0,497.9,497.76,5710427,2842413754.35,80023.0,4378486.0,76.68
HDFCBANK,EQ,01-Feb-2012,492.1,494.5,499.7,481.35,497.0,497.15,490.32,3005149,1473485625.15,39817.0,2042233.0,67.96
HDFCBANK,EQ,31-Jan-2012,479.05,483.5,495.0,479.85,494.95,492.1,487.15,2663462,1297512047.95,48596.0,1929181.0,72.43
HDFCBANK,EQ,30-Jan-2012,484.2,482.95,483.0,473.0,479.45,479.05,477.12,2493754,1189812670.1,53707.0,1579853.0,63.35
HDFCBANK,EQ,27-Jan-2012,490.2,503.9,504.0,479.65,484.0,484.2,488.42,3719409,1816633007.85,51612.0,2339871.0,62.91
HDFCBANK,EQ,25-Jan-2012,488.8,490.25,493.0,485.75,491.0,490.2,488.99,3704775,1811588717.1,49527.0,2280655.0,61.56
HDFCBANK,EQ,24-Jan-2012,484.0,485.25,493.1,480.55,486.0,488.8,488.98,3765988,1841509674.5,46401.0,2178045.0,57.83
HDFCBANK,EQ,23-Jan-2012,490.55,486.0,487.75,480.9,483.45,484.0,484.75,1883432,913001096.7,23023.0,1186096.0,62.98
HDFCBANK,EQ,20-Jan-2012,486.8,490.0,493.45,480.45,486.75,490.55,486.1,3597565,1748789766.65,70938.0,2597073.0,72.19
HDFCBANK,EQ,19-Jan-2012,481.9,486.0,490.25,480.3,485.0,486.8,485.65,4210544,2044836851.85,73796.0,2420745.0,57.49
HDFCBANK,EQ,18-Jan-2012,468.4,472.9,485.4,469.6,483.2,481.9,477.12,5034311,2401949460.45,70950.0,3901945.0,77.51
HDFCBANK,EQ,17-Jan-2012,460.5,463.9,469.0,463.0,468.3,468.4,467.37,1830504,855519375.8,51727.0,1186408.0,64.81
HDFCBANK,EQ,16-Jan-2012,469.6,466.8,467.85,458.25,460.05,460.5,460.59,1595855,735028364.25,35136.0,940134.0,58.91
HDFCBANK,EQ,13-Jan-2012,466.65,470.0,473.05,461.05,471.0,469.6,466.97,1845421,861747846.2,32146.0,875660.0,47.45
HDFCBANK,EQ,12-Jan-2012,462.65,461.7,469.1,461.2,468.8,466.65,465.66,1993861,928465152.25,34918.0,852777.0,42.77
HDFCBANK,EQ,11-Jan-2012,459.7,460.5,464.0,455.0,462.6,462.65,459.6,1929778,886929310.45,39574.0,1001762.0,51.91
HDFCBANK,EQ,10-Jan-2012,455.7,460.0,462.3,456.0,460.25,459.7,459.59,2245693,1032104434.75,36003.0,1433151.0,63.82
HDFCBANK,EQ,09-Jan-2012,450.95,451.9,457.1,446.0,456.85,455.7,452.86,2115984,958241012.25,36588.0,1336142.0,63.15
HDFCBANK,EQ,07-Jan-2012,453.3,453.0,453.3,450.0,450.2,450.95,451.32,141272,63758736.0,2644.0,52510.0,37.17
HDFCBANK,EQ,06-Jan-2012,443.65,441.0,457.15,438.95,455.5,453.3,447.78,1988611,890463492.2,44198.0,907843.0,45.65
HDFCBANK,EQ,05-Jan-2012,443.3,444.0,446.7,440.3,444.5,443.65,444.2,1690303,750824390.4,32640.0,896211.0,53.02
HDFCBANK,EQ,04-Jan-2012,439.15,441.9,444.95,430.85,442.1,443.3,438.95,2435739,1069171215.35,42223.0,981607.0,40.3
HDFCBANK,EQ,03-Jan-2012,426.85,431.4,440.9,430.0,439.0,439.15,435.69,1719619,749227503.7,32881.0,791685.0,46.04
HDFCBANK,EQ,02-Jan-2012,426.85,428.9,429.8,419.5,427.15,426.85,423.61,1757499,744485699.05,33671.0,835716.0,47.55
HDFCBANK,EQ,30-Dec-2013,669.65,676.8,677.0,665.15,669.40,669.5,669.88,1056901,707994077.0,15635.0,535684.0,50.68
HDFCBANK,EQ,27-Dec-2013,669.05,664.1,675.45,664.1,668.75,669.65,670.44,1366003,915819103.35,25230.0,841941.0,61.64
HDFCBANK,EQ,26-Dec-2013,657.3,659.85,672.2,656.9,669.00,669.05,664.85,2011690,1337475060.3,24092.0,813549.0,40.44
HDFCBANK,EQ,24-Dec-2013,664.45,665.55,666.5,655.05,658.60,657.3,660.07,888674,586591412.2,14082.0,368024.0,41.41
HDFCBANK,EQ,23-Dec-2013,664.6,658.0,671.5,657.0,663.10,664.45,666.94,1382808,922247874.6,42116.0,672489.0,48.63
HDFCBANK,EQ,20-Dec-2013,652.55,657.8,668.6,650.1,666.45,664.6,658.53,1430617,942100890.55,21461.0,453831.0,31.72
HDFCBANK,EQ,19-Dec-2013,666.25,679.0,683.95,650.4,653.10,652.55,657.39,2504879,1646686619.3,34484.0,1196726.0,47.78
HDFCBANK,EQ,18-Dec-2013,657.6,650.5,680.65,649.55,667.75,666.25,664.32,3521829,2339617846.8,48273.0,1685097.0,47.85
HDFCBANK,EQ,17-Dec-2013,684.35,675.65,675.65,654.05,659.25,657.6,663.11,4485661,2974489461.95,64615.0,2068014.0,46.10
HDFCBANK,EQ,16-Dec-2013,689.95,688.0,690.9,681.2,686.10,684.35,686.85,5358061,3680169732.15,48811.0,2730592.0,50.96
HDFCBANK,EQ,13-Dec-2013,695.2,687.8,702.0,685.0,685.80,689.95,692.52,6329020,4382955533.2,53428.0,3540532.0,55.94
HDFCBANK,EQ,12-Dec-2013,695.55,693.2,700.55,690.5,695.90,695.2,694.85,3216924,2235283894.0,47815.0,2317749.0,72.05
HDFCBANK,EQ,11-Dec-2013,696.7,690.1,701.8,686.9,701.00,695.55,692.8,3072444,2128589847.45,59235.0,2253902.0,73.36
HDFCBANK,EQ,10-Dec-2013,696.65,692.35,701.85,690.0,695.35,696.7,695.57,6266220,4358568856.35,68219.0,4954908.0,79.07
HDFCBANK,EQ,09-Dec-2013,682.7,710.0,717.4,692.55,693.00,696.65,704.05,6316407,4447045397.35,65808.0,4762350.0,75.40
HDFCBANK,EQ,06-Dec-2013,688.1,684.9,689.6,678.25,687.60,682.7,681.59,4017308,2738171328.25,36667.0,3141222.0,78.19
HDFCBANK,EQ,05-Dec-2013,657.6,671.55,689.9,671.55,688.00,688.1,686.04,8004998,5491727987.35,147475.0,6626476.0,82.78
HDFCBANK,EQ,04-Dec-2013,655.75,654.9,659.55,653.45,658.80,657.6,657.16,2619152,1721199283.3,43740.0,1852484.0,70.73
HDFCBANK,EQ,03-Dec-2013,661.3,660.0,662.2,652.65,656.95,655.75,657.17,2572070,1690285573.35,71170.0,1877247.0,72.99
HDFCBANK,EQ,02-Dec-2013,661.3,662.0,665.0,658.05,660.55,661.3,661.96,1714653,1135034937.1,35657.0,926629.0,54.04
HDFCBANK,EQ,29-Nov-2013,653.4,655.0,668.9,655.0,661.15,661.3,662.6,2392770,1585455323.55,51546.0,1720469.0,71.90
HDFCBANK,EQ,28-Nov-2013,653.55,655.6,663.0,648.05,657.90,653.4,655.2,3693433,2419934813.1,47832.0,2269544.0,61.45
HDFCBANK,EQ,27-Nov-2013,652.95,651.1,658.75,644.1,652.30,653.55,651.24,2148253,1399035753.75,47216.0,1342075.0,62.47
HDFCBANK,EQ,26-Nov-2013,659.75,657.7,659.9,648.4,654.15,652.95,654.25,3619629,2368144439.15,76189.0,2743195.0,75.79
HDFCBANK,EQ,25-Nov-2013,642.15,648.05,661.75,648.05,659.00,659.75,655.71,4037635,2647520959.7,85622.0,3030477.0,75.06
HDFCBANK,EQ,22-Nov-2013,637.65,642.5,646.9,635.1,642.60,642.15,641.92,1873096,1202381687.0,55226.0,1062751.0,56.74
HDFCBANK,EQ,21-Nov-2013,649.55,644.55,645.6,635.15,638.95,637.65,640.42,3196914,2047382404.15,63898.0,2008980.0,62.84
HDFCBANK,EQ,20-Nov-2013,660.05,656.7,659.0,646.4,646.60,649.55,653.3,2092524,1367044854.75,46516.0,1361902.0,65.08
HDFCBANK,EQ,19-Nov-2013,668.8,668.4,668.4,657.45,660.25,660.05,661.23,1697259,1122273361.9,29560.0,1010636.0,59.55
HDFCBANK,EQ,18-Nov-2013,642.2,651.4,670.0,649.05,666.50,668.8,661.08,3718480,2458196320.4,81418.0,2705693.0,72.76
HDFCBANK,EQ,14-Nov-2013,633.7,638.0,649.9,638.0,643.30,642.2,645.07,3156715,2036288806.0,60225.0,2036155.0,64.50
HDFCBANK,EQ,13-Nov-2013,645.95,639.0,647.45,628.35,631.95,633.7,635.82,2640271,1678737482.15,76043.0,1516241.0,57.43
HDFCBANK,EQ,12-Nov-2013,654.25,652.55,663.05,643.35,644.05,645.95,652.77,2245080,1465520176.55,101725.0,1363579.0,60.74
HDFCBANK,EQ,11-Nov-2013,652.5,644.0,660.7,616.7,655.65,654.25,651.28,2804076,1826225339.15,48713.0,1567391.0,55.90
HDFCBANK,EQ,08-Nov-2013,665.4,663.4,667.65,644.65,651.75,652.5,655.23,3370190,2208248768.85,50716.0,2106848.0,62.51
HDFCBANK,EQ,07-Nov-2013,668.9,670.0,677.5,656.9,666.60,665.4,669.28,1947285,1303280182.55,32862.0,686809.0,35.27
HDFCBANK,EQ,06-Nov-2013,676.25,678.9,679.2,665.25,668.00,668.9,669.9,1152663,772169235.45,20039.0,488167.0,42.35
HDFCBANK,EQ,05-Nov-2013,680.45,680.45,685.0,673.0,674.80,676.25,678.74,3564618,2419448981.95,54469.0,2450022.0,68.73
HDFCBANK,EQ,03-Nov-2013,683.8,685.0,686.55,678.1,679.60,680.45,680.4,202348,137677177.0,4663.0,65616.0,32.43
HDFCBANK,EQ,01-Nov-2013,680.8,681.6,688.0,678.2,682.70,683.8,682.78,3910611,2670102421.45,64809.0,2403133.0,61.45
HDFCBANK,EQ,31-Oct-2013,679.35,676.2,685.05,673.4,680.00,680.8,679.37,4548889,3090370496.9,55804.0,3107894.0,68.32
HDFCBANK,EQ,30-Oct-2013,686.5,686.0,687.5,675.75,677.80,679.35,682.56,2547168,1738582638.8,51706.0,1532450.0,60.16
HDFCBANK,EQ,29-Oct-2013,667.9,668.0,689.0,655.55,687.00,686.5,676.45,3805729,2574376884.75,48756.0,1786367.0,46.94
HDFCBANK,EQ,28-Oct-2013,672.55,673.0,675.0,665.4,668.30,667.9,671.08,2095522,1406256646.95,34331.0,1263910.0,60.31
HDFCBANK,EQ,25-Oct-2013,669.3,665.25,674.95,663.15,670.00,672.55,669.59,2236718,1497694633.6,30290.0,1246395.0,55.72
HDFCBANK,EQ,24-Oct-2013,660.2,656.2,675.75,656.2,669.95,669.3,669.55,3080482,2062542782.15,47814.0,1648102.0,53.50
HDFCBANK,EQ,23-Oct-2013,669.0,669.0,669.0,653.8,658.40,660.2,659.72,3386239,2233975992.55,50829.0,2158861.0,63.75
HDFCBANK,EQ,22-Oct-2013,671.25,671.0,673.95,665.2,667.10,669.0,668.99,2189524,1464773489.95,32927.0,1086860.0,49.64
HDFCBANK,EQ,21-Oct-2013,676.6,674.0,678.8,662.55,671.95,671.25,669.79,2806356,1879659928.0,52633.0,1419509.0,50.58
HDFCBANK,EQ,18-Oct-2013,654.2,655.25,679.55,655.25,674.10,676.6,670.67,5320296,3568187554.35,69625.0,3645596.0,68.52
HDFCBANK,EQ,17-Oct-2013,652.45,653.0,659.95,642.55,653.10,654.2,651.06,3637897,2368490480.85,58313.0,1908974.0,52.47
HDFCBANK,EQ,15-Oct-2013,667.5,673.0,675.0,646.6,648.05,652.45,658.71,4035831,2658429714.3,84997.0,1370085.0,33.95
HDFCBANK,EQ,14-Oct-2013,661.3,657.55,669.3,648.65,668.85,667.5,660.23,3093930,2042712218.9,40810.0,1326620.0,42.88
HDFCBANK,EQ,11-Oct-2013,641.05,647.3,663.75,639.35,660.35,661.3,651.22,3347566,2180010529.85,63943.0,1471360.0,43.95
HDFCBANK,EQ,10-Oct-2013,649.15,649.0,649.0,633.35,643.70,641.05,640.77,2086321,1336853121.35,69987.0,877234.0,42.05
HDFCBANK,EQ,09-Oct-2013,632.65,625.2,650.9,623.0,649.50,649.15,641.87,2167190,1391045707.35,35909.0,945385.0,43.62
HDFCBANK,EQ,08-Oct-2013,634.3,650.5,654.55,625.8,629.00,632.65,637.1,2942037,1874372333.1,48694.0,1106961.0,37.63
HDFCBANK,EQ,07-Oct-2013,640.45,636.5,638.15,618.25,635.50,634.3,625.7,2480500,1552049824.3,56687.0,1317756.0,53.12
HDFCBANK,EQ,04-Oct-2013,636.2,635.5,647.4,635.0,639.75,640.45,642.41,3407094,2188752133.45,57758.0,2103361.0,61.73
HDFCBANK,EQ,03-Oct-2013,611.65,615.3,639.0,610.0,637.65,636.2,626.0,2443228,1529457440.25,55357.0,1460218.0,59.77
HDFCBANK,EQ,01-Oct-2013,593.05,598.8,614.4,589.35,612.35,611.65,604.98,3249277,1965734294.45,107422.0,1887561.0,58.09
HDFCBANK,EQ,30-Sep-2013,608.9,606.0,612.85,587.7,593.35,593.05,599.07,4265607,2555378319.9,108547.0,2841971.0,66.63
HDFCBANK,EQ,27-Sep-2013,621.15,622.0,624.0,605.0,612.00,608.9,610.8,4102173,2505615700.0,72225.0,2566085.0,62.55
HDFCBANK,EQ,26-Sep-2013,620.6,621.35,626.0,618.0,618.35,621.15,621.3,5645610,3507597832.25,68065.0,3785078.0,67.04
HDFCBANK,EQ,25-Sep-2013,638.45,638.0,641.7,613.2,619.85,620.6,621.4,5245230,3259405005.15,95260.0,3459525.0,65.96
HDFCBANK,EQ,24-Sep-2013,641.95,633.05,644.35,629.95,637.10,638.45,639.17,4543797,2904280001.9,64600.0,3102382.0,68.28
HDFCBANK,EQ,23-Sep-2013,659.05,651.0,652.35,633.1,640.65,641.95,641.14,3496310,2241638714.7,110527.0,1888679.0,54.02
HDFCBANK,EQ,20-Sep-2013,683.2,682.5,686.45,635.25,658.15,659.05,657.57,6181538,4064819105.35,97113.0,3484631.0,56.37
HDFCBANK,EQ,19-Sep-2013,650.5,680.0,689.9,676.3,683.65,683.2,681.13,7320226,4986040529.95,149072.0,5108200.0,69.78
HDFCBANK,EQ,18-Sep-2013,642.25,643.6,654.9,631.15,652.90,650.5,642.32,2747404,1764699277.8,69475.0,1723703.0,62.74
HDFCBANK,EQ,17-Sep-2013,642.8,638.0,645.0,633.6,644.65,642.25,640.68,2108022,1350577174.15,52152.0,1254631.0,59.52
HDFCBANK,EQ,16-Sep-2013,629.2,637.5,648.9,629.0,642.10,642.8,641.88,3034804,1947993821.05,81576.0,1489405.0,49.08
HDFCBANK,EQ,13-Sep-2013,633.95,632.45,634.5,621.0,628.10,629.2,629.35,3875780,2439227963.85,84547.0,2341999.0,60.43
HDFCBANK,EQ,12-Sep-2013,647.25,642.5,646.0,627.6,635.10,633.95,634.26,4419134,2802887745.35,71043.0,2416986.0,54.69
HDFCBANK,EQ,11-Sep-2013,638.0,633.0,650.0,625.55,643.80,647.25,638.32,3172598,2025140055.75,78841.0,1479775.0,46.64
HDFCBANK,EQ,10-Sep-2013,616.2,620.55,641.0,618.4,635.30,638.0,633.17,5074709,3213136402.3,97535.0,3197979.0,63.02
HDFCBANK,EQ,06-Sep-2013,609.5,611.0,620.0,586.75,614.20,616.2,605.81,4749304,2877178929.25,83012.0,2399688.0,50.53
HDFCBANK,EQ,05-Sep-2013,564.05,584.0,622.9,584.0,611.00,609.5,601.76,8311562,5001541968.9,124498.0,4804578.0,57.81
HDFCBANK,EQ,04-Sep-2013,562.55,567.45,576.85,559.15,565.55,564.05,567.14,5235450,2969223842.05,106806.0,2953786.0,56.42
HDFCBANK,EQ,03-Sep-2013,589.5,596.9,596.9,557.05,565.00,562.55,570.43,4535002,2586911627.05,103550.0,2364574.0,52.14
HDFCBANK,EQ,02-Sep-2013,594.0,598.0,604.35,582.5,588.05,589.5,591.33,4878929,2885055112.2,104126.0,3126024.0,64.07
HDFCBANK,EQ,30-Aug-2013,572.05,571.0,600.0,570.65,592.00,594.0,585.45,9154229,5359378410.9,157809.0,6330174.0,69.15
HDFCBANK,EQ,29-Aug-2013,561.95,568.0,582.5,568.0,570.70,572.05,573.11,10192751,5841615786.2,148061.0,6393525.0,62.73
HDFCBANK,EQ,28-Aug-2013,561.9,555.7,572.0,528.0,561.35,561.95,550.04,9266888,5097160998.9,194851.0,5850943.0,63.14
HDFCBANK,EQ,27-Aug-2013,611.3,597.3,600.0,555.45,565.80,561.9,569.42,13677093,7788018315.0,158825.0,9520969.0,69.61
HDFCBANK,EQ,26-Aug-2013,607.55,612.35,622.8,602.55,610.95,611.3,612.74,3651902,2237684339.05,101215.0,2322951.0,63.61
HDFCBANK,EQ,23-Aug-2013,588.7,592.0,609.15,588.3,608.35,607.55,600.68,5174611,3108266878.6,83903.0,3684211.0,71.20
HDFCBANK,EQ,22-Aug-2013,593.35,589.0,603.7,570.0,589.00,588.7,586.11,7562673,4432577042.15,160909.0,4432199.0,58.61
HDFCBANK,EQ,21-Aug-2013,584.75,606.0,619.35,590.0,596.00,593.35,603.81,7227149,4363806081.85,135617.0,4980289.0,68.91
HDFCBANK,EQ,20-Aug-2013,584.7,574.95,589.9,566.5,582.00,584.75,581.22,6431746,3738231047.15,125676.0,4280712.0,66.56
HDFCBANK,EQ,19-Aug-2013,587.9,587.0,588.6,570.3,580.00,584.7,578.4,5004610,2894681616.85,101644.0,3066241.0,61.27
HDFCBANK,EQ,16-Aug-2013,621.35,614.0,622.0,584.9,591.15,587.9,595.33,7014892,4176160861.4,131043.0,4562792.0,65.04
HDFCBANK,EQ,14-Aug-2013,620.5,622.0,623.65,608.65,620.00,621.35,616.41,3575927,2204238218.1,55380.0,2337650.0,65.37
HDFCBANK,EQ,13-Aug-2013,602.2,603.85,624.8,598.15,621.90,620.5,614.38,3675598,2258201161.75,59026.0,2586085.0,70.36
HDFCBANK,EQ,12-Aug-2013,610.5,610.05,610.8,598.65,600.00,602.2,603.76,3925217,2369901601.45,74053.0,2733299.0,69.63
HDFCBANK,EQ,08-Aug-2013,601.2,604.0,617.5,600.0,608.45,610.5,609.57,5115362,3118176065.15,59421.0,3566779.0,69.73
HDFCBANK,EQ,07-Aug-2013,608.65,609.95,614.35,600.0,600.00,601.2,607.23,5689114,3454572271.75,102123.0,4115292.0,72.34
HDFCBANK,EQ,06-Aug-2013,632.7,631.0,631.35,606.5,606.60,608.65,610.69,4911295,2999262442.65,106235.0,3325296.0,67.71
HDFCBANK,EQ,05-Aug-2013,631.25,631.55,635.45,615.0,633.60,632.7,626.47,3399593,2129744710.2,84579.0,2336097.0,68.72
HDFCBANK,EQ,02-Aug-2013,632.2,630.0,634.8,626.85,630.20,631.25,630.94,5003962,3157215398.55,80064.0,4041300.0,80.76
HDFCBANK,EQ,01-Aug-2013,609.75,613.9,637.8,612.4,633.20,632.2,624.5,5861652,3660580982.85,97814.0,4352746.0,74.26
HDFCBANK,EQ,31-Jul-2013,625.35,621.0,621.8,606.9,606.90,609.75,613.93,6706130,4117116134.35,135754.0,5079116.0,75.74
HDFCBANK,EQ,30-Jul-2013,632.5,630.75,635.0,620.1,626.00,625.35,628.65,3672771,2308879028.5,85237.0,2325362.0,63.31
HDFCBANK,EQ,29-Jul-2013,644.1,643.0,643.0,629.65,632.35,632.5,634.08,3730556,2365486036.0,83393.0,2772568.0,74.32
HDFCBANK,EQ,26-Jul-2013,653.85,656.0,656.25,638.0,645.75,644.1,646.01,2339123,1511102585.45,76171.0,1357841.0,58.05
HDFCBANK,EQ,25-Jul-2013,659.95,660.65,666.0,650.15,652.10,653.85,657.35,4066814,2673305132.3,58615.0,2508174.0,61.67
HDFCBANK,EQ,24-Jul-2013,683.6,674.0,676.0,653.5,661.00,659.95,661.96,3657187,2420923665.55,74074.0,2378220.0,65.03
HDFCBANK,EQ,23-Jul-2013,682.05,687.9,690.0,681.05,682.30,683.6,686.96,1853696,1273410642.25,34033.0,1316814.0,71.04
HDFCBANK,EQ,22-Jul-2013,680.0,676.0,687.0,676.0,682.10,682.05,683.29,1615108,1103594346.8,35726.0,1072306.0,66.39
HDFCBANK,EQ,19-Jul-2013,684.1,688.05,691.95,673.15,679.40,680.0,681.56,3114605,2122778788.2,65405.0,2085020.0,66.94
HDFCBANK,EQ,18-Jul-2013,662.9,669.9,688.5,656.95,682.50,684.1,669.96,3415970,2288565109.6,77480.0,2107288.0,61.69
HDFCBANK,EQ,17-Jul-2013,678.7,677.8,680.8,647.9,660.05,662.9,663.99,5658497,3757199056.35,120578.0,3139428.0,55.48
HDFCBANK,EQ,16-Jul-2013,695.45,679.0,684.5,669.95,678.90,678.7,678.01,2911846,1974271713.7,63416.0,1742471.0,59.84
HDFCBANK,EQ,15-Jul-2013,695.75,691.0,698.05,684.0,695.00,695.45,691.19,2127972,1470833649.65,44383.0,1342548.0,63.09
HDFCBANK,EQ,12-Jul-2013,683.25,687.0,697.7,681.8,696.20,695.75,689.16,3908713,2693726524.2,70889.0,2911787.0,74.49
HDFCBANK,EQ,11-Jul-2013,659.3,667.0,686.7,666.05,679.95,683.25,680.99,2649892,1804562517.25,60481.0,1662192.0,62.73
HDFCBANK,EQ,10-Jul-2013,670.3,670.25,671.9,656.15,656.15,659.3,663.18,1784645,1183532027.7,31102.0,1111582.0,62.29
HDFCBANK,EQ,09-Jul-2013,660.45,662.2,673.75,662.2,670.45,670.3,670.15,1760048,1179489724.4,35889.0,1166888.0,66.30
HDFCBANK,EQ,08-Jul-2013,667.75,664.0,667.45,652.75,659.65,660.45,660.06,1792324,1183042804.9,38304.0,1078193.0,60.16
HDFCBANK,EQ,05-Jul-2013,655.15,660.1,672.75,658.5,667.10,667.75,666.92,2385874,1591187496.6,44694.0,1603685.0,67.22
HDFCBANK,EQ,04-Jul-2013,650.65,653.8,657.45,645.7,655.60,655.15,652.28,2397765,1564015559.8,39880.0,1485440.0,61.95
HDFCBANK,EQ,03-Jul-2013,656.55,654.0,654.7,643.6,652.05,650.65,648.51,3346565,2170288609.85,59805.0,2582895.0,77.18
HDFCBANK,EQ,02-Jul-2013,668.75,668.7,668.75,654.3,658.30,656.55,660.1,2295788,1515455211.45,41737.0,1327384.0,57.82
HDFCBANK,EQ,01-Jul-2013,669.5,669.0,674.0,664.65,670.90,668.75,669.96,2459671,1647881598.05,74264.0,1821131.0,74.04
HDFCBANK,EQ,28-Jun-2013,646.5,649.5,673.2,649.1,666.50,669.5,664.38,5270670,3501717438.8,104801.0,4340317.0,82.35
HDFCBANK,EQ,27-Jun-2013,622.85,634.0,652.7,622.35,643.10,646.5,641.65,6750890,4331704782.25,103415.0,4820756.0,71.41
HDFCBANK,EQ,26-Jun-2013,634.0,631.5,637.65,620.0,620.40,622.85,630.32,2619005,1650803690.45,98389.0,1875158.0,71.60
HDFCBANK,EQ,25-Jun-2013,625.35,626.0,646.4,622.4,632.95,634.0,637.68,4671608,2978999578.2,68850.0,3112432.0,66.62
HDFCBANK,EQ,24-Jun-2013,635.25,631.8,633.85,623.75,626.00,625.35,628.48,2692013,1691863236.0,49282.0,1879760.0,69.83
HDFCBANK,EQ,21-Jun-2013,636.6,636.8,642.55,630.1,633.40,635.25,635.68,4474961,2844632491.65,62813.0,3132586.0,70.00
HDFCBANK,EQ,20-Jun-2013,665.2,658.85,658.85,634.6,635.20,636.6,642.08,3784511,2429962965.7,51571.0,2652504.0,70.09
HDFCBANK,EQ,19-Jun-2013,657.45,656.1,666.6,652.85,665.20,665.2,660.47,2411739,1592885917.3,36107.0,1638511.0,67.94
HDFCBANK,EQ,18-Jun-2013,667.35,668.0,668.0,655.0,659.30,657.45,661.38,3111642,2057964096.0,61320.0,2175297.0,69.91
HDFCBANK,EQ,17-Jun-2013,665.05,665.6,669.2,657.35,668.30,667.35,663.71,3267727,2168814618.9,57899.0,2348441.0,71.87
HDFCBANK,EQ,14-Jun-2013,655.1,662.0,668.45,659.3,663.05,665.05,664.31,3741303,2485366545.5,80335.0,2892376.0,77.31
HDFCBANK,EQ,13-Jun-2013,663.95,657.6,661.0,653.35,656.35,655.1,656.36,1787434,1173194322.85,52182.0,1087699.0,60.85
HDFCBANK,EQ,12-Jun-2013,664.9,662.0,673.4,658.45,664.00,663.95,666.53,2453913,1635612087.2,68958.0,1678321.0,68.39
HDFCBANK,EQ,11-Jun-2013,676.35,673.45,680.9,662.2,665.00,664.9,670.79,2955215,1982320531.5,52839.0,1901421.0,64.34
HDFCBANK,EQ,10-Jun-2013,676.15,681.05,687.0,671.5,681.00,676.35,677.42,1592003,1078459687.7,35832.0,792487.0,49.78
HDFCBANK,EQ,07-Jun-2013,682.2,681.75,693.4,673.2,678.15,676.15,681.46,2389056,1628051115.65,62498.0,1357222.0,56.81
HDFCBANK,EQ,06-Jun-2013,687.95,683.5,689.4,678.0,681.30,682.2,683.08,1779103,1215275146.65,43724.0,1006120.0,56.55
HDFCBANK,EQ,05-Jun-2013,683.05,682.0,694.4,678.5,689.85,687.95,687.4,1890919,1299815981.4,36107.0,1226000.0,64.84
HDFCBANK,EQ,04-Jun-2013,689.15,687.3,693.8,681.0,682.65,683.05,686.85,1404081,964396766.15,38104.0,869206.0,61.91
HDFCBANK,EQ,03-Jun-2013,700.5,698.0,701.4,686.55,687.20,689.15,692.81,1972531,1366585551.15,47899.0,1394696.0,70.71
HDFCBANK,EQ,31-May-2013,725.15,717.25,720.7,697.7,699.50,700.5,703.82,3083224,2170036434.2,73239.0,2167027.0,70.28
HDFCBANK,EQ,30-May-2013,715.95,710.1,727.3,710.1,722.15,725.15,722.38,3839364,2773478931.8,50770.0,2673176.0,69.63
HDFCBANK,EQ,29-May-2013,713.3,710.05,718.45,703.85,715.50,715.95,710.91,1233373,876816719.55,31063.0,765039.0,62.03
HDFCBANK,EQ,28-May-2013,715.05,714.25,720.8,706.8,712.20,713.3,713.88,1676979,1197167824.0,50716.0,1107497.0,66.04
HDFCBANK,EQ,27-May-2013,701.35,698.6,717.0,698.6,715.10,715.05,712.84,2248802,1603027053.65,71938.0,1625642.0,72.29
HDFCBANK,EQ,24-May-2013,698.6,705.75,705.75,694.3,702.95,701.35,700.68,2066060,1447646577.4,49924.0,1220812.0,59.09
HDFCBANK,EQ,23-May-2013,703.45,699.0,706.45,694.3,698.00,698.6,700.24,1976312,1383884738.4,97083.0,1169858.0,59.19
HDFCBANK,EQ,22-May-2013,707.8,707.5,712.0,698.0,706.00,703.45,702.56,1353028,950584823.15,31311.0,811515.0,59.98
HDFCBANK,EQ,21-May-2013,714.5,714.0,718.0,705.05,705.75,707.8,710.53,2301625,1635377001.65,50011.0,1588088.0,69.00
HDFCBANK,EQ,20-May-2013,718.9,719.5,724.0,712.15,716.90,714.5,717.49,1460402,1047821437.65,52678.0,960041.0,65.74
HDFCBANK,EQ,17-May-2013,722.8,722.5,722.5,709.2,718.00,718.9,716.54,3204963,2296487070.3,64679.0,2506399.0,78.20
HDFCBANK,EQ,16-May-2013,714.85,712.0,724.0,711.0,722.50,722.8,720.36,2915154,2099972405.05,51537.0,2172403.0,74.52
HDFCBANK,EQ,15-May-2013,689.05,693.5,716.0,691.35,714.40,714.85,708.71,3543370,2511234824.2,101538.0,2522208.0,71.18
HDFCBANK,EQ,14-May-2013,692.75,690.05,694.9,685.1,688.50,689.05,689.85,1663419,1147507344.75,35323.0,897283.0,53.94
HDFCBANK,EQ,13-May-2013,702.8,705.0,711.45,690.8,692.75,692.75,703.31,2398493,1686888957.6,77801.0,1345702.0,56.11
HDFCBANK,EQ,11-May-2013,703.35,702.1,705.0,701.15,705.00,702.8,702.76,219025,153921450.0,2283.0,150680.0,68.80
HDFCBANK,EQ,10-May-2013,690.05,688.7,704.9,688.65,704.00,703.35,699.43,3478314,2432846210.2,65950.0,2360218.0,67.86
HDFCBANK,EQ,09-May-2013,697.15,699.05,699.5,688.2,690.90,690.05,694.57,1130840,785444186.2,21036.0,637292.0,56.36
HDFCBANK,EQ,08-May-2013,688.05,689.0,699.5,686.5,698.60,697.15,693.65,2163489,1500696885.5,44203.0,1428257.0,66.02
HDFCBANK,EQ,07-May-2013,675.5,676.3,689.9,672.5,688.15,688.05,681.75,2774616,1891597610.85,57804.0,2073534.0,74.73
HDFCBANK,EQ,06-May-2013,680.95,679.0,679.3,669.95,677.70,675.5,672.86,1918365,1290795061.8,46234.0,1331535.0,69.41
HDFCBANK,EQ,03-May-2013,692.5,692.6,694.0,678.65,680.50,680.95,684.91,3071646,2103795366.7,63163.0,1963256.0,63.92
HDFCBANK,EQ,02-May-2013,682.3,684.4,694.0,682.3,693.80,692.5,690.42,3075817,2123598597.1,79744.0,2304543.0,74.92
HDFCBANK,EQ,30-Apr-2013,695.15,694.0,695.95,676.8,682.10,682.3,683.37,3138068,2144451623.95,56835.0,2124880.0,67.71
HDFCBANK,EQ,29-Apr-2013,689.1,688.25,696.85,686.5,693.50,695.15,694.84,2918858,2028124942.05,54766.0,2369184.0,81.17
HDFCBANK,EQ,26-Apr-2013,689.55,687.65,692.25,683.0,687.30,689.1,687.56,2142186,1472891189.35,54299.0,1533787.0,71.60
HDFCBANK,EQ,25-Apr-2013,689.0,692.35,695.0,680.05,689.45,689.55,688.13,6473781,4454814354.25,90323.0,4439203.0,68.57
HDFCBANK,EQ,23-Apr-2013,698.3,698.8,700.0,678.8,685.35,689.0,688.81,5965890,4109380114.15,98541.0,3541990.0,59.37
HDFCBANK,EQ,22-Apr-2013,673.6,674.7,702.0,674.7,701.35,698.3,695.16,4965038,3451472431.7,93464.0,3542678.0,71.35
HDFCBANK,EQ,18-Apr-2013,660.1,654.0,675.4,654.0,673.00,673.6,666.69,2305946,1537356837.1,62214.0,1508462.0,65.42
HDFCBANK,EQ,17-Apr-2013,663.35,665.0,671.85,656.8,660.65,660.1,663.79,3739237,2482059400.75,61007.0,2681121.0,71.70
HDFCBANK,EQ,16-Apr-2013,641.55,643.0,665.85,642.35,665.85,663.35,659.02,3435078,2263770960.6,110219.0,2545849.0,74.11
HDFCBANK,EQ,15-Apr-2013,643.7,642.1,643.45,635.0,641.30,641.55,639.56,3980942,2546057729.35,107721.0,3167156.0,79.56
HDFCBANK,EQ,12-Apr-2013,639.25,636.1,645.85,636.1,641.30,643.7,641.62,3801520,2439136745.35,63760.0,3111744.0,81.86
HDFCBANK,EQ,11-Apr-2013,632.0,632.5,642.0,631.9,639.10,639.25,637.77,6266517,3996595537.0,80287.0,5105286.0,81.47
HDFCBANK,EQ,10-Apr-2013,620.6,626.8,633.65,618.95,628.00,632.0,626.43,3786126,2371742867.1,47208.0,3181289.0,84.02
HDFCBANK,EQ,09-Apr-2013,624.45,628.1,628.1,617.4,620.60,620.6,622.67,3690102,2297705028.5,42060.0,2879932.0,78.04
HDFCBANK,EQ,08-Apr-2013,620.95,618.95,628.95,617.75,625.00,624.45,623.68,2163032,1349049339.05,37657.0,1595630.0,73.77
HDFCBANK,EQ,05-Apr-2013,616.15,614.95,626.4,613.4,623.15,620.95,620.04,3239980,2008904820.6,59204.0,2080440.0,64.21
HDFCBANK,EQ,04-Apr-2013,623.65,618.8,623.4,613.45,614.95,616.15,618.68,2045496,1265506070.25,50165.0,1325048.0,64.78
HDFCBANK,EQ,03-Apr-2013,629.9,628.0,631.65,619.5,620.90,623.65,627.57,1675904,1051745788.35,44228.0,1066119.0,63.61
HDFCBANK,EQ,02-Apr-2013,623.85,625.0,634.3,617.9,628.15,629.9,627.54,1714355,1075831091.65,36961.0,1080644.0,63.04
HDFCBANK,EQ,01-Apr-2013,625.35,624.65,629.0,621.0,624.90,623.85,624.98,1677193,1048214120.2,35899.0,1156138.0,68.93
HDFCBANK,EQ,28-Mar-2013,614.5,616.5,631.15,606.95,627.10,625.35,616.2,4874023,3003378965.25,123907.0,3649945.0,74.89
HDFCBANK,EQ,26-Mar-2013,609.4,606.0,617.5,602.55,612.95,614.5,613.46,3318601,2035816513.15,69047.0,2557052.0,77.05
HDFCBANK,EQ,25-Mar-2013,605.25,611.0,613.35,607.55,611.00,609.4,610.39,6799744,4150517613.45,90626.0,5912815.0,86.96
HDFCBANK,EQ,22-Mar-2013,607.0,609.0,614.6,602.6,604.00,605.25,610.02,7381475,4502832821.6,109371.0,6044950.0,81.89
HDFCBANK,EQ,21-Mar-2013,625.5,622.65,628.8,603.75,604.00,607.0,615.25,3613147,2222982026.45,71038.0,2519089.0,69.72
HDFCBANK,EQ,20-Mar-2013,631.55,632.0,633.45,621.0,624.55,625.5,626.6,2834109,1775844636.95,43985.0,1917771.0,67.67
HDFCBANK,EQ,19-Mar-2013,643.3,643.0,643.8,624.0,632.25,631.55,633.28,5007115,3170910359.8,60287.0,3200214.0,63.91
HDFCBANK,EQ,18-Mar-2013,639.4,633.0,654.0,630.0,640.55,643.3,642.5,4390481,2820870503.65,88968.0,2889252.0,65.81
HDFCBANK,EQ,15-Mar-2013,649.25,645.0,649.9,633.8,641.85,639.4,640.43,3859902,2471978291.95,72965.0,2106391.0,54.57
HDFCBANK,EQ,14-Mar-2013,634.9,634.9,653.5,615.35,651.45,649.25,636.75,7978609,5080403873.5,160979.0,4189536.0,52.51
HDFCBANK,EQ,13-Mar-2013,644.0,641.05,645.9,632.2,636.00,634.9,638.04,1978343,1262258328.6,45346.0,1179522.0,59.62
HDFCBANK,EQ,12-Mar-2013,655.25,653.0,655.7,640.1,643.00,644.0,646.89,1723931,1115193290.75,37845.0,1160309.0,67.31
HDFCBANK,EQ,11-Mar-2013,657.3,657.3,659.7,650.25,654.05,655.25,654.72,2126146,1392040416.4,35062.0,1385441.0,65.16
HDFCBANK,EQ,08-Mar-2013,641.8,644.2,660.0,643.4,656.25,657.3,650.8,2649215,1724121766.0,98646.0,2037212.0,76.90
HDFCBANK,EQ,07-Mar-2013,630.5,628.35,642.95,627.15,641.30,641.8,633.62,1487746,942659130.35,44015.0,834212.0,56.07
HDFCBANK,EQ,06-Mar-2013,632.95,634.95,637.15,629.0,632.05,630.5,632.95,2733329,1730051777.6,37469.0,2026859.0,74.15
HDFCBANK,EQ,05-Mar-2013,627.65,630.9,634.7,623.15,632.70,632.95,629.59,2639395,1661735037.45,70782.0,1741786.0,65.99
HDFCBANK,EQ,04-Mar-2013,622.5,620.35,630.3,618.0,627.65,627.65,623.9,2992450,1866985827.7,55102.0,2218218.0,74.13
HDFCBANK,EQ,01-Mar-2013,625.35,625.0,629.6,616.3,619.45,622.5,623.18,4305182,2682911934.8,89571.0,3131207.0,72.73
HDFCBANK,EQ,28-Feb-2013,642.75,646.95,654.95,619.35,631.00,625.35,632.48,6971751,4409512153.2,81502.0,4692050.0,67.30
HDFCBANK,EQ,27-Feb-2013,651.25,652.3,654.0,640.9,644.45,642.75,644.27,3217834,2073159260.8,48842.0,2347570.0,72.95
HDFCBANK,EQ,26-Feb-2013,656.45,654.8,663.0,645.4,647.30,651.25,655.2,2935660,1923456841.1,52813.0,2185323.0,74.44
HDFCBANK,EQ,25-Feb-2013,659.3,663.25,665.2,654.1,654.45,656.45,659.89,1888236,1246025973.55,52616.0,1313512.0,69.56
HDFCBANK,EQ,22-Feb-2013,666.25,662.2,666.4,657.55,659.00,659.3,662.15,1927096,1276024590.8,55738.0,1419966.0,73.68
HDFCBANK,EQ,21-Feb-2013,676.95,675.0,677.45,664.05,664.10,666.25,670.63,2717968,1822742990.2,56305.0,2095912.0,77.11
HDFCBANK,EQ,20-Feb-2013,674.8,677.5,680.8,674.9,677.50,676.95,677.58,1715421,1162336428.0,40589.0,1314871.0,76.65
HDFCBANK,EQ,19-Feb-2013,676.0,674.5,677.4,671.55,674.05,674.8,675.01,593703,400756262.7,15218.0,360903.0,60.79
HDFCBANK,EQ,18-Feb-2013,676.75,678.0,680.9,674.0,674.65,676.0,678.76,2367291,1606826474.55,43392.0,1939744.0,81.94
HDFCBANK,EQ,15-Feb-2013,674.8,671.7,680.8,668.2,676.40,676.75,677.64,3122195,2115710173.35,51607.0,2563573.0,82.11
HDFCBANK,EQ,14-Feb-2013,664.2,664.0,678.4,662.0,673.95,674.8,672.25,4421038,2972039116.4,75185.0,3655585.0,82.69
HDFCBANK,EQ,13-Feb-2013,665.2,663.3,667.4,659.5,662.30,664.2,664.07,3627208,2408731798.45,83232.0,3165357.0,87.27
HDFCBANK,EQ,12-Feb-2013,656.95,655.65,667.0,655.65,664.10,665.2,661.92,3958209,2620022901.9,91046.0,3370149.0,85.14
HDFCBANK,EQ,11-Feb-2013,650.05,650.0,659.95,650.0,656.35,656.95,656.17,3791765,2488031409.1,118652.0,3056335.0,80.60
HDFCBANK,EQ,08-Feb-2013,641.5,640.5,653.4,640.5,648.50,650.05,648.97,4706664,3054477224.75,139339.0,3940086.0,83.71
HDFCBANK,EQ,07-Feb-2013,639.5,636.3,643.0,634.55,642.00,641.5,639.34,2270709,1451765532.85,77741.0,1742827.0,76.75
HDFCBANK,EQ,06-Feb-2013,644.15,646.6,646.9,637.2,639.50,639.5,639.96,2468397,1579685827.45,119992.0,2033936.0,82.40
HDFCBANK,EQ,05-Feb-2013,646.9,636.35,647.2,636.35,643.50,644.15,643.0,1865005,1199204699.85,48040.0,1353905.0,72.60
HDFCBANK,EQ,04-Feb-2013,640.15,641.15,649.5,640.0,645.05,646.9,646.37,2618950,1692806186.55,46333.0,1926203.0,73.55
HDFCBANK,EQ,01-Feb-2013,643.05,644.8,644.85,636.2,639.00,640.15,639.26,2621036,1675525216.15,66443.0,2060768.0,78.62
HDFCBANK,EQ,31-Jan-2013,656.65,656.6,657.9,640.1,643.00,643.05,646.62,3472096,2245126693.6,77354.0,2477367.0,71.35
HDFCBANK,EQ,30-Jan-2013,652.45,653.0,658.4,644.0,657.75,656.65,652.85,2509908,1638599919.8,86143.0,1652892.0,65.85
HDFCBANK,EQ,29-Jan-2013,670.35,670.75,670.9,650.0,652.60,652.45,659.04,2990437,1970803370.05,72817.0,1862964.0,62.30
HDFCBANK,EQ,28-Jan-2013,665.05,665.25,672.0,664.45,669.10,670.35,668.94,1842005,1232195951.9,42310.0,1385165.0,75.20
HDFCBANK,EQ,25-Jan-2013,660.3,660.3,667.0,655.55,665.15,665.05,661.94,1397433,925014235.45,25721.0,902589.0,64.59
HDFCBANK,EQ,24-Jan-2013,656.6,655.6,662.75,655.25,662.00,660.3,659.66,1536990,1013896063.8,28717.0,1028019.0,66.89
HDFCBANK,EQ,23-Jan-2013,653.75,657.0,663.0,654.35,659.05,656.6,658.78,1769935,1166003547.3,41831.0,1117791.0,63.15
HDFCBANK,EQ,22-Jan-2013,658.55,658.5,661.0,647.55,654.55,653.75,656.89,2121532,1393608344.55,37488.0,1485827.0,70.04
HDFCBANK,EQ,21-Jan-2013,662.85,660.0,663.4,654.75,656.45,658.55,659.45,2713680,1789532516.95,59237.0,1944116.0,71.64
HDFCBANK,EQ,18-Jan-2013,666.8,670.0,674.0,655.3,659.00,662.85,665.06,5056173,3362648624.85,106372.0,2984397.0,59.02
HDFCBANK,EQ,17-Jan-2013,660.5,657.7,670.85,654.05,665.90,666.8,663.67,3211036,2131074257.0,53161.0,2455517.0,76.47
HDFCBANK,EQ,16-Jan-2013,668.3,665.55,669.2,657.6,660.85,660.5,664.71,2287689,1520660113.7,61474.0,1422798.0,62.19
HDFCBANK,EQ,15-Jan-2013,669.3,670.8,675.45,665.0,667.45,668.3,668.39,2065844,1380797118.2,68828.0,1406831.0,68.10
HDFCBANK,EQ,14-Jan-2013,669.3,668.15,670.5,667.1,669.35,669.3,669.13,2847437,1905301438.1,100759.0,2372546.0,83.32
HDFCBANK,EQ,11-Jan-2013,675.8,676.9,676.9,666.7,668.00,669.3,670.13,2570857,1722805388.0,61072.0,2025820.0,78.80
HDFCBANK,EQ,10-Jan-2013,667.5,669.5,678.0,666.5,674.00,675.8,673.9,2282592,1538234603.1,61787.0,1742042.0,76.32
HDFCBANK,EQ,09-Jan-2013,670.25,672.0,672.55,666.05,667.55,667.5,669.96,3217991,2155917687.15,59829.0,2603470.0,80.90
HDFCBANK,EQ,08-Jan-2013,668.2,668.0,673.4,665.7,670.20,670.25,669.34,2471299,1654144609.5,44622.0,1695581.0,68.61
HDFCBANK,EQ,07-Jan-2013,679.35,683.7,683.7,666.0,668.00,668.2,671.03,2751142,1846108679.2,59257.0,2270753.0,82.54
HDFCBANK,EQ,04-Jan-2013,683.35,685.0,685.0,672.8,679.85,679.35,676.86,2721127,1841808815.0,54481.0,2072522.0,76.16
HDFCBANK,EQ,03-Jan-2013,687.35,690.0,690.0,680.4,682.45,683.35,684.7,2285683,1565013644.45,57225.0,1728883.0,75.64
HDFCBANK,EQ,02-Jan-2013,684.5,689.9,690.0,683.05,688.15,687.35,686.96,2427399,1667531746.55,76666.0,1748792.0,72.04
HDFCBANK,EQ,01-Jan-2013,678.6,682.1,685.1,679.65,683.60,684.5,682.68,1007303,687665566.45,16186.0,615241.0,61.08
HDFCBANK,EQ,31-Dec-2012,677.65,677.0,680.0,674.0,678.10,678.6,676.84,1276822,864198173.2,20101.0,908638.0,71.16
HDFCBANK,EQ,30-Dec-2014,951.70,950.00,959.60,942.75,955.20,956.45,951.15,1420300,1350924907.9,19515.0,948059.0,66.75
HDFCBANK,EQ,29-Dec-2014,948.65,950.10,956.00,948.30,948.50,951.70,952.05,903700,860371093.85,12326.0,567961.0,62.85
HDFCBANK,EQ,26-Dec-2014,945.25,950.40,952.95,942.55,949.30,948.65,948.85,841620,798567068.3,27171.0,408577.0,48.55
HDFCBANK,EQ,24-Dec-2014,959.75,957.90,964.80,941.10,946.50,945.25,949.10,4166203,3954132036.95,38386.0,3262858.0,78.32
HDFCBANK,EQ,23-Dec-2014,963.70,959.70,973.95,955.35,960.00,959.75,964.96,1886020,1819930435.35,26751.0,1145465.0,60.73
HDFCBANK,EQ,22-Dec-2014,941.45,954.00,966.10,942.50,965.35,963.70,952.83,2073903,1976071724.5,33097.0,1133172.0,54.64
HDFCBANK,EQ,19-Dec-2014,934.05,945.05,949.00,932.50,943.00,941.45,941.27,1528527,1438750575.7,25080.0,737428.0,48.24
HDFCBANK,EQ,18-Dec-2014,921.85,932.60,936.50,922.05,934.00,934.05,929.15,1623457,1508432197.0,63379.0,870714.0,53.63
HDFCBANK,EQ,17-Dec-2014,925.75,926.00,932.50,916.00,919.00,921.85,921.16,1766004,1626773388.55,29232.0,850882.0,48.18
HDFCBANK,EQ,16-Dec-2014,941.50,937.55,942.00,917.00,928.00,925.75,928.05,1247489,1157731721.85,22916.0,588469.0,47.17
HDFCBANK,EQ,15-Dec-2014,931.50,930.00,944.30,928.00,942.25,941.50,938.78,1659657,1558045447.1,26589.0,1061862.0,63.98
HDFCBANK,EQ,12-Dec-2014,933.60,933.00,936.20,929.00,932.10,931.50,932.27,1154207,1076033768.5,42368.0,649101.0,56.24
HDFCBANK,EQ,11-Dec-2014,931.40,929.90,935.75,925.00,933.50,933.60,930.02,1204711,1120403292.7,20635.0,665767.0,55.26
HDFCBANK,EQ,10-Dec-2014,926.75,926.10,935.00,925.30,932.35,931.40,929.97,1391358,1293921584.1,34011.0,807283.0,58.02
HDFCBANK,EQ,09-Dec-2014,927.15,925.05,935.00,925.05,927.70,926.75,929.61,1218336,1132578376.3,25118.0,671876.0,55.15
HDFCBANK,EQ,08-Dec-2014,942.75,945.00,945.00,925.00,927.80,927.15,935.19,1014282,948547738.9,22837.0,510138.0,50.30
HDFCBANK,EQ,05-Dec-2014,941.40,941.00,944.40,935.70,942.00,942.75,939.67,1018545,957094899.75,16965.0,495473.0,48.65
HDFCBANK,EQ,04-Dec-2014,933.10,940.00,944.25,932.00,941.35,941.40,937.19,1709776,1602379177.8,35647.0,1105271.0,64.64
HDFCBANK,EQ,03-Dec-2014,943.30,942.00,944.05,932.00,932.50,933.10,937.18,1665296,1560677388.25,37465.0,882754.0,53.01
HDFCBANK,EQ,02-Dec-2014,950.00,941.75,949.60,939.20,942.00,943.30,943.71,1129389,1065818266.5,17017.0,484262.0,42.88
HDFCBANK,EQ,01-Dec-2014,957.15,958.30,962.45,948.20,950.05,950.00,954.07,1847282,1762439671.25,34375.0,1187863.0,64.30
HDFCBANK,EQ,28-Nov-2014,948.15,948.00,965.90,947.00,955.00,957.15,958.80,2312965,2217678609.3,30875.0,1459992.0,63.12
HDFCBANK,EQ,27-Nov-2014,951.30,950.60,953.80,943.00,946.15,948.15,948.09,3302862,3131404398.15,26899.0,2079418.0,62.96
HDFCBANK,EQ,26-Nov-2014,953.55,939.80,959.90,933.30,949.50,951.30,950.16,2244107,2132271081.3,35420.0,1131285.0,50.41
HDFCBANK,EQ,25-Nov-2014,945.20,943.00,958.80,939.00,957.25,953.55,951.21,3039127,2890858225.3,47721.0,1438099.0,47.32
HDFCBANK,EQ,24-Nov-2014,932.85,932.35,950.00,928.10,946.80,945.20,940.00,1829215,1719461082.75,26753.0,945683.0,51.70
HDFCBANK,EQ,21-Nov-2014,918.20,921.20,935.00,914.05,932.20,932.85,927.47,2205952,2045953720.75,40560.0,1111072.0,50.37
HDFCBANK,EQ,20-Nov-2014,926.55,927.95,927.95,912.10,919.00,918.20,916.99,1192593,1093593797.35,27171.0,583609.0,48.94
HDFCBANK,EQ,19-Nov-2014,932.20,935.05,937.70,922.15,925.05,926.55,928.81,863712,802220923.0,16842.0,332665.0,38.52
HDFCBANK,EQ,18-Nov-2014,918.95,921.00,935.00,912.00,933.95,932.20,924.73,2297278,2124362528.55,28009.0,1243782.0,54.14
HDFCBANK,EQ,17-Nov-2014,930.10,930.00,934.00,908.00,919.20,918.95,917.19,3366021,3087264928.85,51042.0,1546551.0,45.95
HDFCBANK,EQ,14-Nov-2014,915.95,918.20,933.00,911.75,932.00,930.10,922.01,2109514,1945002514.5,30693.0,1067688.0,50.61
HDFCBANK,EQ,13-Nov-2014,911.75,915.50,920.00,903.90,914.00,915.95,913.15,1847238,1686797086.3,19754.0,894253.0,48.41
HDFCBANK,EQ,12-Nov-2014,907.90,911.00,919.90,904.15,912.00,911.75,913.98,2264666,2069859729.95,29367.0,1355777.0,59.87
HDFCBANK,EQ,11-Nov-2014,904.65,905.90,917.30,902.40,909.00,907.90,909.38,1478352,1344380492.85,20420.0,903667.0,61.13
HDFCBANK,EQ,10-Nov-2014,899.45,899.50,908.35,893.00,907.95,904.65,899.32,1597439,1436608096.85,22569.0,940511.0,58.88
HDFCBANK,EQ,07-Nov-2014,912.80,905.00,906.60,893.65,899.50,899.45,899.67,2257123,2030672580.8,38001.0,1333533.0,59.08
HDFCBANK,EQ,05-Nov-2014,910.70,915.05,920.30,910.25,912.30,912.80,916.70,1881045,1724355446.2,23370.0,1286158.0,68.37
HDFCBANK,EQ,03-Nov-2014,911.85,915.20,919.30,905.40,911.80,910.70,910.62,1809912,1648142343.15,35259.0,1231508.0,68.04
HDFCBANK,EQ,31-Oct-2014,896.65,900.10,914.60,897.35,912.80,911.85,910.13,2526497,2299451230.25,34459.0,1679080.0,66.46
HDFCBANK,EQ,30-Oct-2014,891.55,889.90,899.95,887.10,896.40,896.65,895.16,2684545,2403093237.15,20584.0,1873683.0,69.80
HDFCBANK,EQ,29-Oct-2014,895.30,900.20,902.50,890.00,892.50,891.55,894.10,1974047,1765004343.9,17994.0,1426203.0,72.25
HDFCBANK,EQ,28-Oct-2014,897.25,899.00,900.20,894.00,895.00,895.30,896.34,1450873,1300480136.65,12318.0,1028393.0,70.88
HDFCBANK,EQ,27-Oct-2014,896.45,899.05,907.30,894.15,896.90,897.25,901.66,1681192,1515864098.6,23911.0,981487.0,58.38
HDFCBANK,EQ,23-Oct-2014,893.65,893.00,897.85,892.00,897.00,896.45,895.56,224723,201252440.6,4075.0,112662.0,50.13
HDFCBANK,EQ,22-Oct-2014,895.55,905.05,906.35,891.25,894.45,893.65,897.33,1142886,1025550693.55,24010.0,553481.0,48.43
HDFCBANK,EQ,21-Oct-2014,893.80,900.00,905.75,887.65,896.75,895.55,895.97,4009288,3592210884.45,58683.0,1700779.0,42.42
HDFCBANK,EQ,20-Oct-2014,885.25,894.00,909.60,890.15,896.95,893.80,895.84,2383001,2134790815.55,40338.0,1363913.0,57.24
HDFCBANK,EQ,17-Oct-2014,858.85,860.25,888.10,857.10,887.80,885.25,879.99,2494480,2195105918.55,31418.0,1497080.0,60.02
HDFCBANK,EQ,16-Oct-2014,868.35,868.40,874.00,855.05,856.00,858.85,866.00,1383271,1197908059.8,17636.0,685381.0,49.55
HDFCBANK,EQ,14-Oct-2014,876.80,885.00,885.95,865.15,867.00,868.35,870.26,1816560,1580880800.1,31433.0,937193.0,51.59
HDFCBANK,EQ,13-Oct-2014,867.30,864.00,878.00,855.65,876.10,876.80,867.69,1344128,1166291696.35,22045.0,707792.0,52.66
HDFCBANK,EQ,10-Oct-2014,887.60,883.05,885.15,864.90,868.80,867.30,872.21,1066745,930430585.75,17468.0,551621.0,51.71
HDFCBANK,EQ,09-Oct-2014,867.60,874.00,892.95,868.25,886.15,887.60,882.29,1912605,1687472049.8,26754.0,1052302.0,55.02
HDFCBANK,EQ,08-Oct-2014,862.45,860.55,870.00,858.30,867.00,867.60,864.20,785096,678477879.35,15141.0,378540.0,48.22
HDFCBANK,EQ,07-Oct-2014,868.00,865.00,867.00,854.10,860.25,862.45,860.34,1256572,1081079202.3,29438.0,696109.0,55.40
HDFCBANK,EQ,01-Oct-2014,872.65,866.00,871.15,860.50,865.05,868.00,866.37,1467547,1271445355.8,34321.0,904843.0,61.66
HDFCBANK,EQ,30-Sep-2014,865.10,864.20,879.80,861.15,872.20,872.65,871.02,3008858,2620773950.2,36067.0,1509414.0,50.17
HDFCBANK,EQ,29-Sep-2014,871.65,873.00,877.35,861.20,866.25,865.10,869.56,2170567,1887435223.85,39318.0,1415317.0,65.20
HDFCBANK,EQ,26-Sep-2014,849.95,849.95,879.00,845.00,870.95,871.65,862.14,2470563,2129980063.7,40229.0,1156808.0,46.82
HDFCBANK,EQ,25-Sep-2014,855.45,853.00,865.60,842.10,853.50,849.95,855.60,4148990,3549874037.8,44127.0,2252049.0,54.28
HDFCBANK,EQ,24-Sep-2014,848.85,847.10,857.30,845.05,854.40,855.45,852.63,1666374,1420806593.55,17193.0,730441.0,43.83
HDFCBANK,EQ,23-Sep-2014,856.85,856.05,857.85,845.60,849.25,848.85,852.28,1179244,1005045942.0,27882.0,687839.0,58.33
HDFCBANK,EQ,22-Sep-2014,860.25,856.95,858.50,851.00,855.90,856.85,854.45,1633579,1395809136.3,13849.0,1090504.0,66.76
HDFCBANK,EQ,19-Sep-2014,858.15,860.00,865.00,851.40,859.50,860.25,858.09,1635527,1403421659.8,17170.0,797693.0,48.77
HDFCBANK,EQ,18-Sep-2014,846.40,844.75,861.00,842.25,856.00,858.15,855.16,1663142,1422244966.65,21301.0,912035.0,54.84
HDFCBANK,EQ,17-Sep-2014,851.00,855.00,855.90,842.10,844.70,846.40,847.24,1976474,1674556093.65,18252.0,1285232.0,65.03
HDFCBANK,EQ,16-Sep-2014,860.35,861.00,862.05,848.00,851.00,851.00,855.60,1269067,1085809359.15,12203.0,703029.0,55.40
HDFCBANK,EQ,15-Sep-2014,855.70,850.00,865.00,850.00,859.05,860.35,861.14,1452272,1250613571.8,15283.0,805656.0,55.48
HDFCBANK,EQ,12-Sep-2014,854.35,850.10,858.00,848.95,856.85,855.70,854.47,1521639,1300200196.55,14805.0,974435.0,64.04
HDFCBANK,EQ,11-Sep-2014,857.30,857.40,863.10,853.00,854.55,854.35,856.02,1633216,1398064099.15,22415.0,1049713.0,64.27
HDFCBANK,EQ,10-Sep-2014,865.60,865.00,865.00,854.10,857.50,857.30,858.17,1078563,925594891.5,13343.0,594570.0,55.13
HDFCBANK,EQ,09-Sep-2014,864.75,860.10,869.90,857.80,865.50,865.60,865.33,1915261,1657340124.25,19713.0,1036493.0,54.12
HDFCBANK,EQ,08-Sep-2014,848.45,851.00,867.80,849.45,864.25,864.75,860.02,2447086,2104548927.05,36800.0,1634388.0,66.79
HDFCBANK,EQ,05-Sep-2014,851.85,852.00,855.55,844.10,848.10,848.45,848.55,958802,813589304.05,24663.0,433492.0,45.21
HDFCBANK,EQ,04-Sep-2014,856.65,858.05,859.00,848.50,852.65,851.85,854.42,1601742,1368555750.15,33278.0,813796.0,50.81
HDFCBANK,EQ,03-Sep-2014,859.20,865.00,865.00,851.60,857.00,856.65,858.55,2308695,1982137487.7,26531.0,1200294.0,51.99
HDFCBANK,EQ,02-Sep-2014,841.20,843.10,861.10,838.65,859.50,859.20,854.74,2860563,2445041626.85,43699.0,1528013.0,53.42
HDFCBANK,EQ,01-Sep-2014,843.55,845.90,849.00,838.60,844.00,841.20,843.14,1038664,875738669.15,22079.0,564744.0,54.37
HDFCBANK,EQ,28-Aug-2014,836.60,837.50,845.50,834.00,840.95,843.55,841.60,1997863,1681408754.5,13824.0,1451260.0,72.64
HDFCBANK,EQ,27-Aug-2014,842.50,846.00,846.00,834.00,836.75,836.60,838.49,1213242,1017295653.65,14370.0,671852.0,55.38
HDFCBANK,EQ,26-Aug-2014,843.45,844.50,848.50,838.10,841.90,842.50,843.32,1041314,878164553.7,18282.0,467244.0,44.87
HDFCBANK,EQ,25-Aug-2014,846.75,843.00,852.80,837.20,844.20,843.45,847.58,1664016,1410385614.0,23433.0,724962.0,43.57
HDFCBANK,EQ,22-Aug-2014,832.50,834.35,848.75,828.05,846.30,846.75,841.19,2503822,2106181607.45,40865.0,1491109.0,59.55
HDFCBANK,EQ,21-Aug-2014,820.55,822.00,835.20,821.00,834.90,832.50,829.26,1597620,1324844950.15,21013.0,831763.0,52.06
HDFCBANK,EQ,20-Aug-2014,823.85,829.00,834.60,819.00,820.00,820.55,825.16,2358713,1946324304.0,30986.0,1693112.0,71.78
HDFCBANK,EQ,19-Aug-2014,832.35,833.00,837.50,822.25,824.15,823.85,827.04,1973214,1631917891.0,21619.0,1412898.0,71.60
HDFCBANK,EQ,18-Aug-2014,826.70,830.00,834.50,823.60,833.00,832.35,830.85,1675542,1392125359.85,24942.0,859650.0,51.31
HDFCBANK,EQ,14-Aug-2014,812.40,814.10,831.65,813.30,825.85,826.70,827.37,2968306,2455876243.95,30795.0,1879844.0,63.33
HDFCBANK,EQ,13-Aug-2014,807.20,810.00,815.75,802.65,813.95,812.40,810.59,1959955,1588722072.1,32244.0,845925.0,43.16
HDFCBANK,EQ,12-Aug-2014,792.95,801.00,808.50,792.00,806.00,807.20,801.84,1650768,1323655068.8,20477.0,844587.0,51.16
HDFCBANK,EQ,11-Aug-2014,796.15,801.00,802.85,791.40,793.95,792.95,795.72,1406556,1119221372.05,26323.0,833400.0,59.25
HDFCBANK,EQ,08-Aug-2014,811.50,805.00,807.80,795.00,796.00,796.15,799.07,1862670,1488399330.4,41842.0,1102280.0,59.18
HDFCBANK,EQ,07-Aug-2014,810.00,812.90,818.50,810.00,811.30,811.50,813.81,983435,800328359.75,12993.0,322689.0,32.81
HDFCBANK,EQ,06-Aug-2014,820.20,815.05,819.55,807.35,811.15,810.00,813.48,845350,687674601.85,15424.0,270456.0,31.99
HDFCBANK,EQ,05-Aug-2014,813.00,817.00,823.00,809.90,819.60,820.20,816.13,1519276,1239930255.95,15793.0,577716.0,38.03
HDFCBANK,EQ,04-Aug-2014,815.45,819.00,822.70,807.10,813.00,813.00,813.02,1840761,1496581078.9,20693.0,1037103.0,56.34
HDFCBANK,EQ,01-Aug-2014,834.00,826.05,827.80,812.00,818.75,815.45,820.41,1707115,1400540706.7,25789.0,939055.0,55.01
HDFCBANK,EQ,31-Jul-2014,838.80,837.90,839.90,828.55,830.80,834.00,835.45,2975336,2485753358.5,34030.0,2129119.0,71.56
HDFCBANK,EQ,30-Jul-2014,829.55,831.00,841.90,826.85,837.90,838.80,834.92,1171345,977984480.95,14892.0,695533.0,59.38
HDFCBANK,EQ,28-Jul-2014,835.50,838.50,839.80,828.00,830.00,829.55,830.73,971238,806838569.35,11858.0,610378.0,62.85
HDFCBANK,EQ,25-Jul-2014,842.25,841.00,849.80,834.15,834.90,835.50,841.02,2666488,2242558582.4,29105.0,1754447.0,65.80
HDFCBANK,EQ,24-Jul-2014,836.30,836.00,844.00,833.00,842.80,842.25,841.01,1069650,899585780.75,14273.0,639311.0,59.77
HDFCBANK,EQ,23-Jul-2014,839.85,843.10,845.00,835.00,836.00,836.30,840.21,1962463,1648887401.35,32439.0,1244626.0,63.42
HDFCBANK,EQ,22-Jul-2014,827.45,829.90,842.65,827.00,840.25,839.85,837.30,1742588,1459066980.0,34472.0,968791.0,55.59
HDFCBANK,EQ,21-Jul-2014,832.45,841.70,846.95,825.25,826.50,827.45,835.74,2453414,2050409272.45,36997.0,948132.0,38.65
HDFCBANK,EQ,18-Jul-2014,831.80,828.90,836.80,822.00,832.95,832.45,830.23,1822108,1512764904.3,27740.0,766337.0,42.06
HDFCBANK,EQ,17-Jul-2014,835.75,838.70,839.00,829.50,834.40,831.80,833.49,1259775,1050014864.45,18234.0,726893.0,57.70
HDFCBANK,EQ,16-Jul-2014,826.80,829.50,838.50,817.90,836.50,835.75,826.29,2397325,1980885885.2,34928.0,1296973.0,54.10
HDFCBANK,EQ,15-Jul-2014,817.45,820.75,828.80,816.50,826.20,826.80,822.93,1523009,1253328850.15,21095.0,761308.0,49.99
HDFCBANK,EQ,14-Jul-2014,811.80,815.00,820.00,807.15,816.05,817.45,816.01,1230402,1004021823.2,23305.0,600918.0,48.84
HDFCBANK,EQ,11-Jul-2014,823.35,821.10,831.45,808.80,812.00,811.80,817.15,2299695,1879205757.9,24079.0,1228389.0,53.42
HDFCBANK,EQ,10-Jul-2014,830.30,830.30,848.00,812.25,821.50,823.35,829.12,2464386,2043269514.65,28280.0,934723.0,37.93
HDFCBANK,EQ,09-Jul-2014,829.25,828.00,834.85,818.00,830.75,830.30,828.57,1448888,1200499706.4,16613.0,642284.0,44.33
HDFCBANK,EQ,08-Jul-2014,840.45,844.00,848.35,820.00,823.85,829.25,837.32,1683068,1409258427.6,22046.0,699360.0,41.55
HDFCBANK,EQ,07-Jul-2014,856.65,859.90,860.70,835.85,839.65,840.45,846.03,2032992,1719962235.4,27105.0,1020993.0,50.22
HDFCBANK,EQ,04-Jul-2014,836.80,836.80,858.95,835.10,856.10,856.65,848.23,1407997,1194311787.95,17630.0,609209.0,43.27
HDFCBANK,EQ,03-Jul-2014,839.90,841.00,845.30,831.35,839.00,836.80,837.35,1515685,1269161998.0,15910.0,740461.0,48.85
HDFCBANK,EQ,02-Jul-2014,823.30,830.80,842.00,825.50,838.70,839.90,834.46,1906681,1591053127.45,25842.0,942248.0,49.42
HDFCBANK,EQ,01-Jul-2014,821.55,823.00,827.95,815.00,823.95,823.30,819.73,1910343,1565963084.35,34734.0,853432.0,44.67
HDFCBANK,EQ,30-Jun-2014,816.20,819.90,832.70,819.90,821.20,821.55,824.81,1544025,1273519713.7,18822.0,869274.0,56.30
HDFCBANK,EQ,27-Jun-2014,812.40,817.85,822.00,814.00,817.00,816.20,817.55,1285740,1051154476.65,11941.0,747424.0,58.13
HDFCBANK,EQ,26-Jun-2014,824.10,820.00,826.60,808.65,814.05,812.40,814.19,5452066,4439018767.45,42561.0,3823179.0,70.12
HDFCBANK,EQ,25-Jun-2014,829.00,829.00,833.20,823.00,824.90,824.10,828.29,1582656,1310900343.65,22646.0,1004299.0,63.46
HDFCBANK,EQ,24-Jun-2014,821.45,825.35,832.75,825.00,828.70,829.00,828.03,1266556,1048748237.75,16085.0,797263.0,62.95
HDFCBANK,EQ,23-Jun-2014,821.95,824.00,826.55,815.30,822.70,821.45,820.65,1460211,1198327617.4,15465.0,785782.0,53.81
HDFCBANK,EQ,20-Jun-2014,825.75,826.00,831.75,819.35,825.25,821.95,823.96,742442,611745089.8,11206.0,318895.0,42.95
HDFCBANK,EQ,19-Jun-2014,834.85,837.10,839.95,822.20,827.15,825.75,829.07,1180249,978509597.8,28032.0,541359.0,45.87
HDFCBANK,EQ,18-Jun-2014,846.55,847.10,851.40,828.75,835.15,834.85,838.21,1343657,1126271250.75,26294.0,600877.0,44.72
HDFCBANK,EQ,17-Jun-2014,839.00,836.00,848.80,827.35,848.50,846.55,835.83,1747030,1460217767.2,31164.0,728422.0,41.69
HDFCBANK,EQ,16-Jun-2014,835.40,831.00,842.80,830.30,838.00,839.00,836.48,1327470,1110408737.35,22828.0,577858.0,43.53
HDFCBANK,EQ,13-Jun-2014,839.85,844.00,856.00,831.65,838.00,835.40,845.79,3053221,2582389832.95,40934.0,1411612.0,46.23
HDFCBANK,EQ,12-Jun-2014,820.50,824.50,844.95,812.85,840.90,839.85,835.56,3183012,2659592509.4,35025.0,1509260.0,47.42
HDFCBANK,EQ,11-Jun-2014,816.65,817.00,829.85,810.00,820.30,820.50,819.68,1935943,1586859710.2,23611.0,724831.0,37.44
HDFCBANK,EQ,10-Jun-2014,819.45,821.15,823.60,810.00,816.00,816.65,816.20,1249836,1020115589.65,17840.0,536221.0,42.90
HDFCBANK,EQ,09-Jun-2014,815.25,821.90,830.00,815.00,818.55,819.45,823.13,2334980,1921997131.95,29665.0,1380587.0,59.13
HDFCBANK,EQ,06-Jun-2014,805.45,813.00,821.00,801.00,816.10,815.25,808.60,2641319,2135774018.3,30639.0,1387297.0,52.52
HDFCBANK,EQ,05-Jun-2014,816.70,811.80,815.40,801.00,806.75,805.45,805.59,1918618,1545609963.7,25269.0,970183.0,50.57
HDFCBANK,EQ,04-Jun-2014,824.35,822.40,829.70,815.10,818.00,816.70,821.74,716085,588435183.2,12064.0,301790.0,42.14
HDFCBANK,EQ,03-Jun-2014,819.40,823.00,827.85,814.00,823.25,824.35,821.67,906037,744464611.75,14637.0,317201.0,35.01
HDFCBANK,EQ,02-Jun-2014,792.75,793.50,822.35,793.50,818.50,819.40,811.10,2020783,1639062780.95,40749.0,1167117.0,57.76
HDFCBANK,EQ,30-May-2014,810.25,815.00,822.80,730.00,793.00,792.75,796.54,8201886,6533091722.45,78261.0,5730553.0,69.87
HDFCBANK,EQ,29-May-2014,823.45,822.60,830.75,807.40,810.05,810.25,814.83,3421002,2787538156.5,45244.0,2295121.0,67.09
HDFCBANK,EQ,28-May-2014,804.90,799.90,826.75,799.50,821.35,823.45,819.41,3588891,2940779404.55,45382.0,2481475.0,69.14
HDFCBANK,EQ,27-May-2014,797.15,800.00,810.65,788.35,804.80,804.90,800.46,1904881,1524779749.55,33234.0,1154351.0,60.60
HDFCBANK,EQ,26-May-2014,789.65,799.00,804.05,790.00,800.00,797.15,798.34,4348808,3471813031.1,58659.0,3037295.0,69.84
HDFCBANK,EQ,23-May-2014,802.60,799.00,803.00,782.70,790.00,789.65,790.14,2454734,1939593517.6,36348.0,1364303.0,55.58
HDFCBANK,EQ,22-May-2014,809.50,812.00,815.00,798.00,800.55,802.60,801.28,1951614,1563791553.25,23867.0,923169.0,47.30
HDFCBANK,EQ,21-May-2014,816.05,812.35,814.50,805.00,808.80,809.50,809.57,910597,737195143.8,14391.0,427955.0,47.00
HDFCBANK,EQ,20-May-2014,811.90,816.00,821.60,804.35,817.00,816.05,816.76,1589258,1298048626.05,28750.0,753602.0,47.42
HDFCBANK,EQ,19-May-2014,804.70,815.90,835.00,808.00,809.85,811.90,821.09,2630701,2160053872.9,37789.0,1249712.0,47.50
HDFCBANK,EQ,16-May-2014,788.35,800.00,854.00,787.65,803.15,804.70,837.06,8217092,6878185173.1,83097.0,4190984.0,51.00
HDFCBANK,EQ,15-May-2014,775.45,769.00,791.15,766.05,788.00,788.35,781.59,2366547,1849679677.4,34080.0,1359370.0,57.44
HDFCBANK,EQ,14-May-2014,788.15,785.00,794.80,774.25,774.70,775.45,782.14,2125375,1662343459.9,30932.0,1262642.0,59.41
HDFCBANK,EQ,13-May-2014,792.15,800.00,800.00,782.50,786.10,788.15,788.12,3166304,2495434963.85,43201.0,1589111.0,50.19
HDFCBANK,EQ,12-May-2014,756.80,755.10,794.85,754.50,791.90,792.15,784.42,4390340,3443849335.8,54105.0,2626507.0,59.82
HDFCBANK,EQ,09-May-2014,718.30,720.00,760.00,720.00,758.55,756.80,743.66,4094111,3044614711.6,57685.0,2556634.0,62.45
HDFCBANK,EQ,08-May-2014,715.60,717.15,723.00,715.50,717.95,718.30,719.07,1880107,1351933091.45,42535.0,1278041.0,67.98
HDFCBANK,EQ,07-May-2014,720.20,718.50,727.00,711.45,715.00,715.60,719.12,1649656,1186297387.5,19452.0,1154368.0,69.98
HDFCBANK,EQ,06-May-2014,716.70,720.20,724.60,714.10,720.15,720.20,717.92,1546140,1110003577.3,22975.0,962846.0,62.27
HDFCBANK,EQ,05-May-2014,717.10,719.85,723.10,714.00,717.50,716.70,717.95,1298081,931958506.8,26506.0,787394.0,60.66
HDFCBANK,EQ,02-May-2014,721.30,723.50,727.55,715.55,717.10,717.10,719.71,1478823,1064316828.25,25724.0,896889.0,60.65
HDFCBANK,EQ,30-Apr-2014,715.80,716.00,729.90,711.65,724.90,721.30,720.97,2196730,1583770125.0,29444.0,1178009.0,53.63
HDFCBANK,EQ,29-Apr-2014,725.20,726.40,727.50,712.50,717.05,715.80,717.29,1660309,1190922026.45,29942.0,897587.0,54.06
HDFCBANK,EQ,28-Apr-2014,726.40,722.25,729.25,720.55,726.40,725.20,725.05,1220715,885076609.85,20420.0,765355.0,62.70
HDFCBANK,EQ,25-Apr-2014,733.00,733.15,738.00,725.00,725.50,726.40,729.34,1553111,1132748173.6,30958.0,838206.0,53.97
HDFCBANK,EQ,23-Apr-2014,727.55,724.90,739.45,722.60,737.90,733.00,731.24,5256336,3843636245.35,43004.0,3121073.0,59.38
HDFCBANK,EQ,22-Apr-2014,716.45,721.90,729.60,717.40,728.70,727.55,724.97,2848956,2065396345.75,42470.0,1169370.0,41.05
HDFCBANK,EQ,21-Apr-2014,718.70,722.70,726.50,713.00,715.10,716.45,718.52,1746938,1255204230.5,34216.0,1090597.0,62.43
HDFCBANK,EQ,17-Apr-2014,725.95,716.25,721.30,707.30,718.00,718.70,714.03,3075582,2196055902.75,54598.0,1956757.0,63.62
HDFCBANK,EQ,16-Apr-2014,723.95,723.20,731.80,721.10,726.30,725.95,727.31,893098,649555075.25,12891.0,453657.0,50.80
HDFCBANK,EQ,15-Apr-2014,738.15,734.30,738.80,718.10,724.65,723.95,724.48,2092967,1516315409.3,24706.0,1136304.0,54.29
HDFCBANK,EQ,11-Apr-2014,739.40,734.05,744.80,733.90,738.80,738.15,739.19,1301988,962413436.4,23184.0,664213.0,51.02
HDFCBANK,EQ,10-Apr-2014,741.85,744.65,748.65,736.00,736.60,739.40,743.00,1873698,1392164230.3,27978.0,1058397.0,56.49
HDFCBANK,EQ,09-Apr-2014,725.35,728.05,744.90,721.75,743.25,741.85,732.06,2630096,1925382857.25,33713.0,1513539.0,57.55
HDFCBANK,EQ,07-Apr-2014,725.45,725.00,732.00,723.10,723.40,725.35,727.61,2933289,2134303395.35,23930.0,2130540.0,72.63
HDFCBANK,EQ,04-Apr-2014,728.80,725.55,733.00,720.05,726.05,725.45,726.90,1855602,1348835982.8,21215.0,1200684.0,64.71
HDFCBANK,EQ,03-Apr-2014,731.90,736.00,738.00,726.25,727.80,728.80,730.73,1389926,1015666989.1,18739.0,702043.0,50.51
HDFCBANK,EQ,02-Apr-2014,738.10,744.95,746.00,721.90,734.45,731.90,728.75,2599688,1894510401.6,35507.0,1499785.0,57.69
HDFCBANK,EQ,01-Apr-2014,748.80,751.50,753.55,732.55,738.30,738.10,739.97,2012958,1489537425.4,27983.0,1013209.0,50.33
HDFCBANK,EQ,31-Mar-2014,744.95,747.95,753.00,743.10,748.25,748.80,748.83,2065607,1546791605.35,41091.0,1122975.0,54.37
HDFCBANK,EQ,28-Mar-2014,746.75,749.95,754.10,735.05,745.20,744.95,741.82,3040225,2255307200.2,26709.0,2037853.0,67.03
HDFCBANK,EQ,27-Mar-2014,746.05,750.00,760.75,742.00,745.05,746.75,749.16,6138733,4598872483.3,39580.0,3064377.0,49.92
HDFCBANK,EQ,26-Mar-2014,750.15,752.80,756.30,744.10,747.05,746.05,747.48,2352328,1758312847.45,25000.0,1638416.0,69.65
HDFCBANK,EQ,25-Mar-2014,750.65,750.00,760.55,747.75,750.75,750.15,753.73,2007773,1513310463.0,27686.0,1169732.0,58.26
HDFCBANK,EQ,24-Mar-2014,732.40,734.50,752.90,734.00,752.75,750.65,748.04,2928465,2190604554.15,30914.0,1945347.0,66.43
HDFCBANK,EQ,22-Mar-2014,733.85,736.00,736.00,729.45,733.65,732.40,732.11,105882,77517070.15,1336.0,38527.0,36.39
HDFCBANK,EQ,21-Mar-2014,730.20,735.15,737.50,731.20,733.95,733.85,734.09,1881398,1381120849.65,18439.0,1276562.0,67.85
HDFCBANK,EQ,20-Mar-2014,738.45,738.45,738.45,728.00,730.50,730.20,731.33,1298771,949826148.35,22983.0,830410.0,63.94
HDFCBANK,EQ,19-Mar-2014,734.00,740.00,743.30,735.75,740.70,738.45,738.25,1513784,1117544356.45,24816.0,993791.0,65.65
HDFCBANK,EQ,18-Mar-2014,732.15,735.40,744.80,728.30,732.40,734.00,735.14,2025681,1489159073.6,23884.0,1336929.0,66.00
HDFCBANK,EQ,14-Mar-2014,742.35,735.00,739.90,724.00,732.30,732.15,730.89,3052120,2230755524.5,32816.0,2047601.0,67.09
HDFCBANK,EQ,13-Mar-2014,725.55,727.50,749.50,727.50,741.15,742.35,742.13,2862113,2124048456.9,37535.0,1473940.0,51.50
HDFCBANK,EQ,12-Mar-2014,725.15,721.25,733.00,716.50,725.80,725.55,725.33,1777554,1289318426.55,22746.0,852198.0,47.94
HDFCBANK,EQ,11-Mar-2014,734.45,734.50,740.00,719.55,727.30,725.15,727.30,3250118,2363823761.1,44226.0,1957303.0,60.22
HDFCBANK,EQ,10-Mar-2014,711.45,706.50,736.90,700.00,736.50,734.45,726.76,6530963,4746427466.5,78589.0,4280653.0,65.54
HDFCBANK,EQ,07-Mar-2014,675.60,679.60,714.90,676.20,711.15,711.45,700.40,5691892,3986615144.45,68319.0,3508512.0,61.64
HDFCBANK,EQ,06-Mar-2014,669.75,673.00,677.70,668.10,677.00,675.60,673.12,1237170,832760078.3,23224.0,729007.0,58.93
HDFCBANK,EQ,05-Mar-2014,671.70,673.50,675.00,662.50,669.00,669.75,667.23,1001746,668395538.8,19353.0,360330.0,35.97
HDFCBANK,EQ,04-Mar-2014,666.20,666.00,673.85,664.25,670.05,671.70,669.59,1610967,1078682512.4,16600.0,1084571.0,67.32
HDFCBANK,EQ,03-Mar-2014,669.60,665.20,672.00,663.20,665.25,666.20,667.66,919608,613981996.75,16536.0,515001.0,56.00
HDFCBANK,EQ,28-Feb-2014,677.40,682.00,682.90,665.15,669.00,669.60,669.50,1225896,820738136.1,23933.0,645140.0,52.63
HDFCBANK,EQ,26-Feb-2014,671.10,670.00,679.20,668.55,674.95,677.40,675.27,1137835,768340538.05,17995.0,781443.0,68.68
HDFCBANK,EQ,25-Feb-2014,671.00,674.00,676.00,666.00,670.30,671.10,670.77,1005140,674216286.65,20643.0,582702.0,57.97
HDFCBANK,EQ,24-Feb-2014,664.40,662.10,673.00,655.75,672.00,671.00,666.54,1254746,836339176.7,17081.0,657703.0,52.42
HDFCBANK,EQ,21-Feb-2014,662.75,659.85,669.60,659.70,662.10,664.40,665.39,760968,506340593.45,10536.0,430389.0,56.56
HDFCBANK,EQ,20-Feb-2014,670.05,665.80,667.45,660.85,662.70,662.75,663.35,862109,571876666.15,8476.0,548533.0,63.63
HDFCBANK,EQ,19-Feb-2014,660.40,656.20,672.25,655.00,671.05,670.05,665.01,1015237,675143054.75,15980.0,558586.0,55.02
HDFCBANK,EQ,18-Feb-2014,650.40,648.50,664.40,647.40,659.30,660.40,660.54,1254918,828920228.05,27417.0,695070.0,55.39
HDFCBANK,EQ,17-Feb-2014,641.80,642.00,652.00,641.10,651.45,650.40,648.74,912530,591996336.55,15067.0,443204.0,48.57
HDFCBANK,EQ,14-Feb-2014,632.50,634.00,643.85,629.35,642.70,641.80,637.00,1062278,676673643.55,24260.0,476212.0,44.83
HDFCBANK,EQ,13-Feb-2014,645.45,646.00,648.00,631.25,631.65,632.50,636.19,788800,501824381.8,18659.0,379116.0,48.06
HDFCBANK,EQ,12-Feb-2014,644.80,646.60,652.80,643.65,644.95,645.45,646.93,1609240,1041063965.5,16291.0,1147518.0,71.31
HDFCBANK,EQ,11-Feb-2014,643.90,646.00,647.15,639.30,645.00,644.80,644.72,1116214,719642401.4,20172.0,788074.0,70.60
HDFCBANK,EQ,10-Feb-2014,647.75,647.65,650.15,636.00,644.50,643.90,643.35,1570205,1010186926.2,29684.0,1114840.0,71.00
HDFCBANK,EQ,07-Feb-2014,647.00,652.40,654.50,642.10,646.85,647.75,648.40,1007367,653177561.9,18131.0,576595.0,57.24
HDFCBANK,EQ,06-Feb-2014,637.45,638.75,649.60,629.50,647.50,647.00,640.68,3366736,2157000222.2,34141.0,2218436.0,65.89
HDFCBANK,EQ,05-Feb-2014,630.60,631.00,639.80,625.10,637.00,637.45,633.90,1726346,1094336727.15,27596.0,1085258.0,62.86
HDFCBANK,EQ,04-Feb-2014,626.50,621.65,635.50,616.80,633.30,630.60,627.63,1852326,1162569086.2,30498.0,1056878.0,57.06
HDFCBANK,EQ,03-Feb-2014,628.50,629.95,634.00,625.10,626.40,626.50,629.26,1194205,751464653.6,18364.0,638239.0,53.44
HDFCBANK,EQ,31-Jan-2014,631.80,630.00,636.30,625.10,628.00,628.50,628.37,2405246,1511382390.55,43444.0,1696548.0,70.54
HDFCBANK,EQ,30-Jan-2014,645.45,637.50,639.90,627.65,631.30,631.80,633.09,2856365,1808338233.8,40925.0,2086173.0,73.04
HDFCBANK,EQ,29-Jan-2014,644.45,647.50,650.90,640.55,647.05,645.45,645.59,2742731,1770692667.0,24511.0,2179158.0,79.45
HDFCBANK,EQ,28-Jan-2014,649.20,648.00,656.00,638.60,645.00,644.45,645.82,4598856,2970020913.8,67271.0,3156790.0,68.64
HDFCBANK,EQ,27-Jan-2014,673.40,664.90,664.90,645.60,655.00,649.20,652.74,4265112,2784012568.5,49205.0,2817731.0,66.06
HDFCBANK,EQ,24-Jan-2014,679.50,670.00,674.95,663.70,673.80,673.40,672.61,2210725,1486962961.35,27035.0,1574589.0,71.23
HDFCBANK,EQ,23-Jan-2014,677.10,675.00,681.10,672.75,680.00,679.50,678.77,1370685,930375118.85,14390.0,1056193.0,77.06
HDFCBANK,EQ,22-Jan-2014,676.10,675.50,684.70,674.65,676.00,677.10,680.02,1758334,1195698976.4,24178.0,881049.0,50.11
HDFCBANK,EQ,21-Jan-2014,670.05,672.95,678.80,670.00,678.50,676.10,675.41,1562981,1055646604.3,26865.0,983714.0,62.94
HDFCBANK,EQ,20-Jan-2014,665.00,668.10,676.70,666.40,669.85,670.05,671.35,1400092,939948369.55,23252.0,737039.0,52.64
HDFCBANK,EQ,17-Jan-2014,673.05,675.00,675.00,659.05,672.15,665.00,665.93,10843714,7221108192.25,87824.0,6401717.0,59.04
HDFCBANK,EQ,16-Jan-2014,680.55,684.40,685.00,670.35,671.90,673.05,678.03,1125294,762984550.9,18790.0,500580.0,44.48
HDFCBANK,EQ,15-Jan-2014,672.30,673.00,682.70,669.60,680.00,680.55,678.04,1156960,784459527.3,21551.0,535734.0,46.31
HDFCBANK,EQ,14-Jan-2014,672.85,669.05,676.00,668.30,672.20,672.30,673.28,894280,602096900.7,20488.0,475004.0,53.12
HDFCBANK,EQ,13-Jan-2014,662.05,660.10,676.95,656.90,674.00,672.85,670.07,1188145,796140628.65,21556.0,582579.0,49.03
HDFCBANK,EQ,10-Jan-2014,662.95,662.95,674.70,656.30,663.00,662.05,666.80,1537627,1025289975.15,30620.0,803001.0,52.22
HDFCBANK,EQ,09-Jan-2014,664.70,663.20,666.05,657.10,664.50,662.95,662.46,944368,625604137.1,17569.0,520654.0,55.13
HDFCBANK,EQ,08-Jan-2014,664.40,665.20,666.95,660.00,665.20,664.70,664.60,1162370,772513387.95,15690.0,693210.0,59.64
HDFCBANK,EQ,07-Jan-2014,661.70,667.10,670.95,653.30,664.55,664.40,662.03,1974230,1306995222.15,30008.0,1137028.0,57.59
HDFCBANK,EQ,06-Jan-2014,663.10,663.00,663.00,657.00,662.25,661.70,660.56,1490855,984794768.35,14257.0,934131.0,62.66
HDFCBANK,EQ,03-Jan-2014,657.00,652.00,666.00,650.00,665.00,663.10,661.19,1628296,1076614003.2,24880.0,922515.0,56.66
HDFCBANK,EQ,02-Jan-2014,665.15,665.00,674.75,653.55,658.00,657.00,665.37,1807248,1202486854.45,23269.0,921852.0,51.01
HDFCBANK,EQ,01-Jan-2014,665.85,668.00,669.80,663.00,667.00,665.15,666.09,1123109,748089860.65,17714.0,692756.0,61.68
HDFCBANK,EQ,31-Dec-2013,669.50,672.10,672.30,660.10,667.50,665.85,664.42,1315328,873927459.35,21691.0,741457.0,56.37
HDFCBANK,EQ,30-Dec-2015,"1,077.95","1,080.00","1,081.95","1,072.55","1,074.25","1,074.30","1,076.02",528140,568286679.05,11053.0,338090.0,64.02
HDFCBANK,EQ,29-Dec-2015,"1,077.25","1,078.95","1,079.85","1,071.30","1,079.70","1,077.95","1,077.24",1057903,1139619522.3,10165.0,707546.0,66.88
HDFCBANK,EQ,28-Dec-2015,"1,074.00","1,074.00","1,079.90","1,067.75","1,078.00","1,077.25","1,075.95",1938857,2086107546.1,32315.0,1346962.0,69.47
HDFCBANK,EQ,24-Dec-2015,"1,074.10","1,076.20","1,076.40","1,068.30","1,076.00","1,074.00","1,072.33",536588,575400304.65,15531.0,261297.0,48.70
HDFCBANK,EQ,23-Dec-2015,"1,066.45","1,072.60","1,077.95","1,069.15","1,075.30","1,074.10","1,073.28",753492,808708930.65,11582.0,440471.0,58.46
HDFCBANK,EQ,22-Dec-2015,"1,075.40","1,074.50","1,076.50","1,064.00","1,069.90","1,066.45","1,069.98",607384,649888320.1,17851.0,343472.0,56.55
HDFCBANK,EQ,21-Dec-2015,"1,073.00","1,071.75","1,079.90","1,069.05","1,073.65","1,075.40","1,073.60",774375,831371689.5,22232.0,469223.0,60.59
HDFCBANK,EQ,18-Dec-2015,"1,080.25","1,085.00","1,085.00","1,068.50","1,073.00","1,073.00","1,072.78",793032,850746738.7,17462.0,379242.0,47.82
HDFCBANK,EQ,17-Dec-2015,"1,067.30","1,073.90","1,084.00","1,065.00","1,075.00","1,080.25","1,073.91",1219503,1309630538.75,25069.0,697584.0,57.20
HDFCBANK,EQ,16-Dec-2015,"1,059.45","1,063.00","1,073.35","1,059.35","1,065.10","1,067.30","1,066.42",1710692,1824311270.15,26076.0,1206316.0,70.52
HDFCBANK,EQ,15-Dec-2015,"1,055.05","1,053.00","1,062.45","1,045.30","1,055.20","1,059.45","1,054.01",1139354,1200889584.05,19505.0,700498.0,61.48
HDFCBANK,EQ,14-Dec-2015,"1,046.35","1,041.00","1,059.85","1,040.10","1,056.35","1,055.05","1,052.42",1469504,1546538164.35,24638.0,831877.0,56.61
HDFCBANK,EQ,11-Dec-2015,"1,060.60","1,060.00","1,060.60","1,042.00","1,047.65","1,046.35","1,050.17",758480,796529708.5,15358.0,361765.0,47.70
HDFCBANK,EQ,10-Dec-2015,"1,047.45","1,045.00","1,063.20","1,042.30","1,059.20","1,060.60","1,057.01",1628585,1721438359.8,38440.0,1009523.0,61.99
HDFCBANK,EQ,09-Dec-2015,"1,049.25","1,047.10","1,057.00","1,044.85","1,048.00","1,047.45","1,051.28",972654,1022529724.25,18782.0,480677.0,49.42
HDFCBANK,EQ,08-Dec-2015,"1,061.95","1,061.00","1,061.90","1,047.00","1,051.05","1,049.25","1,051.65",1225665,1288975658.15,26629.0,864890.0,70.56
HDFCBANK,EQ,07-Dec-2015,"1,058.90","1,068.20","1,071.10","1,061.10","1,062.50","1,061.95","1,064.66",1453702,1547702644.6,29875.0,1162605.0,79.98
HDFCBANK,EQ,04-Dec-2015,"1,076.75","1,073.60","1,073.60","1,056.00","1,061.50","1,058.90","1,062.15",1464957,1555998522.95,25620.0,885966.0,60.48
HDFCBANK,EQ,03-Dec-2015,"1,077.80","1,072.50","1,081.00","1,067.30","1,075.75","1,076.75","1,075.59",951928,1023888589.05,15087.0,599054.0,62.93
HDFCBANK,EQ,02-Dec-2015,"1,083.00","1,090.00","1,092.70","1,071.85","1,075.10","1,077.80","1,080.15",640571,691914786.0,9260.0,258077.0,40.29
HDFCBANK,EQ,01-Dec-2015,"1,077.75","1,077.05","1,084.90","1,073.50","1,081.05","1,083.00","1,080.57",473833,512008036.2,11374.0,194537.0,41.06
HDFCBANK,EQ,30-Nov-2015,"1,079.40","1,079.20","1,081.00","1,069.70","1,079.10","1,077.75","1,076.08",1311944,1411757970.15,20272.0,800740.0,61.03
HDFCBANK,EQ,27-Nov-2015,"1,063.95","1,064.85","1,082.20","1,060.95","1,078.35","1,079.40","1,077.19",1731268,1864907097.25,30569.0,1052326.0,60.78
HDFCBANK,EQ,26-Nov-2015,"1,064.35","1,059.00","1,067.00","1,051.10","1,065.10","1,063.95","1,063.77",2197871,2338035757.4,20476.0,1605558.0,73.05
HDFCBANK,EQ,24-Nov-2015,"1,066.05","1,065.25","1,073.50","1,062.10","1,069.00","1,064.35","1,067.82",1000563,1068420007.4,11744.0,653357.0,65.30
HDFCBANK,EQ,23-Nov-2015,"1,070.85","1,074.00","1,075.50","1,059.05","1,066.50","1,066.05","1,066.69",852070,908896026.65,24578.0,388742.0,45.62
HDFCBANK,EQ,20-Nov-2015,"1,068.90","1,064.90","1,080.25","1,060.00","1,068.40","1,070.85","1,073.74",1162040,1247723459.3,23648.0,671734.0,57.81
HDFCBANK,EQ,19-Nov-2015,"1,048.60","1,055.00","1,070.95","1,049.60","1,070.00","1,068.90","1,062.88",819420,870941607.0,22226.0,360615.0,44.01
HDFCBANK,EQ,18-Nov-2015,"1,060.80","1,061.70","1,065.85","1,046.30","1,048.45","1,048.60","1,055.51",611680,645635697.35,10743.0,303707.0,49.65
HDFCBANK,EQ,17-Nov-2015,"1,060.95","1,063.30","1,063.80","1,051.20","1,058.75","1,060.80","1,059.19",641851,679843553.3,13325.0,283478.0,44.17
HDFCBANK,EQ,16-Nov-2015,"1,052.05","1,048.75","1,065.00","1,045.25","1,058.00","1,060.95","1,058.94",1183683,1253444510.5,18537.0,653695.0,55.23
HDFCBANK,EQ,13-Nov-2015,"1,054.40","1,049.40","1,055.00","1,041.00","1,051.10","1,052.05","1,051.29",985007,1035527667.5,24050.0,586886.0,59.58
HDFCBANK,EQ,11-Nov-2015,"1,054.60","1,055.00","1,060.00","1,052.45","1,054.90","1,054.40","1,055.11",243873,257312301.95,5880.0,145800.0,59.79
HDFCBANK,EQ,10-Nov-2015,"1,064.80","1,060.05","1,065.00","1,052.45","1,054.50","1,054.60","1,057.20",1100645,1163604499.75,26121.0,650705.0,59.12
HDFCBANK,EQ,09-Nov-2015,"1,080.90","1,058.00","1,069.65","1,051.00","1,062.10","1,064.80","1,060.69",2857358,3030766186.25,42645.0,1599553.0,55.98
HDFCBANK,EQ,06-Nov-2015,"1,079.85","1,080.70","1,089.00","1,075.25","1,079.65","1,080.90","1,083.70",1470251,1593305011.05,19312.0,969715.0,65.96
HDFCBANK,EQ,05-Nov-2015,"1,081.70","1,078.50","1,083.00","1,069.50","1,082.00","1,079.85","1,076.86",899238,968351545.3,10582.0,463445.0,51.54
HDFCBANK,EQ,04-Nov-2015,"1,084.90","1,090.05","1,098.10","1,078.25","1,078.50","1,081.70","1,090.63",674111,735207908.6,8820.0,290678.0,43.12
HDFCBANK,EQ,03-Nov-2015,"1,083.10","1,090.95","1,092.00","1,079.20","1,080.05","1,084.90","1,086.54",637148,692285836.0,11183.0,327672.0,51.43
HDFCBANK,EQ,02-Nov-2015,"1,099.60","1,095.05","1,095.90","1,076.50","1,086.90","1,083.10","1,082.25",789138,854047656.15,23434.0,435204.0,55.15
HDFCBANK,EQ,30-Oct-2015,"1,103.55","1,102.00","1,112.00","1,090.45","1,097.90","1,099.60","1,100.70",2024365,2228214359.0,28664.0,1480936.0,73.16
HDFCBANK,EQ,29-Oct-2015,"1,111.50","1,110.00","1,114.50","1,100.00","1,100.95","1,103.55","1,106.20",1675592,1853531611.7,19846.0,794142.0,47.39
HDFCBANK,EQ,28-Oct-2015,"1,110.90","1,105.05","1,124.00","1,105.05","1,111.90","1,111.50","1,115.53",1923690,2145938286.1,40443.0,1182058.0,61.45
HDFCBANK,EQ,27-Oct-2015,"1,101.50","1,095.55","1,114.00","1,095.55","1,110.00","1,110.90","1,108.23",2246008,2489097002.15,31687.0,1579226.0,70.31
HDFCBANK,EQ,26-Oct-2015,"1,108.50","1,113.95","1,114.20","1,097.00","1,101.00","1,101.50","1,101.88",1221996,1346494050.65,22186.0,705107.0,57.70
HDFCBANK,EQ,23-Oct-2015,"1,095.00","1,099.45","1,113.70","1,096.00","1,107.35","1,108.50","1,107.73",1116762,1237074970.05,25232.0,635381.0,56.89
HDFCBANK,EQ,21-Oct-2015,"1,094.90","1,098.90","1,104.00","1,085.00","1,094.90","1,095.00","1,095.61",1818301,1992141477.95,30693.0,842482.0,46.33
HDFCBANK,EQ,20-Oct-2015,"1,097.80","1,098.00","1,102.90","1,091.20","1,095.00","1,094.90","1,096.82",962839,1056060813.4,18651.0,578810.0,60.11
HDFCBANK,EQ,19-Oct-2015,"1,100.05","1,100.00","1,102.10","1,094.30","1,097.35","1,097.80","1,098.11",663555,728657059.95,10106.0,360709.0,54.36
HDFCBANK,EQ,16-Oct-2015,"1,084.15","1,090.00","1,101.50","1,085.00","1,099.05","1,100.05","1,094.45",1210922,1325290481.7,22522.0,687545.0,56.78
HDFCBANK,EQ,15-Oct-2015,"1,084.75","1,085.70","1,096.50","1,081.00","1,085.10","1,084.15","1,088.52",981488,1068365586.35,18535.0,569992.0,58.07
HDFCBANK,EQ,14-Oct-2015,"1,076.35","1,068.80","1,086.50","1,067.05","1,083.45","1,084.75","1,081.10",687287,743023601.25,16791.0,426032.0,61.99
HDFCBANK,EQ,13-Oct-2015,"1,080.55","1,075.55","1,082.15","1,073.20","1,074.70","1,076.35","1,077.02",455913,491028892.85,11228.0,241977.0,53.08
HDFCBANK,EQ,12-Oct-2015,"1,086.15","1,087.70","1,095.50","1,077.80","1,079.00","1,080.55","1,086.87",554335,602489072.8,10948.0,260854.0,47.06
HDFCBANK,EQ,09-Oct-2015,"1,083.10","1,095.00","1,095.00","1,080.20","1,082.70","1,086.15","1,087.33",860807,935984453.3,14937.0,456071.0,52.98
HDFCBANK,EQ,08-Oct-2015,"1,087.75","1,088.10","1,090.70","1,075.40","1,081.15","1,083.10","1,080.30",970477,1048408162.85,25910.0,549208.0,56.59
HDFCBANK,EQ,07-Oct-2015,"1,085.95","1,088.00","1,098.35","1,083.35","1,085.55","1,087.75","1,088.96",1096567,1194115823.9,18637.0,607497.0,55.40
HDFCBANK,EQ,06-Oct-2015,"1,098.35","1,107.00","1,107.90","1,083.00","1,087.10","1,085.95","1,087.09",1189741,1293354050.35,21788.0,615817.0,51.76
HDFCBANK,EQ,05-Oct-2015,"1,067.65","1,077.20","1,104.80","1,077.20","1,097.00","1,098.35","1,093.73",2013343,2202043609.05,45680.0,1223023.0,60.75
HDFCBANK,EQ,01-Oct-2015,"1,068.80","1,075.20","1,076.90","1,059.35","1,067.00","1,067.65","1,066.73",1258697,1342695408.1,25949.0,646127.0,51.33
HDFCBANK,EQ,30-Sep-2015,"1,064.80","1,068.00","1,073.00","1,061.35","1,069.80","1,068.80","1,067.76",2256949,2409878258.4,46428.0,1474143.0,65.32
HDFCBANK,EQ,29-Sep-2015,"1,046.40","1,032.00","1,073.90","1,025.10","1,059.95","1,064.80","1,056.53",2604710,2751955306.3,45082.0,1310847.0,50.33
HDFCBANK,EQ,28-Sep-2015,"1,051.40","1,055.00","1,060.00","1,043.10","1,048.00","1,046.40","1,052.03",1444277,1519418300.85,24409.0,888461.0,61.52
HDFCBANK,EQ,24-Sep-2015,"1,049.20","1,047.00","1,054.00","1,036.00","1,049.10","1,051.40","1,044.09",2063209,2154171488.95,31557.0,1076404.0,52.17
HDFCBANK,EQ,23-Sep-2015,"1,030.65","1,019.20","1,053.45","1,018.65","1,051.05","1,049.20","1,039.05",1290288,1340680170.85,23028.0,683528.0,52.97
HDFCBANK,EQ,22-Sep-2015,"1,052.95","1,050.05","1,060.00","1,025.30","1,028.95","1,030.65","1,046.35",1506303,1576119173.5,25315.0,745425.0,49.49
HDFCBANK,EQ,21-Sep-2015,"1,049.75","1,037.95","1,055.00","1,036.35","1,055.00","1,052.95","1,047.89",1069172,1120369502.1,24469.0,573747.0,53.66
HDFCBANK,EQ,18-Sep-2015,"1,023.35","1,035.00","1,062.00","1,031.15","1,055.25","1,049.75","1,053.08",1960292,2064340150.9,45569.0,1027087.0,52.39
HDFCBANK,EQ,16-Sep-2015,"1,013.15","1,018.90","1,028.10","1,011.55","1,022.00","1,023.35","1,021.98",1063513,1086884344.55,28079.0,589600.0,55.44
HDFCBANK,EQ,15-Sep-2015,"1,019.70","1,017.95","1,019.65","1,008.10","1,010.30","1,013.15","1,013.20",1083182,1097479873.45,25014.0,638347.0,58.93
HDFCBANK,EQ,14-Sep-2015,"1,010.50","1,008.85","1,022.30","1,003.50","1,019.00","1,019.70","1,014.41",1265086,1283312291.9,29391.0,607180.0,48.00
HDFCBANK,EQ,11-Sep-2015,"1,011.00","1,014.50","1,020.00","1,006.80","1,014.80","1,010.50","1,011.13",1075440,1087413023.6,40371.0,614146.0,57.11
HDFCBANK,EQ,10-Sep-2015,"1,016.30","1,003.00","1,016.95",996.30,"1,013.10","1,011.00","1,004.23",1115935,1120658966.15,29564.0,483219.0,43.30
HDFCBANK,EQ,09-Sep-2015,"1,004.05","1,014.50","1,025.00","1,005.00","1,013.50","1,016.30","1,016.22",1638280,1664854193.3,34339.0,771045.0,47.06
HDFCBANK,EQ,08-Sep-2015,984.45,986.70,"1,010.00",977.00,"1,003.40","1,004.05",993.57,1861122,1849152897.25,65312.0,884578.0,47.53
HDFCBANK,EQ,07-Sep-2015,996.05,"1,001.00","1,009.80",980.00,985.00,984.45,993.01,1345435,1336026066.45,31510.0,667113.0,49.58
HDFCBANK,EQ,04-Sep-2015,"1,010.30","1,002.20","1,006.00",980.00,999.35,996.05,991.95,2851148,2828196682.65,78331.0,1953654.0,68.52
HDFCBANK,EQ,03-Sep-2015,995.15,"1,002.30","1,015.00",999.00,"1,010.95","1,010.30","1,008.12",1626842,1640053588.95,38072.0,876936.0,53.90
HDFCBANK,EQ,02-Sep-2015,"1,000.10","1,005.10","1,013.95",985.00,995.15,995.15,994.26,2170422,2157960499.45,51829.0,1219773.0,56.20
HDFCBANK,EQ,01-Sep-2015,"1,027.45","1,021.30","1,021.30",993.00,996.25,"1,000.10","1,002.86",2617286,2624770870.4,52420.0,1548853.0,59.18
HDFCBANK,EQ,31-Aug-2015,"1,027.95","1,021.10","1,032.90","1,015.55","1,025.05","1,027.45","1,025.26",860365,882100691.9,34597.0,399917.0,46.48
HDFCBANK,EQ,28-Aug-2015,"1,022.10","1,031.05","1,042.75","1,019.40","1,027.55","1,027.95","1,031.42",1388284,1431909266.95,28266.0,670299.0,48.28
HDFCBANK,EQ,27-Aug-2015,"1,013.50","1,025.00","1,034.45","1,009.10","1,025.10","1,022.10","1,020.26",3468358,3538642615.85,65506.0,2573663.0,74.20
HDFCBANK,EQ,26-Aug-2015,"1,018.45","1,017.40","1,029.00","1,009.00","1,012.50","1,013.50","1,018.51",1393250,1419038408.5,31798.0,713557.0,51.22
HDFCBANK,EQ,25-Aug-2015,"1,019.05","1,024.70","1,032.30","1,005.70","1,020.00","1,018.45","1,018.01",3086980,3142588570.0,62273.0,1684606.0,54.57
HDFCBANK,EQ,24-Aug-2015,"1,061.30","1,044.70","1,044.70","1,011.25","1,017.00","1,019.05","1,025.45",3671582,3765005973.85,57250.0,2199976.0,59.92
HDFCBANK,EQ,21-Aug-2015,"1,074.70","1,064.00","1,072.95","1,051.00","1,059.55","1,061.30","1,060.07",1939743,2056261560.3,38203.0,1205671.0,62.16
HDFCBANK,EQ,20-Aug-2015,"1,081.85","1,068.00","1,084.75","1,068.00","1,074.75","1,074.70","1,076.95",761213,819789388.35,16667.0,400099.0,52.56
HDFCBANK,EQ,19-Aug-2015,"1,086.35","1,084.85","1,087.00","1,075.00","1,081.00","1,081.85","1,081.72",751144,812525713.65,14893.0,455504.0,60.64
HDFCBANK,EQ,18-Aug-2015,"1,091.50","1,091.60","1,096.10","1,078.45","1,084.80","1,086.35","1,084.81",464329,503708003.6,17966.0,190949.0,41.12
HDFCBANK,EQ,17-Aug-2015,"1,101.80","1,099.05","1,101.80","1,075.80","1,091.20","1,091.50","1,091.89",625053,682487965.45,11448.0,305551.0,48.88
HDFCBANK,EQ,14-Aug-2015,"1,077.55","1,083.10","1,103.65","1,079.90","1,100.50","1,101.80","1,096.47",900415,987280351.65,16340.0,504233.0,56.00
HDFCBANK,EQ,13-Aug-2015,"1,070.45","1,077.00","1,082.70","1,066.60","1,081.90","1,077.55","1,077.39",866263,933302349.25,15667.0,394998.0,45.60
HDFCBANK,EQ,12-Aug-2015,"1,094.70","1,088.40","1,094.90","1,067.70","1,071.90","1,070.45","1,077.46",1501435,1617735202.2,17203.0,1092058.0,72.73
HDFCBANK,EQ,11-Aug-2015,"1,094.65","1,095.05","1,098.85","1,084.25","1,095.00","1,094.70","1,091.48",681922,744304576.0,19049.0,390476.0,57.26
HDFCBANK,EQ,10-Aug-2015,"1,092.65","1,095.00","1,105.95","1,088.00","1,090.40","1,094.65","1,099.76",988594,1087220683.3,15580.0,615175.0,62.23
HDFCBANK,EQ,07-Aug-2015,"1,095.95","1,093.95","1,097.50","1,088.60","1,095.00","1,092.65","1,091.82",806785,880867848.5,10982.0,509784.0,63.19
HDFCBANK,EQ,06-Aug-2015,"1,092.20","1,091.90","1,101.35","1,085.45","1,095.25","1,095.95","1,095.03",935928,1024871466.15,16904.0,527363.0,56.35
HDFCBANK,EQ,05-Aug-2015,"1,086.45","1,092.15","1,097.70","1,085.20","1,094.50","1,092.20","1,091.90",1030695,1125416648.3,24934.0,564852.0,54.80
HDFCBANK,EQ,04-Aug-2015,"1,095.40","1,098.10","1,102.00","1,081.95","1,086.20","1,086.45","1,090.91",1347732,1470250703.95,19093.0,725879.0,53.86
HDFCBANK,EQ,03-Aug-2015,"1,111.65","1,112.75","1,117.50","1,093.45","1,095.40","1,095.40","1,102.56",1086432,1197856680.1,30959.0,624296.0,57.46
HDFCBANK,EQ,31-Jul-2015,"1,110.55","1,115.60","1,121.00","1,103.00","1,111.20","1,111.65","1,110.29",1412375,1568142768.7,22203.0,890924.0,63.08
HDFCBANK,EQ,30-Jul-2015,"1,108.35","1,107.00","1,117.00","1,101.10","1,108.80","1,110.55","1,111.49",2365547,2629277063.7,29143.0,1827729.0,77.26
HDFCBANK,EQ,29-Jul-2015,"1,108.50","1,105.10","1,117.90","1,105.05","1,107.45","1,108.35","1,110.58",985758,1094765084.25,14962.0,613425.0,62.23
HDFCBANK,EQ,28-Jul-2015,"1,095.85","1,094.00","1,113.90","1,092.45","1,108.65","1,108.50","1,106.91",1586418,1756016188.9,31000.0,969545.0,61.12
HDFCBANK,EQ,27-Jul-2015,"1,107.85","1,103.90","1,104.50","1,070.00","1,094.60","1,095.85","1,098.27",832143,913916427.25,21456.0,433208.0,52.06
HDFCBANK,EQ,24-Jul-2015,"1,107.90","1,103.15","1,115.00","1,100.50","1,106.60","1,107.85","1,110.18",1190252,1321399915.1,21171.0,762899.0,64.10
HDFCBANK,EQ,23-Jul-2015,"1,114.40","1,112.90","1,116.70","1,100.10","1,107.90","1,107.90","1,109.14",1270793,1409493448.25,29967.0,690233.0,54.32
HDFCBANK,EQ,22-Jul-2015,"1,098.05","1,096.40","1,117.05","1,088.65","1,113.50","1,114.40","1,109.12",1821600,2020380531.25,29751.0,1165326.0,63.97
HDFCBANK,EQ,21-Jul-2015,"1,115.25","1,116.55","1,128.00","1,093.10","1,094.90","1,098.05","1,111.98",2757034,3065753642.05,59016.0,959490.0,34.80
HDFCBANK,EQ,20-Jul-2015,"1,110.55","1,115.95","1,119.00","1,107.00","1,115.00","1,115.25","1,112.51",1137817,1265827326.9,15139.0,718055.0,63.11
HDFCBANK,EQ,17-Jul-2015,"1,114.70","1,119.40","1,121.75","1,105.60","1,113.55","1,110.55","1,111.09",877747,975257407.95,16897.0,475549.0,54.18
HDFCBANK,EQ,16-Jul-2015,"1,096.70","1,098.80","1,119.00","1,098.10","1,116.10","1,114.70","1,110.59",1827606,2029713889.2,32141.0,1036432.0,56.71
HDFCBANK,EQ,15-Jul-2015,"1,091.85","1,093.00","1,101.45","1,090.80","1,096.00","1,096.70","1,097.42",962351,1056103663.5,15083.0,542265.0,56.35
HDFCBANK,EQ,14-Jul-2015,"1,096.15","1,095.50","1,101.90","1,086.00","1,088.50","1,091.85","1,093.57",1418529,1551256071.15,18506.0,620224.0,43.72
HDFCBANK,EQ,13-Jul-2015,"1,090.75","1,085.00","1,105.90","1,085.00","1,095.15","1,096.15","1,096.31",1769021,1939401022.1,26016.0,1108367.0,62.65
HDFCBANK,EQ,10-Jul-2015,"1,074.05","1,069.80","1,095.00","1,068.50","1,089.00","1,090.75","1,085.73",1225022,1330048515.6,21668.0,592202.0,48.34
HDFCBANK,EQ,09-Jul-2015,"1,068.85","1,062.70","1,076.90","1,060.10","1,073.90","1,074.05","1,069.57",699491,748155739.05,24198.0,330788.0,47.29
HDFCBANK,EQ,08-Jul-2015,"1,086.85","1,079.10","1,080.60","1,066.00","1,067.30","1,068.85","1,072.71",1350169,1448337073.1,26057.0,684610.0,50.71
HDFCBANK,EQ,07-Jul-2015,"1,083.50","1,078.50","1,091.50","1,078.50","1,085.00","1,086.85","1,085.86",1035368,1124265238.85,23325.0,552584.0,53.37
HDFCBANK,EQ,06-Jul-2015,"1,074.25","1,064.05","1,085.00","1,060.25","1,083.45","1,083.50","1,073.31",816945,876831689.3,20053.0,307071.0,37.59
HDFCBANK,EQ,03-Jul-2015,"1,058.20","1,054.05","1,076.15","1,054.05","1,076.00","1,074.25","1,069.15",1009822,1079648361.75,22987.0,435705.0,43.15
HDFCBANK,EQ,02-Jul-2015,"1,072.35","1,065.00","1,067.70","1,055.65","1,058.50","1,058.20","1,060.89",1120861,1189108919.2,32478.0,619292.0,55.25
HDFCBANK,EQ,01-Jul-2015,"1,067.15","1,061.35","1,077.00","1,060.05","1,071.50","1,072.35","1,072.41",1242797,1332788696.55,53256.0,752276.0,60.53
HDFCBANK,EQ,30-Jun-2015,"1,056.65","1,052.25","1,072.00","1,048.00","1,065.90","1,067.15","1,058.31",1822534,1928807589.7,30387.0,1235445.0,67.79
HDFCBANK,EQ,29-Jun-2015,"1,062.85","1,044.90","1,061.75","1,030.50","1,055.50","1,056.65","1,043.33",1621959,1692235828.1,30373.0,837693.0,51.65
HDFCBANK,EQ,26-Jun-2015,"1,065.00","1,067.00","1,070.95","1,051.50","1,061.70","1,062.85","1,059.45",1411876,1495811521.3,32255.0,864083.0,61.20
HDFCBANK,EQ,25-Jun-2015,"1,045.80","1,048.25","1,070.85","1,042.65","1,069.00","1,065.00","1,058.33",4143392,4385059343.2,38945.0,3265758.0,78.82
HDFCBANK,EQ,24-Jun-2015,"1,052.10","1,054.00","1,057.80","1,042.70","1,044.20","1,045.80","1,048.31",1566849,1642545283.7,23747.0,1142835.0,72.94
HDFCBANK,EQ,23-Jun-2015,"1,047.15","1,052.00","1,061.20","1,042.50","1,052.50","1,052.10","1,054.74",1413795,1491187127.95,23975.0,920491.0,65.11
HDFCBANK,EQ,22-Jun-2015,"1,030.50","1,032.10","1,056.90","1,028.50","1,046.65","1,047.15","1,050.32",1362413,1430965880.6,24322.0,797607.0,58.54
HDFCBANK,EQ,19-Jun-2015,"1,019.60","1,024.80","1,034.95","1,013.15","1,032.15","1,030.50","1,021.94",935581,956109701.5,16268.0,407189.0,43.52
HDFCBANK,EQ,18-Jun-2015,"1,004.70","1,005.90","1,023.80","1,002.25","1,018.80","1,019.60","1,018.48",2107929,2146891656.0,41886.0,1342813.0,63.70
HDFCBANK,EQ,17-Jun-2015,"1,008.40","1,009.00","1,013.50",999.50,"1,004.50","1,004.70","1,005.70",2421567,2435381757.95,49260.0,1775904.0,73.34
HDFCBANK,EQ,16-Jun-2015,"1,005.20","1,000.00","1,010.45",997.05,"1,008.05","1,008.40","1,002.16",1502631,1505876564.9,22539.0,1079516.0,71.84
HDFCBANK,EQ,15-Jun-2015,"1,009.15","1,002.00","1,013.75","1,000.00","1,000.00","1,005.20","1,006.13",1499957,1509152615.7,20096.0,1073233.0,71.55
HDFCBANK,EQ,12-Jun-2015,"1,000.20","1,001.00","1,010.85",990.15,"1,006.95","1,009.15","1,000.81",1632086,1633412350.55,34023.0,1084012.0,66.42
HDFCBANK,EQ,11-Jun-2015,"1,015.60","1,017.60","1,018.55",994.70,995.80,"1,000.20","1,006.70",2273544,2288771487.3,38958.0,1647007.0,72.44
HDFCBANK,EQ,10-Jun-2015,"1,001.85",998.00,"1,019.00",997.00,"1,014.00","1,015.60","1,012.42",1996562,2021367277.35,41128.0,1410640.0,70.65
HDFCBANK,EQ,09-Jun-2015,"1,003.45","1,005.00","1,006.00",997.10,"1,000.00","1,001.85","1,002.27",1510065,1513500368.0,28365.0,918973.0,60.86
HDFCBANK,EQ,08-Jun-2015,"1,011.75","1,004.25","1,012.25",995.55,"1,002.50","1,003.45","1,003.15",952999,955996547.3,18043.0,519674.0,54.53
HDFCBANK,EQ,05-Jun-2015,"1,014.95","1,010.25","1,018.50","1,002.50","1,009.50","1,011.75","1,011.46",1688465,1707821430.75,40411.0,1190906.0,70.53
HDFCBANK,EQ,04-Jun-2015,"1,005.55","1,008.85","1,017.85",995.00,"1,016.60","1,014.95","1,007.27",1389397,1399493094.0,40215.0,810357.0,58.32
HDFCBANK,EQ,03-Jun-2015,"1,008.80","1,009.00","1,017.00",998.00,"1,010.05","1,005.55","1,008.77",1456208,1468983652.4,25035.0,792917.0,54.45
HDFCBANK,EQ,02-Jun-2015,"1,036.20","1,038.40","1,040.30","1,004.90","1,007.05","1,008.80","1,021.61",1181502,1207036346.85,26049.0,545278.0,46.15
HDFCBANK,EQ,01-Jun-2015,"1,050.55","1,048.95","1,056.00","1,031.00","1,035.20","1,036.20","1,045.89",960330,1004395899.35,19082.0,644102.0,67.07
HDFCBANK,EQ,29-May-2015,"1,029.40","1,029.95","1,054.00","1,027.15","1,049.25","1,050.55","1,043.34",1264670,1319477906.45,26552.0,757062.0,59.86
HDFCBANK,EQ,28-May-2015,"1,038.15","1,039.05","1,043.70","1,022.20","1,028.75","1,029.40","1,029.66",2390290,2461197768.25,24791.0,1572767.0,65.80
HDFCBANK,EQ,27-May-2015,"1,027.40","1,023.80","1,040.00","1,021.40","1,037.05","1,038.15","1,032.62",804648,830896916.3,21938.0,428587.0,53.26
HDFCBANK,EQ,26-May-2015,"1,023.55","1,024.45","1,030.20","1,018.05","1,028.50","1,027.40","1,023.85",1226586,1255843227.45,22622.0,703822.0,57.38
HDFCBANK,EQ,25-May-2015,"1,024.30","1,028.40","1,031.00","1,017.60","1,024.60","1,023.55","1,025.23",1092265,1119821397.75,23709.0,441790.0,40.45
HDFCBANK,EQ,22-May-2015,"1,024.70","1,024.70","1,029.00","1,018.35","1,024.00","1,024.30","1,024.45",1172384,1201048868.65,32923.0,667681.0,56.95
HDFCBANK,EQ,21-May-2015,"1,024.05","1,024.00","1,030.00","1,015.10","1,022.70","1,024.70","1,022.89",983595,1006105011.55,25197.0,530378.0,53.92
HDFCBANK,EQ,20-May-2015,"1,007.55","1,009.65","1,026.80","1,009.55","1,021.00","1,024.05","1,021.44",1002210,1023701021.9,24518.0,529458.0,52.83
HDFCBANK,EQ,19-May-2015,"1,009.85","1,006.35","1,018.00",998.10,"1,007.25","1,007.55","1,008.32",1196587,1206540822.25,20371.0,577651.0,48.27
HDFCBANK,EQ,18-May-2015,990.10,996.00,"1,012.00",992.00,"1,007.15","1,009.85","1,002.19",1428326,1431449441.6,24176.0,790102.0,55.32
HDFCBANK,EQ,15-May-2015,991.05,994.90,997.55,984.20,990.90,990.10,990.14,2038406,2018298576.25,31009.0,1200040.0,58.87
HDFCBANK,EQ,14-May-2015,990.25,989.00,994.85,974.00,992.50,991.05,983.96,1113797,1095935308.55,21901.0,442271.0,39.71
HDFCBANK,EQ,13-May-2015,971.95,975.85,993.40,971.60,991.25,990.25,982.95,1947962,1914747873.85,45451.0,1026617.0,52.70
HDFCBANK,EQ,12-May-2015,990.30,990.00,990.00,967.00,972.00,971.95,972.37,2776892,2700165121.65,47942.0,1852706.0,66.72
HDFCBANK,EQ,11-May-2015,982.00,986.05,992.75,974.05,990.10,990.30,984.91,1682836,1657447924.3,26463.0,954745.0,56.73
HDFCBANK,EQ,08-May-2015,951.30,961.50,987.80,955.40,978.35,982.00,971.00,2892983,2809077622.15,45636.0,1944418.0,67.21
HDFCBANK,EQ,07-May-2015,970.60,968.00,970.00,944.20,950.00,951.30,958.44,2934166,2812229110.85,66982.0,1757456.0,59.90
HDFCBANK,EQ,06-May-2015,987.65,987.50,987.50,965.50,967.55,970.60,974.11,2751924,2680673413.45,46997.0,1756656.0,63.83
HDFCBANK,EQ,05-May-2015,"1,000.95",999.05,"1,003.90",985.85,986.90,987.65,992.19,1284501,1274471686.2,30698.0,532040.0,41.42
HDFCBANK,EQ,04-May-2015,988.80,994.05,"1,009.50",992.00,"1,001.10","1,000.95","1,002.47",785362,787305501.0,18912.0,349245.0,44.47
HDFCBANK,EQ,30-Apr-2015,993.15,991.00,995.00,979.05,992.00,988.80,986.66,3785921,3735422631.25,40830.0,2682520.0,70.86
HDFCBANK,EQ,29-Apr-2015,"1,004.55","1,004.00","1,009.50",988.00,992.90,993.15,996.24,1965891,1958503992.75,39412.0,827181.0,42.08
HDFCBANK,EQ,28-Apr-2015,"1,005.45",999.55,"1,011.45",990.10,"1,001.50","1,004.55",999.14,1985527,1983815688.15,36555.0,1102900.0,55.55
HDFCBANK,EQ,27-Apr-2015,"1,006.45","1,006.95","1,012.50",996.00,"1,002.00","1,005.45","1,003.24",1842676,1848648546.25,32124.0,1150418.0,62.43
HDFCBANK,EQ,24-Apr-2015,"1,013.50","1,018.90","1,019.00","1,000.35","1,009.05","1,006.45","1,009.89",1801311,1819127000.55,34252.0,830249.0,46.09
HDFCBANK,EQ,23-Apr-2015,"1,013.10","1,020.05","1,024.20","1,006.10","1,011.85","1,013.50","1,015.83",2406957,2445068183.75,60245.0,784494.0,32.59
HDFCBANK,EQ,22-Apr-2015,"1,003.00","1,006.50","1,021.00",993.50,"1,014.85","1,013.10","1,007.45",1691484,1704089608.45,47703.0,921349.0,54.47
HDFCBANK,EQ,21-Apr-2015,"1,005.10","1,005.00","1,014.40",995.60,"1,003.00","1,003.00","1,005.86",1627686,1637219018.95,38266.0,960054.0,58.98
HDFCBANK,EQ,20-Apr-2015,"1,018.25","1,020.00","1,025.00","1,002.60","1,008.65","1,005.10","1,013.49",1297220,1314719415.5,22147.0,805517.0,62.10
HDFCBANK,EQ,17-Apr-2015,"1,029.65","1,025.10","1,027.85","1,016.05","1,018.90","1,018.25","1,020.11",1012253,1032614283.2,33117.0,626038.0,61.85
HDFCBANK,EQ,16-Apr-2015,"1,031.65","1,028.00","1,033.55","1,018.00","1,026.60","1,029.65","1,026.56",1402530,1439779554.7,25694.0,843481.0,60.14
HDFCBANK,EQ,15-Apr-2015,"1,038.80","1,040.00","1,048.70","1,025.20","1,027.00","1,031.65","1,038.26",1223499,1270308561.3,24527.0,743838.0,60.80
HDFCBANK,EQ,13-Apr-2015,"1,042.65","1,040.00","1,046.30","1,034.80","1,039.00","1,038.80","1,040.46",1140809,1186969533.25,25972.0,685583.0,60.10
HDFCBANK,EQ,10-Apr-2015,"1,056.10","1,053.00","1,053.00","1,034.85","1,041.20","1,042.65","1,042.24",1529831,1594450592.35,33713.0,846999.0,55.37
HDFCBANK,EQ,09-Apr-2015,"1,035.55","1,038.25","1,059.00","1,030.00","1,054.90","1,056.10","1,047.43",1750696,1833736929.3,39447.0,978800.0,55.91
HDFCBANK,EQ,08-Apr-2015,"1,032.75","1,040.05","1,042.45","1,030.05","1,036.00","1,035.55","1,036.95",1026536,1064470461.3,18921.0,577294.0,56.24
HDFCBANK,EQ,07-Apr-2015,"1,031.95","1,033.25","1,038.20","1,023.65","1,037.25","1,032.75","1,030.58",1549268,1596637016.15,25474.0,907202.0,58.56
HDFCBANK,EQ,06-Apr-2015,"1,033.25","1,035.00","1,036.85","1,019.80","1,030.10","1,031.95","1,029.40",1787793,1840360651.3,36020.0,1189699.0,66.55
HDFCBANK,EQ,01-Apr-2015,"1,022.70","1,026.10","1,036.85","1,013.00","1,033.90","1,033.25","1,026.17",961049,986195242.5,15060.0,531880.0,55.34
HDFCBANK,EQ,31-Mar-2015,"1,036.90","1,039.90","1,039.90","1,014.85","1,022.55","1,022.70","1,027.60",1490564,1531705975.8,21635.0,863654.0,57.94
HDFCBANK,EQ,30-Mar-2015,"1,014.65","1,020.00","1,039.00","1,012.80","1,038.50","1,036.90","1,027.99",1738786,1787450464.8,58536.0,1073336.0,61.73
HDFCBANK,EQ,27-Mar-2015,"1,006.95","1,014.95","1,023.55","1,008.10","1,015.95","1,014.65","1,016.24",2710224,2754243869.7,44925.0,1588761.0,58.62
HDFCBANK,EQ,26-Mar-2015,"1,034.25","1,026.90","1,032.20","1,002.10","1,017.90","1,006.95","1,011.46",8950155,9052758361.5,86599.0,6377027.0,71.25
HDFCBANK,EQ,25-Mar-2015,"1,037.95","1,040.05","1,046.70","1,031.10","1,032.65","1,034.25","1,038.21",2652225,2753572212.8,31942.0,2189142.0,82.54
HDFCBANK,EQ,24-Mar-2015,"1,047.75","1,043.30","1,057.00","1,035.45","1,037.95","1,037.95","1,046.07",2243391,2346755157.95,34910.0,1483641.0,66.13
HDFCBANK,EQ,23-Mar-2015,"1,055.90","1,055.95","1,059.40","1,046.00","1,048.75","1,047.75","1,053.83",1361685,1434980116.6,21332.0,892082.0,65.51
HDFCBANK,EQ,20-Mar-2015,"1,052.20","1,051.00","1,059.50","1,045.95","1,056.90","1,055.90","1,053.67",1620809,1707797795.7,25256.0,1102458.0,68.02
HDFCBANK,EQ,19-Mar-2015,"1,063.55","1,071.00","1,073.80","1,048.70","1,051.20","1,052.20","1,060.44",1343393,1424586856.95,24573.0,803284.0,59.80
HDFCBANK,EQ,18-Mar-2015,"1,058.05","1,060.15","1,071.90","1,053.20","1,064.00","1,063.55","1,063.39",1287083,1368666477.45,22633.0,715353.0,55.58
HDFCBANK,EQ,17-Mar-2015,"1,051.55","1,060.00","1,065.90","1,042.85","1,056.55","1,058.05","1,055.47",1342326,1416786566.25,27749.0,673862.0,50.20
HDFCBANK,EQ,16-Mar-2015,"1,042.65","1,045.00","1,057.90","1,042.50","1,053.05","1,051.55","1,052.40",1337193,1407257712.45,20657.0,792838.0,59.29
HDFCBANK,EQ,13-Mar-2015,"1,054.60","1,060.00","1,064.00","1,034.60","1,045.55","1,042.65","1,043.51",1356695,1415722429.35,26161.0,820661.0,60.49
HDFCBANK,EQ,12-Mar-2015,"1,056.45","1,060.10","1,063.90","1,051.10","1,054.00","1,054.60","1,054.83",1882709,1985932247.0,31522.0,1450091.0,77.02
HDFCBANK,EQ,11-Mar-2015,"1,052.55","1,050.90","1,061.90","1,050.00","1,055.90","1,056.45","1,055.60",1366384,1442354769.05,29660.0,763835.0,55.90
HDFCBANK,EQ,10-Mar-2015,"1,059.00","1,062.00","1,062.25","1,045.00","1,051.95","1,052.55","1,053.90",1283709,1352894757.1,20764.0,708041.0,55.16
HDFCBANK,EQ,09-Mar-2015,"1,085.10","1,077.05","1,081.80","1,056.00","1,058.00","1,059.00","1,063.78",1438952,1530730024.25,24187.0,755252.0,52.49
HDFCBANK,EQ,05-Mar-2015,"1,065.30","1,065.00","1,090.00","1,062.50","1,086.60","1,085.10","1,076.04",2425613,2610062047.05,31617.0,1489245.0,61.40
HDFCBANK,EQ,04-Mar-2015,"1,083.35","1,105.00","1,109.30","1,060.00","1,067.20","1,065.30","1,085.88",3069406,3333019126.1,38654.0,1649709.0,53.75
HDFCBANK,EQ,03-Mar-2015,"1,082.55","1,086.45","1,092.00","1,077.05","1,081.20","1,083.35","1,085.82",1507337,1636694821.0,29564.0,950545.0,63.06
HDFCBANK,EQ,02-Mar-2015,"1,071.20","1,080.35","1,099.00","1,068.00","1,081.00","1,082.55","1,087.72",3596308,3911771721.75,41596.0,2044851.0,56.86
HDFCBANK,EQ,28-Feb-2015,"1,054.00","1,063.00","1,076.80","1,044.15","1,076.15","1,071.20","1,060.44",2895345,3070326664.4,35365.0,1472341.0,50.85
HDFCBANK,EQ,27-Feb-2015,"1,038.15","1,045.45","1,058.55","1,045.45","1,054.40","1,054.00","1,053.95",2565446,2703858233.7,31892.0,1767026.0,68.88
HDFCBANK,EQ,26-Feb-2015,"1,052.45","1,053.65","1,056.00","1,035.10","1,039.60","1,038.15","1,041.56",3106736,3235855710.55,29375.0,1727725.0,55.61
HDFCBANK,EQ,25-Feb-2015,"1,067.65","1,070.00","1,074.80","1,050.00","1,051.00","1,052.45","1,063.52",1162131,1235952177.05,20975.0,627845.0,54.03
HDFCBANK,EQ,24-Feb-2015,"1,067.50","1,070.30","1,071.00","1,057.10","1,068.00","1,067.65","1,064.97",1461572,1556524805.15,23587.0,724250.0,49.55
HDFCBANK,EQ,23-Feb-2015,"1,073.05","1,077.10","1,081.55","1,062.00","1,063.10","1,067.50","1,071.86",1395391,1495668541.85,21262.0,753729.0,54.02
HDFCBANK,EQ,20-Feb-2015,"1,079.80","1,083.00","1,089.90","1,068.50","1,070.80","1,073.05","1,079.11",1551506,1674244277.95,24813.0,695491.0,44.83
HDFCBANK,EQ,19-Feb-2015,"1,074.80","1,074.00","1,084.90","1,063.80","1,082.00","1,079.80","1,075.15",1126751,1211428813.0,20223.0,431042.0,38.26
HDFCBANK,EQ,18-Feb-2015,"1,067.55","1,067.55","1,082.95","1,057.05","1,076.00","1,074.80","1,075.22",1345423,1446630079.0,22506.0,649674.0,48.29
HDFCBANK,EQ,16-Feb-2015,"1,065.80","1,075.80","1,085.00","1,062.50","1,063.70","1,067.55","1,075.64",1847179,1986894446.8,30671.0,885253.0,47.92
HDFCBANK,EQ,13-Feb-2015,"1,076.00","1,081.20","1,082.00","1,063.60","1,065.95","1,065.80","1,069.71",1928625,2063077807.25,28449.0,1242920.0,64.45
HDFCBANK,EQ,12-Feb-2015,"1,058.40","1,065.10","1,081.90","1,052.70","1,074.40","1,076.00","1,064.91",1381435,1471101288.1,28509.0,706926.0,51.17
HDFCBANK,EQ,11-Feb-2015,"1,054.45","1,058.00","1,064.80","1,053.00","1,056.70","1,058.40","1,059.33",1040397,1102122137.55,20702.0,469319.0,45.11
HDFCBANK,EQ,10-Feb-2015,"1,040.10","1,030.00","1,062.30","1,030.00","1,055.80","1,054.45","1,051.31",2318938,2437926629.55,44380.0,1157703.0,49.92
HDFCBANK,EQ,09-Feb-2015,"1,053.50","1,047.00","1,051.75","1,034.50","1,036.80","1,040.10","1,040.20",1307974,1360555437.6,29862.0,623610.0,47.68
HDFCBANK,EQ,06-Feb-2015,"1,076.50","1,077.00","1,078.95","1,050.05","1,051.05","1,053.50","1,061.19",1725780,1831381602.2,32505.0,1002620.0,58.10
HDFCBANK,EQ,05-Feb-2015,"1,067.70","1,075.00","1,092.80","1,070.35","1,075.40","1,076.50","1,082.44",2014787,2180888487.9,36948.0,858013.0,42.59
HDFCBANK,EQ,04-Feb-2015,"1,064.10","1,063.00","1,080.80","1,057.25","1,061.70","1,067.70","1,071.08",1549378,1659504401.7,23536.0,890858.0,57.50
HDFCBANK,EQ,03-Feb-2015,"1,081.60","1,078.50","1,082.20","1,055.30","1,057.75","1,064.10","1,066.32",2550172,2719307744.3,39375.0,1202216.0,47.14
HDFCBANK,EQ,02-Feb-2015,"1,077.35","1,068.50","1,093.00","1,052.35","1,081.00","1,081.60","1,072.08",1427588,1530488677.95,30586.0,677704.0,47.47
HDFCBANK,EQ,30-Jan-2015,"1,095.00","1,094.55","1,094.55","1,064.25","1,081.05","1,077.35","1,076.43",2642604,2844571343.45,50681.0,1495064.0,56.58
HDFCBANK,EQ,29-Jan-2015,"1,058.35","1,075.00","1,100.60","1,061.00","1,093.00","1,095.00","1,085.47",5141904,5581381282.2,55963.0,3120205.0,60.68
HDFCBANK,EQ,28-Jan-2015,"1,074.05","1,070.00","1,093.20","1,055.00","1,059.00","1,058.35","1,070.38",2841235,3041205642.9,42669.0,1742620.0,61.33
HDFCBANK,EQ,27-Jan-2015,"1,042.80","1,043.00","1,077.75","1,040.90","1,068.00","1,074.05","1,059.75",2490600,2639403462.25,29603.0,1685111.0,67.66
HDFCBANK,EQ,23-Jan-2015,"1,021.25","1,030.00","1,048.00","1,024.40","1,042.00","1,042.80","1,042.17",2496978,2602279882.25,31128.0,1675377.0,67.10
HDFCBANK,EQ,22-Jan-2015,"1,019.95","1,025.00","1,032.50","1,018.55","1,022.55","1,021.25","1,023.90",1617670,1656340164.55,19283.0,1036081.0,64.05
HDFCBANK,EQ,21-Jan-2015,"1,020.95","1,027.40","1,032.95","1,018.35","1,020.00","1,019.95","1,025.11",1685153,1727466769.25,27044.0,1129383.0,67.02
HDFCBANK,EQ,20-Jan-2015,"1,004.55","1,010.00","1,027.00","1,002.00","1,017.80","1,020.95","1,015.62",2126451,2159672440.65,26615.0,1380683.0,64.93
HDFCBANK,EQ,19-Jan-2015,"1,001.35","1,013.25","1,020.00","1,002.95","1,005.00","1,004.55","1,007.93",1059873,1068282601.55,18632.0,552655.0,52.14
HDFCBANK,EQ,16-Jan-2015,993.15,"1,002.20","1,014.90",998.55,"1,000.50","1,001.35","1,005.85",1955327,1966755961.05,26905.0,1193579.0,61.04
HDFCBANK,EQ,15-Jan-2015,963.90,990.00,998.20,970.75,988.50,993.15,988.71,2849619,2817432938.35,44588.0,1699220.0,59.63
HDFCBANK,EQ,14-Jan-2015,963.35,960.05,974.65,959.70,965.00,963.90,966.41,921308,890358519.25,18093.0,330211.0,35.84
HDFCBANK,EQ,13-Jan-2015,967.05,968.95,971.95,955.70,963.05,963.35,966.42,1457087,1408165249.05,18396.0,929579.0,63.80
HDFCBANK,EQ,12-Jan-2015,975.65,969.40,974.40,964.50,966.20,967.05,968.74,1031603,999351953.05,14478.0,638072.0,61.85
HDFCBANK,EQ,09-Jan-2015,964.85,972.90,980.00,966.60,970.00,975.65,974.04,2246296,2187974339.35,34766.0,1069920.0,47.63
HDFCBANK,EQ,08-Jan-2015,945.00,954.25,968.95,948.20,964.50,964.85,963.78,2381456,2295192670.2,54369.0,1562989.0,65.63
HDFCBANK,EQ,07-Jan-2015,942.25,939.70,951.35,936.25,944.80,945.00,946.73,1436528,1360004596.9,34047.0,703837.0,49.00
HDFCBANK,EQ,06-Jan-2015,957.15,954.00,956.55,937.55,941.45,942.25,948.51,2054920,1949110146.0,30301.0,1410336.0,68.63
HDFCBANK,EQ,05-Jan-2015,965.30,970.00,970.55,955.10,958.50,957.15,959.15,1199000,1150019172.2,25544.0,716913.0,59.79
HDFCBANK,EQ,02-Jan-2015,952.05,950.40,969.30,950.40,968.00,965.30,965.25,1475096,1423838322.05,23437.0,774971.0,52.54
HDFCBANK,EQ,01-Jan-2015,951.60,951.00,954.40,945.05,952.30,952.05,949.13,886235,841151918.05,12603.0,468601.0,52.88
HDFCBANK,EQ,31-Dec-2014,956.45,956.00,957.30,949.75,950.90,951.60,951.92,1248132,1188118820.55,17706.0,814411.0,65.25
HDFCBANK,EQ,29-Dec-2016,"1,186.75","1,185.00","1,207.95","1,181.45","1,203.00","1,205.20","1,198.17",2025204,2426542149.85,29459.0,1535490.0,75.82
HDFCBANK,EQ,28-Dec-2016,"1,185.20","1,189.90","1,194.95","1,181.00","1,185.75","1,186.75","1,189.23",1626960,1934832346.1,25378.0,1119130.0,68.79
HDFCBANK,EQ,27-Dec-2016,"1,175.00","1,179.30","1,186.90","1,173.90","1,186.00","1,185.20","1,179.76",1224824,1444997293.8,24221.0,945218.0,77.17
HDFCBANK,EQ,26-Dec-2016,"1,186.25","1,178.55","1,186.10","1,170.10","1,177.30","1,175.00","1,176.14",1045966,1230203112.25,29237.0,653660.0,62.49
HDFCBANK,EQ,23-Dec-2016,"1,173.10","1,171.00","1,189.25","1,169.30","1,186.10","1,186.25","1,182.23",1188129,1404637970.0,22069.0,750916.0,63.20
HDFCBANK,EQ,22-Dec-2016,"1,180.00","1,176.40","1,179.50","1,168.40","1,171.00","1,173.10","1,172.68",701429,822549545.25,16113.0,384530.0,54.82
HDFCBANK,EQ,21-Dec-2016,"1,181.90","1,184.00","1,185.00","1,175.00","1,177.10","1,180.00","1,180.02",664719,784382918.55,16518.0,351330.0,52.85
HDFCBANK,EQ,20-Dec-2016,"1,176.75","1,176.00","1,185.00","1,171.70","1,183.00","1,181.90","1,178.85",1047498,1234846928.7,14370.0,583566.0,55.71
HDFCBANK,EQ,19-Dec-2016,"1,182.30","1,176.80","1,179.50","1,170.50","1,175.15","1,176.75","1,176.34",790109,929440586.25,28802.0,372474.0,47.14
HDFCBANK,EQ,16-Dec-2016,"1,176.60","1,176.60","1,185.00","1,171.55","1,185.00","1,182.30","1,178.42",813957,959185075.25,19790.0,383001.0,47.05
HDFCBANK,EQ,15-Dec-2016,"1,175.70","1,164.20","1,194.50","1,163.60","1,177.35","1,176.60","1,179.94",1235372,1457665899.5,36142.0,509424.0,41.24
HDFCBANK,EQ,14-Dec-2016,"1,186.25","1,187.00","1,188.00","1,173.40","1,177.40","1,175.70","1,178.72",1078536,1271292719.8,34818.0,604485.0,56.05
HDFCBANK,EQ,13-Dec-2016,"1,184.45","1,180.25","1,190.35","1,178.55","1,185.10","1,186.25","1,185.61",631717,748969936.1,7823.0,362174.0,57.33
HDFCBANK,EQ,12-Dec-2016,"1,198.30","1,192.00","1,192.15","1,181.10","1,186.00","1,184.45","1,185.31",856318,1015005107.15,13932.0,565097.0,65.99
HDFCBANK,EQ,09-Dec-2016,"1,199.50","1,199.10","1,202.30","1,188.00","1,199.00","1,198.30","1,197.13",1096988,1313237103.15,38565.0,653928.0,59.61
HDFCBANK,EQ,08-Dec-2016,"1,181.60","1,187.00","1,205.55","1,187.00","1,196.00","1,199.50","1,196.73",1077424,1289382082.95,21872.0,668894.0,62.08
HDFCBANK,EQ,07-Dec-2016,"1,194.45","1,201.85","1,205.90","1,167.00","1,181.40","1,181.60","1,190.70",1407048,1675366938.3,20996.0,858105.0,60.99
HDFCBANK,EQ,06-Dec-2016,"1,196.35","1,195.00","1,202.85","1,190.20","1,196.95","1,194.45","1,196.07",675741,808236057.3,20289.0,293189.0,43.39
HDFCBANK,EQ,05-Dec-2016,"1,189.10","1,187.60","1,198.95","1,176.50","1,195.00","1,196.35","1,188.46",1137984,1352453352.9,23709.0,760929.0,66.87
HDFCBANK,EQ,02-Dec-2016,"1,197.25","1,189.00","1,201.95","1,176.70","1,190.85","1,189.10","1,186.34",1015668,1204928736.25,20190.0,458896.0,45.18
HDFCBANK,EQ,01-Dec-2016,"1,199.60","1,202.30","1,207.90","1,193.00","1,195.00","1,197.25","1,201.55",1119246,1344826096.9,43860.0,712691.0,63.68
HDFCBANK,EQ,30-Nov-2016,"1,178.75","1,185.00","1,202.00","1,181.10","1,198.50","1,199.60","1,192.81",1610710,1921272433.45,22323.0,1002859.0,62.26
HDFCBANK,EQ,29-Nov-2016,"1,184.45","1,184.70","1,192.95","1,176.50","1,179.40","1,178.75","1,185.09",983161,1165132217.5,22206.0,641562.0,65.26
HDFCBANK,EQ,28-Nov-2016,"1,189.30","1,180.25","1,198.90","1,178.10","1,183.50","1,184.45","1,189.76",1032545,1228481872.85,21122.0,605555.0,58.65
HDFCBANK,EQ,25-Nov-2016,"1,165.50","1,169.00","1,193.20","1,158.00","1,186.10","1,189.30","1,176.81",1492490,1756380562.35,36072.0,928278.0,62.20
HDFCBANK,EQ,24-Nov-2016,"1,184.75","1,184.00","1,186.30","1,160.90","1,165.35","1,165.50","1,168.70",3821499,4466192463.85,34200.0,2597823.0,67.98
HDFCBANK,EQ,23-Nov-2016,"1,198.05","1,203.00","1,203.00","1,181.10","1,181.60","1,184.75","1,189.84",883173,1050838577.25,18697.0,516917.0,58.53
HDFCBANK,EQ,22-Nov-2016,"1,198.70","1,206.80","1,206.80","1,189.35","1,199.00","1,198.05","1,195.59",2504446,2994293470.7,36415.0,1317106.0,52.59
HDFCBANK,EQ,21-Nov-2016,"1,211.40","1,219.50","1,219.50","1,188.35","1,199.95","1,198.70","1,197.85",1388130,1662776419.1,36830.0,716391.0,51.61
HDFCBANK,EQ,18-Nov-2016,"1,230.20","1,236.00","1,236.00","1,209.20","1,212.00","1,211.40","1,219.74",1719975,2097928317.5,50664.0,1204073.0,70.01
HDFCBANK,EQ,17-Nov-2016,"1,244.35","1,238.30","1,248.90","1,225.15","1,234.00","1,230.20","1,233.17",1203906,1484624000.3,40898.0,713174.0,59.24
HDFCBANK,EQ,16-Nov-2016,"1,254.75","1,268.00","1,268.00","1,240.05","1,242.00","1,244.35","1,246.95",2161936,2695817214.85,43303.0,1347487.0,62.33
HDFCBANK,EQ,15-Nov-2016,"1,275.80","1,277.50","1,289.00","1,250.65","1,253.30","1,254.75","1,266.17",3128131,3960757883.95,52081.0,2079319.0,66.47
HDFCBANK,EQ,11-Nov-2016,"1,278.55","1,274.00","1,282.00","1,265.60","1,278.00","1,275.80","1,275.07",1784830,2275777463.3,29969.0,1026486.0,57.51
HDFCBANK,EQ,10-Nov-2016,"1,251.25","1,263.75","1,283.00","1,254.10","1,277.50","1,278.55","1,271.69",2675184,3402004225.4,35751.0,1582774.0,59.17
HDFCBANK,EQ,09-Nov-2016,"1,254.30","1,200.00","1,257.40","1,195.35","1,255.10","1,251.25","1,240.03",3411367,4230183026.5,57210.0,1409538.0,41.32
HDFCBANK,EQ,08-Nov-2016,"1,249.45","1,251.10","1,258.00","1,240.10","1,255.05","1,254.30","1,248.47",1337041,1669259544.25,34112.0,869565.0,65.04
HDFCBANK,EQ,07-Nov-2016,"1,243.70","1,252.00","1,254.85","1,240.00","1,250.30","1,249.45","1,246.08",1417848,1766756336.45,26007.0,930814.0,65.65
HDFCBANK,EQ,04-Nov-2016,"1,254.95","1,252.80","1,252.80","1,241.75","1,242.90","1,243.70","1,247.18",1433730,1788123264.7,29700.0,1047005.0,73.03
HDFCBANK,EQ,03-Nov-2016,"1,246.15","1,245.00","1,260.00","1,231.75","1,253.00","1,254.95","1,252.72",1578953,1977982866.05,39774.0,1205805.0,76.37
HDFCBANK,EQ,02-Nov-2016,"1,259.80","1,251.10","1,255.70","1,241.50","1,246.90","1,246.15","1,250.99",1618608,2024856979.05,33950.0,1098455.0,67.86
HDFCBANK,EQ,01-Nov-2016,"1,253.30","1,256.00","1,263.85","1,247.05","1,260.00","1,259.80","1,258.64",850604,1070608085.2,18123.0,550346.0,64.70
HDFCBANK,EQ,30-Oct-2016,"1,259.05","1,263.30","1,263.30","1,250.00","1,251.85","1,253.30","1,255.81",191554,240555192.7,5456.0,104344.0,54.47
HDFCBANK,EQ,28-Oct-2016,"1,252.10","1,254.50","1,261.90","1,240.10","1,259.00","1,259.05","1,255.19",1330134,1669576079.95,17769.0,912089.0,68.57
HDFCBANK,EQ,27-Oct-2016,"1,239.30","1,239.00","1,257.00","1,224.15","1,249.00","1,252.10","1,239.38",2905965,3601587620.45,32769.0,1795031.0,61.77
HDFCBANK,EQ,26-Oct-2016,"1,250.30","1,243.35","1,265.00","1,235.05","1,244.95","1,239.30","1,243.37",1341635,1668150326.0,27179.0,836559.0,62.35
HDFCBANK,EQ,25-Oct-2016,"1,263.55","1,268.00","1,268.00","1,244.05","1,247.55","1,250.30","1,253.22",1375449,1723734478.35,31031.0,457737.0,33.28
HDFCBANK,EQ,24-Oct-2016,"1,270.70","1,271.75","1,276.85","1,261.05","1,265.00","1,263.55","1,268.36",813916,1032337097.05,15193.0,417403.0,51.28
HDFCBANK,EQ,21-Oct-2016,"1,255.50","1,256.00","1,272.95","1,250.00","1,269.00","1,270.70","1,262.49",989102,1248736024.7,30754.0,730276.0,73.83
HDFCBANK,EQ,20-Oct-2016,"1,258.35","1,260.25","1,267.45","1,251.00","1,258.75","1,255.50","1,256.82",800089,1005570810.05,20540.0,392105.0,49.01
HDFCBANK,EQ,19-Oct-2016,"1,257.85","1,261.10","1,263.00","1,248.00","1,257.65","1,258.35","1,256.12",761226,956189367.45,15551.0,414858.0,54.50
HDFCBANK,EQ,18-Oct-2016,"1,237.70","1,243.20","1,260.00","1,239.00","1,255.30","1,257.85","1,249.52",652742,815616206.55,21674.0,330809.0,50.68
HDFCBANK,EQ,17-Oct-2016,"1,261.80","1,265.50","1,266.40","1,232.75","1,239.05","1,237.70","1,240.43",1283840,1592516894.8,40697.0,690840.0,53.81
HDFCBANK,EQ,14-Oct-2016,"1,262.75","1,265.75","1,268.00","1,254.00","1,263.45","1,261.80","1,262.52",1016779,1283699228.3,22831.0,534887.0,52.61
HDFCBANK,EQ,13-Oct-2016,"1,284.35","1,279.00","1,279.00","1,256.45","1,264.60","1,262.75","1,264.59",1129839,1428779001.65,32564.0,745661.0,66.00
HDFCBANK,EQ,10-Oct-2016,"1,280.60","1,285.00","1,287.90","1,278.75","1,284.60","1,284.35","1,283.13",1179828,1513870361.05,18299.0,817723.0,69.31
HDFCBANK,EQ,07-Oct-2016,"1,281.95","1,284.00","1,287.75","1,276.25","1,281.70","1,280.60","1,280.57",834366,1068466168.35,12895.0,582708.0,69.84
HDFCBANK,EQ,06-Oct-2016,"1,286.10","1,287.10","1,295.60","1,279.05","1,282.85","1,281.95","1,288.88",723928,933054994.75,16424.0,460882.0,63.66
HDFCBANK,EQ,05-Oct-2016,"1,289.55","1,298.00","1,300.05","1,276.40","1,285.85","1,286.10","1,282.96",911755,1169747378.55,10082.0,623996.0,68.44
HDFCBANK,EQ,04-Oct-2016,"1,287.20","1,288.60","1,295.00","1,282.30","1,291.00","1,289.55","1,287.73",693878,893528312.8,8760.0,379221.0,54.65
HDFCBANK,EQ,03-Oct-2016,"1,272.85","1,281.00","1,289.90","1,276.40","1,288.25","1,287.20","1,285.29",975137,1253337218.2,37847.0,646490.0,66.30
HDFCBANK,EQ,30-Sep-2016,"1,277.50","1,277.10","1,281.00","1,267.40","1,275.00","1,272.85","1,274.04",1034607,1318134256.25,17526.0,656138.0,63.42
HDFCBANK,EQ,29-Sep-2016,"1,295.25","1,297.95","1,306.00","1,267.95","1,274.65","1,277.50","1,286.23",4112503,5289632724.1,40928.0,2631309.0,63.98
HDFCBANK,EQ,28-Sep-2016,"1,298.05","1,299.90","1,300.00","1,289.00","1,295.90","1,295.25","1,293.90",1247413,1614023599.7,18159.0,891213.0,71.44
HDFCBANK,EQ,27-Sep-2016,"1,296.15","1,299.00","1,306.15","1,294.85","1,300.00","1,298.05","1,300.13",1014203,1318598157.5,16739.0,633681.0,62.48
HDFCBANK,EQ,26-Sep-2016,"1,312.70","1,306.10","1,308.90","1,293.70","1,299.00","1,296.15","1,299.36",1394193,1811552614.45,30025.0,927614.0,66.53
HDFCBANK,EQ,23-Sep-2016,"1,306.90","1,306.05","1,318.45","1,301.50","1,312.00","1,312.70","1,313.78",1219202,1601767722.1,17341.0,810532.0,66.48
HDFCBANK,EQ,22-Sep-2016,"1,293.00","1,305.00","1,316.95","1,300.55","1,305.05","1,306.90","1,307.09",1638950,2142251822.1,28635.0,1088588.0,66.42
HDFCBANK,EQ,21-Sep-2016,"1,288.45","1,292.00","1,298.00","1,287.90","1,292.20","1,293.00","1,292.90",1064100,1375773384.75,15081.0,736133.0,69.18
HDFCBANK,EQ,20-Sep-2016,"1,290.15","1,292.65","1,295.00","1,284.05","1,290.35","1,288.45","1,287.73",944562,1216338142.1,24113.0,602166.0,63.75
HDFCBANK,EQ,19-Sep-2016,"1,297.85","1,297.00","1,302.50","1,288.00","1,289.65","1,290.15","1,292.84",1473708,1905270035.95,19964.0,877259.0,59.53
HDFCBANK,EQ,16-Sep-2016,"1,279.60","1,283.80","1,304.50","1,283.80","1,297.50","1,297.85","1,299.00",1631454,2119265576.0,20805.0,956112.0,58.60
HDFCBANK,EQ,15-Sep-2016,"1,269.45","1,272.00","1,283.90","1,269.85","1,282.90","1,279.60","1,277.55",875453,1118434719.9,17311.0,438917.0,50.14
HDFCBANK,EQ,14-Sep-2016,"1,279.90","1,275.00","1,277.00","1,265.40","1,272.00","1,269.45","1,270.70",962377,1222890825.55,29388.0,588057.0,61.10
HDFCBANK,EQ,12-Sep-2016,"1,290.40","1,274.70","1,284.40","1,271.50","1,279.60","1,279.90","1,278.70",996432,1274140267.25,22924.0,642693.0,64.50
HDFCBANK,EQ,09-Sep-2016,"1,289.40","1,290.00","1,294.50","1,278.30","1,290.00","1,290.40","1,286.50",1003442,1290930474.9,18366.0,518737.0,51.70
HDFCBANK,EQ,08-Sep-2016,"1,286.75","1,290.00","1,295.25","1,283.60","1,290.80","1,289.40","1,288.25",726345,935717252.9,13267.0,416910.0,57.40
HDFCBANK,EQ,07-Sep-2016,"1,300.40","1,301.00","1,305.00","1,283.10","1,291.35","1,286.75","1,290.82",1004111,1296125074.25,14781.0,600689.0,59.82
HDFCBANK,EQ,06-Sep-2016,"1,285.10","1,290.05","1,303.90","1,290.05","1,300.65","1,300.40","1,298.04",1377221,1787686753.65,20035.0,825838.0,59.96
HDFCBANK,EQ,02-Sep-2016,"1,283.70","1,285.50","1,289.00","1,281.15","1,286.10","1,285.10","1,285.30",988797,1270896738.75,41785.0,593274.0,60.00
HDFCBANK,EQ,01-Sep-2016,"1,291.20","1,288.00","1,290.00","1,275.40","1,285.55","1,283.70","1,283.34",1306169,1676260302.75,23871.0,743006.0,56.88
HDFCBANK,EQ,31-Aug-2016,"1,268.65","1,269.00","1,295.00","1,265.50","1,291.00","1,291.20","1,280.94",2790341,3574261805.15,51707.0,2051083.0,73.51
HDFCBANK,EQ,30-Aug-2016,"1,238.10","1,245.10","1,270.50","1,243.95","1,270.50","1,268.65","1,260.07",2466902,3108473874.3,42110.0,1795458.0,72.78
HDFCBANK,EQ,29-Aug-2016,"1,257.10","1,255.50","1,255.50","1,236.20","1,238.55","1,238.10","1,241.38",736046,913713665.75,20786.0,424033.0,57.61
HDFCBANK,EQ,26-Aug-2016,"1,258.55","1,260.00","1,261.90","1,253.90","1,254.15","1,257.10","1,257.34",630284,792483537.95,17382.0,401297.0,63.67
HDFCBANK,EQ,25-Aug-2016,"1,261.80","1,264.00","1,266.80","1,254.30","1,259.00","1,258.55","1,259.50",2182472,2748817761.7,42590.0,1613038.0,73.91
HDFCBANK,EQ,24-Aug-2016,"1,251.45","1,252.05","1,264.20","1,247.05","1,262.25","1,261.80","1,253.34",1392734,1745564106.5,25642.0,1005355.0,72.19
HDFCBANK,EQ,23-Aug-2016,"1,250.30","1,251.00","1,254.00","1,246.05","1,254.00","1,251.45","1,249.58",1328631,1660230734.1,24934.0,996873.0,75.03
HDFCBANK,EQ,22-Aug-2016,"1,247.10","1,245.05","1,254.45","1,241.00","1,251.95","1,250.30","1,247.87",1375323,1716223179.15,26039.0,996127.0,72.43
HDFCBANK,EQ,19-Aug-2016,"1,252.50","1,250.00","1,250.00","1,241.45","1,249.00","1,247.10","1,246.73",1027659,1281217004.25,18849.0,787850.0,76.66
HDFCBANK,EQ,18-Aug-2016,"1,234.90","1,238.00","1,254.90","1,234.55","1,250.00","1,252.50","1,247.80",1527914,1906537631.05,20416.0,1054938.0,69.04
HDFCBANK,EQ,17-Aug-2016,"1,227.30","1,233.40","1,237.50","1,226.00","1,236.25","1,234.90","1,231.98",1377759,1697377754.9,23582.0,1022149.0,74.19
HDFCBANK,EQ,16-Aug-2016,"1,228.70","1,233.00","1,238.45","1,213.80","1,226.50","1,227.30","1,225.63",867142,1062798488.75,15518.0,455081.0,52.48
HDFCBANK,EQ,12-Aug-2016,"1,228.25","1,231.05","1,235.00","1,219.40","1,227.80","1,228.70","1,227.80",1160374,1424710572.1,14889.0,654990.0,56.45
HDFCBANK,EQ,11-Aug-2016,"1,226.90","1,226.80","1,235.00","1,222.00","1,229.00","1,228.25","1,229.93",714018,878191598.35,19268.0,475548.0,66.60
HDFCBANK,EQ,10-Aug-2016,"1,247.20","1,245.00","1,250.95","1,219.75","1,224.00","1,226.90","1,231.70",904930,1114604307.8,12152.0,597502.0,66.03
HDFCBANK,EQ,09-Aug-2016,"1,249.60","1,252.90","1,252.90","1,237.70","1,245.50","1,247.20","1,245.95",1052714,1311632914.25,17029.0,704276.0,66.90
HDFCBANK,EQ,08-Aug-2016,"1,249.25","1,252.90","1,255.00","1,244.55","1,248.20","1,249.60","1,249.91",1182194,1477640836.7,27746.0,909882.0,76.97
HDFCBANK,EQ,05-Aug-2016,"1,241.00","1,247.40","1,255.65","1,241.75","1,250.20","1,249.25","1,249.05",1446228,1806410416.05,13522.0,939905.0,64.99
HDFCBANK,EQ,04-Aug-2016,"1,240.45","1,246.60","1,246.70","1,233.60","1,244.55","1,241.00","1,239.31",1165720,1444687610.25,17692.0,783541.0,67.22
HDFCBANK,EQ,03-Aug-2016,"1,243.30","1,241.10","1,249.95","1,231.00","1,239.85","1,240.45","1,243.11",1183469,1471181706.05,15957.0,772726.0,65.29
HDFCBANK,EQ,02-Aug-2016,"1,242.30","1,247.00","1,256.45","1,240.40","1,245.10","1,243.30","1,245.35",1332349,1659238435.4,30516.0,818847.0,61.46
HDFCBANK,EQ,01-Aug-2016,"1,246.20","1,249.00","1,258.95","1,227.65","1,244.90","1,242.30","1,242.97",1390216,1727991430.0,25393.0,865109.0,62.23
HDFCBANK,EQ,29-Jul-2016,"1,248.45","1,248.00","1,250.00","1,235.00","1,248.50","1,246.20","1,242.04",848919,1054392098.55,22969.0,583148.0,68.69
HDFCBANK,EQ,28-Jul-2016,"1,236.95","1,238.00","1,251.25","1,235.55","1,251.00","1,248.45","1,244.62",2661632,3312727179.9,28041.0,1462637.0,54.95
HDFCBANK,EQ,27-Jul-2016,"1,238.80","1,241.00","1,247.55","1,230.00","1,234.40","1,236.95","1,237.51",2683684,3321092302.2,30172.0,2103661.0,78.39
HDFCBANK,EQ,26-Jul-2016,"1,246.95","1,242.40","1,245.65","1,235.15","1,239.50","1,238.80","1,241.44",1416498,1758498126.2,20342.0,1029668.0,72.69
HDFCBANK,EQ,25-Jul-2016,"1,230.80","1,233.00","1,249.45","1,227.00","1,245.00","1,246.95","1,239.80",2468221,3060092569.65,27888.0,1714655.0,69.47
HDFCBANK,EQ,22-Jul-2016,"1,228.60","1,233.35","1,234.65","1,221.50","1,234.55","1,230.80","1,228.13",1405068,1725612317.45,31672.0,747279.0,53.18
HDFCBANK,EQ,21-Jul-2016,"1,232.20","1,230.70","1,239.90","1,222.50","1,230.30","1,228.60","1,230.13",2278226,2802515288.0,52777.0,816709.0,35.85
HDFCBANK,EQ,20-Jul-2016,"1,218.35","1,223.00","1,238.50","1,221.75","1,231.55","1,232.20","1,233.42",1172583,1446281684.9,27727.0,802714.0,68.46
HDFCBANK,EQ,19-Jul-2016,"1,227.45","1,229.00","1,230.75","1,213.85","1,220.15","1,218.35","1,219.12",646501,788160942.85,14608.0,352407.0,54.51
HDFCBANK,EQ,18-Jul-2016,"1,223.70","1,225.00","1,238.50","1,222.65","1,225.00","1,227.45","1,231.23",1109621,1366204134.3,23823.0,547041.0,49.30
HDFCBANK,EQ,15-Jul-2016,"1,200.35","1,203.80","1,226.00","1,195.10","1,226.00","1,223.70","1,215.63",1443554,1754828459.8,31861.0,911594.0,63.15
HDFCBANK,EQ,14-Jul-2016,"1,197.75","1,201.00","1,202.15","1,192.20","1,199.55","1,200.35","1,197.06",864917,1035361851.6,10539.0,539373.0,62.36
HDFCBANK,EQ,13-Jul-2016,"1,202.15","1,199.80","1,201.95","1,193.30","1,198.10","1,197.75","1,198.59",1671768,2003767689.8,30747.0,1217492.0,72.83
HDFCBANK,EQ,12-Jul-2016,"1,199.75","1,209.90","1,209.90","1,195.55","1,202.00","1,202.15","1,199.97",1761508,2113755121.1,21529.0,1117369.0,63.43
HDFCBANK,EQ,11-Jul-2016,"1,174.85","1,186.00","1,201.90","1,181.05","1,201.00","1,199.75","1,196.78",1275633,1526656787.15,24406.0,788527.0,61.81
HDFCBANK,EQ,08-Jul-2016,"1,185.65","1,185.10","1,185.60","1,171.25","1,175.40","1,174.85","1,174.80",779717,916014247.7,14452.0,515839.0,66.16
HDFCBANK,EQ,07-Jul-2016,"1,165.60","1,167.90","1,188.75","1,160.90","1,184.70","1,185.65","1,179.86",1208154,1425449236.0,15087.0,778136.0,64.41
HDFCBANK,EQ,05-Jul-2016,"1,172.80","1,172.80","1,174.30","1,162.00","1,168.75","1,165.60","1,165.93",534082,622703221.2,20065.0,284398.0,53.25
HDFCBANK,EQ,04-Jul-2016,"1,174.50","1,178.20","1,179.50","1,171.40","1,173.85","1,172.80","1,175.22",1812463,2130050821.55,37185.0,1408369.0,77.70
HDFCBANK,EQ,01-Jul-2016,"1,176.45","1,180.00","1,185.00","1,171.80","1,174.95","1,174.50","1,180.29",1076219,1270255524.85,34548.0,656180.0,60.97
HDFCBANK,EQ,30-Jun-2016,"1,168.30","1,171.00","1,180.00","1,162.15","1,173.60","1,176.45","1,172.00",4069723,4769717489.65,52900.0,3251396.0,79.89
HDFCBANK,EQ,29-Jun-2016,"1,166.95","1,165.00","1,169.50","1,159.70","1,168.00","1,168.30","1,165.87",1355167,1579948212.3,39547.0,947929.0,69.95
HDFCBANK,EQ,28-Jun-2016,"1,159.95","1,161.25","1,173.10","1,150.00","1,169.30","1,166.95","1,168.27",1008745,1178482693.4,28328.0,561927.0,55.71
HDFCBANK,EQ,27-Jun-2016,"1,161.90","1,162.00","1,169.00","1,153.05","1,160.00","1,159.95","1,162.11",1040947,1209693980.0,26122.0,618389.0,59.41
HDFCBANK,EQ,24-Jun-2016,"1,190.10","1,159.85","1,171.90","1,147.00","1,161.00","1,161.90","1,154.94",2793491,3226301497.9,53496.0,1700254.0,60.86
HDFCBANK,EQ,23-Jun-2016,"1,171.50","1,169.80","1,191.85","1,167.50","1,191.50","1,190.10","1,184.36",981683,1162668048.2,18772.0,577439.0,58.82
HDFCBANK,EQ,22-Jun-2016,"1,166.65","1,166.00","1,175.00","1,166.00","1,169.10","1,171.50","1,171.63",950960,1114176752.65,31558.0,634707.0,66.74
HDFCBANK,EQ,21-Jun-2016,"1,172.05","1,175.00","1,175.45","1,161.20","1,164.30","1,166.65","1,166.05",667742,778619035.6,12721.0,356707.0,53.42
HDFCBANK,EQ,20-Jun-2016,"1,170.00","1,159.00","1,179.25","1,158.80","1,170.00","1,172.05","1,172.16",685691,803741569.3,21802.0,357602.0,52.15
HDFCBANK,EQ,17-Jun-2016,"1,162.15","1,167.00","1,178.00","1,165.55","1,171.10","1,170.00","1,172.49",940413,1102623949.1,16726.0,560769.0,59.63
HDFCBANK,EQ,16-Jun-2016,"1,169.55","1,166.55","1,168.85","1,155.35","1,160.75","1,162.15","1,162.80",1181942,1374366879.35,29029.0,735044.0,62.19
HDFCBANK,EQ,15-Jun-2016,"1,151.85","1,155.00","1,170.90","1,153.20","1,168.00","1,169.55","1,162.38",761456,885102790.95,18995.0,473129.0,62.13
HDFCBANK,EQ,14-Jun-2016,"1,152.90","1,155.00","1,157.00","1,144.25","1,152.65","1,151.85","1,148.51",957192,1099346303.15,19992.0,616334.0,64.39
HDFCBANK,EQ,13-Jun-2016,"1,161.35","1,154.75","1,164.95","1,151.05","1,153.85","1,152.90","1,156.09",830809,960493476.65,15537.0,542775.0,65.33
HDFCBANK,EQ,10-Jun-2016,"1,159.40","1,158.40","1,172.70","1,156.20","1,160.55","1,161.35","1,164.62",1580578,1840775372.55,42245.0,1078239.0,68.22
HDFCBANK,EQ,09-Jun-2016,"1,162.60","1,162.50","1,164.20","1,152.50","1,158.80","1,159.40","1,157.58",1162046,1345158909.45,27393.0,639299.0,55.01
HDFCBANK,EQ,08-Jun-2016,"1,173.70","1,175.80","1,178.00","1,161.00","1,161.30","1,162.60","1,164.76",1185703,1381058463.4,22782.0,814070.0,68.66
HDFCBANK,EQ,07-Jun-2016,"1,171.10","1,176.95","1,180.00","1,167.65","1,174.50","1,173.70","1,174.34",1407126,1652439392.5,19746.0,889002.0,63.18
HDFCBANK,EQ,06-Jun-2016,"1,171.75","1,176.00","1,182.40","1,170.05","1,171.00","1,171.10","1,175.20",1386827,1629796373.1,18123.0,1080180.0,77.89
HDFCBANK,EQ,03-Jun-2016,"1,174.95","1,180.10","1,185.00","1,169.05","1,172.00","1,171.75","1,174.94",1131105,1328977918.7,11206.0,833335.0,73.67
HDFCBANK,EQ,02-Jun-2016,"1,175.15","1,174.70","1,180.60","1,171.00","1,173.65","1,174.95","1,174.85",1977654,2323442461.3,18070.0,1558333.0,78.80
HDFCBANK,EQ,01-Jun-2016,"1,181.90","1,182.95","1,182.95","1,171.00","1,176.00","1,175.15","1,174.76",1418908,1666870539.3,12088.0,1041993.0,73.44
HDFCBANK,EQ,31-May-2016,"1,179.75","1,185.90","1,185.90","1,177.40","1,180.00","1,181.90","1,180.70",1378910,1628076893.55,23023.0,1007011.0,73.03
HDFCBANK,EQ,30-May-2016,"1,186.80","1,187.00","1,195.00","1,178.10","1,179.00","1,179.75","1,183.79",953633,1128899826.25,25238.0,620056.0,65.02
HDFCBANK,EQ,27-May-2016,"1,183.25","1,183.25","1,190.00","1,176.70","1,181.35","1,186.80","1,185.55",1443796,1711692659.65,36466.0,826346.0,57.23
HDFCBANK,EQ,26-May-2016,"1,173.30","1,176.10","1,188.90","1,166.25","1,182.85","1,183.25","1,179.03",3426390,4039800396.25,49610.0,1792158.0,52.30
HDFCBANK,EQ,25-May-2016,"1,139.95","1,146.30","1,175.95","1,146.30","1,172.90","1,173.30","1,163.62",1441837,1677745695.95,43195.0,995788.0,69.06
HDFCBANK,EQ,24-May-2016,"1,136.75","1,138.40","1,143.65","1,135.55","1,143.00","1,139.95","1,139.24",814867,928328254.0,23904.0,462558.0,56.76
HDFCBANK,EQ,23-May-2016,"1,140.90","1,141.95","1,149.95","1,133.20","1,134.90","1,136.75","1,140.88",865883,987868218.9,20544.0,552933.0,63.86
HDFCBANK,EQ,20-May-2016,"1,139.30","1,139.95","1,148.50","1,133.60","1,137.95","1,140.90","1,142.20",504158,575848570.95,25664.0,221214.0,43.88
HDFCBANK,EQ,19-May-2016,"1,140.65","1,140.10","1,142.70","1,132.00","1,137.05","1,139.30","1,137.43",963949,1096425555.2,16693.0,485078.0,50.32
HDFCBANK,EQ,18-May-2016,"1,153.45","1,151.00","1,151.00","1,131.50","1,141.20","1,140.65","1,137.39",1040661,1183637023.2,26939.0,441225.0,42.40
HDFCBANK,EQ,17-May-2016,"1,162.80","1,165.05","1,169.25","1,151.30","1,153.05","1,153.45","1,159.99",1073856,1245665635.35,23032.0,614491.0,57.22
HDFCBANK,EQ,16-May-2016,"1,140.90","1,145.00","1,165.90","1,132.55","1,160.00","1,162.80","1,152.03",1129692,1301441407.95,26090.0,622973.0,55.15
HDFCBANK,EQ,13-May-2016,"1,149.10","1,148.00","1,148.00","1,130.00","1,140.00","1,140.90","1,139.53",1261329,1437325643.6,16214.0,897889.0,71.19
HDFCBANK,EQ,12-May-2016,"1,138.80","1,144.00","1,152.00","1,132.50","1,151.70","1,149.10","1,143.96",1055422,1207362691.3,24840.0,706004.0,66.89
HDFCBANK,EQ,11-May-2016,"1,144.90","1,134.70","1,145.00","1,129.70","1,138.30","1,138.80","1,136.80",1536843,1747081767.8,24251.0,776870.0,50.55
HDFCBANK,EQ,10-May-2016,"1,141.40","1,143.50","1,147.50","1,136.10","1,145.00","1,144.90","1,141.36",1363250,1555954983.5,41331.0,920242.0,67.50
HDFCBANK,EQ,09-May-2016,"1,119.65","1,120.00","1,144.95","1,119.00","1,141.50","1,141.40","1,140.33",1738295,1982223246.3,32173.0,1223393.0,70.38
HDFCBANK,EQ,06-May-2016,"1,132.30","1,132.00","1,132.25","1,117.25","1,121.30","1,119.65","1,121.62",683288,766389730.1,18000.0,338980.0,49.61
HDFCBANK,EQ,05-May-2016,"1,127.35","1,128.00","1,134.75","1,122.70","1,133.40","1,132.30","1,129.96",1303562,1472977307.5,26684.0,781647.0,59.96
HDFCBANK,EQ,04-May-2016,"1,118.00","1,117.50","1,134.50","1,114.25","1,126.00","1,127.35","1,128.10",1323082,1492570402.3,37597.0,780142.0,58.96
HDFCBANK,EQ,03-May-2016,"1,117.65","1,121.90","1,135.00","1,113.15","1,121.35","1,118.00","1,125.50",1173824,1321144366.6,25248.0,576488.0,49.11
HDFCBANK,EQ,02-May-2016,"1,132.35","1,127.75","1,130.00","1,116.00","1,116.80","1,117.65","1,123.62",965679,1085051471.9,26825.0,525037.0,54.37
HDFCBANK,EQ,29-Apr-2016,"1,113.95","1,113.80","1,136.00","1,106.20","1,126.70","1,132.35","1,122.22",1402985,1574451254.0,29938.0,600640.0,42.81
HDFCBANK,EQ,28-Apr-2016,"1,124.20","1,124.20","1,136.70","1,110.35","1,112.55","1,113.95","1,123.60",2022396,2272366495.75,32369.0,1274235.0,63.01
HDFCBANK,EQ,27-Apr-2016,"1,113.85","1,109.85","1,125.00","1,109.00","1,124.15","1,124.20","1,121.48",1440909,1615946056.15,22389.0,872151.0,60.53
HDFCBANK,EQ,26-Apr-2016,"1,093.25","1,095.00","1,115.00","1,092.50","1,113.50","1,113.85","1,108.27",1763449,1954375617.75,35332.0,1284194.0,72.82
HDFCBANK,EQ,25-Apr-2016,"1,092.15","1,100.00","1,100.00","1,084.50","1,094.15","1,093.25","1,090.78",1390490,1516723885.0,24042.0,948866.0,68.24
HDFCBANK,EQ,22-Apr-2016,"1,091.15","1,089.50","1,100.85","1,085.20","1,094.30","1,092.15","1,093.29",1952330,2134465296.5,37722.0,625406.0,32.03
HDFCBANK,EQ,21-Apr-2016,"1,097.85","1,095.00","1,105.15","1,089.00","1,091.00","1,091.15","1,098.33",2047932,2249314534.15,29719.0,1324344.0,64.67
HDFCBANK,EQ,20-Apr-2016,"1,087.80","1,091.90","1,100.00","1,083.55","1,099.75","1,097.85","1,093.90",955338,1045040536.1,18004.0,617380.0,64.62
HDFCBANK,EQ,18-Apr-2016,"1,081.75","1,083.50","1,092.00","1,071.60","1,087.15","1,087.80","1,086.51",1029267,1118307973.3,23520.0,645173.0,62.68
HDFCBANK,EQ,13-Apr-2016,"1,063.00","1,072.00","1,084.95","1,069.50","1,080.00","1,081.75","1,078.79",1243651,1341641981.85,37374.0,735260.0,59.12
HDFCBANK,EQ,12-Apr-2016,"1,070.95","1,069.60","1,071.00","1,059.25","1,063.70","1,063.00","1,063.53",1235370,1313847637.05,15858.0,797847.0,64.58
HDFCBANK,EQ,11-Apr-2016,"1,059.35","1,060.30","1,074.10","1,042.85","1,068.00","1,070.95","1,055.07",1012405,1068156238.2,12523.0,332206.0,32.81
HDFCBANK,EQ,08-Apr-2016,"1,055.50","1,055.00","1,063.35","1,054.25","1,060.00","1,059.35","1,058.15",740699,783768493.15,15492.0,403010.0,54.41
HDFCBANK,EQ,07-Apr-2016,"1,061.50","1,064.00","1,064.75","1,047.05","1,056.00","1,055.50","1,056.31",977923,1032990821.05,19104.0,493983.0,50.51
HDFCBANK,EQ,06-Apr-2016,"1,057.45","1,061.00","1,066.95","1,056.75","1,063.10","1,061.50","1,062.92",1073844,1141411883.15,27101.0,682639.0,63.57
HDFCBANK,EQ,05-Apr-2016,"1,069.05","1,069.00","1,076.90","1,055.65","1,056.30","1,057.45","1,064.16",1665757,1772623790.15,26271.0,875067.0,52.53
HDFCBANK,EQ,04-Apr-2016,"1,064.45","1,065.20","1,072.80","1,064.00","1,068.25","1,069.05","1,068.19",1544990,1650346269.45,36390.0,858952.0,55.60
HDFCBANK,EQ,01-Apr-2016,"1,071.15","1,068.80","1,076.40","1,056.80","1,065.05","1,064.45","1,062.89",1289662,1370767067.65,27189.0,726723.0,56.35
HDFCBANK,EQ,31-Mar-2016,"1,064.95","1,066.85","1,078.90","1,065.05","1,071.80","1,071.15","1,072.96",5020098,5386359062.75,72675.0,3564075.0,71.00
HDFCBANK,EQ,30-Mar-2016,"1,053.80","1,058.00","1,069.90","1,053.90","1,066.30","1,064.95","1,063.19",1953595,2077048609.95,37150.0,1389472.0,71.12
HDFCBANK,EQ,29-Mar-2016,"1,047.50","1,047.50","1,059.50","1,044.25","1,053.00","1,053.80","1,054.95",1683488,1775989049.1,22968.0,1246918.0,74.07
HDFCBANK,EQ,28-Mar-2016,"1,049.35","1,045.00","1,053.00","1,041.65","1,052.30","1,047.50","1,048.62",2817717,2954707657.95,41453.0,2119602.0,75.22
HDFCBANK,EQ,23-Mar-2016,"1,053.85","1,053.05","1,053.05","1,040.55","1,049.00","1,049.35","1,046.06",2116075,2213539764.75,41663.0,1478881.0,69.89
HDFCBANK,EQ,22-Mar-2016,"1,045.60","1,046.50","1,056.60","1,040.70","1,054.00","1,053.85","1,048.55",1030066,1080072256.2,25302.0,570495.0,55.38
HDFCBANK,EQ,21-Mar-2016,"1,028.40","1,033.00","1,047.35","1,032.25","1,044.80","1,045.60","1,039.99",1329699,1382875669.7,31494.0,736367.0,55.38
HDFCBANK,EQ,18-Mar-2016,"1,018.40","1,022.95","1,032.00","1,015.35","1,028.85","1,028.40","1,027.28",1033767,1061965407.8,19390.0,446945.0,43.23
HDFCBANK,EQ,17-Mar-2016,"1,030.45","1,034.95","1,039.00","1,011.15","1,016.75","1,018.40","1,029.03",1278371,1315482972.45,20291.0,673713.0,52.70
HDFCBANK,EQ,16-Mar-2016,"1,026.70","1,027.00","1,034.25","1,018.95","1,029.60","1,030.45","1,024.82",1200887,1230695306.35,18465.0,813002.0,67.70
HDFCBANK,EQ,15-Mar-2016,"1,027.55","1,027.90","1,033.40","1,021.65","1,026.50","1,026.70","1,025.61",1922509,1971737982.95,30199.0,1567301.0,81.52
HDFCBANK,EQ,14-Mar-2016,"1,028.70","1,028.00","1,037.95","1,025.25","1,029.80","1,027.55","1,030.36",752164,774996312.6,25385.0,413658.0,55.00
HDFCBANK,EQ,11-Mar-2016,"1,021.25","1,019.90","1,030.80","1,013.00","1,029.75","1,028.70","1,025.02",1182714,1212308942.1,23594.0,629845.0,53.25
HDFCBANK,EQ,10-Mar-2016,"1,024.80","1,024.80","1,025.75","1,010.10","1,021.20","1,021.25","1,019.51",667848,680876275.45,14458.0,249932.0,37.42
HDFCBANK,EQ,09-Mar-2016,"1,014.15","1,013.00","1,029.90","1,006.75","1,024.80","1,024.80","1,017.99",1632043,1661399627.15,29190.0,1022348.0,62.64
HDFCBANK,EQ,08-Mar-2016,"1,020.55","1,024.00","1,024.00","1,009.50","1,015.00","1,014.15","1,015.49",478422,485831023.8,16568.0,195486.0,40.86
HDFCBANK,EQ,04-Mar-2016,"1,015.85","1,015.45","1,024.90",993.10,"1,024.90","1,020.55","1,010.09",1426156,1440546971.85,38846.0,651356.0,45.67
HDFCBANK,EQ,03-Mar-2016,"1,007.20","1,010.75","1,020.00","1,010.00","1,014.15","1,015.85","1,014.76",1152600,1169611304.15,41412.0,621800.0,53.95
HDFCBANK,EQ,02-Mar-2016,984.15,998.00,"1,010.90",995.00,"1,010.00","1,007.20","1,004.48",1589744,1596873866.2,43713.0,811888.0,51.07
HDFCBANK,EQ,01-Mar-2016,971.85,974.95,986.75,971.85,985.00,984.15,980.45,1080640,1059509389.2,22484.0,448415.0,41.50
HDFCBANK,EQ,29-Feb-2016,961.00,961.10,982.60,928.00,975.15,971.85,966.60,2203188,2129598208.95,62089.0,1178762.0,53.50
HDFCBANK,EQ,26-Feb-2016,942.65,950.00,971.00,945.00,963.95,961.00,960.86,1552347,1491585516.8,31871.0,857666.0,55.25
HDFCBANK,EQ,25-Feb-2016,949.60,954.00,957.25,938.20,941.00,942.65,948.21,2115799,2006232326.5,29543.0,1341983.0,63.43
HDFCBANK,EQ,24-Feb-2016,970.05,960.00,962.90,946.40,950.00,949.60,953.35,1615867,1540484592.25,34654.0,973767.0,60.26
HDFCBANK,EQ,23-Feb-2016,988.75,984.90,985.50,966.00,970.00,970.05,972.01,1519580,1477046483.15,26834.0,962866.0,63.36
HDFCBANK,EQ,22-Feb-2016,989.30,983.00,996.00,983.00,986.50,988.75,990.36,1000599,990953930.45,14654.0,596762.0,59.64
HDFCBANK,EQ,19-Feb-2016,989.45,988.75,992.60,973.50,989.95,989.30,982.58,832165,817671547.35,18799.0,366870.0,44.09
HDFCBANK,EQ,18-Feb-2016,974.90,986.00,991.25,977.00,987.00,989.45,984.08,1699964,1672895622.6,30150.0,1121327.0,65.96
HDFCBANK,EQ,17-Feb-2016,973.45,976.90,979.90,959.00,978.70,974.90,969.44,1875981,1818654725.55,66226.0,1025415.0,54.66
HDFCBANK,EQ,16-Feb-2016,973.60,981.50,982.00,962.00,975.00,973.45,971.38,1784024,1732965906.45,32656.0,1073741.0,60.19
HDFCBANK,EQ,15-Feb-2016,971.40,980.00,988.25,971.10,974.60,973.60,978.94,2728240,2670786535.95,68190.0,1908985.0,69.97
HDFCBANK,EQ,12-Feb-2016,975.30,979.00,986.45,966.00,968.80,971.40,977.49,3135536,3064958218.2,64851.0,1868627.0,59.60
HDFCBANK,EQ,11-Feb-2016,"1,012.95","1,010.00","1,013.00",968.20,978.00,975.30,991.48,2200900,2182140407.0,44931.0,1317824.0,59.88
HDFCBANK,EQ,10-Feb-2016,"1,026.05","1,023.90","1,030.15","1,010.10","1,015.00","1,012.95","1,017.87",1920570,1954899912.75,42296.0,1229136.0,64.00
HDFCBANK,EQ,09-Feb-2016,"1,035.85","1,026.70","1,031.55","1,020.65","1,026.20","1,026.05","1,025.84",1383865,1419626791.35,33896.0,908944.0,65.68
HDFCBANK,EQ,08-Feb-2016,"1,055.25","1,055.00","1,058.00","1,030.30","1,031.70","1,035.85","1,048.41",870481,912619523.4,17454.0,555357.0,63.80
HDFCBANK,EQ,05-Feb-2016,"1,049.20","1,052.80","1,063.80","1,045.60","1,056.00","1,055.25","1,056.01",1880976,1986331654.85,46152.0,1330941.0,70.76
HDFCBANK,EQ,04-Feb-2016,"1,043.85","1,048.00","1,054.90","1,045.55","1,050.50","1,049.20","1,050.80",1418998,1491087403.1,18655.0,894087.0,63.01
HDFCBANK,EQ,03-Feb-2016,"1,053.80","1,044.50","1,051.40","1,042.00","1,046.20","1,043.85","1,045.86",1212561,1268166933.25,21168.0,709587.0,58.52
HDFCBANK,EQ,02-Feb-2016,"1,059.75","1,065.00","1,065.25","1,050.20","1,050.20","1,053.80","1,060.52",1632157,1730930715.1,20075.0,1079997.0,66.17
HDFCBANK,EQ,01-Feb-2016,"1,049.85","1,058.00","1,067.00","1,053.70","1,062.90","1,059.75","1,060.88",1152371,1222521833.4,27007.0,631937.0,54.84
HDFCBANK,EQ,29-Jan-2016,"1,031.70","1,035.20","1,054.95","1,035.20","1,050.65","1,049.85","1,045.27",1340046,1400711188.85,15398.0,727232.0,54.27
HDFCBANK,EQ,28-Jan-2016,"1,035.65","1,039.00","1,046.90","1,030.00","1,034.15","1,031.70","1,035.97",2487993,2577496454.25,26572.0,1741500.0,70.00
HDFCBANK,EQ,27-Jan-2016,"1,041.15","1,048.45","1,048.70","1,033.00","1,034.90","1,035.65","1,039.48",1009867,1049741076.05,19069.0,456495.0,45.20
HDFCBANK,EQ,25-Jan-2016,"1,030.30","1,039.95","1,046.70","1,033.05","1,040.00","1,041.15","1,039.20",2535971,2635374939.0,55941.0,1107977.0,43.69
HDFCBANK,EQ,22-Jan-2016,"1,023.00","1,025.70","1,044.25","1,022.05","1,035.80","1,030.30","1,033.08",1059071,1094107307.45,20446.0,579281.0,54.70
HDFCBANK,EQ,21-Jan-2016,"1,018.30","1,021.00","1,033.25","1,013.40","1,023.00","1,023.00","1,021.37",1575201,1608868739.65,19431.0,991399.0,62.94
HDFCBANK,EQ,20-Jan-2016,"1,035.80","1,025.00","1,108.00","1,007.90","1,018.50","1,018.30","1,015.70",2390897,2428431357.55,54669.0,1652752.0,69.13
HDFCBANK,EQ,19-Jan-2016,"1,025.85","1,027.20","1,037.55","1,026.30","1,037.25","1,035.80","1,033.14",1601303,1654362300.15,55834.0,946116.0,59.08
HDFCBANK,EQ,18-Jan-2016,"1,042.15","1,035.65","1,041.45","1,021.00","1,023.65","1,025.85","1,032.91",1623847,1677289485.25,31177.0,871540.0,53.67
HDFCBANK,EQ,15-Jan-2016,"1,049.75","1,048.00","1,055.45","1,038.10","1,041.30","1,042.15","1,047.59",1354315,1418763124.5,21631.0,879314.0,64.93
HDFCBANK,EQ,14-Jan-2016,"1,060.15","1,050.15","1,057.40","1,039.50","1,052.00","1,049.75","1,049.41",1569796,1647360498.45,24592.0,1056786.0,67.32
HDFCBANK,EQ,13-Jan-2016,"1,046.95","1,052.00","1,062.75","1,037.00","1,056.30","1,060.15","1,048.78",1128787,1183847594.75,16816.0,580819.0,51.46
HDFCBANK,EQ,12-Jan-2016,"1,058.60","1,063.90","1,063.90","1,043.50","1,046.00","1,046.95","1,048.66",1064684,1116490610.05,15184.0,697605.0,65.52
HDFCBANK,EQ,11-Jan-2016,"1,062.35","1,052.05","1,061.00","1,045.30","1,058.50","1,058.60","1,054.79",822228,867277033.6,15787.0,438928.0,53.38
HDFCBANK,EQ,08-Jan-2016,"1,056.20","1,061.95","1,064.50","1,057.25","1,062.00","1,062.35","1,060.70",872089,925028875.4,14069.0,619723.0,71.06
HDFCBANK,EQ,07-Jan-2016,"1,067.10","1,060.10","1,064.90","1,049.70","1,052.55","1,056.20","1,058.00",1513857,1601665276.75,27942.0,906608.0,59.89
HDFCBANK,EQ,06-Jan-2016,"1,062.40","1,056.65","1,076.75","1,056.65","1,067.55","1,067.10","1,068.90",1041384,1113135705.65,18189.0,618430.0,59.39
HDFCBANK,EQ,05-Jan-2016,"1,070.50","1,070.20","1,074.80","1,061.35","1,062.00","1,062.40","1,066.11",790218,842460349.8,14980.0,362605.0,45.89
HDFCBANK,EQ,04-Jan-2016,"1,088.75","1,084.00","1,084.00","1,068.10","1,068.50","1,070.50","1,073.26",1296884,1391887351.0,29955.0,828535.0,63.89
HDFCBANK,EQ,01-Jan-2016,"1,082.15","1,082.40","1,090.25","1,076.15","1,088.70","1,088.75","1,086.44",798769,867817021.4,11330.0,448219.0,56.11
HDFCBANK,EQ,31-Dec-2015,"1,074.30","1,075.00","1,084.90","1,075.00","1,081.65","1,082.15","1,081.80",2322502,2512484570.75,17436.0,1837744.0,79.13
HDFCBANK,EQ,29-Dec-2017,"1,878.05","1,876.80","1,879.20","1,868.15","1,871.40","1,872.40","1,873.42",1586468,2972120303.05,29466.0,1059416.0,66.78
HDFCBANK,EQ,28-Dec-2017,"1,856.75","1,858.90","1,880.90","1,858.00","1,870.05","1,878.05","1,873.07",2175130,4074175062.75,42854.0,1373463.0,63.14
HDFCBANK,EQ,27-Dec-2017,"1,868.35","1,870.10","1,870.30","1,851.15","1,852.50","1,856.75","1,863.90",872346,1625967980.3,21881.0,569939.0,65.33
HDFCBANK,EQ,26-Dec-2017,"1,876.65","1,881.00","1,882.80","1,856.70","1,870.00","1,868.35","1,867.60",1696424,3168235275.05,23017.0,1186061.0,69.92
HDFCBANK,EQ,22-Dec-2017,"1,868.30","1,879.00","1,880.00","1,861.75","1,874.65","1,876.65","1,870.36",1117726,2090553505.8,46791.0,609701.0,54.55
HDFCBANK,EQ,21-Dec-2017,"1,868.15","1,879.90","1,885.00","1,865.20","1,866.05","1,868.30","1,871.04",1713636,3206288352.65,57272.0,1059344.0,61.82
HDFCBANK,EQ,20-Dec-2017,"1,884.50","1,898.90","1,903.10","1,863.65","1,866.35","1,868.15","1,885.29",2335876,4403801177.45,83598.0,1303739.0,55.81
HDFCBANK,EQ,19-Dec-2017,"1,878.95","1,879.80","1,893.65","1,876.15","1,886.95","1,884.50","1,884.02",1238028,2332475336.0,34874.0,666370.0,53.83
HDFCBANK,EQ,18-Dec-2017,"1,873.45","1,855.00","1,899.00","1,809.30","1,878.40","1,878.95","1,876.25",3074497,5768529010.9,46417.0,1558319.0,50.69
HDFCBANK,EQ,15-Dec-2017,"1,838.05","1,856.00","1,888.00","1,855.50","1,871.00","1,873.45","1,877.73",3112531,5844489331.25,68576.0,1845713.0,59.30
HDFCBANK,EQ,14-Dec-2017,"1,821.35","1,824.00","1,840.00","1,812.00","1,837.10","1,838.05","1,826.18",920773,1681496960.9,21825.0,441606.0,47.96
HDFCBANK,EQ,13-Dec-2017,"1,819.90","1,820.05","1,845.00","1,815.10","1,821.40","1,821.35","1,832.20",726865,1331763552.75,27628.0,270762.0,37.25
HDFCBANK,EQ,12-Dec-2017,"1,846.40","1,849.10","1,849.90","1,815.95","1,818.00","1,819.90","1,826.78",602647,1100901256.8,17546.0,315406.0,52.34
HDFCBANK,EQ,11-Dec-2017,"1,840.40","1,848.00","1,851.75","1,840.00","1,846.40","1,846.40","1,846.99",799558,1476774981.65,45584.0,490124.0,61.30
HDFCBANK,EQ,08-Dec-2017,"1,809.65","1,814.00","1,853.00","1,814.00","1,842.25","1,840.40","1,839.43",2239100,4118673540.75,38922.0,1482220.0,66.20
HDFCBANK,EQ,07-Dec-2017,"1,803.30","1,806.65","1,816.60","1,803.10","1,810.90","1,809.65","1,809.12",1057826,1913737162.85,49113.0,626080.0,59.19
HDFCBANK,EQ,06-Dec-2017,"1,820.45","1,819.95","1,821.35","1,799.00","1,799.30","1,803.30","1,809.42",1598780,2892866502.15,47014.0,1164494.0,72.84
HDFCBANK,EQ,05-Dec-2017,"1,834.10","1,826.00","1,828.55","1,807.00","1,824.90","1,820.45","1,818.21",973340,1769739387.85,30980.0,546351.0,56.13
HDFCBANK,EQ,04-Dec-2017,"1,848.20","1,854.90","1,854.90","1,830.10","1,836.30","1,834.10","1,840.43",910483,1675680713.0,36729.0,629502.0,69.14
HDFCBANK,EQ,01-Dec-2017,"1,853.70","1,854.90","1,860.00","1,844.10","1,850.85","1,848.20","1,850.81",964537,1785177398.1,39290.0,598556.0,62.06
HDFCBANK,EQ,30-Nov-2017,"1,873.30","1,868.70","1,873.95","1,840.00","1,852.75","1,853.70","1,859.89",1449078,2695122047.35,37220.0,770804.0,53.19
HDFCBANK,EQ,29-Nov-2017,"1,865.35","1,865.00","1,875.50","1,855.80","1,873.00","1,873.30","1,869.11",818646,1530142584.45,17331.0,476557.0,58.21
HDFCBANK,EQ,28-Nov-2017,"1,857.55","1,856.00","1,871.00","1,855.85","1,867.15","1,865.35","1,866.29",1272635,2375105182.85,44306.0,921267.0,72.39
HDFCBANK,EQ,27-Nov-2017,"1,851.40","1,849.00","1,862.00","1,845.60","1,860.15","1,857.55","1,852.09",967618,1792111671.55,75853.0,622801.0,64.36
HDFCBANK,EQ,24-Nov-2017,"1,842.85","1,843.00","1,857.80","1,841.00","1,857.50","1,851.40","1,848.31",1300921,2404501397.4,26271.0,979768.0,75.31
HDFCBANK,EQ,23-Nov-2017,"1,855.25","1,859.00","1,860.00","1,838.00","1,840.00","1,842.85","1,847.79",808145,1493278728.15,16903.0,492990.0,61.00
HDFCBANK,EQ,22-Nov-2017,"1,846.25","1,849.70","1,860.00","1,844.55","1,854.60","1,855.25","1,853.89",1415199,2623628896.95,31420.0,944319.0,66.73
HDFCBANK,EQ,21-Nov-2017,"1,838.15","1,837.45","1,850.00","1,836.10","1,848.00","1,846.25","1,845.41",568883,1049822787.25,17143.0,349608.0,61.46
HDFCBANK,EQ,20-Nov-2017,"1,825.55","1,829.00","1,839.70","1,829.00","1,836.05","1,838.15","1,836.08",598106,1098170760.45,30131.0,336543.0,56.27
HDFCBANK,EQ,17-Nov-2017,"1,807.70","1,828.70","1,838.30","1,813.15","1,822.00","1,825.55","1,827.72",1589693,2905508996.75,44931.0,797013.0,50.14
HDFCBANK,EQ,16-Nov-2017,"1,800.25","1,804.00","1,816.00","1,795.20","1,812.95","1,807.70","1,807.23",1003243,1813088828.0,32161.0,631891.0,62.98
HDFCBANK,EQ,15-Nov-2017,"1,802.35","1,798.00","1,803.65","1,788.00","1,799.25","1,800.25","1,796.37",1537092,2761182588.85,26862.0,1177181.0,76.58
HDFCBANK,EQ,14-Nov-2017,"1,813.55","1,815.90","1,819.00","1,800.00","1,801.35","1,802.35","1,805.86",1178117,2127513692.85,33880.0,898608.0,76.27
HDFCBANK,EQ,13-Nov-2017,"1,822.00","1,822.00","1,823.15","1,795.00","1,814.25","1,813.55","1,806.89",833968,1506888248.8,25953.0,529394.0,63.48
HDFCBANK,EQ,10-Nov-2017,"1,827.85","1,821.70","1,834.80","1,812.35","1,823.95","1,822.00","1,821.63",1936090,3526848073.95,22186.0,1525422.0,78.79
HDFCBANK,EQ,09-Nov-2017,"1,825.95","1,827.00","1,835.00","1,821.10","1,834.00","1,827.85","1,826.26",778327,1421424359.7,12695.0,381328.0,48.99
HDFCBANK,EQ,08-Nov-2017,"1,823.70","1,825.20","1,833.60","1,819.00","1,822.60","1,825.95","1,826.22",820786,1498935108.3,20749.0,498960.0,60.79
HDFCBANK,EQ,07-Nov-2017,"1,828.60","1,838.00","1,844.95","1,820.75","1,825.00","1,823.70","1,828.67",1861594,3404233842.3,41972.0,1396048.0,74.99
HDFCBANK,EQ,06-Nov-2017,"1,830.70","1,825.00","1,840.00","1,822.60","1,828.00","1,828.60","1,833.27",1537061,2817847902.95,51333.0,821944.0,53.48
HDFCBANK,EQ,03-Nov-2017,"1,822.10","1,825.70","1,840.00","1,821.60","1,830.00","1,830.70","1,829.95",952622,1743253303.15,50442.0,561501.0,58.94
HDFCBANK,EQ,02-Nov-2017,"1,821.20","1,823.00","1,829.80","1,816.95","1,820.00","1,822.10","1,822.05",1184486,2158197543.05,30785.0,739301.0,62.42
HDFCBANK,EQ,01-Nov-2017,"1,808.50","1,815.10","1,825.00","1,812.00","1,822.50","1,821.20","1,819.30",1047653,1905990950.35,26503.0,573002.0,54.69
HDFCBANK,EQ,31-Oct-2017,"1,815.00","1,811.50","1,811.50","1,799.25","1,809.45","1,808.50","1,805.20",1170615,2113192779.85,55768.0,722914.0,61.76
HDFCBANK,EQ,30-Oct-2017,"1,791.05","1,798.25","1,816.00","1,792.40","1,815.75","1,815.00","1,805.49",1355588,2447503452.15,27755.0,880144.0,64.93
HDFCBANK,EQ,27-Oct-2017,"1,795.35","1,804.40","1,807.50","1,779.00","1,787.90","1,791.05","1,792.86",1868022,3349109113.65,49615.0,1118984.0,59.90
HDFCBANK,EQ,26-Oct-2017,"1,795.10","1,768.00","1,810.00","1,757.85","1,791.70","1,795.35","1,789.19",7142866,12779964395.95,184420.0,4974132.0,69.64
HDFCBANK,EQ,25-Oct-2017,"1,867.10","1,860.00","1,863.00","1,785.00","1,795.15","1,795.10","1,800.74",5341802,9619220470.25,173315.0,3343490.0,62.59
HDFCBANK,EQ,24-Oct-2017,"1,863.30","1,863.00","1,879.60","1,853.00","1,866.55","1,867.10","1,866.12",2832218,5285245263.55,66436.0,848580.0,29.96
HDFCBANK,EQ,23-Oct-2017,"1,848.40","1,859.90","1,869.70","1,836.05","1,865.85","1,863.30","1,850.99",1040723,1926372969.3,30073.0,581885.0,55.91
HDFCBANK,EQ,19-Oct-2017,"1,868.50","1,861.80","1,865.00","1,840.65","1,845.00","1,848.40","1,853.98",142502,264195241.2,5682.0,69002.0,48.42
HDFCBANK,EQ,18-Oct-2017,"1,851.25","1,841.00","1,875.00","1,839.00","1,866.25","1,868.50","1,864.24",981680,1830089740.8,21247.0,454935.0,46.34
HDFCBANK,EQ,17-Oct-2017,"1,857.15","1,850.00","1,853.70","1,839.10","1,848.95","1,851.25","1,848.53",653322,1207682521.05,21579.0,286796.0,43.90
HDFCBANK,EQ,16-Oct-2017,"1,850.80","1,860.00","1,873.25","1,842.00","1,854.15","1,857.15","1,857.21",818636,1520380114.65,17387.0,282082.0,34.46
HDFCBANK,EQ,13-Oct-2017,"1,818.80","1,826.70","1,856.55","1,822.00","1,848.90","1,850.80","1,845.91",1608366,2968902053.05,38331.0,921394.0,57.29
HDFCBANK,EQ,12-Oct-2017,"1,790.15","1,795.10","1,821.45","1,788.00","1,820.00","1,818.80","1,805.42",1345390,2428990122.5,20722.0,650121.0,48.32
HDFCBANK,EQ,11-Oct-2017,"1,802.70","1,803.25","1,815.25","1,787.60","1,789.00","1,790.15","1,802.03",1316860,2373017278.75,36368.0,902433.0,68.53
HDFCBANK,EQ,10-Oct-2017,"1,795.50","1,799.00","1,814.95","1,792.65","1,800.00","1,802.70","1,806.18",949545,1715046387.4,30047.0,516925.0,54.44
HDFCBANK,EQ,09-Oct-2017,"1,800.10","1,798.80","1,803.00","1,790.50","1,795.15","1,795.50","1,797.35",765623,1376094774.5,27930.0,520471.0,67.98
HDFCBANK,EQ,06-Oct-2017,"1,798.60","1,798.00","1,804.45","1,794.00","1,799.95","1,800.10","1,799.53",757665,1363439873.3,24959.0,376128.0,49.64
HDFCBANK,EQ,05-Oct-2017,"1,797.00","1,795.00","1,805.00","1,793.10","1,798.80","1,798.60","1,800.40",834049,1501622831.9,38155.0,427038.0,51.20
HDFCBANK,EQ,04-Oct-2017,"1,808.85","1,807.90","1,811.90","1,793.35","1,794.00","1,797.00","1,804.18",1656276,2988217758.3,25580.0,1215255.0,73.37
HDFCBANK,EQ,03-Oct-2017,"1,805.70","1,808.00","1,821.00","1,797.10","1,810.20","1,808.85","1,811.27",1098606,1989876645.7,34504.0,589947.0,53.70
HDFCBANK,EQ,29-Sep-2017,"1,795.30","1,800.10","1,822.00","1,796.25","1,800.05","1,805.70","1,812.45",1553408,2815470649.5,58153.0,1016550.0,65.44
HDFCBANK,EQ,28-Sep-2017,"1,776.50","1,774.00","1,799.00","1,763.30","1,795.00","1,795.30","1,789.02",6911616,12365024438.9,97472.0,3794792.0,54.90
HDFCBANK,EQ,27-Sep-2017,"1,792.30","1,796.00","1,805.60","1,770.00","1,780.55","1,776.50","1,779.35",1834305,3263870334.3,50529.0,1187303.0,64.73
HDFCBANK,EQ,26-Sep-2017,"1,799.75","1,789.05","1,796.60","1,785.00","1,791.00","1,792.30","1,790.07",2859683,5119024677.3,69670.0,2089818.0,73.08
HDFCBANK,EQ,25-Sep-2017,"1,824.10","1,822.45","1,822.45","1,792.60","1,798.80","1,799.75","1,802.36",2537307,4573149061.6,86102.0,1735249.0,68.39
HDFCBANK,EQ,22-Sep-2017,"1,839.10","1,834.80","1,838.95","1,820.00","1,823.00","1,824.10","1,826.77",2060881,3764746963.9,52897.0,1491250.0,72.36
HDFCBANK,EQ,21-Sep-2017,"1,848.85","1,848.00","1,848.50","1,830.70","1,843.00","1,839.10","1,839.29",1928124,3546374079.25,50920.0,1006098.0,52.18
HDFCBANK,EQ,20-Sep-2017,"1,849.70","1,848.00","1,861.45","1,845.25","1,850.00","1,848.85","1,850.15",861532,1593967559.2,26905.0,579361.0,67.25
HDFCBANK,EQ,19-Sep-2017,"1,860.45","1,864.90","1,868.00","1,847.55","1,847.55","1,849.70","1,858.58",1060367,1970780896.0,23565.0,684467.0,64.55
HDFCBANK,EQ,18-Sep-2017,"1,848.95","1,853.55","1,864.45","1,852.50","1,860.00","1,860.45","1,861.58",1021232,1901109128.2,29374.0,754277.0,73.86
HDFCBANK,EQ,15-Sep-2017,"1,839.40","1,836.00","1,851.80","1,833.45","1,850.00","1,848.95","1,845.98",941833,1738607041.2,24200.0,487645.0,51.78
HDFCBANK,EQ,14-Sep-2017,"1,841.85","1,840.15","1,852.50","1,831.50","1,840.00","1,839.40","1,839.93",2038504,3750701010.7,29517.0,557209.0,27.33
HDFCBANK,EQ,13-Sep-2017,"1,835.20","1,835.00","1,849.00","1,824.00","1,843.25","1,841.85","1,841.58",1248844,2299847291.95,30091.0,657075.0,52.61
HDFCBANK,EQ,12-Sep-2017,"1,823.35","1,827.70","1,839.90","1,818.30","1,837.10","1,835.20","1,833.12",1671920,3064825860.1,67989.0,919925.0,55.02
HDFCBANK,EQ,11-Sep-2017,"1,787.65","1,793.00","1,829.00","1,790.20","1,822.00","1,823.35","1,816.72",2869419,5212939744.6,88980.0,1733975.0,60.43
HDFCBANK,EQ,08-Sep-2017,"1,766.55","1,773.40","1,790.00","1,771.00","1,785.00","1,787.65","1,781.89",2077916,3702622520.6,33955.0,1234323.0,59.40
HDFCBANK,EQ,07-Sep-2017,"1,759.90","1,760.10","1,776.75","1,760.10","1,765.25","1,766.55","1,766.63",1736605,3067935845.9,27641.0,605806.0,34.88
HDFCBANK,EQ,06-Sep-2017,"1,755.35","1,743.75","1,762.80","1,738.00","1,761.55","1,759.90","1,753.59",1437908,2521503245.4,24340.0,869626.0,60.48
HDFCBANK,EQ,05-Sep-2017,"1,750.90","1,757.00","1,764.90","1,751.00","1,755.00","1,755.35","1,757.77",920609,1618215150.85,24788.0,439271.0,47.72
HDFCBANK,EQ,04-Sep-2017,"1,767.60","1,765.00","1,765.00","1,746.10","1,750.00","1,750.90","1,752.37",910631,1595764535.85,31359.0,527482.0,57.92
HDFCBANK,EQ,01-Sep-2017,"1,776.45","1,781.00","1,781.45","1,761.10","1,765.00","1,767.60","1,771.67",573793,1016570200.0,19096.0,240856.0,41.98
HDFCBANK,EQ,31-Aug-2017,"1,768.55","1,772.00","1,779.85","1,756.40","1,769.00","1,776.45","1,772.21",1825859,3235800483.15,36463.0,844787.0,46.27
HDFCBANK,EQ,30-Aug-2017,"1,746.15","1,751.95","1,770.00","1,750.05","1,769.65","1,768.55","1,763.86",673580,1188103641.85,18278.0,340011.0,50.48
HDFCBANK,EQ,29-Aug-2017,"1,762.25","1,759.00","1,759.00","1,738.00","1,748.95","1,746.15","1,744.10",1229649,2144630136.0,25477.0,657465.0,53.47
HDFCBANK,EQ,28-Aug-2017,"1,762.50","1,762.40","1,771.15","1,758.35","1,759.75","1,762.25","1,764.02",376946,664940795.75,18676.0,164586.0,43.66
HDFCBANK,EQ,24-Aug-2017,"1,772.45","1,774.90","1,774.95","1,759.15","1,767.50","1,762.50","1,764.17",1969569,3474659289.25,29178.0,584539.0,29.68
HDFCBANK,EQ,23-Aug-2017,"1,747.00","1,750.00","1,777.95","1,750.00","1,769.10","1,772.45","1,767.91",840131,1485274496.2,28305.0,449582.0,53.51
HDFCBANK,EQ,22-Aug-2017,"1,743.20","1,751.30","1,754.00","1,736.80","1,748.55","1,747.00","1,744.99",1652389,2883401579.9,61483.0,1038533.0,62.85
HDFCBANK,EQ,21-Aug-2017,"1,752.15","1,754.00","1,759.00","1,738.20","1,742.15","1,743.20","1,747.56",1002431,1751811096.15,29000.0,652267.0,65.07
HDFCBANK,EQ,18-Aug-2017,"1,765.40","1,760.00","1,761.00","1,743.00","1,754.25","1,752.15","1,750.79",926866,1622750045.0,32410.0,591150.0,63.78
HDFCBANK,EQ,17-Aug-2017,"1,781.25","1,776.25","1,780.95","1,753.75","1,768.00","1,765.40","1,770.23",1363717,2414091935.05,28952.0,430581.0,31.57
HDFCBANK,EQ,16-Aug-2017,"1,757.20","1,762.35","1,789.80","1,748.55","1,780.00","1,781.25","1,771.34",1106708,1960350803.55,33007.0,548143.0,49.53
HDFCBANK,EQ,14-Aug-2017,"1,749.05","1,753.00","1,774.95","1,748.00","1,756.00","1,757.20","1,763.29",894271,1576861460.0,29948.0,381974.0,42.71
HDFCBANK,EQ,11-Aug-2017,"1,760.45","1,745.00","1,758.00","1,731.15","1,751.55","1,749.05","1,745.33",1589959,2775004879.35,44760.0,933883.0,58.74
HDFCBANK,EQ,10-Aug-2017,"1,764.45","1,760.00","1,766.00","1,752.85","1,759.90","1,760.45","1,759.88",1947111,3426688670.75,25032.0,824172.0,42.33
HDFCBANK,EQ,09-Aug-2017,"1,777.90","1,771.00","1,777.05","1,758.35","1,764.85","1,764.45","1,765.73",817514,1443509253.85,28969.0,367123.0,44.91
HDFCBANK,EQ,08-Aug-2017,"1,788.55","1,792.10","1,797.25","1,766.10","1,776.20","1,777.90","1,777.66",1008843,1793381528.15,22100.0,480607.0,47.64
HDFCBANK,EQ,07-Aug-2017,"1,790.25","1,786.00","1,796.45","1,785.00","1,788.95","1,788.55","1,788.90",479665,858070796.5,23375.0,258332.0,53.86
HDFCBANK,EQ,04-Aug-2017,"1,779.95","1,777.00","1,796.75","1,766.15","1,788.00","1,790.25","1,783.23",886267,1580414900.5,27909.0,492301.0,55.55
HDFCBANK,EQ,03-Aug-2017,"1,791.65","1,788.00","1,792.00","1,774.40","1,777.00","1,779.95","1,784.16",1064196,1898691929.45,40189.0,532455.0,50.03
HDFCBANK,EQ,02-Aug-2017,"1,797.20","1,807.00","1,807.00","1,782.05","1,789.40","1,791.65","1,793.32",1849479,3316710577.8,28704.0,1073262.0,58.03
HDFCBANK,EQ,01-Aug-2017,"1,784.40","1,781.85","1,809.15","1,772.20","1,806.00","1,797.20","1,787.29",2129215,3805526020.35,39634.0,1331147.0,62.52
HDFCBANK,EQ,31-Jul-2017,"1,778.50","1,777.55","1,791.00","1,766.55","1,782.00","1,784.40","1,778.40",1842285,3276319757.45,29449.0,1101211.0,59.77
HDFCBANK,EQ,28-Jul-2017,"1,789.65","1,772.00","1,786.50","1,761.10","1,774.40","1,778.50","1,773.42",2313849,4103424871.75,75518.0,1381677.0,59.71
HDFCBANK,EQ,27-Jul-2017,"1,747.55","1,756.00","1,798.80","1,751.55","1,785.10","1,789.65","1,783.31",4490428,8007829721.7,53641.0,2776563.0,61.83
HDFCBANK,EQ,26-Jul-2017,"1,739.65","1,742.00","1,755.00","1,732.50","1,751.25","1,747.55","1,743.52",973836,1697904581.95,30206.0,460853.0,47.32
HDFCBANK,EQ,25-Jul-2017,"1,735.10","1,759.00","1,759.00","1,733.05","1,735.85","1,739.65","1,746.35",2790117,4872510632.75,58567.0,1401306.0,50.22
HDFCBANK,EQ,24-Jul-2017,"1,703.05","1,710.00","1,740.00","1,695.00","1,736.20","1,735.10","1,722.12",4919544,8472024384.4,120635.0,1776089.0,36.10
HDFCBANK,EQ,21-Jul-2017,"1,710.90","1,714.10","1,715.25","1,700.00","1,703.25","1,703.05","1,708.42",968377,1654392958.35,21353.0,438841.0,45.32
HDFCBANK,EQ,20-Jul-2017,"1,692.30","1,693.90","1,715.00","1,688.15","1,712.00","1,710.90","1,701.51",924619,1573246423.25,29260.0,475755.0,51.45
HDFCBANK,EQ,19-Jul-2017,"1,683.55","1,685.00","1,696.20","1,681.85","1,691.40","1,692.30","1,691.79",996811,1686392425.5,23454.0,496495.0,49.81
HDFCBANK,EQ,18-Jul-2017,"1,682.35","1,679.70","1,687.85","1,677.35","1,685.00","1,683.55","1,683.26",580547,977209674.65,20192.0,275144.0,47.39
HDFCBANK,EQ,17-Jul-2017,"1,679.95","1,682.55","1,687.65","1,677.00","1,685.00","1,682.35","1,681.96",599835,1008899560.35,15125.0,382911.0,63.84
HDFCBANK,EQ,14-Jul-2017,"1,683.55","1,683.90","1,686.05","1,672.00","1,682.00","1,679.95","1,677.65",610813,1024730172.4,19545.0,245408.0,40.18
HDFCBANK,EQ,13-Jul-2017,"1,681.25","1,688.00","1,693.30","1,679.65","1,681.05","1,683.55","1,687.47",1120251,1890389586.05,38013.0,794284.0,70.90
HDFCBANK,EQ,12-Jul-2017,"1,680.40","1,680.00","1,685.00","1,658.55","1,680.55","1,681.25","1,675.45",1434723,2403800089.65,39173.0,807682.0,56.30
HDFCBANK,EQ,11-Jul-2017,"1,676.35","1,677.55","1,690.80","1,667.10","1,676.15","1,680.40","1,681.60",1102570,1854082214.5,46609.0,683669.0,62.01
HDFCBANK,EQ,10-Jul-2017,"1,667.20","1,670.70","1,748.00","1,661.05","1,674.00","1,676.35","1,674.39",334769,560535368.7,6377.0,189620.0,56.64
HDFCBANK,EQ,07-Jul-2017,"1,658.15","1,660.85","1,669.60","1,658.00","1,665.00","1,667.20","1,663.38",1379349,2294376290.9,34523.0,989181.0,71.71
HDFCBANK,EQ,06-Jul-2017,"1,648.75","1,652.55","1,663.00","1,651.35","1,658.95","1,658.15","1,658.74",1142919,1895807617.7,36276.0,826102.0,72.28
HDFCBANK,EQ,05-Jul-2017,"1,653.35","1,653.10","1,659.50","1,645.00","1,647.15","1,648.75","1,651.02",1003550,1656877513.35,33969.0,745305.0,74.27
HDFCBANK,EQ,04-Jul-2017,"1,658.60","1,660.25","1,666.70","1,652.00","1,653.00","1,653.35","1,656.45",941520,1559578817.2,29651.0,629966.0,66.91
HDFCBANK,EQ,03-Jul-2017,"1,652.05","1,652.60","1,667.50","1,647.25","1,660.00","1,658.60","1,658.07",876083,1452603241.7,29692.0,555332.0,63.39
HDFCBANK,EQ,30-Jun-2017,"1,663.05","1,653.80","1,660.00","1,643.00","1,654.85","1,652.05","1,654.33",1082608,1790989876.0,20154.0,686217.0,63.39
HDFCBANK,EQ,29-Jun-2017,"1,666.45","1,667.00","1,681.90","1,651.10","1,655.00","1,663.05","1,666.21",2296927,3827159036.6,41505.0,1515335.0,65.97
HDFCBANK,EQ,28-Jun-2017,"1,667.65","1,665.00","1,675.00","1,657.80","1,666.50","1,666.45","1,666.08",1112259,1853114829.75,33276.0,759351.0,68.27
HDFCBANK,EQ,27-Jun-2017,"1,678.65","1,689.00","1,695.00","1,656.25","1,667.55","1,667.65","1,673.41",1500108,2510290432.5,41978.0,966813.0,64.45
HDFCBANK,EQ,23-Jun-2017,"1,698.00","1,702.00","1,702.75","1,675.20","1,681.10","1,678.65","1,684.39",1304367,2197062163.5,40032.0,835308.0,64.04
HDFCBANK,EQ,22-Jun-2017,"1,698.70","1,694.95","1,716.00","1,691.20","1,699.00","1,698.00","1,705.36",1668865,2846016910.1,47395.0,870934.0,52.19
HDFCBANK,EQ,21-Jun-2017,"1,686.55","1,682.60","1,701.25","1,679.60","1,696.90","1,698.70","1,692.56",852733,1443298486.5,13383.0,435777.0,51.10
HDFCBANK,EQ,20-Jun-2017,"1,692.90","1,690.00","1,694.00","1,679.85","1,681.55","1,686.55","1,686.31",915066,1543084685.5,22817.0,675274.0,73.80
HDFCBANK,EQ,19-Jun-2017,"1,669.25","1,671.00","1,696.00","1,668.40","1,690.70","1,692.90","1,683.38",956383,1609958237.65,26370.0,581131.0,60.76
HDFCBANK,EQ,16-Jun-2017,"1,664.35","1,665.00","1,674.70","1,658.10","1,667.00","1,669.25","1,665.86",938776,1563872404.55,18765.0,583858.0,62.19
HDFCBANK,EQ,15-Jun-2017,"1,671.20","1,668.00","1,675.60","1,653.60","1,665.00","1,664.35","1,662.08",881673,1465414452.25,17284.0,530656.0,60.19
HDFCBANK,EQ,14-Jun-2017,"1,676.70","1,675.00","1,679.95","1,667.00","1,672.85","1,671.20","1,672.03",964590,1612824040.55,27840.0,714323.0,74.05
HDFCBANK,EQ,13-Jun-2017,"1,668.75","1,661.75","1,691.90","1,661.00","1,674.00","1,676.70","1,680.14",1262905,2121860290.15,37080.0,831771.0,65.86
HDFCBANK,EQ,12-Jun-2017,"1,666.80","1,664.00","1,676.00","1,660.00","1,666.00","1,668.75","1,666.54",992853,1654628890.15,40006.0,658975.0,66.37
HDFCBANK,EQ,09-Jun-2017,"1,644.75","1,640.10","1,670.00","1,640.10","1,669.90","1,666.80","1,660.39",1326318,2202209561.65,41645.0,878389.0,66.23
HDFCBANK,EQ,08-Jun-2017,"1,640.80","1,643.90","1,659.40","1,641.65","1,643.60","1,644.75","1,648.30",1062192,1750808057.65,25728.0,582580.0,54.85
HDFCBANK,EQ,07-Jun-2017,"1,638.95","1,640.40","1,644.90","1,630.35","1,641.30","1,640.80","1,638.26",638569,1046138986.8,28344.0,447948.0,70.15
HDFCBANK,EQ,06-Jun-2017,"1,635.55","1,635.00","1,643.80","1,630.00","1,639.00","1,638.95","1,638.50",1250658,2049200642.3,14396.0,921531.0,73.68
HDFCBANK,EQ,05-Jun-2017,"1,634.25","1,633.70","1,638.95","1,625.00","1,638.50","1,635.55","1,633.27",724975,1184083532.85,14700.0,327218.0,45.14
HDFCBANK,EQ,02-Jun-2017,"1,628.60","1,634.00","1,646.10","1,626.20","1,631.85","1,634.25","1,636.04",803386,1314369622.75,17867.0,390838.0,48.65
HDFCBANK,EQ,01-Jun-2017,"1,636.20","1,639.00","1,639.85","1,620.55","1,627.00","1,628.60","1,630.91",839885,1369779680.1,21114.0,481729.0,57.36
HDFCBANK,EQ,31-May-2017,"1,629.05","1,625.00","1,643.00","1,623.15","1,640.00","1,636.20","1,631.48",1329728,2169429926.8,18717.0,926698.0,69.69
HDFCBANK,EQ,30-May-2017,"1,631.90","1,630.00","1,633.50","1,616.15","1,631.40","1,629.05","1,622.75",1108546,1798890005.0,26377.0,592343.0,53.43
HDFCBANK,EQ,29-May-2017,"1,626.00","1,619.80","1,648.00","1,617.65","1,626.65","1,631.90","1,634.94",1479085,2418209870.85,48257.0,924191.0,62.48
HDFCBANK,EQ,26-May-2017,"1,617.15","1,606.65","1,632.00","1,601.10","1,623.00","1,626.00","1,617.56",1360789,2201159155.0,31085.0,754482.0,55.44
HDFCBANK,EQ,25-May-2017,"1,566.75","1,567.10","1,629.40","1,567.10","1,613.25","1,617.15","1,605.26",5022701,8062757340.0,60075.0,3585041.0,71.38
HDFCBANK,EQ,24-May-2017,"1,569.10","1,569.05","1,575.45","1,562.00","1,567.00","1,566.75","1,566.76",866847,1358143699.6,34901.0,615909.0,71.05
HDFCBANK,EQ,23-May-2017,"1,576.00","1,580.00","1,583.55","1,565.00","1,569.00","1,569.10","1,575.09",770043,1212889747.95,17873.0,489628.0,63.58
HDFCBANK,EQ,22-May-2017,"1,561.25","1,565.10","1,580.00","1,563.10","1,579.00","1,576.00","1,572.46",715013,1124331912.15,24974.0,413491.0,57.83
HDFCBANK,EQ,19-May-2017,"1,557.10","1,559.50","1,569.90","1,545.25","1,568.05","1,561.25","1,556.93",713534,1110925609.25,18458.0,296680.0,41.58
HDFCBANK,EQ,18-May-2017,"1,557.15","1,549.00","1,561.50","1,548.10","1,557.50","1,557.10","1,556.99",776820,1209499656.15,13648.0,518101.0,66.70
HDFCBANK,EQ,17-May-2017,"1,559.65","1,558.80","1,565.40","1,551.50","1,557.50","1,557.15","1,557.51",868118,1352102516.9,32732.0,367931.0,42.38
HDFCBANK,EQ,16-May-2017,"1,553.40","1,555.00","1,562.00","1,548.25","1,561.85","1,559.65","1,555.11",897594,1395856787.25,21073.0,347734.0,38.74
HDFCBANK,EQ,15-May-2017,"1,551.65","1,550.00","1,557.20","1,542.25","1,553.00","1,553.40","1,550.73",701195,1087367599.8,15104.0,309282.0,44.11
HDFCBANK,EQ,12-May-2017,"1,546.40","1,545.90","1,556.90","1,536.20","1,554.00","1,551.65","1,542.32",1536901,2370390260.75,18358.0,995615.0,64.78
HDFCBANK,EQ,11-May-2017,"1,551.80","1,551.00","1,560.00","1,541.00","1,543.00","1,546.40","1,551.42",968936,1503227834.75,26482.0,628863.0,64.90
HDFCBANK,EQ,10-May-2017,"1,535.75","1,540.00","1,555.00","1,537.05","1,554.00","1,551.80","1,548.16",585561,906540275.6,11399.0,308047.0,52.61
HDFCBANK,EQ,09-May-2017,"1,534.80","1,534.80","1,545.60","1,532.65","1,533.90","1,535.75","1,537.87",836459,1286367997.95,25182.0,595730.0,71.22
HDFCBANK,EQ,08-May-2017,"1,532.20","1,538.00","1,540.00","1,528.55","1,532.60","1,534.80","1,533.56",936813,1436656654.5,35872.0,603334.0,64.40
HDFCBANK,EQ,05-May-2017,"1,534.80","1,542.10","1,542.90","1,526.30","1,531.00","1,532.20","1,531.86",689474,1056176850.6,20311.0,322076.0,46.71
HDFCBANK,EQ,04-May-2017,"1,544.30","1,539.25","1,542.90","1,522.60","1,533.50","1,534.80","1,529.35",1282757,1961782631.7,28722.0,768776.0,59.93
HDFCBANK,EQ,03-May-2017,"1,540.60","1,554.25","1,554.25","1,539.35","1,541.05","1,544.30","1,543.93",626991,968031267.2,13977.0,329255.0,52.51
HDFCBANK,EQ,02-May-2017,"1,546.50","1,547.00","1,550.90","1,530.35","1,542.85","1,540.60","1,540.81",1001760,1543518049.65,17111.0,654978.0,65.38
HDFCBANK,EQ,28-Apr-2017,"1,568.60","1,559.90","1,559.90","1,537.10","1,545.00","1,546.50","1,544.82",1359432,2100076746.55,25722.0,886321.0,65.20
HDFCBANK,EQ,27-Apr-2017,"1,550.65","1,546.10","1,573.95","1,546.10","1,554.00","1,568.60","1,565.15",4045105,6331191310.55,41855.0,2592498.0,64.09
HDFCBANK,EQ,26-Apr-2017,"1,537.05","1,542.95","1,553.00","1,468.45","1,552.95","1,550.65","1,546.13",1948963,3013353454.5,41591.0,986789.0,50.63
HDFCBANK,EQ,25-Apr-2017,"1,533.05","1,535.05","1,545.50","1,529.60","1,539.25","1,537.05","1,537.68",2264445,3481999951.5,45495.0,1540233.0,68.02
HDFCBANK,EQ,24-Apr-2017,"1,496.60","1,498.10","1,539.00","1,497.00","1,532.00","1,533.05","1,527.25",5051738,7715254332.15,75353.0,2709081.0,53.63
HDFCBANK,EQ,21-Apr-2017,"1,462.15","1,466.00","1,499.00","1,453.30","1,498.70","1,496.60","1,482.06",4314508,6394353241.15,76583.0,1477591.0,34.25
HDFCBANK,EQ,20-Apr-2017,"1,449.00","1,453.00","1,466.05","1,452.95","1,462.30","1,462.15","1,461.72",1445343,2112688671.3,38616.0,991155.0,68.58
HDFCBANK,EQ,19-Apr-2017,"1,447.30","1,447.00","1,456.75","1,438.00","1,453.00","1,449.00","1,446.58",1084536,1568870622.8,16418.0,648996.0,59.84
HDFCBANK,EQ,18-Apr-2017,"1,436.80","1,440.00","1,455.00","1,438.00","1,443.20","1,447.30","1,448.74",909715,1317941331.8,14523.0,541319.0,59.50
HDFCBANK,EQ,17-Apr-2017,"1,440.30","1,440.30","1,443.80","1,428.25","1,439.55","1,436.80","1,433.42",1784264,2557590931.55,29050.0,1323652.0,74.18
HDFCBANK,EQ,13-Apr-2017,"1,443.70","1,443.00","1,448.90","1,437.05","1,440.00","1,440.30","1,441.73",1201059,1731604795.5,13282.0,983766.0,81.91
HDFCBANK,EQ,12-Apr-2017,"1,439.50","1,439.00","1,449.95","1,435.50","1,441.25","1,443.70","1,443.60",891273,1286645981.95,22330.0,469695.0,52.70
HDFCBANK,EQ,11-Apr-2017,"1,434.15","1,434.00","1,441.20","1,431.50","1,436.00","1,439.50","1,436.05",1089065,1563952789.0,23156.0,783544.0,71.95
HDFCBANK,EQ,10-Apr-2017,"1,438.85","1,443.00","1,443.00","1,432.65","1,435.00","1,434.15","1,436.68",848469,1218980808.25,16093.0,461930.0,54.44
HDFCBANK,EQ,07-Apr-2017,"1,438.50","1,431.05","1,445.00","1,428.60","1,440.00","1,438.85","1,439.23",1162090,1672516779.15,27610.0,759058.0,65.32
HDFCBANK,EQ,06-Apr-2017,"1,432.35","1,431.50","1,443.00","1,425.05","1,435.35","1,438.50","1,434.76",1531104,2196759338.35,27986.0,1041786.0,68.04
HDFCBANK,EQ,05-Apr-2017,"1,433.20","1,435.25","1,446.50","1,427.55","1,427.55","1,432.35","1,437.51",1436020,2064295266.45,26605.0,950922.0,66.22
HDFCBANK,EQ,03-Apr-2017,"1,442.55","1,446.00","1,450.10","1,426.00","1,430.90","1,433.20","1,433.35",1037263,1486760001.6,18222.0,575290.0,55.46
HDFCBANK,EQ,31-Mar-2017,"1,466.20","1,453.80","1,454.00","1,436.55","1,440.00","1,442.55","1,442.01",2412848,3479360861.7,38453.0,1474512.0,61.11
HDFCBANK,EQ,30-Mar-2017,"1,428.60","1,428.00","1,479.95","1,425.05","1,460.00","1,466.20","1,462.08",8580273,12545027532.35,56068.0,5774278.0,67.30
HDFCBANK,EQ,29-Mar-2017,"1,420.20","1,420.80","1,434.80","1,420.00","1,429.55","1,428.60","1,428.63",2143943,3062897508.45,37466.0,1628982.0,75.98
HDFCBANK,EQ,28-Mar-2017,"1,409.85","1,418.30","1,424.70","1,413.10","1,421.10","1,420.20","1,421.69",2015350,2865203613.6,21101.0,1636848.0,81.22
HDFCBANK,EQ,27-Mar-2017,"1,424.35","1,424.00","1,424.00","1,404.05","1,411.95","1,409.85","1,412.28",1466021,2070426432.0,16394.0,964011.0,65.76
HDFCBANK,EQ,24-Mar-2017,"1,430.90","1,433.00","1,434.45","1,422.00","1,424.00","1,424.35","1,427.54",952591,1359861389.7,23104.0,571937.0,60.04
HDFCBANK,EQ,23-Mar-2017,"1,430.90","1,434.40","1,435.00","1,422.90","1,430.00","1,430.90","1,428.73",1230618,1758221773.05,17085.0,910367.0,73.98
HDFCBANK,EQ,22-Mar-2017,"1,440.95","1,427.70","1,437.00","1,425.80","1,429.00","1,430.90","1,430.73",1409136,2016093463.0,28928.0,909230.0,64.52
HDFCBANK,EQ,21-Mar-2017,"1,436.10","1,434.00","1,445.00","1,434.00","1,442.80","1,440.95","1,441.36",1389320,2002508334.65,25259.0,1026318.0,73.87
HDFCBANK,EQ,20-Mar-2017,"1,425.85","1,426.65","1,439.85","1,425.95","1,436.00","1,436.10","1,436.37",2035586,2923848080.9,16008.0,1674293.0,82.25
HDFCBANK,EQ,17-Mar-2017,"1,417.35","1,418.55","1,427.50","1,412.85","1,426.50","1,425.85","1,423.00",847616,1206153849.1,12971.0,512248.0,60.43
HDFCBANK,EQ,16-Mar-2017,"1,416.60","1,418.10","1,422.85","1,413.65","1,421.00","1,417.35","1,417.78",1245027,1765172286.9,25085.0,865624.0,69.53
HDFCBANK,EQ,15-Mar-2017,"1,410.70","1,410.95","1,420.00","1,410.55","1,418.95","1,416.60","1,415.42",1067965,1511621072.25,20324.0,789554.0,73.93
HDFCBANK,EQ,14-Mar-2017,"1,400.10","1,422.10","1,424.15","1,406.65","1,406.65","1,410.70","1,411.99",1788755,2525703810.15,27773.0,1293709.0,72.32
HDFCBANK,EQ,10-Mar-2017,"1,394.20","1,395.00","1,408.00","1,393.15","1,407.45","1,400.10","1,398.73",1465176,2049387073.75,31432.0,1044220.0,71.27
HDFCBANK,EQ,09-Mar-2017,"1,392.20","1,381.65","1,398.70","1,381.65","1,396.00","1,394.20","1,391.20",877329,1220543994.7,28876.0,513578.0,58.54
HDFCBANK,EQ,08-Mar-2017,"1,386.20","1,387.90","1,399.20","1,381.05","1,392.80","1,392.20","1,391.29",945536,1315514113.4,18651.0,613625.0,64.90
HDFCBANK,EQ,07-Mar-2017,"1,380.75","1,382.25","1,387.50","1,376.20","1,387.00","1,386.20","1,383.79",778219,1076892207.1,15376.0,527798.0,67.82
HDFCBANK,EQ,06-Mar-2017,"1,377.00","1,376.80","1,389.90","1,373.10","1,381.85","1,380.75","1,382.96",919781,1272017924.35,15174.0,690390.0,75.06
HDFCBANK,EQ,03-Mar-2017,"1,380.10","1,384.50","1,384.50","1,369.00","1,376.95","1,377.00","1,373.26",623206,855824200.45,14316.0,362325.0,58.14
HDFCBANK,EQ,02-Mar-2017,"1,391.65","1,394.55","1,396.00","1,376.25","1,377.15","1,380.10","1,388.39",1150497,1597333534.95,21120.0,642637.0,55.86
HDFCBANK,EQ,01-Mar-2017,"1,390.10","1,396.45","1,396.50","1,386.40","1,393.05","1,391.65","1,390.47",870434,1210310328.6,21777.0,527063.0,60.55
HDFCBANK,EQ,28-Feb-2017,"1,393.60","1,392.90","1,396.25","1,384.50","1,390.10","1,390.10","1,390.32",732002,1017716983.3,19486.0,419598.0,57.32
HDFCBANK,EQ,27-Feb-2017,"1,394.30","1,390.90","1,398.35","1,378.60","1,390.00","1,393.60","1,391.60",1170344,1628652070.8,30054.0,629694.0,53.80
HDFCBANK,EQ,23-Feb-2017,"1,399.15","1,403.80","1,421.35","1,387.05","1,391.00","1,394.30","1,404.96",8623745,12116054307.25,57150.0,5792871.0,67.17
HDFCBANK,EQ,22-Feb-2017,"1,415.55","1,415.00","1,418.80","1,394.85","1,403.80","1,399.15","1,406.18",1324194,1862053476.35,32386.0,682305.0,51.53
HDFCBANK,EQ,21-Feb-2017,"1,409.10","1,406.05","1,421.80","1,397.40","1,412.00","1,415.55","1,407.76",1565007,2203147449.7,29499.0,722851.0,46.19
HDFCBANK,EQ,20-Feb-2017,"1,377.05","1,361.20","1,415.45","1,359.15","1,411.35","1,409.10","1,391.53",2641679,3675966278.45,44489.0,1127250.0,42.67
HDFCBANK,EQ,17-Feb-2017,"1,327.90","1,445.00","1,454.00","1,360.45","1,375.00","1,377.05","1,418.39",100564990,142639995863.65,547304.0,66696831.0,66.32
HDFCBANK,EQ,16-Feb-2017,"1,322.20","1,323.00","1,333.00","1,320.25","1,328.25","1,327.90","1,327.69",1260925,1674116408.45,32225.0,786097.0,62.34
HDFCBANK,EQ,15-Feb-2017,"1,311.10","1,312.00","1,324.00","1,307.45","1,320.10","1,322.20","1,319.18",1531735,2020629387.15,30033.0,860763.0,56.20
HDFCBANK,EQ,14-Feb-2017,"1,310.20","1,314.00","1,314.00","1,304.00","1,312.25","1,311.10","1,310.53",611515,801406581.3,11044.0,388475.0,63.53
HDFCBANK,EQ,13-Feb-2017,"1,303.60","1,307.55","1,315.00","1,299.20","1,311.25","1,310.20","1,308.20",698948,914363830.45,13107.0,354175.0,50.67
HDFCBANK,EQ,10-Feb-2017,"1,297.65","1,298.35","1,308.75","1,298.00","1,306.95","1,303.60","1,303.18",824184,1074061038.1,18728.0,519927.0,63.08
HDFCBANK,EQ,09-Feb-2017,"1,305.65","1,309.40","1,319.90","1,292.55","1,299.70","1,297.65","1,300.43",1116344,1451723533.15,16802.0,697108.0,62.45
HDFCBANK,EQ,08-Feb-2017,"1,307.15","1,307.55","1,318.70","1,298.15","1,313.40","1,305.65","1,308.54",1235240,1616364467.85,18441.0,772127.0,62.51
HDFCBANK,EQ,07-Feb-2017,"1,314.10","1,316.00","1,318.00","1,302.95","1,307.00","1,307.15","1,308.36",852980,1116001220.6,10789.0,548839.0,64.34
HDFCBANK,EQ,06-Feb-2017,"1,311.05","1,312.30","1,320.00","1,311.45","1,313.75","1,314.10","1,315.54",1077555,1417569144.35,27295.0,663293.0,61.56
HDFCBANK,EQ,03-Feb-2017,"1,298.70","1,299.00","1,316.00","1,296.50","1,308.25","1,311.05","1,307.93",2001276,2617529578.8,34216.0,1177119.0,58.82
HDFCBANK,EQ,02-Feb-2017,"1,305.70","1,305.70","1,305.70","1,292.60","1,299.90","1,298.70","1,297.53",1492909,1937096728.05,41213.0,960795.0,64.36
HDFCBANK,EQ,01-Feb-2017,"1,286.65","1,286.20","1,310.00","1,280.50","1,307.05","1,305.70","1,296.22",2727666,3535647781.2,35707.0,1732314.0,63.51
HDFCBANK,EQ,31-Jan-2017,"1,284.95","1,282.40","1,292.70","1,277.00","1,284.00","1,286.65","1,286.42",1525260,1962118650.65,31674.0,1119635.0,73.41
HDFCBANK,EQ,30-Jan-2017,"1,291.90","1,292.95","1,292.95","1,280.55","1,283.00","1,284.95","1,284.17",1329907,1707832851.7,29492.0,921282.0,69.27
HDFCBANK,EQ,27-Jan-2017,"1,290.60","1,299.00","1,300.00","1,288.00","1,292.25","1,291.90","1,294.12",1713059,2216896148.85,44456.0,1236374.0,72.17
HDFCBANK,EQ,25-Jan-2017,"1,267.55","1,272.60","1,295.60","1,270.10","1,285.00","1,290.60","1,283.33",3909246,5016854203.8,43213.0,2729465.0,69.82
HDFCBANK,EQ,24-Jan-2017,"1,244.65","1,250.00","1,271.50","1,249.25","1,269.80","1,267.55","1,259.62",2565466,3231523373.65,42319.0,1317429.0,51.35
HDFCBANK,EQ,23-Jan-2017,"1,236.35","1,236.00","1,250.00","1,235.80","1,247.90","1,244.65","1,243.28",1198462,1490024964.2,16822.0,775795.0,64.73
HDFCBANK,EQ,20-Jan-2017,"1,236.30","1,236.00","1,245.00","1,230.00","1,236.00","1,236.35","1,236.63",3485517,4310295273.9,22849.0,1131929.0,32.48
HDFCBANK,EQ,19-Jan-2017,"1,242.60","1,244.90","1,244.90","1,235.00","1,236.00","1,236.30","1,238.18",878103,1087253693.5,17737.0,668532.0,76.13
HDFCBANK,EQ,18-Jan-2017,"1,238.50","1,240.90","1,256.00","1,240.85","1,245.00","1,242.60","1,245.98",1153222,1436889550.4,13935.0,830700.0,72.03
HDFCBANK,EQ,17-Jan-2017,"1,247.65","1,247.00","1,252.40","1,236.25","1,238.00","1,238.50","1,240.11",889903,1103576053.25,11938.0,645873.0,72.58
HDFCBANK,EQ,16-Jan-2017,"1,232.50","1,233.50","1,249.45","1,232.80","1,249.40","1,247.65","1,243.17",941466,1170399194.85,19324.0,560059.0,59.49
HDFCBANK,EQ,13-Jan-2017,"1,235.00","1,239.00","1,239.70","1,228.60","1,234.85","1,232.50","1,230.97",962603,1184938064.9,26665.0,641591.0,66.65
HDFCBANK,EQ,12-Jan-2017,"1,234.00","1,235.00","1,243.70","1,225.50","1,235.00","1,235.00","1,232.72",729079,898753543.6,16117.0,322314.0,44.21
HDFCBANK,EQ,11-Jan-2017,"1,214.35","1,217.50","1,238.10","1,215.50","1,230.60","1,234.00","1,229.29",2335851,2871447931.1,37280.0,1457613.0,62.40
HDFCBANK,EQ,10-Jan-2017,"1,195.20","1,196.20","1,216.80","1,195.30","1,215.80","1,214.35","1,208.44",1386529,1675530484.05,26856.0,743091.0,53.59
HDFCBANK,EQ,09-Jan-2017,"1,193.65","1,198.85","1,204.15","1,192.15","1,194.60","1,195.20","1,197.47",1143449,1369243562.65,32660.0,609266.0,53.28
HDFCBANK,EQ,06-Jan-2017,"1,186.20","1,190.10","1,198.40","1,188.20","1,194.50","1,193.65","1,192.99",1381315,1647897004.25,31658.0,878454.0,63.60
HDFCBANK,EQ,05-Jan-2017,"1,185.50","1,189.00","1,194.50","1,183.10","1,185.00","1,186.20","1,186.93",1694096,2010773873.45,35946.0,1138929.0,67.23
HDFCBANK,EQ,04-Jan-2017,"1,189.90","1,189.85","1,192.00","1,183.80","1,188.80","1,185.50","1,187.86",1741780,2068989959.75,28925.0,1227791.0,70.49
HDFCBANK,EQ,03-Jan-2017,"1,197.10","1,200.80","1,201.95","1,185.75","1,190.00","1,189.90","1,192.50",961875,1147035229.9,21734.0,574034.0,59.68
HDFCBANK,EQ,02-Jan-2017,"1,206.20","1,209.45","1,210.10","1,192.05","1,198.05","1,197.10","1,198.08",927164,1110816496.4,36225.0,531525.0,57.33
HDFCBANK,EQ,30-Dec-2016,"1,205.20","1,200.00","1,212.00","1,199.95","1,202.90","1,206.20","1,206.05",1016635,1226114997.15,28865.0,588546.0,57.89
HDFCBANK,EQ,28-Dec-2018,"2,105.05","2,117.35","2,137.75","2,115.50","2,124.00","2,122.90","2,124.98",2353903,5001999453.5,104735.0,1130711.0,48.04
HDFCBANK,EQ,27-Dec-2018,"2,122.35","2,133.00","2,138.20","2,098.45","2,107.00","2,105.05","2,115.65",2909967,6156462276.7,101521.0,1011944.0,34.78
HDFCBANK,EQ,26-Dec-2018,"2,080.65","2,077.00","2,127.00","2,069.00","2,124.80","2,122.35","2,093.35",1900479,3978376727.0,77934.0,884634.0,46.55
HDFCBANK,EQ,24-Dec-2018,"2,111.15","2,104.00","2,104.00","2,077.35","2,083.00","2,080.65","2,088.50",1400372,2924675632.5,65118.0,767268.0,54.79
HDFCBANK,EQ,21-Dec-2018,"2,137.45","2,134.00","2,149.10","2,109.05","2,111.15","2,111.15","2,126.59",2555077,5433609822.6,146305.0,1500441.0,58.72
HDFCBANK,EQ,20-Dec-2018,"2,123.45","2,112.55","2,140.45","2,102.65","2,138.00","2,137.45","2,119.71",1995119,4229074553.65,108131.0,779492.0,39.07
HDFCBANK,EQ,19-Dec-2018,"2,135.45","2,133.10","2,159.40","2,113.55","2,123.00","2,123.45","2,129.21",2252474,4795995431.55,118427.0,1162216.0,51.60
HDFCBANK,EQ,18-Dec-2018,"2,130.20","2,124.00","2,139.00","2,102.60","2,138.10","2,135.45","2,120.42",1853492,3930178580.25,73591.0,830866.0,44.83
HDFCBANK,EQ,17-Dec-2018,"2,095.70","2,104.00","2,132.60","2,099.00","2,128.50","2,130.20","2,120.53",2109331,4472890885.35,86084.0,1367963.0,64.85
HDFCBANK,EQ,14-Dec-2018,"2,101.30","2,104.90","2,118.00","2,088.05","2,095.10","2,095.70","2,100.36",1539571,3233650712.4,86089.0,779545.0,50.63
HDFCBANK,EQ,13-Dec-2018,"2,085.30","2,095.00","2,125.00","2,091.30","2,100.00","2,101.30","2,106.01",1766059,3719335180.8,105301.0,772172.0,43.72
HDFCBANK,EQ,12-Dec-2018,"2,059.55","2,066.95","2,089.80","2,060.10","2,084.60","2,085.30","2,078.41",2842622,5908146554.45,146407.0,1922295.0,67.62
HDFCBANK,EQ,11-Dec-2018,"2,088.75","2,056.00","2,071.30","2,032.00","2,056.15","2,059.55","2,051.47",4726445,9696150473.75,241564.0,2468088.0,52.22
HDFCBANK,EQ,10-Dec-2018,"2,107.60","2,065.90","2,104.80","2,065.90","2,084.50","2,088.75","2,086.54",2728764,5693679871.65,138891.0,1801264.0,66.01
HDFCBANK,EQ,07-Dec-2018,"2,097.05","2,106.70","2,118.00","2,080.30","2,115.00","2,107.60","2,099.32",2475980,5197871655.75,131649.0,1350610.0,54.55
HDFCBANK,EQ,06-Dec-2018,"2,099.20","2,089.70","2,101.65","2,085.00","2,096.80","2,097.05","2,092.75",2932563,6137116154.55,112545.0,1841640.0,62.80
HDFCBANK,EQ,05-Dec-2018,"2,085.55","2,078.00","2,105.30","2,075.95","2,103.00","2,099.20","2,095.14",2949711,6180060012.2,126657.0,2011056.0,68.18
HDFCBANK,EQ,04-Dec-2018,"2,113.30","2,105.40","2,111.00","2,078.60","2,086.90","2,085.55","2,087.81",2039355,4257781100.75,105043.0,1377607.0,67.55
HDFCBANK,EQ,03-Dec-2018,"2,128.45","2,131.00","2,142.00","2,106.90","2,111.50","2,113.30","2,124.73",2699964,5736686717.7,127153.0,1880609.0,69.65
HDFCBANK,EQ,30-Nov-2018,"2,131.05","2,130.00","2,137.55","2,110.00","2,120.45","2,128.45","2,123.64",3260231,6923545037.8,113720.0,2370067.0,72.70
HDFCBANK,EQ,29-Nov-2018,"2,089.25","2,101.00","2,137.40","2,094.00","2,132.25","2,131.05","2,115.77",7977159,16877830185.75,137395.0,4939239.0,61.92
HDFCBANK,EQ,28-Nov-2018,"2,064.00","2,065.00","2,098.60","2,060.10","2,091.00","2,089.25","2,087.01",3255277,6793787378.2,118889.0,2212588.0,67.97
HDFCBANK,EQ,27-Nov-2018,"2,049.80","2,041.05","2,067.90","2,040.75","2,064.00","2,064.00","2,056.61",3223860,6630237996.2,120598.0,2433069.0,75.47
HDFCBANK,EQ,26-Nov-2018,"2,005.50","2,013.90","2,052.00","2,012.05","2,050.00","2,049.80","2,040.00",4546109,9274060072.9,165102.0,3534083.0,77.74
HDFCBANK,EQ,22-Nov-2018,"2,018.75","2,013.25","2,035.00","2,000.15","2,006.25","2,005.50","2,023.07",3243638,6562105543.15,115047.0,1938559.0,59.76
HDFCBANK,EQ,21-Nov-2018,"2,012.45","2,012.75","2,023.95","2,004.00","2,019.45","2,018.75","2,015.13",1636401,3297556596.95,76850.0,1053255.0,64.36
HDFCBANK,EQ,20-Nov-2018,"2,013.90","2,013.00","2,019.60","1,999.05","2,012.75","2,012.45","2,011.58",1426292,2869107308.9,85294.0,741376.0,51.98
HDFCBANK,EQ,19-Nov-2018,"2,004.30","2,011.00","2,021.00","2,001.90","2,016.10","2,013.90","2,014.67",3071607,6188263925.5,83092.0,2360849.0,76.86
HDFCBANK,EQ,16-Nov-2018,"1,975.15","1,981.00","2,013.00","1,980.00","2,002.80","2,004.30","2,002.21",3953304,7915327251.4,159078.0,2739135.0,69.29
HDFCBANK,EQ,15-Nov-2018,"1,957.75","1,961.90","1,977.30","1,931.20","1,973.10","1,975.15","1,970.02",2598131,5118369305.6,81525.0,1644704.0,63.30
HDFCBANK,EQ,14-Nov-2018,"1,927.75","1,938.55","1,960.00","1,936.60","1,959.90","1,957.75","1,945.75",6527659,12701184438.2,130711.0,5161560.0,79.07
HDFCBANK,EQ,13-Nov-2018,"1,921.05","1,919.00","1,937.70","1,908.20","1,929.55","1,927.75","1,922.55",3337605,6416714727.7,94849.0,2478130.0,74.25
HDFCBANK,EQ,12-Nov-2018,"1,945.40","1,951.50","1,962.00","1,917.15","1,920.85","1,921.05","1,935.97",1976941,3827291201.1,74961.0,1315900.0,66.56
HDFCBANK,EQ,09-Nov-2018,"1,957.95","1,958.20","1,959.90","1,936.30","1,943.30","1,945.40","1,949.37",2525405,4922945328.8,95895.0,1781131.0,70.53
HDFCBANK,EQ,07-Nov-2018,"1,946.55","1,961.00","1,964.95","1,950.00","1,960.00","1,957.95","1,957.17",239690,469113468.35,11247.0,130511.0,54.45
HDFCBANK,EQ,06-Nov-2018,"1,956.00","1,955.00","1,976.00","1,942.95","1,948.30","1,946.55","1,963.84",2121397,4166089811.8,83625.0,958206.0,45.17
HDFCBANK,EQ,05-Nov-2018,"1,949.45","1,949.90","1,959.65","1,938.00","1,959.60","1,956.00","1,949.18",1426324,2780160953.6,81177.0,663132.0,46.49
HDFCBANK,EQ,02-Nov-2018,"1,912.20","1,926.00","1,960.00","1,912.00","1,950.00","1,949.45","1,932.67",7523217,14539874379.75,261775.0,5270015.0,70.05
HDFCBANK,EQ,01-Nov-2018,"1,911.75","1,930.00","1,930.00","1,896.00","1,911.70","1,912.20","1,911.87",4907263,9382024998.4,156362.0,2847446.0,58.03
HDFCBANK,EQ,31-Oct-2018,"1,912.75","1,902.05","1,917.90","1,885.00","1,906.00","1,911.75","1,899.44",5862351,11135167118.1,175024.0,4061738.0,69.29
HDFCBANK,EQ,30-Oct-2018,"1,926.30","1,925.00","1,932.00","1,899.30","1,912.00","1,912.75","1,917.66",3457176,6629678175.15,116901.0,2095481.0,60.61
HDFCBANK,EQ,29-Oct-2018,"1,961.20","1,964.10","1,964.95","1,895.20","1,929.90","1,926.30","1,915.87",4261070,8163669616.85,134982.0,1911410.0,44.86
HDFCBANK,EQ,26-Oct-2018,"1,968.80","1,968.80","1,977.20","1,949.00","1,961.20","1,961.20","1,962.89",3788928,7437246756.5,111281.0,2779751.0,73.37
HDFCBANK,EQ,25-Oct-2018,"1,992.25","1,973.60","2,003.60","1,962.45","1,972.00","1,968.80","1,975.89",7461764,14743593769.15,154138.0,5177476.0,69.39
HDFCBANK,EQ,24-Oct-2018,"1,984.85","2,004.00","2,008.80","1,972.60","1,992.00","1,992.25","1,990.39",4518084,8992731522.5,197249.0,3218397.0,71.23
HDFCBANK,EQ,23-Oct-2018,"1,998.90","1,973.00","1,998.90","1,973.00","1,985.00","1,984.85","1,987.49",4857141,9653520390.95,199917.0,3793841.0,78.11
HDFCBANK,EQ,22-Oct-2018,"1,967.75","2,014.00","2,020.00","1,988.60","1,998.30","1,998.90","2,000.42",5082790,10167706188.25,218564.0,2846739.0,56.01
HDFCBANK,EQ,19-Oct-2018,"1,974.60","1,958.90","1,980.85","1,958.00","1,970.00","1,967.75","1,968.79",2466837,4856687587.7,126597.0,1527531.0,61.92
HDFCBANK,EQ,17-Oct-2018,"1,992.75","2,006.10","2,013.00","1,963.50","1,974.65","1,974.60","1,995.84",1985199,3962136753.1,67208.0,941791.0,47.44
HDFCBANK,EQ,16-Oct-2018,"2,008.05","2,003.00","2,018.20","1,987.50","1,989.60","1,992.75","2,002.38",2351501,4708609015.6,97545.0,1333177.0,56.69
HDFCBANK,EQ,15-Oct-2018,"1,981.85","1,990.00","2,010.80","1,970.30","2,009.70","2,008.05","1,994.75",3146492,6276455268.6,109332.0,2245706.0,71.37
HDFCBANK,EQ,12-Oct-2018,"1,937.55","1,945.00","1,997.10","1,942.00","1,977.00","1,981.85","1,981.23",2400080,4755112135.3,93778.0,1539425.0,64.14
HDFCBANK,EQ,11-Oct-2018,"1,967.15","1,925.00","1,948.30","1,917.60","1,941.00","1,937.55","1,931.15",3589976,6932797361.65,129986.0,2331832.0,64.95
HDFCBANK,EQ,10-Oct-2018,"1,940.60","1,945.00","1,982.25","1,935.50","1,968.40","1,967.15","1,963.16",3984983,7823155390.1,117923.0,2403363.0,60.31
HDFCBANK,EQ,09-Oct-2018,"1,945.00","1,944.40","1,965.00","1,930.00","1,945.95","1,940.60","1,944.92",3114841,6058129369.35,88603.0,1953889.0,62.73
HDFCBANK,EQ,08-Oct-2018,"1,965.30","1,965.00","1,969.00","1,930.00","1,940.00","1,945.00","1,952.44",5032005,9824668679.65,169225.0,3483442.0,69.23
HDFCBANK,EQ,05-Oct-2018,"1,957.75","1,953.95","1,990.00","1,940.15","1,950.00","1,965.30","1,969.01",3932295,7742732615.35,128211.0,2248905.0,57.19
HDFCBANK,EQ,04-Oct-2018,"2,031.15","2,008.00","2,017.80","1,943.00","1,945.00","1,957.75","1,977.74",4492646,8885267601.6,153828.0,2558885.0,56.96
HDFCBANK,EQ,03-Oct-2018,"2,035.45","2,030.45","2,052.20","2,007.00","2,031.00","2,031.15","2,030.01",3833037,7781099199.75,186478.0,2644623.0,69.00
HDFCBANK,EQ,01-Oct-2018,"2,006.05","2,009.80","2,042.00","1,997.80","2,039.90","2,035.45","2,020.89",3112397,6289802723.6,137110.0,2063063.0,66.29
HDFCBANK,EQ,28-Sep-2018,"1,976.15","1,980.65","2,015.45","1,977.15","2,008.50","2,006.05","2,002.53",3615179,7239503402.4,106240.0,2096118.0,57.98
HDFCBANK,EQ,27-Sep-2018,"1,968.20","1,969.40","1,986.00","1,955.15","1,978.10","1,976.15","1,972.52",4588052,9050041001.9,116913.0,3341974.0,72.84
HDFCBANK,EQ,26-Sep-2018,"1,952.40","1,962.95","1,978.00","1,955.30","1,966.05","1,968.20","1,966.04",3681681,7238341782.8,145107.0,2807141.0,76.25
HDFCBANK,EQ,25-Sep-2018,"1,925.70","1,925.70","1,962.00","1,915.00","1,961.70","1,952.40","1,936.01",4170638,8074408156.7,125022.0,2492934.0,59.77
HDFCBANK,EQ,24-Sep-2018,"1,970.25","1,967.25","1,972.20","1,915.00","1,922.00","1,925.70","1,944.39",3347698,6509244678.95,144878.0,2192667.0,65.50
HDFCBANK,EQ,21-Sep-2018,"1,961.35","1,973.90","1,999.85","1,910.20","1,976.00","1,970.25","1,972.83",5652537,11151516852.75,159768.0,3618031.0,64.01
HDFCBANK,EQ,19-Sep-2018,"1,989.20","1,994.85","1,998.00","1,956.50","1,962.15","1,961.35","1,972.12",4178066,8239636739.0,158841.0,2892899.0,69.24
HDFCBANK,EQ,18-Sep-2018,"1,992.20","1,994.90","2,009.85","1,980.95","1,991.00","1,989.20","1,996.22",2331434,4654066699.15,119091.0,1494911.0,64.12
HDFCBANK,EQ,17-Sep-2018,"2,029.60","2,021.30","2,022.95","1,988.00","1,991.95","1,992.20","1,996.62",2334555,4661229732.05,98788.0,1707061.0,73.12
HDFCBANK,EQ,14-Sep-2018,"2,011.85","2,019.85","2,037.40","2,018.95","2,027.75","2,029.60","2,025.31",2583668,5232736593.45,104303.0,1910009.0,73.93
HDFCBANK,EQ,12-Sep-2018,"2,000.40","2,001.90","2,021.35","1,989.55","2,017.80","2,011.85","2,003.65",3061502,6134193205.65,106281.0,2063215.0,67.39
HDFCBANK,EQ,11-Sep-2018,"2,041.15","2,046.30","2,048.00","1,994.15","2,000.10","2,000.40","2,016.36",4546634,9167648376.35,134132.0,3634555.0,79.94
HDFCBANK,EQ,10-Sep-2018,"2,056.95","2,055.00","2,055.00","2,025.10","2,039.00","2,041.15","2,035.83",2149648,4376324619.0,81719.0,1391506.0,64.73
HDFCBANK,EQ,07-Sep-2018,"2,052.20","2,051.00","2,060.00","2,040.75","2,059.00","2,056.95","2,049.34",1479825,3032658572.1,78038.0,879399.0,59.43
HDFCBANK,EQ,06-Sep-2018,"2,045.85","2,049.00","2,059.00","2,032.60","2,050.15","2,052.20","2,044.28",2600603,5316362856.9,125530.0,1571661.0,60.43
HDFCBANK,EQ,05-Sep-2018,"2,051.80","2,053.80","2,060.20","2,035.55","2,044.35","2,045.85","2,044.77",1410377,2883899267.05,73829.0,797823.0,56.57
HDFCBANK,EQ,04-Sep-2018,"2,075.05","2,076.90","2,077.95","2,049.00","2,052.05","2,051.80","2,058.91",1782634,3670291386.7,67279.0,1256959.0,70.51
HDFCBANK,EQ,03-Sep-2018,"2,061.20","2,069.40","2,078.95","2,063.50","2,073.95","2,075.05","2,074.56",1915402,3973616594.8,65178.0,1283227.0,67.00
HDFCBANK,EQ,31-Aug-2018,"2,066.10","2,069.20","2,078.75","2,058.25","2,059.95","2,061.20","2,066.01",3942875,8146013033.25,140776.0,3181673.0,80.69
HDFCBANK,EQ,30-Aug-2018,"2,078.50","2,083.60","2,087.90","2,061.85","2,068.00","2,066.10","2,068.31",5456865,11286474714.35,133557.0,4345737.0,79.64
HDFCBANK,EQ,29-Aug-2018,"2,094.85","2,092.15","2,094.05","2,072.75","2,082.90","2,078.50","2,082.02",2468423,5139296267.05,90836.0,1782109.0,72.20
HDFCBANK,EQ,28-Aug-2018,"2,080.45","2,088.00","2,098.25","2,078.80","2,097.40","2,094.85","2,085.96",2493383,5201100522.0,56947.0,1851997.0,74.28
HDFCBANK,EQ,27-Aug-2018,"2,069.85","2,077.00","2,088.50","2,070.25","2,082.95","2,080.45","2,079.60",3143697,6537626117.3,77365.0,1913949.0,60.88
HDFCBANK,EQ,24-Aug-2018,"2,079.90","2,071.00","2,093.60","2,066.05","2,070.00","2,069.85","2,076.05",2428657,5042021707.4,71991.0,1808393.0,74.46
HDFCBANK,EQ,23-Aug-2018,"2,096.05","2,105.00","2,107.00","2,076.85","2,079.90","2,079.90","2,089.39",3143638,6568270564.5,106905.0,2528197.0,80.42
HDFCBANK,EQ,21-Aug-2018,"2,096.20","2,098.00","2,112.00","2,092.65","2,097.00","2,096.05","2,102.15",1944080,4086746410.8,68551.0,1421918.0,73.14
HDFCBANK,EQ,20-Aug-2018,"2,077.35","2,075.00","2,107.60","2,075.00","2,098.30","2,096.20","2,097.76",1952784,4096467594.9,106058.0,1192922.0,61.09
HDFCBANK,EQ,17-Aug-2018,"2,075.70","2,082.90","2,093.05","2,071.65","2,077.00","2,077.35","2,083.55",1516332,3159352232.8,61019.0,1093789.0,72.13
HDFCBANK,EQ,16-Aug-2018,"2,089.10","2,083.00","2,086.70","2,066.40","2,075.40","2,075.70","2,075.30",2656290,5512588625.55,111884.0,1854512.0,69.82
HDFCBANK,EQ,14-Aug-2018,"2,091.65","2,098.00","2,105.00","2,087.20","2,089.30","2,089.10","2,096.29",1233991,2586799336.6,73903.0,727048.0,58.92
HDFCBANK,EQ,13-Aug-2018,"2,114.45","2,084.00","2,103.95","2,080.00","2,091.00","2,091.65","2,086.73",2513563,5245117093.3,125373.0,1508421.0,60.01
HDFCBANK,EQ,10-Aug-2018,"2,118.50","2,123.50","2,123.80","2,098.00","2,115.00","2,114.45","2,113.08",1360735,2875336118.75,55600.0,719008.0,52.84
HDFCBANK,EQ,09-Aug-2018,"2,136.35","2,142.00","2,142.00","2,094.65","2,119.90","2,118.50","2,113.99",2236102,4727093945.6,87015.0,958780.0,42.88
HDFCBANK,EQ,08-Aug-2018,"2,130.90","2,135.85","2,151.80","2,133.05","2,137.00","2,136.35","2,142.56",2486345,5327149222.6,77692.0,1585046.0,63.75
HDFCBANK,EQ,07-Aug-2018,"2,114.30","2,125.00","2,134.50","2,108.00","2,133.80","2,130.90","2,122.33",1857114,3941407412.75,90909.0,1000787.0,53.89
HDFCBANK,EQ,06-Aug-2018,"2,121.65","2,121.00","2,137.40","2,106.10","2,114.50","2,114.30","2,121.83",1436158,3047281357.1,83966.0,715425.0,49.82
HDFCBANK,EQ,03-Aug-2018,"2,130.20","2,133.55","2,147.05","2,114.00","2,121.25","2,121.65","2,125.56",3401002,7229046230.4,96409.0,2509448.0,73.79
HDFCBANK,EQ,02-Aug-2018,"2,158.70","2,153.50","2,153.70","2,121.35","2,131.60","2,130.20","2,133.82",2226426,4750789246.75,99571.0,1420930.0,63.82
HDFCBANK,EQ,01-Aug-2018,"2,179.50","2,162.80","2,175.00","2,151.70","2,153.70","2,158.70","2,165.15",1517890,3286456658.0,70160.0,970508.0,63.94
HDFCBANK,EQ,31-Jul-2018,"2,169.90","2,160.00","2,185.90","2,150.05","2,183.45","2,179.50","2,166.28",2215236,4798817147.85,98101.0,1349477.0,60.92
HDFCBANK,EQ,30-Jul-2018,"2,202.15","2,199.00","2,199.00","2,159.40","2,164.70","2,169.90","2,172.52",1792280,3893772394.6,74697.0,1033733.0,57.68
HDFCBANK,EQ,27-Jul-2018,"2,192.60","2,201.95","2,211.95","2,184.70","2,203.05","2,202.15","2,198.69",2638649,5801564430.6,89804.0,1858964.0,70.45
HDFCBANK,EQ,26-Jul-2018,"2,170.35","2,165.00","2,203.45","2,165.00","2,197.10","2,192.60","2,187.34",5320273,11637254767.2,127857.0,3327638.0,62.55
HDFCBANK,EQ,25-Jul-2018,"2,159.75","2,164.65","2,176.80","2,160.00","2,171.50","2,170.35","2,169.01",1759654,3816707951.15,90191.0,1050926.0,59.72
HDFCBANK,EQ,24-Jul-2018,"2,156.45","2,147.00","2,169.00","2,147.00","2,162.50","2,159.75","2,161.82",1302198,2815119558.2,68274.0,675430.0,51.87
HDFCBANK,EQ,23-Jul-2018,"2,189.05","2,150.00","2,178.00","2,138.05","2,149.70","2,156.45","2,161.43",4220033,9121307521.05,133259.0,2430709.0,57.60
HDFCBANK,EQ,20-Jul-2018,"2,186.10","2,186.10","2,202.85","2,171.10","2,185.00","2,189.05","2,181.89",2501741,5458512867.9,106355.0,1752814.0,70.06
HDFCBANK,EQ,19-Jul-2018,"2,176.20","2,183.00","2,193.50","2,171.00","2,189.85","2,186.10","2,183.12",1326194,2895239288.35,64415.0,577761.0,43.57
HDFCBANK,EQ,18-Jul-2018,"2,176.75","2,187.00","2,220.00","2,173.65","2,175.05","2,176.20","2,197.09",4365068,9590431537.0,171949.0,2759227.0,63.21
HDFCBANK,EQ,17-Jul-2018,"2,168.85","2,163.25","2,181.00","2,163.25","2,179.35","2,176.75","2,174.09",1590481,3457854302.1,67757.0,1122147.0,70.55
HDFCBANK,EQ,16-Jul-2018,"2,180.90","2,179.40","2,190.05","2,163.75","2,169.00","2,168.85","2,173.65",2254334,4900127771.25,108838.0,1668988.0,74.03
HDFCBANK,EQ,13-Jul-2018,"2,165.95","2,168.40","2,190.80","2,163.10","2,181.00","2,180.90","2,182.75",1790297,3907766215.55,71689.0,1108502.0,61.92
HDFCBANK,EQ,12-Jul-2018,"2,148.25","2,152.90","2,179.85","2,152.00","2,163.05","2,165.95","2,170.17",2005167,4351559174.6,87962.0,926204.0,46.19
HDFCBANK,EQ,11-Jul-2018,"2,146.40","2,145.05","2,155.70","2,134.80","2,148.75","2,148.25","2,148.79",1464480,3146852927.75,63991.0,828199.0,56.55
HDFCBANK,EQ,10-Jul-2018,"2,125.65","2,129.90","2,149.60","2,125.00","2,148.00","2,146.40","2,144.28",2737684,5870364267.55,80725.0,1953799.0,71.37
HDFCBANK,EQ,09-Jul-2018,"2,115.15","2,121.85","2,130.00","2,107.75","2,126.40","2,125.65","2,123.14",1545574,3281471871.25,56861.0,957033.0,61.92
HDFCBANK,EQ,06-Jul-2018,"2,123.75","2,113.30","2,135.55","2,111.35","2,118.00","2,115.15","2,122.21",2030336,4308795255.8,76333.0,1394036.0,68.66
HDFCBANK,EQ,05-Jul-2018,"2,103.55","2,105.00","2,129.00","2,092.55","2,120.50","2,123.75","2,119.49",2433992,5158831728.4,135292.0,1634932.0,67.17
HDFCBANK,EQ,04-Jul-2018,"2,070.20","2,076.25","2,108.05","2,069.00","2,100.90","2,103.55","2,090.23",1524498,3186547034.65,67233.0,867409.0,56.90
HDFCBANK,EQ,03-Jul-2018,"2,073.25","2,073.25","2,085.00","2,065.60","2,070.00","2,070.20","2,073.27",1715775,3557268417.7,64961.0,1133429.0,66.06
HDFCBANK,EQ,02-Jul-2018,"2,108.45","2,108.35","2,108.40","2,063.25","2,069.85","2,073.25","2,078.06",2466219,5124945922.9,118052.0,1633841.0,66.25
HDFCBANK,EQ,29-Jun-2018,"2,130.85","2,121.70","2,140.00","2,105.10","2,111.00","2,108.45","2,124.32",4864530,10333807329.25,133620.0,3762199.0,77.34
HDFCBANK,EQ,28-Jun-2018,"2,112.60","2,115.00","2,140.00","2,111.20","2,126.50","2,130.85","2,127.87",9383385,19966613731.85,164533.0,6546679.0,69.77
HDFCBANK,EQ,27-Jun-2018,"2,093.70","2,093.00","2,119.50","2,090.00","2,114.90","2,112.60","2,111.09",4781701,10094601459.25,143081.0,3797571.0,79.42
HDFCBANK,EQ,26-Jun-2018,"2,094.95","2,086.05","2,103.00","2,079.85","2,092.00","2,093.70","2,096.18",2290483,4801266126.5,105856.0,1488070.0,64.97
HDFCBANK,EQ,25-Jun-2018,"2,083.35","2,083.05","2,097.80","2,073.05","2,094.95","2,094.95","2,090.83",1748084,3654945764.0,92981.0,1066469.0,61.01
HDFCBANK,EQ,22-Jun-2018,"2,057.60","2,056.95","2,088.80","2,049.85","2,082.25","2,083.35","2,066.71",1962245,4055397420.6,61594.0,935825.0,47.69
HDFCBANK,EQ,21-Jun-2018,"2,056.15","2,060.00","2,070.80","2,047.05","2,056.55","2,057.60","2,058.53",3377676,6953041564.4,115968.0,1771901.0,52.46
HDFCBANK,EQ,20-Jun-2018,"2,023.50","2,026.00","2,058.00","2,025.00","2,056.00","2,056.15","2,046.34",2262928,4630722761.1,90621.0,1568971.0,69.33
HDFCBANK,EQ,19-Jun-2018,"2,019.15","2,024.95","2,040.70","2,019.30","2,023.00","2,023.50","2,028.53",2745288,5568904836.0,117626.0,1709015.0,62.25
HDFCBANK,EQ,18-Jun-2018,"2,029.60","2,030.10","2,038.80","2,009.10","2,018.00","2,019.15","2,019.92",1871851,3780992319.5,86693.0,1149303.0,61.40
HDFCBANK,EQ,15-Jun-2018,"2,037.40","2,026.00","2,038.90","2,022.30","2,027.00","2,029.60","2,031.56",2720204,5526268358.45,90605.0,1836184.0,67.50
HDFCBANK,EQ,14-Jun-2018,"2,031.45","2,030.00","2,045.00","2,025.00","2,035.00","2,037.40","2,039.58",4231894,8631283806.05,96797.0,2913891.0,68.86
HDFCBANK,EQ,13-Jun-2018,"2,043.85","2,052.00","2,054.80","2,024.10","2,032.00","2,031.45","2,034.95",1974490,4017987612.55,103434.0,1353016.0,68.52
HDFCBANK,EQ,12-Jun-2018,"2,042.30","2,051.90","2,052.70","2,038.40","2,045.00","2,043.85","2,045.45",1308564,2676605962.7,54586.0,871913.0,66.63
HDFCBANK,EQ,11-Jun-2018,"2,049.35","2,051.90","2,062.95","2,038.80","2,041.75","2,042.30","2,051.22",1772797,3636404884.75,57753.0,1138924.0,64.24
HDFCBANK,EQ,08-Jun-2018,"2,062.20","2,059.00","2,061.25","2,035.00","2,048.95","2,049.35","2,046.16",1545222,3161769178.3,104515.0,884695.0,57.25
HDFCBANK,EQ,07-Jun-2018,"2,057.35","2,073.20","2,079.80","2,053.20","2,061.90","2,062.20","2,070.16",2640974,5467251083.65,78397.0,1574412.0,59.61
HDFCBANK,EQ,06-Jun-2018,"2,063.60","2,060.20","2,064.80","2,045.00","2,057.40","2,057.35","2,057.29",2445500,5031101788.0,95270.0,1579516.0,64.59
HDFCBANK,EQ,05-Jun-2018,"2,046.20","2,050.00","2,066.95","2,023.00","2,064.85","2,063.60","2,050.50",4276365,8768700389.8,107261.0,2076336.0,48.55
HDFCBANK,EQ,04-Jun-2018,"2,110.60","2,150.00","2,157.00","2,037.95","2,045.00","2,046.20","2,098.04",22199081,46574473923.0,245711.0,13914623.0,62.68
HDFCBANK,EQ,01-Jun-2018,"2,139.45","2,116.00","2,138.00","2,101.00","2,106.95","2,110.60","2,116.77",5287839,11193143671.65,99119.0,1532118.0,28.97
HDFCBANK,EQ,31-May-2018,"2,048.35","2,100.00","2,160.00","2,080.00","2,130.00","2,139.45","2,118.27",9909798,20991620343.45,172676.0,4103328.0,41.41
HDFCBANK,EQ,30-May-2018,"2,032.60","2,019.70","2,053.00","2,016.30","2,050.50","2,048.35","2,040.97",1216749,2483350965.9,40713.0,505099.0,41.51
HDFCBANK,EQ,29-May-2018,"2,042.20","2,038.00","2,052.70","2,028.80","2,031.60","2,032.60","2,042.07",837811,1710866826.8,37142.0,336056.0,40.11
HDFCBANK,EQ,28-May-2018,"2,008.70","2,007.80","2,052.00","2,006.00","2,038.25","2,042.20","2,037.48",1275985,2599796071.15,35912.0,612923.0,48.04
HDFCBANK,EQ,25-May-2018,"1,986.00","1,990.00","2,016.00","1,989.90","2,008.00","2,008.70","2,004.87",1189897,2385592681.1,34306.0,609785.0,51.25
HDFCBANK,EQ,24-May-2018,"1,967.50","1,967.10","1,990.25","1,956.35","1,989.20","1,986.00","1,970.67",1130186,2227221743.05,22930.0,343874.0,30.43
HDFCBANK,EQ,23-May-2018,"1,989.90","1,987.80","1,994.00","1,963.40","1,965.00","1,967.50","1,976.78",1431573,2829907721.45,43333.0,733712.0,51.25
HDFCBANK,EQ,22-May-2018,"1,993.05","1,998.70","2,013.95","1,985.50","1,989.90","1,989.90","1,997.96",990093,1978165831.95,57895.0,582922.0,58.88
HDFCBANK,EQ,21-May-2018,"2,012.15","2,016.10","2,021.00","1,986.05","1,997.10","1,993.05","1,993.75",1212027,2416479609.35,37162.0,711864.0,58.73
HDFCBANK,EQ,18-May-2018,"2,027.75","2,024.70","2,024.70","2,003.50","2,011.90","2,012.15","2,014.47",1304365,2627602348.9,47647.0,660982.0,50.67
HDFCBANK,EQ,17-May-2018,"2,023.35","2,023.85","2,044.45","2,012.50","2,040.85","2,027.75","2,022.12",1653869,3344316980.15,28827.0,747275.0,45.18
HDFCBANK,EQ,16-May-2018,"2,037.80","2,030.55","2,049.00","2,017.15","2,027.50","2,023.35","2,031.04",1710401,3473886890.25,56061.0,1109107.0,64.84
HDFCBANK,EQ,15-May-2018,"2,021.75","2,027.05","2,065.00","2,026.70","2,040.25","2,037.80","2,046.53",2456671,5027645858.0,52626.0,1289131.0,52.47
HDFCBANK,EQ,14-May-2018,"2,011.75","2,017.20","2,027.40","2,012.40","2,024.00","2,021.75","2,021.18",1185729,2396569105.7,35034.0,663572.0,55.96
HDFCBANK,EQ,11-May-2018,"1,992.70","1,992.70","2,017.00","1,986.00","2,010.65","2,011.75","1,999.73",1514267,3028118877.9,49338.0,879712.0,58.09
HDFCBANK,EQ,10-May-2018,"1,978.40","1,988.60","1,999.00","1,982.00","1,985.30","1,992.70","1,991.88",1792918,3571274019.0,41455.0,943387.0,52.62
HDFCBANK,EQ,09-May-2018,"1,967.05","1,956.15","1,980.50","1,956.15","1,978.10","1,978.40","1,973.46",1081833,2134957238.8,30775.0,618193.0,57.14
HDFCBANK,EQ,08-May-2018,"1,977.40","1,979.25","1,979.90","1,954.60","1,966.50","1,967.05","1,964.31",1775141,3486935564.55,30036.0,1149021.0,64.73
HDFCBANK,EQ,07-May-2018,"1,988.50","1,981.65","1,987.30","1,975.00","1,977.50","1,977.40","1,980.88",1316032,2606904358.55,32517.0,781466.0,59.38
HDFCBANK,EQ,04-May-2018,"1,967.90","1,970.00","1,990.00","1,966.30","1,985.40","1,988.50","1,981.08",1720359,3408176310.05,33291.0,1084558.0,63.04
HDFCBANK,EQ,03-May-2018,"1,969.50","1,968.05","1,974.90","1,946.00","1,968.00","1,967.90","1,963.23",1038193,2038207486.9,30529.0,365265.0,35.18
HDFCBANK,EQ,02-May-2018,"1,944.30","1,950.00","1,978.00","1,946.00","1,969.55","1,969.50","1,965.16",1775012,3488178418.55,62881.0,938108.0,52.85
HDFCBANK,EQ,30-Apr-2018,"1,923.40","1,930.00","1,954.80","1,928.80","1,945.10","1,944.30","1,945.70",1152388,2242199201.2,32030.0,649513.0,56.36
HDFCBANK,EQ,27-Apr-2018,"1,930.25","1,933.00","1,935.50","1,912.50","1,925.00","1,923.40","1,918.50",1444252,2770792412.6,47025.0,825792.0,57.18
HDFCBANK,EQ,26-Apr-2018,"1,920.75","1,916.80","1,939.20","1,911.25","1,926.10","1,930.25","1,930.42",1961870,3787241208.7,33677.0,907515.0,46.26
HDFCBANK,EQ,25-Apr-2018,"1,935.00","1,927.90","1,938.00","1,912.00","1,920.00","1,920.75","1,924.27",1005148,1934175516.3,42185.0,468604.0,46.62
HDFCBANK,EQ,24-Apr-2018,"1,935.75","1,935.00","1,948.05","1,926.00","1,934.10","1,935.00","1,935.57",1259354,2437572242.55,33400.0,466047.0,37.01
HDFCBANK,EQ,23-Apr-2018,"1,955.90","1,979.00","1,979.00","1,860.30","1,939.50","1,935.75","1,947.51",3826155,7451481658.4,76106.0,1003096.0,26.22
HDFCBANK,EQ,20-Apr-2018,"1,939.00","1,941.00","1,961.00","1,932.15","1,959.70","1,955.90","1,945.78",2340345,4553789223.35,70006.0,1792050.0,76.57
HDFCBANK,EQ,19-Apr-2018,"1,932.60","1,940.00","1,944.80","1,933.00","1,939.00","1,939.00","1,938.07",792258,1535448277.65,36850.0,456501.0,57.62
HDFCBANK,EQ,18-Apr-2018,"1,948.50","1,951.00","1,953.50","1,930.05","1,934.00","1,932.60","1,942.91",678180,1317640648.7,21302.0,345977.0,51.02
HDFCBANK,EQ,17-Apr-2018,"1,942.10","1,943.50","1,951.00","1,934.10","1,950.00","1,948.50","1,944.42",666958,1296845993.15,21401.0,354286.0,53.12
HDFCBANK,EQ,16-Apr-2018,"1,925.00","1,920.00","1,950.00","1,919.85","1,943.50","1,942.10","1,938.89",711936,1380367127.0,21855.0,318462.0,44.73
HDFCBANK,EQ,13-Apr-2018,"1,928.80","1,928.00","1,940.00","1,919.10","1,930.00","1,925.00","1,928.02",824293,1589255010.75,26003.0,394398.0,47.85
HDFCBANK,EQ,12-Apr-2018,"1,918.85","1,916.00","1,932.90","1,905.90","1,925.00","1,928.80","1,920.27",1178129,2262325817.35,26955.0,476496.0,40.45
HDFCBANK,EQ,11-Apr-2018,"1,920.85","1,915.90","1,920.00","1,905.40","1,918.00","1,918.85","1,913.82",717703,1373553935.9,64684.0,382502.0,53.30
HDFCBANK,EQ,10-Apr-2018,"1,939.05","1,943.00","1,943.00","1,913.50","1,921.20","1,920.85","1,920.94",1516809,2913693991.15,55147.0,947252.0,62.45
HDFCBANK,EQ,09-Apr-2018,"1,923.40","1,918.80","1,942.00","1,916.40","1,937.00","1,939.05","1,936.30",1000884,1938008165.25,32002.0,541199.0,54.07
HDFCBANK,EQ,06-Apr-2018,"1,908.90","1,912.20","1,926.45","1,905.80","1,920.10","1,923.40","1,917.27",930002,1783068526.1,24914.0,466973.0,50.21
HDFCBANK,EQ,05-Apr-2018,"1,883.25","1,901.30","1,914.00","1,890.20","1,913.10","1,908.90","1,900.56",1214723,2308652574.5,61633.0,605874.0,49.88
HDFCBANK,EQ,04-Apr-2018,"1,915.90","1,912.95","1,924.95","1,878.45","1,883.10","1,883.25","1,903.29",928527,1767257058.2,34499.0,456685.0,49.18
HDFCBANK,EQ,03-Apr-2018,"1,931.20","1,923.95","1,925.70","1,911.00","1,913.00","1,915.90","1,917.02",1019971,1955306114.65,48938.0,592029.0,58.04
HDFCBANK,EQ,02-Apr-2018,"1,886.10","1,890.50","1,935.75","1,890.50","1,931.90","1,931.20","1,917.34",1149092,2203201439.6,37803.0,656967.0,57.17
HDFCBANK,EQ,28-Mar-2018,"1,892.60","1,882.95","1,899.70","1,876.05","1,890.00","1,886.10","1,886.44",2209377,4167862538.7,50573.0,1205141.0,54.55
HDFCBANK,EQ,27-Mar-2018,"1,893.45","1,893.80","1,899.00","1,876.00","1,894.05","1,892.60","1,888.52",1534209,2897382139.25,31150.0,797281.0,51.97
HDFCBANK,EQ,26-Mar-2018,"1,841.55","1,839.90","1,900.00","1,833.50","1,896.20","1,893.45","1,868.66",2625442,4906054711.2,86610.0,1573073.0,59.92
HDFCBANK,EQ,23-Mar-2018,"1,867.75","1,846.65","1,853.10","1,837.25","1,842.25","1,841.55","1,844.22",1797538,3315060067.5,34048.0,886132.0,49.30
HDFCBANK,EQ,22-Mar-2018,"1,858.90","1,858.90","1,880.00","1,855.10","1,863.00","1,867.75","1,872.05",1668306,3123149751.5,37562.0,856679.0,51.35
HDFCBANK,EQ,21-Mar-2018,"1,839.50","1,848.00","1,863.20","1,843.30","1,858.95","1,858.90","1,853.89",1480285,2744280455.5,44655.0,947180.0,63.99
HDFCBANK,EQ,20-Mar-2018,"1,847.25","1,845.10","1,855.90","1,835.25","1,842.90","1,839.50","1,845.17",914343,1687115132.5,23270.0,453848.0,49.64
HDFCBANK,EQ,19-Mar-2018,"1,853.00","1,853.00","1,860.00","1,843.15","1,847.00","1,847.25","1,851.78",1959685,3628898883.95,60212.0,1210689.0,61.78
HDFCBANK,EQ,16-Mar-2018,"1,880.80","1,880.00","1,881.10","1,846.55","1,858.00","1,853.00","1,861.09",1974084,3673949096.8,35446.0,1068955.0,54.15
HDFCBANK,EQ,15-Mar-2018,"1,864.50","1,865.20","1,887.50","1,865.20","1,873.50","1,880.80","1,879.20",1467731,2758155776.8,44905.0,802388.0,54.67
HDFCBANK,EQ,14-Mar-2018,"1,860.25","1,856.00","1,867.90","1,848.00","1,864.00","1,864.50","1,857.75",920098,1709311423.0,36271.0,509645.0,55.39
HDFCBANK,EQ,13-Mar-2018,"1,867.25","1,867.45","1,884.75","1,855.00","1,859.45","1,860.25","1,870.24",1281050,2395869816.4,32044.0,696918.0,54.40
HDFCBANK,EQ,12-Mar-2018,"1,851.05","1,860.20","1,869.45","1,853.40","1,866.30","1,867.25","1,863.99",1639279,3055594028.9,34880.0,1156796.0,70.57
HDFCBANK,EQ,09-Mar-2018,"1,852.85","1,854.95","1,865.25","1,844.00","1,846.15","1,851.05","1,856.06",1027027,1906219129.55,29867.0,583405.0,56.81
HDFCBANK,EQ,08-Mar-2018,"1,832.60","1,839.80","1,858.50","1,832.00","1,850.00","1,852.85","1,844.42",1379681,2544714180.1,26260.0,841822.0,61.02
HDFCBANK,EQ,07-Mar-2018,"1,846.25","1,840.00","1,853.40","1,828.50","1,831.10","1,832.60","1,839.17",1407041,2587784690.15,41147.0,786990.0,55.93
HDFCBANK,EQ,06-Mar-2018,"1,869.95","1,870.00","1,879.90","1,839.50","1,840.00","1,846.25","1,864.57",1144207,2133448786.3,32346.0,587401.0,51.34
HDFCBANK,EQ,05-Mar-2018,"1,874.35","1,874.15","1,878.00","1,858.25","1,866.00","1,869.95","1,867.66",945366,1765625423.4,60906.0,482154.0,51.00
HDFCBANK,EQ,01-Mar-2018,"1,884.20","1,879.30","1,893.30","1,868.00","1,868.05","1,874.35","1,884.58",977460,1842102392.05,24955.0,492115.0,50.35
HDFCBANK,EQ,28-Feb-2018,"1,902.55","1,889.55","1,895.45","1,878.00","1,888.00","1,884.20","1,883.79",1016591,1915043360.4,29207.0,533917.0,52.52
HDFCBANK,EQ,27-Feb-2018,"1,911.55","1,914.75","1,921.75","1,900.00","1,900.50","1,902.55","1,908.74",1196832,2284446196.6,26645.0,764702.0,63.89
HDFCBANK,EQ,26-Feb-2018,"1,880.55","1,888.10","1,914.80","1,883.55","1,912.50","1,911.55","1,904.10",1197221,2279631074.55,30059.0,692072.0,57.81
HDFCBANK,EQ,23-Feb-2018,"1,853.20","1,856.90","1,884.85","1,850.40","1,877.00","1,880.55","1,869.03",1019187,1904887235.65,18810.0,553315.0,54.29
HDFCBANK,EQ,22-Feb-2018,"1,857.40","1,850.00","1,860.00","1,841.55","1,850.15","1,853.20","1,851.20",3313399,6133748038.6,41538.0,1640988.0,49.53
HDFCBANK,EQ,21-Feb-2018,"1,863.20","1,867.95","1,868.55","1,852.20","1,859.20","1,857.40","1,858.84",688268,1279377292.3,32317.0,352348.0,51.19
HDFCBANK,EQ,20-Feb-2018,"1,878.20","1,884.75","1,885.85","1,858.80","1,860.15","1,863.20","1,875.40",1021017,1914810586.35,31634.0,582362.0,57.04
HDFCBANK,EQ,19-Feb-2018,"1,878.60","1,882.60","1,887.60","1,859.05","1,880.00","1,878.20","1,876.45",913638,1714398525.1,25194.0,457562.0,50.08
HDFCBANK,EQ,16-Feb-2018,"1,881.90","1,883.90","1,894.85","1,875.65","1,880.40","1,878.60","1,883.79",895880,1687649892.1,22732.0,355509.0,39.68
HDFCBANK,EQ,15-Feb-2018,"1,883.15","1,889.70","1,894.75","1,875.00","1,881.25","1,881.90","1,882.55",1228806,2313293856.75,32753.0,742302.0,60.41
HDFCBANK,EQ,14-Feb-2018,"1,876.65","1,889.80","1,897.90","1,874.65","1,879.85","1,883.15","1,889.56",894297,1689825412.3,31815.0,517624.0,57.88
HDFCBANK,EQ,12-Feb-2018,"1,849.50","1,860.00","1,886.00","1,855.15","1,880.00","1,876.65","1,872.43",1095277,2050832316.7,22502.0,700531.0,63.96
HDFCBANK,EQ,09-Feb-2018,"1,880.95","1,847.90","1,864.70","1,844.10","1,852.00","1,849.50","1,853.01",1602238,2968965973.2,52830.0,837518.0,52.27
HDFCBANK,EQ,08-Feb-2018,"1,872.80","1,884.00","1,898.60","1,866.50","1,882.00","1,880.95","1,887.25",1292861,2439953543.35,53803.0,559966.0,43.31
HDFCBANK,EQ,07-Feb-2018,"1,896.80","1,907.00","1,907.00","1,862.40","1,868.50","1,872.80","1,875.43",2091243,3921971760.25,57480.0,993289.0,47.50
HDFCBANK,EQ,06-Feb-2018,"1,913.85","1,860.00","1,912.00","1,836.30","1,898.80","1,896.80","1,868.86",2687451,5022468828.2,74329.0,1279189.0,47.60
HDFCBANK,EQ,05-Feb-2018,"1,948.00","1,918.00","1,935.25","1,905.85","1,918.00","1,913.85","1,916.75",1981696,3798409854.65,49748.0,1385911.0,69.94
HDFCBANK,EQ,02-Feb-2018,"1,991.15","1,986.00","1,989.90","1,941.50","1,941.50","1,948.00","1,963.93",1836531,3606812369.0,60365.0,1231464.0,67.05
HDFCBANK,EQ,01-Feb-2018,"2,005.70","2,006.00","2,015.00","1,985.30","1,986.50","1,991.15","2,001.09",1630355,3262488565.95,34891.0,701699.0,43.04
HDFCBANK,EQ,31-Jan-2018,"1,995.50","1,989.40","2,013.50","1,987.00","2,004.60","2,005.70","2,003.12",1735837,3477096561.15,45781.0,1045031.0,60.20
HDFCBANK,EQ,30-Jan-2018,"1,999.65","1,997.80","2,001.90","1,984.15","1,995.55","1,995.50","1,994.03",1599390,3189237269.9,37667.0,1057272.0,66.10
HDFCBANK,EQ,29-Jan-2018,"1,974.95","1,978.00","2,006.95","1,978.00","2,000.60","1,999.65","1,995.69",2058973,4109064049.9,48366.0,1249653.0,60.69
HDFCBANK,EQ,25-Jan-2018,"1,957.65","1,953.90","1,980.00","1,950.50","1,969.00","1,974.95","1,968.83",2180917,4293844957.45,33097.0,1165553.0,53.44
HDFCBANK,EQ,24-Jan-2018,"1,951.30","1,952.55","1,969.00","1,950.60","1,957.60","1,957.65","1,958.02",1197642,2345001018.5,20553.0,698354.0,58.31
HDFCBANK,EQ,23-Jan-2018,"1,963.35","1,965.00","1,966.70","1,943.30","1,951.50","1,951.30","1,953.81",1261949,2465611788.75,41602.0,726995.0,57.61
HDFCBANK,EQ,22-Jan-2018,"1,952.20","1,960.00","1,988.00","1,953.15","1,962.50","1,963.35","1,969.82",2212442,4358108235.7,87200.0,961425.0,43.46
HDFCBANK,EQ,19-Jan-2018,"1,934.30","1,935.15","1,959.90","1,919.25","1,949.35","1,952.20","1,947.44",2863997,5577473372.55,62844.0,861137.0,30.07
HDFCBANK,EQ,18-Jan-2018,"1,890.50","1,924.00","1,954.00","1,918.05","1,933.05","1,934.30","1,939.75",4162385,8073993015.75,79152.0,1499386.0,36.02
HDFCBANK,EQ,17-Jan-2018,"1,900.15","1,897.00","1,902.55","1,887.00","1,891.60","1,890.50","1,893.05",726374,1375065564.25,25142.0,346150.0,47.65
HDFCBANK,EQ,16-Jan-2018,"1,897.75","1,903.45","1,910.00","1,885.25","1,900.10","1,900.15","1,899.62",1611346,3060951108.75,60260.0,827555.0,51.36
HDFCBANK,EQ,15-Jan-2018,"1,865.30","1,869.95","1,904.40","1,859.85","1,893.05","1,897.75","1,891.97",3144111,5948565811.3,68116.0,1638414.0,52.11
HDFCBANK,EQ,12-Jan-2018,"1,872.55","1,873.00","1,878.15","1,860.00","1,865.00","1,865.30","1,868.58",1084177,2025876708.1,29065.0,566529.0,52.25
HDFCBANK,EQ,11-Jan-2018,"1,864.20","1,864.20","1,876.00","1,856.25","1,873.95","1,872.55","1,868.69",1014774,1896296273.9,26221.0,622410.0,61.33
HDFCBANK,EQ,10-Jan-2018,"1,863.70","1,865.20","1,867.90","1,857.30","1,860.45","1,864.20","1,863.60",1153972,2150540894.55,18186.0,880760.0,76.32
HDFCBANK,EQ,09-Jan-2018,"1,860.60","1,862.00","1,869.85","1,855.00","1,862.70","1,863.70","1,861.62",1326382,2469224839.75,49929.0,959503.0,72.34
HDFCBANK,EQ,08-Jan-2018,"1,863.60","1,865.00","1,870.70","1,857.75","1,864.00","1,860.60","1,861.87",1142577,2127331034.75,17668.0,792771.0,69.38
HDFCBANK,EQ,05-Jan-2018,"1,859.90","1,863.00","1,868.05","1,855.55","1,863.05","1,863.60","1,862.60",717717,1336816277.05,20342.0,394247.0,54.93
HDFCBANK,EQ,04-Jan-2018,"1,852.65","1,853.00","1,865.50","1,853.00","1,859.25","1,859.90","1,860.54",593444,1104125326.3,11185.0,300493.0,50.64
HDFCBANK,EQ,03-Jan-2018,"1,872.35","1,875.00","1,878.25","1,851.20","1,853.85","1,852.65","1,859.01",1132822,2105921940.5,39569.0,765751.0,67.60
HDFCBANK,EQ,02-Jan-2018,"1,854.50","1,858.55","1,875.00","1,858.55","1,869.80","1,872.35","1,868.27",1194079,2230859132.95,33877.0,737318.0,61.75
HDFCBANK,EQ,01-Jan-2018,"1,872.40","1,872.70","1,880.75","1,850.50","1,855.00","1,854.50","1,862.24",1645129,3063622972.65,30994.0,1222191.0,74.29
HDFCBANK,EQ,27-Dec-2019,"1,270.45","1,272.00","1,279.00","1,270.00","1,275.75","1,275.00","1,275.30",3546496,4522859102.1,104711.0,2510820.0,70.80
HDFCBANK,EQ,26-Dec-2019,"1,289.15","1,289.70","1,291.85","1,264.65","1,269.85","1,270.45","1,274.91",7474879,9529779205.65,126918.0,4019243.0,53.77
HDFCBANK,EQ,24-Dec-2019,"1,302.40","1,298.60","1,301.10","1,286.95","1,290.00","1,289.15","1,293.83",3589604,4644339997.8,91053.0,2207659.0,61.50
HDFCBANK,EQ,23-Dec-2019,"1,296.70","1,299.00","1,304.00","1,288.80","1,301.50","1,302.40","1,298.01",5097891,6617101355.25,126370.0,3173217.0,62.25
HDFCBANK,EQ,20-Dec-2019,"1,288.80","1,288.75","1,299.60","1,280.05","1,296.45","1,296.70","1,292.36",7513022,9709492966.65,141458.0,5167224.0,68.78
HDFCBANK,EQ,19-Dec-2019,"1,292.35","1,305.00","1,305.50","1,286.10","1,288.50","1,288.80","1,296.05",6509188,8436211795.4,151485.0,3523544.0,54.13
HDFCBANK,EQ,18-Dec-2019,"1,271.10","1,283.00","1,299.00","1,273.65","1,292.70","1,292.35","1,287.03",8723586,11227488009.5,201690.0,5314964.0,60.93
HDFCBANK,EQ,17-Dec-2019,"1,257.35","1,260.00","1,274.80","1,255.35","1,271.75","1,271.10","1,267.95",6213677,7878637927.25,169567.0,4315153.0,69.45
HDFCBANK,EQ,16-Dec-2019,"1,263.85","1,269.25","1,270.00","1,248.20","1,258.70","1,257.35","1,256.17",5663788,7114678289.85,246978.0,3778135.0,66.71
HDFCBANK,EQ,13-Dec-2019,"1,263.60","1,265.00","1,272.35","1,259.25","1,263.10","1,263.85","1,266.95",5887593,7459262686.8,104179.0,4094699.0,69.55
HDFCBANK,EQ,12-Dec-2019,"1,248.75","1,253.00","1,269.45","1,253.00","1,265.80","1,263.60","1,261.92",6456574,8147695875.65,142217.0,4174002.0,64.65
HDFCBANK,EQ,11-Dec-2019,"1,249.50","1,250.10","1,254.00","1,242.50","1,250.55","1,248.75","1,248.04",5527321,6898336218.4,160384.0,4132402.0,74.76
HDFCBANK,EQ,10-Dec-2019,"1,242.95","1,251.00","1,253.65","1,245.10","1,250.10","1,249.50","1,249.14",4894450,6113859550.55,137774.0,3433356.0,70.15
HDFCBANK,EQ,09-Dec-2019,"1,246.05","1,249.50","1,249.85","1,237.55","1,243.50","1,242.95","1,242.41",4132675,5134473126.3,91238.0,2690691.0,65.11
HDFCBANK,EQ,06-Dec-2019,"1,245.60","1,248.95","1,260.00","1,238.20","1,245.40","1,246.05","1,250.90",6887325,8615373629.1,148575.0,4626402.0,67.17
HDFCBANK,EQ,05-Dec-2019,"1,251.65","1,255.60","1,258.75","1,240.75","1,244.90","1,245.60","1,249.82",6386247,7981674760.3,135982.0,2989674.0,46.81
HDFCBANK,EQ,04-Dec-2019,"1,255.40","1,252.50","1,256.90","1,234.20","1,251.65","1,251.65","1,244.89",5697807,7093157131.2,160001.0,3431195.0,60.22
HDFCBANK,EQ,03-Dec-2019,"1,265.75","1,268.20","1,269.00","1,253.80","1,255.10","1,255.40","1,257.55",3495953,4396324269.0,145022.0,2455214.0,70.23
HDFCBANK,EQ,02-Dec-2019,"1,274.95","1,273.95","1,273.95","1,258.60","1,262.55","1,265.75","1,265.00",4473102,5658467295.0,140206.0,2821604.0,63.08
HDFCBANK,EQ,29-Nov-2019,"1,265.30","1,267.70","1,279.90","1,252.00","1,275.00","1,274.95","1,267.91",7783813,9869209147.6,179493.0,4492258.0,57.71
HDFCBANK,EQ,28-Nov-2019,"1,278.40","1,280.20","1,283.05","1,262.00","1,267.75","1,265.30","1,269.05",6183020,7846573348.95,126121.0,3861436.0,62.45
HDFCBANK,EQ,27-Nov-2019,"1,275.05","1,276.00","1,285.75","1,271.20","1,278.60","1,278.40","1,277.74",4790333,6120781425.4,123094.0,3146643.0,65.69
HDFCBANK,EQ,26-Nov-2019,"1,271.10","1,278.45","1,279.75","1,266.95","1,276.00","1,275.05","1,273.47",4358001,5549764593.35,162619.0,2724001.0,62.51
HDFCBANK,EQ,25-Nov-2019,"1,264.75","1,264.15","1,279.50","1,264.15","1,272.90","1,271.10","1,272.73",3946778,5023175474.65,112947.0,2229882.0,56.50
HDFCBANK,EQ,22-Nov-2019,"1,283.35","1,283.65","1,283.65","1,262.00","1,266.50","1,264.75","1,269.56",3844005,4880191775.15,101153.0,2523967.0,65.66
HDFCBANK,EQ,21-Nov-2019,"1,273.35","1,270.25","1,287.00","1,268.35","1,281.95","1,283.35","1,279.30",6009763,7688314981.0,128228.0,3782409.0,62.94
HDFCBANK,EQ,20-Nov-2019,"1,271.90","1,273.00","1,282.95","1,267.00","1,275.00","1,273.35","1,274.00",5527129,7041572649.2,109397.0,3707282.0,67.07
HDFCBANK,EQ,19-Nov-2019,"1,262.05","1,265.30","1,275.00","1,261.10","1,274.75","1,271.90","1,269.59",5285289,6710158704.45,130282.0,3543343.0,67.04
HDFCBANK,EQ,18-Nov-2019,"1,277.90","1,277.00","1,279.45","1,258.70","1,262.65","1,262.05","1,264.60",4565146,5773101976.9,143584.0,2914231.0,63.84
HDFCBANK,EQ,15-Nov-2019,"1,273.90","1,283.85","1,285.00","1,271.10","1,279.75","1,277.90","1,279.78",4639506,5937530374.55,116607.0,2357045.0,50.80
HDFCBANK,EQ,14-Nov-2019,"1,257.55","1,263.80","1,277.00","1,257.20","1,275.00","1,273.90","1,267.09",5527609,7003995795.1,124827.0,2793186.0,50.53
HDFCBANK,EQ,13-Nov-2019,"1,264.75","1,261.95","1,270.00","1,253.60","1,258.00","1,257.55","1,260.90",4646748,5859068447.6,123817.0,2809517.0,60.46
HDFCBANK,EQ,11-Nov-2019,"1,255.60","1,252.55","1,268.50","1,250.50","1,265.30","1,264.75","1,260.58",7143305,9004703936.15,87967.0,5175501.0,72.45
HDFCBANK,EQ,08-Nov-2019,"1,263.70","1,259.00","1,267.00","1,251.45","1,254.85","1,255.60","1,258.28",6625748,8337070329.9,123060.0,4276184.0,64.54
HDFCBANK,EQ,07-Nov-2019,"1,256.65","1,261.00","1,269.70","1,250.00","1,262.05","1,263.70","1,260.30",8481517,10689227499.0,158059.0,5309958.0,62.61
HDFCBANK,EQ,06-Nov-2019,"1,239.50","1,242.45","1,259.00","1,228.05","1,256.50","1,256.65","1,243.91",6065168,7544516054.5,106886.0,3530632.0,58.21
HDFCBANK,EQ,05-Nov-2019,"1,236.85","1,241.00","1,244.80","1,229.05","1,240.00","1,239.50","1,236.72",6183905,7647753429.0,116040.0,4013870.0,64.91
HDFCBANK,EQ,04-Nov-2019,"1,240.05","1,246.45","1,250.00","1,229.05","1,237.95","1,236.85","1,239.18",4967588,6155741415.2,160851.0,2736666.0,55.09
HDFCBANK,EQ,01-Nov-2019,"1,230.35","1,239.00","1,243.75","1,227.60","1,243.00","1,240.05","1,235.87",5756130,7113824716.75,144831.0,3699600.0,64.27
HDFCBANK,EQ,31-Oct-2019,"1,248.35","1,257.70","1,263.90","1,227.10","1,230.00","1,230.35","1,247.19",6608853,8242505540.0,149423.0,3851537.0,58.28
HDFCBANK,EQ,30-Oct-2019,"1,242.50","1,246.90","1,262.70","1,243.00","1,249.80","1,248.35","1,253.11",6005683,7525760735.85,153142.0,3382532.0,56.32
HDFCBANK,EQ,29-Oct-2019,"1,237.70","1,238.00","1,257.35","1,237.70","1,242.55","1,242.50","1,246.85",7116284,8872915232.8,163100.0,4595216.0,64.57
HDFCBANK,EQ,27-Oct-2019,"1,229.00","1,239.95","1,241.90","1,235.00","1,238.00","1,237.70","1,238.06",875425,1083824484.4,32899.0,478938.0,54.71
HDFCBANK,EQ,25-Oct-2019,"1,236.10","1,240.00","1,246.85","1,220.00","1,227.90","1,229.00","1,234.93",6496771,8023045591.75,168865.0,3674313.0,56.56
HDFCBANK,EQ,24-Oct-2019,"1,241.60","1,248.00","1,254.15","1,226.35","1,235.00","1,236.10","1,241.78",6553747,8138285935.25,169086.0,2964030.0,45.23
HDFCBANK,EQ,23-Oct-2019,"1,239.30","1,246.85","1,249.75","1,233.00","1,245.00","1,241.60","1,242.17",5095107,6329004764.7,165735.0,2808097.0,55.11
HDFCBANK,EQ,22-Oct-2019,"1,229.00","1,257.00","1,257.00","1,232.60","1,239.90","1,239.30","1,244.30",10003114,12446872787.75,235749.0,5139082.0,51.37
HDFCBANK,EQ,18-Oct-2019,"1,220.00","1,225.45","1,233.85","1,220.35","1,229.00","1,229.00","1,227.68",5616903,6895782776.9,126554.0,3117700.0,55.51
HDFCBANK,EQ,17-Oct-2019,"1,221.10","1,227.50","1,229.85","1,213.10","1,221.50","1,220.00","1,221.84",6121807,7479843101.35,174349.0,3289207.0,53.73
HDFCBANK,EQ,16-Oct-2019,"1,223.05","1,231.65","1,235.00","1,210.10","1,221.50","1,221.10","1,222.27",5293408,6469999257.4,158557.0,2351286.0,44.42
HDFCBANK,EQ,15-Oct-2019,"1,204.40","1,207.00","1,225.00","1,206.85","1,223.70","1,223.05","1,217.66",4200187,5114380372.85,121277.0,2048447.0,48.77
HDFCBANK,EQ,14-Oct-2019,"1,198.80","1,209.00","1,219.90","1,197.40","1,204.40","1,204.40","1,211.27",6133901,7429783513.0,159516.0,3049256.0,49.71
HDFCBANK,EQ,11-Oct-2019,"1,200.55","1,213.40","1,224.00","1,188.95","1,198.15","1,198.80","1,206.12",8593159,10364407655.4,195427.0,4487710.0,52.22
HDFCBANK,EQ,10-Oct-2019,"1,228.15","1,221.80","1,225.95","1,197.20","1,203.00","1,200.55","1,204.54",5778429,6960322085.7,173146.0,3089486.0,53.47
HDFCBANK,EQ,09-Oct-2019,"1,186.90","1,197.10","1,229.90","1,190.00","1,228.20","1,228.15","1,211.14",8713635,10553402882.7,241068.0,4674399.0,53.64
HDFCBANK,EQ,07-Oct-2019,"1,189.70","1,201.20","1,219.85","1,181.15","1,184.55","1,186.90","1,201.38",11256610,13523469540.25,216482.0,5007897.0,44.49
HDFCBANK,EQ,04-Oct-2019,"1,223.55","1,236.65","1,239.60","1,185.30","1,189.75","1,189.70","1,209.48",9201816,11129384400.75,257533.0,4831347.0,52.50
HDFCBANK,EQ,03-Oct-2019,"1,248.80","1,239.95","1,243.80","1,216.35","1,222.90","1,223.55","1,227.27",8149438,10001593148.15,288240.0,4297804.0,52.74
HDFCBANK,EQ,01-Oct-2019,"1,227.45","1,231.50","1,255.00","1,221.10","1,250.20","1,248.80","1,241.11",9384176,11646764342.2,237310.0,4624217.0,49.28
HDFCBANK,EQ,30-Sep-2019,"1,244.20","1,228.80","1,240.00","1,216.50","1,227.50","1,227.45","1,229.60",9109229,11200672638.85,213075.0,6091881.0,66.88
HDFCBANK,EQ,27-Sep-2019,"1,242.50","1,248.25","1,253.50","1,237.60","1,245.60","1,244.20","1,245.87",7436585,9264982098.75,181792.0,4340632.0,58.37
HDFCBANK,EQ,26-Sep-2019,"1,239.70","1,239.80","1,275.00","1,236.35","1,246.00","1,242.50","1,249.50",15335780,19162065306.6,267570.0,6818174.0,44.46
HDFCBANK,EQ,25-Sep-2019,"1,253.80","1,249.90","1,249.90","1,230.10","1,240.00","1,239.70","1,238.04",7804488,9662249393.1,188354.0,4384523.0,56.18
HDFCBANK,EQ,24-Sep-2019,"1,257.25","1,250.00","1,261.95","1,227.55","1,252.15","1,253.80","1,244.36",11689524,14546003120.9,253765.0,6331061.0,54.16
HDFCBANK,EQ,23-Sep-2019,"1,199.60","1,259.55","1,282.70","1,229.00","1,255.30","1,257.25","1,257.31",20960205,26353536485.2,399302.0,11470765.0,54.73
HDFCBANK,EQ,20-Sep-2019,"1,101.05","1,108.00","1,209.90","1,105.40","1,202.00","1,199.60","1,174.97",23075017,27112448513.5,495257.0,10624318.0,46.04
HDFCBANK,EQ,19-Sep-2019,"2,187.75","1,099.90","1,107.05","1,084.00","1,100.05","1,101.05","1,093.79",5311655,5809819672.1,172428.0,2433720.0,45.82
HDFCBANK,EQ,18-Sep-2019,"2,211.35","2,217.30","2,224.15","2,180.00","2,188.00","2,187.75","2,203.61",3239971,7139638886.9,155878.0,1584011.0,48.89
HDFCBANK,EQ,17-Sep-2019,"2,244.15","2,247.90","2,248.50","2,198.10","2,220.00","2,211.35","2,220.32",2664139,5915245203.75,141227.0,1442352.0,54.14
HDFCBANK,EQ,16-Sep-2019,"2,257.45","2,251.90","2,262.65","2,241.00","2,243.00","2,244.15","2,250.46",2757546,6205756889.05,131945.0,1635667.0,59.32
HDFCBANK,EQ,13-Sep-2019,"2,270.85","2,251.00","2,267.45","2,238.00","2,259.80","2,257.45","2,252.89",3842835,8657474067.9,164332.0,2253074.0,58.63
HDFCBANK,EQ,12-Sep-2019,"2,251.30","2,250.70","2,288.80","2,248.15","2,267.95","2,270.85","2,271.76",4533075,10298073928.05,166034.0,3043908.0,67.15
HDFCBANK,EQ,11-Sep-2019,"2,249.60","2,274.00","2,274.00","2,241.15","2,246.00","2,251.30","2,254.26",3802279,8571339383.15,169443.0,2480806.0,65.25
HDFCBANK,EQ,09-Sep-2019,"2,245.90","2,246.00","2,260.90","2,216.10","2,245.15","2,249.60","2,246.95",2660851,5978807001.45,86620.0,1419605.0,53.35
HDFCBANK,EQ,06-Sep-2019,"2,235.15","2,228.00","2,256.60","2,221.30","2,241.75","2,245.90","2,240.48",3217501,7208762089.6,129381.0,1963939.0,61.04
HDFCBANK,EQ,05-Sep-2019,"2,247.75","2,249.00","2,272.40","2,225.00","2,232.00","2,235.15","2,249.57",4324063,9727276037.7,132274.0,2233304.0,51.65
HDFCBANK,EQ,04-Sep-2019,"2,210.95","2,207.00","2,274.00","2,199.00","2,244.00","2,247.75","2,242.36",3765176,8442880812.75,147126.0,1806149.0,47.97
HDFCBANK,EQ,03-Sep-2019,"2,227.95","2,220.00","2,221.00","2,196.15","2,200.50","2,210.95","2,210.20",2857169,6314928163.2,154531.0,1973739.0,69.08
HDFCBANK,EQ,30-Aug-2019,"2,226.95","2,233.50","2,260.00","2,222.00","2,231.90","2,227.95","2,238.30",4808330,10762486798.15,161307.0,2865953.0,59.60
HDFCBANK,EQ,29-Aug-2019,"2,247.50","2,246.00","2,253.70","2,220.30","2,225.50","2,226.95","2,236.05",3695929,8264299893.8,156003.0,2120121.0,57.36
HDFCBANK,EQ,28-Aug-2019,"2,259.95","2,250.00","2,257.35","2,226.35","2,245.00","2,247.50","2,240.16",3415647,7651604388.4,166668.0,1934486.0,56.64
HDFCBANK,EQ,27-Aug-2019,"2,256.15","2,256.00","2,272.90","2,240.10","2,258.00","2,259.95","2,257.98",5165208,11662935037.8,199581.0,3252574.0,62.97
HDFCBANK,EQ,26-Aug-2019,"2,162.70","2,194.90","2,266.15","2,167.00","2,259.00","2,256.15","2,216.97",6320061,14011405009.35,231650.0,3467750.0,54.87
HDFCBANK,EQ,23-Aug-2019,"2,174.10","2,161.00","2,177.00","2,139.60","2,164.90","2,162.70","2,157.09",5024904,10839185043.4,198523.0,3284413.0,65.36
HDFCBANK,EQ,22-Aug-2019,"2,225.85","2,220.85","2,220.85","2,167.05","2,177.00","2,174.10","2,199.15",3498011,7692639006.35,203340.0,2048334.0,58.56
HDFCBANK,EQ,21-Aug-2019,"2,220.60","2,224.90","2,241.20","2,214.20","2,225.70","2,225.85","2,229.56",2618178,5837373798.65,75718.0,1466393.0,56.01
HDFCBANK,EQ,20-Aug-2019,"2,206.85","2,209.25","2,227.80","2,206.85","2,224.00","2,220.60","2,218.57",2567648,5696516504.55,85255.0,1232433.0,48.00
HDFCBANK,EQ,19-Aug-2019,"2,227.70","2,238.50","2,242.00","2,201.70","2,210.95","2,206.85","2,227.18",2124550,4731763226.75,120954.0,994100.0,46.79
HDFCBANK,EQ,16-Aug-2019,"2,229.45","2,214.00","2,233.00","2,204.10","2,223.95","2,227.70","2,222.29",3811890,8471119947.3,134420.0,2587007.0,67.87
HDFCBANK,EQ,14-Aug-2019,"2,220.35","2,235.40","2,235.40","2,203.05","2,227.90","2,229.45","2,223.33",3563513,7922878553.05,113946.0,2010160.0,56.41
HDFCBANK,EQ,13-Aug-2019,"2,282.00","2,273.30","2,273.30","2,202.60","2,228.00","2,220.35","2,226.91",3860017,8595896762.6,187637.0,2385244.0,61.79
HDFCBANK,EQ,09-Aug-2019,"2,233.15","2,247.00","2,289.00","2,239.80","2,285.00","2,282.00","2,274.74",7609028,17308568937.9,180014.0,5733704.0,75.35
HDFCBANK,EQ,08-Aug-2019,"2,184.00","2,198.00","2,243.00","2,183.00","2,239.80","2,233.15","2,212.99",4927900,10905417010.45,192860.0,3233599.0,65.62
HDFCBANK,EQ,07-Aug-2019,"2,189.10","2,190.00","2,202.00","2,165.00","2,180.00","2,184.00","2,188.35",4687534,10257984618.5,160175.0,3209697.0,68.47
HDFCBANK,EQ,06-Aug-2019,"2,179.25","2,167.00","2,210.25","2,167.00","2,183.00","2,189.10","2,186.84",6222735,13608136578.75,208507.0,4156077.0,66.79
HDFCBANK,EQ,05-Aug-2019,"2,214.35","2,197.05","2,200.00","2,162.50","2,174.60","2,179.25","2,177.33",4955610,10789981549.25,208438.0,3086735.0,62.29
HDFCBANK,EQ,02-Aug-2019,"2,221.80","2,211.00","2,224.00","2,182.00","2,220.00","2,214.35","2,201.32",6956384,15313215817.3,177396.0,4270484.0,61.39
HDFCBANK,EQ,01-Aug-2019,"2,251.65","2,229.10","2,240.00","2,197.00","2,225.00","2,221.80","2,220.25",4560419,10125273727.7,143216.0,3007966.0,65.96
HDFCBANK,EQ,31-Jul-2019,"2,252.25","2,240.00","2,267.00","2,234.25","2,249.60","2,251.65","2,249.21",3472960,7811405394.7,158165.0,2516586.0,72.46
HDFCBANK,EQ,30-Jul-2019,"2,244.30","2,255.00","2,271.20","2,239.90","2,254.80","2,252.25","2,255.35",2598534,5860605363.45,122826.0,1628613.0,62.67
HDFCBANK,EQ,29-Jul-2019,"2,277.30","2,273.55","2,273.55","2,223.05","2,249.30","2,244.30","2,246.77",2494123,5603718444.6,128559.0,1475389.0,59.15
HDFCBANK,EQ,26-Jul-2019,"2,286.05","2,278.20","2,293.65","2,272.85","2,276.00","2,277.30","2,284.17",3207457,7326392886.65,154124.0,2019112.0,62.95
HDFCBANK,EQ,25-Jul-2019,"2,280.90","2,285.00","2,315.45","2,280.25","2,291.00","2,286.05","2,297.27",4865502,11177378388.25,187329.0,2945122.0,60.53
HDFCBANK,EQ,24-Jul-2019,"2,263.50","2,256.75","2,293.00","2,251.00","2,284.00","2,280.90","2,276.22",4340935,9880903017.85,221845.0,2590720.0,59.68
HDFCBANK,EQ,23-Jul-2019,"2,297.25","2,294.50","2,294.50","2,242.05","2,265.50","2,263.50","2,261.89",6950716,15721729608.75,237644.0,4401966.0,63.33
HDFCBANK,EQ,22-Jul-2019,"2,375.65","2,345.00","2,349.85","2,281.25","2,302.80","2,297.25","2,302.41",5542824,12761828597.4,239328.0,3160780.0,57.02
HDFCBANK,EQ,19-Jul-2019,"2,411.90","2,415.00","2,420.70","2,367.00","2,379.50","2,375.65","2,387.87",2234807,5336417925.7,139292.0,1221721.0,54.67
HDFCBANK,EQ,18-Jul-2019,"2,397.45","2,403.00","2,429.00","2,401.90","2,414.75","2,411.90","2,417.18",2700646,6527943531.55,95138.0,1314150.0,48.66
HDFCBANK,EQ,17-Jul-2019,"2,391.20","2,392.95","2,411.60","2,391.30","2,401.90","2,397.45","2,402.10",1939934,4659913060.3,67598.0,1115864.0,57.52
HDFCBANK,EQ,16-Jul-2019,"2,394.75","2,418.00","2,418.00","2,382.00","2,393.00","2,391.20","2,396.89",3192642,7652397496.8,131505.0,1920698.0,60.16
HDFCBANK,EQ,15-Jul-2019,"2,393.90","2,396.00","2,403.00","2,377.35","2,398.00","2,394.75","2,389.62",2058296,4918539139.35,98607.0,1404876.0,68.25
HDFCBANK,EQ,12-Jul-2019,"2,407.15","2,418.00","2,418.00","2,385.05","2,390.00","2,393.90","2,398.71",2244068,5382858844.7,119705.0,1313824.0,58.55
HDFCBANK,EQ,11-Jul-2019,"2,388.75","2,403.00","2,414.00","2,395.65","2,403.75","2,407.15","2,406.53",2274399,5473418839.5,135487.0,1355852.0,59.61
HDFCBANK,EQ,10-Jul-2019,"2,379.15","2,378.75","2,398.00","2,366.25","2,391.20","2,388.75","2,385.87",2892287,6900612679.5,166981.0,1816180.0,62.79
HDFCBANK,EQ,09-Jul-2019,"2,409.60","2,403.85","2,410.80","2,373.00","2,377.65","2,379.15","2,386.59",4120672,9834335423.85,184776.0,2722625.0,66.07
HDFCBANK,EQ,08-Jul-2019,"2,472.40","2,474.55","2,474.60","2,397.05","2,412.70","2,409.60","2,424.02",3651785,8852011714.3,148208.0,2375576.0,65.05
HDFCBANK,EQ,05-Jul-2019,"2,483.80","2,485.10","2,494.95","2,460.00","2,469.00","2,472.40","2,478.09",1895765,4697867401.7,72714.0,995517.0,52.51
HDFCBANK,EQ,04-Jul-2019,"2,489.65","2,494.80","2,497.90","2,472.00","2,482.85","2,483.80","2,484.12",1998491,4964492340.75,81894.0,988000.0,49.44
HDFCBANK,EQ,03-Jul-2019,"2,495.00","2,499.00","2,503.30","2,483.00","2,488.30","2,489.65","2,496.50",1865814,4658013683.8,74725.0,995571.0,53.36
HDFCBANK,EQ,02-Jul-2019,"2,485.55","2,488.00","2,497.50","2,467.20","2,491.15","2,495.00","2,484.49",1811707,4501164669.35,89307.0,871145.0,48.08
HDFCBANK,EQ,01-Jul-2019,"2,443.75","2,456.00","2,489.00","2,450.05","2,486.00","2,485.55","2,476.08",2131040,5276621766.5,110592.0,1257676.0,59.02
HDFCBANK,EQ,28-Jun-2019,"2,462.30","2,464.00","2,475.00","2,437.05","2,441.00","2,443.75","2,451.45",3189211,7818189487.6,113150.0,2204518.0,69.12
HDFCBANK,EQ,27-Jun-2019,"2,467.90","2,468.75","2,494.50","2,456.15","2,460.60","2,462.30","2,472.34",4969809,12287048186.85,157798.0,2787079.0,56.08
HDFCBANK,EQ,26-Jun-2019,"2,428.70","2,424.70","2,470.00","2,422.00","2,465.00","2,467.90","2,448.85",2633409,6448834567.6,111348.0,1725780.0,65.53
HDFCBANK,EQ,25-Jun-2019,"2,417.95","2,419.85","2,441.50","2,403.00","2,422.00","2,428.70","2,420.42",2224950,5385306441.1,125353.0,1381867.0,62.11
HDFCBANK,EQ,24-Jun-2019,"2,414.20","2,411.95","2,430.60","2,410.00","2,421.00","2,417.95","2,422.38",1728750,4187693147.25,84459.0,1149223.0,66.48
HDFCBANK,EQ,21-Jun-2019,"2,426.35","2,426.00","2,429.70","2,405.65","2,418.75","2,414.20","2,416.28",3312565,8004083637.95,114329.0,2607579.0,78.72
HDFCBANK,EQ,20-Jun-2019,"2,428.35","2,428.35","2,437.00","2,414.60","2,425.70","2,426.35","2,428.38",2792873,6782150949.4,129225.0,1928319.0,69.04
HDFCBANK,EQ,19-Jun-2019,"2,417.25","2,427.00","2,444.90","2,416.70","2,435.45","2,428.35","2,431.33",2686069,6530717720.65,118428.0,1681891.0,62.62
HDFCBANK,EQ,18-Jun-2019,"2,422.00","2,418.00","2,432.00","2,404.00","2,418.00","2,417.25","2,416.67",3104913,7503537702.1,149049.0,1949262.0,61.88
HDFCBANK,EQ,17-Jun-2019,"2,435.10","2,435.00","2,439.90","2,417.30","2,422.00","2,422.00","2,427.31",3202505,7773466418.45,119659.0,2438391.0,75.40
HDFCBANK,EQ,14-Jun-2019,"2,444.70","2,442.95","2,458.95","2,425.00","2,433.80","2,435.10","2,443.97",2989230,7305595365.65,108789.0,2064787.0,69.07
HDFCBANK,EQ,13-Jun-2019,"2,427.05","2,435.95","2,452.00","2,415.95","2,443.00","2,444.70","2,429.67",2776987,6747153118.55,116879.0,1917518.0,69.05
HDFCBANK,EQ,12-Jun-2019,"2,448.40","2,445.00","2,448.40","2,423.65","2,430.80","2,427.05","2,432.41",1827155,4444391620.75,100566.0,1260698.0,69.00
HDFCBANK,EQ,11-Jun-2019,"2,440.20","2,451.50","2,459.90","2,440.35","2,446.50","2,448.40","2,449.47",1775823,4349821953.45,114762.0,1055368.0,59.43
HDFCBANK,EQ,10-Jun-2019,"2,447.65","2,469.95","2,469.95","2,432.10","2,442.60","2,440.20","2,444.94",1769285,4325793963.6,111556.0,846619.0,47.85
HDFCBANK,EQ,07-Jun-2019,"2,423.35","2,425.65","2,454.25","2,409.00","2,447.05","2,447.65","2,435.83",1992733,4853950962.8,109779.0,1067657.0,53.58
HDFCBANK,EQ,06-Jun-2019,"2,452.30","2,453.20","2,470.00","2,413.35","2,427.80","2,423.35","2,440.37",3908731,9538745245.25,156152.0,2798039.0,71.58
HDFCBANK,EQ,04-Jun-2019,"2,457.10","2,455.00","2,465.75","2,441.05","2,455.00","2,452.30","2,454.96",1610747,3954324428.95,82409.0,831892.0,51.65
HDFCBANK,EQ,03-Jun-2019,"2,425.35","2,427.00","2,459.80","2,424.95","2,454.00","2,457.10","2,447.39",2120215,5188982519.4,119007.0,1144855.0,54.00
HDFCBANK,EQ,31-May-2019,"2,439.55","2,456.80","2,465.00","2,356.80","2,426.00","2,425.35","2,436.13",4946270,12049738649.55,192477.0,2747731.0,55.55
HDFCBANK,EQ,30-May-2019,"2,416.90","2,416.00","2,447.90","2,413.05","2,440.00","2,439.55","2,435.84",2339800,5699376323.3,89490.0,1309509.0,55.97
HDFCBANK,EQ,29-May-2019,"2,416.20","2,410.20","2,430.80","2,410.20","2,418.00","2,416.90","2,421.30",1868804,4524931586.45,90042.0,1016105.0,54.37
HDFCBANK,EQ,28-May-2019,"2,408.35","2,416.50","2,420.00","2,387.05","2,420.00","2,416.20","2,403.58",1841210,4425490417.8,89218.0,953903.0,51.81
HDFCBANK,EQ,27-May-2019,"2,373.35","2,378.90","2,421.90","2,372.25","2,404.85","2,408.35","2,402.57",3012256,7237159256.05,112244.0,1926428.0,63.95
HDFCBANK,EQ,24-May-2019,"2,332.10","2,359.70","2,386.15","2,340.15","2,372.90","2,373.35","2,360.61",3423200,8080852966.2,152871.0,1979076.0,57.81
HDFCBANK,EQ,23-May-2019,"2,405.75","2,409.00","2,439.90","2,319.10","2,350.00","2,332.10","2,386.08",8270499,19734049083.55,278878.0,4999099.0,60.44
HDFCBANK,EQ,22-May-2019,"2,403.70","2,411.85","2,426.00","2,394.25","2,410.00","2,405.75","2,412.93",2846665,6868796572.4,123668.0,1745539.0,61.32
HDFCBANK,EQ,21-May-2019,"2,432.35","2,438.00","2,449.40","2,399.45","2,408.95","2,403.70","2,427.00",2581294,6264795861.4,168751.0,1406311.0,54.48
HDFCBANK,EQ,20-May-2019,"2,362.10","2,408.00","2,438.70","2,380.00","2,428.00","2,432.35","2,405.29",4424908,10643183585.25,185496.0,2520312.0,56.96
HDFCBANK,EQ,17-May-2019,"2,310.65","2,313.00","2,369.30","2,311.60","2,365.00","2,362.10","2,334.59",3689695,8613924843.95,133531.0,2409732.0,65.31
HDFCBANK,EQ,16-May-2019,"2,286.70","2,280.55","2,319.00","2,280.00","2,312.35","2,310.65","2,295.63",2012534,4620031311.5,74658.0,1362529.0,67.70
HDFCBANK,EQ,15-May-2019,"2,287.90","2,296.00","2,307.20","2,282.20","2,286.70","2,286.70","2,297.43",2239087,5144145077.95,116090.0,1491767.0,66.62
HDFCBANK,EQ,14-May-2019,"2,287.20","2,296.70","2,311.00","2,275.55","2,288.00","2,287.90","2,288.05",2623686,6003117740.95,171946.0,1599018.0,60.95
HDFCBANK,EQ,13-May-2019,"2,296.50","2,296.05","2,313.35","2,280.00","2,287.30","2,287.20","2,297.73",2767908,6359892195.65,145875.0,1652663.0,59.71
HDFCBANK,EQ,10-May-2019,"2,290.90","2,291.35","2,324.90","2,291.35","2,296.50","2,296.50","2,306.93",2648550,6110007945.3,79307.0,1542118.0,58.22
HDFCBANK,EQ,09-May-2019,"2,307.25","2,300.00","2,300.00","2,271.60","2,292.00","2,290.90","2,287.67",2256931,5163123992.15,129719.0,1470611.0,65.16
HDFCBANK,EQ,08-May-2019,"2,322.35","2,322.55","2,323.80","2,288.00","2,309.00","2,307.25","2,304.51",3016052,6950517705.45,101965.0,1942147.0,64.39
HDFCBANK,EQ,07-May-2019,"2,328.45","2,351.90","2,358.00","2,318.00","2,320.10","2,322.35","2,338.90",2481051,5802928079.35,114540.0,1326590.0,53.47
HDFCBANK,EQ,06-May-2019,"2,367.95","2,348.00","2,351.90","2,317.05","2,327.90","2,328.45","2,338.56",3437023,8037675313.8,111177.0,2333530.0,67.89
HDFCBANK,EQ,03-May-2019,"2,355.80","2,364.20","2,378.00","2,356.50","2,365.00","2,367.95","2,370.96",3087880,7321238483.25,97641.0,2009621.0,65.08
HDFCBANK,EQ,02-May-2019,"2,317.45","2,323.50","2,359.65","2,317.50","2,356.00","2,355.80","2,345.11",4292325,10065974310.35,173788.0,2770290.0,64.54
HDFCBANK,EQ,30-Apr-2019,"2,280.95","2,285.00","2,320.00","2,278.40","2,319.00","2,317.45","2,306.89",3134209,7230268668.8,189638.0,1946319.0,62.10
HDFCBANK,EQ,26-Apr-2019,"2,263.45","2,265.90","2,285.00","2,256.90","2,275.80","2,280.95","2,270.33",2926892,6645017406.0,121538.0,2070242.0,70.73
HDFCBANK,EQ,25-Apr-2019,"2,279.75","2,286.90","2,298.80","2,257.95","2,262.25","2,263.45","2,274.13",4521659,10282833886.8,129865.0,3059269.0,67.66
HDFCBANK,EQ,24-Apr-2019,"2,245.30","2,250.00","2,283.90","2,247.05","2,280.95","2,279.75","2,263.98",3088532,6992369872.3,168685.0,1846136.0,59.77
HDFCBANK,EQ,23-Apr-2019,"2,268.70","2,277.55","2,290.00","2,241.60","2,247.30","2,245.30","2,264.62",3820600,8652194438.25,157421.0,2121251.0,55.52
HDFCBANK,EQ,22-Apr-2019,"2,293.65","2,325.00","2,325.00","2,261.00","2,266.90","2,268.70","2,286.36",5245105,11992211756.9,153509.0,2221248.0,42.35
HDFCBANK,EQ,18-Apr-2019,"2,305.05","2,313.00","2,315.05","2,288.00","2,293.00","2,293.65","2,303.58",2653714,6113045771.7,113419.0,1811847.0,68.28
HDFCBANK,EQ,16-Apr-2019,"2,288.80","2,290.95","2,309.90","2,280.30","2,307.00","2,305.05","2,297.97",2068444,4753214286.65,93271.0,1228448.0,59.39
HDFCBANK,EQ,15-Apr-2019,"2,265.25","2,270.00","2,292.90","2,264.35","2,280.30","2,288.80","2,281.07",2554945,5828016960.0,115323.0,1827587.0,71.53
HDFCBANK,EQ,12-Apr-2019,"2,257.50","2,252.10","2,272.20","2,252.10","2,257.00","2,265.25","2,262.61",2292611,5187293679.6,107144.0,1507969.0,65.78
HDFCBANK,EQ,11-Apr-2019,"2,237.35","2,244.90","2,263.00","2,236.95","2,258.60","2,257.50","2,252.26",2198325,4951203521.8,82062.0,1148516.0,52.25
HDFCBANK,EQ,10-Apr-2019,"2,287.25","2,250.00","2,284.00","2,231.00","2,236.90","2,237.35","2,244.54",27032175,60674893006.85,194475.0,12397749.0,45.86
HDFCBANK,EQ,09-Apr-2019,"2,289.40","2,296.60","2,303.00","2,267.00","2,290.00","2,287.25","2,283.13",2694400,6151660741.4,97805.0,1860351.0,69.05
HDFCBANK,EQ,08-Apr-2019,"2,305.60","2,319.00","2,322.95","2,280.10","2,289.20","2,289.40","2,298.32",1599533,3676237090.6,84319.0,911001.0,56.95
HDFCBANK,EQ,05-Apr-2019,"2,283.95","2,287.80","2,313.75","2,282.00","2,310.00","2,305.60","2,293.19",2087795,4787701075.3,109654.0,1253299.0,60.03
HDFCBANK,EQ,04-Apr-2019,"2,292.75","2,292.75","2,313.00","2,280.00","2,287.80","2,283.95","2,293.66",2302888,5282042066.4,91238.0,1254011.0,54.45
HDFCBANK,EQ,03-Apr-2019,"2,294.85","2,292.10","2,316.00","2,288.25","2,289.00","2,292.75","2,303.77",1914863,4411401349.85,87245.0,1110816.0,58.01
HDFCBANK,EQ,02-Apr-2019,"2,311.80","2,320.00","2,320.00","2,285.45","2,299.00","2,294.85","2,296.22",2727624,6263235078.1,128611.0,1622376.0,59.48
HDFCBANK,EQ,01-Apr-2019,"2,318.90","2,325.25","2,332.00","2,304.60","2,306.85","2,311.80","2,320.63",2411769,5596835494.0,131919.0,1528605.0,63.38
HDFCBANK,EQ,29-Mar-2019,"2,302.80","2,304.60","2,325.00","2,294.00","2,316.00","2,318.90","2,308.98",2986742,6896338338.65,116289.0,1706050.0,57.12
HDFCBANK,EQ,28-Mar-2019,"2,299.45","2,298.80","2,325.00","2,287.85","2,308.00","2,302.80","2,304.15",4888582,11264012692.85,149850.0,3132999.0,64.09
HDFCBANK,EQ,27-Mar-2019,"2,311.35","2,318.55","2,328.05","2,279.05","2,301.00","2,299.45","2,306.72",3471325,8007363872.95,186247.0,2016772.0,58.10
HDFCBANK,EQ,26-Mar-2019,"2,281.30","2,275.90","2,315.00","2,272.60","2,313.50","2,311.35","2,293.76",2946712,6759060898.4,106093.0,1878614.0,63.75
HDFCBANK,EQ,25-Mar-2019,"2,276.15","2,260.00","2,287.85","2,253.00","2,278.00","2,281.30","2,270.95",2299815,5222754084.55,103519.0,1528011.0,66.44
HDFCBANK,EQ,22-Mar-2019,"2,299.00","2,300.00","2,307.00","2,270.80","2,275.10","2,276.15","2,284.13",7600970,17361577310.25,136216.0,2085675.0,27.44
HDFCBANK,EQ,20-Mar-2019,"2,267.75","2,269.00","2,300.00","2,261.05","2,299.00","2,299.00","2,287.11",2927998,6696660989.55,154406.0,1770484.0,60.47
HDFCBANK,EQ,19-Mar-2019,"2,261.45","2,269.50","2,275.90","2,251.00","2,268.00","2,267.75","2,262.32",2989498,6763202098.5,149528.0,2024488.0,67.72
HDFCBANK,EQ,18-Mar-2019,"2,253.00","2,261.90","2,291.65","2,247.00","2,270.00","2,261.45","2,266.32",3589680,8135378380.9,186267.0,2144212.0,59.73
HDFCBANK,EQ,15-Mar-2019,"2,224.75","2,231.00","2,259.90","2,228.05","2,258.00","2,253.00","2,247.38",3190772,7170888264.5,155151.0,1979190.0,62.03
HDFCBANK,EQ,14-Mar-2019,"2,226.55","2,244.85","2,247.50","2,210.60","2,223.05","2,224.75","2,225.44",3844966,8556754695.15,136351.0,2318618.0,60.30
HDFCBANK,EQ,13-Mar-2019,"2,171.00","2,175.00","2,234.00","2,172.10","2,229.00","2,226.55","2,206.86",14291587,31539499506.0,226692.0,10926747.0,76.46
HDFCBANK,EQ,12-Mar-2019,"2,128.45","2,147.00","2,175.00","2,137.00","2,168.00","2,171.00","2,154.73",3774323,8132629564.25,119425.0,2437537.0,64.58
HDFCBANK,EQ,11-Mar-2019,"2,128.20","2,132.00","2,143.70","2,122.20","2,127.50","2,128.45","2,131.90",2306027,4916219772.55,81824.0,1521179.0,65.97
HDFCBANK,EQ,08-Mar-2019,"2,126.50","2,115.05","2,130.00","2,109.45","2,129.00","2,128.20","2,118.36",1763365,3735433351.4,102091.0,1091867.0,61.92
HDFCBANK,EQ,07-Mar-2019,"2,104.25","2,109.60","2,130.00","2,095.00","2,125.20","2,126.50","2,112.14",2551213,5388507260.25,104364.0,1661976.0,65.14
HDFCBANK,EQ,06-Mar-2019,"2,107.10","2,110.00","2,110.30","2,090.55","2,103.15","2,104.25","2,098.70",2114511,4437716881.25,91985.0,1439516.0,68.08
HDFCBANK,EQ,05-Mar-2019,"2,083.35","2,088.90","2,111.10","2,070.00","2,107.00","2,107.10","2,085.84",2959319,6172679648.4,169911.0,1989745.0,67.24
HDFCBANK,EQ,01-Mar-2019,"2,077.55","2,086.25","2,100.90","2,077.00","2,080.00","2,083.35","2,087.11",2338232,4880142636.85,106043.0,1494433.0,63.91
HDFCBANK,EQ,28-Feb-2019,"2,092.25","2,093.10","2,105.85","2,073.20","2,076.90","2,077.55","2,089.80",2911344,6084140082.45,85218.0,1874085.0,64.37
HDFCBANK,EQ,27-Feb-2019,"2,110.65","2,116.10","2,124.45","2,088.15","2,093.00","2,092.25","2,099.89",1757523,3690596308.9,78384.0,885846.0,50.40
HDFCBANK,EQ,26-Feb-2019,"2,125.40","2,111.25","2,125.00","2,101.10","2,109.00","2,110.65","2,113.91",2401857,5077309232.0,80521.0,1419919.0,59.12
HDFCBANK,EQ,25-Feb-2019,"2,091.45","2,095.15","2,129.95","2,095.15","2,123.00","2,125.40","2,113.52",2035149,4301319701.45,101852.0,1337157.0,65.70
HDFCBANK,EQ,22-Feb-2019,"2,115.90","2,119.40","2,128.10","2,089.10","2,091.00","2,091.45","2,099.68",2222677,4666916025.0,91486.0,1580811.0,71.12
HDFCBANK,EQ,21-Feb-2019,"2,108.35","2,101.70","2,119.95","2,093.60","2,115.70","2,115.90","2,106.26",1315386,2770549994.85,66123.0,737862.0,56.09
HDFCBANK,EQ,20-Feb-2019,"2,084.05","2,088.50","2,111.00","2,081.90","2,109.00","2,108.35","2,095.02",1223125,2562466713.25,74227.0,678764.0,55.49
HDFCBANK,EQ,19-Feb-2019,"2,089.90","2,089.70","2,108.15","2,078.20","2,083.45","2,084.05","2,095.84",1317159,2760560754.0,76740.0,794974.0,60.36
HDFCBANK,EQ,18-Feb-2019,"2,100.65","2,106.80","2,118.00","2,086.00","2,089.70","2,089.90","2,098.16",1784686,3744564837.75,74022.0,1166319.0,65.35
HDFCBANK,EQ,15-Feb-2019,"2,110.20","2,107.35","2,108.10","2,078.20","2,100.70","2,100.65","2,091.52",2104131,4400828253.75,89754.0,1316023.0,62.54
HDFCBANK,EQ,14-Feb-2019,"2,143.45","2,140.00","2,140.00","2,105.60","2,112.00","2,110.20","2,117.31",1860347,3938937722.7,142536.0,1120383.0,60.22
HDFCBANK,EQ,13-Feb-2019,"2,129.70","2,135.55","2,155.00","2,132.30","2,140.00","2,143.45","2,146.54",2360187,5066246582.8,110054.0,1517418.0,64.29
HDFCBANK,EQ,12-Feb-2019,"2,139.65","2,138.00","2,148.00","2,124.80","2,130.05","2,129.70","2,137.61",2443097,5222380330.05,140474.0,1613693.0,66.05
HDFCBANK,EQ,11-Feb-2019,"2,122.65","2,113.30","2,142.90","2,113.30","2,139.00","2,139.65","2,132.18",1759091,3750705910.6,75240.0,985040.0,56.00
HDFCBANK,EQ,08-Feb-2019,"2,117.25","2,112.00","2,144.95","2,106.65","2,117.00","2,122.65","2,126.16",3058911,6503720043.85,98707.0,2028984.0,66.33
HDFCBANK,EQ,07-Feb-2019,"2,122.65","2,125.05","2,130.00","2,105.85","2,110.90","2,117.25","2,122.39",1804327,3829487756.5,80400.0,1025176.0,56.82
HDFCBANK,EQ,06-Feb-2019,"2,114.05","2,116.25","2,127.00","2,113.60","2,122.00","2,122.65","2,120.90",2718921,5766554240.8,106255.0,1880675.0,69.17
HDFCBANK,EQ,05-Feb-2019,"2,104.90","2,108.00","2,119.00","2,097.00","2,115.00","2,114.05","2,110.78",2172572,4585820145.8,73303.0,1548389.0,71.27
HDFCBANK,EQ,04-Feb-2019,"2,090.45","2,095.00","2,113.00","2,082.65","2,098.55","2,104.90","2,097.57",1984572,4162769920.2,145764.0,1156072.0,58.25
HDFCBANK,EQ,01-Feb-2019,"2,079.95","2,079.95","2,117.00","2,076.60","2,095.75","2,090.45","2,099.48",3913547,8216405021.45,116055.0,2360380.0,60.31
HDFCBANK,EQ,31-Jan-2019,"2,034.70","2,031.00","2,089.75","2,022.00","2,073.00","2,079.95","2,060.96",4144851,8542369085.8,155825.0,2238129.0,54.00
HDFCBANK,EQ,30-Jan-2019,"2,057.60","2,057.25","2,057.25","2,028.00","2,033.50","2,034.70","2,035.54",4628540,9421572630.55,197593.0,3817215.0,82.47
HDFCBANK,EQ,29-Jan-2019,"2,084.15","2,078.25","2,083.00","2,053.00","2,059.40","2,057.60","2,067.93",3690697,7632110523.3,124666.0,2636216.0,71.43
HDFCBANK,EQ,28-Jan-2019,"2,096.00","2,090.00","2,102.05","2,076.75","2,087.00","2,084.15","2,090.88",3840109,8029190019.85,170502.0,,-
HDFCBANK,EQ,25-Jan-2019,"2,102.25","2,093.00","2,110.00","2,090.00","2,092.05","2,096.00","2,102.20",2815559,5918870073.55,109171.0,1684610.0,59.83
HDFCBANK,EQ,24-Jan-2019,"2,105.40","2,110.00","2,121.65","2,097.90","2,098.60","2,102.25","2,109.73",2527893,5333167868.85,141995.0,1465573.0,57.98
HDFCBANK,EQ,23-Jan-2019,"2,135.85","2,134.00","2,135.85","2,101.45","2,106.95","2,105.40","2,123.27",1906072,4047104726.75,85545.0,1264167.0,66.32
HDFCBANK,EQ,22-Jan-2019,"2,148.15","2,146.00","2,146.80","2,129.05","2,132.25","2,135.85","2,136.85",2199244,4699456324.45,119550.0,1304339.0,59.31
HDFCBANK,EQ,21-Jan-2019,"2,130.25","2,139.95","2,166.50","2,126.50","2,145.40","2,148.15","2,151.51",4390378,9445947630.45,144556.0,1638668.0,37.32
HDFCBANK,EQ,18-Jan-2019,"2,132.30","2,135.00","2,139.00","2,114.55","2,130.00","2,130.25","2,128.13",1301994,2770812571.25,67451.0,665655.0,51.13
HDFCBANK,EQ,17-Jan-2019,"2,120.20","2,125.25","2,135.90","2,113.35","2,130.40","2,132.30","2,124.86",2060057,4377341580.55,77528.0,1170828.0,56.83
HDFCBANK,EQ,16-Jan-2019,"2,121.90","2,120.05","2,125.00","2,108.25","2,117.00","2,120.20","2,118.69",1313113,2782077967.0,72148.0,910308.0,69.32
HDFCBANK,EQ,15-Jan-2019,"2,101.65","2,105.05","2,126.50","2,102.00","2,117.00","2,121.90","2,118.86",1271889,2694949646.95,55681.0,724280.0,56.95
HDFCBANK,EQ,14-Jan-2019,"2,111.90","2,109.90","2,109.90","2,098.45","2,104.90","2,101.65","2,102.69",1213790,2552219684.45,58066.0,817354.0,67.34
HDFCBANK,EQ,11-Jan-2019,"2,108.50","2,113.80","2,124.00","2,108.00","2,115.00","2,111.90","2,114.59",1602010,3387596238.95,68529.0,867953.0,54.18
HDFCBANK,EQ,10-Jan-2019,"2,116.80","2,117.00","2,123.80","2,092.65","2,106.60","2,108.50","2,114.87",1922885,4066660283.85,79438.0,1122621.0,58.38
HDFCBANK,EQ,09-Jan-2019,"2,103.00","2,118.00","2,121.35","2,102.60","2,116.80","2,116.80","2,112.62",2142157,4525566666.15,86929.0,1494458.0,69.76
HDFCBANK,EQ,08-Jan-2019,"2,120.65","2,122.00","2,123.50","2,096.65","2,102.90","2,103.00","2,105.77",2085865,4392343434.15,63105.0,1156791.0,55.46
HDFCBANK,EQ,07-Jan-2019,"2,117.45","2,127.70","2,135.35","2,118.00","2,120.50","2,120.65","2,128.37",1346753,2866387728.65,51524.0,763086.0,56.66
HDFCBANK,EQ,04-Jan-2019,"2,111.80","2,115.25","2,128.50","2,110.35","2,118.85","2,117.45","2,119.55",1821780,3861355797.55,71863.0,990354.0,54.36
HDFCBANK,EQ,03-Jan-2019,"2,128.50","2,124.20","2,128.25","2,103.00","2,110.00","2,111.80","2,112.75",3192916,6745826356.05,129992.0,2037811.0,63.82
HDFCBANK,EQ,02-Jan-2019,"2,148.10","2,142.80","2,147.50","2,119.70","2,127.00","2,128.50","2,132.45",2033558,4336463537.4,95751.0,998186.0,49.09
HDFCBANK,EQ,01-Jan-2019,"2,121.70","2,127.65","2,151.00","2,105.60","2,149.00","2,148.10","2,131.37",1593360,3396043277.4,50308.0,792410.0,49.73
HDFCBANK,EQ,31-Dec-2018,"2,122.90","2,137.00","2,137.00","2,116.70","2,121.85","2,121.70","2,124.35",1466632,3115638472.7,71843.0,794268.0,54.16
HDFCBANK,EQ,28-Dec-2020,"1,397.10","1,405.00","1,421.00","1,404.00","1,415.80","1,412.85","1,414.43",5849597,8273855755.35,222546.0,3298640.0,56.39
HDFCBANK,EQ,24-Dec-2020,"1,375.65","1,389.40","1,404.00","1,377.00","1,395.90","1,397.10","1,393.22",7476094,10415823397.4,207764.0,3493062.0,46.72
HDFCBANK,EQ,23-Dec-2020,"1,373.10","1,367.50","1,380.95","1,361.05","1,378.00","1,375.65","1,371.48",7733697,10606644402.05,209433.0,3826850.0,49.48
HDFCBANK,EQ,22-Dec-2020,"1,372.65","1,384.80","1,384.80","1,345.00","1,373.00","1,373.10","1,365.22",11425779,15598730164.2,321428.0,4526049.0,39.61
HDFCBANK,EQ,21-Dec-2020,"1,411.35","1,417.50","1,423.85","1,366.70","1,369.05","1,372.65","1,402.25",11880912,16660066426.3,245182.0,5752935.0,48.42
HDFCBANK,EQ,18-Dec-2020,"1,441.80","1,435.00","1,439.70","1,406.30","1,408.95","1,411.35","1,416.04",11497959,16281519676.25,204985.0,6354330.0,55.26
HDFCBANK,EQ,17-Dec-2020,"1,410.70","1,418.60","1,445.00","1,404.50","1,440.00","1,441.80","1,429.35",10962239,15668891347.05,227695.0,6194289.0,56.51
HDFCBANK,EQ,16-Dec-2020,"1,391.30","1,404.00","1,416.80","1,394.50","1,407.85","1,410.70","1,405.85",8416046,11831665558.4,207995.0,3610360.0,42.90
HDFCBANK,EQ,15-Dec-2020,"1,372.15","1,380.80","1,394.95","1,366.00","1,392.50","1,391.30","1,380.90",10780718,14887141542.75,213331.0,6133592.0,56.89
HDFCBANK,EQ,14-Dec-2020,"1,382.80","1,383.00","1,388.00","1,368.00","1,369.40","1,372.15","1,376.22",8611025,11850694443.9,226700.0,4356567.0,50.59
HDFCBANK,EQ,11-Dec-2020,"1,385.85","1,390.05","1,395.00","1,373.00","1,382.05","1,382.80","1,382.89",10678192,14766730477.75,184156.0,5982146.0,56.02
HDFCBANK,EQ,10-Dec-2020,"1,407.20","1,398.00","1,402.00","1,375.75","1,387.00","1,385.85","1,386.04",9863983,13671853428.5,253318.0,5410504.0,54.85
HDFCBANK,EQ,09-Dec-2020,"1,376.30","1,377.00","1,410.05","1,375.05","1,408.50","1,407.20","1,395.27",11034537,15396172248.45,283201.0,6142720.0,55.67
HDFCBANK,EQ,08-Dec-2020,"1,372.25","1,375.00","1,388.80","1,365.15","1,374.90","1,376.30","1,377.34",9728948,13400035184.9,239499.0,4036547.0,41.49
HDFCBANK,EQ,07-Dec-2020,"1,385.60","1,375.00","1,379.95","1,358.10","1,375.50","1,372.25","1,368.13",12158159,16633921187.35,326818.0,5395288.0,44.38
HDFCBANK,EQ,04-Dec-2020,"1,377.20","1,381.00","1,401.45","1,373.30","1,390.10","1,385.60","1,386.77",13456161,18660621784.3,287684.0,6424679.0,47.75
HDFCBANK,EQ,03-Dec-2020,"1,406.95","1,429.00","1,432.00","1,374.05","1,381.00","1,377.20","1,396.88",18966611,26494094892.8,370031.0,8051191.0,42.45
HDFCBANK,EQ,02-Dec-2020,"1,433.30","1,431.00","1,431.80","1,394.80","1,405.35","1,406.95","1,410.23",8946075,12616027252.0,187793.0,4083694.0,45.65
HDFCBANK,EQ,01-Dec-2020,"1,440.85","1,440.85","1,449.00","1,425.50","1,429.05","1,433.30","1,439.22",8573787,12339584610.7,197206.0,4902182.0,57.18
HDFCBANK,EQ,27-Nov-2020,"1,426.65","1,431.80","1,446.00","1,415.55","1,438.00","1,440.85","1,429.86",8997290,12864832853.65,174132.0,2947164.0,32.76
HDFCBANK,EQ,26-Nov-2020,"1,402.80","1,415.00","1,432.00","1,387.00","1,431.90","1,426.65","1,410.64",13971563,19708891649.45,269679.0,3873907.0,27.73
HDFCBANK,EQ,25-Nov-2020,"1,438.20","1,451.30","1,464.40","1,397.00","1,406.50","1,402.80","1,431.81",12076301,17290970161.5,310836.0,3864872.0,32.00
HDFCBANK,EQ,24-Nov-2020,"1,394.60","1,408.00","1,445.00","1,402.05","1,444.00","1,438.20","1,430.00",20077200,28710493464.85,341801.0,10998578.0,54.78
HDFCBANK,EQ,23-Nov-2020,"1,403.65","1,415.00","1,423.65","1,375.35","1,397.30","1,394.60","1,398.55",12623318,17654381087.2,297107.0,5172382.0,40.97
HDFCBANK,EQ,20-Nov-2020,"1,374.35","1,372.65","1,408.40","1,365.05","1,405.00","1,403.65","1,391.31",10202681,14195115496.0,235627.0,3218192.0,31.54
HDFCBANK,EQ,19-Nov-2020,"1,408.70","1,389.70","1,399.45","1,368.00","1,370.80","1,374.35","1,383.36",10133441,14018208193.6,222482.0,4548010.0,44.88
HDFCBANK,EQ,18-Nov-2020,"1,408.45","1,403.00","1,419.00","1,399.05","1,409.00","1,408.70","1,408.60",9431388,13285065362.8,209420.0,3919273.0,41.56
HDFCBANK,EQ,17-Nov-2020,"1,369.70","1,385.80","1,412.60","1,380.60","1,408.80","1,408.45","1,401.66",15529950,21767651962.7,297055.0,8031901.0,51.72
HDFCBANK,EQ,14-Nov-2020,"1,358.80","1,367.80","1,374.95","1,365.20","1,371.00","1,369.70","1,370.51",917533,1257485129.45,30732.0,211718.0,23.07
HDFCBANK,EQ,13-Nov-2020,"1,371.70","1,368.80","1,368.80","1,347.00","1,358.00","1,358.80","1,356.21",11236240,15238648107.85,205964.0,6981560.0,62.13
HDFCBANK,EQ,12-Nov-2020,"1,389.95","1,377.40","1,388.55","1,360.00","1,372.85","1,371.70","1,373.54",13526974,18579858764.4,315193.0,6233502.0,46.08
HDFCBANK,EQ,11-Nov-2020,"1,393.65","1,399.90","1,414.80","1,370.50","1,390.15","1,389.95","1,393.64",18058097,25166453033.45,319672.0,8274350.0,45.82
HDFCBANK,EQ,10-Nov-2020,"1,340.55","1,357.00","1,395.00","1,351.55","1,393.20","1,393.65","1,376.45",20758678,28573194384.7,460114.0,10154953.0,48.92
HDFCBANK,EQ,09-Nov-2020,"1,307.65","1,315.20","1,345.95","1,315.20","1,343.00","1,340.55","1,334.35",13144220,17539012739.75,235872.0,4784853.0,36.40
HDFCBANK,EQ,06-Nov-2020,"1,269.20","1,266.25","1,310.00","1,265.50","1,308.00","1,307.65","1,294.89",17852862,23117431812.65,330534.0,8798848.0,49.29
HDFCBANK,EQ,05-Nov-2020,"1,257.40","1,266.00","1,276.00","1,252.35","1,271.55","1,269.20","1,269.42",10716964,13604287092.55,217902.0,5572211.0,51.99
HDFCBANK,EQ,04-Nov-2020,"1,247.95","1,252.00","1,264.80","1,230.00","1,254.00","1,257.40","1,251.63",11702411,14647036990.25,245494.0,4604207.0,39.34
HDFCBANK,EQ,03-Nov-2020,"1,215.25","1,226.45","1,250.75","1,225.50","1,248.00","1,247.95","1,243.15",14082115,17506178550.75,278299.0,7117196.0,50.54
HDFCBANK,EQ,02-Nov-2020,"1,183.55","1,194.35","1,225.00","1,177.50","1,216.25","1,215.25","1,198.51",10963040,13139347186.25,225643.0,3969118.0,36.20
HDFCBANK,EQ,30-Oct-2020,"1,187.20","1,182.55","1,199.30","1,176.35","1,182.40","1,183.55","1,186.31",5761470,6834878663.65,137766.0,1417497.0,24.60
HDFCBANK,EQ,29-Oct-2020,"1,209.60","1,200.60","1,204.45","1,178.50","1,190.50","1,187.20","1,189.63",11530152,13716659781.8,207330.0,4599106.0,39.89
HDFCBANK,EQ,28-Oct-2020,"1,233.10","1,228.00","1,232.00","1,201.50","1,210.30","1,209.60","1,214.22",8285625,10060586819.9,202965.0,3816626.0,46.06
HDFCBANK,EQ,27-Oct-2020,"1,210.90","1,226.00","1,236.00","1,197.85","1,235.00","1,233.10","1,216.83",12158922,14795287654.7,207342.0,5566363.0,45.78
HDFCBANK,EQ,26-Oct-2020,"1,235.80","1,229.80","1,242.00","1,204.60","1,216.55","1,210.90","1,222.29",9786023,11961384155.7,197782.0,4286264.0,43.80
HDFCBANK,EQ,23-Oct-2020,"1,233.30","1,243.50","1,248.45","1,231.20","1,236.55","1,235.80","1,238.33",7933126,9823852876.9,172764.0,3893201.0,49.08
HDFCBANK,EQ,22-Oct-2020,"1,246.70","1,239.95","1,250.00","1,223.00","1,232.00","1,233.30","1,237.77",10956548,13561713112.7,269781.0,4980877.0,45.46
HDFCBANK,EQ,21-Oct-2020,"1,223.95","1,230.60","1,251.00","1,221.70","1,245.25","1,246.70","1,238.33",17820565,22067746473.4,311963.0,9474491.0,53.17
HDFCBANK,EQ,20-Oct-2020,"1,203.55","1,207.50","1,227.40","1,205.90","1,224.60","1,223.95","1,218.32",13705994,16698234148.05,278115.0,6665757.0,48.63
HDFCBANK,EQ,19-Oct-2020,"1,199.35","1,235.00","1,235.00","1,192.60","1,203.00","1,203.55","1,206.93",21179884,25562653004.0,312856.0,6298278.0,29.74
HDFCBANK,EQ,16-Oct-2020,"1,169.25","1,180.00","1,203.50","1,173.00","1,203.35","1,199.35","1,189.99",12911559,15364649993.6,232163.0,5757664.0,44.59
HDFCBANK,EQ,15-Oct-2020,"1,211.50","1,214.20","1,217.00","1,164.00","1,168.60","1,169.25","1,195.09",14123569,16878959918.7,238649.0,6426038.0,45.50
HDFCBANK,EQ,14-Oct-2020,"1,198.45","1,195.55","1,214.30","1,175.50","1,213.50","1,211.50","1,190.04",11291473,13437251785.95,220645.0,4716259.0,41.77
HDFCBANK,EQ,13-Oct-2020,"1,213.65","1,213.40","1,222.45","1,195.00","1,195.25","1,198.45","1,206.34",9177015,11070573513.5,183515.0,3940507.0,42.94
HDFCBANK,EQ,12-Oct-2020,"1,233.55","1,231.55","1,242.75","1,205.60","1,214.50","1,213.65","1,220.43",9610277,11728711136.65,192519.0,2412953.0,25.11
HDFCBANK,EQ,09-Oct-2020,"1,191.80","1,201.00","1,237.00","1,191.65","1,235.20","1,233.55","1,218.62",22486215,27402147398.55,338324.0,8314015.0,36.97
HDFCBANK,EQ,08-Oct-2020,"1,162.25","1,180.00","1,203.00","1,163.35","1,189.90","1,191.80","1,187.94",17530368,20825050397.45,242763.0,9001403.0,51.35
HDFCBANK,EQ,07-Oct-2020,"1,144.10","1,144.90","1,164.85","1,137.60","1,160.50","1,162.25","1,154.88",10624527,12270100197.0,210164.0,3580273.0,33.70
HDFCBANK,EQ,06-Oct-2020,"1,114.35","1,135.05","1,148.00","1,126.20","1,143.15","1,144.10","1,137.63",9685997,11019111125.3,214476.0,2624119.0,27.09
HDFCBANK,EQ,05-Oct-2020,"1,106.95","1,112.00","1,132.00","1,111.00","1,112.50","1,114.35","1,121.66",8470109,9500543768.35,160877.0,3030427.0,35.78
HDFCBANK,EQ,01-Oct-2020,"1,078.60","1,090.10","1,110.00","1,090.10","1,108.00","1,106.95","1,099.60",10601566,11657442720.45,173095.0,3061601.0,28.88
HDFCBANK,EQ,30-Sep-2020,"1,062.55","1,060.00","1,086.90","1,052.00","1,078.00","1,078.60","1,070.11",9407038,10066598890.8,226805.0,4038213.0,42.93
HDFCBANK,EQ,29-Sep-2020,"1,054.20","1,058.00","1,069.90","1,051.00","1,064.40","1,062.55","1,059.74",6322274,6699937414.9,106799.0,1803588.0,28.53
HDFCBANK,EQ,28-Sep-2020,"1,044.00","1,048.95","1,059.00","1,042.65","1,058.00","1,054.20","1,053.08",8076211,8504877498.6,133937.0,3908991.0,48.40
HDFCBANK,EQ,25-Sep-2020,"1,030.40","1,050.00","1,051.95","1,025.65","1,042.55","1,044.00","1,038.13",10160775,10548254280.0,162790.0,4128006.0,40.63
HDFCBANK,EQ,24-Sep-2020,"1,047.25","1,038.00","1,047.00","1,025.00","1,030.50","1,030.40","1,035.26",9904895,10254115892.95,198189.0,4695108.0,47.40
HDFCBANK,EQ,23-Sep-2020,"1,035.40","1,046.00","1,055.00","1,034.35","1,048.95","1,047.25","1,046.38",8039935,8412863750.95,181416.0,2446333.0,30.43
HDFCBANK,EQ,22-Sep-2020,"1,049.30","1,054.05","1,058.15","1,029.50","1,038.00","1,035.40","1,042.49",9310339,9705907839.55,218683.0,3226259.0,34.65
HDFCBANK,EQ,21-Sep-2020,"1,057.30","1,055.00","1,071.35","1,041.50","1,042.10","1,049.30","1,058.70",9921439,10503830354.45,206109.0,2978466.0,30.02
HDFCBANK,EQ,18-Sep-2020,"1,083.60","1,092.00","1,092.20","1,047.20","1,058.90","1,057.30","1,068.82",11740889,12548919022.4,194150.0,5051107.0,43.02
HDFCBANK,EQ,17-Sep-2020,"1,093.65","1,084.00","1,094.00","1,078.00","1,085.50","1,083.60","1,087.14",9159413,9957605566.05,130623.0,3060263.0,33.41
HDFCBANK,EQ,16-Sep-2020,"1,070.50","1,070.20","1,096.00","1,068.35","1,092.50","1,093.65","1,084.56",9355126,10146158177.2,169907.0,3577005.0,38.24
HDFCBANK,EQ,15-Sep-2020,"1,057.95","1,068.00","1,076.15","1,058.10","1,073.70","1,070.50","1,066.57",8252566,8801920567.75,147079.0,2743944.0,33.25
HDFCBANK,EQ,14-Sep-2020,"1,078.65","1,088.00","1,094.00","1,052.35","1,057.05","1,057.95","1,073.19",10825874,11618227245.7,215379.0,4580061.0,42.31
HDFCBANK,EQ,11-Sep-2020,"1,090.55","1,096.45","1,104.85","1,071.00","1,080.50","1,078.65","1,083.30",10397545,11263633320.8,201271.0,3835827.0,36.89
HDFCBANK,EQ,10-Sep-2020,"1,096.50","1,103.00","1,104.85","1,084.00","1,091.95","1,090.55","1,095.11",7594209,8316493920.5,132365.0,1804983.0,23.77
HDFCBANK,EQ,09-Sep-2020,"1,112.45","1,101.00","1,110.00","1,091.25","1,095.95","1,096.50","1,099.31",7864545,8645552641.8,136765.0,3232384.0,41.10
HDFCBANK,EQ,08-Sep-2020,"1,110.50","1,114.00","1,118.80","1,103.00","1,112.05","1,112.45","1,112.00",7312460,8131452200.7,160085.0,2466163.0,33.73
HDFCBANK,EQ,07-Sep-2020,"1,119.30","1,116.30","1,119.50","1,099.00","1,112.00","1,110.50","1,109.77",8807764,9774635499.85,165759.0,2718102.0,30.86
HDFCBANK,EQ,04-Sep-2020,"1,130.90","1,110.00","1,125.40","1,104.40","1,119.00","1,119.30","1,114.55",11830686,13185884649.25,215475.0,5210661.0,44.04
HDFCBANK,EQ,03-Sep-2020,"1,134.15","1,137.25","1,145.95","1,128.00","1,130.35","1,130.90","1,138.33",9916701,11288501148.9,164687.0,5260793.0,53.05
HDFCBANK,EQ,02-Sep-2020,"1,127.30","1,124.10","1,139.00","1,120.70","1,133.70","1,134.15","1,130.82",9880855,11173484461.95,137409.0,4567066.0,46.22
HDFCBANK,EQ,01-Sep-2020,"1,115.85","1,128.00","1,143.60","1,108.00","1,123.95","1,127.30","1,128.00",14438949,16287152244.45,217329.0,5250820.0,36.37
HDFCBANK,EQ,31-Aug-2020,"1,114.50","1,129.50","1,148.80","1,100.70","1,111.65","1,115.85","1,126.33",19250721,21682636226.8,267840.0,6487377.0,33.70
HDFCBANK,EQ,28-Aug-2020,"1,112.10","1,111.95","1,125.00","1,095.00","1,117.60","1,114.50","1,111.75",19349069,21511391001.7,260599.0,7038384.0,36.38
HDFCBANK,EQ,27-Aug-2020,"1,118.45","1,125.80","1,129.90","1,106.25","1,114.35","1,112.10","1,117.89",10323015,11540043391.2,184107.0,4676407.0,45.30
HDFCBANK,EQ,26-Aug-2020,"1,119.70","1,121.00","1,131.75","1,109.50","1,118.50","1,118.45","1,118.92",12595131,14092892254.1,164529.0,5444242.0,43.22
HDFCBANK,EQ,25-Aug-2020,"1,117.05","1,119.00","1,127.00","1,106.20","1,120.75","1,119.70","1,116.31",13800972,15406108014.2,206191.0,4584419.0,33.22
HDFCBANK,EQ,24-Aug-2020,"1,085.65","1,086.00","1,122.95","1,085.65","1,114.80","1,117.05","1,112.49",18389929,20458608459.75,282003.0,7781401.0,42.31
HDFCBANK,EQ,21-Aug-2020,"1,059.00","1,065.40","1,088.80","1,064.60","1,085.70","1,085.65","1,081.52",14462237,15641184568.6,228261.0,6064505.0,41.93
HDFCBANK,EQ,20-Aug-2020,"1,066.60","1,054.95","1,068.95","1,052.00","1,057.35","1,059.00","1,059.30",9608591,10178400071.8,149244.0,4173695.0,43.44
HDFCBANK,EQ,19-Aug-2020,"1,056.50","1,065.00","1,069.80","1,056.25","1,065.95","1,066.60","1,063.75",8858056,9422741414.6,157562.0,3705714.0,41.83
HDFCBANK,EQ,18-Aug-2020,"1,032.75","1,028.00","1,061.65","1,022.00","1,056.60","1,056.50","1,044.74",12020562,12558337618.4,193067.0,3570377.0,29.70
HDFCBANK,EQ,17-Aug-2020,"1,034.45","1,047.00","1,047.00","1,020.20","1,034.00","1,032.75","1,031.26",9780591,10086346720.35,175355.0,3980368.0,40.70
HDFCBANK,EQ,14-Aug-2020,"1,059.05","1,065.90","1,065.90","1,027.30","1,035.00","1,034.45","1,047.20",10462350,10956159018.35,213350.0,3850560.0,36.80
HDFCBANK,EQ,13-Aug-2020,"1,063.70","1,067.95","1,071.35","1,056.50","1,060.95","1,059.05","1,063.05",9946370,10573451442.8,128692.0,4863570.0,48.90
HDFCBANK,EQ,12-Aug-2020,"1,066.65","1,065.00","1,066.00","1,048.00","1,063.00","1,063.70","1,057.73",10333222,10929750519.45,158659.0,2929261.0,28.35
HDFCBANK,EQ,11-Aug-2020,"1,050.65","1,048.50","1,071.00","1,048.50","1,070.95","1,066.65","1,062.91",10068150,10701552832.2,157609.0,4013321.0,39.86
HDFCBANK,EQ,10-Aug-2020,"1,043.85","1,044.00","1,064.00","1,043.80","1,052.00","1,050.65","1,055.90",11086465,11706189103.0,166247.0,4678342.0,42.20
HDFCBANK,EQ,07-Aug-2020,"1,040.70","1,034.85","1,047.20","1,020.60","1,043.85","1,043.85","1,034.69",12418816,12849598351.0,178249.0,3386521.0,27.27
HDFCBANK,EQ,06-Aug-2020,"1,027.55","1,037.00","1,055.00","1,026.25","1,041.45","1,040.70","1,041.75",16823558,17525988624.4,245766.0,4443585.0,26.41
HDFCBANK,EQ,05-Aug-2020,"1,041.65","1,047.95","1,055.80","1,020.00","1,030.95","1,027.55","1,035.64",16610696,17202655726.05,270414.0,4369897.0,26.31
HDFCBANK,EQ,04-Aug-2020,"1,002.00","1,008.00","1,061.05","1,003.00","1,040.20","1,041.65","1,039.32",30153418,31339154328.15,472527.0,9249672.0,30.68
HDFCBANK,EQ,03-Aug-2020,"1,032.80","1,025.95","1,026.95",993.00,"1,005.90","1,002.00","1,007.50",15891781,16011037011.45,343632.0,7578040.0,47.69
HDFCBANK,EQ,31-Jul-2020,"1,050.65","1,057.70","1,057.70","1,020.05","1,033.25","1,032.80","1,031.43",18865230,19458084557.5,325344.0,8542845.0,45.28
HDFCBANK,EQ,30-Jul-2020,"1,064.60","1,074.00","1,083.65","1,046.70","1,050.45","1,050.65","1,064.47",13478951,14347987979.4,251700.0,5513933.0,40.91
HDFCBANK,EQ,29-Jul-2020,"1,086.65","1,081.00","1,088.50","1,055.55","1,065.00","1,064.60","1,072.25",16796652,18010253418.0,303428.0,8529553.0,50.78
HDFCBANK,EQ,28-Jul-2020,"1,079.50","1,079.00","1,094.40","1,059.50","1,084.70","1,086.65","1,080.90",17798330,19238296402.2,311878.0,8192969.0,46.03
HDFCBANK,EQ,27-Jul-2020,"1,119.10","1,099.85","1,103.00","1,075.35","1,079.95","1,079.50","1,084.25",18985167,20584576451.5,312366.0,9728035.0,51.24
HDFCBANK,EQ,24-Jul-2020,"1,130.40","1,122.90","1,122.90","1,101.25","1,120.00","1,119.10","1,112.21",9799222,10898804741.95,166565.0,2731880.0,27.88
HDFCBANK,EQ,23-Jul-2020,"1,126.35","1,125.00","1,143.90","1,116.25","1,129.80","1,130.40","1,133.04",10074805,11415185695.25,179616.0,3926642.0,38.97
HDFCBANK,EQ,22-Jul-2020,"1,138.55","1,138.50","1,144.50","1,117.55","1,128.00","1,126.35","1,124.94",12359024,13903126763.35,189616.0,5835878.0,47.22
HDFCBANK,EQ,21-Jul-2020,"1,133.05","1,152.05","1,157.95","1,134.00","1,139.90","1,138.55","1,142.37",23757768,27140071773.55,281983.0,14743934.0,62.06
HDFCBANK,EQ,20-Jul-2020,"1,098.45","1,135.00","1,152.90","1,124.15","1,130.00","1,133.05","1,138.35",32562064,37067090452.55,505889.0,11904108.0,36.56
HDFCBANK,EQ,17-Jul-2020,"1,062.55","1,059.05","1,104.00","1,058.30","1,103.35","1,098.45","1,080.41",14202933,15345022436.1,217615.0,5625701.0,39.61
HDFCBANK,EQ,16-Jul-2020,"1,053.15","1,053.65","1,065.50","1,034.10","1,059.15","1,062.55","1,048.11",11831256,12400487286.25,204641.0,3383165.0,28.60
HDFCBANK,EQ,15-Jul-2020,"1,058.85","1,070.20","1,079.00","1,050.10","1,054.75","1,053.15","1,066.96",10487246,11189519775.55,177552.0,2863921.0,27.31
HDFCBANK,EQ,14-Jul-2020,"1,080.25","1,062.60","1,068.90","1,050.00","1,061.45","1,058.85","1,057.27",13306511,14068551633.7,296972.0,5053772.0,37.98
HDFCBANK,EQ,13-Jul-2020,"1,105.10","1,109.90","1,113.00","1,071.30","1,083.55","1,080.25","1,086.03",14961695,16248881581.4,265343.0,6602916.0,44.13
HDFCBANK,EQ,10-Jul-2020,"1,124.95","1,117.90","1,120.00","1,099.55","1,106.65","1,105.10","1,108.80",8781604,9737028635.05,161321.0,2834396.0,32.28
HDFCBANK,EQ,09-Jul-2020,"1,110.35","1,118.00","1,129.70","1,107.25","1,127.00","1,124.95","1,121.08",10057717,11275520678.55,143088.0,3264951.0,32.46
HDFCBANK,EQ,08-Jul-2020,"1,105.15","1,107.00","1,124.90","1,105.00","1,110.30","1,110.35","1,115.55",15028412,16765006215.95,221878.0,5513315.0,36.69
HDFCBANK,EQ,07-Jul-2020,"1,103.00","1,109.40","1,111.70","1,093.05","1,104.00","1,105.15","1,101.79",12175425,13414749481.8,191000.0,4042030.0,33.20
HDFCBANK,EQ,06-Jul-2020,"1,073.95","1,107.95","1,119.90","1,100.00","1,102.45","1,103.00","1,109.16",17779243,19720041008.3,288861.0,4833544.0,27.19
HDFCBANK,EQ,03-Jul-2020,"1,089.40","1,093.00","1,095.80","1,070.00","1,075.50","1,073.95","1,079.30",13798879,14893162920.85,227183.0,5292799.0,38.36
HDFCBANK,EQ,02-Jul-2020,"1,084.60","1,090.30","1,111.25","1,085.20","1,091.50","1,089.40","1,098.30",18477248,20293649222.35,268683.0,5983962.0,32.39
HDFCBANK,EQ,01-Jul-2020,"1,065.85","1,065.85","1,096.00","1,061.30","1,079.50","1,084.60","1,083.32",17423378,18875108749.35,231200.0,5258903.0,30.18
HDFCBANK,EQ,30-Jun-2020,"1,076.05","1,074.00","1,078.55","1,056.30","1,066.45","1,065.85","1,068.09",17873316,19090256874.05,282325.0,7881793.0,44.10
HDFCBANK,EQ,29-Jun-2020,"1,056.45","1,037.00","1,082.60","1,037.00","1,075.50","1,076.05","1,058.38",23003725,24346771790.2,361163.0,9905945.0,43.06
HDFCBANK,EQ,26-Jun-2020,"1,028.75","1,041.00","1,063.00","1,028.00","1,058.50","1,056.45","1,041.81",19986677,20822382331.4,346461.0,9752080.0,48.79
HDFCBANK,EQ,25-Jun-2020,"1,032.50","1,021.90","1,049.00","1,007.00","1,035.00","1,028.75","1,026.56",35323457,36261515753.1,361881.0,16081355.0,45.53
HDFCBANK,EQ,24-Jun-2020,"1,042.30","1,048.50","1,057.50","1,030.05","1,031.95","1,032.50","1,043.88",19714664,20579739217.6,356432.0,9101038.0,46.16
HDFCBANK,EQ,23-Jun-2020,"1,028.75","1,039.00","1,045.00","1,016.55","1,045.00","1,042.30","1,031.23",14415640,14865898484.45,231379.0,5479425.0,38.01
HDFCBANK,EQ,22-Jun-2020,"1,033.35","1,039.45","1,045.95","1,023.80","1,029.00","1,028.75","1,038.22",14847321,15414841315.4,295528.0,5244303.0,35.32
HDFCBANK,EQ,19-Jun-2020,"1,019.95","1,017.95","1,043.00","1,012.15","1,032.95","1,033.35","1,029.14",23939324,24637000247.75,330341.0,7701114.0,32.17
HDFCBANK,EQ,18-Jun-2020,979.25,980.00,"1,024.90",972.00,"1,017.60","1,019.95",998.66,20435469,20408019924.1,283491.0,4678708.0,22.90
HDFCBANK,EQ,17-Jun-2020,990.40,989.00,998.90,973.25,978.65,979.25,985.61,18479504,18213663531.15,263560.0,3422973.0,18.52
HDFCBANK,EQ,16-Jun-2020,949.85,975.00,993.95,952.00,989.15,990.40,978.56,22700113,22213351845.0,318791.0,6682870.0,29.44
HDFCBANK,EQ,15-Jun-2020,982.75,968.00,974.00,943.00,951.75,949.85,954.63,16004973,15278832372.6,261144.0,5060470.0,31.62
HDFCBANK,EQ,12-Jun-2020,968.60,928.00,986.65,928.00,977.10,982.75,959.62,21322880,20461954341.05,329375.0,5245483.0,24.60
HDFCBANK,EQ,11-Jun-2020,991.85,985.00,988.40,965.00,969.30,968.60,976.14,15449142,15080485300.95,290542.0,4276390.0,27.68
HDFCBANK,EQ,10-Jun-2020,987.30,990.00,999.85,978.20,993.00,991.85,989.98,18248880,18066101468.5,263364.0,5264844.0,28.85
HDFCBANK,EQ,09-Jun-2020,"1,015.90","1,020.00","1,026.75",979.55,984.45,987.30,"1,004.50",30922894,31062063304.35,417245.0,13311975.0,43.05
HDFCBANK,EQ,08-Jun-2020,"1,033.35","1,060.00","1,066.65","1,006.40","1,016.80","1,015.90","1,031.68",24906362,25695464731.7,388541.0,7761480.0,31.16
HDFCBANK,EQ,05-Jun-2020,"1,001.70","1,003.10","1,042.40","1,002.80","1,039.05","1,033.35","1,022.13",17598103,17987626065.25,281754.0,4654447.0,26.45
HDFCBANK,EQ,04-Jun-2020,"1,022.25","1,028.05","1,038.95",991.10,995.00,"1,001.70","1,015.67",27139478,27564675122.5,406454.0,9199898.0,33.90
HDFCBANK,EQ,03-Jun-2020,"1,001.00","1,020.00","1,046.25","1,015.45","1,023.00","1,022.25","1,029.96",25273067,26030319863.8,336920.0,10366214.0,41.02
HDFCBANK,EQ,02-Jun-2020,987.65,986.70,"1,005.00",975.20,"1,005.00","1,001.00",993.25,20811909,20671440824.5,312508.0,6647318.0,31.94
HDFCBANK,EQ,01-Jun-2020,951.65,975.00,995.00,966.10,984.05,987.65,987.51,19595373,19350540625.65,294542.0,6299582.0,32.15
HDFCBANK,EQ,29-May-2020,945.25,944.00,955.00,923.45,947.10,951.65,937.44,26512600,24853972529.55,352639.0,10530145.0,39.72
HDFCBANK,EQ,28-May-2020,903.65,920.00,950.00,913.95,947.50,945.25,938.36,37744926,35418447868.85,631552.0,15665889.0,41.50
HDFCBANK,EQ,27-May-2020,852.40,859.90,909.80,857.15,901.40,903.65,881.85,28013227,24703584077.9,388895.0,11070917.0,39.52
HDFCBANK,EQ,26-May-2020,838.85,857.00,871.75,848.75,858.00,852.40,860.62,19002589,16354024458.4,303415.0,7852814.0,41.32
HDFCBANK,EQ,22-May-2020,859.55,850.00,870.30,833.05,842.65,838.85,844.52,21025849,17756809302.45,382888.0,5893652.0,28.03
HDFCBANK,EQ,21-May-2020,857.10,861.45,884.00,852.30,860.40,859.55,870.64,24239683,21104074910.85,416994.0,10837256.0,44.71
HDFCBANK,EQ,20-May-2020,830.65,836.45,864.00,832.20,863.50,857.10,844.42,20007413,16894738592.95,359835.0,8748975.0,43.73
HDFCBANK,EQ,19-May-2020,836.65,860.85,867.30,826.10,832.85,830.65,846.32,23730561,20083766361.0,415550.0,8905443.0,37.53
HDFCBANK,EQ,18-May-2020,888.15,888.00,888.00,831.30,838.00,836.65,847.83,23326656,19776954026.3,533951.0,10660724.0,45.70
HDFCBANK,EQ,15-May-2020,893.70,890.50,892.40,875.00,888.00,888.15,885.00,12174870,10774797134.75,280499.0,4280446.0,35.16
HDFCBANK,EQ,14-May-2020,927.65,898.00,911.00,890.00,893.85,893.70,899.79,19777445,17795529260.15,364023.0,8394283.0,42.44
HDFCBANK,EQ,13-May-2020,901.55,951.00,960.00,922.10,928.95,927.65,938.46,22173554,20809009862.75,396148.0,9094925.0,41.02
HDFCBANK,EQ,12-May-2020,915.80,901.00,909.40,871.10,902.50,901.55,888.33,24784324,22016571132.5,516512.0,9460568.0,38.17
HDFCBANK,EQ,11-May-2020,929.05,937.00,954.00,914.00,915.90,915.80,934.32,14275392,13337759315.6,316129.0,5926950.0,41.52
HDFCBANK,EQ,08-May-2020,925.00,942.00,943.95,925.20,930.00,929.05,932.46,10403747,9701068994.85,176643.0,3723731.0,35.79
HDFCBANK,EQ,07-May-2020,946.40,940.50,943.30,921.35,927.30,925.00,930.31,10916003,10155309605.55,226640.0,3399155.0,31.14
HDFCBANK,EQ,06-May-2020,911.45,919.00,950.00,905.65,946.55,946.40,936.39,16893140,15818501983.4,310813.0,4169602.0,24.68
HDFCBANK,EQ,05-May-2020,923.00,938.00,944.00,908.05,914.50,911.45,928.05,14837190,13769583591.9,298424.0,4848835.0,32.68
HDFCBANK,EQ,04-May-2020,"1,001.80",957.50,960.00,917.50,924.90,923.00,932.42,13361177,12458166946.1,383166.0,6246738.0,46.75
HDFCBANK,EQ,30-Apr-2020,977.10,"1,001.40","1,019.00",992.10,"1,000.00","1,001.80","1,006.05",21897643,22030130436.1,451072.0,8534959.0,38.98
HDFCBANK,EQ,29-Apr-2020,931.40,935.00,992.70,934.10,970.05,977.10,964.08,27939019,26935417994.95,450180.0,10960329.0,39.23
HDFCBANK,EQ,28-Apr-2020,929.70,943.80,943.80,922.00,933.30,931.40,930.50,14720773,13697606349.35,239400.0,6302095.0,42.81
HDFCBANK,EQ,27-Apr-2020,938.05,945.15,957.40,926.30,929.95,929.70,941.28,13710727,12905669876.5,266336.0,6056487.0,44.17
HDFCBANK,EQ,24-Apr-2020,954.95,933.00,958.40,926.00,937.00,938.05,938.02,16642831,15611268244.2,293787.0,8000341.0,48.07
HDFCBANK,EQ,23-Apr-2020,928.60,935.00,958.50,912.55,952.10,954.95,939.81,20450895,19219911302.15,424855.0,9826569.0,48.05
HDFCBANK,EQ,22-Apr-2020,921.65,919.15,933.00,907.30,929.75,928.60,920.24,19144678,17617671415.9,258479.0,10177427.0,53.16
HDFCBANK,EQ,21-Apr-2020,944.85,925.00,934.00,908.00,919.15,921.65,922.24,16589148,15299196199.55,291815.0,7314644.0,44.09
HDFCBANK,EQ,20-Apr-2020,910.30,951.00,960.95,935.00,943.30,944.85,945.70,33116614,31318495817.8,555965.0,13530602.0,40.86
HDFCBANK,EQ,17-Apr-2020,879.75,915.00,920.00,887.25,915.10,910.30,906.63,27941831,25333029144.8,453652.0,13482185.0,48.25
HDFCBANK,EQ,16-Apr-2020,863.30,865.00,890.70,856.25,884.25,879.75,870.76,26927231,23447030480.5,467724.0,12899088.0,47.90
HDFCBANK,EQ,15-Apr-2020,895.35,930.50,930.50,843.00,865.15,863.30,885.42,28989523,25667931187.7,517354.0,13261188.0,45.74
HDFCBANK,EQ,13-Apr-2020,925.05,934.00,946.70,886.20,897.80,895.35,907.82,17079259,15504828498.5,389148.0,,-
HDFCBANK,EQ,09-Apr-2020,888.90,913.00,930.90,890.00,922.10,925.05,913.38,22229012,20303462865.4,417910.0,7759278.0,34.91
HDFCBANK,EQ,08-Apr-2020,896.10,879.95,945.00,866.10,888.70,888.90,902.09,28109877,25357609084.6,503019.0,11952742.0,42.52
HDFCBANK,EQ,07-Apr-2020,813.85,874.00,907.30,845.35,895.80,896.10,871.57,30206626,26327315325.8,475198.0,17083041.0,56.55
HDFCBANK,EQ,03-Apr-2020,829.65,843.00,844.00,810.00,811.00,813.85,825.26,17499063,14441317976.2,392455.0,8690196.0,49.66
HDFCBANK,EQ,01-Apr-2020,861.90,863.85,863.85,820.00,829.55,829.65,831.99,14551758,12106933301.25,354947.0,5957515.0,40.94
HDFCBANK,EQ,31-Mar-2020,831.65,853.80,873.60,838.00,857.95,861.90,854.73,17605997,15048445041.15,411360.0,8065907.0,45.81
HDFCBANK,EQ,30-Mar-2020,904.45,880.00,887.00,828.00,831.00,831.65,858.48,19634313,16855655095.4,491743.0,9022080.0,45.95
HDFCBANK,EQ,27-Mar-2020,901.10,944.95,988.65,872.10,900.00,904.45,923.14,27619436,25496667368.35,651440.0,9442614.0,34.19
HDFCBANK,EQ,26-Mar-2020,856.75,870.10,937.70,841.00,898.00,901.10,898.62,28521681,25630140172.8,627160.0,12010671.0,42.11
HDFCBANK,EQ,25-Mar-2020,767.70,770.45,867.45,755.25,863.00,856.75,803.92,23614449,18984055133.7,608039.0,10925368.0,46.27
HDFCBANK,EQ,24-Mar-2020,771.55,795.25,810.00,738.75,774.80,767.70,775.82,30528676,23684712047.25,634897.0,15424639.0,50.53
HDFCBANK,EQ,23-Mar-2020,882.85,794.60,838.75,765.00,778.90,771.55,784.50,25142273,19724138348.9,590210.0,15218583.0,60.53
HDFCBANK,EQ,20-Mar-2020,895.55,875.00,914.60,824.55,881.25,882.85,868.05,44319015,38471082495.0,790631.0,18885164.0,42.61
HDFCBANK,EQ,19-Mar-2020,876.90,847.00,919.95,795.00,904.60,895.55,857.03,33610239,28805078999.25,632617.0,16243587.0,48.33
HDFCBANK,EQ,18-Mar-2020,975.10,985.00,993.00,865.00,898.50,876.90,916.25,30593809,28031432118.6,652391.0,18513396.0,60.51
HDFCBANK,EQ,17-Mar-2020,999.50,"1,008.00","1,010.00",954.70,976.20,975.10,982.62,21338641,20967841371.15,447922.0,11352389.0,53.20
HDFCBANK,EQ,16-Mar-2020,"1,069.80","1,035.00","1,037.00",995.00,"1,001.25",999.50,"1,013.09",15993174,16202484604.3,430742.0,9357160.0,58.51
HDFCBANK,EQ,13-Mar-2020,"1,021.30",980.05,"1,081.45",919.20,"1,074.00","1,069.80","1,018.30",33171603,33778614285.4,541649.0,18672328.0,56.29
HDFCBANK,EQ,12-Mar-2020,"1,113.80","1,075.00","1,080.00","1,003.45","1,032.00","1,021.30","1,036.26",29500406,30570004192.95,503472.0,18695622.0,63.37
HDFCBANK,EQ,11-Mar-2020,"1,107.30","1,105.00","1,120.00","1,092.00","1,110.00","1,113.80","1,105.77",17769198,19648640086.25,344285.0,12492811.0,70.31
HDFCBANK,EQ,09-Mar-2020,"1,134.90","1,110.00","1,118.40","1,065.00","1,112.00","1,107.30","1,094.80",17210297,18841871874.25,427518.0,11111864.0,64.57
HDFCBANK,EQ,06-Mar-2020,"1,151.35","1,125.00","1,140.90","1,101.00","1,134.00","1,134.90","1,124.34",11526783,12959999027.4,272373.0,6744175.0,58.51
HDFCBANK,EQ,05-Mar-2020,"1,148.85","1,153.00","1,165.00","1,142.75","1,149.00","1,151.35","1,155.77",9774854,11297450389.35,262470.0,5681138.0,58.12
HDFCBANK,EQ,04-Mar-2020,"1,181.80","1,178.35","1,180.00","1,133.10","1,149.15","1,148.85","1,152.73",17144435,19762846784.7,503032.0,11834147.0,69.03
HDFCBANK,EQ,03-Mar-2020,"1,179.60","1,175.00","1,185.35","1,168.00","1,182.50","1,181.80","1,178.14",11184775,13177181997.65,233028.0,7497411.0,67.03
HDFCBANK,EQ,02-Mar-2020,"1,177.65","1,200.20","1,201.15","1,166.15","1,185.00","1,179.60","1,184.61",7332449,8686077365.55,197905.0,4540186.0,61.92
HDFCBANK,EQ,28-Feb-2020,"1,199.45","1,175.50","1,185.00","1,170.10","1,178.80","1,177.65","1,176.25",12156528,14299167014.4,276737.0,8662385.0,71.26
HDFCBANK,EQ,27-Feb-2020,"1,199.25","1,195.00","1,202.50","1,181.00","1,199.65","1,199.45","1,191.25",10327549,12302665880.2,241038.0,6138007.0,59.43
HDFCBANK,EQ,26-Feb-2020,"1,200.30","1,197.50","1,204.70","1,185.65","1,201.10","1,199.25","1,195.09",6907393,8254956318.75,191519.0,4691104.0,67.91
HDFCBANK,EQ,25-Feb-2020,"1,209.95","1,204.00","1,209.00","1,198.00","1,201.80","1,200.30","1,201.07",6943340,8339458217.8,193249.0,5185085.0,74.68
HDFCBANK,EQ,24-Feb-2020,"1,217.10","1,208.95","1,214.75","1,200.00","1,210.25","1,209.95","1,205.66",8284042,9987753564.3,199969.0,6242053.0,75.35
HDFCBANK,EQ,20-Feb-2020,"1,227.20","1,230.00","1,230.00","1,214.10","1,217.00","1,217.10","1,221.38",5561707,6792970359.7,146273.0,3240543.0,58.27
HDFCBANK,EQ,19-Feb-2020,"1,213.25","1,222.50","1,230.00","1,213.90","1,227.20","1,227.20","1,221.68",5006134,6115909249.1,101692.0,3444477.0,68.81
HDFCBANK,EQ,18-Feb-2020,"1,217.15","1,216.90","1,218.50","1,203.50","1,217.05","1,213.25","1,209.57",5264558,6367872772.45,119172.0,3704300.0,70.36
HDFCBANK,EQ,17-Feb-2020,"1,219.35","1,225.00","1,233.00","1,214.45","1,218.00","1,217.15","1,221.46",5076345,6200535024.85,157333.0,3075780.0,60.59
HDFCBANK,EQ,14-Feb-2020,"1,241.40","1,243.20","1,248.40","1,215.00","1,219.45","1,219.35","1,227.78",7344429,9017358547.3,167779.0,4783189.0,65.13
HDFCBANK,EQ,13-Feb-2020,"1,249.00","1,259.90","1,259.90","1,233.60","1,239.50","1,241.40","1,241.95",4556070,5658432160.2,97099.0,2850913.0,62.57
HDFCBANK,EQ,12-Feb-2020,"1,240.60","1,245.20","1,252.90","1,244.05","1,249.00","1,249.00","1,249.42",3148965,3934383166.55,87413.0,2114375.0,67.15
HDFCBANK,EQ,11-Feb-2020,"1,240.30","1,243.30","1,255.00","1,238.05","1,239.90","1,240.60","1,246.80",5806760,7239873153.45,98063.0,3770138.0,64.93
HDFCBANK,EQ,10-Feb-2020,"1,242.20","1,242.95","1,242.95","1,226.05","1,240.95","1,240.30","1,235.68",4609917,5696388107.65,105140.0,3208623.0,69.60
HDFCBANK,EQ,07-Feb-2020,"1,239.80","1,246.00","1,247.00","1,231.60","1,240.00","1,242.20","1,238.21",3407724,4219486810.85,81299.0,2193596.0,64.37
HDFCBANK,EQ,06-Feb-2020,"1,244.65","1,244.65","1,248.70","1,237.20","1,239.95","1,239.80","1,242.01",5913775,7344982424.55,126190.0,3640808.0,61.56
HDFCBANK,EQ,05-Feb-2020,"1,229.80","1,234.90","1,248.00","1,227.30","1,246.00","1,244.65","1,237.42",9010341,11149564568.1,150882.0,6955471.0,77.19
HDFCBANK,EQ,04-Feb-2020,"1,192.80","1,198.00","1,234.00","1,198.00","1,229.00","1,229.80","1,222.00",10448852,12768529290.9,173447.0,6900844.0,66.04
HDFCBANK,EQ,03-Feb-2020,"1,198.70","1,197.00","1,197.95","1,177.70","1,194.00","1,192.80","1,188.67",6538505,7772096364.25,251382.0,4024345.0,61.55
HDFCBANK,EQ,01-Feb-2020,"1,226.30","1,220.00","1,227.70","1,191.35","1,192.50","1,198.70","1,210.20",4913643,5946467662.4,132683.0,2536143.0,51.61
HDFCBANK,EQ,31-Jan-2020,"1,226.05","1,231.45","1,237.80","1,220.25","1,224.25","1,226.30","1,230.24",5589134,6876000868.35,169641.0,3563738.0,63.76
HDFCBANK,EQ,30-Jan-2020,"1,235.85","1,238.95","1,238.95","1,217.20","1,227.90","1,226.05","1,224.75",6055992,7417090655.15,195593.0,3937675.0,65.02
HDFCBANK,EQ,29-Jan-2020,"1,223.20","1,225.30","1,242.00","1,222.25","1,235.80","1,235.85","1,235.01",6894175,8514372123.25,155174.0,4588335.0,66.55
HDFCBANK,EQ,28-Jan-2020,"1,213.20","1,218.80","1,227.80","1,213.25","1,223.10","1,223.20","1,221.37",6706079,8190599143.0,219199.0,3712912.0,55.37
HDFCBANK,EQ,27-Jan-2020,"1,244.55","1,235.00","1,235.00","1,211.75","1,213.50","1,213.20","1,220.97",9444276,11531192819.45,268331.0,6145074.0,65.07
HDFCBANK,EQ,24-Jan-2020,"1,244.85","1,246.00","1,254.00","1,239.10","1,245.80","1,244.55","1,247.28",5915878,7378771197.3,138884.0,3935384.0,66.52
HDFCBANK,EQ,23-Jan-2020,"1,240.85","1,240.00","1,246.85","1,231.00","1,245.35","1,244.85","1,240.93",5754460,7140906437.5,176401.0,3535947.0,61.45
HDFCBANK,EQ,22-Jan-2020,"1,244.35","1,248.05","1,255.00","1,234.40","1,241.85","1,240.85","1,243.37",9184155,11419277034.85,146555.0,6562205.0,71.45
HDFCBANK,EQ,21-Jan-2020,"1,254.90","1,250.00","1,250.00","1,238.40","1,244.90","1,244.35","1,244.14",7492402,9321621104.55,216589.0,4587266.0,61.23
HDFCBANK,EQ,20-Jan-2020,"1,278.15","1,304.85","1,304.85","1,252.50","1,257.35","1,254.90","1,265.00",11089225,14027827939.05,245672.0,5796841.0,52.27
HDFCBANK,EQ,17-Jan-2020,"1,287.65","1,281.75","1,284.90","1,271.90","1,277.40","1,278.15","1,277.38",8459407,10805901963.6,136379.0,6692529.0,79.11
HDFCBANK,EQ,16-Jan-2020,"1,284.25","1,282.05","1,291.00","1,279.35","1,287.50","1,287.65","1,285.32",3575200,4595266982.8,93131.0,2251808.0,62.98
HDFCBANK,EQ,15-Jan-2020,"1,289.50","1,286.40","1,287.95","1,274.10","1,285.05","1,284.25","1,280.62",5893724,7547649403.3,105548.0,3970136.0,67.36
HDFCBANK,EQ,14-Jan-2020,"1,286.00","1,289.00","1,292.55","1,277.50","1,288.00","1,289.50","1,284.81",3943145,5066203793.15,91722.0,2573348.0,65.26
HDFCBANK,EQ,13-Jan-2020,"1,282.70","1,282.70","1,296.50","1,276.00","1,287.00","1,286.00","1,289.33",3725784,4803755674.7,107121.0,2215612.0,59.47
HDFCBANK,EQ,10-Jan-2020,"1,271.40","1,284.10","1,286.90","1,275.10","1,281.00","1,282.70","1,282.11",4607290,5907037339.2,123583.0,2857227.0,62.02
HDFCBANK,EQ,09-Jan-2020,"1,257.30","1,265.00","1,275.80","1,263.10","1,271.80","1,271.40","1,271.27",4773158,6067965129.35,125829.0,2650051.0,55.52
HDFCBANK,EQ,08-Jan-2020,"1,260.60","1,246.95","1,262.15","1,240.05","1,256.00","1,257.30","1,253.71",5666055,7103612130.0,141795.0,3549321.0,62.64
HDFCBANK,EQ,07-Jan-2020,"1,240.95","1,258.90","1,271.45","1,252.25","1,261.00","1,260.60","1,261.48",7362247,9287301543.65,189026.0,3790730.0,51.49
HDFCBANK,EQ,06-Jan-2020,"1,268.40","1,260.00","1,261.80","1,236.00","1,240.25","1,240.95","1,247.24",5445093,6791347831.05,155007.0,3647637.0,66.99
HDFCBANK,EQ,03-Jan-2020,"1,286.75","1,282.20","1,285.00","1,263.60","1,268.50","1,268.40","1,270.48",5427775,6895885753.85,157066.0,3459267.0,63.73
HDFCBANK,EQ,02-Jan-2020,"1,278.60","1,279.00","1,288.00","1,279.00","1,286.00","1,286.75","1,284.56",3068583,3941791536.35,104570.0,1957617.0,63.80
HDFCBANK,EQ,01-Jan-2020,"1,272.10","1,276.10","1,280.00","1,270.60","1,279.00","1,278.60","1,276.64",1836849,2345000988.7,46625.0,809152.0,44.05
HDFCBANK,EQ,31-Dec-2019,"1,282.15","1,281.95","1,281.95","1,268.65","1,275.50","1,272.10","1,272.87",4178528,5318720963.95,127264.0,2666838.0,63.82
HDFCBANK,EQ,30-Dec-2019,"1,275.00","1,282.00","1,288.75","1,274.05","1,284.90","1,282.15","1,282.10",4667095,5983704059.55,116012.0,2945151.0,63.10
HDFCBANK,EQ,28-Dec-2021,"1,450.80","1,460.70","1,466.90","1,453.40","1,460.95","1,460.80","1,460.32",2725339,3979861736.65,115091.0,1537103.0,56.40
HDFCBANK,EQ,27-Dec-2021,"1,438.90","1,428.90","1,454.00","1,422.15","1,453.00","1,450.80","1,440.89",2352549,3389765991.15,102204.0,1059977.0,45.06
HDFCBANK,EQ,24-Dec-2021,"1,444.10","1,445.50","1,452.00","1,428.00","1,439.45","1,438.90","1,438.31",2780512,3999233572.85,110788.0,1333057.0,47.94
HDFCBANK,EQ,23-Dec-2021,"1,445.20","1,453.25","1,457.80","1,436.85","1,438.70","1,444.10","1,449.12",4889583,7085601869.05,162623.0,3488706.0,71.35
HDFCBANK,EQ,22-Dec-2021,"1,441.80","1,452.30","1,456.00","1,435.70","1,447.50","1,445.20","1,443.59",4288742,6191198173.75,167203.0,2621782.0,61.13
HDFCBANK,EQ,21-Dec-2021,"1,425.65","1,439.50","1,450.75","1,430.00","1,444.65","1,441.80","1,441.88",4559375,6574078457.0,171631.0,2926685.0,64.19
HDFCBANK,EQ,20-Dec-2021,"1,473.05","1,452.00","1,458.00","1,414.10","1,424.50","1,425.65","1,426.64",10578334,15091475327.05,411439.0,6130252.0,57.95
HDFCBANK,EQ,17-Dec-2021,"1,500.10","1,497.00","1,506.00","1,467.70","1,476.00","1,473.05","1,479.06",7497384,11089043997.5,194713.0,4384118.0,58.48
HDFCBANK,EQ,16-Dec-2021,"1,500.00","1,512.80","1,517.00","1,494.00","1,503.35","1,500.10","1,505.13",6605216,9941739913.65,179348.0,4327258.0,65.51
HDFCBANK,EQ,15-Dec-2021,"1,502.45","1,503.00","1,523.35","1,495.65","1,500.00","1,500.00","1,504.12",5057574,7607173782.9,133205.0,3207512.0,63.42
HDFCBANK,EQ,14-Dec-2021,"1,511.15","1,502.50","1,516.00","1,497.05","1,504.00","1,502.45","1,505.10",4595550,6916756665.4,175566.0,2780047.0,60.49
HDFCBANK,EQ,13-Dec-2021,"1,522.55","1,526.00","1,537.65","1,507.20","1,513.20","1,511.15","1,523.63",5161071,7863562721.05,143473.0,3012915.0,58.38
HDFCBANK,EQ,10-Dec-2021,"1,526.85","1,524.90","1,528.00","1,508.45","1,524.00","1,522.55","1,521.33",3889692,5917512516.45,123564.0,2503457.0,64.36
HDFCBANK,EQ,09-Dec-2021,"1,553.80","1,545.20","1,554.70","1,522.00","1,526.00","1,526.85","1,530.57",5873872,8990397300.15,148558.0,3900369.0,66.40
HDFCBANK,EQ,08-Dec-2021,"1,525.70","1,536.00","1,555.05","1,534.00","1,553.50","1,553.80","1,545.20",7647767,11817305888.55,229215.0,5641750.0,73.77
HDFCBANK,EQ,07-Dec-2021,"1,503.80","1,513.95","1,532.00","1,509.90","1,524.65","1,525.70","1,523.82",6213767,9468635108.15,148533.0,4333305.0,69.74
HDFCBANK,EQ,06-Dec-2021,"1,513.55","1,513.00","1,518.80","1,497.35","1,504.70","1,503.80","1,507.25",3514766,5297635143.4,141743.0,1870296.0,53.21
HDFCBANK,EQ,03-Dec-2021,"1,525.75","1,525.80","1,535.95","1,507.05","1,514.00","1,513.55","1,522.48",4062347,6184845154.85,143318.0,2722337.0,67.01
HDFCBANK,EQ,02-Dec-2021,"1,504.65","1,504.50","1,528.80","1,500.00","1,526.00","1,525.75","1,519.11",5601555,8509395043.85,187845.0,3834955.0,68.46
HDFCBANK,EQ,01-Dec-2021,"1,493.55","1,495.00","1,507.05","1,489.10","1,506.40","1,504.65","1,500.08",4338817,6508562416.95,162233.0,2602790.0,59.99
HDFCBANK,EQ,30-Nov-2021,"1,501.25","1,495.00","1,529.00","1,486.55","1,490.80","1,493.55","1,508.60",12610771,19024641550.1,257120.0,9136547.0,72.45
HDFCBANK,EQ,29-Nov-2021,"1,489.90","1,494.80","1,507.65","1,462.00","1,499.05","1,501.25","1,489.00",6495498,9671797937.9,202157.0,4000943.0,61.60
HDFCBANK,EQ,26-Nov-2021,"1,525.95","1,500.00","1,506.70","1,485.00","1,489.50","1,489.90","1,497.04",9312468,13941134793.15,250716.0,7121233.0,76.47
HDFCBANK,EQ,25-Nov-2021,"1,518.05","1,514.80","1,533.30","1,507.00","1,522.80","1,525.95","1,518.57",5125826,7783949039.15,138468.0,3449892.0,67.30
HDFCBANK,EQ,24-Nov-2021,"1,515.55","1,524.00","1,536.35","1,514.05","1,516.95","1,518.05","1,524.49",15401143,23478856200.4,141801.0,13238732.0,85.96
HDFCBANK,EQ,23-Nov-2021,"1,515.35","1,502.00","1,527.80","1,496.35","1,517.00","1,515.55","1,517.40",5617607,8524161069.85,164898.0,3430808.0,61.07
HDFCBANK,EQ,22-Nov-2021,"1,539.40","1,546.00","1,552.70","1,499.05","1,520.95","1,515.35","1,524.17",7630636,11630387262.15,222669.0,5181802.0,67.91
HDFCBANK,EQ,18-Nov-2021,"1,530.80","1,526.05","1,543.50","1,525.25","1,538.50","1,539.40","1,536.60",4576437,7032168198.55,181690.0,2775777.0,60.65
HDFCBANK,EQ,17-Nov-2021,"1,548.00","1,536.90","1,544.00","1,528.50","1,531.20","1,530.80","1,535.47",3799439,5833910234.85,145953.0,2426211.0,63.86
HDFCBANK,EQ,16-Nov-2021,"1,557.25","1,555.00","1,557.20","1,541.60","1,547.55","1,548.00","1,548.02",4122703,6382046601.15,139578.0,3120847.0,75.70
HDFCBANK,EQ,15-Nov-2021,"1,553.00","1,562.10","1,571.85","1,554.40","1,555.00","1,557.25","1,561.48",4766797,7443240911.85,231105.0,3348551.0,70.25
HDFCBANK,EQ,12-Nov-2021,"1,548.30","1,550.00","1,559.05","1,545.05","1,554.45","1,553.00","1,551.65",7457046,11570722042.8,170825.0,6028992.0,80.85
HDFCBANK,EQ,11-Nov-2021,"1,555.25","1,550.05","1,554.90","1,535.60","1,549.60","1,548.30","1,543.95",3999702,6175323288.3,157896.0,2359811.0,59.00
HDFCBANK,EQ,10-Nov-2021,"1,572.25","1,568.00","1,569.00","1,550.00","1,555.00","1,555.25","1,556.97",6857063,10676261141.35,233747.0,5316027.0,77.53
HDFCBANK,EQ,09-Nov-2021,"1,600.25","1,594.60","1,594.60","1,569.05","1,573.00","1,572.25","1,576.98",6347738,10010275270.5,240815.0,4613239.0,72.68
HDFCBANK,EQ,08-Nov-2021,"1,593.95","1,592.10","1,604.70","1,570.45","1,600.00","1,600.25","1,586.02",9471790,15022453102.5,201396.0,7415309.0,78.29
HDFCBANK,EQ,04-Nov-2021,"1,581.45","1,595.00","1,597.85","1,590.10","1,595.20","1,593.95","1,594.17",548404,874247081.1,41400.0,327517.0,59.72
HDFCBANK,EQ,03-Nov-2021,"1,606.75","1,605.10","1,609.90","1,575.55","1,582.00","1,581.45","1,596.24",5103669,8146688582.9,171297.0,3013031.0,59.04
HDFCBANK,EQ,02-Nov-2021,"1,605.30","1,606.00","1,622.00","1,600.05","1,605.00","1,606.75","1,610.07",6618861,10656813765.4,190992.0,4327632.0,65.38
HDFCBANK,EQ,01-Nov-2021,"1,582.85","1,585.00","1,611.00","1,583.55","1,609.00","1,605.30","1,594.91",4061160,6477168351.5,154509.0,2186450.0,53.84
HDFCBANK,EQ,29-Oct-2021,"1,593.60","1,590.00","1,602.00","1,560.00","1,587.90","1,582.85","1,584.16",6203437,9827217126.8,187391.0,3509518.0,56.57
HDFCBANK,EQ,28-Oct-2021,"1,642.80","1,650.00","1,650.00","1,587.15","1,592.40","1,593.60","1,617.53",8898875,14394211074.4,197678.0,5321326.0,59.80
HDFCBANK,EQ,27-Oct-2021,"1,652.75","1,652.75","1,665.05","1,637.30","1,642.70","1,642.80","1,649.62",6624821,10928433828.3,159662.0,4849303.0,73.20
HDFCBANK,EQ,26-Oct-2021,"1,657.00","1,650.00","1,673.85","1,646.35","1,655.45","1,652.75","1,656.80",6045328,10015873516.45,167665.0,4294683.0,71.04
HDFCBANK,EQ,25-Oct-2021,"1,680.75","1,690.00","1,690.00","1,613.80","1,657.30","1,657.00","1,654.95",8213383,13592747672.7,230480.0,4006629.0,48.78
HDFCBANK,EQ,22-Oct-2021,"1,676.30","1,680.10","1,708.00","1,670.75","1,683.00","1,680.75","1,692.82",6087777,10305520528.65,173531.0,3171466.0,52.10
HDFCBANK,EQ,21-Oct-2021,"1,673.85","1,671.80","1,681.95","1,660.85","1,680.00","1,676.30","1,672.14",4869095,8141831326.95,181241.0,2926337.0,60.10
HDFCBANK,EQ,20-Oct-2021,"1,688.70","1,689.10","1,698.75","1,664.45","1,675.60","1,673.85","1,676.16",5454284,9142241514.6,187374.0,3521937.0,64.57
HDFCBANK,EQ,19-Oct-2021,"1,670.30","1,675.45","1,692.45","1,671.00","1,687.60","1,688.70","1,685.37",4493770,7573646982.9,146669.0,2218411.0,49.37
HDFCBANK,EQ,18-Oct-2021,"1,687.40","1,705.00","1,725.00","1,667.05","1,674.50","1,670.30","1,690.00",14428228,24383700241.85,413049.0,8220482.0,56.97
HDFCBANK,EQ,14-Oct-2021,"1,639.40","1,638.00","1,690.00","1,638.00","1,687.00","1,687.40","1,668.19",7378644,12308970465.55,218094.0,3835435.0,51.98
HDFCBANK,EQ,13-Oct-2021,"1,629.60","1,637.00","1,648.00","1,630.00","1,637.00","1,639.40","1,638.14",3112822,5099233631.5,121391.0,1798733.0,57.78
HDFCBANK,EQ,12-Oct-2021,"1,633.80","1,625.00","1,641.55","1,625.00","1,630.00","1,629.60","1,632.78",4088473,6675577153.9,127205.0,2149685.0,52.58
HDFCBANK,EQ,11-Oct-2021,"1,602.65","1,599.90","1,645.00","1,599.00","1,633.10","1,633.80","1,631.24",6540424,10669009659.45,199109.0,4288726.0,65.57
HDFCBANK,EQ,08-Oct-2021,"1,610.50","1,612.00","1,622.00","1,600.15","1,607.00","1,602.65","1,612.01",3622781,5839965046.25,180918.0,2298470.0,63.44
HDFCBANK,EQ,07-Oct-2021,"1,614.90","1,626.60","1,627.70","1,607.00","1,610.40","1,610.50","1,617.47",5632862,9110970657.3,179258.0,3460296.0,61.43
HDFCBANK,EQ,06-Oct-2021,"1,595.45","1,596.00","1,626.85","1,587.00","1,613.00","1,614.90","1,614.91",9300415,15019364575.35,198719.0,6227027.0,66.95
HDFCBANK,EQ,05-Oct-2021,"1,585.75","1,592.00","1,597.50","1,576.25","1,593.80","1,595.45","1,589.01",5128589,8149378134.45,154894.0,3346622.0,65.25
HDFCBANK,EQ,04-Oct-2021,"1,582.70","1,589.00","1,601.35","1,583.60","1,588.00","1,585.75","1,591.34",3525514,5610300755.65,141789.0,2240254.0,63.54
HDFCBANK,EQ,01-Oct-2021,"1,594.95","1,583.00","1,589.00","1,565.25","1,585.65","1,582.70","1,577.48",5564298,8777582941.65,145318.0,3862291.0,69.41
HDFCBANK,EQ,30-Sep-2021,"1,593.85","1,586.00","1,606.35","1,583.10","1,592.85","1,594.95","1,594.87",7987674,12739278381.65,216914.0,4213557.0,52.75
HDFCBANK,EQ,29-Sep-2021,"1,615.05","1,597.00","1,606.60","1,585.15","1,594.85","1,593.85","1,595.02",8131518,12969942389.35,180383.0,5400885.0,66.42
HDFCBANK,EQ,28-Sep-2021,"1,625.10","1,632.00","1,632.00","1,582.00","1,606.80","1,615.05","1,605.07",6386895,10251417507.15,193041.0,3472588.0,54.37
HDFCBANK,EQ,27-Sep-2021,"1,601.55","1,615.70","1,635.50","1,608.00","1,625.00","1,625.10","1,626.52",8207731,13350052031.55,245375.0,5061617.0,61.67
HDFCBANK,EQ,24-Sep-2021,"1,570.00","1,579.00","1,607.95","1,575.00","1,599.50","1,601.55","1,593.03",10403351,16572894842.45,285125.0,6212213.0,59.71
HDFCBANK,EQ,23-Sep-2021,"1,533.70","1,542.00","1,572.00","1,542.00","1,571.60","1,570.00","1,561.26",6832152,10666787042.0,221318.0,4366722.0,63.91
HDFCBANK,EQ,22-Sep-2021,"1,551.95","1,549.00","1,550.15","1,530.00","1,536.05","1,533.70","1,536.98",5291101,8132332795.9,204046.0,3043041.0,57.51
HDFCBANK,EQ,21-Sep-2021,"1,559.85","1,562.00","1,568.65","1,528.95","1,553.50","1,551.95","1,544.53",7387498,11410202963.4,162406.0,4642760.0,62.85
HDFCBANK,EQ,20-Sep-2021,"1,582.15","1,564.00","1,581.70","1,558.00","1,559.75","1,559.85","1,569.06",4390805,6889437483.3,144006.0,2618610.0,59.64
HDFCBANK,EQ,17-Sep-2021,"1,559.95","1,569.00","1,589.00","1,559.20","1,585.55","1,582.15","1,576.23",10249051,16154811176.7,203624.0,6160971.0,60.11
HDFCBANK,EQ,16-Sep-2021,"1,546.80","1,537.75","1,564.30","1,536.30","1,561.00","1,559.95","1,551.38",5130275,7958996358.25,158542.0,2478795.0,48.32
HDFCBANK,EQ,15-Sep-2021,"1,548.55","1,535.00","1,554.80","1,535.00","1,546.75","1,546.80","1,543.76",7411499,11441551323.5,196864.0,5419693.0,73.13
HDFCBANK,EQ,14-Sep-2021,"1,555.55","1,560.00","1,564.50","1,546.60","1,550.00","1,548.55","1,552.26",4879253,7573882023.65,152737.0,3748148.0,76.82
HDFCBANK,EQ,13-Sep-2021,"1,568.60","1,562.00","1,584.00","1,553.65","1,555.75","1,555.55","1,560.43",4479582,6990094956.85,162851.0,3354836.0,74.89
HDFCBANK,EQ,09-Sep-2021,"1,576.40","1,574.00","1,579.45","1,561.00","1,567.00","1,568.60","1,567.83",4125474,6468028137.75,115424.0,2668239.0,64.68
HDFCBANK,EQ,08-Sep-2021,"1,569.25","1,571.95","1,580.50","1,565.60","1,580.00","1,576.40","1,574.47",3362040,5293425818.35,102369.0,2005117.0,59.64
HDFCBANK,EQ,07-Sep-2021,"1,565.70","1,562.50","1,582.00","1,555.20","1,570.00","1,569.25","1,569.81",3622748,5687030982.25,174293.0,1967275.0,54.30
HDFCBANK,EQ,06-Sep-2021,"1,576.05","1,579.95","1,580.95","1,561.95","1,565.00","1,565.70","1,569.45",3938448,6181191132.55,166678.0,2534940.0,64.36
HDFCBANK,EQ,03-Sep-2021,"1,589.00","1,586.10","1,598.00","1,568.30","1,576.55","1,576.05","1,582.31",5367667,8493328640.9,200088.0,3543509.0,66.02
HDFCBANK,EQ,02-Sep-2021,"1,579.10","1,574.10","1,592.00","1,571.25","1,589.70","1,589.00","1,583.10",4809262,7613544239.0,173323.0,3165332.0,65.82
HDFCBANK,EQ,01-Sep-2021,"1,581.40","1,575.00","1,598.00","1,574.50","1,575.00","1,579.10","1,586.67",6211279,9855273405.65,230930.0,3924656.0,63.19
HDFCBANK,EQ,31-Aug-2021,"1,568.25","1,563.50","1,583.35","1,562.20","1,580.85","1,581.40","1,576.28",6031288,9506985062.7,203147.0,3804884.0,63.09
HDFCBANK,EQ,30-Aug-2021,"1,548.45","1,555.60","1,570.00","1,551.60","1,569.00","1,568.25","1,563.22",4524583,7072924768.4,115034.0,2742963.0,60.62
HDFCBANK,EQ,27-Aug-2021,"1,554.80","1,552.00","1,558.65","1,545.25","1,548.70","1,548.45","1,551.03",3191069,4949459160.2,117093.0,1692869.0,53.05
HDFCBANK,EQ,26-Aug-2021,"1,557.40","1,550.00","1,571.00","1,543.45","1,555.10","1,554.80","1,559.33",5559501,8669123592.15,200243.0,3023297.0,54.38
HDFCBANK,EQ,25-Aug-2021,"1,558.85","1,552.10","1,564.80","1,548.00","1,555.25","1,557.40","1,556.63",3863987,6014797348.15,128323.0,2011671.0,52.06
HDFCBANK,EQ,24-Aug-2021,"1,524.60","1,530.00","1,564.50","1,527.45","1,558.00","1,558.85","1,550.18",9190657,14247197594.25,214219.0,6127613.0,66.67
HDFCBANK,EQ,23-Aug-2021,"1,514.75","1,529.85","1,533.15","1,508.65","1,522.90","1,524.60","1,521.21",5421527,8247298230.75,149392.0,3217739.0,59.35
HDFCBANK,EQ,20-Aug-2021,"1,513.00","1,486.05","1,519.80","1,486.05","1,514.25","1,514.75","1,505.48",6575203,9898814016.9,241660.0,3540286.0,53.84
HDFCBANK,EQ,18-Aug-2021,"1,514.65","1,556.70","1,565.35","1,508.35","1,511.50","1,513.00","1,538.32",11492966,17679859685.55,275951.0,4034630.0,35.11
HDFCBANK,EQ,17-Aug-2021,"1,530.60","1,517.20","1,524.00","1,505.30","1,516.00","1,514.65","1,513.95",4141333,6269763890.2,163880.0,2622683.0,63.33
HDFCBANK,EQ,16-Aug-2021,"1,526.20","1,526.15","1,535.00","1,521.45","1,529.00","1,530.60","1,529.96",3126389,4783241013.45,134405.0,1646403.0,52.66
HDFCBANK,EQ,13-Aug-2021,"1,501.40","1,501.20","1,531.00","1,501.00","1,523.60","1,526.20","1,521.44",8329214,12672363672.35,200611.0,5777126.0,69.36
HDFCBANK,EQ,12-Aug-2021,"1,494.95","1,497.00","1,507.60","1,489.30","1,504.00","1,501.40","1,498.68",4298837,6442566924.55,118442.0,2763118.0,64.28
HDFCBANK,EQ,11-Aug-2021,"1,507.65","1,514.90","1,518.85","1,491.05","1,494.50","1,494.95","1,501.47",6292893,9448574027.3,236089.0,4374018.0,69.51
HDFCBANK,EQ,10-Aug-2021,"1,503.90","1,489.00","1,519.75","1,489.00","1,507.35","1,507.65","1,512.39",7419173,11220685566.1,207153.0,4516112.0,60.87
HDFCBANK,EQ,09-Aug-2021,"1,492.65","1,492.00","1,507.35","1,476.00","1,501.85","1,503.90","1,501.46",5499024,8256554642.95,123204.0,2996603.0,54.49
HDFCBANK,EQ,06-Aug-2021,"1,484.85","1,483.55","1,500.00","1,474.00","1,493.70","1,492.65","1,490.45",6669635,9940773286.65,127752.0,4102296.0,61.51
HDFCBANK,EQ,05-Aug-2021,"1,465.30","1,467.10","1,507.05","1,457.40","1,483.80","1,484.85","1,483.26",9411204,13959295159.95,234822.0,4731088.0,50.27
HDFCBANK,EQ,04-Aug-2021,"1,434.70","1,441.00","1,474.50","1,440.00","1,465.50","1,465.30","1,462.94",11026974,16131829092.8,294722.0,6667254.0,60.46
HDFCBANK,EQ,03-Aug-2021,"1,422.65","1,410.00","1,439.90","1,410.00","1,434.10","1,434.70","1,428.31",6016560,8593528258.8,168518.0,4182501.0,69.52
HDFCBANK,EQ,02-Aug-2021,"1,426.45","1,435.00","1,435.00","1,416.25","1,423.80","1,422.65","1,425.88",6629393,9452748883.15,239364.0,4820387.0,72.71
HDFCBANK,EQ,30-Jul-2021,"1,418.25","1,419.00","1,431.75","1,407.95","1,425.00","1,426.45","1,422.61",5827744,8290619852.85,182078.0,3984364.0,68.37
HDFCBANK,EQ,29-Jul-2021,"1,417.30","1,428.25","1,429.95","1,413.30","1,421.75","1,418.25","1,422.40",6851115,9745030008.9,174810.0,4861470.0,70.96
HDFCBANK,EQ,28-Jul-2021,"1,439.75","1,435.05","1,438.70","1,404.00","1,419.50","1,417.30","1,416.60",10335171,14640820175.95,350925.0,7692903.0,74.43
HDFCBANK,EQ,27-Jul-2021,"1,434.55","1,436.10","1,449.90","1,436.10","1,441.50","1,439.75","1,443.44",11200715,16167523312.4,205605.0,9077138.0,81.04
HDFCBANK,EQ,26-Jul-2021,"1,442.75","1,430.00","1,444.00","1,428.10","1,434.50","1,434.55","1,434.93",6583583,9446965208.2,238911.0,4980099.0,75.64
HDFCBANK,EQ,23-Jul-2021,"1,448.70","1,451.50","1,457.45","1,435.30","1,443.00","1,442.75","1,445.22",6563342,9485465854.05,265409.0,4491778.0,68.44
HDFCBANK,EQ,22-Jul-2021,"1,443.15","1,456.10","1,468.50","1,445.00","1,451.70","1,448.70","1,455.81",6603557,9613492161.75,253822.0,3828445.0,57.98
HDFCBANK,EQ,20-Jul-2021,"1,471.00","1,442.00","1,454.00","1,436.15","1,444.00","1,443.15","1,443.36",12087125,17446042345.6,329311.0,8568066.0,70.89
HDFCBANK,EQ,19-Jul-2021,"1,522.35","1,487.00","1,488.85","1,466.00","1,472.40","1,471.00","1,477.63",12555800,18552779056.1,410524.0,6626486.0,52.78
HDFCBANK,EQ,16-Jul-2021,"1,520.70","1,527.95","1,529.95","1,518.80","1,522.30","1,522.35","1,524.21",2585314,3940552739.25,86273.0,1175158.0,45.46
HDFCBANK,EQ,15-Jul-2021,"1,499.15","1,505.00","1,526.75","1,499.65","1,521.00","1,520.70","1,518.05",5219401,7923304983.85,192039.0,2898079.0,55.53
HDFCBANK,EQ,14-Jul-2021,"1,501.85","1,497.50","1,507.35","1,491.10","1,498.00","1,499.15","1,500.22",4894247,7342459151.85,114595.0,3004238.0,61.38
HDFCBANK,EQ,13-Jul-2021,"1,487.00","1,496.10","1,506.10","1,484.10","1,500.40","1,501.85","1,493.95",9089071,13578589687.2,158600.0,6329919.0,69.64
HDFCBANK,EQ,12-Jul-2021,"1,502.00","1,502.00","1,502.00","1,484.00","1,487.30","1,487.00","1,492.97",7229489,10793386505.9,160971.0,3956375.0,54.73
HDFCBANK,EQ,09-Jul-2021,"1,520.45","1,512.55","1,516.00","1,497.50","1,504.40","1,502.00","1,505.44",5347921,8050952657.8,162723.0,3376292.0,63.13
HDFCBANK,EQ,08-Jul-2021,"1,539.50","1,525.00","1,537.70","1,513.45","1,521.00","1,520.45","1,526.35",4210461,6426630345.65,137221.0,2368698.0,56.26
HDFCBANK,EQ,07-Jul-2021,"1,534.70","1,534.00","1,545.35","1,527.70","1,539.80","1,539.50","1,539.43",4814595,7411730515.65,119316.0,3055239.0,63.46
HDFCBANK,EQ,06-Jul-2021,"1,495.45","1,497.00","1,540.00","1,496.00","1,531.95","1,534.70","1,527.06",8834516,13490818207.25,222855.0,4447203.0,50.34
HDFCBANK,EQ,05-Jul-2021,"1,480.40","1,489.95","1,504.50","1,484.55","1,496.60","1,495.45","1,497.63",3686941,5521683947.9,136148.0,2121120.0,57.53
HDFCBANK,EQ,02-Jul-2021,"1,486.75","1,485.00","1,489.25","1,477.00","1,482.50","1,480.40","1,482.69",7413518,10991926075.4,175142.0,5654492.0,76.27
HDFCBANK,EQ,01-Jul-2021,"1,497.90","1,502.00","1,502.00","1,483.00","1,487.95","1,486.75","1,491.40",8455721,12610824917.85,177593.0,5309019.0,62.79
HDFCBANK,EQ,30-Jun-2021,"1,502.05","1,498.00","1,509.00","1,494.10","1,497.00","1,497.90","1,501.04",4839511,7264297159.95,113300.0,3300089.0,68.19
HDFCBANK,EQ,29-Jun-2021,"1,508.35","1,507.00","1,508.20","1,492.15","1,500.15","1,502.05","1,498.23",5485846,8219041607.3,119595.0,4097229.0,74.69
HDFCBANK,EQ,28-Jun-2021,"1,515.10","1,520.00","1,523.00","1,505.00","1,512.00","1,508.35","1,510.42",4678393,7066337440.2,97365.0,3047669.0,65.14
HDFCBANK,EQ,25-Jun-2021,"1,506.25","1,511.10","1,522.00","1,507.00","1,513.75","1,515.10","1,515.21",5191588,7866353151.8,157842.0,3242646.0,62.46
HDFCBANK,EQ,24-Jun-2021,"1,485.50","1,490.00","1,513.45","1,488.00","1,506.05","1,506.25","1,502.25",7392512,11105397440.3,161391.0,4417197.0,59.75
HDFCBANK,EQ,23-Jun-2021,"1,483.80","1,490.00","1,497.80","1,478.60","1,487.00","1,485.50","1,487.18",3922434,5833378822.25,104106.0,2070834.0,52.79
HDFCBANK,EQ,22-Jun-2021,"1,488.70","1,497.00","1,508.00","1,480.00","1,481.85","1,483.80","1,496.02",7183412,10746548095.35,176519.0,4324982.0,60.21
HDFCBANK,EQ,21-Jun-2021,"1,479.80","1,461.35","1,491.80","1,459.00","1,490.95","1,488.70","1,475.42",3630236,5356108568.7,121439.0,1774707.0,48.89
HDFCBANK,EQ,18-Jun-2021,"1,466.10","1,469.50","1,490.00","1,455.00","1,488.00","1,479.80","1,470.56",5969030,8777832377.5,176020.0,3289110.0,55.10
HDFCBANK,EQ,17-Jun-2021,"1,484.60","1,466.00","1,478.75","1,460.00","1,462.10","1,466.10","1,471.04",4641901,6828422222.05,162372.0,2602883.0,56.07
HDFCBANK,EQ,16-Jun-2021,"1,490.25","1,488.00","1,494.00","1,478.10","1,485.80","1,484.60","1,484.76",3851049,5717899444.3,140563.0,2373410.0,61.63
HDFCBANK,EQ,15-Jun-2021,"1,479.45","1,486.00","1,496.00","1,474.80","1,490.20","1,490.25","1,490.11",3784801,5639758160.45,126209.0,1799385.0,47.54
HDFCBANK,EQ,14-Jun-2021,"1,486.35","1,478.25","1,486.00","1,462.55","1,480.00","1,479.45","1,474.22",4440982,6546998199.95,147161.0,2360747.0,53.16
HDFCBANK,EQ,11-Jun-2021,"1,481.05","1,491.00","1,496.55","1,481.05","1,487.00","1,486.35","1,487.68",3602987,5360093939.55,118634.0,1797686.0,49.89
HDFCBANK,EQ,10-Jun-2021,"1,480.30","1,482.10","1,489.00","1,473.65","1,483.00","1,481.05","1,479.96",5741770,8497570554.5,165786.0,3484470.0,60.69
HDFCBANK,EQ,09-Jun-2021,"1,483.05","1,483.90","1,502.00","1,472.05","1,482.00","1,480.30","1,488.03",5111721,7606416086.9,134064.0,2387438.0,46.71
HDFCBANK,EQ,08-Jun-2021,"1,499.85","1,496.55","1,501.30","1,481.50","1,483.00","1,483.05","1,486.98",4936270,7340118763.8,174145.0,3413458.0,69.15
HDFCBANK,EQ,07-Jun-2021,"1,500.95","1,510.00","1,514.00","1,496.00","1,499.80","1,499.85","1,501.17",4045834,6073488211.5,134014.0,2381811.0,58.87
HDFCBANK,EQ,04-Jun-2021,"1,520.55","1,516.00","1,520.65","1,499.20","1,503.65","1,500.95","1,507.74",4712238,7104808087.1,179989.0,2684082.0,56.96
HDFCBANK,EQ,03-Jun-2021,"1,504.00","1,508.00","1,524.95","1,487.75","1,521.60","1,520.55","1,514.65",5143630,7790780309.9,157719.0,2137844.0,41.56
HDFCBANK,EQ,02-Jun-2021,"1,511.70","1,510.00","1,510.20","1,493.00","1,505.05","1,504.00","1,500.01",5312008,7968047689.75,119874.0,3061801.0,57.64
HDFCBANK,EQ,01-Jun-2021,"1,515.85","1,520.30","1,527.00","1,507.25","1,512.35","1,511.70","1,515.73",5515081,8359376485.7,164990.0,2707141.0,49.09
HDFCBANK,EQ,31-May-2021,"1,503.45","1,500.00","1,519.50","1,487.50","1,513.00","1,515.85","1,507.21",7830527,11802287069.65,205932.0,3743023.0,47.80
HDFCBANK,EQ,28-May-2021,"1,482.65","1,490.90","1,513.00","1,478.75","1,507.75","1,503.45","1,495.60",8875010,13273437477.9,221597.0,5295971.0,59.67
HDFCBANK,EQ,27-May-2021,"1,477.05","1,473.10","1,489.00","1,462.45","1,483.80","1,482.65","1,471.96",10219748,15043040015.15,209715.0,4915883.0,48.10
HDFCBANK,EQ,26-May-2021,"1,478.95","1,480.00","1,487.00","1,470.00","1,477.00","1,477.05","1,478.66",6141995,9081927510.05,180525.0,2462775.0,40.10
HDFCBANK,EQ,25-May-2021,"1,509.95","1,510.50","1,513.75","1,470.50","1,481.00","1,478.95","1,483.97",9618487,14273538928.15,263807.0,4731625.0,49.19
HDFCBANK,EQ,24-May-2021,"1,497.30","1,503.25","1,520.45","1,498.50","1,506.00","1,509.95","1,510.77",11073051,16728812270.3,332858.0,4781064.0,43.18
HDFCBANK,EQ,21-May-2021,"1,432.80","1,443.00","1,501.90","1,443.00","1,501.30","1,497.30","1,477.34",9670823,14287085746.8,234594.0,3683384.0,38.09
HDFCBANK,EQ,20-May-2021,"1,458.20","1,458.35","1,465.90","1,428.50","1,435.30","1,432.80","1,447.31",5342092,7731637700.8,162817.0,2541468.0,47.57
HDFCBANK,EQ,19-May-2021,"1,476.70","1,470.20","1,478.85","1,452.55","1,459.10","1,458.20","1,463.16",5065458,7411590231.2,130871.0,2727068.0,53.84
HDFCBANK,EQ,18-May-2021,"1,440.25","1,458.95","1,482.75","1,455.00","1,478.15","1,476.70","1,473.08",11082640,16325627028.6,303758.0,6640863.0,59.92
HDFCBANK,EQ,17-May-2021,"1,386.85","1,395.15","1,442.60","1,381.30","1,439.00","1,440.25","1,421.89",7560346,10749946504.2,232157.0,3995095.0,52.84
HDFCBANK,EQ,14-May-2021,"1,399.50","1,394.35","1,398.90","1,382.35","1,387.30","1,386.85","1,388.69",5302071,7362947078.85,204439.0,2878510.0,54.29
HDFCBANK,EQ,12-May-2021,"1,403.55","1,399.75","1,408.60","1,388.85","1,399.05","1,399.50","1,398.25",6887463,9630379958.0,189135.0,3933052.0,57.10
HDFCBANK,EQ,11-May-2021,"1,419.85","1,396.00","1,424.20","1,395.05","1,402.55","1,403.55","1,408.24",7259517,10223121394.3,221164.0,4339573.0,59.78
HDFCBANK,EQ,10-May-2021,"1,414.75","1,427.00","1,430.00","1,412.80","1,423.00","1,419.85","1,419.86",5530025,7851885465.25,156544.0,2986441.0,54.00
HDFCBANK,EQ,07-May-2021,"1,400.90","1,412.95","1,424.95","1,410.25","1,413.40","1,414.75","1,418.94",6024167,8547958579.7,160474.0,2861702.0,47.50
HDFCBANK,EQ,06-May-2021,"1,402.60","1,407.60","1,410.80","1,395.00","1,403.40","1,400.90","1,403.34",5738522,8053113106.3,136848.0,2576264.0,44.89
HDFCBANK,EQ,05-May-2021,"1,388.35","1,401.00","1,409.60","1,381.70","1,405.85","1,402.60","1,400.18",7210806,10096392172.1,162134.0,2895687.0,40.16
HDFCBANK,EQ,04-May-2021,"1,414.45","1,409.95","1,423.00","1,383.30","1,390.60","1,388.35","1,403.80",10743164,15081219692.0,263951.0,4454875.0,41.47
HDFCBANK,EQ,03-May-2021,"1,412.30","1,393.00","1,421.90","1,377.30","1,419.00","1,414.45","1,398.07",11236850,15709945763.35,341238.0,5720050.0,50.90
HDFCBANK,EQ,30-Apr-2021,"1,472.50","1,445.00","1,453.80","1,407.50","1,412.90","1,412.30","1,421.13",17616451,25035289801.25,447876.0,8982938.0,50.99
HDFCBANK,EQ,29-Apr-2021,"1,476.80","1,486.20","1,503.65","1,461.00","1,471.65","1,472.50","1,481.15",12039276,17831960366.75,252296.0,4818551.0,40.02
HDFCBANK,EQ,28-Apr-2021,"1,438.70","1,436.25","1,479.00","1,431.00","1,475.00","1,476.80","1,463.19",12051970,17634376658.6,197146.0,7196647.0,59.71
HDFCBANK,EQ,27-Apr-2021,"1,404.80","1,407.25","1,442.00","1,404.80","1,435.05","1,438.70","1,430.40",10296453,14728096470.65,233200.0,5650216.0,54.88
HDFCBANK,EQ,26-Apr-2021,"1,414.15","1,413.00","1,429.00","1,402.75","1,407.55","1,404.80","1,413.19",15085476,21318606947.85,291268.0,9791881.0,64.91
HDFCBANK,EQ,23-Apr-2021,"1,422.50","1,409.00","1,434.60","1,400.20","1,414.95","1,414.15","1,418.34",11356764,16107781693.85,242760.0,5293080.0,46.61
HDFCBANK,EQ,22-Apr-2021,"1,391.40","1,380.00","1,426.80","1,371.05","1,421.00","1,422.50","1,393.28",19242656,26810333683.2,320987.0,9670836.0,50.26
HDFCBANK,EQ,20-Apr-2021,"1,412.40","1,425.00","1,426.40","1,383.95","1,390.45","1,391.40","1,405.29",11593135,16291706863.05,283993.0,6447436.0,55.61
HDFCBANK,EQ,19-Apr-2021,"1,428.65","1,390.00","1,417.70","1,372.30","1,412.60","1,412.40","1,393.68",12034621,16772359445.0,325777.0,5446700.0,45.26
HDFCBANK,EQ,16-Apr-2021,"1,430.10","1,434.95","1,445.00","1,423.50","1,430.90","1,428.65","1,436.06",7803263,11205942978.0,188460.0,3843600.0,49.26
HDFCBANK,EQ,15-Apr-2021,"1,400.35","1,405.00","1,436.70","1,391.00","1,434.25","1,430.10","1,410.25",17222492,24287966847.35,317928.0,9464480.0,54.95
HDFCBANK,EQ,13-Apr-2021,"1,367.05","1,368.00","1,406.45","1,361.00","1,401.00","1,400.35","1,383.23",9300341,12864536273.5,189809.0,4769084.0,51.28
HDFCBANK,EQ,12-Apr-2021,"1,421.75","1,393.00","1,399.00","1,353.00","1,375.20","1,367.05","1,374.47",11274564,15496590803.5,406501.0,5626304.0,49.90
HDFCBANK,EQ,09-Apr-2021,"1,432.80","1,426.00","1,432.80","1,415.10","1,423.50","1,421.75","1,422.88",14078908,20032618013.65,214798.0,6946513.0,49.34
HDFCBANK,EQ,08-Apr-2021,"1,447.20","1,453.00","1,460.90","1,430.50","1,434.00","1,432.80","1,445.54",8806796,12730541278.95,223974.0,4639816.0,52.68
HDFCBANK,EQ,07-Apr-2021,"1,440.25","1,439.30","1,456.70","1,421.55","1,447.25","1,447.20","1,445.04",12544090,18126686315.6,208801.0,7434774.0,59.27
HDFCBANK,EQ,06-Apr-2021,"1,449.60","1,460.00","1,462.65","1,432.65","1,442.00","1,440.25","1,444.46",7537867,10888166737.05,215174.0,2499978.0,33.17
HDFCBANK,EQ,05-Apr-2021,"1,486.75","1,480.00","1,485.00","1,431.00","1,450.20","1,449.60","1,451.04",8003293,11613125554.75,238305.0,2874301.0,35.91
HDFCBANK,EQ,01-Apr-2021,"1,493.65","1,499.40","1,499.40","1,465.00","1,492.50","1,486.75","1,480.53",17881881,26474705849.45,338659.0,9572778.0,53.53
HDFCBANK,EQ,31-Mar-2021,"1,553.70","1,548.00","1,548.00","1,488.00","1,494.40","1,493.65","1,499.76",15387253,23077192205.2,362409.0,7847100.0,51.00
HDFCBANK,EQ,30-Mar-2021,"1,491.30","1,506.65","1,562.55","1,501.55","1,548.80","1,553.70","1,537.72",12804032,19689049326.9,229161.0,7304263.0,57.05
HDFCBANK,EQ,26-Mar-2021,"1,463.35","1,494.00","1,499.00","1,474.00","1,497.55","1,491.30","1,486.80",6010629,8936579563.25,186603.0,2534369.0,42.16
HDFCBANK,EQ,25-Mar-2021,"1,478.80","1,490.20","1,495.55","1,450.25","1,468.00","1,463.35","1,468.53",11982178,17596198111.75,371490.0,6011732.0,50.17
HDFCBANK,EQ,24-Mar-2021,"1,500.15","1,490.90","1,506.45","1,471.00","1,481.10","1,478.80","1,489.09",8184450,12187419081.3,229246.0,4157014.0,50.79
HDFCBANK,EQ,23-Mar-2021,"1,469.15","1,470.00","1,507.45","1,469.10","1,505.65","1,500.15","1,487.07",9880714,14693349487.35,275690.0,4916573.0,49.76
HDFCBANK,EQ,22-Mar-2021,"1,497.50","1,494.90","1,494.90","1,460.40","1,474.00","1,469.15","1,473.27",7007816,10324419176.2,257662.0,3022866.0,43.14
HDFCBANK,EQ,19-Mar-2021,"1,491.00","1,485.00","1,511.20","1,474.05","1,492.00","1,497.50","1,487.08",10617510,15789044661.05,258063.0,5524716.0,52.03
HDFCBANK,EQ,18-Mar-2021,"1,495.35","1,511.75","1,522.05","1,481.15","1,493.75","1,491.00","1,504.98",9032770,13594097521.25,242311.0,4547536.0,50.34
HDFCBANK,EQ,17-Mar-2021,"1,512.15","1,524.25","1,539.00","1,490.20","1,492.20","1,495.35","1,514.12",10532214,15947042105.9,227416.0,5466535.0,51.90
HDFCBANK,EQ,16-Mar-2021,"1,528.65","1,530.90","1,540.40","1,510.00","1,516.00","1,512.15","1,523.05",6861183,10449909401.05,206602.0,3106338.0,45.27
HDFCBANK,EQ,15-Mar-2021,"1,551.95","1,548.40","1,548.40","1,515.30","1,530.35","1,528.65","1,525.05",6115242,9326041068.75,169992.0,2659080.0,43.48
HDFCBANK,EQ,12-Mar-2021,"1,555.75","1,600.00","1,600.00","1,535.05","1,548.00","1,551.95","1,569.97",7815602,12270253748.85,236912.0,3634899.0,46.51
HDFCBANK,EQ,10-Mar-2021,"1,562.50","1,572.00","1,575.00","1,552.15","1,556.50","1,555.75","1,559.83",5527508,8621972797.4,170939.0,2731601.0,49.42
HDFCBANK,EQ,09-Mar-2021,"1,519.50","1,545.00","1,565.70","1,538.25","1,563.95","1,562.50","1,556.52",7533348,11725810547.5,190281.0,2958230.0,39.27
HDFCBANK,EQ,08-Mar-2021,"1,530.00","1,542.00","1,555.00","1,512.50","1,522.00","1,519.50","1,530.38",7558525,11567437062.0,202940.0,2679701.0,35.45
HDFCBANK,EQ,05-Mar-2021,"1,552.05","1,531.00","1,545.60","1,521.10","1,533.90","1,530.00","1,532.82",8722911,13370624576.75,236265.0,3732717.0,42.79
HDFCBANK,EQ,04-Mar-2021,"1,586.85","1,548.55","1,571.00","1,539.10","1,553.00","1,552.05","1,552.34",8145719,12644956162.75,220611.0,3023464.0,37.12
HDFCBANK,EQ,03-Mar-2021,"1,568.20","1,584.00","1,596.00","1,565.00","1,587.00","1,586.85","1,579.75",5611205,8864314509.1,190986.0,2757159.0,49.14
HDFCBANK,EQ,02-Mar-2021,"1,558.90","1,575.70","1,587.50","1,551.00","1,573.00","1,568.20","1,569.86",8055019,12645262470.8,188996.0,3535705.0,43.89
HDFCBANK,EQ,01-Mar-2021,"1,534.40","1,564.00","1,572.55","1,540.70","1,560.35","1,558.90","1,559.43",6768009,10554225348.25,180747.0,2759822.0,40.78
HDFCBANK,EQ,26-Feb-2021,"1,606.40","1,587.05","1,588.90","1,521.00","1,537.45","1,534.40","1,543.86",13956423,21546718494.6,397166.0,5926438.0,42.46
HDFCBANK,EQ,25-Feb-2021,"1,606.45","1,609.75","1,636.25","1,602.00","1,605.40","1,606.40","1,620.67",10054785,16295464769.9,231264.0,4200723.0,41.78
HDFCBANK,EQ,24-Feb-2021,"1,529.15","1,526.50","1,613.95","1,516.25","1,612.00","1,606.45","1,561.95",7157166,11179104534.25,144539.0,3318706.0,46.37
HDFCBANK,EQ,23-Feb-2021,"1,548.00","1,553.75","1,557.70","1,522.65","1,530.00","1,529.15","1,537.17",9119953,14018955769.95,230064.0,3676937.0,40.32
HDFCBANK,EQ,22-Feb-2021,"1,539.10","1,545.05","1,573.90","1,539.45","1,542.00","1,548.00","1,557.44",14725919,22934728117.95,299769.0,7734714.0,52.52
HDFCBANK,EQ,19-Feb-2021,"1,554.30","1,545.00","1,564.20","1,533.00","1,543.90","1,539.10","1,547.93",8569754,13265355232.8,248392.0,3611013.0,42.14
HDFCBANK,EQ,18-Feb-2021,"1,586.50","1,605.95","1,605.95","1,548.00","1,559.00","1,554.30","1,570.90",7360280,11562261540.35,260135.0,2557293.0,34.74
HDFCBANK,EQ,17-Feb-2021,"1,626.65","1,620.00","1,621.80","1,583.00","1,586.20","1,586.50","1,602.21",6397213,10249658891.5,154614.0,2731632.0,42.70
HDFCBANK,EQ,16-Feb-2021,"1,616.60","1,621.20","1,641.00","1,608.45","1,625.50","1,626.65","1,625.28",6948679,11293544900.15,180673.0,1990683.0,28.65
HDFCBANK,EQ,15-Feb-2021,"1,581.95","1,600.10","1,625.00","1,596.70","1,624.95","1,616.60","1,608.22",5177622,8326776744.4,148039.0,1992888.0,38.49
HDFCBANK,EQ,12-Feb-2021,"1,572.35","1,573.90","1,592.50","1,573.00","1,589.55","1,581.95","1,584.36",4955053,7850572958.05,164667.0,1476085.0,29.79
HDFCBANK,EQ,11-Feb-2021,"1,581.75","1,582.00","1,597.80","1,564.20","1,576.00","1,572.35","1,577.79",6824309,10767295916.6,192335.0,2807165.0,41.13
HDFCBANK,EQ,10-Feb-2021,"1,611.85","1,608.35","1,614.85","1,567.00","1,592.50","1,581.75","1,592.85",9894003,15759687718.6,229610.0,4736412.0,47.87
HDFCBANK,EQ,09-Feb-2021,"1,605.25","1,610.00","1,628.00","1,586.70","1,609.95","1,611.85","1,611.29",9210683,14841062260.3,198426.0,3770007.0,40.93
HDFCBANK,EQ,08-Feb-2021,"1,597.60","1,620.00","1,631.65","1,595.70","1,609.00","1,605.25","1,614.56",8723790,14085076073.3,228373.0,3412505.0,39.12
HDFCBANK,EQ,05-Feb-2021,"1,579.10","1,548.00","1,618.25","1,548.00","1,597.20","1,597.60","1,595.45",13527358,21582228443.0,274934.0,5044918.0,37.29
HDFCBANK,EQ,04-Feb-2021,"1,574.80","1,566.00","1,588.00","1,543.45","1,574.00","1,579.10","1,568.30",12242342,19199713046.35,307724.0,5702305.0,46.58
HDFCBANK,EQ,03-Feb-2021,"1,560.55","1,579.00","1,581.70","1,542.00","1,571.00","1,574.80","1,565.97",10118627,15845498691.5,316129.0,4768384.0,47.12
HDFCBANK,EQ,02-Feb-2021,"1,476.75","1,501.00","1,578.50","1,497.40","1,560.50","1,560.55","1,556.51",21210103,33013801640.0,416712.0,10262616.0,48.39
HDFCBANK,EQ,01-Feb-2021,"1,390.50","1,410.25","1,482.50","1,401.00","1,480.00","1,476.75","1,439.43",13185272,18979231489.45,301952.0,6454236.0,48.95
HDFCBANK,EQ,29-Jan-2021,"1,371.45","1,391.35","1,408.75","1,364.50","1,391.00","1,390.50","1,388.21",14352251,19923891702.85,358077.0,6859254.0,47.79
HDFCBANK,EQ,28-Jan-2021,"1,409.60","1,389.90","1,401.30","1,342.00","1,372.00","1,371.45","1,364.16",21352223,29127886352.35,452148.0,10585667.0,49.58
HDFCBANK,EQ,27-Jan-2021,"1,462.85","1,468.00","1,471.90","1,406.15","1,411.25","1,409.60","1,437.02",11778138,16925445420.15,308009.0,6565369.0,55.74
HDFCBANK,EQ,25-Jan-2021,"1,443.55","1,465.10","1,481.00","1,455.15","1,467.00","1,462.85","1,465.91",10172359,14911805741.75,231078.0,5723754.0,56.27
HDFCBANK,EQ,22-Jan-2021,"1,474.80","1,467.90","1,467.90","1,440.15","1,444.35","1,443.55","1,454.40",7696182,11193363698.15,222926.0,3575009.0,46.45
HDFCBANK,EQ,21-Jan-2021,"1,492.00","1,492.00","1,494.35","1,468.15","1,476.00","1,474.80","1,479.22",13166527,19476138889.35,262288.0,7307429.0,55.50
HDFCBANK,EQ,20-Jan-2021,"1,503.85","1,501.00","1,501.00","1,486.00","1,490.00","1,492.00","1,493.75",6673026,9967840647.3,137443.0,2954825.0,44.28
HDFCBANK,EQ,19-Jan-2021,"1,483.10","1,491.80","1,511.65","1,467.00","1,501.85","1,503.85","1,490.12",8680127,12934447133.9,197402.0,3275007.0,37.73
HDFCBANK,EQ,18-Jan-2021,"1,466.65","1,469.90","1,502.85","1,467.00","1,480.00","1,483.10","1,488.94",21412816,31882488250.45,483314.0,8069668.0,37.69
HDFCBANK,EQ,15-Jan-2021,"1,468.75","1,469.10","1,471.65","1,445.00","1,467.00","1,466.65","1,458.15",7082618,10327507402.4,168203.0,2773489.0,39.16
HDFCBANK,EQ,14-Jan-2021,"1,470.65","1,471.15","1,488.00","1,456.00","1,474.00","1,468.75","1,468.80",6148583,9031062462.4,187531.0,2684066.0,43.65
HDFCBANK,EQ,13-Jan-2021,"1,481.00","1,492.90","1,496.90","1,462.10","1,473.65","1,470.65","1,476.17",8467325,12499197280.65,179332.0,3842475.0,45.38
HDFCBANK,EQ,12-Jan-2021,"1,451.45","1,452.45","1,487.70","1,449.10","1,480.55","1,481.00","1,469.44",10194078,14979563595.9,226594.0,4655926.0,45.67
HDFCBANK,EQ,11-Jan-2021,"1,431.65","1,450.00","1,464.90","1,436.30","1,452.60","1,451.45","1,452.80",8665696,12589482027.0,213318.0,3343315.0,38.58
HDFCBANK,EQ,08-Jan-2021,"1,416.25","1,432.00","1,442.00","1,423.10","1,433.00","1,431.65","1,432.81",6884382,9863997390.15,162375.0,3373763.0,49.01
HDFCBANK,EQ,07-Jan-2021,"1,420.55","1,432.50","1,432.60","1,412.55","1,416.90","1,416.25","1,422.34",9947421,14148623311.15,127305.0,4519188.0,45.43
HDFCBANK,EQ,06-Jan-2021,"1,426.70","1,435.00","1,440.00","1,413.10","1,419.80","1,420.55","1,423.55",11067025,15754511010.2,151854.0,4458054.0,40.28
HDFCBANK,EQ,05-Jan-2021,"1,416.00","1,419.20","1,430.75","1,409.00","1,425.85","1,426.70","1,419.93",7193412,10214160602.4,186611.0,3041961.0,42.29
HDFCBANK,EQ,04-Jan-2021,"1,425.05","1,438.00","1,438.00","1,399.00","1,422.25","1,416.00","1,417.20",7870096,11153473281.7,177576.0,3758410.0,47.76
HDFCBANK,EQ,01-Jan-2021,"1,436.30","1,440.00","1,443.00","1,420.60","1,423.45","1,425.05","1,433.57",4405469,6315533421.95,85415.0,1426213.0,32.37
HDFCBANK,EQ,31-Dec-2020,"1,432.50","1,435.00","1,444.00","1,425.05","1,438.45","1,436.30","1,436.40",11072875,15905040698.85,207512.0,6344868.0,57.30
HDFCBANK,EQ,30-Dec-2020,"1,427.20","1,439.90","1,439.90","1,413.00","1,432.05","1,432.50","1,427.25",8108363,11572701536.35,137892.0,3247668.0,40.05
HDFCBANK,EQ,29-Dec-2020,"1,412.85","1,421.05","1,434.75","1,420.00","1,427.95","1,427.20","1,428.05",7247673,10350035824.15,164187.0,3741168.0,51.62
HDFCBANK,EQ,28-Dec-2022,"1,631.10","1,623.10","1,633.00","1,623.10","1,628.50","1,629.80","1,628.46",4345935,7077164442.15,143232.0,3211265.0,73.89
HDFCBANK,EQ,27-Dec-2022,"1,629.45","1,633.00","1,635.95","1,613.50","1,630.90","1,631.10","1,622.27",3963386,6429669607.95,101780.0,2207068.0,55.69
HDFCBANK,EQ,26-Dec-2022,"1,597.65","1,599.50","1,639.00","1,590.00","1,628.95","1,629.45","1,617.09",4953661,8010532444.25,127280.0,3052548.0,61.62
HDFCBANK,EQ,23-Dec-2022,"1,612.05","1,587.00","1,604.15","1,585.45","1,599.00","1,597.65","1,596.11",5346576,8533738599.5,161132.0,3205816.0,59.96
HDFCBANK,EQ,22-Dec-2022,"1,617.60","1,622.20","1,627.50","1,609.00","1,612.85","1,612.05","1,617.13",4873548,7881152431.2,156615.0,3242753.0,66.54
HDFCBANK,EQ,21-Dec-2022,"1,633.40","1,641.00","1,644.80","1,606.55","1,620.00","1,617.60","1,625.86",4634599,7535206897.25,155853.0,2968950.0,64.06
HDFCBANK,EQ,20-Dec-2022,"1,644.75","1,620.20","1,636.40","1,620.20","1,635.00","1,633.40","1,630.10",3587349,5847749606.55,94981.0,2013155.0,56.12
HDFCBANK,EQ,19-Dec-2022,"1,639.65","1,644.00","1,646.65","1,626.20","1,645.90","1,644.75","1,636.95",4802271,7861087915.35,111511.0,2999960.0,62.47
HDFCBANK,EQ,16-Dec-2022,"1,631.80","1,620.05","1,645.10","1,609.00","1,635.20","1,639.65","1,634.08",7323979,11968001262.3,177618.0,5236766.0,71.50
HDFCBANK,EQ,15-Dec-2022,"1,662.25","1,657.05","1,669.40","1,627.05","1,630.00","1,631.80","1,659.58",9091324,15087760729.0,145032.0,5407373.0,59.48
HDFCBANK,EQ,14-Dec-2022,"1,648.30","1,653.00","1,665.50","1,650.00","1,660.00","1,662.25","1,658.28",7113820,11796681944.4,183221.0,4989446.0,70.14
HDFCBANK,EQ,13-Dec-2022,"1,643.75","1,650.00","1,657.00","1,645.00","1,645.30","1,648.30","1,651.67",8515851,14065339215.85,165451.0,5491823.0,64.49
HDFCBANK,EQ,12-Dec-2022,"1,631.05","1,625.00","1,653.60","1,621.40","1,642.80","1,643.75","1,643.67",7217404,11863026689.8,191429.0,4984206.0,69.06
HDFCBANK,EQ,09-Dec-2022,"1,619.50","1,626.00","1,634.85","1,620.00","1,630.15","1,631.05","1,626.86",5981692,9731403133.75,142195.0,4469120.0,74.71
HDFCBANK,EQ,08-Dec-2022,"1,610.45","1,610.00","1,626.00","1,605.00","1,620.00","1,619.50","1,615.97",7401817,11961138033.6,162638.0,5444038.0,73.55
HDFCBANK,EQ,07-Dec-2022,"1,611.15","1,614.15","1,618.60","1,604.45","1,611.00","1,610.45","1,610.02",5837360,9398261261.05,175386.0,4580110.0,78.46
HDFCBANK,EQ,06-Dec-2022,"1,612.95","1,601.00","1,613.70","1,600.00","1,612.95","1,611.15","1,607.20",6176546,9926951123.55,152759.0,4767748.0,77.19
HDFCBANK,EQ,05-Dec-2022,"1,607.10","1,609.95","1,614.60","1,596.20","1,613.00","1,612.95","1,604.77",5796311,9301737289.5,198169.0,3767906.0,65.01
HDFCBANK,EQ,02-Dec-2022,"1,619.50","1,610.00","1,618.60","1,605.15","1,607.75","1,607.10","1,609.97",3905539,6287798248.0,157768.0,2675200.0,68.50
HDFCBANK,EQ,01-Dec-2022,"1,608.45","1,622.00","1,637.00","1,615.00","1,618.00","1,619.50","1,625.06",10223183,16613268315.75,223935.0,7212087.0,70.55
HDFCBANK,EQ,30-Nov-2022,"1,597.85","1,597.10","1,612.90","1,597.10","1,611.90","1,608.45","1,603.75",7592403,12176299410.4,137140.0,6030327.0,79.43
HDFCBANK,EQ,29-Nov-2022,"1,600.25","1,597.25","1,612.35","1,592.85","1,600.00","1,597.85","1,602.17",6319118,10124273482.9,186705.0,4609779.0,72.95
HDFCBANK,EQ,28-Nov-2022,"1,617.65","1,602.90","1,607.45","1,594.05","1,600.50","1,600.25","1,600.57",8052990,12889397052.7,165436.0,5841703.0,72.54
HDFCBANK,EQ,25-Nov-2022,"1,625.15","1,629.70","1,631.70","1,614.10","1,617.00","1,617.65","1,620.31",4205248,6813792904.55,117799.0,2666082.0,63.40
HDFCBANK,EQ,24-Nov-2022,"1,599.15","1,605.95","1,632.00","1,599.15","1,627.60","1,625.15","1,614.59",8598980,13883849723.65,161678.0,5965589.0,69.38
HDFCBANK,EQ,23-Nov-2022,"1,595.00","1,605.00","1,605.00","1,594.00","1,596.80","1,599.15","1,598.79",5092869,8142453343.3,124888.0,3738575.0,73.41
HDFCBANK,EQ,22-Nov-2022,"1,597.35","1,600.00","1,604.35","1,591.00","1,597.00","1,595.00","1,596.15",4273157,6820613224.25,159221.0,2871575.0,67.20
HDFCBANK,EQ,21-Nov-2022,"1,613.90","1,607.65","1,612.00","1,590.20","1,597.10","1,597.35","1,597.33",4172408,6664713134.4,156009.0,2591643.0,62.11
HDFCBANK,EQ,18-Nov-2022,"1,618.15","1,621.00","1,623.00","1,605.25","1,612.05","1,613.90","1,611.71",5229616,8428647397.7,155906.0,3617158.0,69.17
HDFCBANK,EQ,17-Nov-2022,"1,632.90","1,618.10","1,631.55","1,613.90","1,617.00","1,618.15","1,623.76",6050465,9824511118.7,133033.0,3855491.0,63.72
HDFCBANK,EQ,16-Nov-2022,"1,619.00","1,618.65","1,642.00","1,612.00","1,630.00","1,632.90","1,630.44",6789075,11069179609.25,208132.0,3954055.0,58.24
HDFCBANK,EQ,15-Nov-2022,"1,615.05","1,623.15","1,623.15","1,605.25","1,622.00","1,619.00","1,614.94",5515101,8906572969.0,158707.0,3470935.0,62.94
HDFCBANK,EQ,14-Nov-2022,"1,611.15","1,612.00","1,628.00","1,598.00","1,615.00","1,615.05","1,613.89",9597695,15489657292.1,254705.0,6343124.0,66.09
HDFCBANK,EQ,11-Nov-2022,"1,524.75","1,545.00","1,637.00","1,538.00","1,611.90","1,611.15","1,599.68",28361169,45368789544.6,611619.0,15317967.0,54.01
HDFCBANK,EQ,10-Nov-2022,"1,508.35","1,497.10","1,527.00","1,495.05","1,527.00","1,524.75","1,511.37",6387091,9653235507.4,139631.0,4274394.0,66.92
HDFCBANK,EQ,09-Nov-2022,"1,508.80","1,515.05","1,517.95","1,504.00","1,508.00","1,508.35","1,511.66",4634895,7006381268.25,99843.0,2945729.0,63.56
HDFCBANK,EQ,07-Nov-2022,"1,497.15","1,510.00","1,512.00","1,492.10","1,510.25","1,508.80","1,501.97",4917917,7386587082.6,123611.0,3104244.0,63.12
HDFCBANK,EQ,04-Nov-2022,"1,507.55","1,503.20","1,516.10","1,489.60","1,497.10","1,497.15","1,497.96",5409030,8102528471.55,150429.0,3593837.0,66.44
HDFCBANK,EQ,03-Nov-2022,"1,514.20","1,497.70","1,520.25","1,497.00","1,507.45","1,507.55","1,511.46",5166176,7808453715.85,158632.0,2959149.0,57.28
HDFCBANK,EQ,02-Nov-2022,"1,513.25","1,517.00","1,528.25","1,511.60","1,514.95","1,514.20","1,520.14",6360203,9668407272.05,134056.0,4316158.0,67.86
HDFCBANK,EQ,01-Nov-2022,"1,496.70","1,503.50","1,529.00","1,498.90","1,513.50","1,513.25","1,519.63",9536878,14492530604.2,209190.0,6682068.0,70.07
HDFCBANK,EQ,31-Oct-2022,"1,458.70","1,472.00","1,498.00","1,467.25","1,495.90","1,496.70","1,487.44",6415264,9542306136.5,197801.0,3899406.0,60.78
HDFCBANK,EQ,28-Oct-2022,"1,454.40","1,450.00","1,467.00","1,447.40","1,459.95","1,458.70","1,459.47",5237139,7643452528.1,142985.0,3296642.0,62.95
HDFCBANK,EQ,27-Oct-2022,"1,450.90","1,464.50","1,467.35","1,451.25","1,456.00","1,454.40","1,457.90",7968638,11617489645.45,167453.0,6190681.0,77.69
HDFCBANK,EQ,25-Oct-2022,"1,461.05","1,461.10","1,467.80","1,445.00","1,447.40","1,450.90","1,456.91",6886697,10033274401.0,174010.0,5086954.0,73.87
HDFCBANK,EQ,24-Oct-2022,"1,438.60","1,454.30","1,463.00","1,454.30","1,458.85","1,461.05","1,460.44",1083897,1582962572.75,44924.0,466892.0,43.08
HDFCBANK,EQ,21-Oct-2022,"1,448.80","1,452.00","1,457.65","1,434.00","1,442.30","1,438.60","1,446.76",5246303,7590143970.3,112584.0,3357945.0,64.01
HDFCBANK,EQ,20-Oct-2022,"1,458.65","1,444.00","1,452.90","1,442.50","1,449.05","1,448.80","1,447.55",3949039,5716441334.25,149480.0,2511393.0,63.60
HDFCBANK,EQ,19-Oct-2022,"1,443.85","1,464.00","1,477.40","1,453.40","1,459.95","1,458.65","1,464.96",6483520,9498087668.1,186569.0,3543870.0,54.66
HDFCBANK,EQ,18-Oct-2022,"1,446.55","1,458.05","1,462.90","1,440.00","1,442.85","1,443.85","1,449.88",5280554,7656144753.65,144735.0,3226764.0,61.11
HDFCBANK,EQ,17-Oct-2022,"1,439.00","1,435.00","1,457.60","1,427.00","1,445.45","1,446.55","1,443.39",9205250,13286764094.4,185541.0,4371481.0,47.49
HDFCBANK,EQ,14-Oct-2022,"1,393.60","1,417.00","1,447.00","1,415.25","1,446.00","1,439.00","1,434.65",6424960,9217592931.3,149782.0,3114030.0,48.47
HDFCBANK,EQ,13-Oct-2022,"1,409.80","1,402.05","1,406.25","1,384.00","1,396.00","1,393.60","1,392.46",7357117,10244525589.7,219960.0,4956624.0,67.37
HDFCBANK,EQ,12-Oct-2022,"1,400.65","1,403.20","1,414.85","1,397.30","1,410.75","1,409.80","1,406.74",4612525,6488607643.5,112637.0,2969793.0,64.39
HDFCBANK,EQ,11-Oct-2022,"1,415.00","1,401.10","1,417.00","1,399.45","1,401.75","1,400.65","1,406.63",7260810,10213263445.8,134054.0,5147322.0,70.89
HDFCBANK,EQ,10-Oct-2022,"1,430.80","1,408.00","1,426.00","1,398.20","1,415.95","1,415.00","1,409.21",6554651,9236903280.05,215487.0,4189926.0,63.92
HDFCBANK,EQ,07-Oct-2022,"1,437.00","1,430.25","1,434.95","1,420.35","1,431.00","1,430.80","1,427.47",6648997,9491276053.8,160989.0,4865856.0,73.18
HDFCBANK,EQ,06-Oct-2022,"1,453.00","1,459.95","1,462.60","1,434.20","1,436.00","1,437.00","1,449.04",6274599,9092118877.7,170441.0,4251575.0,67.76
HDFCBANK,EQ,04-Oct-2022,"1,413.20","1,429.50","1,458.00","1,426.15","1,456.15","1,453.00","1,448.36",5769263,8355997412.35,130624.0,3944499.0,68.37
HDFCBANK,EQ,03-Oct-2022,"1,421.35","1,409.95","1,417.85","1,401.10","1,411.00","1,413.20","1,410.01",5770556,8136520348.45,147339.0,3823032.0,66.25
HDFCBANK,EQ,30-Sep-2022,"1,382.35","1,378.80","1,431.45","1,365.00","1,422.05","1,421.35","1,407.93",7890878,11109799543.35,181624.0,4709460.0,59.68
HDFCBANK,EQ,29-Sep-2022,"1,389.55","1,396.30","1,402.20","1,378.80","1,381.50","1,382.35","1,387.85",7205194,9999718372.7,258296.0,4737741.0,65.75
HDFCBANK,EQ,28-Sep-2022,"1,413.85","1,406.00","1,410.60","1,385.90","1,387.00","1,389.55","1,397.25",5908066,8255059324.45,215474.0,3384446.0,57.29
HDFCBANK,EQ,27-Sep-2022,"1,426.65","1,432.40","1,440.00","1,407.00","1,414.65","1,413.85","1,423.81",6319850,8998292829.25,181595.0,3874624.0,61.31
HDFCBANK,EQ,26-Sep-2022,"1,446.15","1,425.35","1,436.45","1,418.00","1,429.80","1,426.65","1,426.27",4461743,6363659216.05,183001.0,2489197.0,55.79
HDFCBANK,EQ,23-Sep-2022,"1,486.00","1,472.35","1,475.00","1,437.00","1,447.00","1,446.15","1,451.15",7903126,11468624906.55,254765.0,4730527.0,59.86
HDFCBANK,EQ,22-Sep-2022,"1,518.35","1,502.00","1,510.15","1,482.75","1,486.20","1,486.00","1,494.95",6024072,9005666828.65,130337.0,3337049.0,55.40
HDFCBANK,EQ,21-Sep-2022,"1,520.70","1,508.00","1,521.50","1,505.00","1,517.40","1,518.35","1,515.55",4536152,6874779529.4,129113.0,2789254.0,61.49
HDFCBANK,EQ,20-Sep-2022,"1,502.60","1,514.00","1,524.00","1,509.90","1,517.55","1,520.70","1,518.57",5390834,8186358426.6,125775.0,3384983.0,62.79
HDFCBANK,EQ,19-Sep-2022,"1,492.75","1,489.00","1,514.00","1,480.00","1,504.25","1,502.60","1,501.17",6038019,9064064674.3,123407.0,3981527.0,65.94
HDFCBANK,EQ,16-Sep-2022,"1,520.70","1,503.10","1,514.70","1,483.00","1,497.50","1,492.75","1,499.18",10280023,15411585013.35,204150.0,7353883.0,71.54
HDFCBANK,EQ,15-Sep-2022,"1,528.65","1,530.00","1,540.95","1,512.00","1,520.50","1,520.70","1,525.41",6769686,10326531542.6,209664.0,4103802.0,60.62
HDFCBANK,EQ,14-Sep-2022,"1,513.10","1,494.05","1,538.90","1,492.35","1,525.10","1,528.65","1,519.30",10109880,15359982950.0,266662.0,6755553.0,66.82
HDFCBANK,EQ,13-Sep-2022,"1,493.55","1,498.90","1,515.90","1,498.55","1,514.35","1,513.10","1,509.49",6500983,9813139426.55,178976.0,4395012.0,67.61
HDFCBANK,EQ,12-Sep-2022,"1,498.60","1,500.00","1,504.00","1,490.00","1,491.60","1,493.55","1,498.08",5540246,8299719758.65,158509.0,4020172.0,72.56
HDFCBANK,EQ,09-Sep-2022,"1,497.60","1,496.20","1,509.00","1,494.05","1,498.00","1,498.60","1,501.98",7564444,11361670171.7,159222.0,5060078.0,66.89
HDFCBANK,EQ,08-Sep-2022,"1,482.30","1,490.10","1,500.00","1,482.15","1,496.65","1,497.60","1,491.81",5582345,8327793778.2,105543.0,3067771.0,54.95
HDFCBANK,EQ,07-Sep-2022,"1,489.35","1,471.30","1,490.00","1,471.30","1,483.05","1,482.30","1,483.04",4888103,7249268552.2,89838.0,3379255.0,69.13
HDFCBANK,EQ,06-Sep-2022,"1,495.05","1,498.90","1,506.65","1,486.45","1,489.00","1,489.35","1,497.95",6119348,9166492283.65,115379.0,4161011.0,68.00
HDFCBANK,EQ,05-Sep-2022,"1,485.50","1,486.10","1,499.00","1,484.10","1,494.00","1,495.05","1,493.54",6065966,9059754660.0,128519.0,4337890.0,71.51
HDFCBANK,EQ,02-Sep-2022,"1,472.15","1,472.15","1,490.50","1,465.20","1,482.00","1,485.50","1,477.45",6019043,8892860828.1,119285.0,3665208.0,60.89
HDFCBANK,EQ,01-Sep-2022,"1,486.10","1,464.75","1,489.45","1,459.00","1,471.00","1,472.15","1,469.61",11201568,16461981807.55,182041.0,6146956.0,54.88
HDFCBANK,EQ,30-Aug-2022,"1,439.40","1,446.45","1,489.95","1,443.10","1,483.65","1,486.10","1,468.87",5067700,7443785303.75,192942.0,2948334.0,58.18
HDFCBANK,EQ,29-Aug-2022,"1,465.10","1,437.00","1,446.00","1,428.60","1,442.00","1,439.40","1,438.69",4326589,6224608203.95,187389.0,2493343.0,57.63
HDFCBANK,EQ,26-Aug-2022,"1,464.85","1,472.05","1,481.80","1,461.20","1,466.00","1,465.10","1,471.45",3853088,5669634958.8,128698.0,2285799.0,59.32
HDFCBANK,EQ,25-Aug-2022,"1,472.85","1,479.90","1,486.80","1,457.00","1,462.95","1,464.85","1,477.82",5911520,8736166442.2,127054.0,3693897.0,62.49
HDFCBANK,EQ,24-Aug-2022,"1,465.80","1,461.90","1,475.50","1,459.20","1,475.00","1,472.85","1,467.34",6727760,9871897938.5,140656.0,4689197.0,69.70
HDFCBANK,EQ,23-Aug-2022,"1,470.35","1,453.30","1,475.95","1,450.40","1,471.50","1,465.80","1,461.68",7483442,10938431495.85,144071.0,4737698.0,63.31
HDFCBANK,EQ,22-Aug-2022,"1,493.05","1,484.80","1,488.35","1,467.70","1,468.70","1,470.35","1,474.40",4117033,6070140731.7,122931.0,2591613.0,62.95
HDFCBANK,EQ,19-Aug-2022,"1,511.70","1,510.00","1,512.00","1,490.00","1,492.35","1,493.05","1,498.24",4031851,6040684835.5,147346.0,2298218.0,57.00
HDFCBANK,EQ,18-Aug-2022,"1,509.90","1,500.00","1,513.90","1,499.65","1,511.00","1,511.70","1,507.50",4171069,6287879823.1,126031.0,2900950.0,69.55
HDFCBANK,EQ,17-Aug-2022,"1,502.15","1,500.00","1,512.75","1,485.75","1,507.10","1,509.90","1,503.31",6192175,9308743851.9,190873.0,4499905.0,72.67
HDFCBANK,EQ,16-Aug-2022,"1,485.15","1,494.80","1,508.50","1,488.05","1,501.80","1,502.15","1,501.93",6281878,9434964816.8,172125.0,4682614.0,74.54
HDFCBANK,EQ,12-Aug-2022,"1,485.70","1,485.00","1,489.30","1,475.95","1,483.95","1,485.15","1,484.00",4425185,6566982475.55,175766.0,3283921.0,74.21
HDFCBANK,EQ,11-Aug-2022,"1,466.30","1,486.50","1,491.00","1,474.55","1,480.00","1,485.70","1,483.63",9150883,13576483134.0,236473.0,6990323.0,76.39
HDFCBANK,EQ,10-Aug-2022,"1,462.05","1,461.35","1,471.50","1,449.05","1,465.00","1,466.30","1,464.71",8676551,12708637823.2,219403.0,6312330.0,72.75
HDFCBANK,EQ,08-Aug-2022,"1,427.05","1,428.00","1,464.50","1,427.10","1,461.35","1,462.05","1,454.57",7678868,11169457261.65,207907.0,4139183.0,53.90
HDFCBANK,EQ,05-Aug-2022,"1,431.90","1,433.00","1,436.95","1,421.15","1,426.05","1,427.05","1,429.21",4634491,6623649945.65,121554.0,2754688.0,59.44
HDFCBANK,EQ,04-Aug-2022,"1,433.60","1,440.00","1,446.70","1,412.95","1,429.35","1,431.90","1,431.33",6006103,8596734035.35,228173.0,3872371.0,64.47
HDFCBANK,EQ,03-Aug-2022,"1,430.25","1,424.95","1,435.75","1,417.00","1,433.25","1,433.60","1,427.43",5487749,7833355196.55,206821.0,3365558.0,61.33
HDFCBANK,EQ,02-Aug-2022,"1,446.15","1,442.00","1,444.60","1,423.05","1,424.95","1,430.25","1,431.60",7518255,10763137989.2,165021.0,5215624.0,69.37
HDFCBANK,EQ,01-Aug-2022,"1,434.20","1,439.00","1,448.45","1,430.05","1,442.90","1,446.15","1,440.76",6596518,9504016259.35,146180.0,4524404.0,68.59
HDFCBANK,EQ,29-Jul-2022,"1,416.85","1,438.00","1,438.60","1,415.30","1,436.40","1,434.20","1,428.73",10009868,14301385368.8,241020.0,6624853.0,66.18
HDFCBANK,EQ,28-Jul-2022,"1,404.40","1,415.05","1,424.00","1,411.00","1,416.00","1,416.85","1,419.21",8710203,12361605197.85,213161.0,5745696.0,65.97
HDFCBANK,EQ,27-Jul-2022,"1,393.75","1,388.90","1,406.00","1,384.25","1,404.40","1,404.40","1,399.80",4606389,6448018339.8,131184.0,2774857.0,60.24
HDFCBANK,EQ,26-Jul-2022,"1,396.60","1,396.00","1,402.00","1,386.30","1,390.60","1,393.75","1,395.38",4263982,5949886417.25,115649.0,2570760.0,60.29
HDFCBANK,EQ,25-Jul-2022,"1,392.50","1,395.00","1,404.60","1,383.30","1,394.00","1,396.60","1,393.40",5071563,7066700506.25,156586.0,2580137.0,50.87
HDFCBANK,EQ,22-Jul-2022,"1,360.75","1,366.00","1,397.00","1,362.40","1,394.40","1,392.50","1,384.48",6364796,8811947079.7,190910.0,3533143.0,55.51
HDFCBANK,EQ,21-Jul-2022,"1,365.05","1,360.55","1,369.50","1,358.10","1,363.00","1,360.75","1,363.06",6320139,8614710412.0,158369.0,4183622.0,66.20
HDFCBANK,EQ,20-Jul-2022,"1,348.05","1,359.90","1,371.10","1,355.25","1,363.55","1,365.05","1,364.16",10173931,13878862594.9,279863.0,7741686.0,76.09
HDFCBANK,EQ,19-Jul-2022,"1,347.55","1,337.00","1,358.55","1,337.00","1,348.20","1,348.05","1,349.05",7896269,10652452469.15,141741.0,5088248.0,64.44
HDFCBANK,EQ,18-Jul-2022,"1,362.05","1,348.00","1,366.10","1,342.05","1,348.20","1,347.55","1,347.82",10166110,13702125272.85,291810.0,7199900.0,70.82
HDFCBANK,EQ,15-Jul-2022,"1,351.05","1,353.00","1,364.90","1,346.80","1,364.00","1,362.05","1,357.60",6797823,9228735489.2,126512.0,4710365.0,69.29
HDFCBANK,EQ,14-Jul-2022,"1,357.85","1,362.00","1,372.65","1,349.25","1,352.00","1,351.05","1,359.74",5186205,7051894375.95,156703.0,2992747.0,57.71
HDFCBANK,EQ,13-Jul-2022,"1,391.80","1,390.00","1,394.20","1,354.25","1,359.55","1,357.85","1,371.20",7972805,10932296276.95,185857.0,5063094.0,63.50
HDFCBANK,EQ,12-Jul-2022,"1,406.15","1,405.25","1,405.25","1,389.40","1,391.20","1,391.80","1,395.12",4938487,6889788254.6,107652.0,3382902.0,68.50
HDFCBANK,EQ,11-Jul-2022,"1,397.10","1,394.00","1,409.90","1,393.25","1,403.20","1,406.15","1,403.07",3731440,5235481481.55,115690.0,2385267.0,63.92
HDFCBANK,EQ,08-Jul-2022,"1,395.80","1,410.00","1,410.00","1,394.75","1,395.80","1,397.10","1,402.07",6237015,8744724388.5,122217.0,4698117.0,75.33
HDFCBANK,EQ,07-Jul-2022,"1,371.25","1,380.00","1,398.00","1,374.45","1,395.00","1,395.80","1,387.53",8871571,12309603700.5,177340.0,6252423.0,70.48
HDFCBANK,EQ,06-Jul-2022,"1,352.60","1,348.00","1,373.40","1,347.10","1,371.55","1,371.25","1,365.48",7524539,10274605412.4,175408.0,5292401.0,70.34
HDFCBANK,EQ,05-Jul-2022,"1,355.65","1,364.00","1,379.35","1,348.30","1,349.05","1,352.60","1,366.82",7162859,9790334619.55,175254.0,4457746.0,62.23
HDFCBANK,EQ,04-Jul-2022,"1,353.75","1,353.70","1,360.20","1,342.25","1,356.55","1,355.65","1,352.23",4243740,5738508714.75,122056.0,2687132.0,63.32
HDFCBANK,EQ,01-Jul-2022,"1,348.00","1,343.95","1,360.00","1,330.05","1,354.95","1,353.75","1,346.28",5736226,7722538774.5,147092.0,4059233.0,70.76
HDFCBANK,EQ,30-Jun-2022,"1,343.95","1,336.00","1,354.00","1,336.00","1,344.00","1,348.00","1,346.87",6237911,8401664068.5,153516.0,3385436.0,54.27
HDFCBANK,EQ,29-Jun-2022,"1,345.90","1,331.25","1,350.75","1,331.25","1,343.80","1,343.95","1,343.41",4997023,6713040907.65,155488.0,3198246.0,64.00
HDFCBANK,EQ,28-Jun-2022,"1,356.25","1,344.00","1,351.00","1,338.40","1,349.90","1,345.90","1,344.55",4885287,6568495136.05,170596.0,2978267.0,60.96
HDFCBANK,EQ,27-Jun-2022,"1,353.80","1,370.00","1,376.00","1,352.00","1,355.90","1,356.25","1,362.63",4902082,6679721013.6,153532.0,2820551.0,57.54
HDFCBANK,EQ,24-Jun-2022,"1,335.15","1,338.55","1,361.65","1,338.55","1,355.00","1,353.80","1,354.94",4006716,5428848372.95,265751.0,2154728.0,53.78
HDFCBANK,EQ,23-Jun-2022,"1,330.25","1,330.50","1,348.00","1,318.50","1,336.60","1,335.15","1,336.91",7686122,10275634335.15,224102.0,2899363.0,37.72
HDFCBANK,EQ,22-Jun-2022,"1,336.55","1,332.25","1,336.95","1,323.20","1,325.90","1,330.25","1,329.70",4079849,5424972795.2,144197.0,2278477.0,55.85
HDFCBANK,EQ,21-Jun-2022,"1,322.15","1,336.90","1,354.00","1,324.05","1,333.70","1,336.55","1,341.22",6610342,8865941646.1,190833.0,3837013.0,58.05
HDFCBANK,EQ,20-Jun-2022,"1,289.75","1,304.70","1,325.00","1,294.15","1,321.95","1,322.15","1,313.17",7968420,10463910206.85,214315.0,5178660.0,64.99
HDFCBANK,EQ,17-Jun-2022,"1,281.30","1,275.00","1,299.00","1,271.60","1,296.70","1,289.75","1,282.59",7361961,9442347329.35,293741.0,4404126.0,59.82
HDFCBANK,EQ,16-Jun-2022,"1,307.45","1,310.00","1,320.55","1,278.00","1,279.45","1,281.30","1,297.76",6084596,7896314988.4,269747.0,3065105.0,50.37
HDFCBANK,EQ,15-Jun-2022,"1,312.00","1,301.65","1,315.80","1,298.40","1,308.45","1,307.45","1,307.49",5905235,7721044050.45,239871.0,3262631.0,55.25
HDFCBANK,EQ,14-Jun-2022,"1,326.60","1,311.25","1,326.00","1,305.00","1,314.00","1,312.00","1,316.04",5935178,7810916645.65,247100.0,3617141.0,60.94
HDFCBANK,EQ,13-Jun-2022,"1,351.10","1,323.60","1,330.00","1,308.30","1,329.00","1,326.60","1,318.54",5446286,7181145207.65,269494.0,3534036.0,64.89
HDFCBANK,EQ,10-Jun-2022,"1,377.70","1,360.10","1,367.95","1,343.60","1,348.75","1,351.10","1,351.94",4577715,6188800152.6,159998.0,2841114.0,62.06
HDFCBANK,EQ,09-Jun-2022,"1,367.40","1,362.25","1,382.05","1,357.15","1,379.60","1,377.70","1,368.42",3655908,5002826094.5,149498.0,1966831.0,53.80
HDFCBANK,EQ,08-Jun-2022,"1,362.60","1,373.30","1,381.00","1,357.00","1,366.00","1,367.40","1,369.67",2993294,4099830912.8,108646.0,1245470.0,41.61
HDFCBANK,EQ,07-Jun-2022,"1,378.45","1,362.00","1,374.30","1,354.10","1,362.15","1,362.60","1,362.41",5126983,6985065721.75,133385.0,3414627.0,66.60
HDFCBANK,EQ,06-Jun-2022,"1,380.30","1,376.30","1,387.00","1,360.65","1,377.00","1,378.45","1,380.25",3086633,4260332744.2,126359.0,1388767.0,44.99
HDFCBANK,EQ,03-Jun-2022,"1,385.10","1,398.30","1,400.75","1,376.30","1,379.00","1,380.30","1,388.75",3478622,4830949975.05,174541.0,1879231.0,54.02
HDFCBANK,EQ,02-Jun-2022,"1,394.85","1,387.25","1,388.00","1,378.60","1,385.20","1,385.10","1,383.53",5737510,7938005254.7,160429.0,3458109.0,60.27
HDFCBANK,EQ,01-Jun-2022,"1,388.95","1,380.00","1,400.45","1,379.15","1,396.10","1,394.85","1,391.06",6045948,8410276065.05,152770.0,3461082.0,57.25
HDFCBANK,EQ,31-May-2022,"1,401.55","1,395.90","1,404.80","1,380.00","1,384.00","1,388.95","1,396.23",6742694,9414334821.1,178695.0,4400633.0,65.27
HDFCBANK,EQ,30-May-2022,"1,392.05","1,410.25","1,420.50","1,398.45","1,401.00","1,401.55","1,409.32",6312337,8896129502.8,191283.0,3770222.0,59.73
HDFCBANK,EQ,27-May-2022,"1,366.70","1,371.80","1,394.70","1,370.75","1,393.40","1,392.05","1,384.20",12015859,16632315263.75,196266.0,8405082.0,69.95
HDFCBANK,EQ,26-May-2022,"1,328.80","1,342.15","1,371.00","1,340.00","1,369.00","1,366.70","1,355.58",13496214,18295260027.75,380760.0,7943634.0,58.86
HDFCBANK,EQ,25-May-2022,"1,318.95","1,330.00","1,335.95","1,323.20","1,327.50","1,328.80","1,329.41",6443556,8566144702.45,212264.0,3860760.0,59.92
HDFCBANK,EQ,24-May-2022,"1,304.00","1,300.00","1,325.00","1,296.90","1,320.00","1,318.95","1,313.26",6435398,8451379583.55,172378.0,3528928.0,54.84
HDFCBANK,EQ,23-May-2022,"1,320.95","1,314.00","1,329.95","1,299.10","1,301.30","1,304.00","1,319.39",9743160,12855045365.5,189598.0,6380092.0,65.48
HDFCBANK,EQ,20-May-2022,"1,287.05","1,303.00","1,324.20","1,292.35","1,323.45","1,320.95","1,311.98",6959675,9130982889.25,168094.0,4013046.0,57.66
HDFCBANK,EQ,19-May-2022,"1,313.90","1,286.20","1,296.40","1,278.30","1,290.45","1,287.05","1,286.32",10268753,13208858469.15,271471.0,6551034.0,63.80
HDFCBANK,EQ,18-May-2022,"1,314.00","1,324.05","1,333.30","1,310.00","1,315.85","1,313.90","1,321.44",7866192,10394668975.65,206774.0,4572201.0,58.12
HDFCBANK,EQ,17-May-2022,"1,305.10","1,312.60","1,317.00","1,298.20","1,316.00","1,314.00","1,309.07",8320722,10892432064.4,204025.0,4812774.0,57.84
HDFCBANK,EQ,16-May-2022,"1,291.35","1,299.00","1,312.00","1,285.30","1,308.00","1,305.10","1,301.12",4902178,6378342592.45,165187.0,2097397.0,42.79
HDFCBANK,EQ,13-May-2022,"1,303.05","1,310.05","1,318.00","1,287.00","1,292.50","1,291.35","1,301.55",8384119,10912331002.7,278869.0,4443428.0,53.00
HDFCBANK,EQ,12-May-2022,"1,348.60","1,321.10","1,326.80","1,293.00","1,302.50","1,303.05","1,307.63",11191145,14633865531.95,411521.0,6836437.0,61.09
HDFCBANK,EQ,11-May-2022,"1,341.05","1,353.00","1,355.00","1,328.65","1,349.45","1,348.60","1,343.69",8551462,11490550846.5,325879.0,4909202.0,57.41
HDFCBANK,EQ,10-May-2022,"1,319.85","1,315.05","1,353.00","1,315.05","1,339.00","1,341.05","1,334.92",10056906,13425132837.95,204894.0,5675153.0,56.43
HDFCBANK,EQ,09-May-2022,"1,317.60","1,300.00","1,326.50","1,295.50","1,321.75","1,319.85","1,305.53",16381217,21386230365.4,315707.0,11437293.0,69.82
HDFCBANK,EQ,06-May-2022,"1,352.95","1,330.00","1,335.00","1,313.00","1,321.05","1,317.60","1,321.98",13365634,17669093791.95,353439.0,8813715.0,65.94
HDFCBANK,EQ,05-May-2022,"1,356.00","1,375.00","1,375.00","1,346.50","1,349.00","1,352.95","1,362.20",8931456,12166464277.3,216825.0,5345763.0,59.85
HDFCBANK,EQ,04-May-2022,"1,403.70","1,400.00","1,403.60","1,350.00","1,358.10","1,356.00","1,376.57",14527958,19998748922.05,323211.0,9319443.0,64.15
HDFCBANK,EQ,02-May-2022,"1,384.60","1,362.05","1,406.45","1,362.05","1,400.25","1,403.70","1,390.41",9747158,13552559643.9,221031.0,6127912.0,62.87
HDFCBANK,EQ,29-Apr-2022,"1,371.35","1,380.35","1,404.75","1,371.55","1,382.00","1,384.60","1,390.53",14200738,19746533797.3,262069.0,8454095.0,59.53
HDFCBANK,EQ,28-Apr-2022,"1,372.55","1,372.00","1,379.00","1,362.10","1,372.50","1,371.35","1,369.11",10386861,14220708700.25,182049.0,7386475.0,71.11
HDFCBANK,EQ,27-Apr-2022,"1,372.05","1,360.00","1,379.00","1,356.10","1,372.00","1,372.55","1,370.67",9027167,12373229228.55,256736.0,5474691.0,60.65
HDFCBANK,EQ,26-Apr-2022,"1,365.75","1,372.00","1,381.95","1,357.15","1,370.45","1,372.05","1,371.84",8508421,11672225925.5,295807.0,4436263.0,52.14
HDFCBANK,EQ,25-Apr-2022,"1,355.60","1,350.00","1,370.65","1,322.25","1,369.95","1,365.75","1,352.50",10467744,14157639113.95,302713.0,5026963.0,48.02
HDFCBANK,EQ,22-Apr-2022,"1,374.35","1,360.00","1,375.35","1,349.15","1,353.35","1,355.60","1,360.90",10329574,14057509231.75,317119.0,5312415.0,51.43
HDFCBANK,EQ,21-Apr-2022,"1,354.30","1,365.00","1,379.80","1,353.30","1,377.70","1,374.35","1,363.26",26223135,35748942819.35,288746.0,20153852.0,76.86
HDFCBANK,EQ,20-Apr-2022,"1,342.20","1,354.45","1,359.90","1,335.35","1,356.00","1,354.30","1,349.57",24662868,33284192237.45,424453.0,16264587.0,65.95
HDFCBANK,EQ,19-Apr-2022,"1,395.45","1,380.90","1,389.55","1,327.00","1,335.00","1,342.20","1,361.49",37048011,50440428788.55,961819.0,24520385.0,66.19
HDFCBANK,EQ,18-Apr-2022,"1,464.95","1,418.85","1,431.65","1,390.05","1,397.50","1,395.45","1,408.02",22810188,32117257835.45,650936.0,16293702.0,71.43
HDFCBANK,EQ,13-Apr-2022,"1,493.50","1,490.00","1,502.30","1,462.65","1,464.00","1,464.95","1,477.78",14446260,21348437343.8,399313.0,9061541.0,62.73
HDFCBANK,EQ,12-Apr-2022,"1,496.15","1,484.00","1,506.85","1,480.15","1,494.90","1,493.50","1,492.32",13717701,20471205729.1,365154.0,9237043.0,67.34
HDFCBANK,EQ,11-Apr-2022,"1,514.65","1,506.00","1,510.00","1,493.25","1,495.40","1,496.15","1,501.19",10399533,15611707406.6,385962.0,6962013.0,66.95
HDFCBANK,EQ,08-Apr-2022,"1,516.75","1,512.10","1,525.75","1,497.30","1,516.55","1,514.65","1,510.81",20628161,31165185145.3,371256.0,13323404.0,64.59
HDFCBANK,EQ,07-Apr-2022,"1,550.85","1,541.30","1,541.35","1,513.70","1,521.00","1,516.75","1,525.08",20390866,31097618185.95,431701.0,14578431.0,71.49
HDFCBANK,EQ,06-Apr-2022,"1,608.25","1,587.70","1,589.80","1,547.35","1,550.50","1,550.85","1,564.33",13513930,21140225559.2,414144.0,7882128.0,58.33
HDFCBANK,EQ,05-Apr-2022,"1,656.80","1,666.70","1,666.70","1,602.00","1,604.95","1,608.25","1,619.67",15461291,25042197750.45,440413.0,6783757.0,43.88
HDFCBANK,EQ,04-Apr-2022,"1,506.00","1,580.00","1,722.10","1,562.55","1,654.10","1,656.80","1,651.17",48725485,80453972718.55,920761.0,19554980.0,40.13
HDFCBANK,EQ,01-Apr-2022,"1,470.35","1,476.40","1,510.00","1,470.30","1,507.50","1,506.00","1,494.73",7284278,10888017388.8,225554.0,4798533.0,65.88
HDFCBANK,EQ,31-Mar-2022,"1,476.95","1,471.00","1,484.70","1,465.90","1,470.00","1,470.35","1,473.98",7147857,10535800362.9,175701.0,3977915.0,55.65
HDFCBANK,EQ,30-Mar-2022,"1,451.80","1,472.00","1,482.75","1,454.05","1,476.00","1,476.95","1,468.52",10054871,14765780325.45,225951.0,7090115.0,70.51
HDFCBANK,EQ,29-Mar-2022,"1,432.80","1,441.00","1,460.25","1,430.00","1,458.00","1,451.80","1,442.08",6188724,8924654172.95,203589.0,3947381.0,63.78
HDFCBANK,EQ,28-Mar-2022,"1,430.90","1,430.90","1,438.00","1,401.60","1,436.00","1,432.80","1,417.35",7877443,11165074398.95,263045.0,4659853.0,59.15
HDFCBANK,EQ,25-Mar-2022,"1,442.65","1,451.00","1,452.00","1,419.00","1,436.80","1,430.90","1,430.95",8183231,11709762372.25,223085.0,5210224.0,63.67
HDFCBANK,EQ,24-Mar-2022,"1,479.25","1,466.00","1,469.65","1,434.55","1,442.90","1,442.65","1,449.15",10080022,14607432713.3,247575.0,5645030.0,56.00
HDFCBANK,EQ,23-Mar-2022,"1,494.15","1,507.00","1,518.80","1,473.60","1,479.15","1,479.25","1,481.70",15594128,23105806046.35,201491.0,12617083.0,80.91
HDFCBANK,EQ,22-Mar-2022,"1,486.50","1,481.30","1,498.00","1,457.20","1,496.80","1,494.15","1,478.67",5230907,7734791215.15,217951.0,2596078.0,49.63
HDFCBANK,EQ,21-Mar-2022,"1,480.05","1,487.00","1,493.65","1,472.80","1,487.40","1,486.50","1,484.44",6128938,9098011072.35,204348.0,4058527.0,66.22
HDFCBANK,EQ,17-Mar-2022,"1,448.15","1,472.00","1,489.80","1,470.55","1,477.95","1,480.05","1,482.21",7411977,10986072825.8,237930.0,4437033.0,59.86
HDFCBANK,EQ,16-Mar-2022,"1,424.00","1,447.00","1,455.00","1,436.20","1,445.95","1,448.15","1,446.50",6682054,9665623348.95,223791.0,4412774.0,66.04
HDFCBANK,EQ,15-Mar-2022,"1,442.55","1,443.50","1,449.50","1,411.75","1,422.00","1,424.00","1,435.02",9433964,13537948637.95,277249.0,6025245.0,63.87
HDFCBANK,EQ,14-Mar-2022,"1,396.80","1,415.00","1,450.00","1,415.00","1,442.25","1,442.55","1,433.68",12509063,17933940554.75,344549.0,7220428.0,57.72
HDFCBANK,EQ,11-Mar-2022,"1,392.70","1,388.00","1,408.95","1,372.70","1,396.00","1,396.80","1,396.47",7575390,10578797843.2,204283.0,4434451.0,58.54
HDFCBANK,EQ,10-Mar-2022,"1,371.15","1,427.00","1,427.00","1,380.25","1,388.90","1,392.70","1,404.82",11136603,15644870615.7,277256.0,5815424.0,52.22
HDFCBANK,EQ,09-Mar-2022,"1,327.80","1,330.00","1,374.70","1,318.85","1,371.05","1,371.15","1,347.62",11567347,15588358448.15,330592.0,7459892.0,64.49
HDFCBANK,EQ,08-Mar-2022,"1,324.80","1,302.20","1,334.00","1,292.00","1,333.00","1,327.80","1,305.18",19606246,25589677980.15,527016.0,11934591.0,60.87
HDFCBANK,EQ,07-Mar-2022,"1,366.50","1,318.50","1,332.35","1,297.05","1,326.00","1,324.80","1,314.70",13527229,17784238071.95,426139.0,8418793.0,62.24
HDFCBANK,EQ,04-Mar-2022,"1,371.00","1,360.00","1,386.00","1,336.90","1,364.95","1,366.50","1,359.66",10609682,14425584670.8,351310.0,7005918.0,66.03
HDFCBANK,EQ,03-Mar-2022,"1,374.25","1,381.00","1,392.00","1,362.90","1,373.35","1,371.00","1,377.34",8763961,12070939839.35,355777.0,5607536.0,63.98
HDFCBANK,EQ,02-Mar-2022,"1,426.25","1,386.50","1,398.40","1,354.40","1,378.55","1,374.25","1,372.96",19252780,26433316653.6,590118.0,13593351.0,70.60
HDFCBANK,EQ,28-Feb-2022,"1,456.10","1,426.00","1,438.55","1,414.05","1,428.80","1,426.25","1,424.95",12440416,17726991025.25,337515.0,9206870.0,74.01
HDFCBANK,EQ,25-Feb-2022,"1,419.40","1,439.95","1,465.90","1,432.85","1,456.30","1,456.10","1,454.62",9159327,13323309790.05,204609.0,6257959.0,68.32
HDFCBANK,EQ,24-Feb-2022,"1,500.90","1,449.90","1,474.95","1,407.15","1,410.20","1,419.40","1,448.27",11815383,17111812498.0,364952.0,7159199.0,60.59
HDFCBANK,EQ,23-Feb-2022,"1,510.70","1,525.10","1,525.70","1,495.65","1,500.00","1,500.90","1,511.14",4514781,6822487865.95,182373.0,2897494.0,64.18
HDFCBANK,EQ,22-Feb-2022,"1,522.10","1,489.80","1,522.10","1,487.95","1,508.00","1,510.70","1,508.83",4768098,7194245650.2,238977.0,2362526.0,49.55
HDFCBANK,EQ,21-Feb-2022,"1,512.35","1,504.00","1,530.70","1,495.55","1,523.45","1,522.10","1,518.53",3734033,5670227018.0,148113.0,1843676.0,49.37
HDFCBANK,EQ,18-Feb-2022,"1,506.50","1,498.30","1,517.00","1,490.45","1,511.00","1,512.35","1,505.99",3898064,5870462943.2,135186.0,2221655.0,56.99
HDFCBANK,EQ,17-Feb-2022,"1,515.75","1,513.10","1,522.00","1,502.00","1,504.45","1,506.50","1,511.79",3675604,5556743520.45,124317.0,1787207.0,48.62
HDFCBANK,EQ,16-Feb-2022,"1,517.80","1,534.35","1,534.75","1,507.00","1,512.50","1,515.75","1,521.07",5016132,7629865425.35,142489.0,2924735.0,58.31
HDFCBANK,EQ,15-Feb-2022,"1,473.70","1,476.00","1,524.90","1,473.05","1,519.45","1,517.80","1,499.93",6567533,9850825873.15,213639.0,4145769.0,63.13
HDFCBANK,EQ,14-Feb-2022,"1,518.85","1,490.00","1,499.45","1,469.30","1,472.00","1,473.70","1,479.38",7328310,10841372315.75,228169.0,5409143.0,73.81
HDFCBANK,EQ,11-Feb-2022,"1,525.10","1,500.25","1,525.00","1,499.50","1,516.00","1,518.85","1,514.35",5355552,8110162062.9,143617.0,3704108.0,69.16
HDFCBANK,EQ,10-Feb-2022,"1,497.60","1,514.00","1,535.50","1,501.65","1,523.60","1,525.10","1,523.34",7157265,10902940455.85,213562.0,4616913.0,64.51
HDFCBANK,EQ,09-Feb-2022,"1,461.85","1,474.00","1,499.70","1,467.00","1,498.40","1,497.60","1,487.26",5654171,8409211754.95,152404.0,3379878.0,59.78
HDFCBANK,EQ,08-Feb-2022,"1,468.15","1,476.40","1,478.45","1,444.55","1,458.00","1,461.85","1,459.69",6990565,10204065680.95,217552.0,4197709.0,60.05
HDFCBANK,EQ,07-Feb-2022,"1,524.00","1,512.10","1,519.00","1,460.00","1,471.05","1,468.15","1,478.57",6134021,9069579092.75,263901.0,3793237.0,61.84
HDFCBANK,EQ,04-Feb-2022,"1,515.35","1,528.40","1,532.85","1,514.10","1,521.10","1,524.00","1,523.56",5789979,8821362879.95,168452.0,3967301.0,68.52
HDFCBANK,EQ,03-Feb-2022,"1,531.20","1,528.75","1,539.95","1,509.00","1,510.40","1,515.35","1,527.81",5282381,8070475923.25,280078.0,3547783.0,67.16
HDFCBANK,EQ,02-Feb-2022,"1,497.00","1,511.95","1,535.00","1,505.60","1,535.00","1,531.20","1,526.26",6984645,10660387041.25,182857.0,4695614.0,67.23
HDFCBANK,EQ,01-Feb-2022,"1,485.70","1,508.50","1,517.00","1,473.45","1,500.00","1,497.00","1,500.43",7369742,11057783148.0,209907.0,3575266.0,48.51
HDFCBANK,EQ,31-Jan-2022,"1,463.25","1,472.75","1,491.55","1,466.80","1,484.55","1,485.70","1,479.18",6421273,9498216296.1,178623.0,3981352.0,62.00
HDFCBANK,EQ,28-Jan-2022,"1,474.95","1,477.50","1,486.70","1,460.00","1,463.25","1,463.25","1,475.50",12462604,18388622965.7,310264.0,9179509.0,73.66
HDFCBANK,EQ,27-Jan-2022,"1,488.05","1,450.00","1,485.00","1,435.00","1,482.00","1,474.95","1,454.91",14308919,20818170830.0,398704.0,9049568.0,63.24
HDFCBANK,EQ,25-Jan-2022,"1,486.65","1,458.65","1,495.00","1,444.00","1,490.25","1,488.05","1,467.17",6797124,9972548095.6,307977.0,3519095.0,51.77
HDFCBANK,EQ,24-Jan-2022,"1,521.60","1,509.95","1,521.25","1,467.55","1,484.60","1,486.65","1,493.60",5934254,8863401561.75,211145.0,3547344.0,59.78
HDFCBANK,EQ,21-Jan-2022,"1,509.00","1,500.00","1,529.80","1,485.60","1,527.70","1,521.60","1,509.69",5768847,8709164177.35,184858.0,3548919.0,61.52
HDFCBANK,EQ,20-Jan-2022,"1,518.45","1,528.45","1,528.50","1,500.10","1,512.00","1,509.00","1,512.74",7598923,11495222004.6,187879.0,5245213.0,69.03
HDFCBANK,EQ,19-Jan-2022,"1,529.25","1,534.00","1,539.75","1,513.35","1,519.10","1,518.45","1,525.22",7158813,10918735959.45,227709.0,4233848.0,59.14
HDFCBANK,EQ,18-Jan-2022,"1,521.50","1,533.00","1,550.90","1,523.00","1,528.10","1,529.25","1,536.97",6170576,9483960773.9,202364.0,2641844.0,42.81
HDFCBANK,EQ,17-Jan-2022,"1,545.15","1,530.00","1,556.00","1,519.15","1,523.50","1,521.50","1,530.58",11494686,17593533649.05,294100.0,7079977.0,61.59
HDFCBANK,EQ,14-Jan-2022,"1,528.00","1,530.00","1,548.70","1,519.00","1,543.80","1,545.15","1,535.22",5604484,8604102722.25,149071.0,3241415.0,57.84
HDFCBANK,EQ,13-Jan-2022,"1,556.65","1,555.00","1,555.00","1,520.40","1,529.00","1,528.00","1,532.69",20981948,32158717522.45,259715.0,13411804.0,63.92
HDFCBANK,EQ,12-Jan-2022,"1,565.90","1,568.00","1,576.65","1,552.00","1,556.15","1,556.65","1,564.75",10542765,16496787237.55,239760.0,8472922.0,80.37
HDFCBANK,EQ,11-Jan-2022,"1,559.15","1,561.55","1,568.70","1,547.80","1,566.00","1,565.90","1,558.68",4194599,6538055144.4,166520.0,2692404.0,64.19
HDFCBANK,EQ,10-Jan-2022,"1,550.55","1,558.00","1,572.00","1,545.50","1,561.00","1,559.15","1,556.89",4428248,6894310964.25,159643.0,2724323.0,61.52
HDFCBANK,EQ,07-Jan-2022,"1,539.75","1,544.00","1,566.75","1,535.90","1,552.75","1,550.55","1,552.05",5589692,8675465609.4,166966.0,3318463.0,59.37
HDFCBANK,EQ,06-Jan-2022,"1,564.85","1,543.00","1,554.75","1,530.05","1,540.00","1,539.75","1,540.71",4814465,7417694108.65,143958.0,2610792.0,54.23
HDFCBANK,EQ,05-Jan-2022,"1,528.55","1,536.80","1,572.00","1,528.10","1,562.10","1,564.85","1,554.91",7166319,11142988763.2,208851.0,4330325.0,60.43
HDFCBANK,EQ,04-Jan-2022,"1,519.65","1,520.00","1,532.90","1,507.80","1,528.05","1,528.55","1,521.68",4428676,6739031718.85,134455.0,2290497.0,51.72
HDFCBANK,EQ,03-Jan-2022,"1,479.40","1,485.00","1,523.00","1,480.50","1,519.80","1,519.65","1,507.81",4534592,6837317353.95,149449.0,2547793.0,56.19
HDFCBANK,EQ,31-Dec-2021,"1,461.50","1,461.50","1,484.80","1,461.50","1,481.00","1,479.40","1,478.42",3162868,4676036651.65,123205.0,2213965.0,70.00
HDFCBANK,EQ,30-Dec-2021,"1,453.85","1,458.50","1,466.85","1,445.00","1,464.00","1,461.50","1,459.33",3607959,5265199026.3,97583.0,2172466.0,60.21
HDFCBANK,EQ,29-Dec-2021,"1,460.80","1,456.05","1,461.00","1,447.40","1,451.00","1,453.85","1,455.12",3834351,5579443240.75,114258.0,2699942.0,70.41
HDFCBANK,EQ,28-Dec-2023,"1,703.30","1,709.30","1,721.40","1,702.00","1,708.85","1,705.25","1,711.26",22038235,37713047859.0,423062.0,15056267.0,68.32
HDFCBANK,EQ,27-Dec-2023,"1,682.45","1,681.50","1,706.50","1,678.60","1,702.10","1,703.30","1,695.87",13504539,22901880536.75,321373.0,9179567.0,67.97
HDFCBANK,EQ,26-Dec-2023,"1,670.85","1,673.25","1,685.95","1,668.55","1,684.10","1,682.45","1,678.46",9022928,15144582177.45,243596.0,5004732.0,55.47
HDFCBANK,EQ,22-Dec-2023,"1,686.70","1,683.60","1,685.90","1,667.10","1,668.70","1,670.85","1,675.74",24289425,40702711527.5,450284.0,17151697.0,70.61
HDFCBANK,EQ,21-Dec-2023,"1,657.00","1,657.00","1,689.75","1,650.25","1,685.00","1,686.70","1,672.87",18294620,30604491502.45,385913.0,10506095.0,57.43
HDFCBANK,EQ,20-Dec-2023,"1,652.90","1,658.00","1,668.95","1,644.45","1,644.75","1,657.00","1,662.23",17116260,28451245154.05,415287.0,11401194.0,66.61
HDFCBANK,EQ,19-Dec-2023,"1,655.70","1,650.00","1,658.65","1,644.05","1,650.50","1,652.90","1,651.23",12004223,19821702426.65,257002.0,6861842.0,57.16
HDFCBANK,EQ,18-Dec-2023,"1,656.55","1,660.70","1,664.70","1,650.95","1,652.50","1,655.70","1,657.78",9007377,14932277614.85,258215.0,5729288.0,63.61
HDFCBANK,EQ,15-Dec-2023,"1,650.15","1,650.00","1,668.00","1,646.60","1,656.05","1,656.55","1,655.35",69418565,114912065107.8,420832.0,49573293.0,71.41
HDFCBANK,EQ,14-Dec-2023,"1,630.90","1,646.00","1,658.95","1,645.00","1,650.45","1,650.15","1,651.03",17586183,29035347300.8,345239.0,12401147.0,70.52
HDFCBANK,EQ,13-Dec-2023,"1,634.60","1,632.45","1,636.00","1,615.10","1,633.80","1,630.90","1,628.14",14673457,23890410498.9,352315.0,7926681.0,54.02
HDFCBANK,EQ,12-Dec-2023,"1,651.00","1,654.20","1,656.25","1,631.85","1,634.45","1,634.60","1,645.41",18290738,30095821186.8,386854.0,12547290.0,68.60
HDFCBANK,EQ,11-Dec-2023,"1,653.20","1,650.05","1,663.70","1,647.00","1,650.00","1,651.00","1,653.00",11593810,19164609234.9,376768.0,8095762.0,69.83
HDFCBANK,EQ,08-Dec-2023,"1,630.45","1,630.45","1,655.00","1,630.45","1,653.00","1,653.20","1,648.92",16864019,27807418190.95,372167.0,12503238.0,74.14
HDFCBANK,EQ,07-Dec-2023,"1,627.80","1,625.00","1,634.00","1,616.20","1,630.50","1,630.45","1,628.48",10225193,16651513307.4,219921.0,6993493.0,68.39
HDFCBANK,EQ,06-Dec-2023,"1,623.70","1,638.45","1,638.45","1,616.65","1,626.30","1,627.80","1,627.41",19306530,31419573681.05,340998.0,11206777.0,58.05
HDFCBANK,EQ,05-Dec-2023,"1,609.40","1,636.50","1,639.00","1,616.50","1,622.00","1,623.70","1,626.07",26115410,42465536275.85,397106.0,15152680.0,58.02
HDFCBANK,EQ,04-Dec-2023,"1,555.40","1,588.00","1,612.00","1,573.65","1,609.15","1,609.40","1,592.26",25331228,40333820531.2,441679.0,18992621.0,74.98
HDFCBANK,EQ,01-Dec-2023,"1,558.80","1,557.90","1,565.75","1,552.10","1,552.35","1,555.40","1,559.16",11076768,17270479586.7,299721.0,7816765.0,70.57
HDFCBANK,EQ,30-Nov-2023,"1,559.15","1,569.15","1,572.45","1,542.15","1,556.60","1,558.80","1,555.55",34745720,54048690749.35,352886.0,24127159.0,69.44
HDFCBANK,EQ,29-Nov-2023,"1,528.65","1,533.90","1,563.00","1,533.00","1,560.30","1,559.15","1,547.46",17021244,26339738845.55,314977.0,12573984.0,73.87
HDFCBANK,EQ,28-Nov-2023,"1,532.10","1,535.20","1,537.25","1,525.80","1,530.95","1,528.65","1,531.88",14244669,21821167498.85,254566.0,10373959.0,72.83
HDFCBANK,EQ,24-Nov-2023,"1,521.30","1,521.20","1,533.15","1,519.85","1,531.40","1,532.10","1,529.01",8234596,12590757692.8,191494.0,5771108.0,70.08
HDFCBANK,EQ,23-Nov-2023,"1,512.55","1,508.50","1,523.85","1,508.50","1,521.70","1,521.30","1,519.21",6523110,9909995976.95,170796.0,3834686.0,58.79
HDFCBANK,EQ,22-Nov-2023,"1,517.95","1,520.00","1,520.00","1,503.55","1,512.90","1,512.55","1,513.24",14561825,22035595098.85,261084.0,4991663.0,34.28
HDFCBANK,EQ,21-Nov-2023,"1,505.20","1,519.00","1,522.00","1,512.10","1,518.25","1,517.95","1,517.79",12479986,18941939824.75,291918.0,7556905.0,60.55
HDFCBANK,EQ,20-Nov-2023,"1,505.10","1,513.00","1,513.00","1,501.55","1,505.90","1,505.20","1,505.46",9665726,14551379677.65,200480.0,5702845.0,59.00
HDFCBANK,EQ,17-Nov-2023,"1,508.35","1,490.00","1,507.50","1,489.00","1,505.00","1,505.10","1,502.48",11850937,17805835559.3,298602.0,7924052.0,66.86
HDFCBANK,EQ,16-Nov-2023,"1,504.40","1,509.70","1,519.00","1,503.75","1,508.00","1,508.35","1,511.01",14856919,22449002896.9,270257.0,9211530.0,62.00
HDFCBANK,EQ,15-Nov-2023,"1,488.80","1,504.10","1,510.95","1,500.55","1,504.80","1,504.40","1,505.70",20622730,31051566881.5,331586.0,11254599.0,54.57
HDFCBANK,EQ,13-Nov-2023,"1,500.00","1,492.10","1,495.95","1,485.90","1,489.00","1,488.80","1,490.72",10302957,15358848457.45,318892.0,5382293.0,52.24
HDFCBANK,EQ,12-Nov-2023,"1,491.50","1,500.00","1,502.00","1,496.15","1,499.00","1,500.00","1,499.50",1975463,2962207492.65,85801.0,772458.0,39.10
HDFCBANK,EQ,10-Nov-2023,"1,485.65","1,480.10","1,496.00","1,480.05","1,495.00","1,491.50","1,486.67",7007593,10417971067.75,181055.0,3924576.0,56.00
HDFCBANK,EQ,09-Nov-2023,"1,491.55","1,486.00","1,492.60","1,483.50","1,486.50","1,485.65","1,487.69",11058370,16451404289.6,281527.0,6263802.0,56.64
HDFCBANK,EQ,08-Nov-2023,"1,487.25","1,483.95","1,493.45","1,481.00","1,491.80","1,491.55","1,489.03",15699773,23377406572.3,499216.0,6062315.0,38.61
HDFCBANK,EQ,07-Nov-2023,"1,494.50","1,494.00","1,494.00","1,477.20","1,490.00","1,487.25","1,484.48",20976424,31139051244.05,585794.0,9347401.0,44.56
HDFCBANK,EQ,06-Nov-2023,"1,483.75","1,498.00","1,498.00","1,483.00","1,493.80","1,494.50","1,488.25",12796865,19044945751.7,386836.0,9045785.0,70.69
HDFCBANK,EQ,03-Nov-2023,"1,476.75","1,488.00","1,491.40","1,481.65","1,484.50","1,483.75","1,487.25",9047670,13456152900.7,226806.0,5928328.0,65.52
HDFCBANK,EQ,02-Nov-2023,"1,474.50","1,485.00","1,490.50","1,467.15","1,478.70","1,476.75","1,472.27",22612577,33291873290.7,260964.0,15705946.0,69.46
HDFCBANK,EQ,01-Nov-2023,"1,476.50","1,462.25","1,477.45","1,462.25","1,477.00","1,474.50","1,469.20",16938733,24886425534.8,340052.0,7038967.0,41.56
HDFCBANK,EQ,31-Oct-2023,"1,485.10","1,504.00","1,504.00","1,474.00","1,475.00","1,476.50","1,482.03",16317412,24182840370.9,422644.0,7350202.0,45.05
HDFCBANK,EQ,30-Oct-2023,"1,469.15","1,463.25","1,489.95","1,461.90","1,487.85","1,485.10","1,479.49",11655491,17244138134.55,269734.0,7157538.0,61.41
HDFCBANK,EQ,27-Oct-2023,"1,463.40","1,469.50","1,478.00","1,466.90","1,472.55","1,469.15","1,470.94",15970266,23491378766.1,283464.0,11120498.0,69.63
HDFCBANK,EQ,26-Oct-2023,"1,496.50","1,491.25","1,492.00","1,460.25","1,462.45","1,463.40","1,469.55",27780899,40825480054.7,624140.0,16371972.0,58.93
HDFCBANK,EQ,25-Oct-2023,"1,506.05","1,521.00","1,522.80","1,491.45","1,494.20","1,496.50","1,505.86",14155998,21316945153.1,372043.0,10078087.0,71.19
HDFCBANK,EQ,23-Oct-2023,"1,522.80","1,523.50","1,528.75","1,500.10","1,507.00","1,506.05","1,520.08",11188068,17006738603.7,249005.0,6365030.0,56.89
HDFCBANK,EQ,20-Oct-2023,"1,514.95","1,505.00","1,527.00","1,505.00","1,523.40","1,522.80","1,519.35",10547005,16024569217.4,267376.0,6903339.0,65.45
HDFCBANK,EQ,19-Oct-2023,"1,519.75","1,505.40","1,526.25","1,503.20","1,514.50","1,514.95","1,516.62",15126182,22940629736.4,331067.0,9183556.0,60.71
HDFCBANK,EQ,18-Oct-2023,"1,541.20","1,541.20","1,541.20","1,518.10","1,519.00","1,519.75","1,524.62",15608100,23796358906.9,342915.0,9049826.0,57.98
HDFCBANK,EQ,17-Oct-2023,"1,529.60","1,555.75","1,555.75","1,535.00","1,542.50","1,541.20","1,542.46",16451279,25375468422.15,382090.0,9911443.0,60.25
HDFCBANK,EQ,16-Oct-2023,"1,535.75","1,531.50","1,534.45","1,520.50","1,532.00","1,529.60","1,529.19",8928042,13652681917.0,223477.0,5332772.0,59.73
HDFCBANK,EQ,13-Oct-2023,"1,549.85","1,540.00","1,548.80","1,529.95","1,533.50","1,535.75","1,539.45",19872650,30592884042.2,256367.0,13887161.0,69.88
HDFCBANK,EQ,12-Oct-2023,"1,539.60","1,536.10","1,552.00","1,531.60","1,548.00","1,549.85","1,541.66",11012668,16977844444.8,239200.0,7092056.0,64.40
HDFCBANK,EQ,11-Oct-2023,"1,524.85","1,530.10","1,542.15","1,528.50","1,542.00","1,539.60","1,534.92",15666680,24047140129.1,282864.0,9531878.0,60.84
HDFCBANK,EQ,10-Oct-2023,"1,516.25","1,520.55","1,529.00","1,515.20","1,526.00","1,524.85","1,523.15",16633146,25334854412.75,375460.0,10296948.0,61.91
HDFCBANK,EQ,09-Oct-2023,"1,534.05","1,528.00","1,530.00","1,512.00","1,516.00","1,516.25","1,517.69",8227486,12486790439.8,219643.0,5637607.0,68.52
HDFCBANK,EQ,06-Oct-2023,"1,535.75","1,544.00","1,545.00","1,529.85","1,535.00","1,534.05","1,539.10",8879678,13666672813.35,221516.0,5938403.0,66.88
HDFCBANK,EQ,05-Oct-2023,"1,529.55","1,535.05","1,551.55","1,532.60","1,535.85","1,535.75","1,540.76",24256337,37373176644.2,360029.0,17451398.0,71.95
HDFCBANK,EQ,04-Oct-2023,"1,508.05","1,495.00","1,535.00","1,489.25","1,532.00","1,529.55","1,519.36",27324715,41515975722.85,465424.0,15548264.0,56.90
HDFCBANK,EQ,03-Oct-2023,"1,526.30","1,527.00","1,527.00","1,506.00","1,508.00","1,508.05","1,511.94",19485847,29461459601.05,466405.0,12869902.0,66.05
HDFCBANK,EQ,29-Sep-2023,"1,523.70","1,523.70","1,535.45","1,522.30","1,525.85","1,526.30","1,529.20",16026891,24508375856.5,274764.0,9339695.0,58.28
HDFCBANK,EQ,28-Sep-2023,"1,526.85","1,534.00","1,537.60","1,518.35","1,518.40","1,523.70","1,526.61",27677094,42252070128.65,324684.0,13638761.0,49.28
HDFCBANK,EQ,27-Sep-2023,"1,537.65","1,523.00","1,532.50","1,515.00","1,527.45","1,526.85","1,524.39",19669269,29983598526.15,384553.0,13595388.0,69.12
HDFCBANK,EQ,26-Sep-2023,"1,531.00","1,525.00","1,540.00","1,525.00","1,538.00","1,537.65","1,535.23",13787654,21167197917.55,303026.0,7908660.0,57.36
HDFCBANK,EQ,25-Sep-2023,"1,529.65","1,525.00","1,540.70","1,525.00","1,528.90","1,531.00","1,533.28",20104377,30825720275.3,338863.0,14295701.0,71.11
HDFCBANK,EQ,22-Sep-2023,"1,553.35","1,559.00","1,564.40","1,523.75","1,530.20","1,529.65","1,544.59",30852125,47653955740.5,548206.0,20433576.0,66.23
HDFCBANK,EQ,21-Sep-2023,"1,563.70","1,553.00","1,568.95","1,537.05","1,554.50","1,553.35","1,555.34",36420721,56646657569.55,614240.0,20439570.0,56.12
HDFCBANK,EQ,20-Sep-2023,"1,629.05","1,599.00","1,599.00","1,560.40","1,566.00","1,563.70","1,570.63",57737324,90684080075.6,977717.0,35268822.0,61.08
HDFCBANK,EQ,18-Sep-2023,"1,661.75","1,653.75","1,655.00","1,626.10","1,629.65","1,629.05","1,636.50",18528144,30321224693.3,292658.0,7632991.0,41.20
HDFCBANK,EQ,15-Sep-2023,"1,642.90","1,650.00","1,670.00","1,650.00","1,657.00","1,661.75","1,660.63",86705601,143986131583.85,485971.0,62176243.0,71.71
HDFCBANK,EQ,14-Sep-2023,"1,643.90","1,644.25","1,650.00","1,635.10","1,643.00","1,642.90","1,642.38",11769424,19329882409.25,269108.0,4594361.0,39.04
HDFCBANK,EQ,13-Sep-2023,"1,636.90","1,631.30","1,651.60","1,628.60","1,641.60","1,643.90","1,643.76",23210047,38151741645.9,353522.0,10913856.0,47.02
HDFCBANK,EQ,12-Sep-2023,"1,631.80","1,640.00","1,642.90","1,625.05","1,636.00","1,636.90","1,635.47",19516670,31918959857.45,310906.0,8420128.0,43.14
HDFCBANK,EQ,11-Sep-2023,"1,623.40","1,628.90","1,636.50","1,624.00","1,633.00","1,631.80","1,631.32",15786511,25752884037.25,290843.0,11794625.0,74.71
HDFCBANK,EQ,08-Sep-2023,"1,610.85","1,608.30","1,632.90","1,607.60","1,623.20","1,623.40","1,619.68",17251105,27941256455.4,263597.0,7088173.0,41.09
HDFCBANK,EQ,07-Sep-2023,"1,595.50","1,595.50","1,614.00","1,587.15","1,611.00","1,610.85","1,601.67",17104171,27395255131.15,282493.0,6302758.0,36.85
HDFCBANK,EQ,06-Sep-2023,"1,574.90","1,576.80","1,600.00","1,574.90","1,599.00","1,595.50","1,588.41",28160455,44730393184.3,394705.0,10222093.0,36.30
HDFCBANK,EQ,05-Sep-2023,"1,584.55","1,588.40","1,588.40","1,570.60","1,575.00","1,574.90","1,576.27",19356041,30510314620.1,407651.0,7319213.0,37.81
HDFCBANK,EQ,04-Sep-2023,"1,574.70","1,590.00","1,591.45","1,574.90","1,584.50","1,584.55","1,582.03",12536819,19833666505.3,236702.0,6878890.0,54.87
HDFCBANK,EQ,01-Sep-2023,"1,571.45","1,571.00","1,579.00","1,559.35","1,573.75","1,574.70","1,569.33",21613388,33918508405.3,450304.0,11712682.0,54.19
HDFCBANK,EQ,31-Aug-2023,"1,578.70","1,579.00","1,583.15","1,563.10","1,577.00","1,571.45","1,570.99",50037886,78608931136.2,419748.0,27344438.0,54.65
HDFCBANK,EQ,30-Aug-2023,"1,590.30","1,603.95","1,603.95","1,573.70","1,579.00","1,578.70","1,589.56",14042102,22320781696.1,297743.0,7465190.0,53.16
HDFCBANK,EQ,29-Aug-2023,"1,577.75","1,589.70","1,592.65","1,581.45","1,591.25","1,590.30","1,588.37",17769466,28224420149.05,341561.0,9226802.0,51.93
HDFCBANK,EQ,28-Aug-2023,"1,561.50","1,561.50","1,582.65","1,561.50","1,578.00","1,577.75","1,574.43",14433619,22724692200.7,289068.0,8043360.0,55.73
HDFCBANK,EQ,25-Aug-2023,"1,579.30","1,574.55","1,577.50","1,558.40","1,559.20","1,561.50","1,564.93",15034878,23528489943.8,350735.0,8764737.0,58.30
HDFCBANK,EQ,24-Aug-2023,"1,586.60","1,593.30","1,596.20","1,576.15","1,579.60","1,579.30","1,583.60",21572896,34162775004.65,397769.0,7352169.0,34.08
HDFCBANK,EQ,23-Aug-2023,"1,582.70","1,580.00","1,590.55","1,573.25","1,588.50","1,586.60","1,581.99",18249294,28870123207.45,329674.0,10307529.0,56.48
HDFCBANK,EQ,22-Aug-2023,"1,589.50","1,596.35","1,598.00","1,580.00","1,581.45","1,582.70","1,588.09",16136785,25626713594.35,420291.0,6803467.0,42.16
HDFCBANK,EQ,21-Aug-2023,"1,590.75","1,600.50","1,600.50","1,587.00","1,587.80","1,589.50","1,593.07",10918635,17394109160.45,241780.0,4967663.0,45.50
HDFCBANK,EQ,18-Aug-2023,"1,597.30","1,587.55","1,596.30","1,585.50","1,588.70","1,590.75","1,590.59",12816683,20386133002.3,282239.0,5830172.0,45.49
HDFCBANK,EQ,17-Aug-2023,"1,606.20","1,597.60","1,609.90","1,594.00","1,595.00","1,597.30","1,600.21",26442020,42312860300.1,400922.0,9405436.0,35.57
HDFCBANK,EQ,16-Aug-2023,"1,610.90","1,583.10","1,609.65","1,581.30","1,604.35","1,606.20","1,596.67",17068771,27253151750.9,300850.0,7482636.0,43.84
HDFCBANK,EQ,14-Aug-2023,"1,618.80","1,611.00","1,615.00","1,600.25","1,608.50","1,610.90","1,608.96",15652205,25183794816.5,349385.0,6296942.0,40.23
HDFCBANK,EQ,11-Aug-2023,"1,635.85","1,638.40","1,638.40","1,616.20","1,620.90","1,618.80","1,625.76",14112911,22944247784.1,271050.0,5968867.0,42.29
HDFCBANK,EQ,10-Aug-2023,"1,650.50","1,647.05","1,654.25","1,631.00","1,638.00","1,635.85","1,638.99",25390559,41614959546.45,332263.0,6835898.0,26.92
HDFCBANK,EQ,09-Aug-2023,"1,649.90","1,653.00","1,654.50","1,631.10","1,652.70","1,650.50","1,640.24",16680618,27360230365.0,228397.0,5546894.0,33.25
HDFCBANK,EQ,08-Aug-2023,"1,651.25","1,651.70","1,655.60","1,642.05","1,649.00","1,649.90","1,650.13",21886914,36116274511.3,300979.0,7401918.0,33.82
HDFCBANK,EQ,07-Aug-2023,"1,652.20","1,663.10","1,663.10","1,647.55","1,651.00","1,651.25","1,653.09",14150459,23391943678.55,256889.0,5647029.0,39.91
HDFCBANK,EQ,04-Aug-2023,"1,628.65","1,635.15","1,656.50","1,629.25","1,652.85","1,652.20","1,641.73",18694152,30690712012.15,310206.0,5785079.0,30.95
HDFCBANK,EQ,03-Aug-2023,"1,640.50","1,640.00","1,651.35","1,623.00","1,632.60","1,628.65","1,633.08",28836973,47093113412.85,439722.0,9606761.0,33.31
HDFCBANK,EQ,02-Aug-2023,"1,662.25","1,642.00","1,651.50","1,633.15","1,641.90","1,640.50","1,644.34",14058161,23116346478.45,380609.0,6588171.0,46.86
HDFCBANK,EQ,01-Aug-2023,"1,651.20","1,654.45","1,667.45","1,650.00","1,660.00","1,662.25","1,659.39",17697094,29366453399.3,385496.0,5758362.0,32.54
HDFCBANK,EQ,31-Jul-2023,"1,643.50","1,650.05","1,656.80","1,638.70","1,650.00","1,651.20","1,649.01",17282503,28499054865.3,434555.0,9457401.0,54.72
HDFCBANK,EQ,28-Jul-2023,"1,673.15","1,661.50","1,668.90","1,641.10","1,642.90","1,643.50","1,649.58",20507842,33829321793.55,422378.0,13510158.0,65.88
HDFCBANK,EQ,27-Jul-2023,"1,690.70","1,699.90","1,703.00","1,667.45","1,676.95","1,673.15","1,681.08",29870651,50214860523.75,506283.0,14226217.0,47.63
HDFCBANK,EQ,26-Jul-2023,"1,696.60","1,699.60","1,699.60","1,688.00","1,689.30","1,690.70","1,692.97",12397179,20988022760.35,251108.0,5793581.0,46.73
HDFCBANK,EQ,25-Jul-2023,"1,678.40","1,684.65","1,699.00","1,678.40","1,694.55","1,696.60","1,692.19",27996298,47375021905.75,534396.0,10139007.0,36.22
HDFCBANK,EQ,24-Jul-2023,"1,675.75","1,678.50","1,684.65","1,670.10","1,679.50","1,678.40","1,677.75",16089722,26994570123.7,296190.0,9094607.0,56.52
HDFCBANK,EQ,21-Jul-2023,"1,688.75","1,680.00","1,689.80","1,673.25","1,677.75","1,675.75","1,680.80",21077124,35426465573.7,337174.0,11344016.0,53.82
HDFCBANK,EQ,20-Jul-2023,"1,685.10","1,681.15","1,692.00","1,680.00","1,688.90","1,688.75","1,686.08",28105474,47388096303.3,433278.0,13178804.0,46.89
HDFCBANK,EQ,19-Jul-2023,"1,677.50","1,681.10","1,688.75","1,675.00","1,684.75","1,685.10","1,682.45",16467567,27705915264.2,427479.0,6304659.0,38.29
HDFCBANK,EQ,18-Jul-2023,"1,678.90","1,698.00","1,704.00","1,670.00","1,678.00","1,677.50","1,683.83",40538409,68259872564.3,704526.0,16599436.0,40.95
HDFCBANK,EQ,17-Jul-2023,"1,644.50","1,650.00","1,682.00","1,633.00","1,678.35","1,678.90","1,660.51",24626464,40892507962.1,435163.0,9984310.0,40.54
HDFCBANK,EQ,14-Jul-2023,"1,641.10","1,653.60","1,653.60","1,635.00","1,645.60","1,644.50","1,642.71",12363607,20309876686.3,462491.0,6276284.0,50.76
HDFCBANK,EQ,13-Jul-2023,"1,632.95","1,656.70","1,657.45","1,638.05","1,644.55","1,641.10","1,648.62",20956773,34549848532.65,432632.0,5498771.0,26.24
HDFCBANK,EQ,12-Jul-2023,"1,648.40","1,655.35","1,666.30","1,627.15","1,636.00","1,632.95","1,643.87",35479179,58323200837.3,498866.0,20020165.0,56.43
HDFCBANK,EQ,11-Jul-2023,"1,656.45","1,663.00","1,676.00","1,645.50","1,650.00","1,648.40","1,664.90",25335213,42180475745.65,379237.0,7417565.0,29.28
HDFCBANK,EQ,10-Jul-2023,"1,660.40","1,661.00","1,676.75","1,649.70","1,658.00","1,656.45","1,659.09",19199221,31853162737.15,317755.0,3919467.0,20.41
HDFCBANK,EQ,07-Jul-2023,"1,675.00","1,665.00","1,675.00","1,656.30","1,659.90","1,660.40","1,663.54",9963168,16574155973.95,320533.0,3863511.0,38.78
HDFCBANK,EQ,06-Jul-2023,"1,673.30","1,673.00","1,687.85","1,660.40","1,674.80","1,675.00","1,674.63",26078272,43671547685.5,377109.0,7930745.0,30.41
HDFCBANK,EQ,05-Jul-2023,"1,728.20","1,716.25","1,720.00","1,668.55","1,676.60","1,673.30","1,681.63",18582877,31249528816.15,477385.0,9431298.0,50.75
HDFCBANK,EQ,04-Jul-2023,"1,719.80","1,723.45","1,747.00","1,713.80","1,725.00","1,728.20","1,731.04",19397594,33577954092.4,379487.0,7795269.0,40.19
HDFCBANK,EQ,03-Jul-2023,"1,701.40","1,712.50","1,757.50","1,710.00","1,721.00","1,719.80","1,733.31",22052058,38223161666.5,540520.0,11512012.0,52.20
HDFCBANK,EQ,30-Jun-2023,"1,676.15","1,704.00","1,708.80","1,683.25","1,700.75","1,701.40","1,698.70",20349508,34567675938.75,326058.0,14789780.0,72.68
HDFCBANK,EQ,28-Jun-2023,"1,658.60","1,670.00","1,679.90","1,660.50","1,673.10","1,676.15","1,673.30",29781475,49833244547.95,439006.0,16887785.0,56.71
HDFCBANK,EQ,27-Jun-2023,"1,635.55","1,642.95","1,672.90","1,638.55","1,658.25","1,658.60","1,654.06",16915932,27979920820.4,314003.0,8517518.0,50.35
HDFCBANK,EQ,26-Jun-2023,"1,643.50","1,645.00","1,650.75","1,628.70","1,635.70","1,635.55","1,637.33",8065157,13205320442.4,199872.0,4328332.0,53.67
HDFCBANK,EQ,23-Jun-2023,"1,643.60","1,637.55","1,659.90","1,634.05","1,642.90","1,643.50","1,649.49",10669609,17599409604.4,248242.0,4758035.0,44.59
HDFCBANK,EQ,22-Jun-2023,"1,635.60","1,640.00","1,657.55","1,639.05","1,644.80","1,643.60","1,646.70",28298070,46598524688.1,367511.0,10015810.0,35.39
HDFCBANK,EQ,21-Jun-2023,"1,607.50","1,616.00","1,637.25","1,611.00","1,635.55","1,635.60","1,628.22",12154473,19790144100.5,276058.0,5696387.0,46.87
HDFCBANK,EQ,20-Jun-2023,"1,604.15","1,604.15","1,611.00","1,590.65","1,609.40","1,607.50","1,599.68",10002813,16001291895.2,287119.0,4273291.0,42.72
HDFCBANK,EQ,19-Jun-2023,"1,602.75","1,611.00","1,614.25","1,598.35","1,604.90","1,604.15","1,606.00",12414573,19937759557.1,162051.0,4383742.0,35.31
HDFCBANK,EQ,16-Jun-2023,"1,582.05","1,587.15","1,609.20","1,584.00","1,602.50","1,602.75","1,598.25",7889636,12609594950.0,181546.0,4248458.0,53.85
HDFCBANK,EQ,15-Jun-2023,"1,601.75","1,604.00","1,605.95","1,579.00","1,580.55","1,582.05","1,590.41",17688738,28132406376.2,271848.0,5965872.0,33.73
HDFCBANK,EQ,14-Jun-2023,"1,603.50","1,610.45","1,612.00","1,600.20","1,601.75","1,601.75","1,606.76",10056984,16159116681.25,174004.0,4418111.0,43.93
HDFCBANK,EQ,13-Jun-2023,"1,600.80","1,590.10","1,609.00","1,590.10","1,607.95","1,603.50","1,602.57",13963054,22376805987.05,184386.0,6179907.0,44.26
HDFCBANK,EQ,12-Jun-2023,"1,610.60","1,612.55","1,615.80","1,599.45","1,600.90","1,600.80","1,604.34",6704146,10755748258.6,156138.0,3188691.0,47.56
HDFCBANK,EQ,09-Jun-2023,"1,608.70","1,615.90","1,618.50","1,607.00","1,609.50","1,610.60","1,613.79",9106289,14695639541.25,185235.0,2948383.0,32.38
HDFCBANK,EQ,08-Jun-2023,"1,607.70","1,603.25","1,626.00","1,603.25","1,608.35","1,608.70","1,617.05",18697761,30235256021.3,268888.0,5330369.0,28.51
HDFCBANK,EQ,07-Jun-2023,"1,599.40","1,603.45","1,612.55","1,596.00","1,611.50","1,607.70","1,602.11",12474513,19985540209.25,176230.0,3934644.0,31.54
HDFCBANK,EQ,06-Jun-2023,"1,604.40","1,607.65","1,609.85","1,592.25","1,605.00","1,599.40","1,598.09",16091426,25715616381.45,233706.0,5098265.0,31.68
HDFCBANK,EQ,05-Jun-2023,"1,606.50","1,614.50","1,616.50","1,602.45","1,604.05","1,604.40","1,610.46",9348621,15055621088.8,153663.0,2890771.0,30.92
HDFCBANK,EQ,02-Jun-2023,"1,604.00","1,612.45","1,614.80","1,601.00","1,605.50","1,606.50","1,607.62",8929855,14355801663.75,316938.0,3288557.0,36.83
HDFCBANK,EQ,01-Jun-2023,"1,610.85","1,619.90","1,619.90","1,600.00","1,601.00","1,604.00","1,612.23",25183469,40601423757.55,282772.0,5495345.0,21.82
HDFCBANK,EQ,31-May-2023,"1,636.75","1,629.90","1,634.95","1,604.65","1,611.20","1,610.85","1,613.25",21667135,34954511959.6,291055.0,6642898.0,30.66
HDFCBANK,EQ,30-May-2023,"1,635.50","1,633.60","1,642.65","1,628.55","1,640.80","1,636.75","1,633.96",18562964,30331162063.85,264829.0,3453800.0,18.61
HDFCBANK,EQ,29-May-2023,"1,615.80","1,628.50","1,641.00","1,624.85","1,630.00","1,635.50","1,636.20",10908146,17847915681.45,207071.0,3151605.0,28.89
HDFCBANK,EQ,26-May-2023,"1,609.60","1,619.00","1,619.00","1,602.25","1,617.00","1,615.80","1,611.17",13317533,21456849112.15,247378.0,5658462.0,42.49
HDFCBANK,EQ,25-May-2023,"1,615.80","1,615.70","1,620.05","1,597.35","1,613.35","1,609.60","1,606.52",14888465,23918572885.9,318672.0,4945842.0,33.22
HDFCBANK,EQ,24-May-2023,"1,637.20","1,627.55","1,634.75","1,613.60","1,615.00","1,615.80","1,624.67",16794056,27284871539.45,298545.0,5875912.0,34.99
HDFCBANK,EQ,23-May-2023,"1,641.05","1,649.00","1,649.60","1,633.45","1,634.05","1,637.20","1,641.32",11235037,18440300706.25,198675.0,2142827.0,19.07
HDFCBANK,EQ,22-May-2023,"1,646.90","1,645.00","1,652.90","1,632.70","1,638.45","1,641.05","1,641.70",14167016,23257923466.55,204936.0,2896707.0,20.45
HDFCBANK,EQ,19-May-2023,"1,645.00","1,648.00","1,650.00","1,631.55","1,646.50","1,646.90","1,641.50",15230166,25000335648.35,197258.0,3531945.0,23.19
HDFCBANK,EQ,18-May-2023,"1,638.45","1,648.00","1,653.95","1,640.00","1,644.50","1,645.00","1,646.05",24823471,40860559448.95,278185.0,4876002.0,19.64
HDFCBANK,EQ,17-May-2023,"1,647.30","1,650.00","1,650.00","1,625.35","1,640.85","1,638.45","1,638.82",15233434,24964917751.7,224112.0,3209871.0,21.07
HDFCBANK,EQ,16-May-2023,"1,675.80","1,671.80","1,671.80","1,644.00","1,646.00","1,647.30","1,654.31",16361043,27066315642.35,236552.0,4693548.0,28.69
HDFCBANK,EQ,15-May-2023,"1,667.80","1,672.00","1,680.75","1,665.10","1,677.00","1,675.80","1,676.61",9256130,15518920431.5,204219.0,3246381.0,35.07
HDFCBANK,EQ,12-May-2023,"1,653.20","1,647.00","1,672.80","1,644.25","1,667.95","1,667.80","1,662.68",11239380,18687507675.25,200542.0,3011860.0,26.80
HDFCBANK,EQ,11-May-2023,"1,652.10","1,665.15","1,688.00","1,649.25","1,655.00","1,653.20","1,656.04",17867309,29588945347.95,219658.0,3988602.0,22.32
HDFCBANK,EQ,10-May-2023,"1,644.50","1,644.50","1,654.65","1,633.10","1,652.30","1,652.10","1,644.49",23170275,38103310084.95,228151.0,5086170.0,21.95
HDFCBANK,EQ,09-May-2023,"1,644.45","1,649.90","1,656.00","1,639.95","1,642.75","1,644.50","1,649.29",21844469,36027943472.75,270463.0,5728006.0,26.22
HDFCBANK,EQ,08-May-2023,"1,625.65","1,635.00","1,650.35","1,630.00","1,646.75","1,644.45","1,645.52",18622262,30643251208.65,240839.0,4862261.0,26.11
HDFCBANK,EQ,05-May-2023,"1,727.80","1,639.00","1,660.95","1,622.10","1,626.95","1,625.65","1,640.31",31385208,51481396583.7,697018.0,17089608.0,54.45
HDFCBANK,EQ,04-May-2023,"1,693.15","1,687.10","1,734.45","1,687.10","1,729.00","1,727.80","1,712.72",28427319,48687968070.25,255713.0,6563905.0,23.09
HDFCBANK,EQ,03-May-2023,"1,687.25","1,684.95","1,696.00","1,679.65","1,693.95","1,693.15","1,687.29",14703635,24809269719.05,176478.0,2987497.0,20.32
HDFCBANK,EQ,02-May-2023,"1,687.60","1,688.70","1,699.00","1,682.00","1,682.90","1,687.25","1,692.45",16110592,27266377374.55,185905.0,3444446.0,21.38
HDFCBANK,EQ,28-Apr-2023,"1,681.00","1,684.70","1,691.00","1,670.00","1,687.15","1,687.60","1,678.51",13958136,23428939295.55,182365.0,3410418.0,24.43
HDFCBANK,EQ,27-Apr-2023,"1,671.80","1,670.50","1,685.25","1,665.85","1,680.00","1,681.00","1,673.65",23895196,39992303899.7,258905.0,4254912.0,17.81
HDFCBANK,EQ,26-Apr-2023,"1,664.15","1,660.00","1,675.00","1,655.00","1,675.00","1,671.80","1,666.08",13696375,22819300576.9,184866.0,4028705.0,29.41
HDFCBANK,EQ,25-Apr-2023,"1,688.15","1,687.70","1,687.70","1,661.90","1,663.60","1,664.15","1,671.96",25176534,42094115747.5,230940.0,7869001.0,31.26
HDFCBANK,EQ,24-Apr-2023,"1,674.60","1,687.00","1,691.45","1,674.10","1,689.50","1,688.15","1,681.20",17837926,29989117787.95,181877.0,6644555.0,37.25
HDFCBANK,EQ,21-Apr-2023,"1,671.90","1,669.00","1,676.95","1,663.25","1,672.00","1,674.60","1,670.10",10064309,16808390125.1,159632.0,3768485.0,37.44
HDFCBANK,EQ,20-Apr-2023,"1,665.70","1,671.70","1,677.45","1,666.40","1,673.00","1,671.90","1,671.10",16461358,27508541645.25,171106.0,4249514.0,25.82
HDFCBANK,EQ,19-Apr-2023,"1,659.60","1,665.00","1,670.30","1,657.15","1,668.70","1,665.70","1,664.28",12370584,20588090646.2,142796.0,1894807.0,15.32
HDFCBANK,EQ,18-Apr-2023,"1,666.65","1,670.00","1,677.25","1,656.40","1,660.35","1,659.60","1,666.90",14818613,24701210477.55,198013.0,4753066.0,32.07
HDFCBANK,EQ,17-Apr-2023,"1,692.45","1,720.00","1,720.00","1,653.30","1,665.05","1,666.65","1,669.13",16202574,27044165347.35,242646.0,5576536.0,34.42
HDFCBANK,EQ,13-Apr-2023,"1,684.90","1,688.30","1,697.05","1,678.15","1,695.00","1,692.45","1,686.70",17665043,29795708472.95,177271.0,2563024.0,14.51
HDFCBANK,EQ,12-Apr-2023,"1,663.30","1,668.00","1,688.20","1,667.80","1,685.00","1,684.90","1,679.14",13477752,22630971070.95,183654.0,3749528.0,27.82
HDFCBANK,EQ,11-Apr-2023,"1,658.45","1,659.00","1,669.40","1,651.10","1,664.95","1,663.30","1,662.57",21180771,35214468680.05,200423.0,6403988.0,30.23
HDFCBANK,EQ,10-Apr-2023,"1,666.35","1,663.25","1,671.00","1,654.00","1,655.15","1,658.45","1,662.14",15906643,26439042028.15,138726.0,1735856.0,10.91
HDFCBANK,EQ,06-Apr-2023,"1,653.75","1,648.55","1,669.20","1,647.10","1,666.00","1,666.35","1,659.15",22318672,37029976857.6,233336.0,4416527.0,19.79
HDFCBANK,EQ,05-Apr-2023,"1,610.55","1,618.60","1,656.00","1,616.00","1,654.00","1,653.75","1,647.03",21682696,35712051912.4,285701.0,5985667.0,27.61
HDFCBANK,EQ,03-Apr-2023,"1,609.55","1,607.55","1,615.70","1,602.75","1,609.90","1,610.55","1,608.28",20012699,32185970936.5,165016.0,2356666.0,11.78
HDFCBANK,EQ,31-Mar-2023,"1,587.80","1,595.60","1,612.95","1,592.40","1,609.00","1,609.55","1,601.95",17355614,27802879066.75,213559.0,4927372.0,28.39
HDFCBANK,EQ,29-Mar-2023,"1,580.20","1,584.00","1,602.00","1,581.90","1,593.00","1,587.80","1,591.40",19881806,31639848468.25,208681.0,4771362.0,24.00
HDFCBANK,EQ,28-Mar-2023,"1,567.45","1,565.70","1,582.90","1,564.10","1,581.60","1,580.20","1,574.78",19638151,30925814365.9,195952.0,4346740.0,22.13
HDFCBANK,EQ,27-Mar-2023,"1,560.65","1,562.20","1,579.45","1,558.90","1,560.70","1,567.45","1,569.43",15936003,25010512320.0,171004.0,2209533.0,13.87
HDFCBANK,EQ,24-Mar-2023,"1,563.15","1,560.00","1,573.90","1,554.95","1,559.65","1,560.65","1,565.66",15738874,24641790955.35,171286.0,2565670.0,16.30
HDFCBANK,EQ,23-Mar-2023,"1,575.80","1,567.75","1,590.35","1,558.55","1,561.00","1,563.15","1,576.46",14182089,22357556930.9,171995.0,2216559.0,15.63
HDFCBANK,EQ,22-Mar-2023,"1,579.45","1,584.00","1,586.05","1,565.30","1,573.70","1,575.80","1,573.31",7088662,11152657442.95,139019.0,2151120.0,30.35
HDFCBANK,EQ,21-Mar-2023,"1,561.75","1,571.95","1,582.50","1,556.20","1,577.30","1,579.45","1,566.20",16525247,25881767757.5,166646.0,2246766.0,13.60
HDFCBANK,EQ,20-Mar-2023,"1,572.65","1,567.95","1,568.10","1,545.40","1,563.00","1,561.75","1,554.24",13251557,20596124335.4,194499.0,3255441.0,24.57
HDFCBANK,EQ,17-Mar-2023,"1,551.90","1,557.50","1,579.20","1,540.00","1,578.65","1,572.65","1,555.94",11475438,17855050758.6,177856.0,5656689.0,49.29
HDFCBANK,EQ,16-Mar-2023,"1,541.90","1,539.00","1,559.10","1,532.05","1,552.10","1,551.90","1,547.23",10876671,16828724100.65,225162.0,4621863.0,42.49
HDFCBANK,EQ,15-Mar-2023,"1,564.35","1,578.00","1,582.90","1,536.60","1,542.95","1,541.90","1,559.54",18632377,29058023463.95,209694.0,6834871.0,36.68
HDFCBANK,EQ,14-Mar-2023,"1,568.55","1,570.25","1,583.60","1,559.30","1,568.00","1,564.35","1,570.59",16592806,26060511633.95,193032.0,3328303.0,20.06
HDFCBANK,EQ,13-Mar-2023,"1,588.65","1,587.90","1,603.80","1,564.95","1,571.50","1,568.55","1,584.50",13221775,20949879575.0,164259.0,2648118.0,20.03
HDFCBANK,EQ,10-Mar-2023,"1,630.70","1,610.45","1,613.75","1,585.00","1,588.10","1,588.65","1,594.45",13693500,21833568464.5,216265.0,3755232.0,27.42
HDFCBANK,EQ,09-Mar-2023,"1,630.55","1,629.95","1,645.95","1,627.00","1,630.00","1,630.70","1,636.24",10350083,16935218497.4,138340.0,3412703.0,32.97
HDFCBANK,EQ,08-Mar-2023,"1,627.30","1,620.00","1,639.50","1,620.00","1,630.00","1,630.55","1,628.76",10049887,16368828094.5,169090.0,3031735.0,30.17
HDFCBANK,EQ,06-Mar-2023,"1,615.90","1,620.00","1,639.45","1,618.05","1,628.35","1,627.30","1,631.52",13502355,22029357861.45,170565.0,4025512.0,29.81
HDFCBANK,EQ,03-Mar-2023,"1,584.45","1,596.00","1,620.00","1,588.00","1,615.25","1,615.90","1,610.57",7493117,12068176740.3,147003.0,2799132.0,37.36
HDFCBANK,EQ,02-Mar-2023,"1,598.05","1,594.00","1,605.95","1,582.00","1,583.90","1,584.45","1,591.80",8695907,13842164334.75,145929.0,2665184.0,30.65
HDFCBANK,EQ,01-Mar-2023,"1,599.60","1,612.00","1,613.00","1,595.75","1,599.00","1,598.05","1,601.75",7068628,11322167673.75,170088.0,3098750.0,43.84
HDFCBANK,EQ,28-Feb-2023,"1,592.90","1,592.00","1,605.30","1,588.70","1,603.00","1,599.60","1,597.73",9496996,15173665803.8,128911.0,2849154.0,30.00
HDFCBANK,EQ,27-Feb-2023,"1,588.95","1,585.90","1,599.00","1,577.30","1,598.65","1,592.90","1,590.06",7156486,11379244627.25,143487.0,3381817.0,47.26
HDFCBANK,EQ,24-Feb-2023,"1,603.25","1,617.90","1,617.90","1,585.20","1,588.50","1,588.95","1,594.44",8530870,13601992894.9,179066.0,4456233.0,52.24
HDFCBANK,EQ,23-Feb-2023,"1,614.20","1,613.00","1,618.85","1,592.10","1,604.00","1,603.25","1,603.00",13941005,22347475793.5,227065.0,4610082.0,33.07
HDFCBANK,EQ,22-Feb-2023,"1,646.50","1,639.00","1,641.95","1,609.05","1,614.20","1,614.20","1,622.70",5179551,8404852589.05,139134.0,2838734.0,54.81
HDFCBANK,EQ,21-Feb-2023,"1,640.35","1,640.00","1,662.35","1,634.00","1,649.95","1,646.50","1,647.50",6194648,10205667202.4,167166.0,2741753.0,44.26
HDFCBANK,EQ,20-Feb-2023,"1,655.90","1,660.00","1,669.45","1,634.80","1,640.50","1,640.35","1,653.10",4043353,6684047187.45,161532.0,1657241.0,40.99
HDFCBANK,EQ,17-Feb-2023,"1,664.25","1,661.00","1,668.15","1,642.95","1,656.00","1,655.90","1,654.92",4478135,7410951450.25,116571.0,2122264.0,47.39
HDFCBANK,EQ,16-Feb-2023,"1,670.30","1,673.20","1,681.90","1,661.00","1,663.45","1,664.25","1,674.01",4031250,6748366478.8,112501.0,1610834.0,39.96
HDFCBANK,EQ,15-Feb-2023,"1,673.70","1,678.00","1,678.00","1,656.75","1,670.00","1,670.30","1,666.60",5719356,9531863377.0,131147.0,3576018.0,62.52
HDFCBANK,EQ,14-Feb-2023,"1,658.35","1,665.00","1,677.50","1,657.95","1,672.00","1,673.70","1,667.58",5454296,9095501854.7,188196.0,3284370.0,60.22
HDFCBANK,EQ,13-Feb-2023,"1,657.10","1,655.00","1,661.75","1,644.55","1,658.80","1,658.35","1,653.05",2868472,4741728896.75,128413.0,1603818.0,55.91
HDFCBANK,EQ,10-Feb-2023,"1,650.55","1,648.80","1,658.50","1,642.20","1,652.30","1,657.10","1,652.80",4086058,6753456557.5,112380.0,2680657.0,65.60
HDFCBANK,EQ,09-Feb-2023,"1,654.00","1,660.00","1,661.65","1,635.55","1,650.20","1,650.55","1,646.47",5888668,9695534662.35,156658.0,3903281.0,66.28
HDFCBANK,EQ,08-Feb-2023,"1,654.20","1,654.25","1,668.20","1,650.00","1,652.00","1,654.00","1,658.26",4222413,7001861740.25,122581.0,2806902.0,66.48
HDFCBANK,EQ,07-Feb-2023,"1,651.75","1,659.40","1,664.90","1,632.60","1,652.00","1,654.20","1,650.73",5132294,8472010812.25,154701.0,3367728.0,65.62
HDFCBANK,EQ,06-Feb-2023,"1,658.80","1,660.00","1,669.40","1,646.20","1,650.00","1,651.75","1,656.81",5583836,9251344923.6,160975.0,3912306.0,70.06
HDFCBANK,EQ,03-Feb-2023,"1,603.35","1,611.00","1,660.50","1,607.00","1,658.25","1,658.80","1,641.97",7205550,11831279561.5,296046.0,4461313.0,61.91
HDFCBANK,EQ,02-Feb-2023,"1,627.55","1,608.10","1,624.50","1,588.75","1,605.70","1,603.35","1,601.95",8748553,14014786208.0,272747.0,5288239.0,60.45
HDFCBANK,EQ,01-Feb-2023,"1,603.50","1,624.00","1,665.00","1,606.00","1,625.50","1,627.55","1,633.55",8651395,14132476806.6,230246.0,4677377.0,54.07
HDFCBANK,EQ,31-Jan-2023,"1,614.15","1,619.70","1,622.70","1,595.00","1,605.80","1,603.50","1,606.73",9298122,14939588504.95,313012.0,5880193.0,63.24
HDFCBANK,EQ,30-Jan-2023,"1,615.80","1,595.00","1,625.30","1,582.00","1,617.40","1,614.15","1,603.35",9256411,14841278614.15,282514.0,5645620.0,60.99
HDFCBANK,EQ,27-Jan-2023,"1,648.65","1,632.00","1,637.00","1,589.95","1,614.80","1,615.80","1,614.04",17589974,28390935612.35,364306.0,12593316.0,71.59
HDFCBANK,EQ,25-Jan-2023,"1,695.50","1,691.40","1,692.95","1,645.30","1,649.70","1,648.65","1,657.89",7352071,12188918619.35,190090.0,4900092.0,66.65
HDFCBANK,EQ,24-Jan-2023,"1,673.10","1,675.05","1,702.40","1,675.00","1,693.00","1,695.50","1,692.57",12491970,21143517490.3,229064.0,8997454.0,72.03
HDFCBANK,EQ,23-Jan-2023,"1,660.95","1,666.25","1,682.60","1,661.40","1,671.90","1,673.10","1,674.88",7722200,12933789977.65,302449.0,5785548.0,74.92
HDFCBANK,EQ,20-Jan-2023,"1,644.10","1,644.10","1,669.00","1,643.40","1,659.25","1,660.95","1,661.60",9421702,15655096016.05,183678.0,6761155.0,71.76
HDFCBANK,EQ,19-Jan-2023,"1,637.30","1,637.00","1,650.00","1,633.00","1,640.10","1,644.10","1,643.36",5586081,9179947870.95,212074.0,3694351.0,66.13
HDFCBANK,EQ,18-Jan-2023,"1,608.90","1,605.00","1,641.60","1,599.70","1,637.15","1,637.30","1,631.33",9545321,15571575456.3,273645.0,5789503.0,60.65
HDFCBANK,EQ,17-Jan-2023,"1,585.30","1,589.80","1,611.00","1,577.50","1,607.45","1,608.90","1,602.40",5393177,8642051691.35,136682.0,3202706.0,59.38
HDFCBANK,EQ,16-Jan-2023,"1,600.65","1,615.00","1,621.30","1,580.30","1,585.80","1,585.30","1,600.14",7374047,11799532275.45,216647.0,3669896.0,49.77
HDFCBANK,EQ,13-Jan-2023,"1,599.40","1,598.75","1,609.90","1,586.00","1,601.00","1,600.65","1,598.66",4622273,7389463181.3,149441.0,3009511.0,65.11
HDFCBANK,EQ,12-Jan-2023,"1,590.90","1,587.80","1,603.90","1,584.15","1,597.00","1,599.40","1,593.76",4625035,7371203643.65,160323.0,2796561.0,60.47
HDFCBANK,EQ,11-Jan-2023,"1,568.30","1,567.95","1,598.00","1,560.00","1,589.00","1,590.90","1,585.27",7597899,12044752262.45,263176.0,5479706.0,72.12
HDFCBANK,EQ,10-Jan-2023,"1,597.50","1,600.00","1,600.00","1,565.00","1,570.00","1,568.30","1,572.13",8185883,12869232604.25,290553.0,6300941.0,76.97
HDFCBANK,EQ,09-Jan-2023,"1,594.40","1,596.00","1,611.55","1,590.00","1,597.95","1,597.50","1,601.83",5364670,8593288222.1,164427.0,3632471.0,67.71
HDFCBANK,EQ,06-Jan-2023,"1,599.70","1,602.00","1,609.10","1,578.20","1,594.05","1,594.40","1,592.77",4546231,7241079692.35,147775.0,2919025.0,64.21
HDFCBANK,EQ,05-Jan-2023,"1,610.05","1,615.00","1,618.05","1,589.40","1,599.95","1,599.70","1,602.26",5470718,8765509490.95,193143.0,3582675.0,65.49
HDFCBANK,EQ,04-Jan-2023,"1,639.35","1,635.00","1,645.75","1,607.00","1,610.30","1,610.05","1,622.71",5175800,8398837748.0,164250.0,3271719.0,63.21
HDFCBANK,EQ,03-Jan-2023,"1,628.70","1,622.20","1,643.00","1,622.20","1,640.50","1,639.35","1,634.63",4189015,6847495805.65,102047.0,2754739.0,65.76
HDFCBANK,EQ,02-Jan-2023,"1,628.15","1,627.00","1,639.75","1,618.55","1,628.15","1,628.70","1,629.49",2190689,3569697184.0,89456.0,1036063.0,47.29
HDFCBANK,EQ,30-Dec-2022,"1,641.30","1,645.00","1,645.00","1,620.00","1,630.00","1,628.15","1,632.15",3561320,5812610084.2,138629.0,2217017.0,62.25
HDFCBANK,EQ,29-Dec-2022,"1,629.80","1,620.10","1,643.50","1,611.00","1,639.10","1,641.30","1,629.83",5506448,8974549942.25,204767.0,3685001.0,66.92
HDFCBANK,EQ,27-Dec-2024,"1,790.75","1,794.80","1,805.95","1,789.10","1,801.00","1,798.25","1,796.11",3629665,6519260348.4,118374.0,1901649.0,52.39
HDFCBANK,EQ,26-Dec-2024,"1,798.10","1,798.55","1,812.00","1,780.75","1,792.50","1,790.75","1,793.76",5240839,9400810018.35,206346.0,2716334.0,51.83
HDFCBANK,EQ,24-Dec-2024,"1,801.00","1,802.05","1,808.70","1,789.55","1,799.65","1,798.10","1,798.76",7242917,13028270259.6,186401.0,3268593.0,45.13
HDFCBANK,EQ,23-Dec-2024,"1,771.50","1,782.00","1,806.00","1,781.30","1,802.00","1,801.00","1,798.41",5522296,9931339240.15,196041.0,2993179.0,54.20
HDFCBANK,EQ,20-Dec-2024,"1,793.50","1,782.20","1,797.55","1,767.05","1,777.10","1,771.50","1,778.49",12846174,22846837948.65,248859.0,7700019.0,59.94
HDFCBANK,EQ,19-Dec-2024,"1,810.70","1,799.60","1,801.10","1,779.00","1,794.00","1,793.50","1,791.37",12690385,22733148296.1,226833.0,8648980.0,68.15
HDFCBANK,EQ,18-Dec-2024,"1,833.25","1,829.85","1,836.00","1,807.15","1,812.00","1,810.70","1,817.52",11711156,21285273596.85,235785.0,7999429.0,68.31
HDFCBANK,EQ,17-Dec-2024,"1,865.20","1,856.35","1,862.35","1,826.50","1,829.90","1,833.25","1,840.34",10539766,19396785094.9,273231.0,5930094.0,56.26
HDFCBANK,EQ,16-Dec-2024,"1,871.75","1,865.10","1,869.95","1,855.25","1,862.00","1,865.20","1,863.37",6553541,12211702096.0,177602.0,3729437.0,56.91
HDFCBANK,EQ,13-Dec-2024,"1,859.25","1,862.50","1,875.00","1,829.25","1,873.30","1,871.75","1,858.29",9504501,17662074120.8,218405.0,4985509.0,52.45
HDFCBANK,EQ,12-Dec-2024,"1,863.10","1,851.00","1,868.65","1,848.70","1,858.00","1,859.25","1,858.38",8646895,16069241440.6,201479.0,4630670.0,53.55
HDFCBANK,EQ,11-Dec-2024,"1,868.10","1,861.70","1,871.90","1,856.75","1,862.50","1,863.10","1,864.00",7022713,13090328471.35,233801.0,4031962.0,57.41
HDFCBANK,EQ,10-Dec-2024,"1,870.00","1,877.70","1,877.70","1,858.55","1,867.65","1,868.10","1,867.30",6662740,12441343169.15,231195.0,4095005.0,61.46
HDFCBANK,EQ,09-Dec-2024,"1,855.85","1,853.65","1,880.00","1,849.00","1,867.55","1,870.00","1,871.09",13473956,25211039597.45,234236.0,10115077.0,75.07
HDFCBANK,EQ,06-Dec-2024,"1,865.75","1,857.00","1,864.20","1,844.00","1,855.45","1,855.85","1,856.73",8891578,16509303748.1,306905.0,5545799.0,62.37
HDFCBANK,EQ,05-Dec-2024,"1,860.10","1,860.00","1,879.95","1,835.20","1,864.85","1,865.75","1,862.43",19841357,36953040114.3,436462.0,11728370.0,59.11
HDFCBANK,EQ,04-Dec-2024,"1,826.30","1,838.00","1,865.00","1,831.15","1,856.80","1,860.10","1,854.85",22334542,41427249107.9,436235.0,15776554.0,70.64
HDFCBANK,EQ,03-Dec-2024,"1,804.70","1,822.70","1,837.40","1,816.10","1,825.30","1,826.30","1,827.25",21705121,39660723545.25,304635.0,15804923.0,72.82
HDFCBANK,EQ,02-Dec-2024,"1,796.05","1,803.50","1,808.15","1,775.00","1,805.95","1,804.70","1,791.81",7555438,13537940498.05,219254.0,4945801.0,65.46
HDFCBANK,EQ,29-Nov-2024,"1,793.15","1,801.30","1,804.60","1,782.90","1,795.50","1,796.05","1,793.91",13834768,24818389358.55,377555.0,9143382.0,66.09
HDFCBANK,EQ,28-Nov-2024,"1,812.30","1,819.00","1,836.10","1,788.00","1,793.00","1,793.15","1,808.45",17861196,32301109888.9,379898.0,10098151.0,56.54
HDFCBANK,EQ,27-Nov-2024,"1,785.55","1,789.90","1,817.35","1,785.15","1,809.50","1,812.30","1,801.57",16357488,29469224217.6,330771.0,8740131.0,53.43
HDFCBANK,EQ,26-Nov-2024,"1,785.60","1,810.00","1,810.00","1,769.80","1,786.40","1,785.55","1,784.75",15467783,27606061237.4,261322.0,9010084.0,58.25
HDFCBANK,EQ,25-Nov-2024,"1,745.60","1,785.05","1,803.55","1,764.90","1,778.95","1,785.60","1,784.46",213868637,381639143690.1,600228.0,174212666.0,81.46
HDFCBANK,EQ,22-Nov-2024,"1,741.20","1,743.55","1,754.30","1,729.55","1,742.10","1,745.60","1,743.57",12386806,21597223792.5,260956.0,8137880.0,65.70
HDFCBANK,EQ,21-Nov-2024,"1,742.25","1,749.40","1,759.00","1,734.20","1,739.95","1,741.20","1,743.63",17858256,31138162734.4,368837.0,11902796.0,66.65
HDFCBANK,EQ,19-Nov-2024,"1,705.10","1,714.00","1,753.75","1,702.70","1,736.00","1,742.25","1,739.10",25490636,44330862947.85,458303.0,19018449.0,74.61
HDFCBANK,EQ,18-Nov-2024,"1,692.75","1,700.00","1,718.90","1,695.00","1,708.30","1,705.10","1,707.94",13540984,23127123855.1,291631.0,9562272.0,70.62
HDFCBANK,EQ,14-Nov-2024,"1,681.35","1,673.10","1,704.85","1,672.10","1,692.40","1,692.75","1,692.96",13573235,22978907908.45,331159.0,7307878.0,53.84
HDFCBANK,EQ,13-Nov-2024,"1,718.20","1,716.75","1,729.40","1,673.00","1,688.15","1,681.35","1,699.70",17864250,30363947641.3,384592.0,9878595.0,55.30
HDFCBANK,EQ,12-Nov-2024,"1,766.30","1,772.00","1,775.00","1,708.65","1,719.00","1,718.20","1,731.71",15697703,27183831491.15,410691.0,7410508.0,47.21
HDFCBANK,EQ,11-Nov-2024,"1,754.45","1,754.55","1,782.80","1,751.20","1,763.90","1,766.30","1,768.85",12282681,21726235735.65,366875.0,7456943.0,60.71
HDFCBANK,EQ,08-Nov-2024,"1,746.55","1,752.00","1,761.80","1,745.85","1,751.90","1,754.45","1,754.62",9951493,17461070459.45,253333.0,6688588.0,67.21
HDFCBANK,EQ,07-Nov-2024,"1,755.25","1,744.30","1,760.95","1,738.00","1,743.50","1,746.55","1,746.60",9447728,16501384112.8,315964.0,5681231.0,60.13
HDFCBANK,EQ,06-Nov-2024,"1,757.85","1,771.50","1,771.50","1,745.35","1,756.00","1,755.25","1,753.58",13893955,24364201740.05,249677.0,8170849.0,58.81
HDFCBANK,EQ,05-Nov-2024,"1,714.10","1,703.00","1,762.70","1,697.90","1,753.50","1,757.85","1,736.40",22116203,38402543188.05,362395.0,12508130.0,56.56
HDFCBANK,EQ,04-Nov-2024,"1,737.30","1,745.00","1,745.00","1,710.90","1,716.80","1,714.10","1,723.47",14044624,24205513156.95,342162.0,9628154.0,68.55
HDFCBANK,EQ,01-Nov-2024,"1,735.70","1,733.00","1,744.10","1,726.10","1,737.00","1,737.30","1,738.79",879846,1529870165.6,69860.0,311374.0,35.39
HDFCBANK,EQ,31-Oct-2024,"1,734.60","1,728.00","1,738.90","1,719.40","1,734.30","1,735.70","1,731.49",11447956,19822046508.9,277300.0,8152758.0,71.22
HDFCBANK,EQ,30-Oct-2024,"1,751.85","1,742.00","1,754.75","1,724.20","1,737.00","1,734.60","1,736.38",16357862,28403432611.95,350916.0,9806297.0,59.95
HDFCBANK,EQ,29-Oct-2024,"1,734.20","1,726.15","1,764.00","1,725.10","1,749.75","1,751.85","1,744.14",17897463,31215711397.75,381375.0,10658618.0,59.55
HDFCBANK,EQ,28-Oct-2024,"1,743.40","1,742.00","1,751.00","1,728.90","1,737.00","1,734.20","1,738.17",11006071,19130422535.5,334425.0,6998364.0,63.59
HDFCBANK,EQ,25-Oct-2024,"1,749.65","1,755.00","1,757.85","1,728.70","1,745.80","1,743.40","1,740.64",13065239,22741861620.4,337950.0,7865650.0,60.20
HDFCBANK,EQ,24-Oct-2024,"1,735.80","1,738.10","1,768.65","1,738.10","1,750.50","1,749.65","1,755.99",15416129,27070510755.6,342755.0,10527020.0,68.29
HDFCBANK,EQ,23-Oct-2024,"1,714.55","1,705.05","1,746.50","1,705.05","1,736.20","1,735.80","1,736.32",19018045,33021503108.55,386048.0,12309362.0,64.72
HDFCBANK,EQ,22-Oct-2024,"1,728.70","1,730.05","1,740.00","1,710.70","1,714.80","1,714.55","1,721.78",19437640,33467338354.45,411821.0,10390546.0,53.46
HDFCBANK,EQ,21-Oct-2024,"1,681.85","1,715.00","1,748.15","1,711.05","1,725.00","1,728.70","1,732.82",23274177,40330032735.8,574448.0,12767823.0,54.86
HDFCBANK,EQ,18-Oct-2024,"1,673.15","1,663.10","1,691.00","1,654.10","1,684.80","1,681.85","1,674.90",12404862,20776848848.9,232916.0,8255525.0,66.55
HDFCBANK,EQ,17-Oct-2024,"1,699.80","1,694.95","1,697.65","1,665.20","1,672.70","1,673.15","1,676.22",7347866,12316627212.9,199044.0,4717214.0,64.20
HDFCBANK,EQ,16-Oct-2024,"1,684.10","1,680.10","1,707.95","1,680.10","1,700.45","1,699.80","1,698.75",10235341,17387334812.9,244836.0,6262690.0,61.19
HDFCBANK,EQ,15-Oct-2024,"1,688.10","1,694.00","1,698.00","1,675.50","1,686.00","1,684.10","1,684.09",9825565,16547093800.1,195771.0,5937555.0,60.43
HDFCBANK,EQ,14-Oct-2024,"1,651.00","1,656.05","1,692.05","1,654.00","1,689.00","1,688.10","1,682.72",9263754,15588285093.55,261742.0,6120592.0,66.07
HDFCBANK,EQ,11-Oct-2024,"1,662.40","1,664.45","1,664.45","1,643.25","1,651.50","1,651.00","1,651.51",11836297,19547719278.0,186378.0,8529644.0,72.06
HDFCBANK,EQ,10-Oct-2024,"1,633.15","1,639.00","1,665.45","1,632.50","1,661.00","1,662.40","1,649.38",10877383,17940924970.4,244906.0,5165604.0,47.49
HDFCBANK,EQ,09-Oct-2024,"1,651.05","1,649.50","1,656.75","1,628.70","1,638.00","1,633.15","1,640.12",20562821,33725505661.6,442682.0,9564097.0,46.51
HDFCBANK,EQ,08-Oct-2024,"1,617.80","1,630.00","1,656.80","1,622.00","1,651.25","1,651.05","1,645.56",14867203,24464906859.05,357296.0,9503807.0,63.92
HDFCBANK,EQ,07-Oct-2024,"1,657.65","1,652.20","1,659.00","1,613.00","1,623.05","1,617.80","1,631.55",47229148,77056814750.1,535347.0,28014374.0,59.32
HDFCBANK,EQ,04-Oct-2024,"1,682.00","1,674.50","1,690.65","1,653.00","1,661.25","1,657.65","1,673.77",24341616,40742181439.25,419392.0,13673903.0,56.18
HDFCBANK,EQ,03-Oct-2024,"1,726.20","1,715.65","1,726.15","1,673.35","1,681.00","1,682.00","1,694.79",24236699,41076220098.05,520129.0,17610464.0,72.66
HDFCBANK,EQ,01-Oct-2024,"1,732.05","1,724.00","1,742.00","1,720.10","1,728.30","1,726.20","1,725.83",12286142,21203853820.45,237679.0,6953201.0,56.59
HDFCBANK,EQ,30-Sep-2024,"1,752.65","1,748.80","1,751.45","1,724.40","1,732.00","1,732.05","1,734.57",13191767,22882063615.1,343613.0,9541132.0,72.33
HDFCBANK,EQ,27-Sep-2024,"1,783.45","1,777.00","1,778.20","1,750.00","1,753.00","1,752.65","1,759.73",17806751,31335062628.8,339917.0,13002178.0,73.02
HDFCBANK,EQ,26-Sep-2024,"1,779.10","1,773.05","1,788.00","1,768.05","1,778.00","1,783.45","1,778.51",15949822,28366959862.95,343553.0,10985707.0,68.88
HDFCBANK,EQ,25-Sep-2024,"1,768.05","1,760.15","1,788.00","1,760.15","1,779.85","1,779.10","1,778.97",15982656,28432592068.7,498237.0,9863354.0,61.71
HDFCBANK,EQ,24-Sep-2024,"1,759.80","1,765.00","1,781.65","1,754.25","1,766.70","1,768.05","1,768.80",16519518,29219757725.3,404809.0,9425560.0,57.06
HDFCBANK,EQ,23-Sep-2024,"1,741.20","1,749.00","1,766.35","1,740.25","1,757.00","1,759.80","1,756.93",13482675,23688096929.7,449232.0,8794661.0,65.23
HDFCBANK,EQ,20-Sep-2024,"1,708.50","1,716.50","1,744.95","1,707.55","1,737.20","1,741.20","1,734.60",30311693,52578627456.0,519608.0,17465531.0,57.62
HDFCBANK,EQ,19-Sep-2024,"1,694.80","1,699.20","1,719.00","1,699.15","1,707.70","1,708.50","1,710.95",15325888,26221770150.4,347649.0,9714192.0,63.38
HDFCBANK,EQ,18-Sep-2024,"1,668.80","1,671.85","1,698.90","1,671.10","1,692.95","1,694.80","1,691.30",20458671,34601683780.25,447311.0,12237216.0,59.81
HDFCBANK,EQ,17-Sep-2024,"1,670.95","1,678.00","1,678.00","1,664.15","1,668.30","1,668.80","1,668.90",10063561,16795097219.15,273207.0,5693003.0,56.57
HDFCBANK,EQ,16-Sep-2024,"1,665.95","1,667.00","1,677.80","1,664.05","1,670.00","1,670.95","1,670.83",7586410,12675630406.45,214575.0,5258278.0,69.31
HDFCBANK,EQ,13-Sep-2024,"1,666.60","1,674.00","1,674.00","1,657.05","1,664.80","1,665.95","1,663.66",11930266,19847946539.35,275521.0,7079723.0,59.34
HDFCBANK,EQ,12-Sep-2024,"1,643.90","1,654.00","1,670.00","1,647.05","1,661.45","1,666.60","1,659.83",16212023,26909182591.25,266121.0,9274830.0,57.21
HDFCBANK,EQ,11-Sep-2024,"1,650.35","1,650.40","1,652.50","1,639.20","1,650.00","1,643.90","1,645.85",11113342,18290901279.5,248100.0,4560477.0,41.04
HDFCBANK,EQ,10-Sep-2024,"1,646.50","1,654.00","1,654.00","1,638.00","1,650.80","1,650.35","1,648.20",13303323,21926534318.85,306124.0,6978769.0,52.46
HDFCBANK,EQ,09-Sep-2024,"1,636.95","1,638.00","1,648.50","1,630.10","1,644.85","1,646.50","1,640.85",11896457,19520244474.05,258547.0,7816428.0,65.70
HDFCBANK,EQ,06-Sep-2024,"1,645.45","1,638.30","1,647.75","1,634.10","1,638.15","1,636.95","1,639.77",13014801,21341304566.1,296891.0,8562105.0,65.79
HDFCBANK,EQ,05-Sep-2024,"1,641.80","1,646.00","1,649.90","1,642.00","1,644.40","1,645.45","1,645.43",11438159,18820712001.8,245493.0,8688322.0,75.96
HDFCBANK,EQ,04-Sep-2024,"1,637.35","1,639.00","1,644.80","1,632.00","1,641.05","1,641.80","1,639.54",12341372,20234215559.05,294496.0,6268023.0,50.79
HDFCBANK,EQ,03-Sep-2024,"1,626.95","1,634.00","1,639.95","1,624.60","1,638.00","1,637.35","1,632.11",18641430,30424819912.05,292439.0,12551277.0,67.33
HDFCBANK,EQ,02-Sep-2024,"1,636.90","1,646.80","1,646.80","1,623.20","1,626.00","1,626.95","1,631.94",17024840,27783483803.95,375245.0,12018518.0,70.59
HDFCBANK,EQ,30-Aug-2024,"1,638.55","1,656.00","1,662.00","1,621.15","1,625.75","1,636.90","1,638.34",222671050,364811305104.2,564643.0,154380134.0,69.33
HDFCBANK,EQ,29-Aug-2024,"1,637.10","1,642.00","1,644.40","1,631.15","1,639.95","1,638.55","1,637.56",24526302,40163206501.15,432962.0,18760652.0,76.49
HDFCBANK,EQ,28-Aug-2024,"1,637.75","1,637.75","1,639.75","1,630.20","1,635.95","1,637.10","1,636.29",13460594,22025391586.45,275424.0,8541633.0,63.46
HDFCBANK,EQ,27-Aug-2024,"1,639.95","1,643.40","1,647.40","1,632.20","1,634.45","1,637.75","1,639.59",17886622,29326792469.0,292507.0,11020707.0,61.61
HDFCBANK,EQ,26-Aug-2024,"1,625.05","1,632.20","1,647.95","1,632.20","1,640.00","1,639.95","1,642.31",11182133,18364486559.55,275112.0,7846052.0,70.17
HDFCBANK,EQ,23-Aug-2024,"1,631.30","1,634.00","1,634.00","1,623.00","1,625.20","1,625.05","1,627.63",10166711,16547668751.15,212238.0,7212100.0,70.94
HDFCBANK,EQ,22-Aug-2024,"1,625.80","1,632.00","1,638.30","1,628.00","1,628.95","1,631.30","1,632.58",10650319,17387521802.75,272441.0,6904642.0,64.83
HDFCBANK,EQ,21-Aug-2024,"1,637.70","1,628.10","1,634.55","1,617.80","1,628.00","1,625.80","1,624.85",23815452,38696527016.25,323415.0,14602427.0,61.31
HDFCBANK,EQ,20-Aug-2024,"1,631.55","1,627.45","1,646.00","1,627.45","1,634.00","1,637.70","1,639.14",15567247,25516952644.85,240802.0,7159684.0,45.99
HDFCBANK,EQ,19-Aug-2024,"1,632.10","1,637.65","1,637.65","1,623.70","1,632.75","1,631.55","1,628.46",9751082,15879278800.8,166314.0,5371807.0,55.09
HDFCBANK,EQ,16-Aug-2024,"1,607.80","1,628.50","1,634.15","1,611.00","1,631.50","1,632.10","1,624.71",13924623,22623479529.55,302506.0,7629703.0,54.79
HDFCBANK,EQ,14-Aug-2024,"1,603.20","1,606.50","1,613.70","1,603.20","1,607.80","1,607.80","1,607.97",16167214,25996412110.4,259067.0,8419023.0,52.07
HDFCBANK,EQ,13-Aug-2024,"1,660.10","1,628.00","1,632.40","1,601.15","1,605.90","1,603.20","1,613.32",27027521,43604163966.1,601558.0,15122063.0,55.95
HDFCBANK,EQ,12-Aug-2024,"1,650.20","1,652.00","1,675.95","1,647.35","1,660.00","1,660.10","1,664.63",19658098,32723506965.0,363538.0,12628587.0,64.24
HDFCBANK,EQ,09-Aug-2024,"1,642.70","1,652.00","1,662.55","1,645.80","1,650.00","1,650.20","1,655.58",13322309,22056157155.5,291916.0,9226887.0,69.26
HDFCBANK,EQ,08-Aug-2024,"1,623.50","1,624.00","1,653.30","1,619.25","1,640.20","1,642.70","1,638.73",16988475,27839562575.6,327468.0,9472859.0,55.76
HDFCBANK,EQ,07-Aug-2024,"1,601.20","1,617.00","1,630.00","1,602.20","1,628.50","1,623.50","1,617.23",21173132,34241847264.5,337720.0,12068956.0,57.00
HDFCBANK,EQ,06-Aug-2024,"1,615.75","1,630.00","1,632.95","1,593.30","1,602.70","1,601.20","1,608.02",22558025,36273837922.85,388854.0,14545393.0,64.48
HDFCBANK,EQ,05-Aug-2024,"1,659.15","1,640.10","1,646.00","1,601.00","1,616.05","1,615.75","1,622.77",20666817,33537431288.7,464696.0,12112310.0,58.61
HDFCBANK,EQ,02-Aug-2024,"1,638.80","1,631.00","1,670.50","1,631.00","1,658.05","1,659.15","1,658.62",22059619,36588623126.1,457935.0,12383195.0,56.14
HDFCBANK,EQ,01-Aug-2024,"1,615.75","1,622.90","1,650.05","1,617.95","1,647.65","1,638.80","1,632.59",13107587,21399347523.9,287915.0,8608562.0,65.68
HDFCBANK,EQ,31-Jul-2024,"1,615.55","1,614.00","1,627.90","1,609.20","1,617.95","1,615.75","1,617.31",18910242,30583806061.7,334519.0,9952915.0,52.63
HDFCBANK,EQ,30-Jul-2024,"1,605.05","1,602.00","1,634.75","1,599.00","1,614.20","1,615.55","1,615.74",27297917,44106424811.4,455812.0,10836941.0,39.70
HDFCBANK,EQ,29-Jul-2024,"1,618.15","1,615.00","1,631.85","1,598.30","1,605.00","1,605.05","1,611.97",25500574,41106152746.35,472326.0,12491496.0,48.99
HDFCBANK,EQ,26-Jul-2024,"1,616.60","1,605.00","1,621.75","1,596.45","1,616.30","1,618.15","1,609.37",21905270,35253630971.05,355180.0,13865974.0,63.30
HDFCBANK,EQ,25-Jul-2024,"1,604.05","1,593.00","1,625.00","1,593.00","1,616.75","1,616.60","1,613.59",12767866,20602046896.3,279974.0,6858515.0,53.72
HDFCBANK,EQ,24-Jul-2024,"1,618.40","1,608.15","1,621.00","1,588.05","1,608.35","1,604.05","1,604.13",30864103,49509947077.3,432932.0,15418875.0,49.96
HDFCBANK,EQ,23-Jul-2024,"1,642.55","1,647.55","1,647.80","1,605.00","1,616.60","1,618.40","1,623.96",26001076,42224780773.65,449509.0,10215610.0,39.29
HDFCBANK,EQ,22-Jul-2024,"1,607.30","1,617.00","1,651.00","1,612.65","1,642.00","1,642.55","1,637.66",26872411,44007904357.7,548620.0,16599256.0,61.77
HDFCBANK,EQ,19-Jul-2024,"1,614.80","1,616.00","1,623.00","1,603.50","1,605.00","1,607.30","1,609.91",13001076,20930535372.85,276983.0,8118699.0,62.45
HDFCBANK,EQ,18-Jul-2024,"1,619.75","1,608.00","1,623.95","1,599.15","1,615.00","1,614.80","1,613.29",16858532,27197655556.65,332318.0,9444621.0,56.02
HDFCBANK,EQ,16-Jul-2024,"1,622.10","1,620.75","1,627.00","1,616.80","1,621.00","1,619.75","1,621.84",14475162,23476341772.45,269979.0,8509090.0,58.78
HDFCBANK,EQ,15-Jul-2024,"1,622.70","1,623.50","1,629.80","1,615.20","1,623.00","1,622.10","1,622.00",16687847,27067666840.4,217738.0,9595558.0,57.50
HDFCBANK,EQ,12-Jul-2024,"1,621.90","1,622.00","1,638.40","1,611.15","1,627.55","1,622.70","1,624.06",28024980,45514220345.85,332780.0,16663973.0,59.46
HDFCBANK,EQ,11-Jul-2024,"1,626.10","1,623.95","1,625.85","1,601.00","1,623.00","1,621.90","1,612.69",22088537,35621865220.1,483343.0,14712286.0,66.61
HDFCBANK,EQ,10-Jul-2024,"1,636.50","1,629.95","1,640.00","1,620.75","1,628.70","1,626.10","1,627.60",22753591,37033758498.9,405034.0,14977914.0,65.83
HDFCBANK,EQ,09-Jul-2024,"1,635.35","1,625.00","1,646.70","1,620.35","1,638.80","1,636.50","1,638.53",24275439,39776084749.7,442487.0,16711437.0,68.84
HDFCBANK,EQ,08-Jul-2024,"1,648.10","1,645.30","1,654.95","1,627.15","1,636.35","1,635.35","1,640.07",19543900,32053306234.35,324769.0,14297454.0,73.16
HDFCBANK,EQ,05-Jul-2024,"1,727.15","1,685.00","1,685.00","1,642.20","1,649.40","1,648.10","1,656.79",41121274,68129239005.75,1117072.0,26657099.0,64.83
HDFCBANK,EQ,04-Jul-2024,"1,768.65","1,759.75","1,759.75","1,724.85","1,728.00","1,727.15","1,735.22",22924329,39778717290.5,405416.0,15488873.0,67.57
HDFCBANK,EQ,03-Jul-2024,"1,730.60","1,791.00","1,794.00","1,764.65","1,767.70","1,768.65","1,776.87",61608901,109470877766.9,846404.0,38698242.0,62.81
HDFCBANK,EQ,02-Jul-2024,"1,705.20","1,715.00","1,734.90","1,702.75","1,728.00","1,730.60","1,722.46",22960845,39549118301.05,486972.0,10299873.0,44.86
HDFCBANK,EQ,01-Jul-2024,"1,683.80","1,680.00","1,707.30","1,680.00","1,704.20","1,705.20","1,699.74",10593512,18006189828.25,355235.0,6250644.0,59.00
HDFCBANK,EQ,28-Jun-2024,"1,696.15","1,697.60","1,706.60","1,679.00","1,685.00","1,683.80","1,692.59",13238023,22406574604.55,312550.0,7702121.0,58.18
HDFCBANK,EQ,27-Jun-2024,"1,701.50","1,696.10","1,713.00","1,686.60","1,696.45","1,696.15","1,697.92",27537325,46756142645.9,586504.0,14620093.0,53.09
HDFCBANK,EQ,26-Jun-2024,"1,711.35","1,707.95","1,710.90","1,691.10","1,693.50","1,701.50","1,703.01",23798333,40528870562.05,424591.0,15083364.0,63.38
HDFCBANK,EQ,25-Jun-2024,"1,672.40","1,671.10","1,716.95","1,671.10","1,707.00","1,711.35","1,705.04",37260774,63531128010.5,690683.0,19231430.0,51.61
HDFCBANK,EQ,24-Jun-2024,"1,665.75","1,647.00","1,675.10","1,645.75","1,671.00","1,672.40","1,664.93",14272497,23762644259.6,387580.0,8066775.0,56.52
HDFCBANK,EQ,21-Jun-2024,"1,669.35","1,672.85","1,672.85","1,643.15","1,661.65","1,665.75","1,658.68",25815388,42819437838.9,408577.0,13592741.0,52.65
HDFCBANK,EQ,20-Jun-2024,"1,657.85","1,669.80","1,681.45","1,652.00","1,667.25","1,669.35","1,667.89",20704371,34532604621.85,465827.0,12930152.0,62.45
HDFCBANK,EQ,19-Jun-2024,"1,607.80","1,613.40","1,669.90","1,604.00","1,657.00","1,657.85","1,644.44",45065598,74107587437.4,709705.0,24850893.0,55.14
HDFCBANK,EQ,18-Jun-2024,"1,596.90","1,596.90","1,610.50","1,589.45","1,608.00","1,607.80","1,604.04",16207857,25998073833.5,353540.0,9280334.0,57.26
HDFCBANK,EQ,14-Jun-2024,"1,580.75","1,584.00","1,599.00","1,577.70","1,595.60","1,596.90","1,592.12",12770277,20331873861.15,320179.0,7875479.0,61.67
HDFCBANK,EQ,13-Jun-2024,"1,574.15","1,581.75","1,585.70","1,574.00","1,581.20","1,580.75","1,581.85",12060096,19077228502.15,281276.0,7852775.0,65.11
HDFCBANK,EQ,12-Jun-2024,"1,564.80","1,575.00","1,588.30","1,566.40","1,569.00","1,574.15","1,576.98",19640218,30972287118.05,341079.0,9569983.0,48.73
HDFCBANK,EQ,11-Jun-2024,"1,561.30","1,556.00","1,571.00","1,552.20","1,563.05","1,564.80","1,564.24",14772663,23107928769.2,458802.0,8360761.0,56.60
HDFCBANK,EQ,10-Jun-2024,"1,573.35","1,574.00","1,580.65","1,557.60","1,559.55","1,561.30","1,566.93",11227029,17591912808.65,314062.0,7535938.0,67.12
HDFCBANK,EQ,07-Jun-2024,"1,559.70","1,561.05","1,584.35","1,552.05","1,575.00","1,573.35","1,572.47",18356108,28864483389.9,416517.0,8558942.0,46.63
HDFCBANK,EQ,06-Jun-2024,"1,551.80","1,564.90","1,565.45","1,546.60","1,559.50","1,559.70","1,557.00",23211435,36140249317.55,599204.0,12528131.0,53.97
HDFCBANK,EQ,05-Jun-2024,"1,483.15","1,494.05","1,559.60","1,482.35","1,545.85","1,551.80","1,523.83",40815825,62196352485.4,650501.0,17226690.0,42.21
HDFCBANK,EQ,04-Jun-2024,"1,572.20","1,557.00","1,559.00","1,454.00","1,489.75","1,483.15","1,504.91",44765620,67368418218.55,786620.0,15339068.0,34.27
HDFCBANK,EQ,03-Jun-2024,"1,531.55","1,599.00","1,599.00","1,550.00","1,573.00","1,572.20","1,567.87",36318628,56942988275.8,584235.0,20967682.0,57.73
HDFCBANK,EQ,31-May-2024,"1,514.85","1,519.00","1,536.00","1,514.00","1,525.95","1,531.55","1,528.77",37039794,56625243621.65,474591.0,24561027.0,66.31
HDFCBANK,EQ,30-May-2024,"1,508.30","1,499.20","1,523.60","1,497.65","1,518.30","1,514.85","1,513.96",16877675,25552206595.8,409393.0,10163087.0,60.22
HDFCBANK,EQ,29-May-2024,"1,530.50","1,518.00","1,523.85","1,501.25","1,506.00","1,508.30","1,510.22",17573853,26540404866.5,324703.0,10269574.0,58.44
HDFCBANK,EQ,28-May-2024,"1,527.70","1,530.10","1,536.05","1,524.80","1,528.60","1,530.50","1,531.14",13954452,21366245980.65,287323.0,8258977.0,59.19
HDFCBANK,EQ,27-May-2024,"1,517.20","1,523.35","1,545.00","1,519.05","1,528.00","1,527.70","1,533.69",14692720,22534043945.55,360983.0,8578854.0,58.39
HDFCBANK,EQ,24-May-2024,"1,492.60","1,487.50","1,519.90","1,486.00","1,516.50","1,517.20","1,507.33",15530103,23408982967.8,325557.0,8925912.0,57.47
HDFCBANK,EQ,23-May-2024,"1,459.20","1,458.65","1,495.65","1,457.05","1,492.85","1,492.60","1,477.10",20430960,30178506688.95,337200.0,11592193.0,56.74
HDFCBANK,EQ,22-May-2024,"1,458.80","1,457.85","1,465.60","1,448.15","1,463.75","1,459.20","1,456.24",19998139,29122160427.5,394368.0,11501213.0,57.51
HDFCBANK,EQ,21-May-2024,"1,466.05","1,450.10","1,469.70","1,450.10","1,457.20","1,458.80","1,460.08",21884989,31953790444.8,413346.0,15685407.0,71.67
HDFCBANK,EQ,18-May-2024,"1,464.10","1,466.00","1,467.10","1,463.05","1,466.35","1,466.05","1,465.57",528557,774636045.3,15995.0,276670.0,52.34
HDFCBANK,EQ,17-May-2024,"1,460.25","1,446.20","1,468.00","1,446.20","1,463.00","1,464.10","1,461.22",10460095,15284549919.5,268477.0,6040042.0,57.74
HDFCBANK,EQ,16-May-2024,"1,438.50","1,446.05","1,462.55","1,435.50","1,459.75","1,460.25","1,449.96",17472618,25334516598.7,382855.0,8839279.0,50.59
HDFCBANK,EQ,15-May-2024,"1,460.95","1,459.70","1,459.70","1,435.80","1,440.80","1,438.50","1,443.04",19465998,28090223298.3,393567.0,10640101.0,54.66
HDFCBANK,EQ,14-May-2024,"1,455.25","1,452.25","1,465.50","1,450.30","1,461.60","1,460.95","1,459.59",12832571,18730307625.4,315935.0,8309204.0,64.75
HDFCBANK,EQ,13-May-2024,"1,437.90","1,432.00","1,459.80","1,430.30","1,456.50","1,455.25","1,447.14",13523601,19570507197.6,463000.0,7820181.0,57.83
HDFCBANK,EQ,10-May-2024,"1,447.50","1,439.00","1,451.95","1,426.80","1,439.85","1,437.90","1,440.93",13638304,19651868794.15,368755.0,8290712.0,60.79
HDFCBANK,EQ,09-May-2024,"1,482.65","1,474.95","1,486.75","1,445.30","1,450.80","1,447.50","1,461.55",23140639,33821148758.2,669580.0,17883266.0,77.28
HDFCBANK,EQ,08-May-2024,"1,506.15","1,495.95","1,496.95","1,480.35","1,483.50","1,482.65","1,486.59",20843931,30986422880.6,465848.0,13594981.0,65.22
HDFCBANK,EQ,07-May-2024,"1,522.65","1,521.95","1,524.05","1,504.15","1,505.10","1,506.15","1,510.70",14240301,21512820634.1,344750.0,8356783.0,58.68
HDFCBANK,EQ,06-May-2024,"1,519.60","1,522.00","1,534.50","1,517.15","1,523.75","1,522.65","1,525.73",14396698,21965419859.1,290222.0,9672086.0,67.18
HDFCBANK,EQ,03-May-2024,"1,532.25","1,533.25","1,540.60","1,507.20","1,515.65","1,519.60","1,521.12",15932621,24235495414.8,309946.0,7382850.0,46.34
HDFCBANK,EQ,02-May-2024,"1,520.10","1,522.00","1,537.00","1,520.35","1,532.90","1,532.25","1,531.60",16737503,25635147567.95,367994.0,7761502.0,46.37
HDFCBANK,EQ,30-Apr-2024,"1,529.50","1,529.20","1,539.50","1,514.90","1,515.45","1,520.10","1,528.27",26153691,39969810062.5,396483.0,10415468.0,39.82
HDFCBANK,EQ,29-Apr-2024,"1,509.80","1,515.00","1,534.45","1,506.55","1,528.55","1,529.50","1,521.15",18046675,27451636250.7,346924.0,8862484.0,49.11
HDFCBANK,EQ,26-Apr-2024,"1,510.75","1,519.80","1,528.00","1,505.55","1,511.00","1,509.80","1,515.19",12427347,18829791289.85,307546.0,6447334.0,51.88
HDFCBANK,EQ,25-Apr-2024,"1,511.70","1,506.25","1,519.70","1,506.25","1,513.80","1,510.75","1,512.64",17722602,26807994509.45,412279.0,9776931.0,55.17
HDFCBANK,EQ,24-Apr-2024,"1,507.60","1,515.00","1,521.75","1,509.05","1,512.90","1,511.70","1,514.50",11220790,16993856319.65,270693.0,6429367.0,57.30
HDFCBANK,EQ,23-Apr-2024,"1,512.20","1,526.30","1,526.50","1,503.25","1,507.50","1,507.60","1,510.64",13413530,20262998928.7,292429.0,8515775.0,63.49
HDFCBANK,EQ,22-Apr-2024,"1,531.30","1,557.40","1,557.40","1,508.30","1,514.35","1,512.20","1,519.66",21149219,32139720597.85,531868.0,11996190.0,56.72
HDFCBANK,EQ,19-Apr-2024,"1,494.70","1,486.55","1,534.95","1,480.25","1,534.20","1,531.30","1,514.56",17288217,26184017914.35,385294.0,9542891.0,55.20
HDFCBANK,EQ,18-Apr-2024,"1,509.25","1,509.80","1,518.85","1,491.05","1,496.80","1,494.70","1,503.85",17117442,25741997797.45,400151.0,9061937.0,52.94
HDFCBANK,EQ,16-Apr-2024,"1,494.70","1,487.00","1,512.90","1,482.25","1,512.00","1,509.25","1,499.45",10372443,15552984303.1,254321.0,5676628.0,54.73
HDFCBANK,EQ,15-Apr-2024,"1,518.95","1,497.55","1,510.00","1,492.05","1,493.00","1,494.70","1,501.19",11707624,17575373460.4,303733.0,6869481.0,58.68
HDFCBANK,EQ,12-Apr-2024,"1,536.35","1,521.00","1,529.85","1,513.45","1,516.25","1,518.95","1,520.13",20542104,31226729837.45,353957.0,12801265.0,62.32
HDFCBANK,EQ,10-Apr-2024,"1,548.55","1,549.90","1,549.90","1,532.95","1,534.95","1,536.35","1,539.41",13903700,21403551158.35,264951.0,7697580.0,55.36
HDFCBANK,EQ,09-Apr-2024,"1,546.60","1,554.85","1,554.85","1,540.30","1,544.40","1,548.55","1,547.47",10942247,16932784193.35,286447.0,6814594.0,62.28
HDFCBANK,EQ,08-Apr-2024,"1,549.55","1,554.95","1,557.25","1,541.55","1,545.00","1,546.60","1,546.80",10241470,15841481181.95,282686.0,7670253.0,74.89
HDFCBANK,EQ,05-Apr-2024,"1,527.60","1,539.00","1,554.50","1,530.15","1,550.05","1,549.55","1,545.34",29527951,45630707255.45,446260.0,21164256.0,71.68
HDFCBANK,EQ,04-Apr-2024,"1,482.30","1,504.00","1,530.00","1,504.00","1,529.00","1,527.60","1,520.65",44467533,67619706935.1,638189.0,25619874.0,57.61
HDFCBANK,EQ,03-Apr-2024,"1,480.15","1,472.10","1,495.65","1,471.40","1,484.50","1,482.30","1,485.06",22792193,33847785699.15,381267.0,13684601.0,60.04
HDFCBANK,EQ,02-Apr-2024,"1,470.50","1,465.15","1,494.85","1,463.25","1,479.55","1,480.15","1,483.23",20612723,30573359203.2,315849.0,10960586.0,53.17
HDFCBANK,EQ,01-Apr-2024,"1,447.90","1,458.00","1,473.80","1,455.60","1,470.00","1,470.50","1,466.67",12599785,18479761763.45,266085.0,8431758.0,66.92
HDFCBANK,EQ,28-Mar-2024,"1,440.70","1,440.70","1,460.50","1,440.70","1,447.00","1,447.90","1,451.60",27796071,40348658115.25,370836.0,16828698.0,60.54
HDFCBANK,EQ,27-Mar-2024,"1,425.40","1,423.55","1,447.95","1,421.25","1,443.65","1,440.70","1,436.27",31084334,44645417268.5,412302.0,19782418.0,63.64
HDFCBANK,EQ,26-Mar-2024,"1,442.85","1,427.20","1,437.95","1,422.15","1,424.90","1,425.40","1,430.24",28422145,40650467046.25,519149.0,20503182.0,72.14
HDFCBANK,EQ,22-Mar-2024,"1,445.75","1,441.00","1,450.75","1,437.75","1,442.55","1,442.85","1,443.79",22990163,33192980386.6,408312.0,14585298.0,63.44
HDFCBANK,EQ,21-Mar-2024,"1,431.05","1,442.60","1,451.25","1,438.30","1,445.40","1,445.75","1,445.43",14461430,20903015204.35,261033.0,8947572.0,61.87
HDFCBANK,EQ,20-Mar-2024,"1,449.35","1,449.05","1,451.65","1,424.65","1,432.00","1,431.05","1,435.82",21803047,31305142954.85,391871.0,12357309.0,56.68
HDFCBANK,EQ,19-Mar-2024,"1,446.05","1,435.50","1,452.40","1,435.50","1,449.95","1,449.35","1,445.73",18091797,26155872952.15,357501.0,11320260.0,62.57
HDFCBANK,EQ,18-Mar-2024,"1,452.65","1,447.00","1,456.00","1,435.80","1,445.75","1,446.05","1,447.44",10718928,15514993593.4,298423.0,5692012.0,53.10
HDFCBANK,EQ,15-Mar-2024,"1,455.45","1,450.00","1,459.30","1,442.25","1,454.70","1,452.65","1,452.16",71806902,104275232909.4,423259.0,50794310.0,70.74
HDFCBANK,EQ,14-Mar-2024,"1,460.40","1,462.10","1,466.00","1,444.30","1,457.00","1,455.45","1,452.98",26216079,38091465327.1,355538.0,14505354.0,55.33
HDFCBANK,EQ,13-Mar-2024,"1,459.55","1,465.50","1,471.60","1,450.10","1,459.70","1,460.40","1,461.57",31533727,46088810985.45,555367.0,17816086.0,56.50
HDFCBANK,EQ,12-Mar-2024,"1,427.80","1,434.00","1,464.00","1,429.25","1,460.75","1,459.55","1,455.21",32709227,47598903857.45,563469.0,16384302.0,50.09
HDFCBANK,EQ,11-Mar-2024,"1,446.10","1,430.00","1,445.95","1,423.00","1,427.00","1,427.80","1,431.56",25265547,36169185792.1,400746.0,18964859.0,75.06
HDFCBANK,EQ,07-Mar-2024,"1,442.60","1,445.50","1,451.05","1,441.40","1,446.00","1,446.10","1,445.23",24674023,35659521740.4,301040.0,20866170.0,84.57
HDFCBANK,EQ,06-Mar-2024,"1,440.85","1,433.55","1,452.85","1,433.55","1,442.85","1,442.60","1,444.30",21204765,30625970319.2,429803.0,11003451.0,51.89
HDFCBANK,EQ,05-Mar-2024,"1,432.70","1,422.00","1,443.00","1,421.65","1,439.20","1,440.85","1,432.70",18995836,27215248874.45,345780.0,13054500.0,68.72
HDFCBANK,EQ,04-Mar-2024,"1,430.75","1,430.95","1,437.00","1,424.30","1,432.00","1,432.70","1,430.81",17808237,25480270998.65,320401.0,13514118.0,75.89
HDFCBANK,EQ,02-Mar-2024,"1,430.75","1,434.55","1,436.00","1,428.10","1,430.95","1,430.75","1,431.16",895265,1281270465.1,27274.0,514675.0,57.49
HDFCBANK,EQ,01-Mar-2024,"1,403.40","1,400.00","1,432.75","1,400.00","1,429.30","1,430.75","1,419.53",17369449,24656507108.45,430030.0,10939226.0,62.98
HDFCBANK,EQ,29-Feb-2024,"1,409.40","1,402.10","1,410.40","1,397.30","1,407.80","1,403.40","1,403.21",26647850,37392569225.7,567422.0,16904852.0,63.44
HDFCBANK,EQ,28-Feb-2024,"1,420.15","1,420.15","1,424.20","1,404.00","1,406.15","1,409.40","1,414.58",12660993,17910038294.1,302672.0,8285620.0,65.44
HDFCBANK,EQ,27-Feb-2024,"1,422.30","1,413.55","1,426.70","1,413.05","1,421.90","1,420.15","1,419.95",16043575,22781119940.6,384714.0,10238487.0,63.82
HDFCBANK,EQ,26-Feb-2024,"1,420.60","1,413.55","1,434.85","1,413.55","1,421.95","1,422.30","1,426.02",11753435,16760578868.05,381979.0,7160171.0,60.92
HDFCBANK,EQ,23-Feb-2024,"1,419.55","1,422.55","1,433.90","1,418.00","1,419.45","1,420.60","1,425.27",14916726,21260419308.0,335851.0,9640709.0,64.63
HDFCBANK,EQ,22-Feb-2024,"1,439.15","1,417.75","1,428.80","1,412.20","1,422.00","1,419.55","1,419.78",25280441,35892743575.45,477326.0,14239980.0,56.33
HDFCBANK,EQ,21-Feb-2024,"1,454.30","1,464.00","1,464.00","1,435.00","1,436.00","1,439.15","1,446.29",22946568,33187313941.5,493970.0,14741892.0,64.24
HDFCBANK,EQ,20-Feb-2024,"1,417.10","1,415.00","1,457.25","1,411.80","1,453.00","1,454.30","1,443.09",28066754,40502822506.55,518597.0,17963922.0,64.00
HDFCBANK,EQ,19-Feb-2024,"1,419.90","1,429.00","1,429.00","1,415.20","1,419.00","1,417.10","1,420.94",17225878,24476880448.95,296087.0,12172296.0,70.66
HDFCBANK,EQ,16-Feb-2024,"1,414.05","1,423.90","1,427.70","1,408.45","1,417.05","1,419.90","1,417.97",16087871,22812194900.15,402453.0,8820734.0,54.83
HDFCBANK,EQ,15-Feb-2024,"1,384.05","1,385.00","1,415.50","1,384.35","1,414.65","1,414.05","1,402.53",20792472,29162128685.1,533782.0,10560634.0,50.79
HDFCBANK,EQ,14-Feb-2024,"1,394.45","1,376.00","1,391.50","1,363.55","1,384.95","1,384.05","1,373.20",45660405,62700916687.85,883690.0,24952955.0,54.65
HDFCBANK,EQ,13-Feb-2024,"1,390.00","1,391.95","1,404.35","1,384.35","1,391.95","1,394.45","1,394.82",28790497,40157678244.65,445958.0,16199067.0,56.27
HDFCBANK,EQ,12-Feb-2024,"1,403.60","1,399.65","1,413.65","1,383.35","1,392.40","1,390.00","1,394.91",17223906,24025725748.7,486804.0,11102019.0,64.46
HDFCBANK,EQ,09-Feb-2024,"1,403.05","1,392.15","1,414.20","1,387.00","1,408.00","1,403.60","1,402.42",28321062,39717943985.6,512854.0,18921440.0,66.81
HDFCBANK,EQ,08-Feb-2024,"1,429.95","1,429.85","1,438.95","1,400.50","1,407.25","1,403.05","1,415.51",34553062,48910244009.15,797559.0,22315085.0,64.58
HDFCBANK,EQ,07-Feb-2024,"1,444.10","1,453.00","1,453.80","1,426.65","1,430.00","1,429.95","1,435.86",27418543,39369092511.05,523984.0,17664287.0,64.42
HDFCBANK,EQ,06-Feb-2024,"1,444.85","1,445.55","1,449.70","1,432.60","1,443.55","1,444.10","1,442.11",20537870,29617940997.4,410774.0,12354485.0,60.15
HDFCBANK,EQ,05-Feb-2024,"1,446.15","1,446.00","1,451.90","1,434.05","1,443.05","1,444.85","1,442.08",19302523,27835769812.35,487034.0,9505231.0,49.24
HDFCBANK,EQ,02-Feb-2024,"1,466.35","1,475.00","1,480.85","1,442.05","1,445.90","1,446.15","1,461.81",22433877,32794141061.4,547098.0,11894099.0,53.02
HDFCBANK,EQ,01-Feb-2024,"1,462.55","1,465.05","1,473.60","1,456.05","1,466.50","1,466.35","1,465.35",16345370,23951731259.2,395148.0,10441607.0,63.88
HDFCBANK,EQ,31-Jan-2024,"1,444.30","1,439.50","1,474.95","1,436.80","1,462.65","1,462.55","1,462.25",32880520,48079551289.5,548526.0,19899886.0,60.52
HDFCBANK,EQ,30-Jan-2024,"1,454.65","1,454.55","1,463.20","1,440.90","1,444.70","1,444.30","1,447.91",20864384,30209849168.35,451375.0,11258264.0,53.96
HDFCBANK,EQ,29-Jan-2024,"1,434.90","1,448.05","1,462.80","1,445.80","1,456.80","1,454.65","1,454.14",32822749,47728790185.85,694082.0,23704142.0,72.22
HDFCBANK,EQ,25-Jan-2024,"1,455.90","1,452.50","1,457.35","1,419.40","1,440.70","1,434.90","1,434.16",49470926,70949159079.5,787699.0,31535782.0,63.75
HDFCBANK,EQ,24-Jan-2024,"1,427.35","1,380.25","1,458.45","1,380.25","1,456.30","1,455.90","1,435.74",43002202,61740125439.0,817417.0,27474718.0,63.89
HDFCBANK,EQ,23-Jan-2024,"1,478.85","1,465.00","1,474.70","1,425.00","1,430.95","1,427.35","1,442.66",57734701,83291508720.05,1415782.0,37949562.0,65.73
HDFCBANK,EQ,20-Jan-2024,"1,470.65","1,483.20","1,495.70","1,476.00","1,480.65","1,478.85","1,483.92",12920293,19172637247.3,403196.0,4771146.0,36.93
HDFCBANK,EQ,19-Jan-2024,"1,486.15","1,505.95","1,510.25","1,468.40","1,474.90","1,470.65","1,483.88",54800269,81316862185.55,1275220.0,40988837.0,74.80
HDFCBANK,EQ,18-Jan-2024,"1,537.50","1,494.00","1,515.00","1,480.05","1,490.00","1,486.15","1,495.03",80535465,120402678844.55,1582497.0,55933202.0,69.45
HDFCBANK,EQ,17-Jan-2024,"1,679.15","1,570.00","1,596.80","1,528.40","1,542.15","1,537.50","1,565.65",85072618,133193618859.55,2098772.0,53380592.0,62.75
HDFCBANK,EQ,16-Jan-2024,"1,672.80","1,673.00","1,683.65","1,658.10","1,678.00","1,679.15","1,672.44",12661250,21175143184.95,347404.0,7075982.0,55.89
HDFCBANK,EQ,15-Jan-2024,"1,641.20","1,647.70","1,680.90","1,643.60","1,679.70","1,672.80","1,666.61",14160178,23599525731.75,414759.0,9781433.0,69.08
HDFCBANK,EQ,12-Jan-2024,"1,649.00","1,652.00","1,656.00","1,633.60","1,643.95","1,641.20","1,645.10",9886776,16264760030.85,278690.0,5997002.0,60.66
HDFCBANK,EQ,11-Jan-2024,"1,655.95","1,660.00","1,662.90","1,643.00","1,649.30","1,649.00","1,653.30",9157005,15139271150.7,230772.0,6716094.0,73.34
HDFCBANK,EQ,10-Jan-2024,"1,650.50","1,643.00","1,659.95","1,641.40","1,656.00","1,655.95","1,653.21",8057912,13321422833.2,173498.0,5376758.0,66.73
HDFCBANK,EQ,09-Jan-2024,"1,663.45","1,667.15","1,677.80","1,646.75","1,650.95","1,650.50","1,660.84",12663444,21031958360.5,269602.0,6528474.0,51.55
HDFCBANK,EQ,08-Jan-2024,"1,682.20","1,678.50","1,682.35","1,660.00","1,662.90","1,663.45","1,671.84",8999235,15045304192.3,368430.0,5643830.0,62.71
HDFCBANK,EQ,05-Jan-2024,"1,690.85","1,687.15","1,704.90","1,668.10","1,679.00","1,682.20","1,679.44",15944735,26778251761.45,426162.0,9617611.0,60.32
HDFCBANK,EQ,04-Jan-2024,"1,672.90","1,678.00","1,694.95","1,670.70","1,690.85","1,690.85","1,681.98",13367028,22483129792.5,335934.0,9457028.0,70.75
HDFCBANK,EQ,03-Jan-2024,"1,699.10","1,702.00","1,704.70","1,668.95","1,674.60","1,672.90","1,681.27",14194881,23865412912.55,426015.0,8613392.0,60.68
HDFCBANK,EQ,02-Jan-2024,"1,698.10","1,698.80","1,702.80","1,688.70","1,697.50","1,699.10","1,697.43",14621046,24818149211.1,334886.0,8690628.0,59.44
HDFCBANK,EQ,01-Jan-2024,"1,709.25","1,706.00","1,709.15","1,692.00","1,692.90","1,698.10","1,701.52",7119843,12114568489.3,258349.0,4416670.0,62.03
HDFCBANK,EQ,29-Dec-2023,"1,705.25","1,697.00","1,714.90","1,696.00","1,708.65","1,709.25","1,707.51",12505713,21353650105.25,264143.0,9195603.0,73.53
HDFCBANK,EQ,26-Dec-2025,997.20,996.00,997.20,987.70,992.00,992.10,992.32,9360853,9288952052.7,196688.0,7031168.0,75.11
HDFCBANK,EQ,24-Dec-2025,996.60,993.00,999.40,993.00,995.30,997.20,996.34,13699996,13649827358.4,203107.0,6062889.0,44.25
HDFCBANK,EQ,23-Dec-2025,987.70,990.50,998.90,987.70,997.00,996.60,994.81,17927849,17834864449.3,227121.0,9434296.0,52.62
HDFCBANK,EQ,22-Dec-2025,985.50,988.00,992.90,983.90,987.20,987.70,987.63,13540411,13372875582.7,253393.0,8188244.0,60.47
HDFCBANK,EQ,19-Dec-2025,979.70,987.00,988.00,978.70,985.20,985.50,984.91,25952384,25560667946.0,246675.0,19002918.0,73.22
HDFCBANK,EQ,18-Dec-2025,984.00,973.30,987.40,973.30,980.00,979.70,981.48,14912404,14636196743.0,412559.0,9559809.0,64.11
HDFCBANK,EQ,17-Dec-2025,994.30,996.00,996.00,980.80,985.20,984.00,985.22,19080922,18798880243.8,288605.0,13749573.0,72.06
HDFCBANK,EQ,16-Dec-2025,996.10,990.10,998.70,990.10,994.20,994.30,994.74,20049088,19943698733.6,307140.0,10578543.0,52.76
HDFCBANK,EQ,15-Dec-2025,"1,001.50",992.00,"1,001.80",992.00,995.00,996.10,995.95,9790060,9750388373.6,182612.0,5689455.0,58.11
HDFCBANK,EQ,12-Dec-2025,"1,000.30","1,003.00","1,004.70",998.20,"1,002.90","1,001.50","1,001.52",11988618,12006883854.1,153825.0,8974647.0,74.86
HDFCBANK,EQ,11-Dec-2025,989.80,990.00,"1,002.70",988.50,999.90,"1,000.30",996.96,11844809,11808832354.3,177935.0,7553960.0,63.77
HDFCBANK,EQ,10-Dec-2025,997.10,997.50,998.50,985.30,990.40,989.80,990.90,15322830,15183409188.4,275347.0,10399067.0,67.87
HDFCBANK,EQ,09-Dec-2025,"1,003.10",994.90,"1,002.80",994.00,997.00,997.10,998.68,15294322,15274186067.4,206598.0,8851628.0,57.88
HDFCBANK,EQ,08-Dec-2025,"1,003.30","1,000.00","1,006.50",997.50,"1,001.80","1,003.10","1,002.21",12901022,12929480947.9,219872.0,8540982.0,66.20
HDFCBANK,EQ,05-Dec-2025,997.20,992.00,"1,008.00",990.20,"1,001.20","1,003.30","1,000.86",12843366,12854350197.3,192024.0,7782512.0,60.60
HDFCBANK,EQ,04-Dec-2025,"1,000.50","1,000.00","1,004.70",993.00,998.50,997.20,998.28,14528169,14503248744.0,241847.0,10117111.0,69.64
HDFCBANK,EQ,03-Dec-2025,989.80,986.00,"1,002.30",986.00,"1,000.10","1,000.50",993.84,15448777,15353618863.9,222651.0,10662697.0,69.02
HDFCBANK,EQ,02-Dec-2025,"1,002.10",988.00,994.40,985.00,991.40,989.80,990.24,27316662,27050186723.2,363303.0,18025565.0,65.99
HDFCBANK,EQ,01-Dec-2025,"1,007.60","1,017.50","1,017.50",999.30,"1,002.90","1,002.10","1,005.66",16746566,16841329243.2,282719.0,10412743.0,62.18
HDFCBANK,EQ,28-Nov-2025,"1,009.50","1,007.00","1,012.05","1,004.20","1,006.70","1,007.60","1,008.93",15988807,16131518093.4,178196.0,11179507.0,69.92
HDFCBANK,EQ,27-Nov-2025,"1,003.90","1,002.10","1,016.80","1,001.00","1,009.05","1,009.50","1,010.95",25536848,25816356116.1,313073.0,16830504.0,65.91
HDFCBANK,EQ,26-Nov-2025,989.80,981.30,"1,006.95",981.30,"1,005.00","1,003.90",999.58,19494356,19486197443.7,207998.0,10553283.0,54.14
HDFCBANK,EQ,25-Nov-2025,999.15,"1,004.00","1,006.10",988.40,989.45,989.80,995.08,24989383,24866505641.8,275451.0,14345733.0,57.41
HDFCBANK,EQ,24-Nov-2025,998.05,"1,000.00","1,011.45",993.60,997.85,999.15,"1,001.79",32204053,32261618761.75,280226.0,23158827.0,71.91
HDFCBANK,EQ,21-Nov-2025,"1,008.85","1,003.10","1,008.30",996.55,998.00,998.05,"1,001.07",17499897,17518694760.0,271649.0,11781873.0,67.33
HDFCBANK,EQ,20-Nov-2025,994.60,995.30,"1,011.60",992.45,"1,008.60","1,008.85","1,003.81",19850865,19926417239.25,254686.0,12310443.0,62.01
HDFCBANK,EQ,19-Nov-2025,992.45,990.00,996.55,984.00,994.80,994.60,989.67,19813847,19609199278.35,201324.0,14380578.0,72.58
HDFCBANK,EQ,18-Nov-2025,996.55,997.65,999.00,990.00,990.85,992.45,994.68,20002640,19896287879.55,217914.0,13276284.0,66.37
HDFCBANK,EQ,17-Nov-2025,989.60,991.25,997.95,985.60,996.45,996.55,993.87,18396408,18283667280.45,197155.0,12483495.0,67.86
HDFCBANK,EQ,14-Nov-2025,986.65,976.05,991.65,976.05,989.00,989.60,984.95,21386965,21065033481.45,301431.0,15669091.0,73.26
HDFCBANK,EQ,13-Nov-2025,989.50,984.00,990.10,982.60,985.75,986.65,986.34,14124839,13931855903.95,289471.0,8400766.0,59.48
HDFCBANK,EQ,12-Nov-2025,991.70,998.80,999.00,987.70,990.25,989.50,992.14,13137263,13034039694.95,166500.0,9064648.0,69.00
HDFCBANK,EQ,11-Nov-2025,984.50,983.50,993.50,978.00,992.00,991.70,987.26,10200530,10070524484.25,229810.0,5178183.0,50.76
HDFCBANK,EQ,10-Nov-2025,982.30,982.30,990.95,980.20,984.60,984.50,986.19,15988262,15767386584.0,373004.0,11329554.0,70.86
HDFCBANK,EQ,07-Nov-2025,984.65,980.00,984.90,974.75,984.30,982.30,979.96,15004568,14703832279.8,315369.0,10669610.0,71.11
HDFCBANK,EQ,06-Nov-2025,985.25,981.00,991.05,974.00,987.50,984.65,984.48,22279516,21933818395.9,278532.0,11400343.0,51.17
HDFCBANK,EQ,04-Nov-2025,992.65,987.00,997.00,983.70,985.70,985.25,990.21,20024544,19828527608.75,302828.0,10792510.0,53.90
HDFCBANK,EQ,03-Nov-2025,987.30,985.00,994.55,983.30,993.40,992.65,991.15,16607180,16460236700.55,288032.0,9995580.0,60.19
HDFCBANK,EQ,31-Oct-2025,998.15,994.00,"1,004.45",981.15,987.95,987.30,989.37,23221330,22974558984.15,454775.0,14530695.0,62.57
HDFCBANK,EQ,30-Oct-2025,"1,007.85","1,000.00","1,009.50",997.10,999.95,998.15,"1,001.53",19962917,19993506579.25,365104.0,11016753.0,55.19
HDFCBANK,EQ,29-Oct-2025,"1,003.55","1,004.90","1,012.50","1,000.00","1,008.50","1,007.85","1,007.89",17769445,17909676109.65,281715.0,10183404.0,57.31
HDFCBANK,EQ,28-Oct-2025,"1,002.95",997.65,"1,008.00",995.00,"1,004.90","1,003.55","1,001.18",33904289,33944177651.4,423621.0,17802447.0,52.51
HDFCBANK,EQ,27-Oct-2025,994.75,996.50,"1,009.05",996.20,"1,003.50","1,002.95","1,003.92",15700796,15762265430.25,297938.0,10876558.0,69.27
HDFCBANK,EQ,24-Oct-2025,"1,008.80","1,011.00","1,011.95",991.30,995.90,994.75,999.40,17707768,17697089817.3,362016.0,10325814.0,58.31
HDFCBANK,EQ,23-Oct-2025,"1,007.70","1,016.00","1,020.50","1,006.00","1,006.60","1,008.80","1,013.19",43526526,44100430667.15,518216.0,29430278.0,67.61
HDFCBANK,EQ,21-Oct-2025,"1,002.95","1,006.00","1,010.00","1,004.00","1,004.00","1,007.70","1,008.15",3471600,3499906215.35,88749.0,2208820.0,63.63
HDFCBANK,EQ,20-Oct-2025,"1,002.55",997.00,"1,020.00",997.00,"1,003.60","1,002.95","1,005.08",22195202,22307932790.7,416206.0,11949161.0,53.84
HDFCBANK,EQ,17-Oct-2025,994.35,993.95,"1,009.00",986.00,"1,000.60","1,002.55","1,001.76",25210511,25254761309.8,371430.0,14088788.0,55.88
HDFCBANK,EQ,16-Oct-2025,978.25,982.65,996.60,981.50,993.60,994.35,989.28,22936566,22690615843.35,362882.0,14825575.0,64.64
HDFCBANK,EQ,15-Oct-2025,977.15,975.00,984.90,973.35,978.50,978.25,979.29,23310447,22827742875.95,251500.0,15931470.0,68.34
HDFCBANK,EQ,14-Oct-2025,977.00,970.00,980.45,967.00,976.25,977.15,975.43,22934382,22370980681.75,217173.0,12964881.0,56.53
HDFCBANK,EQ,13-Oct-2025,980.90,974.30,981.00,972.00,977.10,977.00,977.15,18634254,18208400781.7,280003.0,11986144.0,64.32
HDFCBANK,EQ,10-Oct-2025,977.10,979.00,986.20,978.10,981.45,980.90,982.56,13757080,13517176056.05,237034.0,8499509.0,61.78
HDFCBANK,EQ,09-Oct-2025,978.70,974.50,979.00,970.15,975.00,977.10,976.00,15370950,15001996973.25,213008.0,8147055.0,53.00
HDFCBANK,EQ,08-Oct-2025,982.50,976.00,985.90,974.55,977.20,978.70,979.57,15939710,15613997664.15,209764.0,9771789.0,61.30
HDFCBANK,EQ,07-Oct-2025,973.45,974.00,989.85,971.00,981.80,982.50,983.54,25535736,25115433186.6,246182.0,15458605.0,60.54
HDFCBANK,EQ,06-Oct-2025,965.15,971.90,977.40,962.00,973.90,973.45,973.33,18542683,18048185820.2,242243.0,11419980.0,61.59
HDFCBANK,EQ,03-Oct-2025,965.25,952.00,966.75,952.00,963.70,965.15,960.81,26658296,25613477189.5,262320.0,18018739.0,67.59
HDFCBANK,EQ,01-Oct-2025,951.00,952.70,969.60,946.00,965.80,965.25,961.75,25350832,24381070597.7,284713.0,16742115.0,66.04
HDFCBANK,EQ,30-Sep-2025,950.30,958.05,960.00,946.30,952.50,951.00,951.48,28296687,26923671201.95,254597.0,16506431.0,58.33
HDFCBANK,EQ,29-Sep-2025,945.05,946.05,956.80,939.10,953.40,950.30,950.17,32398179,30783888581.8,296694.0,22819747.0,70.44
HDFCBANK,EQ,26-Sep-2025,949.85,945.10,951.45,941.30,944.25,945.05,945.96,14874656,14070786048.15,209563.0,9035935.0,60.75
HDFCBANK,EQ,25-Sep-2025,951.05,952.50,958.00,947.40,951.20,949.85,952.03,31413279,29906381362.7,256060.0,20833726.0,66.32
HDFCBANK,EQ,24-Sep-2025,957.20,952.20,956.45,943.00,951.00,951.05,949.21,15117220,14349411269.75,248417.0,9795696.0,64.80
HDFCBANK,EQ,23-Sep-2025,964.20,967.00,968.20,955.50,958.45,957.20,960.10,21022298,20183427172.9,190721.0,11319285.0,53.84
HDFCBANK,EQ,22-Sep-2025,966.90,964.00,971.20,961.95,965.40,964.20,966.40,10854415,10489724995.75,139126.0,6152391.0,56.68
HDFCBANK,EQ,19-Sep-2025,976.90,974.90,976.70,962.10,967.00,966.90,967.22,31243267,30219230008.15,220137.0,23282508.0,74.52
HDFCBANK,EQ,18-Sep-2025,966.50,973.30,979.65,969.25,976.00,976.90,974.66,17791598,17340847521.6,267040.0,9572957.0,53.81
HDFCBANK,EQ,17-Sep-2025,966.85,965.15,974.40,964.35,967.00,966.50,968.39,17361476,16812655777.9,269236.0,12477258.0,71.87
HDFCBANK,EQ,16-Sep-2025,967.05,961.20,969.35,961.20,966.30,966.85,966.32,18661794,18033279292.75,201920.0,13372765.0,71.66
HDFCBANK,EQ,15-Sep-2025,967.30,969.60,972.35,965.00,966.10,967.05,968.58,14486377,14031209535.6,198502.0,9376182.0,64.72
HDFCBANK,EQ,12-Sep-2025,967.80,969.90,970.75,962.25,966.90,967.30,966.65,14363519,13884430847.5,265851.0,10837642.0,75.45
HDFCBANK,EQ,11-Sep-2025,965.90,960.30,969.25,959.90,966.50,967.80,965.95,15113633,14598945433.15,220801.0,7824117.0,51.77
HDFCBANK,EQ,10-Sep-2025,965.15,973.90,973.90,961.70,965.50,965.90,966.21,18091100,17479779505.3,218336.0,13233607.0,73.15
HDFCBANK,EQ,09-Sep-2025,966.00,974.00,974.40,962.70,966.45,965.15,967.81,13985539,13535396477.2,181800.0,8674252.0,62.02
HDFCBANK,EQ,08-Sep-2025,963.40,969.00,973.15,960.45,967.35,966.00,967.58,11711307,11331677355.7,193535.0,7723748.0,65.95
HDFCBANK,EQ,05-Sep-2025,961.25,967.50,967.50,954.05,962.60,963.40,960.70,11602111,11146202039.65,210037.0,8025866.0,69.18
HDFCBANK,EQ,04-Sep-2025,954.45,960.20,965.70,956.25,960.95,961.25,961.34,17597657,16917300954.6,212281.0,9825135.0,55.83
HDFCBANK,EQ,03-Sep-2025,944.50,945.00,956.30,940.00,953.95,954.45,947.66,16083481,15241746460.65,288240.0,11088091.0,68.94
HDFCBANK,EQ,02-Sep-2025,950.60,951.00,954.80,944.00,944.70,944.50,948.80,14196320,13469417784.7,343637.0,8559801.0,60.30
HDFCBANK,EQ,01-Sep-2025,951.60,949.60,957.45,946.35,950.80,950.60,950.62,20178344,19181919082.15,410933.0,15470566.0,76.67
HDFCBANK,EQ,29-Aug-2025,957.80,954.00,963.30,950.10,953.40,951.60,955.24,14823813,14160314228.1,260839.0,10921593.0,73.68
HDFCBANK,EQ,28-Aug-2025,973.40,967.00,972.20,955.00,961.80,957.80,962.09,25438255,24473886027.8,377835.0,14779593.0,58.10
HDFCBANK,EQ,26-Aug-2025,"1,964.10",979.50,985.70,968.00,972.30,973.40,973.26,16917731,16465410030.9,296302.0,11117324.0,65.71
HDFCBANK,EQ,25-Aug-2025,"1,964.60","1,960.20","1,977.40","1,957.00","1,969.20","1,964.10","1,967.27",8759022,17231388424.4,217503.0,6285996.0,71.77
HDFCBANK,EQ,22-Aug-2025,"1,991.20","1,989.90","1,996.00","1,957.10","1,965.50","1,964.60","1,968.66",9916751,19522714269.1,253318.0,7296028.0,73.57
HDFCBANK,EQ,21-Aug-2025,"1,988.20","1,997.50","1,997.50","1,983.20","1,990.50","1,991.20","1,991.62",6219925,12387722464.0,160599.0,3938606.0,63.32
HDFCBANK,EQ,20-Aug-2025,"1,991.10","1,987.00","1,992.00","1,979.00","1,988.30","1,988.20","1,985.13",4975114,9876263155.3,173424.0,3262221.0,65.57
HDFCBANK,EQ,19-Aug-2025,"2,003.60","1,998.30","2,006.10","1,986.70","1,990.00","1,991.10","1,995.49",6176219,12324574114.9,170899.0,3356794.0,54.35
HDFCBANK,EQ,18-Aug-2025,"1,991.10","2,010.00","2,026.60","1,995.60","2,005.00","2,003.60","2,008.73",9642398,19368989917.9,220027.0,5890386.0,61.09
HDFCBANK,EQ,14-Aug-2025,"1,980.30","1,978.00","1,996.00","1,971.20","1,989.50","1,991.10","1,990.18",8755858,17425742818.7,174342.0,5399734.0,61.67
HDFCBANK,EQ,13-Aug-2025,"1,969.90","1,994.00","1,994.00","1,969.10","1,979.90","1,980.30","1,977.14",6788698,13422176534.1,177703.0,4659295.0,68.63
HDFCBANK,EQ,12-Aug-2025,"1,995.60","1,991.90","1,996.00","1,967.50","1,969.70","1,969.90","1,978.54",6468901,12798999218.2,237925.0,3763379.0,58.18
HDFCBANK,EQ,11-Aug-2025,"1,973.90","1,975.90","1,997.60","1,973.10","1,992.00","1,995.60","1,986.89",4552927,9046155578.7,165998.0,2893629.0,63.56
HDFCBANK,EQ,08-Aug-2025,"1,995.40","1,987.10","1,992.80","1,970.00","1,972.00","1,973.90","1,978.99",6947632,13749288126.4,178320.0,4921047.0,70.83
HDFCBANK,EQ,07-Aug-2025,"1,985.30","1,980.10","2,001.60","1,976.80","1,998.00","1,995.40","1,986.09",6540593,12990237207.7,223527.0,3957541.0,60.51
HDFCBANK,EQ,06-Aug-2025,"1,977.60","1,971.10","1,988.00","1,970.00","1,987.00","1,985.30","1,978.39",7040102,13928074705.9,211058.0,5193296.0,73.77
HDFCBANK,EQ,05-Aug-2025,"1,992.00","1,986.50","1,994.40","1,965.50","1,981.00","1,977.60","1,975.61",11989029,23685633703.6,194332.0,8686084.0,72.45
HDFCBANK,EQ,04-Aug-2025,"2,012.20","2,010.10","2,018.50","1,988.10","1,994.40","1,992.00","1,997.96",6966973,13919756957.2,248150.0,5392274.0,77.40
HDFCBANK,EQ,01-Aug-2025,"2,018.20","2,014.00","2,028.30","2,009.30","2,016.90","2,012.20","2,015.24",5658629,11403473962.3,138595.0,3877981.0,68.53
HDFCBANK,EQ,31-Jul-2025,"2,025.80","2,014.60","2,031.40","2,008.00","2,018.00","2,018.20","2,020.81",11091516,22413795872.2,199191.0,4663953.0,42.05
HDFCBANK,EQ,30-Jul-2025,"2,021.60","2,028.00","2,032.60","2,017.00","2,025.90","2,025.80","2,023.94",7577018,15335457713.7,152763.0,5292067.0,69.84
HDFCBANK,EQ,29-Jul-2025,"2,008.50","1,999.90","2,026.50","1,996.30","2,023.00","2,021.60","2,015.07",9947848,20045635384.9,234546.0,6912288.0,69.49
HDFCBANK,EQ,28-Jul-2025,"2,004.60","2,003.00","2,021.40","2,000.50","2,009.90","2,008.50","2,011.08",6029790,12126412272.8,219624.0,4269112.0,70.80
HDFCBANK,EQ,25-Jul-2025,"2,014.20","2,015.00","2,015.00","1,999.00","2,005.00","2,004.60","2,005.63",4653299,9332802398.8,163735.0,2670096.0,57.38
HDFCBANK,EQ,24-Jul-2025,"2,024.30","2,037.70","2,037.70","2,008.40","2,011.70","2,014.20","2,019.12",9553588,19289876404.2,183573.0,5946175.0,62.24
HDFCBANK,EQ,23-Jul-2025,"2,007.10","2,011.00","2,029.80","2,003.00","2,024.50","2,024.30","2,019.97",6817458,13771089884.7,191989.0,4887186.0,71.69
HDFCBANK,EQ,22-Jul-2025,"2,000.50","2,013.10","2,018.00","2,003.00","2,005.00","2,007.10","2,009.05",7418407,14903939836.3,226727.0,5286787.0,71.27
HDFCBANK,EQ,21-Jul-2025,"1,957.40","1,978.20","2,002.00","1,976.50","2,001.50","2,000.50","1,993.45",11154539,22236041336.4,275691.0,6536125.0,58.60
HDFCBANK,EQ,18-Jul-2025,"1,986.90","1,986.90","1,997.00","1,953.00","1,956.00","1,957.40","1,968.80",8064723,15877808287.5,221823.0,5524936.0,68.51
HDFCBANK,EQ,17-Jul-2025,"1,996.30","2,004.00","2,004.80","1,982.70","1,986.00","1,986.90","1,991.85",11264579,22437406105.6,256020.0,6366220.0,56.52
HDFCBANK,EQ,16-Jul-2025,"1,995.50","2,018.00","2,022.70","1,992.60","1,996.00","1,996.30","2,005.54",8997306,18044432313.4,216845.0,5265661.0,58.52
HDFCBANK,EQ,15-Jul-2025,"1,983.00","1,973.00","2,003.60","1,973.00","1,998.00","1,995.50","1,993.02",7249084,14447599382.1,157806.0,4070577.0,56.15
HDFCBANK,EQ,14-Jul-2025,"1,983.70","1,983.00","1,988.70","1,970.60","1,982.90","1,983.00","1,978.80",6544425,12950097345.9,132854.0,4932484.0,75.37
HDFCBANK,EQ,11-Jul-2025,"2,006.20","1,998.00","2,004.80","1,980.90","1,983.00","1,983.70","1,987.41",6258461,12438153798.2,125871.0,4958892.0,79.24
HDFCBANK,EQ,10-Jul-2025,"2,011.20","2,016.00","2,017.00","2,000.00","2,002.80","2,006.20","2,008.54",8515155,17103052403.8,184619.0,4603926.0,54.07
HDFCBANK,EQ,09-Jul-2025,"2,001.40","2,007.00","2,013.80","1,998.10","2,008.50","2,011.20","2,007.10",6930714,13910645549.4,151284.0,4775873.0,68.91
HDFCBANK,EQ,08-Jul-2025,"1,987.40","1,977.00","2,005.00","1,977.00","1,999.40","2,001.40","1,992.88",7612158,15170095365.5,199823.0,4719470.0,62.00
HDFCBANK,EQ,07-Jul-2025,"1,989.30","1,989.00","1,998.40","1,983.80","1,985.50","1,987.40","1,989.37",5674713,11289078543.0,163393.0,3580127.0,63.09
HDFCBANK,EQ,04-Jul-2025,"1,987.10","1,987.10","2,003.50","1,980.00","1,992.70","1,989.30","1,987.51",3931972,7814832915.6,150676.0,2386234.0,60.69
HDFCBANK,EQ,03-Jul-2025,"1,986.00","1,994.90","2,008.00","1,984.30","1,985.90","1,987.10","1,993.22",8430253,16803371805.6,182242.0,4021259.0,47.70
HDFCBANK,EQ,02-Jul-2025,"2,012.10","2,019.90","2,019.90","1,977.90","1,985.50","1,986.00","1,990.25",9439125,18786219250.6,268429.0,6516626.0,69.04
HDFCBANK,EQ,01-Jul-2025,"2,001.50","2,005.00","2,016.00","2,004.00","2,011.10","2,012.10","2,010.15",7194693,14462421818.6,169976.0,4895516.0,68.04
HDFCBANK,EQ,30-Jun-2025,"2,014.90","2,011.50","2,013.80","1,995.50","2,000.00","2,001.50","2,001.16",6824510,13656939181.0,199780.0,5025817.0,73.64
HDFCBANK,EQ,27-Jun-2025,"2,021.80","2,013.00","2,019.80","1,993.40","2,011.50","2,014.90","2,011.75",14106692,28379071385.7,226961.0,11790269.0,83.58
HDFCBANK,EQ,26-Jun-2025,"1,980.20","1,981.40","2,027.10","1,980.00","2,017.70","2,021.80","2,011.21",25042415,50365656414.5,343662.0,17082370.0,68.21
HDFCBANK,EQ,25-Jun-2025,"1,960.90","1,966.00","1,982.00","1,963.90","1,980.00","1,980.20","1,977.13",9202966,18195446515.7,206190.0,6856865.0,74.51
HDFCBANK,EQ,24-Jun-2025,"1,948.40","1,965.00","1,979.00","1,955.60","1,963.70","1,960.90","1,964.12",11312661,22219442191.5,231814.0,5590603.0,49.42
HDFCBANK,EQ,23-Jun-2025,"1,964.70","1,948.40","1,957.90","1,941.80","1,948.10","1,948.40","1,948.19",5869759,11435395881.1,176324.0,4136205.0,70.47
HDFCBANK,EQ,20-Jun-2025,"1,935.30","1,931.60","1,969.90","1,931.60","1,963.10","1,964.70","1,960.39",16450204,32248839586.4,261970.0,13234979.0,80.45
HDFCBANK,EQ,19-Jun-2025,"1,933.90","1,933.90","1,946.80","1,925.60","1,933.10","1,935.30","1,937.61",8438110,16349732658.7,202215.0,5083169.0,60.24
HDFCBANK,EQ,18-Jun-2025,"1,929.60","1,917.00","1,936.30","1,917.00","1,932.50","1,933.90","1,928.12",9216908,17771302525.4,251910.0,7313289.0,79.35
HDFCBANK,EQ,17-Jun-2025,"1,935.40","1,937.00","1,941.60","1,919.10","1,926.00","1,929.60","1,927.55",8489368,16363691276.8,219738.0,5836894.0,68.76
HDFCBANK,EQ,16-Jun-2025,"1,917.60","1,924.00","1,938.90","1,920.10","1,936.90","1,935.40","1,933.31",8256873,15963122374.7,199177.0,6755556.0,81.82
HDFCBANK,EQ,13-Jun-2025,"1,943.40","1,920.00","1,933.00","1,913.00","1,919.50","1,917.60","1,920.08",6058881,11633522704.6,187789.0,4157664.0,68.62
HDFCBANK,EQ,12-Jun-2025,"1,950.40","1,950.00","1,961.00","1,935.30","1,940.00","1,943.40","1,945.18",8174565,15901014848.9,179174.0,4709228.0,57.61
HDFCBANK,EQ,11-Jun-2025,"1,965.30","1,967.60","1,967.60","1,947.00","1,947.90","1,950.40","1,956.28",5548197,10853832767.0,181762.0,4381595.0,78.97
HDFCBANK,EQ,10-Jun-2025,"1,978.90","1,982.80","1,982.80","1,961.10","1,962.80","1,965.30","1,967.94",7766563,15284154944.5,281306.0,5433094.0,69.95
HDFCBANK,EQ,09-Jun-2025,"1,978.70","1,995.00","1,995.00","1,975.90","1,980.10","1,978.90","1,982.15",6601294,13084780209.8,203285.0,4310858.0,65.30
HDFCBANK,EQ,06-Jun-2025,"1,949.60","1,944.00","1,996.30","1,942.70","1,978.00","1,978.70","1,976.03",15063504,29765991590.3,354572.0,9208623.0,61.13
HDFCBANK,EQ,05-Jun-2025,"1,941.20","1,948.00","1,958.90","1,940.20","1,952.00","1,949.60","1,950.15",11127709,21700698216.2,216860.0,6248672.0,56.15
HDFCBANK,EQ,04-Jun-2025,"1,924.60","1,921.00","1,943.30","1,920.90","1,939.50","1,941.20","1,935.52",6480771,12543693178.6,205372.0,4648807.0,71.73
HDFCBANK,EQ,03-Jun-2025,"1,932.10","1,938.00","1,952.00","1,920.00","1,923.50","1,924.60","1,933.85",12188792,23571332796.7,202204.0,8884330.0,72.89
HDFCBANK,EQ,02-Jun-2025,"1,944.90","1,930.10","1,936.00","1,908.00","1,931.00","1,932.10","1,924.65",7334411,14116152681.3,202297.0,4806505.0,65.53
HDFCBANK,EQ,30-May-2025,"1,927.50","1,931.90","1,948.80","1,925.40","1,941.50","1,944.90","1,939.36",14374039,27876395261.1,152055.0,10680728.0,74.31
HDFCBANK,EQ,29-May-2025,"1,923.50","1,928.00","1,940.80","1,907.30","1,937.60","1,927.50","1,921.28",14458897,27779560938.6,215462.0,8083688.0,55.91
HDFCBANK,EQ,28-May-2025,"1,926.30","1,920.20","1,934.50","1,917.70","1,928.40","1,923.50","1,922.92",9078797,17457806722.1,179687.0,6653105.0,73.28
HDFCBANK,EQ,27-May-2025,"1,940.20","1,931.60","1,948.00","1,916.30","1,926.80","1,926.30","1,927.12",13081074,25208751300.7,202672.0,7560818.0,57.80
HDFCBANK,EQ,26-May-2025,"1,933.60","1,935.00","1,949.90","1,926.90","1,940.30","1,940.20","1,939.47",5401430,10475911940.9,201842.0,3386064.0,62.69
HDFCBANK,EQ,23-May-2025,"1,919.90","1,920.10","1,937.00","1,914.50","1,933.50","1,933.60","1,929.98",4783036,9231150800.4,116301.0,3324907.0,69.51
HDFCBANK,EQ,22-May-2025,"1,926.80","1,915.20","1,924.20","1,905.20","1,924.00","1,919.90","1,914.84",10653335,20399411133.4,255429.0,6993511.0,65.65
HDFCBANK,EQ,21-May-2025,"1,914.90","1,927.00","1,946.90","1,921.10","1,925.20","1,926.80","1,930.42",7566020,14605582585.7,205548.0,4481751.0,59.24
HDFCBANK,EQ,20-May-2025,"1,938.70","1,928.10","1,934.60","1,913.00","1,917.10","1,914.90","1,918.55",11939545,22906655882.1,176524.0,8268352.0,69.25
HDFCBANK,EQ,19-May-2025,"1,934.70","1,937.00","1,945.00","1,931.00","1,937.10","1,938.70","1,938.13",5101482,9887338159.2,156815.0,3240362.0,63.52
HDFCBANK,EQ,16-May-2025,"1,933.80","1,933.80","1,943.80","1,928.40","1,934.50","1,934.70","1,933.50",7934005,15340426257.0,175140.0,5821408.0,73.37
HDFCBANK,EQ,15-May-2025,"1,910.60","1,913.50","1,944.80","1,897.00","1,933.80","1,933.80","1,923.01",16120729,31000329957.9,224596.0,8875200.0,55.05
HDFCBANK,EQ,14-May-2025,"1,922.60","1,922.10","1,930.20","1,903.00","1,913.50","1,910.60","1,914.76",7722654,14787000374.5,189542.0,5324638.0,68.95
HDFCBANK,EQ,13-May-2025,"1,957.20","1,950.00","1,961.70","1,920.00","1,924.90","1,922.60","1,930.60",12121051,23400936924.4,234495.0,8111085.0,66.92
HDFCBANK,EQ,12-May-2025,"1,889.70","1,917.60","1,959.90","1,912.30","1,956.40","1,957.20","1,948.86",9309486,18142865391.2,207249.0,6484427.0,69.65
HDFCBANK,EQ,09-May-2025,"1,928.50","1,910.10","1,919.00","1,886.80","1,893.30","1,889.70","1,894.97",8594398,16286144558.6,292155.0,6418433.0,74.68
HDFCBANK,EQ,08-May-2025,"1,945.60","1,954.80","1,954.80","1,919.10","1,921.50","1,928.50","1,933.80",17401715,33651432174.3,280256.0,11992864.0,68.92
HDFCBANK,EQ,07-May-2025,"1,931.70","1,934.00","1,948.70","1,922.40","1,945.00","1,945.60","1,939.91",10710389,20777145511.0,178998.0,7816814.0,72.98
HDFCBANK,EQ,06-May-2025,"1,936.80","1,930.00","1,940.10","1,924.30","1,928.60","1,931.70","1,931.89",8745078,16894488689.1,140830.0,6377477.0,72.93
HDFCBANK,EQ,05-May-2025,"1,925.00","1,939.00","1,952.00","1,932.30","1,935.80","1,936.80","1,940.79",7534012,14621940034.0,160044.0,4772438.0,63.35
HDFCBANK,EQ,02-May-2025,"1,925.00","1,929.80","1,941.90","1,920.00","1,923.50","1,925.00","1,930.63",11406024,22020820771.5,236285.0,8647253.0,75.81
HDFCBANK,EQ,30-Apr-2025,"1,908.80","1,913.00","1,936.90","1,910.30","1,920.10","1,925.00","1,925.02",15968435,30739492241.2,275126.0,11378694.0,71.26
HDFCBANK,EQ,29-Apr-2025,"1,920.20","1,918.80","1,928.80","1,900.20","1,906.00","1,908.80","1,909.52",9459154,18062438512.3,186299.0,6019766.0,63.64
HDFCBANK,EQ,28-Apr-2025,"1,911.20","1,911.20","1,929.70","1,908.40","1,921.00","1,920.20","1,922.17",6960246,13378745824.7,155527.0,4859663.0,69.82
HDFCBANK,EQ,25-Apr-2025,"1,916.80","1,924.80","1,933.00","1,891.80","1,908.00","1,911.20","1,911.37",9250439,17681017343.8,201781.0,5999133.0,64.85
HDFCBANK,EQ,24-Apr-2025,"1,923.90","1,910.00","1,923.90","1,905.10","1,914.90","1,916.80","1,916.73",12965877,24852091752.8,227034.0,7662734.0,59.10
HDFCBANK,EQ,23-Apr-2025,"1,961.70","1,978.90","1,978.90","1,920.50","1,920.70","1,923.90","1,939.04",15285321,29638923676.1,247823.0,11159514.0,73.01
HDFCBANK,EQ,22-Apr-2025,"1,927.10","1,935.00","1,970.60","1,935.00","1,960.00","1,961.70","1,957.16",22980875,44977215852.4,512026.0,16513580.0,71.86
HDFCBANK,EQ,21-Apr-2025,"1,906.70","1,924.00","1,950.70","1,910.00","1,925.20","1,927.10","1,930.83",17123649,33062832499.3,411337.0,11600626.0,67.75
HDFCBANK,EQ,17-Apr-2025,"1,878.00","1,882.00","1,919.70","1,876.70","1,905.80","1,906.70","1,901.41",17851542,33943168763.2,394807.0,11300117.0,63.30
HDFCBANK,EQ,16-Apr-2025,"1,864.90","1,883.80","1,883.80","1,860.50","1,875.90","1,878.00","1,874.15",9568410,17932665363.9,252887.0,6023703.0,62.95
HDFCBANK,EQ,15-Apr-2025,"1,806.75","1,865.00","1,876.80","1,855.00","1,865.60","1,864.90","1,866.76",24649172,46014108976.0,360194.0,17986230.0,72.97
HDFCBANK,EQ,11-Apr-2025,"1,765.00","1,774.75","1,819.40","1,774.75","1,805.20","1,806.75","1,803.31",16387883,29552499474.85,395826.0,11367066.0,69.36
HDFCBANK,EQ,09-Apr-2025,"1,769.15","1,765.00","1,775.00","1,753.50","1,765.30","1,765.00","1,761.66",11227304,19778728957.55,207950.0,7675538.0,68.36
HDFCBANK,EQ,08-Apr-2025,"1,757.70","1,765.00","1,782.00","1,750.30","1,770.15","1,769.15","1,769.16",17781936,31459003790.15,355184.0,10250737.0,57.65
HDFCBANK,EQ,07-Apr-2025,"1,817.30","1,762.80","1,779.85","1,738.20","1,760.05","1,757.70","1,759.15",18997725,33419875202.0,374557.0,12250901.0,64.49
HDFCBANK,EQ,04-Apr-2025,"1,794.85","1,813.00","1,841.95","1,811.10","1,816.80","1,817.30","1,824.22",16770227,30592639918.2,316416.0,11518395.0,68.68
HDFCBANK,EQ,03-Apr-2025,"1,796.90","1,781.10","1,804.00","1,777.00","1,792.80","1,794.85","1,794.09",5625019,10091817304.1,147618.0,3722325.0,66.17
HDFCBANK,EQ,02-Apr-2025,"1,767.85","1,770.70","1,799.20","1,770.70","1,798.90","1,796.90","1,791.24",5786782,10365535361.9,144509.0,3778623.0,65.30
HDFCBANK,EQ,01-Apr-2025,"1,828.20","1,802.00","1,809.90","1,765.35","1,769.90","1,767.85","1,781.74",14255503,25399632617.35,409481.0,9301658.0,65.25
HDFCBANK,EQ,28-Mar-2025,"1,825.35","1,829.00","1,836.00","1,805.85","1,825.50","1,828.20","1,821.88",14386824,26211031845.9,276619.0,10330293.0,71.80
HDFCBANK,EQ,27-Mar-2025,"1,806.55","1,800.00","1,841.00","1,798.10","1,821.20","1,825.35","1,827.55",20829050,38066130418.3,416415.0,14816314.0,71.13
HDFCBANK,EQ,26-Mar-2025,"1,821.45","1,825.00","1,827.50","1,802.00","1,803.00","1,806.55","1,814.11",12239221,22203311052.1,265431.0,8782277.0,71.76
HDFCBANK,EQ,25-Mar-2025,"1,800.00","1,804.90","1,843.70","1,801.50","1,816.00","1,821.45","1,825.84",19550708,35696516139.2,407401.0,11974103.0,61.25
HDFCBANK,EQ,24-Mar-2025,"1,770.35","1,779.00","1,804.40","1,773.65","1,802.80","1,800.00","1,794.28",8696868,15604655158.8,286856.0,5767323.0,66.31
HDFCBANK,EQ,21-Mar-2025,"1,768.75","1,755.55","1,774.10","1,755.55","1,772.50","1,770.35","1,766.98",16754132,29604196148.95,210244.0,12849014.0,76.69
HDFCBANK,EQ,20-Mar-2025,"1,744.10","1,754.00","1,774.00","1,749.30","1,766.60","1,768.75","1,760.62",8916989,15699398473.15,218030.0,5904489.0,66.22
HDFCBANK,EQ,19-Mar-2025,"1,732.20","1,735.00","1,751.00","1,732.20","1,743.95","1,744.10","1,743.72",7610703,13270934759.25,201878.0,5811993.0,76.37
HDFCBANK,EQ,18-Mar-2025,"1,710.40","1,728.00","1,737.40","1,715.05","1,735.60","1,732.20","1,729.28",10953589,18941785563.7,248631.0,6834573.0,62.40
HDFCBANK,EQ,17-Mar-2025,"1,706.60","1,705.00","1,724.00","1,705.00","1,710.50","1,710.40","1,711.13",9475957,16214635449.55,365060.0,7111163.0,75.04
HDFCBANK,EQ,13-Mar-2025,"1,711.15","1,716.05","1,720.80","1,700.05","1,705.00","1,706.60","1,711.11",7868132,13463215400.7,185351.0,5238428.0,66.58
HDFCBANK,EQ,12-Mar-2025,"1,685.50","1,691.55","1,718.50","1,691.55","1,711.80","1,711.15","1,710.44",9392053,16064564334.1,277146.0,6780880.0,72.20
HDFCBANK,EQ,11-Mar-2025,"1,687.50","1,682.40","1,694.00","1,670.05","1,687.90","1,685.50","1,685.65",9949215,16770918814.65,272484.0,7071075.0,71.07
HDFCBANK,EQ,10-Mar-2025,"1,689.25","1,689.00","1,699.90","1,683.05","1,688.70","1,687.50","1,689.67",7802025,13182846005.05,284969.0,5764864.0,73.89
HDFCBANK,EQ,07-Mar-2025,"1,691.20","1,682.00","1,701.15","1,677.60","1,688.00","1,689.25","1,690.66",6686457,11304555576.9,191461.0,4333273.0,64.81
HDFCBANK,EQ,06-Mar-2025,"1,690.00","1,687.00","1,699.90","1,672.25","1,692.40","1,691.20","1,686.14",16483044,27792685275.85,399697.0,10038498.0,60.90
HDFCBANK,EQ,05-Mar-2025,"1,710.00","1,701.95","1,710.80","1,688.25","1,692.10","1,690.00","1,695.97",10791936,18302795483.0,361183.0,7758409.0,71.89
HDFCBANK,EQ,04-Mar-2025,"1,701.55","1,698.00","1,714.30","1,693.25","1,711.30","1,710.00","1,706.30",9960479,16995592810.65,323741.0,7276857.0,73.06
HDFCBANK,EQ,03-Mar-2025,"1,732.40","1,739.80","1,743.05","1,694.10","1,703.55","1,701.55","1,709.27",10602682,18122815702.35,298350.0,7174359.0,67.67
HDFCBANK,EQ,28-Feb-2025,"1,700.70","1,685.00","1,737.25","1,685.00","1,730.15","1,732.40","1,721.14",27258364,46915554649.05,439035.0,19548687.0,71.72
HDFCBANK,EQ,27-Feb-2025,"1,682.35","1,682.55","1,710.75","1,682.55","1,698.25","1,700.70","1,701.04",17893400,30437323745.0,333728.0,13247979.0,74.04
HDFCBANK,EQ,25-Feb-2025,"1,677.10","1,671.10","1,688.00","1,671.10","1,680.85","1,682.35","1,681.80",12069354,20298255600.95,222521.0,7140142.0,59.16
HDFCBANK,EQ,24-Feb-2025,"1,692.50","1,681.10","1,684.20","1,661.10","1,677.00","1,677.10","1,672.34",10346823,17303402535.1,245559.0,7739708.0,74.80
HDFCBANK,EQ,21-Feb-2025,"1,687.10","1,680.90","1,694.95","1,677.25","1,690.00","1,692.50","1,686.23",7840470,13220829593.15,292907.0,5281578.0,67.36
HDFCBANK,EQ,20-Feb-2025,"1,727.20","1,711.00","1,714.70","1,685.30","1,685.95","1,687.10","1,695.04",13195255,22366435828.3,246655.0,9394627.0,71.20
HDFCBANK,EQ,19-Feb-2025,"1,723.05","1,717.00","1,737.90","1,712.45","1,725.05","1,727.20","1,727.42",5942056,10264454339.75,300603.0,4027432.0,67.78
HDFCBANK,EQ,18-Feb-2025,"1,717.35","1,713.05","1,731.55","1,706.15","1,723.00","1,723.05","1,721.09",8175455,14070671116.4,322226.0,5895356.0,72.11
HDFCBANK,EQ,17-Feb-2025,"1,694.85","1,685.20","1,720.00","1,681.25","1,719.00","1,717.35","1,702.14",6469473,11011975039.0,262946.0,4202038.0,64.95
HDFCBANK,EQ,14-Feb-2025,"1,697.70","1,701.90","1,701.90","1,680.00","1,694.40","1,694.85","1,690.46",9979946,16870660139.45,309031.0,7805589.0,78.21
HDFCBANK,EQ,13-Feb-2025,"1,706.80","1,699.00","1,714.25","1,693.55","1,698.95","1,697.70","1,702.88",6301217,10730216799.15,200278.0,3580241.0,56.82
HDFCBANK,EQ,12-Feb-2025,"1,701.40","1,693.00","1,712.00","1,681.20","1,710.65","1,706.80","1,696.59",11404785,19349271431.55,286053.0,8133575.0,71.32
HDFCBANK,EQ,11-Feb-2025,"1,715.75","1,703.00","1,711.00","1,688.70","1,700.95","1,701.40","1,700.06",11362352,19316630388.15,182730.0,7806510.0,68.71
HDFCBANK,EQ,10-Feb-2025,"1,732.75","1,717.30","1,723.45","1,708.50","1,716.60","1,715.75","1,715.57",8597975,14750390095.15,175150.0,6364813.0,74.03
HDFCBANK,EQ,07-Feb-2025,"1,743.85","1,750.00","1,767.00","1,725.00","1,732.00","1,732.75","1,744.99",11754800,20512007682.55,326327.0,7964834.0,67.76
HDFCBANK,EQ,06-Feb-2025,"1,737.80","1,735.50","1,749.00","1,724.00","1,746.50","1,743.85","1,735.75",13380358,23225008521.55,225108.0,8694892.0,64.98
HDFCBANK,EQ,05-Feb-2025,"1,720.90","1,733.00","1,744.20","1,718.90","1,734.80","1,737.80","1,733.84",11837753,20524785237.35,275185.0,9425082.0,79.62
HDFCBANK,EQ,04-Feb-2025,"1,678.00","1,688.70","1,725.80","1,680.05","1,716.30","1,720.90","1,710.93",14308251,24480395914.25,342091.0,10300349.0,71.99
HDFCBANK,EQ,03-Feb-2025,"1,690.95","1,670.00","1,686.80","1,663.45","1,679.60","1,678.00","1,679.49",10138270,17027093333.7,230780.0,7893988.0,77.86
HDFCBANK,EQ,01-Feb-2025,"1,698.75","1,697.50","1,713.00","1,676.05","1,692.00","1,690.95","1,694.22",2793764,4733238897.95,88839.0,1039250.0,37.20
HDFCBANK,EQ,31-Jan-2025,"1,691.50","1,687.25","1,704.70","1,683.95","1,699.50","1,698.75","1,696.52",7910843,13420873179.4,215938.0,5543535.0,70.08
HDFCBANK,EQ,30-Jan-2025,"1,677.30","1,681.00","1,697.90","1,672.55","1,693.10","1,691.50","1,685.73",12872423,21699404205.05,263161.0,7227795.0,56.15
HDFCBANK,EQ,29-Jan-2025,"1,670.40","1,675.00","1,681.15","1,668.85","1,676.00","1,677.30","1,675.45",6309945,10571994646.45,196187.0,4346810.0,68.89
HDFCBANK,EQ,28-Jan-2025,"1,629.80","1,647.00","1,684.30","1,647.00","1,673.30","1,670.40","1,670.57",15089656,25208271808.85,350835.0,8576705.0,56.84
HDFCBANK,EQ,27-Jan-2025,"1,649.80","1,641.10","1,643.60","1,626.00","1,629.50","1,629.80","1,632.37",11402083,18612439467.95,277125.0,8546424.0,74.95
HDFCBANK,EQ,24-Jan-2025,"1,664.90","1,660.00","1,670.30","1,644.50","1,645.00","1,649.80","1,658.68",12118100,20100037678.05,271994.0,9052586.0,74.70
HDFCBANK,EQ,23-Jan-2025,"1,666.05","1,687.00","1,687.00","1,651.25","1,665.00","1,664.90","1,665.84",17454579,29076566202.7,445411.0,11872698.0,68.02
HDFCBANK,EQ,22-Jan-2025,"1,642.40","1,642.40","1,671.90","1,625.45","1,671.90","1,666.05","1,653.85",15309653,25319845164.8,367130.0,7697124.0,50.28
HDFCBANK,EQ,21-Jan-2025,"1,651.25","1,658.25","1,661.05","1,633.05","1,645.75","1,642.40","1,645.24",15579072,25631380761.95,270722.0,7211191.0,46.29
HDFCBANK,EQ,20-Jan-2025,"1,636.75","1,626.00","1,660.95","1,626.00","1,652.85","1,651.25","1,646.81",8778809,14457009775.1,226533.0,5964056.0,67.94
HDFCBANK,EQ,17-Jan-2025,"1,652.05","1,643.50","1,650.50","1,628.50","1,636.70","1,636.75","1,636.01",11556038,18905738551.0,214237.0,8358047.0,72.33
HDFCBANK,EQ,16-Jan-2025,"1,643.05","1,652.85","1,660.55","1,642.85","1,654.85","1,652.05","1,650.92",10606227,17510025478.45,215124.0,6779516.0,63.92
HDFCBANK,EQ,15-Jan-2025,"1,646.60","1,656.50","1,662.70","1,636.30","1,645.70","1,643.05","1,648.56",7011446,11558819066.05,207907.0,4547576.0,64.86
HDFCBANK,EQ,14-Jan-2025,"1,630.85","1,639.90","1,656.20","1,637.00","1,650.75","1,646.60","1,646.85",13330716,21953639202.1,315905.0,9362523.0,70.23
HDFCBANK,EQ,13-Jan-2025,"1,656.75","1,640.00","1,646.75","1,624.30","1,632.10","1,630.85","1,634.50",10834533,17709048137.7,275849.0,7359117.0,67.92
HDFCBANK,EQ,10-Jan-2025,"1,667.80","1,671.00","1,674.90","1,654.00","1,657.00","1,656.75","1,664.65",8726640,14526837756.8,215325.0,6098530.0,69.88
HDFCBANK,EQ,09-Jan-2025,"1,694.30","1,684.15","1,689.00","1,658.10","1,668.80","1,667.80","1,668.10",20210111,33712559507.35,484900.0,15902698.0,78.69
HDFCBANK,EQ,08-Jan-2025,"1,713.40","1,708.25","1,711.65","1,683.35","1,694.20","1,694.30","1,694.07",9869095,16718930725.7,333259.0,7359145.0,74.57
HDFCBANK,EQ,07-Jan-2025,"1,710.50","1,715.00","1,721.00","1,700.00","1,712.95","1,713.40","1,712.76",6763953,11585014112.5,183035.0,4379489.0,64.75
HDFCBANK,EQ,06-Jan-2025,"1,749.20","1,740.10","1,757.20","1,705.80","1,711.00","1,710.50","1,725.21",9408174,16231088938.6,286152.0,5639127.0,59.94
HDFCBANK,EQ,03-Jan-2025,"1,793.75","1,791.00","1,795.25","1,746.30","1,748.40","1,749.20","1,758.60",12213097,21477958569.15,331392.0,7452366.0,61.02
HDFCBANK,EQ,02-Jan-2025,"1,782.75","1,777.10","1,803.45","1,773.00","1,792.35","1,793.75","1,792.00",9279288,16628452536.95,207825.0,5804214.0,62.55
HDFCBANK,EQ,01-Jan-2025,"1,772.85","1,773.45","1,794.00","1,761.10","1,784.95","1,782.75","1,781.22",3656903,6513766065.7,137050.0,1646509.0,45.02
HDFCBANK,EQ,31-Dec-2024,"1,777.90","1,770.30","1,781.80","1,765.60","1,772.00","1,772.85","1,773.08",7058618,12515466451.75,178863.0,4299418.0,60.91
HDFCBANK,EQ,30-Dec-2024,"1,798.25","1,792.20","1,815.00","1,771.00","1,784.00","1,777.90","1,785.20",11111109,19835603545.9,242576.0,6185214.0,55.67
HDFCBANK,EQ,17-Apr-2026,795.45,790.10,803.95,788.2,800.00,799.90,799.4,37282544,29803842840.25,329801.0,23296927.0,62.49
HDFCBANK,EQ,16-Apr-2026,809.90,818.00,820.05,792.2,794.00,795.45,802.59,62861293,50452084027.0,512745.0,26540350.0,42.22
HDFCBANK,EQ,15-Apr-2026,794.70,804.95,814.80,804.0,810.00,809.90,809.73,39769515,32202517376.6,468104.0,18963852.0,47.68
HDFCBANK,EQ,13-Apr-2026,810.30,791.50,798.50,787.35,793.00,794.70,792.47,47549328,37681570377.55,428978.0,18934176.0,39.82
HDFCBANK,EQ,10-Apr-2026,797.70,804.00,812.25,801.0,810.10,810.30,809.15,38156026,30873943034.35,384976.0,20635660.0,54.08
HDFCBANK,EQ,09-Apr-2026,816.10,815.00,819.00,793.1,798.00,797.70,800.68,48879392,39136741055.4,532333.0,21426068.0,43.83
HDFCBANK,EQ,08-Apr-2026,772.00,800.00,817.80,796.0,817.50,816.10,809.87,70269512,56909358152.4,561769.0,41791230.0,59.47
HDFCBANK,EQ,07-Apr-2026,771.00,766.00,774.00,761.0,772.40,772.00,768.18,51309793,39415068155.95,777553.0,27329359.0,53.26
HDFCBANK,EQ,06-Apr-2026,750.90,759.00,772.75,745.0,770.90,771.00,759.21,42976659,32628140429.95,626168.0,24018015.0,55.89
HDFCBANK,EQ,02-Apr-2026,742.25,730.00,755.00,726.65,751.00,750.90,740.56,49310300,36517173048.1,618264.0,23804482.0,48.27
HDFCBANK,EQ,01-Apr-2026,731.55,743.00,755.90,739.1,744.00,742.25,745.52,78862761,58794104725.5,617196.0,50017843.0,63.42
HDFCBANK,EQ,30-Mar-2026,756.20,745.20,751.00,726.65,735.00,731.55,737.88,103500135,76370180749.45,787374.0,62423108.0,60.31
HDFCBANK,EQ,27-Mar-2026,782.30,773.20,774.90,754.55,757.95,756.20,761.3,65485199,49853660404.55,699107.0,41929255.0,64.03
HDFCBANK,EQ,25-Mar-2026,764.90,768.20,794.80,768.2,780.10,782.30,785.22,59230640,46508923123.65,628380.0,35852906.0,60.53
HDFCBANK,EQ,24-Mar-2026,744.15,755.00,772.75,747.7,766.50,764.90,761.63,61269986,46665356241.25,626314.0,34473827.0,56.27
HDFCBANK,EQ,23-Mar-2026,780.45,763.15,768.70,741.05,742.30,744.15,752.37,72341738,54427519734.6,872248.0,44105103.0,60.97
HDFCBANK,EQ,20-Mar-2026,798.20,785.00,793.75,778.2,781.00,780.45,784.12,103129469,80865860514.3,963682.0,66111622.0,64.11
HDFCBANK,EQ,19-Mar-2026,843.05,770.00,815.65,770.0,800.00,798.20,801.78,171637393,137615084047.35,1439390.0,99628149.0,58.05
HDFCBANK,EQ,18-Mar-2026,845.35,845.35,846.80,831.6,842.00,843.05,840.38,23507063,19754916389.35,294181.0,13548006.0,57.63
HDFCBANK,EQ,17-Mar-2026,840.60,847.70,848.90,835.1,842.80,845.35,843.42,38826979,32747578708.05,457590.0,20071710.0,51.70
HDFCBANK,EQ,16-Mar-2026,817.00,817.00,844.50,815.65,838.80,840.60,832.0,52182605,43415902026.8,497371.0,28889106.0,55.36
HDFCBANK,EQ,13-Mar-2026,832.75,820.00,823.80,812.0,816.70,817.00,817.73,41700464,34099871018.1,542628.0,22692726.0,54.42
HDFCBANK,EQ,12-Mar-2026,833.95,820.10,836.40,820.1,833.30,832.75,831.86,46107561,38354969893.0,683178.0,27587429.0,59.83
HDFCBANK,EQ,11-Mar-2026,849.45,845.00,848.85,827.6,834.40,833.95,834.32,42261076,35259318337.5,580385.0,26728940.0,63.25
HDFCBANK,EQ,10-Mar-2026,840.70,850.05,856.80,840.6,849.00,849.45,849.47,52866024,44907944293.6,475796.0,29796626.0,56.36
HDFCBANK,EQ,09-Mar-2026,857.05,825.00,842.45,821.5,839.10,840.70,833.63,35592613,29670987891.55,420429.0,18686662.0,52.50
HDFCBANK,EQ,06-Mar-2026,877.75,868.05,871.70,855.1,857.20,857.05,862.5,34439647,29704205809.35,706964.0,21629001.0,62.80
HDFCBANK,EQ,05-Mar-2026,868.65,873.85,881.40,863.5,875.10,877.75,873.44,31324582,27360019475.0,281674.0,13520710.0,43.16
HDFCBANK,EQ,04-Mar-2026,879.40,848.00,879.30,848.0,869.00,868.65,866.0,39862322,34520891227.9,456224.0,22363360.0,56.10
HDFCBANK,EQ,02-Mar-2026,887.75,876.20,887.75,871.55,882.10,879.40,879.38,38378924,33749754117.7,401981.0,19491777.0,50.79
HDFCBANK,EQ,27-Feb-2026,898.60,898.60,898.95,885.0,887.45,887.75,889.69,34620755,30801652275.45,411801.0,26765937.0,77.31
HDFCBANK,EQ,26-Feb-2026,907.60,912.00,912.00,895.0,896.00,898.60,901.32,41165937,37103636109.45,502649.0,24028758.0,58.37
HDFCBANK,EQ,25-Feb-2026,910.50,910.55,916.00,903.1,907.40,907.60,909.0,27884303,25346943106.45,323744.0,20213660.0,72.49
HDFCBANK,EQ,24-Feb-2026,923.60,927.95,927.95,909.15,911.50,910.50,915.33,31313985,28662510212.4,298283.0,16994295.0,54.27
HDFCBANK,EQ,23-Feb-2026,911.85,916.50,925.65,915.25,924.10,923.60,921.17,23270122,21435660334.0,228672.0,14988411.0,64.41
HDFCBANK,EQ,20-Feb-2026,915.60,911.00,917.85,908.4,913.15,911.85,913.52,22654907,20695810498.85,295931.0,12808207.0,56.54
HDFCBANK,EQ,19-Feb-2026,924.70,929.00,929.20,912.45,914.30,915.60,918.86,21209234,19488260011.45,297364.0,8557551.0,40.35
HDFCBANK,EQ,18-Feb-2026,925.70,923.20,925.50,919.55,923.70,924.70,922.79,12738702,11755117113.45,217327.0,7177757.0,56.35
HDFCBANK,EQ,17-Feb-2026,925.80,923.00,928.10,918.6,926.45,925.70,925.32,22599629,20911878079.6,337196.0,8883355.0,39.31
HDFCBANK,EQ,16-Feb-2026,903.90,903.90,929.50,902.1,925.50,925.80,922.18,18806989,17343514574.6,309517.0,10541147.0,56.05
HDFCBANK,EQ,13-Feb-2026,920.60,913.00,928.20,901.0,903.90,903.90,912.26,50188359,45784829506.25,361977.0,39907545.0,79.52
HDFCBANK,EQ,12-Feb-2026,927.10,927.00,928.60,918.5,919.75,920.60,922.37,33872203,31242614792.65,425115.0,20680584.0,61.05
HDFCBANK,EQ,11-Feb-2026,932.40,931.25,936.00,925.3,926.80,927.10,928.91,24869804,23101739084.15,368828.0,16876206.0,67.86
HDFCBANK,EQ,10-Feb-2026,937.25,930.00,940.90,929.95,932.60,932.40,933.93,31525385,29442615462.9,408707.0,18244866.0,57.87
HDFCBANK,EQ,09-Feb-2026,941.10,945.00,950.00,935.35,938.80,937.25,938.27,23947829,22469573398.45,274371.0,17666012.0,73.77
HDFCBANK,EQ,06-Feb-2026,949.70,945.00,948.10,937.6,941.00,941.10,941.73,18120272,17064339108.7,423858.0,11328454.0,62.52
HDFCBANK,EQ,05-Feb-2026,953.10,956.00,956.05,946.7,949.70,949.70,950.22,28103169,26704314508.9,372775.0,19789477.0,70.42
HDFCBANK,EQ,04-Feb-2026,948.70,952.50,957.20,947.95,949.00,953.10,952.91,24366770,23219430282.65,251099.0,18291924.0,75.07
HDFCBANK,EQ,03-Feb-2026,928.10,983.75,994.00,945.0,947.65,948.70,954.45,50336968,48043934757.85,490165.0,33991872.0,67.53
HDFCBANK,EQ,02-Feb-2026,922.10,915.00,929.80,909.3,928.10,928.10,924.14,28032106,25905516822.8,387552.0,17929669.0,63.96
HDFCBANK,EQ,01-Feb-2026,929.25,932.00,939.65,912.65,918.05,922.10,929.2,9856486,9158689990.9,146417.0,4558330.0,46.25
HDFCBANK,EQ,30-Jan-2026,935.50,930.00,938.90,927.75,929.00,929.25,931.84,29691233,27667370875.05,251637.0,21792184.0,73.40
HDFCBANK,EQ,29-Jan-2026,932.70,930.10,939.30,924.35,935.00,935.50,933.24,37175628,34693741736.2,420812.0,23337389.0,62.78
HDFCBANK,EQ,28-Jan-2026,926.40,932.50,941.45,928.4,932.40,932.70,934.95,35347138,33047787224.5,272519.0,25768276.0,72.90
HDFCBANK,EQ,27-Jan-2026,916.10,906.00,931.20,905.0,928.00,926.40,917.11,44753093,41043445636.3,483204.0,24863244.0,55.56
HDFCBANK,EQ,23-Jan-2026,918.70,920.00,926.10,909.25,915.80,916.10,916.45,30985247,28396480018.55,335766.0,20036841.0,64.67
HDFCBANK,EQ,22-Jan-2026,920.35,928.00,928.30,913.2,921.00,918.70,918.56,44444755,40825301054.65,572341.0,27990021.0,62.98
HDFCBANK,EQ,21-Jan-2026,931.20,925.00,932.15,915.5,921.00,920.35,924.64,32766854,30297528335.75,351406.0,18490570.0,56.43
HDFCBANK,EQ,20-Jan-2026,927.90,929.30,934.50,919.6,930.50,931.20,930.12,36022727,33505544795.3,357134.0,25387797.0,70.48
HDFCBANK,EQ,19-Jan-2026,931.10,935.90,936.15,919.5,925.95,927.90,927.58,38191942,35426072965.65,432335.0,25589700.0,67.00
HDFCBANK,EQ,16-Jan-2026,925.45,922.00,935.95,919.2,930.55,931.10,929.18,37780235,35104452366.25,361119.0,27960990.0,74.01
HDFCBANK,EQ,14-Jan-2026,937.35,930.00,940.05,920.2,925.00,925.45,929.85,36688248,34114424012.75,306076.0,27700155.0,75.50
HDFCBANK,EQ,13-Jan-2026,936.95,947.70,947.70,932.6,934.75,937.35,940.27,32042827,30129021006.45,348726.0,19682550.0,61.43
HDFCBANK,EQ,12-Jan-2026,939.00,937.50,942.00,929.6,936.40,936.95,936.87,21071666,19741346998.05,282222.0,15911209.0,75.51
HDFCBANK,EQ,09-Jan-2026,946.70,945.00,950.60,933.3,939.00,939.00,940.91,38183839,35927536459.55,324301.0,30938163.0,81.02
HDFCBANK,EQ,08-Jan-2026,949.05,944.70,953.00,941.4,948.00,946.70,947.59,21928849,20779638865.45,316595.0,14341808.0,65.40
HDFCBANK,EQ,07-Jan-2026,962.20,956.00,956.45,946.0,950.25,949.05,950.1,52884712,50245738779.65,414168.0,43998886.0,83.20
HDFCBANK,EQ,06-Jan-2026,977.50,962.70,966.70,956.0,962.95,962.20,962.45,31988783,30787569132.7,459604.0,22650555.0,70.81
HDFCBANK,EQ,05-Jan-2026,"1,001.60","1,005.75","1,006.40",976.3,978.50,977.50,984.33,27647379,27214119283.5,382990.0,20956352.0,75.80
HDFCBANK,EQ,02-Jan-2026,991.15,991.15,"1,003.20",988.8,"1,000.25","1,001.60",998.46,11751459,11733333129.85,178613.0,7814202.0,66.50
HDFCBANK,EQ,01-Jan-2026,991.20,993.50,997.55,989.5,991.15,991.15,991.88,7132074,7074147525.95,126886.0,2485813.0,34.85
HDFCBANK,EQ,31-Dec-2025,990.90,991.00,997.60,987.6,992.90,991.20,992.61,10963454,10882483821.4,193549.0,7039332.0,64.21
HDFCBANK,EQ,30-Dec-2025,991.70,990.20,995.00,982.2,995.00,990.90,989.16,33155849,32796279701.4,393869.0,22177609.0,66.89
HDFCBANK,EQ,29-Dec-2025,992.10,993.10,997.40,987.2,992.80,991.70,991.31,13545749,13427999756.0,190711.0,8436541.0,62.28
