"ï»¿""symbol""",series,date,prevclose,openprice,highprice,lowprice,lastprice,closeprice,averageprice,totaltradedquantity,turnoverinrs,no.oftrades,deliverableqty,%dlyqttotradedqty
LICHSGFIN,EQ,30-Dec-2011,225.35,225.35,226.5,220.5,221.25,221.35,223.61,1133285,253412135.65,13588.0,426029.0,37.59
LICHSGFIN,EQ,29-Dec-2011,226.15,225.45,228.0,219.75,225.1,225.35,224.99,1831230,412014152.6,20008.0,855923.0,46.74
LICHSGFIN,EQ,28-Dec-2011,223.6,222.1,227.35,221.9,225.85,226.15,225.63,1345957,303689896.8,21129.0,387648.0,28.8
LICHSGFIN,EQ,27-Dec-2011,227.6,228.4,228.4,221.3,223.0,223.6,225.08,1240592,279228497.7,17571.0,370877.0,29.9
LICHSGFIN,EQ,26-Dec-2011,228.15,228.0,230.7,226.5,227.05,227.6,228.41,747112,170647768.85,10168.0,147195.0,19.7
LICHSGFIN,EQ,23-Dec-2011,225.95,227.0,231.9,225.2,227.1,228.15,228.64,2008407,459202302.55,26442.0,670538.0,33.39
LICHSGFIN,EQ,22-Dec-2011,218.15,214.15,227.25,214.15,226.6,225.95,222.6,2244623,499659116.7,23844.0,720452.0,32.1
LICHSGFIN,EQ,21-Dec-2011,213.35,217.1,218.9,213.6,218.7,218.15,215.88,2172994,469110577.65,34570.0,1088179.0,50.08
LICHSGFIN,EQ,20-Dec-2011,214.3,215.85,217.4,210.4,214.0,213.35,214.32,2821284,604649914.95,38573.0,1421849.0,50.4
LICHSGFIN,EQ,19-Dec-2011,215.2,213.7,218.0,208.15,214.85,214.3,213.48,3291833,702747244.8,37791.0,1520806.0,46.2
LICHSGFIN,EQ,16-Dec-2011,218.1,220.0,223.4,214.05,214.3,215.2,219.35,2092599,459011953.65,27756.0,808912.0,38.66
LICHSGFIN,EQ,15-Dec-2011,218.3,217.3,220.3,214.5,218.35,218.1,217.65,1581008,344112018.3,20301.0,453185.0,28.66
LICHSGFIN,EQ,14-Dec-2011,218.85,218.0,222.2,217.05,218.0,218.3,219.65,2247516,493661019.7,39012.0,811371.0,36.1
LICHSGFIN,EQ,13-Dec-2011,221.0,220.0,224.65,215.0,220.3,218.85,220.06,2703962,595041621.45,33376.0,936632.0,34.64
LICHSGFIN,EQ,12-Dec-2011,228.95,230.0,232.4,219.35,220.0,221.0,225.31,1269491,286022695.1,17375.0,270280.0,21.29
LICHSGFIN,EQ,09-Dec-2011,228.3,228.0,232.0,224.15,229.9,228.95,229.69,1736754,398922955.35,23849.0,392335.0,22.59
LICHSGFIN,EQ,08-Dec-2011,236.6,235.7,237.0,226.6,229.1,228.3,230.98,1830077,422713462.0,23373.0,729875.0,39.88
LICHSGFIN,EQ,07-Dec-2011,233.05,233.0,240.5,228.2,235.2,236.6,234.4,3812255,893595312.3,40912.0,1428277.0,37.47
LICHSGFIN,EQ,05-Dec-2011,234.05,232.55,235.0,230.4,232.5,233.05,232.35,1478894,343618355.55,17737.0,576578.0,38.99
LICHSGFIN,EQ,02-Dec-2011,225.7,226.0,234.9,226.0,234.5,234.05,230.9,2416627,558002984.45,33468.0,1028281.0,42.55
LICHSGFIN,EQ,01-Dec-2011,223.4,227.0,231.75,224.0,225.5,225.7,227.26,1490391,338708704.0,24134.0,585106.0,39.26
LICHSGFIN,EQ,30-Nov-2011,219.95,217.95,224.05,216.0,222.85,223.4,220.68,2319243,511807861.25,27231.0,757297.0,32.65
LICHSGFIN,EQ,29-Nov-2011,216.4,213.1,223.0,213.1,219.2,219.95,220.02,2372702,522036774.3,36806.0,867678.0,36.57
LICHSGFIN,EQ,28-Nov-2011,212.55,215.0,217.4,214.0,216.35,216.4,216.03,1551578,335186843.1,20953.0,551260.0,35.53
LICHSGFIN,EQ,25-Nov-2011,213.8,211.4,214.2,209.15,211.25,212.55,211.9,2569686,544504656.85,29706.0,866592.0,33.72
LICHSGFIN,EQ,24-Nov-2011,217.65,219.0,219.0,209.95,212.7,213.8,213.72,5059333,1081288589.6,40589.0,2414694.0,47.73
LICHSGFIN,EQ,23-Nov-2011,221.55,222.0,222.7,214.2,217.9,217.65,217.06,2697455,585521656.9,31609.0,1254397.0,46.5
LICHSGFIN,EQ,22-Nov-2011,216.35,217.0,222.95,215.0,222.0,221.55,220.01,1312756,288819745.8,17429.0,277356.0,21.13
LICHSGFIN,EQ,21-Nov-2011,221.7,220.0,221.5,215.15,215.35,216.35,218.37,1399598,305625815.4,15890.0,440250.0,31.46
LICHSGFIN,EQ,18-Nov-2011,222.35,221.0,223.0,217.0,222.0,221.7,220.23,1206214,265644883.15,16482.0,187326.0,15.53
LICHSGFIN,EQ,17-Nov-2011,225.3,224.5,229.0,220.5,221.3,222.35,224.37,2217013,497436828.1,30838.0,557656.0,25.15
LICHSGFIN,EQ,16-Nov-2011,215.7,215.7,227.0,213.8,226.05,225.3,222.66,2779641,618906769.0,32460.0,788645.0,28.37
LICHSGFIN,EQ,15-Nov-2011,220.15,218.9,221.4,215.0,215.35,215.7,217.77,1754421,382057568.7,20509.0,543872.0,31.0
LICHSGFIN,EQ,14-Nov-2011,230.45,228.5,228.9,209.0,219.4,220.15,223.09,6336558,1413635512.15,48863.0,2882527.0,45.49
LICHSGFIN,EQ,11-Nov-2011,231.95,231.5,235.0,225.05,230.95,230.45,228.97,3512116,804160517.35,30093.0,1389528.0,39.56
LICHSGFIN,EQ,09-Nov-2011,235.2,235.95,238.95,229.0,230.0,231.95,235.63,2574718,606679328.95,37525.0,1246888.0,48.43
LICHSGFIN,EQ,08-Nov-2011,239.05,240.0,240.8,231.3,234.8,235.2,235.23,1291277,303747666.35,18108.0,270331.0,20.94
LICHSGFIN,EQ,04-Nov-2011,236.2,210.0,240.4,210.0,239.6,239.05,238.41,2735321,652122891.6,30821.0,921581.0,33.69
LICHSGFIN,EQ,03-Nov-2011,234.15,230.0,237.5,230.0,237.15,236.2,235.4,2837603,667984091.3,40041.0,1522720.0,53.66
LICHSGFIN,EQ,02-Nov-2011,234.6,231.0,238.0,230.8,234.0,234.15,234.75,1953385,458553534.65,28498.0,732594.0,37.5
LICHSGFIN,EQ,01-Nov-2011,234.0,232.45,235.9,230.45,232.1,234.6,233.5,3461162,808165883.65,35151.0,1528301.0,44.16
LICHSGFIN,EQ,31-Oct-2011,229.15,228.0,234.75,225.3,233.0,234.0,231.16,5385180,1244817724.9,60065.0,3126872.0,58.06
LICHSGFIN,EQ,28-Oct-2011,218.2,222.2,230.0,221.5,229.3,229.15,226.4,7053409,1596898239.8,45848.0,5168958.0,73.28
LICHSGFIN,EQ,26-Oct-2011,218.15,219.0,220.25,215.05,217.6,218.2,218.93,699588,153162419.1,8049.0,303057.0,43.32
LICHSGFIN,EQ,25-Oct-2011,211.65,212.65,218.7,211.5,218.0,218.15,215.02,4526662,973328496.45,45068.0,2069642.0,45.72
LICHSGFIN,EQ,24-Oct-2011,211.75,215.0,216.7,209.65,210.9,211.65,212.81,6604793,1405591504.7,59490.0,3039522.0,46.02
LICHSGFIN,EQ,24-Oct-2011,211.75,215.0,216.7,209.65,210.9,211.65,212.81,6604793,1405591504.7,59490.0,3039522.0,46.02
LICHSGFIN,EQ,21-Oct-2011,217.55,219.0,221.45,211.1,212.0,211.75,215.6,5345626,1152504503.05,65650.0,2041930.0,38.2
LICHSGFIN,EQ,20-Oct-2011,231.95,227.9,229.0,215.1,217.85,217.55,218.84,7039790,1540572779.15,75035.0,2972532.0,42.22
LICHSGFIN,EQ,19-Oct-2011,229.0,230.1,236.45,230.1,230.6,231.95,233.49,2082496,486233494.25,32114.0,770397.0,36.99
LICHSGFIN,EQ,18-Oct-2011,237.4,236.0,236.0,225.15,229.15,229.0,228.12,2230918,508914901.3,29238.0,606232.0,27.17
LICHSGFIN,EQ,17-Oct-2011,230.85,232.0,239.2,232.0,236.3,237.4,237.05,3175353,752731031.05,30355.0,1355455.0,42.69
LICHSGFIN,EQ,14-Oct-2011,233.4,233.6,235.85,229.05,230.75,230.85,232.12,2013597,467388066.35,26064.0,570084.0,28.31
LICHSGFIN,EQ,13-Oct-2011,228.75,230.0,236.4,229.1,233.5,233.4,233.62,6678552,1560212169.2,71997.0,3467474.0,51.92
LICHSGFIN,EQ,12-Oct-2011,223.45,222.0,229.5,222.0,228.7,228.75,225.84,2476188,559218279.4,29179.0,798237.0,32.24
LICHSGFIN,EQ,11-Oct-2011,223.85,225.0,228.4,222.65,222.75,223.45,225.43,2262932,510129684.15,28920.0,749497.0,33.12
LICHSGFIN,EQ,10-Oct-2011,216.9,216.0,224.65,215.15,224.35,223.85,221.0,2535454,560333321.3,33882.0,1067508.0,42.1
LICHSGFIN,EQ,07-Oct-2011,212.6,216.4,218.5,214.1,216.6,216.9,216.53,2480712,537148122.2,27513.0,1106782.0,44.62
LICHSGFIN,EQ,05-Oct-2011,215.65,219.5,219.5,212.0,212.5,212.6,214.98,1979487,425546991.35,25325.0,358038.0,18.09
LICHSGFIN,EQ,04-Oct-2011,214.95,213.0,220.0,211.5,215.6,215.65,216.26,3999044,864816286.7,45876.0,1638461.0,40.97
LICHSGFIN,EQ,03-Oct-2011,211.55,208.0,217.15,206.0,215.8,214.95,212.88,2811978,598625289.05,34864.0,957779.0,34.06
LICHSGFIN,EQ,30-Sep-2011,214.25,214.0,215.45,209.5,210.35,211.55,212.56,2088772,443988641.5,28083.0,496695.0,23.78
LICHSGFIN,EQ,29-Sep-2011,208.5,202.05,216.9,201.4,214.6,214.25,211.71,2991945,633424057.0,28289.0,1216219.0,40.65
LICHSGFIN,EQ,28-Sep-2011,211.1,212.0,213.25,206.9,208.6,208.5,209.03,1466177,306471612.95,23770.0,330653.0,22.55
LICHSGFIN,EQ,27-Sep-2011,204.5,207.0,212.5,206.9,211.7,211.1,210.57,2416750,508889608.85,28478.0,933536.0,38.63
LICHSGFIN,EQ,26-Sep-2011,206.0,206.5,207.5,202.0,204.2,204.5,205.23,2132020,437547700.75,26488.0,637030.0,29.88
LICHSGFIN,EQ,23-Sep-2011,208.6,208.0,210.9,204.0,205.95,206.0,207.54,3900173,809460618.6,34930.0,1373703.0,35.22
LICHSGFIN,EQ,22-Sep-2011,216.8,215.0,215.0,207.65,208.0,208.6,210.45,1955389,411515518.55,26088.0,411236.0,21.03
LICHSGFIN,EQ,21-Sep-2011,217.35,215.35,220.9,215.35,216.3,216.8,218.26,2014687,439719994.9,25485.0,327200.0,16.24
LICHSGFIN,EQ,20-Sep-2011,217.65,218.05,219.9,213.65,216.8,217.35,216.81,3144477,681753430.0,38250.0,976722.0,31.06
LICHSGFIN,EQ,19-Sep-2011,211.85,210.0,218.55,208.9,216.25,217.65,214.92,4099738,881109731.3,34913.0,1797745.0,43.85
LICHSGFIN,EQ,16-Sep-2011,208.25,210.0,213.3,207.1,211.3,211.85,210.76,3371337,710528212.7,40094.0,938196.0,27.83
LICHSGFIN,EQ,15-Sep-2011,204.45,205.0,209.0,205.0,208.1,208.25,207.35,2094420,434282892.9,26089.0,401497.0,19.17
LICHSGFIN,EQ,14-Sep-2011,204.45,205.5,206.45,199.85,204.7,204.45,203.13,4040929,820815040.7,41106.0,1592040.0,39.4
LICHSGFIN,EQ,13-Sep-2011,207.85,208.2,211.9,202.9,203.65,204.45,207.37,2599893,539129587.05,34538.0,647698.0,24.91
LICHSGFIN,EQ,12-Sep-2011,218.35,216.0,216.0,205.9,207.2,207.85,210.11,2405766,505464730.8,28287.0,591301.0,24.58
LICHSGFIN,EQ,09-Sep-2011,220.4,219.0,223.9,216.75,217.65,218.35,220.43,2405371,530210140.8,27542.0,872395.0,36.27
LICHSGFIN,EQ,08-Sep-2011,219.9,221.9,222.45,217.5,220.55,220.4,220.14,2452451,539884047.0,28384.0,749686.0,30.57
LICHSGFIN,EQ,07-Sep-2011,220.0,222.0,223.7,218.6,219.3,219.9,221.67,2268960,502966935.7,27657.0,479693.0,21.14
LICHSGFIN,EQ,06-Sep-2011,218.15,217.0,221.8,214.5,220.1,220.0,218.2,2698212,588759779.45,28585.0,891027.0,33.02
LICHSGFIN,EQ,05-Sep-2011,216.3,215.5,219.65,212.5,218.0,218.15,217.49,3161311,687546684.55,30113.0,1363462.0,43.13
LICHSGFIN,EQ,02-Sep-2011,211.65,212.5,217.9,208.25,216.0,216.3,215.09,4811189,1034814602.75,59613.0,2229488.0,46.34
LICHSGFIN,EQ,30-Aug-2011,206.65,208.25,212.6,206.45,211.65,211.65,209.89,6010803,1261581693.7,51614.0,2727988.0,45.38
LICHSGFIN,EQ,29-Aug-2011,199.7,201.0,209.5,201.0,205.5,206.65,206.55,3823487,789738581.4,41177.0,977922.0,25.58
LICHSGFIN,EQ,26-Aug-2011,205.7,205.7,205.7,197.9,200.3,199.7,200.45,3660217,733708155.7,31926.0,1750755.0,47.83
LICHSGFIN,EQ,25-Aug-2011,199.75,200.5,206.7,195.75,205.6,205.7,201.18,6835633,1375188239.75,63463.0,1834917.0,26.84
LICHSGFIN,EQ,24-Aug-2011,206.55,207.0,208.3,197.8,198.4,199.75,203.23,3770582,766295352.45,42112.0,1167354.0,30.96
LICHSGFIN,EQ,23-Aug-2011,208.3,209.15,210.2,205.1,206.35,206.55,207.49,3052306,633315635.5,31457.0,842858.0,27.61
LICHSGFIN,EQ,22-Aug-2011,207.15,211.0,211.0,204.25,208.55,208.3,207.86,3222468,669838202.35,41791.0,547175.0,16.98
LICHSGFIN,EQ,19-Aug-2011,203.5,201.0,212.0,197.1,207.35,207.15,204.39,7373947,1507164333.35,75919.0,1580221.0,21.43
LICHSGFIN,EQ,18-Aug-2011,208.4,210.0,210.95,202.0,202.9,203.5,206.28,2304494,475367580.8,27976.0,641888.0,27.85
LICHSGFIN,EQ,17-Aug-2011,210.75,212.0,214.45,206.2,209.0,208.4,210.66,2406700,506999597.0,30781.0,350493.0,14.56
LICHSGFIN,EQ,16-Aug-2011,211.45,210.5,216.45,209.5,210.35,210.75,213.71,3820952,816576807.3,45340.0,1552845.0,40.64
LICHSGFIN,EQ,12-Aug-2011,207.4,208.0,213.6,208.0,211.5,211.45,211.6,4006977,847894980.2,41940.0,1158296.0,28.91
LICHSGFIN,EQ,11-Aug-2011,210.4,209.05,211.35,206.7,207.05,207.4,208.84,1744899,364412692.5,20239.0,475767.0,27.27
LICHSGFIN,EQ,10-Aug-2011,203.7,207.0,211.8,207.0,210.2,210.4,209.56,3381950,708735999.8,39345.0,1058292.0,31.29
LICHSGFIN,EQ,09-Aug-2011,204.5,199.9,209.35,196.2,204.0,203.7,205.17,4265481,875165411.65,46667.0,830664.0,19.47
LICHSGFIN,EQ,09-Aug-2011,204.5,199.9,209.35,196.2,204.0,203.7,205.17,4265481,875165411.65,46667.0,830664.0,19.47
LICHSGFIN,EQ,08-Aug-2011,207.35,204.0,210.25,200.2,205.0,204.5,205.69,5363509,1103233377.35,82048.0,1893306.0,35.3
LICHSGFIN,EQ,05-Aug-2011,204.8,200.1,208.7,195.0,207.0,207.35,203.13,6435340,1307219472.9,60930.0,2775887.0,43.14
LICHSGFIN,EQ,04-Aug-2011,209.65,219.75,219.75,203.25,205.2,204.8,208.02,4027192,837743503.9,38295.0,1596304.0,39.64
LICHSGFIN,EQ,03-Aug-2011,206.1,204.0,210.6,199.9,210.0,209.65,205.6,3929884,807996838.1,45843.0,955240.0,24.31
LICHSGFIN,EQ,02-Aug-2011,211.55,213.0,213.0,205.4,205.75,206.1,207.69,3173638,659123051.8,31712.0,1344877.0,42.38
LICHSGFIN,EQ,01-Aug-2011,212.45,215.0,215.4,210.2,210.5,211.55,212.55,1755208,373069534.85,22222.0,462986.0,26.38
LICHSGFIN,EQ,29-Jul-2011,211.9,211.9,214.5,210.0,212.45,212.45,213.06,2077361,442597857.6,26416.0,690917.0,33.26
LICHSGFIN,EQ,28-Jul-2011,214.35,208.9,216.5,208.9,211.8,211.9,212.72,5184405,1102841653.7,42953.0,2590689.0,49.97
LICHSGFIN,EQ,27-Jul-2011,215.0,216.7,216.7,210.7,214.7,214.35,214.53,2702372,579731744.15,36150.0,1064029.0,39.37
LICHSGFIN,EQ,26-Jul-2011,218.75,220.5,221.4,213.35,214.75,215.0,216.39,4672048,1010997359.15,50136.0,1665097.0,35.64
LICHSGFIN,EQ,25-Jul-2011,216.2,213.0,220.9,213.0,218.75,218.75,218.91,2516614,550913345.75,71146.0,721357.0,28.66
LICHSGFIN,EQ,22-Jul-2011,212.3,214.0,217.55,213.55,217.0,216.2,215.7,5613067,1210736547.0,67088.0,2746329.0,48.93
LICHSGFIN,EQ,21-Jul-2011,216.7,216.0,216.0,210.15,212.85,212.3,213.04,6669485,1420881360.2,106021.0,2298900.0,34.47
LICHSGFIN,EQ,20-Jul-2011,224.1,225.0,227.5,212.65,215.15,216.7,219.45,16029543,3517709615.6,167343.0,4325860.0,26.99
LICHSGFIN,EQ,19-Jul-2011,226.7,226.0,227.9,223.5,223.95,224.1,225.56,2265781,511062614.45,26646.0,829213.0,36.6
LICHSGFIN,EQ,18-Jul-2011,223.15,223.1,227.3,221.85,226.3,226.7,225.71,3748080,845978217.0,39929.0,1427851.0,38.1
LICHSGFIN,EQ,15-Jul-2011,220.95,225.0,225.0,221.05,223.2,223.15,223.34,3568455,796981479.85,40704.0,878684.0,24.62
LICHSGFIN,EQ,14-Jul-2011,218.7,218.0,223.2,216.95,220.9,220.95,220.83,3891521,859369575.45,53866.0,866264.0,22.26
LICHSGFIN,EQ,13-Jul-2011,217.45,219.1,221.2,217.2,218.15,218.7,219.14,4029189,882949829.65,47023.0,1010915.0,25.09
LICHSGFIN,EQ,12-Jul-2011,220.2,217.55,221.55,213.05,217.65,217.45,217.01,4892309,1061655872.65,55994.0,1559587.0,31.88
LICHSGFIN,EQ,11-Jul-2011,216.65,216.0,222.15,210.0,220.5,220.2,220.16,5565675,1225363369.2,62070.0,1734250.0,31.16
LICHSGFIN,EQ,08-Jul-2011,223.1,225.0,225.15,216.0,216.55,216.65,219.53,8368451,1837157536.9,95447.0,4100808.0,49.0
LICHSGFIN,EQ,07-Jul-2011,224.15,225.0,227.35,220.65,223.7,223.1,224.26,6568544,1473055670.25,72851.0,2424516.0,36.91
LICHSGFIN,EQ,06-Jul-2011,235.65,233.0,235.65,222.8,224.0,224.15,226.56,7889500,1787452059.8,89991.0,2675318.0,33.91
LICHSGFIN,EQ,05-Jul-2011,241.65,241.85,241.9,234.5,234.8,235.65,237.53,2435678,578545298.25,28512.0,722899.0,29.68
LICHSGFIN,EQ,04-Jul-2011,240.5,244.8,244.8,238.1,240.85,241.65,241.66,3403797,822555353.1,36169.0,1047672.0,30.78
LICHSGFIN,EQ,01-Jul-2011,243.15,244.45,245.4,238.25,240.05,240.5,241.68,2419471,584748070.05,30268.0,500254.0,20.68
LICHSGFIN,EQ,30-Jun-2011,240.2,241.0,244.0,237.5,242.5,243.15,241.76,6171956,1492118288.25,53776.0,2484286.0,40.25
LICHSGFIN,EQ,29-Jun-2011,231.05,231.0,240.85,231.0,240.0,240.2,238.0,7105013,1690989737.4,74265.0,2540099.0,35.75
LICHSGFIN,EQ,28-Jun-2011,234.2,235.0,235.65,228.85,230.45,231.05,231.63,2794117,647192735.7,30776.0,602999.0,21.58
LICHSGFIN,EQ,27-Jun-2011,227.6,228.9,234.75,224.2,234.0,234.2,231.45,4059445,939553986.25,47308.0,1119861.0,27.59
LICHSGFIN,EQ,24-Jun-2011,221.9,223.0,229.3,222.7,227.7,227.6,225.91,2835306,640528342.1,37840.0,612257.0,21.59
LICHSGFIN,EQ,23-Jun-2011,216.65,217.0,223.45,214.5,221.85,221.9,218.54,3286527,718229336.5,37122.0,1064159.0,32.38
LICHSGFIN,EQ,22-Jun-2011,218.25,219.0,220.4,215.25,216.85,216.65,217.24,1665012,361704906.2,28816.0,262505.0,15.77
LICHSGFIN,EQ,21-Jun-2011,217.75,220.1,221.2,214.2,218.1,218.25,218.64,3524196,770517717.25,35064.0,863960.0,24.52
LICHSGFIN,EQ,20-Jun-2011,228.75,230.0,231.0,213.0,217.2,217.75,222.4,3519416,782728983.35,50138.0,1118152.0,31.77
LICHSGFIN,EQ,17-Jun-2011,226.25,226.4,230.5,225.5,228.75,228.75,228.52,3879678,886573305.8,35917.0,1165567.0,30.04
LICHSGFIN,EQ,16-Jun-2011,224.3,223.5,227.4,221.4,226.6,226.25,225.28,3104619,699405467.9,30210.0,901260.0,29.03
LICHSGFIN,EQ,15-Jun-2011,225.5,226.95,227.85,223.2,223.45,224.3,225.12,1823585,410532621.95,25888.0,628808.0,34.48
LICHSGFIN,EQ,14-Jun-2011,226.0,227.05,228.25,224.8,225.25,225.5,226.51,2264622,512952856.1,29862.0,811245.0,35.82
LICHSGFIN,EQ,13-Jun-2011,225.2,225.4,226.65,222.2,226.15,226.0,224.77,2318848,521205379.9,27292.0,561631.0,24.22
LICHSGFIN,EQ,10-Jun-2011,226.85,229.3,229.3,224.2,225.0,225.2,225.91,2086944,471464150.1,21682.0,504393.0,24.17
LICHSGFIN,EQ,09-Jun-2011,226.65,228.0,229.3,225.35,227.05,226.85,226.99,2072719,470478968.8,21094.0,372913.0,17.99
LICHSGFIN,EQ,08-Jun-2011,229.05,228.0,231.5,224.7,226.25,226.65,227.81,3123744,711607188.05,30352.0,427201.0,13.68
LICHSGFIN,EQ,07-Jun-2011,228.4,228.5,230.25,226.6,229.0,229.05,228.55,3007624,687395038.85,34678.0,762974.0,25.37
LICHSGFIN,EQ,06-Jun-2011,227.9,226.5,230.7,226.4,229.1,228.4,228.63,3898546,891337075.15,32826.0,1371406.0,35.18
LICHSGFIN,EQ,03-Jun-2011,232.45,231.8,236.0,226.75,228.8,227.9,232.08,4389656,1018732791.35,42929.0,1231262.0,28.05
LICHSGFIN,EQ,02-Jun-2011,234.4,233.0,233.65,228.25,232.0,232.45,231.31,3345439,773829830.45,28691.0,993218.0,29.69
LICHSGFIN,EQ,01-Jun-2011,230.8,232.1,235.8,229.2,234.4,234.4,232.96,4498395,1047958577.7,59846.0,1174736.0,26.11
LICHSGFIN,EQ,31-May-2011,231.25,232.0,233.7,228.75,230.7,230.8,231.26,4118140,952355601.4,,1162164.0,28.22
LICHSGFIN,EQ,30-May-2011,222.35,223.0,232.3,223.0,230.6,231.25,228.64,6385974,1460075842.1,,2309023.0,36.16
LICHSGFIN,EQ,27-May-2011,216.1,218.0,223.2,216.0,222.05,222.35,219.88,4658414,1024309595.55,,1370969.0,29.43
LICHSGFIN,EQ,26-May-2011,218.25,219.2,220.0,214.7,216.5,216.1,216.92,3430861,744227437.95,,1225036.0,35.71
LICHSGFIN,EQ,25-May-2011,217.45,218.2,221.65,215.4,217.5,218.25,219.05,4131139,904916588.0,,816502.0,19.76
LICHSGFIN,EQ,24-May-2011,213.35,213.5,219.0,212.0,218.85,217.45,215.18,3507175,754661918.4,,851037.0,24.27
LICHSGFIN,EQ,23-May-2011,214.05,213.5,215.6,210.85,213.05,213.35,213.26,4582295,977231397.05,,1352838.0,29.52
LICHSGFIN,EQ,20-May-2011,206.6,208.0,216.5,206.0,214.8,214.05,212.41,5955604,1265056762.1,,1595146.0,26.78
LICHSGFIN,EQ,19-May-2011,208.5,209.5,210.6,205.3,208.0,206.6,207.53,2790194,579044021.85,,702253.0,25.17
LICHSGFIN,EQ,18-May-2011,210.1,210.4,212.7,205.3,208.5,208.5,208.21,5032244,1047745276.1,,1075934.0,21.38
LICHSGFIN,EQ,17-May-2011,217.1,217.2,219.65,208.6,209.75,210.1,213.22,4283468,913311879.55,,1098009.0,25.63
LICHSGFIN,EQ,16-May-2011,222.4,222.5,225.4,216.35,216.6,217.1,220.19,4307715,948536943.5,,834267.0,19.37
LICHSGFIN,EQ,13-May-2011,214.85,215.8,224.7,214.85,223.0,222.4,221.12,6689284,1479117422.3,,2164036.0,32.35
LICHSGFIN,EQ,12-May-2011,214.7,213.55,218.0,212.5,214.5,214.85,215.84,5949075,1284047189.7,,2387814.0,40.14
LICHSGFIN,EQ,11-May-2011,209.65,211.0,215.5,210.25,215.0,214.7,213.66,6320661,1350447093.85,,2337681.0,36.98
LICHSGFIN,EQ,10-May-2011,207.95,209.0,212.45,207.9,209.5,209.65,210.5,6107296,1285603214.9,,1742881.0,28.54
LICHSGFIN,EQ,09-May-2011,205.85,207.0,209.8,205.75,207.65,207.95,207.97,5565762,1157500636.0,,1647994.0,29.61
LICHSGFIN,EQ,06-May-2011,198.5,203.8,206.9,199.4,206.15,205.85,204.34,6109096,1248331956.4,,1626001.0,26.62
LICHSGFIN,EQ,06-May-2011,198.5,203.8,206.9,199.4,206.15,205.85,204.34,6109096,1248331956.4,,1626001.0,26.62
LICHSGFIN,EQ,05-May-2011,204.5,205.0,207.75,197.55,197.75,198.5,202.42,5651171,1143884033.4,,1332223.0,23.57
LICHSGFIN,EQ,04-May-2011,207.85,207.0,208.7,199.0,205.0,204.5,203.52,9188422,1870030815.55,,2210061.0,24.05
LICHSGFIN,EQ,03-May-2011,217.3,217.9,222.2,206.3,207.7,207.85,213.95,9525518,2038017305.7,,2100049.0,22.05
LICHSGFIN,EQ,02-May-2011,219.25,220.75,221.5,215.7,217.45,217.3,218.03,3376002,736080488.4,,663278.0,19.65
LICHSGFIN,EQ,29-Apr-2011,225.45,225.5,226.95,217.4,219.15,219.25,222.32,5923445,1316893435.6,,1768254.0,29.85
LICHSGFIN,EQ,28-Apr-2011,228.0,227.85,232.3,223.65,224.8,225.45,228.76,11799442,2699285533.45,,2592501.0,21.97
LICHSGFIN,EQ,27-Apr-2011,226.75,228.6,229.75,226.1,226.95,228.0,227.97,4366535,995425752.45,,1094766.0,25.07
LICHSGFIN,EQ,26-Apr-2011,225.9,227.4,227.9,223.0,226.85,226.75,225.94,3199168,722805448.5,,890672.0,27.84
LICHSGFIN,EQ,25-Apr-2011,229.15,229.0,232.45,225.2,225.5,225.9,228.36,4115566,939836295.05,,1383268.0,33.61
LICHSGFIN,EQ,21-Apr-2011,230.0,231.9,233.0,228.1,228.55,229.15,230.39,3603505,830198784.9,,928188.0,25.76
LICHSGFIN,EQ,20-Apr-2011,227.2,230.0,233.1,226.4,230.1,230.0,230.52,6176711,1423847645.8,,1600354.0,25.91
LICHSGFIN,EQ,19-Apr-2011,218.35,215.5,228.85,215.5,228.7,227.2,222.84,6990717,1557820931.95,,1421307.0,20.33
LICHSGFIN,EQ,18-Apr-2011,226.7,227.4,230.25,215.2,218.85,218.35,222.69,4749338,1057647675.3,,921745.0,19.41
LICHSGFIN,EQ,15-Apr-2011,225.8,226.0,231.7,224.1,225.9,226.7,228.28,5222514,1192199671.85,,737459.0,14.12
LICHSGFIN,EQ,13-Apr-2011,221.75,218.9,227.4,218.1,226.0,225.8,224.24,8938717,2004460430.3,,3200445.0,35.8
LICHSGFIN,EQ,11-Apr-2011,229.0,228.2,228.4,220.9,221.3,221.75,223.72,4929129,1102737015.6,,1964383.0,39.85
LICHSGFIN,EQ,08-Apr-2011,231.05,231.6,232.9,225.2,228.5,229.0,229.1,5207486,1193039208.5,,1018867.0,19.57
LICHSGFIN,EQ,07-Apr-2011,233.0,232.0,234.9,228.9,230.3,231.05,232.0,4004944,929159998.95,,907172.0,22.65
LICHSGFIN,EQ,06-Apr-2011,238.45,238.0,241.5,231.9,232.8,233.0,235.36,5797485,1364471823.45,,1469483.0,25.35
LICHSGFIN,EQ,05-Apr-2011,234.0,236.3,241.6,231.1,239.2,238.45,236.57,8994473,2127852873.2,,1941873.0,21.59
LICHSGFIN,EQ,04-Apr-2011,233.0,233.5,237.4,231.5,234.0,234.0,234.57,4696580,1101687422.25,,508199.0,10.82
LICHSGFIN,EQ,01-Apr-2011,226.1,226.1,234.95,224.2,232.65,233.0,231.47,9009199,2085323818.15,,1517864.0,16.85
LICHSGFIN,EQ,31-Mar-2011,226.2,226.9,228.5,221.75,225.25,226.1,224.85,7300962,1641619217.25,,2391257.0,32.75
LICHSGFIN,EQ,30-Mar-2011,222.7,224.0,227.9,223.35,226.4,226.2,225.89,6658791,1504182446.65,,1946475.0,29.23
LICHSGFIN,EQ,29-Mar-2011,221.2,221.7,225.95,218.35,223.45,222.7,223.14,14263946,3182831434.3,,1909357.0,13.39
LICHSGFIN,EQ,28-Mar-2011,205.05,205.1,223.4,205.1,218.85,221.2,216.38,20752508,4490450370.7,,4126609.0,19.88
LICHSGFIN,EQ,25-Mar-2011,197.8,197.8,206.5,197.8,204.7,205.05,204.4,11173419,2283827022.95,,2266060.0,20.28
LICHSGFIN,EQ,24-Mar-2011,196.65,197.1,200.35,197.1,197.1,197.8,198.72,3131472,622286260.65,,573202.0,18.3
LICHSGFIN,EQ,23-Mar-2011,196.8,196.8,199.05,195.65,196.15,196.65,197.38,2719170,536707205.75,,425591.0,15.65
LICHSGFIN,EQ,22-Mar-2011,191.0,192.2,198.5,191.35,196.8,196.8,195.41,5677844,1109525386.2,,1090018.0,19.2
LICHSGFIN,EQ,21-Mar-2011,193.5,194.5,195.2,189.65,191.05,191.0,191.76,3973072,761872945.45,,1179673.0,29.69
LICHSGFIN,EQ,18-Mar-2011,198.9,200.0,201.4,192.55,192.65,193.5,195.63,4810446,941062524.2,,1502801.0,31.24
LICHSGFIN,EQ,17-Mar-2011,198.05,197.3,201.0,195.0,199.0,198.9,199.03,5082460,1011566544.45,,1607729.0,31.63
LICHSGFIN,EQ,16-Mar-2011,193.05,194.7,200.65,194.05,198.05,198.05,198.07,4883557,967266512.5,,1031545.0,21.12
LICHSGFIN,EQ,15-Mar-2011,197.65,196.5,196.5,191.0,192.6,193.05,193.77,3359869,651025336.2,,738366.0,21.98
LICHSGFIN,EQ,14-Mar-2011,196.15,197.0,198.8,194.3,197.9,197.65,196.61,3978893,782295273.15,,1018357.0,25.59
LICHSGFIN,EQ,11-Mar-2011,200.55,199.7,200.0,194.3,196.3,196.15,197.32,3932824,776034519.35,,659746.0,16.78
LICHSGFIN,EQ,10-Mar-2011,201.65,202.85,203.4,199.55,200.4,200.55,201.36,4648736,936087504.15,,672395.0,14.46
LICHSGFIN,EQ,09-Mar-2011,196.95,197.0,202.6,197.0,201.65,201.65,200.4,9458610,1895463841.35,,2170604.0,22.95
LICHSGFIN,EQ,08-Mar-2011,193.45,193.65,197.8,193.5,196.9,196.95,196.02,5981895,1172580078.2,,1295717.0,21.66
LICHSGFIN,EQ,07-Mar-2011,195.7,194.35,194.9,190.5,193.15,193.45,192.69,5245206,1010708550.55,,612115.0,11.67
LICHSGFIN,EQ,04-Mar-2011,198.55,199.7,201.35,194.6,195.75,195.7,197.72,5100882,1008546823.5,,908516.0,17.81
LICHSGFIN,EQ,03-Mar-2011,197.5,195.5,202.0,194.0,197.8,198.55,198.52,10060806,1997264963.4,,971099.0,9.65
LICHSGFIN,EQ,01-Mar-2011,188.05,190.0,198.5,189.4,197.9,197.5,195.32,12971400,2533533285.55,,5658127.0,43.62
LICHSGFIN,EQ,28-Feb-2011,184.7,186.1,193.3,185.6,188.0,188.05,189.55,12420720,2354379405.0,,3943932.0,31.75
LICHSGFIN,EQ,25-Feb-2011,180.55,181.0,186.0,180.05,185.7,184.7,183.4,7897903,1448509817.2,,1617069.0,20.47
LICHSGFIN,EQ,24-Feb-2011,188.8,189.05,189.6,178.4,183.0,180.55,183.23,9268424,1698289499.45,,2955841.0,31.89
LICHSGFIN,EQ,23-Feb-2011,191.95,192.0,194.5,188.05,188.95,188.8,190.95,6916756,1320721833.9,,1298743.0,18.78
LICHSGFIN,EQ,22-Feb-2011,193.1,192.8,196.9,188.85,192.0,191.95,193.12,10902125,2105418876.4,,771523.0,7.08
LICHSGFIN,EQ,21-Feb-2011,192.5,192.5,194.5,185.9,193.75,193.1,190.52,9471822,1804610278.8,,863936.0,9.12
LICHSGFIN,EQ,18-Feb-2011,200.45,201.05,205.35,191.35,192.2,192.5,198.72,17296663,3437218914.85,,2101524.0,12.15
LICHSGFIN,EQ,17-Feb-2011,193.2,193.9,202.05,190.2,201.6,200.45,196.37,17461973,3428922215.85,,3667159.0,21.0
LICHSGFIN,EQ,16-Feb-2011,190.6,192.6,197.0,191.2,193.4,193.2,194.1,12139091,2356170106.45,,1189515.0,9.8
LICHSGFIN,EQ,15-Feb-2011,178.55,179.5,195.4,176.55,190.3,190.6,187.23,18469543,3457973799.1,,2240065.0,12.13
LICHSGFIN,EQ,14-Feb-2011,172.05,175.45,179.35,173.5,178.95,178.55,177.15,6270679,1110820125.05,,1262966.0,20.14
LICHSGFIN,EQ,11-Feb-2011,167.7,168.0,173.4,163.35,171.9,172.05,167.64,8093199,1356780742.45,,1372463.0,16.96
LICHSGFIN,EQ,10-Feb-2011,171.15,171.55,173.7,163.2,168.05,167.7,167.62,8674780,1454076814.6,,1497108.0,17.26
LICHSGFIN,EQ,09-Feb-2011,178.25,178.0,180.8,169.05,172.15,171.15,175.52,8337984,1463485635.05,,1036718.0,12.43
LICHSGFIN,EQ,08-Feb-2011,179.35,180.0,184.75,177.3,178.7,178.25,180.8,10095910,1825311860.1,,1789887.0,17.73
LICHSGFIN,EQ,07-Feb-2011,177.2,178.0,182.5,178.0,180.2,179.35,180.41,6511772,1174819698.95,,819460.0,12.58
LICHSGFIN,EQ,04-Feb-2011,177.95,178.65,187.8,175.0,176.25,177.2,182.74,14935287,2729328115.9,,1752080.0,11.73
LICHSGFIN,EQ,03-Feb-2011,171.95,173.4,179.6,171.75,178.7,177.95,176.41,8303791,1464889278.35,,2378281.0,28.64
LICHSGFIN,EQ,02-Feb-2011,175.65,183.0,183.0,170.5,171.45,171.95,175.12,8624829,1510364426.0,,1759967.0,20.41
LICHSGFIN,EQ,01-Feb-2011,179.85,182.0,183.45,173.3,173.6,175.65,179.64,7604090,1365974996.85,,1335908.0,17.57
LICHSGFIN,EQ,31-Jan-2011,176.0,172.8,182.4,169.5,180.0,179.85,178.0,12584988,2240153015.0,,2075863.0,16.49
LICHSGFIN,EQ,28-Jan-2011,184.95,184.95,185.4,172.75,176.8,176.0,177.85,8495726,1510969640.35,,1614665.0,19.01
LICHSGFIN,EQ,27-Jan-2011,186.0,184.0,190.25,183.1,185.0,184.95,186.58,13463452,2512068975.6,,3315454.0,24.63
LICHSGFIN,EQ,25-Jan-2011,189.85,190.2,193.3,185.35,185.8,186.0,189.09,7911635,1496004592.4,,1372278.0,17.35
LICHSGFIN,EQ,24-Jan-2011,194.05,195.0,197.55,187.8,189.7,189.85,191.34,18565949,3552330352.1,,2627617.0,14.15
LICHSGFIN,EQ,21-Jan-2011,174.25,173.0,195.0,173.0,194.2,194.05,187.34,35908314,6726929805.45,,7133148.0,19.86
LICHSGFIN,EQ,20-Jan-2011,170.35,169.45,176.45,167.0,174.6,174.25,173.26,17329749,3002514357.9,,4961584.0,28.63
LICHSGFIN,EQ,19-Jan-2011,155.1,157.0,172.75,156.65,170.0,170.35,167.09,31018767,5182973259.25,,9499776.0,30.63
LICHSGFIN,EQ,18-Jan-2011,151.3,153.0,156.7,152.1,156.45,155.1,154.42,6946370,1072664343.45,,3143165.0,45.25
LICHSGFIN,EQ,17-Jan-2011,158.3,158.95,160.0,150.6,151.0,151.3,153.77,5679608,873355530.05,,2235794.0,39.37
LICHSGFIN,EQ,14-Jan-2011,163.65,164.0,164.0,157.55,157.85,158.3,161.11,5280873,850812651.45,,1796965.0,34.03
LICHSGFIN,EQ,13-Jan-2011,169.95,169.9,173.45,162.6,162.8,163.65,167.65,4581852,768160726.45,,1468419.0,32.05
LICHSGFIN,EQ,12-Jan-2011,169.1,170.0,171.6,163.7,169.5,169.95,167.79,3605071,604888334.4,,586339.0,16.26
LICHSGFIN,EQ,11-Jan-2011,170.15,170.0,173.45,166.1,170.6,169.1,169.89,3467733,589117215.55,,613930.0,17.7
LICHSGFIN,EQ,10-Jan-2011,180.15,180.5,186.0,168.55,169.3,170.15,174.6,3755007,655611944.7,,1151364.0,30.66
LICHSGFIN,EQ,07-Jan-2011,181.95,181.95,184.3,179.5,179.75,180.15,181.52,2602591,472419847.2,,560840.0,21.55
LICHSGFIN,EQ,06-Jan-2011,187.8,188.5,189.3,180.6,181.5,181.95,183.66,2402327,441213644.95,,777426.0,32.36
LICHSGFIN,EQ,05-Jan-2011,192.5,190.5,193.1,187.3,187.55,187.8,189.51,1713111,324649259.1,,646771.0,37.75
LICHSGFIN,EQ,04-Jan-2011,196.35,197.1,197.6,192.15,192.25,192.5,193.71,1947160,377177508.05,,665824.0,34.19
LICHSGFIN,EQ,03-Jan-2011,195.4,196.4,198.25,195.5,196.45,196.35,196.77,2182091,429372837.65,,668122.0,30.62
LICHSGFIN,EQ,28-Dec-2012,288.8,290.0,295.3,290.0,293.0,292.65,293.16,3265981,957450770.6,34475.0,1331416.0,40.77
LICHSGFIN,EQ,27-Dec-2012,285.1,285.45,290.85,285.15,290.4,288.8,288.03,2404695,692622367.8,27783.0,1183487.0,49.22
LICHSGFIN,EQ,26-Dec-2012,279.75,281.0,287.95,278.8,285.7,285.1,284.17,1248687,354835400.2,19531.0,679177.0,54.39
LICHSGFIN,EQ,24-Dec-2012,277.55,277.45,281.2,277.3,279.6,279.75,279.23,1267370,353893655.95,32124.0,753860.0,59.48
LICHSGFIN,EQ,21-Dec-2012,283.95,283.0,284.0,276.0,278.2,277.55,279.16,2038918,569185677.05,47385.0,1041517.0,51.08
LICHSGFIN,EQ,20-Dec-2012,287.55,289.0,289.45,281.3,283.2,283.95,284.95,1731672,493432210.0,25017.0,633915.0,36.61
LICHSGFIN,EQ,19-Dec-2012,282.95,284.0,289.2,283.95,287.5,287.55,287.19,2983514,856835644.5,52676.0,1214107.0,40.69
LICHSGFIN,EQ,18-Dec-2012,283.0,284.0,285.4,277.9,282.05,282.95,282.3,2003268,565521470.7,29448.0,635269.0,31.71
LICHSGFIN,EQ,17-Dec-2012,276.6,277.0,284.5,277.0,283.45,283.0,280.16,2595386,727115214.8,35323.0,1264240.0,48.71
LICHSGFIN,EQ,14-Dec-2012,272.5,272.5,278.3,271.5,277.55,276.6,275.28,2095724,576912722.25,36242.0,1089811.0,52.0
LICHSGFIN,EQ,13-Dec-2012,271.65,272.0,276.5,271.45,272.15,272.5,273.69,2366358,647659856.5,65152.0,1391501.0,58.8
LICHSGFIN,EQ,12-Dec-2012,273.1,274.0,275.5,270.2,271.0,271.65,272.09,2447389,665907279.1,42895.0,1347435.0,55.06
LICHSGFIN,EQ,11-Dec-2012,270.7,271.0,278.6,270.0,273.2,273.1,274.11,2978141,816335445.85,25758.0,1530064.0,51.38
LICHSGFIN,EQ,10-Dec-2012,273.4,274.0,274.95,269.5,273.0,270.7,271.14,2187596,593139735.15,39191.0,1297225.0,59.3
LICHSGFIN,EQ,07-Dec-2012,274.0,275.4,278.3,272.3,273.8,273.4,274.85,2080494,571826216.15,28182.0,1048654.0,50.4
LICHSGFIN,EQ,06-Dec-2012,272.35,274.25,276.2,269.4,275.4,274.0,272.55,3584195,976871842.25,38613.0,2035982.0,56.8
LICHSGFIN,EQ,05-Dec-2012,270.6,271.0,274.9,269.1,272.35,272.35,272.18,2944195,801351008.75,39794.0,994257.0,33.77
LICHSGFIN,EQ,04-Dec-2012,266.9,267.5,271.8,264.25,270.95,270.6,269.18,2904435,781820303.5,40614.0,1465212.0,50.45
LICHSGFIN,EQ,03-Dec-2012,265.7,265.0,272.0,263.9,266.9,266.9,267.71,3007536,805137951.2,39170.0,1723786.0,57.32
LICHSGFIN,EQ,30-Nov-2012,258.0,258.5,266.5,258.5,265.95,265.7,264.23,4173962,1102904675.2,55727.0,2589166.0,62.03
LICHSGFIN,EQ,29-Nov-2012,249.35,250.0,259.15,249.9,258.55,258.0,256.07,6276536,1607231114.0,59997.0,3386750.0,53.96
LICHSGFIN,EQ,27-Nov-2012,247.85,248.0,252.5,248.0,249.2,249.35,250.3,2018864,505312561.25,30581.0,1156736.0,57.3
LICHSGFIN,EQ,26-Nov-2012,245.4,246.5,248.5,245.05,247.45,247.85,247.28,1407450,348035345.55,26093.0,786157.0,55.86
LICHSGFIN,EQ,23-Nov-2012,246.8,246.8,247.5,243.2,245.1,245.4,245.19,1198447,293849498.7,23288.0,629455.0,52.52
LICHSGFIN,EQ,22-Nov-2012,243.55,243.5,248.2,243.0,246.3,246.8,246.74,1697776,418910675.65,30539.0,664205.0,39.12
LICHSGFIN,EQ,21-Nov-2012,243.3,244.0,245.4,241.45,243.2,243.55,243.42,1666308,405605183.85,31352.0,759260.0,45.57
LICHSGFIN,EQ,20-Nov-2012,244.45,245.2,247.85,242.0,243.0,243.3,244.45,2050764,501303064.95,54899.0,1000444.0,48.78
LICHSGFIN,EQ,19-Nov-2012,249.35,250.0,253.0,243.7,244.75,244.45,247.19,1882406,465313325.6,37697.0,890109.0,47.29
LICHSGFIN,EQ,16-Nov-2012,248.25,248.9,256.5,248.25,248.9,249.35,253.05,3335951,844154033.25,45463.0,1517759.0,45.5
LICHSGFIN,EQ,15-Nov-2012,251.75,251.4,251.85,246.25,248.1,248.25,248.26,1320958,327935358.45,34736.0,676437.0,51.21
LICHSGFIN,EQ,13-Nov-2012,252.55,253.0,253.9,250.6,251.5,251.75,252.59,367660,92867772.45,5362.0,187594.0,51.02
LICHSGFIN,EQ,12-Nov-2012,252.4,252.05,254.0,251.0,252.9,252.55,252.62,570687,144166715.6,9354.0,165686.0,29.03
LICHSGFIN,EQ,09-Nov-2012,252.5,253.0,254.7,249.45,252.05,252.4,252.36,2832508,714804482.2,39084.0,1876969.0,66.27
LICHSGFIN,EQ,08-Nov-2012,255.5,255.0,255.0,251.2,252.4,252.5,252.8,1421451,359341904.9,22850.0,662490.0,46.61
LICHSGFIN,EQ,07-Nov-2012,253.8,253.85,257.35,252.95,255.05,255.5,255.79,2437447,623486392.15,44791.0,1364059.0,55.96
LICHSGFIN,EQ,06-Nov-2012,251.5,251.0,254.7,250.35,253.65,253.8,253.62,1489496,377767984.45,23060.0,608222.0,40.83
LICHSGFIN,EQ,05-Nov-2012,250.4,251.1,252.7,248.2,251.3,251.5,251.28,1825951,458827049.9,17761.0,1006006.0,55.09
LICHSGFIN,EQ,02-Nov-2012,249.45,250.2,253.25,248.8,250.7,250.4,251.21,2244836,563932827.45,21495.0,1045984.0,46.6
LICHSGFIN,EQ,01-Nov-2012,243.05,243.5,250.3,243.5,249.25,249.45,247.95,3638143,902085391.0,58496.0,1726834.0,47.46
LICHSGFIN,EQ,31-Oct-2012,242.3,244.0,246.7,238.5,243.4,243.05,243.51,8509786,2072211454.9,92112.0,3119808.0,36.66
LICHSGFIN,EQ,30-Oct-2012,250.6,251.4,251.9,241.1,241.85,242.3,245.2,3111836,763008245.15,33331.0,1084141.0,34.84
LICHSGFIN,EQ,29-Oct-2012,251.65,253.0,256.75,249.55,250.45,250.6,252.77,3155313,797576895.35,34520.0,1200577.0,38.05
LICHSGFIN,EQ,26-Oct-2012,244.95,245.0,253.7,244.25,252.0,251.65,250.68,3434933,861066455.3,36531.0,1386444.0,40.36
LICHSGFIN,EQ,25-Oct-2012,246.4,248.0,248.0,244.2,245.85,244.95,245.5,7263787,1783255762.95,47147.0,4493434.0,61.86
LICHSGFIN,EQ,23-Oct-2012,247.0,247.0,250.1,246.0,246.2,246.4,248.15,4722891,1171968750.7,36513.0,2890100.0,61.19
LICHSGFIN,EQ,22-Oct-2012,247.65,247.65,249.0,243.7,248.0,247.0,246.36,5319546,1310510026.95,39297.0,3362963.0,63.22
LICHSGFIN,EQ,19-Oct-2012,251.75,252.0,255.2,245.05,247.35,247.65,250.58,6342891,1589371469.25,54256.0,3299724.0,52.02
LICHSGFIN,EQ,18-Oct-2012,250.9,253.9,254.0,249.7,251.9,251.75,251.48,6360728,1599616995.25,46304.0,4116949.0,64.72
LICHSGFIN,EQ,17-Oct-2012,256.35,254.05,259.0,247.5,250.05,250.9,251.24,2865597,719961328.95,38028.0,1470395.0,51.31
LICHSGFIN,EQ,16-Oct-2012,256.8,257.5,260.3,255.45,256.2,256.35,258.02,1884287,486191338.1,23824.0,1053749.0,55.92
LICHSGFIN,EQ,15-Oct-2012,256.4,257.0,260.5,254.6,256.85,256.8,257.77,1912962,493096969.0,21083.0,1037106.0,54.21
LICHSGFIN,EQ,12-Oct-2012,262.0,265.0,265.2,255.25,256.2,256.4,260.26,2352724,612314296.0,30963.0,1297995.0,55.17
LICHSGFIN,EQ,11-Oct-2012,259.5,261.05,263.4,257.5,262.9,262.0,261.39,1835994,479915459.2,27361.0,784272.0,42.72
LICHSGFIN,EQ,10-Oct-2012,267.75,268.0,268.0,258.1,259.15,259.5,260.61,3602729,938911095.05,60389.0,2276745.0,63.2
LICHSGFIN,EQ,09-Oct-2012,268.2,269.0,272.25,264.35,267.75,267.75,268.34,1500855,402732218.45,22502.0,601966.0,40.11
LICHSGFIN,EQ,08-Oct-2012,270.45,279.0,284.9,267.1,267.95,268.2,272.45,2597071,707563150.05,30092.0,1133421.0,43.64
LICHSGFIN,EQ,05-Oct-2012,276.8,287.9,287.9,267.0,269.75,270.45,271.23,2632853,714102160.3,43757.0,1186069.0,45.05
LICHSGFIN,EQ,04-Oct-2012,274.95,275.8,282.5,274.55,276.6,276.8,278.67,2906230,809884276.95,30066.0,1206131.0,41.5
LICHSGFIN,EQ,03-Oct-2012,272.7,270.0,277.0,270.0,274.55,274.95,274.71,1468187,403322554.6,21110.0,439275.0,29.92
LICHSGFIN,EQ,01-Oct-2012,281.8,285.0,285.0,270.15,272.45,272.7,274.87,3676692,1010619794.15,42894.0,1773989.0,48.25
LICHSGFIN,EQ,28-Sep-2012,273.35,275.9,285.4,270.55,282.6,281.8,281.2,3129291,879971809.7,42388.0,1168728.0,37.35
LICHSGFIN,EQ,27-Sep-2012,273.75,274.0,276.65,269.4,273.75,273.35,273.22,1853410,506392521.55,18584.0,843293.0,45.5
LICHSGFIN,EQ,26-Sep-2012,279.3,279.0,281.6,272.05,273.15,273.75,276.32,2326398,642834981.5,29033.0,1084762.0,46.63
LICHSGFIN,EQ,25-Sep-2012,276.5,276.5,284.5,276.45,279.0,279.3,280.46,3841465,1077396428.35,82599.0,2017351.0,52.52
LICHSGFIN,EQ,24-Sep-2012,267.7,265.05,281.0,265.05,276.95,276.5,276.61,6573634,1818359083.0,68933.0,3948639.0,60.07
LICHSGFIN,EQ,21-Sep-2012,258.8,260.0,272.3,260.0,267.5,267.7,267.22,5227494,1396909232.0,71548.0,2948629.0,56.41
LICHSGFIN,EQ,20-Sep-2012,257.7,252.1,262.75,246.0,257.75,258.8,259.1,2909855,753944816.35,62285.0,1305442.0,44.86
LICHSGFIN,EQ,18-Sep-2012,265.85,266.1,266.45,256.05,256.5,257.7,260.62,2568381,669373696.0,34599.0,1569654.0,61.11
LICHSGFIN,EQ,17-Sep-2012,255.45,260.2,267.0,258.15,264.15,265.85,263.14,4113438,1082413682.0,75349.0,2836225.0,68.95
LICHSGFIN,EQ,14-Sep-2012,246.2,250.0,259.0,250.0,255.35,255.45,255.85,3732232,954900367.7,67895.0,2599148.0,69.64
LICHSGFIN,EQ,13-Sep-2012,247.6,248.5,250.2,245.2,245.25,246.2,247.86,1525115,378011765.55,41569.0,716411.0,46.97
LICHSGFIN,EQ,12-Sep-2012,244.1,245.0,248.5,244.7,247.3,247.6,247.46,1198561,296601436.65,25789.0,681783.0,56.88
LICHSGFIN,EQ,11-Sep-2012,246.25,246.3,246.35,242.2,243.7,244.1,244.16,806353,196876091.5,16300.0,383394.0,47.55
LICHSGFIN,EQ,10-Sep-2012,246.5,246.8,248.05,244.3,245.7,246.25,246.33,1089439,268359169.05,20983.0,649243.0,59.59
LICHSGFIN,EQ,08-Sep-2012,247.2,247.05,247.2,246.0,246.15,246.5,246.67,71019,17517945.6,1031.0,29490.0,41.52
LICHSGFIN,EQ,07-Sep-2012,240.25,242.05,247.9,242.05,246.0,247.2,245.12,1690254,414318497.75,35108.0,803301.0,47.53
LICHSGFIN,EQ,06-Sep-2012,238.35,238.5,242.1,237.4,240.2,240.25,239.85,1722086,413041613.9,41996.0,1043939.0,60.62
LICHSGFIN,EQ,05-Sep-2012,240.8,240.05,242.4,237.15,238.0,238.35,239.66,1031603,247232984.95,20578.0,397189.0,38.5
LICHSGFIN,EQ,04-Sep-2012,240.0,240.0,242.75,235.35,240.5,240.8,239.6,1885607,451800611.8,36183.0,849464.0,45.05
LICHSGFIN,EQ,03-Sep-2012,240.1,240.0,242.9,239.0,240.05,240.0,240.69,1474093,354802842.35,28646.0,594594.0,40.34
LICHSGFIN,EQ,31-Aug-2012,243.95,246.0,246.0,236.1,239.05,240.1,240.01,3007291,721770232.05,61581.0,1773560.0,58.98
LICHSGFIN,EQ,30-Aug-2012,245.95,244.5,245.5,242.25,244.0,243.95,243.89,1517784,370174721.85,18951.0,749564.0,49.39
LICHSGFIN,EQ,29-Aug-2012,249.2,249.9,249.9,244.0,246.0,245.95,245.89,659669,162208111.1,11903.0,245504.0,37.22
LICHSGFIN,EQ,28-Aug-2012,248.0,248.0,250.5,243.0,248.8,249.2,247.3,989652,244740953.9,14461.0,436453.0,44.1
LICHSGFIN,EQ,27-Aug-2012,248.9,249.0,250.8,247.1,247.5,248.0,248.86,729850,181630646.8,16632.0,278357.0,38.14
LICHSGFIN,EQ,24-Aug-2012,250.1,250.0,251.35,246.35,248.4,248.9,248.83,836703,208196989.4,16130.0,269213.0,32.18
LICHSGFIN,EQ,23-Aug-2012,254.05,255.5,256.0,248.2,250.0,250.1,252.9,1064782,269288504.7,15539.0,439609.0,41.29
LICHSGFIN,EQ,22-Aug-2012,256.6,255.9,256.9,252.85,253.35,254.05,254.88,811667,206877348.05,17403.0,263666.0,32.48
LICHSGFIN,EQ,21-Aug-2012,250.3,250.95,257.25,249.85,256.9,256.6,254.47,1416507,360452390.5,25891.0,617350.0,43.58
LICHSGFIN,EQ,17-Aug-2012,252.6,254.6,254.9,249.0,250.0,250.3,251.29,899875,226129986.25,13653.0,382101.0,42.46
LICHSGFIN,EQ,16-Aug-2012,252.35,252.65,254.5,250.2,252.5,252.6,252.54,1070543,270353654.8,19556.0,366215.0,34.21
LICHSGFIN,EQ,14-Aug-2012,253.0,253.45,254.9,250.65,252.5,252.35,253.06,959356,242778624.0,11752.0,427724.0,44.58
LICHSGFIN,EQ,13-Aug-2012,247.7,248.0,253.95,247.15,253.95,253.0,250.6,1232208,308791787.0,16961.0,630569.0,51.17
LICHSGFIN,EQ,10-Aug-2012,249.85,249.0,251.5,246.5,248.2,247.7,248.75,1459175,362969304.15,19465.0,891953.0,61.13
LICHSGFIN,EQ,09-Aug-2012,253.3,254.1,255.05,247.6,249.0,249.85,250.32,2321518,581115403.0,21251.0,1513741.0,65.2
LICHSGFIN,EQ,08-Aug-2012,257.7,258.0,259.7,252.05,252.65,253.3,255.2,1863917,475662521.85,24726.0,935483.0,50.19
LICHSGFIN,EQ,07-Aug-2012,257.45,258.3,260.6,256.0,257.7,257.7,258.5,1126466,291186346.25,22416.0,508579.0,45.15
LICHSGFIN,EQ,06-Aug-2012,258.25,260.4,263.0,256.5,257.0,257.45,258.79,1198030,310042650.25,14627.0,561973.0,46.91
LICHSGFIN,EQ,03-Aug-2012,261.85,262.0,262.0,254.55,257.85,258.25,257.92,1548369,399357326.3,19668.0,762149.0,49.22
LICHSGFIN,EQ,02-Aug-2012,266.1,266.0,268.95,261.15,261.4,261.85,262.77,1002929,263535997.45,13287.0,594680.0,59.29
LICHSGFIN,EQ,01-Aug-2012,262.05,262.05,270.5,261.25,267.0,266.1,266.89,3097216,826622041.05,50907.0,2024765.0,65.37
LICHSGFIN,EQ,31-Jul-2012,255.6,255.75,263.0,252.75,262.9,262.05,258.95,1505760,389913807.35,22244.0,649454.0,43.13
LICHSGFIN,EQ,30-Jul-2012,249.2,252.0,256.3,250.0,255.2,255.6,254.75,1958840,499018538.45,49819.0,1379250.0,70.41
LICHSGFIN,EQ,27-Jul-2012,245.0,249.7,253.45,247.2,249.6,249.2,251.05,2236365,561433231.35,55224.0,1174951.0,52.54
LICHSGFIN,EQ,26-Jul-2012,241.3,244.35,248.45,238.3,244.85,245.0,244.66,2140805,523761798.95,48592.0,1089958.0,50.91
LICHSGFIN,EQ,25-Jul-2012,251.15,251.0,251.4,240.1,243.0,241.3,243.04,2946507,716118813.35,44526.0,1644960.0,55.83
LICHSGFIN,EQ,24-Jul-2012,248.45,248.9,255.8,241.0,251.0,251.15,247.84,5517526,1367436396.6,58960.0,1542117.0,27.95
LICHSGFIN,EQ,23-Jul-2012,259.0,262.0,262.0,246.55,246.55,248.45,252.44,1736261,438295792.25,28640.0,862026.0,49.65
LICHSGFIN,EQ,20-Jul-2012,262.85,263.8,264.0,257.6,258.2,259.0,259.83,846859,220039215.8,12391.0,347932.0,41.08
LICHSGFIN,EQ,19-Jul-2012,263.7,260.0,266.7,260.0,262.5,262.85,263.73,1009936,266348956.7,21350.0,624862.0,61.87
LICHSGFIN,EQ,18-Jul-2012,263.8,264.15,265.4,258.7,263.3,263.7,262.76,1168460,307018921.05,25735.0,632606.0,54.14
LICHSGFIN,EQ,17-Jul-2012,261.45,263.05,264.85,261.0,263.45,263.8,263.38,1021166,268950114.7,18397.0,576448.0,56.45
LICHSGFIN,EQ,16-Jul-2012,263.25,263.7,267.3,260.1,260.1,261.45,263.4,920430,242437088.05,16147.0,333329.0,36.21
LICHSGFIN,EQ,13-Jul-2012,269.3,268.5,269.9,262.15,262.5,263.25,264.83,1008564,267100059.6,15162.0,474193.0,47.02
LICHSGFIN,EQ,12-Jul-2012,269.7,268.95,271.0,265.75,268.5,269.3,268.46,941791,252831967.35,19555.0,402167.0,42.7
LICHSGFIN,EQ,11-Jul-2012,269.15,269.5,271.9,267.0,269.8,269.7,269.7,689454,185947949.25,11668.0,244711.0,35.49
LICHSGFIN,EQ,10-Jul-2012,264.6,264.4,270.0,263.7,268.65,269.15,267.16,699641,186914550.1,12761.0,235399.0,33.65
LICHSGFIN,EQ,09-Jul-2012,267.05,264.95,266.0,262.1,264.9,264.6,263.96,793633,209485601.4,13479.0,357632.0,45.06
LICHSGFIN,EQ,06-Jul-2012,273.85,271.9,273.0,266.4,266.75,267.05,269.01,1232237,331487586.5,16729.0,561708.0,45.58
LICHSGFIN,EQ,05-Jul-2012,274.35,274.5,275.75,272.45,274.35,273.85,274.09,978687,268248657.35,15249.0,457620.0,46.76
LICHSGFIN,EQ,04-Jul-2012,268.85,269.9,275.5,266.9,273.8,274.35,271.59,1493797,405701313.4,23311.0,639270.0,42.79
LICHSGFIN,EQ,03-Jul-2012,268.75,269.35,272.0,267.1,269.0,268.85,269.63,699003,188469820.2,14968.0,223778.0,32.01
LICHSGFIN,EQ,02-Jul-2012,270.0,270.0,271.75,266.6,268.35,268.75,269.3,861799,232080183.85,17503.0,348140.0,40.4
LICHSGFIN,EQ,29-Jun-2012,264.0,265.1,270.65,263.1,269.5,270.0,267.22,1240094,331380364.0,26696.0,475921.0,38.38
LICHSGFIN,EQ,28-Jun-2012,260.3,261.15,266.75,258.6,262.7,264.0,262.49,1335983,350688549.15,14837.0,712770.0,53.35
LICHSGFIN,EQ,27-Jun-2012,262.75,263.0,264.65,259.0,259.7,260.3,261.2,986055,257559615.2,18075.0,448429.0,45.48
LICHSGFIN,EQ,26-Jun-2012,257.5,258.3,263.2,256.2,262.9,262.75,261.02,1179439,307862494.15,15950.0,458085.0,38.84
LICHSGFIN,EQ,25-Jun-2012,258.7,260.85,263.4,256.5,257.1,257.5,260.1,880158,228931700.35,13228.0,161280.0,18.32
LICHSGFIN,EQ,22-Jun-2012,259.9,259.8,262.0,255.6,258.1,258.7,259.27,1219469,316166846.15,18739.0,246844.0,20.24
LICHSGFIN,EQ,21-Jun-2012,252.9,252.0,260.95,252.0,260.0,259.9,258.1,1667402,430354080.9,24166.0,485476.0,29.12
LICHSGFIN,EQ,20-Jun-2012,252.35,253.0,255.75,250.65,253.5,252.9,253.1,899361,227629265.35,12649.0,270127.0,30.04
LICHSGFIN,EQ,19-Jun-2012,250.05,250.0,253.15,246.85,252.75,252.35,250.87,827997,207717802.2,16863.0,197439.0,23.85
LICHSGFIN,EQ,18-Jun-2012,252.15,253.0,256.7,246.15,249.3,250.05,250.97,1970063,494424961.3,29160.0,928466.0,47.13
LICHSGFIN,EQ,15-Jun-2012,249.9,249.0,254.25,248.1,252.0,252.15,251.57,1687992,424648773.45,31568.0,662224.0,39.23
LICHSGFIN,EQ,14-Jun-2012,255.45,254.45,256.65,245.0,248.0,249.9,251.57,1431113,360027481.35,26674.0,585792.0,40.93
LICHSGFIN,EQ,13-Jun-2012,254.35,255.0,258.0,252.4,255.3,255.45,255.71,1454034,371813755.25,23332.0,440782.0,30.31
LICHSGFIN,EQ,12-Jun-2012,244.5,243.0,255.5,241.2,255.0,254.35,251.51,1962801,493654898.55,30777.0,598425.0,30.49
LICHSGFIN,EQ,11-Jun-2012,246.05,247.0,251.5,242.9,243.45,244.5,248.34,1650117,409782534.35,23599.0,755338.0,45.77
LICHSGFIN,EQ,08-Jun-2012,240.0,240.45,248.3,239.1,247.25,246.05,243.41,2135921,519894756.0,26474.0,741686.0,34.72
LICHSGFIN,EQ,07-Jun-2012,241.3,242.0,245.5,238.2,240.2,240.0,241.49,2292774,553682150.9,26381.0,822276.0,35.86
LICHSGFIN,EQ,06-Jun-2012,232.85,235.0,243.65,234.05,240.6,241.3,240.39,2411721,579743060.0,28371.0,1103723.0,45.76
LICHSGFIN,EQ,05-Jun-2012,233.8,235.0,237.3,232.15,232.3,232.85,234.49,1839354,431301422.15,27156.0,1142667.0,62.12
LICHSGFIN,EQ,04-Jun-2012,233.9,233.05,235.7,228.6,233.5,233.8,233.32,1189163,277458048.6,13247.0,533249.0,44.84
LICHSGFIN,EQ,01-Jun-2012,237.05,238.0,240.6,230.05,233.4,233.9,233.8,1488642,348043606.9,24978.0,564770.0,37.94
LICHSGFIN,EQ,31-May-2012,237.75,236.05,239.25,232.7,238.5,237.05,237.1,1412050,334797749.9,20622.0,700640.0,49.62
LICHSGFIN,EQ,30-May-2012,244.0,240.8,245.15,236.1,237.7,237.75,240.63,1409912,339260745.5,22948.0,693175.0,49.16
LICHSGFIN,EQ,29-May-2012,244.7,243.0,246.2,241.25,243.7,244.0,244.02,557280,135987933.55,8818.0,184156.0,33.05
LICHSGFIN,EQ,28-May-2012,241.9,243.8,245.7,241.4,245.0,244.7,244.14,601368,146818530.25,11983.0,151396.0,25.18
LICHSGFIN,EQ,25-May-2012,239.5,238.95,243.35,237.6,242.5,241.9,241.48,813672,196484936.95,15144.0,156692.0,19.26
LICHSGFIN,EQ,24-May-2012,234.8,235.5,241.0,234.35,239.65,239.5,238.01,1120469,266681880.45,18424.0,227316.0,20.29
LICHSGFIN,EQ,23-May-2012,234.3,234.35,237.8,232.1,234.4,234.8,235.04,1068975,251255539.6,22010.0,407356.0,38.11
LICHSGFIN,EQ,22-May-2012,241.9,244.05,244.6,232.15,236.0,234.3,237.87,1809978,430537582.95,28007.0,740694.0,40.92
LICHSGFIN,EQ,21-May-2012,242.15,243.7,246.75,240.65,241.25,241.9,242.93,1052957,255797338.2,18579.0,278632.0,26.46
LICHSGFIN,EQ,18-May-2012,242.35,237.5,243.6,234.95,242.9,242.15,239.45,1626814,389542791.2,28591.0,609661.0,37.48
LICHSGFIN,EQ,17-May-2012,243.15,244.0,247.9,240.65,241.0,242.35,244.34,1489754,364010113.2,18742.0,671217.0,45.06
LICHSGFIN,EQ,16-May-2012,244.45,240.6,247.6,235.0,243.1,243.15,241.15,1828072,440837893.35,25114.0,542597.0,29.68
LICHSGFIN,EQ,15-May-2012,236.15,234.1,246.95,230.8,244.3,244.45,239.99,2234730,536317174.65,32396.0,837102.0,37.46
LICHSGFIN,EQ,14-May-2012,239.8,240.3,242.75,233.1,234.9,236.15,236.26,1180253,278842707.1,17556.0,375820.0,31.84
LICHSGFIN,EQ,11-May-2012,241.85,241.0,244.85,236.3,239.75,239.8,240.41,2266061,544787726.2,45182.0,974356.0,43.0
LICHSGFIN,EQ,10-May-2012,247.8,248.9,252.95,240.2,240.65,241.85,245.35,2282094,559913838.1,40995.0,966554.0,42.35
LICHSGFIN,EQ,09-May-2012,255.1,252.05,254.65,246.05,246.7,247.8,250.52,1818191,455488878.3,22624.0,635930.0,34.98
LICHSGFIN,EQ,08-May-2012,260.55,264.0,264.0,252.15,253.25,255.1,259.39,1248636,323879906.25,20813.0,433211.0,34.69
LICHSGFIN,EQ,07-May-2012,254.8,251.0,261.95,245.6,261.2,260.55,252.76,1569646,396749959.15,31632.0,401784.0,25.6
LICHSGFIN,EQ,04-May-2012,255.5,254.0,256.6,251.0,254.3,254.8,254.19,1087848,276522396.2,72440.0,467427.0,42.97
LICHSGFIN,EQ,03-May-2012,259.05,258.5,259.45,253.0,256.7,255.5,255.51,2239186,572139521.6,29902.0,1116760.0,49.87
LICHSGFIN,EQ,02-May-2012,260.05,261.5,262.0,256.55,259.1,259.05,259.0,1057621,273927320.1,13848.0,414119.0,39.16
LICHSGFIN,EQ,30-Apr-2012,254.8,256.0,261.2,254.75,260.8,260.05,258.51,1099602,284259011.25,16763.0,364163.0,33.12
LICHSGFIN,EQ,28-Apr-2012,255.2,256.0,256.3,253.6,255.5,254.8,254.78,74670,19024662.75,1145.0,17259.0,23.11
LICHSGFIN,EQ,27-Apr-2012,252.85,252.2,258.25,251.65,255.2,255.2,255.3,1285387,328165259.3,17961.0,412144.0,32.06
LICHSGFIN,EQ,26-Apr-2012,258.1,260.0,260.0,251.15,251.55,252.85,253.71,3483953,883921769.65,31663.0,2224569.0,63.85
LICHSGFIN,EQ,25-Apr-2012,257.95,258.0,260.0,249.3,257.25,258.1,254.86,3991970,1017386786.35,55521.0,1364496.0,34.18
LICHSGFIN,EQ,24-Apr-2012,256.1,257.95,260.0,250.5,259.7,257.95,255.92,2157703,552199024.6,22263.0,878820.0,40.73
LICHSGFIN,EQ,23-Apr-2012,260.7,260.95,265.3,255.0,255.4,256.1,260.22,1237708,322072803.9,20104.0,332462.0,26.86
LICHSGFIN,EQ,20-Apr-2012,264.9,264.65,267.0,258.0,260.2,260.7,262.72,1191572,313048768.7,15324.0,458313.0,38.46
LICHSGFIN,EQ,19-Apr-2012,266.2,267.0,268.8,263.3,265.85,264.9,265.62,1673895,444617183.45,28575.0,653278.0,39.03
LICHSGFIN,EQ,18-Apr-2012,273.4,274.95,277.0,265.25,265.8,266.2,270.13,3285923,887624731.95,35785.0,1568148.0,47.72
LICHSGFIN,EQ,17-Apr-2012,272.3,273.0,274.95,268.25,272.9,273.4,272.33,1718818,468082196.95,24402.0,480740.0,27.97
LICHSGFIN,EQ,16-Apr-2012,264.7,264.5,273.8,262.25,272.5,272.3,270.39,1606886,434485993.45,18513.0,619812.0,38.57
LICHSGFIN,EQ,13-Apr-2012,269.7,269.0,272.55,260.3,264.85,264.7,266.56,2062590,549805951.65,26409.0,930550.0,45.12
LICHSGFIN,EQ,12-Apr-2012,267.45,269.0,273.35,265.95,269.5,269.7,270.34,2353179,636166115.45,36044.0,1175207.0,49.94
LICHSGFIN,EQ,11-Apr-2012,262.5,257.15,269.1,257.15,266.7,267.45,265.64,3415868,907386359.0,34649.0,1628798.0,47.68
LICHSGFIN,EQ,10-Apr-2012,259.85,261.3,263.9,257.1,262.45,262.5,261.92,1376259,360474279.05,21656.0,550662.0,40.01
LICHSGFIN,EQ,09-Apr-2012,267.35,266.0,267.45,255.45,259.45,259.85,261.7,1168783,305870114.05,13370.0,428025.0,36.62
LICHSGFIN,EQ,04-Apr-2012,268.25,268.0,268.6,263.5,267.05,267.35,266.19,796264,211961341.3,10655.0,172639.0,21.68
LICHSGFIN,EQ,03-Apr-2012,266.0,267.0,271.25,267.0,267.75,268.25,269.02,1741632,468542391.25,26937.0,663676.0,38.11
LICHSGFIN,EQ,02-Apr-2012,263.35,264.7,267.8,260.9,266.7,266.0,265.75,1464401,389165738.75,24745.0,600739.0,41.02
LICHSGFIN,EQ,30-Mar-2012,256.45,259.0,264.4,257.0,262.3,263.35,261.73,2129056,557241062.4,29605.0,807538.0,37.93
LICHSGFIN,EQ,29-Mar-2012,258.8,257.0,261.95,252.05,255.0,256.45,255.44,5185882,1324671030.6,35975.0,2939020.0,56.67
LICHSGFIN,EQ,28-Mar-2012,261.05,261.1,265.9,257.75,258.25,258.8,260.23,13446294,3499113916.2,28682.0,12075114.0,89.8
LICHSGFIN,EQ,27-Mar-2012,257.0,259.25,264.2,258.05,260.3,261.05,261.29,2119040,553685721.85,22217.0,985994.0,46.53
LICHSGFIN,EQ,26-Mar-2012,265.0,267.5,267.5,255.9,256.8,257.0,259.12,2065772,535287787.15,20269.0,975631.0,47.23
LICHSGFIN,EQ,23-Mar-2012,259.6,260.0,267.2,256.35,266.0,265.0,263.79,1975287,521058690.8,29573.0,371070.0,18.79
LICHSGFIN,EQ,22-Mar-2012,268.95,271.6,271.6,258.5,258.8,259.6,264.0,2192011,578685097.55,30444.0,627546.0,28.63
LICHSGFIN,EQ,21-Mar-2012,255.35,259.0,275.75,256.0,269.0,268.95,264.8,3804858,1007512118.65,51607.0,1022428.0,26.87
LICHSGFIN,EQ,20-Mar-2012,251.55,253.55,257.7,251.65,255.5,255.35,255.08,2004132,511204838.75,29959.0,463606.0,23.13
LICHSGFIN,EQ,19-Mar-2012,248.45,249.0,252.35,245.7,252.3,251.55,249.07,2651315,660367137.8,26722.0,1492544.0,56.29
LICHSGFIN,EQ,16-Mar-2012,248.7,249.8,256.3,247.0,248.5,248.45,250.88,5452702,1367984920.85,58766.0,2440325.0,44.75
LICHSGFIN,EQ,15-Mar-2012,253.5,254.8,255.45,245.6,247.0,248.7,249.89,4146494,1036154796.85,54739.0,1872930.0,45.17
LICHSGFIN,EQ,14-Mar-2012,250.25,252.0,256.3,246.25,255.0,253.5,251.08,3500762,878968678.9,46888.0,1940627.0,55.43
LICHSGFIN,EQ,13-Mar-2012,249.7,252.7,253.9,249.1,250.05,250.25,250.95,2753643,691025090.8,33774.0,1226625.0,44.55
LICHSGFIN,EQ,12-Mar-2012,246.45,252.0,254.5,246.05,249.4,249.7,249.3,3120553,777967474.95,43190.0,1739073.0,55.73
LICHSGFIN,EQ,09-Mar-2012,242.05,245.25,248.8,243.65,248.6,246.45,245.96,2487880,611928387.35,32990.0,1331379.0,53.51
LICHSGFIN,EQ,07-Mar-2012,239.7,238.05,243.95,236.25,242.0,242.05,240.71,3136903,755083519.85,43165.0,1576721.0,50.26
LICHSGFIN,EQ,06-Mar-2012,247.0,246.55,249.5,236.0,239.55,239.7,244.98,2488250,609575855.75,34026.0,1218930.0,48.99
LICHSGFIN,EQ,05-Mar-2012,252.45,252.0,252.0,243.3,247.95,247.0,245.97,1877505,461802510.1,31638.0,942976.0,50.22
LICHSGFIN,EQ,03-Mar-2012,250.65,251.1,254.1,251.1,252.45,252.45,252.71,134475,33983405.4,2074.0,34804.0,25.88
LICHSGFIN,EQ,02-Mar-2012,253.5,254.1,259.5,248.1,252.0,250.65,254.88,2773985,707023142.05,49054.0,930447.0,33.54
LICHSGFIN,EQ,01-Mar-2012,260.4,259.9,262.45,250.4,252.05,253.5,254.63,2571762,654840579.1,53233.0,785044.0,30.53
LICHSGFIN,EQ,29-Feb-2012,253.25,254.6,263.45,253.55,260.1,260.4,259.75,3317439,861715825.7,73994.0,1544422.0,46.55
LICHSGFIN,EQ,28-Feb-2012,243.9,245.05,256.4,244.95,253.3,253.25,252.52,2862879,722930093.95,37616.0,1133177.0,39.58
LICHSGFIN,EQ,27-Feb-2012,247.3,250.15,250.15,240.35,243.0,243.9,244.77,3560470,871485489.25,67759.0,1955531.0,54.92
LICHSGFIN,EQ,24-Feb-2012,254.65,255.0,260.0,246.0,246.15,247.3,249.96,3574068,893379936.05,43830.0,2023645.0,56.62
LICHSGFIN,EQ,23-Feb-2012,259.35,262.05,262.05,244.9,255.5,254.65,252.57,6130003,1548284804.35,97812.0,2829020.0,46.15
LICHSGFIN,EQ,22-Feb-2012,270.9,271.0,274.1,257.05,257.5,259.35,266.3,2195413,584647913.8,29808.0,715851.0,32.61
LICHSGFIN,EQ,21-Feb-2012,269.1,269.3,273.45,266.0,271.9,270.9,269.78,2059695,555654561.15,26589.0,679054.0,32.97
LICHSGFIN,EQ,17-Feb-2012,272.55,275.0,276.95,265.65,269.1,269.1,270.34,2520184,681318990.25,34957.0,1118352.0,44.38
LICHSGFIN,EQ,16-Feb-2012,275.85,275.75,275.8,269.35,272.25,272.55,272.04,1604078,436365769.15,32847.0,662688.0,41.31
LICHSGFIN,EQ,15-Feb-2012,269.5,272.0,277.5,271.3,275.9,275.85,275.4,2505548,690036634.85,55328.0,1159095.0,46.26
LICHSGFIN,EQ,14-Feb-2012,272.55,272.95,275.5,267.4,269.0,269.5,270.82,2064474,559106826.45,49842.0,778809.0,37.72
LICHSGFIN,EQ,13-Feb-2012,275.35,277.5,280.5,270.8,270.8,272.55,276.43,3310432,915101894.3,64704.0,1463378.0,44.21
LICHSGFIN,EQ,10-Feb-2012,267.25,266.05,277.45,266.0,275.5,275.35,274.1,3656976,1002394300.05,48450.0,1391345.0,38.05
LICHSGFIN,EQ,09-Feb-2012,265.95,262.5,268.65,262.1,266.5,267.25,266.25,2677332,712850002.05,40293.0,1458093.0,54.46
LICHSGFIN,EQ,08-Feb-2012,261.25,262.0,270.0,261.25,265.2,265.95,266.41,2147367,572070093.95,29761.0,741147.0,34.51
LICHSGFIN,EQ,07-Feb-2012,270.2,271.2,272.3,257.5,260.4,261.25,263.41,3268125,860865218.8,47397.0,1370304.0,41.93
LICHSGFIN,EQ,06-Feb-2012,261.4,264.9,272.45,262.4,269.65,270.2,269.1,3550076,955327123.2,52157.0,1613010.0,45.44
LICHSGFIN,EQ,03-Feb-2012,260.55,260.4,263.2,256.65,260.9,261.4,260.6,1953285,509028971.55,33436.0,526498.0,26.95
LICHSGFIN,EQ,02-Feb-2012,253.8,254.5,262.2,250.8,260.0,260.55,257.72,3726676,960450934.25,41419.0,1539016.0,41.3
LICHSGFIN,EQ,01-Feb-2012,251.0,250.95,255.0,248.1,254.0,253.8,252.0,2575223,648959559.05,41775.0,814554.0,31.63
LICHSGFIN,EQ,31-Jan-2012,245.75,246.0,252.45,243.0,251.0,251.0,248.81,3626486,902316653.25,53530.0,1066415.0,29.41
LICHSGFIN,EQ,30-Jan-2012,251.95,250.0,264.4,243.0,243.35,245.75,254.44,7053651,1794750459.1,88333.0,1068847.0,15.15
LICHSGFIN,EQ,27-Jan-2012,258.4,259.0,259.95,250.5,251.35,251.95,253.84,1381569,350693922.3,22765.0,456781.0,33.06
LICHSGFIN,EQ,25-Jan-2012,256.05,258.85,263.5,250.25,258.2,258.4,256.41,4565031,1170540838.75,40196.0,1993720.0,43.67
LICHSGFIN,EQ,24-Jan-2012,241.35,242.7,261.7,238.0,255.25,256.05,252.52,5303588,1339253262.65,57356.0,1525812.0,28.77
LICHSGFIN,EQ,23-Jan-2012,239.45,239.45,242.75,234.3,242.1,241.35,239.67,1954010,468321380.4,27060.0,569079.0,29.12
LICHSGFIN,EQ,20-Jan-2012,236.95,238.0,243.2,235.5,239.0,239.45,240.51,1737303,417837861.6,26482.0,300049.0,17.27
LICHSGFIN,EQ,19-Jan-2012,245.7,247.0,249.6,236.05,236.85,236.95,241.31,2291251,552897891.55,36409.0,606560.0,26.47
LICHSGFIN,EQ,18-Jan-2012,249.45,249.0,250.75,241.75,245.0,245.7,246.93,1754709,433289898.75,24973.0,726791.0,41.42
LICHSGFIN,EQ,17-Jan-2012,247.7,248.0,253.25,245.25,249.05,249.45,249.79,3149501,786711254.8,39181.0,1093275.0,34.71
LICHSGFIN,EQ,16-Jan-2012,241.05,237.9,249.25,237.9,247.25,247.7,245.47,3600185,883734661.85,48766.0,972537.0,27.01
LICHSGFIN,EQ,13-Jan-2012,236.95,235.0,243.45,235.0,242.0,241.05,239.32,1941392,464620050.55,23956.0,698526.0,35.98
LICHSGFIN,EQ,12-Jan-2012,231.6,231.6,239.8,230.0,237.5,236.95,235.72,2751884,648686106.6,37072.0,1008001.0,36.63
LICHSGFIN,EQ,11-Jan-2012,230.9,230.4,234.4,229.5,230.5,231.6,231.66,2394496,554712740.75,24182.0,1393351.0,58.19
LICHSGFIN,EQ,10-Jan-2012,227.65,227.0,232.35,227.0,230.4,230.9,230.68,1569880,362143189.15,19901.0,680531.0,43.35
LICHSGFIN,EQ,09-Jan-2012,225.9,222.0,228.5,222.0,228.4,227.65,225.72,1255523,283397398.5,20658.0,539128.0,42.94
LICHSGFIN,EQ,07-Jan-2012,225.25,225.0,226.9,225.0,226.0,225.9,226.17,108265,24486395.95,1880.0,16681.0,15.41
LICHSGFIN,EQ,06-Jan-2012,227.65,226.0,227.0,221.5,225.65,225.25,224.62,1293012,290437039.9,20556.0,394643.0,30.52
LICHSGFIN,EQ,05-Jan-2012,226.1,226.1,229.0,225.5,228.0,227.65,227.53,1083121,246442703.55,16426.0,379147.0,35.01
LICHSGFIN,EQ,04-Jan-2012,226.9,229.9,230.0,223.9,226.3,226.1,226.56,1483065,336009245.7,23358.0,456412.0,30.77
LICHSGFIN,EQ,03-Jan-2012,218.0,219.7,228.0,219.0,227.0,226.9,225.47,1738685,392019019.8,23041.0,732166.0,42.11
LICHSGFIN,EQ,02-Jan-2012,221.35,222.05,224.0,214.1,217.0,218.0,217.5,2135911,464552375.25,28496.0,733665.0,34.35
LICHSGFIN,EQ,30-Dec-2013,217.0,217.5,218.85,215.0,216.9,216.75,216.63,1605184,347732744.45,18529.0,539549.0,33.61
LICHSGFIN,EQ,27-Dec-2013,215.45,217.2,220.9,216.25,217.0,217.0,218.29,2435260,531602802.1,27418.0,931132.0,38.24
LICHSGFIN,EQ,26-Dec-2013,215.9,216.5,217.5,213.5,215.8,215.45,215.23,3260664,701797355.0,26258.0,1526467.0,46.81
LICHSGFIN,EQ,24-Dec-2013,215.35,217.4,219.0,214.5,215.75,215.9,217.03,3140322,681551613.9,33302.0,1123681.0,35.78
LICHSGFIN,EQ,23-Dec-2013,208.8,209.85,217.5,209.05,215.4,215.35,213.99,4853467,1038582923.1,48906.0,1955359.0,40.29
LICHSGFIN,EQ,20-Dec-2013,201.65,201.5,209.35,199.85,208.55,208.8,205.6,5506886,1132236133.4,47001.0,2819111.0,51.19
LICHSGFIN,EQ,19-Dec-2013,204.15,206.45,206.9,200.8,201.6,201.65,203.22,3208971,652119244.85,80731.0,1514810.0,47.21
LICHSGFIN,EQ,18-Dec-2013,198.45,198.45,205.25,198.0,204.6,204.15,202.72,3933099,797336506.2,40378.0,1954678.0,49.7
LICHSGFIN,EQ,17-Dec-2013,199.0,200.0,202.7,197.55,198.05,198.45,199.83,3167336,632935852.25,38405.0,1872783.0,59.13
LICHSGFIN,EQ,16-Dec-2013,198.25,196.35,201.2,196.35,198.75,199.0,199.44,1717166,342470423.25,17396.0,751536.0,43.77
LICHSGFIN,EQ,13-Dec-2013,200.9,199.95,201.9,197.75,198.3,198.25,199.64,3629987,724692639.2,31469.0,2256810.0,62.17
LICHSGFIN,EQ,12-Dec-2013,201.45,201.35,204.35,200.25,200.6,200.9,202.48,1947695,394375935.3,41836.0,560642.0,28.78
LICHSGFIN,EQ,11-Dec-2013,202.45,201.0,202.5,198.6,202.5,201.45,199.85,4247636,848878767.95,29946.0,2532086.0,59.61
LICHSGFIN,EQ,10-Dec-2013,206.5,207.0,207.0,201.75,202.4,202.45,203.73,2458004,500774354.0,26412.0,1260481.0,51.28
LICHSGFIN,EQ,09-Dec-2013,202.4,209.5,209.5,205.1,205.85,206.5,206.94,5272580,1091132704.25,62951.0,3494998.0,66.29
LICHSGFIN,EQ,06-Dec-2013,202.45,202.0,204.5,201.5,203.0,202.4,202.75,2462789,499341011.85,56426.0,1372261.0,55.72
LICHSGFIN,EQ,05-Dec-2013,201.6,206.0,206.9,201.8,201.9,202.45,204.37,4233626,865220214.35,36884.0,2221610.0,52.48
LICHSGFIN,EQ,04-Dec-2013,205.8,205.55,206.5,200.65,201.75,201.6,203.15,3117742,633380707.05,50024.0,1541835.0,49.45
LICHSGFIN,EQ,03-Dec-2013,207.95,207.35,209.9,205.35,205.65,205.8,207.25,2229727,462100907.25,31761.0,945495.0,42.4
LICHSGFIN,EQ,02-Dec-2013,208.05,209.05,210.85,206.5,207.45,207.95,208.7,2572874,536957856.85,27525.0,1100688.0,42.78
LICHSGFIN,EQ,29-Nov-2013,206.6,207.1,210.7,206.55,208.4,208.05,208.82,2063051,430812713.9,23289.0,866032.0,41.98
LICHSGFIN,EQ,28-Nov-2013,201.95,205.0,209.05,204.2,206.95,206.6,206.69,3444248,711901819.45,29316.0,1568360.0,45.54
LICHSGFIN,EQ,27-Nov-2013,207.2,207.1,207.55,199.75,201.85,201.95,201.25,5317199,1070075886.3,47619.0,3341267.0,62.84
LICHSGFIN,EQ,26-Nov-2013,210.45,211.0,213.25,206.55,206.8,207.2,209.29,1806700,378128746.75,27007.0,673047.0,37.25
LICHSGFIN,EQ,25-Nov-2013,209.9,213.05,215.0,208.5,209.95,210.45,211.37,2707980,572374195.2,28320.0,1387211.0,51.23
LICHSGFIN,EQ,22-Nov-2013,209.7,210.75,214.5,208.0,211.7,209.9,211.46,1606734,339754420.2,22883.0,381887.0,23.77
LICHSGFIN,EQ,21-Nov-2013,220.7,218.95,218.95,208.9,209.95,209.7,212.55,2656916,564736647.75,35172.0,1267439.0,47.7
LICHSGFIN,EQ,20-Nov-2013,227.05,226.5,227.35,219.5,220.0,220.7,224.55,2693758,604895573.2,24211.0,1885727.0,70.0
LICHSGFIN,EQ,19-Nov-2013,227.25,225.55,228.8,224.25,227.2,227.05,226.58,1459432,330683987.2,19577.0,468690.0,32.11
LICHSGFIN,EQ,18-Nov-2013,220.35,225.0,228.25,223.7,227.15,227.25,226.17,2510760,567853468.3,32211.0,1046037.0,41.66
LICHSGFIN,EQ,14-Nov-2013,208.65,211.65,221.45,211.25,220.7,220.35,217.45,3229480,702258991.8,38949.0,1128371.0,34.94
LICHSGFIN,EQ,13-Nov-2013,210.95,210.1,213.9,207.7,209.05,208.65,210.9,1991949,420106839.7,27322.0,838588.0,42.1
LICHSGFIN,EQ,12-Nov-2013,209.0,209.75,214.2,209.1,211.5,210.95,212.21,2038272,432539292.2,33800.0,782197.0,38.38
LICHSGFIN,EQ,11-Nov-2013,212.1,211.95,214.7,206.75,209.0,209.0,210.27,1933651,406595893.85,23306.0,542433.0,28.05
LICHSGFIN,EQ,08-Nov-2013,217.55,215.9,218.15,210.1,212.0,212.1,213.19,2440328,520263162.05,29176.0,1102627.0,45.18
LICHSGFIN,EQ,07-Nov-2013,223.8,223.8,226.1,216.3,216.5,217.55,221.46,2443314,541089941.85,28281.0,1001091.0,40.97
LICHSGFIN,EQ,06-Nov-2013,229.0,230.0,231.4,222.4,223.7,223.8,226.4,1978301,447886713.45,35960.0,830344.0,41.97
LICHSGFIN,EQ,05-Nov-2013,226.15,226.15,232.1,219.05,229.7,229.0,226.26,3162536,715569103.3,39043.0,991666.0,31.36
LICHSGFIN,EQ,03-Nov-2013,227.05,228.4,228.7,225.0,226.0,226.15,226.91,398190,90353926.8,6157.0,169581.0,42.59
LICHSGFIN,EQ,01-Nov-2013,224.55,225.0,231.5,222.8,226.5,227.05,226.97,3323288,754296765.8,43347.0,1080194.0,32.5
LICHSGFIN,EQ,31-Oct-2013,219.05,220.5,225.45,219.6,225.25,224.55,223.07,3669195,818487643.9,43761.0,1381805.0,37.66
LICHSGFIN,EQ,30-Oct-2013,207.55,210.0,219.9,208.4,219.1,219.05,214.55,7932328,1701858218.05,90279.0,2096334.0,26.43
LICHSGFIN,EQ,29-Oct-2013,201.5,200.4,209.0,198.35,208.55,207.55,203.86,4194576,855087537.7,51020.0,1966166.0,46.87
LICHSGFIN,EQ,28-Oct-2013,207.3,208.55,209.45,200.15,200.35,201.5,204.48,1612136,329650984.15,30166.0,524898.0,32.56
LICHSGFIN,EQ,25-Oct-2013,209.85,209.55,210.15,205.5,207.5,207.3,207.55,1483145,307833878.4,24548.0,417259.0,28.13
LICHSGFIN,EQ,24-Oct-2013,210.1,210.5,214.6,208.5,209.55,209.85,211.68,2516861,532762780.4,41180.0,651420.0,25.88
LICHSGFIN,EQ,23-Oct-2013,208.9,209.95,214.55,206.5,209.5,210.1,210.51,3307910,696353722.1,43672.0,768735.0,23.24
LICHSGFIN,EQ,22-Oct-2013,208.05,206.4,212.4,206.0,209.0,208.9,209.67,2044020,428573762.3,26686.0,495152.0,24.22
LICHSGFIN,EQ,21-Oct-2013,205.0,205.35,208.9,203.3,207.7,208.05,206.75,2145084,443487351.1,28815.0,479290.0,22.34
LICHSGFIN,EQ,18-Oct-2013,197.35,198.2,205.8,198.2,204.8,205.0,203.05,2510040,509670572.9,34003.0,662397.0,26.39
LICHSGFIN,EQ,17-Oct-2013,201.3,202.35,203.95,196.1,196.5,197.35,199.79,2586726,516797185.4,29912.0,1031651.0,39.88
LICHSGFIN,EQ,15-Oct-2013,207.5,209.45,212.35,200.35,201.0,201.3,205.17,2953196,605896477.75,43245.0,805996.0,27.29
LICHSGFIN,EQ,14-Oct-2013,208.95,208.85,209.8,206.0,207.4,207.5,207.54,1671022,346810187.35,38888.0,714035.0,42.73
LICHSGFIN,EQ,11-Oct-2013,212.45,215.6,215.75,206.5,209.45,208.95,211.09,1954713,412629534.45,26072.0,440953.0,22.56
LICHSGFIN,EQ,10-Oct-2013,211.6,212.55,215.6,211.0,211.9,212.45,213.45,2601756,555342365.7,35463.0,746398.0,28.69
LICHSGFIN,EQ,09-Oct-2013,205.45,204.9,213.0,202.1,212.8,211.6,209.18,3177750,664706037.5,32708.0,1096326.0,34.5
LICHSGFIN,EQ,08-Oct-2013,204.65,209.9,211.0,203.9,204.3,205.45,207.24,2921911,605539151.6,33452.0,1181808.0,40.45
LICHSGFIN,EQ,07-Oct-2013,206.15,207.3,209.65,202.5,204.6,204.65,205.53,3389793,696700081.1,48784.0,928817.0,27.4
LICHSGFIN,EQ,04-Oct-2013,198.35,198.0,207.9,196.7,206.95,206.15,203.66,4888721,995624875.2,59425.0,1092983.0,22.36
LICHSGFIN,EQ,03-Oct-2013,192.6,196.0,200.65,194.7,198.0,198.35,197.76,2434268,481406920.5,32027.0,752432.0,30.91
LICHSGFIN,EQ,01-Oct-2013,187.95,188.55,194.9,187.8,192.85,192.6,191.3,1644670,314625247.5,26446.0,309955.0,18.85
LICHSGFIN,EQ,30-Sep-2013,192.5,190.8,190.8,185.4,188.3,187.95,187.57,1769790,331954331.5,25956.0,428237.0,24.2
LICHSGFIN,EQ,27-Sep-2013,198.2,198.25,200.05,191.25,191.65,192.5,194.69,2675180,520839256.95,31618.0,1189902.0,44.48
LICHSGFIN,EQ,26-Sep-2013,198.6,198.0,201.0,196.25,197.1,198.2,198.91,3012835,599271968.25,35485.0,1382150.0,45.88
LICHSGFIN,EQ,25-Sep-2013,196.3,197.4,199.4,192.6,198.3,198.6,196.22,2319048,455035502.6,28395.0,667785.0,28.8
LICHSGFIN,EQ,24-Sep-2013,194.3,193.0,197.8,190.4,196.15,196.3,195.41,2672862,522293524.5,37103.0,611781.0,22.89
LICHSGFIN,EQ,23-Sep-2013,207.8,203.9,207.35,193.2,193.35,194.3,198.35,4290547,851045471.85,60160.0,1737713.0,40.5
LICHSGFIN,EQ,20-Sep-2013,204.6,206.35,211.0,192.6,207.0,207.8,203.72,10572480,2153821218.85,105762.0,4351015.0,41.15
LICHSGFIN,EQ,19-Sep-2013,190.0,196.0,208.45,195.6,205.7,204.6,203.23,7030268,1428738402.4,84221.0,3311722.0,47.11
LICHSGFIN,EQ,18-Sep-2013,184.05,184.5,192.6,183.55,191.5,190.0,187.41,2394433,448735415.15,26901.0,948297.0,39.6
LICHSGFIN,EQ,17-Sep-2013,186.75,187.3,187.3,183.0,184.6,184.05,184.27,2435308,448748753.55,22204.0,1281701.0,52.63
LICHSGFIN,EQ,16-Sep-2013,183.8,188.0,192.45,183.9,187.0,186.75,188.02,4603460,865550539.7,53994.0,1741405.0,37.83
LICHSGFIN,EQ,13-Sep-2013,181.0,180.95,186.35,179.2,183.9,183.8,184.02,2745289,505179744.95,33596.0,870859.0,31.72
LICHSGFIN,EQ,12-Sep-2013,187.35,188.0,189.75,179.5,181.1,181.0,184.04,3277546,603192835.5,44398.0,1061751.0,32.39
LICHSGFIN,EQ,11-Sep-2013,185.45,186.1,191.45,182.55,187.3,187.35,187.29,5320807,996512497.4,62874.0,1508288.0,28.35
LICHSGFIN,EQ,10-Sep-2013,173.9,176.25,186.45,176.25,184.7,185.45,182.89,5186481,948554037.85,68821.0,1796855.0,34.64
LICHSGFIN,EQ,06-Sep-2013,167.05,168.5,175.0,165.65,172.75,173.9,170.98,4805298,821596941.55,56568.0,1310158.0,27.26
LICHSGFIN,EQ,05-Sep-2013,157.9,164.1,168.45,163.0,167.15,167.05,166.01,4941101,820277242.6,45066.0,2057091.0,41.63
LICHSGFIN,EQ,04-Sep-2013,156.7,155.5,161.1,152.8,157.5,157.9,157.62,4799721,756523507.55,58020.0,1277308.0,26.61
LICHSGFIN,EQ,03-Sep-2013,168.8,170.0,170.5,155.5,156.65,156.7,163.06,4022343,655880228.1,69828.0,1705449.0,42.4
LICHSGFIN,EQ,02-Sep-2013,165.9,167.0,171.75,166.9,168.7,168.8,169.53,2640124,447579023.8,32535.0,829995.0,31.44
LICHSGFIN,EQ,30-Aug-2013,164.45,165.5,169.8,161.1,167.0,165.9,166.04,3729172,619208209.2,44560.0,956081.0,25.64
LICHSGFIN,EQ,29-Aug-2013,162.55,163.2,166.5,161.0,165.15,164.45,163.73,9615977,1574391025.75,76176.0,6571338.0,68.34
LICHSGFIN,EQ,28-Aug-2013,165.5,160.0,164.4,156.75,161.3,162.55,161.09,6577142,1059494144.05,62512.0,2991556.0,45.48
LICHSGFIN,EQ,27-Aug-2013,176.45,174.0,174.0,163.5,164.1,165.5,167.54,8167452,1368366296.6,59428.0,5345333.0,65.45
LICHSGFIN,EQ,26-Aug-2013,168.4,170.0,177.9,169.8,175.65,176.45,174.37,4727050,824235032.45,83872.0,1813388.0,38.36
LICHSGFIN,EQ,23-Aug-2013,165.25,167.0,169.9,165.2,167.3,168.4,167.5,2778840,465443665.3,42851.0,694226.0,24.98
LICHSGFIN,EQ,22-Aug-2013,159.5,157.9,169.0,155.2,165.75,165.25,161.92,5949429,963354268.7,97937.0,2497054.0,41.97
LICHSGFIN,EQ,21-Aug-2013,157.2,163.0,172.9,157.0,159.9,159.5,164.7,6911007,1138232110.25,103041.0,3173463.0,45.92
LICHSGFIN,EQ,20-Aug-2013,161.95,157.2,161.25,154.35,156.6,157.2,158.12,4546602,718906085.9,59173.0,1602713.0,35.25
LICHSGFIN,EQ,19-Aug-2013,169.9,168.0,168.0,159.35,161.85,161.95,162.88,2738783,446106300.65,48650.0,833411.0,30.43
LICHSGFIN,EQ,16-Aug-2013,181.15,180.0,180.0,168.3,169.6,169.9,172.43,3894639,671551534.5,50201.0,1392828.0,35.76
LICHSGFIN,EQ,14-Aug-2013,177.6,180.0,184.6,175.3,181.0,181.15,180.88,6515431,1178523018.65,76831.0,1134561.0,17.41
LICHSGFIN,EQ,13-Aug-2013,175.7,176.1,179.3,174.5,179.2,177.6,176.65,3609486,637601743.2,39761.0,1332790.0,36.92
LICHSGFIN,EQ,12-Aug-2013,168.9,171.1,176.95,168.75,175.1,175.7,173.46,3673390,637188081.55,43658.0,1212253.0,33.0
LICHSGFIN,EQ,08-Aug-2013,165.75,168.0,170.0,161.2,169.8,168.9,166.86,4065609,678384887.6,53672.0,1368439.0,33.66
LICHSGFIN,EQ,07-Aug-2013,160.7,159.0,169.4,154.55,165.7,165.75,163.07,6693278,1091488428.4,86369.0,2009927.0,30.03
LICHSGFIN,EQ,06-Aug-2013,171.45,168.0,168.35,158.0,158.1,160.7,162.22,4222381,684953894.8,74546.0,1694014.0,40.12
LICHSGFIN,EQ,05-Aug-2013,164.0,163.5,172.7,161.05,170.4,171.45,168.41,3354666,564964829.9,43573.0,778120.0,23.2
LICHSGFIN,EQ,02-Aug-2013,168.1,170.15,173.35,160.5,163.7,164.0,165.54,4942435,818170477.2,72815.0,1911513.0,38.68
LICHSGFIN,EQ,01-Aug-2013,165.7,170.0,177.85,163.6,167.85,168.1,170.25,10109706,1721227754.6,81516.0,4823731.0,47.71
LICHSGFIN,EQ,31-Jul-2013,172.1,170.25,170.9,159.5,164.2,165.7,163.93,8474805,1389268955.05,104676.0,4161686.0,49.11
LICHSGFIN,EQ,30-Jul-2013,182.5,182.45,182.7,171.0,173.1,172.1,177.78,5863545,1042449130.1,74351.0,2285149.0,38.97
LICHSGFIN,EQ,29-Jul-2013,189.25,186.0,186.9,180.5,181.8,182.5,182.88,2857331,522543135.0,33637.0,1007488.0,35.26
LICHSGFIN,EQ,26-Jul-2013,194.8,195.6,196.95,186.4,189.0,189.25,190.36,4785012,910889773.7,65986.0,2004247.0,41.89
LICHSGFIN,EQ,25-Jul-2013,203.3,201.2,204.55,193.1,194.6,194.8,197.38,5699292,1124934171.7,58000.0,3029368.0,53.15
LICHSGFIN,EQ,24-Jul-2013,215.15,212.0,212.4,202.1,202.85,203.3,206.4,3454670,713029089.7,40663.0,1715920.0,49.67
LICHSGFIN,EQ,23-Jul-2013,208.8,211.0,216.85,211.0,215.05,215.15,214.9,4072633,875191444.6,47498.0,1868560.0,45.88
LICHSGFIN,EQ,22-Jul-2013,208.35,209.0,213.25,206.35,208.75,208.8,210.31,3222532,677729947.8,68384.0,1175206.0,36.47
LICHSGFIN,EQ,19-Jul-2013,217.05,218.15,218.7,207.55,207.55,208.35,211.99,3696491,783605038.85,61810.0,1867750.0,50.53
LICHSGFIN,EQ,18-Jul-2013,212.05,212.7,218.0,212.1,216.8,217.05,215.4,3639965,784057627.3,49549.0,1733493.0,47.62
LICHSGFIN,EQ,17-Jul-2013,220.45,221.2,222.15,210.55,211.15,212.05,215.49,5997710,1292448291.65,93786.0,3612799.0,60.24
LICHSGFIN,EQ,16-Jul-2013,237.85,232.0,232.0,219.6,220.4,220.45,222.56,5775649,1285449577.45,90254.0,2953768.0,51.14
LICHSGFIN,EQ,15-Jul-2013,234.7,232.3,238.6,232.3,238.05,237.85,237.07,1155758,273992089.4,16123.0,368805.0,31.91
LICHSGFIN,EQ,12-Jul-2013,238.2,239.65,239.65,233.75,235.0,234.7,235.44,2167947,510421016.2,25069.0,1132250.0,52.23
LICHSGFIN,EQ,11-Jul-2013,228.65,232.15,240.0,232.15,237.65,238.2,236.94,4145086,982149530.25,65725.0,2237788.0,53.99
LICHSGFIN,EQ,10-Jul-2013,227.65,228.6,232.0,227.4,228.05,228.65,229.87,2135330,490855371.85,34194.0,761535.0,35.66
LICHSGFIN,EQ,09-Jul-2013,224.75,223.0,229.5,220.1,227.6,227.65,226.73,5054603,1146007253.85,66248.0,2211049.0,43.74
LICHSGFIN,EQ,08-Jul-2013,233.05,231.7,231.7,223.6,224.6,224.75,225.56,4487739,1012241132.0,63693.0,2731503.0,60.87
LICHSGFIN,EQ,05-Jul-2013,235.85,238.5,239.8,231.1,233.65,233.05,235.52,3860059,909123799.75,61229.0,2016623.0,52.24
LICHSGFIN,EQ,04-Jul-2013,239.45,240.65,242.5,233.35,236.0,235.85,238.15,4114262,979801015.65,76939.0,2101957.0,51.09
LICHSGFIN,EQ,03-Jul-2013,252.85,250.5,250.5,238.15,238.85,239.45,242.29,2486947,602565447.8,58436.0,1167335.0,46.94
LICHSGFIN,EQ,02-Jul-2013,254.95,253.55,257.9,252.3,252.6,252.85,254.51,1765999,449463250.75,25176.0,846405.0,47.93
LICHSGFIN,EQ,01-Jul-2013,254.75,252.1,259.4,252.1,254.9,254.95,255.99,2114690,541334387.65,34094.0,1282546.0,60.65
LICHSGFIN,EQ,28-Jun-2013,248.4,254.7,256.0,251.3,254.4,254.75,254.03,2343953,595426876.05,33264.0,1422399.0,60.68
LICHSGFIN,EQ,27-Jun-2013,252.7,255.15,262.7,246.0,250.8,248.4,253.05,4018565,1016885641.35,48169.0,1650941.0,41.08
LICHSGFIN,EQ,26-Jun-2013,250.6,253.0,255.75,251.35,252.05,252.7,253.81,1574553,399634780.25,26476.0,646073.0,41.03
LICHSGFIN,EQ,25-Jun-2013,253.2,255.0,256.0,243.0,250.5,250.6,250.98,3084867,774250964.85,82981.0,1233074.0,39.97
LICHSGFIN,EQ,24-Jun-2013,257.75,255.5,258.25,250.25,253.25,253.2,253.32,1736671,439930513.0,38084.0,683732.0,39.37
LICHSGFIN,EQ,21-Jun-2013,256.4,255.0,262.5,253.05,255.8,257.75,258.32,2539889,656091611.45,40448.0,951609.0,37.47
LICHSGFIN,EQ,20-Jun-2013,271.35,268.4,268.75,255.0,256.5,256.4,259.93,2519440,654874589.5,47399.0,997270.0,39.58
LICHSGFIN,EQ,19-Jun-2013,267.65,267.5,273.9,264.1,271.1,271.35,270.94,2419405,655501544.45,54463.0,1055491.0,43.63
LICHSGFIN,EQ,18-Jun-2013,268.05,269.4,269.6,264.0,266.7,267.65,266.98,1533278,409360944.95,24791.0,624585.0,40.74
LICHSGFIN,EQ,17-Jun-2013,262.3,264.0,269.5,262.3,269.0,268.05,265.83,1789141,475603548.85,24899.0,761813.0,42.58
LICHSGFIN,EQ,14-Jun-2013,250.2,254.95,263.5,254.55,263.05,262.3,259.95,1964333,510634363.2,27097.0,891564.0,45.39
LICHSGFIN,EQ,13-Jun-2013,255.2,251.0,256.9,249.1,249.85,250.2,251.81,2413009,607619027.4,41312.0,1337650.0,55.43
LICHSGFIN,EQ,12-Jun-2013,253.75,253.4,258.95,246.0,255.25,255.2,255.14,3197754,815874705.15,59172.0,1380382.0,43.17
LICHSGFIN,EQ,11-Jun-2013,260.1,258.5,263.8,251.65,253.95,253.75,258.98,3879513,1004734043.25,78238.0,1993735.0,51.39
LICHSGFIN,EQ,10-Jun-2013,264.2,266.5,270.35,257.9,260.05,260.1,263.91,1976747,521678883.15,38928.0,799708.0,40.46
LICHSGFIN,EQ,07-Jun-2013,265.55,264.75,272.8,263.1,265.25,264.2,268.35,1645424,441549496.0,34358.0,544555.0,33.1
LICHSGFIN,EQ,06-Jun-2013,267.8,266.9,269.8,262.3,265.55,265.55,265.81,1390867,369709278.6,25456.0,302361.0,21.74
LICHSGFIN,EQ,05-Jun-2013,261.75,261.35,268.85,258.25,268.4,267.8,264.56,1872583,495416437.35,29985.0,857973.0,45.82
LICHSGFIN,EQ,04-Jun-2013,258.4,259.0,265.75,256.2,261.25,261.75,261.99,2278321,596897493.6,35637.0,824475.0,36.19
LICHSGFIN,EQ,03-Jun-2013,255.9,257.1,264.5,252.65,259.55,258.4,259.58,2982303,774160894.3,43342.0,1331028.0,44.63
LICHSGFIN,EQ,31-May-2013,270.0,270.0,272.3,253.6,257.5,255.9,259.34,2966675,769383794.55,50578.0,1592902.0,53.69
LICHSGFIN,EQ,30-May-2013,270.25,268.0,274.0,266.85,271.0,270.0,271.06,1484606,402411117.3,29850.0,609194.0,41.03
LICHSGFIN,EQ,29-May-2013,276.65,275.0,276.6,268.6,268.8,270.25,271.17,1159135,314326756.7,28389.0,421657.0,36.38
LICHSGFIN,EQ,28-May-2013,274.05,274.2,280.5,274.0,276.4,276.65,277.17,2497793,692324295.25,36669.0,1246944.0,49.92
LICHSGFIN,EQ,27-May-2013,274.75,276.0,276.15,271.5,274.2,274.05,274.15,1337272,366614590.4,41775.0,566422.0,42.36
LICHSGFIN,EQ,24-May-2013,267.5,268.85,276.0,266.15,274.75,274.75,273.23,2688658,734626655.15,28482.0,1431109.0,53.23
LICHSGFIN,EQ,23-May-2013,276.1,274.0,275.0,263.15,268.4,267.5,268.45,2051300,550661365.6,32589.0,627608.0,30.6
LICHSGFIN,EQ,22-May-2013,276.45,279.0,279.0,272.55,277.0,276.1,275.25,1820736,501154374.05,39835.0,845762.0,46.45
LICHSGFIN,EQ,21-May-2013,275.15,277.5,280.6,272.55,276.5,276.45,276.39,4548235,1257099514.9,71778.0,2456533.0,54.01
LICHSGFIN,EQ,20-May-2013,275.6,276.0,278.4,272.0,275.0,275.15,274.71,3180398,873673031.15,42365.0,1237490.0,38.91
LICHSGFIN,EQ,17-May-2013,263.35,264.1,277.3,258.7,274.6,275.6,270.82,7022076,1901704997.9,75576.0,3308174.0,47.11
LICHSGFIN,EQ,16-May-2013,259.25,260.05,265.65,259.1,263.95,263.35,263.66,3981973,1049890083.5,68831.0,2276988.0,57.18
LICHSGFIN,EQ,15-May-2013,246.95,248.0,260.0,247.85,259.4,259.25,256.25,3450784,884267613.8,46877.0,1696253.0,49.16
LICHSGFIN,EQ,14-May-2013,244.05,244.55,248.25,243.3,247.0,246.95,246.23,1299358,319945308.2,17030.0,447517.0,34.44
LICHSGFIN,EQ,13-May-2013,249.65,249.0,249.8,243.05,244.05,244.05,245.73,848343,208459870.8,12559.0,193214.0,22.78
LICHSGFIN,EQ,11-May-2013,249.5,249.5,250.45,248.8,249.85,249.65,249.7,77036,19236189.25,1257.0,22066.0,28.64
LICHSGFIN,EQ,10-May-2013,248.45,248.25,252.2,247.25,249.15,249.5,250.09,1488672,372296221.55,19937.0,510039.0,34.26
LICHSGFIN,EQ,09-May-2013,251.7,253.25,254.9,247.05,247.9,248.45,252.28,2026617,511265252.05,30064.0,688483.0,33.97
LICHSGFIN,EQ,08-May-2013,247.15,248.0,253.35,244.4,253.25,251.7,249.29,2480928,618459810.65,36211.0,923538.0,37.23
LICHSGFIN,EQ,07-May-2013,244.95,244.1,249.9,242.05,247.3,247.15,245.9,2110266,518916374.75,31304.0,620765.0,29.42
LICHSGFIN,EQ,06-May-2013,241.3,242.5,247.25,241.0,244.5,244.95,244.61,1534971,375470545.3,17536.0,393915.0,25.66
LICHSGFIN,EQ,03-May-2013,246.5,246.5,247.0,240.15,241.1,241.3,242.46,1515839,367533595.6,19964.0,436568.0,28.8
LICHSGFIN,EQ,02-May-2013,243.65,245.4,250.4,244.05,246.3,246.5,247.18,2617568,647005971.8,39311.0,1171422.0,44.75
LICHSGFIN,EQ,30-Apr-2013,252.1,253.1,253.9,242.1,243.4,243.65,245.6,2545624,625205984.75,35541.0,1077529.0,42.33
LICHSGFIN,EQ,29-Apr-2013,247.85,250.9,256.4,249.25,252.0,252.1,253.57,6082685,1542374751.3,63018.0,3350214.0,55.08
LICHSGFIN,EQ,26-Apr-2013,232.35,234.65,250.25,229.6,250.0,247.85,241.92,9632555,2330314737.85,100992.0,2691750.0,27.94
LICHSGFIN,EQ,25-Apr-2013,232.25,233.5,235.8,230.95,232.15,232.35,233.28,1882473,439141017.35,20865.0,929733.0,49.39
LICHSGFIN,EQ,23-Apr-2013,234.9,235.5,235.9,230.25,232.65,232.25,232.33,895774,208119035.7,18206.0,293578.0,32.77
LICHSGFIN,EQ,22-Apr-2013,233.1,235.05,236.65,232.25,235.4,234.9,234.74,1435053,336870754.85,21605.0,482461.0,33.62
LICHSGFIN,EQ,18-Apr-2013,226.25,227.0,234.0,225.8,233.0,233.1,230.5,1574890,363006779.95,25335.0,622624.0,39.53
LICHSGFIN,EQ,17-Apr-2013,228.7,230.0,231.55,224.75,227.1,226.25,228.34,1387106,316732760.85,24592.0,502869.0,36.25
LICHSGFIN,EQ,16-Apr-2013,224.9,223.25,230.8,223.25,229.25,228.7,228.6,1977429,452047002.0,30655.0,950041.0,48.04
LICHSGFIN,EQ,15-Apr-2013,220.9,219.0,227.0,219.0,225.0,224.9,224.63,2192233,492447830.2,33010.0,958335.0,43.72
LICHSGFIN,EQ,12-Apr-2013,217.1,219.25,222.0,215.45,221.2,220.9,220.04,1406143,309404137.55,24822.0,499457.0,35.52
LICHSGFIN,EQ,11-Apr-2013,218.75,220.0,220.95,215.4,217.15,217.1,217.79,1501671,327047451.45,24895.0,483241.0,32.18
LICHSGFIN,EQ,10-Apr-2013,216.85,218.0,219.7,214.0,219.15,218.75,216.7,2116640,458668982.25,28689.0,826546.0,39.05
LICHSGFIN,EQ,09-Apr-2013,220.65,221.55,224.15,215.75,215.95,216.85,220.63,1785747,393986897.1,28394.0,675595.0,37.83
LICHSGFIN,EQ,08-Apr-2013,223.05,224.0,224.2,219.2,220.5,220.65,221.47,926372,205163321.6,17871.0,297332.0,32.1
LICHSGFIN,EQ,05-Apr-2013,221.6,219.55,223.8,217.65,222.5,223.05,221.02,1840233,406731614.8,29341.0,603570.0,32.8
LICHSGFIN,EQ,04-Apr-2013,225.4,223.0,226.35,220.0,221.75,221.6,222.78,1794832,399844207.35,22720.0,544794.0,30.35
LICHSGFIN,EQ,03-Apr-2013,232.65,230.1,235.8,224.75,225.05,225.4,229.78,2209526,507697940.05,37260.0,986783.0,44.66
LICHSGFIN,EQ,02-Apr-2013,226.55,224.2,233.55,224.2,233.5,232.65,230.74,1954792,451055811.7,28209.0,830978.0,42.51
LICHSGFIN,EQ,01-Apr-2013,224.9,226.0,228.4,222.65,227.0,226.55,225.85,1457324,329136005.6,22634.0,326518.0,22.41
LICHSGFIN,EQ,28-Mar-2013,221.9,222.3,226.1,219.35,225.35,224.9,222.86,2614966,582762972.05,38674.0,1378629.0,52.72
LICHSGFIN,EQ,26-Mar-2013,217.3,217.3,222.9,215.05,221.25,221.9,220.54,2524525,556765896.45,34569.0,1102530.0,43.67
LICHSGFIN,EQ,25-Mar-2013,216.45,218.0,226.3,215.15,218.35,217.3,221.62,4388323,972556343.4,60330.0,2162184.0,49.27
LICHSGFIN,EQ,22-Mar-2013,211.8,212.1,218.8,209.1,216.4,216.45,215.46,2774919,597890020.9,39841.0,1086070.0,39.14
LICHSGFIN,EQ,21-Mar-2013,220.1,222.0,224.5,209.0,212.85,211.8,216.33,6800751,1471221945.9,94999.0,3107337.0,45.69
LICHSGFIN,EQ,20-Mar-2013,232.8,233.8,235.0,219.35,220.25,220.1,224.46,4668109,1047802823.4,52052.0,2326200.0,49.83
LICHSGFIN,EQ,19-Mar-2013,241.5,242.1,245.9,231.55,233.1,232.8,238.37,3429015,817372332.9,62803.0,1239631.0,36.15
LICHSGFIN,EQ,18-Mar-2013,241.4,241.0,244.25,238.1,241.4,241.5,241.76,1737314,420016446.7,36382.0,661648.0,38.08
LICHSGFIN,EQ,15-Mar-2013,244.5,245.0,248.5,240.1,241.5,241.4,245.25,3614097,886356976.45,35081.0,1904507.0,52.7
LICHSGFIN,EQ,14-Mar-2013,236.5,236.0,245.4,234.1,244.8,244.5,240.57,2763075,664699617.0,54364.0,1056711.0,38.24
LICHSGFIN,EQ,13-Mar-2013,240.5,240.0,240.0,235.0,235.5,236.5,236.96,2187451,518331724.25,40237.0,941743.0,43.05
LICHSGFIN,EQ,12-Mar-2013,245.5,245.5,247.55,238.9,240.65,240.5,242.22,2409214,583568319.35,28148.0,888494.0,36.88
LICHSGFIN,EQ,11-Mar-2013,249.25,251.0,252.4,245.05,245.45,245.5,248.34,1683531,418082332.85,24615.0,625688.0,37.17
LICHSGFIN,EQ,08-Mar-2013,241.55,242.0,252.25,241.55,248.5,249.25,247.77,3449532,854704002.1,57184.0,1648662.0,47.79
LICHSGFIN,EQ,07-Mar-2013,240.45,240.5,242.55,238.25,241.75,241.55,240.98,1486745,358268804.05,34559.0,658029.0,44.26
LICHSGFIN,EQ,06-Mar-2013,239.9,240.0,243.3,237.7,240.55,240.45,240.78,2563124,617151344.1,44726.0,1144792.0,44.66
LICHSGFIN,EQ,05-Mar-2013,233.15,225.0,242.35,225.0,239.3,239.9,238.21,2109342,502469535.8,37330.0,1068889.0,50.67
LICHSGFIN,EQ,04-Mar-2013,236.85,236.95,236.95,229.1,234.45,233.15,232.43,1859181,432125136.4,77057.0,893840.0,48.08
LICHSGFIN,EQ,01-Mar-2013,232.4,234.0,239.0,232.9,237.25,236.85,236.05,1917596,452657326.25,44664.0,813052.0,42.4
LICHSGFIN,EQ,28-Feb-2013,246.25,247.0,249.9,228.65,236.25,232.4,239.07,6691356,1599705476.5,76337.0,3100134.0,46.33
LICHSGFIN,EQ,27-Feb-2013,240.7,242.35,247.8,238.55,246.05,246.25,243.81,3591356,875604918.75,44082.0,2247514.0,62.58
LICHSGFIN,EQ,26-Feb-2013,248.8,248.8,248.8,239.75,241.4,240.7,242.45,2471803,599287699.75,31474.0,1280966.0,51.82
LICHSGFIN,EQ,25-Feb-2013,242.1,247.45,250.0,245.0,248.8,248.8,248.16,2959638,734471241.0,34697.0,1396843.0,47.2
LICHSGFIN,EQ,22-Feb-2013,240.95,240.95,245.5,239.05,242.1,242.1,242.14,2181894,528323403.55,33060.0,749660.0,34.36
LICHSGFIN,EQ,21-Feb-2013,245.95,245.0,246.75,239.9,240.4,240.95,243.72,2781482,677916205.3,32685.0,1417847.0,50.97
LICHSGFIN,EQ,20-Feb-2013,248.2,249.0,250.25,245.1,246.0,245.95,246.82,3307657,816390614.75,39444.0,1974924.0,59.71
LICHSGFIN,EQ,19-Feb-2013,245.75,248.75,249.2,245.0,248.25,248.2,247.07,3689149,911479292.85,79101.0,2180060.0,59.09
LICHSGFIN,EQ,18-Feb-2013,248.15,252.0,252.0,244.65,246.5,245.75,248.14,3455982,857555665.2,50287.0,1976383.0,57.19
LICHSGFIN,EQ,15-Feb-2013,252.1,252.0,255.1,242.1,249.0,248.15,247.41,5741251,1420460342.4,70869.0,2654322.0,46.23
LICHSGFIN,EQ,14-Feb-2013,267.95,267.8,272.45,249.0,251.25,252.1,259.44,5648460,1465439536.75,73204.0,2247925.0,39.8
LICHSGFIN,EQ,13-Feb-2013,270.95,272.2,273.75,266.65,268.6,267.95,270.86,1815842,491835261.65,26443.0,1058745.0,58.31
LICHSGFIN,EQ,12-Feb-2013,266.65,266.95,271.5,264.95,271.25,270.95,268.07,994080,266479139.1,14768.0,229491.0,23.09
LICHSGFIN,EQ,11-Feb-2013,266.4,266.0,268.8,263.85,267.7,266.65,266.31,1051438,280012748.8,20392.0,270349.0,25.71
LICHSGFIN,EQ,08-Feb-2013,271.95,272.0,273.45,264.5,265.4,266.4,269.66,1730106,466533560.1,28805.0,849227.0,49.09
LICHSGFIN,EQ,07-Feb-2013,279.05,279.5,280.5,271.1,271.55,271.95,274.26,1095421,300426025.6,16944.0,348446.0,31.81
LICHSGFIN,EQ,06-Feb-2013,277.15,277.5,281.5,276.15,279.0,279.05,279.26,864932,241541023.45,15539.0,243139.0,28.11
LICHSGFIN,EQ,05-Feb-2013,285.8,285.0,285.0,276.3,276.45,277.15,278.41,1154355,321389065.8,19500.0,442722.0,38.35
LICHSGFIN,EQ,04-Feb-2013,283.8,283.8,290.45,283.8,285.45,285.8,287.74,3175243,913637157.1,41136.0,1883165.0,59.31
LICHSGFIN,EQ,01-Feb-2013,281.5,285.0,287.5,281.5,283.3,283.8,284.89,1662066,473509102.0,55267.0,937714.0,56.42
LICHSGFIN,EQ,31-Jan-2013,285.05,284.4,284.45,279.2,282.85,281.5,281.27,2679985,753796857.55,39639.0,1735330.0,64.75
LICHSGFIN,EQ,30-Jan-2013,286.0,288.0,289.1,282.65,284.0,285.05,285.52,1136843,324586505.3,19626.0,410017.0,36.07
LICHSGFIN,EQ,29-Jan-2013,285.2,285.0,290.25,284.2,285.55,286.0,287.47,2428147,698013214.75,31280.0,1312282.0,54.04
LICHSGFIN,EQ,28-Jan-2013,283.05,284.7,285.8,280.7,285.05,285.2,283.17,1994080,564655735.0,27782.0,1435598.0,71.99
LICHSGFIN,EQ,25-Jan-2013,278.9,278.85,283.9,275.7,282.4,283.05,280.03,2204717,617392157.1,31494.0,1012133.0,45.91
LICHSGFIN,EQ,24-Jan-2013,284.7,285.0,285.35,272.05,280.05,278.9,278.91,3193764,890784724.85,34163.0,1909541.0,59.79
LICHSGFIN,EQ,23-Jan-2013,281.05,281.5,286.2,277.4,284.35,284.7,282.19,2716666,766625187.95,38606.0,1617535.0,59.54
LICHSGFIN,EQ,22-Jan-2013,283.8,283.05,284.4,279.0,280.8,281.05,281.36,2094810,589398105.65,23087.0,1260877.0,60.19
LICHSGFIN,EQ,21-Jan-2013,281.45,281.5,285.15,281.5,283.4,283.8,283.82,1203349,341528606.2,15900.0,507936.0,42.21
LICHSGFIN,EQ,18-Jan-2013,278.0,278.95,283.0,276.15,281.0,281.45,280.57,2537324,711886116.1,44024.0,1096589.0,43.22
LICHSGFIN,EQ,17-Jan-2013,279.85,280.0,281.25,274.8,276.55,278.0,277.62,1768686,491030812.3,27923.0,745986.0,42.18
LICHSGFIN,EQ,16-Jan-2013,283.15,283.0,285.45,279.0,279.75,279.85,282.26,1833076,517397298.7,24668.0,945259.0,51.57
LICHSGFIN,EQ,15-Jan-2013,285.3,285.0,288.0,282.0,282.45,283.15,284.65,2026815,576927395.55,20602.0,1074061.0,52.99
LICHSGFIN,EQ,14-Jan-2013,281.2,281.55,286.35,276.6,286.0,285.3,282.65,2653272,749939123.3,39814.0,1515250.0,57.11
LICHSGFIN,EQ,11-Jan-2013,283.15,283.5,286.0,279.5,279.95,281.2,282.83,1624891,459563698.25,20714.0,733233.0,45.13
LICHSGFIN,EQ,10-Jan-2013,283.6,284.0,289.65,281.5,283.0,283.15,285.41,3045392,869189466.15,42146.0,817114.0,26.83
LICHSGFIN,EQ,09-Jan-2013,289.45,290.0,291.7,282.5,284.45,283.6,287.69,2705591,778366545.0,35081.0,1483543.0,54.83
LICHSGFIN,EQ,08-Jan-2013,291.55,293.95,293.95,287.25,289.4,289.45,289.39,3548447,1026888117.65,79169.0,2260227.0,63.7
LICHSGFIN,EQ,07-Jan-2013,295.0,295.6,299.95,290.2,290.55,291.55,293.69,2551601,749374090.2,31909.0,1473048.0,57.73
LICHSGFIN,EQ,04-Jan-2013,293.9,294.6,296.3,290.35,295.25,295.0,292.99,2300895,674139244.5,25110.0,1112142.0,48.34
LICHSGFIN,EQ,03-Jan-2013,294.9,295.6,297.55,292.2,293.6,293.9,294.74,2148779,633334084.4,30058.0,1307566.0,60.85
LICHSGFIN,EQ,02-Jan-2013,297.25,298.85,300.25,293.5,294.75,294.9,296.82,1621312,481239799.25,21781.0,730739.0,45.07
LICHSGFIN,EQ,01-Jan-2013,291.35,294.0,298.45,291.8,297.75,297.25,296.59,1518796,450462952.85,27695.0,610427.0,40.19
LICHSGFIN,EQ,31-Dec-2012,292.65,294.0,295.0,290.7,291.15,291.35,292.43,1132169,331080451.2,16992.0,423465.0,37.4
LICHSGFIN,EQ,30-Dec-2014,418.85,419.5,434.0,417.1,433.65,432.3,427.65,3108490,1329353748.15,48205.0,890222.0,28.64
LICHSGFIN,EQ,29-Dec-2014,417.75,419.8,422.7,417.1,418.55,418.85,419.79,1121011,470594013.7,15619.0,352800.0,31.47
LICHSGFIN,EQ,26-Dec-2014,417.0,419.8,421.3,414.05,417.55,417.75,417.57,1042990,435517479.1,17079.0,166164.0,15.93
LICHSGFIN,EQ,24-Dec-2014,413.3,414.5,422.85,409.0,418.25,417.0,416.61,4095001,1706008648.6,41543.0,1347629.0,32.91
LICHSGFIN,EQ,23-Dec-2014,419.4,419.1,426.5,411.35,412.55,413.3,418.4,2314621,968444698.5,39114.0,627176.0,27.1
LICHSGFIN,EQ,22-Dec-2014,422.8,424.9,427.0,411.25,420.0,419.4,418.63,3006283,1258506666.75,39877.0,1259061.0,41.88
LICHSGFIN,EQ,19-Dec-2014,421.7,425.0,434.0,418.0,422.0,422.8,427.91,3187459,1363954762.35,48283.0,974204.0,30.56
LICHSGFIN,EQ,18-Dec-2014,402.3,415.0,424.9,405.0,422.6,421.7,415.55,4805711,1997002508.1,72802.0,1676875.0,34.89
LICHSGFIN,EQ,17-Dec-2014,396.15,396.0,409.0,376.25,403.9,402.3,397.23,5224136,2075181606.7,65183.0,1408810.0,26.97
LICHSGFIN,EQ,16-Dec-2014,435.4,433.35,435.4,392.7,397.15,396.15,406.42,6386407,2595591342.35,76440.0,2498664.0,39.12
LICHSGFIN,EQ,15-Dec-2014,436.9,432.5,443.95,430.95,437.4,435.4,437.24,2823395,1234489831.3,39984.0,1283791.0,45.47
LICHSGFIN,EQ,12-Dec-2014,453.25,452.35,455.6,435.0,438.35,436.9,445.72,2989786,1332608978.45,51627.0,1067629.0,35.71
LICHSGFIN,EQ,11-Dec-2014,459.8,459.7,460.6,446.25,454.0,453.25,453.66,4066988,1845036328.95,51751.0,1442102.0,35.46
LICHSGFIN,EQ,10-Dec-2014,433.25,431.5,464.0,427.8,458.5,459.8,451.44,6042311,2727714171.25,79229.0,1632669.0,27.02
LICHSGFIN,EQ,09-Dec-2014,437.4,439.5,439.5,430.15,433.0,433.25,435.03,3022701,1314952448.95,40787.0,1561551.0,51.66
LICHSGFIN,EQ,08-Dec-2014,433.6,434.0,439.25,425.0,436.0,437.4,433.89,3427428,1487123863.4,42151.0,1607098.0,46.89
LICHSGFIN,EQ,05-Dec-2014,430.9,431.7,439.0,425.2,430.2,433.6,433.11,3351442,1451534658.3,36036.0,1709344.0,51.0
LICHSGFIN,EQ,04-Dec-2014,435.1,438.45,441.0,428.75,430.05,430.9,434.19,2172778,943394006.1,35406.0,566244.0,26.06
LICHSGFIN,EQ,03-Dec-2014,427.35,428.5,436.95,428.2,435.5,435.1,432.98,2567394,1111640306.0,34536.0,978376.0,38.11
LICHSGFIN,EQ,02-Dec-2014,422.1,421.8,428.75,413.3,427.45,427.35,422.46,1684848,711784451.2,25910.0,430342.0,25.54
LICHSGFIN,EQ,01-Dec-2014,422.4,425.0,429.5,417.2,421.0,422.1,422.92,2063729,872788484.45,27594.0,757442.0,36.7
LICHSGFIN,EQ,28-Nov-2014,409.95,412.1,425.0,412.1,424.35,422.4,419.87,2302817,966893696.85,29629.0,884628.0,38.42
LICHSGFIN,EQ,27-Nov-2014,401.35,401.0,412.5,400.8,410.8,409.95,408.98,2300189,940740107.4,34925.0,708533.0,30.8
LICHSGFIN,EQ,26-Nov-2014,405.2,401.4,406.0,398.35,401.5,401.35,402.72,3455552,1391614196.0,36377.0,1664296.0,48.16
LICHSGFIN,EQ,25-Nov-2014,406.15,406.95,410.3,397.3,406.75,405.2,403.24,3833879,1545966907.45,59102.0,1608870.0,41.96
LICHSGFIN,EQ,24-Nov-2014,414.85,417.25,419.1,405.0,406.65,406.15,410.12,2957213,1212822512.8,45282.0,1600301.0,54.12
LICHSGFIN,EQ,21-Nov-2014,406.55,407.1,417.05,404.65,414.05,414.85,411.91,2491522,1026279886.05,33065.0,826880.0,33.19
LICHSGFIN,EQ,20-Nov-2014,411.35,412.7,413.85,401.75,407.0,406.55,407.1,3250794,1323409166.4,39866.0,1800046.0,55.37
LICHSGFIN,EQ,19-Nov-2014,418.75,420.9,421.7,409.35,412.45,411.35,415.03,2617320,1086277799.2,41484.0,933885.0,35.68
LICHSGFIN,EQ,18-Nov-2014,421.35,422.0,423.5,415.05,419.35,418.75,419.02,1689967,708131932.25,27617.0,486516.0,28.79
LICHSGFIN,EQ,17-Nov-2014,420.65,423.15,426.9,416.5,421.4,421.35,420.63,2939317,1236357672.4,51386.0,971693.0,33.06
LICHSGFIN,EQ,14-Nov-2014,410.15,412.2,427.15,408.0,427.0,420.65,415.15,4066768,1688331047.2,84709.0,2077251.0,51.08
LICHSGFIN,EQ,13-Nov-2014,411.95,414.25,419.9,405.65,409.5,410.15,413.52,4667948,1930308398.4,74622.0,2022339.0,43.32
LICHSGFIN,EQ,12-Nov-2014,395.7,398.5,415.0,397.1,414.2,411.95,405.85,6043479,2452724615.15,89128.0,2701562.0,44.7
LICHSGFIN,EQ,11-Nov-2014,386.85,385.8,399.0,383.5,397.25,395.7,394.32,4068411,1604237594.35,106704.0,1581711.0,38.88
LICHSGFIN,EQ,10-Nov-2014,382.3,382.8,389.45,374.5,386.3,386.85,381.73,3298105,1258991018.0,48028.0,1540601.0,46.71
LICHSGFIN,EQ,07-Nov-2014,373.65,373.95,385.75,369.75,381.65,382.3,379.76,3754369,1425741480.1,80842.0,1593348.0,42.44
LICHSGFIN,EQ,05-Nov-2014,365.05,365.0,382.65,363.0,374.05,373.65,373.96,5374779,2009964900.05,95313.0,2603724.0,48.44
LICHSGFIN,EQ,03-Nov-2014,362.05,364.0,367.4,357.0,364.5,365.05,363.37,2853927,1037025927.35,45984.0,1251082.0,43.84
LICHSGFIN,EQ,31-Oct-2014,345.6,348.1,364.8,346.3,362.0,362.05,358.13,5076577,1818055807.4,88452.0,2156376.0,42.48
LICHSGFIN,EQ,30-Oct-2014,339.2,340.0,347.8,337.0,345.85,345.6,343.99,3619375,1245037978.15,72856.0,1926036.0,53.21
LICHSGFIN,EQ,29-Oct-2014,338.2,340.2,341.55,334.6,338.25,339.2,337.63,1855133,626343213.25,39441.0,1101395.0,59.37
LICHSGFIN,EQ,28-Oct-2014,334.2,334.55,340.0,331.0,339.3,338.2,334.88,2241143,750515320.75,28059.0,1041263.0,46.46
LICHSGFIN,EQ,27-Oct-2014,343.5,345.0,348.4,332.6,334.05,334.2,339.9,2849801,968640173.45,34498.0,1530662.0,53.71
LICHSGFIN,EQ,23-Oct-2014,339.8,342.0,344.3,342.0,343.65,343.5,343.12,564562,193710134.8,8478.0,249411.0,44.18
LICHSGFIN,EQ,22-Oct-2014,333.9,336.1,342.0,334.2,341.15,339.8,337.99,3926006,1326953980.75,40131.0,2061685.0,52.51
LICHSGFIN,EQ,21-Oct-2014,323.55,324.2,335.5,324.2,334.45,333.9,330.61,1956702,646913887.8,33479.0,633404.0,32.37
LICHSGFIN,EQ,20-Oct-2014,332.85,337.25,339.9,321.25,323.0,323.55,329.61,3009786,992054686.15,48263.0,1086705.0,36.11
LICHSGFIN,EQ,17-Oct-2014,327.65,327.65,335.45,320.45,332.75,332.85,328.98,2260299,743583159.85,35318.0,802489.0,35.5
LICHSGFIN,EQ,16-Oct-2014,333.5,333.0,335.0,323.5,324.7,327.65,329.54,3273813,1078855712.4,48901.0,1662435.0,50.78
LICHSGFIN,EQ,14-Oct-2014,319.6,322.0,339.95,322.0,332.7,333.5,334.02,7354766,2456638999.4,68323.0,3682736.0,50.07
LICHSGFIN,EQ,13-Oct-2014,312.15,311.0,322.0,309.3,321.5,319.6,314.41,1707689,536920150.15,27008.0,748608.0,43.84
LICHSGFIN,EQ,10-Oct-2014,317.85,316.2,319.5,310.8,312.8,312.15,314.4,1573893,494833062.15,20047.0,577089.0,36.67
LICHSGFIN,EQ,09-Oct-2014,307.0,309.7,320.85,309.05,318.95,317.85,316.8,2346511,743363191.1,29936.0,1159297.0,49.41
LICHSGFIN,EQ,08-Oct-2014,312.35,311.0,311.85,303.75,308.0,307.0,306.43,2349341,719906991.4,23967.0,1159880.0,49.37
LICHSGFIN,EQ,07-Oct-2014,320.25,317.0,318.75,312.0,312.7,312.35,315.24,2039147,642814195.85,39345.0,1111241.0,54.5
LICHSGFIN,EQ,01-Oct-2014,325.5,326.1,328.95,319.1,319.45,320.25,322.87,1789140,577660541.85,17737.0,886752.0,49.56
LICHSGFIN,EQ,30-Sep-2014,316.15,316.0,328.8,315.25,325.0,325.5,323.51,3711130,1200569472.5,58753.0,1881040.0,50.69
LICHSGFIN,EQ,29-Sep-2014,314.05,314.75,319.9,313.5,316.1,316.15,316.69,1272249,402908117.05,20045.0,516978.0,40.63
LICHSGFIN,EQ,26-Sep-2014,302.2,301.1,316.45,300.05,315.0,314.05,306.26,1825343,559033026.3,18286.0,642100.0,35.18
LICHSGFIN,EQ,25-Sep-2014,308.9,311.2,311.7,299.2,304.9,302.2,303.14,3448432,1045361341.1,26187.0,2185976.0,63.39
LICHSGFIN,EQ,24-Sep-2014,312.55,312.4,315.15,305.35,310.5,308.9,310.79,1928134,599243491.5,28018.0,897252.0,46.53
LICHSGFIN,EQ,23-Sep-2014,318.3,317.1,326.8,310.0,311.75,312.55,320.31,2913791,933308294.0,42787.0,995233.0,34.16
LICHSGFIN,EQ,22-Sep-2014,319.4,317.2,320.25,313.7,318.0,318.3,318.0,1242380,395081904.15,15871.0,189489.0,15.25
LICHSGFIN,EQ,19-Sep-2014,316.9,314.2,323.9,314.2,318.55,319.4,320.9,2441496,783463951.4,61926.0,1243772.0,50.94
LICHSGFIN,EQ,18-Sep-2014,311.75,309.95,318.0,307.9,316.95,316.9,315.41,1257404,396594328.55,15910.0,360230.0,28.65
LICHSGFIN,EQ,17-Sep-2014,306.15,308.1,312.85,302.4,312.85,311.75,308.04,1379973,425089213.55,21926.0,414763.0,30.06
LICHSGFIN,EQ,16-Sep-2014,319.75,320.9,321.45,304.6,305.5,306.15,311.6,1652603,514950050.55,27566.0,666661.0,40.34
LICHSGFIN,EQ,15-Sep-2014,317.65,316.9,321.7,311.7,319.15,319.75,317.97,1290681,410402495.85,16285.0,434026.0,33.63
LICHSGFIN,EQ,12-Sep-2014,317.2,317.2,318.5,314.1,318.0,317.65,316.21,933467,295167347.55,13379.0,244946.0,26.24
LICHSGFIN,EQ,11-Sep-2014,319.0,319.0,321.6,313.1,316.0,317.2,317.1,1677771,532022260.75,28307.0,708896.0,42.25
LICHSGFIN,EQ,10-Sep-2014,329.85,328.4,328.4,317.35,318.85,319.0,322.69,4255169,1373114311.75,26118.0,3121378.0,73.35
LICHSGFIN,EQ,09-Sep-2014,325.45,325.3,330.95,321.0,329.25,329.85,326.54,1370319,447469642.5,17746.0,531456.0,38.78
LICHSGFIN,EQ,08-Sep-2014,319.7,321.7,325.95,319.8,325.0,325.45,323.79,2106693,682136154.2,28389.0,1085042.0,51.5
LICHSGFIN,EQ,05-Sep-2014,320.45,320.45,321.3,314.4,319.55,319.7,317.36,2272866,721312855.15,38860.0,1211240.0,53.29
LICHSGFIN,EQ,04-Sep-2014,322.9,323.2,326.65,318.7,320.2,320.45,321.62,2665923,857414610.85,31131.0,1211260.0,45.43
LICHSGFIN,EQ,03-Sep-2014,311.95,312.55,323.7,312.1,323.45,322.9,318.75,4367594,1392155087.15,61680.0,2377156.0,54.43
LICHSGFIN,EQ,02-Sep-2014,312.35,313.0,316.5,311.2,311.2,311.95,313.98,2607183,818601428.45,37623.0,1498314.0,57.47
LICHSGFIN,EQ,01-Sep-2014,302.65,304.1,313.4,304.05,312.5,312.35,310.31,3782804,1173839627.3,44132.0,2499199.0,66.07
LICHSGFIN,EQ,28-Aug-2014,302.8,303.0,304.85,300.7,303.1,302.65,302.95,2236903,677664543.25,30419.0,1491088.0,66.66
LICHSGFIN,EQ,27-Aug-2014,303.7,304.0,305.95,300.6,303.25,302.8,303.36,1787773,542342926.55,22412.0,1113371.0,62.28
LICHSGFIN,EQ,26-Aug-2014,301.5,302.65,304.95,298.3,303.8,303.7,302.61,3702686,1120452517.1,24400.0,2673960.0,72.22
LICHSGFIN,EQ,25-Aug-2014,305.1,305.1,307.4,300.1,301.0,301.5,304.18,2844781,865317732.65,22894.0,1978385.0,69.54
LICHSGFIN,EQ,22-Aug-2014,302.95,301.5,306.5,301.5,304.5,305.1,304.0,2416291,734556369.8,36950.0,1301538.0,53.87
LICHSGFIN,EQ,21-Aug-2014,300.3,300.0,304.5,298.75,303.0,302.95,302.45,2577375,779519472.5,35831.0,1289056.0,50.01
LICHSGFIN,EQ,20-Aug-2014,298.55,298.55,302.95,296.0,300.0,300.3,300.43,3475806,1044253529.4,33960.0,2069703.0,59.55
LICHSGFIN,EQ,19-Aug-2014,294.05,296.0,299.35,293.1,297.85,298.55,296.75,3118003,925265993.65,44682.0,1664239.0,53.38
LICHSGFIN,EQ,18-Aug-2014,285.7,284.0,295.0,284.0,294.1,294.05,290.18,2733704,793264033.2,29883.0,1293637.0,47.32
LICHSGFIN,EQ,14-Aug-2014,287.2,287.55,290.5,283.1,286.0,285.7,285.51,3020949,862512323.4,43259.0,1759333.0,58.24
LICHSGFIN,EQ,13-Aug-2014,287.65,287.25,291.0,282.25,287.55,287.2,286.91,3196601,917138330.4,40697.0,1642956.0,51.4
LICHSGFIN,EQ,12-Aug-2014,282.6,284.4,288.75,283.75,287.65,287.65,286.3,4746749,1359017141.4,42280.0,3516213.0,74.08
LICHSGFIN,EQ,11-Aug-2014,278.4,280.35,284.4,280.0,282.5,282.6,282.67,1640293,463654237.35,25494.0,860335.0,52.45
LICHSGFIN,EQ,08-Aug-2014,287.2,283.65,284.35,275.5,279.75,278.4,280.01,2156668,603897252.2,32968.0,966946.0,44.84
LICHSGFIN,EQ,07-Aug-2014,291.9,289.0,290.45,285.6,286.0,287.2,288.14,2002189,576920133.0,22645.0,968128.0,48.35
LICHSGFIN,EQ,06-Aug-2014,295.9,295.0,298.3,291.0,292.3,291.9,295.33,2065536,610024446.05,25014.0,774567.0,37.5
LICHSGFIN,EQ,05-Aug-2014,290.95,292.0,296.9,288.45,295.75,295.9,293.21,2443646,716504193.3,26510.0,771635.0,31.58
LICHSGFIN,EQ,04-Aug-2014,286.1,288.3,292.15,286.7,291.6,290.95,289.56,1745968,505561750.65,20519.0,799503.0,45.79
LICHSGFIN,EQ,01-Aug-2014,289.7,285.7,291.8,285.0,287.0,286.1,287.92,2550487,734334898.25,29406.0,1144035.0,44.86
LICHSGFIN,EQ,31-Jul-2014,287.4,287.0,293.5,286.65,290.5,289.7,290.57,3859845,1121550299.8,43021.0,2547316.0,66.0
LICHSGFIN,EQ,30-Jul-2014,290.9,291.0,292.8,284.55,287.0,287.4,287.65,4177681,1201698784.65,48155.0,2891784.0,69.22
LICHSGFIN,EQ,28-Jul-2014,296.0,293.0,296.9,288.05,291.2,290.9,291.72,2821682,823140713.7,42765.0,1282604.0,45.46
LICHSGFIN,EQ,25-Jul-2014,311.4,311.0,313.1,292.65,294.5,296.0,301.75,6758173,2039312436.55,85406.0,2984756.0,44.17
LICHSGFIN,EQ,24-Jul-2014,312.0,313.0,316.0,309.0,311.05,311.4,313.57,2228159,698674667.65,47013.0,745741.0,33.47
LICHSGFIN,EQ,23-Jul-2014,309.45,310.4,313.0,308.5,312.7,312.0,311.42,2110007,657096985.7,29345.0,891543.0,42.25
LICHSGFIN,EQ,22-Jul-2014,310.9,312.0,313.5,308.15,309.35,309.45,310.98,1716615,533829620.7,24519.0,513095.0,29.89
LICHSGFIN,EQ,21-Jul-2014,306.15,306.2,313.7,306.2,310.9,310.9,311.5,2878128,896529670.15,42037.0,970955.0,33.74
LICHSGFIN,EQ,18-Jul-2014,309.65,308.0,309.85,305.0,306.1,306.15,307.15,2388537,733646442.05,33635.0,757130.0,31.7
LICHSGFIN,EQ,17-Jul-2014,307.95,309.5,311.95,307.1,309.35,309.65,309.77,2799131,867088860.0,31022.0,1122144.0,40.09
LICHSGFIN,EQ,16-Jul-2014,320.8,322.4,322.9,304.4,309.0,307.95,307.81,10408205,3203746336.8,103107.0,5792658.0,55.65
LICHSGFIN,EQ,15-Jul-2014,317.5,319.4,322.0,312.5,321.0,320.8,318.23,2319896,738260979.7,41125.0,888131.0,38.28
LICHSGFIN,EQ,14-Jul-2014,312.2,310.35,320.4,302.85,318.45,317.5,314.45,2702516,849803234.85,50675.0,1009569.0,37.36
LICHSGFIN,EQ,11-Jul-2014,325.3,327.6,330.95,309.25,313.55,312.2,319.41,4559095,1456217076.45,61787.0,1884251.0,41.33
LICHSGFIN,EQ,10-Jul-2014,315.3,319.1,337.8,307.5,326.0,325.3,323.65,8062190,2609319099.95,94242.0,1990359.0,24.69
LICHSGFIN,EQ,09-Jul-2014,320.65,320.0,322.65,309.2,317.05,315.3,317.13,3434092,1089050337.75,49088.0,1340878.0,39.05
LICHSGFIN,EQ,08-Jul-2014,333.45,334.45,337.5,313.6,317.45,320.65,330.99,5738686,1899422252.5,63458.0,2668372.0,46.5
LICHSGFIN,EQ,07-Jul-2014,327.25,328.9,335.35,326.0,333.5,333.45,331.73,6298462,2089417791.7,68435.0,3877716.0,61.57
LICHSGFIN,EQ,04-Jul-2014,324.0,325.0,330.65,320.1,329.9,327.25,324.61,2108705,684497776.75,25654.0,991747.0,47.03
LICHSGFIN,EQ,03-Jul-2014,327.65,329.3,329.65,322.4,324.05,324.0,326.1,1955575,637708088.5,22555.0,894073.0,45.72
LICHSGFIN,EQ,02-Jul-2014,323.8,326.0,331.5,325.6,327.25,327.65,328.68,3420383,1124198075.25,50682.0,1871504.0,54.72
LICHSGFIN,EQ,01-Jul-2014,327.35,329.0,329.65,323.05,324.25,323.8,325.59,1684564,548471083.35,22420.0,802467.0,47.64
LICHSGFIN,EQ,30-Jun-2014,317.2,318.0,328.8,315.25,327.5,327.35,325.25,3654180,1188532583.9,35547.0,2227993.0,60.97
LICHSGFIN,EQ,27-Jun-2014,319.05,320.0,322.5,314.25,316.5,317.2,317.7,2462750,782418568.1,33408.0,1368984.0,55.59
LICHSGFIN,EQ,26-Jun-2014,326.4,327.0,328.0,317.4,319.5,319.05,320.83,3035477,973873547.95,27440.0,1254086.0,41.31
LICHSGFIN,EQ,25-Jun-2014,326.45,328.0,330.95,324.45,326.15,326.4,327.2,1805145,590637987.45,23660.0,730902.0,40.49
LICHSGFIN,EQ,24-Jun-2014,323.05,326.0,329.75,324.3,326.65,326.45,327.67,2806212,919524390.7,45019.0,1567302.0,55.85
LICHSGFIN,EQ,23-Jun-2014,319.95,322.0,327.0,319.0,323.5,323.05,323.94,2425413,785697976.95,63709.0,962550.0,39.69
LICHSGFIN,EQ,20-Jun-2014,317.0,317.0,324.65,315.2,320.8,319.95,321.76,3123116,1004904179.65,54781.0,1550076.0,49.63
LICHSGFIN,EQ,19-Jun-2014,316.5,318.25,320.65,312.8,317.5,317.0,316.92,2032396,644112101.4,53386.0,709535.0,34.91
LICHSGFIN,EQ,18-Jun-2014,320.6,321.0,325.9,311.0,315.75,316.5,320.05,4595944,1470942452.3,74254.0,2330311.0,50.7
LICHSGFIN,EQ,17-Jun-2014,309.6,311.15,321.6,308.5,320.6,320.6,315.38,3610224,1138578116.4,69508.0,1688142.0,46.76
LICHSGFIN,EQ,16-Jun-2014,308.15,305.1,311.5,295.65,308.75,309.6,304.88,3889867,1185961610.3,55633.0,1739434.0,44.72
LICHSGFIN,EQ,13-Jun-2014,318.05,318.9,323.4,305.7,306.55,308.15,313.94,2106501,661308646.65,31957.0,849563.0,40.33
LICHSGFIN,EQ,12-Jun-2014,322.2,322.5,324.9,316.8,318.0,318.05,320.29,2805580,898587339.05,37594.0,1523040.0,54.29
LICHSGFIN,EQ,11-Jun-2014,331.95,332.0,333.0,319.05,320.7,322.2,324.95,2974612,966594055.35,60365.0,1477111.0,49.66
LICHSGFIN,EQ,10-Jun-2014,339.3,342.05,342.05,326.95,331.45,331.95,331.62,2636019,874166352.1,43742.0,1213834.0,46.05
LICHSGFIN,EQ,09-Jun-2014,346.05,348.4,349.0,335.1,339.4,339.3,341.37,2991174,1021085135.9,36275.0,1556103.0,52.02
LICHSGFIN,EQ,06-Jun-2014,337.5,340.5,347.0,340.1,346.4,346.05,344.47,4101489,1412855884.9,74295.0,2043317.0,49.82
LICHSGFIN,EQ,05-Jun-2014,337.0,338.0,341.35,329.75,338.9,337.5,337.06,3429394,1155897435.6,31368.0,1608110.0,46.89
LICHSGFIN,EQ,04-Jun-2014,333.95,334.2,339.9,333.0,337.0,337.0,336.7,2365387,796414834.85,37761.0,1225383.0,51.8
LICHSGFIN,EQ,03-Jun-2014,329.1,330.5,336.9,326.45,333.75,333.95,333.3,3314917,1104859681.2,40677.0,1381612.0,41.68
LICHSGFIN,EQ,02-Jun-2014,318.35,319.7,330.9,317.8,330.0,329.1,324.78,2665769,865797432.65,37224.0,963288.0,36.14
LICHSGFIN,EQ,30-May-2014,318.45,319.7,322.85,314.0,318.85,318.35,318.05,2523222,802514216.7,35393.0,1020831.0,40.46
LICHSGFIN,EQ,29-May-2014,317.25,316.6,321.55,310.25,319.7,318.45,315.92,2027314,640464282.5,24232.0,936219.0,46.18
LICHSGFIN,EQ,28-May-2014,311.85,314.0,323.8,308.0,318.1,317.25,318.37,2530990,805799879.05,35095.0,864034.0,34.14
LICHSGFIN,EQ,27-May-2014,321.7,324.6,324.6,306.1,310.0,311.85,311.64,2976364,927562620.8,41333.0,1411800.0,47.43
LICHSGFIN,EQ,26-May-2014,329.15,336.5,343.0,310.1,321.3,321.7,331.81,3809944,1264159522.55,45088.0,1619047.0,42.5
LICHSGFIN,EQ,23-May-2014,323.5,326.95,336.5,320.95,336.0,329.15,325.46,3477848,1131892297.0,51303.0,1792661.0,51.55
LICHSGFIN,EQ,22-May-2014,321.9,325.0,333.7,320.55,324.95,323.5,328.06,3515313,1153240115.55,50043.0,1421221.0,40.43
LICHSGFIN,EQ,21-May-2014,325.25,327.8,329.5,315.05,321.75,321.9,321.99,2684350,864333992.6,40235.0,1238841.0,46.15
LICHSGFIN,EQ,20-May-2014,334.6,341.9,352.95,321.5,326.0,325.25,333.53,5146730,1716568187.8,82180.0,2474285.0,48.07
LICHSGFIN,EQ,19-May-2014,311.45,315.0,340.8,315.0,334.7,334.6,333.79,6779886,2263031431.6,106950.0,3867434.0,57.04
LICHSGFIN,EQ,16-May-2014,298.0,306.0,326.95,305.0,312.5,311.45,313.84,5642410,1770831663.95,94565.0,2415114.0,42.8
LICHSGFIN,EQ,15-May-2014,303.25,302.05,306.4,294.1,297.2,298.0,299.98,2106307,631849702.75,46863.0,723148.0,34.33
LICHSGFIN,EQ,14-May-2014,293.2,295.0,305.85,288.3,303.65,303.25,299.13,4355548,1302857179.85,66988.0,1630578.0,37.44
LICHSGFIN,EQ,13-May-2014,285.95,288.9,300.7,288.45,293.3,293.2,294.25,4962112,1460120268.3,77100.0,1943480.0,39.17
LICHSGFIN,EQ,12-May-2014,279.0,279.5,291.9,279.5,285.0,285.95,286.28,3677443,1052793160.25,62517.0,2059580.0,56.01
LICHSGFIN,EQ,09-May-2014,268.5,268.1,280.0,267.9,279.35,279.0,275.13,2586640,711672605.45,42790.0,925242.0,35.77
LICHSGFIN,EQ,08-May-2014,264.5,264.9,270.2,264.65,269.05,268.5,267.44,2148625,574636221.4,34774.0,1055017.0,49.1
LICHSGFIN,EQ,07-May-2014,269.75,269.3,270.5,263.55,264.35,264.5,266.75,1767387,471458995.65,16242.0,805142.0,45.56
LICHSGFIN,EQ,06-May-2014,263.25,264.6,270.9,262.5,270.15,269.75,266.63,1802253,480532656.8,21769.0,691523.0,38.37
LICHSGFIN,EQ,05-May-2014,264.8,264.5,267.0,260.65,262.65,263.25,263.78,1115880,294347511.4,12497.0,283815.0,25.43
LICHSGFIN,EQ,02-May-2014,262.4,264.1,268.9,263.05,264.8,264.8,265.92,2133537,567343915.4,23890.0,830342.0,38.92
LICHSGFIN,EQ,30-Apr-2014,266.6,266.6,272.85,254.35,262.75,262.4,264.87,3358086,889443882.45,42985.0,1334710.0,39.75
LICHSGFIN,EQ,29-Apr-2014,270.55,272.0,273.1,265.0,265.45,266.6,268.12,2118115,567910132.85,24699.0,923657.0,43.61
LICHSGFIN,EQ,28-Apr-2014,280.05,280.0,280.0,269.25,270.8,270.55,271.75,3792284,1030551190.6,47589.0,2004497.0,52.86
LICHSGFIN,EQ,25-Apr-2014,279.55,279.55,283.8,276.15,280.05,280.05,279.92,2985864,835803299.85,34063.0,1613655.0,54.04
LICHSGFIN,EQ,23-Apr-2014,278.65,280.0,285.0,277.65,279.4,279.55,281.54,6552089,1844695529.4,58999.0,3572524.0,54.52
LICHSGFIN,EQ,22-Apr-2014,273.35,275.0,280.45,270.75,278.6,278.65,275.07,4470153,1229592990.35,59517.0,1817962.0,40.67
LICHSGFIN,EQ,21-Apr-2014,269.2,271.85,278.0,270.65,274.25,273.35,274.05,4779109,1309714682.9,50416.0,1714410.0,35.87
LICHSGFIN,EQ,17-Apr-2014,262.65,263.2,271.8,260.2,271.0,269.2,266.31,2509493,668295269.9,28837.0,939260.0,37.43
LICHSGFIN,EQ,16-Apr-2014,264.7,264.2,266.45,256.2,261.8,262.65,262.53,2519726,661512888.3,43259.0,944733.0,37.49
LICHSGFIN,EQ,15-Apr-2014,269.25,270.5,270.5,262.0,263.65,264.7,264.53,3329177,880665254.2,61996.0,1970065.0,59.18
LICHSGFIN,EQ,11-Apr-2014,267.95,267.4,270.65,263.3,268.8,269.25,267.87,4311449,1154902872.85,75757.0,1829572.0,42.44
LICHSGFIN,EQ,10-Apr-2014,256.6,257.0,271.85,256.95,268.0,267.95,265.81,5997226,1594103755.9,69036.0,2837365.0,47.31
LICHSGFIN,EQ,09-Apr-2014,247.7,249.95,257.5,249.05,256.8,256.6,253.08,3835592,970713129.6,73647.0,1880320.0,49.02
LICHSGFIN,EQ,07-Apr-2014,243.0,244.25,250.3,240.0,250.15,247.7,244.48,2869438,701509583.65,38341.0,1171860.0,40.84
LICHSGFIN,EQ,04-Apr-2014,244.45,243.25,246.55,241.25,243.0,243.0,243.87,2387960,582360065.8,27768.0,802766.0,33.62
LICHSGFIN,EQ,03-Apr-2014,247.75,231.0,246.85,231.0,244.0,244.45,242.0,10754487,2602612360.7,92249.0,4339836.0,40.35
LICHSGFIN,EQ,02-Apr-2014,236.75,245.0,250.0,242.0,249.65,247.75,244.89,5735382,1404513743.4,52019.0,2276919.0,39.7
LICHSGFIN,EQ,01-Apr-2014,236.15,237.5,239.0,232.7,237.3,236.75,236.04,2577231,608332948.0,28986.0,776751.0,30.14
LICHSGFIN,EQ,31-Mar-2014,237.85,240.45,243.65,231.5,235.0,236.15,237.82,4283448,1018684943.0,45889.0,1725654.0,40.29
LICHSGFIN,EQ,28-Mar-2014,232.15,235.0,238.6,234.25,237.85,237.85,236.9,3511367,831852731.3,38061.0,1454462.0,41.42
LICHSGFIN,EQ,27-Mar-2014,226.95,227.9,233.95,227.1,232.3,232.15,231.89,3927691,910773164.5,38406.0,1636300.0,41.66
LICHSGFIN,EQ,26-Mar-2014,227.05,228.0,229.75,225.4,227.15,226.95,227.7,2895549,659328741.25,33276.0,1056590.0,36.49
LICHSGFIN,EQ,25-Mar-2014,228.45,228.0,228.7,225.25,226.6,227.05,227.1,1662694,377595543.15,18695.0,466302.0,28.04
LICHSGFIN,EQ,24-Mar-2014,225.55,227.85,230.4,226.5,228.3,228.45,228.73,2560987,585781636.4,27404.0,642995.0,25.11
LICHSGFIN,EQ,22-Mar-2014,224.4,225.55,226.6,224.45,226.5,225.55,225.26,380279,85660585.4,3180.0,142386.0,37.44
LICHSGFIN,EQ,21-Mar-2014,225.1,222.8,227.0,222.8,224.55,224.4,224.76,2668253,599715391.75,31588.0,1080746.0,40.5
LICHSGFIN,EQ,20-Mar-2014,230.05,231.3,236.9,224.45,224.75,225.1,229.65,4212221,967357013.25,51130.0,1204668.0,28.6
LICHSGFIN,EQ,19-Mar-2014,229.8,230.95,232.25,227.55,229.55,230.05,230.51,2020179,465667932.55,37762.0,660764.0,32.71
LICHSGFIN,EQ,18-Mar-2014,229.6,231.2,232.8,224.1,229.05,229.8,229.8,2704424,621472610.35,36414.0,751729.0,27.8
LICHSGFIN,EQ,14-Mar-2014,225.8,224.3,231.0,218.6,229.35,229.6,224.61,3592806,806996789.6,47437.0,964379.0,26.84
LICHSGFIN,EQ,13-Mar-2014,227.15,227.0,235.05,223.25,226.5,225.8,230.34,3395709,782150820.0,35347.0,1079409.0,31.79
LICHSGFIN,EQ,12-Mar-2014,231.45,230.85,231.85,226.0,226.9,227.15,227.96,2561661,583952107.4,32186.0,601604.0,23.48
LICHSGFIN,EQ,11-Mar-2014,231.7,234.25,241.7,230.2,231.1,231.45,235.6,7919211,1865740556.0,82996.0,2851750.0,36.01
LICHSGFIN,EQ,10-Mar-2014,223.25,223.4,233.4,221.1,232.3,231.7,227.71,6205779,1413096998.25,75429.0,2300416.0,37.07
LICHSGFIN,EQ,07-Mar-2014,215.7,216.8,224.2,214.0,222.55,223.25,219.96,8425056,1853199812.1,82051.0,3911087.0,46.42
LICHSGFIN,EQ,06-Mar-2014,213.9,215.95,218.0,214.05,216.0,215.7,216.25,4738727,1024772022.45,46409.0,2181551.0,46.04
LICHSGFIN,EQ,05-Mar-2014,208.0,209.8,214.45,209.1,213.95,213.9,212.14,4418392,937299803.0,47291.0,1572887.0,35.6
LICHSGFIN,EQ,04-Mar-2014,205.05,205.95,208.5,205.0,208.15,208.0,207.02,4743314,981942070.65,51885.0,2966324.0,62.54
LICHSGFIN,EQ,03-Mar-2014,206.4,207.35,209.4,202.0,205.05,205.05,206.25,3274925,675452950.9,37945.0,1393684.0,42.56
LICHSGFIN,EQ,28-Feb-2014,206.8,207.85,209.0,204.65,206.9,206.4,206.41,1958119,404184593.65,36623.0,1015898.0,51.88
LICHSGFIN,EQ,26-Feb-2014,209.2,210.25,211.0,206.05,207.1,206.8,208.17,2788998,580584423.0,28646.0,1203545.0,43.15
LICHSGFIN,EQ,25-Feb-2014,202.7,204.85,210.8,204.35,208.95,209.2,208.69,4438291,926243663.6,44669.0,1352333.0,30.47
LICHSGFIN,EQ,24-Feb-2014,201.1,201.8,203.65,199.1,203.25,202.7,202.25,1059331,214254446.9,10878.0,348383.0,32.89
LICHSGFIN,EQ,21-Feb-2014,201.45,201.7,203.5,200.45,201.2,201.1,201.72,1348480,272012678.55,15508.0,633746.0,47.0
LICHSGFIN,EQ,20-Feb-2014,204.25,203.0,203.9,200.05,201.0,201.45,202.17,1010354,204263267.2,11353.0,405065.0,40.09
LICHSGFIN,EQ,19-Feb-2014,202.95,202.5,205.35,202.5,204.5,204.25,204.15,1190998,243140630.45,16211.0,434839.0,36.51
LICHSGFIN,EQ,18-Feb-2014,201.6,202.4,204.2,201.25,202.6,202.95,202.83,1503096,304870242.6,16247.0,485547.0,32.3
LICHSGFIN,EQ,17-Feb-2014,198.95,199.5,202.7,197.15,202.2,201.6,199.9,1239906,247853498.0,15762.0,329710.0,26.59
LICHSGFIN,EQ,14-Feb-2014,196.5,196.6,200.0,195.4,199.25,198.95,198.09,1549179,306883477.6,14720.0,466624.0,30.12
LICHSGFIN,EQ,13-Feb-2014,199.85,200.05,200.85,195.55,195.8,196.5,197.86,1058983,209534336.05,10423.0,451662.0,42.65
LICHSGFIN,EQ,12-Feb-2014,200.3,201.1,202.2,198.7,199.75,199.85,200.45,1181436,236820324.05,10506.0,406534.0,34.41
LICHSGFIN,EQ,11-Feb-2014,201.8,201.85,202.75,199.5,200.25,200.3,201.11,1024285,205994912.35,10227.0,336773.0,32.88
LICHSGFIN,EQ,10-Feb-2014,201.6,203.6,204.85,200.8,201.0,201.8,203.04,2181378,442915539.95,16422.0,1064755.0,48.81
LICHSGFIN,EQ,07-Feb-2014,195.45,197.0,203.25,196.7,203.0,201.6,199.43,2769865,552382013.15,22178.0,1290724.0,46.6
LICHSGFIN,EQ,06-Feb-2014,192.95,193.95,196.6,192.75,195.6,195.45,194.82,2378609,463405401.8,21646.0,1240781.0,52.16
LICHSGFIN,EQ,05-Feb-2014,193.15,192.1,194.3,191.5,192.7,192.95,192.8,1909184,368088537.6,24057.0,1026096.0,53.75
LICHSGFIN,EQ,04-Feb-2014,191.05,189.25,194.55,187.05,193.75,193.15,191.99,2035133,390715238.05,22412.0,792567.0,38.94
LICHSGFIN,EQ,03-Feb-2014,195.75,194.25,195.7,190.5,191.0,191.05,192.54,2308168,444417485.1,18887.0,1192871.0,51.68
LICHSGFIN,EQ,31-Jan-2014,192.7,192.5,196.4,192.5,196.15,195.75,194.66,1708033,332488307.65,17420.0,843038.0,49.36
LICHSGFIN,EQ,30-Jan-2014,199.15,197.0,197.25,191.75,193.35,192.7,193.66,3177534,615353257.25,26043.0,1840291.0,57.92
LICHSGFIN,EQ,29-Jan-2014,199.6,200.8,202.4,198.0,199.45,199.15,199.56,2725882,543980572.6,22290.0,1531362.0,56.18
LICHSGFIN,EQ,28-Jan-2014,199.4,198.0,202.9,195.2,199.55,199.6,199.43,2509244,500421711.75,26020.0,1108827.0,44.19
LICHSGFIN,EQ,27-Jan-2014,207.2,204.5,204.5,198.75,199.2,199.4,200.65,1786891,358536626.65,20720.0,917133.0,51.33
LICHSGFIN,EQ,24-Jan-2014,211.95,210.0,211.0,205.95,207.0,207.2,207.96,1539203,320088924.15,18173.0,503832.0,32.73
LICHSGFIN,EQ,23-Jan-2014,211.0,210.4,213.0,209.9,212.0,211.95,211.83,1293074,273916572.2,14414.0,416258.0,32.19
LICHSGFIN,EQ,22-Jan-2014,212.2,212.0,212.65,209.7,210.9,211.0,211.27,1750737,369884457.3,16360.0,682953.0,39.01
LICHSGFIN,EQ,21-Jan-2014,211.3,213.0,214.0,211.75,212.5,212.2,212.75,1446613,307770120.55,16510.0,487573.0,33.7
LICHSGFIN,EQ,20-Jan-2014,208.7,209.4,212.25,208.15,211.95,211.3,210.47,1235427,260015863.6,21709.0,376836.0,30.5
LICHSGFIN,EQ,17-Jan-2014,210.8,211.45,214.5,207.7,208.7,208.7,210.69,2856076,601756841.6,43837.0,1047779.0,36.69
LICHSGFIN,EQ,16-Jan-2014,212.95,215.0,215.9,209.25,210.5,210.8,213.55,5084135,1085726758.8,48809.0,1055705.0,20.76
LICHSGFIN,EQ,15-Jan-2014,207.6,208.85,213.9,208.5,213.6,212.95,211.36,2469857,522019185.8,29909.0,922683.0,37.36
LICHSGFIN,EQ,14-Jan-2014,204.6,206.0,210.2,205.2,207.8,207.6,208.0,2609747,542837798.2,26160.0,865340.0,33.16
LICHSGFIN,EQ,13-Jan-2014,202.75,203.25,206.0,201.7,205.05,204.6,204.0,1877178,382940581.45,19356.0,643967.0,34.31
LICHSGFIN,EQ,10-Jan-2014,207.55,208.0,209.6,202.0,202.4,202.75,205.93,3017677,621426163.5,34888.0,1272242.0,42.16
LICHSGFIN,EQ,09-Jan-2014,210.4,211.2,213.05,207.0,207.35,207.55,209.46,2826589,592051194.6,29148.0,962396.0,34.05
LICHSGFIN,EQ,08-Jan-2014,209.7,210.8,212.5,209.2,210.45,210.4,210.85,1358413,286421548.25,15569.0,392760.0,28.91
LICHSGFIN,EQ,07-Jan-2014,212.35,212.95,215.25,206.45,209.1,209.7,210.52,2116971,445656130.7,23534.0,548424.0,25.91
LICHSGFIN,EQ,06-Jan-2014,215.15,214.1,215.15,210.0,212.4,212.35,212.49,1775409,377250687.35,21581.0,518704.0,29.22
LICHSGFIN,EQ,03-Jan-2014,211.55,210.6,216.75,208.25,215.6,215.15,213.0,3121118,664788122.25,34310.0,944563.0,30.26
LICHSGFIN,EQ,02-Jan-2014,221.7,221.05,224.65,210.05,211.2,211.55,218.49,3751067,819566144.6,45958.0,1823019.0,48.6
LICHSGFIN,EQ,01-Jan-2014,219.25,220.05,224.0,219.25,221.7,221.7,222.28,2849778,633439844.75,30897.0,957038.0,33.58
LICHSGFIN,EQ,31-Dec-2013,216.75,218.2,219.9,215.7,219.35,219.25,218.53,3035291,663305136.45,32468.0,1408895.0,46.42
LICHSGFIN,EQ,30-Dec-2015,502.55,504.35,511.0,498.25,501.5,500.65,506.14,1911050,967264552.75,34769.0,708045.0,37.05
LICHSGFIN,EQ,29-Dec-2015,487.35,487.55,503.9,486.45,503.65,502.55,498.3,1766649,880315035.65,34934.0,574567.0,32.52
LICHSGFIN,EQ,28-Dec-2015,485.5,486.9,490.0,485.1,487.1,487.35,487.45,539361,262911337.1,12206.0,194305.0,36.03
LICHSGFIN,EQ,24-Dec-2015,489.35,490.0,490.65,482.65,485.95,485.5,485.27,722613,350664066.5,14913.0,256703.0,35.52
LICHSGFIN,EQ,23-Dec-2015,484.3,486.5,491.8,486.0,489.15,489.35,489.2,1629564,797180421.65,30321.0,881261.0,54.08
LICHSGFIN,EQ,22-Dec-2015,487.9,490.0,493.5,482.5,484.0,484.3,488.26,1003421,489934220.2,37151.0,401063.0,39.97
LICHSGFIN,EQ,21-Dec-2015,483.8,483.8,489.4,483.15,488.05,487.9,487.34,1008348,491403295.45,21884.0,487117.0,48.31
LICHSGFIN,EQ,18-Dec-2015,485.3,484.0,487.4,481.7,484.9,483.8,484.48,1189836,576446334.05,27902.0,609015.0,51.18
LICHSGFIN,EQ,17-Dec-2015,479.0,481.0,486.0,478.75,485.05,485.3,483.04,1468205,709197943.8,48047.0,579590.0,39.48
LICHSGFIN,EQ,16-Dec-2015,470.6,472.9,481.6,471.1,479.7,479.0,477.71,1753698,837763501.55,54852.0,724107.0,41.29
LICHSGFIN,EQ,15-Dec-2015,472.8,475.0,476.8,467.0,469.3,470.6,470.52,1359805,639811912.95,33382.0,483123.0,35.53
LICHSGFIN,EQ,14-Dec-2015,460.55,461.0,474.7,457.25,474.5,472.8,468.21,2146424,1004972307.1,27777.0,1069378.0,49.82
LICHSGFIN,EQ,11-Dec-2015,463.95,463.0,465.5,453.95,462.45,460.55,460.32,1279381,588919662.35,42186.0,535108.0,41.83
LICHSGFIN,EQ,10-Dec-2015,452.8,451.1,465.5,448.55,465.0,463.95,456.18,2021192,922025253.75,45843.0,760461.0,37.62
LICHSGFIN,EQ,09-Dec-2015,462.65,461.0,464.8,451.55,452.85,452.8,457.82,1449636,663672618.0,35033.0,632892.0,43.66
LICHSGFIN,EQ,08-Dec-2015,462.45,460.25,466.2,459.1,461.95,462.65,463.46,1126319,521998360.7,26386.0,485293.0,43.09
LICHSGFIN,EQ,07-Dec-2015,457.8,462.0,463.75,454.7,462.3,462.45,460.35,1273886,586439267.15,23775.0,471963.0,37.05
LICHSGFIN,EQ,04-Dec-2015,467.9,465.0,467.7,456.2,458.5,457.8,460.08,2102044,967108503.15,49935.0,1146952.0,54.56
LICHSGFIN,EQ,03-Dec-2015,479.35,477.9,481.5,467.0,467.05,467.9,471.48,1797441,847462299.95,35270.0,1085130.0,60.37
LICHSGFIN,EQ,02-Dec-2015,485.35,487.0,492.1,476.85,478.55,479.35,483.73,1705030,824772095.25,34235.0,780156.0,45.76
LICHSGFIN,EQ,01-Dec-2015,484.6,485.4,490.3,483.7,486.2,485.35,486.9,1479928,720575254.25,36382.0,740047.0,50.01
LICHSGFIN,EQ,30-Nov-2015,482.1,483.15,492.55,482.05,484.65,484.6,487.39,2673858,1303213445.6,50857.0,1353264.0,50.61
LICHSGFIN,EQ,27-Nov-2015,474.85,475.3,486.4,474.5,485.0,482.1,478.86,1357375,649995427.3,26417.0,643534.0,47.41
LICHSGFIN,EQ,26-Nov-2015,475.0,477.0,483.85,473.65,475.0,474.85,479.12,1938446,928743883.95,28319.0,744750.0,38.42
LICHSGFIN,EQ,24-Nov-2015,465.6,465.6,478.0,463.6,475.9,475.0,472.12,1809786,854434401.0,37096.0,648532.0,35.83
LICHSGFIN,EQ,23-Nov-2015,465.65,466.25,468.8,459.7,465.75,465.6,463.96,1091061,506208008.45,24379.0,323810.0,29.68
LICHSGFIN,EQ,20-Nov-2015,460.5,462.0,468.5,460.5,465.75,465.65,463.96,1950394,904911578.15,64208.0,898668.0,46.08
LICHSGFIN,EQ,19-Nov-2015,458.9,461.5,463.75,456.1,461.0,460.5,460.46,1302625,599804588.8,51498.0,604608.0,46.41
LICHSGFIN,EQ,18-Nov-2015,466.45,465.9,471.45,456.6,457.7,458.9,464.38,982253,456136170.9,17140.0,245566.0,25.0
LICHSGFIN,EQ,17-Nov-2015,470.95,473.3,474.65,462.7,465.65,466.45,467.32,1316670,615310853.0,34206.0,586511.0,44.55
LICHSGFIN,EQ,16-Nov-2015,465.65,460.2,474.15,460.2,470.4,470.95,469.65,1241084,582874484.1,24922.0,508907.0,41.01
LICHSGFIN,EQ,13-Nov-2015,468.85,466.0,473.9,461.9,466.05,465.65,468.9,1430689,670854001.85,37399.0,517554.0,36.18
LICHSGFIN,EQ,11-Nov-2015,463.2,467.0,470.7,466.9,469.25,468.85,468.89,172262,80771324.25,3455.0,67031.0,38.91
LICHSGFIN,EQ,10-Nov-2015,476.2,474.0,479.8,462.3,463.5,463.2,470.5,1253628,589827201.25,26890.0,420012.0,33.5
LICHSGFIN,EQ,09-Nov-2015,468.45,454.0,478.8,453.25,476.1,476.2,471.68,1570139,740600475.85,24699.0,443581.0,28.25
LICHSGFIN,EQ,06-Nov-2015,459.45,459.45,470.45,456.0,468.0,468.45,463.36,1743640,807927188.55,31948.0,519060.0,29.77
LICHSGFIN,EQ,05-Nov-2015,482.05,481.5,481.5,457.0,460.55,459.45,467.43,2020302,944351546.6,47509.0,996456.0,49.32
LICHSGFIN,EQ,04-Nov-2015,482.3,485.0,488.55,481.0,482.1,482.05,484.47,1126879,545936236.4,20070.0,431035.0,38.25
LICHSGFIN,EQ,03-Nov-2015,480.75,481.8,487.6,481.0,481.75,482.3,483.83,1302187,630035360.7,27983.0,466889.0,35.85
LICHSGFIN,EQ,02-Nov-2015,479.8,478.1,483.2,471.0,483.0,480.75,476.36,1060260,505064959.4,32861.0,230043.0,21.7
LICHSGFIN,EQ,30-Oct-2015,488.55,489.0,489.5,475.8,479.5,479.8,481.97,1609953,775943147.65,26363.0,750575.0,46.62
LICHSGFIN,EQ,29-Oct-2015,490.3,492.8,492.8,484.6,489.5,488.55,488.32,1583627,773311373.0,45635.0,564750.0,35.66
LICHSGFIN,EQ,28-Oct-2015,491.7,491.4,504.7,487.55,490.0,490.3,496.88,3353723,1666388253.45,68415.0,1644927.0,49.05
LICHSGFIN,EQ,27-Oct-2015,489.1,487.0,493.55,481.95,491.9,491.7,488.78,2010120,982513145.6,53321.0,928448.0,46.19
LICHSGFIN,EQ,26-Oct-2015,481.15,481.0,491.5,478.65,486.0,489.1,486.82,4462934,2172649619.4,43704.0,2884135.0,64.62
LICHSGFIN,EQ,23-Oct-2015,482.55,484.9,485.3,476.2,481.0,481.15,480.14,1744473,837591582.8,51297.0,706293.0,40.49
LICHSGFIN,EQ,21-Oct-2015,473.05,475.0,484.0,472.5,483.1,482.55,478.32,2611901,1249335634.35,48247.0,1102387.0,42.21
LICHSGFIN,EQ,20-Oct-2015,477.7,478.0,483.7,471.4,474.0,473.05,477.49,1910531,912262970.1,45726.0,599924.0,31.4
LICHSGFIN,EQ,19-Oct-2015,494.8,494.5,494.5,475.5,476.0,477.7,480.31,2875320,1381047590.0,61639.0,1142155.0,39.72
LICHSGFIN,EQ,16-Oct-2015,491.15,497.7,499.0,488.1,493.0,494.8,493.24,3158533,1557919525.0,57520.0,884145.0,27.99
LICHSGFIN,EQ,15-Oct-2015,482.15,486.5,494.7,480.1,494.55,491.15,488.54,4510800,2203688196.4,73984.0,645976.0,14.32
LICHSGFIN,EQ,14-Oct-2015,475.1,477.0,483.8,473.0,483.5,482.15,479.04,1321117,632863501.15,22683.0,247381.0,18.73
LICHSGFIN,EQ,13-Oct-2015,481.55,481.0,484.6,470.6,475.9,475.1,475.94,1540415,733145552.15,34277.0,488294.0,31.7
LICHSGFIN,EQ,12-Oct-2015,478.95,479.85,485.9,475.05,483.25,481.55,480.9,1757201,845046283.75,35357.0,495622.0,28.21
LICHSGFIN,EQ,09-Oct-2015,475.1,480.25,494.0,475.8,477.05,478.95,484.43,3554164,1721726533.0,64013.0,1504679.0,42.34
LICHSGFIN,EQ,08-Oct-2015,483.8,485.0,485.95,470.05,474.25,475.1,474.57,1386735,658103842.5,30410.0,311096.0,22.43
LICHSGFIN,EQ,07-Oct-2015,479.7,479.0,489.5,476.1,484.0,483.8,485.5,1613722,783462381.8,49079.0,478063.0,29.62
LICHSGFIN,EQ,06-Oct-2015,483.15,485.8,486.2,472.5,478.5,479.7,478.51,1919665,918577279.75,34588.0,692765.0,36.09
LICHSGFIN,EQ,05-Oct-2015,463.0,467.5,484.5,466.6,483.75,483.15,479.04,2839751,1360353064.35,49381.0,1201560.0,42.31
LICHSGFIN,EQ,01-Oct-2015,470.55,475.0,475.9,460.6,464.55,463.0,466.19,3245670,1513082858.2,55179.0,1373022.0,42.3
LICHSGFIN,EQ,30-Sep-2015,450.25,457.0,473.0,456.5,469.7,470.55,466.31,6199303,2890823450.15,124875.0,3088395.0,49.82
LICHSGFIN,EQ,29-Sep-2015,423.25,420.0,457.9,416.0,450.0,450.25,443.01,5879817,2604838824.85,102187.0,2217956.0,37.72
LICHSGFIN,EQ,28-Sep-2015,426.15,429.7,430.5,421.75,425.95,423.25,426.85,1567661,669148489.15,32097.0,642191.0,40.96
LICHSGFIN,EQ,24-Sep-2015,435.25,434.8,438.65,425.0,426.4,426.15,430.66,1961490,844727451.0,31646.0,1020793.0,52.04
LICHSGFIN,EQ,23-Sep-2015,435.85,428.0,438.0,424.25,437.15,435.25,431.31,2044245,881702947.15,38383.0,733353.0,35.87
LICHSGFIN,EQ,22-Sep-2015,449.6,452.0,452.0,432.15,432.2,435.85,440.35,1616124,711656905.1,33902.0,578997.0,35.83
LICHSGFIN,EQ,21-Sep-2015,441.5,432.0,451.25,432.0,450.2,449.6,445.5,1683100,749827376.95,48649.0,635120.0,37.74
LICHSGFIN,EQ,18-Sep-2015,441.4,447.0,456.75,438.3,439.9,441.5,449.46,3221499,1447939045.9,57936.0,1620213.0,50.29
LICHSGFIN,EQ,16-Sep-2015,436.7,440.0,443.0,432.5,441.75,441.4,438.6,2028499,889700276.65,46450.0,909311.0,44.83
LICHSGFIN,EQ,15-Sep-2015,439.4,440.0,444.9,433.3,435.5,436.7,437.45,1684890,737060958.05,35472.0,472498.0,28.04
LICHSGFIN,EQ,14-Sep-2015,429.3,428.95,441.0,426.0,440.1,439.4,435.32,2029874,883643168.4,31332.0,655562.0,32.3
LICHSGFIN,EQ,11-Sep-2015,430.7,435.8,437.8,425.1,428.25,429.3,431.8,1789985,772908259.95,32117.0,404982.0,22.62
LICHSGFIN,EQ,10-Sep-2015,427.75,420.95,435.65,414.25,434.3,430.7,422.88,1752074,740911931.75,31846.0,387500.0,22.12
LICHSGFIN,EQ,09-Sep-2015,416.7,424.9,437.55,421.9,428.5,427.75,430.29,2433028,1046908717.75,41207.0,650565.0,26.74
LICHSGFIN,EQ,08-Sep-2015,401.7,406.0,424.55,399.4,417.0,416.7,412.09,2718217,1120146986.0,44731.0,855566.0,31.48
LICHSGFIN,EQ,07-Sep-2015,413.35,413.0,418.95,399.5,402.3,401.7,407.51,2117187,862775192.5,56215.0,771136.0,36.42
LICHSGFIN,EQ,04-Sep-2015,423.4,421.0,421.95,408.45,413.9,413.35,412.94,2275583,939676606.2,38854.0,988427.0,43.44
LICHSGFIN,EQ,03-Sep-2015,404.05,408.0,425.0,405.05,424.8,423.4,417.44,2528769,1055602438.95,45325.0,789093.0,31.2
LICHSGFIN,EQ,02-Sep-2015,424.7,428.0,429.4,401.55,404.1,404.05,413.02,3065344,1266050835.05,63169.0,1544900.0,50.4
LICHSGFIN,EQ,01-Sep-2015,443.0,433.1,437.5,416.55,425.45,424.7,424.24,4300517,1824453025.5,78481.0,2520612.0,58.61
LICHSGFIN,EQ,31-Aug-2015,439.25,435.55,447.0,432.3,442.3,443.0,441.72,1624814,717716643.55,33843.0,568965.0,35.02
LICHSGFIN,EQ,28-Aug-2015,445.6,449.0,457.3,432.65,438.65,439.25,445.89,2828870,1261352803.65,56848.0,1045855.0,36.97
LICHSGFIN,EQ,27-Aug-2015,427.7,440.0,451.5,430.2,445.85,445.6,443.38,5675129,2516242009.7,61411.0,4092909.0,72.12
LICHSGFIN,EQ,26-Aug-2015,434.2,432.0,438.4,424.7,429.55,427.7,432.02,2182471,942873783.4,50582.0,1036699.0,47.5
LICHSGFIN,EQ,25-Aug-2015,424.5,435.0,442.0,409.0,438.75,434.2,429.28,4081167,1751957604.25,74852.0,2040494.0,50.0
LICHSGFIN,EQ,24-Aug-2015,461.1,442.25,448.35,414.0,424.0,424.5,433.24,3409913,1477311341.9,51822.0,1551367.0,45.5
LICHSGFIN,EQ,21-Aug-2015,472.15,466.0,466.6,446.8,462.5,461.1,455.19,3381934,1539422661.75,74375.0,1791690.0,52.98
LICHSGFIN,EQ,20-Aug-2015,494.0,492.0,494.0,468.0,473.0,472.15,479.82,2121473,1017921714.55,37245.0,903180.0,42.57
LICHSGFIN,EQ,19-Aug-2015,498.9,495.95,497.95,491.0,493.7,494.0,494.52,885524,437910903.75,37506.0,228705.0,25.83
LICHSGFIN,EQ,18-Aug-2015,500.9,502.0,512.0,496.2,497.55,498.9,504.8,989141,499319812.8,18663.0,177655.0,17.96
LICHSGFIN,EQ,17-Aug-2015,502.25,504.7,508.7,498.0,499.45,500.9,502.58,960753,482857610.5,17793.0,217328.0,22.62
LICHSGFIN,EQ,14-Aug-2015,492.55,497.5,506.95,489.6,505.6,502.25,498.76,1551894,774017718.4,32432.0,505549.0,32.58
LICHSGFIN,EQ,13-Aug-2015,479.85,479.0,497.0,478.35,497.0,492.55,490.6,2128266,1044121922.6,40577.0,904100.0,42.48
LICHSGFIN,EQ,12-Aug-2015,498.95,496.0,497.0,474.1,477.9,479.85,486.94,1804853,878857077.25,37626.0,700440.0,38.81
LICHSGFIN,EQ,11-Aug-2015,506.15,505.5,510.5,492.0,500.0,498.95,502.0,1283733,644434934.7,28224.0,353575.0,27.54
LICHSGFIN,EQ,10-Aug-2015,510.5,509.0,518.45,501.0,501.35,506.15,512.11,1152963,590446490.95,22414.0,402815.0,34.94
LICHSGFIN,EQ,07-Aug-2015,522.65,522.0,523.0,509.0,509.6,510.5,515.36,1414264,728853028.4,27038.0,470118.0,33.24
LICHSGFIN,EQ,06-Aug-2015,506.2,506.2,523.95,500.0,523.0,522.65,513.12,2294104,1177154834.65,52846.0,719381.0,31.36
LICHSGFIN,EQ,05-Aug-2015,513.2,515.5,519.65,504.9,505.6,506.2,511.38,1667529,852743940.45,37650.0,636105.0,38.15
LICHSGFIN,EQ,04-Aug-2015,511.6,515.0,520.35,507.05,513.5,513.2,514.43,2572318,1323282362.8,44959.0,1112842.0,43.26
LICHSGFIN,EQ,03-Aug-2015,499.2,499.2,514.95,499.2,514.4,511.6,508.56,2745359,1396187231.35,60720.0,1366901.0,49.79
LICHSGFIN,EQ,31-Jul-2015,490.85,492.0,504.55,492.0,498.95,499.2,497.93,2189999,1090476045.15,31809.0,897350.0,40.97
LICHSGFIN,EQ,30-Jul-2015,488.65,491.8,496.55,488.5,491.9,490.85,492.4,2166286,1066677572.9,50818.0,1089103.0,50.28
LICHSGFIN,EQ,29-Jul-2015,492.0,492.0,496.0,483.65,489.0,488.65,489.22,1962729,960203622.5,37679.0,817821.0,41.67
LICHSGFIN,EQ,28-Jul-2015,479.3,479.3,496.9,474.35,492.0,492.0,486.1,2565555,1247112529.8,58775.0,838549.0,32.68
LICHSGFIN,EQ,27-Jul-2015,494.9,492.0,492.0,476.75,477.7,479.3,482.36,2273498,1096637096.4,41696.0,866389.0,38.11
LICHSGFIN,EQ,24-Jul-2015,497.0,497.0,501.0,490.75,496.3,494.9,495.97,2343404,1162269680.85,46405.0,897530.0,38.3
LICHSGFIN,EQ,23-Jul-2015,486.3,488.0,498.8,481.15,497.0,497.0,492.99,3529408,1739976816.0,65612.0,1415546.0,40.11
LICHSGFIN,EQ,22-Jul-2015,465.15,465.15,487.8,463.0,487.5,486.3,480.25,2683953,1288978267.55,55804.0,1112557.0,41.45
LICHSGFIN,EQ,21-Jul-2015,476.8,485.0,487.0,457.75,468.0,465.15,476.87,4088747,1949801527.65,68783.0,1807047.0,44.2
LICHSGFIN,EQ,20-Jul-2015,475.05,479.9,481.95,472.65,477.45,476.8,477.8,2859429,1366243642.9,43697.0,641575.0,22.44
LICHSGFIN,EQ,17-Jul-2015,463.2,465.8,476.5,458.95,475.95,475.05,470.17,2289538,1076478471.8,44411.0,759938.0,33.19
LICHSGFIN,EQ,16-Jul-2015,457.8,459.0,464.9,457.0,463.9,463.2,461.03,1018567,469589031.45,23983.0,391072.0,38.39
LICHSGFIN,EQ,15-Jul-2015,461.1,461.35,465.9,455.85,457.05,457.8,460.3,1106952,509532356.3,32875.0,396501.0,35.82
LICHSGFIN,EQ,14-Jul-2015,463.15,465.2,467.85,459.2,460.0,461.1,463.14,1123660,520406741.8,22164.0,340633.0,30.31
LICHSGFIN,EQ,13-Jul-2015,455.6,458.5,466.35,452.05,465.3,463.15,458.85,1790026,821351765.35,33864.0,728148.0,40.68
LICHSGFIN,EQ,10-Jul-2015,452.2,454.2,458.6,450.3,456.75,455.6,454.86,1829601,832220191.3,51877.0,518231.0,28.32
LICHSGFIN,EQ,09-Jul-2015,438.85,441.05,455.95,438.75,453.5,452.2,451.08,2614817,1179497267.05,48379.0,1141714.0,43.66
LICHSGFIN,EQ,08-Jul-2015,447.65,444.85,444.85,428.95,438.75,438.85,438.19,2837627,1243433763.95,48520.0,1255839.0,44.26
LICHSGFIN,EQ,07-Jul-2015,444.6,445.0,451.65,444.25,447.85,447.65,448.51,2709720,1215333426.85,44380.0,1435454.0,52.97
LICHSGFIN,EQ,06-Jul-2015,447.75,441.0,445.9,436.0,445.1,444.6,441.42,2903352,1281593562.75,61622.0,1760719.0,60.64
LICHSGFIN,EQ,03-Jul-2015,451.7,452.0,454.75,443.4,448.2,447.75,449.01,1388082,623267849.45,26479.0,587385.0,42.32
LICHSGFIN,EQ,02-Jul-2015,452.6,455.8,461.0,450.05,451.0,451.7,455.76,2069404,943151158.9,59143.0,1044609.0,50.48
LICHSGFIN,EQ,01-Jul-2015,450.9,453.0,459.8,450.8,454.6,452.6,455.14,2317669,1054859495.05,47938.0,1087968.0,46.94
LICHSGFIN,EQ,30-Jun-2015,451.4,451.4,456.0,448.0,451.2,450.9,452.21,2361339,1067817313.8,39673.0,910353.0,38.55
LICHSGFIN,EQ,29-Jun-2015,450.75,444.0,454.0,431.2,451.7,451.4,444.5,1975108,877944023.8,30309.0,751561.0,38.05
LICHSGFIN,EQ,26-Jun-2015,457.15,455.15,457.4,445.0,450.55,450.75,449.98,1572199,707462755.5,37009.0,495585.0,31.52
LICHSGFIN,EQ,25-Jun-2015,455.9,457.9,463.15,455.0,458.45,457.15,458.7,3432540,1574495939.9,45292.0,2136488.0,62.24
LICHSGFIN,EQ,24-Jun-2015,452.75,452.0,462.0,449.35,455.8,455.9,457.87,2897466,1326657809.85,47633.0,1309407.0,45.19
LICHSGFIN,EQ,23-Jun-2015,459.75,461.45,467.95,450.65,452.5,452.75,456.87,2074148,947619855.55,36547.0,667267.0,32.17
LICHSGFIN,EQ,22-Jun-2015,439.75,441.2,462.5,436.2,461.6,459.75,452.7,3948708,1787562977.0,61702.0,1740227.0,44.07
LICHSGFIN,EQ,19-Jun-2015,428.6,431.0,441.0,431.0,440.0,439.75,437.03,4269073,1865720369.4,65373.0,2813089.0,65.89
LICHSGFIN,EQ,18-Jun-2015,415.3,419.8,435.0,419.2,429.9,428.6,429.49,3415394,1466890997.05,63429.0,1431704.0,41.92
LICHSGFIN,EQ,17-Jun-2015,402.4,405.35,419.7,404.6,419.1,415.3,412.01,2551651,1051311196.2,37968.0,1079182.0,42.29
LICHSGFIN,EQ,16-Jun-2015,395.0,395.8,404.5,393.4,402.65,402.4,398.15,1213770,483257343.25,24997.0,468362.0,38.59
LICHSGFIN,EQ,15-Jun-2015,399.85,398.05,400.95,393.3,394.3,395.0,396.31,1431198,567195404.7,31543.0,512651.0,35.82
LICHSGFIN,EQ,12-Jun-2015,395.75,394.0,401.25,391.1,400.8,399.85,397.69,986260,392226405.55,18270.0,299347.0,30.35
LICHSGFIN,EQ,11-Jun-2015,400.8,404.0,406.85,393.4,394.0,395.75,399.24,1666778,665450378.65,29636.0,685388.0,41.12
LICHSGFIN,EQ,10-Jun-2015,393.35,392.5,403.4,389.25,401.8,400.8,399.8,1290607,515984962.45,20685.0,313774.0,24.31
LICHSGFIN,EQ,09-Jun-2015,402.55,397.2,400.0,391.3,393.0,393.35,394.61,1918724,757155292.45,31973.0,749820.0,39.08
LICHSGFIN,EQ,08-Jun-2015,407.35,408.1,409.2,399.6,402.5,402.55,402.7,1748038,703937674.2,63582.0,1024612.0,58.61
LICHSGFIN,EQ,05-Jun-2015,403.25,401.8,411.5,400.05,406.8,407.35,407.59,2151384,876872544.5,37710.0,895527.0,41.63
LICHSGFIN,EQ,04-Jun-2015,404.3,406.4,409.3,395.5,402.8,403.25,403.26,2607682,1051568716.65,79207.0,1365019.0,52.35
LICHSGFIN,EQ,03-Jun-2015,401.7,401.85,406.8,390.3,404.05,404.3,400.46,2907369,1164291823.1,49821.0,1259289.0,43.31
LICHSGFIN,EQ,02-Jun-2015,421.8,422.05,423.5,398.7,401.3,401.7,409.57,1779676,728895204.25,30272.0,739135.0,41.53
LICHSGFIN,EQ,01-Jun-2015,419.0,420.25,424.4,416.55,420.9,421.8,421.8,1631536,688184042.35,27829.0,853084.0,52.29
LICHSGFIN,EQ,29-May-2015,411.2,413.0,421.3,410.95,419.5,419.0,418.89,3136809,1313982772.85,64235.0,1995139.0,63.6
LICHSGFIN,EQ,28-May-2015,413.9,415.0,416.05,408.0,413.85,411.2,411.36,2696866,1109374673.85,38562.0,1578959.0,58.55
LICHSGFIN,EQ,27-May-2015,404.55,403.9,414.75,398.0,413.6,413.9,407.53,2684059,1093838121.9,53328.0,1306439.0,48.67
LICHSGFIN,EQ,26-May-2015,412.9,411.55,412.3,402.6,406.0,404.55,405.71,2056413,834305514.8,51386.0,1176013.0,57.19
LICHSGFIN,EQ,25-May-2015,415.75,416.0,419.65,408.8,411.8,412.9,415.16,948746,393881631.25,14513.0,465819.0,49.1
LICHSGFIN,EQ,22-May-2015,416.5,417.4,422.0,414.1,416.0,415.75,418.05,1251093,523014346.35,33047.0,619034.0,49.48
LICHSGFIN,EQ,21-May-2015,418.75,419.1,420.65,412.65,416.6,416.5,415.79,1227977,510581043.15,32480.0,467884.0,38.1
LICHSGFIN,EQ,20-May-2015,422.95,424.0,426.4,416.2,418.8,418.75,419.95,1437312,603601298.3,41575.0,608219.0,42.32
LICHSGFIN,EQ,19-May-2015,422.85,422.25,427.5,419.05,421.6,422.95,423.8,1321020,559850028.05,23682.0,579243.0,43.85
LICHSGFIN,EQ,18-May-2015,419.55,419.5,426.5,416.95,422.2,422.85,422.33,1522038,642803108.85,28715.0,702409.0,46.15
LICHSGFIN,EQ,15-May-2015,412.05,412.25,422.9,412.25,417.8,419.55,417.55,2405190,1004295470.9,45240.0,1108854.0,46.1
LICHSGFIN,EQ,14-May-2015,419.2,417.2,418.6,408.1,412.25,412.05,412.46,3379182,1393789492.4,101563.0,2083473.0,61.66
LICHSGFIN,EQ,13-May-2015,412.1,414.2,422.2,411.3,419.1,419.2,418.35,2561280,1071503071.7,53421.0,1259687.0,49.18
LICHSGFIN,EQ,12-May-2015,426.5,426.9,427.4,410.6,413.0,412.1,413.63,1339975,554250785.6,22297.0,465765.0,34.76
LICHSGFIN,EQ,11-May-2015,414.75,418.4,429.0,416.75,426.7,426.5,425.06,1995052,848010741.7,33777.0,926526.0,46.44
LICHSGFIN,EQ,08-May-2015,405.95,408.0,418.0,408.0,414.8,414.75,414.31,1432625,593553250.3,27995.0,567242.0,39.59
LICHSGFIN,EQ,07-May-2015,419.7,418.0,418.0,401.0,404.75,405.95,408.25,2127909,868721787.3,43018.0,763636.0,35.89
LICHSGFIN,EQ,06-May-2015,441.8,438.5,440.0,417.1,419.8,419.7,424.52,2917754,1238648581.3,48838.0,1474622.0,50.54
LICHSGFIN,EQ,05-May-2015,430.85,432.0,446.7,432.0,439.85,441.8,440.54,4067107,1791710629.05,63102.0,1884657.0,46.34
LICHSGFIN,EQ,04-May-2015,430.05,435.0,435.0,427.5,430.5,430.85,430.35,2229524,959474438.35,38334.0,1272989.0,57.1
LICHSGFIN,EQ,30-Apr-2015,434.7,432.55,436.0,428.25,432.0,430.05,430.83,2975738,1282025687.5,40728.0,1427441.0,47.97
LICHSGFIN,EQ,29-Apr-2015,438.25,437.5,440.55,431.2,434.45,434.7,434.67,1841544,800470199.1,75461.0,692292.0,37.59
LICHSGFIN,EQ,28-Apr-2015,422.1,421.95,441.9,412.6,440.0,438.25,427.06,2889116,1233838160.55,56922.0,1093538.0,37.85
LICHSGFIN,EQ,27-Apr-2015,438.75,438.7,439.2,418.05,422.35,422.1,427.46,2421999,1035313998.25,63117.0,1154300.0,47.66
LICHSGFIN,EQ,24-Apr-2015,443.25,444.0,444.6,435.8,438.85,438.75,438.85,1126440,494338208.85,24073.0,378657.0,33.62
LICHSGFIN,EQ,23-Apr-2015,441.15,443.0,448.8,441.0,443.4,443.25,444.88,1998541,889117777.05,34468.0,771347.0,38.6
LICHSGFIN,EQ,22-Apr-2015,440.3,442.3,445.45,431.75,441.9,441.15,439.82,2025807,890995811.85,39096.0,546948.0,27.0
LICHSGFIN,EQ,21-Apr-2015,441.8,443.8,446.0,435.0,440.3,440.3,442.07,2629147,1162269637.65,60218.0,1203215.0,45.76
LICHSGFIN,EQ,20-Apr-2015,436.5,443.1,447.95,436.15,442.1,441.8,442.25,3775827,1669870740.3,78934.0,1405787.0,37.23
LICHSGFIN,EQ,17-Apr-2015,451.2,451.0,451.0,434.0,435.0,436.5,441.93,1652592,730324831.75,28009.0,580883.0,35.15
LICHSGFIN,EQ,16-Apr-2015,462.95,464.45,464.45,447.45,450.9,451.2,453.78,1747577,793009723.35,28515.0,628069.0,35.94
LICHSGFIN,EQ,15-Apr-2015,462.0,463.5,472.45,460.5,462.6,462.95,468.0,2330621,1090740483.8,47345.0,1094907.0,46.98
LICHSGFIN,EQ,13-Apr-2015,460.85,463.4,464.95,459.1,461.3,462.0,462.11,1101713,509107586.35,19721.0,348913.0,31.67
LICHSGFIN,EQ,10-Apr-2015,460.6,463.0,468.6,456.65,460.75,460.85,462.99,2173429,1006279706.7,33497.0,446008.0,20.52
LICHSGFIN,EQ,09-Apr-2015,452.85,454.0,463.5,450.45,463.5,460.6,457.34,2984545,1364966183.6,42707.0,1094363.0,36.67
LICHSGFIN,EQ,08-Apr-2015,444.25,445.65,456.8,443.15,453.35,452.85,450.08,2683991,1208014947.55,47679.0,926025.0,34.5
LICHSGFIN,EQ,07-Apr-2015,450.85,451.1,452.4,438.0,444.75,444.25,443.54,1960263,869458053.35,53321.0,872380.0,44.5
LICHSGFIN,EQ,06-Apr-2015,446.45,447.5,451.85,441.35,451.15,450.85,448.01,1340104,600385688.95,23528.0,442119.0,32.99
LICHSGFIN,EQ,01-Apr-2015,437.6,437.0,448.0,433.1,446.3,446.45,441.44,1456433,642930682.6,26748.0,524408.0,36.01
LICHSGFIN,EQ,31-Mar-2015,444.5,446.95,449.0,436.5,437.0,437.6,443.74,2297166,1019355069.4,42364.0,989470.0,43.07
LICHSGFIN,EQ,30-Mar-2015,430.15,435.0,445.7,432.1,445.2,444.5,439.72,2373661,1043744591.2,57831.0,1215175.0,51.19
LICHSGFIN,EQ,27-Mar-2015,424.0,426.1,432.05,415.0,431.0,430.15,422.93,3351079,1417270529.45,52988.0,1467937.0,43.8
LICHSGFIN,EQ,26-Mar-2015,429.25,426.4,432.3,421.0,428.2,424.0,426.16,4455685,1898813923.75,69102.0,2203835.0,49.46
LICHSGFIN,EQ,25-Mar-2015,441.9,441.25,444.15,425.25,430.9,429.25,432.79,3387027,1465865352.15,78765.0,1515832.0,44.75
LICHSGFIN,EQ,24-Mar-2015,443.15,445.1,451.15,438.3,442.8,441.9,444.85,2098427,933474891.4,42357.0,569785.0,27.15
LICHSGFIN,EQ,23-Mar-2015,460.1,461.9,462.6,441.6,443.8,443.15,448.22,2455138,1100450209.7,56135.0,1081914.0,44.07
LICHSGFIN,EQ,20-Mar-2015,462.4,466.5,475.0,457.45,459.35,460.1,464.4,7065653,3281255649.8,89376.0,4288554.0,60.7
LICHSGFIN,EQ,19-Mar-2015,460.75,464.8,473.95,459.0,465.1,462.4,468.81,2982764,1398337226.3,46711.0,1322585.0,44.34
LICHSGFIN,EQ,18-Mar-2015,464.25,466.0,467.35,458.1,461.0,460.75,462.76,1878117,869126111.95,33086.0,754270.0,40.16
LICHSGFIN,EQ,17-Mar-2015,449.45,453.6,466.35,451.5,465.15,464.25,461.03,4498398,2073891156.25,68337.0,2084176.0,46.33
LICHSGFIN,EQ,16-Mar-2015,446.75,449.15,453.7,440.3,451.2,449.45,447.99,1770201,793036784.95,32384.0,605893.0,34.23
LICHSGFIN,EQ,13-Mar-2015,464.8,471.95,472.2,443.9,448.5,446.75,455.75,3320214,1513190197.95,58141.0,1547010.0,46.59
LICHSGFIN,EQ,12-Mar-2015,465.9,467.5,470.1,460.0,465.25,464.8,464.21,2402467,1115239242.45,47443.0,1057468.0,44.02
LICHSGFIN,EQ,11-Mar-2015,469.75,472.0,473.3,461.65,466.0,465.9,467.18,1797341,839690104.6,29677.0,675768.0,37.6
LICHSGFIN,EQ,10-Mar-2015,479.55,482.15,482.4,465.4,470.05,469.75,472.99,1357027,641854733.15,28350.0,432061.0,31.84
LICHSGFIN,EQ,09-Mar-2015,494.7,492.0,492.65,477.25,478.45,479.55,484.75,2211354,1071964650.75,47311.0,1232094.0,55.72
LICHSGFIN,EQ,05-Mar-2015,489.55,492.7,498.4,490.0,494.95,494.7,494.23,3082694,1523553863.05,71869.0,1553498.0,50.39
LICHSGFIN,EQ,04-Mar-2015,492.45,504.0,506.3,485.0,490.7,489.55,497.37,4819373,2396996571.25,56772.0,2561226.0,53.14
LICHSGFIN,EQ,03-Mar-2015,485.9,488.15,497.5,483.2,492.7,492.45,492.69,3377999,1664290953.15,61751.0,1885449.0,55.82
LICHSGFIN,EQ,02-Mar-2015,479.0,485.0,487.6,479.0,486.15,485.9,484.1,2652907,1284273404.9,63271.0,1175304.0,44.3
LICHSGFIN,EQ,28-Feb-2015,495.25,500.0,509.2,471.1,477.75,479.0,491.96,6310996,3104780666.3,91597.0,1368482.0,21.68
LICHSGFIN,EQ,27-Feb-2015,477.5,481.9,496.6,479.15,493.7,495.25,490.11,4656923,2282392489.5,82985.0,2299940.0,49.39
LICHSGFIN,EQ,26-Feb-2015,482.3,484.0,487.6,474.9,479.2,477.5,481.71,4668314,2248759169.9,55869.0,1898067.0,40.66
LICHSGFIN,EQ,25-Feb-2015,468.35,471.0,483.9,470.8,482.6,482.3,479.98,4526220,2172514161.0,63797.0,1533927.0,33.89
LICHSGFIN,EQ,24-Feb-2015,466.85,470.0,474.5,465.8,468.9,468.35,470.63,3251609,1530319992.65,58402.0,1079061.0,33.19
LICHSGFIN,EQ,23-Feb-2015,465.1,468.9,475.5,462.9,465.0,466.85,470.63,3519985,1656617039.05,64996.0,1462776.0,41.56
LICHSGFIN,EQ,20-Feb-2015,454.7,455.0,468.9,450.25,465.85,465.1,462.51,3096895,1432358518.05,59882.0,1264829.0,40.84
LICHSGFIN,EQ,19-Feb-2015,461.1,462.9,464.45,447.95,453.3,454.7,454.56,2697097,1225995370.25,47422.0,1060749.0,39.33
LICHSGFIN,EQ,18-Feb-2015,462.65,463.9,467.75,458.2,461.5,461.1,462.25,2574462,1190041737.55,62018.0,1496095.0,58.11
LICHSGFIN,EQ,16-Feb-2015,470.15,473.2,473.5,460.65,461.35,462.65,465.82,2375453,1106531819.95,67479.0,1057460.0,44.52
LICHSGFIN,EQ,13-Feb-2015,468.35,471.25,475.5,468.0,470.0,470.15,472.19,2376582,1122198460.65,39832.0,917553.0,38.61
LICHSGFIN,EQ,12-Feb-2015,458.7,461.0,469.8,458.4,469.45,468.35,464.99,2320307,1078930540.3,47854.0,1003032.0,43.23
LICHSGFIN,EQ,11-Feb-2015,456.65,458.5,463.9,455.0,459.55,458.7,460.02,2580635,1187139168.85,62354.0,1155201.0,44.76
LICHSGFIN,EQ,10-Feb-2015,448.15,444.9,467.0,444.0,457.2,456.65,457.84,3349219,1533411018.6,55392.0,1095467.0,32.71
LICHSGFIN,EQ,09-Feb-2015,452.05,447.5,461.55,445.0,445.4,448.15,454.34,1831970,832342449.2,38858.0,467621.0,25.53
LICHSGFIN,EQ,06-Feb-2015,459.95,460.95,462.7,447.1,453.95,452.05,454.1,1922430,872975693.05,37548.0,448489.0,23.33
LICHSGFIN,EQ,05-Feb-2015,455.65,455.0,468.0,448.0,457.2,459.95,459.57,3397732,1561485954.2,42832.0,1207998.0,35.55
LICHSGFIN,EQ,04-Feb-2015,470.7,471.2,472.4,450.0,455.1,455.65,463.66,1730062,802164876.0,38154.0,608379.0,35.17
LICHSGFIN,EQ,03-Feb-2015,479.9,481.2,483.0,466.25,467.2,470.7,473.36,2178659,1031291539.4,45053.0,743951.0,34.15
LICHSGFIN,EQ,02-Feb-2015,478.5,475.95,483.05,467.5,479.95,479.9,476.78,2654345,1265551844.95,40389.0,970071.0,36.55
LICHSGFIN,EQ,30-Jan-2015,490.35,492.0,494.3,474.0,478.3,478.5,482.81,1889639,912339535.85,39480.0,480789.0,25.44
LICHSGFIN,EQ,29-Jan-2015,494.35,493.5,495.4,488.6,491.85,490.35,490.95,2286313,1122456141.3,46112.0,811608.0,35.5
LICHSGFIN,EQ,28-Jan-2015,497.0,497.0,504.9,487.0,493.8,494.35,496.64,3871534,1922747564.55,66879.0,1268049.0,32.75
LICHSGFIN,EQ,27-Jan-2015,486.1,488.0,498.5,480.3,497.45,497.0,492.35,3182273,1566807235.35,53690.0,1271130.0,39.94
LICHSGFIN,EQ,23-Jan-2015,481.9,485.0,495.0,481.55,484.0,486.1,487.51,2758465,1344770316.45,45007.0,955831.0,34.65
LICHSGFIN,EQ,22-Jan-2015,483.65,484.8,489.3,479.1,481.6,481.9,483.43,2247984,1086738598.05,32549.0,1010858.0,44.97
LICHSGFIN,EQ,21-Jan-2015,490.45,493.4,493.6,480.9,484.6,483.65,485.05,3417777,1657791296.7,54886.0,1595729.0,46.69
LICHSGFIN,EQ,20-Jan-2015,494.05,494.1,499.5,486.25,491.65,490.45,491.32,3113468,1529723770.25,47887.0,1018359.0,32.71
LICHSGFIN,EQ,19-Jan-2015,487.05,489.7,495.4,486.75,493.3,494.05,492.34,2860551,1408360206.85,56083.0,860552.0,30.08
LICHSGFIN,EQ,16-Jan-2015,466.15,467.9,491.9,464.7,488.0,487.05,485.07,7411181,3594945420.25,108115.0,2448906.0,33.04
LICHSGFIN,EQ,15-Jan-2015,454.05,470.0,472.8,459.2,465.0,466.15,466.22,4051949,1889080571.5,59736.0,1888615.0,46.61
LICHSGFIN,EQ,14-Jan-2015,462.35,465.0,465.9,449.3,455.65,454.05,457.6,5644275,2582795266.5,98299.0,1743846.0,30.9
LICHSGFIN,EQ,13-Jan-2015,459.1,463.0,469.7,458.1,463.4,462.35,463.58,3303364,1531369192.8,53511.0,1240922.0,37.57
LICHSGFIN,EQ,12-Jan-2015,473.2,464.0,465.85,455.2,459.0,459.1,460.71,3164687,1458000936.95,42767.0,1106942.0,34.98
LICHSGFIN,EQ,09-Jan-2015,469.15,474.0,479.4,468.65,471.15,473.2,473.88,4048196,1918369159.1,51873.0,1555665.0,38.43
LICHSGFIN,EQ,08-Jan-2015,457.25,464.9,471.0,461.0,469.0,469.15,467.37,3116612,1456617951.65,48297.0,984908.0,31.6
LICHSGFIN,EQ,07-Jan-2015,447.55,446.9,461.9,438.85,461.7,457.25,450.4,3730873,1680373904.55,59375.0,799645.0,21.43
LICHSGFIN,EQ,06-Jan-2015,470.2,465.55,465.9,445.0,445.45,447.55,456.61,3178196,1451200752.15,50705.0,909155.0,28.61
LICHSGFIN,EQ,05-Jan-2015,466.75,468.7,479.8,468.0,469.6,470.2,473.56,3541177,1676950331.55,57214.0,810089.0,22.88
LICHSGFIN,EQ,02-Jan-2015,438.1,441.7,468.9,441.2,467.6,466.75,457.65,5720531,2617993881.3,85477.0,1287797.0,22.51
LICHSGFIN,EQ,01-Jan-2015,436.0,436.0,439.9,432.5,438.3,438.1,437.6,905226,396126458.35,13144.0,203327.0,22.46
LICHSGFIN,EQ,31-Dec-2014,432.3,434.0,438.2,433.2,435.5,436.0,435.98,1551458,676397318.95,24164.0,388890.0,25.07
LICHSGFIN,EQ,29-Dec-2016,548.1,549.0,559.8,545.4,556.6,556.6,552.62,1302910,720010183.0,23967.0,680621.0,52.24
LICHSGFIN,EQ,28-Dec-2016,538.85,544.0,554.4,541.0,549.0,548.1,548.84,1327585,728627567.55,31990.0,487011.0,36.68
LICHSGFIN,EQ,27-Dec-2016,536.35,537.45,541.8,533.75,541.0,538.85,537.1,1231824,661616217.4,19184.0,624889.0,50.73
LICHSGFIN,EQ,26-Dec-2016,541.8,542.0,542.3,530.45,537.0,536.35,536.14,1191300,638703494.55,20961.0,695052.0,58.34
LICHSGFIN,EQ,23-Dec-2016,539.7,537.7,546.45,533.0,542.0,541.8,540.55,1065094,575737742.6,21980.0,230739.0,21.66
LICHSGFIN,EQ,22-Dec-2016,543.25,542.0,543.0,534.75,541.7,539.7,537.83,882449,474607318.35,26177.0,309050.0,35.02
LICHSGFIN,EQ,21-Dec-2016,546.0,548.05,548.7,542.25,542.7,543.25,545.29,1048319,571635678.9,25521.0,642806.0,61.32
LICHSGFIN,EQ,20-Dec-2016,548.25,549.0,551.15,540.4,546.0,546.0,544.93,991998,540572053.9,25774.0,369673.0,37.27
LICHSGFIN,EQ,19-Dec-2016,551.6,549.9,554.3,545.35,550.5,548.25,549.66,758588,416965651.9,14674.0,229753.0,30.29
LICHSGFIN,EQ,16-Dec-2016,556.45,558.0,558.0,547.5,551.0,551.6,551.09,1679464,925541305.75,39318.0,1095251.0,65.21
LICHSGFIN,EQ,15-Dec-2016,548.25,540.2,558.4,540.2,558.0,556.45,551.44,1577006,869628734.15,35659.0,484324.0,30.71
LICHSGFIN,EQ,14-Dec-2016,552.0,554.0,556.0,546.0,547.7,548.25,550.81,1288498,709720039.8,25098.0,330506.0,25.65
LICHSGFIN,EQ,13-Dec-2016,565.95,566.65,569.95,550.3,551.45,552.0,556.5,1711580,952502240.2,36286.0,908913.0,53.1
LICHSGFIN,EQ,12-Dec-2016,570.2,571.2,572.0,560.8,566.7,565.95,564.4,875398,494077565.3,25136.0,374676.0,42.8
LICHSGFIN,EQ,09-Dec-2016,568.3,568.55,572.75,566.25,571.0,570.2,570.16,1015359,578918623.95,47378.0,460801.0,45.38
LICHSGFIN,EQ,08-Dec-2016,553.3,559.4,572.65,558.1,567.45,568.3,567.42,1471229,834810503.75,37995.0,700635.0,47.62
LICHSGFIN,EQ,07-Dec-2016,561.4,566.5,566.95,549.6,556.0,553.3,558.57,1969220,1099941861.1,35499.0,1073868.0,54.53
LICHSGFIN,EQ,06-Dec-2016,564.95,566.6,567.75,559.0,560.05,561.4,561.78,1328171,746139476.15,30191.0,645715.0,48.62
LICHSGFIN,EQ,05-Dec-2016,555.8,558.0,569.4,552.1,565.05,564.95,562.4,1755616,987365788.3,34091.0,839294.0,47.81
LICHSGFIN,EQ,02-Dec-2016,571.05,566.3,567.05,547.7,555.5,555.8,556.86,2979349,1659084419.95,80128.0,1419922.0,47.66
LICHSGFIN,EQ,01-Dec-2016,564.4,567.1,575.9,566.1,573.1,571.05,571.08,3645452,2081832909.35,67786.0,2174194.0,59.64
LICHSGFIN,EQ,30-Nov-2016,544.55,547.3,568.6,546.1,567.05,564.4,560.37,3685252,2065086393.9,64452.0,1917398.0,52.03
LICHSGFIN,EQ,29-Nov-2016,540.25,542.0,550.75,540.35,545.0,544.55,545.27,1784073,972796637.8,39665.0,668354.0,37.46
LICHSGFIN,EQ,28-Nov-2016,535.3,531.1,546.65,530.55,539.0,540.25,541.0,1781683,963882665.95,47090.0,747104.0,41.93
LICHSGFIN,EQ,25-Nov-2016,520.05,523.95,537.6,520.35,537.0,535.3,530.31,1666452,883740911.05,62379.0,510058.0,30.61
LICHSGFIN,EQ,24-Nov-2016,525.85,526.0,529.2,515.55,522.9,520.05,522.28,3847561,2009514823.95,46736.0,1722166.0,44.76
LICHSGFIN,EQ,23-Nov-2016,518.3,525.0,528.4,520.0,525.5,525.85,524.9,2620284,1375378972.85,46302.0,983878.0,37.55
LICHSGFIN,EQ,22-Nov-2016,500.9,502.5,520.85,502.5,520.0,518.3,511.51,3209495,1641673838.7,61652.0,1274871.0,39.72
LICHSGFIN,EQ,21-Nov-2016,518.4,521.0,522.65,495.6,499.1,500.9,504.76,2839679,1433358881.55,67640.0,1214919.0,42.78
LICHSGFIN,EQ,18-Nov-2016,506.45,506.0,522.8,506.0,518.9,518.4,514.47,2063285,1061488771.2,46349.0,670373.0,32.49
LICHSGFIN,EQ,17-Nov-2016,512.5,516.3,523.75,503.4,510.5,506.45,514.86,3522972,1813820079.0,55815.0,1702830.0,48.34
LICHSGFIN,EQ,16-Nov-2016,479.75,488.0,524.75,483.75,510.95,512.5,510.18,5836917,2977880242.5,78846.0,2178416.0,37.32
LICHSGFIN,EQ,15-Nov-2016,520.3,520.45,520.9,475.5,476.8,479.75,485.55,6308539,3063105234.2,104261.0,3041834.0,48.22
LICHSGFIN,EQ,11-Nov-2016,552.1,536.1,544.5,517.35,522.0,520.3,528.91,4897948,2590567681.8,51856.0,2401902.0,49.04
LICHSGFIN,EQ,10-Nov-2016,525.7,535.0,563.5,535.0,549.5,552.1,553.43,4203893,2326551047.15,53647.0,2051434.0,48.8
LICHSGFIN,EQ,09-Nov-2016,549.0,500.0,534.7,467.85,526.5,525.7,515.31,8405778,4331560624.35,93417.0,4455696.0,53.01
LICHSGFIN,EQ,08-Nov-2016,542.55,544.0,550.65,539.45,548.0,549.0,545.73,2286826,1247997942.65,25512.0,1428957.0,62.49
LICHSGFIN,EQ,07-Nov-2016,532.6,544.9,551.0,539.05,540.6,542.55,545.74,3133740,1710209707.65,56264.0,1515390.0,48.36
LICHSGFIN,EQ,04-Nov-2016,550.25,550.5,551.65,527.45,534.05,532.6,535.6,5565371,2980798368.35,69234.0,3627630.0,65.18
LICHSGFIN,EQ,03-Nov-2016,573.2,573.0,573.0,548.35,548.85,550.25,559.09,2662737,1488702120.25,50530.0,1465393.0,55.03
LICHSGFIN,EQ,02-Nov-2016,589.05,581.0,581.0,568.4,573.0,573.2,574.4,1953437,1122046780.1,42680.0,1111286.0,56.89
LICHSGFIN,EQ,01-Nov-2016,588.4,586.0,592.9,584.0,588.8,589.05,588.97,1617446,952627833.15,36500.0,912367.0,56.41
LICHSGFIN,EQ,30-Oct-2016,582.75,587.0,590.95,586.3,588.5,588.4,588.69,295364,173876540.75,5700.0,151327.0,51.23
LICHSGFIN,EQ,28-Oct-2016,585.75,582.5,588.35,581.25,584.0,582.75,584.23,2111164,1233396993.3,31291.0,1361542.0,64.49
LICHSGFIN,EQ,27-Oct-2016,586.0,584.0,589.5,581.65,587.1,585.75,585.47,2115815,1238735754.7,36442.0,1181838.0,55.86
LICHSGFIN,EQ,26-Oct-2016,597.85,595.9,595.9,584.0,584.95,586.0,590.45,1790309,1057083645.0,18975.0,1246546.0,69.63
LICHSGFIN,EQ,25-Oct-2016,602.8,603.0,605.0,595.5,597.3,597.85,597.84,1460675,873251751.6,41408.0,835656.0,57.21
LICHSGFIN,EQ,24-Oct-2016,599.5,604.1,612.85,601.1,602.05,602.8,605.94,2053848,1244518545.8,27575.0,918049.0,44.7
LICHSGFIN,EQ,21-Oct-2016,608.95,610.5,612.0,595.25,599.5,599.5,600.68,2830895,1700453617.9,43314.0,1392275.0,49.18
LICHSGFIN,EQ,20-Oct-2016,615.65,617.25,624.25,606.15,607.2,608.95,615.76,4823547,2970171277.95,79169.0,1196623.0,24.81
LICHSGFIN,EQ,19-Oct-2016,612.95,615.0,619.8,605.6,615.9,615.65,612.76,3267041,2001921680.95,49324.0,1225461.0,37.51
LICHSGFIN,EQ,18-Oct-2016,577.6,582.8,614.55,580.1,613.55,612.95,602.28,3810269,2294864601.0,59431.0,1217611.0,31.96
LICHSGFIN,EQ,17-Oct-2016,585.65,589.0,593.65,576.05,578.1,577.6,582.95,1500956,874986692.8,34552.0,627202.0,41.79
LICHSGFIN,EQ,14-Oct-2016,584.25,586.7,588.1,577.0,587.95,585.65,582.99,1346992,785288898.85,38080.0,565374.0,41.97
LICHSGFIN,EQ,13-Oct-2016,592.85,592.0,593.5,578.15,583.95,584.25,586.69,1484059,870683696.3,32715.0,646508.0,43.56
LICHSGFIN,EQ,10-Oct-2016,601.9,605.0,605.0,591.55,592.9,592.85,595.39,983342,585470236.1,21390.0,422868.0,43.0
LICHSGFIN,EQ,07-Oct-2016,587.9,594.3,603.65,586.7,600.8,601.9,595.31,1493762,889250257.55,30706.0,665699.0,44.57
LICHSGFIN,EQ,06-Oct-2016,591.85,596.8,602.0,582.1,589.5,587.9,593.57,1411775,837985148.35,37072.0,560747.0,39.72
LICHSGFIN,EQ,05-Oct-2016,597.75,604.45,607.9,589.0,589.65,591.85,596.98,1893526,1130398187.35,44452.0,846922.0,44.73
LICHSGFIN,EQ,04-Oct-2016,593.1,598.0,603.8,584.35,603.8,597.75,593.41,2120226,1258165634.9,44064.0,1010033.0,47.64
LICHSGFIN,EQ,03-Oct-2016,578.8,585.0,599.0,578.1,592.95,593.1,592.2,1639394,970855516.2,39899.0,461063.0,28.12
LICHSGFIN,EQ,30-Sep-2016,563.6,564.9,581.0,557.2,579.8,578.8,571.73,1445130,826225675.25,36741.0,621859.0,43.03
LICHSGFIN,EQ,29-Sep-2016,588.35,592.0,592.05,532.8,558.5,563.6,567.66,4014725,2279003485.7,58652.0,1940290.0,48.33
LICHSGFIN,EQ,28-Sep-2016,571.0,572.8,590.0,570.0,587.45,588.35,582.06,1291584,751773679.4,22057.0,407913.0,31.58
LICHSGFIN,EQ,27-Sep-2016,568.3,573.9,573.9,564.25,572.25,571.0,570.28,877179,500234661.0,15436.0,274699.0,31.32
LICHSGFIN,EQ,26-Sep-2016,573.15,574.9,574.9,562.1,567.5,568.3,567.2,965280,547503889.35,18998.0,270609.0,28.03
LICHSGFIN,EQ,23-Sep-2016,583.45,579.0,583.15,571.4,572.8,573.15,576.55,1136631,655326424.15,25629.0,503615.0,44.31
LICHSGFIN,EQ,22-Sep-2016,570.65,580.0,585.4,575.45,583.0,583.45,580.31,1145274,664608623.45,29597.0,358260.0,31.28
LICHSGFIN,EQ,21-Sep-2016,567.35,571.85,574.65,567.7,570.3,570.65,571.05,938805,536103317.85,20798.0,281567.0,29.99
LICHSGFIN,EQ,20-Sep-2016,574.35,570.05,575.0,563.7,566.5,567.35,567.92,1188427,674932705.75,29557.0,478396.0,40.25
LICHSGFIN,EQ,19-Sep-2016,571.05,574.0,577.8,568.55,575.5,574.35,574.13,1013963,582148627.3,20985.0,407118.0,40.15
LICHSGFIN,EQ,16-Sep-2016,564.5,568.8,582.0,566.3,570.25,571.05,575.2,2209945,1271168069.5,39316.0,950340.0,43.0
LICHSGFIN,EQ,15-Sep-2016,571.85,575.0,575.0,563.1,564.05,564.5,567.28,1451590,823454922.8,29354.0,615048.0,42.37
LICHSGFIN,EQ,14-Sep-2016,560.35,563.95,574.9,560.6,573.95,571.85,567.03,1602058,908408456.7,40181.0,762396.0,47.59
LICHSGFIN,EQ,12-Sep-2016,583.15,574.5,574.5,553.3,562.4,560.35,561.73,1653557,928846051.25,37696.0,630529.0,38.13
LICHSGFIN,EQ,09-Sep-2016,583.35,582.0,586.95,575.1,582.35,583.15,580.97,1576689,916012991.9,31295.0,539527.0,34.22
LICHSGFIN,EQ,08-Sep-2016,588.45,585.2,588.0,580.55,582.65,583.35,583.71,1174755,685719262.4,21859.0,533842.0,45.44
LICHSGFIN,EQ,07-Sep-2016,593.25,593.95,594.95,582.7,589.55,588.45,587.71,1597410,938813557.15,43994.0,635152.0,39.76
LICHSGFIN,EQ,06-Sep-2016,574.95,577.25,594.5,576.0,592.6,593.25,587.76,2227954,1309506614.0,39653.0,929821.0,41.73
LICHSGFIN,EQ,02-Sep-2016,572.55,572.55,583.55,572.55,574.5,574.95,577.82,1824794,1054401469.6,48825.0,780784.0,42.79
LICHSGFIN,EQ,01-Sep-2016,573.05,573.0,578.75,570.0,573.0,572.55,574.92,1108620,637367643.05,16012.0,308881.0,27.86
LICHSGFIN,EQ,31-Aug-2016,572.75,575.15,580.4,568.5,571.25,573.05,573.35,2082122,1193774263.95,34962.0,942446.0,45.26
LICHSGFIN,EQ,30-Aug-2016,571.75,574.0,582.15,571.6,572.6,572.75,576.15,1157107,666663557.4,27002.0,376435.0,32.53
LICHSGFIN,EQ,29-Aug-2016,577.85,579.85,579.85,566.5,571.2,571.75,570.42,1447720,825811050.9,27503.0,575517.0,39.75
LICHSGFIN,EQ,26-Aug-2016,557.4,559.0,579.65,558.5,579.0,577.85,572.87,3495177,2002271084.85,61891.0,1129623.0,32.32
LICHSGFIN,EQ,25-Aug-2016,555.1,555.65,567.0,555.1,556.0,557.4,560.96,1959482,1099200351.4,29638.0,616318.0,31.45
LICHSGFIN,EQ,24-Aug-2016,551.9,552.5,557.8,551.1,555.0,555.1,554.85,2907273,1613091757.65,27176.0,2036997.0,70.07
LICHSGFIN,EQ,23-Aug-2016,550.6,549.9,553.75,544.8,553.4,551.9,550.87,1287983,709505617.2,22680.0,512091.0,39.76
LICHSGFIN,EQ,22-Aug-2016,553.9,553.0,554.0,543.95,551.0,550.6,549.14,875532,480789143.3,16676.0,238296.0,27.22
LICHSGFIN,EQ,19-Aug-2016,555.25,554.8,558.75,548.0,554.0,553.9,553.25,1248144,690541253.6,20624.0,315122.0,25.25
LICHSGFIN,EQ,18-Aug-2016,547.8,549.2,562.8,549.2,554.55,555.25,557.41,1335484,744410378.0,26468.0,329771.0,24.69
LICHSGFIN,EQ,17-Aug-2016,548.35,548.0,550.8,541.35,548.75,547.8,546.94,1565421,856189655.5,43801.0,672193.0,42.94
LICHSGFIN,EQ,16-Aug-2016,554.95,555.0,555.9,545.2,548.6,548.35,550.7,1982974,1092022830.05,40752.0,798966.0,40.29
LICHSGFIN,EQ,12-Aug-2016,522.7,522.0,557.9,522.0,555.6,554.95,547.95,6377129,3494316727.8,88337.0,2543927.0,39.89
LICHSGFIN,EQ,11-Aug-2016,517.2,512.25,526.3,510.75,521.75,522.7,519.82,2618069,1360924225.65,70338.0,1467113.0,56.04
LICHSGFIN,EQ,10-Aug-2016,520.75,520.9,521.6,509.2,519.0,517.2,516.25,2207509,1139636785.75,59909.0,1297828.0,58.79
LICHSGFIN,EQ,09-Aug-2016,526.0,522.85,526.9,517.4,521.0,520.75,521.53,1982250,1033802807.4,29983.0,1093768.0,55.18
LICHSGFIN,EQ,08-Aug-2016,518.65,520.1,527.2,517.3,525.9,526.0,523.96,1564812,819899585.5,42135.0,656940.0,41.98
LICHSGFIN,EQ,05-Aug-2016,511.7,516.0,521.0,512.8,518.7,518.65,517.81,1257271,651027379.75,38988.0,509047.0,40.49
LICHSGFIN,EQ,04-Aug-2016,500.4,502.25,513.0,495.4,512.7,511.7,506.82,1456503,738180079.4,38038.0,420559.0,28.87
LICHSGFIN,EQ,03-Aug-2016,513.45,514.8,514.95,498.0,498.65,500.4,505.34,1549383,782969453.55,35686.0,646426.0,41.72
LICHSGFIN,EQ,02-Aug-2016,521.9,522.0,522.5,512.0,514.4,513.45,517.07,2092856,1082157420.95,38773.0,1434720.0,68.55
LICHSGFIN,EQ,01-Aug-2016,520.0,522.05,524.8,515.6,522.6,521.9,521.6,1338865,698357054.15,40524.0,777010.0,58.03
LICHSGFIN,EQ,29-Jul-2016,514.1,514.2,522.4,511.5,520.0,520.0,519.03,1081555,561362808.4,21048.0,540208.0,49.95
LICHSGFIN,EQ,28-Jul-2016,518.45,516.95,522.4,510.0,513.95,514.1,516.75,2189745,1131560565.95,43030.0,1425279.0,65.09
LICHSGFIN,EQ,27-Jul-2016,512.7,513.95,521.75,512.2,518.55,518.45,517.77,3196157,1654886010.7,37954.0,2500635.0,78.24
LICHSGFIN,EQ,26-Jul-2016,518.55,519.0,524.35,510.15,512.95,512.7,519.37,1581987,821631482.7,35902.0,723703.0,45.75
LICHSGFIN,EQ,25-Jul-2016,510.9,511.5,519.65,510.6,516.95,518.55,515.93,1906597,983664187.45,40269.0,999062.0,52.4
LICHSGFIN,EQ,22-Jul-2016,502.8,504.7,512.4,502.1,511.25,510.9,508.54,1430607,727527409.1,25413.0,608313.0,42.52
LICHSGFIN,EQ,21-Jul-2016,504.15,506.75,512.0,501.15,502.55,502.8,506.36,2375730,1202967695.15,33646.0,1038444.0,43.71
LICHSGFIN,EQ,20-Jul-2016,507.95,510.0,510.4,501.1,504.9,504.15,505.73,3045687,1540293510.05,72420.0,1876979.0,61.63
LICHSGFIN,EQ,19-Jul-2016,520.2,522.7,522.7,505.65,507.0,507.95,509.86,2946616,1502372329.05,68100.0,1535825.0,52.12
LICHSGFIN,EQ,18-Jul-2016,525.45,529.8,537.9,515.4,521.65,520.2,529.57,3628842,1921720637.25,48069.0,1238053.0,34.12
LICHSGFIN,EQ,15-Jul-2016,506.75,510.0,530.0,503.4,526.2,525.45,517.37,9073203,4694224552.1,126307.0,2091250.0,23.05
LICHSGFIN,EQ,14-Jul-2016,511.6,513.7,514.8,504.6,507.75,506.75,509.62,2426019,1236345998.2,46060.0,1345469.0,55.46
LICHSGFIN,EQ,13-Jul-2016,520.7,522.55,528.0,509.8,511.0,511.6,515.78,3897280,2010135540.95,68906.0,2367830.0,60.76
LICHSGFIN,EQ,12-Jul-2016,523.7,526.0,533.4,518.7,521.0,520.7,525.64,3768713,1980978828.85,68186.0,2284017.0,60.6
LICHSGFIN,EQ,11-Jul-2016,511.15,518.2,529.9,518.1,524.0,523.7,525.82,4677398,2459489656.9,49102.0,2681178.0,57.32
LICHSGFIN,EQ,08-Jul-2016,498.05,498.0,513.75,496.7,512.4,511.15,508.28,3834638,1949064104.65,63019.0,1793349.0,46.77
LICHSGFIN,EQ,07-Jul-2016,498.75,499.7,501.55,495.25,499.35,498.05,498.34,1135519,565876217.4,19458.0,545688.0,48.06
LICHSGFIN,EQ,05-Jul-2016,500.85,502.0,504.85,494.9,498.0,498.75,499.44,1358759,678620528.85,27242.0,618193.0,45.5
LICHSGFIN,EQ,04-Jul-2016,498.75,502.7,507.15,499.6,500.2,500.85,503.66,1488087,749491307.85,28671.0,644098.0,43.28
LICHSGFIN,EQ,01-Jul-2016,495.0,495.05,504.65,491.1,498.1,498.75,498.55,3320567,1655479232.2,33902.0,2026460.0,61.03
LICHSGFIN,EQ,30-Jun-2016,490.4,493.0,497.35,490.45,495.3,495.0,494.54,1289593,637753186.05,22811.0,534252.0,41.43
LICHSGFIN,EQ,29-Jun-2016,497.65,500.0,501.65,488.75,490.0,490.4,494.09,2760094,1363739386.35,46751.0,1409791.0,51.08
LICHSGFIN,EQ,28-Jun-2016,482.35,483.9,500.75,483.05,496.7,497.65,491.97,2422041,1191562706.65,54090.0,1182936.0,48.84
LICHSGFIN,EQ,27-Jun-2016,478.0,476.0,485.35,474.6,483.05,482.35,483.02,1483208,716418640.4,44029.0,952706.0,64.23
LICHSGFIN,EQ,24-Jun-2016,488.95,477.65,480.2,465.5,476.05,478.0,473.44,1596429,755811725.05,30323.0,687906.0,43.09
LICHSGFIN,EQ,23-Jun-2016,483.95,485.0,489.8,483.95,488.0,488.95,487.53,1854846,904298105.85,60108.0,1129774.0,60.91
LICHSGFIN,EQ,22-Jun-2016,485.05,485.0,487.6,480.35,483.0,483.95,484.18,1085884,525759219.0,30945.0,600707.0,55.32
LICHSGFIN,EQ,21-Jun-2016,480.5,481.55,489.3,481.1,484.0,485.05,485.4,2829031,1373207500.75,44958.0,1824305.0,64.49
LICHSGFIN,EQ,20-Jun-2016,474.65,471.1,482.0,469.3,480.0,480.5,478.01,1014378,484879158.15,45739.0,508079.0,50.09
LICHSGFIN,EQ,17-Jun-2016,469.6,472.3,476.1,470.05,475.05,474.65,473.4,1164514,551284451.9,26364.0,608865.0,52.28
LICHSGFIN,EQ,16-Jun-2016,477.45,479.4,479.4,464.4,471.5,469.6,469.22,1543607,724285879.3,46967.0,753079.0,48.79
LICHSGFIN,EQ,15-Jun-2016,469.4,470.8,479.1,468.75,477.15,477.45,474.67,1012075,480402420.55,18465.0,406720.0,40.19
LICHSGFIN,EQ,14-Jun-2016,470.6,470.0,472.1,464.5,469.6,469.4,468.87,1096582,514158593.9,24900.0,397780.0,36.27
LICHSGFIN,EQ,13-Jun-2016,473.3,469.9,472.0,462.5,471.65,470.6,467.64,1173078,548574877.75,37022.0,546695.0,46.6
LICHSGFIN,EQ,10-Jun-2016,475.6,477.0,480.4,471.6,473.55,473.3,476.09,1136608,541129633.9,19618.0,452090.0,39.78
LICHSGFIN,EQ,09-Jun-2016,480.2,481.95,483.0,474.4,474.8,475.6,477.78,1701750,813069365.6,28501.0,773851.0,45.47
LICHSGFIN,EQ,08-Jun-2016,474.45,477.8,481.8,472.3,479.5,480.2,477.07,1443423,688615048.75,39471.0,615455.0,42.64
LICHSGFIN,EQ,07-Jun-2016,467.15,468.55,476.4,465.95,475.5,474.45,472.04,2153071,1016337107.25,43224.0,1231767.0,57.21
LICHSGFIN,EQ,06-Jun-2016,476.0,476.0,476.0,465.05,468.05,467.15,468.62,1288035,603595243.45,40742.0,713025.0,55.36
LICHSGFIN,EQ,03-Jun-2016,473.95,476.95,479.9,471.3,475.25,476.0,475.49,2031197,965816698.2,34820.0,1054119.0,51.9
LICHSGFIN,EQ,02-Jun-2016,467.7,467.5,476.0,466.15,472.95,473.95,473.24,1547496,732341288.5,53898.0,553063.0,35.74
LICHSGFIN,EQ,01-Jun-2016,470.75,470.3,470.5,463.25,468.75,467.7,466.79,1212434,565957163.25,44800.0,498557.0,41.12
LICHSGFIN,EQ,31-May-2016,468.35,469.9,472.7,466.0,470.5,470.75,469.63,2485933,1167461226.35,79546.0,1620004.0,65.17
LICHSGFIN,EQ,30-May-2016,461.95,463.9,470.4,460.55,468.0,468.35,466.36,1544982,720519829.45,39586.0,524214.0,33.93
LICHSGFIN,EQ,27-May-2016,457.4,459.4,465.0,453.6,461.15,461.95,461.27,2778116,1281455421.95,100788.0,1481678.0,53.33
LICHSGFIN,EQ,26-May-2016,443.35,445.1,461.5,444.5,457.6,457.4,455.02,4184985,1904253404.85,104607.0,2279959.0,54.48
LICHSGFIN,EQ,25-May-2016,434.4,439.0,445.2,437.5,443.0,443.35,442.63,2339732,1035635589.55,77576.0,1496391.0,63.96
LICHSGFIN,EQ,24-May-2016,435.2,435.25,438.0,431.1,435.4,434.4,434.16,1658437,720025804.5,66966.0,883025.0,53.24
LICHSGFIN,EQ,23-May-2016,444.45,448.0,448.7,434.0,434.4,435.2,439.96,1875863,825300182.2,58256.0,1053249.0,56.15
LICHSGFIN,EQ,20-May-2016,454.7,456.0,458.05,443.45,443.6,444.45,449.73,1573037,707438340.85,41681.0,849450.0,54.0
LICHSGFIN,EQ,19-May-2016,461.5,461.0,465.6,452.0,453.6,454.7,460.04,1186040,545625967.45,20235.0,441053.0,37.19
LICHSGFIN,EQ,18-May-2016,462.1,459.9,463.0,454.6,461.3,461.5,458.98,1227533,563415196.5,26594.0,490049.0,39.92
LICHSGFIN,EQ,17-May-2016,463.0,464.1,468.9,460.3,461.6,462.1,464.25,1298570,602859522.8,21255.0,429304.0,33.06
LICHSGFIN,EQ,16-May-2016,458.7,458.55,464.45,456.1,462.9,463.0,460.89,1148825,529484508.0,23098.0,318195.0,27.7
LICHSGFIN,EQ,13-May-2016,469.2,469.0,471.0,457.25,457.7,458.7,463.98,2048150,950308246.0,39093.0,833037.0,40.67
LICHSGFIN,EQ,12-May-2016,452.1,451.45,472.0,451.45,471.55,469.2,462.53,2544447,1176873200.15,48481.0,1059638.0,41.65
LICHSGFIN,EQ,11-May-2016,460.35,455.9,458.85,448.8,453.0,452.1,453.97,2255008,1023705607.5,88749.0,1258448.0,55.81
LICHSGFIN,EQ,10-May-2016,462.7,462.3,466.0,459.0,460.2,460.35,462.26,1682700,777840827.95,34143.0,827396.0,49.17
LICHSGFIN,EQ,09-May-2016,450.2,453.9,464.3,452.35,464.1,462.7,459.68,1564700,719262478.3,22307.0,686139.0,43.85
LICHSGFIN,EQ,06-May-2016,449.4,449.4,453.5,445.55,450.45,450.2,449.91,1031883,464256110.15,26053.0,262798.0,25.47
LICHSGFIN,EQ,05-May-2016,451.35,453.4,455.8,442.0,450.0,449.4,446.94,2237513,1000030409.25,50911.0,778857.0,34.81
LICHSGFIN,EQ,04-May-2016,454.85,451.7,456.0,447.65,452.6,451.35,451.67,1499612,677330792.8,39029.0,568628.0,37.92
LICHSGFIN,EQ,03-May-2016,460.35,462.0,465.0,452.2,454.55,454.85,458.8,1928545,884808489.7,36872.0,837742.0,43.44
LICHSGFIN,EQ,02-May-2016,462.3,459.4,463.5,458.15,459.95,460.35,461.07,1014787,467888590.95,21347.0,365344.0,36.0
LICHSGFIN,EQ,29-Apr-2016,456.75,458.0,464.4,455.7,462.8,462.3,459.91,2167583,996901452.3,47721.0,1091245.0,50.34
LICHSGFIN,EQ,28-Apr-2016,462.55,463.8,467.5,453.3,459.5,456.75,460.3,2482700,1142793435.4,42435.0,941260.0,37.91
LICHSGFIN,EQ,27-Apr-2016,461.0,463.0,466.9,461.4,461.6,462.55,464.06,1909292,886022018.7,28487.0,808840.0,42.36
LICHSGFIN,EQ,26-Apr-2016,456.85,455.0,463.15,453.95,460.1,461.0,460.51,2895576,1333455375.3,51237.0,1488600.0,51.41
LICHSGFIN,EQ,25-Apr-2016,460.5,459.0,459.7,453.2,457.4,456.85,455.62,2088426,951530550.05,48319.0,953560.0,45.66
LICHSGFIN,EQ,22-Apr-2016,464.85,464.9,467.9,458.65,460.75,460.5,462.45,3029944,1401212690.55,55696.0,1611626.0,53.19
LICHSGFIN,EQ,21-Apr-2016,466.9,468.9,472.45,460.5,464.8,464.85,465.77,3835844,1786639129.5,67474.0,2006312.0,52.3
LICHSGFIN,EQ,20-Apr-2016,485.45,486.9,488.45,465.6,468.0,466.9,474.62,5013387,2379475328.0,117677.0,2487394.0,49.62
LICHSGFIN,EQ,18-Apr-2016,480.75,484.9,490.0,479.5,484.5,485.45,484.83,4573681,2217465525.05,74122.0,1059968.0,23.18
LICHSGFIN,EQ,13-Apr-2016,478.4,481.9,487.0,479.05,481.0,480.75,483.13,2656044,1283214594.85,37632.0,1463949.0,55.12
LICHSGFIN,EQ,12-Apr-2016,476.9,478.0,482.3,475.75,478.5,478.4,479.23,1227136,588079029.6,27650.0,349399.0,28.47
LICHSGFIN,EQ,11-Apr-2016,476.8,479.7,482.3,473.0,476.35,476.9,477.38,2114782,1009544223.35,45708.0,979641.0,46.32
LICHSGFIN,EQ,08-Apr-2016,464.75,467.25,479.0,464.4,478.75,476.8,472.46,2032592,960321776.45,34338.0,918026.0,45.17
LICHSGFIN,EQ,07-Apr-2016,467.65,468.0,471.8,461.6,463.5,464.75,467.08,1571825,734165696.95,28888.0,528317.0,33.61
LICHSGFIN,EQ,06-Apr-2016,467.6,469.95,472.7,463.15,470.2,467.65,467.18,2130319,995234590.65,42337.0,1139093.0,53.47
LICHSGFIN,EQ,05-Apr-2016,486.7,483.5,485.0,465.0,467.0,467.6,474.4,3119230,1479757967.45,54253.0,1600161.0,51.3
LICHSGFIN,EQ,04-Apr-2016,485.6,488.0,493.0,484.65,486.8,486.7,488.07,1288527,628888302.5,30875.0,464701.0,36.06
LICHSGFIN,EQ,01-Apr-2016,493.15,489.2,493.5,483.25,484.55,485.6,488.11,1707690,833548275.35,29143.0,733712.0,42.97
LICHSGFIN,EQ,31-Mar-2016,488.15,489.9,495.4,482.05,491.0,493.15,489.78,2989954,1464424232.65,40928.0,1390270.0,46.5
LICHSGFIN,EQ,30-Mar-2016,476.85,481.95,489.0,477.0,486.0,488.15,482.78,2455941,1185684745.5,33937.0,1134060.0,46.18
LICHSGFIN,EQ,29-Mar-2016,471.3,473.6,481.8,466.6,476.25,476.85,475.14,1506712,715903357.0,24702.0,371517.0,24.66
LICHSGFIN,EQ,28-Mar-2016,477.75,477.75,483.45,467.65,473.85,471.3,476.55,1736193,827376599.1,29907.0,770287.0,44.37
LICHSGFIN,EQ,23-Mar-2016,477.95,479.0,480.0,473.1,476.0,477.75,476.36,1944593,926331876.35,39661.0,910528.0,46.82
LICHSGFIN,EQ,22-Mar-2016,470.95,471.5,479.85,469.85,477.55,477.95,476.33,2514134,1197566655.7,40760.0,1307691.0,52.01
LICHSGFIN,EQ,21-Mar-2016,463.6,465.25,472.95,461.1,470.95,470.95,468.23,1361871,637673768.6,22745.0,340811.0,25.03
LICHSGFIN,EQ,18-Mar-2016,450.6,452.7,464.9,446.65,464.5,463.6,457.48,2009123,919130212.4,56035.0,840529.0,41.84
LICHSGFIN,EQ,17-Mar-2016,445.75,448.5,457.6,447.7,448.0,450.6,452.73,1582990,716671281.6,30008.0,584473.0,36.92
LICHSGFIN,EQ,16-Mar-2016,453.95,454.75,455.95,438.15,445.6,445.75,443.52,2648818,1174794206.05,50283.0,1197069.0,45.19
LICHSGFIN,EQ,15-Mar-2016,456.2,456.9,459.55,451.6,455.0,453.95,455.22,1288562,586574771.2,22346.0,531922.0,41.28
LICHSGFIN,EQ,14-Mar-2016,462.2,465.0,467.0,454.0,455.9,456.2,460.37,1761035,810725152.75,34248.0,887745.0,50.41
LICHSGFIN,EQ,11-Mar-2016,458.3,459.3,467.4,458.0,462.75,462.2,463.06,1828708,846806886.05,29058.0,675399.0,36.93
LICHSGFIN,EQ,10-Mar-2016,460.95,467.0,467.45,456.65,457.3,458.3,461.39,1434148,661701389.4,29734.0,400105.0,27.9
LICHSGFIN,EQ,09-Mar-2016,448.8,448.9,464.0,445.75,463.7,460.95,455.01,2372508,1079510906.4,60610.0,812632.0,34.25
LICHSGFIN,EQ,08-Mar-2016,448.2,448.2,455.5,444.4,448.5,448.8,450.8,1925341,867951849.5,43308.0,837131.0,43.48
LICHSGFIN,EQ,04-Mar-2016,446.15,448.0,452.35,440.05,448.7,448.2,447.11,1770464,791588503.05,47426.0,588252.0,33.23
LICHSGFIN,EQ,03-Mar-2016,452.5,454.1,454.5,444.3,446.2,446.15,447.35,2132529,953981210.85,30759.0,1092033.0,51.21
LICHSGFIN,EQ,02-Mar-2016,439.2,445.0,458.0,444.0,452.8,452.5,452.49,3303549,1494809891.75,43991.0,1680440.0,50.87
LICHSGFIN,EQ,01-Mar-2016,421.85,423.9,441.85,423.5,440.05,439.2,436.36,3519958,1535952937.6,76769.0,1866491.0,53.03
LICHSGFIN,EQ,29-Feb-2016,408.35,413.0,431.9,404.4,422.3,421.85,418.28,4999742,2091289666.15,76594.0,1450522.0,29.01
LICHSGFIN,EQ,26-Feb-2016,391.35,396.0,409.9,396.0,409.2,408.35,404.5,2609070,1055370745.25,46668.0,739754.0,28.35
LICHSGFIN,EQ,25-Feb-2016,397.35,398.6,398.7,388.65,392.5,391.35,392.06,3110374,1219452776.45,85774.0,1230146.0,39.55
LICHSGFIN,EQ,24-Feb-2016,415.9,410.0,412.5,396.05,397.0,397.35,404.19,3099765,1252899549.15,57229.0,1559030.0,50.3
LICHSGFIN,EQ,23-Feb-2016,424.0,425.5,428.4,414.35,415.0,415.9,421.39,2411915,1016349865.3,52370.0,1051592.0,43.6
LICHSGFIN,EQ,22-Feb-2016,419.55,421.95,425.6,416.6,424.5,424.0,421.3,2833261,1193646034.6,67199.0,1379859.0,48.7
LICHSGFIN,EQ,19-Feb-2016,408.7,410.0,421.2,406.75,418.95,419.55,415.47,2167101,900357720.5,42457.0,864876.0,39.91
LICHSGFIN,EQ,18-Feb-2016,406.05,411.7,417.0,405.1,410.0,408.7,411.18,2659037,1093353051.65,46903.0,1010323.0,38.0
LICHSGFIN,EQ,17-Feb-2016,411.75,413.85,414.0,402.05,407.0,406.05,406.96,4262838,1734809069.95,88441.0,2366108.0,55.51
LICHSGFIN,EQ,16-Feb-2016,427.95,428.25,431.1,408.85,411.75,411.75,418.38,2320305,970761575.35,37184.0,884246.0,38.11
LICHSGFIN,EQ,15-Feb-2016,408.8,416.0,432.8,414.2,427.6,427.95,427.08,1718289,733852779.1,27611.0,633434.0,36.86
LICHSGFIN,EQ,12-Feb-2016,406.6,409.0,413.5,393.3,406.0,408.8,403.66,3406381,1375028106.55,51554.0,1488276.0,43.69
LICHSGFIN,EQ,11-Feb-2016,430.05,427.0,429.85,404.25,406.0,406.6,418.37,2295447,960342657.2,51120.0,882862.0,38.46
LICHSGFIN,EQ,10-Feb-2016,424.3,421.45,434.8,415.0,430.75,430.05,423.59,2385475,1010452944.0,52549.0,620592.0,26.02
LICHSGFIN,EQ,09-Feb-2016,444.2,437.0,438.55,423.0,424.1,424.3,429.36,2196808,943218273.7,46171.0,751811.0,34.22
LICHSGFIN,EQ,08-Feb-2016,447.5,449.0,453.2,441.9,441.9,444.2,448.86,1543689,692894131.4,30474.0,434473.0,28.15
LICHSGFIN,EQ,05-Feb-2016,437.55,436.15,451.0,436.15,449.0,447.5,444.02,1525157,677194608.85,28765.0,587309.0,38.51
LICHSGFIN,EQ,04-Feb-2016,442.8,447.4,451.4,432.35,439.1,437.55,443.23,1494775,662523851.55,28679.0,467196.0,31.26
LICHSGFIN,EQ,03-Feb-2016,450.95,442.95,448.4,436.15,442.0,442.8,441.66,1938783,856291591.85,41100.0,607870.0,31.35
LICHSGFIN,EQ,02-Feb-2016,468.25,465.25,471.8,447.95,451.6,450.95,461.02,2315078,1067285723.25,37490.0,933412.0,40.32
LICHSGFIN,EQ,01-Feb-2016,475.9,477.8,479.85,466.2,466.9,468.25,471.97,1673527,789856459.3,31157.0,696057.0,41.59
LICHSGFIN,EQ,29-Jan-2016,474.55,475.0,478.35,469.4,476.1,475.9,474.24,2324659,1102437319.75,44902.0,1085632.0,46.7
LICHSGFIN,EQ,28-Jan-2016,480.15,480.0,480.0,471.45,474.45,474.55,475.09,1983849,942513733.7,38583.0,1127934.0,56.86
LICHSGFIN,EQ,27-Jan-2016,482.25,485.0,485.7,473.7,478.6,480.15,478.97,2486470,1190951695.55,56193.0,1470243.0,59.13
LICHSGFIN,EQ,25-Jan-2016,483.95,490.0,490.0,481.05,481.5,482.25,484.91,888358,430771063.1,32348.0,295219.0,33.23
LICHSGFIN,EQ,22-Jan-2016,467.45,476.0,488.75,471.1,484.9,483.95,481.94,1694387,816597389.7,28635.0,582733.0,34.39
LICHSGFIN,EQ,21-Jan-2016,460.2,467.3,476.0,463.3,467.1,467.45,469.73,1738620,816685018.35,29355.0,567589.0,32.65
LICHSGFIN,EQ,20-Jan-2016,469.8,463.9,464.65,450.1,461.5,460.2,455.59,2290943,1043724783.25,36530.0,957644.0,41.8
LICHSGFIN,EQ,19-Jan-2016,463.65,466.0,472.2,461.0,471.0,469.8,468.36,1909408,894296517.6,31902.0,786368.0,41.18
LICHSGFIN,EQ,18-Jan-2016,466.45,468.0,478.5,455.55,462.25,463.65,466.39,2716013,1266733905.65,46651.0,791385.0,29.14
LICHSGFIN,EQ,15-Jan-2016,484.95,486.0,490.5,463.0,464.85,466.45,476.08,2058421,979970028.05,44392.0,1025288.0,49.81
LICHSGFIN,EQ,14-Jan-2016,489.35,480.6,489.35,478.55,485.0,484.95,483.6,1427096,690147659.9,37318.0,492472.0,34.51
LICHSGFIN,EQ,13-Jan-2016,491.95,494.05,502.55,476.35,488.3,489.35,490.79,2752260,1350774580.45,54442.0,1103127.0,40.08
LICHSGFIN,EQ,12-Jan-2016,500.15,496.8,500.0,490.4,492.3,491.95,494.57,1943150,961024072.05,48969.0,960150.0,49.41
LICHSGFIN,EQ,11-Jan-2016,505.1,499.95,504.95,495.0,500.3,500.15,500.64,1946534,974510123.6,38867.0,805487.0,41.38
LICHSGFIN,EQ,08-Jan-2016,486.0,490.0,511.5,490.0,506.25,505.1,501.85,1851155,928999433.7,46035.0,454489.0,24.55
LICHSGFIN,EQ,07-Jan-2016,499.6,494.0,495.95,482.25,488.0,486.0,486.96,1653669,805273277.05,42795.0,848054.0,51.28
LICHSGFIN,EQ,06-Jan-2016,501.1,500.95,504.7,495.9,499.7,499.6,500.4,1915892,958704100.1,41925.0,860049.0,44.89
LICHSGFIN,EQ,05-Jan-2016,489.7,492.1,505.25,490.0,500.55,501.1,497.48,1737344,864302374.35,27899.0,523108.0,30.11
LICHSGFIN,EQ,04-Jan-2016,508.35,506.8,513.8,488.0,489.6,489.7,501.86,1780246,893431865.8,36692.0,652307.0,36.64
LICHSGFIN,EQ,01-Jan-2016,510.05,510.0,512.4,505.6,508.0,508.35,509.33,725602,369573479.05,10287.0,192787.0,26.57
LICHSGFIN,EQ,31-Dec-2015,500.65,500.8,514.6,500.65,509.4,510.05,506.56,2290330,1160200049.1,30925.0,1222842.0,53.39
LICHSGFIN,EQ,29-Dec-2017,561.05,562.35,568.4,560.3,563.5,563.5,564.09,1229423,693503133.85,20053.0,540571.0,43.97
LICHSGFIN,EQ,28-Dec-2017,567.95,567.0,567.0,559.0,561.2,561.05,563.01,1476301,831175395.8,16273.0,982982.0,66.58
LICHSGFIN,EQ,27-Dec-2017,568.9,569.4,573.5,565.9,566.0,567.95,569.55,1465354,834585329.85,21861.0,552423.0,37.7
LICHSGFIN,EQ,26-Dec-2017,567.75,567.0,573.5,566.85,569.0,568.9,569.87,638163,363666945.9,10367.0,301675.0,47.27
LICHSGFIN,EQ,22-Dec-2017,572.2,575.1,576.6,565.1,568.0,567.75,569.91,1230538,701291524.35,23780.0,446122.0,36.25
LICHSGFIN,EQ,21-Dec-2017,569.5,569.0,577.0,563.25,571.05,572.2,569.9,1494072,851473035.85,37457.0,623050.0,41.7
LICHSGFIN,EQ,20-Dec-2017,565.25,566.85,572.9,566.7,570.05,569.5,569.56,1723058,981379536.45,43822.0,855407.0,49.64
LICHSGFIN,EQ,19-Dec-2017,559.05,562.0,567.35,558.45,567.2,565.25,562.48,2171548,1221460119.3,43210.0,1559888.0,71.83
LICHSGFIN,EQ,18-Dec-2017,556.25,549.45,567.3,539.05,557.3,559.05,558.21,2419731,1350723530.6,42545.0,1092669.0,45.16
LICHSGFIN,EQ,15-Dec-2017,545.1,552.05,558.0,548.8,557.0,556.25,554.75,1581020,877074879.85,36655.0,879940.0,55.66
LICHSGFIN,EQ,14-Dec-2017,544.35,548.0,548.0,536.15,545.55,545.1,541.67,1615567,875107375.7,34325.0,778252.0,48.17
LICHSGFIN,EQ,13-Dec-2017,551.4,551.45,559.5,541.15,546.2,544.35,551.99,1622635,895674872.2,25370.0,562046.0,34.64
LICHSGFIN,EQ,12-Dec-2017,562.4,562.1,562.4,550.2,550.95,551.4,554.84,1749353,970616177.1,77487.0,944522.0,53.99
LICHSGFIN,EQ,11-Dec-2017,566.4,568.85,570.0,560.0,562.55,562.4,562.96,1096256,617152877.8,58310.0,510412.0,46.56
LICHSGFIN,EQ,08-Dec-2017,561.3,563.7,571.25,563.05,564.0,566.4,567.73,1698174,964107030.1,50381.0,757262.0,44.59
LICHSGFIN,EQ,07-Dec-2017,553.4,552.5,562.45,550.0,562.0,561.3,557.88,1515157,845278169.9,26768.0,600476.0,39.63
LICHSGFIN,EQ,06-Dec-2017,572.75,572.5,572.75,551.5,552.6,553.4,559.25,2167422,1212129939.3,42803.0,1114778.0,51.43
LICHSGFIN,EQ,05-Dec-2017,570.35,570.35,574.9,562.0,574.15,572.75,566.45,1222999,692771544.6,36653.0,352617.0,28.83
LICHSGFIN,EQ,04-Dec-2017,571.05,572.5,575.85,565.15,572.0,570.35,569.21,1253190,713327298.4,39495.0,543773.0,43.39
LICHSGFIN,EQ,01-Dec-2017,581.6,585.5,591.0,568.0,571.0,571.05,579.76,1672266,969510485.15,25393.0,622800.0,37.24
LICHSGFIN,EQ,30-Nov-2017,599.4,597.95,597.95,579.05,583.0,581.6,584.93,3356820,1963506053.1,48065.0,2072942.0,61.75
LICHSGFIN,EQ,29-Nov-2017,597.0,598.3,602.65,597.65,599.0,599.4,600.36,973267,584309594.25,18191.0,400461.0,41.15
LICHSGFIN,EQ,28-Nov-2017,596.15,593.1,605.7,592.3,597.0,597.0,600.25,1681355,1009241120.05,27462.0,672996.0,40.03
LICHSGFIN,EQ,27-Nov-2017,597.55,596.7,600.8,592.6,596.5,596.15,595.85,1407240,838499324.25,20580.0,754319.0,53.6
LICHSGFIN,EQ,24-Nov-2017,603.3,603.0,606.35,596.35,597.65,597.55,600.84,833213,500624865.45,22251.0,335957.0,40.32
LICHSGFIN,EQ,23-Nov-2017,599.0,599.45,608.0,597.6,602.0,603.3,603.01,1177550,710073618.55,30079.0,319568.0,27.14
LICHSGFIN,EQ,22-Nov-2017,600.95,602.2,604.1,593.5,597.15,599.0,598.51,971926,581712253.2,16324.0,294237.0,30.27
LICHSGFIN,EQ,21-Nov-2017,605.6,606.7,610.0,600.0,600.45,600.95,603.59,1205901,727866259.65,25955.0,476623.0,39.52
LICHSGFIN,EQ,20-Nov-2017,604.6,605.95,610.0,600.45,604.0,605.6,605.13,1379235,834615684.4,32923.0,446723.0,32.39
LICHSGFIN,EQ,17-Nov-2017,582.4,599.0,608.0,592.05,602.8,604.6,600.56,2430784,1459833925.45,40439.0,633534.0,26.06
LICHSGFIN,EQ,16-Nov-2017,578.3,580.25,588.25,573.65,586.75,582.4,579.61,1256666,728374604.85,30419.0,442382.0,35.2
LICHSGFIN,EQ,15-Nov-2017,585.7,586.0,589.0,573.8,579.0,578.3,582.08,1191226,693387221.1,28011.0,474467.0,39.83
LICHSGFIN,EQ,14-Nov-2017,584.55,585.0,595.95,584.0,584.8,585.7,589.77,1455779,858574489.45,32368.0,454398.0,31.21
LICHSGFIN,EQ,13-Nov-2017,586.55,587.45,590.5,583.0,585.4,584.55,585.53,1086539,636201246.75,30186.0,507956.0,46.75
LICHSGFIN,EQ,10-Nov-2017,582.65,583.0,594.0,579.65,586.25,586.55,587.53,1465428,860983258.0,32076.0,557428.0,38.04
LICHSGFIN,EQ,09-Nov-2017,585.4,586.8,592.75,575.1,583.8,582.65,582.44,1923740,1120467293.9,30582.0,658666.0,34.24
LICHSGFIN,EQ,08-Nov-2017,601.55,601.6,602.5,583.6,585.5,585.4,589.02,2236504,1317352364.4,57905.0,965652.0,43.18
LICHSGFIN,EQ,07-Nov-2017,606.65,608.0,611.0,596.7,600.2,601.55,602.38,2093713,1261211778.9,40761.0,1079563.0,51.56
LICHSGFIN,EQ,06-Nov-2017,608.5,607.0,613.4,605.05,605.7,606.65,608.81,1204768,733470688.15,25871.0,617369.0,51.24
LICHSGFIN,EQ,03-Nov-2017,605.55,608.5,613.85,602.1,608.2,608.5,609.58,2681734,1634742179.25,33211.0,1229132.0,45.83
LICHSGFIN,EQ,02-Nov-2017,597.3,598.0,608.4,595.8,606.1,605.55,602.71,3391817,2044295812.9,78231.0,2030682.0,59.87
LICHSGFIN,EQ,01-Nov-2017,598.7,599.0,606.45,591.1,597.3,597.3,598.88,4990270,2988556468.7,119504.0,2885075.0,57.81
LICHSGFIN,EQ,31-Oct-2017,618.2,605.3,621.8,597.1,599.0,598.7,605.95,5944887,3602308763.45,85279.0,3409532.0,57.35
LICHSGFIN,EQ,30-Oct-2017,613.65,619.0,628.0,613.0,618.15,618.2,621.11,2694014,1673268071.4,47705.0,1499699.0,55.67
LICHSGFIN,EQ,27-Oct-2017,615.25,616.25,624.15,610.5,613.5,613.65,617.97,842083,520385271.7,24315.0,335373.0,39.83
LICHSGFIN,EQ,26-Oct-2017,618.4,613.05,624.4,608.4,616.1,615.25,617.07,3144773,1940545834.2,75803.0,2029452.0,64.53
LICHSGFIN,EQ,25-Oct-2017,633.85,639.9,639.9,609.1,618.05,618.4,617.71,2338286,1444381300.8,44185.0,910948.0,38.96
LICHSGFIN,EQ,24-Oct-2017,651.0,651.0,652.9,630.85,635.35,633.85,637.58,2423208,1544996595.6,39488.0,1176157.0,48.54
LICHSGFIN,EQ,23-Oct-2017,663.05,663.1,668.1,648.1,651.0,651.0,653.71,1713634,1120220581.9,52758.0,683229.0,39.87
LICHSGFIN,EQ,19-Oct-2017,669.1,670.0,675.0,658.1,658.5,663.05,667.21,184027,122784532.6,3894.0,78343.0,42.57
LICHSGFIN,EQ,18-Oct-2017,670.1,669.0,674.95,662.95,669.0,669.1,669.98,1323386,886642015.8,20381.0,597008.0,45.11
LICHSGFIN,EQ,17-Oct-2017,659.55,660.35,674.2,659.45,669.0,670.1,669.46,2381825,1594539284.7,49592.0,997414.0,41.88
LICHSGFIN,EQ,16-Oct-2017,652.95,656.0,661.0,651.8,660.85,659.55,655.9,1145244,751161148.15,28980.0,598496.0,52.26
LICHSGFIN,EQ,13-Oct-2017,651.6,651.6,657.8,650.35,652.6,652.95,654.18,621301,406443190.8,12236.0,285857.0,46.01
LICHSGFIN,EQ,12-Oct-2017,637.5,640.0,654.0,636.55,652.5,651.6,647.88,2005398,1299253308.55,39258.0,1037807.0,51.75
LICHSGFIN,EQ,11-Oct-2017,661.95,665.9,665.9,635.25,637.4,637.5,646.47,1948036,1259339948.4,38167.0,741564.0,38.07
LICHSGFIN,EQ,10-Oct-2017,664.9,666.0,667.9,658.35,659.9,661.95,661.87,645595,427302227.1,19545.0,281324.0,43.58
LICHSGFIN,EQ,09-Oct-2017,663.05,665.0,671.55,660.05,665.75,664.9,666.59,1996362,1330750122.45,19940.0,1201137.0,60.17
LICHSGFIN,EQ,06-Oct-2017,648.5,653.9,664.8,651.45,662.0,663.05,658.86,1949268,1284291752.85,24210.0,1314250.0,67.42
LICHSGFIN,EQ,05-Oct-2017,645.05,644.0,654.35,640.25,650.3,648.5,649.26,1731869,1124433898.8,26854.0,895185.0,51.69
LICHSGFIN,EQ,04-Oct-2017,641.65,644.0,648.1,639.6,645.5,645.05,644.49,1484222,956560669.8,45394.0,840066.0,56.6
LICHSGFIN,EQ,03-Oct-2017,627.35,632.2,644.25,629.7,644.0,641.65,637.02,1950417,1242450373.85,49689.0,1028306.0,52.72
LICHSGFIN,EQ,29-Sep-2017,621.7,622.5,635.0,621.7,627.0,627.35,630.03,1647015,1037669456.1,46503.0,821269.0,49.86
LICHSGFIN,EQ,28-Sep-2017,606.25,611.4,629.8,609.85,620.0,621.7,620.42,2834902,1758843183.0,69952.0,1462683.0,51.6
LICHSGFIN,EQ,27-Sep-2017,619.45,622.25,624.45,603.95,606.0,606.25,612.52,1850852,1133679751.15,30276.0,568221.0,30.7
LICHSGFIN,EQ,26-Sep-2017,621.7,622.1,628.1,616.25,617.8,619.45,621.59,1063724,661198939.3,22171.0,402211.0,37.81
LICHSGFIN,EQ,25-Sep-2017,637.3,636.3,637.75,613.65,622.5,621.7,622.4,1718054,1069314793.55,38392.0,692406.0,40.3
LICHSGFIN,EQ,22-Sep-2017,660.8,658.25,658.9,635.0,636.0,637.3,645.77,1419172,916459050.25,34070.0,487333.0,34.34
LICHSGFIN,EQ,21-Sep-2017,648.9,650.7,662.4,642.9,661.5,660.8,653.2,2152575,1406055893.75,38266.0,965840.0,44.87
LICHSGFIN,EQ,20-Sep-2017,649.75,654.0,656.55,646.45,649.3,648.9,650.95,1532363,997493922.35,23590.0,855704.0,55.84
LICHSGFIN,EQ,19-Sep-2017,657.2,655.0,662.95,648.4,649.5,649.75,653.99,2176954,1423715428.85,39881.0,1339136.0,61.51
LICHSGFIN,EQ,18-Sep-2017,645.15,650.0,660.45,648.5,657.9,657.2,656.27,1378432,904617004.35,23512.0,559169.0,40.57
LICHSGFIN,EQ,15-Sep-2017,659.35,651.1,656.7,644.0,645.0,645.15,646.99,2701210,1747653417.3,38014.0,1796609.0,66.51
LICHSGFIN,EQ,14-Sep-2017,660.5,663.2,666.3,655.85,659.15,659.35,661.18,732481,484302116.6,16620.0,236616.0,32.3
LICHSGFIN,EQ,13-Sep-2017,660.2,660.25,671.0,658.8,660.1,660.5,664.21,1039889,690706681.35,22542.0,254459.0,24.47
LICHSGFIN,EQ,12-Sep-2017,655.4,659.25,665.5,655.3,659.95,660.2,661.66,983206,650549158.35,17106.0,456608.0,46.44
LICHSGFIN,EQ,11-Sep-2017,659.15,664.9,665.0,653.2,654.75,655.4,658.95,1604411,1057229002.45,27085.0,1022896.0,63.76
LICHSGFIN,EQ,08-Sep-2017,674.0,671.6,675.75,655.7,658.75,659.15,662.82,2014745,1335418602.45,48891.0,918276.0,45.58
LICHSGFIN,EQ,07-Sep-2017,675.8,679.2,684.5,671.75,673.35,674.0,676.79,1703334,1152797745.1,30644.0,977271.0,57.37
LICHSGFIN,EQ,06-Sep-2017,676.95,675.0,681.15,670.55,674.2,675.8,675.77,1797604,1214768292.85,28524.0,1007580.0,56.05
LICHSGFIN,EQ,05-Sep-2017,676.4,679.6,683.8,673.55,677.0,676.95,677.55,1466924,993908016.3,34662.0,592466.0,40.39
LICHSGFIN,EQ,04-Sep-2017,681.3,684.0,689.55,673.05,675.2,676.4,681.01,1727693,1176573303.1,39131.0,531519.0,30.76
LICHSGFIN,EQ,01-Sep-2017,673.85,677.9,684.0,674.9,681.0,681.3,680.78,1783744,1214341460.35,38921.0,793353.0,44.48
LICHSGFIN,EQ,31-Aug-2017,663.9,664.7,676.2,657.8,673.95,673.85,669.89,3582891,2400140408.2,73522.0,2217952.0,61.9
LICHSGFIN,EQ,30-Aug-2017,659.0,664.0,667.0,660.0,663.0,663.9,663.81,1208591,802279381.25,25846.0,605236.0,50.08
LICHSGFIN,EQ,29-Aug-2017,656.6,655.0,672.0,652.4,658.65,659.0,664.21,1952221,1296690415.1,39394.0,629252.0,32.23
LICHSGFIN,EQ,28-Aug-2017,658.0,657.7,661.5,650.65,657.95,656.6,657.2,2123949,1395855916.9,57050.0,1249352.0,58.82
LICHSGFIN,EQ,24-Aug-2017,659.7,662.0,664.9,656.1,657.0,658.0,659.7,1109699,732064631.1,33936.0,559649.0,50.43
LICHSGFIN,EQ,23-Aug-2017,636.1,638.0,662.85,635.8,661.95,659.7,649.99,1601746,1041119798.75,30814.0,522425.0,32.62
LICHSGFIN,EQ,22-Aug-2017,648.4,653.7,653.7,634.4,635.85,636.1,643.03,1063079,683590180.4,19145.0,457732.0,43.06
LICHSGFIN,EQ,21-Aug-2017,658.1,660.0,663.3,647.05,648.5,648.4,653.36,796523,520419030.3,15533.0,337006.0,42.31
LICHSGFIN,EQ,18-Aug-2017,661.4,654.0,660.7,647.1,658.6,658.1,653.79,1317598,861435173.5,35191.0,405082.0,30.74
LICHSGFIN,EQ,17-Aug-2017,659.55,662.0,666.5,656.0,661.25,661.4,663.18,1473758,977364884.2,24676.0,737071.0,50.01
LICHSGFIN,EQ,16-Aug-2017,657.2,660.9,663.45,647.0,659.2,659.55,657.66,2709789,1782118886.7,56580.0,1782720.0,65.79
LICHSGFIN,EQ,14-Aug-2017,651.8,653.0,664.85,652.55,657.4,657.2,657.85,1156579,760861095.15,25582.0,479908.0,41.49
LICHSGFIN,EQ,11-Aug-2017,657.65,647.05,669.75,641.2,652.1,651.8,655.27,1359751,890997944.9,29968.0,474339.0,34.88
LICHSGFIN,EQ,10-Aug-2017,676.9,674.25,674.45,648.05,661.0,657.65,661.22,1870489,1236804991.3,32444.0,686579.0,36.71
LICHSGFIN,EQ,09-Aug-2017,681.1,679.9,685.25,673.1,673.7,676.9,680.98,907035,617669816.05,17746.0,313872.0,34.6
LICHSGFIN,EQ,08-Aug-2017,687.55,684.25,687.8,673.0,680.5,681.1,680.97,2015826,1372720634.55,44070.0,1150753.0,57.09
LICHSGFIN,EQ,07-Aug-2017,684.65,688.0,692.2,680.7,688.5,687.55,686.53,1963882,1348257390.25,29730.0,1243210.0,63.3
LICHSGFIN,EQ,04-Aug-2017,681.0,681.0,687.0,672.8,684.6,684.65,682.17,1112424,758866694.6,38596.0,477530.0,42.93
LICHSGFIN,EQ,03-Aug-2017,693.15,692.95,698.75,676.0,680.0,681.0,690.66,2258508,1559859561.1,40242.0,1220584.0,54.04
LICHSGFIN,EQ,02-Aug-2017,690.95,694.8,697.9,690.25,692.95,693.15,693.9,1958294,1358861537.75,35603.0,1209866.0,61.78
LICHSGFIN,EQ,01-Aug-2017,690.45,690.75,698.3,677.15,692.15,690.95,689.38,3597159,2479803441.55,80521.0,1889871.0,52.54
LICHSGFIN,EQ,31-Jul-2017,720.9,714.9,714.9,686.55,689.15,690.45,694.49,6657351,4623472076.9,116902.0,3838981.0,57.67
LICHSGFIN,EQ,28-Jul-2017,737.15,739.0,756.0,712.4,714.25,720.9,735.93,6244922,4595819727.95,84472.0,1866963.0,29.9
LICHSGFIN,EQ,27-Jul-2017,737.05,740.0,752.65,734.9,740.4,737.15,740.55,2497414,1849450595.0,39964.0,1824815.0,73.07
LICHSGFIN,EQ,26-Jul-2017,732.05,732.9,743.3,731.75,736.05,737.05,738.65,1139642,841799081.9,25910.0,597662.0,52.44
LICHSGFIN,EQ,25-Jul-2017,743.3,742.9,745.25,730.95,731.2,732.05,734.37,1509954,1108861114.35,28486.0,964611.0,63.88
LICHSGFIN,EQ,24-Jul-2017,740.1,741.4,748.5,738.1,741.05,743.3,743.97,1301626,968365158.9,31191.0,813438.0,62.49
LICHSGFIN,EQ,21-Jul-2017,752.05,751.3,755.5,726.35,739.0,740.1,741.75,842920,625236533.05,16581.0,284932.0,33.8
LICHSGFIN,EQ,20-Jul-2017,750.45,752.9,756.8,747.8,753.0,752.05,751.82,508553,382340762.95,18480.0,197418.0,38.82
LICHSGFIN,EQ,19-Jul-2017,743.2,744.35,755.7,737.6,752.0,750.45,750.04,871645,653764951.0,25984.0,268289.0,30.78
LICHSGFIN,EQ,18-Jul-2017,745.8,742.0,750.0,738.3,742.9,743.2,744.86,763090,568394681.85,19112.0,416278.0,54.55
LICHSGFIN,EQ,17-Jul-2017,742.3,742.85,747.25,735.0,746.5,745.8,741.76,837268,621048272.05,30927.0,372676.0,44.51
LICHSGFIN,EQ,14-Jul-2017,738.5,738.5,744.25,730.3,742.4,742.3,737.8,778453,574342960.0,14059.0,338245.0,43.45
LICHSGFIN,EQ,13-Jul-2017,725.6,728.7,741.3,728.0,736.95,738.5,735.59,1432209,1053523268.35,38357.0,624564.0,43.61
LICHSGFIN,EQ,12-Jul-2017,725.1,724.0,729.3,718.0,725.05,725.6,724.7,2527530,1831711132.8,57649.0,1600415.0,63.32
LICHSGFIN,EQ,11-Jul-2017,743.2,747.0,747.0,723.0,724.5,725.1,735.31,1675572,1232060888.9,46801.0,1137179.0,67.87
LICHSGFIN,EQ,10-Jul-2017,741.25,763.45,763.45,741.75,743.2,743.2,744.55,201435,149979190.65,3124.0,125334.0,62.22
LICHSGFIN,EQ,07-Jul-2017,753.05,751.75,757.0,740.0,743.75,741.25,744.87,695826,518297198.25,22083.0,349948.0,50.29
LICHSGFIN,EQ,06-Jul-2017,752.8,753.5,757.95,730.2,751.75,753.05,752.45,870232,654808260.4,16739.0,366570.0,42.12
LICHSGFIN,EQ,05-Jul-2017,747.6,749.5,754.65,746.1,752.5,752.8,749.8,1234985,925992002.9,23731.0,791747.0,64.11
LICHSGFIN,EQ,04-Jul-2017,751.7,755.0,759.0,743.5,749.05,747.6,749.45,1140099,854441966.6,58639.0,521739.0,45.76
LICHSGFIN,EQ,03-Jul-2017,742.2,745.7,753.95,737.0,753.25,751.7,746.84,1194598,892175425.55,35081.0,489941.0,41.01
LICHSGFIN,EQ,30-Jun-2017,742.65,737.9,744.0,728.0,744.0,742.2,737.13,1361765,1003791032.1,38345.0,637668.0,46.83
LICHSGFIN,EQ,29-Jun-2017,742.8,746.0,749.95,738.0,741.5,742.65,742.93,2263554,1681653396.3,37073.0,1397495.0,61.74
LICHSGFIN,EQ,28-Jun-2017,748.8,741.25,749.0,735.05,743.1,742.8,744.08,1174570,873968853.45,33183.0,607447.0,51.72
LICHSGFIN,EQ,27-Jun-2017,753.6,753.5,758.95,740.0,747.15,748.8,748.21,976883,730909245.2,30388.0,375574.0,38.45
LICHSGFIN,EQ,23-Jun-2017,770.05,771.7,774.85,746.4,755.2,753.6,755.81,1259535,951963141.15,31615.0,441723.0,35.07
LICHSGFIN,EQ,22-Jun-2017,772.75,773.0,777.95,766.0,771.9,770.05,771.81,804720,621088865.3,30128.0,392784.0,48.81
LICHSGFIN,EQ,21-Jun-2017,775.05,774.8,777.3,768.15,773.0,772.75,772.81,797527,616340762.85,31132.0,307083.0,38.5
LICHSGFIN,EQ,20-Jun-2017,773.75,777.0,794.0,770.2,775.0,775.05,782.08,1792933,1402216796.9,55633.0,701161.0,39.11
LICHSGFIN,EQ,19-Jun-2017,779.55,781.4,782.6,770.5,773.0,773.75,774.62,710867,550654050.35,13959.0,313269.0,44.07
LICHSGFIN,EQ,16-Jun-2017,776.6,779.9,784.85,773.9,777.55,779.55,780.98,2474575,1932589978.95,65260.0,1618183.0,65.39
LICHSGFIN,EQ,15-Jun-2017,773.3,772.15,780.2,768.75,777.1,776.6,775.47,1122314,870315660.55,28913.0,446777.0,39.81
LICHSGFIN,EQ,14-Jun-2017,781.2,783.0,783.0,768.35,772.15,773.3,773.68,1723048,1333095788.3,54439.0,936368.0,54.34
LICHSGFIN,EQ,13-Jun-2017,757.65,759.6,784.7,759.05,779.15,781.2,775.58,3548867,2752440314.9,79967.0,1551287.0,43.71
LICHSGFIN,EQ,12-Jun-2017,760.1,758.7,765.3,753.7,756.55,757.65,758.56,1983515,1504616547.9,80192.0,1172953.0,59.14
LICHSGFIN,EQ,09-Jun-2017,742.85,741.9,762.05,736.8,761.1,760.1,751.02,1415374,1062979768.15,62888.0,629750.0,44.49
LICHSGFIN,EQ,08-Jun-2017,739.2,745.0,749.9,740.3,742.0,742.85,744.22,986634,734276640.8,30985.0,550403.0,55.79
LICHSGFIN,EQ,07-Jun-2017,738.85,740.4,745.0,732.0,739.55,739.2,739.28,1398165,1033633622.65,37624.0,677222.0,48.44
LICHSGFIN,EQ,06-Jun-2017,738.5,740.0,741.5,732.5,739.0,738.85,737.12,957516,705806506.8,43289.0,512316.0,53.5
LICHSGFIN,EQ,05-Jun-2017,732.2,731.5,741.3,723.1,738.85,738.5,732.65,1689341,1237694631.25,72808.0,1013204.0,59.98
LICHSGFIN,EQ,02-Jun-2017,738.75,742.0,743.15,730.5,732.0,732.2,734.06,760194,558029176.7,36368.0,451381.0,59.38
LICHSGFIN,EQ,01-Jun-2017,734.1,733.9,740.85,732.0,739.0,738.75,736.96,2138407,1575914017.5,89775.0,1298264.0,60.71
LICHSGFIN,EQ,31-May-2017,711.85,715.0,738.7,713.25,731.65,734.1,729.15,3250001,2369743490.5,75625.0,1699937.0,52.31
LICHSGFIN,EQ,30-May-2017,703.4,698.55,714.2,695.65,713.0,711.85,707.74,907939,642584772.45,35041.0,426771.0,47.0
LICHSGFIN,EQ,29-May-2017,704.95,706.0,713.35,700.1,704.0,703.4,705.85,1008082,711551912.85,23415.0,461367.0,45.77
LICHSGFIN,EQ,26-May-2017,687.25,686.0,708.8,685.8,704.8,704.95,696.65,1656670,1154120116.45,45815.0,921786.0,55.64
LICHSGFIN,EQ,25-May-2017,673.15,673.4,691.9,671.05,685.95,687.25,684.9,2101524,1439339786.75,28009.0,1303268.0,62.02
LICHSGFIN,EQ,24-May-2017,670.5,670.95,676.55,667.85,672.95,673.15,671.37,1029672,691285988.6,34544.0,572219.0,55.57
LICHSGFIN,EQ,23-May-2017,676.25,676.35,678.95,662.95,670.95,670.5,670.59,1702103,1141411395.0,54303.0,907437.0,53.31
LICHSGFIN,EQ,22-May-2017,683.5,688.9,689.9,674.75,675.4,676.25,679.4,760868,516933289.75,37902.0,376150.0,49.44
LICHSGFIN,EQ,19-May-2017,675.15,677.05,690.8,675.0,684.0,683.5,682.24,2373251,1619122198.7,28903.0,1580336.0,66.59
LICHSGFIN,EQ,18-May-2017,690.35,683.5,687.8,671.7,673.5,675.15,677.03,1143626,774272601.65,36732.0,697750.0,61.01
LICHSGFIN,EQ,17-May-2017,694.8,696.0,696.0,687.2,690.0,690.35,691.17,1260327,871097958.4,41410.0,502627.0,39.88
LICHSGFIN,EQ,16-May-2017,684.5,686.0,698.35,682.3,697.35,694.8,690.25,862363,595244835.4,21296.0,307064.0,35.61
LICHSGFIN,EQ,15-May-2017,683.05,685.0,687.35,678.65,683.5,684.5,683.51,659643,450872242.5,19915.0,256997.0,38.96
LICHSGFIN,EQ,12-May-2017,690.15,691.0,698.45,677.0,682.0,683.05,686.73,847669,582123780.5,20403.0,233517.0,27.55
LICHSGFIN,EQ,11-May-2017,697.35,697.35,706.45,689.15,690.7,690.15,696.99,981371,684006462.7,23907.0,295804.0,30.14
LICHSGFIN,EQ,10-May-2017,682.75,682.9,698.5,682.9,695.7,697.35,690.54,1619719,1118476641.5,38255.0,572748.0,35.36
LICHSGFIN,EQ,09-May-2017,703.8,705.0,705.0,681.0,684.5,682.75,687.69,2591402,1782082313.05,64815.0,1523526.0,58.79
LICHSGFIN,EQ,08-May-2017,720.9,723.7,724.0,701.0,702.2,703.8,710.11,1404312,997222446.9,27845.0,833266.0,59.34
LICHSGFIN,EQ,05-May-2017,716.4,715.0,727.5,711.25,720.8,720.9,720.69,1441825,1039110368.9,32469.0,525623.0,36.46
LICHSGFIN,EQ,04-May-2017,707.55,704.95,718.0,704.05,716.5,716.4,712.85,1296627,924304389.15,48687.0,490824.0,37.85
LICHSGFIN,EQ,03-May-2017,705.45,703.25,714.8,700.1,705.0,707.55,707.91,2231766,1579885724.75,46998.0,1060676.0,47.53
LICHSGFIN,EQ,02-May-2017,668.9,668.85,711.45,665.1,704.8,705.45,695.03,3765671,2617269134.95,57933.0,861356.0,22.87
LICHSGFIN,EQ,28-Apr-2017,670.25,669.8,674.0,667.45,670.0,668.9,670.32,1171723,785424836.65,29957.0,682623.0,58.26
LICHSGFIN,EQ,27-Apr-2017,675.9,676.5,676.5,665.65,672.5,670.25,668.96,1442317,964857550.05,35159.0,620914.0,43.05
LICHSGFIN,EQ,26-Apr-2017,674.35,687.8,687.8,664.15,670.35,675.9,672.66,3040443,2045195264.35,43736.0,1241527.0,40.83
LICHSGFIN,EQ,25-Apr-2017,658.0,665.0,681.25,663.0,675.1,674.35,672.77,2401433,1615608595.0,47149.0,772327.0,32.16
LICHSGFIN,EQ,24-Apr-2017,643.7,643.5,660.2,640.25,660.2,658.0,650.32,1086616,706647147.6,26060.0,402942.0,37.08
LICHSGFIN,EQ,21-Apr-2017,642.4,644.0,646.8,637.85,642.45,643.7,642.18,818834,525836287.15,15622.0,323104.0,39.46
LICHSGFIN,EQ,20-Apr-2017,643.45,645.0,646.95,638.5,643.0,642.4,642.59,726760,467009204.75,12976.0,440971.0,60.68
LICHSGFIN,EQ,19-Apr-2017,642.95,642.95,645.5,632.95,643.1,643.45,640.6,696980,446482349.35,22630.0,298390.0,42.81
LICHSGFIN,EQ,18-Apr-2017,637.45,640.45,650.45,639.4,643.2,642.95,644.52,1841277,1186745734.65,32676.0,969200.0,52.64
LICHSGFIN,EQ,17-Apr-2017,632.25,632.0,640.8,628.25,637.3,637.45,633.6,651774,412966687.2,13625.0,234286.0,35.95
LICHSGFIN,EQ,13-Apr-2017,629.6,630.0,635.25,624.2,631.7,632.25,631.41,1107319,699177242.0,25930.0,392872.0,35.48
LICHSGFIN,EQ,12-Apr-2017,623.95,621.0,631.0,620.0,631.0,629.6,626.07,1566487,980734834.9,47136.0,824636.0,52.64
LICHSGFIN,EQ,11-Apr-2017,627.95,628.0,629.45,621.75,624.0,623.95,625.07,981845,613718236.0,56364.0,573854.0,58.45
LICHSGFIN,EQ,10-Apr-2017,625.25,626.0,633.55,624.15,629.45,627.95,628.65,947529,595662457.0,22769.0,483730.0,51.05
LICHSGFIN,EQ,07-Apr-2017,624.8,621.0,631.55,619.25,626.25,625.25,626.31,1022006,640089840.65,26848.0,593777.0,58.1
LICHSGFIN,EQ,06-Apr-2017,625.5,622.9,626.95,620.85,624.5,624.8,623.23,1063438,662763441.85,42906.0,590057.0,55.49
LICHSGFIN,EQ,05-Apr-2017,624.95,625.7,628.8,620.4,623.15,625.5,622.9,1661921,1035209861.7,53886.0,1160867.0,69.85
LICHSGFIN,EQ,03-Apr-2017,618.45,619.0,626.5,617.5,624.7,624.95,623.11,1054059,656789703.65,30433.0,618162.0,58.65
LICHSGFIN,EQ,31-Mar-2017,622.4,623.0,625.7,616.4,617.05,618.45,619.72,1120717,694530060.35,58655.0,687088.0,61.31
LICHSGFIN,EQ,30-Mar-2017,615.6,615.5,629.0,615.0,623.0,622.4,622.61,2173428,1353199257.2,63137.0,1147688.0,52.81
LICHSGFIN,EQ,29-Mar-2017,614.55,615.0,617.9,611.2,614.35,615.6,614.9,1191286,732522280.95,43358.0,628567.0,52.76
LICHSGFIN,EQ,28-Mar-2017,607.9,609.5,615.6,605.4,614.7,614.55,611.27,1558378,952585066.75,39663.0,778172.0,49.93
LICHSGFIN,EQ,27-Mar-2017,601.7,601.2,609.75,595.4,608.7,607.9,604.55,1584959,958187661.75,44558.0,750458.0,47.35
LICHSGFIN,EQ,24-Mar-2017,599.45,600.5,606.0,599.3,600.8,601.7,602.37,1599421,963449634.55,35919.0,869344.0,54.35
LICHSGFIN,EQ,23-Mar-2017,585.35,587.0,601.0,586.0,600.0,599.45,594.56,1729437,1028247445.75,34718.0,862849.0,49.89
LICHSGFIN,EQ,22-Mar-2017,589.25,584.0,588.4,578.9,586.0,585.35,583.89,1356376,791969761.1,28213.0,736788.0,54.32
LICHSGFIN,EQ,21-Mar-2017,590.7,591.6,593.1,582.2,588.0,589.25,587.3,1103048,647822830.0,29470.0,582472.0,52.81
LICHSGFIN,EQ,20-Mar-2017,585.4,588.4,592.5,581.45,590.85,590.7,588.37,893945,525966925.9,32417.0,453657.0,50.75
LICHSGFIN,EQ,17-Mar-2017,592.9,594.65,594.65,584.6,585.0,585.4,587.46,1832848,1076729625.05,42734.0,1370405.0,74.77
LICHSGFIN,EQ,16-Mar-2017,587.0,590.0,594.0,589.5,592.0,592.9,592.08,1954626,1157304488.1,55020.0,1420752.0,72.69
LICHSGFIN,EQ,15-Mar-2017,580.2,582.05,590.0,582.05,585.5,587.0,587.32,2598840,1526361735.9,65987.0,1290227.0,49.65
LICHSGFIN,EQ,14-Mar-2017,565.5,574.9,581.9,567.3,580.0,580.2,577.36,2442220,1410047479.55,67252.0,1124967.0,46.06
LICHSGFIN,EQ,10-Mar-2017,567.5,569.3,570.5,560.45,565.0,565.5,564.62,1348396,761331052.4,23565.0,680154.0,50.44
LICHSGFIN,EQ,09-Mar-2017,569.45,567.2,570.5,565.45,568.7,567.5,567.73,896713,509086583.55,19747.0,381339.0,42.53
LICHSGFIN,EQ,08-Mar-2017,568.9,570.3,579.0,565.1,567.0,569.45,571.35,3174652,1813823535.3,50837.0,1370043.0,43.16
LICHSGFIN,EQ,07-Mar-2017,566.5,568.5,573.0,564.45,569.1,568.9,568.74,1934760,1100365745.75,38849.0,829085.0,42.85
LICHSGFIN,EQ,06-Mar-2017,554.9,557.0,568.45,555.15,566.3,566.5,562.64,1608785,905159192.35,33498.0,960168.0,59.68
LICHSGFIN,EQ,03-Mar-2017,552.7,552.5,556.0,550.3,554.5,554.9,554.22,1265870,701572617.1,34362.0,724842.0,57.26
LICHSGFIN,EQ,02-Mar-2017,561.1,564.0,567.3,550.7,553.0,552.7,559.32,1384310,774275340.35,41056.0,658386.0,47.56
LICHSGFIN,EQ,01-Mar-2017,560.8,563.0,567.0,560.0,560.9,561.1,562.99,904161,509036172.4,26041.0,430981.0,47.67
LICHSGFIN,EQ,28-Feb-2017,565.55,568.0,568.45,559.55,560.2,560.8,563.56,1346522,758847215.85,44468.0,849805.0,63.11
LICHSGFIN,EQ,27-Feb-2017,565.7,568.0,569.2,564.15,565.6,565.55,566.74,1373054,778159025.2,20571.0,710437.0,51.74
LICHSGFIN,EQ,23-Feb-2017,559.5,562.3,568.95,562.2,566.0,565.7,565.84,5321498,3011094558.8,67362.0,2660350.0,49.99
LICHSGFIN,EQ,22-Feb-2017,557.05,558.5,563.0,554.6,559.05,559.5,559.08,1788013,999648797.3,53582.0,741346.0,41.46
LICHSGFIN,EQ,21-Feb-2017,559.25,559.0,562.4,552.55,556.0,557.05,556.38,1952689,1086441058.5,38797.0,910009.0,46.6
LICHSGFIN,EQ,20-Feb-2017,556.5,556.5,562.4,553.5,557.7,559.25,558.6,1055793,589760716.9,14759.0,256983.0,24.34
LICHSGFIN,EQ,17-Feb-2017,549.15,550.5,561.85,549.2,556.05,556.5,556.59,2476338,1378314554.1,44184.0,1102347.0,44.52
LICHSGFIN,EQ,16-Feb-2017,548.45,550.3,553.65,544.5,548.0,549.15,548.04,2131395,1168098702.3,29977.0,1292172.0,60.63
LICHSGFIN,EQ,15-Feb-2017,546.05,546.05,552.0,538.1,548.8,548.45,546.23,2578918,1408680004.25,31058.0,1133795.0,43.96
LICHSGFIN,EQ,14-Feb-2017,555.15,556.0,556.05,543.15,544.3,546.05,548.73,1700782,933277594.1,41399.0,831450.0,48.89
LICHSGFIN,EQ,13-Feb-2017,554.1,556.1,559.85,550.0,554.35,555.15,554.91,1240832,688552383.35,19750.0,446364.0,35.97
LICHSGFIN,EQ,10-Feb-2017,557.9,561.0,563.75,552.0,553.55,554.1,556.82,1421006,791238566.7,22482.0,535692.0,37.7
LICHSGFIN,EQ,09-Feb-2017,554.95,555.0,561.0,551.1,560.7,557.9,555.23,1082539,601061426.9,20069.0,333683.0,30.82
LICHSGFIN,EQ,08-Feb-2017,555.0,557.0,560.7,550.0,554.7,554.95,554.24,2388126,1323601628.35,34027.0,1161635.0,48.64
LICHSGFIN,EQ,07-Feb-2017,561.0,561.0,561.05,551.25,555.2,555.0,557.57,1721999,960138632.8,27641.0,901776.0,52.37
LICHSGFIN,EQ,06-Feb-2017,558.95,561.7,563.95,553.4,560.0,561.0,560.56,1668819,935469725.55,35635.0,863939.0,51.77
LICHSGFIN,EQ,03-Feb-2017,559.95,560.1,564.95,555.85,558.5,558.95,560.03,2225919,1246580854.15,35077.0,1231473.0,55.32
LICHSGFIN,EQ,02-Feb-2017,570.8,572.9,573.55,557.55,559.55,559.95,563.25,2658513,1497399067.7,45294.0,1204316.0,45.3
LICHSGFIN,EQ,01-Feb-2017,553.55,557.0,572.7,556.15,571.0,570.8,564.74,4237589,2393120145.95,71017.0,1396738.0,32.96
LICHSGFIN,EQ,31-Jan-2017,559.5,561.75,568.5,551.1,553.65,553.55,558.78,2512937,1404190964.45,56042.0,1066250.0,42.43
LICHSGFIN,EQ,30-Jan-2017,557.75,557.45,563.0,549.1,559.3,559.5,557.34,1459648,813515527.4,27369.0,357146.0,24.47
LICHSGFIN,EQ,27-Jan-2017,546.1,548.0,563.0,546.1,557.25,557.75,557.08,4817483,2683708334.5,80774.0,2739218.0,56.86
LICHSGFIN,EQ,25-Jan-2017,526.35,529.5,548.0,528.0,545.35,546.1,539.51,4476861,2415311250.9,74918.0,2376568.0,53.09
LICHSGFIN,EQ,24-Jan-2017,525.7,528.5,528.85,523.3,526.45,526.35,526.01,1297763,682640560.4,25901.0,573639.0,44.2
LICHSGFIN,EQ,23-Jan-2017,517.1,516.0,526.55,513.05,526.2,525.7,521.3,2079475,1084036986.8,38128.0,791847.0,38.08
LICHSGFIN,EQ,20-Jan-2017,525.95,526.0,530.55,515.0,516.0,517.1,522.8,2526444,1320812368.0,40633.0,1177648.0,46.61
LICHSGFIN,EQ,19-Jan-2017,529.55,531.7,532.5,525.0,525.1,525.95,526.88,2728068,1437363940.95,32189.0,1744404.0,63.94
LICHSGFIN,EQ,18-Jan-2017,531.9,531.9,538.0,527.3,529.5,529.55,532.41,2775143,1477503890.6,41508.0,1240910.0,44.72
LICHSGFIN,EQ,17-Jan-2017,541.05,545.35,548.6,529.05,531.35,531.9,539.91,6961054,3758368070.7,94853.0,3073160.0,44.15
LICHSGFIN,EQ,16-Jan-2017,530.55,531.15,543.8,530.65,541.95,541.05,537.77,6422541,3453829541.0,103111.0,1307428.0,20.36
LICHSGFIN,EQ,13-Jan-2017,525.6,528.95,534.2,522.0,529.9,530.55,528.94,3315463,1753680356.7,54683.0,1450178.0,43.74
LICHSGFIN,EQ,12-Jan-2017,532.85,535.35,537.0,523.3,525.05,525.6,528.7,4378207,2314766596.8,77880.0,2742655.0,62.64
LICHSGFIN,EQ,11-Jan-2017,521.55,524.2,533.85,523.05,533.0,532.85,527.42,4172550,2200699120.35,54725.0,2593617.0,62.16
LICHSGFIN,EQ,10-Jan-2017,524.4,525.9,527.1,518.6,522.0,521.55,521.59,2355798,1228759501.95,39809.0,1274256.0,54.09
LICHSGFIN,EQ,09-Jan-2017,524.6,526.0,530.75,522.95,523.5,524.4,526.75,1934745,1019117787.75,37165.0,946007.0,48.9
LICHSGFIN,EQ,06-Jan-2017,523.1,524.5,530.7,522.05,525.0,524.6,526.27,1736549,913896556.2,30776.0,710253.0,40.9
LICHSGFIN,EQ,05-Jan-2017,516.95,519.05,525.8,516.8,522.15,523.1,522.0,2396011,1250725624.75,52126.0,842777.0,35.17
LICHSGFIN,EQ,04-Jan-2017,531.3,535.0,535.0,515.85,516.15,516.95,521.43,4106970,2141494186.95,73726.0,2309939.0,56.24
LICHSGFIN,EQ,03-Jan-2017,530.1,525.0,533.9,518.5,530.9,531.3,527.35,5211185,2748122836.5,87498.0,1966874.0,37.74
LICHSGFIN,EQ,02-Jan-2017,559.7,560.2,562.05,526.1,529.55,530.1,532.96,5617319,2993806969.45,78762.0,1905871.0,33.93
LICHSGFIN,EQ,30-Dec-2016,556.6,559.75,565.95,556.8,557.0,559.7,561.98,892551,501591729.85,23720.0,296816.0,33.25
LICHSGFIN,EQ,28-Dec-2018,478.2,481.0,490.4,478.5,489.15,488.75,485.73,1444038,701408963.8,23652.0,461706.0,31.97
LICHSGFIN,EQ,27-Dec-2018,486.45,490.2,492.0,476.95,479.0,478.2,483.14,1902919,919378363.05,26467.0,723233.0,38.01
LICHSGFIN,EQ,26-Dec-2018,472.15,470.0,488.35,465.2,486.5,486.45,475.99,1661893,791045334.45,27186.0,532488.0,32.04
LICHSGFIN,EQ,24-Dec-2018,470.55,468.0,477.5,467.35,472.65,472.15,472.24,1073614,507006437.25,17754.0,265875.0,24.76
LICHSGFIN,EQ,21-Dec-2018,489.05,488.95,496.2,469.0,469.55,470.55,479.43,1816837,871053493.35,37858.0,666753.0,36.7
LICHSGFIN,EQ,20-Dec-2018,485.65,483.25,496.9,480.3,487.95,489.05,490.12,2180296,1068616543.05,47534.0,385950.0,17.7
LICHSGFIN,EQ,19-Dec-2018,464.65,468.7,487.0,467.05,485.7,485.65,481.1,3550238,1708029666.85,77985.0,1315147.0,37.04
LICHSGFIN,EQ,18-Dec-2018,462.1,460.2,466.55,458.75,464.75,464.65,463.3,862373,399536482.1,13340.0,126891.0,14.71
LICHSGFIN,EQ,17-Dec-2018,462.7,460.2,464.25,455.0,463.0,462.1,459.39,838108,385020129.4,19971.0,152963.0,18.25
LICHSGFIN,EQ,14-Dec-2018,461.65,460.0,465.95,457.1,460.3,462.7,461.91,853636,394300450.35,27645.0,204599.0,23.97
LICHSGFIN,EQ,13-Dec-2018,448.8,449.9,466.8,448.0,462.5,461.65,461.71,2085369,962842826.55,35603.0,712733.0,34.18
LICHSGFIN,EQ,12-Dec-2018,436.1,437.2,451.7,437.2,448.8,448.8,446.09,1042682,465126795.95,18546.0,201622.0,19.34
LICHSGFIN,EQ,11-Dec-2018,419.85,413.0,440.7,407.7,437.3,436.1,432.11,1816047,784735713.55,30621.0,287299.0,15.82
LICHSGFIN,EQ,10-Dec-2018,439.15,430.0,431.15,417.95,420.0,419.85,422.89,1501101,634803916.85,28922.0,543908.0,36.23
LICHSGFIN,EQ,07-Dec-2018,435.85,437.8,440.75,429.95,438.55,439.15,436.09,795344,346837590.7,15127.0,106199.0,13.35
LICHSGFIN,EQ,06-Dec-2018,433.8,431.85,446.7,427.2,434.75,435.85,439.58,2036939,895404253.5,46648.0,407556.0,20.01
LICHSGFIN,EQ,05-Dec-2018,443.8,440.0,446.6,428.5,437.2,433.8,437.78,3786499,1657653094.85,42703.0,2068327.0,54.62
LICHSGFIN,EQ,04-Dec-2018,446.3,447.0,451.4,437.95,444.65,443.8,443.67,2772963,1230287169.25,30459.0,898396.0,32.4
LICHSGFIN,EQ,03-Dec-2018,466.35,468.0,468.95,444.6,447.0,446.3,453.39,2672790,1211811911.85,40517.0,1276980.0,47.78
LICHSGFIN,EQ,30-Nov-2018,470.45,473.2,475.4,461.6,466.1,466.35,467.5,1699401,794464897.0,39039.0,672011.0,39.54
LICHSGFIN,EQ,29-Nov-2018,465.3,469.95,476.3,463.8,472.0,470.45,469.98,2672516,1256040248.65,47583.0,1040907.0,38.95
LICHSGFIN,EQ,28-Nov-2018,461.1,462.3,466.9,457.2,466.0,465.3,464.28,1669696,775207369.9,52847.0,1001263.0,59.97
LICHSGFIN,EQ,27-Nov-2018,460.2,456.7,462.85,449.65,461.0,461.1,457.03,1224230,559511360.15,26755.0,393848.0,32.17
LICHSGFIN,EQ,26-Nov-2018,456.2,457.2,465.65,453.8,457.0,460.2,459.67,1540263,708019260.65,28795.0,656898.0,42.65
LICHSGFIN,EQ,22-Nov-2018,468.15,468.1,469.25,455.0,455.55,456.2,460.36,799822,368202934.95,21473.0,194566.0,24.33
LICHSGFIN,EQ,21-Nov-2018,458.45,458.2,472.6,458.2,469.0,468.15,468.03,3274983,1532777633.15,44996.0,1790535.0,54.67
LICHSGFIN,EQ,20-Nov-2018,457.75,454.6,466.5,452.3,455.0,458.45,461.29,1870588,862885172.6,29569.0,644827.0,34.47
LICHSGFIN,EQ,19-Nov-2018,453.35,455.25,460.9,451.25,457.6,457.75,456.3,1412377,644471636.85,23557.0,580251.0,41.08
LICHSGFIN,EQ,16-Nov-2018,466.0,468.9,468.9,448.3,454.5,453.35,457.58,1475949,675367343.0,35802.0,435132.0,29.48
LICHSGFIN,EQ,15-Nov-2018,453.7,454.95,469.0,444.15,467.0,466.0,457.29,1824111,834153905.75,33571.0,469301.0,25.73
LICHSGFIN,EQ,14-Nov-2018,437.75,440.0,459.6,440.0,454.0,453.7,452.0,2103075,950596849.35,35916.0,670308.0,31.87
LICHSGFIN,EQ,13-Nov-2018,430.55,430.1,439.0,429.0,438.9,437.75,434.82,872960,379576418.85,26159.0,280475.0,32.13
LICHSGFIN,EQ,12-Nov-2018,436.25,436.75,443.45,429.6,431.5,430.55,437.28,1009156,441284213.65,21388.0,374423.0,37.1
LICHSGFIN,EQ,09-Nov-2018,429.9,429.0,441.45,428.5,435.9,436.25,436.01,1256703,547931698.9,37055.0,401556.0,31.95
LICHSGFIN,EQ,07-Nov-2018,426.75,431.45,431.45,428.0,429.9,429.9,429.64,139459,59916702.5,2947.0,61358.0,44.0
LICHSGFIN,EQ,06-Nov-2018,420.85,425.0,433.75,423.1,425.05,426.75,428.29,1490314,638291236.2,40558.0,569693.0,38.23
LICHSGFIN,EQ,05-Nov-2018,430.55,428.8,429.5,416.5,420.6,420.85,421.67,1463741,617221322.95,35623.0,542365.0,37.05
LICHSGFIN,EQ,02-Nov-2018,420.95,424.0,436.5,424.0,429.5,430.55,432.11,2470803,1067652439.1,61632.0,930466.0,37.66
LICHSGFIN,EQ,01-Nov-2018,411.1,414.0,423.65,411.25,421.7,420.95,418.32,2204646,922257393.75,58068.0,824935.0,37.42
LICHSGFIN,EQ,31-Oct-2018,405.9,409.15,412.65,393.3,410.2,411.1,403.18,4472130,1803062097.75,99606.0,1755785.0,39.26
LICHSGFIN,EQ,30-Oct-2018,417.1,426.95,426.95,403.9,407.7,405.9,411.76,5363885,2208632175.6,63212.0,1652443.0,30.81
LICHSGFIN,EQ,29-Oct-2018,405.5,405.5,420.95,398.05,415.85,417.1,408.77,3525279,1441017746.8,48159.0,1976114.0,56.06
LICHSGFIN,EQ,26-Oct-2018,409.6,406.7,408.0,400.1,404.4,405.5,404.38,3580882,1448030441.65,29540.0,2236803.0,62.47
LICHSGFIN,EQ,25-Oct-2018,411.85,408.55,411.85,401.5,409.6,409.6,406.77,3951714,1607430389.85,39651.0,2397965.0,60.68
LICHSGFIN,EQ,24-Oct-2018,415.8,421.7,426.9,405.0,411.65,411.85,413.09,2642992,1091797413.65,61883.0,1414199.0,53.51
LICHSGFIN,EQ,23-Oct-2018,418.8,414.0,421.45,409.4,417.95,415.8,415.22,1949509,809476625.3,53508.0,984089.0,50.48
LICHSGFIN,EQ,22-Oct-2018,423.35,426.0,429.0,414.75,417.05,418.8,420.24,1405093,590477958.4,26005.0,406073.0,28.9
LICHSGFIN,EQ,19-Oct-2018,434.05,430.8,437.05,416.0,423.3,423.35,425.71,2353049,1001715277.15,54478.0,833587.0,35.43
LICHSGFIN,EQ,17-Oct-2018,444.65,453.9,454.05,428.7,434.0,434.05,437.59,2665320,1166318362.6,49432.0,1100378.0,41.29
LICHSGFIN,EQ,16-Oct-2018,447.15,447.2,451.3,439.1,444.7,444.65,444.53,1677491,745693877.75,31221.0,573294.0,34.18
LICHSGFIN,EQ,15-Oct-2018,431.25,432.9,449.3,430.35,444.05,447.15,442.26,1973878,872962774.3,52420.0,695884.0,35.25
LICHSGFIN,EQ,12-Oct-2018,410.75,421.0,434.85,416.7,431.8,431.25,429.7,2213641,951211633.7,55228.0,961430.0,43.43
LICHSGFIN,EQ,11-Oct-2018,428.65,417.8,418.95,407.25,409.9,410.75,412.59,2991688,1234337062.45,54110.0,1407693.0,47.05
LICHSGFIN,EQ,10-Oct-2018,402.95,405.95,437.0,404.05,429.95,428.65,417.07,5832525,2432594719.25,60766.0,3042684.0,52.17
LICHSGFIN,EQ,09-Oct-2018,398.7,401.1,415.0,397.15,403.0,402.95,406.32,3748428,1523046295.65,71937.0,1713070.0,45.7
LICHSGFIN,EQ,08-Oct-2018,398.75,395.55,406.75,392.4,397.55,398.7,398.67,2828982,1127837834.25,56406.0,1636066.0,57.83
LICHSGFIN,EQ,05-Oct-2018,411.4,407.5,412.0,387.6,390.0,398.75,404.43,2561728,1036030278.5,50873.0,1555880.0,60.74
LICHSGFIN,EQ,04-Oct-2018,412.05,405.85,417.5,403.95,411.2,411.4,410.85,2273298,933988150.25,35746.0,1323060.0,58.2
LICHSGFIN,EQ,03-Oct-2018,417.2,414.0,422.95,409.0,411.45,412.05,415.59,1700257,706605880.05,32641.0,504688.0,29.68
LICHSGFIN,EQ,01-Oct-2018,417.4,416.0,423.0,406.0,414.8,417.2,413.94,3228345,1336339046.05,49778.0,1434254.0,44.43
LICHSGFIN,EQ,28-Sep-2018,420.9,422.05,430.0,410.7,416.65,417.4,416.08,5342435,2222885061.35,47094.0,3762065.0,70.42
LICHSGFIN,EQ,27-Sep-2018,433.0,432.7,432.7,416.0,422.9,420.9,423.58,4213036,1784546600.75,54631.0,2608008.0,61.9
LICHSGFIN,EQ,26-Sep-2018,436.45,440.5,444.0,429.6,431.5,433.0,436.13,1752049,764116303.75,27868.0,665636.0,37.99
LICHSGFIN,EQ,25-Sep-2018,426.5,421.0,441.4,416.85,436.6,436.45,428.79,4420721,1895580687.9,110077.0,1498624.0,33.9
LICHSGFIN,EQ,24-Sep-2018,440.05,447.0,448.85,415.5,425.05,426.5,424.15,3185576,1351166232.2,70053.0,1329115.0,41.72
LICHSGFIN,EQ,21-Sep-2018,461.55,461.0,466.55,395.1,434.25,440.05,436.81,6931318,3027681473.2,131619.0,3005581.0,43.36
LICHSGFIN,EQ,19-Sep-2018,466.6,466.6,469.9,460.1,460.8,461.55,464.37,2171006,1008141207.35,35522.0,1100497.0,50.69
LICHSGFIN,EQ,18-Sep-2018,476.45,478.0,480.15,465.0,468.0,466.6,471.28,1579270,744275717.85,32693.0,947274.0,59.98
LICHSGFIN,EQ,17-Sep-2018,479.45,478.45,482.0,472.9,475.5,476.45,477.67,765966,365877958.95,13386.0,234413.0,30.6
LICHSGFIN,EQ,14-Sep-2018,477.0,481.0,483.7,474.9,480.0,479.45,478.73,2655444,1271235499.85,46533.0,1775821.0,66.87
LICHSGFIN,EQ,12-Sep-2018,472.75,471.0,479.8,463.0,477.15,477.0,472.41,3341234,1578444448.5,51005.0,1644061.0,49.21
LICHSGFIN,EQ,11-Sep-2018,484.4,486.0,486.5,471.15,471.9,472.75,478.06,3674500,1756637533.35,79072.0,2235903.0,60.85
LICHSGFIN,EQ,10-Sep-2018,500.7,495.0,501.15,482.3,483.1,484.4,490.72,2895462,1420872595.75,46217.0,1394763.0,48.17
LICHSGFIN,EQ,07-Sep-2018,498.55,497.7,502.0,494.3,501.15,500.7,498.57,1562959,779251289.05,38572.0,788907.0,50.48
LICHSGFIN,EQ,06-Sep-2018,502.05,504.7,505.45,496.0,496.6,498.55,498.87,2035137,1015275608.2,44339.0,1160498.0,57.02
LICHSGFIN,EQ,05-Sep-2018,503.25,498.5,506.1,493.25,504.85,502.05,498.35,2842217,1416432659.7,87398.0,1132934.0,39.86
LICHSGFIN,EQ,04-Sep-2018,519.95,520.5,521.9,499.0,503.7,503.25,506.69,2608280,1321588488.85,54389.0,1046379.0,40.12
LICHSGFIN,EQ,03-Sep-2018,520.9,523.55,525.25,518.5,519.0,519.95,523.05,1393062,728637938.7,20496.0,552930.0,39.69
LICHSGFIN,EQ,31-Aug-2018,525.75,527.0,531.0,518.2,520.0,520.9,522.23,2257380,1178872131.15,36914.0,1258370.0,55.74
LICHSGFIN,EQ,30-Aug-2018,520.35,522.0,528.0,518.0,526.5,525.75,524.71,4296122,2254196974.55,45119.0,1843280.0,42.91
LICHSGFIN,EQ,29-Aug-2018,520.15,519.5,526.75,519.05,520.15,520.35,522.8,2679893,1401059133.2,40386.0,1364904.0,50.93
LICHSGFIN,EQ,28-Aug-2018,529.25,531.6,533.8,518.0,519.3,520.15,522.3,4558468,2380877446.35,75062.0,1506576.0,33.05
LICHSGFIN,EQ,27-Aug-2018,573.15,550.0,550.0,526.05,527.95,529.25,532.6,10002519,5327366960.7,152500.0,2351602.0,23.51
LICHSGFIN,EQ,24-Aug-2018,574.8,576.0,583.8,566.15,570.85,573.15,577.4,3926143,2266973508.25,81028.0,1612123.0,41.06
LICHSGFIN,EQ,23-Aug-2018,563.55,566.95,575.9,564.2,575.4,574.8,571.88,2635114,1506959321.7,67549.0,1163435.0,44.15
LICHSGFIN,EQ,21-Aug-2018,553.7,552.0,571.9,552.0,563.6,563.55,565.24,2352583,1329763580.8,39396.0,813408.0,34.58
LICHSGFIN,EQ,20-Aug-2018,557.8,560.0,561.0,552.5,553.0,553.7,555.62,704323,391336065.6,12310.0,203381.0,28.88
LICHSGFIN,EQ,17-Aug-2018,551.1,553.9,559.4,551.5,558.3,557.8,556.68,1267807,705757124.25,20477.0,710918.0,56.07
LICHSGFIN,EQ,16-Aug-2018,547.15,544.1,560.6,541.5,552.0,551.1,553.99,1725933,956144591.05,26938.0,736693.0,42.68
LICHSGFIN,EQ,14-Aug-2018,547.5,549.0,552.95,543.4,545.35,547.15,548.52,1021011,560043578.25,16170.0,233820.0,22.9
LICHSGFIN,EQ,13-Aug-2018,548.35,542.0,553.6,540.0,548.5,547.5,547.76,875359,479485168.15,13692.0,289775.0,33.1
LICHSGFIN,EQ,10-Aug-2018,558.15,557.95,560.95,545.4,548.4,548.35,550.4,820546,451632176.6,27981.0,313876.0,38.25
LICHSGFIN,EQ,09-Aug-2018,558.55,553.95,560.2,548.0,559.5,558.15,553.71,838774,464436556.7,17856.0,237195.0,28.28
LICHSGFIN,EQ,08-Aug-2018,564.05,565.9,566.9,555.5,557.55,558.55,559.53,805643,450785410.35,14179.0,192359.0,23.88
LICHSGFIN,EQ,07-Aug-2018,552.6,561.0,567.6,553.1,563.25,564.05,561.11,3589249,2013948938.45,64639.0,1008069.0,28.09
LICHSGFIN,EQ,06-Aug-2018,540.0,542.7,562.0,542.55,559.0,552.6,552.7,3648708,2016622761.1,73370.0,1450182.0,39.75
LICHSGFIN,EQ,03-Aug-2018,529.5,530.0,542.55,530.0,540.75,540.0,538.13,1806123,971920199.75,33463.0,963641.0,53.35
LICHSGFIN,EQ,02-Aug-2018,520.55,518.0,536.1,515.95,527.0,529.5,529.25,1135166,600781030.65,31267.0,313291.0,27.6
LICHSGFIN,EQ,01-Aug-2018,529.05,529.05,529.8,516.0,518.15,520.55,521.5,968215,504926366.9,29687.0,399943.0,41.31
LICHSGFIN,EQ,31-Jul-2018,532.35,530.55,535.75,526.0,526.95,529.05,530.0,1408792,746665310.2,25798.0,890676.0,63.22
LICHSGFIN,EQ,30-Jul-2018,536.65,537.3,540.0,528.2,532.0,532.35,533.88,1008659,538502212.0,20626.0,405399.0,40.19
LICHSGFIN,EQ,27-Jul-2018,524.85,528.4,538.0,527.7,538.0,536.65,534.84,802727,429327707.4,16205.0,302373.0,37.67
LICHSGFIN,EQ,26-Jul-2018,525.7,528.0,533.4,522.6,527.1,524.85,526.7,2651197,1396394977.05,31637.0,1122479.0,42.34
LICHSGFIN,EQ,25-Jul-2018,537.55,539.95,540.0,523.5,525.5,525.7,530.66,983411,521852957.1,19682.0,343725.0,34.95
LICHSGFIN,EQ,24-Jul-2018,521.4,524.0,539.85,520.6,538.0,537.55,530.81,2128104,1129626527.05,40208.0,486244.0,22.85
LICHSGFIN,EQ,23-Jul-2018,518.05,519.9,525.9,516.0,520.05,521.4,520.6,1237209,644096101.8,33186.0,509906.0,41.21
LICHSGFIN,EQ,20-Jul-2018,515.15,515.15,520.9,507.55,517.0,518.05,513.72,1238684,636332429.9,25793.0,370355.0,29.9
LICHSGFIN,EQ,19-Jul-2018,516.75,517.7,522.6,510.3,514.5,515.15,516.58,1258382,650054734.4,29076.0,397352.0,31.58
LICHSGFIN,EQ,18-Jul-2018,518.55,520.0,526.45,512.6,515.05,516.75,519.61,2908550,1511313046.2,57172.0,928599.0,31.93
LICHSGFIN,EQ,17-Jul-2018,489.5,490.1,523.6,486.0,516.05,518.55,512.42,3581752,1835360516.85,56024.0,1202840.0,33.58
LICHSGFIN,EQ,16-Jul-2018,500.95,498.55,500.5,486.55,488.8,489.5,491.91,1230696,605395893.4,20884.0,438535.0,35.63
LICHSGFIN,EQ,13-Jul-2018,498.1,500.0,506.0,492.5,500.7,500.95,498.42,1071128,533876060.65,21322.0,392395.0,36.63
LICHSGFIN,EQ,12-Jul-2018,495.2,498.0,509.5,496.15,498.75,498.1,502.66,2111307,1061273419.1,32162.0,942791.0,44.65
LICHSGFIN,EQ,11-Jul-2018,496.15,495.4,499.25,490.45,493.95,495.2,494.61,1601481,792108470.05,30147.0,831532.0,51.92
LICHSGFIN,EQ,10-Jul-2018,480.7,481.05,497.45,481.05,496.0,496.15,490.47,2089366,1024775177.15,38803.0,1116627.0,53.44
LICHSGFIN,EQ,09-Jul-2018,484.15,487.0,491.9,478.6,481.5,480.7,483.77,1211691,586183533.35,33465.0,573194.0,47.31
LICHSGFIN,EQ,06-Jul-2018,475.6,472.5,491.0,472.0,482.65,484.15,485.33,2293030,1112884162.6,50079.0,1203146.0,52.47
LICHSGFIN,EQ,05-Jul-2018,463.0,464.0,476.8,463.2,475.85,475.6,472.99,1246641,589645163.05,25579.0,527530.0,42.32
LICHSGFIN,EQ,04-Jul-2018,472.55,473.0,476.15,455.4,463.2,463.0,462.33,2076460,960000170.0,49757.0,983791.0,47.38
LICHSGFIN,EQ,03-Jul-2018,470.3,469.5,474.8,458.6,472.6,472.55,466.26,1739412,811015644.75,38421.0,767725.0,44.14
LICHSGFIN,EQ,02-Jul-2018,468.65,469.0,473.4,464.1,469.5,470.3,468.12,1191965,557985968.3,24269.0,571520.0,47.95
LICHSGFIN,EQ,29-Jun-2018,470.3,471.0,475.9,464.4,468.2,468.65,469.88,1560038,733038243.8,33658.0,772978.0,49.55
LICHSGFIN,EQ,28-Jun-2018,475.9,475.6,475.9,465.0,468.5,470.3,470.67,2484569,1169419836.5,43627.0,1640993.0,66.05
LICHSGFIN,EQ,27-Jun-2018,478.8,480.8,481.65,473.05,475.9,475.9,476.13,3613368,1720437147.4,41442.0,2513877.0,69.57
LICHSGFIN,EQ,26-Jun-2018,490.25,488.6,492.5,477.5,479.75,478.8,484.78,1861887,902610372.95,51026.0,1100518.0,59.11
LICHSGFIN,EQ,25-Jun-2018,497.4,496.5,500.45,488.6,489.6,490.25,495.16,1106252,547770733.35,37890.0,540786.0,48.88
LICHSGFIN,EQ,22-Jun-2018,502.35,502.0,502.0,493.2,497.5,497.4,497.62,1582167,787324426.9,31156.0,677978.0,42.85
LICHSGFIN,EQ,21-Jun-2018,495.85,495.0,509.8,494.95,502.5,502.35,504.09,1935213,975530951.55,47614.0,609794.0,31.51
LICHSGFIN,EQ,20-Jun-2018,490.3,490.1,499.1,485.9,497.65,495.85,492.28,1405044,691668159.95,38741.0,380580.0,27.09
LICHSGFIN,EQ,19-Jun-2018,500.65,501.0,501.0,487.3,488.35,490.3,492.8,1058495,521631366.8,36796.0,549677.0,51.93
LICHSGFIN,EQ,18-Jun-2018,495.75,496.0,504.4,494.0,500.1,500.65,501.17,891423,446750933.3,25125.0,292514.0,32.81
LICHSGFIN,EQ,15-Jun-2018,495.2,494.9,498.5,487.55,494.6,495.75,494.85,1359617,672812986.15,33130.0,752840.0,55.37
LICHSGFIN,EQ,14-Jun-2018,497.0,495.9,496.5,488.7,495.95,495.2,492.68,803113,395676942.3,20474.0,340053.0,42.34
LICHSGFIN,EQ,13-Jun-2018,500.8,505.75,507.0,495.85,496.5,497.0,501.56,1360063,682157604.3,36423.0,477639.0,35.12
LICHSGFIN,EQ,12-Jun-2018,498.75,498.5,505.75,497.35,501.35,500.8,501.46,1230764,617174974.8,34038.0,626776.0,50.93
LICHSGFIN,EQ,11-Jun-2018,496.95,501.5,503.9,494.4,497.0,498.75,499.18,1599411,798394109.2,29642.0,890850.0,55.7
LICHSGFIN,EQ,08-Jun-2018,493.3,490.9,500.1,490.0,498.95,496.95,494.86,1962761,971297670.45,32154.0,1305369.0,66.51
LICHSGFIN,EQ,07-Jun-2018,486.3,487.25,494.8,487.25,493.9,493.3,492.28,1593988,784683953.65,44826.0,963608.0,60.45
LICHSGFIN,EQ,06-Jun-2018,478.4,480.0,491.3,478.0,487.5,486.3,484.74,1992331,965766261.1,43565.0,826785.0,41.5
LICHSGFIN,EQ,05-Jun-2018,474.1,474.1,479.6,472.2,477.9,478.4,476.18,1217342,579675974.65,40959.0,541242.0,44.46
LICHSGFIN,EQ,04-Jun-2018,476.1,479.45,481.45,471.5,476.8,474.1,475.23,1998456,949728055.25,37040.0,1173605.0,58.73
LICHSGFIN,EQ,01-Jun-2018,475.15,477.0,484.0,474.0,475.2,476.1,477.9,1261552,602894227.85,30610.0,538583.0,42.69
LICHSGFIN,EQ,31-May-2018,476.25,479.1,479.55,473.4,475.2,475.15,475.45,3476577,1652937448.35,47853.0,2426168.0,69.79
LICHSGFIN,EQ,30-May-2018,487.65,485.05,485.15,475.0,477.4,476.25,476.4,3817967,1818876441.15,48292.0,2780023.0,72.81
LICHSGFIN,EQ,29-May-2018,502.0,498.05,501.55,485.85,487.95,487.65,492.38,2173171,1070030592.8,69482.0,770144.0,35.44
LICHSGFIN,EQ,28-May-2018,482.9,486.95,505.0,485.0,502.1,502.0,497.75,1632553,812607432.1,48349.0,489145.0,29.96
LICHSGFIN,EQ,25-May-2018,471.0,472.4,484.95,470.45,482.8,482.9,479.24,1245119,596710780.5,33769.0,492196.0,39.53
LICHSGFIN,EQ,24-May-2018,475.05,475.55,477.5,463.05,473.0,471.0,469.01,1321969,620012223.95,29112.0,381756.0,28.88
LICHSGFIN,EQ,23-May-2018,481.25,480.3,483.8,474.35,476.15,475.05,479.06,1315437,630169863.45,25893.0,644061.0,48.96
LICHSGFIN,EQ,22-May-2018,474.6,474.6,485.6,473.0,481.3,481.25,480.76,913898,439368020.8,34947.0,394584.0,43.18
LICHSGFIN,EQ,21-May-2018,481.4,480.0,484.8,472.4,475.3,474.6,478.14,1237218,591560930.15,24451.0,326480.0,26.39
LICHSGFIN,EQ,18-May-2018,492.85,493.2,494.4,477.1,483.0,481.4,485.57,1370139,665295518.8,26166.0,723352.0,52.79
LICHSGFIN,EQ,17-May-2018,497.5,498.9,498.9,491.0,491.7,492.85,494.01,833140,411576193.4,20359.0,336661.0,40.41
LICHSGFIN,EQ,16-May-2018,501.3,498.9,503.5,490.05,497.25,497.5,496.49,1076919,534676045.05,34788.0,427095.0,39.66
LICHSGFIN,EQ,15-May-2018,500.35,502.4,507.0,497.8,500.7,501.3,502.17,1109314,557064737.6,18292.0,559308.0,50.42
LICHSGFIN,EQ,14-May-2018,500.55,502.75,507.4,498.8,500.0,500.35,502.46,1251335,628744858.05,26236.0,641987.0,51.3
LICHSGFIN,EQ,11-May-2018,498.75,500.0,503.6,495.0,499.25,500.55,500.12,1385305,692812769.85,23099.0,816849.0,58.97
LICHSGFIN,EQ,10-May-2018,507.2,507.1,509.7,496.4,498.3,498.75,501.42,1227268,615372661.5,34946.0,658346.0,53.64
LICHSGFIN,EQ,09-May-2018,511.65,511.1,512.25,506.3,507.0,507.2,508.6,1130480,574963516.25,27350.0,715187.0,63.26
LICHSGFIN,EQ,08-May-2018,516.05,518.9,518.9,509.3,510.65,511.65,513.82,1385151,711711774.65,43386.0,835110.0,60.29
LICHSGFIN,EQ,07-May-2018,517.75,518.6,521.8,512.9,516.9,516.05,515.5,1030677,531312811.05,21790.0,573576.0,55.65
LICHSGFIN,EQ,04-May-2018,521.85,522.0,528.95,515.2,517.0,517.75,520.84,1370432,713781663.85,43242.0,796404.0,58.11
LICHSGFIN,EQ,03-May-2018,537.65,536.5,539.9,520.15,521.15,521.85,526.72,1287839,678326245.85,42327.0,589118.0,45.74
LICHSGFIN,EQ,02-May-2018,546.8,548.5,551.75,534.5,537.65,537.65,540.42,1410505,762271833.95,23263.0,802070.0,56.86
LICHSGFIN,EQ,30-Apr-2018,542.35,545.5,550.0,544.05,547.6,546.8,546.65,794363,434239068.1,18318.0,380839.0,47.94
LICHSGFIN,EQ,27-Apr-2018,545.15,548.0,554.7,539.95,540.55,542.35,547.26,1539582,842554609.95,34078.0,938638.0,60.97
LICHSGFIN,EQ,26-Apr-2018,546.9,546.0,550.55,542.8,548.0,545.15,547.85,4710571,2580677498.85,41494.0,3609861.0,76.63
LICHSGFIN,EQ,25-Apr-2018,544.25,542.7,556.9,540.45,543.8,546.9,549.23,2305567,1266277662.7,34332.0,708687.0,30.74
LICHSGFIN,EQ,24-Apr-2018,550.45,540.0,552.55,540.0,543.8,544.25,544.63,3044439,1658097650.4,52947.0,1385927.0,45.52
LICHSGFIN,EQ,23-Apr-2018,540.85,540.0,556.0,536.1,551.0,550.45,547.07,2136054,1168575287.7,36263.0,868067.0,40.64
LICHSGFIN,EQ,20-Apr-2018,553.95,550.0,550.15,536.1,540.8,540.85,540.84,2155299,1165679444.3,40587.0,1192422.0,55.33
LICHSGFIN,EQ,19-Apr-2018,559.25,560.6,562.8,551.4,553.05,553.95,557.14,1079946,601685270.7,18467.0,561084.0,51.95
LICHSGFIN,EQ,18-Apr-2018,562.25,565.2,565.2,556.5,559.15,559.25,559.53,1221905,683690878.2,25075.0,655927.0,53.68
LICHSGFIN,EQ,17-Apr-2018,560.35,560.45,571.4,555.05,562.25,562.25,563.35,1322824,745212181.95,23497.0,510689.0,38.61
LICHSGFIN,EQ,16-Apr-2018,556.3,554.95,565.95,551.85,559.35,560.35,561.24,1739773,976434440.25,22921.0,791429.0,45.49
LICHSGFIN,EQ,13-Apr-2018,548.45,548.0,557.9,547.4,557.6,556.3,552.72,1190063,657767468.2,45395.0,422141.0,35.47
LICHSGFIN,EQ,12-Apr-2018,559.1,557.7,558.9,546.3,548.4,548.45,549.97,852592,468903007.85,23751.0,341694.0,40.08
LICHSGFIN,EQ,11-Apr-2018,560.65,558.5,564.7,550.1,556.35,559.1,555.74,927791,515606157.4,19061.0,355570.0,38.32
LICHSGFIN,EQ,10-Apr-2018,562.4,563.6,570.0,553.65,561.25,560.65,561.0,976061,547570787.5,30389.0,378926.0,38.82
LICHSGFIN,EQ,09-Apr-2018,563.25,562.8,570.8,561.6,562.0,562.4,566.46,1258697,712995769.65,25165.0,514851.0,40.9
LICHSGFIN,EQ,06-Apr-2018,563.35,562.0,568.4,554.4,562.8,563.25,560.87,1305396,732151792.0,23803.0,349152.0,26.75
LICHSGFIN,EQ,05-Apr-2018,535.2,548.0,565.55,542.0,563.9,563.35,555.62,1377978,765635729.15,20867.0,445613.0,32.34
LICHSGFIN,EQ,04-Apr-2018,554.1,556.25,556.8,532.6,535.05,535.2,545.74,1241827,677717910.8,25462.0,337016.0,27.14
LICHSGFIN,EQ,03-Apr-2018,539.35,540.0,555.4,539.2,554.7,554.1,548.73,1587504,871109066.85,27514.0,585078.0,36.86
LICHSGFIN,EQ,02-Apr-2018,534.4,537.0,542.45,532.8,540.0,539.35,537.33,1375646,739170056.2,43264.0,679007.0,49.36
LICHSGFIN,EQ,28-Mar-2018,552.1,549.85,549.85,532.15,536.9,534.4,539.82,1611989,870187309.0,43183.0,665614.0,41.29
LICHSGFIN,EQ,27-Mar-2018,544.1,547.95,565.7,547.2,549.7,552.1,558.27,5221376,2914922843.4,90690.0,2937163.0,56.25
LICHSGFIN,EQ,26-Mar-2018,519.85,521.0,545.9,520.65,545.9,544.1,536.72,3262085,1750826443.8,56786.0,1534946.0,47.05
LICHSGFIN,EQ,23-Mar-2018,525.25,515.25,523.8,513.9,521.0,519.85,518.74,2001610,1038311831.45,35957.0,1206946.0,60.3
LICHSGFIN,EQ,22-Mar-2018,521.55,521.9,526.6,520.65,525.25,525.25,523.88,1507385,789685353.05,31425.0,925058.0,61.37
LICHSGFIN,EQ,21-Mar-2018,518.05,524.35,527.5,517.65,519.45,521.55,522.8,2120541,1108612634.85,61995.0,1375095.0,64.85
LICHSGFIN,EQ,20-Mar-2018,511.25,509.25,522.7,508.45,517.95,518.05,517.89,1338772,693335674.6,29105.0,438094.0,32.72
LICHSGFIN,EQ,19-Mar-2018,513.45,515.7,517.9,504.35,511.0,511.25,509.9,1273623,649420450.8,20789.0,508884.0,39.96
LICHSGFIN,EQ,16-Mar-2018,523.2,521.0,524.7,511.9,514.4,513.45,516.22,1455054,751131895.45,25365.0,777100.0,53.41
LICHSGFIN,EQ,15-Mar-2018,518.0,518.95,527.95,516.2,521.0,523.2,523.4,2143101,1121694170.8,34726.0,929259.0,43.36
LICHSGFIN,EQ,14-Mar-2018,513.05,508.5,520.5,507.6,518.0,518.0,515.72,1641822,846725797.35,27462.0,536038.0,32.65
LICHSGFIN,EQ,13-Mar-2018,492.55,491.9,514.55,490.15,513.1,513.05,506.28,2631177,1332110365.45,51898.0,1215658.0,46.2
LICHSGFIN,EQ,12-Mar-2018,483.3,489.75,494.0,483.3,492.1,492.55,488.96,2756313,1347726665.7,44495.0,2079977.0,75.46
LICHSGFIN,EQ,09-Mar-2018,484.1,486.0,491.95,481.0,484.1,483.3,487.49,2270801,1106997004.55,54294.0,1318007.0,58.04
LICHSGFIN,EQ,08-Mar-2018,490.95,496.0,496.0,476.6,485.0,484.1,482.88,2364852,1141929626.7,47115.0,1099986.0,46.51
LICHSGFIN,EQ,07-Mar-2018,513.05,514.9,514.9,485.25,489.05,490.95,495.37,2626015,1300851493.45,39149.0,1152029.0,43.87
LICHSGFIN,EQ,06-Mar-2018,514.85,518.85,524.0,510.65,511.0,513.05,519.21,1993052,1034812883.55,32936.0,992488.0,49.8
LICHSGFIN,EQ,05-Mar-2018,507.05,505.0,516.4,503.5,515.0,514.85,511.3,1665413,851533132.5,30235.0,883205.0,53.03
LICHSGFIN,EQ,01-Mar-2018,507.8,505.0,513.0,505.0,506.5,507.05,509.35,1153910,587744419.35,26143.0,443836.0,38.46
LICHSGFIN,EQ,28-Feb-2018,509.5,506.5,513.0,503.2,507.0,507.8,508.3,1426568,725124389.65,40687.0,872937.0,61.19
LICHSGFIN,EQ,27-Feb-2018,515.9,516.3,523.65,508.05,509.85,509.5,514.56,1728539,889437322.9,37582.0,1082655.0,62.63
LICHSGFIN,EQ,26-Feb-2018,517.65,520.0,520.2,513.1,516.15,515.9,516.36,1393235,719416440.8,19958.0,870416.0,62.47
LICHSGFIN,EQ,23-Feb-2018,506.6,509.0,519.2,508.0,517.85,517.65,513.51,1184937,608479726.65,34011.0,660681.0,55.76
LICHSGFIN,EQ,22-Feb-2018,511.55,513.0,514.7,505.0,506.4,506.6,509.64,1391610,709224187.25,31718.0,607925.0,43.69
LICHSGFIN,EQ,21-Feb-2018,512.85,517.8,517.8,506.25,511.0,511.55,510.77,1172281,598760222.65,21443.0,557959.0,47.6
LICHSGFIN,EQ,20-Feb-2018,515.05,515.5,517.95,509.65,512.85,512.85,514.44,1060306,545464111.0,18738.0,445475.0,42.01
LICHSGFIN,EQ,19-Feb-2018,521.4,521.5,523.1,511.05,514.7,515.05,515.11,852034,438892935.3,14600.0,290806.0,34.13
LICHSGFIN,EQ,16-Feb-2018,528.5,531.0,532.4,517.85,522.6,521.4,524.8,1400275,734857441.6,22460.0,734901.0,52.48
LICHSGFIN,EQ,15-Feb-2018,525.05,528.0,536.6,525.0,527.4,528.5,530.73,1466887,778527296.75,26031.0,602185.0,41.05
LICHSGFIN,EQ,14-Feb-2018,521.5,527.0,529.95,520.05,524.0,525.05,526.12,1692968,890706589.4,37299.0,841784.0,49.72
LICHSGFIN,EQ,12-Feb-2018,511.85,518.75,524.5,512.35,522.2,521.5,519.42,1574905,818036694.5,28862.0,490897.0,31.17
LICHSGFIN,EQ,09-Feb-2018,514.45,505.0,515.85,505.0,512.0,511.85,510.85,2114572,1080230474.7,28250.0,1159765.0,54.85
LICHSGFIN,EQ,08-Feb-2018,502.75,503.5,516.95,503.5,513.1,514.45,513.37,1708087,876889153.65,26012.0,751545.0,44.0
LICHSGFIN,EQ,07-Feb-2018,500.9,509.0,512.0,500.25,502.0,502.75,505.08,1658274,837566603.15,24769.0,682322.0,41.15
LICHSGFIN,EQ,06-Feb-2018,516.4,497.5,508.5,482.0,500.25,500.9,499.4,3663381,1829510012.3,56051.0,2032323.0,55.48
LICHSGFIN,EQ,05-Feb-2018,511.9,505.0,519.0,495.05,516.8,516.4,510.62,1861979,950761194.75,53720.0,728912.0,39.15
LICHSGFIN,EQ,02-Feb-2018,531.85,527.0,527.9,504.5,511.95,511.9,517.48,3580691,1852938132.7,48559.0,1927308.0,53.83
LICHSGFIN,EQ,01-Feb-2018,534.95,537.65,544.8,527.15,529.7,531.85,538.67,2716764,1463450962.45,52920.0,1126290.0,41.46
LICHSGFIN,EQ,31-Jan-2018,537.6,537.0,540.1,529.2,535.0,534.95,533.56,2992832,1596855217.3,42490.0,1947262.0,65.06
LICHSGFIN,EQ,30-Jan-2018,547.8,551.0,551.0,536.0,537.0,537.6,539.96,2143886,1157612041.9,35389.0,1248234.0,58.22
LICHSGFIN,EQ,29-Jan-2018,555.85,556.25,563.3,546.4,549.45,547.8,553.99,2737937,1516776223.55,64421.0,1123532.0,41.04
LICHSGFIN,EQ,25-Jan-2018,570.05,571.5,572.2,554.0,558.8,555.85,562.12,1414268,794985222.35,27416.0,661935.0,46.8
LICHSGFIN,EQ,24-Jan-2018,573.5,573.0,577.35,567.0,568.05,570.05,570.58,874920,499209906.6,19953.0,292369.0,33.42
LICHSGFIN,EQ,23-Jan-2018,575.05,578.0,581.95,570.1,572.95,573.5,575.96,2237016,1288435164.65,49617.0,794633.0,35.52
LICHSGFIN,EQ,22-Jan-2018,562.0,561.7,576.3,560.1,576.0,575.05,570.5,1974033,1126191231.95,40082.0,906864.0,45.94
LICHSGFIN,EQ,19-Jan-2018,551.85,552.2,563.5,551.2,562.05,562.0,558.22,1239016,691648223.25,34030.0,500890.0,40.43
LICHSGFIN,EQ,18-Jan-2018,558.1,560.9,563.0,545.0,551.9,551.85,554.88,1201369,666618302.75,19364.0,412930.0,34.37
LICHSGFIN,EQ,17-Jan-2018,553.7,553.7,559.65,542.15,557.8,558.1,552.89,1311018,724848996.7,25250.0,454136.0,34.64
LICHSGFIN,EQ,16-Jan-2018,568.65,569.0,570.8,552.6,553.95,553.7,558.58,1324693,739941726.75,24185.0,589688.0,44.52
LICHSGFIN,EQ,15-Jan-2018,567.3,569.0,571.65,564.95,568.15,568.65,568.96,1259074,716358792.1,12856.0,491221.0,39.01
LICHSGFIN,EQ,12-Jan-2018,568.8,571.5,574.25,560.5,565.45,567.3,568.59,1285529,730944039.4,32189.0,461011.0,35.86
LICHSGFIN,EQ,11-Jan-2018,575.2,574.95,574.95,565.5,568.65,568.8,569.14,2789635,1587693928.5,38640.0,1641137.0,58.83
LICHSGFIN,EQ,10-Jan-2018,578.05,577.5,581.4,571.05,573.75,575.2,575.11,1381286,794396088.15,31065.0,583010.0,42.21
LICHSGFIN,EQ,09-Jan-2018,583.9,585.95,588.15,575.55,577.3,578.05,581.35,2274334,1322180448.0,40009.0,984747.0,43.3
LICHSGFIN,EQ,08-Jan-2018,571.25,575.4,586.0,572.25,583.65,583.9,580.02,3167043,1836952885.6,44622.0,1810181.0,57.16
LICHSGFIN,EQ,05-Jan-2018,567.6,568.2,574.7,568.2,570.55,571.25,571.01,1746240,997117523.45,46885.0,863112.0,49.43
LICHSGFIN,EQ,04-Jan-2018,566.85,567.35,569.4,561.6,568.0,567.6,566.32,880901,498875811.55,18005.0,364001.0,41.32
LICHSGFIN,EQ,03-Jan-2018,562.75,563.35,569.45,563.1,566.8,566.85,566.58,928381,526003645.3,22152.0,243339.0,26.21
LICHSGFIN,EQ,02-Jan-2018,565.7,567.65,569.9,559.6,561.4,562.75,563.45,969245,546121937.1,18163.0,302286.0,31.19
LICHSGFIN,EQ,01-Jan-2018,563.5,565.5,573.5,564.25,565.95,565.7,569.64,919832,523976330.0,17555.0,250533.0,27.24
LICHSGFIN,EQ,27-Dec-2019,425.95,426.65,444.35,426.65,441.35,441.6,439.68,4746316,2086878188.2,49654.0,890501.0,18.76
LICHSGFIN,EQ,26-Dec-2019,423.75,422.0,428.65,421.0,426.3,425.95,425.5,2009874,855193545.1,20957.0,348376.0,17.33
LICHSGFIN,EQ,24-Dec-2019,428.2,428.35,430.0,422.15,423.2,423.75,424.49,2498444,1060564577.5,36877.0,508199.0,20.34
LICHSGFIN,EQ,23-Dec-2019,440.0,440.0,444.05,424.8,427.7,428.2,431.08,3573045,1540279816.45,43518.0,727283.0,20.35
LICHSGFIN,EQ,20-Dec-2019,436.9,438.9,447.5,437.8,440.0,440.0,442.29,2768504,1224494159.65,31913.0,1164696.0,42.07
LICHSGFIN,EQ,19-Dec-2019,442.25,441.0,441.0,434.05,437.8,436.9,436.75,1419211,619842309.85,19224.0,363764.0,25.63
LICHSGFIN,EQ,18-Dec-2019,443.1,443.1,449.75,437.55,441.9,442.25,441.8,3691867,1631078896.6,68989.0,1482123.0,40.15
LICHSGFIN,EQ,17-Dec-2019,430.45,431.0,445.9,427.65,443.1,443.1,438.45,3911838,1715154331.8,57848.0,864050.0,22.09
LICHSGFIN,EQ,16-Dec-2019,439.0,439.8,440.45,426.85,429.5,430.45,430.35,2439333,1049755912.95,50974.0,627632.0,25.73
LICHSGFIN,EQ,13-Dec-2019,434.35,436.1,442.6,435.5,438.3,439.0,439.47,2536431,1114686577.05,39551.0,911130.0,35.92
LICHSGFIN,EQ,12-Dec-2019,437.85,440.9,440.95,429.0,434.15,434.35,433.49,2249849,975278445.8,33197.0,482378.0,21.44
LICHSGFIN,EQ,11-Dec-2019,425.0,427.25,439.75,427.2,438.0,437.85,434.15,3170452,1376450994.95,42480.0,456296.0,14.39
LICHSGFIN,EQ,10-Dec-2019,433.4,433.2,434.9,423.0,425.0,425.0,428.36,1681872,720438312.6,21158.0,437604.0,26.02
LICHSGFIN,EQ,09-Dec-2019,426.1,426.9,436.5,424.05,431.4,433.4,431.09,2412449,1039973029.65,32082.0,504107.0,20.90
LICHSGFIN,EQ,06-Dec-2019,451.35,450.1,450.95,423.85,424.8,426.1,435.38,2937595,1278983145.05,51932.0,725888.0,24.71
LICHSGFIN,EQ,05-Dec-2019,453.95,451.0,459.85,446.2,449.55,451.35,453.97,1948782,884682846.65,28418.0,256580.0,13.17
LICHSGFIN,EQ,04-Dec-2019,447.35,443.05,456.0,441.55,453.0,453.95,450.5,1841615,829646514.05,28666.0,286060.0,15.53
LICHSGFIN,EQ,03-Dec-2019,468.3,466.0,469.0,442.1,448.7,447.35,451.51,2594632,1171498424.2,36768.0,730303.0,28.15
LICHSGFIN,EQ,02-Dec-2019,464.1,463.0,474.5,455.4,468.4,468.3,466.02,2921026,1361258934.9,34544.0,792168.0,27.12
LICHSGFIN,EQ,29-Nov-2019,467.7,465.9,482.8,462.15,462.6,464.1,467.9,4468754,2090926198.35,50762.0,1239078.0,27.73
LICHSGFIN,EQ,28-Nov-2019,443.95,444.95,470.4,442.5,468.85,467.7,457.47,5619481,2570733066.55,89716.0,1700853.0,30.27
LICHSGFIN,EQ,27-Nov-2019,435.9,436.0,447.45,432.75,443.0,443.95,441.98,3177275,1404302343.6,47131.0,1123973.0,35.38
LICHSGFIN,EQ,26-Nov-2019,440.75,442.9,446.0,430.15,435.75,435.9,437.38,3029323,1324952380.4,37544.0,1172880.0,38.72
LICHSGFIN,EQ,25-Nov-2019,419.7,421.45,443.0,418.05,442.0,440.75,430.71,4288162,1846949424.65,47012.0,1415542.0,33.01
LICHSGFIN,EQ,22-Nov-2019,412.75,412.8,422.35,412.8,421.8,419.7,416.91,1761519,734387065.15,21963.0,601563.0,34.15
LICHSGFIN,EQ,21-Nov-2019,417.85,417.6,422.25,412.0,412.4,412.75,416.1,1518878,632004891.5,25389.0,535947.0,35.29
LICHSGFIN,EQ,20-Nov-2019,422.2,422.9,425.9,415.65,417.55,417.85,420.66,1985846,835362715.7,28335.0,830159.0,41.80
LICHSGFIN,EQ,19-Nov-2019,421.2,422.6,430.9,418.5,422.2,422.2,424.63,2760600,1172222243.4,36495.0,653787.0,23.68
LICHSGFIN,EQ,18-Nov-2019,415.3,417.0,423.15,411.1,422.4,421.2,417.91,1869308,781198606.0,26096.0,498415.0,26.66
LICHSGFIN,EQ,15-Nov-2019,420.3,421.3,423.7,414.3,415.45,415.3,418.67,1902529,796537193.15,28287.0,757107.0,39.79
LICHSGFIN,EQ,14-Nov-2019,419.95,420.5,423.4,412.1,420.35,420.3,418.12,2263450,946385424.2,49315.0,596534.0,26.36
LICHSGFIN,EQ,13-Nov-2019,441.35,440.0,443.85,417.45,419.5,419.95,429.67,2349598,1009551131.7,39356.0,870506.0,37.05
LICHSGFIN,EQ,11-Nov-2019,439.55,437.55,444.8,436.3,439.75,441.35,441.12,1495940,659886517.4,25348.0,440857.0,29.47
LICHSGFIN,EQ,08-Nov-2019,437.8,436.85,445.4,432.0,439.0,439.55,440.46,3398900,1497091169.05,47336.0,1082108.0,31.84
LICHSGFIN,EQ,07-Nov-2019,425.7,440.0,454.5,435.05,437.6,437.8,444.07,8391974,3726599789.8,136444.0,2689073.0,32.04
LICHSGFIN,EQ,06-Nov-2019,419.85,421.4,430.0,419.85,424.45,425.7,425.42,1946934,828273962.3,29710.0,456973.0,23.47
LICHSGFIN,EQ,05-Nov-2019,420.9,422.0,426.4,415.15,419.0,419.85,419.88,3009767,1263736854.0,92433.0,1573187.0,52.27
LICHSGFIN,EQ,04-Nov-2019,427.2,429.8,429.8,413.45,419.95,420.9,420.38,2378852,1000015462.3,31618.0,622607.0,26.17
LICHSGFIN,EQ,01-Nov-2019,412.4,415.0,432.6,414.05,427.05,427.2,423.89,4527693,1919227556.95,53044.0,1636062.0,36.13
LICHSGFIN,EQ,31-Oct-2019,402.25,405.0,416.05,405.0,415.0,412.4,410.08,3896001,1597655732.1,46661.0,1319287.0,33.86
LICHSGFIN,EQ,30-Oct-2019,397.85,400.05,407.35,393.15,402.3,402.25,401.72,3088070,1240528847.65,47936.0,889320.0,28.80
LICHSGFIN,EQ,29-Oct-2019,376.05,377.8,402.6,376.05,397.95,397.85,392.52,4486653,1761102611.0,60811.0,1331017.0,29.67
LICHSGFIN,EQ,27-Oct-2019,374.4,378.4,378.4,374.85,375.7,376.05,376.24,276616,104074215.35,5161.0,149773.0,54.14
LICHSGFIN,EQ,25-Oct-2019,370.1,372.1,378.4,371.25,374.0,374.4,374.83,2595807,972989324.6,31224.0,665684.0,25.64
LICHSGFIN,EQ,24-Oct-2019,374.85,377.0,379.0,366.1,370.15,370.1,371.59,2020937,750968130.2,45036.0,773057.0,38.25
LICHSGFIN,EQ,23-Oct-2019,373.2,373.05,376.35,369.5,374.95,374.85,374.03,2038797,762566065.0,45384.0,612506.0,30.04
LICHSGFIN,EQ,22-Oct-2019,385.0,383.95,391.85,371.85,373.05,373.2,377.51,5449058,2057056718.95,60196.0,1217153.0,22.34
LICHSGFIN,EQ,18-Oct-2019,381.7,383.0,392.0,376.9,385.0,385.0,386.18,2473591,955252722.35,37977.0,574795.0,23.24
LICHSGFIN,EQ,17-Oct-2019,371.4,373.7,382.95,369.45,381.7,381.7,375.93,2587160,972595630.7,34658.0,431368.0,16.67
LICHSGFIN,EQ,16-Oct-2019,363.8,365.0,373.85,362.9,371.0,371.4,369.94,2126297,786610748.85,32961.0,380500.0,17.89
LICHSGFIN,EQ,15-Oct-2019,361.9,361.7,367.6,353.85,364.6,363.8,362.0,3431562,1242240610.15,41577.0,564186.0,16.44
LICHSGFIN,EQ,14-Oct-2019,370.3,372.6,372.6,360.6,361.1,361.9,364.61,2964158,1080775079.2,37541.0,1001869.0,33.80
LICHSGFIN,EQ,11-Oct-2019,369.35,371.65,378.2,366.35,370.0,370.3,370.91,1687027,625731667.5,22113.0,214697.0,12.73
LICHSGFIN,EQ,10-Oct-2019,378.0,380.0,381.3,367.3,369.25,369.35,372.33,1692700,630240315.6,21128.0,258332.0,15.26
LICHSGFIN,EQ,09-Oct-2019,372.35,372.5,380.4,362.6,380.0,378.0,372.27,2575117,958647620.4,36227.0,375807.0,14.59
LICHSGFIN,EQ,07-Oct-2019,372.6,371.55,375.6,365.2,372.2,372.35,371.89,1343539,499648364.3,20599.0,235226.0,17.51
LICHSGFIN,EQ,04-Oct-2019,380.2,382.6,385.85,370.55,371.5,372.6,378.47,2162197,818333387.25,39126.0,491871.0,22.75
LICHSGFIN,EQ,03-Oct-2019,377.4,375.0,390.35,372.75,379.6,380.2,382.15,2579275,985664311.0,46841.0,569715.0,22.09
LICHSGFIN,EQ,01-Oct-2019,376.65,380.0,387.25,368.0,377.15,377.4,379.6,3255645,1235844925.8,53515.0,809529.0,24.87
LICHSGFIN,EQ,30-Sep-2019,394.15,396.6,396.6,370.0,376.2,376.65,378.73,3361894,1273240840.3,52792.0,1304354.0,38.80
LICHSGFIN,EQ,27-Sep-2019,393.4,395.85,402.0,391.85,394.4,394.15,397.53,2300890,914672807.85,39736.0,690447.0,30.01
LICHSGFIN,EQ,26-Sep-2019,394.15,395.25,400.45,391.05,393.25,393.4,395.22,2721440,1075573191.75,48754.0,1088771.0,40.01
LICHSGFIN,EQ,25-Sep-2019,419.1,417.4,417.4,391.6,393.0,394.15,400.43,3727489,1492593281.0,66662.0,1446855.0,38.82
LICHSGFIN,EQ,24-Sep-2019,429.7,428.0,428.55,414.4,418.05,419.1,421.58,1997626,842161453.05,37687.0,668232.0,33.45
LICHSGFIN,EQ,23-Sep-2019,417.25,420.75,437.65,418.6,429.75,429.7,428.53,4032372,1727993082.65,85341.0,1658926.0,41.14
LICHSGFIN,EQ,20-Sep-2019,380.7,383.8,419.35,379.7,417.25,417.25,404.66,5716810,2313343415.85,98235.0,2215616.0,38.76
LICHSGFIN,EQ,19-Sep-2019,390.0,390.0,390.85,376.2,379.1,380.7,381.8,3635203,1387910765.35,71809.0,1229859.0,33.83
LICHSGFIN,EQ,18-Sep-2019,392.05,393.0,395.35,385.75,390.5,390.0,390.13,2538747,990434908.95,44527.0,474685.0,18.70
LICHSGFIN,EQ,17-Sep-2019,401.4,402.25,405.0,390.25,391.5,392.05,398.19,2768532,1102408616.0,61466.0,1241227.0,44.83
LICHSGFIN,EQ,16-Sep-2019,403.3,401.9,408.45,399.3,401.15,401.4,403.57,2349703,948271855.8,42317.0,664458.0,28.28
LICHSGFIN,EQ,13-Sep-2019,406.2,408.5,408.5,394.5,402.9,403.3,399.3,2945756,1176238099.45,51553.0,531664.0,18.05
LICHSGFIN,EQ,12-Sep-2019,402.65,406.9,412.3,404.15,405.95,406.2,409.16,3150755,1289173760.2,48572.0,605589.0,19.22
LICHSGFIN,EQ,11-Sep-2019,399.15,398.0,406.0,397.8,401.8,402.65,403.06,2075182,836430458.6,43423.0,617242.0,29.74
LICHSGFIN,EQ,09-Sep-2019,398.95,397.0,402.15,392.5,398.3,399.15,397.68,2830713,1125708114.45,38507.0,631554.0,22.31
LICHSGFIN,EQ,06-Sep-2019,394.85,396.6,402.25,396.05,399.0,398.95,399.19,2716127,1084245687.4,35618.0,623642.0,22.96
LICHSGFIN,EQ,05-Sep-2019,410.45,407.0,407.65,389.0,394.05,394.85,394.52,8096551,3194254898.75,135567.0,2134295.0,26.36
LICHSGFIN,EQ,04-Sep-2019,411.25,408.25,412.55,404.1,410.5,410.45,408.45,2600953,1062352465.6,58381.0,882882.0,33.94
LICHSGFIN,EQ,03-Sep-2019,425.4,421.8,421.8,408.8,410.9,411.25,413.73,2943447,1217787407.65,70680.0,1206505.0,40.99
LICHSGFIN,EQ,30-Aug-2019,414.45,416.9,428.0,414.5,426.35,425.4,420.58,2937833,1235601481.25,110810.0,1286890.0,43.80
LICHSGFIN,EQ,29-Aug-2019,417.8,415.0,418.4,405.6,415.0,414.45,412.16,2787055,1148719743.8,63223.0,1083759.0,38.89
LICHSGFIN,EQ,28-Aug-2019,427.6,424.55,428.3,410.3,418.05,417.8,420.84,2728994,1148457509.6,65421.0,1148108.0,42.07
LICHSGFIN,EQ,27-Aug-2019,431.35,430.6,438.0,423.4,425.95,427.6,430.75,3874210,1668832292.55,82190.0,1733393.0,44.74
LICHSGFIN,EQ,26-Aug-2019,424.85,437.0,437.95,417.1,429.45,431.35,427.1,3421625,1461378219.15,48287.0,629367.0,18.39
LICHSGFIN,EQ,23-Aug-2019,414.0,414.05,429.4,396.0,423.75,424.85,417.37,7612779,3177313868.7,120275.0,1874741.0,24.63
LICHSGFIN,EQ,22-Aug-2019,463.4,437.0,439.05,406.2,416.25,414.0,428.02,32190046,13777901672.45,221967.0,10375947.0,32.23
LICHSGFIN,EQ,21-Aug-2019,471.2,471.2,476.8,457.3,458.5,463.4,467.78,1971105,922033749.8,31639.0,792726.0,40.22
LICHSGFIN,EQ,20-Aug-2019,478.45,478.5,481.75,466.8,472.35,471.2,473.68,1401089,663674031.7,34116.0,436970.0,31.19
LICHSGFIN,EQ,19-Aug-2019,480.3,485.0,488.85,476.65,478.05,478.45,484.35,866887,419877874.9,22335.0,219410.0,25.31
LICHSGFIN,EQ,16-Aug-2019,488.95,481.0,485.95,473.5,480.75,480.3,480.78,1499189,720780132.6,38518.0,623825.0,41.61
LICHSGFIN,EQ,14-Aug-2019,484.65,487.8,496.4,486.2,488.25,488.95,491.91,1372055,674928255.45,30920.0,513969.0,37.46
LICHSGFIN,EQ,13-Aug-2019,500.0,503.1,503.95,481.0,482.05,484.65,493.37,1139273,562085561.9,28140.0,270436.0,23.74
LICHSGFIN,EQ,09-Aug-2019,488.75,488.05,509.0,488.05,500.95,500.0,501.79,1585834,795756506.7,23613.0,290509.0,18.32
LICHSGFIN,EQ,08-Aug-2019,493.1,494.05,497.6,476.8,489.0,488.75,485.97,1683413,818088058.35,35947.0,284524.0,16.90
LICHSGFIN,EQ,07-Aug-2019,484.15,487.0,509.9,483.5,491.6,493.1,495.74,3176030,1574487750.45,49504.0,868636.0,27.35
LICHSGFIN,EQ,06-Aug-2019,495.85,490.55,495.6,482.0,483.0,484.15,486.65,4216334,2051876013.85,65960.0,1704911.0,40.44
LICHSGFIN,EQ,05-Aug-2019,501.15,494.5,501.0,485.75,496.4,495.85,495.34,2506985,1241814705.7,54091.0,924230.0,36.87
LICHSGFIN,EQ,02-Aug-2019,508.4,504.8,513.95,486.1,502.85,501.15,498.79,3419438,1705571393.5,72007.0,640745.0,18.74
LICHSGFIN,EQ,01-Aug-2019,518.4,516.65,518.55,501.2,510.0,508.4,507.36,1955897,992339966.85,40110.0,880110.0,45.00
LICHSGFIN,EQ,31-Jul-2019,513.95,512.0,521.55,501.5,517.3,518.4,512.22,2169131,1111071650.5,50241.0,806326.0,37.17
LICHSGFIN,EQ,30-Jul-2019,515.9,514.8,526.2,511.0,513.0,513.95,520.06,1463096,760897918.25,26659.0,532004.0,36.36
LICHSGFIN,EQ,29-Jul-2019,523.4,522.4,525.0,512.5,515.6,515.9,516.31,962833,497118153.5,18660.0,239402.0,24.86
LICHSGFIN,EQ,26-Jul-2019,525.15,525.0,528.9,518.45,523.0,523.4,523.59,1271764,665877568.2,26008.0,337489.0,26.54
LICHSGFIN,EQ,25-Jul-2019,519.75,520.0,527.5,519.2,526.0,525.15,523.96,1266237,663457170.05,32736.0,531060.0,41.94
LICHSGFIN,EQ,24-Jul-2019,520.5,520.6,523.4,510.45,517.5,519.75,516.84,1383445,715026240.2,25441.0,262736.0,18.99
LICHSGFIN,EQ,23-Jul-2019,512.45,512.45,523.8,508.25,520.9,520.5,515.27,1794021,924409402.55,47021.0,626190.0,34.90
LICHSGFIN,EQ,22-Jul-2019,522.9,520.5,523.3,507.25,512.4,512.45,513.39,2544612,1306390460.8,33435.0,1108018.0,43.54
LICHSGFIN,EQ,19-Jul-2019,533.95,534.8,536.25,520.7,522.9,522.9,527.47,2124260,1120489637.25,40101.0,739094.0,34.79
LICHSGFIN,EQ,18-Jul-2019,550.1,550.0,550.0,532.0,532.15,533.95,537.85,1412175,759540018.7,48826.0,592920.0,41.99
LICHSGFIN,EQ,17-Jul-2019,555.65,552.9,556.5,546.0,549.95,550.1,550.63,1194180,657549597.7,31663.0,347854.0,29.13
LICHSGFIN,EQ,16-Jul-2019,538.3,538.15,560.0,531.8,554.5,555.65,545.75,1811470,988606258.8,30781.0,622019.0,34.34
LICHSGFIN,EQ,15-Jul-2019,536.35,538.0,541.15,531.3,540.85,538.3,536.6,1079131,579065869.1,27591.0,265155.0,24.57
LICHSGFIN,EQ,12-Jul-2019,539.3,541.0,544.6,533.2,535.45,536.35,538.15,1317491,709011069.85,35396.0,325713.0,24.72
LICHSGFIN,EQ,11-Jul-2019,541.45,548.0,555.95,532.6,538.3,539.3,545.87,4343666,2371088182.25,82853.0,1831683.0,42.17
LICHSGFIN,EQ,10-Jul-2019,571.7,573.15,574.15,537.0,542.8,541.45,551.81,2763155,1524743168.6,36910.0,925235.0,33.48
LICHSGFIN,EQ,09-Jul-2019,550.55,550.0,577.0,546.8,575.0,571.7,563.57,2421372,1364600593.55,46808.0,962753.0,39.76
LICHSGFIN,EQ,08-Jul-2019,566.6,565.5,568.7,544.05,553.0,550.55,558.92,1380089,771362640.85,32087.0,298368.0,21.62
LICHSGFIN,EQ,05-Jul-2019,568.75,569.1,587.0,564.05,566.35,566.6,577.69,4537205,2621081481.35,74977.0,929867.0,20.49
LICHSGFIN,EQ,04-Jul-2019,568.5,568.6,572.6,566.4,568.3,568.75,569.71,1008095,574326418.35,25165.0,370014.0,36.70
LICHSGFIN,EQ,03-Jul-2019,568.35,568.35,571.2,565.0,566.95,568.5,567.75,1011670,574374968.25,30697.0,378725.0,37.44
LICHSGFIN,EQ,02-Jul-2019,565.25,567.95,573.1,561.25,569.0,568.35,567.24,1632417,925969130.75,31024.0,491143.0,30.09
LICHSGFIN,EQ,01-Jul-2019,555.25,560.0,566.85,556.2,565.0,565.25,563.25,1083892,610504882.35,44455.0,414604.0,38.25
LICHSGFIN,EQ,28-Jun-2019,564.95,565.75,567.95,553.45,559.0,555.25,560.84,1252261,702319211.4,29137.0,487666.0,38.94
LICHSGFIN,EQ,27-Jun-2019,556.9,559.35,568.85,556.5,562.9,564.95,563.2,1925871,1084642195.2,42878.0,740461.0,38.45
LICHSGFIN,EQ,26-Jun-2019,550.15,549.95,560.0,543.4,558.7,556.9,554.3,853780,473250997.45,14706.0,294053.0,34.44
LICHSGFIN,EQ,25-Jun-2019,546.05,548.1,555.4,546.05,551.0,550.15,550.95,1861393,1025538530.65,47005.0,613719.0,32.97
LICHSGFIN,EQ,24-Jun-2019,536.7,537.0,547.85,536.45,546.05,546.05,543.53,918341,499150257.1,22506.0,188754.0,20.55
LICHSGFIN,EQ,21-Jun-2019,539.85,539.0,541.85,529.2,536.5,536.7,535.71,2317072,1241289811.7,77279.0,1311996.0,56.62
LICHSGFIN,EQ,20-Jun-2019,541.2,542.55,545.95,534.65,539.9,539.85,538.66,1390091,748792381.2,52654.0,595083.0,42.81
LICHSGFIN,EQ,19-Jun-2019,539.8,543.15,556.65,533.4,542.3,541.2,544.56,1750766,953392717.45,35993.0,447895.0,25.58
LICHSGFIN,EQ,18-Jun-2019,529.9,526.0,549.0,526.0,540.0,539.8,540.52,1593195,861154657.7,31484.0,456904.0,27.38
LICHSGFIN,EQ,17-Jun-2019,536.6,536.5,537.0,526.4,526.55,529.9,531.12,1335996,709572556.05,28495.0,661938.0,48.06
LICHSGFIN,EQ,14-Jun-2019,542.1,539.1,542.85,534.6,535.65,536.6,538.72,1004023,540888689.2,55204.0,529489.0,52.74
LICHSGFIN,EQ,13-Jun-2019,544.05,542.0,545.05,533.3,539.85,542.1,540.18,1176296,635417189.45,29774.0,454408.0,38.63
LICHSGFIN,EQ,12-Jun-2019,546.25,543.5,547.6,540.8,544.0,544.05,544.3,789705,429839726.9,13405.0,349517.0,44.26
LICHSGFIN,EQ,11-Jun-2019,550.8,551.1,554.45,544.25,545.0,546.25,549.11,1233916,677552286.3,26266.0,687358.0,55.71
LICHSGFIN,EQ,10-Jun-2019,556.3,557.7,563.6,545.6,550.0,550.8,552.53,908190,501803804.75,30962.0,332696.0,36.63
LICHSGFIN,EQ,07-Jun-2019,558.5,557.0,558.65,547.25,556.0,556.3,552.55,1176127,649864568.05,23962.0,348807.0,29.66
LICHSGFIN,EQ,06-Jun-2019,566.1,567.4,569.8,550.8,556.45,558.5,560.77,2225049,1247743562.65,38765.0,1098371.0,49.36
LICHSGFIN,EQ,04-Jun-2019,559.1,558.4,569.0,555.0,566.7,566.1,562.95,1603555,902724769.2,36005.0,695042.0,43.34
LICHSGFIN,EQ,03-Jun-2019,558.6,559.4,562.9,554.3,559.1,559.1,558.8,1112755,621803936.9,29118.0,637065.0,57.25
LICHSGFIN,EQ,31-May-2019,556.55,554.35,566.8,550.0,555.0,558.6,559.48,1534018,858246919.8,37757.0,583681.0,38.05
LICHSGFIN,EQ,30-May-2019,556.8,555.5,564.25,553.25,555.15,556.55,558.35,1935047,1080439637.6,39981.0,626292.0,32.37
LICHSGFIN,EQ,29-May-2019,552.25,552.75,559.25,547.5,555.6,556.8,554.45,1413770,783870717.8,30378.0,629035.0,44.49
LICHSGFIN,EQ,28-May-2019,542.35,542.4,555.7,542.4,554.0,552.25,550.0,2548709,1401796937.0,48064.0,979972.0,38.45
LICHSGFIN,EQ,27-May-2019,538.55,539.4,544.6,533.55,541.9,542.35,539.54,829256,447420654.7,17176.0,191944.0,23.15
LICHSGFIN,EQ,24-May-2019,530.7,534.0,540.0,527.25,537.7,538.55,535.72,1332119,713641188.4,32495.0,540643.0,40.59
LICHSGFIN,EQ,23-May-2019,527.95,532.0,559.35,528.0,530.0,530.7,544.64,2428295,1322555085.55,67756.0,1006677.0,41.46
LICHSGFIN,EQ,22-May-2019,526.6,527.4,534.9,521.3,527.0,527.95,528.17,1343609,709652977.95,54138.0,417746.0,31.09
LICHSGFIN,EQ,21-May-2019,532.0,533.0,537.45,525.25,526.45,526.6,531.18,1492529,792794190.85,32712.0,500401.0,33.53
LICHSGFIN,EQ,20-May-2019,499.25,510.2,535.4,509.5,530.3,532.0,523.76,1731877,907094762.15,33251.0,555152.0,32.05
LICHSGFIN,EQ,17-May-2019,490.75,489.0,501.2,486.25,497.95,499.25,494.91,1493704,739244932.0,25899.0,229965.0,15.40
LICHSGFIN,EQ,16-May-2019,475.8,476.2,493.4,476.2,491.95,490.75,486.01,1532479,744798820.25,42476.0,533056.0,34.78
LICHSGFIN,EQ,15-May-2019,487.85,490.0,492.9,474.0,475.5,475.8,482.32,1972328,951294398.35,46524.0,687151.0,34.84
LICHSGFIN,EQ,14-May-2019,476.8,476.95,491.0,473.25,488.0,487.85,483.11,1604202,775005442.75,40224.0,527086.0,32.86
LICHSGFIN,EQ,13-May-2019,475.75,475.7,481.4,474.05,476.5,476.8,477.77,971912,464354390.95,18884.0,392446.0,40.38
LICHSGFIN,EQ,10-May-2019,476.1,477.1,485.0,473.25,473.45,475.75,479.47,985405,472474441.6,27151.0,169556.0,17.21
LICHSGFIN,EQ,09-May-2019,477.9,477.9,482.15,470.3,475.5,476.1,475.7,1335801,635440698.5,28484.0,390219.0,29.21
LICHSGFIN,EQ,08-May-2019,474.0,474.0,487.5,471.0,476.8,477.9,480.97,2365548,1137757378.85,48315.0,856235.0,36.20
LICHSGFIN,EQ,07-May-2019,485.15,487.0,488.15,471.0,474.2,474.0,478.29,1562444,747300157.7,29367.0,528658.0,33.84
LICHSGFIN,EQ,06-May-2019,484.25,474.0,490.35,464.2,485.2,485.15,480.64,3905585,1877194714.5,59726.0,865794.0,22.17
LICHSGFIN,EQ,03-May-2019,488.5,489.95,493.9,479.2,483.8,484.25,484.83,1527392,740519524.35,34848.0,578096.0,37.85
LICHSGFIN,EQ,02-May-2019,496.75,494.1,500.55,485.25,487.0,488.5,493.15,1526658,752869007.05,30140.0,645861.0,42.31
LICHSGFIN,EQ,30-Apr-2019,502.8,505.0,505.0,488.3,496.3,496.75,495.15,1439001,712528067.15,26888.0,704293.0,48.94
LICHSGFIN,EQ,26-Apr-2019,492.55,493.8,504.7,493.8,502.75,502.8,499.28,816277,407552941.0,17165.0,255106.0,31.25
LICHSGFIN,EQ,25-Apr-2019,501.45,503.9,505.9,491.15,493.6,492.55,496.62,1573523,781446432.65,39488.0,564737.0,35.89
LICHSGFIN,EQ,24-Apr-2019,498.65,497.95,503.85,493.35,503.65,501.45,499.53,1597552,798026380.95,32249.0,542870.0,33.98
LICHSGFIN,EQ,23-Apr-2019,504.3,504.0,507.0,497.2,498.1,498.65,500.95,1592058,797535364.8,36524.0,652710.0,41.00
LICHSGFIN,EQ,22-Apr-2019,517.45,515.9,520.2,501.05,501.4,504.3,512.28,1066771,546486212.05,20878.0,272904.0,25.58
LICHSGFIN,EQ,18-Apr-2019,523.4,523.4,528.8,515.05,517.0,517.45,519.85,1333918,693441379.65,39696.0,420752.0,31.54
LICHSGFIN,EQ,16-Apr-2019,529.2,527.05,528.0,521.25,522.55,523.4,524.08,1219891,639325346.9,21147.0,272497.0,22.34
LICHSGFIN,EQ,15-Apr-2019,540.3,540.1,544.0,526.1,529.35,529.2,533.94,1498460,800080994.7,37408.0,594277.0,39.66
LICHSGFIN,EQ,12-Apr-2019,532.65,533.75,542.8,528.9,539.5,540.3,535.39,974884,521942261.6,21917.0,225823.0,23.16
LICHSGFIN,EQ,11-Apr-2019,528.15,529.9,534.65,521.55,533.75,532.65,527.57,3020701,1593636583.55,42237.0,1240337.0,41.06
LICHSGFIN,EQ,10-Apr-2019,549.9,546.0,549.45,526.75,528.7,528.15,535.98,1718379,921016233.25,29065.0,543187.0,31.61
LICHSGFIN,EQ,09-Apr-2019,550.0,549.85,550.15,542.1,549.95,549.9,546.77,793543,433885853.95,23695.0,239352.0,30.16
LICHSGFIN,EQ,08-Apr-2019,550.0,549.9,551.95,545.7,550.0,550.0,549.0,1092077,599552125.5,35263.0,590205.0,54.04
LICHSGFIN,EQ,05-Apr-2019,533.5,534.2,550.9,534.0,550.0,550.0,547.88,1564064,856914626.95,23334.0,479424.0,30.65
LICHSGFIN,EQ,04-Apr-2019,542.75,540.0,544.3,530.05,533.5,533.5,535.17,1450427,776230268.3,36191.0,555247.0,38.28
LICHSGFIN,EQ,03-Apr-2019,549.4,553.0,553.3,541.0,541.05,542.75,546.18,1258677,687465224.35,28909.0,655721.0,52.10
LICHSGFIN,EQ,02-Apr-2019,538.85,541.0,553.0,539.0,551.0,549.4,548.31,2233284,1224532213.2,46010.0,1011839.0,45.31
LICHSGFIN,EQ,01-Apr-2019,532.2,535.05,541.55,535.05,537.05,538.85,538.95,1270736,684867746.65,40102.0,670336.0,52.75
LICHSGFIN,EQ,29-Mar-2019,534.05,538.35,540.5,527.6,531.0,532.2,533.1,2161330,1152213798.6,50515.0,928665.0,42.97
LICHSGFIN,EQ,28-Mar-2019,533.35,536.05,537.7,527.15,533.75,534.05,533.63,3549497,1894105888.15,47509.0,2192502.0,61.77
LICHSGFIN,EQ,27-Mar-2019,530.0,531.05,543.55,531.05,532.5,533.35,538.62,2039096,1098291851.95,62808.0,848559.0,41.61
LICHSGFIN,EQ,26-Mar-2019,522.25,525.15,534.35,523.7,530.0,530.0,530.04,1826857,968304070.75,46285.0,825905.0,45.21
LICHSGFIN,EQ,25-Mar-2019,528.15,527.75,527.75,516.65,521.5,522.25,520.66,1455809,757982270.7,44533.0,647457.0,44.47
LICHSGFIN,EQ,22-Mar-2019,520.65,521.5,534.85,519.5,528.0,528.15,529.85,2115470,1120890060.8,57768.0,856825.0,40.50
LICHSGFIN,EQ,20-Mar-2019,521.85,524.4,525.0,515.5,521.5,520.65,518.7,2709049,1405189911.05,31424.0,1775996.0,65.56
LICHSGFIN,EQ,19-Mar-2019,514.6,517.2,524.0,511.75,523.0,521.85,520.49,1427205,742844360.6,36812.0,503947.0,35.31
LICHSGFIN,EQ,18-Mar-2019,509.85,512.9,519.9,511.25,516.3,514.6,514.53,2030522,1044757977.8,49584.0,1098355.0,54.09
LICHSGFIN,EQ,15-Mar-2019,511.85,515.0,516.75,506.5,508.1,509.85,511.51,2153827,1101697796.15,52617.0,1135367.0,52.71
LICHSGFIN,EQ,14-Mar-2019,504.6,507.4,519.0,505.05,511.5,511.85,513.55,3518171,1806759863.4,63072.0,1545108.0,43.92
LICHSGFIN,EQ,13-Mar-2019,504.25,503.0,512.7,502.0,505.95,504.6,507.04,2231863,1131651858.95,57400.0,999117.0,44.77
LICHSGFIN,EQ,12-Mar-2019,501.85,505.0,512.7,501.0,502.0,504.25,505.88,2393470,1210802404.0,67037.0,1285334.0,53.70
LICHSGFIN,EQ,11-Mar-2019,493.65,498.5,507.8,494.8,501.95,501.85,502.76,2955029,1485674705.95,60707.0,1325458.0,44.85
LICHSGFIN,EQ,08-Mar-2019,488.05,487.5,495.0,484.5,494.0,493.65,490.01,1175197,575862898.9,35311.0,506269.0,43.08
LICHSGFIN,EQ,07-Mar-2019,489.95,488.95,489.95,481.4,488.1,488.05,487.3,2451200,1194462300.35,19236.0,1804703.0,73.63
LICHSGFIN,EQ,06-Mar-2019,484.55,491.7,494.55,483.8,490.0,489.95,489.4,1752882,857863473.55,45304.0,642208.0,36.64
LICHSGFIN,EQ,05-Mar-2019,474.6,473.5,491.0,473.15,486.3,484.55,484.86,3088859,1497679328.95,69724.0,1507684.0,48.81
LICHSGFIN,EQ,01-Mar-2019,475.5,476.6,483.2,471.3,474.1,474.6,475.42,1946654,925486067.7,59081.0,685203.0,35.20
LICHSGFIN,EQ,28-Feb-2019,466.45,470.7,478.0,464.25,476.55,475.5,472.5,2176744,1028521539.25,54390.0,1168160.0,53.67
LICHSGFIN,EQ,27-Feb-2019,463.9,465.2,469.1,460.1,466.6,466.45,465.53,1680023,782094126.0,23594.0,889211.0,52.93
LICHSGFIN,EQ,26-Feb-2019,467.8,459.75,471.9,455.1,463.2,463.9,463.66,3154575,1462645265.05,29996.0,1783911.0,56.55
LICHSGFIN,EQ,25-Feb-2019,469.9,476.9,476.9,466.1,468.3,467.8,470.09,1352213,635667934.05,34378.0,427629.0,31.62
LICHSGFIN,EQ,22-Feb-2019,462.85,468.0,477.4,465.0,470.25,469.9,470.78,2413029,1136008796.7,42921.0,590506.0,24.47
LICHSGFIN,EQ,21-Feb-2019,451.9,455.7,465.0,448.1,463.85,462.85,457.19,1846722,844311435.95,30935.0,560311.0,30.34
LICHSGFIN,EQ,20-Feb-2019,448.1,450.0,457.35,444.5,451.75,451.9,453.9,3572025,1621335144.2,29874.0,2343594.0,65.61
LICHSGFIN,EQ,19-Feb-2019,443.9,443.9,455.8,443.5,447.75,448.1,451.05,1770340,798513563.4,29774.0,752990.0,42.53
LICHSGFIN,EQ,18-Feb-2019,439.35,439.6,448.8,438.9,442.6,443.9,444.98,2220760,988192605.35,23765.0,1074636.0,48.39
LICHSGFIN,EQ,15-Feb-2019,447.25,447.05,452.4,435.8,438.0,439.35,445.49,3004756,1338576734.25,38655.0,1290180.0,42.94
LICHSGFIN,EQ,14-Feb-2019,441.75,438.15,449.0,438.15,448.0,447.25,444.42,1250565,555773828.3,29204.0,339033.0,27.11
LICHSGFIN,EQ,13-Feb-2019,446.65,449.4,451.55,435.75,442.0,441.75,441.36,1792952,791336256.6,38715.0,626409.0,34.94
LICHSGFIN,EQ,12-Feb-2019,446.8,448.6,453.55,443.2,447.0,446.65,447.55,1389125,621701961.55,31811.0,477233.0,34.35
LICHSGFIN,EQ,11-Feb-2019,457.5,458.4,462.6,445.05,447.0,446.8,457.03,4932521,2254301257.5,35210.0,3570595.0,72.39
LICHSGFIN,EQ,08-Feb-2019,466.5,465.4,465.8,449.05,457.75,457.5,456.13,1483884,676849432.55,33587.0,571630.0,38.52
LICHSGFIN,EQ,07-Feb-2019,459.8,461.4,470.5,453.7,465.5,466.5,462.79,1981346,916939438.3,29438.0,719098.0,36.29
LICHSGFIN,EQ,06-Feb-2019,459.35,460.0,462.9,450.1,460.25,459.8,457.71,1420605,650231614.65,22428.0,555359.0,39.09
LICHSGFIN,EQ,05-Feb-2019,455.9,456.0,462.15,454.1,458.95,459.35,458.42,1047464,480175105.05,18065.0,312155.0,29.80
LICHSGFIN,EQ,04-Feb-2019,460.15,461.0,464.5,451.1,454.6,455.9,457.51,1894538,866764375.75,23509.0,872510.0,46.05
LICHSGFIN,EQ,01-Feb-2019,448.85,452.0,472.4,447.8,461.9,460.15,460.62,4376608,2015974601.45,59592.0,1387323.0,31.70
LICHSGFIN,EQ,31-Jan-2019,433.5,444.5,452.5,433.75,450.35,448.85,443.26,5549988,2460070970.7,85260.0,1658889.0,29.89
LICHSGFIN,EQ,30-Jan-2019,452.5,455.3,455.55,429.6,434.0,433.5,440.38,2785978,1226893142.5,38934.0,592221.0,21.26
LICHSGFIN,EQ,29-Jan-2019,446.7,443.65,458.45,440.9,456.0,452.5,448.62,1775631,796580147.5,29548.0,802346.0,45.19
LICHSGFIN,EQ,28-Jan-2019,453.05,453.8,455.9,442.0,444.95,446.7,448.02,1544866,692130667.2,39489.0,,-
LICHSGFIN,EQ,25-Jan-2019,469.6,471.2,473.35,448.85,454.0,453.05,460.64,1484734,683926087.65,25720.0,430941.0,29.02
LICHSGFIN,EQ,24-Jan-2019,466.95,468.0,471.7,460.8,469.6,469.6,466.03,922672,429993452.55,18626.0,214826.0,23.28
LICHSGFIN,EQ,23-Jan-2019,475.2,475.7,483.7,464.6,466.3,466.95,474.36,1353505,642047187.5,29635.0,379564.0,28.04
LICHSGFIN,EQ,22-Jan-2019,473.1,473.0,477.85,462.6,475.6,475.2,469.41,1298726,609630015.35,30146.0,335281.0,25.82
LICHSGFIN,EQ,21-Jan-2019,476.05,478.0,478.95,471.0,471.25,473.1,474.47,721691,342422234.8,14684.0,178990.0,24.80
LICHSGFIN,EQ,18-Jan-2019,490.7,492.8,492.8,474.6,476.0,476.05,480.77,1353649,650789031.9,25873.0,315433.0,23.30
LICHSGFIN,EQ,17-Jan-2019,481.85,485.0,494.3,485.0,490.0,490.7,489.77,2038083,998184870.55,35671.0,547812.0,26.88
LICHSGFIN,EQ,16-Jan-2019,486.05,488.45,492.6,480.1,482.1,481.85,484.97,1499699,727315517.55,29757.0,493743.0,32.92
LICHSGFIN,EQ,15-Jan-2019,479.15,481.1,488.4,477.3,487.5,486.05,482.26,1011374,487748045.95,20518.0,364896.0,36.08
LICHSGFIN,EQ,14-Jan-2019,484.1,482.5,484.3,475.2,477.55,479.15,479.33,888839,426051121.65,14902.0,287985.0,32.40
LICHSGFIN,EQ,11-Jan-2019,483.45,483.95,486.15,475.45,483.0,484.1,481.58,856388,412421138.1,17147.0,183838.0,21.47
LICHSGFIN,EQ,10-Jan-2019,476.15,478.0,485.25,474.0,481.6,483.45,479.37,961932,461119804.35,35324.0,237140.0,24.65
LICHSGFIN,EQ,09-Jan-2019,480.9,482.3,486.35,472.3,475.0,476.15,477.41,939711,448630634.4,23768.0,275068.0,29.27
LICHSGFIN,EQ,08-Jan-2019,479.35,481.3,486.9,475.5,480.65,480.9,480.58,1454000,698761530.05,26573.0,481791.0,33.14
LICHSGFIN,EQ,07-Jan-2019,488.1,491.0,492.0,477.55,479.4,479.35,484.06,1090142,527695387.6,20831.0,221198.0,20.29
LICHSGFIN,EQ,04-Jan-2019,470.2,470.6,490.8,467.7,488.0,488.1,484.69,2348428,1138258778.35,40780.0,565571.0,24.08
LICHSGFIN,EQ,03-Jan-2019,476.15,478.05,481.75,468.3,470.0,470.2,473.72,858106,406499482.0,18725.0,241013.0,28.09
LICHSGFIN,EQ,02-Jan-2019,486.55,480.0,486.0,474.35,477.7,476.15,479.42,1119301,536618448.5,23795.0,191912.0,17.15
LICHSGFIN,EQ,01-Jan-2019,488.7,486.05,489.9,482.4,485.75,486.55,485.61,639604,310600436.2,13594.0,150450.0,23.52
LICHSGFIN,EQ,31-Dec-2018,488.75,493.25,498.75,482.95,486.15,488.7,490.24,1752029,858908030.25,32608.0,317854.0,18.14
LICHSGFIN,EQ,28-Dec-2020,362.25,364.85,371.0,362.7,367.95,367.0,367.78,3678251,1352774065.45,30581.0,506458.0,13.77
LICHSGFIN,EQ,24-Dec-2020,357.05,359.95,370.75,359.1,361.35,362.25,365.41,7350846,2686040026.65,72185.0,1158407.0,15.76
LICHSGFIN,EQ,23-Dec-2020,346.95,348.8,358.4,345.7,357.5,357.05,354.19,5344193,1892845414.55,66423.0,1570611.0,29.39
LICHSGFIN,EQ,22-Dec-2020,350.65,349.5,354.25,334.5,346.7,346.95,342.63,8354981,2862682633.55,87976.0,2515806.0,30.11
LICHSGFIN,EQ,21-Dec-2020,370.65,368.0,368.95,341.05,349.3,350.65,357.73,7740082,2768860912.5,84575.0,2589207.0,33.45
LICHSGFIN,EQ,18-Dec-2020,377.35,378.5,379.75,367.0,370.0,370.65,371.33,5471843,2031880063.7,60919.0,1597114.0,29.19
LICHSGFIN,EQ,17-Dec-2020,380.15,380.0,385.5,375.5,377.7,377.35,380.55,5214740,1984468074.45,74646.0,1385443.0,26.57
LICHSGFIN,EQ,16-Dec-2020,374.0,377.6,391.0,373.2,379.1,380.15,380.26,9186894,3493368943.9,108849.0,2643099.0,28.77
LICHSGFIN,EQ,15-Dec-2020,363.6,362.8,375.3,356.15,373.85,374.0,367.69,9942703,3655818413.45,99962.0,2949295.0,29.66
LICHSGFIN,EQ,14-Dec-2020,353.3,355.0,366.45,354.85,363.5,363.6,363.27,8536381,3100988870.3,86325.0,3161428.0,37.03
LICHSGFIN,EQ,11-Dec-2020,346.4,348.0,358.35,347.65,353.1,353.3,353.92,6735618,2383853443.25,66072.0,2926155.0,43.44
LICHSGFIN,EQ,10-Dec-2020,357.2,357.7,357.7,344.5,346.1,346.4,349.16,5551931,1938515064.4,64196.0,2169887.0,39.08
LICHSGFIN,EQ,09-Dec-2020,355.35,358.6,359.0,353.0,356.5,357.2,356.28,5152284,1835672420.15,53701.0,2128251.0,41.31
LICHSGFIN,EQ,08-Dec-2020,348.55,350.0,357.7,347.45,355.35,355.35,353.69,8021889,2837284439.25,80963.0,2216199.0,27.63
LICHSGFIN,EQ,07-Dec-2020,348.8,348.7,354.7,344.15,349.25,348.55,348.86,6039004,2106791949.7,52946.0,1872677.0,31.01
LICHSGFIN,EQ,04-Dec-2020,356.15,359.3,362.45,343.0,348.65,348.8,352.88,9909975,3497070346.85,91695.0,3355720.0,33.86
LICHSGFIN,EQ,03-Dec-2020,343.2,345.8,364.7,343.6,356.3,356.15,356.38,13251330,4722459457.45,146878.0,4444059.0,33.54
LICHSGFIN,EQ,02-Dec-2020,339.3,341.8,346.9,340.05,342.8,343.2,343.79,9687883,3330608704.3,82875.0,3459545.0,35.71
LICHSGFIN,EQ,01-Dec-2020,329.0,325.75,342.5,325.7,338.4,339.3,337.52,10531600,3554654627.4,103288.0,4326865.0,41.08
LICHSGFIN,EQ,27-Nov-2020,325.4,325.0,341.0,320.5,330.5,329.0,329.31,48252750,15889895225.75,185700.0,26063356.0,54.01
LICHSGFIN,EQ,26-Nov-2020,322.85,325.25,327.45,321.3,325.0,325.4,324.29,5035059,1632825873.25,45640.0,1838906.0,36.52
LICHSGFIN,EQ,25-Nov-2020,324.05,327.0,331.95,321.1,323.0,322.85,326.95,7908094,2585520988.65,99157.0,1821708.0,23.04
LICHSGFIN,EQ,24-Nov-2020,321.8,324.0,328.75,323.0,324.0,324.05,325.11,4556979,1481540086.55,49730.0,1373633.0,30.14
LICHSGFIN,EQ,23-Nov-2020,329.55,332.4,334.0,319.7,321.8,321.8,322.85,6770468,2185859756.6,66900.0,2265817.0,33.47
LICHSGFIN,EQ,20-Nov-2020,328.85,329.75,333.7,322.65,327.6,329.55,329.17,6130068,2017814277.9,82917.0,1255704.0,20.48
LICHSGFIN,EQ,19-Nov-2020,331.55,331.0,345.7,321.0,326.35,328.85,335.86,14705419,4938890328.7,164262.0,2537677.0,17.26
LICHSGFIN,EQ,18-Nov-2020,314.7,315.0,333.3,313.25,332.9,331.55,324.44,8331957,2703191562.1,98332.0,3640030.0,43.69
LICHSGFIN,EQ,17-Nov-2020,315.25,316.5,320.6,312.25,314.5,314.7,317.26,5154551,1635350945.2,74031.0,2370862.0,46.00
LICHSGFIN,EQ,14-Nov-2020,314.2,317.0,320.0,312.1,313.05,315.25,316.78,762827,241645708.65,12159.0,317114.0,41.57
LICHSGFIN,EQ,13-Nov-2020,317.15,315.0,316.85,308.1,314.05,314.2,311.95,6096659,1901837561.95,57655.0,1859126.0,30.49
LICHSGFIN,EQ,12-Nov-2020,323.75,323.9,325.8,310.9,315.4,317.15,315.77,9066734,2863019005.75,91328.0,1681180.0,18.54
LICHSGFIN,EQ,11-Nov-2020,321.9,323.0,326.8,315.0,322.55,323.75,321.44,13144657,4225226588.5,146731.0,3551923.0,27.02
LICHSGFIN,EQ,10-Nov-2020,304.3,306.35,324.0,303.25,323.5,321.9,315.18,11418261,3598775340.65,113279.0,4300077.0,37.66
LICHSGFIN,EQ,09-Nov-2020,301.9,304.45,306.5,299.2,304.05,304.3,303.49,3127656,949198181.65,40786.0,699493.0,22.36
LICHSGFIN,EQ,06-Nov-2020,306.5,308.0,310.95,298.25,300.0,301.9,304.57,5985382,1822982084.2,70948.0,1552022.0,25.93
LICHSGFIN,EQ,05-Nov-2020,295.3,299.5,307.5,296.55,306.1,306.5,303.92,5393070,1639043901.55,61131.0,1531169.0,28.39
LICHSGFIN,EQ,04-Nov-2020,302.75,300.05,302.3,292.35,295.0,295.3,296.35,2933311,869279810.3,37616.0,687187.0,23.43
LICHSGFIN,EQ,03-Nov-2020,299.1,298.85,304.55,294.6,300.45,302.75,299.97,4545458,1363514207.45,48694.0,1155790.0,25.43
LICHSGFIN,EQ,02-Nov-2020,282.95,284.05,301.0,283.65,297.0,299.1,293.13,4834044,1416996465.55,45190.0,1034571.0,21.40
LICHSGFIN,EQ,30-Oct-2020,286.85,287.0,288.5,280.85,282.8,282.95,284.29,3257253,926018395.2,44398.0,942073.0,28.92
LICHSGFIN,EQ,29-Oct-2020,295.05,291.25,293.45,283.9,286.3,286.85,286.91,3173312,910448777.05,45202.0,754815.0,23.79
LICHSGFIN,EQ,28-Oct-2020,298.95,299.0,301.9,293.0,294.2,295.05,296.91,3143412,933319107.25,35834.0,474743.0,15.10
LICHSGFIN,EQ,27-Oct-2020,298.85,297.1,300.8,290.15,298.35,298.95,295.79,2629205,777684350.8,28879.0,334949.0,12.74
LICHSGFIN,EQ,26-Oct-2020,305.65,306.35,306.9,296.0,298.5,298.85,299.67,2039792,611256692.75,23227.0,312455.0,15.32
LICHSGFIN,EQ,23-Oct-2020,308.6,309.0,310.0,303.55,305.4,305.65,306.72,2995182,918679404.5,32808.0,580208.0,19.37
LICHSGFIN,EQ,22-Oct-2020,298.8,299.9,310.0,299.45,308.8,308.6,305.92,7982431,2442003318.25,113225.0,2920452.0,36.59
LICHSGFIN,EQ,21-Oct-2020,291.15,293.5,301.9,292.35,301.1,298.8,295.5,4603034,1360193483.3,48822.0,1514901.0,32.91
LICHSGFIN,EQ,20-Oct-2020,291.6,290.0,294.7,288.0,290.6,291.15,292.27,2704632,790476393.15,28043.0,618070.0,22.85
LICHSGFIN,EQ,19-Oct-2020,285.45,288.35,293.55,284.05,291.0,291.6,289.2,4401730,1272997516.1,46375.0,969857.0,22.03
LICHSGFIN,EQ,16-Oct-2020,277.55,280.0,286.35,279.7,285.4,285.45,283.92,4183309,1187717453.75,44395.0,605880.0,14.48
LICHSGFIN,EQ,15-Oct-2020,286.45,287.05,291.4,275.9,278.05,277.55,284.21,5147416,1462936548.2,61105.0,1173473.0,22.80
LICHSGFIN,EQ,14-Oct-2020,288.25,288.0,288.0,280.2,286.3,286.45,283.99,5258204,1493295212.75,50260.0,811069.0,15.42
LICHSGFIN,EQ,13-Oct-2020,301.7,301.4,302.5,286.5,288.85,288.25,293.83,5271687,1548975360.35,45626.0,1005415.0,19.07
LICHSGFIN,EQ,12-Oct-2020,306.05,309.0,311.95,298.0,300.6,301.7,304.43,6860600,2088559059.05,71688.0,947376.0,13.81
LICHSGFIN,EQ,09-Oct-2020,286.75,290.9,317.6,290.0,306.9,306.05,307.45,32887663,10111238795.65,275143.0,2649523.0,8.06
LICHSGFIN,EQ,08-Oct-2020,282.3,285.05,293.55,283.65,287.05,286.75,288.98,4722008,1364550426.45,45685.0,842976.0,17.85
LICHSGFIN,EQ,07-Oct-2020,289.3,289.3,290.35,281.65,282.95,282.3,284.83,3474707,989684593.2,32545.0,1293756.0,37.23
LICHSGFIN,EQ,06-Oct-2020,274.9,276.2,292.8,276.2,289.0,289.3,287.65,7861329,2261338051.0,81077.0,1224188.0,15.57
LICHSGFIN,EQ,05-Oct-2020,280.55,280.15,288.5,274.15,275.5,274.9,280.42,3151786,883819373.85,37753.0,685129.0,21.74
LICHSGFIN,EQ,01-Oct-2020,275.8,278.7,284.1,277.3,280.4,280.55,281.28,1784779,502023307.95,20730.0,463314.0,25.96
LICHSGFIN,EQ,30-Sep-2020,278.9,280.9,281.45,274.3,274.7,275.8,277.28,2131867,591121881.65,28367.0,630493.0,29.57
LICHSGFIN,EQ,29-Sep-2020,282.2,283.9,285.3,275.6,278.1,278.9,279.98,2337710,654505210.5,24999.0,544201.0,23.28
LICHSGFIN,EQ,28-Sep-2020,270.5,274.85,283.7,272.0,282.9,282.2,278.71,2762130,769823957.6,28775.0,613541.0,22.21
LICHSGFIN,EQ,25-Sep-2020,261.15,263.15,272.25,260.85,269.75,270.5,266.95,3283255,876461308.15,35831.0,574582.0,17.50
LICHSGFIN,EQ,24-Sep-2020,278.05,272.05,273.65,260.0,261.1,261.15,265.3,4655741,1235164371.85,53139.0,1232367.0,26.47
LICHSGFIN,EQ,23-Sep-2020,286.6,289.0,291.9,273.2,277.35,278.05,283.79,4408662,1251113868.85,64022.0,1418394.0,32.17
LICHSGFIN,EQ,22-Sep-2020,291.3,291.3,292.6,281.45,286.5,286.6,286.48,2594622,743302830.45,39822.0,626704.0,24.15
LICHSGFIN,EQ,21-Sep-2020,303.3,303.0,303.55,288.0,288.25,291.3,297.0,3296869,979157489.5,48003.0,1079154.0,32.73
LICHSGFIN,EQ,18-Sep-2020,306.25,307.4,310.65,297.5,303.0,303.3,305.18,4019733,1226746566.05,41605.0,1615020.0,40.18
LICHSGFIN,EQ,17-Sep-2020,309.6,300.85,307.35,296.05,307.0,306.25,303.99,3531210,1073436302.2,41489.0,666599.0,18.88
LICHSGFIN,EQ,16-Sep-2020,302.45,302.8,311.7,300.0,308.9,309.6,306.74,4708270,1444205927.8,51135.0,1059856.0,22.51
LICHSGFIN,EQ,15-Sep-2020,302.65,306.0,306.75,299.4,303.1,302.45,302.33,2794898,844992320.65,35366.0,561428.0,20.09
LICHSGFIN,EQ,14-Sep-2020,296.5,300.0,306.65,297.25,303.05,302.65,302.74,4234150,1281825723.1,58188.0,951786.0,22.48
LICHSGFIN,EQ,11-Sep-2020,295.7,296.25,298.6,292.6,296.85,296.5,295.4,2079234,614210216.45,28911.0,339388.0,16.32
LICHSGFIN,EQ,10-Sep-2020,286.75,290.15,298.2,289.15,294.95,295.7,294.4,3974709,1170164820.35,46661.0,486238.0,12.23
LICHSGFIN,EQ,09-Sep-2020,294.4,289.95,292.4,281.65,287.95,286.75,286.95,3768735,1081420928.55,42717.0,878094.0,23.30
LICHSGFIN,EQ,08-Sep-2020,293.95,294.6,303.5,292.8,293.45,294.4,299.26,4910155,1469410598.15,61412.0,974464.0,19.85
LICHSGFIN,EQ,07-Sep-2020,295.35,294.15,297.55,289.35,293.45,293.95,294.0,3579799,1052461849.3,47906.0,657860.0,18.38
LICHSGFIN,EQ,04-Sep-2020,303.4,297.5,301.8,293.2,296.0,295.35,297.59,2791594,830753332.85,37055.0,561671.0,20.12
LICHSGFIN,EQ,03-Sep-2020,302.95,305.7,308.85,300.55,303.5,303.4,304.14,2488475,756842801.5,37162.0,563154.0,22.63
LICHSGFIN,EQ,02-Sep-2020,303.3,302.0,306.25,298.45,304.0,302.95,302.05,2159346,652220985.4,28908.0,483877.0,22.41
LICHSGFIN,EQ,01-Sep-2020,301.3,301.3,308.85,293.4,304.0,303.3,300.42,5738207,1723846635.2,58885.0,876745.0,15.28
LICHSGFIN,EQ,31-Aug-2020,314.3,317.65,323.3,297.05,300.35,301.3,308.87,8229603,2541845931.05,87552.0,1900624.0,23.09
LICHSGFIN,EQ,28-Aug-2020,303.85,305.65,319.0,305.65,314.5,314.3,314.66,10854043,3415304576.1,121993.0,2522844.0,23.24
LICHSGFIN,EQ,27-Aug-2020,298.05,300.95,304.8,298.8,304.6,303.85,302.62,6348576,1921206988.95,73905.0,2449812.0,38.59
LICHSGFIN,EQ,26-Aug-2020,299.0,305.0,305.0,295.85,298.3,298.05,300.15,7073726,2123200182.85,79734.0,1957541.0,27.67
LICHSGFIN,EQ,25-Aug-2020,276.6,288.0,309.0,285.9,298.95,299.0,300.61,43294607,13014889586.15,330473.0,4923442.0,11.37
LICHSGFIN,EQ,24-Aug-2020,276.75,279.0,281.5,275.1,275.9,276.6,278.4,3729146,1038191460.1,35564.0,964821.0,25.87
LICHSGFIN,EQ,21-Aug-2020,278.05,280.3,282.9,276.0,276.8,276.75,279.76,2412691,674966485.65,28552.0,693783.0,28.76
LICHSGFIN,EQ,20-Aug-2020,277.5,275.0,283.25,272.1,277.55,278.05,279.44,5325786,1488259123.25,51519.0,1034577.0,19.43
LICHSGFIN,EQ,19-Aug-2020,268.25,269.55,282.5,269.5,278.3,277.5,278.06,10199063,2835910359.35,87468.0,2968162.0,29.10
LICHSGFIN,EQ,18-Aug-2020,267.0,268.1,269.25,264.65,268.75,268.25,267.21,2562592,684749581.8,42123.0,919125.0,35.87
LICHSGFIN,EQ,17-Aug-2020,264.15,265.8,269.0,264.0,267.0,267.0,266.95,2965164,791536866.75,27733.0,728375.0,24.56
LICHSGFIN,EQ,14-Aug-2020,270.95,272.45,273.3,262.0,263.5,264.15,267.89,3684941,987168241.05,45336.0,1073638.0,29.14
LICHSGFIN,EQ,13-Aug-2020,267.3,268.5,272.1,267.05,270.95,270.95,269.64,4686173,1263576055.6,51351.0,993948.0,21.21
LICHSGFIN,EQ,12-Aug-2020,267.15,265.85,269.7,264.6,267.4,267.3,266.95,2214817,591247116.1,27774.0,558427.0,25.21
LICHSGFIN,EQ,11-Aug-2020,263.1,264.75,272.9,264.05,266.7,267.15,269.5,6604731,1779995211.45,60245.0,1893221.0,28.66
LICHSGFIN,EQ,10-Aug-2020,259.55,261.4,265.8,260.85,263.1,263.1,263.31,3794630,999152370.0,38515.0,1035906.0,27.30
LICHSGFIN,EQ,07-Aug-2020,258.4,259.0,265.0,258.5,259.7,259.55,261.34,6051780,1581585306.95,80361.0,1121563.0,18.53
LICHSGFIN,EQ,06-Aug-2020,257.0,258.45,262.8,255.4,258.9,258.4,259.11,3946030,1022453554.0,42810.0,975302.0,24.72
LICHSGFIN,EQ,05-Aug-2020,258.3,259.7,261.9,256.6,257.5,257.0,258.91,4240866,1098001953.0,69372.0,1682042.0,39.66
LICHSGFIN,EQ,04-Aug-2020,257.7,258.5,262.5,257.6,258.1,258.3,260.15,3402215,885088985.65,35805.0,477310.0,14.03
LICHSGFIN,EQ,03-Aug-2020,262.5,260.0,262.2,257.0,258.0,257.7,259.35,2980544,772998168.25,31181.0,788223.0,26.45
LICHSGFIN,EQ,31-Jul-2020,263.9,265.2,266.7,260.75,263.0,262.5,263.23,3019816,794891427.5,33400.0,400315.0,13.26
LICHSGFIN,EQ,30-Jul-2020,273.45,274.3,276.5,263.15,264.1,263.9,267.92,3461522,927427150.4,34204.0,942978.0,27.24
LICHSGFIN,EQ,29-Jul-2020,268.55,269.2,278.45,267.55,273.5,273.45,274.06,4246645,1163821370.45,39561.0,973505.0,22.92
LICHSGFIN,EQ,28-Jul-2020,266.75,267.0,270.0,263.35,267.75,268.55,267.27,2897322,774358795.25,29263.0,459306.0,15.85
LICHSGFIN,EQ,27-Jul-2020,272.6,273.45,273.7,264.05,266.25,266.75,266.71,3243774,865152608.4,34708.0,398393.0,12.28
LICHSGFIN,EQ,24-Jul-2020,273.95,271.05,277.9,268.6,272.5,272.6,273.32,3406359,931024063.4,34463.0,445856.0,13.09
LICHSGFIN,EQ,23-Jul-2020,270.75,270.75,275.4,270.0,273.8,273.95,273.27,2740928,749012320.6,28142.0,551646.0,20.13
LICHSGFIN,EQ,22-Jul-2020,269.8,271.3,275.9,266.25,270.8,270.75,271.36,5211776,1414290805.1,55634.0,949646.0,18.22
LICHSGFIN,EQ,21-Jul-2020,267.9,270.8,275.5,269.35,270.0,269.8,272.25,3894091,1060166310.3,39993.0,884283.0,22.71
LICHSGFIN,EQ,20-Jul-2020,265.95,267.2,272.5,267.0,267.8,267.9,269.44,2948224,794381890.05,32330.0,558571.0,18.95
LICHSGFIN,EQ,17-Jul-2020,265.5,267.0,269.85,262.25,266.3,265.95,266.07,3255738,866241688.1,41089.0,592096.0,18.19
LICHSGFIN,EQ,16-Jul-2020,259.95,260.0,266.3,255.0,265.5,265.5,261.78,3866984,1012287847.05,37460.0,578230.0,14.95
LICHSGFIN,EQ,15-Jul-2020,263.6,266.0,268.8,259.15,260.9,259.95,264.3,3611322,954469650.15,36761.0,744272.0,20.61
LICHSGFIN,EQ,14-Jul-2020,274.85,272.3,273.5,262.25,263.45,263.6,265.38,4921204,1305996419.3,54661.0,1490388.0,30.29
LICHSGFIN,EQ,13-Jul-2020,275.85,278.0,281.9,273.5,275.15,274.85,276.81,2630670,728198454.2,29343.0,415029.0,15.78
LICHSGFIN,EQ,10-Jul-2020,282.95,281.0,285.25,272.6,276.0,275.85,277.54,4787489,1328726943.65,56677.0,1021485.0,21.34
LICHSGFIN,EQ,09-Jul-2020,281.75,284.0,286.65,281.3,283.55,282.95,283.77,4086476,1159633513.75,38074.0,644259.0,15.77
LICHSGFIN,EQ,08-Jul-2020,278.3,278.3,292.5,277.35,281.4,281.75,287.49,13320091,3829423866.7,142084.0,2672312.0,20.06
LICHSGFIN,EQ,07-Jul-2020,276.7,277.0,280.9,272.0,276.95,278.3,276.15,4993364,1378916829.7,54837.0,1171877.0,23.47
LICHSGFIN,EQ,06-Jul-2020,274.35,276.8,278.5,275.15,276.1,276.7,277.2,2916425,808428790.55,29603.0,516712.0,17.72
LICHSGFIN,EQ,03-Jul-2020,282.25,283.25,284.0,271.6,274.4,274.35,275.55,4688154,1291823300.75,45236.0,1158299.0,24.71
LICHSGFIN,EQ,02-Jul-2020,276.5,280.0,283.8,276.75,282.3,282.25,281.04,6645059,1867540033.05,81857.0,1955701.0,29.43
LICHSGFIN,EQ,01-Jul-2020,265.05,266.7,278.35,265.5,277.55,276.5,274.25,7791843,2136887893.75,72057.0,2645568.0,33.95
LICHSGFIN,EQ,30-Jun-2020,264.55,266.4,273.35,264.1,265.0,265.05,269.06,5382919,1448335300.75,68124.0,1689975.0,31.40
LICHSGFIN,EQ,29-Jun-2020,270.9,269.65,271.35,259.7,264.2,264.55,263.98,5039935,1330462299.3,57977.0,1333652.0,26.46
LICHSGFIN,EQ,26-Jun-2020,268.4,271.0,278.2,270.15,271.0,270.9,273.93,7495809,2053296850.15,67959.0,1538632.0,20.53
LICHSGFIN,EQ,25-Jun-2020,270.4,268.0,271.8,265.1,268.25,268.4,268.21,5551852,1489065404.7,51574.0,1372057.0,24.71
LICHSGFIN,EQ,24-Jun-2020,273.1,274.95,279.45,269.0,270.5,270.4,273.61,7616242,2083852464.4,66122.0,1376316.0,18.07
LICHSGFIN,EQ,23-Jun-2020,268.55,269.1,276.3,269.05,272.95,273.1,273.71,7900129,2162334232.9,67405.0,2335452.0,29.56
LICHSGFIN,EQ,22-Jun-2020,284.75,279.45,279.45,266.0,268.75,268.55,270.76,15993695,4330458339.55,170168.0,5478937.0,34.26
LICHSGFIN,EQ,19-Jun-2020,284.0,284.0,287.85,280.35,284.9,284.75,284.35,7426176,2111629442.85,75447.0,2101910.0,28.30
LICHSGFIN,EQ,18-Jun-2020,292.15,292.0,292.0,282.3,283.5,284.0,285.02,5343997,1523162371.6,74221.0,1389695.0,26.00
LICHSGFIN,EQ,17-Jun-2020,283.9,284.15,296.4,281.2,292.05,292.15,289.48,9361234,2709889729.9,86929.0,2284315.0,24.40
LICHSGFIN,EQ,16-Jun-2020,270.4,275.45,295.35,273.6,284.15,283.9,285.28,15494933,4420419368.55,145848.0,2068226.0,13.35
LICHSGFIN,EQ,15-Jun-2020,281.15,280.5,282.05,268.45,270.4,270.4,274.25,7014489,1923747992.85,64875.0,1707741.0,24.35
LICHSGFIN,EQ,12-Jun-2020,271.65,260.0,283.0,258.0,280.15,281.15,270.42,8317466,2249203828.35,90415.0,1598233.0,19.22
LICHSGFIN,EQ,11-Jun-2020,266.2,266.15,279.35,263.65,272.95,271.65,274.24,11238990,3082178773.35,109038.0,2067551.0,18.40
LICHSGFIN,EQ,10-Jun-2020,253.6,255.0,268.0,254.5,267.5,266.2,261.11,6052838,1580482433.1,62762.0,1312998.0,21.69
LICHSGFIN,EQ,09-Jun-2020,260.9,263.0,268.3,251.65,252.95,253.6,261.41,6522766,1705098985.35,64463.0,1153332.0,17.68
LICHSGFIN,EQ,08-Jun-2020,261.85,268.5,271.3,257.4,260.7,260.9,265.04,6380530,1691066437.95,67224.0,1306925.0,20.48
LICHSGFIN,EQ,05-Jun-2020,245.15,247.0,263.4,246.2,263.1,261.85,255.59,10001033,2556143460.95,105031.0,2164112.0,21.64
LICHSGFIN,EQ,04-Jun-2020,255.35,255.35,259.45,242.2,245.5,245.15,249.95,8160275,2039684363.8,102410.0,1885612.0,23.11
LICHSGFIN,EQ,03-Jun-2020,253.65,257.95,263.5,253.6,255.6,255.35,259.46,7915565,2053787746.3,85851.0,1967051.0,24.85
LICHSGFIN,EQ,02-Jun-2020,250.55,252.4,258.4,250.45,253.15,253.65,253.9,10077265,2558659008.3,105954.0,2394856.0,23.76
LICHSGFIN,EQ,01-Jun-2020,239.55,243.0,255.8,242.35,249.8,250.55,249.42,10282270,2564584122.1,96264.0,2994202.0,29.12
LICHSGFIN,EQ,29-May-2020,244.65,240.0,242.5,236.5,238.3,239.55,239.53,8685430,2080418965.8,100445.0,2770478.0,31.90
LICHSGFIN,EQ,28-May-2020,248.3,249.0,252.5,241.4,244.1,244.65,247.7,6300244,1560540278.0,62076.0,1824925.0,28.97
LICHSGFIN,EQ,27-May-2020,239.6,241.15,251.3,234.45,248.35,248.3,240.5,8444516,2030872448.7,87711.0,2451647.0,29.03
LICHSGFIN,EQ,26-May-2020,241.05,241.75,243.95,232.6,238.8,239.6,237.97,5233253,1245340387.65,58675.0,757914.0,14.48
LICHSGFIN,EQ,22-May-2020,247.15,247.25,255.85,234.0,240.3,241.05,242.46,7884854,1911800323.9,78652.0,1152964.0,14.62
LICHSGFIN,EQ,21-May-2020,248.75,245.2,253.4,242.85,247.7,247.15,247.75,5131775,1271391395.2,57140.0,1208062.0,23.54
LICHSGFIN,EQ,20-May-2020,231.45,231.0,253.7,228.05,248.0,248.75,244.77,12543509,3070277070.8,115293.0,2256688.0,17.99
LICHSGFIN,EQ,19-May-2020,220.15,226.0,235.7,223.0,232.0,231.45,231.68,9721855,2252400996.35,90798.0,1711261.0,17.60
LICHSGFIN,EQ,18-May-2020,253.9,253.9,255.0,219.2,221.0,220.15,228.21,12187976,2781357609.35,138951.0,3314727.0,27.20
LICHSGFIN,EQ,15-May-2020,261.15,263.0,263.0,250.25,253.85,253.9,255.08,5383083,1373123362.95,66872.0,1381568.0,25.66
LICHSGFIN,EQ,14-May-2020,274.5,273.8,276.6,257.65,262.75,261.15,265.12,5665806,1502113123.45,62607.0,1179606.0,20.82
LICHSGFIN,EQ,13-May-2020,264.0,277.0,287.0,271.8,275.15,274.5,275.44,5917571,1629964889.4,65175.0,1644086.0,27.78
LICHSGFIN,EQ,12-May-2020,268.25,265.95,270.85,259.0,263.55,264.0,263.36,4606826,1213270508.85,54034.0,1020964.0,22.16
LICHSGFIN,EQ,11-May-2020,263.65,266.95,272.95,266.0,268.8,268.25,269.25,3440924,926453462.4,35543.0,804352.0,23.38
LICHSGFIN,EQ,08-May-2020,259.75,265.0,274.9,260.1,261.85,263.65,269.29,6130183,1650785683.35,72612.0,1035647.0,16.89
LICHSGFIN,EQ,07-May-2020,262.6,260.8,268.85,257.1,261.65,259.75,263.83,3577958,943971530.5,42293.0,440413.0,12.31
LICHSGFIN,EQ,06-May-2020,256.55,254.2,265.9,247.8,263.2,262.6,259.73,6320503,1641628792.75,74264.0,1046365.0,16.56
LICHSGFIN,EQ,05-May-2020,259.0,264.2,268.4,253.55,256.0,256.55,260.38,6046800,1574453679.75,73607.0,1125209.0,18.61
LICHSGFIN,EQ,04-May-2020,283.25,265.0,271.7,255.0,257.7,259.0,260.48,6598767,1718858139.3,80064.0,1719112.0,26.05
LICHSGFIN,EQ,30-Apr-2020,284.6,287.45,296.85,281.3,283.25,283.25,288.55,7040200,2031441062.25,71213.0,2352749.0,33.42
LICHSGFIN,EQ,29-Apr-2020,276.5,279.75,287.1,275.0,283.2,284.6,281.39,5898293,1659736717.9,69594.0,1216266.0,20.62
LICHSGFIN,EQ,28-Apr-2020,253.9,254.75,279.0,246.9,276.6,276.5,263.06,10505666,2763580481.05,119655.0,1430591.0,13.62
LICHSGFIN,EQ,27-Apr-2020,260.65,265.0,268.65,251.6,252.85,253.9,261.23,5366408,1401878428.3,66380.0,1476368.0,27.51
LICHSGFIN,EQ,24-Apr-2020,287.1,280.0,281.0,259.15,261.5,260.65,267.0,5394442,1440311738.4,71190.0,1374619.0,25.48
LICHSGFIN,EQ,23-Apr-2020,262.9,263.9,289.15,262.7,287.1,287.1,279.48,5453929,1524249631.4,64041.0,866758.0,15.89
LICHSGFIN,EQ,22-Apr-2020,262.3,262.5,265.6,252.3,265.0,262.9,258.24,3407536,879969886.95,60159.0,1048420.0,30.77
LICHSGFIN,EQ,21-Apr-2020,278.9,273.3,273.3,259.0,261.0,262.3,263.9,2491661,657551557.2,31577.0,451084.0,18.10
LICHSGFIN,EQ,20-Apr-2020,277.75,280.4,290.5,276.05,278.8,278.9,283.38,4686877,1328188821.2,53107.0,800011.0,17.07
LICHSGFIN,EQ,17-Apr-2020,257.3,268.4,280.3,263.9,278.1,277.75,273.37,7112575,1944367609.05,82378.0,833700.0,11.72
LICHSGFIN,EQ,16-Apr-2020,248.15,245.5,263.6,242.5,258.75,257.3,254.56,5566762,1417089504.9,69101.0,1205877.0,21.66
LICHSGFIN,EQ,15-Apr-2020,244.0,247.6,264.8,246.9,248.0,248.15,254.74,4768725,1214788183.4,76628.0,1058788.0,22.20
LICHSGFIN,EQ,13-Apr-2020,255.35,255.35,260.0,239.5,245.0,244.0,246.28,3828808,942954362.05,48343.0,,-
LICHSGFIN,EQ,09-Apr-2020,223.75,229.0,257.3,228.25,254.05,255.35,246.2,8389938,2065593156.2,91268.0,1450488.0,17.29
LICHSGFIN,EQ,08-Apr-2020,216.0,213.8,233.5,209.35,223.95,223.75,224.96,5249846,1180982903.6,62738.0,1024152.0,19.51
LICHSGFIN,EQ,07-Apr-2020,218.65,226.1,228.85,214.15,215.4,216.0,219.45,7014263,1539281745.0,86842.0,2686998.0,38.31
LICHSGFIN,EQ,03-Apr-2020,233.0,232.05,234.7,216.0,220.0,218.65,223.1,4702299,1049071427.8,83846.0,1745279.0,37.12
LICHSGFIN,EQ,01-Apr-2020,235.3,233.8,249.25,228.1,233.0,233.0,237.95,4921935,1171165248.6,65338.0,1102909.0,22.41
LICHSGFIN,EQ,31-Mar-2020,228.9,236.0,240.8,230.5,236.25,235.3,235.42,2825559,665198495.85,38416.0,905110.0,32.03
LICHSGFIN,EQ,30-Mar-2020,237.25,232.25,233.8,221.1,229.1,228.9,227.57,3012842,685629666.8,36219.0,769707.0,25.55
LICHSGFIN,EQ,27-Mar-2020,228.6,240.0,254.0,227.5,238.55,237.25,238.86,5047844,1205736465.75,66573.0,1152355.0,22.83
LICHSGFIN,EQ,26-Mar-2020,210.25,210.3,252.3,206.25,230.45,228.6,233.9,8492264,1986364890.9,134397.0,2596039.0,30.57
LICHSGFIN,EQ,25-Mar-2020,192.3,189.8,220.9,185.25,210.25,210.25,203.36,4682660,952266885.6,61318.0,1032933.0,22.06
LICHSGFIN,EQ,24-Mar-2020,192.45,195.3,211.65,186.9,192.3,192.3,195.38,4544622,887947873.0,60692.0,1091185.0,24.01
LICHSGFIN,EQ,23-Mar-2020,225.05,208.8,213.5,189.65,192.3,192.45,197.99,2447728,484629786.7,40281.0,818279.0,33.43
LICHSGFIN,EQ,20-Mar-2020,223.55,230.0,234.1,218.05,225.05,225.05,225.32,5337932,1202754014.35,68238.0,1379320.0,25.84
LICHSGFIN,EQ,19-Mar-2020,226.8,215.4,237.8,209.2,226.0,223.55,223.37,3946558,881526645.05,50050.0,941401.0,23.85
LICHSGFIN,EQ,18-Mar-2020,251.2,259.4,261.1,224.05,227.25,226.8,239.27,4501419,1077072974.2,65219.0,870860.0,19.35
LICHSGFIN,EQ,17-Mar-2020,255.45,259.0,273.8,247.1,251.75,251.2,260.37,3603901,938361683.35,43005.0,703910.0,19.53
LICHSGFIN,EQ,16-Mar-2020,280.25,269.05,269.5,253.4,255.3,255.45,262.31,4128992,1083080796.4,74291.0,1268031.0,30.71
LICHSGFIN,EQ,13-Mar-2020,255.35,232.0,283.65,227.75,280.1,280.25,264.98,5702395,1510999741.3,84224.0,1586673.0,27.82
LICHSGFIN,EQ,12-Mar-2020,288.55,272.2,282.0,252.5,257.6,255.35,265.87,6961289,1850821618.8,65766.0,1852568.0,26.61
LICHSGFIN,EQ,11-Mar-2020,284.4,281.0,295.75,280.0,288.95,288.55,289.99,5187921,1504434163.4,82518.0,1606803.0,30.97
LICHSGFIN,EQ,09-Mar-2020,302.3,288.0,293.7,281.5,284.4,284.4,287.33,3326536,955829837.65,43637.0,831016.0,24.98
LICHSGFIN,EQ,06-Mar-2020,320.4,305.0,305.8,292.65,302.1,302.3,299.59,6584254,1972548314.8,69985.0,1485292.0,22.56
LICHSGFIN,EQ,05-Mar-2020,320.9,325.0,327.75,318.0,320.6,320.4,322.56,3455654,1114665939.6,39339.0,480495.0,13.90
LICHSGFIN,EQ,04-Mar-2020,330.0,330.0,331.35,315.0,320.65,320.9,321.85,3812349,1227004640.75,44926.0,584759.0,15.34
LICHSGFIN,EQ,03-Mar-2020,322.45,325.0,334.0,322.5,330.9,330.0,329.51,3211488,1058220306.3,37542.0,619689.0,19.30
LICHSGFIN,EQ,02-Mar-2020,320.25,327.25,335.5,318.0,325.1,322.45,329.1,5472696,1801068895.85,57120.0,1244668.0,22.74
LICHSGFIN,EQ,28-Feb-2020,336.35,328.0,330.0,317.25,319.1,320.25,323.57,7698998,2491163429.0,78711.0,2588312.0,33.62
LICHSGFIN,EQ,27-Feb-2020,348.15,349.5,349.5,333.55,337.0,336.35,338.08,5684574,1921831458.85,60003.0,1303529.0,22.93
LICHSGFIN,EQ,26-Feb-2020,350.7,349.65,354.0,344.65,347.5,348.15,349.2,4281773,1495198122.0,48508.0,1039948.0,24.29
LICHSGFIN,EQ,25-Feb-2020,348.3,351.0,354.8,345.2,351.2,350.7,350.68,4523258,1586196205.1,52093.0,1005179.0,22.22
LICHSGFIN,EQ,24-Feb-2020,364.6,357.95,361.7,346.4,349.6,348.3,354.05,6748965,2389466722.8,79119.0,2261143.0,33.50
LICHSGFIN,EQ,20-Feb-2020,366.2,362.25,375.65,362.25,364.4,364.6,368.79,6059345,2234633489.3,69067.0,1077143.0,17.78
LICHSGFIN,EQ,19-Feb-2020,363.95,366.95,374.4,361.25,365.3,366.2,366.38,6880554,2520870499.5,66926.0,1140256.0,16.57
LICHSGFIN,EQ,18-Feb-2020,379.85,380.0,382.0,354.3,363.25,363.95,362.17,18284085,6621901052.4,183523.0,3184534.0,17.42
LICHSGFIN,EQ,17-Feb-2020,412.3,399.0,399.0,351.1,380.5,379.85,377.14,36528007,13776199153.9,360867.0,7759367.0,21.24
LICHSGFIN,EQ,14-Feb-2020,424.4,427.0,431.0,408.45,412.8,412.3,417.68,2817526,1176831328.0,52537.0,791910.0,28.11
LICHSGFIN,EQ,13-Feb-2020,422.7,421.0,428.0,420.3,424.6,424.4,424.56,1997695,848141614.05,27026.0,366880.0,18.37
LICHSGFIN,EQ,12-Feb-2020,434.05,434.65,439.8,415.45,423.05,422.7,426.33,4796478,2044860130.55,61768.0,727200.0,15.16
LICHSGFIN,EQ,11-Feb-2020,429.85,431.6,441.95,431.6,432.95,434.05,436.85,2570044,1122719471.1,37272.0,486350.0,18.92
LICHSGFIN,EQ,10-Feb-2020,441.15,441.85,441.85,425.6,430.65,429.85,431.12,3250307,1401270542.6,45038.0,916603.0,28.20
LICHSGFIN,EQ,07-Feb-2020,437.45,437.5,445.45,433.75,438.45,441.15,439.67,6479095,2848662917.8,66570.0,1731493.0,26.72
LICHSGFIN,EQ,06-Feb-2020,404.75,407.25,441.6,403.25,437.65,437.45,427.07,12153792,5190470727.35,123955.0,1942487.0,15.98
LICHSGFIN,EQ,05-Feb-2020,393.05,395.9,407.8,386.35,404.0,404.75,396.92,7091563,2814782219.6,81033.0,2192538.0,30.92
LICHSGFIN,EQ,04-Feb-2020,391.65,394.9,400.35,390.6,393.2,393.05,394.88,5302040,2093665865.95,62527.0,1606345.0,30.30
LICHSGFIN,EQ,03-Feb-2020,402.3,402.0,412.25,382.15,389.2,391.65,390.76,13599915,5314356809.05,152573.0,3403378.0,25.02
LICHSGFIN,EQ,01-Feb-2020,437.7,441.9,463.95,396.1,406.2,402.3,432.04,14442922,6239862487.25,176136.0,3486288.0,24.14
LICHSGFIN,EQ,31-Jan-2020,440.95,440.95,444.5,425.0,440.0,437.7,435.52,7580796,3301621420.15,85621.0,2057349.0,27.14
LICHSGFIN,EQ,30-Jan-2020,458.85,459.85,461.85,435.1,440.15,440.95,448.72,6149923,2759609535.75,98768.0,1273483.0,20.71
LICHSGFIN,EQ,29-Jan-2020,457.7,459.15,465.0,456.0,458.2,458.85,460.97,2990594,1378575602.35,46042.0,901045.0,30.13
LICHSGFIN,EQ,28-Jan-2020,452.9,452.0,461.6,447.6,457.5,457.7,456.75,4515453,2062421285.05,66754.0,1785205.0,39.54
LICHSGFIN,EQ,27-Jan-2020,462.15,460.0,461.0,450.35,451.0,452.9,454.66,2365406,1075458475.45,26782.0,648224.0,27.40
LICHSGFIN,EQ,24-Jan-2020,476.5,476.0,476.0,458.8,462.5,462.15,466.95,3578017,1670757627.8,43347.0,1155469.0,32.29
LICHSGFIN,EQ,23-Jan-2020,476.85,476.0,483.85,473.2,476.25,476.5,478.81,3383538,1620066201.8,39342.0,1060936.0,31.36
LICHSGFIN,EQ,22-Jan-2020,478.4,483.55,483.55,472.25,476.25,476.85,477.78,3834127,1831851794.55,41014.0,1273849.0,33.22
LICHSGFIN,EQ,21-Jan-2020,463.35,462.0,486.75,459.65,478.75,478.4,476.08,6905432,3287572437.95,82813.0,1974813.0,28.60
LICHSGFIN,EQ,20-Jan-2020,466.65,467.0,474.8,461.85,462.55,463.35,469.65,3519666,1653008088.45,58133.0,1437533.0,40.84
LICHSGFIN,EQ,17-Jan-2020,470.4,469.7,470.95,458.0,465.2,466.65,464.96,3481469,1618737488.65,62855.0,1228311.0,35.28
LICHSGFIN,EQ,16-Jan-2020,456.95,459.9,474.3,458.0,470.0,470.4,468.45,3984810,1866685180.5,65205.0,1271241.0,31.90
LICHSGFIN,EQ,15-Jan-2020,453.0,449.35,459.45,447.5,458.85,456.95,452.95,1830488,829111368.85,26233.0,364216.0,19.90
LICHSGFIN,EQ,14-Jan-2020,453.5,453.0,456.85,445.05,452.0,453.0,452.0,3133130,1416184949.35,51477.0,998226.0,31.86
LICHSGFIN,EQ,13-Jan-2020,440.35,442.0,455.35,441.0,453.0,453.5,451.38,3344728,1509747674.8,36302.0,713153.0,21.32
LICHSGFIN,EQ,10-Jan-2020,438.85,441.55,447.55,437.15,439.6,440.35,441.82,2540163,1122307133.6,31648.0,504528.0,19.86
LICHSGFIN,EQ,09-Jan-2020,420.7,428.4,440.45,427.0,438.6,438.85,435.23,3614762,1573259207.35,70434.0,1062318.0,29.39
LICHSGFIN,EQ,08-Jan-2020,419.45,409.0,422.4,408.25,420.65,420.7,417.6,2920226,1219479693.1,46526.0,576010.0,19.72
LICHSGFIN,EQ,07-Jan-2020,415.85,419.05,427.0,417.45,418.5,419.45,421.67,3536373,1491189981.3,39267.0,784807.0,22.19
LICHSGFIN,EQ,06-Jan-2020,439.4,439.7,439.7,414.55,415.85,415.85,422.31,2921253,1233673308.4,34974.0,824240.0,28.22
LICHSGFIN,EQ,03-Jan-2020,456.25,456.0,456.0,437.55,440.25,439.4,443.82,2964293,1315611298.25,39197.0,709810.0,23.95
LICHSGFIN,EQ,02-Jan-2020,431.8,433.9,457.75,432.65,457.0,456.25,447.77,4129562,1849098321.85,45873.0,937263.0,22.70
LICHSGFIN,EQ,01-Jan-2020,434.15,436.0,438.45,430.4,432.3,431.8,433.22,1472079,637735271.2,13828.0,285683.0,19.41
LICHSGFIN,EQ,31-Dec-2019,438.95,437.7,443.95,432.3,433.85,434.15,438.04,2261854,990783585.4,29900.0,548368.0,24.24
LICHSGFIN,EQ,30-Dec-2019,441.6,442.05,442.65,435.1,438.1,438.95,438.42,2105419,923056662.8,25226.0,546442.0,25.95
LICHSGFIN,EQ,28-Dec-2021,364.95,365.9,371.5,365.5,370.1,370.1,369.29,2003215,739767112.05,21728.0,870659.0,43.46
LICHSGFIN,EQ,27-Dec-2021,355.9,354.75,365.9,350.0,365.4,364.95,359.88,2415160,869164776.75,41224.0,594343.0,24.61
LICHSGFIN,EQ,24-Dec-2021,363.3,366.6,366.6,354.35,356.1,355.9,358.31,1408649,504734321.05,20780.0,301705.0,21.42
LICHSGFIN,EQ,23-Dec-2021,351.75,355.4,367.6,354.55,363.8,363.3,362.42,3177147,1151455456.5,40750.0,819038.0,25.78
LICHSGFIN,EQ,22-Dec-2021,343.5,344.65,352.75,344.65,352.5,351.75,348.63,1578995,550479380.85,20358.0,450288.0,28.52
LICHSGFIN,EQ,21-Dec-2021,346.95,351.0,355.0,341.2,344.45,343.5,348.62,2334572,813881504.7,34726.0,867481.0,37.16
LICHSGFIN,EQ,20-Dec-2021,364.6,361.8,361.8,339.75,346.95,346.95,348.97,3126110,1090932128.6,59266.0,1048455.0,33.54
LICHSGFIN,EQ,17-Dec-2021,376.15,376.3,377.65,362.0,363.65,364.6,368.14,2323032,855212341.25,33397.0,1003569.0,43.2
LICHSGFIN,EQ,16-Dec-2021,382.85,385.65,386.2,373.5,376.0,376.15,378.17,2059546,778855712.35,25829.0,1052676.0,51.11
LICHSGFIN,EQ,15-Dec-2021,386.2,388.0,388.0,382.05,382.4,382.85,384.45,1313997,505161558.4,21081.0,488284.0,37.16
LICHSGFIN,EQ,14-Dec-2021,389.15,386.0,387.55,381.15,386.0,386.2,384.75,1926062,741050767.85,27071.0,684382.0,35.53
LICHSGFIN,EQ,13-Dec-2021,394.1,397.7,399.2,388.0,389.25,389.15,393.69,1595959,628307090.7,24996.0,694629.0,43.52
LICHSGFIN,EQ,10-Dec-2021,394.2,393.9,394.75,389.4,394.05,394.1,392.37,1315332,516099886.25,22575.0,580058.0,44.1
LICHSGFIN,EQ,09-Dec-2021,389.75,386.0,396.45,386.0,394.85,394.2,392.58,1818633,713963472.35,23868.0,613167.0,33.72
LICHSGFIN,EQ,08-Dec-2021,383.95,387.0,391.75,385.85,389.55,389.75,389.32,1166296,454061011.45,18896.0,388007.0,33.27
LICHSGFIN,EQ,07-Dec-2021,378.7,380.75,386.0,378.85,383.7,383.95,383.09,1464421,560997990.6,27256.0,478263.0,32.66
LICHSGFIN,EQ,06-Dec-2021,382.1,384.95,386.6,377.1,378.4,378.7,382.17,1330006,508286791.45,21388.0,305133.0,22.94
LICHSGFIN,EQ,03-Dec-2021,378.65,379.9,389.0,379.15,382.65,382.1,384.75,1648472,634247548.5,27099.0,352674.0,21.39
LICHSGFIN,EQ,02-Dec-2021,375.15,375.5,380.0,373.45,378.9,378.65,377.61,2470937,933050476.75,33953.0,1592016.0,64.43
LICHSGFIN,EQ,01-Dec-2021,372.1,374.0,377.95,370.25,375.9,375.15,374.38,2149966,804912146.4,30641.0,873989.0,40.65
LICHSGFIN,EQ,30-Nov-2021,374.85,377.4,385.25,371.0,371.6,372.1,376.72,2402727,905144114.15,48272.0,937523.0,39.02
LICHSGFIN,EQ,29-Nov-2021,379.15,376.0,379.4,367.0,375.15,374.85,375.5,2575385,967054849.9,54536.0,1097777.0,42.63
LICHSGFIN,EQ,26-Nov-2021,396.25,392.0,393.8,377.35,378.6,379.15,384.74,2705393,1040872150.0,69207.0,1008998.0,37.3
LICHSGFIN,EQ,25-Nov-2021,399.75,400.55,401.9,393.0,396.8,396.25,396.05,2002569,793126579.0,32446.0,626964.0,31.31
LICHSGFIN,EQ,24-Nov-2021,401.3,404.0,407.95,399.1,400.2,399.75,403.74,1980365,799560555.6,37328.0,495065.0,25.0
LICHSGFIN,EQ,23-Nov-2021,395.4,395.0,404.45,388.6,401.55,401.3,397.78,2549831,1014281599.0,34022.0,611210.0,23.97
LICHSGFIN,EQ,22-Nov-2021,405.8,405.5,406.4,391.8,396.55,395.4,397.02,2694794,1069878994.2,52572.0,962280.0,35.71
LICHSGFIN,EQ,18-Nov-2021,409.85,409.3,412.55,403.5,405.1,405.8,407.64,1569199,639673531.8,28488.0,481306.0,30.67
LICHSGFIN,EQ,17-Nov-2021,415.3,414.0,416.8,409.0,409.25,409.85,413.13,1318483,544704863.9,24350.0,340850.0,25.85
LICHSGFIN,EQ,16-Nov-2021,425.85,424.5,425.55,412.1,413.4,415.3,418.49,1710229,715720820.95,35685.0,816272.0,47.73
LICHSGFIN,EQ,15-Nov-2021,431.05,433.25,433.25,420.3,424.95,425.85,425.2,2106267,895585558.1,40242.0,667872.0,31.71
LICHSGFIN,EQ,12-Nov-2021,427.6,430.9,433.5,426.1,430.45,431.05,430.26,2393294,1029746294.4,44848.0,943780.0,39.43
LICHSGFIN,EQ,11-Nov-2021,438.9,439.0,440.3,425.55,428.0,427.6,432.27,1936889,837257360.3,24160.0,822307.0,42.46
LICHSGFIN,EQ,10-Nov-2021,433.65,430.0,439.95,429.7,439.6,438.9,437.66,1813080,793513097.45,25276.0,742750.0,40.97
LICHSGFIN,EQ,09-Nov-2021,432.75,435.7,438.5,430.5,433.75,433.65,434.81,1517814,659965676.8,21977.0,497165.0,32.76
LICHSGFIN,EQ,08-Nov-2021,426.8,425.0,434.5,425.0,433.0,432.75,431.24,1485301,640520069.3,26146.0,630006.0,42.42
LICHSGFIN,EQ,04-Nov-2021,425.65,428.7,429.0,425.0,426.65,426.8,427.4,264474,113035718.4,8631.0,163709.0,61.9
LICHSGFIN,EQ,03-Nov-2021,425.2,427.95,430.3,422.1,424.9,425.65,426.4,1566002,667748753.1,26853.0,516410.0,32.98
LICHSGFIN,EQ,02-Nov-2021,415.75,415.7,426.0,415.15,426.0,425.2,421.95,2324123,980670768.8,32452.0,784459.0,33.75
LICHSGFIN,EQ,01-Nov-2021,406.85,407.0,416.8,407.0,415.9,415.75,413.26,2187265,903907491.75,46759.0,638113.0,29.17
LICHSGFIN,EQ,29-Oct-2021,403.5,403.5,412.7,396.2,407.0,406.85,406.6,1976377,803597943.55,30595.0,460461.0,23.3
LICHSGFIN,EQ,28-Oct-2021,411.95,411.95,413.35,401.1,403.4,403.5,408.68,2444801,999142429.1,47490.0,910156.0,37.23
LICHSGFIN,EQ,27-Oct-2021,405.8,407.5,413.9,407.05,410.65,411.95,410.47,2599738,1067120962.9,38292.0,1184941.0,45.58
LICHSGFIN,EQ,26-Oct-2021,401.2,401.85,408.2,398.65,406.0,405.8,405.47,2967467,1203228950.1,55484.0,1190304.0,40.11
LICHSGFIN,EQ,25-Oct-2021,408.5,410.0,411.35,394.05,400.5,401.2,399.55,4804856,1919769601.45,101218.0,1812004.0,37.71
LICHSGFIN,EQ,22-Oct-2021,440.0,416.0,419.7,403.6,409.0,408.5,409.62,15675738,6421020633.25,228212.0,7711161.0,49.19
LICHSGFIN,EQ,21-Oct-2021,435.35,437.25,443.5,433.0,441.4,440.0,438.69,2342863,1027783475.65,33981.0,533327.0,22.76
LICHSGFIN,EQ,20-Oct-2021,443.3,445.0,447.4,432.0,435.75,435.35,438.15,3303840,1447581633.85,56221.0,1265620.0,38.31
LICHSGFIN,EQ,19-Oct-2021,455.3,460.0,462.5,441.0,442.0,443.3,452.18,3750940,1696096714.5,53088.0,1054515.0,28.11
LICHSGFIN,EQ,18-Oct-2021,443.3,451.0,459.85,445.85,456.75,455.3,454.59,6146509,2794156099.4,81237.0,2252633.0,36.65
LICHSGFIN,EQ,14-Oct-2021,446.65,449.0,449.8,441.55,444.0,443.3,445.11,1581427,703905135.65,28372.0,658434.0,41.64
LICHSGFIN,EQ,13-Oct-2021,445.5,446.5,454.55,444.5,446.85,446.65,450.61,2640354,1189770595.1,39143.0,687977.0,26.06
LICHSGFIN,EQ,12-Oct-2021,443.65,443.65,449.0,441.5,445.0,445.5,445.56,1694161,754854764.35,27003.0,553238.0,32.66
LICHSGFIN,EQ,11-Oct-2021,442.25,443.0,446.8,440.45,444.0,443.65,444.11,1424927,632829337.3,21691.0,480861.0,33.75
LICHSGFIN,EQ,08-Oct-2021,443.65,447.8,449.5,441.45,442.0,442.25,444.86,1586933,705960321.2,26650.0,397408.0,25.04
LICHSGFIN,EQ,07-Oct-2021,436.3,440.8,448.8,439.8,443.85,443.65,445.04,2043783,909558696.55,27721.0,724654.0,35.46
LICHSGFIN,EQ,06-Oct-2021,447.75,449.5,452.85,435.1,435.85,436.3,443.47,3114348,1381133046.45,46115.0,1103095.0,35.42
LICHSGFIN,EQ,05-Oct-2021,444.9,444.5,451.45,440.1,447.5,447.75,446.35,3454051,1541726428.45,50681.0,1375534.0,39.82
LICHSGFIN,EQ,04-Oct-2021,427.95,430.5,447.5,428.8,444.1,444.9,442.8,5122107,2268046410.75,73093.0,1665784.0,32.52
LICHSGFIN,EQ,01-Oct-2021,427.05,425.0,430.5,422.0,427.6,427.95,426.4,2166469,923786494.95,29305.0,764499.0,35.29
LICHSGFIN,EQ,30-Sep-2021,434.95,431.0,435.5,425.7,426.95,427.05,429.55,5230575,2246816648.95,43306.0,1824332.0,34.88
LICHSGFIN,EQ,29-Sep-2021,438.25,435.95,440.5,428.7,434.55,434.95,434.67,2625582,1141273305.2,37219.0,903240.0,34.4
LICHSGFIN,EQ,28-Sep-2021,434.95,438.0,443.3,432.5,437.5,438.25,438.6,5295557,2322624464.0,68599.0,2182022.0,41.2
LICHSGFIN,EQ,27-Sep-2021,429.25,432.8,437.65,428.2,435.8,434.95,433.28,2673462,1158355451.0,39902.0,885488.0,33.12
LICHSGFIN,EQ,24-Sep-2021,440.85,443.85,443.85,426.75,428.9,429.25,434.09,3209523,1393214046.3,42423.0,721922.0,22.49
LICHSGFIN,EQ,23-Sep-2021,430.7,435.3,443.6,433.35,440.3,440.85,439.78,6742478,2965193400.8,89989.0,2570031.0,38.12
LICHSGFIN,EQ,22-Sep-2021,407.45,409.5,435.9,408.7,430.45,430.7,426.6,9562593,4079369038.85,113392.0,3700700.0,38.7
LICHSGFIN,EQ,21-Sep-2021,404.4,403.95,409.8,395.6,408.2,407.45,403.19,3332459,1343621866.25,47615.0,1169728.0,35.1
LICHSGFIN,EQ,20-Sep-2021,417.75,415.95,418.0,401.1,403.0,404.4,411.71,2754504,1134052909.35,39731.0,1173863.0,42.62
LICHSGFIN,EQ,17-Sep-2021,416.95,418.0,422.95,414.3,417.4,417.75,418.46,5814289,2433064417.45,62192.0,2670572.0,45.93
LICHSGFIN,EQ,16-Sep-2021,420.5,416.3,420.3,413.6,417.0,416.95,416.61,3944321,1643260600.8,40949.0,1767733.0,44.82
LICHSGFIN,EQ,15-Sep-2021,419.6,420.0,423.3,418.5,420.0,420.5,420.43,2631861,1106507707.2,30680.0,1241582.0,47.18
LICHSGFIN,EQ,14-Sep-2021,419.55,420.0,421.95,417.15,419.7,419.6,419.42,1971764,826998871.9,25959.0,925857.0,46.96
LICHSGFIN,EQ,13-Sep-2021,419.05,421.0,421.95,416.2,418.95,419.55,419.74,3346927,1404828745.45,43253.0,1710307.0,51.1
LICHSGFIN,EQ,09-Sep-2021,418.45,417.5,427.25,412.2,418.55,419.05,420.64,6628482,2788184407.15,91185.0,1532306.0,23.12
LICHSGFIN,EQ,08-Sep-2021,423.95,427.8,428.45,415.0,418.2,418.45,421.15,5299728,2231999872.4,74683.0,1633123.0,30.82
LICHSGFIN,EQ,07-Sep-2021,404.8,406.0,425.1,403.2,425.1,423.95,417.35,7757017,3237423480.25,91349.0,1970133.0,25.4
LICHSGFIN,EQ,06-Sep-2021,407.2,409.1,409.4,404.25,406.0,404.8,405.87,1278306,518826562.1,20791.0,534231.0,41.79
LICHSGFIN,EQ,03-Sep-2021,409.75,411.8,414.6,405.5,406.95,407.2,409.29,3539668,1448736803.5,40744.0,755950.0,21.36
LICHSGFIN,EQ,02-Sep-2021,408.25,409.0,413.65,406.1,409.35,409.75,410.28,2570732,1054715966.35,39256.0,855000.0,33.26
LICHSGFIN,EQ,01-Sep-2021,402.25,403.0,410.0,402.25,408.0,408.25,406.82,2816217,1145704130.15,41842.0,754883.0,26.8
LICHSGFIN,EQ,31-Aug-2021,397.4,398.4,406.5,394.7,401.6,402.25,400.97,5154473,2066808558.05,55022.0,1529489.0,29.67
LICHSGFIN,EQ,30-Aug-2021,387.75,391.0,398.15,389.55,397.4,397.4,394.62,3049154,1203258331.8,37481.0,1110674.0,36.43
LICHSGFIN,EQ,27-Aug-2021,386.25,389.5,391.8,385.1,387.4,387.75,388.53,3913112,1520372378.8,55295.0,1116143.0,28.52
LICHSGFIN,EQ,26-Aug-2021,384.65,386.85,391.65,382.35,387.95,386.25,386.23,5460351,2108934842.9,58253.0,1754241.0,32.13
LICHSGFIN,EQ,25-Aug-2021,378.05,381.45,390.35,379.8,384.95,384.65,385.65,4290066,1654476819.9,52524.0,961168.0,22.4
LICHSGFIN,EQ,24-Aug-2021,367.5,368.0,379.5,367.25,377.8,378.05,373.53,3221230,1203216115.65,40347.0,847328.0,26.3
LICHSGFIN,EQ,23-Aug-2021,375.5,376.85,381.0,365.1,366.2,367.5,372.13,2462085,916211243.45,42510.0,732272.0,29.74
LICHSGFIN,EQ,20-Aug-2021,384.75,380.0,384.85,374.55,375.15,375.5,379.91,3045747,1157115501.3,55631.0,993182.0,32.61
LICHSGFIN,EQ,18-Aug-2021,387.8,389.0,391.0,384.05,384.7,384.75,386.06,2999565,1157998030.05,35717.0,1192603.0,39.76
LICHSGFIN,EQ,17-Aug-2021,393.3,392.95,395.8,385.0,387.7,387.8,390.18,2353242,918185866.05,48062.0,1110530.0,47.19
LICHSGFIN,EQ,16-Aug-2021,398.15,398.15,398.95,392.25,392.95,393.3,394.4,1291038,509180193.65,23778.0,359731.0,27.86
LICHSGFIN,EQ,13-Aug-2021,400.45,401.9,404.3,396.05,397.65,398.15,400.49,2505173,1003308075.85,41467.0,686602.0,27.41
LICHSGFIN,EQ,12-Aug-2021,393.65,395.0,402.05,393.35,401.5,400.45,398.36,1988927,792314481.15,28298.0,579550.0,29.14
LICHSGFIN,EQ,11-Aug-2021,396.25,397.0,399.0,384.3,393.9,393.65,390.53,3140051,1226277554.0,49765.0,876725.0,27.92
LICHSGFIN,EQ,10-Aug-2021,406.5,406.5,408.1,393.5,396.0,396.25,400.39,2630683,1053298281.35,43617.0,937093.0,35.62
LICHSGFIN,EQ,09-Aug-2021,405.35,406.0,411.5,403.0,406.0,406.5,406.6,2635416,1071551292.8,35399.0,661698.0,25.11
LICHSGFIN,EQ,06-Aug-2021,408.2,409.9,413.0,405.0,405.35,405.35,407.83,4054006,1653339379.25,63812.0,2300339.0,56.74
LICHSGFIN,EQ,05-Aug-2021,409.6,412.0,413.45,403.5,408.2,408.2,406.75,4640244,1887441062.5,70880.0,1803986.0,38.88
LICHSGFIN,EQ,04-Aug-2021,405.9,407.85,416.85,407.7,410.45,409.6,412.33,7310197,3014202815.85,95786.0,2828214.0,38.69
LICHSGFIN,EQ,03-Aug-2021,407.85,410.0,411.1,404.25,405.7,405.9,406.2,3660503,1486882999.4,61512.0,1671362.0,45.66
LICHSGFIN,EQ,02-Aug-2021,410.45,414.0,414.15,406.0,407.95,407.85,408.19,3970987,1620900831.55,63856.0,1900893.0,47.87
LICHSGFIN,EQ,30-Jul-2021,414.9,408.0,417.35,406.1,410.45,410.45,410.92,7898855,3245817275.25,115449.0,3649166.0,46.2
LICHSGFIN,EQ,29-Jul-2021,433.05,435.2,440.1,412.4,413.0,414.9,424.13,9397186,3985610394.95,126327.0,2277715.0,24.24
LICHSGFIN,EQ,28-Jul-2021,443.85,444.95,444.95,430.15,434.35,433.05,435.8,2453304,1069152937.5,45018.0,529065.0,21.57
LICHSGFIN,EQ,27-Jul-2021,442.65,444.0,448.5,440.45,444.0,443.85,444.92,2107606,937720671.5,31916.0,637581.0,30.25
LICHSGFIN,EQ,26-Jul-2021,454.5,454.0,455.95,441.0,442.3,442.65,447.69,2959560,1324966433.15,53110.0,1397689.0,47.23
LICHSGFIN,EQ,23-Jul-2021,457.4,457.4,461.9,453.1,454.0,454.5,456.7,1111818,507771567.3,22773.0,309604.0,27.85
LICHSGFIN,EQ,22-Jul-2021,453.65,455.5,460.35,454.0,456.8,457.4,457.08,1124064,513788267.0,21440.0,282011.0,25.09
LICHSGFIN,EQ,20-Jul-2021,460.75,460.0,461.3,452.4,453.05,453.65,456.37,1268081,578719441.65,29755.0,427784.0,33.73
LICHSGFIN,EQ,19-Jul-2021,468.5,465.0,466.0,458.0,461.0,460.75,462.1,1527570,705892884.95,24574.0,544930.0,35.67
LICHSGFIN,EQ,16-Jul-2021,470.0,472.3,472.75,467.6,468.0,468.5,470.2,765330,359861044.15,14345.0,232786.0,30.42
LICHSGFIN,EQ,15-Jul-2021,471.55,474.1,474.7,468.5,470.05,470.0,471.12,1653707,779088232.6,26673.0,508928.0,30.77
LICHSGFIN,EQ,14-Jul-2021,461.9,462.0,472.75,461.1,471.55,471.55,467.63,3152495,1474208503.0,40251.0,1071415.0,33.99
LICHSGFIN,EQ,13-Jul-2021,461.8,464.5,464.6,456.1,461.8,461.9,459.97,3402638,1565112169.7,47983.0,1689306.0,49.65
LICHSGFIN,EQ,12-Jul-2021,455.75,459.9,467.85,457.2,462.5,461.8,463.41,3495351,1619786844.25,48816.0,859672.0,24.59
LICHSGFIN,EQ,09-Jul-2021,461.2,460.15,461.05,454.15,455.9,455.75,456.14,2920766,1332270806.65,42735.0,1680481.0,57.54
LICHSGFIN,EQ,08-Jul-2021,464.65,465.0,470.15,459.5,460.7,461.2,463.61,1702020,789077698.8,27911.0,569501.0,33.46
LICHSGFIN,EQ,07-Jul-2021,466.55,466.0,468.1,462.0,465.0,464.65,464.27,1227335,569813980.3,18562.0,353513.0,28.8
LICHSGFIN,EQ,06-Jul-2021,471.55,471.4,473.8,465.55,466.75,466.55,470.74,1487156,700059217.45,28216.0,493398.0,33.18
LICHSGFIN,EQ,05-Jul-2021,465.8,467.95,473.9,467.8,471.5,471.55,470.46,1838511,864946637.4,24923.0,576196.0,31.34
LICHSGFIN,EQ,02-Jul-2021,470.25,470.95,473.2,464.5,466.3,465.8,467.73,1810350,846760904.85,26668.0,663371.0,36.64
LICHSGFIN,EQ,01-Jul-2021,470.0,470.7,475.3,468.7,470.8,470.25,472.15,1832833,865370107.0,24883.0,636012.0,34.7
LICHSGFIN,EQ,30-Jun-2021,473.25,476.55,476.55,469.2,470.2,470.0,471.18,2374997,1119054963.65,39727.0,819764.0,34.52
LICHSGFIN,EQ,29-Jun-2021,468.2,468.2,478.0,467.55,473.6,473.25,473.6,3894114,1844255148.35,51984.0,1383518.0,35.53
LICHSGFIN,EQ,28-Jun-2021,467.7,469.0,472.0,467.05,467.7,468.2,468.64,2350223,1101403368.25,42928.0,725969.0,30.89
LICHSGFIN,EQ,25-Jun-2021,457.65,469.0,475.75,462.55,467.4,467.7,467.73,6646669,3108862533.15,98705.0,1501742.0,22.59
LICHSGFIN,EQ,24-Jun-2021,464.85,467.5,468.0,456.6,458.45,457.65,461.16,2776186,1280254891.5,41661.0,1353979.0,48.77
LICHSGFIN,EQ,23-Jun-2021,472.0,474.7,475.5,463.65,464.6,464.85,469.34,2930478,1375390148.4,53949.0,1326286.0,45.26
LICHSGFIN,EQ,22-Jun-2021,470.25,475.0,479.7,471.0,471.1,472.0,475.32,4259196,2024476421.55,61261.0,1216892.0,28.57
LICHSGFIN,EQ,21-Jun-2021,469.9,462.0,472.25,455.85,469.9,470.25,467.11,5146025,2403760770.0,82677.0,1623902.0,31.56
LICHSGFIN,EQ,18-Jun-2021,482.1,485.05,486.5,458.65,470.4,469.9,468.39,9310454,4360925142.0,135361.0,2516980.0,27.03
LICHSGFIN,EQ,17-Jun-2021,495.05,494.5,498.0,478.4,480.0,482.1,489.13,9889063,4836997831.3,127944.0,3869306.0,39.13
LICHSGFIN,EQ,16-Jun-2021,521.7,507.0,517.2,492.55,493.5,495.05,504.3,13264071,6689014627.7,173529.0,2571180.0,19.38
LICHSGFIN,EQ,15-Jun-2021,524.35,527.9,527.9,520.6,522.0,521.7,523.81,3287418,1721977244.55,46361.0,802645.0,24.42
LICHSGFIN,EQ,14-Jun-2021,522.15,524.0,527.8,508.05,524.15,524.35,518.96,4034696,2093841653.6,67368.0,702924.0,17.42
LICHSGFIN,EQ,11-Jun-2021,527.15,531.8,542.45,519.0,522.0,522.15,529.46,7851831,4157267051.75,97311.0,1339199.0,17.06
LICHSGFIN,EQ,10-Jun-2021,507.85,510.8,528.9,508.5,528.5,527.15,519.64,4352745,2261873013.85,62050.0,903013.0,20.75
LICHSGFIN,EQ,09-Jun-2021,514.7,517.6,523.0,504.5,508.15,507.85,514.61,3772128,1941165461.25,59712.0,908416.0,24.08
LICHSGFIN,EQ,08-Jun-2021,520.3,521.0,526.05,510.7,514.8,514.7,517.62,3611262,1869248779.15,54164.0,929396.0,25.74
LICHSGFIN,EQ,07-Jun-2021,530.2,534.55,534.9,518.15,519.6,520.3,522.71,5418112,2832124261.3,71942.0,824889.0,15.22
LICHSGFIN,EQ,04-Jun-2021,499.6,503.0,537.95,501.0,529.0,530.2,524.51,23367435,12256524343.6,265516.0,3943457.0,16.88
LICHSGFIN,EQ,03-Jun-2021,482.35,484.0,502.9,483.65,498.45,499.6,495.94,8268559,4100718832.95,149440.0,2257398.0,27.3
LICHSGFIN,EQ,02-Jun-2021,477.6,479.8,484.9,475.65,481.0,482.35,481.37,3811973,1834974823.8,78125.0,1490528.0,39.1
LICHSGFIN,EQ,01-Jun-2021,466.25,470.95,479.0,466.55,477.5,477.6,473.76,5008157,2372645773.65,85158.0,1122151.0,22.41
LICHSGFIN,EQ,31-May-2021,455.95,456.75,490.0,452.6,467.0,466.25,472.04,8531820,4027340858.55,143705.0,1462997.0,17.15
LICHSGFIN,EQ,28-May-2021,450.8,452.5,459.25,446.45,456.1,455.95,453.66,2219574,1006924780.5,34725.0,787794.0,35.49
LICHSGFIN,EQ,27-May-2021,449.05,451.0,455.7,448.0,451.85,450.8,451.1,1993772,899394187.4,28853.0,839390.0,42.1
LICHSGFIN,EQ,26-May-2021,451.9,450.2,454.65,448.05,449.3,449.05,450.39,1799322,810389656.05,31899.0,779749.0,43.34
LICHSGFIN,EQ,25-May-2021,458.4,460.0,461.9,448.5,451.3,451.9,454.03,2055114,933080587.4,27055.0,973012.0,47.35
LICHSGFIN,EQ,24-May-2021,456.05,456.1,461.0,452.3,457.0,458.4,457.17,2277387,1041156316.15,34390.0,711382.0,31.24
LICHSGFIN,EQ,21-May-2021,450.95,453.3,459.0,452.0,456.2,456.05,456.01,3668647,1672933382.45,68866.0,1983245.0,54.06
LICHSGFIN,EQ,20-May-2021,448.25,448.25,453.5,442.45,450.7,450.95,449.59,2219411,997825704.6,31590.0,553282.0,24.93
LICHSGFIN,EQ,19-May-2021,449.85,450.0,456.7,447.65,448.3,448.25,451.61,2950318,1332402650.15,50613.0,715278.0,24.24
LICHSGFIN,EQ,18-May-2021,436.2,439.9,452.85,439.0,449.85,449.85,447.84,4761574,2132420106.15,71646.0,1840449.0,38.65
LICHSGFIN,EQ,17-May-2021,430.1,433.75,439.15,430.4,436.0,436.2,435.66,2678666,1166980983.55,43252.0,870620.0,32.5
LICHSGFIN,EQ,14-May-2021,428.95,429.0,433.5,421.0,430.1,430.1,428.54,3990191,1709950179.45,53218.0,1688602.0,42.32
LICHSGFIN,EQ,12-May-2021,429.15,428.3,439.9,427.25,428.7,428.95,433.29,3142206,1361486896.65,45911.0,709548.0,22.58
LICHSGFIN,EQ,11-May-2021,427.95,421.0,432.4,420.0,428.3,429.15,428.76,2394403,1026631000.95,33083.0,659956.0,27.56
LICHSGFIN,EQ,10-May-2021,422.8,426.85,431.5,424.3,427.85,427.95,428.67,3443929,1476320905.9,48936.0,860580.0,24.99
LICHSGFIN,EQ,07-May-2021,412.2,414.5,425.0,413.2,422.55,422.8,420.79,3473664,1461688161.1,46043.0,815258.0,23.47
LICHSGFIN,EQ,06-May-2021,412.55,415.0,416.0,409.95,412.15,412.2,413.03,947350,391279956.35,17347.0,229599.0,24.24
LICHSGFIN,EQ,05-May-2021,408.1,411.95,415.0,406.2,413.35,412.55,411.5,1964013,808199766.65,48555.0,487516.0,24.82
LICHSGFIN,EQ,04-May-2021,407.8,409.9,418.9,407.0,407.0,408.1,413.91,2446049,1012441624.4,32786.0,523328.0,21.39
LICHSGFIN,EQ,03-May-2021,405.7,404.0,411.5,398.75,408.85,407.8,406.44,1832338,744735369.6,29554.0,327742.0,17.89
LICHSGFIN,EQ,30-Apr-2021,411.5,406.8,417.6,404.0,404.5,405.7,411.69,2458547,1012160666.05,38843.0,677554.0,27.56
LICHSGFIN,EQ,29-Apr-2021,415.15,418.0,421.6,409.45,411.05,411.5,414.0,3599937,1490357111.9,50966.0,972256.0,27.01
LICHSGFIN,EQ,28-Apr-2021,402.15,403.7,419.4,403.5,415.8,415.15,413.16,3489546,1441733073.35,46825.0,978571.0,28.04
LICHSGFIN,EQ,27-Apr-2021,397.45,397.45,407.8,396.25,403.0,402.15,403.7,2484021,1002804677.35,36047.0,589241.0,23.72
LICHSGFIN,EQ,26-Apr-2021,391.6,393.2,398.5,392.0,397.25,397.45,395.99,2054479,813543338.55,29788.0,463686.0,22.57
LICHSGFIN,EQ,23-Apr-2021,386.85,386.9,395.5,384.85,391.3,391.6,391.05,2519523,985253993.8,32287.0,557939.0,22.14
LICHSGFIN,EQ,22-Apr-2021,382.55,379.0,390.35,377.4,386.9,386.85,385.28,3163732,1218910708.45,41971.0,1056180.0,33.38
LICHSGFIN,EQ,20-Apr-2021,379.05,384.0,391.35,380.0,382.6,382.55,386.32,2453675,947913234.85,33886.0,775543.0,31.61
LICHSGFIN,EQ,19-Apr-2021,392.3,382.0,384.9,372.7,379.0,379.05,377.13,4999800,1885598827.15,66033.0,1738262.0,34.77
LICHSGFIN,EQ,16-Apr-2021,389.9,389.1,394.5,387.5,391.0,392.3,392.07,2502929,981327963.6,33708.0,956100.0,38.2
LICHSGFIN,EQ,15-Apr-2021,394.15,393.1,400.55,381.0,388.75,389.9,389.08,4053999,1577345128.75,66013.0,1615110.0,39.84
LICHSGFIN,EQ,13-Apr-2021,383.15,384.95,395.5,381.0,393.85,394.15,388.28,4163086,1616425850.3,64831.0,1460543.0,35.08
LICHSGFIN,EQ,12-Apr-2021,415.7,408.0,409.85,377.75,384.95,383.15,387.56,7149229,2770789756.35,99783.0,3520927.0,49.25
LICHSGFIN,EQ,09-Apr-2021,419.8,419.5,423.1,414.1,416.0,415.7,417.84,2252712,941270940.6,47483.0,596306.0,26.47
LICHSGFIN,EQ,08-Apr-2021,418.9,421.4,427.6,418.5,420.65,419.8,423.65,2716394,1150810720.0,50661.0,805355.0,29.65
LICHSGFIN,EQ,07-Apr-2021,419.5,418.5,426.65,416.2,418.6,418.9,421.05,4334369,1825006952.7,50901.0,1903667.0,43.92
LICHSGFIN,EQ,06-Apr-2021,418.45,420.0,425.75,417.45,419.55,419.5,421.72,2683827,1131826230.85,43933.0,896720.0,33.41
LICHSGFIN,EQ,05-Apr-2021,432.85,430.8,430.8,411.95,418.0,418.45,418.0,2994495,1251686919.7,53108.0,763749.0,25.51
LICHSGFIN,EQ,01-Apr-2021,428.2,431.75,433.9,424.0,432.05,432.85,429.44,2815660,1209169200.15,39211.0,662492.0,23.53
LICHSGFIN,EQ,31-Mar-2021,420.55,421.0,432.45,420.1,428.25,428.2,425.8,3522833,1500018867.6,67573.0,1311539.0,37.23
LICHSGFIN,EQ,30-Mar-2021,419.8,422.0,427.4,414.8,419.0,420.55,421.14,2478626,1043847390.2,41174.0,549700.0,22.18
LICHSGFIN,EQ,26-Mar-2021,412.8,416.65,423.35,414.3,420.4,419.8,420.08,3223942,1354298785.0,50262.0,653826.0,20.28
LICHSGFIN,EQ,25-Mar-2021,409.3,410.0,417.8,401.5,412.1,412.8,410.33,4224464,1733442389.4,62781.0,876929.0,20.76
LICHSGFIN,EQ,24-Mar-2021,418.1,420.0,420.75,408.1,410.4,409.3,412.58,3372206,1391316685.55,53120.0,864322.0,25.63
LICHSGFIN,EQ,23-Mar-2021,414.5,415.8,425.0,415.1,418.6,418.1,420.07,3856153,1619849725.75,64335.0,934081.0,24.22
LICHSGFIN,EQ,22-Mar-2021,416.45,417.5,423.6,411.0,414.85,414.5,416.78,3171767,1321938713.5,66732.0,736953.0,23.23
LICHSGFIN,EQ,19-Mar-2021,408.2,404.0,419.5,397.0,417.0,416.45,409.67,5752521,2356635171.15,75895.0,2076950.0,36.11
LICHSGFIN,EQ,18-Mar-2021,417.15,420.3,426.7,405.1,409.75,408.2,414.99,3403019,1412221627.15,59095.0,762615.0,22.41
LICHSGFIN,EQ,17-Mar-2021,430.05,428.35,432.1,415.75,416.9,417.15,423.55,3061963,1296896340.85,48496.0,773941.0,25.28
LICHSGFIN,EQ,16-Mar-2021,419.8,422.5,434.0,421.0,429.5,430.05,428.19,3447788,1476300056.3,53765.0,832649.0,24.15
LICHSGFIN,EQ,15-Mar-2021,429.95,432.1,433.6,411.7,420.2,419.8,419.16,5126227,2148691569.3,87433.0,1422878.0,27.76
LICHSGFIN,EQ,12-Mar-2021,433.15,435.15,441.8,427.45,430.0,429.95,435.11,2896577,1260339683.5,49679.0,740497.0,25.56
LICHSGFIN,EQ,10-Mar-2021,429.05,433.5,436.8,430.1,433.8,433.15,433.03,1920663,831714047.1,33093.0,359688.0,18.73
LICHSGFIN,EQ,09-Mar-2021,432.15,434.0,439.1,423.0,430.2,429.05,431.32,4140737,1785974910.8,59977.0,653249.0,15.78
LICHSGFIN,EQ,08-Mar-2021,436.25,440.1,443.7,430.5,432.2,432.15,435.47,4012307,1747246492.2,69424.0,1047425.0,26.11
LICHSGFIN,EQ,05-Mar-2021,454.2,453.0,453.0,430.55,436.8,436.25,439.35,4858112,2134432018.75,91355.0,1451601.0,29.88
LICHSGFIN,EQ,04-Mar-2021,464.3,459.95,463.0,452.7,454.95,454.2,456.97,3955080,1807334558.0,59145.0,993056.0,25.11
LICHSGFIN,EQ,03-Mar-2021,441.45,445.45,466.65,445.45,464.4,464.3,456.72,7471882,3412584824.9,100347.0,2180039.0,29.18
LICHSGFIN,EQ,02-Mar-2021,433.2,435.0,443.55,434.2,441.15,441.45,439.46,3428247,1506571096.6,51958.0,753605.0,21.98
LICHSGFIN,EQ,01-Mar-2021,429.5,435.0,437.4,428.0,432.6,433.2,432.91,3331413,1442191808.8,55085.0,544846.0,16.35
LICHSGFIN,EQ,26-Feb-2021,451.25,442.0,442.0,428.0,430.4,429.5,433.16,5690320,2464803815.1,86926.0,1732168.0,30.44
LICHSGFIN,EQ,25-Feb-2021,443.5,447.8,455.7,444.7,451.25,451.25,451.1,5397000,2434587116.8,78894.0,917903.0,17.01
LICHSGFIN,EQ,24-Feb-2021,429.75,431.55,446.7,431.55,444.0,443.5,441.95,3597991,1590128067.65,59040.0,740837.0,20.59
LICHSGFIN,EQ,23-Feb-2021,428.15,430.0,437.2,425.85,429.65,429.75,431.42,4858077,2095862071.6,71533.0,842343.0,17.34
LICHSGFIN,EQ,22-Feb-2021,449.3,452.75,452.75,425.45,427.0,428.15,436.96,6143541,2684477755.7,92383.0,1388638.0,22.6
LICHSGFIN,EQ,19-Feb-2021,478.85,474.45,478.9,443.65,449.25,449.3,461.37,7784979,3591723788.35,106086.0,1808160.0,23.23
LICHSGFIN,EQ,18-Feb-2021,470.45,473.8,487.4,469.6,475.4,478.85,478.77,7414935,3550061606.55,93638.0,1904739.0,25.69
LICHSGFIN,EQ,17-Feb-2021,469.8,468.0,477.3,463.0,469.1,470.45,469.46,6851793,3216654194.9,99127.0,869875.0,12.7
LICHSGFIN,EQ,16-Feb-2021,476.05,480.9,483.35,465.75,468.55,469.8,472.53,6489108,3066294514.75,94965.0,799274.0,12.32
LICHSGFIN,EQ,15-Feb-2021,442.5,446.95,479.9,444.4,478.0,476.05,464.94,17082918,7942586507.2,197372.0,3181908.0,18.63
LICHSGFIN,EQ,12-Feb-2021,434.5,435.4,445.9,434.25,442.6,442.5,441.62,5424346,2395514612.15,76533.0,914087.0,16.85
LICHSGFIN,EQ,11-Feb-2021,439.25,439.0,443.3,433.5,435.1,434.5,436.29,2945862,1285251857.2,38405.0,727185.0,24.68
LICHSGFIN,EQ,10-Feb-2021,438.9,439.0,442.7,432.8,440.2,439.25,438.01,3504928,1535200647.85,42342.0,406169.0,11.59
LICHSGFIN,EQ,09-Feb-2021,437.3,440.0,446.3,434.5,439.55,438.9,440.65,4088716,1801695137.85,44772.0,768830.0,18.8
LICHSGFIN,EQ,08-Feb-2021,433.2,437.7,447.95,435.1,438.0,437.3,441.08,4534590,2000134557.2,81928.0,1347848.0,29.72
LICHSGFIN,EQ,05-Feb-2021,452.25,457.0,458.4,431.05,433.55,433.2,443.55,8966900,3977309400.0,99061.0,1725953.0,19.25
LICHSGFIN,EQ,04-Feb-2021,448.65,450.0,457.95,445.75,451.15,452.25,453.06,6190152,2804512554.85,83657.0,1580311.0,25.53
LICHSGFIN,EQ,03-Feb-2021,441.0,444.7,451.3,428.3,449.0,448.65,441.42,10279238,4537451655.75,109189.0,2836217.0,27.59
LICHSGFIN,EQ,02-Feb-2021,432.9,436.5,455.5,435.85,440.2,441.0,446.46,9719962,4339581896.0,113138.0,2721243.0,28.0
LICHSGFIN,EQ,01-Feb-2021,395.7,401.6,449.0,392.5,432.35,432.9,417.75,13821161,5773795489.05,144301.0,2676590.0,19.37
LICHSGFIN,EQ,29-Jan-2021,394.95,401.5,416.6,390.0,397.4,395.7,404.23,12114900,4897260062.1,106325.0,3169359.0,26.16
LICHSGFIN,EQ,28-Jan-2021,395.0,390.0,399.4,383.4,396.5,394.95,392.04,7318314,2869043482.6,82574.0,1982381.0,27.09
LICHSGFIN,EQ,27-Jan-2021,415.75,415.35,415.35,392.4,394.2,395.0,402.84,7791334,3138679509.8,106797.0,2766729.0,35.51
LICHSGFIN,EQ,25-Jan-2021,413.55,421.0,432.7,413.35,415.35,415.75,423.16,7205875,3049202865.15,86283.0,1613624.0,22.39
LICHSGFIN,EQ,22-Jan-2021,420.65,421.0,427.45,412.25,413.8,413.55,418.04,5340665,2232611502.3,64501.0,1396598.0,26.15
LICHSGFIN,EQ,21-Jan-2021,431.4,435.1,436.95,416.9,423.25,420.65,427.55,5880424,2514166401.0,67657.0,1835783.0,31.22
LICHSGFIN,EQ,20-Jan-2021,426.95,428.5,432.95,419.1,431.1,431.4,427.95,6001360,2568294556.55,81726.0,1579965.0,26.33
LICHSGFIN,EQ,19-Jan-2021,411.15,416.3,428.0,415.1,427.0,426.95,423.49,6634578,2809681797.0,65260.0,1628646.0,24.55
LICHSGFIN,EQ,18-Jan-2021,430.65,431.0,431.6,408.0,409.45,411.15,416.19,7493963,3118893230.6,92462.0,1653732.0,22.07
LICHSGFIN,EQ,15-Jan-2021,433.35,434.95,439.0,425.7,429.7,430.65,431.44,5965720,2573857352.55,79683.0,1838702.0,30.82
LICHSGFIN,EQ,14-Jan-2021,438.0,440.75,446.7,430.5,433.5,433.35,438.0,8294996,3633247101.4,81784.0,1972451.0,23.78
LICHSGFIN,EQ,13-Jan-2021,438.8,443.0,463.8,427.7,437.25,438.0,446.93,13435773,6004794608.35,169450.0,2863330.0,21.31
LICHSGFIN,EQ,12-Jan-2021,430.75,429.6,444.9,424.0,439.25,438.8,438.29,5867083,2571489922.05,71679.0,1750442.0,29.83
LICHSGFIN,EQ,11-Jan-2021,442.15,444.8,444.8,421.0,430.0,430.75,429.28,6461953,2774006495.1,81069.0,1815703.0,28.1
LICHSGFIN,EQ,08-Jan-2021,435.0,440.85,447.6,436.5,442.2,442.15,441.5,10006470,4417825994.15,125811.0,3210287.0,32.08
LICHSGFIN,EQ,07-Jan-2021,408.3,413.0,444.4,411.1,434.5,435.0,428.75,13798782,5916178342.15,167705.0,3799877.0,27.54
LICHSGFIN,EQ,06-Jan-2021,394.55,395.95,417.85,394.95,406.55,408.3,406.72,11763166,4784308861.05,131733.0,2345219.0,19.94
LICHSGFIN,EQ,05-Jan-2021,381.7,379.0,399.0,377.45,394.25,394.55,391.25,8591323,3361312922.65,82538.0,1750390.0,20.37
LICHSGFIN,EQ,04-Jan-2021,377.6,380.0,384.9,376.65,382.0,381.7,381.37,5326473,2031378541.55,48198.0,1169110.0,21.95
LICHSGFIN,EQ,01-Jan-2021,361.25,363.0,379.0,362.6,377.35,377.6,374.23,8615352,3224152079.05,72893.0,1707943.0,19.82
LICHSGFIN,EQ,31-Dec-2020,360.3,362.0,364.2,358.55,361.2,361.25,361.33,2843516,1027435766.35,31411.0,725689.0,25.52
LICHSGFIN,EQ,30-Dec-2020,363.4,366.0,366.0,356.1,360.5,360.3,359.15,4395587,1578669917.6,50789.0,631501.0,14.37
LICHSGFIN,EQ,29-Dec-2020,367.0,370.0,371.4,361.25,364.0,363.4,365.28,3017543,1102259550.25,38094.0,771244.0,25.56
LICHSGFIN,EQ,28-Dec-2022,413.85,412.0,420.0,410.1,416.55,416.5,416.41,1235080,514303603.35,37463.0,434748.0,35.20
LICHSGFIN,EQ,27-Dec-2022,407.85,409.9,417.8,405.65,414.3,413.85,412.86,1449275,598341220.35,34498.0,360034.0,24.84
LICHSGFIN,EQ,26-Dec-2022,395.05,395.05,410.65,391.2,407.4,407.85,404.56,1619002,654986888.1,26409.0,360756.0,22.28
LICHSGFIN,EQ,23-Dec-2022,411.0,406.55,409.0,393.1,398.05,395.05,400.32,2206700,883384143.35,50832.0,805861.0,36.52
LICHSGFIN,EQ,22-Dec-2022,411.25,412.5,418.6,405.15,410.5,411.0,410.81,2281147,937126961.95,48766.0,864465.0,37.90
LICHSGFIN,EQ,21-Dec-2022,414.25,417.65,429.0,408.6,410.6,411.25,419.01,5893280,2469342333.75,94544.0,1723257.0,29.24
LICHSGFIN,EQ,20-Dec-2022,409.45,410.4,414.9,406.1,413.85,414.25,410.95,1660444,682366707.05,29285.0,434549.0,26.17
LICHSGFIN,EQ,19-Dec-2022,403.8,404.4,410.7,402.3,409.75,409.45,407.11,791092,322060937.55,15940.0,245179.0,30.99
LICHSGFIN,EQ,16-Dec-2022,413.05,411.1,413.7,401.0,402.85,403.8,405.14,1745646,707228771.85,30784.0,691382.0,39.61
LICHSGFIN,EQ,15-Dec-2022,416.9,416.75,421.95,411.25,412.0,413.05,416.32,1593179,663277590.65,23949.0,731925.0,45.94
LICHSGFIN,EQ,14-Dec-2022,411.0,413.65,421.25,411.6,416.35,416.9,417.47,2146500,896106999.45,34512.0,569241.0,26.52
LICHSGFIN,EQ,13-Dec-2022,400.85,402.8,414.4,400.3,411.9,411.0,408.68,2144901,876567755.35,30736.0,731321.0,34.10
LICHSGFIN,EQ,12-Dec-2022,402.2,401.9,402.1,396.2,400.85,400.85,399.6,693297,277041371.0,26551.0,247683.0,35.73
LICHSGFIN,EQ,09-Dec-2022,402.25,403.0,405.5,396.0,400.9,402.2,401.13,1028709,412644471.5,17946.0,372410.0,36.20
LICHSGFIN,EQ,08-Dec-2022,402.0,402.0,404.0,399.2,401.4,402.25,401.74,805678,323672145.0,25689.0,318214.0,39.50
LICHSGFIN,EQ,07-Dec-2022,409.05,409.0,409.8,399.45,401.55,402.0,402.62,1105135,444949865.8,23068.0,416441.0,37.68
LICHSGFIN,EQ,06-Dec-2022,403.05,399.0,409.5,399.0,407.7,409.05,406.59,1954633,794727624.65,23578.0,727200.0,37.20
LICHSGFIN,EQ,05-Dec-2022,393.6,395.4,404.25,394.3,403.05,403.05,400.39,2339996,936915676.8,28171.0,1018220.0,43.51
LICHSGFIN,EQ,02-Dec-2022,394.0,393.9,396.8,390.15,393.2,393.6,393.41,941287,370307261.25,20575.0,402242.0,42.73
LICHSGFIN,EQ,01-Dec-2022,386.6,388.55,397.45,385.05,393.7,394.0,393.26,2191564,861851408.8,47649.0,1085133.0,49.51
LICHSGFIN,EQ,30-Nov-2022,386.0,387.95,389.9,383.6,386.35,386.6,386.74,700138,270773752.05,12731.0,195371.0,27.90
LICHSGFIN,EQ,29-Nov-2022,390.5,391.0,391.8,385.05,385.25,386.0,389.0,957860,372607436.35,22175.0,368081.0,38.43
LICHSGFIN,EQ,28-Nov-2022,383.25,382.0,391.3,381.65,389.65,390.5,387.36,1614184,625265032.8,18203.0,773030.0,47.89
LICHSGFIN,EQ,25-Nov-2022,371.3,371.65,384.05,371.2,383.5,383.25,380.52,2688781,1023135002.8,28132.0,1055447.0,39.25
LICHSGFIN,EQ,24-Nov-2022,370.75,372.0,373.2,369.75,371.0,371.3,371.77,1164909,433072546.55,27029.0,531516.0,45.63
LICHSGFIN,EQ,23-Nov-2022,372.3,372.45,373.85,369.85,370.0,370.75,372.01,2593842,964927598.95,18747.0,1883856.0,72.63
LICHSGFIN,EQ,22-Nov-2022,372.1,373.0,374.3,370.0,371.7,372.3,372.29,1410561,525135306.55,15530.0,906271.0,64.25
LICHSGFIN,EQ,21-Nov-2022,373.6,371.0,377.2,368.05,371.5,372.1,372.65,1413773,526841409.6,21196.0,625505.0,44.24
LICHSGFIN,EQ,18-Nov-2022,376.2,378.1,378.1,371.25,372.0,373.6,373.87,1620176,605727876.4,22467.0,776065.0,47.90
LICHSGFIN,EQ,17-Nov-2022,380.7,379.65,382.45,375.1,375.75,376.2,378.51,1526968,577979261.1,19111.0,681466.0,44.63
LICHSGFIN,EQ,16-Nov-2022,375.2,375.0,381.95,373.2,381.0,380.7,379.21,3529955,1338579737.6,52446.0,1582389.0,44.83
LICHSGFIN,EQ,15-Nov-2022,373.5,373.25,376.1,371.55,375.5,375.2,374.04,1312864,491058695.8,26297.0,450103.0,34.28
LICHSGFIN,EQ,14-Nov-2022,376.4,377.25,380.0,370.5,373.3,373.5,373.99,3344065,1250642189.95,45328.0,1036431.0,30.99
LICHSGFIN,EQ,11-Nov-2022,383.9,385.85,389.9,374.35,376.2,376.4,378.55,2956699,1119256689.8,57959.0,1406102.0,47.56
LICHSGFIN,EQ,10-Nov-2022,379.3,378.4,384.75,376.5,384.0,383.9,381.09,1971720,751406006.45,35806.0,754152.0,38.25
LICHSGFIN,EQ,09-Nov-2022,382.8,379.0,386.4,376.8,378.1,379.3,382.48,3702156,1415987623.75,46201.0,1555734.0,42.02
LICHSGFIN,EQ,07-Nov-2022,372.35,374.0,385.95,372.9,382.0,382.8,380.31,5364116,2040032739.7,57156.0,2381529.0,44.40
LICHSGFIN,EQ,04-Nov-2022,369.9,369.9,375.8,362.4,371.9,372.35,369.42,4621698,1707330150.95,51436.0,1424912.0,30.83
LICHSGFIN,EQ,03-Nov-2022,366.65,364.25,371.95,364.0,369.7,369.9,368.71,4341037,1600565921.6,58067.0,1400593.0,32.26
LICHSGFIN,EQ,02-Nov-2022,400.5,376.7,376.7,348.65,364.55,366.65,361.75,35806514,12953066567.8,260629.0,12387545.0,34.60
LICHSGFIN,EQ,01-Nov-2022,405.3,405.7,408.25,399.5,400.15,400.5,402.38,2665763,1072655174.7,40890.0,1199817.0,45.01
LICHSGFIN,EQ,31-Oct-2022,421.2,422.5,423.85,400.3,405.5,405.3,405.99,5461150,2217148397.8,74974.0,2749869.0,50.35
LICHSGFIN,EQ,28-Oct-2022,422.0,423.8,428.75,419.9,420.4,421.2,423.54,2115594,896038181.8,36042.0,792992.0,37.48
LICHSGFIN,EQ,27-Oct-2022,419.9,417.6,428.0,414.8,422.0,422.0,423.47,2857074,1209878455.55,55152.0,1329892.0,46.55
LICHSGFIN,EQ,25-Oct-2022,416.05,417.0,423.45,411.7,421.2,419.9,419.92,2897171,1216578611.65,40295.0,1844877.0,63.68
LICHSGFIN,EQ,24-Oct-2022,413.7,419.5,419.5,413.4,414.0,416.05,416.0,235725,98062180.8,4648.0,117166.0,49.70
LICHSGFIN,EQ,21-Oct-2022,419.3,420.1,421.8,410.45,414.45,413.7,415.65,2141139,889974275.25,39040.0,1200046.0,56.05
LICHSGFIN,EQ,20-Oct-2022,410.7,409.8,420.85,405.3,419.05,419.3,414.3,1972876,817368714.05,29619.0,1034595.0,52.44
LICHSGFIN,EQ,19-Oct-2022,415.15,416.1,419.0,409.4,410.75,410.7,412.52,1936286,798763560.0,24336.0,955860.0,49.37
LICHSGFIN,EQ,18-Oct-2022,408.3,410.35,417.0,407.4,416.45,415.15,412.75,2971539,1226504093.45,34406.0,1841631.0,61.98
LICHSGFIN,EQ,17-Oct-2022,405.95,404.9,409.25,400.2,408.0,408.3,406.14,1296003,526359253.15,18803.0,605695.0,46.74
LICHSGFIN,EQ,14-Oct-2022,404.25,411.0,414.45,403.45,407.5,405.95,409.17,948008,387893969.85,18350.0,290714.0,30.67
LICHSGFIN,EQ,13-Oct-2022,410.25,409.0,411.3,400.95,404.8,404.25,404.97,641441,259762453.05,13775.0,94215.0,14.69
LICHSGFIN,EQ,12-Oct-2022,404.6,406.5,411.0,402.5,410.2,410.25,407.54,875404,356765529.1,16483.0,317146.0,36.23
LICHSGFIN,EQ,11-Oct-2022,416.2,416.8,417.75,403.55,403.65,404.6,408.0,1008701,411555025.75,18538.0,352945.0,34.99
LICHSGFIN,EQ,10-Oct-2022,425.55,420.25,420.95,411.1,416.25,416.2,415.5,1501296,623794018.4,37408.0,564873.0,37.63
LICHSGFIN,EQ,07-Oct-2022,426.5,424.95,428.45,421.05,425.75,425.55,424.49,2001032,849414225.85,65133.0,1081207.0,54.03
LICHSGFIN,EQ,06-Oct-2022,417.65,419.6,429.0,418.1,425.15,426.5,424.26,2020216,857102567.1,40258.0,874284.0,43.28
LICHSGFIN,EQ,04-Oct-2022,402.3,407.45,419.0,407.25,417.95,417.65,416.4,2359294,982416782.75,53670.0,1261429.0,53.47
LICHSGFIN,EQ,03-Oct-2022,413.85,409.2,413.4,400.5,402.0,402.3,407.86,3946303,1609546630.75,55820.0,1601942.0,40.59
LICHSGFIN,EQ,30-Sep-2022,394.95,396.0,415.6,391.85,413.75,413.85,408.05,2433663,993061080.3,40417.0,685919.0,28.18
LICHSGFIN,EQ,29-Sep-2022,396.05,398.2,400.95,392.45,395.05,394.95,396.55,2348540,931312724.4,32496.0,1335985.0,56.89
LICHSGFIN,EQ,28-Sep-2022,396.95,394.9,400.15,392.2,395.55,396.05,396.95,2417860,959760276.45,28206.0,1322844.0,54.71
LICHSGFIN,EQ,27-Sep-2022,394.3,398.0,400.75,391.15,397.0,396.95,396.44,2778282,1101420371.0,56104.0,1391424.0,50.08
LICHSGFIN,EQ,26-Sep-2022,401.95,397.4,399.45,384.1,395.25,394.3,392.53,2845788,1117047047.65,57029.0,1281608.0,45.04
LICHSGFIN,EQ,23-Sep-2022,422.45,422.8,424.0,400.0,402.05,401.95,407.84,3457548,1410111012.7,48673.0,1616088.0,46.74
LICHSGFIN,EQ,22-Sep-2022,420.7,417.1,426.0,415.55,423.9,422.45,420.92,2057304,865956250.1,36347.0,892048.0,43.36
LICHSGFIN,EQ,21-Sep-2022,424.85,424.3,428.3,419.5,420.0,420.7,421.91,866601,365631264.3,14762.0,387708.0,44.74
LICHSGFIN,EQ,20-Sep-2022,413.5,415.6,428.45,415.6,425.0,424.85,424.22,1558227,661032444.4,20245.0,680122.0,43.65
LICHSGFIN,EQ,19-Sep-2022,430.6,424.35,426.0,412.2,414.6,413.5,417.48,2209314,922336410.7,27594.0,997951.0,45.17
LICHSGFIN,EQ,16-Sep-2022,440.35,437.55,441.15,429.05,430.0,430.6,432.98,4015234,1738502945.95,38128.0,2496423.0,62.17
LICHSGFIN,EQ,15-Sep-2022,438.95,439.1,443.6,439.0,440.05,440.35,441.0,1418760,625671162.6,23621.0,553212.0,38.99
LICHSGFIN,EQ,14-Sep-2022,437.25,431.0,439.9,430.65,438.3,438.95,435.81,3009333,1311490641.45,47810.0,1508463.0,50.13
LICHSGFIN,EQ,13-Sep-2022,437.55,438.7,442.5,434.95,436.5,437.25,437.95,1682155,736696539.2,22794.0,982662.0,58.42
LICHSGFIN,EQ,12-Sep-2022,436.7,436.7,441.25,436.5,437.1,437.55,438.24,1287799,564361797.35,41326.0,699676.0,54.33
LICHSGFIN,EQ,09-Sep-2022,432.8,434.3,439.45,432.6,436.45,436.7,436.33,2545879,1110834992.05,56984.0,1134646.0,44.57
LICHSGFIN,EQ,08-Sep-2022,423.6,425.1,434.0,425.0,432.65,432.8,430.05,2791597,1200518028.05,34924.0,1234457.0,44.22
LICHSGFIN,EQ,07-Sep-2022,422.35,420.6,426.6,419.55,423.2,423.6,423.74,1248396,528999815.6,18229.0,456666.0,36.58
LICHSGFIN,EQ,06-Sep-2022,425.55,425.8,426.85,418.9,422.8,422.35,423.14,1851089,783272268.1,23587.0,895760.0,48.39
LICHSGFIN,EQ,05-Sep-2022,418.05,419.95,427.35,417.45,425.0,425.55,423.27,3379984,1430658236.85,36478.0,1621104.0,47.96
LICHSGFIN,EQ,02-Sep-2022,417.05,420.0,421.8,415.95,418.0,418.05,418.31,1890211,790691204.8,21260.0,778855.0,41.20
LICHSGFIN,EQ,01-Sep-2022,409.2,408.95,419.5,400.2,418.4,417.05,413.3,2592611,1071538781.55,33858.0,1112468.0,42.91
LICHSGFIN,EQ,30-Aug-2022,403.9,404.0,412.95,404.0,409.25,409.2,409.72,2562898,1050063837.7,35474.0,854954.0,33.36
LICHSGFIN,EQ,29-Aug-2022,401.35,390.0,405.35,387.2,403.55,403.9,398.41,2090468,832854111.2,25291.0,629630.0,30.12
LICHSGFIN,EQ,26-Aug-2022,401.85,402.9,409.0,400.05,401.9,401.35,404.78,2583586,1045781168.0,37529.0,1097819.0,42.49
LICHSGFIN,EQ,25-Aug-2022,395.1,396.0,406.0,396.0,400.4,401.85,402.8,3892117,1567763410.0,86506.0,1769634.0,45.47
LICHSGFIN,EQ,24-Aug-2022,387.0,384.1,396.5,384.1,395.95,395.1,392.59,1701486,667984672.6,21975.0,536352.0,31.52
LICHSGFIN,EQ,23-Aug-2022,379.5,374.0,389.0,374.0,388.2,387.0,383.06,1571547,601999900.1,24138.0,344496.0,21.92
LICHSGFIN,EQ,22-Aug-2022,391.85,391.0,391.1,378.45,379.6,379.5,383.01,1954256,748494513.65,30690.0,601345.0,30.77
LICHSGFIN,EQ,19-Aug-2022,397.35,398.1,404.0,390.65,390.65,391.85,397.45,2305157,916189762.4,37160.0,630142.0,27.34
LICHSGFIN,EQ,18-Aug-2022,396.8,395.5,398.4,394.45,397.0,397.35,396.65,1144279,453880279.85,19981.0,474193.0,41.44
LICHSGFIN,EQ,17-Aug-2022,393.25,394.1,401.0,394.1,395.35,396.8,397.84,2409379,958537644.4,35076.0,969417.0,40.24
LICHSGFIN,EQ,16-Aug-2022,386.55,386.6,394.0,386.0,392.75,393.25,391.0,1628920,636900537.35,28569.0,617931.0,37.94
LICHSGFIN,EQ,12-Aug-2022,384.0,383.7,387.75,380.75,386.1,386.55,385.28,1460784,562807272.2,17250.0,482193.0,33.01
LICHSGFIN,EQ,11-Aug-2022,378.8,382.05,386.45,379.9,383.9,384.0,383.4,2036786,780897933.1,24385.0,924883.0,45.41
LICHSGFIN,EQ,10-Aug-2022,380.0,381.0,381.85,373.7,378.0,378.8,377.37,1918529,724004021.7,36813.0,760569.0,39.64
LICHSGFIN,EQ,08-Aug-2022,379.2,379.2,384.5,374.5,380.7,380.0,379.89,2969646,1128151259.75,33627.0,908279.0,30.59
LICHSGFIN,EQ,05-Aug-2022,371.95,381.5,390.65,376.55,379.25,379.2,383.34,7378636,2828556541.0,72449.0,903326.0,12.24
LICHSGFIN,EQ,04-Aug-2022,385.25,386.0,389.8,369.55,371.5,371.95,377.38,3925753,1481483091.35,36844.0,1255739.0,31.99
LICHSGFIN,EQ,03-Aug-2022,393.9,393.0,395.0,381.55,384.8,385.25,386.46,1586117,612977071.95,19680.0,463200.0,29.20
LICHSGFIN,EQ,02-Aug-2022,384.2,383.7,398.8,380.5,393.1,393.9,392.6,4142675,1626425758.45,43991.0,1334043.0,32.20
LICHSGFIN,EQ,01-Aug-2022,386.15,385.0,386.3,381.55,383.65,384.2,384.23,1501184,576805858.75,31478.0,574196.0,38.25
LICHSGFIN,EQ,29-Jul-2022,382.75,385.0,388.1,378.2,384.3,386.15,383.18,2757017,1056444139.1,31735.0,1035661.0,37.56
LICHSGFIN,EQ,28-Jul-2022,373.2,374.0,384.0,371.6,382.9,382.75,379.37,1821645,691072322.4,20420.0,677559.0,37.19
LICHSGFIN,EQ,27-Jul-2022,369.65,370.0,374.0,364.05,373.0,373.2,369.39,1227192,453313214.25,18577.0,299073.0,24.37
LICHSGFIN,EQ,26-Jul-2022,370.8,370.9,371.8,367.55,368.45,369.65,369.43,790084,291877199.35,13972.0,216880.0,27.45
LICHSGFIN,EQ,25-Jul-2022,376.5,376.9,379.25,369.0,369.5,370.8,372.34,1718209,639765294.55,19752.0,590674.0,34.38
LICHSGFIN,EQ,22-Jul-2022,369.7,370.1,389.3,370.0,375.55,376.5,381.16,4975451,1896461090.3,62486.0,645771.0,12.98
LICHSGFIN,EQ,21-Jul-2022,368.05,367.4,371.0,364.35,369.6,369.7,367.93,1037753,381821302.7,14587.0,178293.0,17.18
LICHSGFIN,EQ,20-Jul-2022,365.9,368.55,371.65,366.65,367.95,368.05,369.12,1273679,470136218.7,15941.0,321490.0,25.24
LICHSGFIN,EQ,19-Jul-2022,364.35,362.3,367.85,361.5,365.3,365.9,364.72,898114,327564280.5,13289.0,175168.0,19.50
LICHSGFIN,EQ,18-Jul-2022,360.6,364.15,366.0,361.8,364.0,364.35,364.09,867643,315902118.1,11963.0,238148.0,27.45
LICHSGFIN,EQ,15-Jul-2022,359.15,355.3,364.15,355.3,360.5,360.6,361.05,1176185,424660271.95,15996.0,200219.0,17.02
LICHSGFIN,EQ,14-Jul-2022,357.2,357.2,361.35,355.5,358.4,359.15,358.4,1889417,677164956.4,26144.0,744913.0,39.43
LICHSGFIN,EQ,13-Jul-2022,358.95,359.5,361.95,356.0,357.0,357.2,358.6,841381,301716891.2,11314.0,266670.0,31.69
LICHSGFIN,EQ,12-Jul-2022,357.8,355.8,362.95,354.45,357.9,358.95,360.39,2385991,859889514.3,28901.0,1058038.0,44.34
LICHSGFIN,EQ,11-Jul-2022,352.3,350.0,358.55,349.65,358.0,357.8,355.96,1166232,415135350.45,19174.0,331892.0,28.46
LICHSGFIN,EQ,08-Jul-2022,351.45,354.0,356.0,348.25,351.05,352.3,352.45,1878695,662140641.25,27070.0,734207.0,39.08
LICHSGFIN,EQ,07-Jul-2022,346.7,348.1,352.9,348.0,350.35,351.45,350.49,1350977,473497471.6,18271.0,540799.0,40.03
LICHSGFIN,EQ,06-Jul-2022,337.5,337.0,347.65,336.35,346.25,346.7,344.45,1719317,592226832.95,25101.0,565227.0,32.88
LICHSGFIN,EQ,05-Jul-2022,337.05,337.0,343.45,336.1,337.0,337.5,340.66,2357663,803163928.85,27665.0,1087928.0,46.14
LICHSGFIN,EQ,04-Jul-2022,338.25,336.0,340.4,333.45,335.6,337.05,336.23,1191310,400552513.55,18293.0,346941.0,29.12
LICHSGFIN,EQ,01-Jul-2022,327.35,326.9,339.25,319.9,337.0,338.25,331.34,2366258,784027342.15,24621.0,484968.0,20.50
LICHSGFIN,EQ,30-Jun-2022,325.2,325.4,329.25,325.0,325.7,327.35,327.47,2543212,832819040.25,34286.0,1269779.0,49.93
LICHSGFIN,EQ,29-Jun-2022,329.65,325.65,327.6,323.2,325.4,325.2,325.4,1524980,496232779.65,29357.0,588587.0,38.60
LICHSGFIN,EQ,28-Jun-2022,330.0,328.0,330.45,325.3,330.0,329.65,328.18,1917099,629158788.35,24654.0,563834.0,29.41
LICHSGFIN,EQ,27-Jun-2022,320.7,325.0,332.35,322.4,330.0,330.0,329.12,3108078,1022929557.0,29847.0,1213860.0,39.06
LICHSGFIN,EQ,24-Jun-2022,311.8,313.9,321.35,313.1,320.5,320.7,318.22,1891594,601935671.95,23830.0,415413.0,21.96
LICHSGFIN,EQ,23-Jun-2022,306.9,307.9,312.4,304.35,311.6,311.8,308.85,2713726,838147775.25,31975.0,906768.0,33.41
LICHSGFIN,EQ,22-Jun-2022,306.5,305.85,309.05,302.05,307.4,306.9,306.46,2343367,718144840.45,27376.0,731623.0,31.22
LICHSGFIN,EQ,21-Jun-2022,296.45,298.1,307.45,296.6,306.85,306.5,302.85,2471921,748623302.55,26777.0,838792.0,33.93
LICHSGFIN,EQ,20-Jun-2022,305.5,306.7,307.95,291.75,297.0,296.45,297.88,3230377,962249060.35,43855.0,1021413.0,31.62
LICHSGFIN,EQ,17-Jun-2022,310.8,308.95,313.0,303.15,306.75,305.5,306.3,3887974,1190869335.6,54333.0,1559449.0,40.11
LICHSGFIN,EQ,16-Jun-2022,321.35,324.9,327.6,308.65,308.95,310.8,316.39,2941473,930649350.3,45627.0,880880.0,29.95
LICHSGFIN,EQ,15-Jun-2022,316.35,317.4,323.15,315.0,320.5,321.35,318.7,5896934,1879339462.2,56807.0,1697381.0,28.78
LICHSGFIN,EQ,14-Jun-2022,321.65,317.4,323.4,314.15,317.05,316.35,318.43,3576456,1138841876.35,43795.0,1169715.0,32.71
LICHSGFIN,EQ,13-Jun-2022,334.65,329.6,330.0,317.65,321.4,321.65,321.06,3005783,965036028.2,40586.0,983171.0,32.71
LICHSGFIN,EQ,10-Jun-2022,341.05,337.95,337.95,332.55,335.1,334.65,335.24,2844723,953676170.8,47892.0,1247255.0,43.84
LICHSGFIN,EQ,09-Jun-2022,346.55,344.1,345.6,338.2,342.0,341.05,341.15,3201051,1092054161.4,51847.0,1345290.0,42.03
LICHSGFIN,EQ,08-Jun-2022,358.5,356.7,356.7,345.5,346.6,346.55,350.55,4406008,1544529539.05,56800.0,1818605.0,41.28
LICHSGFIN,EQ,07-Jun-2022,373.05,370.0,370.55,355.45,357.95,358.5,360.2,3692824,1330140788.35,45153.0,1353598.0,36.65
LICHSGFIN,EQ,06-Jun-2022,374.5,370.0,376.0,369.05,373.7,373.05,372.09,1451229,539983050.95,17690.0,365331.0,25.17
LICHSGFIN,EQ,03-Jun-2022,377.8,380.0,381.4,373.2,375.0,374.5,376.26,1784954,671601566.55,26170.0,719751.0,40.32
LICHSGFIN,EQ,02-Jun-2022,376.2,374.0,378.65,371.65,378.0,377.8,375.0,1203740,451404979.4,18791.0,291165.0,24.19
LICHSGFIN,EQ,01-Jun-2022,378.0,379.0,381.6,373.05,376.0,376.2,376.62,1281079,482475408.3,13806.0,370844.0,28.95
LICHSGFIN,EQ,31-May-2022,382.05,380.0,384.0,376.2,378.0,378.0,379.96,2210543,839913221.4,20141.0,1028522.0,46.53
LICHSGFIN,EQ,30-May-2022,377.65,379.35,384.75,377.85,381.55,382.05,381.28,2418037,921946235.0,23670.0,862047.0,35.65
LICHSGFIN,EQ,27-May-2022,375.6,377.2,381.75,373.65,376.0,377.65,377.78,3425672,1294149028.75,42963.0,1145756.0,33.45
LICHSGFIN,EQ,26-May-2022,373.0,374.0,377.55,366.65,376.0,375.6,373.4,2791816,1042464621.45,27336.0,835118.0,29.91
LICHSGFIN,EQ,25-May-2022,379.45,380.55,382.85,371.2,372.05,373.0,375.32,2694693,1011369308.95,25026.0,1213168.0,45.02
LICHSGFIN,EQ,24-May-2022,373.95,374.1,382.65,373.55,379.35,379.45,378.58,3900039,1476491320.2,45803.0,1257161.0,32.23
LICHSGFIN,EQ,23-May-2022,369.9,372.3,376.25,369.1,374.45,373.95,373.74,3816490,1426381007.45,42582.0,1755346.0,45.99
LICHSGFIN,EQ,20-May-2022,354.45,364.7,374.4,363.0,369.2,369.9,369.73,5568200,2058724601.8,69743.0,1314516.0,23.61
LICHSGFIN,EQ,19-May-2022,358.9,360.0,367.7,349.2,356.45,354.45,359.77,12811006,4608962888.8,110815.0,3100226.0,24.20
LICHSGFIN,EQ,18-May-2022,355.45,356.15,362.5,354.6,361.15,358.9,358.7,2498812,896317200.7,33834.0,512231.0,20.50
LICHSGFIN,EQ,17-May-2022,344.65,347.7,356.9,339.55,356.05,355.45,347.87,3932423,1367960243.8,46222.0,948291.0,24.11
LICHSGFIN,EQ,16-May-2022,330.8,332.8,347.35,332.0,346.0,344.65,341.54,3348506,1143643573.95,42514.0,920288.0,27.48
LICHSGFIN,EQ,13-May-2022,331.9,336.9,342.9,329.55,330.8,330.8,337.76,2659692,898337564.3,44324.0,795562.0,29.91
LICHSGFIN,EQ,12-May-2022,339.05,334.0,335.8,324.15,331.95,331.9,330.24,3803415,1256034162.05,38882.0,970731.0,25.52
LICHSGFIN,EQ,11-May-2022,347.1,349.0,351.15,326.3,339.2,339.05,336.87,5034892,1696114435.45,56928.0,1522265.0,30.23
LICHSGFIN,EQ,10-May-2022,350.15,347.0,353.55,344.1,346.5,347.1,348.78,3134858,1093390982.85,34736.0,1051488.0,33.54
LICHSGFIN,EQ,09-May-2022,363.9,361.2,362.2,348.05,349.45,350.15,354.09,4791771,1696722104.9,49793.0,955178.0,19.93
LICHSGFIN,EQ,06-May-2022,370.05,365.0,365.8,355.55,365.25,363.9,360.89,3028016,1092790209.55,44545.0,641225.0,21.18
LICHSGFIN,EQ,05-May-2022,369.8,375.0,384.3,368.5,368.95,370.05,376.08,3199859,1203412535.5,46096.0,624637.0,19.52
LICHSGFIN,EQ,04-May-2022,389.35,392.6,393.5,366.8,369.5,369.8,380.63,4629990,1762322833.45,62513.0,1391799.0,30.06
LICHSGFIN,EQ,02-May-2022,378.7,376.0,391.7,374.65,389.85,389.35,383.88,2561277,983225855.3,30251.0,558705.0,21.81
LICHSGFIN,EQ,29-Apr-2022,384.05,384.5,393.95,376.2,379.45,378.7,387.65,4219320,1635617749.55,74678.0,1215524.0,28.81
LICHSGFIN,EQ,28-Apr-2022,382.1,385.0,386.7,380.1,383.55,384.05,383.06,3276043,1254926313.9,36662.0,1494035.0,45.60
LICHSGFIN,EQ,27-Apr-2022,382.9,379.95,383.55,377.0,382.4,382.1,380.35,2265694,861751789.85,27031.0,698087.0,30.81
LICHSGFIN,EQ,26-Apr-2022,364.95,371.35,383.85,370.0,382.25,382.9,379.44,4661924,1768928129.05,50119.0,1408582.0,30.21
LICHSGFIN,EQ,25-Apr-2022,374.8,371.2,371.85,362.7,366.6,364.95,366.44,2730073,1000395394.15,36273.0,886769.0,32.48
LICHSGFIN,EQ,22-Apr-2022,382.3,380.0,383.15,374.0,374.85,374.8,379.32,2076071,787498707.7,24123.0,751027.0,36.18
LICHSGFIN,EQ,21-Apr-2022,376.1,378.0,383.9,376.5,382.05,382.3,380.31,1786544,679431798.85,20483.0,338295.0,18.94
LICHSGFIN,EQ,20-Apr-2022,378.3,379.95,382.45,372.8,376.45,376.1,377.76,3133517,1183732050.65,38599.0,1130963.0,36.09
LICHSGFIN,EQ,19-Apr-2022,376.75,380.0,388.4,371.05,373.0,378.3,381.47,2455500,936694149.75,34867.0,526325.0,21.43
LICHSGFIN,EQ,18-Apr-2022,386.0,381.5,384.8,372.35,377.5,376.75,377.87,1856436,701485302.6,24255.0,452443.0,24.37
LICHSGFIN,EQ,13-Apr-2022,386.8,389.3,390.55,384.0,387.0,386.0,386.6,1541103,595782798.95,21987.0,539197.0,34.99
LICHSGFIN,EQ,12-Apr-2022,392.0,390.9,391.85,381.25,387.0,386.8,386.22,2296992,887151505.55,27976.0,503235.0,21.91
LICHSGFIN,EQ,11-Apr-2022,391.2,389.85,394.85,389.15,392.15,392.0,392.55,1520464,596857177.3,22170.0,439814.0,28.93
LICHSGFIN,EQ,08-Apr-2022,393.6,394.0,396.65,388.4,390.9,391.2,392.62,5364642,2106253932.75,46029.0,892048.0,16.63
LICHSGFIN,EQ,07-Apr-2022,387.45,389.0,396.3,386.3,392.85,393.6,391.59,5846965,2289633705.2,64810.0,1301768.0,22.26
LICHSGFIN,EQ,06-Apr-2022,384.35,382.0,388.5,379.0,387.3,387.45,383.88,3311093,1271065922.65,36024.0,988340.0,29.85
LICHSGFIN,EQ,05-Apr-2022,385.2,387.3,388.7,382.0,382.7,384.35,385.51,2507440,966639415.55,25445.0,702173.0,28.00
LICHSGFIN,EQ,04-Apr-2022,372.25,373.0,388.7,370.0,385.7,385.2,381.79,10264633,3918895096.6,105293.0,3964656.0,38.62
LICHSGFIN,EQ,01-Apr-2022,358.95,358.95,373.5,357.5,372.35,372.25,370.5,6287297,2329436384.1,49288.0,3441006.0,54.73
LICHSGFIN,EQ,31-Mar-2022,359.3,361.1,363.2,357.55,358.8,358.95,360.65,2106288,759636245.4,20489.0,857979.0,40.73
LICHSGFIN,EQ,30-Mar-2022,360.5,364.9,368.25,357.85,360.5,359.3,363.4,4206734,1528737835.2,34510.0,1634266.0,38.85
LICHSGFIN,EQ,29-Mar-2022,359.55,364.0,365.9,358.15,361.45,360.5,361.23,1692007,611203886.8,17192.0,586116.0,34.64
LICHSGFIN,EQ,28-Mar-2022,365.9,366.0,366.75,356.15,359.4,359.55,360.35,2270932,818336937.45,26094.0,679281.0,29.91
LICHSGFIN,EQ,25-Mar-2022,366.15,365.0,370.1,364.35,365.6,365.9,367.01,2466056,905072217.75,26969.0,546889.0,22.18
LICHSGFIN,EQ,24-Mar-2022,366.3,364.0,369.5,361.05,365.55,366.15,366.78,1629109,597527804.0,28157.0,621340.0,38.14
LICHSGFIN,EQ,23-Mar-2022,366.8,369.8,372.95,364.45,365.7,366.3,368.9,2171461,801059792.35,28752.0,687489.0,31.66
LICHSGFIN,EQ,22-Mar-2022,357.85,359.6,371.2,353.4,369.0,366.8,364.06,4826254,1757069682.15,47798.0,1494950.0,30.98
LICHSGFIN,EQ,21-Mar-2022,364.85,367.0,367.1,356.45,357.3,357.85,359.5,3205547,1152403465.55,29481.0,1824832.0,56.93
LICHSGFIN,EQ,17-Mar-2022,362.9,366.5,367.1,363.5,364.7,364.85,365.47,2123267,775988878.95,27743.0,825589.0,38.88
LICHSGFIN,EQ,16-Mar-2022,346.2,350.0,363.5,350.0,362.2,362.9,360.26,4204815,1514832561.85,46406.0,1134009.0,26.97
LICHSGFIN,EQ,15-Mar-2022,351.95,352.55,357.1,344.2,345.6,346.2,351.69,3001518,1055593516.75,30860.0,1191124.0,39.68
LICHSGFIN,EQ,14-Mar-2022,355.2,356.0,357.45,346.7,353.0,351.95,349.99,2563616,897241001.5,27833.0,961974.0,37.52
LICHSGFIN,EQ,11-Mar-2022,353.25,351.95,358.1,349.4,355.3,355.2,354.72,1619060,574318101.65,23583.0,385713.0,23.82
LICHSGFIN,EQ,10-Mar-2022,347.7,358.2,360.7,350.9,352.4,353.25,355.97,2815107,1002081691.55,33982.0,606429.0,21.54
LICHSGFIN,EQ,09-Mar-2022,338.85,343.0,352.3,340.4,348.1,347.7,346.97,2631679,913110940.85,32285.0,638903.0,24.28
LICHSGFIN,EQ,08-Mar-2022,330.7,331.95,340.8,326.85,339.5,338.85,333.2,2234945,744675734.2,40977.0,484053.0,21.66
LICHSGFIN,EQ,07-Mar-2022,342.35,339.0,339.0,321.0,331.7,330.7,327.49,4443897,1455315042.35,62292.0,1119505.0,25.19
LICHSGFIN,EQ,04-Mar-2022,346.8,343.0,349.55,340.0,342.5,342.35,344.39,2994698,1031335475.05,41586.0,779352.0,26.02
LICHSGFIN,EQ,03-Mar-2022,345.5,351.0,352.0,344.2,347.0,346.8,348.45,2398816,835864582.3,29225.0,762246.0,31.78
LICHSGFIN,EQ,02-Mar-2022,343.05,339.25,347.3,337.45,346.45,345.5,343.97,3571998,1228675657.85,39168.0,1410140.0,39.48
LICHSGFIN,EQ,28-Feb-2022,339.3,339.0,344.5,331.55,343.9,343.05,339.89,3158189,1073431058.2,40817.0,755008.0,23.91
LICHSGFIN,EQ,25-Feb-2022,330.1,339.5,345.2,335.0,340.0,339.3,340.69,5286099,1800945086.05,64942.0,1835843.0,34.73
LICHSGFIN,EQ,24-Feb-2022,363.05,352.2,354.75,328.1,329.6,330.1,340.14,6765144,2301110023.05,93219.0,2398028.0,35.45
LICHSGFIN,EQ,23-Feb-2022,367.15,372.0,372.35,362.0,362.7,363.05,367.39,2516545,924547149.6,32806.0,730575.0,29.03
LICHSGFIN,EQ,22-Feb-2022,372.6,358.25,369.0,357.5,367.0,367.15,363.26,3838190,1394253245.3,46084.0,787643.0,20.52
LICHSGFIN,EQ,21-Feb-2022,374.6,373.8,379.35,369.8,371.8,372.6,374.2,2277433,852213995.1,30380.0,393755.0,17.29
LICHSGFIN,EQ,18-Feb-2022,383.65,378.65,382.5,373.55,374.55,374.6,378.04,2536375,958854834.95,33251.0,443764.0,17.50
LICHSGFIN,EQ,17-Feb-2022,390.65,393.05,397.0,380.55,382.8,383.65,387.54,3881456,1504212465.7,38971.0,523217.0,13.48
LICHSGFIN,EQ,16-Feb-2022,387.0,388.0,399.9,388.0,389.8,390.65,393.88,6833637,2691660148.55,84163.0,1017098.0,14.88
LICHSGFIN,EQ,15-Feb-2022,358.6,361.0,389.0,359.05,386.2,387.0,374.42,9969533,3732775842.85,122636.0,1796303.0,18.02
LICHSGFIN,EQ,14-Feb-2022,390.65,381.0,382.0,356.75,357.55,358.6,364.91,9323114,3402055049.85,141493.0,2386837.0,25.60
LICHSGFIN,EQ,11-Feb-2022,403.15,403.15,406.45,389.0,390.95,390.65,398.41,4343501,1730487081.3,53069.0,923372.0,21.26
LICHSGFIN,EQ,10-Feb-2022,391.85,393.9,408.0,391.6,403.0,403.15,401.82,5990222,2406968828.35,79159.0,1523269.0,25.43
LICHSGFIN,EQ,09-Feb-2022,387.65,391.8,393.35,386.15,391.55,391.85,390.5,2142290,836554888.25,31541.0,462545.0,21.59
LICHSGFIN,EQ,08-Feb-2022,388.95,390.75,395.0,378.95,388.0,387.65,387.06,2912240,1127215706.95,39572.0,348532.0,11.97
LICHSGFIN,EQ,07-Feb-2022,394.85,393.0,398.85,386.1,388.5,388.95,391.03,3070642,1200703213.25,39397.0,683106.0,22.25
LICHSGFIN,EQ,04-Feb-2022,399.15,400.95,403.55,393.85,394.95,394.85,399.0,3262801,1301857699.8,39565.0,777184.0,23.82
LICHSGFIN,EQ,03-Feb-2022,403.6,405.2,405.5,397.35,397.8,399.15,400.3,3509709,1404948800.9,42330.0,1135417.0,32.35
LICHSGFIN,EQ,02-Feb-2022,387.55,390.0,405.9,389.6,403.0,403.6,401.25,8477068,3401400266.0,98764.0,2339689.0,27.60
LICHSGFIN,EQ,01-Feb-2022,385.35,389.4,395.8,380.85,387.9,387.55,389.84,6423339,2504084924.8,85605.0,1351216.0,21.04
LICHSGFIN,EQ,31-Jan-2022,383.15,394.9,394.9,382.0,385.6,385.35,385.71,4516325,1741973729.35,59071.0,652884.0,14.46
LICHSGFIN,EQ,28-Jan-2022,345.5,358.95,396.75,355.0,385.3,383.15,386.36,27295740,10545934323.65,270556.0,4715209.0,17.27
LICHSGFIN,EQ,27-Jan-2022,341.25,339.9,347.9,329.65,346.7,345.5,336.56,5402870,1818404538.1,73636.0,2346523.0,43.43
LICHSGFIN,EQ,25-Jan-2022,338.15,337.6,345.8,330.0,342.0,341.25,340.35,4665632,1587952178.55,70279.0,2325145.0,49.84
LICHSGFIN,EQ,24-Jan-2022,351.95,352.0,355.9,332.2,337.95,338.15,343.55,5550090,1906705826.9,81936.0,2102191.0,37.88
LICHSGFIN,EQ,21-Jan-2022,366.9,363.8,367.3,348.6,352.8,351.95,357.57,3934544,1406873033.1,66364.0,1575270.0,40.04
LICHSGFIN,EQ,20-Jan-2022,371.05,372.25,374.05,363.5,367.4,366.9,367.23,3570906,1311353834.85,57659.0,1637293.0,45.85
LICHSGFIN,EQ,19-Jan-2022,378.6,378.55,378.55,367.2,370.75,371.05,371.59,4411110,1639125715.3,71574.0,1281743.0,29.06
LICHSGFIN,EQ,18-Jan-2022,389.5,393.0,394.85,376.65,377.9,378.6,387.26,3918505,1517478849.2,58841.0,1157135.0,29.53
LICHSGFIN,EQ,17-Jan-2022,378.9,378.9,392.35,378.1,390.5,389.5,386.77,7240364,2800326857.3,79020.0,3741415.0,51.67
LICHSGFIN,EQ,14-Jan-2022,380.0,380.0,380.85,375.2,378.7,378.9,378.04,2534148,958015641.8,49717.0,1200000.0,47.35
LICHSGFIN,EQ,13-Jan-2022,381.65,384.1,384.1,379.1,379.95,380.0,380.79,2309062,879264662.9,55565.0,1254699.0,54.34
LICHSGFIN,EQ,12-Jan-2022,375.5,377.9,388.1,377.5,380.0,381.65,383.38,5175043,1983984396.65,69309.0,2790362.0,53.92
LICHSGFIN,EQ,11-Jan-2022,380.2,382.35,383.0,374.55,374.8,375.5,376.31,2360674,888341875.25,55298.0,1019350.0,43.18
LICHSGFIN,EQ,10-Jan-2022,376.0,378.0,383.5,377.1,380.35,380.2,380.12,2619247,995632308.1,36573.0,1329506.0,50.76
LICHSGFIN,EQ,07-Jan-2022,379.55,381.5,381.9,372.4,376.05,376.0,376.96,1775363,669246272.05,41377.0,714580.0,40.25
LICHSGFIN,EQ,06-Jan-2022,381.3,378.0,381.85,374.6,379.35,379.55,377.89,2103162,794772769.9,32604.0,926795.0,44.07
LICHSGFIN,EQ,05-Jan-2022,379.2,379.5,384.0,378.6,380.75,381.3,381.84,1828781,698299371.5,28944.0,530208.0,28.99
LICHSGFIN,EQ,04-Jan-2022,379.4,379.5,382.75,373.35,379.5,379.2,378.64,1779669,673859175.05,24558.0,476163.0,26.76
LICHSGFIN,EQ,03-Jan-2022,369.65,371.3,380.55,370.65,379.15,379.4,377.46,2359074,890463443.45,35781.0,553389.0,23.46
LICHSGFIN,EQ,31-Dec-2021,361.85,363.4,372.3,363.05,369.95,369.65,369.61,1168341,431825312.65,17803.0,361734.0,30.96
LICHSGFIN,EQ,30-Dec-2021,365.65,367.35,367.35,360.0,362.55,361.85,363.3,1272509,462299183.05,16321.0,515136.0,40.48
LICHSGFIN,EQ,29-Dec-2021,370.1,370.6,372.4,364.3,366.1,365.65,368.44,1300953,479316731.45,15535.0,522820.0,40.19
LICHSGFIN,EQ,28-Dec-2023,523.95,526.9,530.3,522.05,527.0,527.2,526.32,1573264,828044479.6,27306.0,469932.0,29.87
LICHSGFIN,EQ,27-Dec-2023,513.8,516.4,525.0,515.45,523.7,523.95,520.57,1124441,585352875.75,21893.0,372150.0,33.1
LICHSGFIN,EQ,26-Dec-2023,517.3,517.3,519.9,511.85,515.5,513.8,514.22,1670024,858756996.15,44378.0,756976.0,45.33
LICHSGFIN,EQ,22-Dec-2023,518.6,523.95,524.4,512.65,516.05,517.3,518.77,851386,441670330.0,18339.0,330055.0,38.77
LICHSGFIN,EQ,21-Dec-2023,513.55,505.2,520.95,505.05,519.55,518.6,516.25,1751819,904372345.05,39429.0,646985.0,36.93
LICHSGFIN,EQ,20-Dec-2023,529.65,530.85,534.0,511.35,512.1,513.55,519.73,1819791,945794924.6,35442.0,956106.0,52.54
LICHSGFIN,EQ,19-Dec-2023,531.25,531.0,535.45,525.8,529.9,529.65,531.49,1458874,775370479.2,31904.0,461143.0,31.61
LICHSGFIN,EQ,18-Dec-2023,540.45,540.4,540.4,530.15,530.55,531.25,534.75,2255645,1206197691.05,36067.0,1044057.0,46.29
LICHSGFIN,EQ,15-Dec-2023,533.65,541.0,542.0,532.85,538.0,540.45,538.53,2470309,1330333845.15,31361.0,1435198.0,58.1
LICHSGFIN,EQ,14-Dec-2023,531.45,535.95,544.5,532.1,533.5,533.65,537.0,2262862,1215163484.6,39108.0,962012.0,42.51
LICHSGFIN,EQ,13-Dec-2023,528.25,529.75,535.55,527.5,531.2,531.45,531.47,1916635,1018632846.6,28373.0,1010826.0,52.74
LICHSGFIN,EQ,12-Dec-2023,529.8,530.8,533.95,523.05,529.5,528.25,529.66,1803175,955072684.6,39123.0,511834.0,28.39
LICHSGFIN,EQ,11-Dec-2023,532.3,534.9,540.0,527.5,530.8,529.8,533.94,2154946,1150611405.95,42879.0,956064.0,44.37
LICHSGFIN,EQ,08-Dec-2023,518.7,518.0,543.9,518.0,531.8,532.3,534.71,7388696,3950785149.95,109688.0,2095166.0,28.36
LICHSGFIN,EQ,07-Dec-2023,505.15,506.9,527.05,501.5,518.95,518.7,516.73,5010670,2589141028.5,102200.0,1822918.0,36.38
LICHSGFIN,EQ,06-Dec-2023,498.5,500.0,510.2,498.7,504.7,505.15,505.06,1842639,930642639.55,30545.0,517266.0,28.07
LICHSGFIN,EQ,05-Dec-2023,507.55,507.2,507.2,496.0,499.0,498.5,501.01,1911892,957872340.65,66364.0,528294.0,27.63
LICHSGFIN,EQ,04-Dec-2023,492.7,502.0,510.6,497.1,504.95,507.55,505.49,3584148,1811756376.8,59108.0,1291365.0,36.03
LICHSGFIN,EQ,01-Dec-2023,491.15,493.6,503.0,490.8,492.0,492.7,496.33,3804499,1888281938.25,61184.0,1413932.0,37.16
LICHSGFIN,EQ,30-Nov-2023,478.7,478.95,494.0,477.7,489.95,491.15,488.89,7123100,3482382311.8,98448.0,2617451.0,36.75
LICHSGFIN,EQ,29-Nov-2023,457.7,460.0,480.45,458.0,477.7,478.7,472.04,4324414,2041294049.05,57193.0,1389910.0,32.14
LICHSGFIN,EQ,28-Nov-2023,454.65,456.45,459.5,453.1,457.8,457.7,456.27,1913696,873171593.8,32697.0,994749.0,51.98
LICHSGFIN,EQ,24-Nov-2023,454.95,455.2,460.9,453.0,454.5,454.65,456.98,1226042,560275929.9,21153.0,295564.0,24.11
LICHSGFIN,EQ,23-Nov-2023,456.5,458.45,458.8,452.1,455.0,454.95,455.06,962306,437910496.35,20803.0,378307.0,39.31
LICHSGFIN,EQ,22-Nov-2023,462.05,461.0,462.8,453.0,456.55,456.5,457.8,1316148,602538901.1,24101.0,473161.0,35.95
LICHSGFIN,EQ,21-Nov-2023,464.6,465.5,467.65,460.5,461.8,462.05,463.38,874774,405354476.65,24153.0,325189.0,37.17
LICHSGFIN,EQ,20-Nov-2023,465.85,467.0,469.75,461.75,464.5,464.6,465.49,738396,343719276.5,14225.0,239008.0,32.37
LICHSGFIN,EQ,17-Nov-2023,462.25,462.0,473.45,461.1,465.9,465.85,468.07,1982759,928063384.95,37707.0,641767.0,32.37
LICHSGFIN,EQ,16-Nov-2023,466.15,466.75,466.75,461.35,461.75,462.25,463.66,1374292,637204718.0,28302.0,592267.0,43.1
LICHSGFIN,EQ,15-Nov-2023,450.75,454.05,467.95,454.0,466.45,466.15,464.48,3248840,1509007239.55,66747.0,1538223.0,47.35
LICHSGFIN,EQ,13-Nov-2023,453.0,452.0,453.0,448.85,451.4,450.75,450.55,859310,387165249.15,29334.0,326224.0,37.96
LICHSGFIN,EQ,12-Nov-2023,451.95,454.1,456.0,451.8,453.05,453.0,453.83,197486,89624765.95,3779.0,100300.0,50.79
LICHSGFIN,EQ,10-Nov-2023,449.55,450.0,453.1,444.0,451.9,451.95,449.54,1203649,541083940.0,21096.0,432952.0,35.97
LICHSGFIN,EQ,09-Nov-2023,453.85,455.0,456.5,448.0,448.85,449.55,451.0,1148136,517806204.3,22089.0,464554.0,40.46
LICHSGFIN,EQ,08-Nov-2023,461.0,463.0,463.0,452.65,453.1,453.85,455.8,1131309,515647636.35,24346.0,472112.0,41.73
LICHSGFIN,EQ,07-Nov-2023,464.85,465.3,465.95,457.35,460.7,461.0,460.96,1392649,641962150.4,50962.0,265092.0,19.04
LICHSGFIN,EQ,06-Nov-2023,462.4,464.7,467.45,462.55,465.1,464.85,465.19,1321009,614515471.8,27303.0,611822.0,46.31
LICHSGFIN,EQ,03-Nov-2023,448.7,451.95,470.0,449.05,461.45,462.4,461.73,5172857,2388461474.5,61330.0,1864269.0,36.04
LICHSGFIN,EQ,02-Nov-2023,457.35,463.0,465.0,441.0,449.55,448.7,448.35,5955955,2670328993.95,85675.0,1813728.0,30.45
LICHSGFIN,EQ,01-Nov-2023,459.2,460.4,465.35,455.25,459.1,457.35,459.62,3460388,1590461955.05,41357.0,1761354.0,50.9
LICHSGFIN,EQ,31-Oct-2023,450.8,452.5,461.65,447.95,459.0,459.2,455.84,2248693,1025049127.7,57178.0,540638.0,24.04
LICHSGFIN,EQ,30-Oct-2023,440.05,440.0,452.8,435.0,450.55,450.8,446.63,2207793,986074945.95,46153.0,691229.0,31.31
LICHSGFIN,EQ,27-Oct-2023,437.85,440.0,449.0,438.2,440.0,440.05,442.09,2352666,1040094571.1,38288.0,1228225.0,52.21
LICHSGFIN,EQ,26-Oct-2023,447.0,442.5,444.9,432.0,437.2,437.85,435.42,1441537,627669184.85,27612.0,527974.0,36.63
LICHSGFIN,EQ,25-Oct-2023,451.85,454.0,455.85,441.3,449.0,447.0,448.86,1605450,720616465.4,40309.0,810682.0,50.5
LICHSGFIN,EQ,23-Oct-2023,459.6,460.0,461.35,448.75,450.0,451.85,454.96,1675517,762297893.8,37017.0,688718.0,41.1
LICHSGFIN,EQ,20-Oct-2023,467.45,465.0,467.7,457.35,459.55,459.6,461.69,1396948,644963641.9,24877.0,709186.0,50.77
LICHSGFIN,EQ,19-Oct-2023,470.8,467.65,469.95,462.75,468.1,467.45,467.49,1031462,482198868.4,16529.0,458144.0,44.42
LICHSGFIN,EQ,18-Oct-2023,475.8,476.0,477.7,468.3,469.75,470.8,472.08,1012502,477981221.05,20399.0,384085.0,37.93
LICHSGFIN,EQ,17-Oct-2023,471.7,473.05,476.8,472.0,476.0,475.8,475.09,1780656,845963353.2,43304.0,923022.0,51.84
LICHSGFIN,EQ,16-Oct-2023,470.0,470.9,473.6,464.3,471.45,471.7,471.15,1508509,710733337.55,40109.0,862259.0,57.16
LICHSGFIN,EQ,13-Oct-2023,471.85,470.05,474.45,468.55,469.25,470.0,471.84,1020788,481646763.05,22203.0,539971.0,52.9
LICHSGFIN,EQ,12-Oct-2023,473.95,475.0,479.9,470.8,471.65,471.85,475.19,1644573,781483234.6,30310.0,838918.0,51.01
LICHSGFIN,EQ,11-Oct-2023,469.35,473.65,478.0,471.75,473.9,473.95,474.91,3054493,1450598781.6,49821.0,1707926.0,55.92
LICHSGFIN,EQ,10-Oct-2023,466.1,468.15,472.75,464.8,469.9,469.35,469.21,1887474,885630437.7,48069.0,737087.0,39.05
LICHSGFIN,EQ,09-Oct-2023,468.35,465.95,468.3,457.2,464.65,466.1,464.34,1648827,765623500.75,32114.0,657351.0,39.87
LICHSGFIN,EQ,06-Oct-2023,471.1,472.95,476.05,466.1,467.35,468.35,470.94,3521962,1658632283.1,34256.0,2094114.0,59.46
LICHSGFIN,EQ,05-Oct-2023,467.35,469.8,474.25,465.3,470.8,471.1,470.56,2137313,1005741738.0,33606.0,887504.0,41.52
LICHSGFIN,EQ,04-Oct-2023,477.3,477.0,477.95,461.3,468.0,467.35,468.68,3507248,1643773399.35,46210.0,1563563.0,44.58
LICHSGFIN,EQ,03-Oct-2023,464.35,463.5,481.0,458.95,475.75,477.3,473.98,5517553,2615209920.45,85914.0,2425537.0,43.96
LICHSGFIN,EQ,29-Sep-2023,458.35,461.7,469.0,461.7,463.3,464.35,465.81,2469604,1150360928.25,37001.0,1202704.0,48.7
LICHSGFIN,EQ,28-Sep-2023,467.05,467.05,469.8,456.75,462.0,458.35,462.72,1842072,852359011.15,31648.0,601795.0,32.67
LICHSGFIN,EQ,27-Sep-2023,464.15,464.0,467.55,461.7,466.0,467.05,465.51,1394046,648945406.05,22514.0,597939.0,42.89
LICHSGFIN,EQ,26-Sep-2023,462.85,463.0,473.35,462.5,463.55,464.15,467.52,4196117,1961777222.0,71809.0,1749884.0,41.7
LICHSGFIN,EQ,25-Sep-2023,460.45,460.9,466.5,453.55,462.8,462.85,459.63,2475370,1137760824.8,38176.0,1182585.0,47.77
LICHSGFIN,EQ,22-Sep-2023,455.6,453.85,466.0,453.7,459.8,460.45,461.09,2466922,1137462074.4,40656.0,1324865.0,53.71
LICHSGFIN,EQ,21-Sep-2023,456.75,456.5,463.2,453.35,454.55,455.6,457.64,1578207,722243498.85,30365.0,622994.0,39.47
LICHSGFIN,EQ,20-Sep-2023,455.9,455.9,462.65,452.95,457.7,456.75,459.02,2434372,1117415313.1,45178.0,1305837.0,53.64
LICHSGFIN,EQ,18-Sep-2023,458.75,458.75,459.5,454.0,456.2,455.9,456.03,1229026,560472442.6,32423.0,416928.0,33.92
LICHSGFIN,EQ,15-Sep-2023,461.75,464.95,465.9,457.45,459.0,458.75,460.39,2462184,1133568627.4,33272.0,1451977.0,58.97
LICHSGFIN,EQ,14-Sep-2023,450.8,451.0,470.8,451.0,462.0,461.75,464.47,8427599,3914368965.5,88717.0,3090515.0,36.67
LICHSGFIN,EQ,13-Sep-2023,439.45,439.0,452.6,437.4,450.0,450.8,446.77,2546065,1137498514.15,50525.0,1250308.0,49.11
LICHSGFIN,EQ,12-Sep-2023,454.85,458.0,459.0,438.05,439.05,439.45,443.51,2731664,1211519850.55,55063.0,1464634.0,53.62
LICHSGFIN,EQ,11-Sep-2023,452.95,455.95,458.9,450.8,454.6,454.85,454.51,1571640,714326107.25,29513.0,618478.0,39.35
LICHSGFIN,EQ,08-Sep-2023,451.0,453.8,457.0,450.2,453.4,452.95,454.11,3161673,1435759473.1,45801.0,1825137.0,57.73
LICHSGFIN,EQ,07-Sep-2023,449.25,450.95,454.95,444.95,451.0,451.0,450.71,2413037,1087573930.6,29707.0,979695.0,40.6
LICHSGFIN,EQ,06-Sep-2023,451.05,452.7,454.35,445.0,449.6,449.25,449.97,2871462,1292086097.2,41509.0,1492097.0,51.96
LICHSGFIN,EQ,05-Sep-2023,447.8,452.0,459.2,447.15,450.55,451.05,453.05,5849342,2650065475.5,87903.0,2767331.0,47.31
LICHSGFIN,EQ,04-Sep-2023,433.2,438.9,455.55,436.0,447.9,447.8,448.25,9128736,4091920890.3,95973.0,4452388.0,48.77
LICHSGFIN,EQ,01-Sep-2023,423.35,425.0,435.85,423.5,434.1,433.2,431.04,6572052,2832815738.05,59802.0,4095042.0,62.31
LICHSGFIN,EQ,31-Aug-2023,421.05,422.9,425.05,418.1,424.05,423.35,421.97,2294910,968386819.25,28797.0,1240927.0,54.07
LICHSGFIN,EQ,30-Aug-2023,423.3,425.7,428.2,419.4,420.1,421.05,424.75,1951786,829011840.8,23254.0,895316.0,45.87
LICHSGFIN,EQ,29-Aug-2023,420.0,421.05,426.5,419.0,423.1,423.3,423.63,2575915,1091236940.05,32435.0,1137634.0,44.16
LICHSGFIN,EQ,28-Aug-2023,417.25,418.65,421.75,417.4,420.1,420.0,419.48,1547292,649050913.1,18607.0,788175.0,50.94
LICHSGFIN,EQ,25-Aug-2023,421.55,419.0,425.85,416.0,416.9,417.25,420.41,3031210,1274349361.5,48028.0,1671903.0,55.16
LICHSGFIN,EQ,24-Aug-2023,423.0,424.55,426.8,419.9,420.45,421.55,422.69,1550681,655454320.2,24231.0,1016387.0,65.54
LICHSGFIN,EQ,23-Aug-2023,422.9,423.3,425.95,420.25,422.6,423.0,422.71,3074633,1299664189.1,27695.0,1900010.0,61.8
LICHSGFIN,EQ,22-Aug-2023,420.55,420.75,427.15,420.75,423.0,422.9,423.39,2451605,1037975255.4,29286.0,1254085.0,51.15
LICHSGFIN,EQ,21-Aug-2023,413.75,413.0,422.9,411.45,419.9,420.55,420.23,2331512,979768383.6,35460.0,1172405.0,50.29
LICHSGFIN,EQ,18-Aug-2023,424.35,415.45,417.1,410.1,413.0,413.75,413.44,2577718,1065740219.65,38375.0,1152079.0,44.69
LICHSGFIN,EQ,17-Aug-2023,422.15,424.0,428.4,422.5,424.05,424.35,424.93,3055963,1298578884.1,46426.0,1867116.0,61.1
LICHSGFIN,EQ,16-Aug-2023,422.05,422.05,424.5,417.0,422.25,422.15,421.36,3441939,1450299980.65,58197.0,2208521.0,64.17
LICHSGFIN,EQ,14-Aug-2023,424.95,426.0,426.4,420.35,421.45,422.05,422.52,2498699,1055745526.2,34315.0,1350224.0,54.04
LICHSGFIN,EQ,11-Aug-2023,426.95,429.95,433.65,424.15,425.0,424.95,428.48,2370301,1015623124.2,29362.0,847776.0,35.77
LICHSGFIN,EQ,10-Aug-2023,430.8,430.8,436.65,421.8,426.85,426.95,429.12,4050619,1738199948.2,52388.0,1555112.0,38.39
LICHSGFIN,EQ,09-Aug-2023,432.45,433.95,434.0,424.5,430.25,430.8,428.42,2666390,1142335242.15,32666.0,1206709.0,45.26
LICHSGFIN,EQ,08-Aug-2023,440.9,440.8,440.9,428.75,432.0,432.45,432.94,4668803,2021331581.0,71706.0,2338506.0,50.09
LICHSGFIN,EQ,07-Aug-2023,426.65,428.15,445.45,423.15,438.95,440.9,435.15,9236996,4019509333.9,107735.0,3599158.0,38.96
LICHSGFIN,EQ,04-Aug-2023,394.35,390.0,433.75,390.0,426.8,426.65,423.19,29720946,12577739150.3,285850.0,9881526.0,33.25
LICHSGFIN,EQ,03-Aug-2023,414.35,413.45,420.8,390.75,400.0,394.35,401.8,6424734,2581438713.0,82635.0,2502870.0,38.96
LICHSGFIN,EQ,02-Aug-2023,418.0,416.95,418.75,409.8,414.4,414.35,414.24,3740226,1549363181.0,46492.0,2082264.0,55.67
LICHSGFIN,EQ,01-Aug-2023,417.4,418.6,423.35,415.5,418.0,418.0,419.21,3894870,1632767521.65,66008.0,1787936.0,45.9
LICHSGFIN,EQ,31-Jul-2023,413.45,414.0,419.3,411.6,417.35,417.4,416.36,2291805,954207225.75,32936.0,1096994.0,47.87
LICHSGFIN,EQ,28-Jul-2023,397.2,398.0,415.55,397.2,412.5,413.45,408.97,6780148,2772900076.9,74058.0,3552864.0,52.4
LICHSGFIN,EQ,27-Jul-2023,395.75,398.05,400.0,394.7,397.0,397.2,397.41,2118446,841889225.95,26343.0,1213822.0,57.3
LICHSGFIN,EQ,26-Jul-2023,392.5,394.0,397.85,393.25,396.15,395.75,395.46,2071360,819138939.1,30331.0,1205905.0,58.22
LICHSGFIN,EQ,25-Jul-2023,390.4,391.95,394.35,389.6,393.2,392.5,391.46,1949583,763193005.8,47640.0,897012.0,46.01
LICHSGFIN,EQ,24-Jul-2023,385.85,385.85,394.0,385.0,390.2,390.4,390.57,1673916,653789468.2,24895.0,554735.0,33.14
LICHSGFIN,EQ,21-Jul-2023,388.0,386.8,389.3,384.05,385.7,385.85,386.23,1072845,414368019.85,21162.0,476723.0,44.44
LICHSGFIN,EQ,20-Jul-2023,383.8,385.0,389.55,383.4,388.2,388.0,386.94,1175405,454808255.8,17112.0,460132.0,39.15
LICHSGFIN,EQ,19-Jul-2023,384.9,385.2,388.7,382.7,384.05,383.8,384.94,1278376,492103958.85,15628.0,476355.0,37.26
LICHSGFIN,EQ,18-Jul-2023,389.85,391.9,394.5,383.4,384.6,384.9,387.84,2664818,1033512320.75,53695.0,993143.0,37.27
LICHSGFIN,EQ,17-Jul-2023,392.5,393.0,393.6,386.15,390.2,389.85,388.45,2524475,980636467.55,30344.0,623417.0,24.69
LICHSGFIN,EQ,14-Jul-2023,386.95,389.75,393.1,388.0,392.4,392.5,390.91,957618,374345032.55,17058.0,292111.0,30.5
LICHSGFIN,EQ,13-Jul-2023,392.75,394.25,400.7,385.2,387.95,386.95,393.27,2479306,975043200.6,38599.0,704559.0,28.42
LICHSGFIN,EQ,12-Jul-2023,392.85,395.0,396.95,391.1,392.25,392.75,393.73,1520470,598654578.5,25591.0,594562.0,39.1
LICHSGFIN,EQ,11-Jul-2023,389.9,392.0,396.75,389.75,392.55,392.85,392.92,2085462,819427662.85,24865.0,465415.0,22.32
LICHSGFIN,EQ,10-Jul-2023,389.85,390.0,392.95,387.2,389.5,389.9,390.42,985824,384885324.25,14803.0,294967.0,29.92
LICHSGFIN,EQ,07-Jul-2023,398.25,398.25,399.5,386.95,389.5,389.85,390.53,4024085,1571525033.7,38521.0,1425414.0,35.42
LICHSGFIN,EQ,06-Jul-2023,393.75,394.5,399.4,392.9,398.5,398.25,396.96,1384763,549698368.45,17055.0,454206.0,32.8
LICHSGFIN,EQ,05-Jul-2023,390.2,398.0,406.9,390.05,394.0,393.75,395.8,5918401,2342500902.45,64820.0,1972466.0,33.33
LICHSGFIN,EQ,04-Jul-2023,396.5,397.95,398.0,387.6,390.35,390.2,390.58,2927676,1143487152.3,32744.0,1573932.0,53.76
LICHSGFIN,EQ,03-Jul-2023,392.2,394.0,397.45,391.35,396.3,396.5,394.61,1442820,569358054.6,27538.0,617061.0,42.77
LICHSGFIN,EQ,30-Jun-2023,392.95,394.9,400.95,391.1,392.45,392.2,395.04,2961054,1169746835.85,35061.0,1916829.0,64.73
LICHSGFIN,EQ,28-Jun-2023,394.9,396.9,397.95,391.75,393.7,392.95,393.46,2645002,1040698915.3,29371.0,1968181.0,74.41
LICHSGFIN,EQ,27-Jun-2023,391.75,392.4,395.7,389.6,395.0,394.9,392.66,1703586,668933351.75,23705.0,925373.0,54.32
LICHSGFIN,EQ,26-Jun-2023,389.65,390.05,395.1,386.0,392.0,391.75,390.59,2228143,870283344.1,22831.0,1022008.0,45.87
LICHSGFIN,EQ,23-Jun-2023,402.55,403.0,405.85,387.0,387.8,389.65,396.1,3485291,1380512590.1,36835.0,1691383.0,48.53
LICHSGFIN,EQ,22-Jun-2023,405.7,406.2,420.4,400.55,402.5,402.55,411.66,6158348,2535174332.65,79650.0,1810890.0,29.41
LICHSGFIN,EQ,21-Jun-2023,390.55,391.0,407.9,390.35,406.3,405.7,400.45,5015480,2008433240.6,58746.0,1996819.0,39.81
LICHSGFIN,EQ,20-Jun-2023,384.55,384.5,391.3,381.0,390.0,390.55,386.15,1502464,580177296.85,23588.0,634167.0,42.21
LICHSGFIN,EQ,19-Jun-2023,386.4,387.95,392.45,383.4,384.4,384.55,388.65,1327636,515991284.0,22134.0,420898.0,31.7
LICHSGFIN,EQ,16-Jun-2023,376.45,378.0,392.95,377.05,386.8,386.4,387.46,4158485,1611229263.75,48241.0,1967701.0,47.32
LICHSGFIN,EQ,15-Jun-2023,372.85,372.5,381.95,371.45,376.55,376.45,377.56,2525602,953554982.8,33425.0,1396100.0,55.28
LICHSGFIN,EQ,14-Jun-2023,373.45,371.5,374.1,370.0,372.5,372.85,372.16,1119894,416779535.75,22567.0,482050.0,43.04
LICHSGFIN,EQ,13-Jun-2023,370.3,372.0,376.75,370.95,373.1,373.45,373.16,1841448,687158669.35,40999.0,1095163.0,59.47
LICHSGFIN,EQ,12-Jun-2023,364.0,363.75,371.5,363.15,371.3,370.3,367.91,2825348,1039468985.3,36080.0,1553550.0,54.99
LICHSGFIN,EQ,09-Jun-2023,372.0,373.0,374.35,362.75,363.0,364.0,366.23,3575108,1309298631.25,73647.0,2273785.0,63.6
LICHSGFIN,EQ,08-Jun-2023,376.75,377.15,380.5,371.0,372.2,372.0,374.46,1720772,644366436.35,33294.0,739903.0,43.0
LICHSGFIN,EQ,07-Jun-2023,373.05,374.25,378.3,372.65,377.0,376.75,375.15,1662365,623628581.25,18773.0,1133012.0,68.16
LICHSGFIN,EQ,06-Jun-2023,375.8,376.0,377.4,372.2,373.0,373.05,373.69,684871,255931397.55,15716.0,339959.0,49.64
LICHSGFIN,EQ,05-Jun-2023,379.2,380.9,382.15,375.1,375.8,375.8,378.46,2323645,879403558.7,27839.0,714999.0,30.77
LICHSGFIN,EQ,02-Jun-2023,377.1,378.25,380.35,376.65,379.0,379.2,378.91,730890,276944198.4,10785.0,321353.0,43.97
LICHSGFIN,EQ,01-Jun-2023,372.0,373.95,379.35,372.75,376.3,377.1,376.6,926549,348936597.6,13546.0,440895.0,47.58
LICHSGFIN,EQ,31-May-2023,379.55,379.5,379.5,371.35,372.2,372.0,374.6,780347,292319605.85,11208.0,387426.0,49.65
LICHSGFIN,EQ,30-May-2023,380.05,380.05,383.5,377.0,379.7,379.55,380.37,1365553,519414649.75,20498.0,580294.0,42.5
LICHSGFIN,EQ,29-May-2023,377.5,379.9,383.6,377.5,380.0,380.05,380.41,1184824,450719463.85,16893.0,556142.0,46.94
LICHSGFIN,EQ,26-May-2023,375.05,375.2,378.3,373.55,377.4,377.5,376.39,905809,340936781.2,14500.0,302838.0,33.43
LICHSGFIN,EQ,25-May-2023,376.2,377.85,377.85,371.45,374.7,375.05,374.16,958131,358492913.5,15420.0,244774.0,25.55
LICHSGFIN,EQ,24-May-2023,373.05,371.9,378.4,370.4,376.05,376.2,375.64,1524854,572798668.6,22493.0,523888.0,34.36
LICHSGFIN,EQ,23-May-2023,372.25,372.5,375.2,370.65,372.4,373.05,372.91,910330,339469688.9,15413.0,351303.0,38.59
LICHSGFIN,EQ,22-May-2023,372.8,373.0,376.4,369.65,372.25,372.25,373.16,2240712,836135341.6,40107.0,889094.0,39.68
LICHSGFIN,EQ,19-May-2023,365.8,366.0,374.55,364.5,373.05,372.8,370.15,2809030,1039757077.1,30460.0,806886.0,28.72
LICHSGFIN,EQ,18-May-2023,370.45,373.0,375.0,362.75,366.4,365.8,368.47,3730009,1374393566.5,46802.0,1322693.0,35.46
LICHSGFIN,EQ,17-May-2023,394.7,391.0,391.0,365.6,370.75,370.45,372.16,15836838,5893826532.85,223488.0,5900117.0,37.26
LICHSGFIN,EQ,16-May-2023,381.8,384.0,398.0,382.25,395.45,394.7,392.79,7290408,2863587356.0,91962.0,3156337.0,43.29
LICHSGFIN,EQ,15-May-2023,374.95,375.0,383.5,372.7,382.9,381.8,380.84,1506402,573703324.45,27527.0,731226.0,48.54
LICHSGFIN,EQ,12-May-2023,377.8,378.75,380.3,374.0,374.6,374.95,376.64,1220873,459830504.6,18686.0,628599.0,51.49
LICHSGFIN,EQ,11-May-2023,372.45,374.0,379.0,371.3,378.8,377.8,375.5,1478514,555177875.5,23207.0,847336.0,57.31
LICHSGFIN,EQ,10-May-2023,368.7,371.4,373.25,365.0,371.2,372.45,369.69,709126,262158154.05,14517.0,240897.0,33.97
LICHSGFIN,EQ,09-May-2023,370.85,371.5,373.9,367.0,370.5,368.7,369.96,944037,349252862.9,14886.0,363013.0,38.45
LICHSGFIN,EQ,08-May-2023,364.6,367.6,372.5,365.3,371.3,370.85,370.38,1253442,464251496.1,20562.0,285757.0,22.8
LICHSGFIN,EQ,05-May-2023,370.05,368.8,370.6,362.85,365.95,364.6,366.07,1129545,413497785.3,23936.0,328080.0,29.05
LICHSGFIN,EQ,04-May-2023,355.8,357.0,371.4,356.3,368.0,370.05,366.72,2801963,1027546922.2,50413.0,918706.0,32.79
LICHSGFIN,EQ,03-May-2023,355.15,353.75,358.7,352.6,355.55,355.8,356.6,1073926,382964821.9,22775.0,375367.0,34.95
LICHSGFIN,EQ,02-May-2023,344.2,344.2,356.35,344.1,355.35,355.15,352.05,1961296,690482047.35,27915.0,759391.0,38.72
LICHSGFIN,EQ,28-Apr-2023,339.75,340.1,345.5,338.75,344.0,344.2,342.04,2562027,876316465.05,20699.0,1651169.0,64.45
LICHSGFIN,EQ,27-Apr-2023,340.0,340.0,341.0,337.8,338.7,339.75,339.47,784612,266349448.45,10501.0,259914.0,33.13
LICHSGFIN,EQ,26-Apr-2023,338.9,338.9,342.0,336.25,340.4,340.0,340.04,1250525,425232064.7,16212.0,680201.0,54.39
LICHSGFIN,EQ,25-Apr-2023,338.2,338.2,344.1,337.35,338.7,338.9,340.73,1915981,652831100.3,23133.0,667444.0,34.84
LICHSGFIN,EQ,24-Apr-2023,331.2,332.0,338.7,331.6,338.0,338.2,336.02,1563495,525363988.6,24779.0,810115.0,51.81
LICHSGFIN,EQ,21-Apr-2023,332.25,334.0,334.0,328.4,331.3,331.2,330.09,1153979,380922446.6,14868.0,684639.0,59.33
LICHSGFIN,EQ,20-Apr-2023,330.9,332.0,333.7,330.4,332.05,332.25,332.37,648193,215438243.85,13202.0,254435.0,39.25
LICHSGFIN,EQ,19-Apr-2023,332.4,332.5,334.8,330.1,331.0,330.9,332.57,807038,268397856.75,18371.0,330603.0,40.96
LICHSGFIN,EQ,18-Apr-2023,332.0,333.2,334.5,330.3,332.65,332.4,332.77,757227,251984194.7,14081.0,332069.0,43.85
LICHSGFIN,EQ,17-Apr-2023,327.4,327.0,332.5,324.5,332.2,332.0,329.23,1240102,408281620.7,27461.0,618451.0,49.87
LICHSGFIN,EQ,13-Apr-2023,330.25,328.5,329.8,324.15,327.0,327.4,326.84,1097375,358662004.55,17566.0,375580.0,34.23
LICHSGFIN,EQ,12-Apr-2023,333.05,333.8,334.8,329.65,330.45,330.25,332.45,2327960,773935583.4,24554.0,688926.0,29.59
LICHSGFIN,EQ,11-Apr-2023,333.45,334.5,337.7,332.1,333.45,333.05,335.31,1055348,353873730.5,16263.0,519287.0,49.21
LICHSGFIN,EQ,10-Apr-2023,336.7,337.45,337.6,331.6,333.6,333.45,334.0,854220,285309863.85,13768.0,298120.0,34.9
LICHSGFIN,EQ,06-Apr-2023,328.35,329.0,341.6,325.0,337.0,336.7,336.07,2894846,972866373.5,39463.0,1329739.0,45.93
LICHSGFIN,EQ,05-Apr-2023,333.55,334.0,334.25,327.0,328.55,328.35,329.43,876706,288816848.2,15765.0,347292.0,39.61
LICHSGFIN,EQ,03-Apr-2023,328.75,331.75,334.25,327.8,334.0,333.55,331.55,716360,237506036.2,11401.0,264709.0,36.95
LICHSGFIN,EQ,31-Mar-2023,322.55,323.8,331.55,323.5,328.5,328.75,328.51,1779112,584455582.85,25683.0,960950.0,54.01
LICHSGFIN,EQ,29-Mar-2023,318.65,319.45,324.45,316.4,323.35,322.55,320.5,1316515,421943728.9,20855.0,549105.0,41.71
LICHSGFIN,EQ,28-Mar-2023,320.8,320.8,323.6,315.1,318.7,318.65,318.64,1451902,462633393.35,22668.0,456270.0,31.43
LICHSGFIN,EQ,27-Mar-2023,320.65,322.25,325.8,319.2,320.2,320.8,322.76,1385355,447130553.65,25932.0,526043.0,37.97
LICHSGFIN,EQ,24-Mar-2023,335.25,335.0,335.0,320.0,320.7,320.65,325.68,2298219,748486229.35,41558.0,742177.0,32.29
LICHSGFIN,EQ,23-Mar-2023,340.95,340.95,341.15,334.15,334.4,335.25,337.85,784817,265152741.65,14716.0,299972.0,38.22
LICHSGFIN,EQ,22-Mar-2023,343.5,344.2,345.3,340.2,340.5,340.95,342.34,494154,169170428.6,9405.0,177399.0,35.9
LICHSGFIN,EQ,21-Mar-2023,344.8,346.55,347.8,341.0,343.55,343.5,343.56,1604798,551346075.25,19866.0,705411.0,43.96
LICHSGFIN,EQ,20-Mar-2023,347.95,347.6,347.6,341.6,345.25,344.8,344.38,1274057,438758072.2,26554.0,477033.0,37.44
LICHSGFIN,EQ,17-Mar-2023,347.1,349.2,351.4,345.15,348.0,347.95,347.62,1554137,540254089.95,19230.0,752061.0,48.39
LICHSGFIN,EQ,16-Mar-2023,343.25,343.3,349.8,339.05,348.2,347.1,345.02,906941,312913620.55,17894.0,323223.0,35.64
LICHSGFIN,EQ,15-Mar-2023,345.5,348.6,349.15,342.0,342.5,343.25,346.52,905877,313902257.0,12645.0,223815.0,24.71
LICHSGFIN,EQ,14-Mar-2023,345.35,345.6,349.75,342.45,345.7,345.5,345.77,708599,245013483.55,24253.0,212739.0,30.02
LICHSGFIN,EQ,13-Mar-2023,351.25,352.05,353.8,342.25,345.8,345.35,346.72,1501896,520742279.9,26337.0,765015.0,50.94
LICHSGFIN,EQ,10-Mar-2023,355.0,353.05,353.55,347.05,351.5,351.25,350.25,1237466,433418354.5,20235.0,480225.0,38.81
LICHSGFIN,EQ,09-Mar-2023,359.15,360.0,361.0,354.45,354.9,355.0,357.89,708212,253463874.4,11596.0,277859.0,39.23
LICHSGFIN,EQ,08-Mar-2023,360.0,358.1,360.05,353.95,359.45,359.15,357.05,987954,352751382.65,13911.0,338756.0,34.29
LICHSGFIN,EQ,06-Mar-2023,358.85,360.65,362.8,358.05,359.5,360.0,360.38,2405419,866863222.75,27307.0,1177043.0,48.93
LICHSGFIN,EQ,03-Mar-2023,354.9,356.5,361.8,355.85,359.05,358.85,359.29,1161080,417170142.6,22375.0,377057.0,32.47
LICHSGFIN,EQ,02-Mar-2023,356.85,356.85,358.75,354.2,354.65,354.9,356.19,687727,244961264.25,12035.0,196324.0,28.55
LICHSGFIN,EQ,01-Mar-2023,350.55,352.0,357.95,349.4,357.95,356.85,354.84,1022685,362886336.0,14948.0,288012.0,28.16
LICHSGFIN,EQ,28-Feb-2023,350.5,351.0,354.25,349.5,350.85,350.55,351.38,1286065,451893597.65,20448.0,443110.0,34.45
LICHSGFIN,EQ,27-Feb-2023,350.55,350.55,351.55,343.9,350.8,350.5,348.41,1109387,386518416.65,29798.0,373067.0,33.63
LICHSGFIN,EQ,24-Feb-2023,352.35,353.0,355.9,348.4,350.1,350.55,351.15,1848286,649032707.55,22103.0,247246.0,13.38
LICHSGFIN,EQ,23-Feb-2023,353.25,355.15,355.15,348.1,353.05,352.35,351.78,1265096,445030109.1,17082.0,388516.0,30.71
LICHSGFIN,EQ,22-Feb-2023,358.25,358.0,359.3,352.2,353.0,353.25,354.46,959201,340001749.3,16513.0,304118.0,31.71
LICHSGFIN,EQ,21-Feb-2023,360.2,361.0,363.8,357.05,357.65,358.25,360.74,1211677,437097885.6,17401.0,257062.0,21.22
LICHSGFIN,EQ,20-Feb-2023,366.3,367.85,367.9,359.85,360.8,360.2,363.38,1671095,607242295.4,55015.0,710511.0,42.52
LICHSGFIN,EQ,17-Feb-2023,372.1,369.2,372.3,364.0,365.95,366.3,367.37,2200466,808389318.4,24826.0,1155083.0,52.49
LICHSGFIN,EQ,16-Feb-2023,372.7,374.5,376.0,370.85,372.35,372.1,373.29,2373423,885970519.0,16864.0,1040613.0,43.84
LICHSGFIN,EQ,15-Feb-2023,371.4,370.0,374.2,369.0,373.0,372.7,371.64,1297604,482245056.9,15316.0,554244.0,42.71
LICHSGFIN,EQ,14-Feb-2023,369.9,370.0,372.5,365.05,371.4,371.4,368.59,1421641,524003406.6,22431.0,498615.0,35.07
LICHSGFIN,EQ,13-Feb-2023,377.9,377.9,379.35,368.7,370.0,369.9,372.0,2071372,770556033.9,25485.0,981208.0,47.37
LICHSGFIN,EQ,10-Feb-2023,380.0,379.05,381.45,376.25,377.5,377.9,378.4,1869020,707231911.3,18087.0,902610.0,48.29
LICHSGFIN,EQ,09-Feb-2023,386.25,386.3,386.9,378.05,380.35,380.0,380.38,1997820,759933407.85,25172.0,874624.0,43.78
LICHSGFIN,EQ,08-Feb-2023,376.1,377.8,390.9,374.05,386.0,386.25,384.87,3527561,1357663609.7,37547.0,942180.0,26.71
LICHSGFIN,EQ,07-Feb-2023,388.2,385.0,396.5,365.5,377.1,376.1,380.85,9967047,3795993018.9,147093.0,2014328.0,20.21
LICHSGFIN,EQ,06-Feb-2023,399.7,399.35,403.65,379.1,389.1,388.2,386.15,3867116,1493292907.25,63127.0,785917.0,20.32
LICHSGFIN,EQ,03-Feb-2023,394.85,395.5,400.7,389.6,399.75,399.7,395.86,1227587,485948321.4,24915.0,378640.0,30.84
LICHSGFIN,EQ,02-Feb-2023,386.9,385.0,396.6,380.45,395.1,394.85,390.95,1242875,485902304.45,31493.0,271454.0,21.84
LICHSGFIN,EQ,01-Feb-2023,401.2,403.8,408.45,374.75,387.95,386.9,394.68,2755215,1087439580.0,56340.0,1079196.0,39.17
LICHSGFIN,EQ,31-Jan-2023,389.15,390.0,402.0,389.05,400.95,401.2,397.53,1356899,539407588.15,26802.0,519403.0,38.28
LICHSGFIN,EQ,30-Jan-2023,386.3,384.0,392.8,381.25,390.4,389.15,387.97,1639571,636109461.1,27153.0,675321.0,41.19
LICHSGFIN,EQ,27-Jan-2023,390.0,390.5,391.6,379.7,387.0,386.3,383.79,1730143,664018264.1,32331.0,691080.0,39.94
LICHSGFIN,EQ,25-Jan-2023,394.55,393.6,393.6,386.65,393.0,390.0,389.85,1832958,714584791.95,22786.0,693497.0,37.83
LICHSGFIN,EQ,24-Jan-2023,393.5,395.5,396.5,392.05,393.95,394.55,394.27,932693,367735285.3,12795.0,220826.0,23.68
LICHSGFIN,EQ,23-Jan-2023,389.5,391.5,397.5,390.1,393.3,393.5,394.81,1225081,483676702.35,20759.0,358282.0,29.25
LICHSGFIN,EQ,20-Jan-2023,391.65,391.65,394.5,387.1,389.55,389.5,390.29,1028638,401463554.65,18180.0,468161.0,45.51
LICHSGFIN,EQ,19-Jan-2023,396.4,394.0,395.75,389.7,390.8,391.65,391.64,1382644,541494011.15,34895.0,566549.0,40.98
LICHSGFIN,EQ,18-Jan-2023,393.65,395.1,398.45,393.0,395.9,396.4,395.87,764164,302507966.7,13065.0,194034.0,25.39
LICHSGFIN,EQ,17-Jan-2023,395.55,395.55,397.15,388.0,393.9,393.65,392.74,1707734,670700201.3,25347.0,496783.0,29.09
LICHSGFIN,EQ,16-Jan-2023,402.9,403.5,409.65,394.55,396.1,395.55,399.62,3996299,1597010727.6,40652.0,2253456.0,56.39
LICHSGFIN,EQ,13-Jan-2023,400.15,401.0,404.6,398.7,403.05,402.9,401.87,1012622,406945998.7,21162.0,292775.0,28.91
LICHSGFIN,EQ,12-Jan-2023,402.65,405.0,405.0,396.25,399.0,400.15,400.58,1292880,517903587.15,28494.0,287421.0,22.23
LICHSGFIN,EQ,11-Jan-2023,395.6,397.0,404.25,392.1,401.8,402.65,398.44,1867439,744067172.15,35766.0,508001.0,27.2
LICHSGFIN,EQ,10-Jan-2023,402.4,403.9,404.35,393.1,395.9,395.6,396.24,2305146,913399175.55,40556.0,1013418.0,43.96
LICHSGFIN,EQ,09-Jan-2023,404.95,408.45,410.5,400.1,402.0,402.4,403.92,2387978,964554626.75,44037.0,985327.0,41.26
LICHSGFIN,EQ,06-Jan-2023,420.45,422.6,423.0,402.5,405.0,404.95,407.43,3905957,1591410270.75,53869.0,1273156.0,32.6
LICHSGFIN,EQ,05-Jan-2023,421.3,422.6,431.0,415.0,419.9,420.45,423.37,3000255,1270226401.95,54500.0,582058.0,19.4
LICHSGFIN,EQ,04-Jan-2023,421.6,422.0,423.5,411.7,420.95,421.3,417.97,1479879,618541454.6,22438.0,390855.0,26.41
LICHSGFIN,EQ,03-Jan-2023,424.45,425.95,426.45,420.1,421.25,421.6,422.75,1102355,466022544.55,23464.0,251974.0,22.86
LICHSGFIN,EQ,02-Jan-2023,414.15,416.5,425.0,411.8,424.35,424.45,420.65,2066145,869114644.3,36055.0,808116.0,39.11
LICHSGFIN,EQ,30-Dec-2022,415.95,418.8,425.5,412.25,414.4,414.15,418.41,1896873,793673048.7,36853.0,591079.0,31.16
LICHSGFIN,EQ,29-Dec-2022,416.5,415.25,418.05,407.5,417.55,415.95,411.9,1346866,554768855.85,27262.0,528000.0,39.2
LICHSGFIN,EQ,27-Dec-2024,588.2,591.0,604.5,588.85,596.8,596.6,597.39,1065043,636248096.4,34334.0,431263.0,40.49
LICHSGFIN,EQ,26-Dec-2024,585.05,585.55,589.85,581.5,588.35,588.2,586.0,1207304,707478337.25,41812.0,728640.0,60.35
LICHSGFIN,EQ,24-Dec-2024,583.25,585.0,593.2,583.1,583.1,585.05,588.16,701040,412323590.8,30417.0,216817.0,30.93
LICHSGFIN,EQ,23-Dec-2024,582.25,583.55,587.4,577.1,585.2,583.25,582.87,1457232,849376954.15,45343.0,749123.0,51.41
LICHSGFIN,EQ,20-Dec-2024,591.85,592.5,601.95,577.45,579.0,582.25,590.5,2125670,1255210774.45,52914.0,1085365.0,51.06
LICHSGFIN,EQ,19-Dec-2024,598.95,588.05,594.5,584.0,591.5,591.85,589.95,1272910,750957132.45,61689.0,564582.0,44.35
LICHSGFIN,EQ,18-Dec-2024,604.85,608.8,610.0,593.9,599.6,598.95,599.66,2950682,1769404613.15,60089.0,1488329.0,50.44
LICHSGFIN,EQ,17-Dec-2024,625.95,625.05,627.45,602.5,605.9,604.85,610.76,2426995,1482307105.0,54526.0,1287897.0,53.07
LICHSGFIN,EQ,16-Dec-2024,624.35,624.95,635.55,621.1,626.0,625.95,627.06,913845,573037098.45,39805.0,401588.0,43.94
LICHSGFIN,EQ,13-Dec-2024,632.3,630.05,631.25,609.2,625.0,624.35,618.72,1514800,937242165.45,48460.0,559691.0,36.95
LICHSGFIN,EQ,12-Dec-2024,636.85,638.0,639.9,630.85,631.0,632.3,634.8,639651,406053276.55,47952.0,318223.0,49.75
LICHSGFIN,EQ,11-Dec-2024,630.45,630.5,641.8,630.45,635.75,636.85,636.78,1278597,814182821.7,45747.0,665538.0,52.05
LICHSGFIN,EQ,10-Dec-2024,630.15,632.0,635.0,623.3,629.5,630.45,629.92,640264,403313678.2,32111.0,243791.0,38.08
LICHSGFIN,EQ,09-Dec-2024,641.25,641.25,643.9,628.95,630.45,630.15,633.81,824080,522310667.9,26514.0,410175.0,49.77
LICHSGFIN,EQ,06-Dec-2024,638.7,639.9,648.9,634.55,640.5,641.25,642.93,1071453,688871648.45,40871.0,390233.0,36.42
LICHSGFIN,EQ,05-Dec-2024,638.25,642.4,642.4,632.1,637.5,638.7,637.42,891937,568542391.8,31583.0,397442.0,44.56
LICHSGFIN,EQ,04-Dec-2024,635.35,639.0,645.0,634.1,638.1,638.25,639.93,1077571,689573780.1,37923.0,559738.0,51.94
LICHSGFIN,EQ,03-Dec-2024,626.85,626.85,643.95,626.85,634.8,635.35,637.26,1006739,641553104.4,43531.0,432523.0,42.96
LICHSGFIN,EQ,02-Dec-2024,638.8,639.0,639.0,623.85,627.35,626.85,628.0,1028942,646171279.2,37632.0,416583.0,40.49
LICHSGFIN,EQ,29-Nov-2024,634.7,638.0,639.95,630.95,637.3,638.8,636.91,831686,529712277.15,26541.0,377985.0,45.45
LICHSGFIN,EQ,28-Nov-2024,627.55,628.9,639.65,627.0,636.2,634.7,634.69,1570957,997066802.8,48519.0,494960.0,31.51
LICHSGFIN,EQ,27-Nov-2024,621.5,622.95,628.95,619.6,628.0,627.55,626.0,910998,570287923.3,25572.0,488637.0,53.64
LICHSGFIN,EQ,26-Nov-2024,627.5,627.5,633.4,620.0,622.0,621.5,624.92,1951915,1219784375.65,45715.0,1181766.0,60.54
LICHSGFIN,EQ,25-Nov-2024,617.45,629.9,634.4,624.5,628.0,627.5,629.08,1043306,656321934.45,37280.0,526782.0,50.49
LICHSGFIN,EQ,22-Nov-2024,611.25,614.0,618.55,606.3,618.15,617.45,613.72,1018524,625086967.85,32984.0,441381.0,43.34
LICHSGFIN,EQ,21-Nov-2024,616.45,613.15,614.65,600.35,609.55,611.25,608.38,1113675,677538222.3,38345.0,538823.0,48.38
LICHSGFIN,EQ,19-Nov-2024,611.15,614.5,625.4,612.1,613.7,616.45,619.04,1439885,891339473.55,57686.0,668648.0,46.44
LICHSGFIN,EQ,18-Nov-2024,608.15,608.15,618.55,602.0,613.0,611.15,611.09,1026308,627166138.2,59280.0,469218.0,45.72
LICHSGFIN,EQ,14-Nov-2024,606.85,606.85,617.3,605.05,608.35,608.15,609.57,1130270,688973693.7,47761.0,543424.0,48.08
LICHSGFIN,EQ,13-Nov-2024,616.95,615.7,619.35,601.45,607.95,606.85,610.39,2156821,1316494122.35,74118.0,1257996.0,58.33
LICHSGFIN,EQ,12-Nov-2024,625.95,628.0,638.4,612.55,616.5,616.95,624.91,2155005,1346680566.65,88856.0,934448.0,43.36
LICHSGFIN,EQ,11-Nov-2024,635.0,630.9,632.4,620.25,625.05,625.95,625.88,1469847,919952777.35,54900.0,714151.0,48.59
LICHSGFIN,EQ,08-Nov-2024,638.7,640.6,641.95,631.25,632.9,635.0,636.54,2190023,1394028442.2,84228.0,1380202.0,63.02
LICHSGFIN,EQ,07-Nov-2024,634.45,633.05,644.2,631.35,638.0,638.7,637.41,1774477,1131076072.4,50120.0,958266.0,54.0
LICHSGFIN,EQ,06-Nov-2024,632.1,634.0,639.35,628.85,635.0,634.45,633.34,956131,605557182.4,39343.0,371219.0,38.83
LICHSGFIN,EQ,05-Nov-2024,622.85,622.85,634.8,608.15,630.5,632.1,623.59,2571586,1603607297.4,123342.0,1090742.0,42.42
LICHSGFIN,EQ,04-Nov-2024,634.05,637.8,637.8,612.9,622.0,622.85,621.96,1041101,647523261.3,40983.0,373731.0,35.9
LICHSGFIN,EQ,01-Nov-2024,631.05,629.95,637.45,627.45,633.95,634.05,634.47,194439,123364871.35,6871.0,76803.0,39.5
LICHSGFIN,EQ,31-Oct-2024,633.0,633.0,636.0,621.45,632.0,631.05,628.26,1536695,965445713.55,49243.0,548755.0,35.71
LICHSGFIN,EQ,30-Oct-2024,637.45,642.4,657.6,630.5,630.75,633.0,643.42,4990391,3210938244.9,104554.0,2195310.0,43.99
LICHSGFIN,EQ,29-Oct-2024,618.45,625.0,642.85,610.65,642.0,637.45,625.88,3947335,2470566979.1,149725.0,1486132.0,37.65
LICHSGFIN,EQ,28-Oct-2024,598.25,600.25,627.4,592.0,618.7,618.45,612.47,3084307,1889033681.8,92954.0,852293.0,27.63
LICHSGFIN,EQ,25-Oct-2024,600.25,601.5,610.6,588.5,599.9,598.25,599.69,2102682,1260949285.4,65498.0,882074.0,41.95
LICHSGFIN,EQ,24-Oct-2024,600.6,600.6,609.85,595.25,600.0,600.25,601.95,1472019,886080315.45,65477.0,712877.0,48.43
LICHSGFIN,EQ,23-Oct-2024,587.55,587.0,610.15,580.15,599.1,600.6,597.34,3069525,1833553081.75,100896.0,1423554.0,46.38
LICHSGFIN,EQ,22-Oct-2024,607.75,609.0,612.9,584.55,587.8,587.55,596.26,2188291,1304796145.95,83635.0,920069.0,42.05
LICHSGFIN,EQ,21-Oct-2024,618.6,620.05,623.85,604.25,606.0,607.75,609.07,1393400,848674684.0,47645.0,661625.0,47.48
LICHSGFIN,EQ,18-Oct-2024,611.8,611.8,619.9,601.3,619.6,618.6,612.89,956834,586434601.85,42844.0,392637.0,41.04
LICHSGFIN,EQ,17-Oct-2024,626.1,627.0,628.6,610.1,612.4,611.8,616.12,1408387,867735049.05,45052.0,754471.0,53.57
LICHSGFIN,EQ,16-Oct-2024,625.95,628.0,633.5,623.25,626.0,626.1,627.02,884581,554649491.85,30324.0,394253.0,44.57
LICHSGFIN,EQ,15-Oct-2024,617.75,620.0,627.9,617.75,627.15,625.95,624.79,1311955,819700500.95,42082.0,666220.0,50.78
LICHSGFIN,EQ,14-Oct-2024,619.5,622.5,623.6,613.65,618.1,617.75,617.79,754905,466375525.3,25375.0,392070.0,51.94
LICHSGFIN,EQ,11-Oct-2024,616.1,617.05,621.65,613.8,620.05,619.5,618.17,566594,350251572.15,24802.0,225996.0,39.89
LICHSGFIN,EQ,10-Oct-2024,617.2,620.1,624.9,613.55,617.55,616.1,618.41,826195,510924309.55,38875.0,380703.0,46.08
LICHSGFIN,EQ,09-Oct-2024,615.25,622.0,628.2,615.1,618.3,617.2,621.8,1151776,716175200.25,39369.0,406475.0,35.29
LICHSGFIN,EQ,08-Oct-2024,607.5,608.3,617.9,604.85,617.9,615.25,612.93,1256006,769849966.5,51539.0,489615.0,38.98
LICHSGFIN,EQ,07-Oct-2024,634.85,637.0,637.85,601.0,607.55,607.5,611.03,3979196,2431411618.2,77573.0,2008613.0,50.48
LICHSGFIN,EQ,04-Oct-2024,636.6,633.25,643.75,627.65,632.0,634.85,635.62,3148592,2001299213.5,68019.0,1759486.0,55.88
LICHSGFIN,EQ,03-Oct-2024,659.25,654.9,655.9,630.05,635.8,636.6,642.01,2143072,1375883673.7,64218.0,981638.0,45.81
LICHSGFIN,EQ,01-Oct-2024,662.45,664.4,668.75,657.5,658.5,659.25,662.78,1014301,672263231.1,43561.0,387497.0,38.2
LICHSGFIN,EQ,30-Sep-2024,664.0,664.0,670.55,659.25,662.9,662.45,664.42,1207831,802509071.45,40565.0,418557.0,34.65
LICHSGFIN,EQ,27-Sep-2024,666.45,667.0,671.35,663.05,665.0,664.0,666.42,1474940,982927498.95,31805.0,705237.0,47.81
LICHSGFIN,EQ,26-Sep-2024,665.1,665.95,667.55,656.8,667.0,666.45,663.31,1965881,1303996873.4,49625.0,739401.0,37.61
LICHSGFIN,EQ,25-Sep-2024,685.95,685.6,687.4,660.05,665.95,665.1,669.34,3717511,2488286568.25,74407.0,1408803.0,37.9
LICHSGFIN,EQ,24-Sep-2024,680.75,682.0,689.85,681.55,685.0,685.95,686.74,2218270,1523370014.3,63387.0,1025398.0,46.23
LICHSGFIN,EQ,23-Sep-2024,667.8,669.1,683.4,666.6,682.0,680.75,676.61,2433332,1646417527.9,45305.0,1015313.0,41.73
LICHSGFIN,EQ,20-Sep-2024,663.65,665.0,669.75,658.55,667.3,667.8,665.3,1992776,1325799523.3,36503.0,872121.0,43.76
LICHSGFIN,EQ,19-Sep-2024,674.6,679.0,682.25,644.0,666.0,663.65,659.83,5325417,3513868462.9,93425.0,2066135.0,38.8
LICHSGFIN,EQ,18-Sep-2024,674.9,674.9,686.45,672.3,674.7,674.6,678.89,3120584,2118517858.1,44136.0,1108339.0,35.52
LICHSGFIN,EQ,17-Sep-2024,680.75,680.5,684.85,670.0,676.95,674.9,678.28,4411019,2991917529.85,85583.0,1327197.0,30.09
LICHSGFIN,EQ,16-Sep-2024,723.3,726.95,735.55,678.0,681.6,680.75,689.24,11877313,8186308913.25,185525.0,4051659.0,34.11
LICHSGFIN,EQ,13-Sep-2024,703.7,712.45,730.8,703.15,723.4,723.3,721.14,5263604,3795786779.3,91116.0,1467964.0,27.89
LICHSGFIN,EQ,12-Sep-2024,676.3,683.0,706.6,683.0,704.45,703.7,698.92,4432592,3098011782.05,106729.0,1399722.0,31.58
LICHSGFIN,EQ,11-Sep-2024,686.65,685.0,696.0,672.0,677.45,676.3,684.7,2656730,1819060293.8,55560.0,516885.0,19.46
LICHSGFIN,EQ,10-Sep-2024,699.9,703.0,705.0,684.0,688.95,686.65,691.19,2357859,1629731771.25,91635.0,889566.0,37.73
LICHSGFIN,EQ,09-Sep-2024,694.6,694.6,705.8,682.4,701.0,699.9,697.52,2367930,1651686004.9,47598.0,841030.0,35.52
LICHSGFIN,EQ,06-Sep-2024,707.4,706.9,716.0,691.55,696.75,694.6,704.99,2956463,2084282347.15,61729.0,1199387.0,40.57
LICHSGFIN,EQ,05-Sep-2024,691.2,695.0,719.5,694.75,707.75,707.4,709.1,6112607,4334430501.1,105212.0,2337558.0,38.24
LICHSGFIN,EQ,04-Sep-2024,694.05,689.85,699.7,680.95,690.55,691.2,689.42,4494906,3098863852.6,75629.0,1277709.0,28.43
LICHSGFIN,EQ,03-Sep-2024,675.6,683.5,695.2,678.0,694.0,694.05,686.98,3808579,2616414698.05,83840.0,1425293.0,37.42
LICHSGFIN,EQ,02-Sep-2024,674.4,674.6,680.75,670.1,675.2,675.6,674.63,1104837,745352397.15,29570.0,462561.0,41.87
LICHSGFIN,EQ,30-Aug-2024,675.95,677.65,683.65,673.25,674.15,674.4,677.89,1790107,1213491957.0,36252.0,829340.0,46.33
LICHSGFIN,EQ,29-Aug-2024,674.9,673.9,681.9,667.05,677.75,675.95,675.25,1357363,916564225.95,31130.0,549902.0,40.51
LICHSGFIN,EQ,28-Aug-2024,684.1,690.0,690.0,671.5,675.2,674.9,679.34,2289104,1555084873.2,34958.0,1094654.0,47.82
LICHSGFIN,EQ,27-Aug-2024,665.85,665.05,686.95,661.9,685.0,684.1,675.56,4318499,2917412833.8,93816.0,1758885.0,40.73
LICHSGFIN,EQ,26-Aug-2024,672.6,672.05,675.85,660.05,666.15,665.85,664.06,2941811,1953552451.05,46501.0,1516978.0,51.57
LICHSGFIN,EQ,23-Aug-2024,682.35,676.1,678.85,670.65,671.5,672.6,673.77,1556763,1048902810.6,24008.0,807199.0,51.85
LICHSGFIN,EQ,22-Aug-2024,678.9,682.8,685.5,678.0,682.0,682.35,682.02,1492805,1018117816.95,21943.0,819936.0,54.93
LICHSGFIN,EQ,21-Aug-2024,674.7,677.5,682.2,670.6,680.0,678.9,677.16,2392035,1619792847.3,36963.0,1139159.0,47.62
LICHSGFIN,EQ,20-Aug-2024,668.1,673.0,677.0,658.25,677.0,674.7,669.26,3143214,2103611694.95,79943.0,1661878.0,52.87
LICHSGFIN,EQ,19-Aug-2024,658.25,663.0,671.8,654.35,667.55,668.1,663.43,3232620,2144625984.55,91683.0,1951872.0,60.38
LICHSGFIN,EQ,16-Aug-2024,643.55,648.95,660.3,646.2,659.0,658.25,653.46,2437248,1592654698.35,34697.0,1346242.0,55.24
LICHSGFIN,EQ,14-Aug-2024,641.7,643.7,647.25,631.7,643.2,643.55,640.66,1845937,1182615280.9,44325.0,685916.0,37.16
LICHSGFIN,EQ,13-Aug-2024,646.65,654.4,654.55,638.65,644.0,641.7,647.28,3857891,2497149974.65,85232.0,1659770.0,43.02
LICHSGFIN,EQ,12-Aug-2024,638.15,642.5,649.15,626.35,647.35,646.65,640.37,3170034,2030010434.65,77515.0,1354042.0,42.71
LICHSGFIN,EQ,09-Aug-2024,640.0,645.0,649.15,635.0,636.95,638.15,642.06,2405546,1544502694.3,57168.0,1111925.0,46.22
LICHSGFIN,EQ,08-Aug-2024,637.15,640.7,650.75,634.0,637.0,640.0,643.29,4362479,2806320459.4,112888.0,2015237.0,46.19
LICHSGFIN,EQ,07-Aug-2024,651.85,655.05,670.0,633.2,638.15,637.15,646.25,5105582,3299484803.55,89014.0,1999048.0,39.15
LICHSGFIN,EQ,06-Aug-2024,686.15,689.5,705.0,650.0,652.95,651.85,668.56,6818431,4558544619.4,169068.0,2507777.0,36.78
LICHSGFIN,EQ,05-Aug-2024,748.6,710.35,724.0,669.0,684.5,686.15,690.67,12392927,8559458727.9,247222.0,3559962.0,28.73
LICHSGFIN,EQ,02-Aug-2024,757.55,745.0,760.9,741.0,749.65,748.6,751.1,2233217,1677377364.3,72413.0,978930.0,43.83
LICHSGFIN,EQ,01-Aug-2024,767.25,771.45,778.85,756.0,759.3,757.55,765.62,1632602,1249952850.9,47976.0,665995.0,40.79
LICHSGFIN,EQ,31-Jul-2024,774.0,776.0,776.95,765.2,766.5,767.25,769.46,3049275,2346283014.25,60235.0,1911347.0,62.68
LICHSGFIN,EQ,30-Jul-2024,791.55,794.85,794.85,770.5,773.75,774.0,778.45,3815235,2969980271.4,129162.0,1745076.0,45.74
LICHSGFIN,EQ,29-Jul-2024,791.3,797.5,809.55,789.0,792.6,791.55,799.48,2155386,1723190936.15,73853.0,856100.0,39.72
LICHSGFIN,EQ,26-Jul-2024,766.9,767.9,797.0,767.0,790.0,791.3,785.24,1776371,1394876577.25,52374.0,602408.0,33.91
LICHSGFIN,EQ,25-Jul-2024,782.05,778.95,778.95,755.55,768.45,766.9,763.82,2947125,2251068883.0,75705.0,947304.0,32.14
LICHSGFIN,EQ,24-Jul-2024,770.2,772.0,791.7,765.0,786.0,782.05,781.47,2885808,2255158957.4,72856.0,1205408.0,41.77
LICHSGFIN,EQ,23-Jul-2024,793.85,800.8,804.0,750.2,769.95,770.2,782.23,4674751,3656714046.7,176304.0,1873041.0,40.07
LICHSGFIN,EQ,22-Jul-2024,771.6,770.0,799.25,761.15,795.6,793.85,788.73,1877865,1481126500.85,51343.0,643771.0,34.28
LICHSGFIN,EQ,19-Jul-2024,795.7,796.0,796.5,769.05,772.5,771.6,781.71,1654193,1293103073.75,63563.0,595284.0,35.99
LICHSGFIN,EQ,18-Jul-2024,807.0,810.0,813.95,788.0,795.95,795.7,794.78,4410032,3505020417.45,80239.0,1438925.0,32.63
LICHSGFIN,EQ,16-Jul-2024,803.3,804.7,826.75,801.6,806.15,807.0,813.87,4814069,3918045908.65,103755.0,2203193.0,45.77
LICHSGFIN,EQ,15-Jul-2024,779.7,780.2,807.4,765.9,801.0,803.3,793.28,3307875,2624055488.7,67932.0,1464184.0,44.26
LICHSGFIN,EQ,12-Jul-2024,790.75,795.0,796.0,776.3,777.65,779.7,785.08,1647253,1293228542.1,44661.0,841450.0,51.08
LICHSGFIN,EQ,11-Jul-2024,779.85,784.95,796.8,781.55,790.95,790.75,788.11,3014084,2375420117.45,64350.0,1529570.0,50.75
LICHSGFIN,EQ,10-Jul-2024,771.45,775.0,781.0,751.7,779.7,779.85,771.06,1827229,1408905095.9,61621.0,636070.0,34.81
LICHSGFIN,EQ,09-Jul-2024,782.15,785.0,791.75,768.0,771.75,771.45,776.27,1892159,1468818256.35,77062.0,803535.0,42.47
LICHSGFIN,EQ,08-Jul-2024,795.7,798.8,800.0,780.2,783.8,782.15,785.2,1801676,1414671796.55,68070.0,905299.0,50.25
LICHSGFIN,EQ,05-Jul-2024,793.0,794.25,804.0,783.5,796.1,795.7,792.41,1698197,1345667425.45,65591.0,749529.0,44.14
LICHSGFIN,EQ,04-Jul-2024,799.55,803.5,803.5,785.1,794.0,793.0,793.02,1270061,1007189552.85,54247.0,531461.0,41.85
LICHSGFIN,EQ,03-Jul-2024,795.45,800.95,809.0,795.25,800.8,799.55,802.57,1670552,1340737782.55,52338.0,742095.0,44.42
LICHSGFIN,EQ,02-Jul-2024,816.35,818.0,819.3,788.0,795.9,795.45,799.0,3268240,2611320584.55,134293.0,1305678.0,39.95
LICHSGFIN,EQ,01-Jul-2024,796.8,800.3,821.25,795.0,817.1,816.35,812.29,3206810,2604845604.45,83339.0,1171741.0,36.54
LICHSGFIN,EQ,28-Jun-2024,787.6,785.0,809.9,782.5,797.95,796.8,796.42,3419490,2723340050.95,79330.0,1496863.0,43.77
LICHSGFIN,EQ,27-Jun-2024,778.8,775.95,800.75,772.4,787.0,787.6,788.96,5870141,4631288798.3,130204.0,2503761.0,42.65
LICHSGFIN,EQ,26-Jun-2024,769.85,770.0,788.1,759.35,780.1,778.8,775.38,5092505,3948634586.3,93896.0,1902976.0,37.37
LICHSGFIN,EQ,25-Jun-2024,733.9,734.9,776.35,722.65,770.0,769.85,755.21,6460950,4879403057.3,165643.0,2123565.0,32.87
LICHSGFIN,EQ,24-Jun-2024,731.75,731.7,736.75,721.75,734.65,733.9,731.25,2494394,1824029528.0,85635.0,1579531.0,63.32
LICHSGFIN,EQ,21-Jun-2024,739.7,743.4,743.4,727.3,731.2,731.75,734.36,2238812,1644104561.3,104728.0,1322889.0,59.09
LICHSGFIN,EQ,20-Jun-2024,736.4,738.1,746.3,734.7,739.3,739.7,740.46,1283939,950708934.65,33198.0,533521.0,41.55
LICHSGFIN,EQ,19-Jun-2024,748.85,750.0,751.85,729.35,736.5,736.4,736.92,2666976,1965349256.25,55496.0,1380267.0,51.75
LICHSGFIN,EQ,18-Jun-2024,731.65,736.85,759.8,733.65,748.5,748.85,747.94,3805256,2846121722.25,102282.0,1421920.0,37.37
LICHSGFIN,EQ,14-Jun-2024,719.3,720.05,734.7,717.2,734.0,731.65,726.36,2561548,1860607403.85,77743.0,1242946.0,48.52
LICHSGFIN,EQ,13-Jun-2024,715.4,722.0,726.0,706.7,719.0,719.3,715.96,4302152,3080163923.35,87264.0,1894516.0,44.04
LICHSGFIN,EQ,12-Jun-2024,680.1,683.95,719.55,682.15,717.0,715.4,708.81,10108963,7165284717.25,177617.0,3062246.0,30.29
LICHSGFIN,EQ,11-Jun-2024,674.4,683.05,688.0,672.05,681.5,680.1,679.56,4311375,2929844552.3,115530.0,1756263.0,40.74
LICHSGFIN,EQ,10-Jun-2024,662.1,666.3,678.0,663.0,672.3,674.4,673.66,3121182,2102604311.3,68798.0,1655632.0,53.05
LICHSGFIN,EQ,07-Jun-2024,651.05,654.25,671.5,648.35,660.45,662.1,660.06,1904908,1257358020.25,57746.0,814550.0,42.76
LICHSGFIN,EQ,06-Jun-2024,622.3,633.95,654.0,629.4,652.0,651.05,647.11,2171720,1405350207.65,90281.0,923696.0,42.53
LICHSGFIN,EQ,05-Jun-2024,577.0,593.0,624.0,580.4,622.5,622.3,608.51,4306196,2620362377.8,107700.0,1894591.0,44.0
LICHSGFIN,EQ,04-Jun-2024,680.95,674.95,674.95,544.8,580.4,577.0,604.2,10513971,6352579177.55,278297.0,4106960.0,39.06
LICHSGFIN,EQ,03-Jun-2024,632.7,670.0,685.5,651.55,678.7,680.95,669.64,5954520,3987371565.85,98800.0,3046905.0,51.17
LICHSGFIN,EQ,31-May-2024,631.3,633.0,639.0,625.3,634.0,632.7,631.06,2597394,1639119643.3,59913.0,1589068.0,61.18
LICHSGFIN,EQ,30-May-2024,646.8,642.55,648.3,626.7,632.7,631.3,634.4,1576306,1000013728.35,50328.0,845400.0,53.63
LICHSGFIN,EQ,29-May-2024,645.4,643.5,653.85,640.2,645.0,646.8,649.92,2015125,1309660605.2,50960.0,1111892.0,55.18
LICHSGFIN,EQ,28-May-2024,640.7,640.1,646.8,638.4,643.5,645.4,642.94,1323026,850620258.15,55932.0,598190.0,45.21
LICHSGFIN,EQ,27-May-2024,649.1,650.05,653.0,636.5,640.0,640.7,641.36,838874,538021807.55,32711.0,262333.0,31.27
LICHSGFIN,EQ,24-May-2024,654.1,653.0,657.05,646.35,648.05,649.1,651.15,938672,611216055.45,29186.0,487336.0,51.92
LICHSGFIN,EQ,23-May-2024,655.55,657.95,663.0,649.4,654.0,654.1,654.72,1479811,968867162.25,40602.0,768692.0,51.95
LICHSGFIN,EQ,22-May-2024,651.65,655.95,657.9,644.25,657.0,655.55,653.49,2439158,1593962335.8,72354.0,1435024.0,58.83
LICHSGFIN,EQ,21-May-2024,644.85,644.85,653.9,638.05,651.85,651.65,648.11,3289447,2131917735.25,94169.0,1866163.0,56.73
LICHSGFIN,EQ,18-May-2024,652.0,652.35,655.0,642.2,643.0,644.85,647.78,398889,258390633.8,7062.0,244760.0,61.36
LICHSGFIN,EQ,17-May-2024,653.15,656.0,669.95,646.6,652.4,652.0,655.15,2802622,1836141952.35,74212.0,842287.0,30.05
LICHSGFIN,EQ,16-May-2024,631.0,635.5,657.15,625.0,655.8,653.15,642.03,12146190,7798222243.45,162267.0,6742570.0,55.51
LICHSGFIN,EQ,15-May-2024,633.75,636.0,640.65,623.05,625.65,631.0,634.07,2552119,1618209809.9,60722.0,1042819.0,40.86
LICHSGFIN,EQ,14-May-2024,625.05,624.0,638.7,612.2,633.0,633.75,624.55,2703123,1688234034.9,75145.0,935853.0,34.62
LICHSGFIN,EQ,13-May-2024,626.5,627.5,632.0,610.0,621.1,625.05,620.14,1290217,800121185.45,48573.0,305843.0,23.7
LICHSGFIN,EQ,10-May-2024,620.1,623.95,639.15,622.5,627.45,626.5,629.44,2207795,1389674479.05,81599.0,1038389.0,47.03
LICHSGFIN,EQ,09-May-2024,635.6,635.6,641.85,617.8,622.0,620.1,632.68,1441646,912099006.05,47761.0,461081.0,31.98
LICHSGFIN,EQ,08-May-2024,623.15,622.75,643.75,615.2,635.6,635.6,632.81,1932062,1222621408.35,78496.0,786903.0,40.73
LICHSGFIN,EQ,07-May-2024,634.05,635.95,636.55,614.1,621.0,623.15,622.47,2023998,1259871708.0,76767.0,663692.0,32.79
LICHSGFIN,EQ,06-May-2024,654.05,657.9,657.9,627.0,632.15,634.05,637.73,2354753,1501688711.2,68357.0,966553.0,41.05
LICHSGFIN,EQ,03-May-2024,669.1,672.0,675.9,644.5,652.8,654.05,657.28,2650534,1742153674.25,80877.0,1022741.0,38.59
LICHSGFIN,EQ,02-May-2024,673.85,675.05,683.0,666.0,669.0,669.1,672.74,2269415,1526731954.5,69318.0,1041539.0,45.89
LICHSGFIN,EQ,30-Apr-2024,666.85,671.9,681.45,663.6,672.95,673.85,674.46,3980481,2684684777.9,119412.0,1554627.0,39.06
LICHSGFIN,EQ,29-Apr-2024,661.35,666.0,670.1,652.35,669.05,666.85,660.86,1647600,1088828795.6,49738.0,745431.0,45.24
LICHSGFIN,EQ,26-Apr-2024,661.25,665.85,672.4,657.0,662.55,661.35,662.96,1345850,892246593.55,46877.0,529878.0,39.37
LICHSGFIN,EQ,25-Apr-2024,673.45,675.0,675.0,656.5,662.4,661.25,663.46,2711612,1799035822.75,73429.0,1448530.0,53.42
LICHSGFIN,EQ,24-Apr-2024,671.2,674.55,681.5,670.0,672.2,673.45,676.16,3744615,2531950871.4,69565.0,1731310.0,46.23
LICHSGFIN,EQ,23-Apr-2024,663.2,669.0,674.8,661.1,669.3,671.2,668.86,4555962,3047312341.55,120382.0,1885010.0,41.37
LICHSGFIN,EQ,22-Apr-2024,642.95,647.2,665.5,644.75,661.55,663.2,660.2,4657549,3074935925.1,102425.0,2463693.0,52.9
LICHSGFIN,EQ,19-Apr-2024,642.4,637.0,646.7,624.25,642.8,642.95,640.31,2471599,1582599429.6,58812.0,1026835.0,41.55
LICHSGFIN,EQ,18-Apr-2024,654.05,658.2,666.0,639.1,644.2,642.4,652.87,3395430,2216760596.4,84714.0,1550028.0,45.65
LICHSGFIN,EQ,16-Apr-2024,638.45,635.0,661.65,633.55,652.55,654.05,653.52,5288396,3456058970.25,115774.0,2007526.0,37.96
LICHSGFIN,EQ,15-Apr-2024,648.5,633.0,654.75,624.6,640.6,638.45,641.92,3059341,1963840249.6,59685.0,1263061.0,41.29
LICHSGFIN,EQ,12-Apr-2024,649.05,647.55,658.85,644.2,649.7,648.5,652.02,3207293,2091220697.8,51965.0,2009422.0,62.65
LICHSGFIN,EQ,10-Apr-2024,651.35,654.8,655.85,644.55,647.0,649.05,650.66,2938995,1912280362.9,58422.0,2084453.0,70.92
LICHSGFIN,EQ,09-Apr-2024,646.8,651.0,659.35,646.75,652.3,651.35,652.87,3264890,2131539050.3,81600.0,1618773.0,49.58
LICHSGFIN,EQ,08-Apr-2024,644.3,649.2,655.85,636.1,648.65,646.8,646.76,5285739,3418596224.6,63939.0,3297701.0,62.39
LICHSGFIN,EQ,05-Apr-2024,643.85,647.7,647.7,636.05,643.7,644.3,642.37,1830294,1175725624.75,38611.0,1002198.0,54.76
LICHSGFIN,EQ,04-Apr-2024,641.4,646.25,661.0,641.85,644.6,643.85,651.56,3145305,2049339332.2,65951.0,854831.0,27.18
LICHSGFIN,EQ,03-Apr-2024,639.1,637.8,644.0,632.0,643.55,641.4,637.97,1187104,757335540.4,27845.0,495143.0,41.71
LICHSGFIN,EQ,02-Apr-2024,636.2,638.0,642.95,630.65,636.8,639.1,637.7,1608600,1025807385.0,57653.0,539865.0,33.56
LICHSGFIN,EQ,01-Apr-2024,610.95,617.35,638.0,614.2,636.5,636.2,628.81,1573234,989260991.45,37156.0,418040.0,26.57
LICHSGFIN,EQ,28-Mar-2024,591.4,591.8,614.5,591.8,613.3,610.95,604.62,2992847,1809546085.45,72714.0,1449464.0,48.43
LICHSGFIN,EQ,27-Mar-2024,592.75,593.95,597.65,589.45,590.0,591.4,592.47,1075990,637491388.85,34138.0,693622.0,64.46
LICHSGFIN,EQ,26-Mar-2024,595.5,595.5,598.8,590.05,591.05,592.75,593.88,2247918,1334983545.4,63988.0,1485867.0,66.1
LICHSGFIN,EQ,22-Mar-2024,591.35,588.0,599.0,588.0,595.0,595.5,595.61,1290405,768577332.0,38792.0,706796.0,54.77
LICHSGFIN,EQ,21-Mar-2024,570.05,575.2,594.0,575.15,591.95,591.35,588.03,1697503,998182927.45,32537.0,871005.0,51.31
LICHSGFIN,EQ,20-Mar-2024,570.75,573.5,575.15,559.45,569.05,570.05,568.5,1023212,581691940.9,24716.0,318045.0,31.08
LICHSGFIN,EQ,19-Mar-2024,575.1,574.7,575.5,565.05,571.55,570.75,570.75,1575894,899448424.7,52075.0,488747.0,31.01
LICHSGFIN,EQ,18-Mar-2024,584.6,585.0,587.7,573.85,574.0,575.1,578.84,1642367,950666758.45,39507.0,815686.0,49.67
LICHSGFIN,EQ,15-Mar-2024,591.8,585.3,594.75,575.25,582.6,584.6,583.17,3195333,1863417785.7,48249.0,1934261.0,60.53
LICHSGFIN,EQ,14-Mar-2024,590.45,586.5,595.55,577.75,591.95,591.8,589.42,1799972,1060944921.55,59104.0,825457.0,45.86
LICHSGFIN,EQ,13-Mar-2024,624.1,625.0,625.95,584.95,591.1,590.45,601.19,3102446,1865163534.1,95101.0,1481243.0,47.74
LICHSGFIN,EQ,12-Mar-2024,634.6,634.55,639.0,619.85,622.7,624.1,627.52,1854808,1163924204.5,85786.0,687196.0,37.05
LICHSGFIN,EQ,11-Mar-2024,637.6,639.0,642.0,633.1,634.8,634.6,637.47,1351832,861752816.0,51919.0,791453.0,58.55
LICHSGFIN,EQ,07-Mar-2024,640.15,640.55,648.0,634.8,637.45,637.6,640.7,1314041,841910055.1,39314.0,686273.0,52.23
LICHSGFIN,EQ,06-Mar-2024,656.0,656.0,656.45,623.0,640.0,640.15,634.44,2796433,1774162809.7,71992.0,1031582.0,36.89
LICHSGFIN,EQ,05-Mar-2024,657.75,660.0,671.95,652.9,657.25,656.0,662.92,2375311,1574645285.5,76823.0,923315.0,38.87
LICHSGFIN,EQ,04-Mar-2024,648.4,650.0,661.15,648.75,658.0,657.75,656.46,1558962,1023401333.05,40138.0,698261.0,44.79
LICHSGFIN,EQ,02-Mar-2024,648.75,650.1,655.7,646.0,648.9,648.4,649.98,113196,73575681.25,2838.0,46910.0,41.44
LICHSGFIN,EQ,01-Mar-2024,647.95,650.35,654.9,646.45,648.0,648.75,649.56,877615,570062127.45,21579.0,344925.0,39.3
LICHSGFIN,EQ,29-Feb-2024,638.15,641.15,652.0,633.5,649.8,647.95,642.11,2116417,1358973168.2,43695.0,1018169.0,48.11
LICHSGFIN,EQ,28-Feb-2024,649.55,651.85,656.35,635.75,640.0,638.15,644.78,1130316,728800685.05,26282.0,416731.0,36.87
LICHSGFIN,EQ,27-Feb-2024,659.15,661.9,666.1,645.0,650.45,649.55,656.76,2940335,1931097837.15,72481.0,1117653.0,38.01
LICHSGFIN,EQ,26-Feb-2024,642.3,643.45,661.45,643.0,659.0,659.15,654.75,3011803,1971981211.05,62229.0,958713.0,31.83
LICHSGFIN,EQ,23-Feb-2024,642.25,645.5,648.8,637.95,641.3,642.3,642.49,1038739,667383705.65,22414.0,414983.0,39.95
LICHSGFIN,EQ,22-Feb-2024,640.9,641.4,644.0,635.55,642.0,642.25,639.59,868334,555373698.9,30579.0,429291.0,49.44
LICHSGFIN,EQ,21-Feb-2024,638.95,637.55,646.95,637.55,639.4,640.9,643.78,2367781,1524325315.3,45215.0,1452893.0,61.36
LICHSGFIN,EQ,20-Feb-2024,634.85,634.85,639.9,626.65,636.9,638.95,633.58,1502356,951856183.25,44126.0,442311.0,29.44
LICHSGFIN,EQ,19-Feb-2024,641.75,645.0,645.9,633.0,634.7,634.85,637.76,1148627,732552680.85,29529.0,641153.0,55.82
LICHSGFIN,EQ,16-Feb-2024,637.95,641.0,648.45,639.5,641.0,641.75,643.56,1798377,1157356568.45,72899.0,1187355.0,66.02
LICHSGFIN,EQ,15-Feb-2024,636.6,639.8,644.2,629.3,638.3,637.95,638.64,1914588,1222731440.4,46395.0,965100.0,50.41
LICHSGFIN,EQ,14-Feb-2024,631.0,621.0,640.65,619.0,638.95,636.6,629.53,1260746,793672005.1,28625.0,585582.0,46.45
LICHSGFIN,EQ,13-Feb-2024,620.45,616.0,632.6,614.15,630.0,631.0,625.03,2821807,1763710175.1,101839.0,1138778.0,40.36
LICHSGFIN,EQ,12-Feb-2024,650.2,651.05,653.5,616.35,620.15,620.45,630.37,1869679,1178597930.05,40261.0,926755.0,49.57
LICHSGFIN,EQ,09-Feb-2024,647.6,650.0,656.9,632.15,651.55,650.2,646.51,2017131,1304095452.35,51275.0,704568.0,34.93
LICHSGFIN,EQ,08-Feb-2024,646.0,650.25,655.6,642.45,650.0,647.6,649.34,1639613,1064665751.1,40131.0,651704.0,39.75
LICHSGFIN,EQ,07-Feb-2024,648.5,659.0,669.8,636.3,648.0,646.0,655.5,3261779,2138099137.25,61870.0,1327460.0,40.7
LICHSGFIN,EQ,06-Feb-2024,640.4,646.3,650.65,634.5,648.0,648.5,643.42,2829812,1820750130.45,67637.0,1149882.0,40.63
LICHSGFIN,EQ,05-Feb-2024,634.25,640.0,655.75,626.05,643.45,640.4,640.85,4528404,2902046374.75,78892.0,1608575.0,35.52
LICHSGFIN,EQ,02-Feb-2024,629.65,634.9,642.4,625.0,629.85,634.25,636.13,2873863,1828156552.55,49225.0,926964.0,32.25
LICHSGFIN,EQ,01-Feb-2024,625.6,625.35,634.8,619.95,630.2,629.65,627.36,5463844,3427818553.8,61678.0,2794590.0,51.15
LICHSGFIN,EQ,31-Jan-2024,617.35,621.8,627.95,618.35,626.6,625.6,623.94,5030287,3138587616.1,59666.0,3291189.0,65.43
LICHSGFIN,EQ,30-Jan-2024,600.0,605.0,627.95,604.2,619.0,617.35,618.65,6018763,3723501046.55,151545.0,2151900.0,35.75
LICHSGFIN,EQ,29-Jan-2024,579.2,579.2,608.8,578.0,601.0,600.0,599.79,6752824,4050288633.4,190210.0,3267191.0,48.38
LICHSGFIN,EQ,25-Jan-2024,577.4,580.0,586.5,567.05,579.9,579.2,575.57,2560166,1473546263.3,56043.0,1319452.0,51.54
LICHSGFIN,EQ,24-Jan-2024,560.75,561.8,578.95,554.6,577.0,577.4,569.12,1503671,855771213.6,39568.0,681298.0,45.31
LICHSGFIN,EQ,23-Jan-2024,577.75,581.8,584.3,554.45,560.05,560.75,564.81,3715271,2098415564.8,162300.0,1897707.0,51.08
LICHSGFIN,EQ,20-Jan-2024,584.35,586.0,588.85,576.0,579.2,577.75,581.32,886694,515452894.85,24952.0,449898.0,50.74
LICHSGFIN,EQ,19-Jan-2024,576.15,580.1,590.0,577.5,584.2,584.35,584.6,2037879,1191345051.65,39673.0,818901.0,40.18
LICHSGFIN,EQ,18-Jan-2024,575.25,574.1,579.5,560.45,575.0,576.15,572.78,1344935,770357392.15,33881.0,478315.0,35.56
LICHSGFIN,EQ,17-Jan-2024,583.95,582.0,585.35,573.95,574.85,575.25,579.93,2747008,1593065688.5,43422.0,1167583.0,42.5
LICHSGFIN,EQ,16-Jan-2024,578.1,576.5,589.35,573.85,582.0,583.95,581.24,4329890,2516724482.3,74808.0,1540456.0,35.58
LICHSGFIN,EQ,15-Jan-2024,573.8,578.0,581.1,573.0,576.55,578.1,577.01,1277690,737234322.75,30005.0,784172.0,61.37
LICHSGFIN,EQ,12-Jan-2024,578.2,579.0,582.0,571.45,573.5,573.8,576.27,1089975,628117080.05,18810.0,590701.0,54.19
LICHSGFIN,EQ,11-Jan-2024,567.75,569.5,588.0,568.05,579.55,578.2,573.5,2308206,1323747652.0,38325.0,1430819.0,61.99
LICHSGFIN,EQ,10-Jan-2024,562.4,562.4,570.0,554.8,568.6,567.75,561.28,2197107,1233188551.6,63905.0,1216862.0,55.38
LICHSGFIN,EQ,09-Jan-2024,561.8,566.0,570.8,560.45,562.6,562.4,565.46,1506124,851659928.05,54602.0,643215.0,42.71
LICHSGFIN,EQ,08-Jan-2024,574.8,577.0,579.0,560.0,562.5,561.8,568.19,1572620,893544717.55,38365.0,723418.0,46.0
LICHSGFIN,EQ,05-Jan-2024,572.0,574.0,585.95,568.3,574.5,574.8,578.03,3054472,1765581213.35,65945.0,911321.0,29.84
LICHSGFIN,EQ,04-Jan-2024,557.6,558.95,574.0,554.1,572.2,572.0,565.04,4223351,2386342186.0,88729.0,1697445.0,40.19
LICHSGFIN,EQ,03-Jan-2024,559.6,560.0,562.55,555.15,557.55,557.6,558.87,1506526,841953447.45,35894.0,874839.0,58.07
LICHSGFIN,EQ,02-Jan-2024,563.05,563.7,568.4,553.25,561.0,559.6,560.37,2659755,1490450250.5,84498.0,837512.0,31.49
LICHSGFIN,EQ,01-Jan-2024,536.1,538.3,569.0,538.3,559.5,563.05,558.69,6193413,3460172642.2,127114.0,1935329.0,31.25
LICHSGFIN,EQ,29-Dec-2023,527.2,528.95,540.0,525.65,536.5,536.1,533.82,2097734,1119821984.7,42429.0,1013780.0,48.33
LICHSGFIN,EQ,26-Dec-2025,539.45,539.45,541.7,537.75,540.3,539.45,539.85,925693,499732170.2,10596.0,667378.0,72.09
LICHSGFIN,EQ,24-Dec-2025,533.85,533.85,541.75,533.75,540.0,539.45,539.22,540891,291658806.1,10534.0,251986.0,46.59
LICHSGFIN,EQ,23-Dec-2025,533.9,535.4,537.8,532.1,534.25,533.85,535.0,556706,297838163.55,13809.0,248837.0,44.7
LICHSGFIN,EQ,22-Dec-2025,532.45,533.7,535.85,532.5,534.0,533.9,533.73,633823,338289622.95,17010.0,399108.0,62.97
LICHSGFIN,EQ,19-Dec-2025,528.1,529.0,533.85,526.6,532.0,532.45,530.7,781527,414755631.45,13703.0,475083.0,60.79
LICHSGFIN,EQ,18-Dec-2025,524.8,524.6,529.1,520.7,527.75,528.1,526.34,864472,455008524.75,36889.0,503176.0,58.21
LICHSGFIN,EQ,17-Dec-2025,525.8,525.8,530.5,522.0,523.4,524.8,525.67,689096,362235368.2,16597.0,404444.0,58.69
LICHSGFIN,EQ,16-Dec-2025,531.45,530.25,535.25,523.1,524.0,525.8,528.35,1223972,646689913.55,20123.0,805541.0,65.81
LICHSGFIN,EQ,15-Dec-2025,532.4,532.6,533.9,526.8,531.0,531.45,530.89,1149555,610284305.0,20970.0,720790.0,62.7
LICHSGFIN,EQ,12-Dec-2025,533.4,534.4,538.6,531.1,532.0,532.4,533.08,1285079,685054536.85,19021.0,906923.0,70.57
LICHSGFIN,EQ,11-Dec-2025,531.4,534.45,534.95,530.0,534.4,533.4,532.95,573914,305865248.9,12758.0,330081.0,57.51
LICHSGFIN,EQ,10-Dec-2025,533.2,533.35,538.9,529.0,531.0,531.4,532.97,938828,500364601.2,20285.0,482890.0,51.44
LICHSGFIN,EQ,09-Dec-2025,522.8,522.4,535.9,518.55,533.7,533.2,528.4,1208513,638582990.9,24279.0,486844.0,40.28
LICHSGFIN,EQ,08-Dec-2025,541.8,542.9,545.0,521.3,522.55,522.8,529.53,2161921,1144802835.5,48370.0,1303190.0,60.28
LICHSGFIN,EQ,05-Dec-2025,546.95,546.95,550.85,539.05,543.8,541.8,542.54,1721468,933962283.65,38835.0,965357.0,56.08
LICHSGFIN,EQ,04-Dec-2025,549.4,549.35,551.2,544.7,546.5,546.95,547.54,1547387,847255926.5,21501.0,1089218.0,70.39
LICHSGFIN,EQ,03-Dec-2025,554.65,554.6,554.9,545.5,549.0,549.4,549.29,1627288,893860704.4,23247.0,1157749.0,71.15
LICHSGFIN,EQ,02-Dec-2025,550.65,550.0,556.4,548.6,554.9,554.65,553.85,2401015,1329806501.65,24616.0,1865233.0,77.69
LICHSGFIN,EQ,01-Dec-2025,549.1,550.9,554.75,549.05,550.0,550.65,551.91,289709,159892123.55,11747.0,135883.0,46.9
LICHSGFIN,EQ,28-Nov-2025,550.25,550.0,552.0,548.2,550.0,549.1,549.58,618499,339916729.05,11262.0,444769.0,71.91
LICHSGFIN,EQ,27-Nov-2025,555.8,556.7,557.55,548.1,550.8,550.25,551.09,913611,503484665.0,14807.0,625468.0,68.46
LICHSGFIN,EQ,26-Nov-2025,548.1,549.8,557.85,547.85,555.5,555.8,554.88,1867914,1036476914.0,22527.0,1384660.0,74.13
LICHSGFIN,EQ,25-Nov-2025,545.95,545.1,554.0,544.05,548.2,548.1,548.08,1486951,814961836.15,30563.0,908783.0,61.12
LICHSGFIN,EQ,24-Nov-2025,545.9,548.0,548.95,543.8,545.95,545.95,546.05,1533246,837232557.95,24481.0,1059082.0,69.07
LICHSGFIN,EQ,21-Nov-2025,554.8,554.4,554.45,544.2,546.85,545.9,548.46,1257819,689862437.95,37851.0,740456.0,58.87
LICHSGFIN,EQ,20-Nov-2025,563.6,565.8,567.0,552.95,554.0,554.8,558.46,879789,491326718.2,29690.0,564501.0,64.16
LICHSGFIN,EQ,19-Nov-2025,567.55,568.0,568.65,562.1,563.7,563.6,563.84,940685,530398879.55,19394.0,383699.0,40.79
LICHSGFIN,EQ,18-Nov-2025,571.0,571.0,571.55,566.5,567.55,567.55,567.78,586954,333262221.0,20276.0,385239.0,65.63
LICHSGFIN,EQ,17-Nov-2025,567.7,567.7,572.6,566.8,571.8,571.0,570.65,528243,301439263.9,15817.0,314301.0,59.5
LICHSGFIN,EQ,14-Nov-2025,567.9,566.0,570.0,564.6,568.5,567.7,566.66,824463,467188337.15,24893.0,434003.0,52.64
LICHSGFIN,EQ,13-Nov-2025,572.8,572.8,573.55,567.25,567.9,567.9,569.73,922564,525607951.8,17079.0,617483.0,66.93
LICHSGFIN,EQ,12-Nov-2025,571.5,573.9,575.75,570.85,572.5,572.8,572.87,523173,299711072.6,12033.0,283775.0,54.24
LICHSGFIN,EQ,11-Nov-2025,571.7,571.5,573.4,565.35,571.95,571.5,569.14,477001,271479807.45,12559.0,257703.0,54.03
LICHSGFIN,EQ,10-Nov-2025,571.2,572.05,574.0,569.5,571.0,571.7,571.89,497644,284599588.25,18755.0,255430.0,51.33
LICHSGFIN,EQ,07-Nov-2025,570.15,567.55,574.8,561.1,571.7,571.2,568.38,855955,486503668.85,30764.0,337280.0,39.4
LICHSGFIN,EQ,06-Nov-2025,574.0,573.05,573.6,563.75,567.9,570.15,568.71,1496751,851215216.0,28535.0,905120.0,60.47
LICHSGFIN,EQ,04-Nov-2025,575.55,576.0,578.0,570.3,574.0,574.0,573.65,761141,436625047.2,13230.0,397617.0,52.24
LICHSGFIN,EQ,03-Nov-2025,570.95,572.95,577.4,571.0,576.0,575.55,575.11,949133,545860243.4,18015.0,453536.0,47.78
LICHSGFIN,EQ,31-Oct-2025,570.45,572.95,574.8,568.2,572.3,570.95,571.51,2062927,1178990711.65,29385.0,1369045.0,66.36
LICHSGFIN,EQ,30-Oct-2025,593.45,593.0,594.35,565.6,572.0,570.45,572.64,6562217,3757801017.7,72563.0,3031238.0,46.19
LICHSGFIN,EQ,29-Oct-2025,585.9,588.8,594.9,584.05,593.9,593.45,590.72,1109668,655504945.5,19667.0,509195.0,45.89
LICHSGFIN,EQ,28-Oct-2025,584.35,585.95,588.95,582.6,587.0,585.9,585.49,1462332,856176496.85,29006.0,739401.0,50.56
LICHSGFIN,EQ,27-Oct-2025,579.5,583.0,586.5,578.4,584.0,584.35,583.63,709954,414352410.3,17370.0,307961.0,43.38
LICHSGFIN,EQ,24-Oct-2025,580.75,582.95,586.7,577.85,581.0,579.5,582.45,922766,537469357.25,17685.0,291804.0,31.62
LICHSGFIN,EQ,23-Oct-2025,573.65,577.0,581.7,573.0,580.0,580.75,578.92,793002,459086117.5,16013.0,487849.0,61.52
LICHSGFIN,EQ,21-Oct-2025,573.05,573.15,576.3,572.85,573.7,573.65,574.11,91555,52562805.65,2941.0,52490.0,57.34
LICHSGFIN,EQ,20-Oct-2025,568.25,570.5,580.7,569.65,574.4,573.05,576.35,2230106,1285328813.0,34071.0,1323497.0,59.35
LICHSGFIN,EQ,17-Oct-2025,569.3,569.05,570.7,564.8,568.95,568.25,567.76,1008096,572360300.0,17518.0,632954.0,62.79
LICHSGFIN,EQ,16-Oct-2025,569.1,571.3,572.0,566.1,568.65,569.3,569.23,570837,324935520.6,13795.0,305770.0,53.57
LICHSGFIN,EQ,15-Oct-2025,565.8,566.0,573.1,565.8,569.2,569.1,570.02,1061303,604961656.9,19200.0,637523.0,60.07
LICHSGFIN,EQ,14-Oct-2025,572.35,573.0,573.9,560.05,566.0,565.8,564.88,970192,548044331.5,15851.0,557402.0,57.45
LICHSGFIN,EQ,13-Oct-2025,568.45,565.0,573.75,563.05,572.0,572.35,569.91,1243809,708858964.6,22801.0,769837.0,61.89
LICHSGFIN,EQ,10-Oct-2025,560.5,561.6,572.35,561.05,567.5,568.45,567.59,987991,560770319.85,32083.0,458111.0,46.37
LICHSGFIN,EQ,09-Oct-2025,562.05,563.5,565.55,559.0,560.0,560.5,561.24,2247538,1261414357.9,43797.0,1672351.0,74.41
LICHSGFIN,EQ,08-Oct-2025,566.65,570.6,570.95,561.5,561.9,562.05,566.17,1591967,901330879.6,32779.0,747806.0,46.97
LICHSGFIN,EQ,07-Oct-2025,576.85,579.95,582.15,564.7,567.0,566.65,569.63,1244017,708625978.45,31849.0,699749.0,56.25
LICHSGFIN,EQ,06-Oct-2025,578.45,580.0,582.35,574.4,577.0,576.85,576.89,629412,363101777.85,23321.0,338101.0,53.72
LICHSGFIN,EQ,03-Oct-2025,577.2,579.0,583.45,574.05,579.5,578.45,578.61,863724,499758181.25,20400.0,377444.0,43.7
LICHSGFIN,EQ,01-Oct-2025,565.0,565.0,578.5,564.55,577.15,577.2,572.75,919596,526700755.15,28439.0,345490.0,37.57
LICHSGFIN,EQ,30-Sep-2025,567.2,565.0,571.2,562.65,565.0,565.0,567.16,2519407,1428904963.65,37150.0,1806712.0,71.71
LICHSGFIN,EQ,29-Sep-2025,564.95,565.0,572.7,563.5,567.5,567.2,568.42,494815,281261108.65,24726.0,236598.0,47.82
LICHSGFIN,EQ,26-Sep-2025,571.4,572.0,574.4,562.75,562.75,564.95,568.22,788424,447994438.95,30712.0,416359.0,52.81
LICHSGFIN,EQ,25-Sep-2025,580.75,580.0,582.2,570.45,573.45,571.4,575.4,539499,310425424.05,16151.0,242466.0,44.94
LICHSGFIN,EQ,24-Sep-2025,582.6,582.0,585.45,579.0,580.0,580.75,582.19,659123,383737769.5,20409.0,317027.0,48.1
LICHSGFIN,EQ,23-Sep-2025,587.3,587.3,588.25,579.2,583.3,582.6,582.39,660351,384578895.8,15505.0,288850.0,43.74
LICHSGFIN,EQ,22-Sep-2025,592.8,591.5,594.7,583.9,587.55,587.3,588.48,1223800,720186460.95,27958.0,618773.0,50.56
LICHSGFIN,EQ,19-Sep-2025,593.2,592.0,595.9,586.85,592.5,592.8,592.93,1602392,950112381.35,21512.0,940772.0,58.71
LICHSGFIN,EQ,18-Sep-2025,572.0,575.0,595.0,572.95,592.7,593.2,588.02,4634182,2724996585.45,58045.0,1946644.0,42.01
LICHSGFIN,EQ,17-Sep-2025,570.05,572.05,574.4,569.75,571.0,572.0,571.96,498684,285227378.05,11724.0,242992.0,48.73
LICHSGFIN,EQ,16-Sep-2025,571.75,572.45,573.95,568.75,571.25,570.05,570.57,1245789,710812247.45,15033.0,887283.0,71.22
LICHSGFIN,EQ,15-Sep-2025,567.1,569.8,575.8,565.8,570.8,571.75,572.15,1531927,876492303.0,23241.0,871446.0,56.89
LICHSGFIN,EQ,12-Sep-2025,562.7,563.4,569.9,563.4,566.9,567.1,566.96,1999528,1133643707.85,25049.0,1352774.0,67.65
LICHSGFIN,EQ,11-Sep-2025,560.8,562.0,567.0,561.1,563.7,562.7,563.83,595170,335577629.3,11288.0,304237.0,51.12
LICHSGFIN,EQ,10-Sep-2025,557.55,559.05,563.5,558.9,560.6,560.8,561.45,725295,407215277.15,13490.0,408200.0,56.28
LICHSGFIN,EQ,09-Sep-2025,559.65,560.5,562.35,557.0,558.8,557.55,558.77,436744,244037422.95,9590.0,267307.0,61.2
LICHSGFIN,EQ,08-Sep-2025,554.2,555.85,563.0,553.3,559.4,559.65,559.43,641290,358754060.2,12746.0,325722.0,50.79
LICHSGFIN,EQ,05-Sep-2025,554.3,556.9,557.95,550.25,555.2,554.2,554.15,458431,254038345.45,10408.0,172917.0,37.72
LICHSGFIN,EQ,04-Sep-2025,557.1,564.45,565.0,553.15,554.25,554.3,558.02,778989,434691912.15,14149.0,411226.0,52.79
LICHSGFIN,EQ,03-Sep-2025,556.45,556.7,559.8,555.65,557.45,557.1,557.26,691081,385112157.55,24086.0,357311.0,51.7
LICHSGFIN,EQ,02-Sep-2025,563.4,564.0,566.0,555.25,556.0,556.45,560.07,1063167,595451520.0,17901.0,596814.0,56.14
LICHSGFIN,EQ,01-Sep-2025,555.2,555.2,564.05,554.1,563.5,563.4,559.67,678306,379628306.8,22373.0,386594.0,56.99
LICHSGFIN,EQ,29-Aug-2025,547.35,545.4,558.35,545.0,555.0,555.2,553.26,1722586,953030192.55,34326.0,956391.0,55.52
LICHSGFIN,EQ,28-Aug-2025,560.4,560.3,560.3,546.2,548.5,547.35,551.65,2560978,1412756273.0,52808.0,1708529.0,66.71
LICHSGFIN,EQ,26-Aug-2025,561.1,561.0,566.35,554.95,560.2,560.4,560.87,1629147,913746054.15,28463.0,978001.0,60.03
LICHSGFIN,EQ,25-Aug-2025,563.5,564.6,566.9,560.05,561.2,561.1,563.31,845716,476403543.45,16890.0,474257.0,56.08
LICHSGFIN,EQ,22-Aug-2025,577.85,570.1,571.0,562.1,563.1,563.5,565.47,1778532,1005701413.85,26967.0,954694.0,53.68
LICHSGFIN,EQ,21-Aug-2025,580.1,584.0,584.0,577.2,577.5,577.85,579.29,724860,419901725.1,16637.0,454883.0,62.75
LICHSGFIN,EQ,20-Aug-2025,579.75,581.7,583.2,576.7,581.0,580.1,580.37,1561218,906082181.25,26543.0,913725.0,58.53
LICHSGFIN,EQ,19-Aug-2025,567.8,570.0,582.8,567.0,579.7,579.75,576.69,4224172,2436029182.2,43960.0,2750965.0,65.12
LICHSGFIN,EQ,18-Aug-2025,569.25,575.0,576.4,565.7,568.5,567.8,572.39,4253108,2434432710.95,45486.0,3124954.0,73.47
LICHSGFIN,EQ,14-Aug-2025,574.35,575.5,577.0,566.8,569.9,569.25,569.71,939890,535462722.75,29093.0,539336.0,57.38
LICHSGFIN,EQ,13-Aug-2025,573.15,576.1,577.0,571.35,574.8,574.35,574.54,939214,539611595.15,14971.0,577793.0,61.52
LICHSGFIN,EQ,12-Aug-2025,574.3,575.0,575.5,572.0,572.3,573.15,573.72,616119,353480751.8,13931.0,346971.0,56.32
LICHSGFIN,EQ,11-Aug-2025,570.6,573.95,575.55,569.1,574.5,574.3,574.15,868496,498647763.2,11163.0,545568.0,62.82
LICHSGFIN,EQ,08-Aug-2025,578.4,578.95,581.75,569.0,569.75,570.6,574.12,1562824,897248716.35,24966.0,920675.0,58.91
LICHSGFIN,EQ,07-Aug-2025,576.1,575.65,580.8,568.55,579.9,578.4,575.84,1117020,643220991.55,31649.0,491523.0,44.0
LICHSGFIN,EQ,06-Aug-2025,579.65,580.05,580.55,572.8,575.5,576.1,576.96,1037270,598463704.9,26580.0,537686.0,51.84
LICHSGFIN,EQ,05-Aug-2025,591.05,591.1,591.15,575.2,579.6,579.65,580.1,2773442,1608884927.15,58410.0,1703387.0,61.42
LICHSGFIN,EQ,04-Aug-2025,570.25,570.25,594.7,570.25,589.7,591.05,588.19,2853738,1678546798.2,116572.0,1164550.0,40.81
LICHSGFIN,EQ,01-Aug-2025,586.05,585.95,587.0,560.4,570.0,570.25,577.78,2495374,1441774457.45,45131.0,1144723.0,45.87
LICHSGFIN,EQ,31-Jul-2025,590.05,586.0,590.5,582.5,585.95,586.05,587.44,1636644,961422409.8,35521.0,878545.0,53.68
LICHSGFIN,EQ,30-Jul-2025,598.25,599.0,600.3,588.45,589.6,590.05,593.05,1194302,708279404.35,26327.0,621434.0,52.03
LICHSGFIN,EQ,29-Jul-2025,590.3,589.0,599.1,584.8,599.0,598.25,590.96,2526778,1493219262.8,49291.0,1114647.0,44.11
LICHSGFIN,EQ,28-Jul-2025,606.9,609.0,612.45,588.55,590.5,590.3,595.28,1699737,1011811834.1,27716.0,934107.0,54.96
LICHSGFIN,EQ,25-Jul-2025,614.7,611.65,618.35,600.55,603.75,606.9,607.7,3085959,1875346753.15,48794.0,1865039.0,60.44
LICHSGFIN,EQ,24-Jul-2025,619.65,620.0,622.4,611.6,614.05,614.7,615.2,967248,595055303.45,26818.0,410022.0,42.39
LICHSGFIN,EQ,23-Jul-2025,620.2,622.0,623.35,611.85,620.05,619.65,615.89,913197,562429955.35,23596.0,348266.0,38.14
LICHSGFIN,EQ,22-Jul-2025,623.65,625.1,631.8,618.05,620.0,620.2,623.92,1066521,665423184.95,24360.0,442593.0,41.5
LICHSGFIN,EQ,21-Jul-2025,628.25,630.0,631.9,619.6,624.0,623.65,623.5,1258287,784538923.2,43852.0,610311.0,48.5
LICHSGFIN,EQ,18-Jul-2025,638.25,639.2,646.5,627.5,627.85,628.25,634.77,2430570,1542861042.9,53841.0,1231357.0,50.66
LICHSGFIN,EQ,17-Jul-2025,637.05,639.2,641.75,636.0,638.55,638.25,638.4,3214970,2052426665.35,61928.0,1995478.0,62.07
LICHSGFIN,EQ,16-Jul-2025,619.0,619.45,639.0,617.85,638.1,637.05,631.23,4955226,3127867272.25,76896.0,2104544.0,42.47
LICHSGFIN,EQ,15-Jul-2025,606.9,609.95,620.0,608.5,618.3,619.0,615.39,2537107,1561318557.95,37370.0,1792118.0,70.64
LICHSGFIN,EQ,14-Jul-2025,604.65,602.7,611.4,600.75,607.1,606.9,606.68,1171906,710967116.5,38113.0,635341.0,54.21
LICHSGFIN,EQ,11-Jul-2025,605.5,604.95,608.4,598.55,602.7,604.65,604.28,1432073,865378559.7,33756.0,820380.0,57.29
LICHSGFIN,EQ,10-Jul-2025,604.15,607.95,611.95,601.6,605.5,605.5,606.51,1041149,631464785.6,21053.0,546531.0,52.49
LICHSGFIN,EQ,09-Jul-2025,605.15,606.0,607.5,601.25,604.25,604.15,603.6,1196902,722453277.35,25901.0,646038.0,53.98
LICHSGFIN,EQ,08-Jul-2025,607.8,607.8,611.15,599.55,606.0,605.15,604.86,1369320,828244157.35,43697.0,676259.0,49.39
LICHSGFIN,EQ,07-Jul-2025,610.8,610.0,612.0,606.05,607.0,607.8,608.39,591073,359605815.45,17605.0,293409.0,49.64
LICHSGFIN,EQ,04-Jul-2025,609.35,609.0,615.95,607.25,611.25,610.8,611.31,676058,413284350.2,17266.0,233591.0,34.55
LICHSGFIN,EQ,03-Jul-2025,609.2,612.0,612.5,607.0,609.0,609.35,609.76,1183645,721739049.4,28396.0,664039.0,56.1
LICHSGFIN,EQ,02-Jul-2025,611.35,612.0,616.45,605.5,608.2,609.2,610.51,1038538,634034408.8,26384.0,342164.0,32.95
LICHSGFIN,EQ,01-Jul-2025,618.85,618.85,618.85,608.05,612.0,611.35,611.49,1400114,856157323.55,38763.0,719182.0,51.37
LICHSGFIN,EQ,30-Jun-2025,612.65,614.05,621.15,614.05,617.9,618.85,618.77,1465724,906948056.1,31090.0,603894.0,41.2
LICHSGFIN,EQ,27-Jun-2025,622.05,626.0,627.3,610.05,611.9,612.65,615.98,2897771,1784961758.2,63332.0,1266454.0,43.7
LICHSGFIN,EQ,26-Jun-2025,610.05,613.0,624.4,607.1,621.8,622.05,616.14,2892656,1782276146.8,65894.0,1229626.0,42.51
LICHSGFIN,EQ,25-Jun-2025,602.95,606.5,613.95,604.6,610.7,610.05,610.17,1389319,847727365.6,28843.0,713315.0,51.34
LICHSGFIN,EQ,24-Jun-2025,591.3,600.0,610.9,594.75,604.0,602.95,605.16,1946233,1177777675.8,35496.0,850833.0,43.72
LICHSGFIN,EQ,23-Jun-2025,594.55,589.0,594.55,581.05,591.05,591.3,588.84,3871676,2279787709.0,54191.0,2268769.0,58.6
LICHSGFIN,EQ,20-Jun-2025,581.75,584.6,600.55,581.85,593.95,594.55,593.73,1916265,1137744373.25,34847.0,966706.0,50.45
LICHSGFIN,EQ,19-Jun-2025,604.0,603.7,603.7,578.65,581.15,581.75,587.19,2106363,1236831680.95,39639.0,1026916.0,48.75
LICHSGFIN,EQ,18-Jun-2025,600.75,599.0,607.5,596.55,602.0,604.0,603.82,1147464,692860406.75,29527.0,660851.0,57.59
LICHSGFIN,EQ,17-Jun-2025,605.5,606.0,611.5,598.4,599.6,600.75,604.48,1145741,692576192.4,32173.0,555683.0,48.5
LICHSGFIN,EQ,16-Jun-2025,600.0,602.0,607.2,590.55,607.15,605.5,599.99,867846,520695558.05,17638.0,307492.0,35.43
LICHSGFIN,EQ,13-Jun-2025,604.6,590.0,601.25,588.7,600.5,600.0,596.35,3086858,1840853488.45,45153.0,1586853.0,51.41
LICHSGFIN,EQ,12-Jun-2025,620.2,621.0,623.3,603.25,605.2,604.6,613.76,1664346,1021502386.55,30214.0,842791.0,50.64
LICHSGFIN,EQ,11-Jun-2025,618.15,619.0,627.25,615.5,621.0,620.2,622.7,2206461,1373960994.4,33428.0,1138704.0,51.61
LICHSGFIN,EQ,10-Jun-2025,622.15,625.0,625.25,615.5,617.0,618.15,619.07,1596557,988377695.1,24406.0,737501.0,46.19
LICHSGFIN,EQ,09-Jun-2025,613.45,618.0,623.6,617.55,619.8,622.15,621.2,2583496,1604875076.0,43446.0,1444205.0,55.9
LICHSGFIN,EQ,06-Jun-2025,601.2,602.2,616.5,595.25,613.7,613.45,608.33,3541465,2154385438.2,63339.0,1622654.0,45.82
LICHSGFIN,EQ,05-Jun-2025,603.35,605.05,608.4,598.2,599.55,601.2,603.68,1508253,910509144.35,37718.0,777783.0,51.57
LICHSGFIN,EQ,04-Jun-2025,608.1,609.0,612.2,600.2,603.0,603.35,603.64,1650309,996198905.6,25743.0,841218.0,50.97
LICHSGFIN,EQ,03-Jun-2025,602.4,605.0,614.35,602.75,605.1,608.1,608.9,2969033,1807844073.55,58136.0,1596931.0,53.79
LICHSGFIN,EQ,02-Jun-2025,596.45,595.0,604.3,592.0,602.0,602.4,599.35,1331928,798293456.9,23375.0,633586.0,47.57
LICHSGFIN,EQ,30-May-2025,596.05,595.9,599.35,587.35,595.75,596.45,592.5,2806423,1662792985.05,35048.0,1644168.0,58.59
LICHSGFIN,EQ,29-May-2025,594.15,597.95,600.0,591.0,595.15,596.05,595.46,1624633,967399437.65,25962.0,882462.0,54.32
LICHSGFIN,EQ,28-May-2025,600.85,605.0,605.0,592.8,594.0,594.15,596.45,2596317,1548574424.8,37228.0,1740414.0,67.03
LICHSGFIN,EQ,27-May-2025,603.35,604.2,606.2,596.9,600.9,600.85,601.68,1072628,645378372.95,26913.0,462422.0,43.11
LICHSGFIN,EQ,26-May-2025,596.95,600.0,605.5,597.05,603.0,603.35,601.29,2310350,1389198149.35,38969.0,1335908.0,57.82
LICHSGFIN,EQ,23-May-2025,593.3,596.9,601.25,590.8,593.4,596.95,597.33,1839400,1098734669.9,26180.0,1071492.0,58.25
LICHSGFIN,EQ,22-May-2025,595.75,595.5,596.6,583.5,593.8,593.3,590.55,1508904,891080416.1,39423.0,581150.0,38.51
LICHSGFIN,EQ,21-May-2025,588.35,590.0,598.5,584.25,595.0,595.75,591.08,1860193,1099521085.4,29061.0,779970.0,41.93
LICHSGFIN,EQ,20-May-2025,601.65,605.65,605.65,587.05,588.6,588.35,595.41,3752657,2234384321.8,69358.0,2020474.0,53.84
LICHSGFIN,EQ,19-May-2025,621.1,619.0,620.0,599.0,601.3,601.65,604.44,4828693,2918675300.6,89692.0,1976638.0,40.94
LICHSGFIN,EQ,16-May-2025,624.95,634.0,635.0,608.35,620.15,621.1,617.37,7031785,4341210664.9,123752.0,2618838.0,37.24
LICHSGFIN,EQ,15-May-2025,616.5,622.0,630.9,609.2,624.8,624.95,623.06,4669972,2909675377.45,109192.0,1844638.0,39.5
LICHSGFIN,EQ,14-May-2025,603.0,595.0,619.3,594.9,616.85,616.5,610.96,2467993,1507834919.2,61751.0,923301.0,37.41
LICHSGFIN,EQ,13-May-2025,601.5,601.0,617.0,598.1,600.0,603.0,608.72,1644329,1000941836.45,48339.0,684619.0,41.64
LICHSGFIN,EQ,12-May-2025,574.75,590.3,604.1,590.3,603.0,601.5,596.93,2186006,1304901882.5,39687.0,1309865.0,59.92
LICHSGFIN,EQ,09-May-2025,577.2,563.0,575.95,563.0,574.0,574.75,571.83,777353,444510278.45,29162.0,278194.0,35.79
LICHSGFIN,EQ,08-May-2025,600.3,602.0,605.45,573.1,574.5,577.2,586.38,1327750,778559681.5,38355.0,714187.0,53.79
LICHSGFIN,EQ,07-May-2025,585.05,583.45,600.95,580.6,600.0,600.3,594.47,909587,540718490.25,29809.0,363607.0,39.97
LICHSGFIN,EQ,06-May-2025,608.4,607.0,609.45,582.8,584.0,585.05,595.46,1154226,687291646.65,29879.0,523103.0,45.32
LICHSGFIN,EQ,05-May-2025,602.25,604.5,610.7,599.45,609.35,608.4,605.81,661215,400568398.05,19586.0,283687.0,42.9
LICHSGFIN,EQ,02-May-2025,600.95,599.8,613.4,598.9,601.0,602.25,605.76,1074450,650855812.65,32050.0,431899.0,40.2
LICHSGFIN,EQ,30-Apr-2025,606.8,605.2,610.2,597.85,598.6,600.95,604.84,1307908,791072455.9,30475.0,720561.0,55.09
LICHSGFIN,EQ,29-Apr-2025,609.45,615.0,625.9,604.2,605.2,606.8,615.4,1985066,1221609189.65,61644.0,820027.0,41.31
LICHSGFIN,EQ,28-Apr-2025,592.2,595.35,610.4,593.5,607.6,609.45,604.78,1560852,943974276.3,44233.0,731108.0,46.84
LICHSGFIN,EQ,25-Apr-2025,613.65,616.2,618.6,586.35,597.05,592.2,598.17,1351835,808630271.05,38344.0,517035.0,38.25
LICHSGFIN,EQ,24-Apr-2025,613.7,614.0,623.9,612.05,615.05,613.65,616.56,2029135,1251084190.85,49873.0,942791.0,46.46
LICHSGFIN,EQ,23-Apr-2025,608.9,610.55,614.35,595.6,612.0,613.7,607.21,1221212,741527363.25,34996.0,485238.0,39.73
LICHSGFIN,EQ,22-Apr-2025,606.35,608.1,615.25,603.0,609.5,608.9,610.89,1405480,858589285.8,43476.0,745829.0,53.07
LICHSGFIN,EQ,21-Apr-2025,604.45,610.0,619.05,605.0,607.0,606.35,611.08,2248648,1374110953.1,45347.0,1195118.0,53.15
LICHSGFIN,EQ,17-Apr-2025,593.95,597.9,607.7,595.0,602.25,604.45,603.29,2253697,1359635063.6,52011.0,1138018.0,50.5
LICHSGFIN,EQ,16-Apr-2025,587.85,590.0,598.3,587.45,596.5,593.95,594.11,2344820,1393074287.35,41734.0,988806.0,42.17
LICHSGFIN,EQ,15-Apr-2025,559.65,567.4,589.15,563.05,588.6,587.85,581.52,2009461,1168546509.85,52470.0,819129.0,40.76
LICHSGFIN,EQ,11-Apr-2025,556.35,568.9,571.1,557.35,558.5,559.65,562.76,1498360,843211306.45,28697.0,718966.0,47.98
LICHSGFIN,EQ,09-Apr-2025,565.85,563.0,566.25,544.55,557.0,556.35,555.67,2505800,1392398844.75,50908.0,1132031.0,45.18
LICHSGFIN,EQ,08-Apr-2025,543.75,555.7,576.8,555.35,566.1,565.85,567.4,4244758,2408488917.05,84326.0,2328318.0,54.85
LICHSGFIN,EQ,07-Apr-2025,561.85,534.0,549.5,522.65,548.95,543.75,538.8,2930918,1579189123.6,59577.0,1510521.0,51.54
LICHSGFIN,EQ,04-Apr-2025,573.3,575.0,577.0,557.55,563.45,561.85,566.28,1073812,608083056.1,25548.0,511401.0,47.62
LICHSGFIN,EQ,03-Apr-2025,565.65,560.0,579.9,559.5,574.15,573.3,573.62,1663351,954138475.7,43577.0,812294.0,48.83
LICHSGFIN,EQ,02-Apr-2025,561.45,562.95,566.6,552.0,565.25,565.65,559.51,688464,385203483.2,17567.0,252395.0,36.66
LICHSGFIN,EQ,01-Apr-2025,563.85,561.5,568.6,557.3,561.7,561.45,562.3,574944,323289783.05,20871.0,224115.0,38.98
LICHSGFIN,EQ,28-Mar-2025,569.5,572.8,577.8,560.3,563.0,563.85,567.49,995411,564882747.3,26123.0,510390.0,51.27
LICHSGFIN,EQ,27-Mar-2025,561.15,560.05,572.0,557.5,566.3,569.5,566.4,1332075,754491473.3,33324.0,745044.0,55.93
LICHSGFIN,EQ,26-Mar-2025,570.6,573.85,573.85,559.95,561.35,561.15,566.56,1378770,781150247.95,33601.0,743581.0,53.93
LICHSGFIN,EQ,25-Mar-2025,578.3,585.0,585.5,566.2,570.25,570.6,573.14,1198501,686907293.5,30057.0,619214.0,51.67
LICHSGFIN,EQ,24-Mar-2025,571.7,573.0,584.0,568.5,577.9,578.3,577.98,1677434,969520705.35,36218.0,755358.0,45.03
LICHSGFIN,EQ,21-Mar-2025,555.8,558.0,572.65,556.1,572.0,571.7,566.52,1626838,921637808.9,36257.0,777856.0,47.81
LICHSGFIN,EQ,20-Mar-2025,549.8,554.5,561.55,551.0,556.95,555.8,556.67,1318070,733734689.95,42503.0,648806.0,49.22
LICHSGFIN,EQ,19-Mar-2025,539.8,540.65,554.9,538.65,549.8,549.8,549.4,1260817,692691687.1,24524.0,666880.0,52.89
LICHSGFIN,EQ,18-Mar-2025,520.7,524.95,540.75,522.25,539.0,539.8,534.83,1371970,733765710.3,22538.0,771470.0,56.23
LICHSGFIN,EQ,17-Mar-2025,515.6,520.05,535.6,518.85,520.25,520.7,526.53,1738908,915588539.45,35560.0,574242.0,33.02
LICHSGFIN,EQ,13-Mar-2025,523.7,529.0,529.9,514.55,515.75,515.6,518.99,1129709,586307627.85,28018.0,708476.0,62.71
LICHSGFIN,EQ,12-Mar-2025,533.6,536.0,538.35,516.75,523.65,523.7,524.4,964546,505807016.4,28744.0,478498.0,49.61
LICHSGFIN,EQ,11-Mar-2025,528.45,525.0,535.65,518.0,535.0,533.6,528.51,1482953,783761533.4,39027.0,791770.0,53.39
LICHSGFIN,EQ,10-Mar-2025,532.4,532.4,541.95,525.95,527.8,528.45,532.95,1380384,735674684.35,35889.0,693354.0,50.23
LICHSGFIN,EQ,07-Mar-2025,530.15,533.0,535.5,525.9,532.55,532.4,531.12,1102620,585623228.85,38649.0,529661.0,48.04
LICHSGFIN,EQ,06-Mar-2025,520.55,530.7,534.0,525.95,529.0,530.15,530.5,1505311,798572738.5,34812.0,739285.0,49.11
LICHSGFIN,EQ,05-Mar-2025,503.2,501.0,522.0,501.0,521.5,520.55,517.31,1733531,896771827.5,40420.0,803201.0,46.33
LICHSGFIN,EQ,04-Mar-2025,500.85,495.95,506.8,485.6,502.6,503.2,499.14,2796873,1396028569.35,54367.0,1564466.0,55.94
LICHSGFIN,EQ,03-Mar-2025,496.9,500.0,503.05,483.7,501.25,500.85,493.18,2527437,1246488809.55,68926.0,1334348.0,52.79
LICHSGFIN,EQ,28-Feb-2025,513.45,508.75,510.0,492.85,497.0,496.9,498.95,2317148,1156137901.45,58241.0,1262089.0,54.47
LICHSGFIN,EQ,27-Feb-2025,521.45,521.0,524.7,511.3,512.25,513.45,517.79,2132821,1104361994.8,49876.0,1141124.0,53.5
LICHSGFIN,EQ,25-Feb-2025,537.25,537.95,539.1,520.2,520.2,521.45,526.35,1624129,854852444.45,38246.0,923656.0,56.87
LICHSGFIN,EQ,24-Feb-2025,544.05,540.7,542.55,533.65,536.0,537.25,538.51,503814,271309905.1,17778.0,162379.0,32.23
LICHSGFIN,EQ,21-Feb-2025,545.3,543.8,550.4,538.0,543.0,544.05,543.25,579614,314873998.15,27022.0,205669.0,35.48
LICHSGFIN,EQ,20-Feb-2025,541.0,537.85,549.05,532.55,545.7,545.3,543.9,627894,341509102.2,20847.0,234166.0,37.29
LICHSGFIN,EQ,19-Feb-2025,530.55,530.0,542.1,525.25,540.6,541.0,535.88,774412,414992190.15,31005.0,299916.0,38.73
LICHSGFIN,EQ,18-Feb-2025,538.5,538.8,539.7,524.35,529.0,530.55,529.56,995613,527237571.5,23962.0,520254.0,52.25
LICHSGFIN,EQ,17-Feb-2025,533.55,531.1,539.6,519.0,538.65,538.5,532.14,1023175,544469957.2,32864.0,428894.0,41.92
LICHSGFIN,EQ,14-Feb-2025,551.25,553.2,555.5,526.9,533.0,533.55,538.13,1129504,607820441.35,41293.0,476458.0,42.18
LICHSGFIN,EQ,13-Feb-2025,542.85,542.85,555.1,542.85,550.05,551.25,550.9,909883,501251984.2,30093.0,410834.0,45.15
LICHSGFIN,EQ,12-Feb-2025,544.6,544.8,545.0,523.45,542.3,542.85,535.96,1566309,839479906.2,54413.0,576624.0,36.81
LICHSGFIN,EQ,11-Feb-2025,562.85,562.95,564.8,542.4,542.55,544.6,547.23,1563345,855502906.95,54458.0,807822.0,51.67
LICHSGFIN,EQ,10-Feb-2025,578.2,578.2,580.0,560.4,561.6,562.85,565.65,697835,394729979.8,28438.0,258331.0,37.02
LICHSGFIN,EQ,07-Feb-2025,576.2,578.7,584.5,569.0,577.35,578.2,579.27,2003205,1160393166.4,53811.0,655959.0,32.75
LICHSGFIN,EQ,06-Feb-2025,574.1,576.05,581.0,571.2,575.55,576.2,575.89,1069701,616024888.05,36453.0,434847.0,40.65
LICHSGFIN,EQ,05-Feb-2025,576.5,578.15,587.45,573.0,573.3,574.1,579.67,930655,539474088.5,29700.0,306901.0,32.98
LICHSGFIN,EQ,04-Feb-2025,557.6,564.2,579.8,564.2,576.65,576.5,573.34,2384006,1366841552.25,76245.0,1098383.0,46.07
LICHSGFIN,EQ,03-Feb-2025,584.7,577.55,581.9,555.0,557.95,557.6,563.36,3721631,2096630647.25,103654.0,1455189.0,39.1
LICHSGFIN,EQ,01-Feb-2025,598.1,599.0,600.65,577.45,583.0,584.7,591.05,2887781,1706833310.1,75808.0,647734.0,22.43
LICHSGFIN,EQ,31-Jan-2025,584.35,584.35,601.45,570.25,600.0,598.1,589.0,3086180,1817753579.6,102940.0,1257609.0,40.75
LICHSGFIN,EQ,30-Jan-2025,574.6,574.7,589.0,570.05,586.9,584.35,576.72,1679601,968665529.7,79356.0,671012.0,39.95
LICHSGFIN,EQ,29-Jan-2025,570.5,574.85,583.45,572.0,573.85,574.6,576.97,1439625,830626318.35,58267.0,569029.0,39.53
LICHSGFIN,EQ,28-Jan-2025,563.9,572.5,581.25,562.6,571.35,570.5,571.59,1764037,1008310199.65,49464.0,727126.0,41.22
LICHSGFIN,EQ,27-Jan-2025,573.3,572.9,572.9,560.45,564.15,563.9,566.16,1094060,619410262.65,42434.0,459241.0,41.98
LICHSGFIN,EQ,24-Jan-2025,579.95,578.95,585.4,569.0,575.25,573.3,577.22,1218435,703302462.85,40673.0,479192.0,39.33
LICHSGFIN,EQ,23-Jan-2025,554.8,554.8,585.0,551.4,577.95,579.95,575.67,1880756,1082693335.4,55310.0,561825.0,29.87
LICHSGFIN,EQ,22-Jan-2025,560.4,562.0,562.75,545.55,555.05,554.8,552.87,963350,532610889.2,31026.0,378886.0,39.33
LICHSGFIN,EQ,21-Jan-2025,569.9,572.75,573.9,558.25,561.95,560.4,563.84,592842,334266820.35,20130.0,193201.0,32.59
LICHSGFIN,EQ,20-Jan-2025,562.7,564.95,573.6,560.4,569.0,569.9,568.21,659748,374878658.75,21718.0,186576.0,28.28
LICHSGFIN,EQ,17-Jan-2025,565.45,565.4,566.95,557.25,562.95,562.7,562.11,807523,453914056.25,31140.0,439317.0,54.4
LICHSGFIN,EQ,16-Jan-2025,552.95,556.8,573.25,556.8,565.3,565.45,567.5,994712,564495607.8,35692.0,454033.0,45.64
LICHSGFIN,EQ,15-Jan-2025,552.4,554.25,559.8,551.05,553.0,552.95,554.99,984734,546517272.7,28235.0,444136.0,45.1
LICHSGFIN,EQ,14-Jan-2025,533.6,537.95,554.75,537.25,554.05,552.4,549.1,1196723,657121956.8,40820.0,638310.0,53.34
LICHSGFIN,EQ,13-Jan-2025,554.9,552.85,555.0,531.0,533.0,533.6,542.0,1119952,607015280.85,44928.0,476762.0,42.57
LICHSGFIN,EQ,10-Jan-2025,573.45,573.45,575.75,553.75,556.35,554.9,559.45,1291287,722411138.6,51577.0,672094.0,52.05
LICHSGFIN,EQ,09-Jan-2025,582.85,584.05,587.4,565.7,573.0,573.45,573.79,2416674,1386663892.4,69369.0,1255407.0,51.95
LICHSGFIN,EQ,08-Jan-2025,585.15,587.9,590.1,576.3,582.05,582.85,582.96,1739749,1014210485.95,52818.0,932059.0,53.57
LICHSGFIN,EQ,07-Jan-2025,594.3,594.95,598.25,579.45,586.8,585.15,585.65,1887588,1105466253.75,52317.0,844006.0,44.71
LICHSGFIN,EQ,06-Jan-2025,609.45,610.0,611.65,590.15,592.55,594.3,596.93,2364439,1411397368.4,73859.0,1510785.0,63.9
LICHSGFIN,EQ,03-Jan-2025,606.05,608.45,617.5,607.0,609.6,609.45,612.1,883434,540750295.45,50897.0,356570.0,40.36
LICHSGFIN,EQ,02-Jan-2025,600.3,599.85,608.05,597.0,606.0,606.05,602.96,1316441,793767051.2,43430.0,803203.0,61.01
LICHSGFIN,EQ,01-Jan-2025,598.05,598.35,604.35,595.65,600.0,600.3,600.4,777096,466569484.4,33603.0,357055.0,45.95
LICHSGFIN,EQ,31-Dec-2024,590.8,590.0,599.4,585.75,599.0,598.05,593.65,660447,392076193.55,33672.0,238020.0,36.04
LICHSGFIN,EQ,30-Dec-2024,596.6,596.6,602.85,587.6,591.85,590.8,596.29,1115570,665200937.65,33715.0,593425.0,53.19
LICHSGFIN,EQ,17-Apr-2026,534.85,536.55,541.2,532.6,540.0,540.0,538.45,1144342,616167722.85,21825.0,596975.0,52.17
LICHSGFIN,EQ,16-Apr-2026,529.5,532.0,536.8,529.55,535.6,534.85,534.07,1509312,806075506.3,27615.0,834642.0,55.3
LICHSGFIN,EQ,15-Apr-2026,520.35,528.8,532.35,524.65,530.05,529.5,528.59,1256635,664249327.7,25551.0,595337.0,47.38
LICHSGFIN,EQ,13-Apr-2026,531.65,522.0,524.75,513.2,521.3,520.35,519.86,1218384,633394083.9,28978.0,464374.0,38.11
LICHSGFIN,EQ,10-Apr-2026,532.3,533.0,538.45,529.1,531.95,531.65,532.39,1006830,536029045.25,22967.0,394127.0,39.15
LICHSGFIN,EQ,09-Apr-2026,529.6,529.85,533.55,524.75,532.7,532.3,530.41,1029751,546189705.85,17717.0,488394.0,47.43
LICHSGFIN,EQ,08-Apr-2026,512.85,527.0,530.5,520.0,530.0,529.6,526.34,1834856,965752447.45,34458.0,880965.0,48.01
LICHSGFIN,EQ,07-Apr-2026,517.55,515.95,517.55,509.25,512.5,512.85,512.04,1053633,539498283.8,16371.0,562845.0,53.42
LICHSGFIN,EQ,06-Apr-2026,517.4,517.4,520.15,508.75,516.5,517.55,516.02,1102363,568843547.35,28721.0,477687.0,43.33
LICHSGFIN,EQ,02-Apr-2026,515.55,510.0,518.85,501.75,516.1,517.4,509.51,1731934,882433345.35,31465.0,807378.0,46.62
LICHSGFIN,EQ,01-Apr-2026,495.25,511.0,517.8,504.25,516.15,515.55,511.83,1766925,904358193.4,28993.0,839565.0,47.52
LICHSGFIN,EQ,30-Mar-2026,506.05,500.0,510.95,492.2,496.3,495.25,500.22,3244305,1622874673.95,76511.0,1823794.0,56.22
LICHSGFIN,EQ,27-Mar-2026,496.3,500.0,512.0,498.3,506.65,506.05,505.86,5161239,2610840056.55,73302.0,2297770.0,44.52
LICHSGFIN,EQ,25-Mar-2026,479.0,483.85,500.8,483.05,496.25,496.3,495.73,2495210,1236954439.85,63889.0,1444587.0,57.89
LICHSGFIN,EQ,24-Mar-2026,460.7,468.0,481.0,466.8,477.35,479.0,474.85,2779618,1319895992.95,39310.0,1440789.0,51.83
LICHSGFIN,EQ,23-Mar-2026,486.15,483.0,483.7,458.9,459.8,460.7,464.37,3943606,1831285321.4,55549.0,2061085.0,52.26
LICHSGFIN,EQ,20-Mar-2026,483.5,488.7,494.65,483.5,485.5,486.15,488.13,1165789,569052180.35,17978.0,588869.0,50.51
LICHSGFIN,EQ,19-Mar-2026,503.15,499.0,499.95,482.0,484.9,483.5,491.64,2785790,1369617680.25,36334.0,1493541.0,53.61
LICHSGFIN,EQ,18-Mar-2026,498.9,502.0,507.9,499.65,503.9,503.15,504.24,1689650,851988329.65,37453.0,963820.0,57.04
LICHSGFIN,EQ,17-Mar-2026,501.5,499.25,503.85,488.6,498.5,498.9,495.08,1890810,936097801.4,40436.0,951084.0,50.3
LICHSGFIN,EQ,16-Mar-2026,496.6,496.95,504.45,490.3,500.3,501.5,497.24,2286161,1136764243.2,40062.0,1134328.0,49.62
LICHSGFIN,EQ,13-Mar-2026,498.5,495.35,503.9,490.25,496.0,496.6,497.43,1637745,814666569.05,26488.0,796636.0,48.64
LICHSGFIN,EQ,12-Mar-2026,505.4,500.0,506.15,492.0,498.9,498.5,499.59,2540980,1269459133.9,46075.0,1616116.0,63.6
LICHSGFIN,EQ,11-Mar-2026,512.5,514.1,521.95,501.35,504.9,505.4,512.25,1249142,639879216.35,34520.0,657606.0,52.64
LICHSGFIN,EQ,10-Mar-2026,500.2,504.35,514.95,504.35,514.1,512.5,510.64,1179868,602488443.8,36605.0,707746.0,59.99
LICHSGFIN,EQ,09-Mar-2026,511.8,498.35,502.5,489.75,500.05,500.2,496.32,2597772,1289325440.15,57724.0,1392216.0,53.59
LICHSGFIN,EQ,06-Mar-2026,521.4,520.0,525.95,510.6,512.0,511.8,517.09,1012776,523694305.2,22221.0,582720.0,57.54
LICHSGFIN,EQ,05-Mar-2026,518.0,519.1,522.9,513.8,520.1,521.4,518.02,745762,386321004.3,19093.0,340403.0,45.64
LICHSGFIN,EQ,04-Mar-2026,527.95,520.0,523.6,511.15,516.5,518.0,517.08,1795199,928268299.85,38769.0,868128.0,48.36
LICHSGFIN,EQ,02-Mar-2026,537.75,525.0,534.95,521.55,527.55,527.95,527.91,1733321,915040847.85,37557.0,828142.0,47.78
LICHSGFIN,EQ,27-Feb-2026,545.4,545.0,546.25,534.5,542.0,537.75,539.33,1504434,811391721.55,23982.0,846251.0,56.25
LICHSGFIN,EQ,26-Feb-2026,547.0,547.0,550.9,540.2,545.0,545.4,544.92,887973,483873649.25,21306.0,446826.0,50.32
LICHSGFIN,EQ,25-Feb-2026,532.05,534.8,551.4,531.6,546.75,547.0,544.43,2120355,1154394581.25,41636.0,908702.0,42.86
LICHSGFIN,EQ,24-Feb-2026,524.85,523.95,533.0,521.7,532.2,532.05,528.86,1604626,848620526.05,33488.0,848288.0,52.87
LICHSGFIN,EQ,23-Feb-2026,524.55,527.85,529.4,520.25,524.5,524.85,525.01,842871,442519553.9,22472.0,454499.0,53.92
LICHSGFIN,EQ,20-Feb-2026,520.05,519.0,530.0,517.55,524.55,524.55,525.92,1801249,947310730.55,33921.0,986359.0,54.76
LICHSGFIN,EQ,19-Feb-2026,522.15,530.0,532.65,516.9,517.2,520.05,525.83,1812369,952992242.0,30730.0,758714.0,41.86
LICHSGFIN,EQ,18-Feb-2026,518.85,519.9,523.9,517.55,521.95,522.15,521.43,681082,355133485.25,21262.0,398432.0,58.5
LICHSGFIN,EQ,17-Feb-2026,511.15,511.0,522.0,509.65,518.0,518.85,517.39,754498,390369251.25,20990.0,368625.0,48.86
LICHSGFIN,EQ,16-Feb-2026,507.65,507.0,512.5,502.8,511.35,511.15,508.81,916231,466184702.2,21915.0,431976.0,47.15
LICHSGFIN,EQ,13-Feb-2026,517.1,515.0,515.35,506.7,507.0,507.65,509.71,967179,492977414.05,18483.0,486476.0,50.3
LICHSGFIN,EQ,12-Feb-2026,525.55,525.5,525.5,515.0,515.65,517.1,519.05,707493,367221382.65,20189.0,388789.0,54.95
LICHSGFIN,EQ,11-Feb-2026,522.55,524.8,526.5,518.5,525.85,525.55,522.78,1067231,557928042.1,19575.0,623095.0,58.38
LICHSGFIN,EQ,10-Feb-2026,523.65,524.0,527.2,520.75,521.1,522.55,523.13,936081,489692454.6,16522.0,560586.0,59.89
LICHSGFIN,EQ,09-Feb-2026,518.1,518.0,526.75,516.0,523.75,523.65,521.65,4862988,2536789278.7,58417.0,3613236.0,74.3
LICHSGFIN,EQ,06-Feb-2026,515.5,515.5,522.85,510.55,517.0,518.1,517.37,2194294,1135251743.7,34098.0,1358723.0,61.92
LICHSGFIN,EQ,05-Feb-2026,515.7,518.25,520.3,513.85,514.0,515.5,515.96,1053059,543339084.95,32362.0,557914.0,52.98
LICHSGFIN,EQ,04-Feb-2026,509.2,513.0,518.5,507.3,516.0,515.7,514.52,2367355,1218049396.35,35640.0,1481103.0,62.56
LICHSGFIN,EQ,03-Feb-2026,496.35,511.0,523.9,504.2,510.35,509.2,508.11,2291494,1164326408.3,43801.0,1163820.0,50.79
LICHSGFIN,EQ,02-Feb-2026,507.6,507.6,508.0,488.1,497.45,496.35,495.76,5746786,2849008354.3,64771.0,3519371.0,61.24
LICHSGFIN,EQ,01-Feb-2026,526.3,528.65,529.4,500.35,506.65,507.6,518.02,1638138,848587205.8,29615.0,776523.0,47.4
LICHSGFIN,EQ,30-Jan-2026,522.65,522.6,528.4,517.5,527.0,526.3,525.29,1322226,694553633.7,21366.0,687432.0,51.99
LICHSGFIN,EQ,29-Jan-2026,519.0,519.5,524.65,518.15,522.9,522.65,521.91,1120836,584978787.75,21228.0,533324.0,47.58
LICHSGFIN,EQ,28-Jan-2026,510.05,511.15,519.95,511.15,519.0,519.0,516.33,840621,434041459.65,22000.0,414718.0,49.33
LICHSGFIN,EQ,27-Jan-2026,506.45,511.0,515.5,500.55,514.0,510.05,505.58,1866331,943584508.7,31299.0,933388.0,50.01
LICHSGFIN,EQ,23-Jan-2026,517.1,517.1,521.0,504.7,506.45,506.45,512.06,990874,507383878.4,19621.0,501868.0,50.65
LICHSGFIN,EQ,22-Jan-2026,506.85,513.0,519.0,509.85,516.5,517.1,514.72,2394517,1232508788.2,25945.0,1237944.0,51.7
LICHSGFIN,EQ,21-Jan-2026,522.75,522.8,526.3,504.25,504.95,506.85,512.65,3667334,1880065356.45,63281.0,2537104.0,69.18
LICHSGFIN,EQ,20-Jan-2026,533.95,534.55,534.85,520.0,523.0,522.75,525.78,1832569,963533910.55,28908.0,1007279.0,54.97
LICHSGFIN,EQ,19-Jan-2026,533.65,531.0,534.95,528.05,534.5,533.95,532.95,1309166,697721572.85,19605.0,774578.0,59.17
LICHSGFIN,EQ,16-Jan-2026,535.25,535.25,541.0,531.55,531.9,533.65,535.58,1046968,560740093.15,32053.0,575029.0,54.92
LICHSGFIN,EQ,14-Jan-2026,521.05,522.8,537.5,521.55,536.45,535.25,534.01,3607165,1926271033.65,63735.0,2087926.0,57.88
LICHSGFIN,EQ,13-Jan-2026,518.75,520.2,526.8,514.3,521.0,521.05,519.55,1358409,705765906.6,26568.0,575497.0,42.37
LICHSGFIN,EQ,12-Jan-2026,527.9,526.0,529.95,512.4,520.2,518.75,519.93,3296969,1714205279.35,41295.0,1486458.0,45.09
LICHSGFIN,EQ,09-Jan-2026,525.75,524.3,542.0,522.2,528.35,527.9,534.45,1984558,1060651934.4,33886.0,458932.0,23.13
LICHSGFIN,EQ,08-Jan-2026,538.2,538.2,540.55,524.1,524.1,525.75,529.45,2029714,1074630274.85,34981.0,1385351.0,68.25
LICHSGFIN,EQ,07-Jan-2026,539.9,539.9,544.3,533.7,538.0,538.2,538.53,1101840,593375766.4,26976.0,554062.0,50.29
LICHSGFIN,EQ,06-Jan-2026,539.9,539.9,545.0,538.15,541.0,539.9,541.01,1238684,670138954.95,28232.0,823029.0,66.44
LICHSGFIN,EQ,05-Jan-2026,545.55,548.4,548.4,538.45,539.9,539.9,542.17,696505,377621259.75,28621.0,393145.0,56.45
LICHSGFIN,EQ,02-Jan-2026,535.85,536.25,547.75,536.25,545.7,545.55,544.55,988536,538308540.55,14611.0,469007.0,47.44
LICHSGFIN,EQ,01-Jan-2026,539.55,539.65,539.95,534.2,536.0,535.85,535.98,698194,374217181.75,11737.0,435792.0,62.42
LICHSGFIN,EQ,31-Dec-2025,537.6,538.0,541.55,533.6,538.15,539.55,538.13,1129215,607666823.2,26710.0,659063.0,58.36
LICHSGFIN,EQ,30-Dec-2025,538.75,538.75,540.65,535.15,535.7,537.6,537.79,638040,343132433.8,22271.0,317286.0,49.73
LICHSGFIN,EQ,29-Dec-2025,539.45,540.3,540.3,534.6,538.0,538.75,536.57,1067441,572751945.3,14661.0,754122.0,70.65
