"ï»¿""symbol""",series,date,prevclose,openprice,highprice,lowprice,lastprice,closeprice,averageprice,totaltradedquantity,turnoverinrs,no.oftrades,deliverableqty,%dlyqttotradedqty
PRESTIGE,EQ,30-Dec-2011,69.9,69.85,72.75,68.2,72.0,71.3,70.24,37314,2620811.8,2885.0,24537.0,65.76
PRESTIGE,EQ,29-Dec-2011,70.2,70.1,71.0,68.85,70.35,69.9,69.9,14313,1000485.5,799.0,8020.0,56.03
PRESTIGE,EQ,28-Dec-2011,71.0,74.7,74.7,69.05,69.9,70.2,70.56,21995,1551933.85,808.0,14149.0,64.33
PRESTIGE,EQ,27-Dec-2011,67.7,69.5,71.75,68.0,71.5,71.0,70.21,33919,2381300.65,1392.0,26669.0,78.63
PRESTIGE,EQ,26-Dec-2011,68.05,71.4,71.4,67.0,68.4,67.7,68.84,9806,675090.15,653.0,5082.0,51.83
PRESTIGE,EQ,23-Dec-2011,63.95,64.6,69.0,63.0,69.0,68.05,67.12,103088,6919349.45,4727.0,61892.0,60.04
PRESTIGE,EQ,22-Dec-2011,62.9,63.45,64.85,59.35,64.25,63.95,61.31,1247501,76484910.5,11411.0,1200568.0,96.24
PRESTIGE,EQ,21-Dec-2011,59.9,64.15,64.5,60.35,62.05,62.9,61.9,124437,7702178.05,13178.0,88669.0,71.26
PRESTIGE,EQ,20-Dec-2011,61.0,61.05,61.8,57.55,61.65,59.9,59.02,161942,9557579.4,8226.0,133740.0,82.59
PRESTIGE,EQ,19-Dec-2011,68.3,67.3,67.5,59.0,61.0,61.0,61.44,99054,6085823.65,4479.0,70622.0,71.3
PRESTIGE,EQ,16-Dec-2011,69.6,70.0,72.0,66.6,68.8,68.3,69.47,51790,3597834.2,1777.0,36977.0,71.4
PRESTIGE,EQ,15-Dec-2011,70.95,75.1,75.1,67.3,70.0,69.6,69.91,1065714,74500168.85,4428.0,1033571.0,96.98
PRESTIGE,EQ,14-Dec-2011,72.0,74.0,74.4,70.5,71.5,70.95,71.02,37964,2696334.35,1608.0,23739.0,62.53
PRESTIGE,EQ,13-Dec-2011,75.9,75.4,75.4,71.1,72.1,72.0,72.28,108407,7835533.5,5900.0,73665.0,67.95
PRESTIGE,EQ,12-Dec-2011,77.6,77.8,79.2,75.4,75.4,75.9,77.2,40047,3091636.9,1095.0,22427.0,56.0
PRESTIGE,EQ,09-Dec-2011,79.0,78.0,78.2,76.7,77.5,77.6,77.52,16032,1242771.2,799.0,7395.0,46.13
PRESTIGE,EQ,08-Dec-2011,81.8,81.8,95.0,77.35,79.05,79.0,79.82,221228,17657606.75,2782.0,159819.0,72.24
PRESTIGE,EQ,07-Dec-2011,77.0,78.2,82.4,76.25,81.25,81.8,79.45,652582,51845362.6,11979.0,464261.0,71.14
PRESTIGE,EQ,05-Dec-2011,79.85,79.6,80.3,76.5,77.55,77.0,77.67,127057,9868898.8,4123.0,88869.0,69.94
PRESTIGE,EQ,02-Dec-2011,81.05,80.35,82.0,79.2,79.5,79.85,80.29,141540,11364936.1,5987.0,108668.0,76.78
PRESTIGE,EQ,01-Dec-2011,80.65,82.65,83.1,80.4,81.2,81.05,81.37,77505,6306530.9,2523.0,51140.0,65.98
PRESTIGE,EQ,30-Nov-2011,82.4,80.35,83.4,78.0,80.5,80.65,80.4,170028,13670255.5,3452.0,123080.0,72.39
PRESTIGE,EQ,29-Nov-2011,82.85,84.5,84.85,82.15,82.75,82.4,83.16,37133,3088037.75,1835.0,20738.0,55.85
PRESTIGE,EQ,28-Nov-2011,83.65,82.2,85.0,82.15,83.0,82.85,83.02,462219,38372465.3,1630.0,442361.0,95.7
PRESTIGE,EQ,25-Nov-2011,84.85,84.0,88.05,83.15,83.2,83.65,85.03,1485909,126343816.55,1418.0,1471473.0,99.03
PRESTIGE,EQ,24-Nov-2011,83.0,81.15,85.0,80.35,85.0,84.85,82.72,14166,1171787.35,387.0,7520.0,53.08
PRESTIGE,EQ,23-Nov-2011,84.55,84.5,85.6,82.0,82.0,83.0,84.94,177701,15093692.6,913.0,166987.0,93.97
PRESTIGE,EQ,22-Nov-2011,84.55,83.5,85.4,83.15,84.3,84.55,84.97,351208,29843683.25,531.0,343386.0,97.77
PRESTIGE,EQ,21-Nov-2011,84.7,85.5,85.5,82.5,84.2,84.55,84.24,16677,1404910.65,768.0,12991.0,77.9
PRESTIGE,EQ,18-Nov-2011,86.5,86.35,86.35,82.9,85.5,84.7,84.05,30968,2602970.3,962.0,19932.0,64.36
PRESTIGE,EQ,17-Nov-2011,87.65,86.65,88.0,84.0,87.0,86.5,85.82,102421,8790027.4,4699.0,45958.0,44.87
PRESTIGE,EQ,16-Nov-2011,86.65,88.75,89.0,80.25,88.0,87.65,85.19,103025,8776986.3,2828.0,67147.0,65.18
PRESTIGE,EQ,15-Nov-2011,90.1,89.1,89.1,84.1,86.7,86.65,86.72,63406,5498628.15,1236.0,46000.0,72.55
PRESTIGE,EQ,14-Nov-2011,89.65,92.35,92.35,89.5,90.0,90.1,90.41,132135,11945962.55,3412.0,110683.0,83.77
PRESTIGE,EQ,11-Nov-2011,89.6,90.6,90.75,87.2,90.65,89.65,89.14,79624,7097517.25,3593.0,58912.0,73.99
PRESTIGE,EQ,09-Nov-2011,87.9,89.85,92.0,88.6,89.5,89.6,90.66,101143,9170114.4,3506.0,49033.0,48.48
PRESTIGE,EQ,08-Nov-2011,91.8,92.8,94.2,87.2,87.6,87.9,90.44,240916,21789486.25,12472.0,175057.0,72.66
PRESTIGE,EQ,04-Nov-2011,95.7,97.8,99.25,90.6,92.0,91.8,94.46,242051,22865161.6,9604.0,144055.0,59.51
PRESTIGE,EQ,03-Nov-2011,100.25,101.85,101.85,95.2,96.05,95.7,97.53,125769,12266756.6,5881.0,69568.0,55.31
PRESTIGE,EQ,02-Nov-2011,101.45,98.0,103.2,97.6,101.0,100.25,100.54,66807,6716514.9,1806.0,36182.0,54.16
PRESTIGE,EQ,01-Nov-2011,98.1,98.9,102.9,96.0,102.4,101.45,100.09,61258,6131049.3,1852.0,33411.0,54.54
PRESTIGE,EQ,31-Oct-2011,98.5,98.25,99.85,95.3,98.0,98.1,98.42,148807,14645336.5,4109.0,97853.0,65.76
PRESTIGE,EQ,28-Oct-2011,95.0,98.0,100.5,96.0,98.25,98.5,98.67,179308,17692274.9,11227.0,127295.0,70.99
PRESTIGE,EQ,26-Oct-2011,95.45,96.4,96.4,94.25,95.15,95.0,95.15,7370,701240.05,184.0,4691.0,63.65
PRESTIGE,EQ,25-Oct-2011,93.9,93.0,97.0,91.3,94.65,95.45,93.9,143364,13462325.9,4698.0,107975.0,75.32
PRESTIGE,EQ,24-Oct-2011,94.45,94.5,96.55,92.9,94.35,93.9,94.38,88797,8380902.85,3365.0,57325.0,64.56
PRESTIGE,EQ,24-Oct-2011,94.45,94.5,96.55,92.9,94.35,93.9,94.38,88797,8380902.85,3365.0,57325.0,64.56
PRESTIGE,EQ,21-Oct-2011,99.9,100.0,101.4,94.1,94.25,94.45,96.23,112049,10782165.3,6966.0,60185.0,53.71
PRESTIGE,EQ,20-Oct-2011,99.95,98.0,103.0,98.0,99.4,99.9,100.59,190681,19181437.45,8529.0,120745.0,63.32
PRESTIGE,EQ,19-Oct-2011,98.8,100.4,103.0,99.3,100.5,99.95,100.58,87839,8835191.95,5641.0,52302.0,59.54
PRESTIGE,EQ,18-Oct-2011,103.4,100.25,103.45,97.05,98.55,98.8,99.12,64297,6372959.05,5503.0,37032.0,57.6
PRESTIGE,EQ,17-Oct-2011,101.75,104.45,107.0,102.2,103.8,103.4,104.27,118638,12370485.7,4142.0,47201.0,39.79
PRESTIGE,EQ,14-Oct-2011,109.15,108.3,108.3,101.1,101.25,101.75,103.19,216429,22332602.15,7939.0,79997.0,36.96
PRESTIGE,EQ,13-Oct-2011,102.5,103.25,117.5,99.15,111.0,109.15,108.28,1352243,146424065.85,28432.0,547662.0,40.5
PRESTIGE,EQ,12-Oct-2011,91.45,92.85,107.9,91.55,101.55,102.5,103.37,625088,64615911.55,16282.0,151693.0,24.27
PRESTIGE,EQ,11-Oct-2011,87.45,89.95,92.4,88.7,91.0,91.45,91.24,23393,2134429.9,918.0,10469.0,44.75
PRESTIGE,EQ,10-Oct-2011,87.3,88.0,90.85,86.55,90.15,87.45,87.47,1019491,89176779.65,4084.0,858510.0,84.21
PRESTIGE,EQ,07-Oct-2011,85.95,89.45,90.0,86.2,87.5,87.3,88.33,20029,1769151.0,1266.0,10963.0,54.74
PRESTIGE,EQ,05-Oct-2011,88.05,88.1,88.75,85.1,85.25,85.95,86.0,87117,7491956.3,2385.0,71217.0,81.75
PRESTIGE,EQ,04-Oct-2011,88.2,87.0,89.2,85.05,88.35,88.05,87.27,44168,3854456.45,2029.0,27956.0,63.29
PRESTIGE,EQ,03-Oct-2011,92.05,90.0,90.6,86.6,89.0,88.2,88.81,49743,4417863.25,2859.0,32064.0,64.46
PRESTIGE,EQ,30-Sep-2011,90.05,88.15,93.4,88.15,92.8,92.05,90.25,121860,10997644.75,8039.0,81148.0,66.59
PRESTIGE,EQ,29-Sep-2011,91.2,91.35,91.35,87.2,90.4,90.05,89.36,51849,4633267.95,1403.0,34463.0,66.47
PRESTIGE,EQ,28-Sep-2011,91.45,91.9,91.95,88.65,91.25,91.2,90.88,36451,3312626.2,570.0,25903.0,71.06
PRESTIGE,EQ,27-Sep-2011,89.8,92.0,92.7,90.75,91.5,91.45,91.52,20957,1917892.45,763.0,14995.0,71.55
PRESTIGE,EQ,26-Sep-2011,90.3,89.85,91.75,87.05,90.2,89.8,89.4,29137,2604724.4,900.0,18173.0,62.37
PRESTIGE,EQ,23-Sep-2011,89.65,89.1,91.5,85.3,91.0,90.3,88.88,84947,7549985.75,3595.0,49931.0,58.78
PRESTIGE,EQ,22-Sep-2011,91.9,90.8,94.0,89.0,89.95,89.65,91.85,110003,10103362.55,2700.0,40061.0,36.42
PRESTIGE,EQ,21-Sep-2011,87.85,88.75,94.5,88.75,92.1,91.9,92.88,1849815,171810185.95,4464.0,1648501.0,89.12
PRESTIGE,EQ,20-Sep-2011,90.0,88.95,90.5,87.1,87.8,87.85,89.35,400972,35827042.1,7598.0,321863.0,80.27
PRESTIGE,EQ,19-Sep-2011,87.95,89.6,91.8,87.55,90.0,90.0,90.05,184001,16569734.45,2863.0,149878.0,81.45
PRESTIGE,EQ,16-Sep-2011,86.3,88.6,90.0,86.65,87.95,87.95,88.48,253361,22417010.7,5935.0,222075.0,87.65
PRESTIGE,EQ,15-Sep-2011,88.45,90.7,91.0,85.05,86.5,86.3,88.42,192753,17042977.55,3569.0,90561.0,46.98
PRESTIGE,EQ,14-Sep-2011,90.15,91.85,91.85,86.95,88.0,88.45,88.18,61026,5380980.0,1588.0,32531.0,53.31
PRESTIGE,EQ,13-Sep-2011,91.9,90.05,94.6,89.35,89.6,90.15,92.17,89332,8233288.85,2402.0,66131.0,74.03
PRESTIGE,EQ,12-Sep-2011,94.8,93.5,94.4,91.1,91.6,91.9,92.64,44658,4137320.15,1562.0,31697.0,70.98
PRESTIGE,EQ,09-Sep-2011,96.1,96.3,98.9,94.2,94.5,94.8,96.56,86573,8359918.1,1616.0,46137.0,53.29
PRESTIGE,EQ,08-Sep-2011,95.0,95.25,97.6,95.2,96.0,96.1,96.51,54188,5229588.55,1059.0,37641.0,69.46
PRESTIGE,EQ,07-Sep-2011,96.8,95.3,100.1,94.2,94.5,95.0,95.09,1610232,153115096.35,2668.0,1579745.0,98.11
PRESTIGE,EQ,06-Sep-2011,96.35,92.1,98.7,92.1,95.5,96.8,96.54,40796,3938557.75,1263.0,29288.0,71.79
PRESTIGE,EQ,05-Sep-2011,96.5,97.1,97.85,92.0,96.2,96.35,95.14,77469,7370543.1,1181.0,54488.0,70.34
PRESTIGE,EQ,02-Sep-2011,98.1,97.25,100.0,96.0,97.0,96.5,97.03,65811,6385899.0,950.0,54361.0,82.6
PRESTIGE,EQ,30-Aug-2011,98.8,101.0,101.3,97.4,98.2,98.1,98.83,41285,4080219.65,874.0,29192.0,70.71
PRESTIGE,EQ,29-Aug-2011,98.7,96.1,101.85,96.1,98.55,98.8,99.57,49509,4929380.25,797.0,37638.0,76.02
PRESTIGE,EQ,26-Aug-2011,100.25,99.25,102.0,96.0,96.0,98.7,98.59,53691,5293284.2,796.0,47611.0,88.68
PRESTIGE,EQ,25-Aug-2011,102.75,103.25,103.25,99.05,101.0,100.25,100.93,11800,1191022.0,522.0,6650.0,56.36
PRESTIGE,EQ,24-Aug-2011,101.4,103.8,104.9,101.45,102.05,102.75,103.25,16830,1737702.25,2007.0,11345.0,67.41
PRESTIGE,EQ,23-Aug-2011,101.65,100.05,121.95,100.05,100.65,101.4,102.98,323799,33343512.05,1237.0,314194.0,97.03
PRESTIGE,EQ,22-Aug-2011,102.85,100.7,105.0,100.05,101.5,101.65,101.11,369760,37386669.95,1474.0,362574.0,98.06
PRESTIGE,EQ,19-Aug-2011,98.25,96.0,104.7,94.05,103.9,102.85,97.69,89556,8748319.25,2396.0,64320.0,71.82
PRESTIGE,EQ,18-Aug-2011,103.25,107.5,107.5,97.6,100.5,98.25,98.93,558951,55294756.0,3208.0,528229.0,94.5
PRESTIGE,EQ,17-Aug-2011,107.9,107.85,108.0,101.5,103.3,103.25,104.04,59209,6160011.75,1090.0,44759.0,75.59
PRESTIGE,EQ,16-Aug-2011,111.1,113.0,113.0,106.0,109.1,107.9,109.42,67388,7373363.0,3269.0,48146.0,71.45
PRESTIGE,EQ,12-Aug-2011,114.25,115.9,115.9,111.0,111.05,111.1,113.71,647604,73641943.9,2690.0,626936.0,96.81
PRESTIGE,EQ,11-Aug-2011,114.4,113.4,117.2,110.55,113.05,114.25,114.86,2111449,242528407.5,7428.0,2011874.0,95.28
PRESTIGE,EQ,10-Aug-2011,113.9,117.9,117.9,113.05,115.0,114.4,115.0,156566,18004596.45,7393.0,121724.0,77.75
PRESTIGE,EQ,09-Aug-2011,119.9,115.0,116.95,113.0,113.0,113.9,114.47,145468,16652215.5,3521.0,120317.0,82.71
PRESTIGE,EQ,09-Aug-2011,119.9,115.0,116.95,113.0,113.0,113.9,114.47,145468,16652215.5,3521.0,120317.0,82.71
PRESTIGE,EQ,08-Aug-2011,123.35,122.1,122.1,115.4,119.75,119.9,119.76,102804,12312202.25,5176.0,86223.0,83.87
PRESTIGE,EQ,05-Aug-2011,127.35,125.0,125.9,120.0,125.05,123.35,122.64,27109,3324700.05,854.0,20381.0,75.18
PRESTIGE,EQ,04-Aug-2011,129.15,130.0,131.7,126.3,127.0,127.35,128.43,36519,4690228.25,1930.0,24367.0,66.72
PRESTIGE,EQ,03-Aug-2011,131.5,130.55,132.0,127.6,128.15,129.15,129.49,13535,1752632.15,936.0,6836.0,50.51
PRESTIGE,EQ,02-Aug-2011,135.0,132.55,135.7,130.3,131.35,131.5,131.97,26641,3515776.9,1136.0,18524.0,69.53
PRESTIGE,EQ,01-Aug-2011,131.9,133.2,136.9,130.0,134.35,135.0,133.68,77081,10304118.2,2501.0,35649.0,46.25
PRESTIGE,EQ,29-Jul-2011,134.45,136.4,138.8,130.0,130.65,131.9,132.6,136735,18130496.3,2091.0,98762.0,72.23
PRESTIGE,EQ,28-Jul-2011,132.25,130.15,136.1,128.8,133.7,134.45,130.1,1674412,217848613.95,2172.0,1633649.0,97.57
PRESTIGE,EQ,27-Jul-2011,133.65,132.6,134.65,131.45,131.45,132.25,132.64,13005,1724965.0,807.0,7217.0,55.49
PRESTIGE,EQ,26-Jul-2011,137.75,137.05,139.0,132.2,133.25,133.65,135.26,31129,4210454.85,984.0,18807.0,60.42
PRESTIGE,EQ,25-Jul-2011,140.95,141.4,141.4,137.0,137.6,137.75,139.88,554927,77621815.8,1048.0,537785.0,96.91
PRESTIGE,EQ,22-Jul-2011,141.3,141.6,142.65,138.8,139.65,140.95,140.9,64390,9072765.3,1668.0,38921.0,60.45
PRESTIGE,EQ,21-Jul-2011,139.25,139.4,142.75,134.2,141.0,141.3,140.47,232473,32655797.55,10209.0,130788.0,56.26
PRESTIGE,EQ,20-Jul-2011,133.4,134.35,142.5,134.0,141.0,139.25,138.24,351210,48549609.75,15067.0,182185.0,51.87
PRESTIGE,EQ,19-Jul-2011,125.35,126.8,136.45,126.8,133.0,133.4,132.68,220103,29202996.25,4393.0,70309.0,31.94
PRESTIGE,EQ,18-Jul-2011,126.5,126.9,128.0,125.05,125.05,125.35,126.41,7813,987623.9,474.0,3909.0,50.03
PRESTIGE,EQ,15-Jul-2011,127.4,128.05,132.0,124.5,125.75,126.5,129.32,49980,6463646.3,963.0,36938.0,73.91
PRESTIGE,EQ,14-Jul-2011,123.2,122.55,128.95,122.2,128.0,127.4,125.64,97819,12289975.35,1822.0,74967.0,76.64
PRESTIGE,EQ,13-Jul-2011,122.15,122.15,125.0,121.6,124.0,123.2,123.41,72538,8951731.05,2591.0,47021.0,64.82
PRESTIGE,EQ,12-Jul-2011,123.25,122.0,123.8,121.6,122.25,122.15,122.78,47313,5809255.75,698.0,41852.0,88.46
PRESTIGE,EQ,11-Jul-2011,122.5,122.05,125.8,120.95,125.0,123.25,122.57,56765,6957917.15,775.0,44198.0,77.86
PRESTIGE,EQ,08-Jul-2011,121.25,144.0,144.0,119.6,122.5,122.5,121.96,286607,34954141.85,8685.0,241196.0,84.16
PRESTIGE,EQ,07-Jul-2011,119.9,120.55,123.0,119.25,121.5,121.25,121.17,148203,17958424.9,3558.0,108132.0,72.96
PRESTIGE,EQ,06-Jul-2011,122.0,123.4,123.6,118.15,120.5,119.9,120.39,286369,34475837.35,4973.0,231987.0,81.01
PRESTIGE,EQ,05-Jul-2011,125.05,123.6,125.1,120.3,121.2,122.0,122.54,131972,16171253.0,6913.0,82056.0,62.18
PRESTIGE,EQ,04-Jul-2011,123.55,123.0,126.5,122.0,125.0,125.05,124.86,71764,8960579.25,2529.0,54981.0,76.61
PRESTIGE,EQ,01-Jul-2011,120.25,122.0,124.1,120.0,123.1,123.55,122.95,41997,5163630.0,2121.0,28473.0,67.8
PRESTIGE,EQ,30-Jun-2011,123.95,124.95,126.1,119.95,120.0,120.25,120.26,472301,56798038.7,4711.0,440336.0,93.23
PRESTIGE,EQ,29-Jun-2011,123.55,125.1,125.75,122.5,124.0,123.95,124.27,50016,6215720.8,3533.0,38525.0,77.03
PRESTIGE,EQ,28-Jun-2011,125.4,125.1,125.85,123.1,123.2,123.55,124.17,66516,8259023.25,4713.0,55548.0,83.51
PRESTIGE,EQ,27-Jun-2011,123.85,124.0,128.5,123.2,127.45,125.4,125.44,180999,22704421.9,12506.0,162237.0,89.63
PRESTIGE,EQ,24-Jun-2011,123.3,123.5,128.45,123.05,124.0,123.85,125.24,89328,11187510.5,3510.0,75298.0,84.29
PRESTIGE,EQ,23-Jun-2011,124.65,125.15,126.45,121.7,124.0,123.3,123.66,51584,6378641.4,4974.0,34140.0,66.18
PRESTIGE,EQ,22-Jun-2011,123.3,123.3,128.5,122.2,124.4,124.65,124.78,18058,2253352.3,3566.0,14276.0,79.06
PRESTIGE,EQ,21-Jun-2011,123.15,124.0,127.0,122.65,124.0,123.3,124.08,41754,5180790.85,4995.0,32843.0,78.66
PRESTIGE,EQ,20-Jun-2011,131.7,130.7,132.0,118.2,123.85,123.15,124.89,51228,6397638.85,3238.0,36693.0,71.63
PRESTIGE,EQ,17-Jun-2011,133.45,133.6,134.0,130.55,131.85,131.7,132.47,18862,2498735.45,2504.0,14805.0,78.49
PRESTIGE,EQ,16-Jun-2011,132.9,135.0,135.0,130.6,134.9,133.45,132.9,24214,3218140.25,2932.0,16736.0,69.12
PRESTIGE,EQ,15-Jun-2011,135.6,136.05,136.05,132.15,132.5,132.9,133.99,15098,2022908.9,1566.0,11470.0,75.97
PRESTIGE,EQ,14-Jun-2011,135.1,137.0,139.0,135.0,135.2,135.6,136.21,37146,5059560.25,4097.0,28539.0,76.83
PRESTIGE,EQ,13-Jun-2011,138.45,136.15,138.5,134.25,135.0,135.1,135.58,25669,3480242.65,4524.0,18613.0,72.51
PRESTIGE,EQ,10-Jun-2011,137.6,139.2,140.0,137.5,138.1,138.45,139.14,12407,1726259.2,1706.0,9478.0,76.39
PRESTIGE,EQ,09-Jun-2011,138.95,140.0,144.7,135.25,137.4,137.6,139.02,27634,3841716.95,1329.0,15990.0,57.86
PRESTIGE,EQ,08-Jun-2011,141.05,140.6,141.0,138.15,138.35,138.95,139.65,13461,1879875.8,1111.0,7451.0,55.35
PRESTIGE,EQ,07-Jun-2011,139.6,140.0,142.9,139.5,140.0,141.05,141.29,32882,4645802.25,7490.0,23240.0,70.68
PRESTIGE,EQ,06-Jun-2011,144.25,142.1,144.8,137.8,139.0,139.6,141.09,24167,3409627.1,1729.0,16958.0,70.17
PRESTIGE,EQ,03-Jun-2011,146.35,149.95,149.95,143.25,143.5,144.25,144.83,82537,11953928.2,5416.0,64147.0,77.72
PRESTIGE,EQ,02-Jun-2011,147.65,144.05,149.5,144.05,145.5,146.35,146.29,28287,4138023.45,1871.0,18098.0,63.98
PRESTIGE,EQ,01-Jun-2011,149.55,150.0,154.7,146.2,146.5,147.65,148.98,383327,57107216.45,3377.0,347538.0,90.66
PRESTIGE,EQ,31-May-2011,139.85,144.9,151.7,140.1,148.0,149.55,147.76,314837,46520607.25,,255390.0,81.12
PRESTIGE,EQ,30-May-2011,142.85,141.65,144.6,138.65,139.05,139.85,141.31,10519,1486438.75,,6592.0,62.67
PRESTIGE,EQ,27-May-2011,136.5,135.7,144.9,135.65,144.9,142.85,140.87,22400,3155594.6,,15007.0,67.0
PRESTIGE,EQ,26-May-2011,135.65,136.0,138.9,135.15,135.3,136.5,136.47,8530,1164121.85,,4959.0,58.14
PRESTIGE,EQ,25-May-2011,137.95,138.0,139.5,134.2,136.35,135.65,136.35,15197,2072110.2,,6889.0,45.33
PRESTIGE,EQ,24-May-2011,134.3,135.0,141.6,133.5,137.8,137.95,137.86,56077,7730511.35,,27352.0,48.78
PRESTIGE,EQ,23-May-2011,141.05,140.15,140.15,132.55,135.0,134.3,135.44,28487,3858374.35,,15146.0,53.17
PRESTIGE,EQ,20-May-2011,140.35,141.15,144.7,140.25,140.85,141.05,142.08,36103,5129336.3,,26962.0,74.68
PRESTIGE,EQ,19-May-2011,142.05,141.15,144.0,138.15,143.0,140.35,140.9,24741,3486121.5,,14015.0,56.65
PRESTIGE,EQ,18-May-2011,143.45,148.05,148.05,140.65,140.7,142.05,142.85,104895,14984669.0,,57932.0,55.23
PRESTIGE,EQ,17-May-2011,147.45,144.1,151.75,142.15,142.25,143.45,145.82,525482,76626210.2,,196079.0,37.31
PRESTIGE,EQ,16-May-2011,152.95,155.0,155.2,145.8,147.35,147.45,148.09,39011,5777075.45,,27700.0,71.01
PRESTIGE,EQ,13-May-2011,147.45,149.5,158.5,145.0,152.4,152.95,153.99,353469,54430279.85,,266026.0,75.26
PRESTIGE,EQ,12-May-2011,143.3,144.9,149.7,144.25,148.8,147.45,148.11,91543,13558440.3,,50860.0,55.56
PRESTIGE,EQ,11-May-2011,142.55,144.7,147.5,142.1,144.0,143.3,143.86,34949,5027729.65,,26203.0,74.97
PRESTIGE,EQ,10-May-2011,143.4,142.0,144.95,140.2,141.7,142.55,142.67,27960,3989085.7,,21453.0,76.73
PRESTIGE,EQ,09-May-2011,140.35,142.95,144.7,140.15,143.0,143.4,143.62,96434,13849529.5,,79581.0,82.52
PRESTIGE,EQ,06-May-2011,140.1,141.05,143.45,138.0,140.9,140.35,140.41,50787,7131220.65,,35785.0,70.46
PRESTIGE,EQ,06-May-2011,140.1,141.05,143.45,138.0,140.9,140.35,140.41,50787,7131220.65,,35785.0,70.46
PRESTIGE,EQ,05-May-2011,142.45,145.0,148.5,138.45,141.0,140.1,143.22,94634,13553787.95,,69909.0,73.87
PRESTIGE,EQ,04-May-2011,142.55,142.05,146.95,140.0,146.0,142.45,143.08,39718,5683002.65,,17245.0,43.42
PRESTIGE,EQ,03-May-2011,144.65,148.75,148.75,137.15,140.8,142.55,140.75,96387,13566466.45,,69551.0,72.16
PRESTIGE,EQ,02-May-2011,146.55,148.5,149.9,140.1,145.0,144.65,145.4,57869,8414222.2,,36624.0,63.29
PRESTIGE,EQ,29-Apr-2011,150.35,155.05,155.4,145.05,147.9,146.55,148.6,135873,20190118.1,,84779.0,62.4
PRESTIGE,EQ,28-Apr-2011,157.75,159.2,159.2,148.1,151.8,150.35,152.35,186097,28351842.85,,118657.0,63.76
PRESTIGE,EQ,27-Apr-2011,154.6,154.0,159.0,151.5,158.05,157.75,155.4,208788,32446023.65,,96421.0,46.18
PRESTIGE,EQ,26-Apr-2011,151.25,152.05,158.0,151.25,154.8,154.6,154.8,692064,107133044.05,,217684.0,31.45
PRESTIGE,EQ,25-Apr-2011,140.35,143.4,164.5,141.0,151.55,151.25,157.11,2225422,349637467.7,,167461.0,7.52
PRESTIGE,EQ,21-Apr-2011,136.7,139.5,141.55,138.0,140.0,140.35,140.03,289508,40539805.65,,282125.0,97.45
PRESTIGE,EQ,20-Apr-2011,137.75,138.05,138.05,133.2,137.0,136.7,136.0,147508,20060657.8,,138464.0,93.87
PRESTIGE,EQ,19-Apr-2011,135.6,132.0,139.95,132.0,136.0,137.75,137.49,253954,34916978.95,,236234.0,93.02
PRESTIGE,EQ,18-Apr-2011,136.95,138.2,140.0,132.1,135.5,135.6,137.15,51745,7096745.2,,35864.0,69.31
PRESTIGE,EQ,15-Apr-2011,139.55,138.4,138.95,135.4,137.0,136.95,137.67,153821,21177027.05,,146882.0,95.49
PRESTIGE,EQ,13-Apr-2011,137.15,138.0,141.0,135.6,140.0,139.55,139.58,39723,5544427.9,,26775.0,67.4
PRESTIGE,EQ,11-Apr-2011,143.15,144.5,154.4,137.0,137.5,137.15,141.67,273073,38685831.55,,198915.0,72.84
PRESTIGE,EQ,08-Apr-2011,136.65,137.8,148.0,137.05,147.2,143.15,142.7,638963,91182804.85,,462716.0,72.42
PRESTIGE,EQ,07-Apr-2011,124.9,126.0,139.7,125.1,136.4,136.65,134.66,389573,52460473.5,,224534.0,57.64
PRESTIGE,EQ,06-Apr-2011,123.65,124.45,125.75,123.9,124.95,124.9,124.92,429942,53707123.4,,398362.0,92.65
PRESTIGE,EQ,05-Apr-2011,127.6,131.0,131.0,121.1,123.6,123.65,123.98,237987,29505316.25,,179407.0,75.39
PRESTIGE,EQ,04-Apr-2011,128.0,131.0,131.05,126.0,126.0,127.6,128.59,20751,2668349.15,,13177.0,63.5
PRESTIGE,EQ,01-Apr-2011,125.5,129.65,134.0,125.25,128.1,128.0,129.14,170829,22061159.85,,120814.0,70.72
PRESTIGE,EQ,31-Mar-2011,126.25,127.95,129.0,125.0,125.1,125.5,125.64,27220,3419813.55,,21016.0,77.21
PRESTIGE,EQ,30-Mar-2011,125.8,128.15,128.15,124.4,127.0,126.25,126.37,45164,5707174.6,,29168.0,64.58
PRESTIGE,EQ,29-Mar-2011,130.4,130.5,130.5,121.55,122.55,125.8,124.96,193933,24234388.35,,150551.0,77.63
PRESTIGE,EQ,28-Mar-2011,134.75,138.6,138.6,129.15,130.4,130.4,132.76,45791,6079325.9,,25361.0,55.38
PRESTIGE,EQ,25-Mar-2011,142.35,144.0,144.9,132.8,134.5,134.75,136.54,252921,34533805.95,,145719.0,57.61
PRESTIGE,EQ,24-Mar-2011,120.55,121.2,144.7,118.8,139.35,142.35,135.06,443322,59873755.45,,96141.0,21.69
PRESTIGE,EQ,23-Mar-2011,109.0,110.5,126.75,108.7,120.0,120.55,120.05,146036,17531410.65,,52808.0,36.16
PRESTIGE,EQ,22-Mar-2011,108.4,108.0,109.95,106.5,109.95,109.0,109.0,411808,44887411.55,,405761.0,98.53
PRESTIGE,EQ,21-Mar-2011,105.65,107.2,109.65,106.15,107.25,108.4,108.31,110117,11927021.75,,100739.0,91.48
PRESTIGE,EQ,18-Mar-2011,111.65,114.0,115.0,104.2,104.6,105.65,110.11,673035,74108187.25,,657142.0,97.64
PRESTIGE,EQ,17-Mar-2011,108.5,105.6,115.9,105.6,114.0,111.65,111.28,1083652,120585666.25,,1007042.0,92.93
PRESTIGE,EQ,16-Mar-2011,108.0,108.05,112.95,107.55,107.7,108.5,108.76,535735,58266672.75,,524159.0,97.84
PRESTIGE,EQ,15-Mar-2011,111.2,111.05,111.05,107.2,107.35,108.0,108.37,190314,20624845.8,,185731.0,97.59
PRESTIGE,EQ,14-Mar-2011,112.65,112.05,113.85,110.25,111.2,111.2,112.48,420576,47307121.45,,414286.0,98.5
PRESTIGE,EQ,11-Mar-2011,114.05,114.3,115.0,111.5,111.5,112.65,113.92,125332,14277416.5,,117866.0,94.04
PRESTIGE,EQ,10-Mar-2011,113.85,115.3,117.0,113.15,114.95,114.05,114.14,265938,30355267.0,,242282.0,91.1
PRESTIGE,EQ,09-Mar-2011,114.2,116.0,116.0,112.6,114.0,113.85,114.0,36277,4135408.45,,33295.0,91.78
PRESTIGE,EQ,08-Mar-2011,116.15,118.85,118.85,112.4,113.65,114.2,114.19,34179,3902929.2,,22143.0,64.79
PRESTIGE,EQ,07-Mar-2011,115.95,117.95,119.0,115.35,115.35,116.15,116.59,11770,1372221.5,,9143.0,77.68
PRESTIGE,EQ,04-Mar-2011,115.6,118.45,119.7,114.0,117.0,115.95,117.63,58507,6882258.15,,52137.0,89.11
PRESTIGE,EQ,03-Mar-2011,120.65,120.0,120.05,113.5,117.0,115.6,117.85,42321,4987624.4,,28336.0,66.95
PRESTIGE,EQ,01-Mar-2011,117.3,112.1,122.0,112.1,120.0,120.65,119.82,35796,4289123.5,,27336.0,76.37
PRESTIGE,EQ,28-Feb-2011,120.15,119.95,121.0,116.2,117.85,117.3,119.29,11983,1429483.0,,8975.0,74.9
PRESTIGE,EQ,25-Feb-2011,122.05,117.45,123.9,115.05,119.2,120.15,120.86,58591,7081281.0,,54370.0,92.8
PRESTIGE,EQ,24-Feb-2011,126.1,126.05,127.45,121.0,122.0,122.05,123.65,6405,791987.55,,4232.0,66.07
PRESTIGE,EQ,23-Feb-2011,125.7,124.5,129.8,124.5,125.0,126.1,126.1,212013,26734865.75,,207162.0,97.71
PRESTIGE,EQ,22-Feb-2011,130.0,129.0,130.0,125.3,125.9,125.7,126.45,6462,817145.45,,3511.0,54.33
PRESTIGE,EQ,21-Feb-2011,127.05,126.0,131.0,124.15,130.6,130.0,129.04,43213,5576397.85,,31808.0,73.61
PRESTIGE,EQ,18-Feb-2011,120.7,122.3,129.7,121.9,125.6,127.05,127.0,113404,14402656.5,,78173.0,68.93
PRESTIGE,EQ,17-Feb-2011,125.45,125.2,129.0,120.0,120.0,120.7,123.35,43052,5310298.35,,32073.0,74.5
PRESTIGE,EQ,16-Feb-2011,129.05,130.0,130.0,125.2,125.3,125.45,126.62,6356,804809.4,,4496.0,70.74
PRESTIGE,EQ,15-Feb-2011,128.65,131.65,131.65,125.95,127.5,129.05,129.85,74060,9616329.65,,62645.0,84.59
PRESTIGE,EQ,14-Feb-2011,126.8,130.65,130.65,125.0,128.5,128.65,128.87,100755,12984326.3,,77668.0,77.09
PRESTIGE,EQ,11-Feb-2011,125.5,125.55,130.0,120.5,123.2,126.8,125.91,43219,5441919.7,,32512.0,75.23
PRESTIGE,EQ,10-Feb-2011,119.7,128.0,129.5,117.2,128.0,125.5,123.61,90792,11222867.95,,71574.0,78.83
PRESTIGE,EQ,09-Feb-2011,128.0,130.0,131.05,115.2,119.8,119.7,122.05,96134,11733194.65,,68394.0,71.14
PRESTIGE,EQ,08-Feb-2011,126.8,129.7,133.75,125.3,130.0,128.0,128.15,143847,18433578.95,,123356.0,85.76
PRESTIGE,EQ,07-Feb-2011,130.5,127.3,130.5,125.05,125.4,126.8,127.02,158796,20170613.15,,153422.0,96.62
PRESTIGE,EQ,04-Feb-2011,136.3,135.15,140.0,128.0,130.0,130.5,132.92,29643,3940200.7,,20866.0,70.39
PRESTIGE,EQ,03-Feb-2011,139.8,138.2,140.0,134.0,135.05,136.3,137.26,30604,4200685.55,,22203.0,72.55
PRESTIGE,EQ,02-Feb-2011,145.95,145.6,147.35,138.2,139.05,139.8,141.78,13608,1929343.8,,9087.0,66.78
PRESTIGE,EQ,01-Feb-2011,150.35,148.3,152.4,142.1,144.2,145.95,146.58,37871,5551249.0,,22690.0,59.91
PRESTIGE,EQ,31-Jan-2011,155.25,150.3,155.0,142.5,150.6,150.35,151.13,72014,10883732.65,,64024.0,88.9
PRESTIGE,EQ,28-Jan-2011,153.6,159.0,159.0,148.0,155.9,155.25,152.25,86371,13149719.3,,70560.0,81.69
PRESTIGE,EQ,27-Jan-2011,155.0,155.0,161.65,150.2,152.05,153.6,156.17,115111,17976805.3,,68383.0,59.41
PRESTIGE,EQ,25-Jan-2011,157.95,157.95,157.95,151.1,155.0,155.0,155.11,108939,16897425.9,,82021.0,75.29
PRESTIGE,EQ,24-Jan-2011,145.35,142.6,164.0,142.6,159.0,157.95,155.02,158302,24540460.05,,71202.0,44.98
PRESTIGE,EQ,21-Jan-2011,143.95,140.5,147.35,140.5,145.5,145.35,145.27,38260,5557952.4,,30299.0,79.19
PRESTIGE,EQ,20-Jan-2011,139.3,140.0,146.45,136.55,144.0,143.95,144.19,81687,11778579.5,,21616.0,26.46
PRESTIGE,EQ,19-Jan-2011,136.35,138.4,140.4,136.6,139.95,139.3,139.0,1625481,225939793.95,,1616688.0,99.46
PRESTIGE,EQ,18-Jan-2011,135.35,136.0,138.95,136.0,137.0,136.35,137.13,5050,692488.0,,3670.0,72.67
PRESTIGE,EQ,17-Jan-2011,141.25,140.2,144.0,135.0,135.6,135.35,137.91,20990,2894725.3,,16643.0,79.29
PRESTIGE,EQ,14-Jan-2011,141.4,148.8,148.8,140.2,141.0,141.25,142.37,33263,4735722.85,,24816.0,74.61
PRESTIGE,EQ,13-Jan-2011,144.0,143.0,145.0,140.2,141.0,141.4,142.97,370654,52993346.25,,351198.0,94.75
PRESTIGE,EQ,12-Jan-2011,143.15,143.15,148.9,141.0,142.8,144.0,143.91,47631,6854691.1,,34666.0,72.78
PRESTIGE,EQ,11-Jan-2011,147.7,147.8,149.8,140.2,144.0,143.15,144.42,29488,4258511.95,,21545.0,73.06
PRESTIGE,EQ,10-Jan-2011,153.3,153.9,153.9,131.4,147.5,147.7,149.11,47234,7042948.55,,32138.0,68.04
PRESTIGE,EQ,07-Jan-2011,158.75,157.15,159.6,150.0,150.9,153.3,155.42,23046,3581851.0,,16130.0,69.99
PRESTIGE,EQ,06-Jan-2011,158.7,158.7,161.25,157.2,159.0,158.75,159.54,115820,18478259.25,,97273.0,83.99
PRESTIGE,EQ,05-Jan-2011,160.95,161.4,161.4,156.25,159.9,158.7,158.59,51395,8150746.4,,33328.0,64.85
PRESTIGE,EQ,04-Jan-2011,166.55,166.05,170.0,160.0,160.3,160.95,164.47,59174,9732253.35,,40428.0,68.32
PRESTIGE,EQ,03-Jan-2011,172.0,173.0,173.0,165.0,166.15,166.55,168.43,36757,6191027.75,,24831.0,67.55
PRESTIGE,EQ,28-Dec-2012,177.55,179.7,183.7,176.15,178.5,179.0,177.84,571440,101626347.3,4054.0,465997.0,81.55
PRESTIGE,EQ,27-Dec-2012,178.5,179.7,184.5,175.75,177.3,177.55,180.61,751870,135797098.7,6742.0,670790.0,89.22
PRESTIGE,EQ,26-Dec-2012,179.35,179.65,181.3,177.0,179.0,178.5,178.48,215131,38397529.4,3764.0,155732.0,72.39
PRESTIGE,EQ,24-Dec-2012,177.15,177.05,182.45,177.05,181.0,179.35,178.99,186316,33348155.9,4535.0,109752.0,58.91
PRESTIGE,EQ,21-Dec-2012,184.15,182.75,184.45,174.35,177.8,177.15,179.36,281303,50453731.55,8845.0,140564.0,49.97
PRESTIGE,EQ,20-Dec-2012,177.05,177.0,186.2,175.2,185.0,184.15,183.09,730608,133766257.7,15763.0,266648.0,36.5
PRESTIGE,EQ,19-Dec-2012,172.75,173.7,191.6,173.0,175.5,177.05,183.64,1473722,270639078.45,29969.0,553482.0,37.56
PRESTIGE,EQ,18-Dec-2012,169.85,170.95,177.7,167.7,171.65,172.75,173.3,203667,35295487.3,6759.0,61836.0,30.36
PRESTIGE,EQ,17-Dec-2012,169.6,170.1,172.0,166.35,170.6,169.85,169.84,273554,46459934.55,9214.0,137597.0,50.3
PRESTIGE,EQ,14-Dec-2012,160.55,160.65,175.9,156.75,169.0,169.6,167.57,435376,72957702.85,14709.0,192402.0,44.19
PRESTIGE,EQ,13-Dec-2012,161.45,161.4,162.0,159.0,161.1,160.55,160.07,151887,24313077.1,13956.0,96089.0,63.26
PRESTIGE,EQ,12-Dec-2012,164.25,165.65,165.7,158.2,159.0,161.45,162.23,108371,17580937.15,1517.0,86227.0,79.57
PRESTIGE,EQ,11-Dec-2012,166.2,166.85,168.7,161.15,163.55,164.25,164.02,664625,109010361.55,7505.0,599823.0,90.25
PRESTIGE,EQ,10-Dec-2012,162.4,163.7,167.9,163.1,165.55,166.2,166.21,416498,69224071.45,20959.0,253450.0,60.85
PRESTIGE,EQ,07-Dec-2012,165.7,167.0,167.9,156.3,162.5,162.4,163.27,163503,26695896.4,6268.0,84284.0,51.55
PRESTIGE,EQ,06-Dec-2012,162.55,163.7,170.85,162.2,165.5,165.7,165.56,251137,41577673.1,9064.0,138495.0,55.15
PRESTIGE,EQ,05-Dec-2012,162.15,163.6,165.4,162.2,162.25,162.55,162.72,438910,71419866.3,1921.0,413693.0,94.25
PRESTIGE,EQ,04-Dec-2012,165.8,165.45,166.0,161.1,162.0,162.15,164.02,49798,8167847.4,1420.0,27152.0,54.52
PRESTIGE,EQ,03-Dec-2012,164.6,165.7,167.4,164.05,165.95,165.8,165.82,105701,17527465.35,3776.0,69440.0,65.69
PRESTIGE,EQ,30-Nov-2012,169.3,169.5,171.45,163.85,164.4,164.6,166.06,295595,49087123.25,6880.0,211885.0,71.68
PRESTIGE,EQ,29-Nov-2012,162.8,163.45,170.2,163.45,168.5,169.3,168.14,609224,102432006.8,7165.0,511332.0,83.93
PRESTIGE,EQ,27-Nov-2012,162.55,162.75,165.9,160.5,163.0,162.8,164.0,88988,14593981.25,2846.0,34383.0,38.64
PRESTIGE,EQ,26-Nov-2012,156.1,156.5,166.0,155.95,163.0,162.55,162.51,255670,41548196.55,7557.0,154992.0,60.62
PRESTIGE,EQ,23-Nov-2012,158.05,158.7,158.95,155.25,155.3,156.1,156.8,114989,18030619.5,6287.0,68613.0,59.67
PRESTIGE,EQ,22-Nov-2012,160.6,161.8,163.2,156.7,158.65,158.05,159.18,185923,29595260.15,7745.0,113695.0,61.15
PRESTIGE,EQ,21-Nov-2012,155.5,156.35,161.7,154.25,160.85,160.6,158.3,507762,80378310.0,18319.0,422423.0,83.19
PRESTIGE,EQ,20-Nov-2012,157.65,158.1,159.35,153.0,155.2,155.5,156.1,58483,9129273.6,1693.0,27289.0,46.66
PRESTIGE,EQ,19-Nov-2012,155.45,156.35,163.25,152.3,158.7,157.65,158.56,121965,19338328.9,4193.0,37524.0,30.77
PRESTIGE,EQ,16-Nov-2012,158.85,159.7,161.9,153.2,155.55,155.45,159.1,59320,9437851.25,1732.0,21878.0,36.88
PRESTIGE,EQ,15-Nov-2012,163.0,162.45,166.0,157.35,159.4,158.85,160.68,759212,121987584.6,10429.0,647707.0,85.31
PRESTIGE,EQ,13-Nov-2012,162.8,163.45,164.65,161.2,162.5,163.0,163.35,20549,3356672.85,439.0,10623.0,51.7
PRESTIGE,EQ,12-Nov-2012,162.15,161.7,166.9,161.15,163.0,162.8,164.1,138215,22681325.95,2460.0,74090.0,53.6
PRESTIGE,EQ,09-Nov-2012,166.9,165.5,167.7,159.1,162.5,162.15,162.94,200173,32616308.55,11204.0,136571.0,68.23
PRESTIGE,EQ,08-Nov-2012,166.7,163.95,169.6,163.95,166.75,166.9,167.0,334922,55931493.0,20153.0,128690.0,38.42
PRESTIGE,EQ,07-Nov-2012,158.7,158.75,171.8,158.25,167.5,166.7,164.8,471429,77692377.7,7357.0,203690.0,43.21
PRESTIGE,EQ,06-Nov-2012,156.75,157.0,159.9,152.0,158.4,158.7,158.03,222951,35233583.05,2696.0,166823.0,74.82
PRESTIGE,EQ,05-Nov-2012,157.35,157.75,160.9,155.9,157.35,156.75,158.17,171987,27202577.2,5139.0,54746.0,31.83
PRESTIGE,EQ,02-Nov-2012,158.1,159.65,163.1,156.55,157.3,157.35,158.58,344594,54646350.6,6282.0,217916.0,63.24
PRESTIGE,EQ,01-Nov-2012,154.7,155.4,167.15,153.65,158.2,158.1,161.19,1000540,161273243.05,13653.0,669965.0,66.96
PRESTIGE,EQ,31-Oct-2012,149.5,150.7,157.45,146.15,156.1,154.7,154.25,737094,113696902.9,14542.0,403730.0,54.77
PRESTIGE,EQ,30-Oct-2012,157.3,158.0,158.05,144.1,150.0,149.5,149.59,928337,138870955.2,14075.0,235139.0,25.33
PRESTIGE,EQ,29-Oct-2012,155.85,156.5,161.8,150.2,157.0,157.3,157.48,278468,43853213.05,9844.0,99366.0,35.68
PRESTIGE,EQ,26-Oct-2012,150.75,150.0,167.5,150.0,155.6,155.85,158.78,1958811,311027412.35,17963.0,1147841.0,58.6
PRESTIGE,EQ,25-Oct-2012,154.3,155.9,155.9,147.5,151.8,150.75,151.64,205724,31195443.1,4991.0,100174.0,48.69
PRESTIGE,EQ,23-Oct-2012,148.5,147.95,156.8,147.95,153.25,154.3,153.33,250570,38419333.7,5689.0,113492.0,45.29
PRESTIGE,EQ,22-Oct-2012,148.3,147.95,153.75,146.05,146.65,148.5,148.76,230317,34261400.5,3677.0,178259.0,77.4
PRESTIGE,EQ,19-Oct-2012,149.0,147.95,148.95,146.6,147.0,148.3,148.37,114576,16999735.35,2105.0,88305.0,77.07
PRESTIGE,EQ,18-Oct-2012,148.5,148.6,151.35,147.3,147.3,149.0,149.25,283862,42366166.2,13855.0,152683.0,53.79
PRESTIGE,EQ,17-Oct-2012,145.95,147.3,149.5,145.5,148.5,148.5,147.42,207839,30639657.1,5160.0,151953.0,73.11
PRESTIGE,EQ,16-Oct-2012,145.45,147.2,149.8,145.0,146.45,145.95,147.73,119420,17642507.7,4964.0,63270.0,52.98
PRESTIGE,EQ,15-Oct-2012,146.8,146.7,148.25,143.05,146.55,145.45,145.32,351733,51113620.85,3137.0,269837.0,76.72
PRESTIGE,EQ,12-Oct-2012,141.2,140.95,151.5,138.3,144.75,146.8,147.22,630695,92849095.2,11562.0,409899.0,64.99
PRESTIGE,EQ,11-Oct-2012,137.45,138.4,143.4,138.4,141.0,141.2,140.32,108348,15203789.25,2946.0,46226.0,42.66
PRESTIGE,EQ,10-Oct-2012,144.55,144.6,144.6,136.0,137.85,137.45,140.38,56360,7912081.0,1563.0,25285.0,44.86
PRESTIGE,EQ,09-Oct-2012,144.2,148.0,149.6,142.4,144.05,144.55,145.6,818619,119194769.45,9287.0,624230.0,76.25
PRESTIGE,EQ,08-Oct-2012,142.1,142.5,147.0,140.05,144.9,144.2,144.27,204014,29434075.85,3416.0,132917.0,65.15
PRESTIGE,EQ,05-Oct-2012,144.1,146.7,146.8,137.0,142.1,142.1,140.62,843055,118553056.9,15125.0,557733.0,66.16
PRESTIGE,EQ,04-Oct-2012,132.7,133.75,149.0,130.0,144.4,144.1,140.39,1269415,178215070.45,23273.0,748191.0,58.94
PRESTIGE,EQ,03-Oct-2012,136.65,138.7,138.7,131.1,131.85,132.7,133.98,192147,25743588.7,11322.0,133904.0,69.69
PRESTIGE,EQ,01-Oct-2012,135.75,139.35,139.8,134.75,136.55,136.65,137.57,135503,18640605.2,17970.0,73746.0,54.42
PRESTIGE,EQ,28-Sep-2012,135.85,137.8,142.0,135.15,137.0,135.75,139.06,557148,77478076.15,12137.0,440135.0,79.0
PRESTIGE,EQ,27-Sep-2012,142.5,143.0,143.75,135.0,135.9,135.85,139.34,307815,42890617.15,5263.0,223134.0,72.49
PRESTIGE,EQ,26-Sep-2012,133.95,139.0,145.5,133.15,139.95,142.5,139.72,332113,46402184.35,5198.0,131077.0,39.47
PRESTIGE,EQ,25-Sep-2012,133.1,133.5,139.8,133.25,134.0,133.95,136.39,344386,46969583.65,8427.0,151920.0,44.11
PRESTIGE,EQ,24-Sep-2012,126.0,126.1,141.75,126.1,133.25,133.1,135.07,640459,86506019.5,11680.0,298213.0,46.56
PRESTIGE,EQ,21-Sep-2012,125.15,128.45,128.45,124.4,125.5,126.0,126.91,212744,26999997.65,13354.0,170282.0,80.04
PRESTIGE,EQ,20-Sep-2012,127.55,125.95,126.85,121.65,125.5,125.15,125.13,187316,23439698.1,2689.0,138097.0,73.72
PRESTIGE,EQ,18-Sep-2012,121.1,121.1,128.65,120.0,126.95,127.55,125.23,345773,43299710.45,8458.0,257522.0,74.48
PRESTIGE,EQ,17-Sep-2012,117.65,117.65,122.45,117.2,121.0,121.1,120.31,411397,49496498.2,3233.0,371423.0,90.28
PRESTIGE,EQ,14-Sep-2012,113.05,115.9,118.5,114.1,116.65,117.65,115.96,60372,7000533.35,4006.0,39093.0,64.75
PRESTIGE,EQ,13-Sep-2012,116.35,118.4,118.45,112.4,113.35,113.05,115.05,38381,4415751.7,2327.0,21522.0,56.07
PRESTIGE,EQ,12-Sep-2012,117.75,120.0,120.0,115.05,116.7,116.35,117.65,38910,4577605.05,1310.0,17000.0,43.69
PRESTIGE,EQ,11-Sep-2012,119.5,120.0,120.0,116.75,117.65,117.75,118.19,19649,2322322.6,659.0,9606.0,48.89
PRESTIGE,EQ,10-Sep-2012,116.8,118.25,121.0,116.3,119.55,119.5,119.42,1763496,210603380.95,2658.0,1710220.0,96.98
PRESTIGE,EQ,08-Sep-2012,118.1,118.95,119.0,116.35,116.95,116.8,117.51,5517,648293.4,163.0,2956.0,53.58
PRESTIGE,EQ,07-Sep-2012,119.95,123.05,123.2,116.75,118.0,118.1,117.92,524738,61875806.4,8584.0,463096.0,88.25
PRESTIGE,EQ,06-Sep-2012,112.7,115.0,121.0,113.0,119.5,119.95,119.41,1320973,157743434.6,9592.0,1135130.0,85.93
PRESTIGE,EQ,05-Sep-2012,109.2,107.85,121.3,107.0,112.15,112.7,115.79,487449,56442320.4,9466.0,194093.0,39.82
PRESTIGE,EQ,04-Sep-2012,105.9,107.2,109.6,107.2,109.5,109.2,108.5,41111,4460447.25,1825.0,17737.0,43.14
PRESTIGE,EQ,03-Sep-2012,103.95,105.1,108.0,104.05,105.5,105.9,106.0,203720,21594403.25,6149.0,163680.0,80.35
PRESTIGE,EQ,31-Aug-2012,105.5,105.5,110.4,100.0,103.6,103.95,103.99,114804,11938773.55,2038.0,92776.0,80.81
PRESTIGE,EQ,30-Aug-2012,107.4,107.7,107.9,103.35,105.8,105.5,105.09,29745,3125837.45,1216.0,8523.0,28.65
PRESTIGE,EQ,29-Aug-2012,110.1,111.95,111.95,106.35,106.65,107.4,109.38,32059,3506689.85,950.0,20545.0,64.08
PRESTIGE,EQ,28-Aug-2012,110.9,111.7,113.7,109.5,109.95,110.1,110.83,17591,1949691.6,622.0,8760.0,49.8
PRESTIGE,EQ,27-Aug-2012,113.05,114.0,116.85,108.2,111.55,110.9,112.94,98427,11116693.7,2011.0,47783.0,48.55
PRESTIGE,EQ,24-Aug-2012,116.7,116.35,116.35,112.1,112.25,113.05,113.74,15136,1721548.5,856.0,8913.0,58.89
PRESTIGE,EQ,23-Aug-2012,119.0,119.35,119.85,116.3,117.0,116.7,118.12,20316,2399770.45,487.0,9742.0,47.95
PRESTIGE,EQ,22-Aug-2012,118.65,118.5,120.9,116.6,118.0,119.0,119.29,178581,21303495.65,3129.0,161820.0,90.61
PRESTIGE,EQ,21-Aug-2012,118.5,120.0,120.0,116.4,118.3,118.65,117.98,34709,4095105.95,880.0,25193.0,72.58
PRESTIGE,EQ,17-Aug-2012,116.6,116.0,119.2,116.0,117.3,118.5,117.63,33817,3978045.3,1127.0,19204.0,56.79
PRESTIGE,EQ,16-Aug-2012,111.6,109.25,117.5,109.25,115.75,116.6,115.86,50640,5867394.2,1745.0,31177.0,61.57
PRESTIGE,EQ,14-Aug-2012,113.3,112.35,113.0,108.6,111.55,111.6,111.86,16341,1827979.05,521.0,9382.0,57.41
PRESTIGE,EQ,13-Aug-2012,114.55,118.5,118.5,112.0,113.0,113.3,113.2,19607,2219529.15,833.0,8679.0,44.26
PRESTIGE,EQ,10-Aug-2012,116.95,116.1,116.7,114.05,114.75,114.55,114.94,19284,2216484.5,452.0,14094.0,73.09
PRESTIGE,EQ,09-Aug-2012,117.8,119.5,122.0,114.0,116.6,116.95,116.88,35703,4172993.9,1499.0,16281.0,45.6
PRESTIGE,EQ,08-Aug-2012,113.1,116.35,119.0,112.7,116.6,117.8,116.33,78221,9099159.3,1533.0,56326.0,72.01
PRESTIGE,EQ,07-Aug-2012,112.6,112.0,113.95,111.0,113.0,113.1,112.71,17795,2005729.55,700.0,8003.0,44.97
PRESTIGE,EQ,06-Aug-2012,114.0,114.95,115.95,112.0,112.05,112.6,113.67,21063,2394226.1,1029.0,12883.0,61.16
PRESTIGE,EQ,03-Aug-2012,113.0,113.95,114.85,113.05,113.9,114.0,114.03,10516,1199119.7,293.0,6868.0,65.31
PRESTIGE,EQ,02-Aug-2012,114.95,114.25,117.0,112.5,113.35,113.0,113.65,48559,5518540.2,1262.0,33538.0,69.07
PRESTIGE,EQ,01-Aug-2012,112.55,110.7,118.0,110.7,115.05,114.95,114.83,133548,15335515.1,8347.0,107107.0,80.2
PRESTIGE,EQ,31-Jul-2012,111.0,114.7,114.75,111.7,112.05,112.55,113.57,105351,11964759.65,3027.0,76295.0,72.42
PRESTIGE,EQ,30-Jul-2012,113.2,114.85,114.9,110.0,112.25,111.0,111.3,34660,3857640.95,2022.0,19660.0,56.72
PRESTIGE,EQ,27-Jul-2012,109.4,110.0,114.45,110.0,113.65,113.2,113.2,40884,4628015.5,1507.0,28568.0,69.88
PRESTIGE,EQ,26-Jul-2012,110.65,109.45,113.8,108.1,108.6,109.4,112.13,60002,6728027.5,3314.0,45874.0,76.45
PRESTIGE,EQ,25-Jul-2012,109.85,105.1,111.3,105.1,110.3,110.65,109.05,42981,4687133.15,2378.0,19628.0,45.67
PRESTIGE,EQ,24-Jul-2012,104.45,103.8,110.45,103.8,108.0,109.85,109.17,62972,6874624.5,3495.0,39017.0,61.96
PRESTIGE,EQ,23-Jul-2012,108.55,108.05,110.0,101.15,106.3,104.45,105.48,86884,9164348.75,1865.0,65957.0,75.91
PRESTIGE,EQ,20-Jul-2012,110.05,110.05,112.0,108.0,108.35,108.55,109.57,23064,2527188.15,568.0,16578.0,71.88
PRESTIGE,EQ,19-Jul-2012,113.0,113.0,113.5,105.25,110.6,110.05,110.26,86127,9496580.35,1530.0,70237.0,81.55
PRESTIGE,EQ,18-Jul-2012,114.95,114.0,114.95,112.4,112.4,113.0,113.33,16843,1908755.45,1069.0,10210.0,60.62
PRESTIGE,EQ,17-Jul-2012,112.7,112.7,116.95,111.55,114.45,114.95,114.83,128214,14722334.0,3030.0,96415.0,75.2
PRESTIGE,EQ,16-Jul-2012,114.85,115.05,115.05,111.5,113.25,112.7,112.79,61604,6948621.4,1852.0,46806.0,75.98
PRESTIGE,EQ,13-Jul-2012,118.9,118.6,120.5,111.65,114.5,114.85,118.99,247823,29489325.2,1522.0,223225.0,90.07
PRESTIGE,EQ,12-Jul-2012,119.25,119.25,120.0,117.5,118.5,118.9,118.86,20344,2418039.35,862.0,8089.0,39.76
PRESTIGE,EQ,11-Jul-2012,122.9,122.05,124.0,118.45,119.0,119.25,120.31,31223,3756564.4,1811.0,16306.0,52.22
PRESTIGE,EQ,10-Jul-2012,120.2,122.75,124.75,120.4,123.0,122.9,122.89,150613,18509180.8,7104.0,76328.0,50.68
PRESTIGE,EQ,09-Jul-2012,121.6,122.7,126.5,119.5,122.0,120.2,121.05,99896,12092544.95,4764.0,71024.0,71.1
PRESTIGE,EQ,06-Jul-2012,119.85,121.0,124.8,119.15,119.35,121.6,122.2,160762,19644424.2,3427.0,128564.0,79.97
PRESTIGE,EQ,05-Jul-2012,117.95,119.95,122.7,117.15,120.0,119.85,120.45,87675,10560649.9,3881.0,43159.0,49.23
PRESTIGE,EQ,04-Jul-2012,115.8,117.8,118.3,115.05,118.3,117.95,116.57,120886,14092152.5,2096.0,104493.0,86.44
PRESTIGE,EQ,03-Jul-2012,117.7,119.9,119.9,114.45,116.0,115.8,115.86,48687,5641038.25,1266.0,31028.0,63.73
PRESTIGE,EQ,02-Jul-2012,116.75,117.8,123.0,115.6,117.9,117.7,118.55,186176,22070384.6,2652.0,136674.0,73.41
PRESTIGE,EQ,29-Jun-2012,114.85,115.0,117.9,112.7,114.4,116.75,115.63,241656,27942218.3,1544.0,219531.0,90.84
PRESTIGE,EQ,28-Jun-2012,116.1,117.0,120.0,113.05,114.0,114.85,115.27,25602,2951156.65,1357.0,12234.0,47.79
PRESTIGE,EQ,27-Jun-2012,115.45,115.4,117.9,115.1,116.2,116.1,116.11,5199,603643.15,319.0,2508.0,48.24
PRESTIGE,EQ,26-Jun-2012,114.25,114.25,116.0,114.2,116.0,115.45,115.5,22015,2542750.95,382.0,18513.0,84.09
PRESTIGE,EQ,25-Jun-2012,116.65,116.2,117.5,113.15,113.8,114.25,115.64,14369,1661627.5,432.0,8222.0,57.22
PRESTIGE,EQ,22-Jun-2012,115.7,115.4,117.95,114.1,116.65,116.65,116.15,57308,6656404.8,1187.0,45275.0,79.0
PRESTIGE,EQ,21-Jun-2012,116.7,116.0,118.55,114.8,115.7,115.7,116.05,93803,10886001.8,1833.0,87501.0,93.28
PRESTIGE,EQ,20-Jun-2012,115.05,115.55,117.1,114.0,117.1,116.7,116.03,21420,2485256.1,727.0,12604.0,58.84
PRESTIGE,EQ,19-Jun-2012,116.45,115.5,117.4,114.2,115.35,115.05,115.11,30412,3500790.4,1601.0,26462.0,87.01
PRESTIGE,EQ,18-Jun-2012,118.35,118.5,119.45,115.2,117.0,116.45,117.24,26062,3055512.75,817.0,16110.0,61.81
PRESTIGE,EQ,15-Jun-2012,119.1,117.2,120.2,117.2,119.0,118.35,118.93,16762,1993476.9,351.0,10928.0,65.2
PRESTIGE,EQ,14-Jun-2012,118.15,117.5,121.0,117.1,118.5,119.1,119.35,22161,2644912.4,820.0,7956.0,35.9
PRESTIGE,EQ,13-Jun-2012,119.9,120.45,121.95,117.2,118.3,118.15,119.07,19827,2360798.15,822.0,12565.0,63.37
PRESTIGE,EQ,12-Jun-2012,116.35,116.0,124.8,114.4,118.7,119.9,120.52,259275,31246749.4,4086.0,160405.0,61.87
PRESTIGE,EQ,11-Jun-2012,120.65,122.0,124.15,115.75,115.9,116.35,120.93,26450,3198548.9,882.0,12281.0,46.43
PRESTIGE,EQ,08-Jun-2012,117.15,118.0,123.8,116.6,121.0,120.65,118.87,665586,79115137.95,4381.0,586524.0,88.12
PRESTIGE,EQ,07-Jun-2012,115.45,114.7,118.45,114.7,116.5,117.15,116.69,12585,1468585.05,403.0,6833.0,54.29
PRESTIGE,EQ,06-Jun-2012,109.95,110.0,116.45,110.0,116.0,115.45,114.0,8514,970623.6,313.0,5328.0,62.58
PRESTIGE,EQ,05-Jun-2012,111.8,113.0,113.9,109.2,110.0,109.95,111.54,18697,2085510.05,260.0,14419.0,77.12
PRESTIGE,EQ,04-Jun-2012,115.1,114.95,115.5,110.4,112.9,111.8,114.18,40625,4638701.3,522.0,28740.0,70.74
PRESTIGE,EQ,01-Jun-2012,115.2,114.0,118.35,114.0,115.0,115.1,115.64,299552,34639297.7,978.0,286598.0,95.68
PRESTIGE,EQ,31-May-2012,113.55,116.4,116.4,110.05,116.0,115.2,114.48,56194,6432808.95,1534.0,39586.0,70.45
PRESTIGE,EQ,30-May-2012,110.3,112.9,114.7,110.5,113.0,113.55,113.34,135556,15363443.05,2456.0,58439.0,43.11
PRESTIGE,EQ,29-May-2012,103.3,105.35,119.8,104.75,110.0,110.3,109.69,420416,46113688.45,5545.0,209779.0,49.9
PRESTIGE,EQ,28-May-2012,104.5,105.95,105.95,103.0,103.05,103.3,104.27,11532,1202417.65,292.0,6998.0,60.68
PRESTIGE,EQ,25-May-2012,104.25,105.0,105.7,103.2,104.1,104.5,104.48,920759,96201277.15,886.0,912371.0,99.09
PRESTIGE,EQ,24-May-2012,103.9,103.7,106.45,103.5,104.1,104.25,104.89,82398,8643133.3,1624.0,72705.0,88.24
PRESTIGE,EQ,23-May-2012,106.6,104.2,106.8,103.1,104.0,103.9,104.92,22416,2351966.4,515.0,19579.0,87.34
PRESTIGE,EQ,22-May-2012,105.1,104.9,107.0,104.9,106.45,106.6,106.03,23444,2485721.85,471.0,19635.0,83.75
PRESTIGE,EQ,21-May-2012,103.0,101.2,107.5,101.2,105.05,105.1,103.9,24490,2544420.1,750.0,14448.0,59.0
PRESTIGE,EQ,18-May-2012,103.6,102.0,103.9,101.95,103.0,103.0,102.84,26241,2698493.7,785.0,16545.0,63.05
PRESTIGE,EQ,17-May-2012,105.0,106.55,106.55,101.35,105.0,103.6,103.49,78332,8106465.4,1401.0,53674.0,68.52
PRESTIGE,EQ,16-May-2012,108.1,106.5,106.5,101.2,106.3,105.0,103.86,26356,2737372.8,1240.0,12582.0,47.74
PRESTIGE,EQ,15-May-2012,108.95,109.0,109.25,106.75,107.2,108.1,108.78,289371,31477280.85,3248.0,255047.0,88.14
PRESTIGE,EQ,14-May-2012,107.95,108.45,110.0,107.35,108.2,108.95,108.52,15721,1705977.4,579.0,6709.0,42.68
PRESTIGE,EQ,11-May-2012,110.0,110.0,110.0,106.1,106.5,107.95,108.04,26073,2816961.95,1051.0,16815.0,64.49
PRESTIGE,EQ,10-May-2012,108.85,109.45,110.95,108.05,110.0,110.0,109.39,50558,5530589.25,2965.0,38809.0,76.76
PRESTIGE,EQ,09-May-2012,108.4,107.8,111.0,105.55,109.0,108.85,108.47,91493,9924130.5,2769.0,53406.0,58.37
PRESTIGE,EQ,08-May-2012,105.85,106.0,110.4,105.05,108.7,108.4,108.13,788531,85264500.5,5132.0,684155.0,86.76
PRESTIGE,EQ,07-May-2012,106.0,106.0,107.05,103.5,105.0,105.85,104.91,405774,42569562.9,5492.0,345005.0,85.02
PRESTIGE,EQ,04-May-2012,110.0,112.8,112.8,105.15,106.5,106.0,107.35,87725,9417647.95,2643.0,75549.0,86.12
PRESTIGE,EQ,03-May-2012,110.0,109.5,111.3,109.5,110.0,110.0,110.01,63239,6956772.55,1476.0,59500.0,94.09
PRESTIGE,EQ,02-May-2012,110.0,109.9,111.8,108.15,110.35,110.0,109.96,170705,18770418.85,1461.0,157929.0,92.52
PRESTIGE,EQ,30-Apr-2012,110.25,112.7,113.5,108.35,110.0,110.0,110.17,310760,34235395.55,4629.0,287156.0,92.4
PRESTIGE,EQ,28-Apr-2012,109.7,109.05,110.95,109.05,110.0,110.25,110.17,1954,215273.5,68.0,766.0,39.2
PRESTIGE,EQ,27-Apr-2012,109.15,109.3,111.8,108.1,110.0,109.7,109.42,71680,7843206.7,1494.0,57487.0,80.2
PRESTIGE,EQ,26-Apr-2012,108.65,108.5,109.95,107.0,109.5,109.15,108.46,38112,4133493.75,1848.0,19936.0,52.31
PRESTIGE,EQ,25-Apr-2012,112.9,112.05,114.4,107.0,110.0,108.65,108.62,1064536,115625761.05,7619.0,974772.0,91.57
PRESTIGE,EQ,24-Apr-2012,116.0,118.35,118.35,110.5,112.75,112.9,113.0,1191806,134677101.1,10006.0,1135636.0,95.29
PRESTIGE,EQ,23-Apr-2012,122.0,126.0,126.0,113.25,116.0,116.0,118.41,107984,12786313.05,4882.0,54453.0,50.43
PRESTIGE,EQ,20-Apr-2012,123.3,123.3,124.4,118.4,121.9,122.0,121.08,119809,14506477.7,5845.0,26729.0,22.31
PRESTIGE,EQ,19-Apr-2012,123.65,127.45,129.0,122.2,123.65,123.3,125.57,118156,14837191.45,3320.0,39240.0,33.21
PRESTIGE,EQ,18-Apr-2012,118.25,120.5,130.25,118.0,123.5,123.65,124.18,863403,107221067.15,4375.0,768929.0,89.06
PRESTIGE,EQ,17-Apr-2012,118.6,119.0,119.5,115.15,118.8,118.25,117.87,52080,6138871.9,1646.0,31106.0,59.73
PRESTIGE,EQ,16-Apr-2012,120.05,123.75,124.8,117.5,118.05,118.6,121.36,594292,72120907.65,4171.0,540103.0,90.88
PRESTIGE,EQ,13-Apr-2012,117.5,117.05,127.4,115.15,119.9,120.05,121.23,187508,22732422.4,5807.0,105660.0,56.35
PRESTIGE,EQ,12-Apr-2012,113.05,114.85,118.0,112.7,117.9,117.5,116.5,113871,13265590.45,3127.0,61691.0,54.18
PRESTIGE,EQ,11-Apr-2012,109.5,111.4,113.8,107.15,111.55,113.05,111.74,117598,13140782.65,2549.0,78642.0,66.87
PRESTIGE,EQ,10-Apr-2012,109.25,110.65,112.4,108.25,109.5,109.5,110.47,32300,3568074.75,1087.0,10945.0,33.89
PRESTIGE,EQ,09-Apr-2012,106.15,109.3,115.0,107.0,109.2,109.25,110.88,253646,28124541.8,5548.0,93701.0,36.94
PRESTIGE,EQ,04-Apr-2012,104.65,104.0,107.5,103.2,107.5,106.15,105.93,229675,24328379.35,3274.0,186841.0,81.35
PRESTIGE,EQ,03-Apr-2012,101.1,103.0,107.3,100.25,103.35,104.65,103.78,262315,27224357.75,3310.0,205976.0,78.52
PRESTIGE,EQ,02-Apr-2012,100.2,102.5,102.5,99.1,101.0,101.1,100.52,748639,75254409.1,9903.0,674132.0,90.05
PRESTIGE,EQ,30-Mar-2012,100.1,100.4,102.0,99.0,99.35,100.2,100.47,148398,14909708.65,4587.0,116787.0,78.7
PRESTIGE,EQ,29-Mar-2012,100.1,99.05,103.0,98.1,100.0,100.1,99.56,53395,5315911.55,3759.0,29816.0,55.84
PRESTIGE,EQ,28-Mar-2012,101.95,101.0,101.2,98.5,100.0,100.1,99.84,48384,4830763.2,3686.0,31035.0,64.14
PRESTIGE,EQ,27-Mar-2012,99.7,100.05,103.05,99.0,102.05,101.95,100.98,45290,4573512.3,1397.0,30347.0,67.01
PRESTIGE,EQ,26-Mar-2012,105.0,106.3,106.3,99.0,99.2,99.7,102.0,70216,7162126.35,4627.0,46697.0,66.5
PRESTIGE,EQ,23-Mar-2012,103.95,106.4,107.45,102.1,104.3,105.0,104.06,25756,2680207.25,1536.0,14970.0,58.12
PRESTIGE,EQ,22-Mar-2012,105.55,106.4,106.4,102.2,103.0,103.95,104.67,99549,10419685.9,2030.0,78538.0,78.89
PRESTIGE,EQ,21-Mar-2012,105.0,106.0,109.85,103.0,105.05,105.55,105.22,311446,32770568.15,4111.0,249098.0,79.98
PRESTIGE,EQ,20-Mar-2012,104.3,104.4,107.0,101.6,104.95,105.0,104.76,145173,15208241.2,3011.0,122280.0,84.23
PRESTIGE,EQ,19-Mar-2012,106.95,105.05,106.8,100.55,103.15,104.3,102.97,48926,5037670.0,1799.0,28520.0,58.29
PRESTIGE,EQ,16-Mar-2012,107.0,108.0,108.0,106.0,107.1,106.95,106.98,79762,8532802.6,1725.0,66980.0,83.97
PRESTIGE,EQ,15-Mar-2012,107.25,106.0,108.95,105.35,107.0,107.0,106.92,155865,16665193.6,6891.0,123636.0,79.32
PRESTIGE,EQ,14-Mar-2012,104.65,107.7,108.5,103.1,107.3,107.25,106.24,96604,10263500.9,3949.0,68487.0,70.89
PRESTIGE,EQ,13-Mar-2012,106.05,107.9,107.9,104.05,104.5,104.65,105.31,96095,10120090.5,2840.0,72376.0,75.32
PRESTIGE,EQ,12-Mar-2012,101.75,104.0,107.45,100.2,105.3,106.05,104.95,229001,24034705.9,6337.0,138639.0,60.54
PRESTIGE,EQ,09-Mar-2012,96.35,97.2,103.4,95.05,101.85,101.75,101.54,192571,19552965.6,6989.0,121020.0,62.84
PRESTIGE,EQ,07-Mar-2012,97.85,98.85,99.45,94.35,96.1,96.35,97.96,1449040,141943608.85,3799.0,1422806.0,98.19
PRESTIGE,EQ,06-Mar-2012,99.8,100.95,101.0,96.15,97.5,97.85,99.08,37818,3747054.9,2399.0,22949.0,60.68
PRESTIGE,EQ,05-Mar-2012,98.7,99.75,101.95,98.8,101.0,99.8,100.27,114737,11504685.15,6401.0,76940.0,67.06
PRESTIGE,EQ,03-Mar-2012,99.2,100.65,100.65,97.4,99.55,98.7,98.74,5309,524198.5,175.0,2285.0,43.04
PRESTIGE,EQ,02-Mar-2012,101.05,100.0,100.75,98.5,99.0,99.2,99.61,44367,4419311.2,1158.0,28263.0,63.7
PRESTIGE,EQ,01-Mar-2012,104.7,104.95,105.0,99.45,100.65,101.05,101.41,79982,8110672.3,4565.0,46807.0,58.52
PRESTIGE,EQ,29-Feb-2012,101.8,106.5,106.7,100.0,105.0,104.7,103.85,177998,18484806.0,6449.0,122712.0,68.94
PRESTIGE,EQ,28-Feb-2012,97.2,98.0,104.7,98.0,104.7,101.8,101.19,77099,7802033.3,1738.0,53076.0,68.84
PRESTIGE,EQ,27-Feb-2012,98.85,102.0,102.0,96.0,96.6,97.2,98.71,73258,7231453.65,1406.0,50255.0,68.6
PRESTIGE,EQ,24-Feb-2012,100.05,102.1,103.8,97.2,98.4,98.85,100.0,254174,25418063.65,5726.0,191646.0,75.4
PRESTIGE,EQ,23-Feb-2012,106.3,105.8,106.5,97.55,100.2,100.05,100.0,405189,40517158.4,7330.0,275836.0,68.08
PRESTIGE,EQ,22-Feb-2012,111.05,114.0,114.0,102.1,107.0,106.3,107.75,195466,21060789.3,4588.0,109663.0,56.1
PRESTIGE,EQ,21-Feb-2012,113.5,113.5,114.75,108.1,113.3,111.05,110.09,246159,27099116.8,3550.0,173128.0,70.33
PRESTIGE,EQ,17-Feb-2012,119.15,120.0,122.0,110.6,113.85,113.5,116.76,203097,23714187.7,4759.0,98234.0,48.37
PRESTIGE,EQ,16-Feb-2012,114.45,115.0,121.0,113.0,118.95,119.15,117.56,392930,46191351.3,4242.0,269460.0,68.58
PRESTIGE,EQ,15-Feb-2012,113.25,114.95,115.9,108.45,114.0,114.45,112.79,222220,25064459.3,4929.0,122429.0,55.09
PRESTIGE,EQ,14-Feb-2012,107.65,108.0,116.2,106.8,113.0,113.25,112.65,168623,18994751.85,3530.0,59152.0,35.08
PRESTIGE,EQ,13-Feb-2012,112.6,113.65,114.65,105.6,108.2,107.65,110.16,96997,10685290.0,3515.0,42575.0,43.89
PRESTIGE,EQ,10-Feb-2012,107.05,107.95,117.7,105.05,112.7,112.6,114.36,1446684,165435610.75,15747.0,782398.0,54.08
PRESTIGE,EQ,09-Feb-2012,105.5,106.75,108.35,104.6,106.65,107.05,106.89,324721,34708024.95,7712.0,188187.0,57.95
PRESTIGE,EQ,08-Feb-2012,100.45,99.8,107.0,99.5,106.05,105.5,103.2,338487,34931148.9,7902.0,174072.0,51.43
PRESTIGE,EQ,07-Feb-2012,97.7,98.0,102.8,95.2,100.0,100.45,98.83,272664,26946122.0,9578.0,132506.0,48.6
PRESTIGE,EQ,06-Feb-2012,96.85,98.0,99.5,93.2,98.0,97.7,97.37,516667,50309756.2,10086.0,292338.0,56.58
PRESTIGE,EQ,03-Feb-2012,85.65,87.5,98.6,86.0,96.0,96.85,94.61,1320747,124954812.65,25425.0,455729.0,34.51
PRESTIGE,EQ,02-Feb-2012,76.65,76.8,87.6,75.0,87.6,85.65,81.72,937447,76605256.55,12483.0,416288.0,44.41
PRESTIGE,EQ,01-Feb-2012,75.55,76.95,79.0,75.6,76.25,76.65,77.01,788342,60712142.3,11499.0,742236.0,94.15
PRESTIGE,EQ,31-Jan-2012,77.1,78.8,78.8,75.15,75.8,75.55,76.55,70913,5428135.6,2753.0,55045.0,77.62
PRESTIGE,EQ,30-Jan-2012,80.35,80.35,80.45,76.35,76.7,77.1,77.42,498459,38589550.65,15876.0,454879.0,91.26
PRESTIGE,EQ,27-Jan-2012,79.75,79.75,82.0,79.5,79.75,80.35,80.41,657635,52882178.95,10721.0,600451.0,91.3
PRESTIGE,EQ,25-Jan-2012,79.05,80.9,81.95,79.2,79.35,79.75,80.72,84426,6814727.6,2551.0,55880.0,66.19
PRESTIGE,EQ,24-Jan-2012,77.5,79.3,81.0,76.35,78.9,79.05,79.47,110131,8752035.65,2631.0,76088.0,69.09
PRESTIGE,EQ,23-Jan-2012,76.2,76.0,79.0,75.95,77.0,77.5,77.65,41939,3256390.25,818.0,25122.0,59.9
PRESTIGE,EQ,20-Jan-2012,74.5,76.0,77.0,73.1,76.2,76.2,76.07,57237,4354300.6,991.0,33777.0,59.01
PRESTIGE,EQ,19-Jan-2012,73.5,73.5,76.95,73.5,75.0,74.5,74.16,342667,25410972.2,4165.0,290498.0,84.78
PRESTIGE,EQ,18-Jan-2012,77.4,78.65,78.65,71.4,73.7,73.5,74.41,137063,10198369.5,3149.0,70571.0,51.49
PRESTIGE,EQ,17-Jan-2012,73.0,73.85,79.9,73.15,77.95,77.4,77.44,1669520,129290295.05,5607.0,1563594.0,93.66
PRESTIGE,EQ,16-Jan-2012,72.45,73.0,73.9,72.05,73.0,73.0,72.98,46649,3404628.85,976.0,40556.0,86.94
PRESTIGE,EQ,13-Jan-2012,72.65,72.65,74.4,71.85,72.5,72.45,72.68,61883,4497856.6,2754.0,39507.0,63.84
PRESTIGE,EQ,12-Jan-2012,75.65,76.9,78.25,72.1,72.85,72.65,75.75,70974,5376262.45,1634.0,34221.0,48.22
PRESTIGE,EQ,11-Jan-2012,73.5,75.0,78.9,73.65,75.85,75.65,75.94,192178,14594262.8,3026.0,117998.0,61.4
PRESTIGE,EQ,10-Jan-2012,72.1,74.4,76.15,72.3,73.95,73.5,73.6,69876,5142969.5,1648.0,48973.0,70.09
PRESTIGE,EQ,09-Jan-2012,73.15,72.15,73.0,71.4,72.0,72.1,72.07,40765,2938081.75,2228.0,36187.0,88.77
PRESTIGE,EQ,07-Jan-2012,72.05,74.1,74.1,72.65,73.0,73.15,72.96,702,51219.45,23.0,497.0,70.8
PRESTIGE,EQ,06-Jan-2012,75.4,75.0,75.0,71.25,73.0,72.05,72.51,24999,1812571.65,1052.0,17335.0,69.34
PRESTIGE,EQ,05-Jan-2012,73.0,74.8,76.5,70.65,75.5,75.4,74.63,33997,2537156.55,635.0,21653.0,63.69
PRESTIGE,EQ,04-Jan-2012,73.45,72.6,75.5,72.6,72.6,73.0,74.16,77729,5764566.3,476.0,72673.0,93.5
PRESTIGE,EQ,03-Jan-2012,72.25,71.0,74.25,70.5,74.0,73.45,73.07,16051,1172777.0,395.0,11266.0,70.19
PRESTIGE,EQ,02-Jan-2012,71.3,73.0,73.9,69.3,72.7,72.25,71.45,16405,1172127.85,2129.0,6946.0,42.34
PRESTIGE,EQ,30-Dec-2013,166.5,169.0,169.7,166.0,166.0,166.8,166.97,55945,9341168.05,1483.0,45697.0,81.68
PRESTIGE,EQ,27-Dec-2013,165.2,165.85,168.0,165.5,166.95,166.5,166.3,64731,10764667.8,3149.0,48684.0,75.21
PRESTIGE,EQ,26-Dec-2013,162.0,162.9,166.5,162.65,165.55,165.2,165.33,49968,8261060.95,1823.0,29267.0,58.57
PRESTIGE,EQ,24-Dec-2013,162.25,160.7,163.5,160.7,161.1,162.0,162.24,21866,3547459.7,921.0,12849.0,58.76
PRESTIGE,EQ,23-Dec-2013,158.55,159.0,163.0,158.9,162.7,162.25,161.72,44486,7194186.85,1374.0,21678.0,48.73
PRESTIGE,EQ,20-Dec-2013,159.3,158.5,160.0,155.1,159.15,158.55,158.46,96446,15282775.4,2064.0,76613.0,79.44
PRESTIGE,EQ,19-Dec-2013,154.95,156.3,160.6,149.2,158.5,159.3,157.14,95708,15039413.5,1721.0,61738.0,64.51
PRESTIGE,EQ,18-Dec-2013,154.1,152.65,157.9,152.65,155.9,154.95,155.49,424409,65989811.2,4247.0,386841.0,91.15
PRESTIGE,EQ,17-Dec-2013,152.15,153.75,158.5,152.3,153.05,154.1,153.02,520138,79590099.75,2676.0,486304.0,93.5
PRESTIGE,EQ,16-Dec-2013,154.1,153.0,156.6,151.2,152.0,152.15,152.86,145160,22189163.75,3179.0,129839.0,89.45
PRESTIGE,EQ,13-Dec-2013,154.35,153.45,156.3,151.05,154.0,154.1,153.74,117858,18119563.6,3277.0,88818.0,75.36
PRESTIGE,EQ,12-Dec-2013,160.0,160.55,163.0,153.1,154.0,154.35,159.93,331680,53044648.35,2867.0,273100.0,82.34
PRESTIGE,EQ,11-Dec-2013,157.0,156.0,161.75,152.2,160.55,160.0,156.53,407899,63848734.3,3601.0,347078.0,85.09
PRESTIGE,EQ,10-Dec-2013,157.5,156.35,157.55,155.0,156.25,157.0,156.79,134181,21037703.5,1978.0,120917.0,90.11
PRESTIGE,EQ,09-Dec-2013,152.3,154.5,158.0,153.6,158.0,157.5,157.06,582561,91495747.75,4411.0,513415.0,88.13
PRESTIGE,EQ,06-Dec-2013,150.15,150.7,156.8,150.65,152.3,152.3,154.49,168006,25955019.1,7089.0,85527.0,50.91
PRESTIGE,EQ,05-Dec-2013,148.9,148.9,155.7,148.4,149.6,150.15,152.94,279260,42708654.95,14266.0,139145.0,49.83
PRESTIGE,EQ,04-Dec-2013,151.85,152.95,152.95,148.0,148.3,148.9,150.55,355437,53511111.4,2286.0,334927.0,94.23
PRESTIGE,EQ,03-Dec-2013,149.1,149.0,152.5,148.0,152.5,151.85,150.28,511658,76889667.6,3962.0,473911.0,92.62
PRESTIGE,EQ,02-Dec-2013,146.55,147.7,152.95,146.6,149.2,149.1,150.51,88400,13305333.65,3995.0,38978.0,44.09
PRESTIGE,EQ,29-Nov-2013,148.85,148.6,149.0,146.0,146.5,146.55,146.49,158445,23209895.65,5290.0,131383.0,82.92
PRESTIGE,EQ,28-Nov-2013,148.25,148.6,149.9,146.0,149.6,148.85,148.15,75711,11216684.0,1960.0,44732.0,59.08
PRESTIGE,EQ,27-Nov-2013,144.1,145.1,149.9,145.0,148.45,148.25,147.99,874354,129398435.45,4391.0,826045.0,94.47
PRESTIGE,EQ,26-Nov-2013,140.75,138.2,145.0,138.2,144.25,144.1,143.83,131795,18956469.2,5328.0,90941.0,69.0
PRESTIGE,EQ,25-Nov-2013,139.5,141.35,141.5,138.15,140.65,140.75,139.78,71331,9970420.3,1694.0,38989.0,54.66
PRESTIGE,EQ,22-Nov-2013,137.9,139.0,141.9,137.9,140.0,139.5,139.36,214992,29961153.95,4325.0,173073.0,80.5
PRESTIGE,EQ,21-Nov-2013,139.05,139.05,140.4,136.25,137.65,137.9,138.41,105260,14568532.8,3599.0,62975.0,59.83
PRESTIGE,EQ,20-Nov-2013,139.65,139.9,140.8,137.6,139.4,139.05,139.35,74088,10324127.35,2268.0,45182.0,60.98
PRESTIGE,EQ,19-Nov-2013,136.65,137.55,141.0,137.0,139.95,139.65,139.55,159223,22219903.55,3550.0,62605.0,39.32
PRESTIGE,EQ,18-Nov-2013,131.8,133.5,138.8,133.15,136.4,136.65,136.62,160654,21948279.2,3259.0,68532.0,42.66
PRESTIGE,EQ,14-Nov-2013,124.65,125.05,133.85,125.05,132.6,131.8,131.25,233963,30707334.95,4590.0,134190.0,57.36
PRESTIGE,EQ,13-Nov-2013,126.7,126.0,129.45,124.0,124.1,124.65,126.9,96395,12232834.35,2347.0,60522.0,62.79
PRESTIGE,EQ,12-Nov-2013,130.75,131.75,133.4,125.15,128.0,126.7,129.37,124496,16106568.45,2880.0,62345.0,50.08
PRESTIGE,EQ,11-Nov-2013,138.45,139.0,141.7,130.2,130.45,130.75,134.68,210529,28354924.6,8509.0,124017.0,58.91
PRESTIGE,EQ,08-Nov-2013,147.5,152.3,152.6,137.1,138.3,138.45,143.78,392179,56385576.1,8954.0,196102.0,50.0
PRESTIGE,EQ,07-Nov-2013,144.95,148.0,152.2,146.0,148.0,147.5,149.01,332022,49473431.45,7856.0,232846.0,70.13
PRESTIGE,EQ,06-Nov-2013,143.5,144.0,146.95,143.55,145.55,144.95,145.02,121735,17653459.75,3631.0,75186.0,61.76
PRESTIGE,EQ,05-Nov-2013,147.1,147.5,148.35,141.65,143.75,143.5,145.83,156252,22786304.45,7354.0,104811.0,67.08
PRESTIGE,EQ,03-Nov-2013,146.05,148.35,148.45,146.2,146.7,147.1,147.29,11270,1659948.05,274.0,6405.0,56.83
PRESTIGE,EQ,01-Nov-2013,143.05,144.05,151.15,143.5,146.95,146.05,148.2,115404,17102653.25,3192.0,61496.0,53.29
PRESTIGE,EQ,31-Oct-2013,148.9,149.0,150.0,142.15,143.5,143.05,144.86,116391,16860864.05,10275.0,67685.0,58.15
PRESTIGE,EQ,30-Oct-2013,145.75,146.85,153.0,146.85,149.05,148.9,150.74,219170,33037928.75,7860.0,104579.0,47.72
PRESTIGE,EQ,29-Oct-2013,142.95,142.85,147.5,141.05,146.4,145.75,145.53,205361,29886235.0,4422.0,165965.0,80.82
PRESTIGE,EQ,28-Oct-2013,145.0,146.0,148.0,140.8,141.5,142.95,147.67,1410330,208261285.85,4362.0,1364331.0,96.74
PRESTIGE,EQ,25-Oct-2013,141.8,142.7,148.2,140.5,144.2,145.0,145.05,180440,26172359.75,4877.0,77363.0,42.87
PRESTIGE,EQ,24-Oct-2013,143.75,144.6,144.6,141.0,141.1,141.8,142.46,145266,20694754.5,1188.0,117066.0,80.59
PRESTIGE,EQ,23-Oct-2013,140.75,141.0,144.75,141.0,143.0,143.75,142.38,289129,41166795.45,3628.0,237784.0,82.24
PRESTIGE,EQ,22-Oct-2013,139.6,140.85,142.8,139.05,140.6,140.75,140.8,204057,28730505.0,2679.0,84880.0,41.6
PRESTIGE,EQ,21-Oct-2013,140.55,141.75,144.95,137.55,139.5,139.6,142.36,251142,35753346.8,6261.0,172700.0,68.77
PRESTIGE,EQ,18-Oct-2013,131.95,131.05,145.5,131.05,140.5,140.55,141.57,544284,77051795.0,13600.0,200737.0,36.88
PRESTIGE,EQ,17-Oct-2013,131.9,132.3,135.8,128.05,132.0,131.95,133.07,123873,16483961.2,5796.0,83887.0,67.72
PRESTIGE,EQ,15-Oct-2013,136.85,137.75,138.3,131.0,131.9,131.9,133.57,104605,13972556.25,2146.0,70520.0,67.42
PRESTIGE,EQ,14-Oct-2013,139.8,140.8,142.5,135.75,137.0,136.85,139.33,98910,13780817.65,5157.0,56039.0,56.66
PRESTIGE,EQ,11-Oct-2013,135.55,137.55,145.15,135.05,139.05,139.8,139.91,475716,66556488.95,9413.0,183497.0,38.57
PRESTIGE,EQ,10-Oct-2013,137.95,138.0,139.5,134.7,135.45,135.55,137.41,879277,120819070.25,7520.0,764429.0,86.94
PRESTIGE,EQ,09-Oct-2013,135.45,135.9,144.4,132.0,137.65,137.95,140.17,421521,59085604.55,9070.0,181081.0,42.96
PRESTIGE,EQ,08-Oct-2013,129.0,130.5,137.0,129.65,135.0,135.45,134.37,143680,19305974.25,3449.0,72819.0,50.68
PRESTIGE,EQ,07-Oct-2013,125.05,126.0,130.5,126.0,128.65,129.0,128.98,84038,10839484.55,2450.0,26696.0,31.77
PRESTIGE,EQ,04-Oct-2013,117.25,117.0,127.9,117.0,125.3,125.05,123.18,529587,65233068.0,8305.0,339837.0,64.17
PRESTIGE,EQ,03-Oct-2013,113.5,114.0,123.5,114.0,118.0,117.25,118.66,224340,26619888.55,3338.0,170440.0,75.97
PRESTIGE,EQ,01-Oct-2013,117.45,116.8,117.85,112.5,113.5,113.5,114.13,208704,23819951.4,5602.0,165694.0,79.39
PRESTIGE,EQ,30-Sep-2013,122.2,122.0,122.0,116.05,116.25,117.45,117.48,164012,19268696.65,3213.0,123235.0,75.14
PRESTIGE,EQ,27-Sep-2013,123.7,124.5,124.5,121.0,121.25,122.2,122.72,152086,18664699.4,2774.0,133859.0,88.02
PRESTIGE,EQ,26-Sep-2013,125.75,126.0,126.7,123.3,123.6,123.7,124.48,25615,3188558.75,2309.0,15577.0,60.81
PRESTIGE,EQ,25-Sep-2013,127.55,128.0,129.9,123.5,125.85,125.75,125.57,77025,9672037.35,5765.0,43896.0,56.99
PRESTIGE,EQ,24-Sep-2013,130.15,127.6,132.7,125.55,127.5,127.55,128.54,51969,6679946.15,4285.0,33377.0,64.22
PRESTIGE,EQ,23-Sep-2013,137.2,136.0,136.95,128.0,128.55,130.15,132.28,52142,6897095.0,2675.0,36666.0,70.32
PRESTIGE,EQ,20-Sep-2013,135.0,135.0,140.05,129.6,136.2,137.2,135.36,172756,23383622.05,2823.0,130583.0,75.59
PRESTIGE,EQ,19-Sep-2013,129.65,131.7,138.45,131.7,135.0,135.0,135.65,203209,27565967.4,4661.0,153717.0,75.64
PRESTIGE,EQ,18-Sep-2013,125.15,126.0,130.7,123.2,130.2,129.65,128.48,122071,15683295.55,2093.0,89581.0,73.38
PRESTIGE,EQ,17-Sep-2013,133.2,131.1,131.8,123.4,124.9,125.15,125.23,498918,62480363.75,5112.0,452748.0,90.75
PRESTIGE,EQ,16-Sep-2013,130.35,132.75,136.65,130.55,132.85,133.2,134.07,86818,11640031.15,1812.0,54294.0,62.54
PRESTIGE,EQ,13-Sep-2013,126.2,125.0,133.3,122.15,131.4,130.35,127.02,154180,19584562.35,5274.0,66218.0,42.95
PRESTIGE,EQ,12-Sep-2013,122.55,123.7,127.0,122.05,126.55,126.2,125.98,163168,20555666.5,4824.0,116035.0,71.11
PRESTIGE,EQ,11-Sep-2013,119.0,119.7,123.9,118.45,123.5,122.55,120.42,452754,54521282.1,2349.0,432363.0,95.5
PRESTIGE,EQ,10-Sep-2013,116.9,117.4,119.95,116.05,119.4,119.0,118.8,500667,59476783.8,4900.0,473736.0,94.62
PRESTIGE,EQ,06-Sep-2013,117.75,117.0,117.3,115.1,116.0,116.9,116.41,287559,33473605.6,2365.0,267996.0,93.2
PRESTIGE,EQ,05-Sep-2013,114.4,116.25,119.1,114.7,116.1,117.75,116.98,249796,29220814.35,3146.0,209719.0,83.96
PRESTIGE,EQ,04-Sep-2013,115.5,115.05,120.0,113.3,114.5,114.4,114.06,972958,110971181.15,2724.0,946692.0,97.3
PRESTIGE,EQ,03-Sep-2013,114.7,115.8,123.4,114.5,116.25,115.5,115.77,704228,81530529.1,3850.0,651705.0,92.54
PRESTIGE,EQ,02-Sep-2013,115.2,115.1,117.55,113.4,115.0,114.7,115.65,560459,64814958.3,1981.0,535511.0,95.55
PRESTIGE,EQ,30-Aug-2013,113.5,113.0,116.5,112.2,114.8,115.2,115.38,991321,114375690.45,938.0,973773.0,98.23
PRESTIGE,EQ,29-Aug-2013,109.05,109.15,118.25,109.15,113.1,113.5,113.66,1555205,176758067.45,6971.0,1458554.0,93.79
PRESTIGE,EQ,28-Aug-2013,113.8,113.0,113.0,105.65,110.95,109.05,109.18,427049,46623463.1,6192.0,383472.0,89.8
PRESTIGE,EQ,27-Aug-2013,116.25,115.6,116.45,112.2,112.7,113.8,114.98,1018702,117127159.8,1470.0,1004088.0,98.57
PRESTIGE,EQ,26-Aug-2013,117.45,116.6,119.6,115.15,115.5,116.25,116.05,447515,51935754.55,1608.0,430363.0,96.17
PRESTIGE,EQ,23-Aug-2013,116.4,117.7,120.0,116.25,118.55,117.45,117.63,19120,2249071.9,1167.0,6437.0,33.67
PRESTIGE,EQ,22-Aug-2013,117.95,118.0,118.0,113.15,117.0,116.4,115.62,66409,7678212.25,2754.0,42284.0,63.67
PRESTIGE,EQ,21-Aug-2013,118.05,119.45,123.1,116.75,118.8,117.95,119.74,23633,2829904.55,837.0,9636.0,40.77
PRESTIGE,EQ,20-Aug-2013,118.9,117.6,119.5,116.0,119.5,118.05,117.7,25050,2948366.75,1362.0,9545.0,38.1
PRESTIGE,EQ,19-Aug-2013,121.95,122.0,122.1,116.25,119.0,118.9,119.06,455117,54188212.45,3782.0,322145.0,70.78
PRESTIGE,EQ,16-Aug-2013,126.15,124.0,125.75,116.05,121.7,121.95,121.26,164051,19892569.2,5566.0,111972.0,68.25
PRESTIGE,EQ,14-Aug-2013,125.9,125.0,133.9,123.05,125.6,126.15,128.36,120780,15503496.4,3564.0,41434.0,34.31
PRESTIGE,EQ,13-Aug-2013,127.45,127.9,128.6,125.15,126.0,125.9,126.53,39938,5053166.7,1612.0,20439.0,51.18
PRESTIGE,EQ,12-Aug-2013,124.9,124.0,133.9,124.0,126.9,127.45,129.0,88499,11416185.1,3837.0,57880.0,65.4
PRESTIGE,EQ,08-Aug-2013,124.3,123.5,126.0,123.0,126.0,124.9,124.31,32196,4002441.45,1570.0,16832.0,52.28
PRESTIGE,EQ,07-Aug-2013,122.85,122.0,125.8,121.05,124.8,124.3,123.04,224585,27632256.25,1223.0,209005.0,93.06
PRESTIGE,EQ,06-Aug-2013,123.35,121.25,126.25,121.05,122.5,122.85,123.08,97186,11961352.1,5173.0,75442.0,77.63
PRESTIGE,EQ,05-Aug-2013,123.6,124.75,129.8,122.0,123.9,123.35,124.3,236945,29453047.55,3101.0,213062.0,89.92
PRESTIGE,EQ,02-Aug-2013,128.15,128.8,129.5,120.55,122.85,123.6,124.73,177039,22081668.3,11658.0,135450.0,76.51
PRESTIGE,EQ,01-Aug-2013,128.4,127.1,132.0,125.0,126.0,128.15,129.18,71893,9287265.5,2166.0,43582.0,60.62
PRESTIGE,EQ,31-Jul-2013,128.25,127.95,134.75,121.0,129.55,128.4,129.96,272684,35437055.7,7806.0,181454.0,66.54
PRESTIGE,EQ,30-Jul-2013,129.0,133.35,137.05,125.0,125.0,128.25,131.82,625676,82477841.75,6696.0,379003.0,60.57
PRESTIGE,EQ,29-Jul-2013,122.7,124.05,130.5,124.05,128.6,129.0,128.99,1068756,137856696.25,2915.0,1024811.0,95.89
PRESTIGE,EQ,26-Jul-2013,129.1,128.2,131.1,120.6,124.5,122.7,126.2,58630,7399228.2,1489.0,44445.0,75.81
PRESTIGE,EQ,25-Jul-2013,129.4,129.0,133.0,126.3,128.15,129.1,128.42,29947,3845805.6,1573.0,15441.0,51.56
PRESTIGE,EQ,24-Jul-2013,133.4,133.4,134.0,125.2,130.0,129.4,131.14,214044,28068711.4,4033.0,174763.0,81.65
PRESTIGE,EQ,23-Jul-2013,132.3,133.0,135.45,132.1,133.95,133.4,133.35,27770,3703191.7,734.0,15001.0,54.02
PRESTIGE,EQ,22-Jul-2013,128.45,129.7,135.8,129.5,133.0,132.3,133.87,582270,77949032.25,2460.0,532364.0,91.43
PRESTIGE,EQ,19-Jul-2013,132.45,134.0,135.9,128.0,129.95,128.45,132.2,396922,52474378.5,6540.0,304708.0,76.77
PRESTIGE,EQ,18-Jul-2013,132.15,124.5,135.9,117.0,131.2,132.45,132.01,261881,34571729.3,9667.0,163246.0,62.34
PRESTIGE,EQ,17-Jul-2013,142.75,141.0,142.5,126.0,126.0,132.15,135.79,355985,48339156.8,8585.0,319443.0,89.73
PRESTIGE,EQ,16-Jul-2013,145.4,143.0,146.9,140.0,141.9,142.75,143.02,369544,52851875.15,12750.0,324640.0,87.85
PRESTIGE,EQ,15-Jul-2013,149.8,150.1,150.1,144.35,147.0,145.4,145.4,644658,93734075.95,12855.0,574709.0,89.15
PRESTIGE,EQ,12-Jul-2013,153.25,154.0,154.0,148.35,148.5,149.8,151.05,150001,22657507.95,3145.0,137577.0,91.72
PRESTIGE,EQ,11-Jul-2013,151.85,154.0,154.95,152.55,153.4,153.25,153.68,21032,3232251.1,1002.0,11267.0,53.57
PRESTIGE,EQ,10-Jul-2013,151.05,151.6,155.8,150.0,152.0,151.85,152.41,122121,18612785.15,1923.0,103498.0,84.75
PRESTIGE,EQ,09-Jul-2013,152.2,152.0,154.35,150.2,150.9,151.05,151.91,40521,6155745.2,4711.0,22001.0,54.3
PRESTIGE,EQ,08-Jul-2013,158.65,158.65,158.65,150.5,151.9,152.2,151.23,131115,19828859.95,3911.0,105497.0,80.46
PRESTIGE,EQ,05-Jul-2013,155.55,156.0,160.0,156.0,159.95,158.65,158.0,22136,3497537.1,1517.0,11285.0,50.98
PRESTIGE,EQ,04-Jul-2013,152.65,152.0,156.9,152.0,153.65,155.55,155.52,37458,5825405.3,1344.0,26483.0,70.7
PRESTIGE,EQ,03-Jul-2013,157.35,156.0,156.0,151.5,155.8,152.65,153.87,85894,13216345.4,2679.0,74551.0,86.79
PRESTIGE,EQ,02-Jul-2013,156.05,156.05,158.5,155.0,157.25,157.35,157.22,29503,4638533.85,1641.0,19334.0,65.53
PRESTIGE,EQ,01-Jul-2013,153.0,154.45,157.4,152.6,156.0,156.05,155.44,510268,79317158.9,2202.0,485748.0,95.19
PRESTIGE,EQ,28-Jun-2013,149.6,150.3,155.85,147.1,155.0,153.0,150.39,672143,101086387.25,11180.0,592855.0,88.2
PRESTIGE,EQ,27-Jun-2013,147.55,147.55,152.3,143.25,148.0,149.6,145.37,554690,80634013.45,6803.0,514512.0,92.76
PRESTIGE,EQ,26-Jun-2013,145.95,147.6,151.6,146.0,146.3,147.55,149.22,46316,6911401.75,1493.0,11872.0,25.63
PRESTIGE,EQ,25-Jun-2013,141.4,144.95,154.8,143.1,145.6,145.95,148.89,248712,37031193.2,6367.0,108125.0,43.47
PRESTIGE,EQ,24-Jun-2013,161.6,160.95,161.0,138.0,145.75,141.4,146.09,390728,57082466.85,6593.0,199773.0,51.13
PRESTIGE,EQ,21-Jun-2013,155.3,154.0,167.0,149.7,161.0,161.6,159.29,129040,20554479.4,2687.0,76453.0,59.25
PRESTIGE,EQ,20-Jun-2013,160.25,158.8,158.8,153.7,155.95,155.3,155.7,20253,3153470.4,869.0,11404.0,56.31
PRESTIGE,EQ,19-Jun-2013,163.4,161.05,162.95,159.85,160.0,160.25,160.77,17156,2758207.75,948.0,6361.0,37.08
PRESTIGE,EQ,18-Jun-2013,160.5,161.0,164.45,161.0,162.55,163.4,163.58,133827,21891217.9,3554.0,55296.0,41.32
PRESTIGE,EQ,17-Jun-2013,159.6,158.0,162.2,158.0,159.75,160.5,160.8,46647,7500760.55,1132.0,28040.0,60.11
PRESTIGE,EQ,14-Jun-2013,149.5,152.0,162.0,150.0,162.0,159.6,155.32,65030,10100422.9,3612.0,31801.0,48.9
PRESTIGE,EQ,13-Jun-2013,153.4,152.0,152.0,146.15,150.1,149.5,149.2,249879,37282810.7,2097.0,225025.0,90.05
PRESTIGE,EQ,12-Jun-2013,157.45,156.05,157.6,153.0,153.45,153.4,154.69,182961,28302940.55,1737.0,170374.0,93.12
PRESTIGE,EQ,11-Jun-2013,163.05,162.0,163.0,156.0,156.5,157.45,158.68,63194,10027715.1,1533.0,45390.0,71.83
PRESTIGE,EQ,10-Jun-2013,167.75,167.5,169.3,162.2,162.2,163.05,164.98,42952,7086366.15,1281.0,28676.0,66.76
PRESTIGE,EQ,07-Jun-2013,166.85,165.05,170.0,165.05,167.0,167.75,168.31,101716,17120294.75,1727.0,80878.0,79.51
PRESTIGE,EQ,06-Jun-2013,166.0,166.0,169.0,163.55,167.25,166.85,167.05,74308,12412836.0,2166.0,54273.0,73.04
PRESTIGE,EQ,05-Jun-2013,171.25,170.45,170.45,164.6,165.8,166.0,167.73,176493,29602655.8,3695.0,157152.0,89.04
PRESTIGE,EQ,04-Jun-2013,170.85,170.85,172.95,169.65,170.6,171.25,170.55,183430,31283442.95,9283.0,131405.0,71.64
PRESTIGE,EQ,03-Jun-2013,167.7,165.45,175.2,165.25,173.0,170.85,168.24,120462,20266718.35,4263.0,94113.0,78.13
PRESTIGE,EQ,31-May-2013,167.65,167.75,169.0,165.95,167.45,167.7,167.64,264410,44326011.5,12709.0,213955.0,80.92
PRESTIGE,EQ,30-May-2013,165.25,164.0,168.7,163.9,168.0,167.65,166.65,162986,27161046.7,2626.0,139782.0,85.76
PRESTIGE,EQ,29-May-2013,171.25,170.0,171.5,164.15,165.95,165.25,166.44,75404,12550188.25,3975.0,43387.0,57.54
PRESTIGE,EQ,28-May-2013,164.1,163.5,172.8,163.5,172.5,171.25,169.96,206833,35152587.85,6523.0,119440.0,57.75
PRESTIGE,EQ,27-May-2013,169.0,170.4,171.4,162.05,163.75,164.1,165.23,167931,27747866.55,5543.0,85639.0,51.0
PRESTIGE,EQ,24-May-2013,163.85,165.0,174.9,164.95,168.9,169.0,170.45,208604,35556756.1,7636.0,105941.0,50.79
PRESTIGE,EQ,23-May-2013,173.8,170.0,172.4,161.4,163.8,163.85,167.77,732439,122883572.0,7349.0,633504.0,86.49
PRESTIGE,EQ,22-May-2013,178.25,185.5,187.85,168.4,172.7,173.8,179.21,429543,76978728.6,11379.0,123416.0,28.73
PRESTIGE,EQ,21-May-2013,176.0,177.5,182.0,176.5,177.5,178.25,179.49,216776,38909532.5,5945.0,111186.0,51.29
PRESTIGE,EQ,20-May-2013,185.2,185.2,186.5,175.15,176.2,176.0,178.25,159425,28417967.0,5333.0,112120.0,70.33
PRESTIGE,EQ,17-May-2013,185.4,188.0,191.95,183.0,185.45,185.2,186.99,709535,132677223.45,9376.0,467817.0,65.93
PRESTIGE,EQ,16-May-2013,178.8,177.0,189.6,175.4,189.6,185.4,184.5,299412,55241210.7,11905.0,203938.0,68.11
PRESTIGE,EQ,15-May-2013,174.55,174.0,180.6,174.0,177.8,178.8,178.7,183739,32834780.75,15235.0,150354.0,81.83
PRESTIGE,EQ,14-May-2013,173.85,174.85,178.0,173.2,175.0,174.55,175.84,130271,22907139.75,8395.0,93931.0,72.1
PRESTIGE,EQ,13-May-2013,170.45,171.0,176.0,170.05,173.85,173.85,173.76,139531,24245190.15,3659.0,119795.0,85.86
PRESTIGE,EQ,11-May-2013,172.75,172.95,173.0,170.05,171.0,170.45,170.9,7838,1339512.8,328.0,4137.0,52.78
PRESTIGE,EQ,10-May-2013,172.95,172.7,174.95,171.25,171.25,172.75,173.56,169806,29471620.95,6903.0,101568.0,59.81
PRESTIGE,EQ,09-May-2013,177.1,175.05,176.65,171.2,173.3,172.95,173.14,253918,43962287.6,4475.0,238999.0,94.12
PRESTIGE,EQ,08-May-2013,174.7,175.65,178.5,173.4,176.95,177.1,176.43,62397,11008544.8,3130.0,43848.0,70.27
PRESTIGE,EQ,07-May-2013,175.7,175.2,176.2,170.9,174.1,174.7,173.49,223268,38735881.2,4597.0,199196.0,89.22
PRESTIGE,EQ,06-May-2013,174.45,175.0,177.85,173.4,174.7,175.7,175.9,47858,8418121.6,3175.0,30282.0,63.27
PRESTIGE,EQ,03-May-2013,176.55,179.0,179.95,171.1,175.0,174.45,174.19,299445,52160705.55,9109.0,230499.0,76.98
PRESTIGE,EQ,02-May-2013,167.55,167.95,178.0,167.3,176.95,176.55,170.5,606040,103327093.9,16178.0,543833.0,89.74
PRESTIGE,EQ,30-Apr-2013,167.5,167.9,171.0,166.0,168.5,167.55,168.39,100396,16905707.25,11048.0,72537.0,72.25
PRESTIGE,EQ,29-Apr-2013,170.4,170.65,171.2,166.15,167.25,167.5,167.53,421526,70616667.45,4764.0,405429.0,96.18
PRESTIGE,EQ,26-Apr-2013,173.1,173.4,173.45,169.0,170.0,170.4,170.69,149071,25444791.75,5304.0,135553.0,90.93
PRESTIGE,EQ,25-Apr-2013,174.65,172.35,174.8,170.35,172.1,173.1,172.82,105483,18229229.9,6477.0,77999.0,73.94
PRESTIGE,EQ,23-Apr-2013,174.35,174.5,176.7,171.3,174.6,174.65,173.24,227067,39338194.4,1470.0,213347.0,93.96
PRESTIGE,EQ,22-Apr-2013,172.15,168.4,177.0,168.4,173.8,174.35,173.36,314120,54455670.55,3040.0,278453.0,88.65
PRESTIGE,EQ,18-Apr-2013,167.55,166.5,182.4,166.5,171.0,172.15,171.82,1905518,327396835.85,5168.0,1779469.0,93.39
PRESTIGE,EQ,17-Apr-2013,160.4,160.85,169.65,160.85,169.0,167.55,165.79,105684,17521839.05,4482.0,80726.0,76.38
PRESTIGE,EQ,16-Apr-2013,159.95,160.0,163.2,159.0,160.0,160.4,160.87,216406,34814001.25,1517.0,200935.0,92.85
PRESTIGE,EQ,15-Apr-2013,157.85,155.05,161.3,155.05,160.4,159.95,158.89,93728,14892722.15,12454.0,70953.0,75.7
PRESTIGE,EQ,12-Apr-2013,165.2,162.7,164.7,155.25,158.4,157.85,160.66,336927,54130803.8,10692.0,309898.0,91.98
PRESTIGE,EQ,11-Apr-2013,169.9,168.25,171.9,164.0,164.7,165.2,168.54,63670,10730877.4,9296.0,40492.0,63.6
PRESTIGE,EQ,10-Apr-2013,168.05,169.4,170.95,166.3,170.0,169.9,169.76,237023,40236475.65,3530.0,207100.0,87.38
PRESTIGE,EQ,09-Apr-2013,171.75,172.75,173.75,167.05,167.05,168.05,172.3,444478,76582563.4,3002.0,413629.0,93.06
PRESTIGE,EQ,08-Apr-2013,167.35,166.95,174.8,166.85,172.7,171.75,171.27,85270,14604024.95,2655.0,73770.0,86.51
PRESTIGE,EQ,05-Apr-2013,162.9,161.7,168.0,161.0,168.0,167.35,163.83,85205,13958933.6,2994.0,56847.0,66.72
PRESTIGE,EQ,04-Apr-2013,165.35,163.2,166.65,160.55,163.4,162.9,163.17,230648,37633962.2,2486.0,174783.0,75.78
PRESTIGE,EQ,03-Apr-2013,165.0,166.6,167.4,164.2,164.25,165.35,166.33,33233,5527675.5,1186.0,11169.0,33.61
PRESTIGE,EQ,02-Apr-2013,163.45,163.15,167.7,163.15,165.05,165.0,165.05,236492,39033853.45,1568.0,205973.0,87.1
PRESTIGE,EQ,01-Apr-2013,163.55,162.4,166.2,162.05,164.0,163.45,164.05,30387,4984966.15,1166.0,18237.0,60.02
PRESTIGE,EQ,28-Mar-2013,159.45,151.3,165.5,150.25,161.8,163.55,160.46,1625954,260898978.6,4029.0,1564023.0,96.19
PRESTIGE,EQ,26-Mar-2013,164.0,162.75,162.75,158.35,159.35,159.45,159.8,107448,17170315.4,1907.0,95934.0,89.28
PRESTIGE,EQ,25-Mar-2013,168.15,169.75,173.0,162.5,163.9,164.0,167.06,27001,4510868.45,1027.0,15744.0,58.31
PRESTIGE,EQ,22-Mar-2013,167.75,165.0,169.4,162.15,169.0,168.15,165.55,29204,4834690.95,1196.0,13295.0,45.52
PRESTIGE,EQ,21-Mar-2013,164.15,166.0,169.4,163.1,169.0,167.75,167.25,29741,4974227.45,1588.0,15112.0,50.81
PRESTIGE,EQ,20-Mar-2013,172.15,171.75,174.0,162.0,163.5,164.15,165.32,71401,11803850.2,3831.0,48306.0,67.65
PRESTIGE,EQ,19-Mar-2013,180.75,178.55,179.8,170.65,171.8,172.15,179.05,202058,36178949.35,1782.0,185168.0,91.64
PRESTIGE,EQ,18-Mar-2013,177.85,176.45,182.7,174.95,179.3,180.75,179.17,343023,61460002.4,6566.0,286306.0,83.47
PRESTIGE,EQ,15-Mar-2013,176.9,178.0,180.85,176.0,177.9,177.85,178.22,81609,14544081.9,3180.0,29597.0,36.27
PRESTIGE,EQ,14-Mar-2013,166.15,169.0,179.4,165.2,177.5,176.9,171.52,341386,58554649.1,6771.0,245716.0,71.98
PRESTIGE,EQ,13-Mar-2013,166.8,166.85,171.8,162.65,167.0,166.15,167.88,157103,26374539.7,7969.0,100159.0,63.75
PRESTIGE,EQ,12-Mar-2013,171.7,173.0,174.5,165.2,165.5,166.8,169.56,66484,11273196.2,5737.0,46316.0,69.66
PRESTIGE,EQ,11-Mar-2013,173.75,173.25,175.4,170.7,171.65,171.7,172.7,18203,3143657.55,937.0,11019.0,60.53
PRESTIGE,EQ,08-Mar-2013,175.3,176.4,178.35,173.15,174.0,173.75,175.23,27547,4827182.75,1598.0,12423.0,45.1
PRESTIGE,EQ,07-Mar-2013,173.75,172.35,180.0,172.35,175.85,175.3,177.31,47995,8510079.1,2293.0,16493.0,34.36
PRESTIGE,EQ,06-Mar-2013,169.8,170.55,178.0,170.55,173.7,173.75,175.86,179317,31535530.75,5240.0,118900.0,66.31
PRESTIGE,EQ,05-Mar-2013,160.65,160.05,171.0,160.0,170.0,169.8,166.8,71002,11843369.85,4400.0,48086.0,67.72
PRESTIGE,EQ,04-Mar-2013,162.95,161.05,164.95,157.25,164.0,160.65,159.92,62516,9997750.85,2044.0,51297.0,82.05
PRESTIGE,EQ,01-Mar-2013,171.75,169.65,170.8,160.4,163.45,162.95,164.37,60934,10015828.85,2413.0,35882.0,58.89
PRESTIGE,EQ,28-Feb-2013,175.15,177.8,179.0,169.5,170.0,171.75,174.68,435584,76086052.75,3501.0,394910.0,90.66
PRESTIGE,EQ,27-Feb-2013,170.4,170.4,176.8,155.25,175.4,175.15,169.75,328906,55830330.25,9958.0,211394.0,64.27
PRESTIGE,EQ,26-Feb-2013,178.2,176.0,177.05,166.55,169.95,170.4,170.17,333823,56806099.55,20477.0,246827.0,73.94
PRESTIGE,EQ,25-Feb-2013,179.75,180.05,181.0,174.15,177.0,178.2,177.09,168934,29915853.95,7258.0,111210.0,65.83
PRESTIGE,EQ,22-Feb-2013,179.8,180.5,183.8,176.75,180.0,179.75,180.73,270866,48954071.95,5077.0,175682.0,64.86
PRESTIGE,EQ,21-Feb-2013,183.55,181.1,181.3,178.5,178.5,179.8,179.97,596590,107366249.15,2677.0,573218.0,96.08
PRESTIGE,EQ,20-Feb-2013,183.95,184.9,184.9,180.15,183.5,183.55,183.64,283587,52078721.7,7578.0,252210.0,88.94
PRESTIGE,EQ,19-Feb-2013,181.9,182.75,184.8,181.9,183.85,183.95,183.91,328245,60367272.7,6726.0,297862.0,90.74
PRESTIGE,EQ,18-Feb-2013,180.75,180.8,183.9,178.5,182.3,181.9,181.71,122600,22277813.5,7100.0,80298.0,65.5
PRESTIGE,EQ,15-Feb-2013,179.4,179.45,185.0,177.95,180.75,180.75,181.25,191438,34698324.05,9218.0,120148.0,62.76
PRESTIGE,EQ,14-Feb-2013,185.85,180.0,188.0,175.5,179.55,179.4,182.09,104778,19079037.25,3539.0,64187.0,61.26
PRESTIGE,EQ,13-Feb-2013,180.3,189.0,192.75,182.55,186.9,185.85,186.53,453772,84640385.1,10473.0,213779.0,47.11
PRESTIGE,EQ,12-Feb-2013,176.35,179.0,181.5,174.05,180.2,180.3,178.48,64892,11581668.35,3081.0,31651.0,48.77
PRESTIGE,EQ,11-Feb-2013,178.3,179.25,182.45,174.45,176.0,176.35,178.2,713757,127191759.35,7533.0,684575.0,95.91
PRESTIGE,EQ,08-Feb-2013,187.15,186.95,187.75,177.75,178.3,178.3,179.94,104974,18889202.6,4652.0,56889.0,54.19
PRESTIGE,EQ,07-Feb-2013,189.25,188.5,194.75,185.55,186.4,187.15,190.75,333152,63549804.95,16652.0,183271.0,55.01
PRESTIGE,EQ,06-Feb-2013,185.35,185.6,190.0,184.5,190.0,189.25,187.85,192298,36123343.1,5896.0,157007.0,81.65
PRESTIGE,EQ,05-Feb-2013,187.85,186.75,193.0,183.4,184.65,185.35,186.24,813911,151583871.9,11140.0,677732.0,83.27
PRESTIGE,EQ,04-Feb-2013,181.65,181.85,189.55,180.4,188.0,187.85,183.67,1273485,233897420.95,7224.0,1192907.0,93.67
PRESTIGE,EQ,01-Feb-2013,180.45,179.65,184.5,178.55,181.0,181.65,182.64,724143,132256491.1,17568.0,655086.0,90.46
PRESTIGE,EQ,31-Jan-2013,184.5,184.5,187.0,177.6,180.35,180.45,180.78,1040799,188153212.45,12317.0,989262.0,95.05
PRESTIGE,EQ,30-Jan-2013,184.6,185.0,185.0,175.4,185.0,184.5,183.95,211650,38932833.6,8955.0,126900.0,59.96
PRESTIGE,EQ,29-Jan-2013,183.7,183.7,185.85,181.0,184.95,184.6,183.28,161543,29607311.6,5814.0,121574.0,75.26
PRESTIGE,EQ,28-Jan-2013,180.0,180.5,186.95,174.45,184.55,183.7,183.39,322318,59111499.25,6755.0,233353.0,72.4
PRESTIGE,EQ,25-Jan-2013,174.3,179.0,183.65,172.0,183.0,180.0,178.28,153279,27327089.95,3332.0,97181.0,63.4
PRESTIGE,EQ,24-Jan-2013,175.35,174.55,182.0,171.0,173.0,174.3,176.86,271273,47978648.25,9944.0,163759.0,60.37
PRESTIGE,EQ,23-Jan-2013,173.95,171.1,178.5,171.1,173.5,175.35,176.02,109345,19247063.7,2364.0,86923.0,79.49
PRESTIGE,EQ,22-Jan-2013,175.5,173.5,179.75,170.55,175.65,173.95,175.13,224623,39337868.7,3232.0,131404.0,58.5
PRESTIGE,EQ,21-Jan-2013,172.5,173.6,179.0,172.5,175.0,175.5,175.81,110634,19450735.6,2181.0,75838.0,68.55
PRESTIGE,EQ,18-Jan-2013,175.25,171.1,176.4,171.1,172.2,172.5,172.83,54791,9469576.65,1857.0,39570.0,72.22
PRESTIGE,EQ,17-Jan-2013,175.65,175.65,177.15,172.6,177.15,175.25,175.03,94187,16485911.15,2120.0,74690.0,79.3
PRESTIGE,EQ,16-Jan-2013,176.5,176.95,178.7,172.5,175.0,175.65,177.09,280404,49657292.35,3088.0,237932.0,84.85
PRESTIGE,EQ,15-Jan-2013,174.3,173.0,177.5,173.0,176.75,176.5,176.65,1551485,274063101.35,7183.0,1486594.0,95.82
PRESTIGE,EQ,14-Jan-2013,168.65,167.5,175.0,165.0,174.0,174.3,172.34,230621,39744721.65,7595.0,118063.0,51.19
PRESTIGE,EQ,11-Jan-2013,168.5,169.7,172.0,166.1,168.0,168.65,169.24,141817,24001562.65,4391.0,84473.0,59.56
PRESTIGE,EQ,10-Jan-2013,174.7,176.7,177.7,165.0,168.5,168.5,169.29,478728,81046060.95,11479.0,309733.0,64.7
PRESTIGE,EQ,09-Jan-2013,176.35,176.8,179.95,173.2,173.4,174.7,177.28,103381,18327647.7,4783.0,60806.0,58.82
PRESTIGE,EQ,08-Jan-2013,179.5,178.0,182.25,174.65,175.65,176.35,179.19,137281,24599208.15,5704.0,101199.0,73.72
PRESTIGE,EQ,07-Jan-2013,184.65,185.0,186.7,169.05,180.0,179.5,182.37,255822,46653571.6,3198.0,186077.0,72.74
PRESTIGE,EQ,04-Jan-2013,187.4,185.25,188.15,184.05,184.8,184.65,185.62,63349,11758798.9,2278.0,34793.0,54.92
PRESTIGE,EQ,03-Jan-2013,189.55,189.85,190.45,185.0,187.0,187.4,188.42,122487,23079369.9,3639.0,65266.0,53.28
PRESTIGE,EQ,02-Jan-2013,185.5,187.65,191.85,186.2,189.35,189.55,189.65,436602,82802426.35,5185.0,271616.0,62.21
PRESTIGE,EQ,01-Jan-2013,179.4,181.1,186.5,180.0,186.0,185.5,184.8,153887,28438900.05,3225.0,59856.0,38.9
PRESTIGE,EQ,31-Dec-2012,179.0,179.0,182.6,178.0,178.5,179.4,180.38,227107,40965324.2,2560.0,151862.0,66.87
PRESTIGE,EQ,30-Dec-2014,240.3,242.0,247.95,240.55,245.1,244.35,244.54,141312,34556631.15,7375.0,65576.0,46.41
PRESTIGE,EQ,29-Dec-2014,235.2,238.1,244.8,236.0,240.7,240.3,240.59,196533,47284610.35,6375.0,105671.0,53.77
PRESTIGE,EQ,26-Dec-2014,230.1,232.8,236.5,231.0,236.5,235.2,233.43,140361,32763771.05,6359.0,102496.0,73.02
PRESTIGE,EQ,24-Dec-2014,229.9,232.0,233.95,227.0,230.0,230.1,230.08,203013,46708758.75,8955.0,140738.0,69.32
PRESTIGE,EQ,23-Dec-2014,233.95,234.2,235.2,225.1,231.0,229.9,229.41,177739,40774805.3,4160.0,131406.0,73.93
PRESTIGE,EQ,22-Dec-2014,230.95,234.8,235.0,230.95,234.0,233.95,233.52,72225,16865992.05,5073.0,53917.0,74.65
PRESTIGE,EQ,19-Dec-2014,229.3,230.25,235.05,228.0,231.3,230.95,231.61,194024,44938031.2,10158.0,137027.0,70.62
PRESTIGE,EQ,18-Dec-2014,228.55,230.0,235.95,226.0,230.0,229.3,230.47,208024,47942569.75,8530.0,130580.0,62.77
PRESTIGE,EQ,17-Dec-2014,232.1,230.1,237.75,226.0,228.4,228.55,231.96,71803,16655227.95,4077.0,34209.0,47.64
PRESTIGE,EQ,16-Dec-2014,234.15,235.0,235.0,231.1,232.0,232.1,232.32,37549,8723497.85,2478.0,25572.0,68.1
PRESTIGE,EQ,15-Dec-2014,238.4,240.0,241.05,231.2,234.45,234.15,235.08,172262,40495154.9,5042.0,126890.0,73.66
PRESTIGE,EQ,12-Dec-2014,243.9,246.35,248.05,232.3,240.25,238.4,240.68,67632,16277652.95,2479.0,44567.0,65.9
PRESTIGE,EQ,11-Dec-2014,245.0,246.5,249.1,242.2,244.0,243.9,246.19,43188,10632541.65,2493.0,21333.0,49.4
PRESTIGE,EQ,10-Dec-2014,241.0,241.2,249.3,241.0,245.35,245.0,246.23,37552,9246248.4,1898.0,19714.0,52.5
PRESTIGE,EQ,09-Dec-2014,245.45,245.0,251.85,238.05,239.6,241.0,247.17,70387,17397541.7,4636.0,42367.0,60.19
PRESTIGE,EQ,08-Dec-2014,254.8,254.8,257.5,243.3,244.0,245.45,248.74,47025,11697196.6,1898.0,29185.0,62.06
PRESTIGE,EQ,05-Dec-2014,253.95,254.0,260.4,251.6,252.65,254.8,255.64,388413,99294294.85,11252.0,311096.0,80.09
PRESTIGE,EQ,04-Dec-2014,250.85,251.9,255.25,250.4,254.5,253.95,253.66,121892,30919400.4,5125.0,85819.0,70.41
PRESTIGE,EQ,03-Dec-2014,254.75,254.0,257.0,248.35,250.1,250.85,251.87,413306,104100122.2,15343.0,294479.0,71.25
PRESTIGE,EQ,02-Dec-2014,257.85,255.25,256.8,251.15,252.55,254.75,254.36,77971,19832716.6,3489.0,43901.0,56.3
PRESTIGE,EQ,01-Dec-2014,256.7,257.8,261.6,254.25,254.35,257.85,258.44,194112,50165353.3,10864.0,102750.0,52.93
PRESTIGE,EQ,28-Nov-2014,249.5,251.0,259.8,251.0,258.0,256.7,256.05,381882,97780860.15,8145.0,200772.0,52.57
PRESTIGE,EQ,27-Nov-2014,245.5,246.0,254.05,244.15,249.9,249.5,250.46,174177,43623762.05,3950.0,102860.0,59.05
PRESTIGE,EQ,26-Nov-2014,240.15,239.0,251.1,236.55,244.2,245.5,243.99,227301,55458355.45,4926.0,145658.0,64.08
PRESTIGE,EQ,25-Nov-2014,239.65,241.75,246.0,237.9,238.9,240.15,241.4,228598,55184255.9,7723.0,136468.0,59.7
PRESTIGE,EQ,24-Nov-2014,245.3,247.0,248.4,238.1,241.0,239.65,242.74,387163,93980266.5,4796.0,353687.0,91.35
PRESTIGE,EQ,21-Nov-2014,250.0,250.0,254.0,243.0,244.8,245.3,250.32,79735,19959269.95,2940.0,35723.0,44.8
PRESTIGE,EQ,20-Nov-2014,247.2,247.75,254.4,240.35,249.05,250.0,249.86,143831,35936960.35,4089.0,46025.0,32.0
PRESTIGE,EQ,19-Nov-2014,249.7,250.35,260.85,245.6,245.6,247.2,255.01,325913,83111573.7,7267.0,150945.0,46.31
PRESTIGE,EQ,18-Nov-2014,244.25,246.8,253.4,246.0,249.7,249.7,249.99,147528,36880756.95,4013.0,79935.0,54.18
PRESTIGE,EQ,17-Nov-2014,251.85,253.4,253.5,243.15,244.4,244.25,245.42,125795,30872184.95,8425.0,81509.0,64.8
PRESTIGE,EQ,14-Nov-2014,242.85,244.0,254.0,243.05,252.5,251.85,247.62,322467,79847732.25,7891.0,228594.0,70.89
PRESTIGE,EQ,13-Nov-2014,245.4,248.0,250.85,241.25,244.35,242.85,246.46,98627,24307425.65,4463.0,50545.0,51.25
PRESTIGE,EQ,12-Nov-2014,253.15,257.0,258.0,244.1,248.0,245.4,250.37,352436,88238519.7,10066.0,216817.0,61.52
PRESTIGE,EQ,11-Nov-2014,248.05,249.75,260.0,248.3,253.1,253.15,255.41,346797,88574721.85,8850.0,168881.0,48.7
PRESTIGE,EQ,10-Nov-2014,248.3,250.3,252.85,245.2,248.5,248.05,248.7,256478,63787090.25,6423.0,163979.0,63.93
PRESTIGE,EQ,07-Nov-2014,234.8,235.0,255.6,230.0,249.4,248.3,247.07,558408,137965565.3,12139.0,280472.0,50.23
PRESTIGE,EQ,05-Nov-2014,232.4,236.0,236.5,232.35,233.5,234.8,234.42,396443,92932682.1,18211.0,299612.0,75.58
PRESTIGE,EQ,03-Nov-2014,224.95,225.0,238.8,223.15,236.2,232.4,227.84,388753,88572483.8,26418.0,225030.0,57.89
PRESTIGE,EQ,31-Oct-2014,222.95,224.3,227.0,222.55,225.05,224.95,225.03,409676,92189227.0,13429.0,320456.0,78.22
PRESTIGE,EQ,30-Oct-2014,220.7,223.0,225.9,221.15,222.5,222.95,223.7,673597,150682096.95,18688.0,504318.0,74.87
PRESTIGE,EQ,29-Oct-2014,218.05,221.6,223.95,219.0,220.0,220.7,220.3,421229,92795668.7,18345.0,341740.0,81.13
PRESTIGE,EQ,28-Oct-2014,224.5,225.9,227.2,216.2,218.0,218.05,219.02,184199,40343000.75,6539.0,129856.0,70.5
PRESTIGE,EQ,27-Oct-2014,233.65,234.0,234.0,223.15,225.05,224.5,224.86,332854,74846896.7,16990.0,235688.0,70.81
PRESTIGE,EQ,23-Oct-2014,231.1,231.6,234.8,231.6,233.4,233.65,233.14,23043,5372291.25,843.0,16015.0,69.5
PRESTIGE,EQ,22-Oct-2014,222.25,224.9,234.0,224.9,232.55,231.1,228.56,337173,77065759.15,10222.0,247526.0,73.41
PRESTIGE,EQ,21-Oct-2014,223.9,225.7,225.7,220.2,223.4,222.25,222.6,294994,65666453.65,12148.0,229058.0,77.65
PRESTIGE,EQ,20-Oct-2014,230.35,233.2,234.0,222.0,223.75,223.9,227.32,158269,35977414.95,8137.0,83994.0,53.07
PRESTIGE,EQ,17-Oct-2014,223.75,224.0,236.7,220.55,230.05,230.35,230.03,375742,86432902.55,9263.0,126349.0,33.63
PRESTIGE,EQ,16-Oct-2014,223.2,229.0,229.8,221.0,223.0,223.75,226.13,189472,42846200.55,7244.0,128198.0,67.66
PRESTIGE,EQ,14-Oct-2014,228.55,230.0,233.0,221.4,225.0,223.2,225.2,72552,16338908.85,5241.0,38111.0,52.53
PRESTIGE,EQ,13-Oct-2014,233.7,233.7,235.9,225.15,227.95,228.55,229.62,67565,15514108.45,6115.0,37216.0,55.08
PRESTIGE,EQ,10-Oct-2014,232.75,228.05,246.0,228.05,236.0,233.7,238.16,396521,94435808.35,9124.0,242427.0,61.14
PRESTIGE,EQ,09-Oct-2014,229.65,229.0,235.85,227.5,233.0,232.75,233.47,239017,55803000.85,5417.0,177466.0,74.25
PRESTIGE,EQ,08-Oct-2014,222.3,222.0,230.7,221.1,228.7,229.65,226.54,93081,21086676.85,4572.0,59058.0,63.45
PRESTIGE,EQ,07-Oct-2014,217.85,216.5,224.4,213.0,224.4,222.3,220.52,147794,32590819.4,4335.0,63320.0,42.84
PRESTIGE,EQ,01-Oct-2014,219.9,218.0,218.8,212.55,216.0,217.85,215.52,85301,18384148.25,2389.0,42707.0,50.07
PRESTIGE,EQ,30-Sep-2014,223.4,220.35,223.9,215.55,218.0,219.9,220.21,477460,105140430.75,16963.0,375573.0,78.66
PRESTIGE,EQ,29-Sep-2014,218.1,218.1,227.4,218.1,221.4,223.4,220.54,1235055,272379679.15,22900.0,1098219.0,88.92
PRESTIGE,EQ,26-Sep-2014,212.75,208.85,222.0,208.85,220.0,218.1,215.54,244841,52771869.55,12284.0,184276.0,75.26
PRESTIGE,EQ,25-Sep-2014,215.6,218.0,222.0,206.05,213.5,212.75,211.77,716989,151839790.6,26228.0,504719.0,70.39
PRESTIGE,EQ,24-Sep-2014,229.1,227.0,229.75,208.95,216.0,215.6,216.9,596712,129428560.1,17158.0,396737.0,66.49
PRESTIGE,EQ,23-Sep-2014,232.95,231.65,234.8,222.35,228.3,229.1,231.13,250010,57785995.45,6527.0,212876.0,85.15
PRESTIGE,EQ,22-Sep-2014,236.6,234.6,235.95,231.05,232.4,232.95,233.97,84500,19770815.4,3473.0,46371.0,54.88
PRESTIGE,EQ,19-Sep-2014,238.55,237.2,242.4,230.0,234.0,236.6,236.56,672511,159085992.9,13050.0,592873.0,88.16
PRESTIGE,EQ,18-Sep-2014,235.0,234.0,240.8,231.5,240.0,238.55,237.65,789378,187597668.2,21974.0,564927.0,71.57
PRESTIGE,EQ,17-Sep-2014,226.1,227.25,238.0,227.25,235.65,235.0,234.65,489096,114767974.3,15629.0,295600.0,60.44
PRESTIGE,EQ,16-Sep-2014,234.7,235.5,236.35,224.1,226.75,226.1,230.55,158948,36645023.15,4598.0,115824.0,72.87
PRESTIGE,EQ,15-Sep-2014,232.5,236.9,236.9,230.9,234.7,234.7,234.09,265585,62170385.95,8762.0,197456.0,74.35
PRESTIGE,EQ,12-Sep-2014,234.4,234.4,237.05,231.0,231.95,232.5,233.77,95645,22358901.55,4937.0,53699.0,56.14
PRESTIGE,EQ,11-Sep-2014,239.45,241.45,241.75,232.6,232.9,234.4,238.44,361821,86273547.6,15676.0,295859.0,81.77
PRESTIGE,EQ,10-Sep-2014,242.85,243.9,245.9,237.0,239.0,239.45,239.91,703971,168890385.6,20096.0,555970.0,78.98
PRESTIGE,EQ,09-Sep-2014,235.6,241.5,247.0,238.55,242.9,242.85,242.78,625384,151830911.1,11669.0,385601.0,61.66
PRESTIGE,EQ,08-Sep-2014,232.7,236.0,237.0,232.75,235.5,235.6,235.42,1081997,254719185.75,8531.0,999399.0,92.37
PRESTIGE,EQ,05-Sep-2014,237.95,235.55,237.6,228.3,234.85,232.7,231.82,279248,64735216.05,14096.0,173999.0,62.31
PRESTIGE,EQ,04-Sep-2014,238.45,240.0,242.0,234.45,238.0,237.95,238.75,636567,151982403.4,14824.0,544141.0,85.48
PRESTIGE,EQ,03-Sep-2014,236.0,234.55,242.0,233.5,238.85,238.45,238.11,623019,148346885.6,13481.0,459950.0,73.83
PRESTIGE,EQ,02-Sep-2014,234.95,235.0,236.5,230.95,235.15,236.0,235.43,486864,114622952.8,8822.0,402168.0,82.6
PRESTIGE,EQ,01-Sep-2014,222.9,223.0,237.3,223.0,234.2,234.95,226.78,668277,151552106.2,14330.0,513494.0,76.84
PRESTIGE,EQ,28-Aug-2014,235.25,234.0,235.5,220.1,223.0,222.9,225.64,492369,111099234.65,7787.0,431863.0,87.71
PRESTIGE,EQ,27-Aug-2014,229.05,230.3,235.95,230.3,235.05,235.25,233.06,113016,26339343.85,5883.0,72993.0,64.59
PRESTIGE,EQ,26-Aug-2014,232.6,230.1,236.2,224.5,231.5,229.05,227.73,360605,82119761.35,10247.0,267968.0,74.31
PRESTIGE,EQ,25-Aug-2014,236.4,237.0,237.1,231.05,233.2,232.6,234.04,181236,42416847.5,7329.0,123576.0,68.19
PRESTIGE,EQ,22-Aug-2014,229.35,231.15,239.0,228.0,237.0,236.4,235.22,879504,206874880.35,17026.0,681445.0,77.48
PRESTIGE,EQ,21-Aug-2014,234.9,235.0,236.9,228.0,229.35,229.35,232.37,560093,130148431.7,8378.0,462263.0,82.53
PRESTIGE,EQ,20-Aug-2014,230.15,231.95,236.8,222.25,234.0,234.9,228.9,623529,142723734.0,17437.0,361047.0,57.9
PRESTIGE,EQ,19-Aug-2014,236.55,237.0,239.9,229.0,229.5,230.15,232.26,372038,86408718.0,10645.0,255486.0,68.67
PRESTIGE,EQ,18-Aug-2014,241.35,238.9,240.0,235.05,237.0,236.55,236.34,268127,63368399.7,5629.0,205756.0,76.74
PRESTIGE,EQ,14-Aug-2014,241.0,239.1,247.05,239.1,240.0,241.35,243.55,236708,57650156.85,13756.0,109122.0,46.1
PRESTIGE,EQ,13-Aug-2014,247.0,246.6,247.0,238.2,241.4,241.0,241.42,735503,177564991.15,11450.0,695535.0,94.57
PRESTIGE,EQ,12-Aug-2014,242.2,243.0,249.65,242.05,246.65,247.0,247.51,233625,57823481.8,11537.0,158845.0,67.99
PRESTIGE,EQ,11-Aug-2014,244.05,254.05,254.05,240.05,243.0,242.2,243.91,614048,149770535.5,19689.0,421651.0,68.67
PRESTIGE,EQ,08-Aug-2014,249.8,245.7,248.5,243.1,243.8,244.05,245.21,68530,16804526.05,2648.0,38922.0,56.8
PRESTIGE,EQ,07-Aug-2014,249.85,250.0,254.0,247.1,249.0,249.8,250.7,159499,39986524.35,4978.0,111410.0,69.85
PRESTIGE,EQ,06-Aug-2014,247.25,247.9,253.55,244.05,251.2,249.85,249.52,257222,64182359.75,10823.0,152564.0,59.31
PRESTIGE,EQ,05-Aug-2014,249.8,252.2,256.0,245.95,246.9,247.25,248.36,399102,99121684.5,7036.0,253284.0,63.46
PRESTIGE,EQ,04-Aug-2014,244.4,250.0,255.9,246.6,246.6,249.8,252.18,252116,63578646.3,5252.0,125968.0,49.96
PRESTIGE,EQ,01-Aug-2014,250.05,246.45,256.75,242.5,243.05,244.4,250.02,219094,54777059.55,6968.0,72481.0,33.08
PRESTIGE,EQ,31-Jul-2014,251.25,250.5,253.5,242.25,251.8,250.05,247.8,199753,49498219.8,5977.0,126182.0,63.17
PRESTIGE,EQ,30-Jul-2014,258.4,257.0,257.4,246.5,251.0,251.25,250.65,342212,85776833.05,13397.0,244153.0,71.35
PRESTIGE,EQ,28-Jul-2014,251.9,249.5,260.4,243.5,257.0,258.4,252.89,314323,79487647.05,10225.0,160656.0,51.11
PRESTIGE,EQ,25-Jul-2014,243.15,244.0,254.85,243.8,246.85,251.9,250.07,502149,125570800.55,10754.0,301641.0,60.07
PRESTIGE,EQ,24-Jul-2014,239.95,242.9,246.5,240.85,242.5,243.15,243.4,411305,100110620.45,15722.0,216411.0,52.62
PRESTIGE,EQ,23-Jul-2014,241.25,241.95,242.95,237.0,239.05,239.95,239.59,224135,53699659.6,9044.0,168584.0,75.22
PRESTIGE,EQ,22-Jul-2014,236.1,237.7,244.9,236.5,241.5,241.25,241.38,594723,143553597.0,10132.0,479239.0,80.58
PRESTIGE,EQ,21-Jul-2014,236.45,237.0,246.0,232.6,235.5,236.1,239.57,305792,73260090.95,4523.0,237546.0,77.68
PRESTIGE,EQ,18-Jul-2014,242.1,242.75,242.75,235.55,236.45,236.45,238.28,176935,42160247.4,7977.0,106903.0,60.42
PRESTIGE,EQ,17-Jul-2014,249.3,249.0,251.0,238.6,243.5,242.1,244.78,878579,215055390.7,10185.0,784601.0,89.3
PRESTIGE,EQ,16-Jul-2014,245.1,248.2,254.9,246.3,249.0,249.3,251.79,589742,148493280.8,17241.0,421156.0,71.41
PRESTIGE,EQ,15-Jul-2014,242.85,245.05,249.5,243.1,245.0,245.1,246.27,173873,42819198.4,8072.0,90820.0,52.23
PRESTIGE,EQ,14-Jul-2014,239.4,239.8,249.1,238.05,245.9,242.85,245.31,275335,67541133.9,6892.0,145549.0,52.86
PRESTIGE,EQ,11-Jul-2014,251.3,257.55,269.1,236.05,237.0,239.4,256.51,943306,241965125.6,28512.0,370382.0,39.26
PRESTIGE,EQ,10-Jul-2014,236.5,233.0,263.9,230.05,254.85,251.3,251.48,2104803,529308796.6,19014.0,1690405.0,80.31
PRESTIGE,EQ,09-Jul-2014,248.45,250.0,264.75,230.55,233.0,236.5,245.26,609402,149459462.55,15954.0,449973.0,73.84
PRESTIGE,EQ,08-Jul-2014,257.8,260.0,260.0,242.0,246.1,248.45,248.57,189492,47102354.8,6146.0,115652.0,61.03
PRESTIGE,EQ,07-Jul-2014,263.3,267.0,270.0,256.0,256.95,257.8,262.24,262883,68939604.4,7522.0,118448.0,45.06
PRESTIGE,EQ,04-Jul-2014,244.45,247.5,268.8,245.6,264.0,263.3,257.1,591752,152137362.65,13933.0,230371.0,38.93
PRESTIGE,EQ,03-Jul-2014,239.85,241.0,247.0,241.0,245.55,244.45,244.5,340994,83372627.65,5436.0,290920.0,85.32
PRESTIGE,EQ,02-Jul-2014,241.7,244.15,249.2,239.0,239.1,239.85,244.24,217170,53042126.5,5823.0,115262.0,53.07
PRESTIGE,EQ,01-Jul-2014,229.1,230.05,245.7,230.05,242.55,241.7,239.35,266268,63730156.25,8822.0,139014.0,52.21
PRESTIGE,EQ,30-Jun-2014,229.4,228.45,231.5,226.0,229.0,229.1,228.43,119197,27228763.05,5635.0,71429.0,59.93
PRESTIGE,EQ,27-Jun-2014,233.25,234.0,238.0,227.0,228.9,229.4,233.56,577393,134858789.45,9041.0,534784.0,92.62
PRESTIGE,EQ,26-Jun-2014,233.5,231.9,235.0,231.05,234.0,233.25,232.88,229857,53530118.0,7975.0,192867.0,83.91
PRESTIGE,EQ,25-Jun-2014,227.75,230.1,236.0,229.0,232.0,233.5,232.88,509949,118754776.4,12696.0,373120.0,73.17
PRESTIGE,EQ,24-Jun-2014,217.05,215.0,231.0,214.9,231.0,227.75,223.92,381522,85430726.4,15936.0,250426.0,65.64
PRESTIGE,EQ,23-Jun-2014,217.9,217.3,219.3,215.0,216.0,217.05,217.25,327574,71164191.6,14522.0,221838.0,67.72
PRESTIGE,EQ,20-Jun-2014,220.8,220.55,221.75,216.35,218.1,217.9,219.91,246600,54230151.4,9647.0,185425.0,75.19
PRESTIGE,EQ,19-Jun-2014,224.25,225.0,232.75,218.05,219.3,220.8,224.37,144250,32366022.95,6326.0,79320.0,54.99
PRESTIGE,EQ,18-Jun-2014,237.45,237.6,239.9,221.05,224.25,224.25,229.12,302873,69393804.1,12474.0,201953.0,66.68
PRESTIGE,EQ,17-Jun-2014,239.95,240.05,243.5,235.55,238.0,237.45,239.49,137384,32901458.45,11311.0,83623.0,60.87
PRESTIGE,EQ,16-Jun-2014,245.0,246.7,246.7,234.2,240.1,239.95,239.93,786829,188786528.5,6065.0,703138.0,89.36
PRESTIGE,EQ,13-Jun-2014,237.15,240.95,250.0,239.0,244.0,245.0,246.15,613259,150953329.2,10515.0,460300.0,75.06
PRESTIGE,EQ,12-Jun-2014,237.7,240.4,246.9,232.35,239.2,237.15,241.05,590275,142286775.4,18178.0,478993.0,81.15
PRESTIGE,EQ,11-Jun-2014,241.1,242.6,258.0,235.0,237.65,237.7,245.95,833859,205084505.45,17462.0,562480.0,67.46
PRESTIGE,EQ,10-Jun-2014,244.65,243.0,246.7,231.75,241.0,241.1,238.78,732903,175005511.3,7210.0,607450.0,82.88
PRESTIGE,EQ,09-Jun-2014,229.3,233.1,265.0,233.1,240.0,244.65,246.43,1579204,389170121.2,29854.0,955915.0,60.53
PRESTIGE,EQ,06-Jun-2014,214.3,214.55,235.9,214.0,231.0,229.3,226.65,1606885,364203661.45,18038.0,1124454.0,69.98
PRESTIGE,EQ,05-Jun-2014,211.85,212.05,219.9,211.65,214.0,214.3,216.17,287543,62157470.8,6307.0,176783.0,61.48
PRESTIGE,EQ,04-Jun-2014,213.2,213.8,217.95,209.55,211.9,211.85,214.66,112239,24093200.15,2710.0,54583.0,48.63
PRESTIGE,EQ,03-Jun-2014,213.15,214.8,217.15,206.35,213.0,213.2,212.67,285753,60770023.55,8761.0,204722.0,71.64
PRESTIGE,EQ,02-Jun-2014,207.05,205.3,216.0,205.3,213.35,213.15,213.96,341463,73057719.15,12868.0,235846.0,69.07
PRESTIGE,EQ,30-May-2014,206.95,205.1,211.0,203.0,207.0,207.05,207.3,244510,50685836.4,6804.0,169459.0,69.31
PRESTIGE,EQ,29-May-2014,207.6,205.4,208.0,194.4,206.25,206.95,204.76,204198,41811267.65,5706.0,150187.0,73.55
PRESTIGE,EQ,28-May-2014,209.9,210.9,213.0,200.35,207.0,207.6,207.14,184877,38296334.45,5377.0,124486.0,67.33
PRESTIGE,EQ,27-May-2014,211.95,220.0,221.9,195.05,207.5,209.9,207.56,282009,58534846.05,6833.0,149790.0,53.12
PRESTIGE,EQ,26-May-2014,209.2,214.65,218.8,202.0,209.85,211.95,213.8,545389,116605416.35,14173.0,336351.0,61.67
PRESTIGE,EQ,23-May-2014,209.75,209.75,215.65,208.25,208.7,209.2,210.21,435187,91480975.15,24995.0,371322.0,85.32
PRESTIGE,EQ,22-May-2014,213.75,214.5,215.0,203.8,211.0,209.75,210.06,427213,89739550.5,14119.0,348852.0,81.66
PRESTIGE,EQ,21-May-2014,207.3,216.0,219.8,210.0,212.55,213.75,213.59,793575,169498034.7,17624.0,550020.0,69.31
PRESTIGE,EQ,20-May-2014,193.95,195.0,210.1,195.0,209.75,207.3,205.09,646838,132659523.25,14798.0,428256.0,66.21
PRESTIGE,EQ,19-May-2014,184.0,184.0,195.0,184.0,194.5,193.95,192.0,1037124,199132382.75,21741.0,942213.0,90.85
PRESTIGE,EQ,16-May-2014,174.65,174.65,185.85,172.9,185.1,184.0,181.0,203930,36911505.15,3128.0,162880.0,79.87
PRESTIGE,EQ,15-May-2014,182.25,180.4,183.25,171.5,173.0,174.65,180.76,321016,58027498.35,13920.0,263556.0,82.1
PRESTIGE,EQ,14-May-2014,173.1,173.1,185.0,173.1,182.0,182.25,182.53,349272,63752880.75,9816.0,207820.0,59.5
PRESTIGE,EQ,13-May-2014,166.6,167.0,176.7,166.55,173.8,173.1,171.7,149396,25651361.3,6486.0,90535.0,60.6
PRESTIGE,EQ,12-May-2014,164.6,164.6,169.0,162.8,165.0,166.6,165.99,81555,13536928.05,4712.0,47181.0,57.85
PRESTIGE,EQ,09-May-2014,163.25,163.45,166.95,162.65,163.7,164.6,163.93,64016,10493935.95,2155.0,42469.0,66.34
PRESTIGE,EQ,08-May-2014,164.15,165.45,167.0,162.0,163.0,163.25,163.92,27581,4521023.05,2780.0,18801.0,68.17
PRESTIGE,EQ,07-May-2014,163.7,162.1,171.0,160.7,164.3,164.15,167.44,70043,11727681.7,2426.0,20707.0,29.56
PRESTIGE,EQ,06-May-2014,168.6,167.0,169.0,162.6,164.0,163.7,165.09,37174,6137029.85,1740.0,25046.0,67.38
PRESTIGE,EQ,05-May-2014,169.85,168.2,169.9,167.2,168.0,168.6,168.79,122564,20687129.4,2025.0,108298.0,88.36
PRESTIGE,EQ,02-May-2014,170.05,170.45,173.7,166.35,169.85,169.85,169.8,213800,36302788.6,3616.0,196852.0,92.07
PRESTIGE,EQ,30-Apr-2014,173.65,174.25,175.0,163.95,170.5,170.05,170.12,162757,27688416.05,3941.0,130770.0,80.35
PRESTIGE,EQ,29-Apr-2014,171.95,172.75,178.0,171.3,173.75,173.65,175.31,82451,14454681.1,3832.0,44339.0,53.78
PRESTIGE,EQ,28-Apr-2014,174.9,172.65,174.7,170.05,172.4,171.95,172.15,57586,9913554.45,4045.0,46749.0,81.18
PRESTIGE,EQ,25-Apr-2014,174.4,175.7,179.05,171.2,173.5,174.9,175.31,188119,32978836.45,5313.0,140125.0,74.49
PRESTIGE,EQ,23-Apr-2014,166.8,169.0,175.6,168.05,174.4,174.4,173.61,183363,31834352.0,4728.0,106010.0,57.81
PRESTIGE,EQ,22-Apr-2014,169.75,170.8,175.8,165.6,166.25,166.8,171.19,270804,46360151.7,6454.0,88127.0,32.54
PRESTIGE,EQ,21-Apr-2014,170.65,171.0,171.2,167.5,170.5,169.75,169.36,64365,10901174.75,1604.0,42560.0,66.12
PRESTIGE,EQ,17-Apr-2014,168.4,167.7,174.0,166.1,171.0,170.65,169.67,89257,15144514.15,2366.0,66288.0,74.27
PRESTIGE,EQ,16-Apr-2014,176.35,177.45,177.8,162.9,170.05,168.4,171.54,54565,9360280.95,2465.0,28200.0,51.68
PRESTIGE,EQ,15-Apr-2014,177.8,177.55,183.0,174.2,178.1,176.35,177.33,193751,34358075.95,7235.0,162659.0,83.95
PRESTIGE,EQ,11-Apr-2014,179.55,180.0,180.85,175.35,176.5,177.8,178.12,419566,74732921.5,6783.0,385168.0,91.8
PRESTIGE,EQ,10-Apr-2014,178.1,178.05,183.9,176.0,178.2,179.55,179.88,164339,29561979.15,6520.0,114499.0,69.67
PRESTIGE,EQ,09-Apr-2014,176.65,175.05,180.0,175.05,177.5,178.1,178.11,81553,14525617.35,3863.0,63740.0,78.16
PRESTIGE,EQ,07-Apr-2014,183.3,182.0,183.3,174.55,176.5,176.65,178.09,71972,12817633.05,3749.0,37816.0,52.54
PRESTIGE,EQ,04-Apr-2014,182.55,182.95,192.5,181.2,182.0,183.3,187.48,502553,94216207.2,10985.0,196549.0,39.11
PRESTIGE,EQ,03-Apr-2014,175.85,176.7,184.0,172.35,182.0,182.55,180.28,212744,38353870.4,3975.0,138833.0,65.26
PRESTIGE,EQ,02-Apr-2014,169.7,169.9,178.0,169.75,176.95,175.85,171.38,522751,89587436.1,5412.0,455723.0,87.18
PRESTIGE,EQ,01-Apr-2014,170.35,169.1,172.3,168.0,170.0,169.7,169.84,448513,76177415.75,32767.0,405419.0,90.39
PRESTIGE,EQ,31-Mar-2014,169.15,170.95,173.8,168.1,170.3,170.35,170.85,373734,63854089.4,14636.0,317665.0,85.0
PRESTIGE,EQ,28-Mar-2014,168.6,169.95,170.75,167.0,169.0,169.15,169.05,99535,16826023.6,4573.0,54797.0,55.05
PRESTIGE,EQ,27-Mar-2014,164.3,163.0,169.8,163.0,167.4,168.6,166.76,103403,17243238.3,2458.0,83827.0,81.07
PRESTIGE,EQ,26-Mar-2014,163.55,163.5,169.85,163.25,165.0,164.3,166.31,126736,21077843.6,3830.0,45025.0,35.53
PRESTIGE,EQ,25-Mar-2014,166.6,166.8,167.9,162.0,163.35,163.55,164.88,93222,15370332.65,4801.0,45161.0,48.44
PRESTIGE,EQ,24-Mar-2014,157.4,156.55,167.9,156.25,166.0,166.6,164.32,345837,56827861.45,10586.0,157069.0,45.42
PRESTIGE,EQ,22-Mar-2014,156.35,157.3,159.0,155.3,159.0,157.4,157.12,5655,888486.25,307.0,2013.0,35.6
PRESTIGE,EQ,21-Mar-2014,153.35,152.05,160.0,152.05,157.4,156.35,156.93,102335,16059249.85,7028.0,59949.0,58.58
PRESTIGE,EQ,20-Mar-2014,153.55,153.0,162.45,151.65,153.4,153.35,158.12,302132,47772756.65,15158.0,128029.0,42.38
PRESTIGE,EQ,19-Mar-2014,156.85,157.75,158.0,151.35,153.25,153.55,154.54,49140,7594009.05,2738.0,32146.0,65.42
PRESTIGE,EQ,18-Mar-2014,156.8,157.0,161.0,156.0,157.45,156.85,157.44,112526,17715783.4,5716.0,76837.0,68.28
PRESTIGE,EQ,14-Mar-2014,160.65,157.15,159.4,154.5,156.2,156.8,156.42,66118,10342367.3,2863.0,30549.0,46.2
PRESTIGE,EQ,13-Mar-2014,162.1,163.0,165.0,160.05,160.7,160.65,162.64,186816,30383004.8,1762.0,149936.0,80.26
PRESTIGE,EQ,12-Mar-2014,166.3,164.15,166.75,161.05,162.6,162.1,164.32,187677,30838856.05,7344.0,131809.0,70.23
PRESTIGE,EQ,11-Mar-2014,166.35,164.5,171.15,163.5,164.0,166.3,167.48,262594,43979295.55,12378.0,143306.0,54.57
PRESTIGE,EQ,10-Mar-2014,175.05,174.5,174.5,164.15,164.5,166.35,166.82,554450,92493481.95,15001.0,418141.0,75.42
PRESTIGE,EQ,07-Mar-2014,162.75,164.0,183.0,158.2,174.3,175.05,172.66,968394,167199228.55,22062.0,364943.0,37.69
PRESTIGE,EQ,06-Mar-2014,145.75,147.0,169.1,147.0,163.75,162.75,158.86,1075662,170874811.1,17910.0,326224.0,30.33
PRESTIGE,EQ,05-Mar-2014,135.45,136.1,146.5,135.2,146.0,145.75,138.96,531868,73907334.45,5770.0,354909.0,66.73
PRESTIGE,EQ,04-Mar-2014,134.0,133.25,136.0,132.5,135.05,135.45,134.61,118250,15917407.4,3133.0,91733.0,77.58
PRESTIGE,EQ,03-Mar-2014,132.2,132.15,135.35,132.1,133.7,134.0,134.06,251819,33758271.5,1788.0,245623.0,97.54
PRESTIGE,EQ,28-Feb-2014,135.0,136.0,136.0,131.2,131.7,132.2,133.86,181020,24230456.9,2095.0,172167.0,95.11
PRESTIGE,EQ,26-Feb-2014,137.25,137.7,138.0,134.0,134.1,135.0,135.55,112218,15210843.75,5254.0,97878.0,87.22
PRESTIGE,EQ,25-Feb-2014,134.7,134.05,139.7,134.05,136.9,137.25,136.81,146000,19974895.9,4143.0,109602.0,75.07
PRESTIGE,EQ,24-Feb-2014,135.5,135.65,137.4,133.7,135.0,134.7,135.32,42858,5799668.7,3703.0,22641.0,52.83
PRESTIGE,EQ,21-Feb-2014,134.5,134.6,137.3,134.6,136.5,135.5,135.73,20030,2718715.25,1181.0,10311.0,51.48
PRESTIGE,EQ,20-Feb-2014,138.05,137.6,138.5,133.5,136.5,134.5,134.99,689174,93029902.7,913.0,524786.0,76.15
PRESTIGE,EQ,19-Feb-2014,135.0,134.2,139.95,134.1,139.05,138.05,137.25,27804,3815994.55,821.0,17495.0,62.92
PRESTIGE,EQ,18-Feb-2014,132.3,132.1,135.5,132.0,135.1,135.0,134.6,59495,8008108.0,1383.0,44441.0,74.7
PRESTIGE,EQ,17-Feb-2014,134.2,133.0,135.25,132.05,132.05,132.3,133.17,18657,2484600.75,921.0,11079.0,59.38
PRESTIGE,EQ,14-Feb-2014,136.2,135.7,137.0,132.0,134.2,134.2,134.24,32338,4341207.1,2141.0,19112.0,59.1
PRESTIGE,EQ,13-Feb-2014,135.4,134.55,140.0,134.55,135.25,136.2,137.84,75221,10368556.1,2692.0,30738.0,40.86
PRESTIGE,EQ,12-Feb-2014,135.2,135.3,136.5,134.55,135.15,135.4,135.6,20490,2778458.15,1121.0,11975.0,58.44
PRESTIGE,EQ,11-Feb-2014,136.45,136.3,139.0,134.5,135.8,135.2,136.08,35957,4893086.55,1603.0,21562.0,59.97
PRESTIGE,EQ,10-Feb-2014,137.4,136.5,139.9,135.5,135.55,136.45,137.85,25510,3516619.15,1516.0,15993.0,62.69
PRESTIGE,EQ,07-Feb-2014,137.35,141.7,141.7,136.25,138.0,137.4,139.1,75230,10464561.35,1391.0,60040.0,79.81
PRESTIGE,EQ,06-Feb-2014,141.0,141.0,142.7,136.1,137.9,137.35,138.9,53288,7401454.75,3820.0,29551.0,55.46
PRESTIGE,EQ,05-Feb-2014,137.25,137.0,142.0,137.0,140.0,141.0,140.0,240172,33625181.6,8002.0,145554.0,60.6
PRESTIGE,EQ,04-Feb-2014,140.7,139.0,140.0,136.6,136.8,137.25,138.0,50464,6964216.6,3007.0,34374.0,68.12
PRESTIGE,EQ,03-Feb-2014,139.35,139.35,144.7,139.35,139.5,140.7,141.48,23998,3395159.9,1074.0,11994.0,49.98
PRESTIGE,EQ,31-Jan-2014,142.25,142.5,143.25,138.15,140.0,139.35,139.8,57946,8100871.85,2489.0,35858.0,61.88
PRESTIGE,EQ,30-Jan-2014,144.95,142.6,144.7,140.65,142.25,142.25,142.76,38986,5565826.05,1128.0,31849.0,81.69
PRESTIGE,EQ,29-Jan-2014,143.75,144.7,149.5,143.3,146.0,144.95,147.09,54494,8015380.6,2488.0,30734.0,56.4
PRESTIGE,EQ,28-Jan-2014,141.4,139.95,147.0,139.4,143.8,143.75,143.64,57877,8313440.15,3494.0,33230.0,57.41
PRESTIGE,EQ,27-Jan-2014,152.9,150.0,152.5,138.5,139.4,141.4,146.75,87154,12789715.25,4979.0,49040.0,56.27
PRESTIGE,EQ,24-Jan-2014,155.45,154.8,156.95,152.05,152.1,152.9,154.93,390696,60531032.4,2691.0,358194.0,91.68
PRESTIGE,EQ,23-Jan-2014,152.45,152.7,156.95,152.1,155.35,155.45,155.13,273709,42459730.15,3644.0,198401.0,72.49
PRESTIGE,EQ,22-Jan-2014,150.3,151.0,153.65,149.5,153.0,152.45,151.97,238699,36273979.35,2025.0,214011.0,89.66
PRESTIGE,EQ,21-Jan-2014,152.85,153.0,155.5,147.0,150.3,150.3,151.42,72998,11053491.05,2125.0,37028.0,50.72
PRESTIGE,EQ,20-Jan-2014,146.45,145.0,153.8,144.9,152.95,152.85,150.51,190045,28603918.65,3903.0,124370.0,65.44
PRESTIGE,EQ,17-Jan-2014,144.45,145.2,148.95,144.1,147.0,146.45,146.82,121049,17772485.95,3698.0,53294.0,44.03
PRESTIGE,EQ,16-Jan-2014,138.0,138.05,146.4,138.05,145.65,144.45,142.33,305409,43468521.8,12670.0,130442.0,42.71
PRESTIGE,EQ,15-Jan-2014,142.45,143.7,143.7,135.65,138.0,138.0,138.71,426367,59141935.0,12191.0,298322.0,69.97
PRESTIGE,EQ,14-Jan-2014,146.8,146.85,146.85,141.5,143.0,142.45,144.83,195561,28323951.85,5062.0,166852.0,85.32
PRESTIGE,EQ,13-Jan-2014,147.95,149.4,151.5,146.0,146.2,146.8,148.02,80729,11949421.3,4254.0,52160.0,64.61
PRESTIGE,EQ,10-Jan-2014,149.15,150.4,151.5,146.2,149.95,147.95,148.62,90340,13426542.45,4301.0,47876.0,53.0
PRESTIGE,EQ,09-Jan-2014,156.85,157.5,161.6,148.05,148.05,149.15,154.45,433610,66969387.75,21786.0,249433.0,57.52
PRESTIGE,EQ,08-Jan-2014,152.85,153.2,164.7,152.1,155.1,156.85,159.33,180551,28766579.0,6142.0,63607.0,35.23
PRESTIGE,EQ,07-Jan-2014,155.55,155.15,156.25,152.05,152.75,152.85,153.72,27349,4204189.25,2616.0,18335.0,67.04
PRESTIGE,EQ,06-Jan-2014,156.9,157.0,158.5,155.3,155.65,155.55,156.87,24801,3890633.25,911.0,17726.0,71.47
PRESTIGE,EQ,03-Jan-2014,156.4,155.5,158.0,152.9,158.0,156.9,155.39,43189,6711292.25,920.0,32968.0,76.33
PRESTIGE,EQ,02-Jan-2014,161.3,161.4,164.9,155.15,156.0,156.4,161.82,306368,49575145.0,3601.0,269283.0,87.9
PRESTIGE,EQ,01-Jan-2014,162.45,163.65,165.4,160.15,161.8,161.3,162.56,60513,9836775.3,1303.0,45193.0,74.68
PRESTIGE,EQ,31-Dec-2013,166.8,167.45,167.95,161.7,162.0,162.45,164.28,121060,19887973.85,3819.0,98191.0,81.11
PRESTIGE,EQ,30-Dec-2015,195.1,195.05,198.9,194.1,194.95,194.5,195.33,37072,7241419.65,1936.0,19297.0,52.05
PRESTIGE,EQ,29-Dec-2015,194.5,195.9,199.0,194.6,195.40,195.1,197.14,93470,18426755.9,4333.0,64853.0,69.38
PRESTIGE,EQ,28-Dec-2015,194.55,194.95,195.9,194.0,194.20,194.5,194.66,34538,6723173.7,964.0,14892.0,43.12
PRESTIGE,EQ,24-Dec-2015,194.4,195.65,197.65,194.0,194.50,194.55,195.29,47370,9250987.75,1301.0,20704.0,43.71
PRESTIGE,EQ,23-Dec-2015,194.4,198.1,203.9,193.8,194.10,194.4,197.86,294249,58221406.25,9214.0,134403.0,45.68
PRESTIGE,EQ,22-Dec-2015,196.9,197.95,199.9,193.0,193.70,194.4,196.39,67794,13314346.9,3025.0,40177.0,59.26
PRESTIGE,EQ,21-Dec-2015,196.15,197.7,198.6,194.7,197.40,196.9,197.34,22960,4531040.5,581.0,13839.0,60.27
PRESTIGE,EQ,18-Dec-2015,197.35,197.75,200.2,195.05,195.70,196.15,196.85,141958,27944528.8,6477.0,118619.0,83.56
PRESTIGE,EQ,17-Dec-2015,197.95,199.7,203.35,196.1,197.20,197.35,199.93,139006,27791435.7,8553.0,81107.0,58.35
PRESTIGE,EQ,16-Dec-2015,199.5,200.95,202.0,196.0,198.15,197.95,200.19,94491,18916311.9,8616.0,66490.0,70.37
PRESTIGE,EQ,15-Dec-2015,196.0,197.9,202.9,197.9,198.40,199.5,201.05,85976,17285758.95,5972.0,41080.0,47.78
PRESTIGE,EQ,14-Dec-2015,196.45,195.45,197.65,192.2,196.30,196.0,195.65,63092,12343712.35,3204.0,43464.0,68.89
PRESTIGE,EQ,11-Dec-2015,208.75,209.5,209.5,194.5,196.05,196.45,198.09,270545,53591535.2,12649.0,145743.0,53.87
PRESTIGE,EQ,10-Dec-2015,202.15,206.0,211.9,205.9,210.00,208.75,208.58,54239,11313354.75,2762.0,19939.0,36.76
PRESTIGE,EQ,09-Dec-2015,208.95,211.5,211.5,201.0,202.95,202.15,203.44,64802,13183326.4,4382.0,42466.0,65.53
PRESTIGE,EQ,08-Dec-2015,218.25,218.0,219.9,206.9,207.85,208.95,212.7,33113,7043008.9,3231.0,21821.0,65.9
PRESTIGE,EQ,07-Dec-2015,212.85,212.65,222.0,212.65,219.20,218.25,218.13,76482,16683083.9,6266.0,42620.0,55.73
PRESTIGE,EQ,04-Dec-2015,217.95,214.9,217.9,211.9,213.50,212.85,214.13,46795,10020370.05,3627.0,28559.0,61.03
PRESTIGE,EQ,03-Dec-2015,215.05,215.3,221.65,210.0,218.00,217.95,217.88,135232,29464248.35,4718.0,61399.0,45.4
PRESTIGE,EQ,02-Dec-2015,204.1,203.05,224.85,203.05,215.45,215.05,218.03,435081,94860802.3,10671.0,186785.0,42.93
PRESTIGE,EQ,01-Dec-2015,203.1,205.75,206.9,203.0,205.30,204.1,204.55,18460,3776016.5,652.0,10794.0,58.47
PRESTIGE,EQ,30-Nov-2015,203.75,204.7,207.4,202.1,203.00,203.1,203.61,67460,13735766.8,1733.0,36026.0,53.4
PRESTIGE,EQ,27-Nov-2015,203.05,204.85,205.5,201.1,205.50,203.75,203.13,157892,32072718.6,2817.0,134060.0,84.91
PRESTIGE,EQ,26-Nov-2015,205.45,207.6,207.6,202.15,203.95,203.05,203.72,180519,36775656.45,3983.0,164564.0,91.16
PRESTIGE,EQ,24-Nov-2015,201.75,200.0,208.0,200.0,205.65,205.45,205.25,57655,11833697.35,3069.0,31110.0,53.96
PRESTIGE,EQ,23-Nov-2015,190.45,192.35,204.9,190.65,202.20,201.75,200.62,189995,38116822.8,8179.0,75151.0,39.55
PRESTIGE,EQ,20-Nov-2015,188.25,189.0,193.8,187.5,190.00,190.45,191.33,88618,16955212.3,4739.0,61202.0,69.06
PRESTIGE,EQ,19-Nov-2015,190.75,193.0,193.55,185.5,189.00,188.25,190.06,36472,6931852.9,1792.0,23872.0,65.45
PRESTIGE,EQ,18-Nov-2015,194.1,193.7,195.55,190.0,191.50,190.75,191.78,44985,8627083.9,2204.0,30270.0,67.29
PRESTIGE,EQ,17-Nov-2015,195.2,196.7,197.55,193.3,193.75,194.1,195.27,51918,10137805.3,4299.0,35003.0,67.42
PRESTIGE,EQ,16-Nov-2015,195.85,193.0,198.0,193.0,195.70,195.2,195.76,92092,18027699.35,4018.0,58135.0,63.13
PRESTIGE,EQ,13-Nov-2015,193.65,194.0,198.05,190.3,196.40,195.85,194.87,273368,53270467.15,8535.0,216078.0,79.04
PRESTIGE,EQ,11-Nov-2015,188.6,192.0,197.0,191.3,196.40,193.65,193.37,28604,5531050.75,636.0,19799.0,69.22
PRESTIGE,EQ,10-Nov-2015,194.8,199.5,201.0,185.0,189.40,188.6,193.02,280171,54079955.7,8871.0,160428.0,57.26
PRESTIGE,EQ,09-Nov-2015,198.8,198.8,198.8,193.2,194.70,194.8,195.01,27801,5421519.35,970.0,17321.0,62.3
PRESTIGE,EQ,06-Nov-2015,200.1,200.55,203.2,196.1,199.00,198.8,199.33,13629,2716669.5,544.0,7620.0,55.91
PRESTIGE,EQ,05-Nov-2015,203.55,205.8,205.8,198.65,201.95,200.1,201.52,16386,3302040.85,778.0,6046.0,36.9
PRESTIGE,EQ,04-Nov-2015,205.1,206.0,207.7,202.6,203.60,203.55,205.45,12992,2669206.6,499.0,4306.0,33.14
PRESTIGE,EQ,03-Nov-2015,201.4,202.5,206.0,202.5,205.45,205.1,204.77,26276,5380503.7,1281.0,14092.0,53.63
PRESTIGE,EQ,02-Nov-2015,203.45,205.05,206.65,201.0,201.70,201.4,202.15,35903,7257672.65,1998.0,20237.0,56.37
PRESTIGE,EQ,30-Oct-2015,207.15,207.75,210.0,202.6,202.65,203.45,206.1,43606,8987038.65,1515.0,26709.0,61.25
PRESTIGE,EQ,29-Oct-2015,207.85,208.55,209.2,205.0,207.50,207.15,207.15,18023,3733383.75,541.0,10486.0,58.18
PRESTIGE,EQ,28-Oct-2015,208.7,208.05,211.9,207.25,207.85,207.85,208.61,13458,2807524.45,545.0,5788.0,43.01
PRESTIGE,EQ,27-Oct-2015,207.1,209.4,210.75,204.25,209.65,208.7,208.09,23476,4885154.85,1559.0,11372.0,48.44
PRESTIGE,EQ,26-Oct-2015,209.25,210.6,212.4,206.0,207.00,207.1,207.96,26691,5550738.7,1302.0,16865.0,63.19
PRESTIGE,EQ,23-Oct-2015,216.1,217.25,219.8,208.3,208.75,209.25,213.91,72465,15500838.85,3229.0,46524.0,64.2
PRESTIGE,EQ,21-Oct-2015,219.1,219.9,220.4,213.75,216.45,216.1,216.68,36092,7820307.9,1599.0,18004.0,49.88
PRESTIGE,EQ,20-Oct-2015,217.3,218.4,219.9,215.0,219.00,219.1,218.28,71011,15500284.6,2594.0,49199.0,69.28
PRESTIGE,EQ,19-Oct-2015,216.15,217.25,220.75,215.7,217.65,217.3,217.87,49540,10793501.25,2225.0,29086.0,58.71
PRESTIGE,EQ,16-Oct-2015,218.0,219.0,221.9,213.55,216.00,216.15,216.91,26037,5647801.5,930.0,9660.0,37.1
PRESTIGE,EQ,15-Oct-2015,213.25,214.75,222.9,212.05,219.50,218.0,218.59,119212,26058215.6,3303.0,50279.0,42.18
PRESTIGE,EQ,14-Oct-2015,208.05,208.3,214.0,207.0,213.25,213.25,211.54,64725,13691839.15,1483.0,36574.0,56.51
PRESTIGE,EQ,13-Oct-2015,206.8,208.7,209.8,206.0,209.80,208.05,207.51,31560,6548913.4,718.0,14620.0,46.32
PRESTIGE,EQ,12-Oct-2015,207.45,207.65,209.4,204.75,206.30,206.8,207.13,30583,6334709.6,883.0,12463.0,40.75
PRESTIGE,EQ,09-Oct-2015,205.7,208.9,209.6,206.0,208.00,207.45,208.59,149774,31241279.85,1346.0,128648.0,85.89
PRESTIGE,EQ,08-Oct-2015,208.15,209.95,209.95,205.0,206.20,205.7,206.98,58864,12183782.25,1897.0,37570.0,63.83
PRESTIGE,EQ,07-Oct-2015,207.45,209.2,212.0,207.2,208.85,208.15,209.54,59727,12515331.65,1819.0,27367.0,45.82
PRESTIGE,EQ,06-Oct-2015,211.75,213.05,223.75,202.5,207.50,207.45,211.53,106947,22622590.95,2579.0,46804.0,43.76
PRESTIGE,EQ,05-Oct-2015,214.05,216.0,217.0,210.6,211.40,211.75,213.82,68755,14701530.3,2003.0,30288.0,44.05
PRESTIGE,EQ,01-Oct-2015,215.5,218.9,219.9,212.5,213.35,214.05,216.86,51180,11098785.0,1225.0,17210.0,33.63
PRESTIGE,EQ,30-Sep-2015,210.95,214.75,219.5,212.65,214.65,215.5,216.25,202628,43817396.5,7680.0,122696.0,60.55
PRESTIGE,EQ,29-Sep-2015,211.7,206.3,213.3,206.25,208.50,210.95,210.75,701261,147791313.2,7847.0,631910.0,90.11
PRESTIGE,EQ,28-Sep-2015,208.75,209.0,214.5,208.0,211.85,211.7,212.21,60202,12775408.55,6062.0,39076.0,64.91
PRESTIGE,EQ,24-Sep-2015,207.15,210.0,211.9,207.3,207.65,208.75,209.08,34938,7304751.5,1582.0,18514.0,52.99
PRESTIGE,EQ,23-Sep-2015,211.45,209.8,212.0,206.25,206.65,207.15,210.43,751618,158163979.75,4360.0,720155.0,95.81
PRESTIGE,EQ,22-Sep-2015,213.6,216.65,217.5,209.55,210.95,211.45,213.28,80388,17145242.65,1928.0,59726.0,74.3
PRESTIGE,EQ,21-Sep-2015,212.7,210.0,215.65,207.05,214.00,213.6,212.49,309663,65799725.6,6688.0,276616.0,89.33
PRESTIGE,EQ,18-Sep-2015,211.55,215.0,220.8,206.6,208.25,212.7,215.27,190323,40971010.0,10896.0,113882.0,59.84
PRESTIGE,EQ,16-Sep-2015,212.2,214.55,216.6,210.2,210.30,211.55,213.06,78802,16789647.8,9724.0,53906.0,68.41
PRESTIGE,EQ,15-Sep-2015,215.6,217.8,217.8,210.2,212.20,212.2,213.97,112377,24045668.3,5772.0,89829.0,79.94
PRESTIGE,EQ,14-Sep-2015,212.45,211.3,222.75,211.3,213.55,215.6,218.55,196523,42949947.35,9739.0,110111.0,56.03
PRESTIGE,EQ,11-Sep-2015,204.0,206.85,214.45,206.0,212.55,212.45,210.33,78904,16596002.0,6642.0,38867.0,49.26
PRESTIGE,EQ,10-Sep-2015,210.4,208.0,211.9,202.55,204.00,204.0,205.82,193606,39848605.3,9630.0,143303.0,74.02
PRESTIGE,EQ,09-Sep-2015,202.5,207.0,219.0,205.75,206.60,210.4,214.05,309864,66327246.0,17028.0,149837.0,48.36
PRESTIGE,EQ,08-Sep-2015,204.15,204.25,207.3,197.65,204.75,202.5,201.38,608643,122569112.0,26727.0,483979.0,79.52
PRESTIGE,EQ,07-Sep-2015,203.25,205.0,207.9,201.3,206.70,204.15,204.67,2247242,459942178.55,3530.0,2208815.0,98.29
PRESTIGE,EQ,04-Sep-2015,202.65,202.2,213.9,194.0,203.10,203.25,202.49,398742,80740363.3,12844.0,284910.0,71.45
PRESTIGE,EQ,03-Sep-2015,203.05,203.5,207.75,200.35,202.20,202.65,203.98,149724,30541308.35,6890.0,106928.0,71.42
PRESTIGE,EQ,02-Sep-2015,203.85,203.85,209.5,201.0,203.00,203.05,203.55,165483,33684092.5,5312.0,139029.0,84.01
PRESTIGE,EQ,01-Sep-2015,203.2,201.5,205.7,200.65,204.90,203.85,203.31,156121,31741324.4,13279.0,112552.0,72.09
PRESTIGE,EQ,31-Aug-2015,211.3,210.0,212.8,201.75,202.30,203.2,205.73,242631,49917114.45,28812.0,182580.0,75.25
PRESTIGE,EQ,28-Aug-2015,202.4,205.8,214.0,205.8,210.50,211.3,210.39,85141,17912955.4,7474.0,45963.0,53.98
PRESTIGE,EQ,27-Aug-2015,190.2,196.25,204.8,192.6,202.30,202.4,197.66,116191,22966493.6,13916.0,68132.0,58.64
PRESTIGE,EQ,26-Aug-2015,194.4,196.0,196.0,184.3,191.80,190.2,189.68,239741,45474752.05,21771.0,138368.0,57.72
PRESTIGE,EQ,25-Aug-2015,184.1,185.0,197.9,185.0,196.90,194.4,190.34,1734513,330154001.35,12323.0,1635206.0,94.27
PRESTIGE,EQ,24-Aug-2015,197.9,190.05,192.15,180.1,185.00,184.1,184.58,489875,90422390.1,5187.0,395527.0,80.74
PRESTIGE,EQ,21-Aug-2015,202.4,200.9,200.9,193.35,196.85,197.9,196.07,715156,140220724.6,5449.0,639796.0,89.46
PRESTIGE,EQ,20-Aug-2015,209.7,209.9,212.25,201.0,201.50,202.4,206.82,213475,44151923.8,4240.0,175837.0,82.37
PRESTIGE,EQ,19-Aug-2015,216.6,215.5,217.0,206.0,209.90,209.7,213.03,1017891,216838873.55,11240.0,878991.0,86.35
PRESTIGE,EQ,18-Aug-2015,221.5,221.75,222.0,214.55,215.50,216.6,216.69,289769,62789799.7,7074.0,198034.0,68.34
PRESTIGE,EQ,17-Aug-2015,217.95,217.0,223.55,214.0,220.70,221.5,219.43,204941,44970495.7,7093.0,141173.0,68.88
PRESTIGE,EQ,14-Aug-2015,210.75,213.2,219.1,210.3,218.85,217.95,214.94,424446,91229388.95,8578.0,341785.0,80.52
PRESTIGE,EQ,13-Aug-2015,208.15,207.0,211.65,206.35,210.20,210.75,210.21,526205,110613064.6,21469.0,424260.0,80.63
PRESTIGE,EQ,12-Aug-2015,224.35,225.0,225.0,202.5,206.25,208.15,217.14,1645371,357273830.45,29530.0,1507981.0,91.65
PRESTIGE,EQ,11-Aug-2015,222.7,223.5,226.7,220.35,224.05,224.35,224.62,114041,25615777.6,4341.0,75024.0,65.79
PRESTIGE,EQ,10-Aug-2015,221.55,224.0,229.0,221.0,221.80,222.7,225.54,65538,14781454.05,1979.0,40225.0,61.38
PRESTIGE,EQ,07-Aug-2015,227.6,229.9,231.0,218.1,223.00,221.55,223.01,172214,38405934.5,3981.0,112012.0,65.04
PRESTIGE,EQ,06-Aug-2015,222.2,221.7,228.7,221.0,228.30,227.6,225.49,190848,43035226.65,7128.0,136189.0,71.36
PRESTIGE,EQ,05-Aug-2015,222.05,223.45,225.75,214.7,219.90,222.2,223.53,678486,151662780.5,5959.0,596896.0,87.97
PRESTIGE,EQ,04-Aug-2015,221.0,220.1,226.55,219.0,222.00,222.05,222.09,592981,131696872.95,3100.0,553263.0,93.3
PRESTIGE,EQ,03-Aug-2015,220.0,220.0,223.0,220.0,220.15,221.0,221.24,96245,21293152.95,5036.0,62770.0,65.22
PRESTIGE,EQ,31-Jul-2015,210.65,211.9,222.8,211.0,220.00,220.0,219.69,665030,146098788.35,7479.0,579432.0,87.13
PRESTIGE,EQ,30-Jul-2015,207.5,209.0,213.9,206.3,210.00,210.65,210.33,151858,31940335.2,6352.0,78802.0,51.89
PRESTIGE,EQ,29-Jul-2015,206.05,206.0,211.5,202.55,207.45,207.5,205.69,278239,57231927.8,9827.0,146542.0,52.67
PRESTIGE,EQ,28-Jul-2015,213.95,213.2,220.25,202.25,207.00,206.05,206.53,472096,97502044.6,13760.0,329459.0,69.79
PRESTIGE,EQ,27-Jul-2015,219.2,219.5,224.0,212.9,214.30,213.95,215.05,129310,27808505.75,3715.0,98166.0,75.92
PRESTIGE,EQ,24-Jul-2015,222.45,225.9,225.9,216.6,220.00,219.2,220.2,1181831,260240414.8,4211.0,1103639.0,93.38
PRESTIGE,EQ,23-Jul-2015,223.35,226.5,226.5,221.8,223.00,222.45,223.02,425672,94931558.65,6440.0,380444.0,89.37
PRESTIGE,EQ,22-Jul-2015,226.85,226.0,226.5,222.1,224.00,223.35,223.77,281322,62951475.15,2636.0,247555.0,88.0
PRESTIGE,EQ,21-Jul-2015,224.55,224.8,230.4,224.8,226.65,226.85,227.65,370909,84435890.25,6974.0,293952.0,79.25
PRESTIGE,EQ,20-Jul-2015,232.75,233.9,234.5,221.35,223.00,224.55,226.48,395144,89492791.95,16349.0,337838.0,85.5
PRESTIGE,EQ,17-Jul-2015,237.3,238.0,238.35,232.0,232.20,232.75,234.61,319585,74977532.5,6887.0,285357.0,89.29
PRESTIGE,EQ,16-Jul-2015,240.0,240.0,242.15,236.7,237.50,237.3,238.5,192310,45866757.8,9870.0,157181.0,81.73
PRESTIGE,EQ,15-Jul-2015,239.45,240.0,240.8,236.7,239.65,240.0,239.67,209381,50182230.4,8778.0,160543.0,76.68
PRESTIGE,EQ,14-Jul-2015,241.8,243.0,243.6,238.1,239.05,239.45,241.62,231109,55839909.55,5159.0,206274.0,89.25
PRESTIGE,EQ,13-Jul-2015,244.95,247.65,247.65,238.25,241.60,241.8,240.97,95654,23049473.5,7181.0,53445.0,55.87
PRESTIGE,EQ,10-Jul-2015,240.2,243.95,248.0,243.0,244.60,244.95,244.99,588033,144062602.8,10015.0,537767.0,91.45
PRESTIGE,EQ,09-Jul-2015,244.6,248.65,250.5,239.0,239.60,240.2,243.1,120430,29276894.35,8078.0,80738.0,67.04
PRESTIGE,EQ,08-Jul-2015,248.75,245.05,249.5,243.1,244.40,244.6,246.19,30501,7509000.95,3272.0,16024.0,52.54
PRESTIGE,EQ,07-Jul-2015,246.5,248.7,254.8,246.55,248.65,248.75,249.51,321423,80199153.75,7074.0,279087.0,86.83
PRESTIGE,EQ,06-Jul-2015,248.2,244.55,249.95,243.35,246.60,246.5,247.33,43987,10879335.3,2502.0,22797.0,51.83
PRESTIGE,EQ,03-Jul-2015,251.0,250.0,253.9,247.2,248.00,248.2,250.68,61635,15450780.7,6033.0,26895.0,43.64
PRESTIGE,EQ,02-Jul-2015,252.1,250.1,254.7,250.1,251.50,251.0,252.38,38843,9803186.5,2646.0,20197.0,52.0
PRESTIGE,EQ,01-Jul-2015,247.2,252.5,254.0,250.0,251.00,252.1,252.26,214765,54175799.6,4345.0,143074.0,66.62
PRESTIGE,EQ,30-Jun-2015,245.5,245.0,249.0,245.0,247.45,247.2,247.36,957060,236734376.45,3289.0,441890.0,46.17
PRESTIGE,EQ,29-Jun-2015,249.3,245.0,247.5,241.95,245.00,245.5,244.97,29503,7227258.15,1619.0,13878.0,47.04
PRESTIGE,EQ,26-Jun-2015,250.9,252.5,254.95,248.15,248.75,249.3,251.23,69818,17540440.65,4063.0,29014.0,41.56
PRESTIGE,EQ,25-Jun-2015,254.5,253.0,255.9,250.1,251.30,250.9,253.08,50142,12689786.95,3405.0,20649.0,41.18
PRESTIGE,EQ,24-Jun-2015,253.9,255.55,260.9,253.15,254.00,254.5,257.63,171386,44154805.15,6573.0,75428.0,44.01
PRESTIGE,EQ,23-Jun-2015,251.2,251.2,259.4,251.2,253.75,253.9,255.79,118920,30419007.45,5886.0,59644.0,50.15
PRESTIGE,EQ,22-Jun-2015,243.45,244.8,252.0,243.45,250.50,251.2,249.65,176469,44055044.05,11266.0,108466.0,61.46
PRESTIGE,EQ,19-Jun-2015,246.55,249.8,253.0,242.2,242.80,243.45,245.77,1074684,264126966.75,6913.0,976211.0,90.84
PRESTIGE,EQ,18-Jun-2015,245.4,249.35,249.5,243.8,246.95,246.55,246.89,106086,26191815.7,6123.0,55190.0,52.02
PRESTIGE,EQ,17-Jun-2015,250.4,250.2,254.4,244.85,245.75,245.4,250.24,623020,155903821.15,5657.0,571013.0,91.65
PRESTIGE,EQ,16-Jun-2015,253.65,254.4,256.35,249.0,250.90,250.4,251.16,43258,10864788.65,3263.0,22495.0,52.0
PRESTIGE,EQ,15-Jun-2015,253.45,258.3,258.3,252.6,253.25,253.65,254.25,31203,7933488.7,3000.0,14808.0,47.46
PRESTIGE,EQ,12-Jun-2015,258.35,252.4,256.45,248.3,255.80,253.45,253.02,55751,14106267.3,2508.0,14945.0,26.81
PRESTIGE,EQ,11-Jun-2015,253.4,253.4,268.7,253.4,256.95,258.35,262.94,213622,56170191.45,7883.0,81316.0,38.07
PRESTIGE,EQ,10-Jun-2015,249.5,249.55,257.4,248.7,253.25,253.4,252.58,1053760,266153449.0,2211.0,1024593.0,97.23
PRESTIGE,EQ,09-Jun-2015,250.2,253.9,254.9,244.0,253.00,249.5,249.11,164424,40958868.3,12049.0,109214.0,66.42
PRESTIGE,EQ,08-Jun-2015,257.2,257.2,259.35,245.75,249.65,250.2,251.08,63803,16019683.05,3895.0,34556.0,54.16
PRESTIGE,EQ,05-Jun-2015,259.55,256.0,259.9,252.0,257.00,257.2,256.12,67658,17328688.65,4829.0,30598.0,45.22
PRESTIGE,EQ,04-Jun-2015,254.75,258.0,263.3,251.1,260.00,259.55,258.2,137646,35540481.35,6499.0,46528.0,33.8
PRESTIGE,EQ,03-Jun-2015,258.65,261.9,263.45,246.9,256.00,254.75,253.54,130167,33001996.0,4825.0,35340.0,27.15
PRESTIGE,EQ,02-Jun-2015,281.15,278.8,278.8,256.05,259.15,258.65,265.57,317904,84425051.35,11665.0,115070.0,36.2
PRESTIGE,EQ,01-Jun-2015,243.7,254.95,291.0,254.0,281.10,281.15,271.77,1029234,279712623.3,23754.0,224531.0,21.82
PRESTIGE,EQ,29-May-2015,258.7,260.0,268.0,233.0,256.00,243.7,249.78,761646,190243090.4,17527.0,531625.0,69.8
PRESTIGE,EQ,28-May-2015,259.95,260.0,264.9,256.5,258.25,258.7,259.46,417903,108430730.45,23006.0,326122.0,78.04
PRESTIGE,EQ,27-May-2015,265.0,261.0,263.15,243.95,260.00,259.95,257.96,598462,154377178.4,20376.0,422575.0,70.61
PRESTIGE,EQ,26-May-2015,267.35,269.15,269.7,263.75,264.10,265.0,266.34,28482,7585963.6,1785.0,16325.0,57.32
PRESTIGE,EQ,25-May-2015,269.85,269.8,271.95,266.0,267.55,267.35,267.82,21726,5818761.15,1077.0,7795.0,35.88
PRESTIGE,EQ,22-May-2015,269.6,270.95,273.4,269.0,270.00,269.85,270.23,33557,9068161.6,2451.0,20712.0,61.72
PRESTIGE,EQ,21-May-2015,268.75,268.3,271.0,265.5,268.30,269.6,269.34,409570,110312877.0,4416.0,376770.0,91.99
PRESTIGE,EQ,20-May-2015,269.95,268.0,275.7,267.5,269.00,268.75,271.03,77592,21029493.25,3824.0,36689.0,47.28
PRESTIGE,EQ,19-May-2015,269.95,268.3,273.15,268.0,268.65,269.95,270.21,111996,30262551.3,5980.0,75189.0,67.14
PRESTIGE,EQ,18-May-2015,273.5,273.5,273.5,268.5,270.00,269.95,270.11,47294,12774461.15,3653.0,26380.0,55.78
PRESTIGE,EQ,15-May-2015,265.25,267.8,282.0,267.05,274.30,273.5,275.32,276094,76013869.7,14582.0,153435.0,55.57
PRESTIGE,EQ,14-May-2015,262.4,261.7,269.5,256.25,267.50,265.25,261.52,185933,48625945.35,11960.0,86025.0,46.27
PRESTIGE,EQ,13-May-2015,270.4,272.9,272.9,259.85,260.00,262.4,264.27,839245,221786930.6,19904.0,752849.0,89.71
PRESTIGE,EQ,12-May-2015,279.6,279.75,279.75,267.0,270.05,270.4,270.41,421349,113938349.9,17219.0,285849.0,67.84
PRESTIGE,EQ,11-May-2015,261.45,263.35,293.2,262.3,280.00,279.6,279.69,424653,118773319.05,13582.0,219249.0,51.63
PRESTIGE,EQ,08-May-2015,250.4,252.0,264.0,252.0,261.50,261.45,257.28,697871,179547482.25,14226.0,638649.0,91.51
PRESTIGE,EQ,07-May-2015,256.6,265.0,267.95,245.25,252.90,250.4,251.46,1067870,268521793.7,34002.0,825865.0,77.34
PRESTIGE,EQ,06-May-2015,252.6,252.6,265.0,249.15,257.00,256.6,258.11,306204,79033366.65,24353.0,176743.0,57.72
PRESTIGE,EQ,05-May-2015,252.05,253.95,257.3,245.0,254.45,252.6,252.11,499201,125854981.8,7961.0,395174.0,79.16
PRESTIGE,EQ,04-May-2015,239.65,243.9,254.3,240.15,251.00,252.05,245.27,292395,71717095.0,9234.0,147541.0,50.46
PRESTIGE,EQ,30-Apr-2015,235.7,239.7,244.9,232.8,244.00,239.65,235.2,163540,38464377.25,9714.0,122365.0,74.82
PRESTIGE,EQ,29-Apr-2015,239.1,242.9,244.0,228.7,237.50,235.7,235.4,288743,67969013.85,13005.0,213165.0,73.83
PRESTIGE,EQ,28-Apr-2015,243.05,240.0,244.15,236.65,239.00,239.1,239.92,490753,117739789.7,11666.0,456112.0,92.94
PRESTIGE,EQ,27-Apr-2015,253.8,255.9,255.9,238.4,243.15,243.05,244.48,403727,98704821.25,7714.0,361245.0,89.48
PRESTIGE,EQ,24-Apr-2015,266.35,264.9,264.9,251.25,253.15,253.8,255.2,179234,45740286.55,6052.0,146472.0,81.72
PRESTIGE,EQ,23-Apr-2015,270.15,272.0,279.8,261.45,263.40,266.35,268.12,1113465,298545183.4,12791.0,1013910.0,91.06
PRESTIGE,EQ,22-Apr-2015,263.9,261.0,273.0,261.0,270.85,270.15,268.42,429711,115344905.0,11763.0,332030.0,77.27
PRESTIGE,EQ,21-Apr-2015,259.25,260.1,266.0,260.1,263.90,263.9,262.72,165129,43381922.95,2759.0,138270.0,83.73
PRESTIGE,EQ,20-Apr-2015,263.7,263.0,265.7,257.45,259.50,259.25,261.39,151173,39515457.95,2387.0,97387.0,64.42
PRESTIGE,EQ,17-Apr-2015,263.55,264.05,268.0,263.0,263.00,263.7,264.56,58478,15471101.7,3343.0,31057.0,53.11
PRESTIGE,EQ,16-Apr-2015,270.4,274.75,274.9,263.0,263.60,263.55,267.81,205615,55065268.95,8868.0,121318.0,59.0
PRESTIGE,EQ,15-Apr-2015,263.85,265.95,273.25,263.1,271.00,270.4,269.27,202130,54426836.05,7861.0,136943.0,67.75
PRESTIGE,EQ,13-Apr-2015,265.8,265.8,270.9,263.2,263.50,263.85,266.41,108637,28941886.45,4917.0,66008.0,60.76
PRESTIGE,EQ,10-Apr-2015,270.45,274.9,274.9,264.3,266.00,265.8,267.82,141123,37795324.95,7600.0,97656.0,69.2
PRESTIGE,EQ,09-Apr-2015,278.15,282.5,282.55,268.7,270.55,270.45,273.76,84979,23264116.9,8378.0,55996.0,65.89
PRESTIGE,EQ,08-Apr-2015,283.9,284.0,287.0,276.65,278.00,278.15,281.8,101951,28730260.45,4141.0,57646.0,56.54
PRESTIGE,EQ,07-Apr-2015,289.7,290.7,290.7,276.35,282.65,283.9,283.05,66599,18850776.4,3840.0,34160.0,51.29
PRESTIGE,EQ,06-Apr-2015,281.45,282.8,294.0,275.7,289.00,289.7,285.3,83154,23723818.6,3990.0,32390.0,38.95
PRESTIGE,EQ,01-Apr-2015,268.25,270.0,282.9,267.1,281.80,281.45,277.99,135834,37760430.8,4130.0,63823.0,46.99
PRESTIGE,EQ,31-Mar-2015,259.05,260.0,271.9,259.95,270.90,268.25,266.44,246035,65553250.15,8475.0,178295.0,72.47
PRESTIGE,EQ,30-Mar-2015,264.0,264.05,266.05,255.7,257.15,259.05,260.45,295097,76856850.4,11327.0,215292.0,72.96
PRESTIGE,EQ,27-Mar-2015,260.35,261.5,270.05,253.4,259.60,264.0,259.35,311192,80706474.75,11943.0,151677.0,48.74
PRESTIGE,EQ,26-Mar-2015,269.8,269.9,270.4,256.6,261.50,260.35,264.53,154952,40989335.75,11118.0,107787.0,69.56
PRESTIGE,EQ,25-Mar-2015,272.25,272.4,273.4,265.5,269.20,269.8,269.22,569908,153430918.75,4135.0,534090.0,93.72
PRESTIGE,EQ,24-Mar-2015,272.2,273.0,278.8,265.95,271.00,272.25,272.56,259560,70744525.6,15209.0,121995.0,47.0
PRESTIGE,EQ,23-Mar-2015,260.65,263.95,273.95,261.95,273.00,272.2,269.56,178472,48108762.55,8366.0,97732.0,54.76
PRESTIGE,EQ,20-Mar-2015,267.9,269.0,269.0,258.0,261.70,260.65,263.77,291851,76980103.7,5668.0,245817.0,84.23
PRESTIGE,EQ,19-Mar-2015,270.6,271.95,273.7,266.25,270.00,267.9,268.78,243915,65560663.75,10274.0,173224.0,71.02
PRESTIGE,EQ,18-Mar-2015,275.4,274.0,274.6,265.5,268.90,270.6,269.09,252612,67974487.5,10343.0,148423.0,58.76
PRESTIGE,EQ,17-Mar-2015,272.5,273.0,279.5,269.55,274.05,275.4,275.2,183841,50593071.55,4976.0,76592.0,41.66
PRESTIGE,EQ,16-Mar-2015,263.5,263.0,273.95,262.0,273.30,272.5,269.31,256383,69046702.8,8555.0,110997.0,43.29
PRESTIGE,EQ,13-Mar-2015,260.05,263.5,269.7,261.1,262.30,263.5,266.12,170659,45414957.75,4880.0,98122.0,57.5
PRESTIGE,EQ,12-Mar-2015,264.1,267.4,269.05,255.0,260.50,260.05,258.65,433345,112085374.6,11835.0,269305.0,62.15
PRESTIGE,EQ,11-Mar-2015,266.2,266.0,272.85,260.3,265.00,264.1,264.42,213112,56351308.85,8940.0,110669.0,51.93
PRESTIGE,EQ,10-Mar-2015,275.3,277.4,278.65,265.0,266.30,266.2,268.39,185524,49793446.3,7092.0,81902.0,44.15
PRESTIGE,EQ,09-Mar-2015,297.15,299.0,299.0,271.25,274.20,275.3,282.67,214676,60681886.1,6386.0,128360.0,59.79
PRESTIGE,EQ,05-Mar-2015,278.6,279.25,301.0,278.2,296.50,297.15,287.93,677456,195058351.2,11321.0,309046.0,45.62
PRESTIGE,EQ,04-Mar-2015,276.0,279.0,282.8,274.05,279.25,278.6,278.71,633149,176465344.85,8015.0,540161.0,85.31
PRESTIGE,EQ,03-Mar-2015,278.45,278.45,281.5,273.6,275.70,276.0,277.37,235689,65372652.05,6062.0,91184.0,38.69
PRESTIGE,EQ,02-Mar-2015,284.35,289.9,290.05,276.35,277.10,278.45,279.04,631094,176100134.85,10703.0,470177.0,74.5
PRESTIGE,EQ,28-Feb-2015,279.1,280.25,293.7,275.25,284.05,284.35,285.49,232623,66410508.9,4789.0,77622.0,33.37
PRESTIGE,EQ,27-Feb-2015,278.9,282.4,282.4,276.0,279.00,279.1,278.47,852953,237524464.1,3623.0,772968.0,90.62
PRESTIGE,EQ,26-Feb-2015,281.05,280.7,285.0,270.75,283.00,278.9,276.97,242401,67137210.5,6313.0,165701.0,68.36
PRESTIGE,EQ,25-Feb-2015,278.3,279.8,288.8,277.5,280.15,281.05,283.9,420811,119468043.7,4607.0,257803.0,61.26
PRESTIGE,EQ,24-Feb-2015,271.05,270.95,284.9,270.95,276.00,278.3,279.48,529518,147988082.05,33266.0,389848.0,73.62
PRESTIGE,EQ,23-Feb-2015,280.55,282.3,282.45,268.4,270.50,271.05,273.14,119104,32531546.25,4751.0,83702.0,70.28
PRESTIGE,EQ,20-Feb-2015,280.6,283.0,288.9,276.3,280.80,280.55,282.76,198896,56239483.7,10885.0,75260.0,37.84
PRESTIGE,EQ,19-Feb-2015,265.9,271.0,287.0,270.0,279.90,280.6,282.03,701415,197818306.4,23750.0,415199.0,59.19
PRESTIGE,EQ,18-Feb-2015,265.5,266.5,272.95,259.4,265.10,265.9,264.77,221768,58716846.1,7363.0,131123.0,59.13
PRESTIGE,EQ,16-Feb-2015,277.7,277.0,278.05,264.4,265.00,265.5,269.31,67638,18215717.25,3405.0,39485.0,58.38
PRESTIGE,EQ,13-Feb-2015,273.1,274.7,282.0,271.5,276.00,277.7,278.95,274933,76693616.4,13594.0,162604.0,59.14
PRESTIGE,EQ,12-Feb-2015,266.55,268.9,282.5,268.9,274.50,273.1,277.1,450317,124784907.15,10928.0,323612.0,71.86
PRESTIGE,EQ,11-Feb-2015,260.05,261.25,269.7,260.4,268.50,266.55,265.16,88198,23386440.05,3189.0,42595.0,48.29
PRESTIGE,EQ,10-Feb-2015,261.05,261.0,265.0,258.6,260.00,260.05,260.19,381973,99386713.95,1922.0,347873.0,91.07
PRESTIGE,EQ,09-Feb-2015,257.4,262.4,266.0,251.1,263.60,261.05,261.16,193838,50622722.25,5453.0,104713.0,54.02
PRESTIGE,EQ,06-Feb-2015,257.7,265.8,265.8,252.0,258.30,257.4,258.91,120337,31156608.65,3212.0,46891.0,38.97
PRESTIGE,EQ,05-Feb-2015,262.8,262.8,265.0,254.75,259.50,257.7,258.5,290097,74991236.9,11386.0,173035.0,59.65
PRESTIGE,EQ,04-Feb-2015,267.75,269.9,269.9,261.1,262.00,262.8,264.24,258094,68199225.4,3604.0,198369.0,76.86
PRESTIGE,EQ,03-Feb-2015,263.35,265.0,270.0,262.05,268.15,267.75,265.85,570897,151770391.7,8045.0,428521.0,75.06
PRESTIGE,EQ,02-Feb-2015,275.1,274.0,274.6,261.2,264.40,263.35,267.07,443000,118311104.85,23885.0,237301.0,53.57
PRESTIGE,EQ,30-Jan-2015,286.25,288.65,289.1,270.15,275.10,275.1,278.8,432681,120632253.0,21291.0,179693.0,41.53
PRESTIGE,EQ,29-Jan-2015,276.3,273.6,322.65,273.0,285.50,286.25,297.81,2244183,668334821.6,62864.0,798529.0,35.58
PRESTIGE,EQ,28-Jan-2015,271.95,272.0,282.5,270.0,275.10,276.3,277.53,725499,201349069.2,14185.0,505225.0,69.64
PRESTIGE,EQ,27-Jan-2015,260.05,262.05,279.4,256.0,271.00,271.95,271.11,776010,210380792.75,24888.0,399273.0,51.45
PRESTIGE,EQ,23-Jan-2015,272.95,284.6,285.0,257.3,260.90,260.05,268.76,803930,216061879.9,20378.0,446241.0,55.51
PRESTIGE,EQ,22-Jan-2015,284.05,285.0,285.4,265.2,272.80,272.95,271.24,953914,258743699.15,25696.0,616171.0,64.59
PRESTIGE,EQ,21-Jan-2015,279.2,279.0,289.5,272.0,283.70,284.05,284.75,1592784,453550224.95,41184.0,1156603.0,72.62
PRESTIGE,EQ,20-Jan-2015,258.8,262.9,286.6,257.25,277.05,279.2,270.94,1104471,299248085.25,24683.0,594585.0,53.83
PRESTIGE,EQ,19-Jan-2015,251.8,253.6,264.0,253.0,262.85,258.8,258.21,882184,227788295.3,25499.0,616363.0,69.87
PRESTIGE,EQ,16-Jan-2015,246.05,243.85,278.8,236.95,252.20,251.8,263.12,2167492,570307073.3,49369.0,593922.0,27.4
PRESTIGE,EQ,15-Jan-2015,220.8,222.15,249.75,222.15,245.00,246.05,233.66,1316093,307511843.0,32549.0,716508.0,54.44
PRESTIGE,EQ,14-Jan-2015,222.8,221.7,223.3,219.5,220.00,220.8,221.46,230535,51053725.5,2112.0,206341.0,89.51
PRESTIGE,EQ,13-Jan-2015,221.45,223.0,224.65,220.2,222.70,222.8,223.07,94249,21024175.45,4109.0,58610.0,62.19
PRESTIGE,EQ,12-Jan-2015,222.15,222.15,226.5,219.35,221.80,221.45,221.72,140963,31254597.05,3062.0,115744.0,82.11
PRESTIGE,EQ,09-Jan-2015,223.05,226.6,226.6,220.35,222.00,222.15,221.72,390000,86469382.15,5158.0,349899.0,89.72
PRESTIGE,EQ,08-Jan-2015,221.4,225.0,225.8,220.65,225.00,223.05,222.59,351261,78187919.4,4045.0,271064.0,77.17
PRESTIGE,EQ,07-Jan-2015,220.2,224.35,225.1,219.15,221.50,221.4,222.26,188891,41982893.9,10435.0,102720.0,54.38
PRESTIGE,EQ,06-Jan-2015,229.6,230.0,230.0,215.0,225.00,220.2,223.52,488777,109253640.75,13034.0,285454.0,58.4
PRESTIGE,EQ,05-Jan-2015,231.45,232.0,238.6,229.0,229.50,229.6,234.29,545885,127894503.3,13701.0,355644.0,65.15
PRESTIGE,EQ,02-Jan-2015,240.85,242.1,242.45,229.0,232.00,231.45,235.01,597721,140469762.9,17201.0,442329.0,74.0
PRESTIGE,EQ,01-Jan-2015,239.45,240.9,241.8,240.0,241.00,240.85,241.03,7585,1828201.45,331.0,2738.0,36.1
PRESTIGE,EQ,31-Dec-2014,244.35,243.0,243.0,238.05,238.60,239.45,239.94,97417,23374395.4,3621.0,81223.0,83.38
PRESTIGE,EQ,29-Dec-2016,167.9,167.05,172.75,166.1,170.0,169.0,170.29,318221,54188333.45,5183.0,216109.0,67.91
PRESTIGE,EQ,28-Dec-2016,165.45,166.35,170.0,165.95,168.0,167.9,168.09,57746,9706626.3,2103.0,22353.0,38.71
PRESTIGE,EQ,27-Dec-2016,168.7,168.5,169.95,163.15,165.6,165.45,165.15,26288,4341485.4,609.0,9306.0,35.4
PRESTIGE,EQ,26-Dec-2016,171.95,171.2,174.0,167.0,167.8,168.7,170.1,60848,10350331.7,2284.0,34055.0,55.97
PRESTIGE,EQ,23-Dec-2016,172.55,169.0,175.25,169.0,170.75,171.95,173.07,313968,54337095.0,6386.0,282719.0,90.05
PRESTIGE,EQ,22-Dec-2016,173.05,173.1,174.0,169.5,173.0,172.55,171.65,139079,23873384.15,5770.0,100819.0,72.49
PRESTIGE,EQ,21-Dec-2016,174.15,174.15,177.6,169.05,172.45,173.05,173.42,236749,41057797.95,4529.0,135746.0,57.34
PRESTIGE,EQ,20-Dec-2016,165.15,165.95,176.0,165.95,175.0,174.15,172.9,664196,114837018.5,15357.0,331411.0,49.9
PRESTIGE,EQ,19-Dec-2016,167.7,166.05,169.65,164.15,165.15,165.15,166.32,56800,9447227.65,1768.0,34716.0,61.12
PRESTIGE,EQ,16-Dec-2016,167.95,168.0,169.0,163.75,167.5,167.7,166.35,110293,18347019.8,5032.0,79004.0,71.63
PRESTIGE,EQ,15-Dec-2016,163.75,162.95,170.4,160.0,167.1,167.95,167.65,346752,58133452.35,9249.0,178148.0,51.38
PRESTIGE,EQ,14-Dec-2016,158.45,158.75,169.45,158.0,163.85,163.75,164.64,503141,82838367.55,6894.0,310671.0,61.75
PRESTIGE,EQ,13-Dec-2016,153.05,154.5,159.4,152.85,157.5,158.45,157.13,134603,21150130.75,7366.0,69595.0,51.7
PRESTIGE,EQ,12-Dec-2016,152.85,152.85,156.35,150.45,153.6,153.05,152.76,262618,40116279.75,9752.0,170019.0,64.74
PRESTIGE,EQ,09-Dec-2016,151.2,152.95,154.9,151.75,152.8,152.85,153.02,297441,45514552.95,11197.0,230469.0,77.48
PRESTIGE,EQ,08-Dec-2016,149.2,145.0,155.0,144.15,152.0,151.2,148.67,473532,70400206.7,10873.0,222724.0,47.03
PRESTIGE,EQ,07-Dec-2016,144.5,146.4,151.9,146.0,149.95,149.2,149.63,210192,31451154.0,3857.0,78987.0,37.58
PRESTIGE,EQ,06-Dec-2016,145.25,145.15,146.1,144.0,144.0,144.5,145.14,252436,36638875.25,4045.0,175291.0,69.44
PRESTIGE,EQ,05-Dec-2016,147.7,147.1,149.9,144.0,145.3,145.25,145.07,832821,120814839.35,5575.0,783679.0,94.1
PRESTIGE,EQ,02-Dec-2016,151.15,150.8,150.8,146.15,147.05,147.7,148.49,75092,11150386.0,2600.0,37638.0,50.12
PRESTIGE,EQ,01-Dec-2016,152.75,153.2,154.95,150.35,151.0,151.15,152.36,69009,10514489.05,1798.0,26891.0,38.97
PRESTIGE,EQ,30-Nov-2016,157.2,157.5,159.75,151.05,153.0,152.75,153.83,414583,63774803.8,4637.0,345466.0,83.33
PRESTIGE,EQ,29-Nov-2016,156.1,157.45,161.45,150.2,157.4,157.2,154.68,1462910,226285975.75,12834.0,1276074.0,87.23
PRESTIGE,EQ,28-Nov-2016,156.15,156.95,158.55,154.65,157.2,156.1,156.59,124663,19520894.4,6241.0,69925.0,56.09
PRESTIGE,EQ,25-Nov-2016,157.5,158.0,159.55,155.1,155.9,156.15,157.83,54800,8649291.75,4245.0,22747.0,41.51
PRESTIGE,EQ,24-Nov-2016,160.75,160.3,160.85,155.6,156.0,157.5,159.41,770874,122885878.65,1420.0,739674.0,95.95
PRESTIGE,EQ,23-Nov-2016,157.45,157.0,161.95,155.15,161.0,160.75,158.73,96999,15397109.05,4259.0,52660.0,54.29
PRESTIGE,EQ,22-Nov-2016,147.25,150.0,160.4,147.55,158.1,157.45,153.66,227498,34958041.65,9144.0,105906.0,46.55
PRESTIGE,EQ,21-Nov-2016,154.45,153.0,154.2,146.1,147.6,147.25,149.44,509755,76179393.85,12759.0,449180.0,88.12
PRESTIGE,EQ,18-Nov-2016,159.95,158.0,160.0,153.0,153.35,154.45,156.23,397205,62054815.55,9136.0,252739.0,63.63
PRESTIGE,EQ,17-Nov-2016,158.7,161.0,163.3,151.15,158.35,159.95,156.73,197812,31002306.9,12078.0,124740.0,63.06
PRESTIGE,EQ,16-Nov-2016,156.95,160.6,162.45,156.35,158.5,158.7,158.85,126048,20022584.5,11601.0,77002.0,61.09
PRESTIGE,EQ,15-Nov-2016,165.95,166.8,166.8,154.95,157.0,156.95,160.35,1060773,170091619.3,5082.0,1013870.0,95.58
PRESTIGE,EQ,11-Nov-2016,171.45,171.0,171.0,158.7,166.85,165.95,161.45,633236,102236705.25,18512.0,465068.0,73.44
PRESTIGE,EQ,10-Nov-2016,177.95,177.95,182.85,170.1,170.9,171.45,176.17,185383,32658869.2,6898.0,89393.0,48.22
PRESTIGE,EQ,09-Nov-2016,183.3,163.0,185.8,146.65,175.0,177.95,166.3,427258,71055122.75,8934.0,257086.0,60.17
PRESTIGE,EQ,08-Nov-2016,182.1,184.85,184.9,180.65,182.3,183.3,182.72,42020,7677697.65,1018.0,24801.0,59.02
PRESTIGE,EQ,07-Nov-2016,181.3,184.0,187.0,181.3,181.3,182.1,183.47,33899,6219319.2,2469.0,21979.0,64.84
PRESTIGE,EQ,04-Nov-2016,186.75,189.5,189.5,180.6,181.0,181.3,182.77,47197,8626288.55,1637.0,26455.0,56.05
PRESTIGE,EQ,03-Nov-2016,186.55,186.6,191.0,185.7,186.0,186.75,187.21,123082,23041953.25,2850.0,82324.0,66.89
PRESTIGE,EQ,02-Nov-2016,192.0,191.85,191.85,186.0,186.5,186.55,188.06,45644,8583828.25,964.0,27368.0,59.96
PRESTIGE,EQ,01-Nov-2016,194.05,192.15,194.9,190.35,191.9,192.0,191.83,55895,10722610.1,3396.0,38538.0,68.95
PRESTIGE,EQ,30-Oct-2016,193.9,194.0,196.0,192.3,193.5,194.05,194.38,16760,3257887.15,397.0,10836.0,64.65
PRESTIGE,EQ,28-Oct-2016,190.65,190.0,194.8,189.25,194.55,193.9,193.07,161950,31267508.9,8237.0,112996.0,69.77
PRESTIGE,EQ,27-Oct-2016,189.55,189.55,192.5,187.8,192.0,190.65,190.05,83685,15904348.1,4301.0,50415.0,60.24
PRESTIGE,EQ,26-Oct-2016,192.4,193.2,194.8,188.15,188.7,189.55,190.13,1154795,219563912.45,3113.0,1061581.0,91.93
PRESTIGE,EQ,25-Oct-2016,188.95,188.95,193.75,185.0,193.1,192.4,189.5,161861,30673268.65,2069.0,84899.0,52.45
PRESTIGE,EQ,24-Oct-2016,190.3,190.0,191.35,188.05,188.6,188.95,189.55,40958,7763698.95,721.0,26823.0,65.49
PRESTIGE,EQ,21-Oct-2016,189.45,190.0,190.95,187.7,190.0,190.3,189.75,49728,9435897.65,1014.0,30767.0,61.87
PRESTIGE,EQ,20-Oct-2016,188.9,190.5,191.9,188.9,189.7,189.45,190.18,78696,14966793.85,1488.0,44198.0,56.16
PRESTIGE,EQ,19-Oct-2016,193.5,195.4,196.95,186.8,189.0,188.9,189.97,490912,93257030.15,8567.0,343010.0,69.87
PRESTIGE,EQ,18-Oct-2016,199.35,202.0,210.4,185.0,192.75,193.5,186.05,8605119,1600983792.15,8559.0,8315422.0,96.63
PRESTIGE,EQ,17-Oct-2016,203.65,203.0,203.9,198.8,198.8,199.35,200.41,38288,7673273.7,1835.0,25745.0,67.24
PRESTIGE,EQ,14-Oct-2016,199.05,199.05,206.8,197.9,202.55,203.65,204.88,280560,57480444.8,6391.0,203100.0,72.39
PRESTIGE,EQ,13-Oct-2016,203.65,204.9,204.9,195.0,199.95,199.05,198.6,119309,23694609.75,8673.0,85692.0,71.82
PRESTIGE,EQ,10-Oct-2016,210.5,210.55,210.8,202.1,205.05,203.65,204.32,59044,12063970.35,2061.0,29200.0,49.45
PRESTIGE,EQ,07-Oct-2016,207.2,208.0,211.3,204.25,210.15,210.5,209.18,163736,34250788.8,3387.0,120729.0,73.73
PRESTIGE,EQ,06-Oct-2016,206.4,208.4,213.35,205.0,207.9,207.2,208.7,231228,48257003.35,5890.0,134863.0,58.32
PRESTIGE,EQ,05-Oct-2016,201.3,202.8,208.45,200.05,205.9,206.4,205.29,162193,33296533.1,2655.0,65966.0,40.67
PRESTIGE,EQ,04-Oct-2016,204.0,204.0,205.8,200.0,201.0,201.3,202.3,72382,14642671.35,2019.0,36283.0,50.13
PRESTIGE,EQ,03-Oct-2016,192.2,195.95,204.85,192.25,204.75,204.0,200.67,191420,38412365.55,4279.0,90580.0,47.32
PRESTIGE,EQ,30-Sep-2016,189.65,189.65,197.0,189.65,191.6,192.2,193.92,86413,16757594.25,2974.0,29963.0,34.67
PRESTIGE,EQ,29-Sep-2016,200.0,201.95,205.0,183.1,190.5,189.65,195.23,125224,24447632.0,3786.0,49344.0,39.4
PRESTIGE,EQ,28-Sep-2016,201.85,203.0,205.5,198.15,201.9,200.0,201.52,131577,26515863.3,3207.0,52894.0,40.2
PRESTIGE,EQ,27-Sep-2016,200.1,201.5,208.0,200.9,202.1,201.85,204.38,413296,84468804.2,13879.0,250037.0,60.5
PRESTIGE,EQ,26-Sep-2016,217.2,215.7,215.8,199.2,199.85,200.1,205.82,396674,81642608.25,9995.0,220223.0,55.52
PRESTIGE,EQ,23-Sep-2016,205.2,205.2,223.8,203.6,216.0,217.2,217.26,1243060,270068774.55,24604.0,610821.0,49.14
PRESTIGE,EQ,22-Sep-2016,203.8,205.9,206.5,204.0,205.2,205.2,205.51,59825,12294744.15,3548.0,40673.0,67.99
PRESTIGE,EQ,21-Sep-2016,202.3,205.0,208.75,201.0,203.0,203.8,204.57,491876,100620777.3,17203.0,303303.0,61.66
PRESTIGE,EQ,20-Sep-2016,196.85,196.85,205.05,196.05,201.0,202.3,201.03,288723,58040711.75,8904.0,162470.0,56.27
PRESTIGE,EQ,19-Sep-2016,199.6,199.8,202.85,195.5,196.85,196.85,199.19,266310,53047134.15,6601.0,126111.0,47.35
PRESTIGE,EQ,16-Sep-2016,181.1,183.0,203.25,183.0,199.8,199.6,193.11,743790,143633662.2,16760.0,397491.0,53.44
PRESTIGE,EQ,15-Sep-2016,191.9,191.0,191.25,180.2,180.35,181.1,183.76,323818,59505976.3,12816.0,186950.0,57.73
PRESTIGE,EQ,14-Sep-2016,203.45,204.8,206.95,190.6,191.4,191.9,195.94,312055,61142581.05,12804.0,204662.0,65.59
PRESTIGE,EQ,12-Sep-2016,207.5,203.15,207.0,196.65,203.8,203.45,202.94,117814,23908669.5,2275.0,88222.0,74.88
PRESTIGE,EQ,09-Sep-2016,208.7,208.0,209.75,203.15,209.15,207.5,207.4,219170,45454792.85,7281.0,121512.0,55.44
PRESTIGE,EQ,08-Sep-2016,198.2,197.95,209.9,197.95,209.0,208.7,207.18,404546,83813597.2,10682.0,275992.0,68.22
PRESTIGE,EQ,07-Sep-2016,202.45,202.0,204.5,195.5,197.35,198.2,199.5,104429,20833163.1,3770.0,40229.0,38.52
PRESTIGE,EQ,06-Sep-2016,185.65,189.9,204.5,189.0,204.1,202.45,198.77,386653,76855536.15,11411.0,172045.0,44.5
PRESTIGE,EQ,02-Sep-2016,187.7,187.0,189.6,184.0,187.0,185.65,186.94,29054,5431366.9,1365.0,12945.0,44.55
PRESTIGE,EQ,01-Sep-2016,186.05,184.0,190.0,180.25,187.85,187.7,186.62,199472,37226451.7,11160.0,93695.0,46.97
PRESTIGE,EQ,31-Aug-2016,176.35,176.5,189.5,173.05,186.65,186.05,181.98,477504,86894468.1,20824.0,172225.0,36.07
PRESTIGE,EQ,30-Aug-2016,179.9,180.3,182.9,175.0,178.7,176.35,178.03,155977,27768705.55,6561.0,113748.0,72.93
PRESTIGE,EQ,29-Aug-2016,182.2,180.6,183.95,179.05,179.9,179.9,180.67,82093,14831566.7,3228.0,59785.0,72.83
PRESTIGE,EQ,26-Aug-2016,184.15,184.9,186.3,182.0,182.2,182.2,183.42,38612,7082134.35,1003.0,31072.0,80.47
PRESTIGE,EQ,25-Aug-2016,184.85,185.1,186.4,183.0,184.75,184.15,184.85,63618,11760072.7,2759.0,42844.0,67.35
PRESTIGE,EQ,24-Aug-2016,185.4,186.35,186.35,182.25,183.5,184.85,185.3,134124,24853843.05,4689.0,100187.0,74.7
PRESTIGE,EQ,23-Aug-2016,188.0,188.0,188.45,183.25,184.9,185.4,186.99,66177,12374579.1,4131.0,49248.0,74.42
PRESTIGE,EQ,22-Aug-2016,188.85,190.5,191.65,186.65,188.85,188.0,189.25,94274,17841470.45,2522.0,68900.0,73.08
PRESTIGE,EQ,19-Aug-2016,191.65,192.5,195.0,187.7,189.15,188.85,191.58,272414,52190389.1,3314.0,240015.0,88.11
PRESTIGE,EQ,18-Aug-2016,190.3,190.95,193.9,188.7,192.0,191.65,192.16,66332,12746166.0,2290.0,40190.0,60.59
PRESTIGE,EQ,17-Aug-2016,195.15,193.95,194.7,188.55,190.1,190.3,191.39,114872,21985801.45,2263.0,60550.0,52.71
PRESTIGE,EQ,16-Aug-2016,197.5,198.0,209.7,191.5,192.0,195.15,203.11,368659,74877835.3,10247.0,229214.0,62.18
PRESTIGE,EQ,12-Aug-2016,202.55,204.0,207.0,197.0,197.0,197.5,201.27,68354,13757904.8,2859.0,44291.0,64.8
PRESTIGE,EQ,11-Aug-2016,203.8,199.7,206.0,199.7,203.55,202.55,203.6,147003,29929620.45,6468.0,120691.0,82.1
PRESTIGE,EQ,10-Aug-2016,203.05,202.35,208.0,197.3,204.0,203.8,204.35,236605,48351095.2,12282.0,155586.0,65.76
PRESTIGE,EQ,09-Aug-2016,199.75,202.5,207.75,197.3,203.5,203.05,204.41,456973,93412131.15,15538.0,269998.0,59.08
PRESTIGE,EQ,08-Aug-2016,199.1,199.1,205.0,196.25,200.0,199.75,202.12,314005,63468222.15,8022.0,161499.0,51.43
PRESTIGE,EQ,05-Aug-2016,186.8,190.0,204.7,188.15,198.15,199.1,197.06,584318,115144527.15,7973.0,330884.0,56.63
PRESTIGE,EQ,04-Aug-2016,184.05,186.0,188.5,184.55,186.8,186.8,186.68,23705,4425228.95,711.0,15184.0,64.05
PRESTIGE,EQ,03-Aug-2016,186.5,186.5,187.0,183.0,183.55,184.05,184.5,29586,5458670.05,544.0,18740.0,63.34
PRESTIGE,EQ,02-Aug-2016,186.8,187.9,191.9,184.95,184.95,186.5,187.57,530878,99578247.35,5665.0,490610.0,92.41
PRESTIGE,EQ,01-Aug-2016,185.45,189.5,192.0,185.7,186.7,186.8,190.06,117089,22254079.25,5051.0,65076.0,55.58
PRESTIGE,EQ,29-Jul-2016,182.9,184.5,188.0,183.6,185.0,185.45,185.81,62175,11552870.5,1277.0,26935.0,43.32
PRESTIGE,EQ,28-Jul-2016,180.8,184.45,185.05,182.0,183.0,182.9,183.38,32240,5912165.15,581.0,19554.0,60.65
PRESTIGE,EQ,27-Jul-2016,186.55,188.0,190.1,179.15,181.0,180.8,183.49,181168,33243008.65,2351.0,134315.0,74.14
PRESTIGE,EQ,26-Jul-2016,188.15,190.0,190.15,186.5,186.5,186.55,188.0,40887,7686711.85,603.0,26533.0,64.89
PRESTIGE,EQ,25-Jul-2016,188.75,190.0,191.75,185.5,188.45,188.15,188.21,126077,23728755.6,4972.0,84208.0,66.79
PRESTIGE,EQ,22-Jul-2016,187.6,187.6,192.1,185.65,190.0,188.75,190.06,532946,101293928.1,7714.0,409536.0,76.84
PRESTIGE,EQ,21-Jul-2016,185.75,185.1,188.7,183.7,187.5,187.6,187.43,179073,33564237.8,4202.0,123187.0,68.79
PRESTIGE,EQ,20-Jul-2016,177.0,177.35,187.0,177.3,186.0,185.75,183.9,772610,142086721.45,5230.0,616295.0,79.77
PRESTIGE,EQ,19-Jul-2016,175.4,177.4,178.15,173.1,175.75,177.0,175.32,66340,11630399.9,3604.0,35504.0,53.52
PRESTIGE,EQ,18-Jul-2016,179.9,180.2,183.0,174.1,174.95,175.4,178.38,112627,20090285.0,3179.0,72716.0,64.56
PRESTIGE,EQ,15-Jul-2016,182.95,184.7,186.0,179.3,179.4,179.9,181.29,143533,26020387.1,4397.0,89174.0,62.13
PRESTIGE,EQ,14-Jul-2016,183.2,183.8,183.8,181.2,182.8,182.95,182.51,47097,8595516.45,991.0,26617.0,56.52
PRESTIGE,EQ,13-Jul-2016,184.1,186.0,186.05,181.4,183.45,183.2,183.3,66166,12128442.7,1423.0,28606.0,43.23
PRESTIGE,EQ,12-Jul-2016,186.35,188.0,188.0,183.7,184.3,184.1,185.54,227704,42249201.75,3039.0,158482.0,69.6
PRESTIGE,EQ,11-Jul-2016,186.45,190.0,192.0,185.35,185.7,186.35,187.71,121122,22735546.65,3304.0,76341.0,63.03
PRESTIGE,EQ,08-Jul-2016,188.35,188.6,189.4,185.8,186.2,186.45,187.81,48309,9072712.35,1834.0,23100.0,47.82
PRESTIGE,EQ,07-Jul-2016,190.45,192.45,194.25,186.7,188.0,188.35,190.5,199069,37923029.8,5907.0,117564.0,59.06
PRESTIGE,EQ,05-Jul-2016,188.0,186.3,194.0,186.3,189.8,190.45,192.38,311081,59847132.45,5645.0,151167.0,48.59
PRESTIGE,EQ,04-Jul-2016,183.95,184.1,194.2,184.1,187.25,188.0,188.41,531983,100231219.05,5029.0,380808.0,71.58
PRESTIGE,EQ,01-Jul-2016,185.4,187.9,187.9,182.6,183.2,183.95,185.4,285389,52910243.35,1203.0,268558.0,94.1
PRESTIGE,EQ,30-Jun-2016,184.3,185.0,187.0,185.0,185.3,185.4,185.96,262362,48787957.2,2973.0,232230.0,88.52
PRESTIGE,EQ,29-Jun-2016,186.4,187.6,189.55,182.95,183.9,184.3,185.35,105979,19642711.6,4264.0,61617.0,58.14
PRESTIGE,EQ,28-Jun-2016,182.55,181.9,189.4,181.85,186.8,186.4,185.79,136552,25369779.95,5900.0,80614.0,59.04
PRESTIGE,EQ,27-Jun-2016,178.3,175.5,185.0,175.5,181.75,182.55,182.71,59110,10800070.4,2599.0,31755.0,53.72
PRESTIGE,EQ,24-Jun-2016,185.3,179.0,182.0,172.05,178.5,178.3,176.21,119018,20971892.95,5171.0,58928.0,49.51
PRESTIGE,EQ,23-Jun-2016,183.65,184.85,186.4,181.35,185.5,185.3,184.5,50240,9269047.85,3454.0,26894.0,53.53
PRESTIGE,EQ,22-Jun-2016,184.25,186.1,186.55,183.1,183.4,183.65,184.74,38850,7177123.7,1977.0,21401.0,55.09
PRESTIGE,EQ,21-Jun-2016,186.0,185.3,185.7,183.1,184.0,184.25,184.24,111791,20596007.2,5010.0,66946.0,59.88
PRESTIGE,EQ,20-Jun-2016,188.85,189.0,190.35,185.05,185.5,186.0,187.79,73822,13863154.55,3994.0,37098.0,50.25
PRESTIGE,EQ,17-Jun-2016,184.8,189.0,192.0,182.5,188.8,188.85,186.62,366140,68330549.45,12729.0,174329.0,47.61
PRESTIGE,EQ,16-Jun-2016,183.85,184.55,185.0,181.95,184.75,184.8,184.48,42488,7838265.45,2991.0,29828.0,70.2
PRESTIGE,EQ,15-Jun-2016,183.5,184.0,190.5,182.0,182.65,183.85,184.87,58876,10884552.7,2150.0,30713.0,52.17
PRESTIGE,EQ,14-Jun-2016,184.35,183.35,185.9,182.6,182.65,183.5,184.56,30648,5656369.95,2006.0,18018.0,58.79
PRESTIGE,EQ,13-Jun-2016,189.9,188.7,189.0,183.5,184.0,184.35,186.27,320766,59748560.2,2845.0,297423.0,92.72
PRESTIGE,EQ,10-Jun-2016,187.55,187.3,192.6,185.9,189.05,189.9,190.1,157196,29883507.15,3361.0,134320.0,85.45
PRESTIGE,EQ,09-Jun-2016,189.45,190.8,191.0,186.0,186.5,187.55,188.67,38994,7357160.75,2152.0,24165.0,61.97
PRESTIGE,EQ,08-Jun-2016,191.55,192.6,192.6,188.05,189.0,189.45,190.4,63865,12159903.2,4001.0,34904.0,54.65
PRESTIGE,EQ,07-Jun-2016,190.35,191.9,194.0,189.65,190.5,191.55,192.12,176939,33993129.5,18304.0,93040.0,52.58
PRESTIGE,EQ,06-Jun-2016,184.7,185.6,191.9,185.6,190.0,190.35,190.04,341529,64904475.15,27017.0,179660.0,52.6
PRESTIGE,EQ,03-Jun-2016,180.0,182.0,186.4,180.65,184.75,184.7,184.53,245093,45227035.2,16511.0,138978.0,56.7
PRESTIGE,EQ,02-Jun-2016,180.75,181.7,182.6,177.5,179.0,180.0,179.88,115936,20854758.85,9029.0,64780.0,55.88
PRESTIGE,EQ,01-Jun-2016,185.55,182.6,183.9,176.1,181.0,180.75,179.39,400491,71844687.5,13602.0,206084.0,51.46
PRESTIGE,EQ,31-May-2016,180.45,179.7,193.85,179.0,186.0,185.55,187.03,543609,101673443.15,13803.0,246251.0,45.3
PRESTIGE,EQ,30-May-2016,184.2,184.45,184.45,177.5,181.4,180.45,179.85,235452,42345474.85,10758.0,139416.0,59.21
PRESTIGE,EQ,27-May-2016,170.1,175.15,194.8,175.15,183.9,184.2,187.15,938174,175583263.65,19003.0,212511.0,22.65
PRESTIGE,EQ,26-May-2016,170.0,172.3,172.7,169.7,170.05,170.1,171.02,54061,9245437.5,1582.0,35875.0,66.36
PRESTIGE,EQ,25-May-2016,171.45,172.45,174.0,169.45,169.55,170.0,171.53,61858,10610425.85,2827.0,44280.0,71.58
PRESTIGE,EQ,24-May-2016,169.95,169.95,174.0,169.2,170.9,171.45,172.09,133074,22900142.25,6150.0,97782.0,73.48
PRESTIGE,EQ,23-May-2016,173.3,176.6,176.6,168.55,169.2,169.95,170.24,147169,25053348.0,2326.0,120842.0,82.11
PRESTIGE,EQ,20-May-2016,177.05,175.0,177.0,170.7,172.3,173.3,173.55,196913,34173985.95,6803.0,151541.0,76.96
PRESTIGE,EQ,19-May-2016,175.95,177.5,179.5,173.1,177.0,177.05,176.0,214489,37749259.6,6388.0,151695.0,70.72
PRESTIGE,EQ,18-May-2016,168.05,168.1,177.5,168.0,177.5,175.95,173.22,330530,57252997.4,4461.0,174532.0,52.8
PRESTIGE,EQ,17-May-2016,169.05,170.5,172.0,165.9,168.25,168.05,168.22,128169,21560793.65,2972.0,81580.0,63.65
PRESTIGE,EQ,16-May-2016,173.3,173.0,173.15,165.75,168.95,169.05,169.28,311447,52720318.35,10480.0,209627.0,67.31
PRESTIGE,EQ,13-May-2016,171.9,171.4,174.9,171.4,172.6,173.3,173.23,328612,56924598.7,5314.0,282105.0,85.85
PRESTIGE,EQ,12-May-2016,172.2,173.5,175.1,171.1,172.15,171.9,172.72,173413,29952551.95,8744.0,114659.0,66.12
PRESTIGE,EQ,11-May-2016,175.3,173.5,174.5,171.0,171.2,172.2,172.89,72474,12530020.5,2487.0,40789.0,56.28
PRESTIGE,EQ,10-May-2016,172.05,172.25,179.0,172.25,176.0,175.3,177.3,649312,115121096.0,14818.0,473093.0,72.86
PRESTIGE,EQ,09-May-2016,173.05,175.0,175.4,171.0,172.0,172.05,173.01,101949,17638053.95,5017.0,43156.0,42.33
PRESTIGE,EQ,06-May-2016,174.5,174.0,175.0,170.1,172.25,173.05,172.43,97122,16747137.65,2739.0,33800.0,34.8
PRESTIGE,EQ,05-May-2016,182.45,178.3,180.6,173.0,174.5,174.5,176.99,155816,27577435.0,6161.0,52202.0,33.5
PRESTIGE,EQ,04-May-2016,176.95,175.0,190.45,174.5,179.6,182.45,184.47,1395091,257354895.75,25124.0,610592.0,43.77
PRESTIGE,EQ,03-May-2016,177.3,177.0,178.25,173.55,176.55,176.95,176.7,242663,42879621.0,7097.0,177741.0,73.25
PRESTIGE,EQ,02-May-2016,168.45,168.0,179.0,168.0,178.0,177.3,175.39,666110,116832160.9,15510.0,363667.0,54.6
PRESTIGE,EQ,29-Apr-2016,170.0,169.0,173.8,166.4,168.55,168.45,170.84,322038,55018107.95,16444.0,178814.0,55.53
PRESTIGE,EQ,28-Apr-2016,168.85,169.7,172.5,168.1,170.0,170.0,170.8,90131,15393997.85,2377.0,30635.0,33.99
PRESTIGE,EQ,27-Apr-2016,172.7,173.85,174.75,167.5,168.0,168.85,171.02,74931,12814733.75,1672.0,44814.0,59.81
PRESTIGE,EQ,26-Apr-2016,165.95,167.0,173.6,165.35,173.0,172.7,170.7,220037,37560350.3,4336.0,142901.0,64.94
PRESTIGE,EQ,25-Apr-2016,167.5,168.65,170.0,165.0,165.55,165.95,167.0,51276,8563132.65,852.0,27091.0,52.83
PRESTIGE,EQ,22-Apr-2016,166.65,166.7,170.0,165.15,166.4,167.5,168.44,71447,12034646.8,1164.0,30431.0,42.59
PRESTIGE,EQ,21-Apr-2016,172.6,174.0,174.0,166.3,166.7,166.65,168.9,152270,25718949.85,2458.0,92794.0,60.94
PRESTIGE,EQ,20-Apr-2016,176.2,177.7,177.8,171.7,172.2,172.6,174.15,111283,19379528.65,4160.0,59048.0,53.06
PRESTIGE,EQ,18-Apr-2016,180.3,181.0,181.0,174.2,175.1,176.2,176.24,242943,42815090.8,6525.0,143985.0,59.27
PRESTIGE,EQ,13-Apr-2016,174.8,176.4,185.0,175.5,179.85,180.3,180.09,695822,125313787.8,9146.0,606297.0,87.13
PRESTIGE,EQ,12-Apr-2016,170.1,171.65,176.0,167.6,173.9,174.8,172.97,277988,48084624.9,2099.0,216871.0,78.01
PRESTIGE,EQ,11-Apr-2016,166.55,168.15,171.0,165.4,170.4,170.1,168.53,84009,14158117.1,989.0,34103.0,40.59
PRESTIGE,EQ,08-Apr-2016,171.15,170.0,171.55,165.8,166.0,166.55,168.26,70394,11844701.25,1343.0,28288.0,40.19
PRESTIGE,EQ,07-Apr-2016,174.3,175.05,175.7,169.5,170.85,171.15,171.43,109056,18695074.9,3475.0,55055.0,50.48
PRESTIGE,EQ,06-Apr-2016,175.7,177.0,179.4,172.1,173.15,174.3,174.76,119253,20840968.4,3008.0,60758.0,50.95
PRESTIGE,EQ,05-Apr-2016,172.9,172.95,180.5,169.0,176.0,175.7,174.76,340750,59549332.05,4300.0,232733.0,68.3
PRESTIGE,EQ,04-Apr-2016,172.65,175.0,179.85,171.1,172.55,172.9,173.81,127968,22242548.7,2589.0,58899.0,46.03
PRESTIGE,EQ,01-Apr-2016,172.75,172.85,175.9,169.8,172.0,172.65,172.83,170619,29487874.8,3642.0,73704.0,43.2
PRESTIGE,EQ,31-Mar-2016,172.95,172.4,174.45,167.0,172.9,172.75,170.86,352560,60239164.1,7234.0,124836.0,35.41
PRESTIGE,EQ,30-Mar-2016,164.25,168.05,174.9,166.0,172.5,172.95,170.09,880584,149782712.05,17507.0,517868.0,58.81
PRESTIGE,EQ,29-Mar-2016,153.2,154.25,169.5,154.25,167.0,164.25,161.75,783344,126709724.75,11447.0,385661.0,49.23
PRESTIGE,EQ,28-Mar-2016,166.4,166.7,174.0,150.25,154.0,153.2,162.13,322919,52354501.2,8980.0,141665.0,43.87
PRESTIGE,EQ,23-Mar-2016,159.6,161.0,169.4,160.2,168.0,166.4,166.39,610932,101652569.5,12405.0,223906.0,36.65
PRESTIGE,EQ,22-Mar-2016,153.2,153.0,164.3,150.4,161.0,159.6,157.17,1581922,248632447.4,23947.0,1021065.0,64.55
PRESTIGE,EQ,21-Mar-2016,139.0,142.0,154.8,142.0,153.5,153.2,151.47,1514264,229367389.7,34053.0,620052.0,40.95
PRESTIGE,EQ,18-Mar-2016,130.35,132.5,141.1,131.1,140.1,139.0,135.84,1504584,204380384.5,31399.0,1330724.0,88.44
PRESTIGE,EQ,17-Mar-2016,135.85,136.5,138.0,129.55,130.5,130.35,131.98,425283,56127855.6,18349.0,265820.0,62.5
PRESTIGE,EQ,16-Mar-2016,139.6,141.1,142.55,134.5,135.25,135.85,136.44,318031,43392245.0,13701.0,198821.0,62.52
PRESTIGE,EQ,15-Mar-2016,142.05,143.8,146.95,137.5,140.15,139.6,141.16,634819,89608077.7,23618.0,455847.0,71.81
PRESTIGE,EQ,14-Mar-2016,145.5,146.15,147.8,138.9,142.0,142.05,142.54,1565778,223190812.15,22739.0,1429949.0,91.33
PRESTIGE,EQ,11-Mar-2016,147.55,148.55,151.7,143.3,145.0,145.5,146.66,429330,62964302.65,15884.0,280473.0,65.33
PRESTIGE,EQ,10-Mar-2016,153.85,154.95,155.5,145.8,147.4,147.55,149.62,703189,105212844.4,5581.0,645563.0,91.81
PRESTIGE,EQ,09-Mar-2016,153.4,154.85,157.0,152.8,153.0,153.85,154.66,64018,9900983.5,2980.0,39188.0,61.21
PRESTIGE,EQ,08-Mar-2016,154.95,155.85,157.8,152.75,152.8,153.4,154.83,174500,27018359.05,6897.0,150443.0,86.21
PRESTIGE,EQ,04-Mar-2016,155.0,157.3,157.3,154.05,154.2,154.95,154.95,607910,94198155.55,5170.0,527119.0,86.71
PRESTIGE,EQ,03-Mar-2016,155.5,155.95,156.0,153.5,155.0,155.0,154.94,175900,27253854.3,3898.0,160431.0,91.21
PRESTIGE,EQ,02-Mar-2016,152.25,154.1,156.5,154.0,154.5,155.5,155.32,300205,46628518.15,9962.0,262228.0,87.35
PRESTIGE,EQ,01-Mar-2016,149.15,152.9,153.3,149.0,151.75,152.25,150.04,1049071,157400673.85,13640.0,919411.0,87.64
PRESTIGE,EQ,29-Feb-2016,154.8,156.9,156.9,148.1,149.0,149.15,149.76,242943,36382826.25,8000.0,201757.0,83.05
PRESTIGE,EQ,26-Feb-2016,155.8,156.15,157.95,149.5,152.1,154.8,153.19,186823,28619026.05,9329.0,139575.0,74.71
PRESTIGE,EQ,25-Feb-2016,156.0,154.15,157.75,153.6,154.0,155.8,156.28,159097,24864035.05,8021.0,131422.0,82.6
PRESTIGE,EQ,24-Feb-2016,154.15,155.0,156.5,152.6,155.15,156.0,155.83,110672,17246092.6,2436.0,102270.0,92.41
PRESTIGE,EQ,23-Feb-2016,155.9,158.15,158.15,153.0,153.4,154.15,154.15,24570,3787351.85,1443.0,15259.0,62.1
PRESTIGE,EQ,22-Feb-2016,157.35,159.8,161.0,155.1,155.95,155.9,157.99,1073885,169668188.15,5051.0,1041984.0,97.03
PRESTIGE,EQ,19-Feb-2016,158.95,156.6,160.3,156.25,157.1,157.35,157.92,16484,2603077.35,1727.0,9181.0,55.7
PRESTIGE,EQ,18-Feb-2016,157.4,159.9,160.85,155.8,158.9,158.95,158.73,79029,12544309.95,4270.0,59307.0,75.04
PRESTIGE,EQ,17-Feb-2016,159.25,157.6,159.8,152.0,157.85,157.4,156.48,375058,58689922.35,3556.0,339585.0,90.54
PRESTIGE,EQ,16-Feb-2016,170.8,169.0,172.7,154.3,158.2,159.25,166.58,359783,59931864.15,3387.0,324628.0,90.23
PRESTIGE,EQ,15-Feb-2016,160.0,160.35,174.8,160.35,170.0,170.8,167.3,163768,27398464.85,1422.0,141961.0,86.68
PRESTIGE,EQ,12-Feb-2016,162.75,160.0,163.6,157.5,160.0,160.0,159.86,504102,80587387.6,2593.0,489998.0,97.2
PRESTIGE,EQ,11-Feb-2016,158.9,161.0,165.8,159.05,163.0,162.75,162.99,385829,62887032.8,3870.0,344894.0,89.39
PRESTIGE,EQ,10-Feb-2016,170.0,165.0,165.0,156.0,160.0,158.9,158.48,480262,76113344.45,5260.0,388932.0,80.98
PRESTIGE,EQ,09-Feb-2016,174.45,173.0,174.0,167.45,169.8,170.0,170.11,35668,6067551.8,3484.0,20055.0,56.23
PRESTIGE,EQ,08-Feb-2016,172.05,170.3,177.0,170.3,175.9,174.45,175.14,25747,4509345.6,1372.0,12705.0,49.35
PRESTIGE,EQ,05-Feb-2016,167.3,167.55,173.15,167.0,172.05,172.05,170.91,58230,9951990.85,2448.0,34472.0,59.2
PRESTIGE,EQ,04-Feb-2016,175.25,176.1,177.0,165.15,168.85,167.3,171.56,33137,5685124.65,2708.0,20848.0,62.91
PRESTIGE,EQ,03-Feb-2016,185.3,184.0,184.0,174.0,174.15,175.25,177.48,31346,5563300.7,1858.0,21853.0,69.72
PRESTIGE,EQ,02-Feb-2016,188.75,188.75,189.2,184.15,185.5,185.3,185.93,173630,32282435.25,2917.0,156197.0,89.96
PRESTIGE,EQ,01-Feb-2016,185.4,186.7,190.9,185.6,187.0,188.75,189.69,686893,130297696.2,2082.0,664313.0,96.71
PRESTIGE,EQ,29-Jan-2016,185.8,185.0,188.7,183.55,185.0,185.4,186.56,63870,11915671.25,1331.0,41805.0,65.45
PRESTIGE,EQ,28-Jan-2016,188.65,186.4,192.0,183.55,185.1,185.8,186.89,47426,8863496.8,1575.0,20459.0,43.14
PRESTIGE,EQ,27-Jan-2016,181.15,184.0,189.9,178.15,188.4,188.65,185.9,40685,7563140.85,1598.0,23333.0,57.35
PRESTIGE,EQ,25-Jan-2016,178.85,179.65,183.5,178.05,180.8,181.15,181.77,164274,29859932.65,8868.0,118135.0,71.91
PRESTIGE,EQ,22-Jan-2016,177.75,178.45,183.0,175.9,176.5,178.85,179.43,127583,22892673.4,3810.0,74513.0,58.4
PRESTIGE,EQ,21-Jan-2016,176.05,178.0,179.0,174.15,176.7,177.75,176.95,72931,12904949.35,1148.0,54932.0,75.32
PRESTIGE,EQ,20-Jan-2016,184.85,183.75,183.75,173.2,174.1,176.05,176.32,103142,18185946.6,1986.0,71474.0,69.3
PRESTIGE,EQ,19-Jan-2016,174.9,175.25,185.5,171.9,183.75,184.85,179.57,82684,14847168.8,2096.0,52042.0,62.94
PRESTIGE,EQ,18-Jan-2016,186.45,183.1,186.95,169.7,173.0,174.9,180.24,137535,24789388.2,1443.0,112254.0,81.62
PRESTIGE,EQ,15-Jan-2016,192.35,191.0,193.5,185.0,185.5,186.45,191.36,120862,23128478.0,1506.0,110276.0,91.24
PRESTIGE,EQ,14-Jan-2016,192.35,190.0,193.25,188.0,193.25,192.35,191.01,196993,37626682.5,5594.0,161484.0,81.97
PRESTIGE,EQ,13-Jan-2016,191.6,193.0,194.4,188.0,191.5,192.35,192.17,128873,24765104.1,2619.0,105919.0,82.19
PRESTIGE,EQ,12-Jan-2016,192.0,192.0,194.75,190.15,191.2,191.6,191.99,44551,8553350.15,1120.0,33132.0,74.37
PRESTIGE,EQ,11-Jan-2016,190.2,188.15,194.5,184.45,192.1,192.0,190.04,48674,9250015.85,1807.0,26780.0,55.02
PRESTIGE,EQ,08-Jan-2016,189.7,192.0,195.0,189.5,190.3,190.2,191.3,46289,8854944.8,2273.0,29158.0,62.99
PRESTIGE,EQ,07-Jan-2016,196.05,192.0,194.15,188.8,189.45,189.7,190.9,48860,9327324.7,1677.0,30432.0,62.28
PRESTIGE,EQ,06-Jan-2016,191.05,191.05,197.9,190.9,196.95,196.05,195.83,123686,24221237.5,4828.0,83834.0,67.78
PRESTIGE,EQ,05-Jan-2016,190.45,191.15,194.0,190.2,190.9,191.05,191.66,44023,8437600.95,2030.0,29059.0,66.01
PRESTIGE,EQ,04-Jan-2016,194.8,194.75,197.9,188.5,190.05,190.45,192.7,92476,17820232.3,1778.0,58141.0,62.87
PRESTIGE,EQ,01-Jan-2016,193.5,194.5,197.0,192.6,194.85,194.8,195.14,41012,8003152.45,928.0,23815.0,58.07
PRESTIGE,EQ,31-Dec-2015,194.5,195.95,196.8,192.4,193.55,193.5,194.16,41875,8130392.2,2005.0,28942.0,69.12
PRESTIGE,EQ,29-Dec-2017,321.25,321.9,333.4,315.0,319.8,318.15,325.93,413434,134751814.2,15402.0,146100.0,35.34
PRESTIGE,EQ,28-Dec-2017,320.4,320.0,325.0,314.95,320.8,321.25,320.29,274391,87885795.15,13047.0,112405.0,40.97
PRESTIGE,EQ,27-Dec-2017,300.7,316.9,323.5,310.15,319.5,320.4,317.81,1541369,489860261.9,26598.0,557975.0,36.2
PRESTIGE,EQ,26-Dec-2017,301.55,301.75,304.45,297.15,300.45,300.7,301.24,97712,29434810.55,4523.0,40105.0,41.04
PRESTIGE,EQ,22-Dec-2017,300.75,302.85,305.0,300.0,300.7,301.55,302.36,106186,32106642.0,7044.0,46590.0,43.88
PRESTIGE,EQ,21-Dec-2017,301.9,302.5,305.8,298.3,302.7,300.75,301.08,116738,35147897.5,7456.0,45772.0,39.21
PRESTIGE,EQ,20-Dec-2017,298.75,300.0,310.2,296.7,302.25,301.9,306.12,372765,114112427.7,11969.0,156171.0,41.9
PRESTIGE,EQ,19-Dec-2017,294.5,298.6,302.0,293.05,299.0,298.75,298.29,186700,55691347.0,8531.0,77309.0,41.41
PRESTIGE,EQ,18-Dec-2017,292.5,291.0,298.95,271.85,294.15,294.5,292.45,181573,53101724.9,5141.0,72403.0,39.88
PRESTIGE,EQ,15-Dec-2017,290.25,292.6,294.75,288.0,290.1,292.5,291.82,297684,86869595.05,8925.0,191155.0,64.21
PRESTIGE,EQ,14-Dec-2017,293.6,295.2,298.0,285.1,289.9,290.25,289.22,296997,85898774.9,6239.0,161553.0,54.4
PRESTIGE,EQ,13-Dec-2017,297.25,300.0,301.9,288.5,293.9,293.6,295.99,313400,92764644.0,8498.0,158607.0,50.61
PRESTIGE,EQ,12-Dec-2017,305.7,307.55,308.7,294.0,300.0,297.25,298.99,234512,70116656.65,10972.0,110627.0,47.17
PRESTIGE,EQ,11-Dec-2017,308.55,310.9,311.35,301.0,310.0,305.7,303.69,424773,129001005.55,17494.0,223672.0,52.66
PRESTIGE,EQ,08-Dec-2017,304.5,310.75,316.0,300.55,306.2,308.55,306.51,1593252,488348646.7,46765.0,1198545.0,75.23
PRESTIGE,EQ,07-Dec-2017,303.65,304.0,310.55,293.4,305.0,304.5,301.64,815686,246042888.95,28269.0,423953.0,51.98
PRESTIGE,EQ,06-Dec-2017,311.65,309.95,313.15,301.25,302.0,303.65,307.24,215315,66153437.15,11806.0,79287.0,36.82
PRESTIGE,EQ,05-Dec-2017,315.9,314.8,317.8,304.1,310.2,311.65,311.0,579746,180303493.3,24882.0,188918.0,32.59
PRESTIGE,EQ,04-Dec-2017,334.7,330.5,331.45,312.5,313.25,315.9,319.49,403190,128816458.6,14969.0,151877.0,37.67
PRESTIGE,EQ,01-Dec-2017,330.6,335.4,346.8,325.0,325.9,334.7,337.26,2692153,907967215.25,45606.0,1812114.0,67.31
PRESTIGE,EQ,30-Nov-2017,326.4,319.0,341.9,316.5,341.0,330.6,330.08,2779417,917423814.05,37178.0,2256828.0,81.2
PRESTIGE,EQ,29-Nov-2017,313.15,312.5,345.6,308.8,322.0,326.4,333.62,2312092,771361308.55,55925.0,1149174.0,49.7
PRESTIGE,EQ,28-Nov-2017,308.95,308.95,318.25,307.0,312.0,313.15,313.15,162643,50931971.6,12574.0,76515.0,47.04
PRESTIGE,EQ,27-Nov-2017,316.4,319.95,319.95,306.3,309.5,308.95,311.77,172873,53895884.8,10122.0,88479.0,51.18
PRESTIGE,EQ,24-Nov-2017,312.6,312.6,321.05,312.5,316.0,316.4,317.71,527821,167695852.2,11090.0,424979.0,80.52
PRESTIGE,EQ,23-Nov-2017,320.65,321.9,324.5,306.2,310.8,312.6,314.86,209665,66015580.65,10011.0,101294.0,48.31
PRESTIGE,EQ,22-Nov-2017,306.2,306.85,329.75,302.25,320.85,320.65,321.55,676441,217507264.7,16383.0,272070.0,40.22
PRESTIGE,EQ,21-Nov-2017,309.4,311.75,315.0,303.4,305.55,306.2,310.33,218634,67848207.7,8259.0,98233.0,44.93
PRESTIGE,EQ,20-Nov-2017,306.85,309.8,313.0,301.35,306.95,309.4,307.88,721302,222074310.95,7822.0,646219.0,89.59
PRESTIGE,EQ,17-Nov-2017,294.3,297.7,310.0,295.8,305.95,306.85,306.48,320188,98129686.25,19350.0,159556.0,49.83
PRESTIGE,EQ,16-Nov-2017,282.5,283.95,296.7,283.9,293.8,294.3,291.86,89118,26010267.75,4394.0,44753.0,50.22
PRESTIGE,EQ,15-Nov-2017,294.7,295.0,295.0,281.2,281.85,282.5,286.45,89235,25561327.7,3350.0,35119.0,39.36
PRESTIGE,EQ,14-Nov-2017,290.9,292.95,296.0,285.4,292.6,294.7,291.01,179890,52349098.5,4442.0,119046.0,66.18
PRESTIGE,EQ,13-Nov-2017,286.95,290.0,296.0,279.0,290.2,290.9,288.2,158696,45735442.7,6895.0,65793.0,41.46
PRESTIGE,EQ,10-Nov-2017,279.75,279.75,291.4,275.45,287.2,286.95,285.53,272978,77944296.05,11624.0,135506.0,49.64
PRESTIGE,EQ,09-Nov-2017,275.5,279.95,283.95,276.6,280.7,279.75,279.71,231183,64664202.4,3349.0,126893.0,54.89
PRESTIGE,EQ,08-Nov-2017,286.2,287.0,287.15,271.45,278.0,275.5,276.29,253747,70106569.65,7690.0,112038.0,44.15
PRESTIGE,EQ,07-Nov-2017,299.2,300.5,300.5,280.35,287.6,286.2,292.66,117708,34447875.2,3755.0,52453.0,44.56
PRESTIGE,EQ,06-Nov-2017,297.35,297.9,304.0,295.3,296.95,299.2,300.03,212478,63749499.05,6180.0,119915.0,56.44
PRESTIGE,EQ,03-Nov-2017,297.85,293.85,299.35,293.6,298.4,297.35,296.43,60423,17911005.0,1604.0,28414.0,47.03
PRESTIGE,EQ,02-Nov-2017,299.4,298.0,303.0,294.55,296.55,297.85,299.16,178205,53311697.6,5087.0,110783.0,62.17
PRESTIGE,EQ,01-Nov-2017,304.05,306.7,317.75,296.0,296.95,299.4,308.22,413204,127358004.85,13026.0,191117.0,46.25
PRESTIGE,EQ,31-Oct-2017,296.1,296.0,306.9,294.2,306.8,304.05,302.25,99768,30155293.75,2241.0,36549.0,36.63
PRESTIGE,EQ,30-Oct-2017,300.2,302.9,302.9,293.0,299.0,296.1,296.3,84452,25022842.1,2715.0,39033.0,46.22
PRESTIGE,EQ,27-Oct-2017,307.4,310.0,310.05,296.35,300.0,300.2,303.31,106532,32312177.6,2666.0,33856.0,31.78
PRESTIGE,EQ,26-Oct-2017,287.05,287.05,313.05,285.7,307.4,307.4,303.66,770273,233903722.7,15911.0,277016.0,35.96
PRESTIGE,EQ,25-Oct-2017,289.9,291.9,291.9,280.5,289.0,287.05,285.58,130554,37283678.6,8187.0,57928.0,44.37
PRESTIGE,EQ,24-Oct-2017,279.1,279.95,295.65,279.6,290.95,289.9,289.4,429385,124264849.25,8949.0,212118.0,49.4
PRESTIGE,EQ,23-Oct-2017,284.95,284.85,289.4,277.2,278.0,279.1,282.55,282806,79906652.6,15339.0,177551.0,62.78
PRESTIGE,EQ,19-Oct-2017,282.1,283.5,290.0,280.35,282.0,284.95,285.74,32055,9159369.95,649.0,18583.0,57.97
PRESTIGE,EQ,18-Oct-2017,286.3,285.9,286.05,277.75,280.7,282.1,283.04,144516,40904237.85,2472.0,90668.0,62.74
PRESTIGE,EQ,17-Oct-2017,287.05,288.5,289.05,282.85,286.15,286.3,286.31,315495,90330171.0,4261.0,259413.0,82.22
PRESTIGE,EQ,16-Oct-2017,286.1,287.4,295.0,281.35,287.05,287.05,289.56,639068,185045501.05,8801.0,459510.0,71.9
PRESTIGE,EQ,13-Oct-2017,287.55,287.05,293.8,283.6,283.75,286.1,287.06,341744,98101781.25,5912.0,216219.0,63.27
PRESTIGE,EQ,12-Oct-2017,290.15,290.0,291.0,284.1,286.7,287.55,287.72,87216,25093625.5,6045.0,40421.0,46.35
PRESTIGE,EQ,11-Oct-2017,299.7,302.4,303.7,287.3,290.0,290.15,292.34,235579,68869723.1,8277.0,143421.0,60.88
PRESTIGE,EQ,10-Oct-2017,300.0,304.3,306.0,299.0,300.0,299.7,302.09,209917,63414603.15,6420.0,95299.0,45.4
PRESTIGE,EQ,09-Oct-2017,288.85,289.0,305.0,282.65,300.0,300.0,297.87,1349679,402025762.05,13024.0,786863.0,58.3
PRESTIGE,EQ,06-Oct-2017,279.35,280.0,290.0,280.0,288.75,288.85,286.19,304476,87138747.3,11467.0,157238.0,51.64
PRESTIGE,EQ,05-Oct-2017,275.0,275.0,282.0,273.3,279.0,279.35,279.43,150500,42053983.5,5780.0,57595.0,38.27
PRESTIGE,EQ,04-Oct-2017,273.65,274.0,279.5,273.5,277.4,275.0,277.32,249069,69072930.7,13713.0,187431.0,75.25
PRESTIGE,EQ,03-Oct-2017,273.25,271.0,277.9,271.0,272.25,273.65,273.93,83860,22971503.75,4958.0,41952.0,50.03
PRESTIGE,EQ,29-Sep-2017,269.3,270.0,282.0,270.0,272.7,273.25,275.86,222971,61507700.7,5847.0,107953.0,48.42
PRESTIGE,EQ,28-Sep-2017,266.0,267.5,270.3,261.35,270.0,269.3,266.92,73993,19750368.85,2347.0,34079.0,46.06
PRESTIGE,EQ,27-Sep-2017,267.2,267.2,274.0,265.0,267.5,266.0,266.24,1046670,278663734.25,4588.0,955267.0,91.27
PRESTIGE,EQ,26-Sep-2017,251.2,251.2,270.0,249.0,266.0,267.2,262.65,242940,63808377.2,5161.0,83024.0,34.17
PRESTIGE,EQ,25-Sep-2017,264.5,266.0,266.0,246.95,252.0,251.2,252.04,241677,60911175.3,7081.0,141165.0,58.41
PRESTIGE,EQ,22-Sep-2017,270.0,270.2,277.35,262.4,263.35,264.5,270.92,162521,44030921.35,3576.0,52508.0,32.31
PRESTIGE,EQ,21-Sep-2017,271.55,273.25,275.35,265.8,270.9,270.0,270.05,129711,35028306.9,2842.0,70753.0,54.55
PRESTIGE,EQ,20-Sep-2017,280.6,281.0,282.9,270.0,270.85,271.55,275.4,207596,57172620.3,6314.0,102719.0,49.48
PRESTIGE,EQ,19-Sep-2017,266.75,273.9,284.8,268.55,280.55,280.6,277.35,776895,215474714.0,12296.0,403506.0,51.94
PRESTIGE,EQ,18-Sep-2017,260.6,261.5,269.2,261.5,269.2,266.75,265.16,95517,25327217.45,3070.0,65717.0,68.8
PRESTIGE,EQ,15-Sep-2017,256.9,255.95,261.65,251.5,260.35,260.6,256.97,135993,34946027.0,3506.0,79433.0,58.41
PRESTIGE,EQ,14-Sep-2017,257.15,258.0,259.9,256.05,256.5,256.9,257.3,45113,11607383.8,2422.0,23227.0,51.49
PRESTIGE,EQ,13-Sep-2017,254.75,257.8,258.2,255.05,257.7,257.15,256.76,105995,27214978.9,2325.0,63458.0,59.87
PRESTIGE,EQ,12-Sep-2017,256.95,257.85,260.85,253.0,255.0,254.75,256.76,170426,43759405.0,4423.0,94419.0,55.4
PRESTIGE,EQ,11-Sep-2017,257.65,260.4,263.0,255.8,256.0,256.95,258.43,102265,26427840.25,3701.0,56489.0,55.24
PRESTIGE,EQ,08-Sep-2017,261.55,262.9,263.8,257.0,257.35,257.65,259.66,191514,49729168.85,5105.0,131827.0,68.83
PRESTIGE,EQ,07-Sep-2017,258.9,260.0,268.0,259.0,262.65,261.55,264.51,194167,51359594.6,4702.0,50186.0,25.85
PRESTIGE,EQ,06-Sep-2017,263.5,263.35,264.8,257.5,258.0,258.9,260.69,135661,35365933.15,2325.0,64714.0,47.7
PRESTIGE,EQ,05-Sep-2017,263.55,263.05,267.2,262.2,263.7,263.5,263.97,144496,38142964.35,4476.0,57834.0,40.02
PRESTIGE,EQ,04-Sep-2017,270.75,270.75,271.5,262.05,263.0,263.55,265.2,126584,33569582.15,3109.0,34949.0,27.61
PRESTIGE,EQ,01-Sep-2017,273.9,272.05,275.0,268.8,269.5,270.75,270.9,128475,34804308.45,2497.0,40664.0,31.65
PRESTIGE,EQ,31-Aug-2017,268.6,268.6,274.8,265.7,273.0,273.9,270.18,286021,77276766.9,5089.0,167904.0,58.7
PRESTIGE,EQ,30-Aug-2017,263.15,268.0,275.6,265.2,267.75,268.6,271.2,279588,75823472.1,6538.0,105887.0,37.87
PRESTIGE,EQ,29-Aug-2017,263.25,266.0,267.1,260.5,262.7,263.15,263.69,112287,29608688.35,3033.0,25155.0,22.4
PRESTIGE,EQ,28-Aug-2017,259.0,264.9,269.5,260.55,263.8,263.25,265.57,135705,36039369.8,3396.0,47095.0,34.7
PRESTIGE,EQ,24-Aug-2017,258.45,258.6,261.5,256.2,260.0,259.0,258.75,127886,33090423.7,2647.0,67112.0,52.48
PRESTIGE,EQ,23-Aug-2017,258.9,259.0,261.8,257.1,258.25,258.45,258.73,54680,14147091.95,1121.0,27353.0,50.02
PRESTIGE,EQ,22-Aug-2017,259.7,263.95,264.5,257.45,259.0,258.9,259.4,80359,20844808.9,4806.0,49163.0,61.18
PRESTIGE,EQ,21-Aug-2017,263.6,268.15,269.6,256.1,264.0,259.7,259.54,261333,67825574.85,5128.0,107441.0,41.11
PRESTIGE,EQ,18-Aug-2017,262.3,262.9,268.95,258.25,265.1,263.6,264.43,140444,37138282.35,3167.0,41752.0,29.73
PRESTIGE,EQ,17-Aug-2017,266.6,270.0,277.2,259.25,264.0,262.3,267.5,396088,105954516.85,13270.0,200334.0,50.58
PRESTIGE,EQ,16-Aug-2017,259.95,271.0,277.0,266.0,267.0,266.6,269.2,367783,99008177.05,18188.0,124950.0,33.97
PRESTIGE,EQ,14-Aug-2017,254.4,255.15,268.2,255.0,259.0,259.95,261.16,138046,36051567.5,5341.0,57136.0,41.39
PRESTIGE,EQ,11-Aug-2017,251.35,249.65,259.55,241.15,255.0,254.4,253.95,172454,43795420.55,12487.0,75316.0,43.67
PRESTIGE,EQ,10-Aug-2017,263.25,261.7,264.85,243.4,252.5,251.35,255.57,58814,15031371.55,1559.0,23238.0,39.51
PRESTIGE,EQ,09-Aug-2017,263.9,265.0,275.95,260.8,261.5,263.25,271.09,285332,77350930.85,8287.0,84329.0,29.55
PRESTIGE,EQ,08-Aug-2017,264.85,265.7,271.95,262.0,263.95,263.9,267.35,71494,19113764.75,2325.0,32455.0,45.4
PRESTIGE,EQ,07-Aug-2017,272.9,273.9,273.9,262.05,264.3,264.85,265.64,84948,22565529.2,1577.0,33421.0,39.34
PRESTIGE,EQ,04-Aug-2017,273.1,274.0,276.5,269.2,270.5,272.9,274.62,454956,124940144.9,9407.0,339422.0,74.61
PRESTIGE,EQ,03-Aug-2017,270.9,269.7,273.8,267.45,273.1,273.1,272.03,148083,40282527.85,4021.0,92136.0,62.22
PRESTIGE,EQ,02-Aug-2017,271.1,272.0,274.95,267.6,269.8,270.9,271.88,212565,57791382.65,5613.0,123755.0,58.22
PRESTIGE,EQ,01-Aug-2017,268.7,269.0,273.9,268.0,271.35,271.1,270.64,301485,81592698.75,10343.0,165664.0,54.95
PRESTIGE,EQ,31-Jul-2017,255.85,257.9,269.7,255.4,268.8,268.7,266.01,631756,168056359.05,12657.0,211266.0,33.44
PRESTIGE,EQ,28-Jul-2017,260.75,260.0,264.0,254.25,255.95,255.85,257.9,330766,85305919.4,7302.0,170088.0,51.42
PRESTIGE,EQ,27-Jul-2017,256.55,258.0,264.0,253.55,263.9,260.75,259.59,207414,53843366.9,3858.0,52972.0,25.54
PRESTIGE,EQ,26-Jul-2017,249.15,251.6,271.0,249.2,257.0,256.55,259.67,1109457,288090981.45,20994.0,526730.0,47.48
PRESTIGE,EQ,25-Jul-2017,251.0,251.7,251.9,246.0,248.8,249.15,249.6,281095,70160457.5,6043.0,238900.0,84.99
PRESTIGE,EQ,24-Jul-2017,248.3,249.6,252.5,246.4,249.55,251.0,249.75,309778,77365906.25,9125.0,213072.0,68.78
PRESTIGE,EQ,21-Jul-2017,250.15,252.8,254.0,245.7,248.0,248.3,250.63,225526,56523408.1,7194.0,114705.0,50.86
PRESTIGE,EQ,20-Jul-2017,251.85,253.3,255.0,249.35,251.0,250.15,250.78,192200,48200194.65,6888.0,89393.0,46.51
PRESTIGE,EQ,19-Jul-2017,250.15,249.1,258.45,249.1,252.0,251.85,254.43,281353,71585884.25,12916.0,95142.0,33.82
PRESTIGE,EQ,18-Jul-2017,256.6,255.35,255.9,248.15,251.5,250.15,251.68,147747,37185258.4,3740.0,65017.0,44.01
PRESTIGE,EQ,17-Jul-2017,266.05,266.5,268.45,254.55,255.7,256.6,260.15,187110,48676238.65,5623.0,96071.0,51.34
PRESTIGE,EQ,14-Jul-2017,274.95,276.6,276.6,264.3,266.15,266.05,268.17,206906,55485557.95,8113.0,74149.0,35.84
PRESTIGE,EQ,13-Jul-2017,282.95,283.5,285.75,270.35,274.0,274.95,275.28,346462,95375713.05,13751.0,143864.0,41.52
PRESTIGE,EQ,12-Jul-2017,281.0,280.5,290.0,278.7,284.1,282.95,284.64,335076,95377197.5,10540.0,158993.0,47.45
PRESTIGE,EQ,11-Jul-2017,278.5,276.7,291.7,275.5,280.5,281.0,283.98,669363,190086532.15,12215.0,354193.0,52.91
PRESTIGE,EQ,10-Jul-2017,282.3,295.0,295.0,276.3,277.6,278.5,281.29,51636,14524932.1,919.0,25378.0,49.15
PRESTIGE,EQ,07-Jul-2017,266.9,266.0,284.75,263.65,283.25,282.3,277.2,615694,170667643.75,13435.0,236688.0,38.44
PRESTIGE,EQ,06-Jul-2017,250.8,254.0,270.0,254.0,268.25,266.9,263.79,779004,205495241.55,27222.0,287496.0,36.91
PRESTIGE,EQ,05-Jul-2017,247.85,248.9,253.65,248.75,250.3,250.8,251.14,77129,19370053.65,1857.0,31506.0,40.85
PRESTIGE,EQ,04-Jul-2017,256.3,256.75,257.95,246.05,248.0,247.85,251.0,87376,21931266.4,2083.0,38965.0,44.59
PRESTIGE,EQ,03-Jul-2017,253.05,254.0,261.8,253.3,256.3,256.3,256.5,302643,77628707.75,7827.0,170610.0,56.37
PRESTIGE,EQ,30-Jun-2017,240.85,241.0,255.8,241.0,253.0,253.05,249.87,340189,85001953.0,9305.0,137284.0,40.36
PRESTIGE,EQ,29-Jun-2017,239.55,241.7,244.0,239.2,242.0,240.85,242.15,68529,16594544.85,2188.0,36187.0,52.81
PRESTIGE,EQ,28-Jun-2017,242.45,245.95,245.95,237.5,240.0,239.55,239.9,84774,20337388.75,5697.0,38853.0,45.83
PRESTIGE,EQ,27-Jun-2017,246.05,247.55,251.2,233.65,244.2,242.45,240.05,284353,68257744.7,12113.0,112525.0,39.57
PRESTIGE,EQ,23-Jun-2017,258.0,258.8,263.75,243.25,245.0,246.05,248.18,283572,70377479.9,5863.0,133610.0,47.12
PRESTIGE,EQ,22-Jun-2017,261.15,260.4,265.5,256.0,258.0,258.0,261.99,143138,37500101.8,4344.0,63697.0,44.5
PRESTIGE,EQ,21-Jun-2017,263.6,264.5,268.55,258.6,259.0,261.15,264.07,205497,54264585.1,5016.0,75257.0,36.62
PRESTIGE,EQ,20-Jun-2017,266.95,268.0,269.0,261.15,264.3,263.6,264.82,130800,34638852.7,3090.0,41512.0,31.74
PRESTIGE,EQ,19-Jun-2017,265.45,266.8,272.0,263.0,267.0,266.95,267.67,224380,60060058.6,5740.0,141025.0,62.85
PRESTIGE,EQ,16-Jun-2017,267.85,269.8,274.75,261.5,264.9,265.45,270.57,324011,87666394.1,8201.0,143307.0,44.23
PRESTIGE,EQ,15-Jun-2017,264.9,267.5,272.4,263.05,268.7,267.85,268.47,523800,140624007.15,15297.0,208824.0,39.87
PRESTIGE,EQ,14-Jun-2017,254.5,254.0,267.5,253.0,265.8,264.9,260.82,1017298,265327794.8,26011.0,620716.0,61.02
PRESTIGE,EQ,13-Jun-2017,251.95,253.0,259.0,252.45,254.25,254.5,255.87,362594,92778052.65,10915.0,190301.0,52.48
PRESTIGE,EQ,12-Jun-2017,253.25,251.1,259.0,251.05,251.25,251.95,254.95,246163,62759708.15,5265.0,95211.0,38.68
PRESTIGE,EQ,09-Jun-2017,250.75,250.2,258.1,249.05,252.55,253.25,253.15,244253,61833163.05,7643.0,146412.0,59.94
PRESTIGE,EQ,08-Jun-2017,246.85,248.9,258.5,242.7,250.0,250.75,252.47,473786,119615009.7,18312.0,270877.0,57.17
PRESTIGE,EQ,07-Jun-2017,246.9,246.9,250.4,245.3,247.0,246.85,247.42,184567,45665300.55,6037.0,138120.0,74.83
PRESTIGE,EQ,06-Jun-2017,252.3,254.0,254.0,242.65,247.4,246.9,247.04,110570,27315427.35,6909.0,65396.0,59.14
PRESTIGE,EQ,05-Jun-2017,247.1,249.9,254.9,245.05,252.45,252.3,252.47,730844,184517535.9,14912.0,632609.0,86.56
PRESTIGE,EQ,02-Jun-2017,249.5,253.0,253.7,245.0,246.5,247.1,248.92,259747,64656562.05,11544.0,147239.0,56.69
PRESTIGE,EQ,01-Jun-2017,241.45,250.3,252.2,247.0,249.8,249.5,249.42,1202851,300019540.15,20602.0,740745.0,61.58
PRESTIGE,EQ,31-May-2017,223.95,228.0,250.0,224.2,249.8,241.45,237.39,1215390,288516502.2,36574.0,925499.0,76.15
PRESTIGE,EQ,30-May-2017,227.75,229.0,231.9,221.05,224.0,223.95,227.0,123286,27986363.4,6831.0,61847.0,50.17
PRESTIGE,EQ,29-May-2017,235.35,235.1,237.0,225.55,226.45,227.75,231.57,197877,45822441.55,14003.0,103505.0,52.31
PRESTIGE,EQ,26-May-2017,236.25,237.0,239.65,233.8,235.3,235.35,236.42,113348,26797811.8,5543.0,61489.0,54.25
PRESTIGE,EQ,25-May-2017,231.3,230.0,238.0,230.0,237.0,236.25,235.69,292148,68855085.45,17772.0,188288.0,64.45
PRESTIGE,EQ,24-May-2017,227.95,228.05,237.65,228.05,230.0,231.3,232.73,589405,137174750.45,13567.0,450013.0,76.35
PRESTIGE,EQ,23-May-2017,235.5,235.7,238.5,224.55,226.2,227.95,233.63,197648,46175523.2,9616.0,115995.0,58.69
PRESTIGE,EQ,22-May-2017,236.6,238.7,242.0,234.15,235.2,235.5,238.52,95891,22872352.85,2480.0,54417.0,56.75
PRESTIGE,EQ,19-May-2017,231.9,234.4,243.0,233.05,236.5,236.6,237.73,662642,157530428.1,12585.0,456865.0,68.95
PRESTIGE,EQ,18-May-2017,238.2,236.0,237.9,230.8,231.85,231.9,235.45,529202,124603249.8,6719.0,472366.0,89.26
PRESTIGE,EQ,17-May-2017,239.8,239.0,243.5,236.15,239.5,238.2,239.93,369862,88740809.5,25900.0,253885.0,68.64
PRESTIGE,EQ,16-May-2017,235.8,238.2,242.8,238.0,238.65,239.8,240.36,329985,79316426.1,17810.0,210716.0,63.86
PRESTIGE,EQ,15-May-2017,242.6,244.9,247.9,234.15,237.9,235.8,240.84,387283,93274119.65,10137.0,268436.0,69.31
PRESTIGE,EQ,12-May-2017,246.25,247.6,248.2,241.0,242.6,242.6,244.53,159962,39116208.3,4558.0,92537.0,57.85
PRESTIGE,EQ,11-May-2017,242.55,245.0,250.05,242.55,244.6,246.25,246.45,1250570,308199166.1,14518.0,1014022.0,81.08
PRESTIGE,EQ,10-May-2017,249.75,249.5,251.35,241.5,243.7,242.55,245.3,200203,49110765.2,6045.0,121241.0,60.56
PRESTIGE,EQ,09-May-2017,254.25,256.0,258.05,248.05,248.7,249.75,251.99,1046991,263830611.55,23163.0,868678.0,82.97
PRESTIGE,EQ,08-May-2017,244.75,242.2,256.0,235.0,255.0,254.25,245.91,649461,159709135.75,20368.0,322936.0,49.72
PRESTIGE,EQ,05-May-2017,250.05,250.15,250.9,242.5,244.5,244.75,246.72,207718,51247268.25,4254.0,101754.0,48.99
PRESTIGE,EQ,04-May-2017,247.25,248.85,254.5,247.25,250.15,250.05,250.29,558986,139908470.05,7947.0,337539.0,60.38
PRESTIGE,EQ,03-May-2017,240.15,241.5,254.9,241.5,247.15,247.25,251.19,1390518,349286928.2,18686.0,791820.0,56.94
PRESTIGE,EQ,02-May-2017,235.85,235.85,244.4,233.05,240.9,240.15,240.57,964340,231993454.6,20971.0,597125.0,61.92
PRESTIGE,EQ,28-Apr-2017,246.3,245.65,246.2,233.75,235.75,235.85,236.41,700432,165587285.5,14923.0,453022.0,64.68
PRESTIGE,EQ,27-Apr-2017,254.3,256.4,256.5,244.35,246.0,246.3,249.02,355291,88475076.7,13865.0,216358.0,60.9
PRESTIGE,EQ,26-Apr-2017,265.95,267.9,268.0,246.1,254.55,254.3,256.58,812685,208522122.7,22227.0,534099.0,65.72
PRESTIGE,EQ,25-Apr-2017,259.25,260.9,283.0,256.2,265.0,265.95,270.95,1459564,395465787.05,27367.0,599509.0,41.07
PRESTIGE,EQ,24-Apr-2017,254.05,259.0,260.45,254.25,259.0,259.25,257.42,466098,119983903.05,15100.0,258044.0,55.36
PRESTIGE,EQ,21-Apr-2017,242.9,244.0,255.0,242.15,253.0,254.05,250.42,575968,144232657.75,15156.0,307697.0,53.42
PRESTIGE,EQ,20-Apr-2017,244.15,245.0,245.1,236.35,242.65,242.9,241.43,504036,121690465.45,16698.0,297456.0,59.01
PRESTIGE,EQ,19-Apr-2017,245.65,246.3,247.75,241.3,243.6,244.15,243.72,419707,102290379.3,6357.0,310707.0,74.03
PRESTIGE,EQ,18-Apr-2017,234.5,236.4,256.9,235.25,243.55,245.65,246.86,1536781,379366937.65,20594.0,808085.0,52.58
PRESTIGE,EQ,17-Apr-2017,231.5,230.05,237.0,223.0,234.5,234.5,232.18,708271,164444652.8,14298.0,337785.0,47.69
PRESTIGE,EQ,13-Apr-2017,223.75,225.0,233.6,222.85,230.1,231.5,230.13,373640,85984235.0,8344.0,167744.0,44.89
PRESTIGE,EQ,12-Apr-2017,217.95,217.95,226.5,217.5,225.5,223.75,220.25,1725808,380103318.0,27514.0,1453051.0,84.2
PRESTIGE,EQ,11-Apr-2017,207.95,209.0,221.5,206.7,218.0,217.95,216.32,697567,150898645.05,12624.0,302767.0,43.4
PRESTIGE,EQ,10-Apr-2017,219.4,221.0,224.0,205.3,207.8,207.95,213.75,284711,60857680.9,10961.0,154315.0,54.2
PRESTIGE,EQ,07-Apr-2017,229.3,229.0,234.9,215.35,219.9,219.4,227.17,1360383,309042582.75,11553.0,1089680.0,80.1
PRESTIGE,EQ,06-Apr-2017,224.45,226.0,231.5,217.15,228.0,229.3,225.83,885514,199979307.8,16391.0,496650.0,56.09
PRESTIGE,EQ,05-Apr-2017,217.0,216.0,233.6,215.25,226.25,224.45,226.52,945138,214096105.35,12772.0,388371.0,41.09
PRESTIGE,EQ,03-Apr-2017,217.45,217.0,218.9,212.0,216.0,217.0,215.95,227661,49162531.7,8883.0,141230.0,62.04
PRESTIGE,EQ,31-Mar-2017,213.75,212.25,222.2,211.2,218.1,217.45,218.5,610968,133497402.45,18526.0,317988.0,52.05
PRESTIGE,EQ,30-Mar-2017,203.25,204.1,221.7,204.0,212.2,213.75,215.73,1224622,264186670.15,29433.0,610754.0,49.87
PRESTIGE,EQ,29-Mar-2017,205.3,207.0,207.45,200.2,203.1,203.25,203.24,180070,36596535.8,17801.0,129826.0,72.1
PRESTIGE,EQ,28-Mar-2017,204.2,205.0,209.0,202.6,204.35,205.3,206.15,353148,72802258.3,20182.0,228552.0,64.72
PRESTIGE,EQ,27-Mar-2017,201.2,199.1,205.55,198.3,203.6,204.2,201.72,216738,43720156.8,10908.0,138479.0,63.89
PRESTIGE,EQ,24-Mar-2017,199.4,201.4,207.55,199.0,200.0,201.2,202.97,788741,160093271.6,6573.0,625667.0,79.32
PRESTIGE,EQ,23-Mar-2017,203.9,201.5,204.75,196.4,199.4,199.4,202.15,226186,45723281.35,5239.0,93767.0,41.46
PRESTIGE,EQ,22-Mar-2017,198.15,195.5,211.2,192.5,202.5,203.9,203.54,1092082,222283743.7,17905.0,327831.0,30.02
PRESTIGE,EQ,21-Mar-2017,185.1,182.55,202.0,182.55,197.0,198.15,194.93,903563,176135768.5,10670.0,421916.0,46.69
PRESTIGE,EQ,20-Mar-2017,183.7,186.0,186.0,182.45,184.45,185.1,184.49,126366,23313877.2,3283.0,78245.0,61.92
PRESTIGE,EQ,17-Mar-2017,179.9,180.45,186.25,177.55,186.05,183.7,181.3,394629,71545439.65,6274.0,266463.0,67.52
PRESTIGE,EQ,16-Mar-2017,174.45,175.9,182.8,174.0,180.0,179.9,178.76,496805,88811263.25,5796.0,346603.0,69.77
PRESTIGE,EQ,15-Mar-2017,168.4,169.0,180.5,168.25,174.65,174.45,172.35,1757055,302824157.25,6538.0,1485453.0,84.54
PRESTIGE,EQ,14-Mar-2017,165.4,168.9,170.2,166.55,168.15,168.4,168.53,69191,11661068.55,2546.0,42146.0,60.91
PRESTIGE,EQ,10-Mar-2017,167.0,167.95,170.7,164.0,165.0,165.4,166.43,169286,28174374.25,1540.0,146602.0,86.6
PRESTIGE,EQ,09-Mar-2017,167.8,168.0,169.7,165.15,166.25,167.0,168.03,35737,6004887.1,690.0,23889.0,66.85
PRESTIGE,EQ,08-Mar-2017,172.85,172.9,173.75,167.4,167.9,167.8,168.54,102601,17292559.4,2014.0,76675.0,74.73
PRESTIGE,EQ,07-Mar-2017,172.9,172.05,174.9,170.9,171.5,172.85,172.83,106398,18388989.0,1606.0,72881.0,68.5
PRESTIGE,EQ,06-Mar-2017,171.65,172.3,173.65,172.0,172.6,172.9,172.99,79992,13837809.45,625.0,69415.0,86.78
PRESTIGE,EQ,03-Mar-2017,173.9,171.05,176.5,170.2,171.3,171.65,173.5,416317,72233036.5,8261.0,243695.0,58.54
PRESTIGE,EQ,02-Mar-2017,171.9,174.9,177.4,172.1,174.0,173.9,175.05,576596,100935807.5,8441.0,397519.0,68.94
PRESTIGE,EQ,01-Mar-2017,170.3,170.55,182.55,168.55,171.7,171.9,173.79,1159127,201447275.8,16167.0,750781.0,64.77
PRESTIGE,EQ,28-Feb-2017,169.8,170.0,172.9,169.35,170.05,170.3,170.45,65869,11227460.65,4615.0,45333.0,68.82
PRESTIGE,EQ,27-Feb-2017,171.85,172.0,172.35,169.5,169.6,169.8,170.76,37783,6451770.85,2937.0,26087.0,69.04
PRESTIGE,EQ,23-Feb-2017,170.65,171.1,172.9,170.8,172.0,171.85,171.99,69630,11975381.85,1466.0,45496.0,65.34
PRESTIGE,EQ,22-Feb-2017,176.2,176.2,176.45,170.1,171.05,170.65,174.21,179908,31341200.7,6395.0,134464.0,74.74
PRESTIGE,EQ,21-Feb-2017,172.7,173.35,179.5,171.3,177.0,176.2,176.51,318773,56265893.45,3346.0,253655.0,79.57
PRESTIGE,EQ,20-Feb-2017,172.2,174.7,174.9,170.65,171.8,172.7,173.99,46323,8059900.3,2555.0,22585.0,48.76
PRESTIGE,EQ,17-Feb-2017,176.0,174.5,175.55,172.0,172.05,172.2,173.66,158162,27466148.65,789.0,147397.0,93.19
PRESTIGE,EQ,16-Feb-2017,168.85,169.85,177.5,169.0,176.0,176.0,175.23,280161,49093078.15,5306.0,141675.0,50.57
PRESTIGE,EQ,15-Feb-2017,170.3,170.0,172.5,166.65,168.9,168.85,168.9,60312,10186985.35,1235.0,37186.0,61.66
PRESTIGE,EQ,14-Feb-2017,176.05,172.5,172.55,166.7,170.5,170.3,169.67,549462,93225521.25,10103.0,407607.0,74.18
PRESTIGE,EQ,13-Feb-2017,181.9,182.55,182.9,173.6,176.0,176.05,176.09,210998,37154264.5,4494.0,169485.0,80.33
PRESTIGE,EQ,10-Feb-2017,184.4,183.6,185.55,181.0,182.5,181.9,183.36,118334,21697715.55,3897.0,55957.0,47.29
PRESTIGE,EQ,09-Feb-2017,176.45,177.2,186.45,176.1,182.2,184.4,179.64,1116950,200645072.1,9604.0,914708.0,81.89
PRESTIGE,EQ,08-Feb-2017,171.35,173.95,177.95,171.2,175.9,176.45,174.65,473210,82643898.15,3432.0,409807.0,86.6
PRESTIGE,EQ,07-Feb-2017,172.9,171.7,174.1,170.4,171.4,171.35,172.17,38322,6597767.2,639.0,21017.0,54.84
PRESTIGE,EQ,06-Feb-2017,167.5,168.05,174.9,168.05,172.1,172.9,172.87,123520,21352889.9,1911.0,64946.0,52.58
PRESTIGE,EQ,03-Feb-2017,171.45,171.1,171.15,167.1,167.3,167.5,168.18,119875,20160672.0,3685.0,83767.0,69.88
PRESTIGE,EQ,02-Feb-2017,174.25,174.3,175.55,170.55,171.2,171.45,173.05,169953,29409906.85,3980.0,83880.0,49.35
PRESTIGE,EQ,01-Feb-2017,165.55,167.0,174.7,163.85,173.6,174.25,169.39,283689,48052811.2,4366.0,124772.0,43.98
PRESTIGE,EQ,31-Jan-2017,159.9,160.3,167.9,155.95,167.0,165.55,161.12,304178,49009059.4,8099.0,211070.0,69.39
PRESTIGE,EQ,30-Jan-2017,160.05,160.0,161.9,159.0,159.3,159.9,160.25,133604,21410291.95,2816.0,94311.0,70.59
PRESTIGE,EQ,27-Jan-2017,164.85,166.3,166.3,156.6,159.5,160.05,159.98,565409,90452047.1,11801.0,369022.0,65.27
PRESTIGE,EQ,25-Jan-2017,166.1,167.45,167.75,162.55,162.6,164.85,165.3,423852,70064065.3,21902.0,358557.0,84.59
PRESTIGE,EQ,24-Jan-2017,162.8,165.95,168.1,164.05,165.0,166.1,165.77,170725,28300268.85,5771.0,138942.0,81.38
PRESTIGE,EQ,23-Jan-2017,163.0,166.8,169.0,161.15,163.05,162.8,165.66,208532,34546437.2,7157.0,132749.0,63.66
PRESTIGE,EQ,20-Jan-2017,165.8,164.3,170.0,162.0,162.0,163.0,166.73,206141,34370799.0,6992.0,116208.0,56.37
PRESTIGE,EQ,19-Jan-2017,165.55,165.85,167.35,165.1,166.0,165.8,166.07,51673,8581428.65,3232.0,37158.0,71.91
PRESTIGE,EQ,18-Jan-2017,169.45,170.35,170.35,164.0,165.4,165.55,166.61,117253,19535654.7,7523.0,75384.0,64.29
PRESTIGE,EQ,17-Jan-2017,171.25,171.35,174.0,168.5,169.0,169.45,170.42,61562,10491241.45,4028.0,45043.0,73.17
PRESTIGE,EQ,16-Jan-2017,172.55,172.9,175.0,170.55,171.15,171.25,172.46,60051,10356695.65,3065.0,39197.0,65.27
PRESTIGE,EQ,13-Jan-2017,174.45,174.1,174.9,172.0,172.3,172.55,173.02,66946,11582736.5,1546.0,49287.0,73.62
PRESTIGE,EQ,12-Jan-2017,175.7,178.55,178.55,173.75,173.75,174.45,175.22,25249,4424109.0,1293.0,13335.0,52.81
PRESTIGE,EQ,11-Jan-2017,178.05,178.0,180.85,175.0,175.2,175.7,176.78,53401,9440410.9,2861.0,31568.0,59.11
PRESTIGE,EQ,10-Jan-2017,181.0,182.0,184.3,174.0,178.0,178.05,178.18,174004,31003770.35,7054.0,72285.0,41.54
PRESTIGE,EQ,09-Jan-2017,172.3,172.0,183.85,172.0,180.55,181.0,180.81,247595,44768679.05,7629.0,99836.0,40.32
PRESTIGE,EQ,06-Jan-2017,173.2,173.0,175.5,170.75,171.5,172.3,173.65,34930,6065724.85,1562.0,18185.0,52.06
PRESTIGE,EQ,05-Jan-2017,171.2,171.2,173.9,171.2,173.5,173.2,173.14,133863,23177593.1,1163.0,119360.0,89.17
PRESTIGE,EQ,04-Jan-2017,169.65,169.65,172.5,169.65,170.0,171.2,171.89,103222,17742512.85,1037.0,93197.0,90.29
PRESTIGE,EQ,03-Jan-2017,169.0,169.0,172.85,168.0,169.0,169.65,170.62,59930,10225502.15,1981.0,35117.0,58.6
PRESTIGE,EQ,02-Jan-2017,170.0,173.9,176.0,167.2,168.4,169.0,171.74,148754,25546478.45,3125.0,68625.0,46.13
PRESTIGE,EQ,30-Dec-2016,169.0,171.95,172.5,167.0,172.0,170.0,169.09,117009,19784475.25,2695.0,61353.0,52.43
PRESTIGE,EQ,28-Dec-2018,207.7,208.5,215.9,208.0,215.5,214.2,213.48,146884,31356311.35,7921.0,74166.0,50.49
PRESTIGE,EQ,27-Dec-2018,205.35,209.9,209.9,205.25,207.1,207.7,207.84,94472,19634652.65,3726.0,65695.0,69.54
PRESTIGE,EQ,26-Dec-2018,204.1,203.0,207.95,199.1,204.5,205.35,203.01,83876,17028047.0,2711.0,9962.0,11.88
PRESTIGE,EQ,24-Dec-2018,207.7,207.0,209.95,201.3,204.0,204.1,206.88,34328,7101618.95,1718.0,12129.0,35.33
PRESTIGE,EQ,21-Dec-2018,209.05,209.9,214.0,206.0,207.0,207.7,209.77,207999,43631426.5,8283.0,126036.0,60.59
PRESTIGE,EQ,20-Dec-2018,210.2,209.8,213.7,208.0,209.0,209.05,210.94,133089,28073296.95,9094.0,57290.0,43.05
PRESTIGE,EQ,19-Dec-2018,206.5,207.95,211.95,206.5,210.05,210.2,209.63,179327,37591988.0,5679.0,88212.0,49.19
PRESTIGE,EQ,18-Dec-2018,206.65,204.8,211.0,204.7,206.05,206.5,207.09,84395,17477061.0,2599.0,20281.0,24.03
PRESTIGE,EQ,17-Dec-2018,217.0,218.6,218.6,203.55,204.6,206.65,209.6,162592,34079204.85,9850.0,70814.0,43.55
PRESTIGE,EQ,14-Dec-2018,215.6,217.9,222.0,213.65,216.4,217.0,218.24,149281,32579613.15,3621.0,28746.0,19.26
PRESTIGE,EQ,13-Dec-2018,200.1,201.6,219.0,201.6,219.0,215.6,212.29,220739,46859596.5,6181.0,56255.0,25.48
PRESTIGE,EQ,12-Dec-2018,195.15,194.2,204.7,194.2,200.0,200.1,200.64,103903,20846707.85,3771.0,55829.0,53.73
PRESTIGE,EQ,11-Dec-2018,198.1,194.2,201.6,192.0,197.6,195.15,197.68,46386,9169461.5,3037.0,14072.0,30.34
PRESTIGE,EQ,10-Dec-2018,200.85,200.0,200.0,194.05,198.0,198.1,196.28,50041,9822191.35,4475.0,23916.0,47.79
PRESTIGE,EQ,07-Dec-2018,200.4,201.0,203.95,198.7,200.0,200.85,201.05,47103,9470238.55,1659.0,16002.0,33.97
PRESTIGE,EQ,06-Dec-2018,207.85,210.6,210.6,199.0,199.9,200.4,202.13,124124,25089370.4,3609.0,32954.0,26.55
PRESTIGE,EQ,05-Dec-2018,212.45,214.15,215.0,206.0,211.0,207.85,209.36,90465,18939534.75,2844.0,17441.0,19.28
PRESTIGE,EQ,04-Dec-2018,210.1,209.0,216.75,203.1,216.0,212.45,207.86,128600,26731358.3,3297.0,28543.0,22.2
PRESTIGE,EQ,03-Dec-2018,216.55,224.85,224.85,208.0,209.0,210.1,215.53,311211,67076479.65,6464.0,61905.0,19.89
PRESTIGE,EQ,30-Nov-2018,198.35,197.0,220.6,195.0,218.0,216.55,213.3,1935021,412737877.1,29561.0,510092.0,26.36
PRESTIGE,EQ,29-Nov-2018,183.2,183.0,201.5,182.2,197.9,198.35,192.73,653792,126006532.7,19579.0,231114.0,35.35
PRESTIGE,EQ,28-Nov-2018,175.4,174.05,189.0,173.85,187.9,183.2,179.9,391020,70342962.1,8800.0,181020.0,46.29
PRESTIGE,EQ,27-Nov-2018,173.05,172.6,176.6,172.0,175.2,175.4,174.57,93706,16358053.6,1843.0,75353.0,80.41
PRESTIGE,EQ,26-Nov-2018,172.45,172.5,175.25,172.5,173.0,173.05,173.37,70316,12191028.4,1253.0,37737.0,53.67
PRESTIGE,EQ,22-Nov-2018,173.9,173.0,173.95,170.7,172.05,172.45,172.41,46990,8101739.5,1266.0,21237.0,45.19
PRESTIGE,EQ,21-Nov-2018,174.0,172.65,177.6,172.65,173.2,173.9,174.03,2079909,361958123.05,5935.0,1956172.0,94.05
PRESTIGE,EQ,20-Nov-2018,179.35,178.85,179.8,173.1,174.0,174.0,176.13,67340,11860719.5,1643.0,33879.0,50.31
PRESTIGE,EQ,19-Nov-2018,178.6,179.65,182.45,177.5,178.4,179.35,179.48,152490,27369552.2,2922.0,88815.0,58.24
PRESTIGE,EQ,16-Nov-2018,178.15,177.2,180.0,175.3,177.95,178.6,178.1,54636,9730399.2,3108.0,29545.0,54.08
PRESTIGE,EQ,15-Nov-2018,180.25,181.0,182.75,175.95,177.6,178.15,178.31,70076,12494903.4,1545.0,44636.0,63.7
PRESTIGE,EQ,14-Nov-2018,182.8,181.6,184.95,178.0,179.7,180.25,181.02,103815,18792708.3,6187.0,66071.0,63.64
PRESTIGE,EQ,13-Nov-2018,185.6,184.1,185.95,180.2,181.5,182.8,182.46,75039,13691974.7,5349.0,47594.0,63.43
PRESTIGE,EQ,12-Nov-2018,189.65,189.65,191.95,184.85,185.0,185.6,186.88,51952,9708832.3,3670.0,32972.0,63.47
PRESTIGE,EQ,09-Nov-2018,190.8,191.1,191.1,187.7,189.5,189.65,189.44,42821,8112178.55,4718.0,25113.0,58.65
PRESTIGE,EQ,07-Nov-2018,188.0,188.1,191.8,187.9,191.2,190.8,190.28,17873,3400882.4,287.0,10660.0,59.64
PRESTIGE,EQ,06-Nov-2018,190.2,191.65,191.65,187.0,188.0,188.0,189.15,22395,4236059.75,2435.0,12692.0,56.67
PRESTIGE,EQ,05-Nov-2018,188.05,188.85,191.9,188.8,190.0,190.2,190.2,43063,8190519.8,5387.0,26175.0,60.78
PRESTIGE,EQ,02-Nov-2018,191.85,192.5,194.0,186.35,189.0,188.05,191.23,127259,24335529.0,5566.0,63123.0,49.6
PRESTIGE,EQ,01-Nov-2018,194.9,196.5,198.15,189.0,190.5,191.85,192.61,362671,69853895.85,4256.0,298319.0,82.26
PRESTIGE,EQ,31-Oct-2018,190.95,191.9,200.0,191.85,193.2,194.9,194.75,138258,26925062.35,4192.0,86423.0,62.51
PRESTIGE,EQ,30-Oct-2018,188.15,187.95,193.75,184.9,190.2,190.95,190.88,177804,33939658.35,6727.0,123066.0,69.21
PRESTIGE,EQ,29-Oct-2018,187.9,187.9,190.0,185.0,186.8,188.15,187.96,98730,18556902.65,2108.0,66703.0,67.56
PRESTIGE,EQ,26-Oct-2018,192.1,193.65,194.15,186.1,188.0,187.9,190.55,56049,10679964.65,5632.0,25377.0,45.28
PRESTIGE,EQ,25-Oct-2018,195.4,192.3,199.0,184.4,199.0,192.1,190.49,80864,15404141.95,5637.0,39990.0,49.45
PRESTIGE,EQ,24-Oct-2018,192.8,194.0,196.6,189.5,195.0,195.4,193.93,63996,12411018.4,1731.0,27856.0,43.53
PRESTIGE,EQ,23-Oct-2018,194.45,194.85,199.4,190.2,192.5,192.8,194.27,151395,29411551.7,4676.0,91868.0,60.68
PRESTIGE,EQ,22-Oct-2018,194.0,197.0,200.2,191.0,194.15,194.45,195.33,104580,20427469.35,5255.0,41778.0,39.95
PRESTIGE,EQ,19-Oct-2018,196.9,197.0,200.15,192.05,193.7,194.0,194.77,386766,75332290.45,5722.0,269409.0,69.66
PRESTIGE,EQ,17-Oct-2018,194.1,194.7,205.0,187.2,205.0,196.9,192.68,201463,38817040.1,5382.0,78833.0,39.13
PRESTIGE,EQ,16-Oct-2018,183.65,186.9,197.0,184.2,194.0,194.1,191.75,154572,29639552.3,4595.0,50276.0,32.53
PRESTIGE,EQ,15-Oct-2018,176.8,181.7,187.0,177.6,183.7,183.65,183.44,192981,35399903.7,6038.0,63632.0,32.97
PRESTIGE,EQ,12-Oct-2018,169.4,170.5,181.9,165.6,180.0,176.8,169.9,1542214,262017926.6,26555.0,1101727.0,71.44
PRESTIGE,EQ,11-Oct-2018,178.55,170.0,170.0,163.0,169.25,169.4,168.92,343594,58040921.4,7373.0,207054.0,60.26
PRESTIGE,EQ,10-Oct-2018,170.55,173.0,181.55,165.0,176.0,178.55,174.43,504222,87953823.15,10868.0,359791.0,71.36
PRESTIGE,EQ,09-Oct-2018,175.2,175.0,175.2,165.5,171.0,170.55,168.93,467958,79053573.1,16484.0,295805.0,63.21
PRESTIGE,EQ,08-Oct-2018,196.15,196.5,199.7,170.2,172.3,175.2,183.56,402204,73826711.45,12738.0,237320.0,59.0
PRESTIGE,EQ,05-Oct-2018,196.4,192.45,198.85,192.45,196.95,196.15,196.1,104502,20492768.85,4942.0,67327.0,64.43
PRESTIGE,EQ,04-Oct-2018,210.1,204.0,205.8,194.0,194.05,196.4,198.05,206531,40904197.15,7587.0,92525.0,44.8
PRESTIGE,EQ,03-Oct-2018,215.3,210.5,214.15,207.1,209.9,210.1,210.65,66166,13937645.4,2301.0,30537.0,46.15
PRESTIGE,EQ,01-Oct-2018,209.85,210.5,221.8,201.9,214.55,215.3,206.23,157091,32396140.5,2534.0,116345.0,74.06
PRESTIGE,EQ,28-Sep-2018,233.85,235.15,235.5,206.2,210.8,209.85,223.12,267712,59730764.6,6893.0,159317.0,59.51
PRESTIGE,EQ,27-Sep-2018,219.5,224.5,242.0,220.55,238.9,233.85,227.91,491923,112114039.5,9142.0,247957.0,50.41
PRESTIGE,EQ,26-Sep-2018,212.35,214.0,224.8,206.2,224.0,219.5,214.27,103129,22097844.0,3118.0,58000.0,56.24
PRESTIGE,EQ,25-Sep-2018,217.2,216.9,229.8,173.8,213.0,212.35,203.16,901471,183143805.65,13737.0,87429.0,9.7
PRESTIGE,EQ,24-Sep-2018,227.3,227.0,227.0,215.15,216.0,217.2,220.3,33570,7395570.55,1461.0,18677.0,55.64
PRESTIGE,EQ,21-Sep-2018,229.7,236.0,238.5,215.0,230.0,227.3,226.8,92730,21031246.65,4767.0,43349.0,46.75
PRESTIGE,EQ,19-Sep-2018,232.35,232.35,238.45,227.0,229.8,229.7,232.16,62095,14416146.9,2931.0,20136.0,32.43
PRESTIGE,EQ,18-Sep-2018,239.45,240.0,248.7,230.2,233.0,232.35,236.05,112439,26541772.2,2680.0,60634.0,53.93
PRESTIGE,EQ,17-Sep-2018,234.55,238.0,243.65,234.35,239.2,239.45,239.76,208888,50082912.45,4525.0,63152.0,30.23
PRESTIGE,EQ,14-Sep-2018,218.05,223.4,239.7,221.0,239.7,234.55,229.37,137849,31618100.4,4943.0,48544.0,35.22
PRESTIGE,EQ,12-Sep-2018,220.8,219.0,221.5,214.25,220.0,218.05,217.72,49748,10830984.7,3339.0,26751.0,53.77
PRESTIGE,EQ,11-Sep-2018,224.55,224.0,227.0,220.0,220.2,220.8,222.54,25843,5751221.25,1268.0,13686.0,52.96
PRESTIGE,EQ,10-Sep-2018,230.25,230.9,231.05,222.8,223.55,224.55,226.34,54376,12307596.9,1685.0,29726.0,54.67
PRESTIGE,EQ,07-Sep-2018,232.15,236.0,238.75,228.1,229.7,230.25,234.43,101193,23722761.25,4371.0,37698.0,37.25
PRESTIGE,EQ,06-Sep-2018,231.8,233.5,234.85,230.65,232.6,232.15,232.49,99376,23103488.6,1986.0,80748.0,81.26
PRESTIGE,EQ,05-Sep-2018,237.4,237.8,237.8,231.0,231.75,231.8,232.65,33166,7715980.85,3952.0,17817.0,53.72
PRESTIGE,EQ,04-Sep-2018,235.8,235.8,240.0,235.1,237.7,237.4,237.62,74047,17595333.8,1750.0,48418.0,65.39
PRESTIGE,EQ,03-Sep-2018,237.05,238.9,239.95,234.7,235.15,235.8,236.78,22319,5284757.8,762.0,14521.0,65.06
PRESTIGE,EQ,31-Aug-2018,232.85,231.75,240.0,231.0,236.8,237.05,235.94,96089,22671365.25,3140.0,64097.0,66.71
PRESTIGE,EQ,30-Aug-2018,236.4,236.5,239.8,231.0,232.5,232.85,236.88,86852,20573211.65,3959.0,67956.0,78.24
PRESTIGE,EQ,29-Aug-2018,240.25,240.4,242.65,232.6,236.25,236.4,240.06,191082,45870563.15,5326.0,150899.0,78.97
PRESTIGE,EQ,28-Aug-2018,246.15,246.05,247.2,237.8,238.0,240.25,241.93,77535,18758266.15,6806.0,49957.0,64.43
PRESTIGE,EQ,27-Aug-2018,243.95,247.0,249.7,245.15,245.8,246.15,247.29,27693,6848158.75,1158.0,14596.0,52.71
PRESTIGE,EQ,24-Aug-2018,244.7,244.0,249.0,240.2,242.75,243.95,244.24,57304,13996135.65,7127.0,35747.0,62.38
PRESTIGE,EQ,23-Aug-2018,246.9,248.8,250.5,243.0,243.05,244.7,246.17,65252,16062947.7,2808.0,46956.0,71.96
PRESTIGE,EQ,21-Aug-2018,249.45,249.0,250.25,246.2,246.2,246.9,248.05,42168,10459860.35,2463.0,31669.0,75.1
PRESTIGE,EQ,20-Aug-2018,250.55,250.65,252.15,248.1,248.25,249.45,250.11,26235,6561554.55,2129.0,17659.0,67.31
PRESTIGE,EQ,17-Aug-2018,251.8,250.15,253.6,250.0,250.0,250.55,251.05,26699,6702808.45,2307.0,19616.0,73.47
PRESTIGE,EQ,16-Aug-2018,253.75,251.0,254.5,248.6,251.7,251.8,251.89,25431,6405758.1,1395.0,15203.0,59.78
PRESTIGE,EQ,14-Aug-2018,250.4,248.7,255.0,248.7,253.1,253.75,253.64,47597,12072376.35,1488.0,31245.0,65.64
PRESTIGE,EQ,13-Aug-2018,248.75,247.55,254.45,244.65,250.05,250.4,249.75,36905,9217087.95,1775.0,18520.0,50.18
PRESTIGE,EQ,10-Aug-2018,249.25,249.5,250.15,246.8,249.0,248.75,248.94,184333,45888455.75,741.0,175930.0,95.44
PRESTIGE,EQ,09-Aug-2018,249.65,249.65,258.0,248.0,248.5,249.25,253.02,68637,17366683.55,3113.0,26145.0,38.09
PRESTIGE,EQ,08-Aug-2018,252.4,251.1,253.5,248.15,248.95,249.65,251.3,243227,61122461.8,11813.0,209881.0,86.29
PRESTIGE,EQ,07-Aug-2018,253.95,257.0,257.0,251.25,252.5,252.4,252.94,240041,60716650.3,9865.0,223910.0,93.28
PRESTIGE,EQ,06-Aug-2018,256.15,258.8,258.8,252.55,253.95,253.95,254.29,112454,28596286.15,10472.0,96471.0,85.79
PRESTIGE,EQ,03-Aug-2018,257.1,256.0,258.6,253.5,256.2,256.15,255.21,212229,54163354.25,7484.0,185297.0,87.31
PRESTIGE,EQ,02-Aug-2018,258.85,260.9,262.8,255.25,256.35,257.1,257.4,48605,12510933.35,3548.0,28863.0,59.38
PRESTIGE,EQ,01-Aug-2018,253.15,254.8,262.0,253.15,258.85,258.85,258.14,306750,79185099.25,22366.0,187593.0,61.16
PRESTIGE,EQ,31-Jul-2018,264.0,264.5,266.15,251.0,252.6,253.15,255.35,249973,63830848.75,17817.0,163403.0,65.37
PRESTIGE,EQ,30-Jul-2018,268.5,263.8,269.8,261.55,263.8,264.0,264.19,139376,36821825.15,8704.0,102591.0,73.61
PRESTIGE,EQ,27-Jul-2018,267.0,264.0,273.0,264.0,269.0,268.5,268.99,188352,50664421.6,6395.0,147520.0,78.32
PRESTIGE,EQ,26-Jul-2018,267.45,269.0,270.0,263.15,267.15,267.0,266.61,47011,12533504.75,1531.0,14009.0,29.8
PRESTIGE,EQ,25-Jul-2018,261.9,264.8,272.95,263.05,269.0,267.45,267.78,45887,12287549.4,1643.0,24171.0,52.68
PRESTIGE,EQ,24-Jul-2018,255.95,253.2,264.05,253.2,262.95,261.9,259.98,51635,13424261.5,3198.0,21573.0,41.78
PRESTIGE,EQ,23-Jul-2018,249.7,250.0,259.4,250.0,255.5,255.95,255.06,34307,8750420.8,1578.0,13694.0,39.92
PRESTIGE,EQ,20-Jul-2018,251.05,251.05,254.7,244.0,250.0,249.7,247.76,58252,14432293.7,2851.0,21498.0,36.91
PRESTIGE,EQ,19-Jul-2018,250.7,253.6,255.3,248.0,251.5,251.05,251.92,24780,6242656.3,1219.0,8354.0,33.71
PRESTIGE,EQ,18-Jul-2018,253.55,252.0,253.4,247.55,250.0,250.7,250.77,38206,9580938.95,1985.0,14808.0,38.76
PRESTIGE,EQ,17-Jul-2018,252.6,250.0,257.0,245.0,250.0,253.55,250.83,54452,13658263.05,2188.0,19764.0,36.3
PRESTIGE,EQ,16-Jul-2018,261.05,263.9,265.7,248.0,250.0,252.6,258.03,86300,22268104.0,2815.0,31633.0,36.65
PRESTIGE,EQ,13-Jul-2018,273.6,273.8,273.8,260.1,263.95,261.05,263.72,90385,23836685.8,3514.0,41875.0,46.33
PRESTIGE,EQ,12-Jul-2018,274.0,272.9,277.0,271.8,272.0,273.6,273.7,129919,35558495.75,2882.0,103839.0,79.93
PRESTIGE,EQ,11-Jul-2018,275.25,273.05,277.3,268.0,272.0,274.0,272.17,158163,43046639.3,9695.0,112126.0,70.89
PRESTIGE,EQ,10-Jul-2018,276.0,272.65,279.5,272.65,275.5,275.25,276.78,59920,16584523.5,2884.0,36780.0,61.38
PRESTIGE,EQ,09-Jul-2018,275.6,278.1,279.8,274.2,277.2,276.0,277.05,22031,6103650.85,870.0,12421.0,56.38
PRESTIGE,EQ,06-Jul-2018,274.6,273.95,280.0,271.05,275.35,275.6,276.54,63407,17534706.1,2275.0,33519.0,52.86
PRESTIGE,EQ,05-Jul-2018,282.95,281.3,281.3,272.0,274.0,274.6,275.37,120516,33186354.1,6367.0,62444.0,51.81
PRESTIGE,EQ,04-Jul-2018,272.9,273.55,287.35,269.0,281.3,282.95,281.06,154398,43394903.5,3944.0,48698.0,31.54
PRESTIGE,EQ,03-Jul-2018,278.8,278.95,279.95,268.5,275.0,272.9,272.8,90783,24765293.0,4435.0,32585.0,35.89
PRESTIGE,EQ,02-Jul-2018,270.05,269.85,281.0,268.55,280.9,278.8,274.8,85475,23488159.05,4131.0,31521.0,36.88
PRESTIGE,EQ,29-Jun-2018,269.0,269.0,272.65,268.65,270.0,270.05,270.53,123638,33448141.2,4093.0,80674.0,65.25
PRESTIGE,EQ,28-Jun-2018,280.55,278.0,278.0,267.0,274.75,269.0,269.56,147208,39681793.5,4272.0,62822.0,42.68
PRESTIGE,EQ,27-Jun-2018,278.6,279.95,289.7,275.05,278.95,280.55,281.82,553883,156095079.85,11711.0,128363.0,23.18
PRESTIGE,EQ,26-Jun-2018,258.35,257.05,282.5,254.45,280.15,278.6,273.0,723622,197545602.8,13659.0,202387.0,27.97
PRESTIGE,EQ,25-Jun-2018,263.65,262.0,269.3,255.15,256.0,258.35,261.42,43527,11378714.8,1728.0,18207.0,41.83
PRESTIGE,EQ,22-Jun-2018,268.95,269.85,269.85,262.0,263.0,263.65,264.82,49278,13049731.95,3201.0,29911.0,60.7
PRESTIGE,EQ,21-Jun-2018,273.8,274.65,274.95,266.55,268.25,268.95,270.82,115590,31303909.9,1364.0,90690.0,78.46
PRESTIGE,EQ,20-Jun-2018,268.45,274.0,279.0,272.4,274.0,273.8,275.59,242487,66826654.0,7361.0,68319.0,28.17
PRESTIGE,EQ,19-Jun-2018,269.1,268.0,279.5,263.75,273.0,268.45,268.77,1193535,320782077.45,6859.0,1081614.0,90.62
PRESTIGE,EQ,18-Jun-2018,275.5,275.3,275.3,266.35,267.5,269.1,271.31,64299,17444773.8,2110.0,33346.0,51.86
PRESTIGE,EQ,15-Jun-2018,274.95,277.15,289.95,272.6,280.0,275.5,283.46,740011,209764064.95,16359.0,193294.0,26.12
PRESTIGE,EQ,14-Jun-2018,264.1,264.25,279.9,263.05,276.4,274.95,275.23,450302,123935444.35,9076.0,127301.0,28.27
PRESTIGE,EQ,13-Jun-2018,261.0,261.1,268.55,259.4,264.0,264.1,262.5,131730,34578627.9,2138.0,24213.0,18.38
PRESTIGE,EQ,12-Jun-2018,261.0,260.95,261.8,257.05,261.45,261.0,259.38,46503,12061863.6,2292.0,19909.0,42.81
PRESTIGE,EQ,11-Jun-2018,259.05,259.4,262.3,259.35,261.35,261.0,261.02,453048,118255465.95,2640.0,408824.0,90.24
PRESTIGE,EQ,08-Jun-2018,254.9,253.6,259.8,247.1,259.05,259.05,254.73,286363,72946154.35,8454.0,126976.0,44.34
PRESTIGE,EQ,07-Jun-2018,233.05,231.55,256.5,231.55,254.3,254.9,249.48,512578,127879792.1,10523.0,160740.0,31.36
PRESTIGE,EQ,06-Jun-2018,230.5,230.5,234.9,225.15,234.9,233.05,229.66,125663,28860367.2,4418.0,77380.0,61.58
PRESTIGE,EQ,05-Jun-2018,228.4,229.9,235.5,223.8,230.4,230.5,229.54,276927,63564694.5,11477.0,167954.0,60.65
PRESTIGE,EQ,04-Jun-2018,239.05,240.0,241.0,221.85,227.25,228.4,228.03,414293,94472438.95,8608.0,212673.0,51.33
PRESTIGE,EQ,01-Jun-2018,248.0,251.8,256.45,237.0,237.95,239.05,243.1,344582,83767846.55,7757.0,259555.0,75.32
PRESTIGE,EQ,31-May-2018,262.1,263.9,264.2,243.5,253.0,248.0,252.31,244928,61798559.65,8259.0,137919.0,56.31
PRESTIGE,EQ,30-May-2018,261.05,262.0,271.7,260.55,261.5,262.1,264.38,106282,28098891.25,5007.0,51085.0,48.07
PRESTIGE,EQ,29-May-2018,272.1,273.95,273.95,259.85,261.95,261.05,266.11,75921,20203155.35,3505.0,43265.0,56.99
PRESTIGE,EQ,28-May-2018,269.35,269.75,278.5,268.45,271.85,272.1,273.19,36577,9992316.1,1933.0,20043.0,54.8
PRESTIGE,EQ,25-May-2018,269.9,272.0,273.95,265.65,269.0,269.35,271.43,86733,23541746.85,2534.0,76644.0,88.37
PRESTIGE,EQ,24-May-2018,273.6,274.25,274.3,268.85,269.6,269.9,270.87,19627,5316370.25,868.0,11352.0,57.84
PRESTIGE,EQ,23-May-2018,271.75,271.4,280.0,268.1,271.95,273.6,272.23,38687,10531588.9,1504.0,25074.0,64.81
PRESTIGE,EQ,22-May-2018,276.7,273.55,281.4,270.0,271.0,271.75,274.88,31640,8697176.4,1243.0,14732.0,46.56
PRESTIGE,EQ,21-May-2018,281.9,284.5,284.5,274.2,276.15,276.7,277.05,58472,16199723.2,1409.0,44399.0,75.93
PRESTIGE,EQ,18-May-2018,281.1,282.0,286.2,281.0,282.0,281.9,283.37,64295,18219340.0,1605.0,32556.0,50.64
PRESTIGE,EQ,17-May-2018,275.85,280.0,290.0,278.15,282.0,281.1,282.11,58065,16380458.65,1523.0,32637.0,56.21
PRESTIGE,EQ,16-May-2018,278.0,273.35,283.0,273.35,276.0,275.85,277.93,36744,10212086.05,1404.0,14113.0,38.41
PRESTIGE,EQ,15-May-2018,284.25,284.0,284.0,273.0,276.65,278.0,277.28,870130,241270602.65,7153.0,591488.0,67.98
PRESTIGE,EQ,14-May-2018,294.35,292.0,293.9,282.25,283.25,284.25,287.77,95998,27624992.75,5155.0,60128.0,62.63
PRESTIGE,EQ,11-May-2018,294.45,294.85,298.0,291.35,294.5,294.35,295.1,59867,17666745.05,3802.0,31506.0,52.63
PRESTIGE,EQ,10-May-2018,292.35,292.35,296.5,292.35,294.5,294.45,294.63,55638,16392877.0,2839.0,42858.0,77.03
PRESTIGE,EQ,09-May-2018,291.0,291.0,297.0,288.65,292.35,292.35,292.81,150623,44104166.4,5979.0,87294.0,57.96
PRESTIGE,EQ,08-May-2018,291.1,291.1,294.8,290.05,290.65,291.0,291.89,53217,15533474.7,5151.0,29663.0,55.74
PRESTIGE,EQ,07-May-2018,291.3,291.0,297.45,290.15,291.5,291.1,293.05,55537,16274898.6,2771.0,24983.0,44.98
PRESTIGE,EQ,04-May-2018,295.25,294.9,297.25,290.05,290.7,291.3,292.83,39968,11704026.25,2323.0,22988.0,57.52
PRESTIGE,EQ,03-May-2018,296.55,296.75,299.3,291.65,293.6,295.25,295.41,44312,13089986.8,2259.0,21583.0,48.71
PRESTIGE,EQ,02-May-2018,305.8,305.55,305.55,293.6,298.0,296.55,299.28,82621,24726989.1,2972.0,37073.0,44.87
PRESTIGE,EQ,30-Apr-2018,291.85,293.0,308.0,293.0,306.2,305.8,301.98,170674,51539731.9,5543.0,103137.0,60.43
PRESTIGE,EQ,27-Apr-2018,291.55,292.6,299.0,290.5,291.8,291.85,294.77,100355,29581740.05,4017.0,55975.0,55.78
PRESTIGE,EQ,26-Apr-2018,294.8,295.6,297.0,290.5,292.1,291.55,293.18,133014,38996830.8,6203.0,70074.0,52.68
PRESTIGE,EQ,25-Apr-2018,303.25,302.2,307.0,292.2,293.0,294.8,301.44,150920,45492939.65,7586.0,71754.0,47.54
PRESTIGE,EQ,24-Apr-2018,307.2,310.5,311.2,300.2,302.05,303.25,306.24,157574,48255690.75,5227.0,110274.0,69.98
PRESTIGE,EQ,23-Apr-2018,303.95,303.95,310.0,301.55,307.4,307.2,305.89,264001,80755168.4,7049.0,212573.0,80.52
PRESTIGE,EQ,20-Apr-2018,305.05,304.0,306.9,297.5,303.5,303.95,302.83,46604,14113252.25,2082.0,24506.0,52.58
PRESTIGE,EQ,19-Apr-2018,301.25,301.6,306.0,301.25,305.8,305.05,304.78,226166,68931981.75,1943.0,208098.0,92.01
PRESTIGE,EQ,18-Apr-2018,304.75,304.25,306.2,300.0,300.0,301.25,304.81,749971,228600873.75,2335.0,717215.0,95.63
PRESTIGE,EQ,17-Apr-2018,304.85,307.15,309.15,302.2,304.75,304.75,305.7,90200,27573805.35,4306.0,54950.0,60.92
PRESTIGE,EQ,16-Apr-2018,295.6,292.0,305.95,292.0,303.5,304.85,303.3,229650,69652523.95,4342.0,176610.0,76.9
PRESTIGE,EQ,13-Apr-2018,300.6,300.0,304.5,292.0,295.1,295.6,296.89,199045,59094075.75,5569.0,143113.0,71.9
PRESTIGE,EQ,12-Apr-2018,305.5,304.0,304.3,299.0,299.95,300.6,301.97,40431,12209115.0,1419.0,24040.0,59.46
PRESTIGE,EQ,11-Apr-2018,307.3,306.15,307.35,300.65,305.5,305.5,303.98,115416,35084682.45,4347.0,66691.0,57.78
PRESTIGE,EQ,10-Apr-2018,312.9,314.35,315.0,305.35,307.0,307.3,311.96,146499,45701801.45,2816.0,115937.0,79.14
PRESTIGE,EQ,09-Apr-2018,308.3,310.3,317.65,309.5,312.4,312.9,314.52,221658,69714892.6,5682.0,70353.0,31.74
PRESTIGE,EQ,06-Apr-2018,301.7,305.5,315.0,305.5,309.2,308.3,309.83,242496,75132569.4,7670.0,82556.0,34.04
PRESTIGE,EQ,05-Apr-2018,293.05,299.8,305.0,293.3,301.2,301.7,300.83,78154,23510890.35,2581.0,38297.0,49.0
PRESTIGE,EQ,04-Apr-2018,297.0,294.6,308.0,289.0,293.45,293.05,300.55,252278,75822150.05,9874.0,86933.0,34.46
PRESTIGE,EQ,03-Apr-2018,297.1,299.0,303.45,293.2,295.1,297.0,297.69,92622,27572913.2,5792.0,34501.0,37.25
PRESTIGE,EQ,02-Apr-2018,291.8,290.1,299.5,290.1,298.55,297.1,295.06,103794,30625728.95,4655.0,61551.0,59.3
PRESTIGE,EQ,28-Mar-2018,290.3,289.35,298.0,282.2,292.6,291.8,287.74,172408,49608605.95,7695.0,108004.0,62.64
PRESTIGE,EQ,27-Mar-2018,294.55,294.9,297.85,288.1,290.0,290.3,292.05,97814,28566791.8,7854.0,40309.0,41.21
PRESTIGE,EQ,26-Mar-2018,279.3,280.85,301.0,278.5,294.9,294.55,290.38,295255,85735974.8,13904.0,147057.0,49.81
PRESTIGE,EQ,23-Mar-2018,288.7,281.4,284.75,268.25,275.0,279.3,276.51,472951,130774738.6,13879.0,313471.0,66.28
PRESTIGE,EQ,22-Mar-2018,289.35,288.4,295.0,283.45,289.9,288.7,286.23,1295979,370942575.25,8376.0,1195621.0,92.26
PRESTIGE,EQ,21-Mar-2018,293.45,294.8,297.9,283.5,288.95,289.35,289.78,186775,54123714.7,5936.0,87884.0,47.05
PRESTIGE,EQ,20-Mar-2018,299.85,298.9,298.9,291.0,293.45,293.45,293.94,139979,41145984.85,5427.0,53519.0,38.23
PRESTIGE,EQ,19-Mar-2018,296.8,297.8,303.0,295.1,299.2,299.85,299.44,172689,51710131.75,7042.0,58376.0,33.8
PRESTIGE,EQ,16-Mar-2018,299.75,300.9,310.8,294.0,295.5,296.8,304.09,411056,124999274.3,14538.0,195786.0,47.63
PRESTIGE,EQ,15-Mar-2018,303.35,304.4,305.95,299.0,299.55,299.75,301.74,84212,25409976.95,4170.0,40340.0,47.9
PRESTIGE,EQ,14-Mar-2018,296.25,295.05,305.65,295.05,302.75,303.35,302.16,109032,32945561.0,3227.0,30456.0,27.93
PRESTIGE,EQ,13-Mar-2018,303.8,305.85,305.85,293.6,296.5,296.25,299.75,410590,123075679.7,8299.0,294745.0,71.79
PRESTIGE,EQ,12-Mar-2018,304.85,307.9,308.95,297.0,303.25,303.8,302.41,148634,44949000.0,3794.0,76292.0,51.33
PRESTIGE,EQ,09-Mar-2018,299.4,302.0,311.75,302.0,305.0,304.85,306.45,258582,79241581.65,7142.0,87904.0,33.99
PRESTIGE,EQ,08-Mar-2018,297.65,299.5,307.0,291.4,295.0,299.4,296.8,305326,90619523.6,18459.0,125471.0,41.09
PRESTIGE,EQ,07-Mar-2018,314.05,312.7,312.7,292.0,299.2,297.65,297.16,441824,131290715.3,16805.0,157112.0,35.56
PRESTIGE,EQ,06-Mar-2018,329.75,330.0,330.0,310.0,313.0,314.05,320.91,260601,83630065.4,9785.0,52089.0,19.99
PRESTIGE,EQ,05-Mar-2018,328.1,324.65,332.0,317.4,326.95,329.75,325.76,136659,44518335.05,8494.0,61142.0,44.74
PRESTIGE,EQ,01-Mar-2018,335.3,335.5,342.0,325.65,326.75,328.1,331.04,174388,57728993.0,6086.0,71904.0,41.23
PRESTIGE,EQ,28-Feb-2018,325.05,324.95,343.15,320.1,337.1,335.3,330.56,324840,107377492.15,7133.0,167696.0,51.62
PRESTIGE,EQ,27-Feb-2018,331.85,336.4,342.6,322.75,324.25,325.05,333.35,628545,209525533.4,13893.0,237074.0,37.72
PRESTIGE,EQ,26-Feb-2018,314.3,316.65,334.4,316.65,332.5,331.85,327.75,514666,168682104.65,12598.0,149155.0,28.98
PRESTIGE,EQ,23-Feb-2018,317.85,317.8,322.4,310.8,314.3,314.3,316.98,135101,42824343.3,4643.0,70238.0,51.99
PRESTIGE,EQ,22-Feb-2018,309.4,306.7,320.0,304.5,318.35,317.85,312.3,477359,149078896.25,6025.0,329713.0,69.07
PRESTIGE,EQ,21-Feb-2018,302.75,304.35,312.0,302.0,308.7,309.4,307.78,868106,267187442.15,17263.0,617575.0,71.14
PRESTIGE,EQ,20-Feb-2018,322.05,323.35,323.45,297.5,301.7,302.75,303.52,892310,270833862.2,26111.0,365593.0,40.97
PRESTIGE,EQ,19-Feb-2018,323.2,329.0,332.0,318.35,322.4,322.05,324.62,272008,88300541.85,9953.0,117753.0,43.29
PRESTIGE,EQ,16-Feb-2018,324.85,327.9,329.9,316.35,321.85,323.2,324.82,213047,69202937.65,6440.0,62306.0,29.25
PRESTIGE,EQ,15-Feb-2018,312.3,315.45,332.0,310.2,324.5,324.85,318.12,754245,239938959.15,12097.0,543523.0,72.06
PRESTIGE,EQ,14-Feb-2018,309.65,312.8,319.45,309.3,312.35,312.3,312.82,228692,71540394.85,18862.0,155593.0,68.04
PRESTIGE,EQ,12-Feb-2018,301.95,302.9,313.5,300.45,310.0,309.65,310.27,434919,134940603.5,14257.0,317003.0,72.89
PRESTIGE,EQ,09-Feb-2018,295.7,294.5,307.0,289.7,298.5,301.95,299.69,325060,97416238.6,5821.0,182064.0,56.01
PRESTIGE,EQ,08-Feb-2018,290.2,302.5,305.0,287.4,296.0,295.7,295.97,991569,293470962.2,24582.0,451647.0,45.55
PRESTIGE,EQ,07-Feb-2018,288.45,294.95,296.65,288.05,290.0,290.2,289.85,400413,116058029.0,12227.0,281270.0,70.24
PRESTIGE,EQ,06-Feb-2018,302.25,289.8,294.8,281.15,288.0,288.45,287.74,335019,96397903.9,15319.0,218379.0,65.18
PRESTIGE,EQ,05-Feb-2018,311.75,302.0,309.4,299.0,302.2,302.25,303.17,232467,70477218.15,12410.0,135826.0,58.43
PRESTIGE,EQ,02-Feb-2018,327.05,323.9,323.9,303.65,312.1,311.75,311.49,372878,116147919.5,18940.0,216403.0,58.04
PRESTIGE,EQ,01-Feb-2018,322.8,324.9,328.9,314.0,327.0,327.05,325.93,463918,151203887.8,29540.0,352188.0,75.92
PRESTIGE,EQ,31-Jan-2018,315.9,315.9,325.0,314.8,320.95,322.8,320.37,1551929,497191138.15,24676.0,1401347.0,90.3
PRESTIGE,EQ,30-Jan-2018,316.3,316.05,324.0,311.5,319.9,315.9,318.99,693689,221276877.3,19946.0,539496.0,77.77
PRESTIGE,EQ,29-Jan-2018,313.7,314.0,327.2,311.4,315.95,316.3,319.96,261671,83723877.7,25188.0,155403.0,59.39
PRESTIGE,EQ,25-Jan-2018,316.4,320.9,324.0,311.2,313.0,313.7,317.39,135600,43037421.05,5345.0,67058.0,49.45
PRESTIGE,EQ,24-Jan-2018,319.9,321.6,325.1,311.9,317.0,316.4,319.52,204347,65293853.45,5365.0,94183.0,46.09
PRESTIGE,EQ,23-Jan-2018,313.5,313.95,325.0,312.9,318.8,319.9,320.12,383730,122838356.95,13706.0,270679.0,70.54
PRESTIGE,EQ,22-Jan-2018,310.8,310.0,315.9,306.05,313.0,313.5,311.04,349857,108817916.2,8759.0,214735.0,61.38
PRESTIGE,EQ,19-Jan-2018,309.9,311.9,315.0,302.25,310.8,310.8,308.61,192892,59527778.1,7256.0,85353.0,44.25
PRESTIGE,EQ,18-Jan-2018,320.7,323.0,325.7,305.85,309.2,309.9,316.15,163749,51768474.05,4027.0,73369.0,44.81
PRESTIGE,EQ,17-Jan-2018,337.75,337.85,343.65,319.1,319.6,320.7,325.11,352955,114750178.05,8607.0,175449.0,49.71
PRESTIGE,EQ,16-Jan-2018,339.5,339.05,356.8,335.0,338.7,337.75,344.8,672879,232009968.4,13455.0,312192.0,46.4
PRESTIGE,EQ,15-Jan-2018,337.95,342.9,346.0,334.05,338.0,339.5,340.84,383559,130731423.5,7179.0,311783.0,81.29
PRESTIGE,EQ,12-Jan-2018,345.0,347.2,347.25,335.8,338.0,337.95,341.6,133991,45771701.3,3017.0,65601.0,48.96
PRESTIGE,EQ,11-Jan-2018,334.05,336.0,352.0,335.55,343.5,345.0,346.55,1120340,388253209.9,23644.0,569574.0,50.84
PRESTIGE,EQ,10-Jan-2018,333.75,337.55,340.0,332.5,332.5,334.05,336.9,285749,96269361.65,9806.0,160218.0,56.07
PRESTIGE,EQ,09-Jan-2018,332.4,335.0,354.7,330.0,334.0,333.75,341.77,1349582,461247475.7,23471.0,500786.0,37.11
PRESTIGE,EQ,08-Jan-2018,335.05,346.55,350.0,329.3,335.1,332.4,338.76,405343,137315414.85,13759.0,160343.0,39.56
PRESTIGE,EQ,05-Jan-2018,338.6,338.0,340.0,332.55,334.5,335.05,335.98,112158,37682655.05,4592.0,47347.0,42.21
PRESTIGE,EQ,04-Jan-2018,321.0,324.0,345.0,324.0,339.2,338.6,338.67,978071,331247234.8,29214.0,362917.0,37.11
PRESTIGE,EQ,03-Jan-2018,321.5,323.45,325.65,318.0,321.75,321.0,322.33,137588,44348090.1,9257.0,76495.0,55.6
PRESTIGE,EQ,02-Jan-2018,315.65,318.0,327.15,317.95,322.25,321.5,322.84,244625,78974471.85,9579.0,99530.0,40.69
PRESTIGE,EQ,01-Jan-2018,318.15,320.5,325.0,312.75,315.7,315.65,321.25,99704,32030064.3,2431.0,33084.0,33.18
PRESTIGE,EQ,27-Dec-2019,334.35,333.55,340.0,330.45,338.9,336.9,335.71,230725,77455946.2,7458.0,68544.0,29.71
PRESTIGE,EQ,26-Dec-2019,346.6,349.45,349.45,330.0,331.7,334.35,338.65,228603,77416317.45,7348.0,72273.0,31.62
PRESTIGE,EQ,24-Dec-2019,345.3,346.05,350.0,341.0,348.5,346.6,345.58,181344,62668113.9,6426.0,33701.0,18.58
PRESTIGE,EQ,23-Dec-2019,347.9,348.35,353.8,340.1,344.0,345.3,346.25,191025,66142721.8,7144.0,28514.0,14.93
PRESTIGE,EQ,20-Dec-2019,348.15,348.6,361.8,345.0,347.7,347.9,353.16,461137,162855272.55,12921.0,81976.0,17.78
PRESTIGE,EQ,19-Dec-2019,360.0,358.9,359.0,344.0,347.0,348.15,349.56,646773,226086201.95,19354.0,227477.0,35.17
PRESTIGE,EQ,18-Dec-2019,328.05,331.5,365.8,331.05,359.0,360.0,351.7,2154869,757859828.9,40042.0,292932.0,13.59
PRESTIGE,EQ,17-Dec-2019,315.95,316.9,337.5,316.0,328.1,328.05,331.49,808716,268083878.4,30142.0,233915.0,28.92
PRESTIGE,EQ,16-Dec-2019,324.15,323.5,324.15,314.0,315.0,315.95,318.68,156370,49831815.2,5698.0,79012.0,50.53
PRESTIGE,EQ,13-Dec-2019,309.6,310.65,329.65,309.75,323.2,324.15,321.12,309871,99506568.6,8251.0,75494.0,24.36
PRESTIGE,EQ,12-Dec-2019,311.55,314.5,318.8,307.5,308.85,309.6,313.45,162285,50867451.2,5242.0,56463.0,34.79
PRESTIGE,EQ,11-Dec-2019,314.25,316.15,317.0,308.35,312.0,311.55,310.72,335606,104281060.75,6739.0,260906.0,77.74
PRESTIGE,EQ,10-Dec-2019,310.1,312.0,319.65,312.0,313.25,314.25,315.38,411305,129719074.55,14540.0,256349.0,62.33
PRESTIGE,EQ,09-Dec-2019,325.85,328.9,328.9,308.1,309.25,310.1,312.13,514068,160455989.8,24501.0,290205.0,56.45
PRESTIGE,EQ,06-Dec-2019,333.1,334.7,338.75,314.45,326.0,325.85,322.91,297379,96026493.8,11884.0,48333.0,16.25
PRESTIGE,EQ,05-Dec-2019,332.85,335.0,345.0,330.2,332.25,333.1,338.0,567574,191839294.85,16306.0,100385.0,17.69
PRESTIGE,EQ,04-Dec-2019,352.9,345.0,350.95,328.1,332.7,332.85,337.99,707873,239251042.45,20994.0,166305.0,23.49
PRESTIGE,EQ,03-Dec-2019,322.9,330.3,363.9,322.95,350.0,352.9,348.9,3093907,1079468754.8,57693.0,346850.0,11.21
PRESTIGE,EQ,02-Dec-2019,303.8,304.3,331.7,298.0,330.0,322.9,315.67,496092,156600878.75,20990.0,213791.0,43.10
PRESTIGE,EQ,29-Nov-2019,300.85,300.95,308.5,296.0,307.0,303.8,302.72,558952,169208353.05,4835.0,489284.0,87.54
PRESTIGE,EQ,28-Nov-2019,298.7,299.65,305.0,298.0,302.0,300.85,300.02,246290,73892539.7,3670.0,193739.0,78.66
PRESTIGE,EQ,27-Nov-2019,295.5,299.9,339.8,296.3,297.8,298.7,304.86,316597,96516745.4,10660.0,96790.0,30.57
PRESTIGE,EQ,26-Nov-2019,301.9,304.95,311.0,293.0,299.0,295.5,302.43,186670,56454709.35,7416.0,93095.0,49.87
PRESTIGE,EQ,25-Nov-2019,289.35,290.0,306.6,290.0,304.7,301.9,297.9,86561,25786472.7,3468.0,33718.0,38.95
PRESTIGE,EQ,22-Nov-2019,292.4,292.2,293.15,283.65,292.0,289.35,285.35,673920,192302517.85,5113.0,605800.0,89.89
PRESTIGE,EQ,21-Nov-2019,297.45,297.0,300.0,290.1,292.05,292.4,295.57,65149,19256384.7,5217.0,42219.0,64.80
PRESTIGE,EQ,20-Nov-2019,298.7,295.5,298.95,294.3,297.0,297.45,297.36,48610,14454650.25,2656.0,20819.0,42.83
PRESTIGE,EQ,19-Nov-2019,290.5,298.95,301.95,294.4,297.45,298.7,298.46,303071,90455182.55,14839.0,116900.0,38.57
PRESTIGE,EQ,18-Nov-2019,288.45,289.4,294.5,286.0,291.0,290.5,290.75,243737,70865762.9,9736.0,166208.0,68.19
PRESTIGE,EQ,15-Nov-2019,300.4,305.0,307.0,285.25,288.0,288.45,294.6,210709,62075634.65,5041.0,138136.0,65.56
PRESTIGE,EQ,14-Nov-2019,300.6,300.95,301.0,295.5,300.6,300.4,299.55,66049,19784783.15,2964.0,34021.0,51.51
PRESTIGE,EQ,13-Nov-2019,306.9,309.8,309.8,298.0,299.5,300.6,300.69,98772,29699941.5,4488.0,48704.0,49.31
PRESTIGE,EQ,11-Nov-2019,310.3,310.95,312.1,302.0,303.55,306.9,309.1,68634,21214873.65,4502.0,37915.0,55.24
PRESTIGE,EQ,08-Nov-2019,311.8,311.0,314.6,306.0,313.0,310.3,310.79,252933,78607886.3,4121.0,184472.0,72.93
PRESTIGE,EQ,07-Nov-2019,307.65,319.0,320.05,303.5,313.6,311.8,312.46,288926,90278101.55,7660.0,144714.0,50.09
PRESTIGE,EQ,06-Nov-2019,299.9,310.0,316.0,302.5,309.0,307.65,307.91,949191,292266158.2,13028.0,616792.0,64.98
PRESTIGE,EQ,05-Nov-2019,303.55,307.0,307.0,296.5,299.25,299.9,301.09,435105,131004493.25,4069.0,391852.0,90.06
PRESTIGE,EQ,04-Nov-2019,305.8,309.9,309.9,299.35,304.8,303.55,304.67,114512,34888609.6,3437.0,75992.0,66.36
PRESTIGE,EQ,01-Nov-2019,302.2,302.2,314.7,301.25,306.7,305.8,308.71,169709,52390562.75,8340.0,59291.0,34.94
PRESTIGE,EQ,31-Oct-2019,293.2,296.0,304.85,294.25,304.5,302.2,301.59,435518,131347449.6,9909.0,310511.0,71.30
PRESTIGE,EQ,30-Oct-2019,303.9,301.4,307.6,289.0,291.05,293.2,298.41,152200,45418567.25,8699.0,95971.0,63.06
PRESTIGE,EQ,29-Oct-2019,301.7,304.3,306.7,300.05,303.9,303.9,304.64,68013,20719385.95,4425.0,46577.0,68.48
PRESTIGE,EQ,27-Oct-2019,299.8,300.0,306.0,296.35,301.55,301.7,301.79,22597,6819507.65,877.0,5643.0,24.97
PRESTIGE,EQ,25-Oct-2019,304.25,303.2,305.85,298.05,302.0,299.8,300.82,68124,20493163.05,4429.0,25388.0,37.27
PRESTIGE,EQ,24-Oct-2019,307.95,307.95,320.0,301.05,305.9,304.25,310.01,234880,72815971.9,9019.0,60578.0,25.79
PRESTIGE,EQ,23-Oct-2019,291.9,292.0,326.95,292.0,308.15,307.95,309.91,1040212,322374207.75,33743.0,425096.0,40.87
PRESTIGE,EQ,22-Oct-2019,298.3,295.5,299.3,288.3,292.0,291.9,291.99,113338,33093851.4,6980.0,71431.0,63.02
PRESTIGE,EQ,18-Oct-2019,286.2,291.9,301.75,287.0,299.0,298.3,293.81,72491,21298567.0,4283.0,35849.0,49.45
PRESTIGE,EQ,17-Oct-2019,293.85,293.5,293.85,285.0,286.25,286.2,288.58,67216,19396996.85,4183.0,29171.0,43.40
PRESTIGE,EQ,16-Oct-2019,291.25,291.95,297.65,288.2,290.7,293.85,294.2,70080,20617196.6,4979.0,27439.0,39.15
PRESTIGE,EQ,15-Oct-2019,280.3,283.6,292.75,281.8,292.55,291.25,289.52,397179,114989504.5,14535.0,314569.0,79.20
PRESTIGE,EQ,14-Oct-2019,277.05,275.2,284.5,275.2,280.5,280.3,281.26,85234,23972847.05,5803.0,45892.0,53.84
PRESTIGE,EQ,11-Oct-2019,277.0,278.0,283.1,274.5,275.5,277.05,278.16,51962,14453936.45,3773.0,22516.0,43.33
PRESTIGE,EQ,10-Oct-2019,278.75,280.0,282.0,275.0,277.0,277.0,277.97,46998,13064044.9,6312.0,24721.0,52.60
PRESTIGE,EQ,09-Oct-2019,274.5,271.85,282.55,271.75,282.25,278.75,278.66,115811,32272030.65,5657.0,41665.0,35.98
PRESTIGE,EQ,07-Oct-2019,271.35,268.45,290.1,268.45,270.0,274.5,281.14,554625,155927334.35,24680.0,280759.0,50.62
PRESTIGE,EQ,04-Oct-2019,286.25,289.0,289.65,267.2,270.6,271.35,273.78,293350,80312837.35,26356.0,146943.0,50.09
PRESTIGE,EQ,03-Oct-2019,284.4,288.6,294.0,284.1,285.35,286.25,288.89,122035,35255222.55,6313.0,38658.0,31.68
PRESTIGE,EQ,01-Oct-2019,288.8,288.1,291.75,280.25,283.9,284.4,284.86,41763,11896562.05,3564.0,18784.0,44.98
PRESTIGE,EQ,30-Sep-2019,289.75,291.8,291.85,283.0,290.0,288.8,286.47,39284,11253603.3,4917.0,18451.0,46.97
PRESTIGE,EQ,27-Sep-2019,293.05,293.05,295.95,285.2,288.0,289.75,292.0,169894,49608444.1,27045.0,88473.0,52.08
PRESTIGE,EQ,26-Sep-2019,287.1,290.45,294.85,288.5,292.55,293.05,291.47,232718,67830414.5,5804.0,182157.0,78.27
PRESTIGE,EQ,25-Sep-2019,295.45,297.0,297.9,283.55,286.05,287.1,288.77,94055,27160367.5,8430.0,56966.0,60.57
PRESTIGE,EQ,24-Sep-2019,304.8,302.15,305.8,292.6,296.0,295.45,297.06,55485,16482500.85,3637.0,23206.0,41.82
PRESTIGE,EQ,23-Sep-2019,302.4,309.0,314.95,298.2,301.0,304.8,308.94,294250,90904450.8,10345.0,232325.0,78.95
PRESTIGE,EQ,20-Sep-2019,286.9,290.0,312.0,289.5,304.0,302.4,300.94,692667,208453920.95,17202.0,419538.0,60.57
PRESTIGE,EQ,19-Sep-2019,295.35,295.0,295.0,284.0,289.0,286.9,288.5,130133,37543046.3,6957.0,47928.0,36.83
PRESTIGE,EQ,18-Sep-2019,275.75,276.0,299.55,273.05,296.0,295.35,293.87,892555,262295501.45,24145.0,247086.0,27.68
PRESTIGE,EQ,17-Sep-2019,300.3,300.3,302.55,273.55,275.5,275.75,287.87,232682,66981424.55,9780.0,130757.0,56.20
PRESTIGE,EQ,16-Sep-2019,308.65,309.9,309.9,298.15,299.0,300.3,303.39,116465,35334044.3,7853.0,70962.0,60.93
PRESTIGE,EQ,13-Sep-2019,304.4,306.0,317.05,304.55,308.8,308.65,310.22,258026,80045511.05,12378.0,103227.0,40.01
PRESTIGE,EQ,12-Sep-2019,302.85,304.6,307.4,301.0,304.0,304.4,304.97,150333,45846328.85,13526.0,90763.0,60.37
PRESTIGE,EQ,11-Sep-2019,297.5,299.5,309.0,296.75,302.2,302.85,302.26,212293,64167707.75,11862.0,96222.0,45.33
PRESTIGE,EQ,09-Sep-2019,298.95,296.95,300.95,294.3,298.6,297.5,296.95,92333,27418076.15,2282.0,57737.0,62.53
PRESTIGE,EQ,06-Sep-2019,295.05,295.05,300.0,293.0,299.0,298.95,298.14,124788,37204691.0,4047.0,95643.0,76.64
PRESTIGE,EQ,05-Sep-2019,299.65,300.5,301.9,287.5,293.4,295.05,293.66,322892,94821571.9,22187.0,171888.0,53.23
PRESTIGE,EQ,04-Sep-2019,290.25,290.0,302.95,288.2,298.0,299.65,298.34,421743,125824581.75,21600.0,205586.0,48.75
PRESTIGE,EQ,03-Sep-2019,295.55,288.1,292.75,288.1,290.5,290.25,290.49,105057,30517512.95,7186.0,68077.0,64.80
PRESTIGE,EQ,30-Aug-2019,294.2,294.0,298.05,292.4,296.0,295.55,295.97,499487,147831117.7,11271.0,447185.0,89.53
PRESTIGE,EQ,29-Aug-2019,295.8,296.25,299.15,289.1,294.25,294.2,295.84,294011,86980943.9,15628.0,215517.0,73.30
PRESTIGE,EQ,28-Aug-2019,290.8,292.1,297.85,290.25,295.5,295.8,293.36,348236,102159364.35,3304.0,266393.0,76.50
PRESTIGE,EQ,27-Aug-2019,289.95,291.5,301.0,287.55,291.0,290.8,291.18,586054,170644282.95,10809.0,501421.0,85.56
PRESTIGE,EQ,26-Aug-2019,284.3,287.15,292.7,283.0,289.3,289.95,289.74,772346,223781113.05,21291.0,683796.0,88.53
PRESTIGE,EQ,23-Aug-2019,293.0,288.3,296.85,280.5,281.0,284.3,289.91,164207,47605649.05,10001.0,90853.0,55.33
PRESTIGE,EQ,22-Aug-2019,289.5,288.0,300.4,280.35,285.15,293.0,291.63,499508,145673708.75,24841.0,348736.0,69.82
PRESTIGE,EQ,21-Aug-2019,294.9,296.3,300.0,283.5,287.75,289.5,295.49,205852,60827242.25,10971.0,113461.0,55.12
PRESTIGE,EQ,20-Aug-2019,297.75,297.9,301.5,290.35,294.6,294.9,296.45,237754,70481979.7,16530.0,143015.0,60.15
PRESTIGE,EQ,19-Aug-2019,282.2,280.25,303.9,280.25,296.1,297.75,298.37,909557,271384779.4,42840.0,517715.0,56.92
PRESTIGE,EQ,16-Aug-2019,283.35,281.5,286.9,276.1,284.6,282.2,279.42,420836,117591614.65,3743.0,388989.0,92.43
PRESTIGE,EQ,14-Aug-2019,282.9,281.2,286.25,279.95,283.0,283.35,282.41,33222,9382376.85,2458.0,19897.0,59.89
PRESTIGE,EQ,13-Aug-2019,285.85,282.15,288.15,281.1,283.0,282.9,283.16,35079,9932820.2,2965.0,17433.0,49.70
PRESTIGE,EQ,09-Aug-2019,287.5,285.75,298.25,281.25,285.0,285.85,290.55,173897,50526191.55,7275.0,62943.0,36.20
PRESTIGE,EQ,08-Aug-2019,278.8,280.9,288.9,276.2,288.8,287.5,280.96,214738,60332343.9,23224.0,133955.0,62.38
PRESTIGE,EQ,07-Aug-2019,270.25,270.25,281.3,268.85,278.6,278.8,278.51,202024,56264995.1,15439.0,103703.0,51.33
PRESTIGE,EQ,06-Aug-2019,264.0,260.0,271.95,260.0,270.0,270.25,268.81,100961,27139452.7,14229.0,69420.0,68.76
PRESTIGE,EQ,05-Aug-2019,259.4,259.95,267.55,256.05,264.05,264.0,263.69,157610,41559399.4,14188.0,85368.0,54.16
PRESTIGE,EQ,02-Aug-2019,260.65,252.1,265.0,252.1,259.0,259.4,259.87,76802,19958353.3,7163.0,31638.0,41.19
PRESTIGE,EQ,01-Aug-2019,255.05,253.5,267.7,243.35,260.7,260.65,261.5,195224,51050682.2,14579.0,107645.0,55.14
PRESTIGE,EQ,31-Jul-2019,257.9,257.9,257.9,252.15,254.35,255.05,254.24,53363,13566983.8,4599.0,26887.0,50.39
PRESTIGE,EQ,30-Jul-2019,262.3,263.9,266.5,255.15,256.55,257.9,260.75,50798,13245641.1,2423.0,17755.0,34.95
PRESTIGE,EQ,29-Jul-2019,263.75,264.95,264.95,257.15,262.0,262.3,260.34,33037,8600733.8,1729.0,10780.0,32.63
PRESTIGE,EQ,26-Jul-2019,268.45,268.0,268.0,262.4,263.15,263.75,265.0,61609,16326646.75,3640.0,15927.0,25.85
PRESTIGE,EQ,25-Jul-2019,261.3,261.85,275.0,259.3,266.55,268.45,271.35,296555,80471192.0,14715.0,162097.0,54.66
PRESTIGE,EQ,24-Jul-2019,262.75,263.45,265.35,252.1,262.6,261.3,257.65,120705,31099430.2,6833.0,45857.0,37.99
PRESTIGE,EQ,23-Jul-2019,267.5,267.9,270.3,261.05,263.5,262.75,266.67,121611,32429562.55,5097.0,62799.0,51.64
PRESTIGE,EQ,22-Jul-2019,276.1,277.5,277.5,265.2,266.0,267.5,271.04,124130,33644482.45,5439.0,72017.0,58.02
PRESTIGE,EQ,19-Jul-2019,276.1,273.55,277.95,271.55,275.7,276.1,275.29,100742,27732814.25,4651.0,63763.0,63.29
PRESTIGE,EQ,18-Jul-2019,276.8,280.0,280.0,273.0,276.0,276.1,275.66,67493,18605056.9,2346.0,21807.0,32.31
PRESTIGE,EQ,17-Jul-2019,278.55,280.8,280.9,273.05,277.7,276.8,277.46,54998,15259596.5,2075.0,9304.0,16.92
PRESTIGE,EQ,16-Jul-2019,271.15,271.95,288.0,267.1,279.5,278.55,281.96,691847,195071743.95,19906.0,147077.0,21.26
PRESTIGE,EQ,15-Jul-2019,272.85,273.95,274.5,266.2,270.1,271.15,270.17,43285,11694375.8,1897.0,10086.0,23.30
PRESTIGE,EQ,12-Jul-2019,271.0,271.0,275.95,270.75,272.95,272.85,274.56,294756,80928770.55,14943.0,206729.0,70.14
PRESTIGE,EQ,11-Jul-2019,269.9,270.35,274.9,268.25,269.3,271.0,272.01,71335,19403528.05,3439.0,16208.0,22.72
PRESTIGE,EQ,10-Jul-2019,275.95,270.15,277.5,266.7,268.55,269.9,271.91,184407,50142540.85,5688.0,40157.0,21.78
PRESTIGE,EQ,09-Jul-2019,257.0,258.95,280.85,258.25,271.1,275.95,269.43,450999,121510519.2,18594.0,158375.0,35.12
PRESTIGE,EQ,08-Jul-2019,274.5,270.4,278.45,252.8,260.0,257.0,267.59,219452,58723108.5,8580.0,96207.0,43.84
PRESTIGE,EQ,05-Jul-2019,287.75,291.5,291.9,267.25,276.25,274.5,278.79,321617,89662259.65,9822.0,104898.0,32.62
PRESTIGE,EQ,04-Jul-2019,285.05,285.0,294.0,285.0,288.2,287.75,289.56,331870,96095378.15,10777.0,119820.0,36.10
PRESTIGE,EQ,03-Jul-2019,270.25,270.0,292.0,269.6,285.5,285.05,284.22,868451,246832851.0,22829.0,396809.0,45.69
PRESTIGE,EQ,02-Jul-2019,265.05,262.3,272.35,262.0,270.0,270.25,270.03,348810,94189892.15,12298.0,177624.0,50.92
PRESTIGE,EQ,01-Jul-2019,272.35,268.0,272.65,261.5,262.2,265.05,269.24,141003,37963789.85,6162.0,88164.0,62.53
PRESTIGE,EQ,28-Jun-2019,278.45,272.9,276.5,267.2,267.85,272.35,272.11,658373,179148883.75,33282.0,347279.0,52.75
PRESTIGE,EQ,27-Jun-2019,265.2,265.0,283.5,264.5,278.5,278.45,279.05,686861,191666196.25,20248.0,307529.0,44.77
PRESTIGE,EQ,26-Jun-2019,265.85,265.05,269.65,263.5,265.7,265.2,266.17,67590,17990238.6,2846.0,29541.0,43.71
PRESTIGE,EQ,25-Jun-2019,268.75,266.7,273.5,262.4,265.0,265.85,268.88,1196163,321624564.5,6500.0,1055681.0,88.26
PRESTIGE,EQ,24-Jun-2019,273.45,273.85,274.55,266.1,266.6,268.75,271.53,217798,59139311.9,2669.0,174833.0,80.27
PRESTIGE,EQ,21-Jun-2019,270.15,271.45,275.0,267.5,272.2,273.45,270.51,279176,75519025.8,5663.0,226602.0,81.17
PRESTIGE,EQ,20-Jun-2019,266.0,266.1,275.4,264.5,269.0,270.15,269.92,859919,232105665.05,17219.0,592875.0,68.95
PRESTIGE,EQ,19-Jun-2019,264.6,265.0,267.8,263.9,265.55,266.0,266.04,98195,26124164.8,4121.0,64517.0,65.70
PRESTIGE,EQ,18-Jun-2019,264.65,269.0,269.0,263.5,264.45,264.6,265.93,89331,23755948.0,3566.0,49604.0,52.18
PRESTIGE,EQ,17-Jun-2019,261.75,261.15,268.3,259.1,266.0,264.65,264.29,302741,80011668.5,12807.0,202145.0,64.98
PRESTIGE,EQ,14-Jun-2019,263.5,260.6,265.7,256.9,259.0,261.75,263.04,92599,24356958.3,8144.0,67940.0,73.37
PRESTIGE,EQ,13-Jun-2019,262.65,262.65,266.5,260.45,263.5,263.5,263.36,75388,19854210.55,8396.0,35187.0,46.67
PRESTIGE,EQ,12-Jun-2019,267.45,264.0,264.85,259.75,263.0,262.65,262.41,147974,38829745.95,13059.0,76933.0,51.99
PRESTIGE,EQ,11-Jun-2019,270.8,270.95,270.95,264.5,266.65,267.45,267.71,64831,17355973.2,2263.0,32035.0,49.41
PRESTIGE,EQ,10-Jun-2019,271.95,271.95,279.5,268.55,269.25,270.8,273.07,162249,44305244.85,8974.0,69342.0,42.74
PRESTIGE,EQ,07-Jun-2019,284.15,285.3,287.05,268.5,270.5,271.95,278.34,193968,53989384.6,8852.0,93583.0,48.25
PRESTIGE,EQ,06-Jun-2019,286.7,287.7,290.0,282.0,285.0,284.15,286.32,234129,67035510.7,20741.0,143526.0,61.30
PRESTIGE,EQ,04-Jun-2019,288.6,289.9,293.95,281.8,284.5,286.7,289.35,492068,142379510.5,22447.0,253677.0,51.55
PRESTIGE,EQ,03-Jun-2019,287.8,293.9,293.9,286.0,288.2,288.6,289.78,191982,55633099.35,3258.0,126852.0,66.07
PRESTIGE,EQ,31-May-2019,286.85,286.35,293.25,280.55,287.6,287.8,288.35,464447,133921800.65,13076.0,167091.0,35.98
PRESTIGE,EQ,30-May-2019,302.3,313.0,313.0,283.4,285.0,286.85,292.82,637895,186791318.75,19938.0,242724.0,38.05
PRESTIGE,EQ,29-May-2019,285.6,287.0,312.5,283.0,308.0,302.3,296.34,653500,193656392.75,11850.0,248354.0,38.00
PRESTIGE,EQ,28-May-2019,280.6,285.55,289.75,281.0,285.1,285.6,285.42,607943,173521514.1,20410.0,325398.0,53.52
PRESTIGE,EQ,27-May-2019,264.7,264.95,282.3,264.1,280.2,280.6,274.28,679308,186321036.5,13719.0,398604.0,58.68
PRESTIGE,EQ,24-May-2019,260.65,262.95,268.5,258.35,264.15,264.7,264.5,150939,39922978.6,5082.0,66273.0,43.91
PRESTIGE,EQ,23-May-2019,262.55,267.95,267.95,257.45,260.6,260.65,261.72,295965,77459117.05,18565.0,148812.0,50.28
PRESTIGE,EQ,22-May-2019,265.4,268.65,269.9,260.05,262.0,262.55,262.97,153613,40394964.45,8773.0,77842.0,50.67
PRESTIGE,EQ,21-May-2019,260.6,260.6,267.0,256.85,266.5,265.4,263.17,191763,50466748.0,10675.0,99182.0,51.72
PRESTIGE,EQ,20-May-2019,252.35,257.9,262.7,256.25,260.0,260.6,260.14,124244,32321223.25,5647.0,87847.0,70.71
PRESTIGE,EQ,17-May-2019,244.95,248.6,258.0,244.85,250.65,252.35,253.91,667563,169502972.55,6183.0,478801.0,71.72
PRESTIGE,EQ,16-May-2019,244.2,244.9,247.0,242.05,246.7,244.95,243.92,214465,52311848.85,3608.0,139082.0,64.85
PRESTIGE,EQ,15-May-2019,246.35,246.75,247.9,242.7,244.9,244.2,245.84,625393,153743503.4,3594.0,593833.0,94.95
PRESTIGE,EQ,14-May-2019,244.4,243.95,248.95,243.5,245.65,246.35,246.01,138695,34120018.65,7720.0,96271.0,69.41
PRESTIGE,EQ,13-May-2019,264.2,264.2,264.2,239.05,243.25,244.4,247.23,303879,75128594.0,11546.0,162571.0,53.50
PRESTIGE,EQ,10-May-2019,264.1,262.55,266.95,262.0,263.5,264.2,264.41,40680,10756134.4,2300.0,17541.0,43.12
PRESTIGE,EQ,09-May-2019,266.7,264.95,266.0,260.15,263.5,264.1,263.0,63880,16800436.3,5403.0,28634.0,44.82
PRESTIGE,EQ,08-May-2019,264.15,259.1,269.8,258.2,264.95,266.7,263.39,88746,23374552.45,4629.0,45899.0,51.72
PRESTIGE,EQ,07-May-2019,262.05,262.0,266.8,258.0,265.5,264.15,262.96,231659,60916707.6,4167.0,187141.0,80.78
PRESTIGE,EQ,06-May-2019,265.45,262.0,265.9,259.1,263.5,262.05,261.38,37972,9925094.85,1487.0,15109.0,39.79
PRESTIGE,EQ,03-May-2019,259.2,259.0,272.5,258.95,264.05,265.45,268.15,347613,93211836.3,9590.0,122974.0,35.38
PRESTIGE,EQ,02-May-2019,261.25,262.0,263.55,257.0,258.45,259.2,259.46,254640,66069060.3,5425.0,202456.0,79.51
PRESTIGE,EQ,30-Apr-2019,263.3,262.0,265.0,254.0,263.1,261.25,254.91,2631257,670742151.0,3378.0,2583564.0,98.19
PRESTIGE,EQ,26-Apr-2019,264.15,266.95,266.95,262.7,263.0,263.3,263.52,236275,62263871.8,1202.0,222550.0,94.19
PRESTIGE,EQ,25-Apr-2019,262.5,262.5,267.9,262.25,264.9,264.15,264.34,235006,62121878.5,2422.0,199746.0,85.00
PRESTIGE,EQ,24-Apr-2019,268.1,269.4,269.45,260.5,262.0,262.5,262.9,75731,19909794.6,4238.0,39443.0,52.08
PRESTIGE,EQ,23-Apr-2019,260.6,258.8,273.85,258.8,269.55,268.1,269.26,451807,121652522.45,10906.0,175651.0,38.88
PRESTIGE,EQ,22-Apr-2019,263.2,262.4,265.0,255.0,261.0,260.6,259.92,151485,39374521.0,6145.0,55272.0,36.49
PRESTIGE,EQ,18-Apr-2019,277.45,276.0,276.0,260.15,261.45,263.2,264.51,238654,63125387.55,10380.0,72784.0,30.50
PRESTIGE,EQ,16-Apr-2019,276.05,280.5,284.5,276.3,277.65,277.45,279.57,261301,73051334.75,8148.0,89816.0,34.37
PRESTIGE,EQ,15-Apr-2019,273.35,274.55,277.0,272.5,276.8,276.05,275.6,198742,54772884.6,13489.0,125459.0,63.13
PRESTIGE,EQ,12-Apr-2019,266.8,266.2,274.8,265.9,274.0,273.35,272.59,451247,123007149.85,12130.0,285208.0,63.20
PRESTIGE,EQ,11-Apr-2019,268.6,268.0,275.5,265.0,266.6,266.8,270.77,315299,85374277.95,5289.0,196495.0,62.32
PRESTIGE,EQ,10-Apr-2019,267.75,268.0,271.0,264.0,268.55,268.6,267.87,446488,119598688.95,9682.0,208645.0,46.73
PRESTIGE,EQ,09-Apr-2019,259.45,258.65,269.8,252.35,268.0,267.75,260.05,607316,157930232.85,15013.0,410319.0,67.56
PRESTIGE,EQ,08-Apr-2019,255.85,255.0,265.95,255.0,257.95,259.45,260.12,635878,165403835.95,18497.0,324632.0,51.05
PRESTIGE,EQ,05-Apr-2019,256.2,257.85,259.6,250.5,255.7,255.85,255.82,4439155,1135625838.55,10308.0,4097554.0,92.30
PRESTIGE,EQ,04-Apr-2019,251.05,252.0,258.45,251.4,257.0,256.2,254.34,1145056,291237996.3,7152.0,885514.0,77.33
PRESTIGE,EQ,03-Apr-2019,249.8,250.5,259.9,248.5,251.5,251.05,254.94,4131728,1053339593.0,10306.0,3724137.0,90.14
PRESTIGE,EQ,02-Apr-2019,241.25,243.2,253.0,238.55,249.75,249.8,248.59,781407,194248378.95,19251.0,339339.0,43.43
PRESTIGE,EQ,01-Apr-2019,252.8,254.0,254.9,240.0,241.0,241.25,245.24,324474,79573193.2,7858.0,250665.0,77.25
PRESTIGE,EQ,29-Mar-2019,250.7,252.6,255.5,246.8,252.0,252.8,251.29,200862,50474318.05,3950.0,111921.0,55.72
PRESTIGE,EQ,28-Mar-2019,249.25,249.25,257.1,248.5,251.45,250.7,253.19,191905,48587851.15,4190.0,89715.0,46.75
PRESTIGE,EQ,27-Mar-2019,258.45,258.0,260.95,246.55,249.25,249.25,250.41,485106,121476679.4,13609.0,259292.0,53.45
PRESTIGE,EQ,26-Mar-2019,264.25,266.85,267.9,257.5,258.05,258.45,262.25,1307611,342920812.25,17112.0,1128108.0,86.27
PRESTIGE,EQ,25-Mar-2019,269.05,263.65,269.6,258.0,263.8,264.25,263.52,1210116,318893672.55,27154.0,407647.0,33.69
PRESTIGE,EQ,22-Mar-2019,253.3,254.3,285.9,250.85,267.95,269.05,273.11,3529005,963802454.55,51971.0,522214.0,14.80
PRESTIGE,EQ,20-Mar-2019,245.2,250.0,258.6,246.5,254.65,253.3,252.23,1487723,375249142.9,31164.0,396940.0,26.68
PRESTIGE,EQ,19-Mar-2019,249.95,249.5,257.4,240.5,248.0,245.2,249.98,3525209,881225850.05,49674.0,2145852.0,60.87
PRESTIGE,EQ,18-Mar-2019,215.6,219.15,255.0,218.15,249.9,249.95,244.9,5968646,1461708340.9,93916.0,1847462.0,30.95
PRESTIGE,EQ,15-Mar-2019,211.5,214.5,221.0,211.8,217.0,215.6,215.65,844890,182200215.1,23620.0,566169.0,67.01
PRESTIGE,EQ,14-Mar-2019,207.8,209.65,212.2,206.4,211.0,211.5,211.35,3144220,664544260.2,16709.0,2957553.0,94.06
PRESTIGE,EQ,13-Mar-2019,205.85,207.4,212.9,205.0,207.6,207.8,209.62,517687,108518379.6,10147.0,268022.0,51.77
PRESTIGE,EQ,12-Mar-2019,203.1,204.95,211.0,203.55,205.8,205.85,205.47,2771263,569414915.35,26933.0,2462991.0,88.88
PRESTIGE,EQ,11-Mar-2019,201.75,204.6,204.6,200.6,202.7,203.1,202.84,177505,36005376.05,6313.0,98839.0,55.68
PRESTIGE,EQ,08-Mar-2019,204.7,205.75,205.75,201.0,201.3,201.75,202.63,163654,33161333.3,6096.0,103341.0,63.15
PRESTIGE,EQ,07-Mar-2019,205.25,205.75,207.9,204.0,204.0,204.7,205.51,924983,190089356.35,12007.0,800197.0,86.51
PRESTIGE,EQ,06-Mar-2019,204.9,206.8,207.7,203.1,204.2,205.25,205.32,815269,167388945.8,12995.0,686414.0,84.19
PRESTIGE,EQ,05-Mar-2019,204.4,204.2,205.45,203.15,204.45,204.9,204.7,124750,25536729.85,4146.0,85530.0,68.56
PRESTIGE,EQ,01-Mar-2019,205.9,206.2,207.95,203.1,203.9,204.4,205.35,76730,15756288.3,2563.0,44280.0,57.71
PRESTIGE,EQ,28-Feb-2019,205.05,205.8,207.0,200.4,206.0,205.9,205.81,328467,67601999.25,10338.0,283964.0,86.45
PRESTIGE,EQ,27-Feb-2019,204.95,205.7,208.1,204.15,205.0,205.05,205.2,415085,85174747.1,21395.0,291412.0,70.21
PRESTIGE,EQ,26-Feb-2019,210.05,202.25,208.35,198.1,205.0,204.95,203.81,436168,88895125.3,14022.0,208104.0,47.71
PRESTIGE,EQ,25-Feb-2019,211.0,218.95,218.95,208.0,208.15,210.05,212.81,584566,124399274.9,12843.0,205128.0,35.09
PRESTIGE,EQ,22-Feb-2019,207.95,210.0,214.0,208.1,210.4,211.0,211.06,469869,99169466.85,9689.0,318190.0,67.72
PRESTIGE,EQ,21-Feb-2019,212.25,210.55,211.95,206.6,209.85,207.95,208.56,208634,43511768.6,12154.0,117631.0,56.38
PRESTIGE,EQ,20-Feb-2019,211.8,214.6,218.8,209.0,212.35,212.25,214.09,457310,97906439.15,10368.0,118982.0,26.02
PRESTIGE,EQ,19-Feb-2019,205.25,207.7,221.8,207.25,213.6,211.8,216.53,1100115,238202414.6,20316.0,181985.0,16.54
PRESTIGE,EQ,18-Feb-2019,194.2,194.65,206.9,194.6,203.35,205.25,203.41,474891,96599354.55,7441.0,219255.0,46.17
PRESTIGE,EQ,15-Feb-2019,197.05,195.1,196.6,193.35,194.35,194.2,194.2,97149,18866513.85,8791.0,61712.0,63.52
PRESTIGE,EQ,14-Feb-2019,199.95,200.0,200.0,193.35,196.25,197.05,197.92,197387,39066819.7,6661.0,156714.0,79.39
PRESTIGE,EQ,13-Feb-2019,201.05,201.0,201.0,198.15,199.0,199.95,200.02,1338850,267798159.0,10658.0,1275367.0,95.26
PRESTIGE,EQ,12-Feb-2019,200.35,198.2,203.0,198.2,202.8,201.05,201.39,195059,39283631.95,2996.0,171932.0,88.14
PRESTIGE,EQ,11-Feb-2019,200.75,200.15,201.5,196.5,200.4,200.35,199.21,168815,33629251.65,6430.0,147310.0,87.26
PRESTIGE,EQ,08-Feb-2019,198.5,200.0,202.4,198.0,200.15,200.75,200.35,184837,37032445.95,5200.0,150420.0,81.38
PRESTIGE,EQ,07-Feb-2019,199.05,199.0,201.4,198.05,198.15,198.5,199.0,97057,19314532.75,6688.0,62950.0,64.86
PRESTIGE,EQ,06-Feb-2019,199.15,199.8,200.7,198.25,198.65,199.05,199.39,52984,10564323.4,2979.0,34723.0,65.53
PRESTIGE,EQ,05-Feb-2019,199.7,200.1,200.7,198.95,199.0,199.15,199.35,68150,13585366.2,6136.0,42871.0,62.91
PRESTIGE,EQ,04-Feb-2019,200.9,202.5,203.45,198.1,199.9,199.7,200.18,129618,25947426.7,16023.0,78728.0,60.74
PRESTIGE,EQ,01-Feb-2019,199.9,203.0,206.95,200.35,200.5,200.9,202.33,934274,189032359.6,15694.0,808330.0,86.52
PRESTIGE,EQ,31-Jan-2019,200.95,201.55,203.95,196.35,199.35,199.9,200.44,217205,43536176.9,9656.0,191844.0,88.32
PRESTIGE,EQ,30-Jan-2019,200.6,200.05,203.6,196.35,201.0,200.95,201.74,1485682,299716905.2,17097.0,1374810.0,92.54
PRESTIGE,EQ,29-Jan-2019,203.9,209.0,212.95,198.1,200.1,200.6,202.97,105517,21416566.75,7634.0,47101.0,44.64
PRESTIGE,EQ,28-Jan-2019,206.25,206.2,211.1,198.3,209.0,203.9,202.02,57697,11655768.55,3037.0,,-
PRESTIGE,EQ,25-Jan-2019,213.95,214.25,216.0,202.7,205.55,206.25,211.48,99342,21008913.65,7635.0,61096.0,61.50
PRESTIGE,EQ,24-Jan-2019,213.15,213.95,217.0,211.25,213.55,213.95,214.37,107340,23010670.3,6395.0,60983.0,56.81
PRESTIGE,EQ,23-Jan-2019,214.35,216.0,218.85,208.6,213.2,213.15,214.54,583489,125182583.05,6913.0,438508.0,75.15
PRESTIGE,EQ,22-Jan-2019,207.4,205.35,216.0,205.35,216.0,214.35,212.92,354394,75459100.45,5205.0,225351.0,63.59
PRESTIGE,EQ,21-Jan-2019,211.4,211.4,212.0,206.0,206.0,207.4,209.07,65409,13675187.75,5172.0,32711.0,50.01
PRESTIGE,EQ,18-Jan-2019,215.25,216.0,216.25,211.0,211.0,211.4,212.93,61452,13084771.35,1605.0,15149.0,24.65
PRESTIGE,EQ,17-Jan-2019,220.35,221.0,221.0,214.5,215.05,215.25,215.81,372823,80458358.0,6038.0,294795.0,79.07
PRESTIGE,EQ,16-Jan-2019,215.35,215.4,223.7,213.5,220.0,220.35,220.12,263461,57992705.0,5382.0,80913.0,30.71
PRESTIGE,EQ,15-Jan-2019,209.1,209.0,224.5,209.0,213.65,215.35,219.31,482343,105784720.55,9194.0,91669.0,19.00
PRESTIGE,EQ,14-Jan-2019,217.25,217.25,217.25,207.65,208.05,209.1,210.9,104149,21965374.0,6949.0,38202.0,36.68
PRESTIGE,EQ,11-Jan-2019,220.5,221.8,221.8,215.35,216.85,217.25,218.36,82316,17974922.25,4492.0,33840.0,41.11
PRESTIGE,EQ,10-Jan-2019,226.1,228.4,231.45,217.5,218.05,220.5,224.68,282439,63457403.35,3676.0,209308.0,74.11
PRESTIGE,EQ,09-Jan-2019,226.0,227.0,228.6,218.5,228.0,226.1,224.28,199561,44756673.45,4799.0,116569.0,58.41
PRESTIGE,EQ,08-Jan-2019,229.15,232.9,232.9,223.6,226.0,226.0,226.48,272417,61696993.7,4339.0,226455.0,83.13
PRESTIGE,EQ,07-Jan-2019,231.9,233.95,234.95,227.0,231.9,229.15,229.79,394502,90652681.65,3972.0,319255.0,80.93
PRESTIGE,EQ,04-Jan-2019,233.05,232.95,237.1,230.65,231.5,231.9,233.35,229635,53585288.6,3075.0,28843.0,12.56
PRESTIGE,EQ,03-Jan-2019,231.6,231.6,236.8,228.35,232.45,233.05,233.31,183445,42800106.1,7132.0,56038.0,30.55
PRESTIGE,EQ,02-Jan-2019,235.7,238.6,242.4,230.0,230.65,231.6,236.68,475496,112540987.4,10897.0,129438.0,27.22
PRESTIGE,EQ,01-Jan-2019,219.9,221.0,240.95,220.3,238.8,235.7,231.87,1267018,293779965.5,18196.0,117201.0,9.25
PRESTIGE,EQ,31-Dec-2018,214.2,217.85,223.6,216.75,220.3,219.9,220.04,172310,37915670.7,4535.0,59123.0,34.31
PRESTIGE,EQ,28-Dec-2020,266.75,273.95,275.8,271.0,271.75,272.4,273.13,263088,71858402.3,5321.0,99900.0,37.97
PRESTIGE,EQ,24-Dec-2020,266.0,267.45,272.5,265.0,267.1,266.75,268.82,298498,80242524.85,7436.0,163396.0,54.74
PRESTIGE,EQ,23-Dec-2020,255.55,258.0,270.55,258.0,266.0,266.0,265.35,422714,112165840.95,13303.0,142294.0,33.66
PRESTIGE,EQ,22-Dec-2020,267.35,267.0,268.55,247.85,255.0,255.55,255.34,494162,126179827.6,9670.0,185446.0,37.53
PRESTIGE,EQ,21-Dec-2020,274.7,275.0,278.8,255.3,263.15,267.35,270.75,515600,139597477.0,13434.0,289684.0,56.18
PRESTIGE,EQ,18-Dec-2020,274.35,274.2,279.9,273.1,275.1,274.7,276.54,287300,79449871.35,5405.0,96242.0,33.50
PRESTIGE,EQ,17-Dec-2020,279.4,280.5,280.55,272.2,272.2,274.35,276.73,356422,98632757.3,7014.0,155210.0,43.55
PRESTIGE,EQ,16-Dec-2020,272.4,273.4,281.4,273.4,279.4,279.4,276.8,1302713,360586539.45,11858.0,724091.0,55.58
PRESTIGE,EQ,15-Dec-2020,281.95,283.0,283.6,271.5,272.85,272.4,273.63,647446,177161523.2,13658.0,390163.0,60.26
PRESTIGE,EQ,14-Dec-2020,287.85,288.9,289.3,281.0,282.75,281.95,284.9,396099,112848927.6,5726.0,236945.0,59.82
PRESTIGE,EQ,11-Dec-2020,288.1,289.85,292.0,281.5,287.0,287.85,287.07,341893,98147694.15,6592.0,150274.0,43.95
PRESTIGE,EQ,10-Dec-2020,292.6,292.6,295.0,285.85,287.7,288.1,289.69,435589,126184100.25,7404.0,241041.0,55.34
PRESTIGE,EQ,09-Dec-2020,286.95,295.0,300.0,290.0,292.85,292.6,295.49,815516,240975928.5,14121.0,312313.0,38.30
PRESTIGE,EQ,08-Dec-2020,288.7,290.15,295.2,284.3,289.95,286.95,289.31,387584,112130622.85,6653.0,200777.0,51.80
PRESTIGE,EQ,07-Dec-2020,289.15,290.8,294.0,287.25,288.8,288.7,290.43,235369,68357420.3,5304.0,104600.0,44.44
PRESTIGE,EQ,04-Dec-2020,289.3,290.75,291.4,285.4,289.7,289.15,289.15,214676,62073273.6,4255.0,75417.0,35.13
PRESTIGE,EQ,03-Dec-2020,290.25,292.0,296.7,286.55,288.75,289.3,290.35,787001,228505241.25,12223.0,533736.0,67.82
PRESTIGE,EQ,02-Dec-2020,289.45,289.9,295.35,285.5,290.0,290.25,290.26,1005268,291790807.1,16523.0,661191.0,65.77
PRESTIGE,EQ,01-Dec-2020,267.3,270.1,291.0,266.5,288.0,289.45,283.35,1493498,423185860.15,24652.0,593272.0,39.72
PRESTIGE,EQ,27-Nov-2020,275.05,275.05,277.55,265.1,266.5,267.3,270.73,738678,199985513.8,10799.0,470384.0,63.68
PRESTIGE,EQ,26-Nov-2020,275.45,276.0,279.5,274.35,275.25,275.05,275.87,456808,126020330.0,10328.0,326785.0,71.54
PRESTIGE,EQ,25-Nov-2020,279.25,281.45,285.45,275.0,275.0,275.45,279.29,630702,176146856.85,12773.0,159402.0,25.27
PRESTIGE,EQ,24-Nov-2020,274.3,275.95,281.9,273.85,279.4,279.25,278.56,1088708,303274028.1,18348.0,302527.0,27.79
PRESTIGE,EQ,23-Nov-2020,275.0,280.0,284.0,272.6,274.7,274.3,276.59,1206220,333631184.4,9069.0,715463.0,59.31
PRESTIGE,EQ,20-Nov-2020,277.4,279.5,281.0,271.25,275.0,275.0,276.26,504166,139281910.35,10295.0,192513.0,38.18
PRESTIGE,EQ,19-Nov-2020,271.8,270.25,289.0,270.25,277.9,277.4,282.23,1674106,472487256.7,24050.0,552873.0,33.02
PRESTIGE,EQ,18-Nov-2020,260.2,258.5,274.0,258.3,272.0,271.8,266.9,1177952,314398083.65,21346.0,549998.0,46.69
PRESTIGE,EQ,17-Nov-2020,264.35,266.0,266.0,256.35,260.75,260.2,262.32,439406,115266197.1,5544.0,190907.0,43.45
PRESTIGE,EQ,14-Nov-2020,262.6,263.9,266.1,263.0,264.0,264.35,264.65,81992,21699333.4,1520.0,50664.0,61.79
PRESTIGE,EQ,13-Nov-2020,260.95,263.0,263.9,261.0,262.15,262.6,262.44,571396,149955598.45,9581.0,216704.0,37.93
PRESTIGE,EQ,12-Nov-2020,259.4,259.5,264.9,258.05,260.0,260.95,261.07,912548,238235186.65,14165.0,332134.0,36.40
PRESTIGE,EQ,11-Nov-2020,257.0,255.45,261.9,254.1,261.5,259.4,258.01,437576,112899471.1,11603.0,269230.0,61.53
PRESTIGE,EQ,10-Nov-2020,259.45,263.0,265.0,255.55,257.5,257.0,259.8,381121,99013600.0,6761.0,156464.0,41.05
PRESTIGE,EQ,09-Nov-2020,254.8,255.1,260.5,255.1,258.7,259.45,258.82,617134,159727177.1,7798.0,350559.0,56.80
PRESTIGE,EQ,06-Nov-2020,254.9,251.5,257.35,251.5,253.25,254.8,254.95,363469,92667627.5,4659.0,166219.0,45.73
PRESTIGE,EQ,05-Nov-2020,247.75,249.7,256.6,248.6,255.35,254.9,253.32,408873,103575999.7,5894.0,261662.0,64.00
PRESTIGE,EQ,04-Nov-2020,246.35,248.35,250.9,243.4,248.0,247.75,246.66,151543,37380206.2,4350.0,56892.0,37.54
PRESTIGE,EQ,03-Nov-2020,243.95,246.85,248.5,245.25,247.25,246.35,246.79,146149,36067486.15,5321.0,59652.0,40.82
PRESTIGE,EQ,02-Nov-2020,250.6,252.9,254.9,241.2,241.6,243.95,249.0,367429,91491423.25,9082.0,147663.0,40.19
PRESTIGE,EQ,30-Oct-2020,244.55,244.0,255.9,243.95,250.5,250.6,251.71,430589,108382774.3,9037.0,156166.0,36.27
PRESTIGE,EQ,29-Oct-2020,245.0,243.9,246.75,241.05,246.7,244.55,244.55,181466,44377836.8,7363.0,86217.0,47.51
PRESTIGE,EQ,28-Oct-2020,246.55,247.9,249.3,243.05,244.1,245.0,246.4,192392,47406232.6,7300.0,84952.0,44.16
PRESTIGE,EQ,27-Oct-2020,251.45,250.0,252.0,244.4,246.3,246.55,247.1,329362,81384626.65,8901.0,86916.0,26.39
PRESTIGE,EQ,26-Oct-2020,254.3,255.55,255.55,249.8,250.0,251.45,252.28,244489,61680040.45,5767.0,95792.0,39.18
PRESTIGE,EQ,23-Oct-2020,254.3,256.9,259.95,252.1,252.95,254.3,255.26,645390,164742532.0,8832.0,377898.0,58.55
PRESTIGE,EQ,22-Oct-2020,252.2,251.8,262.35,250.3,255.15,254.3,257.51,1059021,272710610.45,17202.0,336697.0,31.79
PRESTIGE,EQ,21-Oct-2020,259.95,260.95,262.5,247.35,251.9,252.2,254.97,1073745,273775380.45,16544.0,377337.0,35.14
PRESTIGE,EQ,20-Oct-2020,258.05,253.0,261.95,250.95,259.6,259.95,256.91,579402,148851926.75,20714.0,202986.0,35.03
PRESTIGE,EQ,19-Oct-2020,260.4,270.0,271.0,254.6,255.0,258.05,260.33,1098992,286103736.65,17574.0,312993.0,28.48
PRESTIGE,EQ,16-Oct-2020,247.95,249.8,263.0,245.85,261.0,260.4,256.56,654860,168010091.55,12498.0,237160.0,36.22
PRESTIGE,EQ,15-Oct-2020,260.9,262.0,263.5,244.2,247.0,247.95,256.98,1078934,277259894.75,18118.0,228206.0,21.15
PRESTIGE,EQ,14-Oct-2020,253.95,253.2,262.0,247.1,260.0,260.9,258.17,461653,119183448.65,8038.0,242396.0,52.51
PRESTIGE,EQ,13-Oct-2020,251.15,251.8,256.65,248.85,253.25,253.95,252.7,181311,45816963.65,7472.0,40314.0,22.23
PRESTIGE,EQ,12-Oct-2020,258.25,257.9,258.85,246.8,251.8,251.15,251.62,192960,48552267.65,5213.0,70127.0,36.34
PRESTIGE,EQ,09-Oct-2020,259.6,263.9,265.0,256.4,258.0,258.25,260.66,285241,74350222.35,6715.0,87702.0,30.75
PRESTIGE,EQ,08-Oct-2020,259.55,259.0,264.6,257.65,259.0,259.6,261.53,411251,107552913.0,7469.0,215657.0,52.44
PRESTIGE,EQ,07-Oct-2020,258.0,261.5,261.5,256.05,260.0,259.55,259.12,232471,60237108.6,8397.0,81678.0,35.13
PRESTIGE,EQ,06-Oct-2020,252.3,255.8,260.0,255.4,257.05,258.0,257.69,474948,122388028.45,8435.0,262051.0,55.17
PRESTIGE,EQ,05-Oct-2020,253.85,256.3,257.7,250.05,253.55,252.3,253.81,241632,61327839.7,5141.0,88747.0,36.73
PRESTIGE,EQ,01-Oct-2020,251.85,254.4,265.0,252.15,253.1,253.85,258.65,783823,202737542.4,12037.0,225222.0,28.73
PRESTIGE,EQ,30-Sep-2020,245.4,245.95,254.0,242.3,253.8,251.85,249.36,444631,110874983.35,5744.0,194546.0,43.75
PRESTIGE,EQ,29-Sep-2020,250.35,251.8,253.85,241.65,245.15,245.4,247.18,311726,77051736.15,10000.0,36895.0,11.84
PRESTIGE,EQ,28-Sep-2020,244.4,247.5,255.0,246.2,248.95,250.35,251.05,330405,82948636.2,12280.0,70492.0,21.34
PRESTIGE,EQ,25-Sep-2020,232.25,235.75,245.9,235.3,245.5,244.4,240.59,400098,96257852.1,11912.0,76903.0,19.22
PRESTIGE,EQ,24-Sep-2020,246.3,240.0,242.65,230.0,232.0,232.25,236.91,253871,60143780.65,5541.0,88743.0,34.96
PRESTIGE,EQ,23-Sep-2020,232.75,234.05,251.45,234.05,246.0,246.3,243.71,685895,167160962.45,15188.0,106486.0,15.53
PRESTIGE,EQ,22-Sep-2020,242.25,244.0,258.0,222.2,233.0,232.75,233.44,561815,131151498.65,15688.0,111907.0,19.92
PRESTIGE,EQ,21-Sep-2020,255.25,256.55,259.75,235.8,243.1,242.25,252.24,391466,98742348.6,12837.0,115594.0,29.53
PRESTIGE,EQ,18-Sep-2020,263.55,261.8,267.0,251.6,253.45,255.25,260.58,495361,129079781.35,11786.0,243484.0,49.15
PRESTIGE,EQ,17-Sep-2020,265.0,264.0,267.7,256.35,261.45,263.55,264.01,654025,172672327.95,17177.0,213311.0,32.62
PRESTIGE,EQ,16-Sep-2020,254.5,256.4,265.5,255.0,265.0,265.0,263.09,755596,198791258.15,11057.0,438616.0,58.05
PRESTIGE,EQ,15-Sep-2020,264.15,262.9,262.95,252.7,254.85,254.5,255.82,444063,113601069.35,14949.0,82682.0,18.62
PRESTIGE,EQ,14-Sep-2020,242.85,242.5,265.9,242.45,261.65,264.15,260.04,1699630,441977408.65,36185.0,759714.0,44.70
PRESTIGE,EQ,11-Sep-2020,234.65,235.95,244.8,234.15,241.8,242.85,241.6,537954,129967704.85,9809.0,85153.0,15.83
PRESTIGE,EQ,10-Sep-2020,223.9,226.75,239.4,224.0,235.0,234.65,235.1,714925,168076252.9,11448.0,266965.0,37.34
PRESTIGE,EQ,09-Sep-2020,235.65,234.5,234.5,222.0,224.25,223.9,225.74,591291,133475832.9,19751.0,290098.0,49.06
PRESTIGE,EQ,08-Sep-2020,241.25,241.05,247.0,234.5,234.55,235.65,240.58,498779,119998738.55,15345.0,77036.0,15.44
PRESTIGE,EQ,07-Sep-2020,247.3,247.35,251.75,240.05,241.5,241.25,243.98,243564,59423824.35,7355.0,70851.0,29.09
PRESTIGE,EQ,04-Sep-2020,256.25,246.0,253.5,245.0,247.35,247.3,248.89,328034,81646015.75,8274.0,86876.0,26.48
PRESTIGE,EQ,03-Sep-2020,256.3,257.2,259.95,252.5,256.0,256.25,256.0,334568,85647856.55,10703.0,57443.0,17.17
PRESTIGE,EQ,02-Sep-2020,255.6,255.5,259.7,250.0,256.55,256.3,253.71,543461,137882943.8,23253.0,57210.0,10.53
PRESTIGE,EQ,01-Sep-2020,247.9,248.8,259.8,240.15,254.5,255.6,249.9,455271,113771866.15,11899.0,77645.0,17.05
PRESTIGE,EQ,31-Aug-2020,263.05,283.7,283.7,242.9,247.0,247.9,254.53,794044,202104244.35,18688.0,275383.0,34.68
PRESTIGE,EQ,28-Aug-2020,259.85,263.0,266.65,256.0,260.95,263.05,260.79,831759,216918537.85,13587.0,339921.0,40.87
PRESTIGE,EQ,27-Aug-2020,240.4,243.0,264.55,242.25,260.45,259.85,258.59,2669034,690192184.9,32601.0,806607.0,30.22
PRESTIGE,EQ,26-Aug-2020,235.2,235.9,241.95,232.5,240.5,240.4,238.89,651349,155598085.9,15792.0,282998.0,43.45
PRESTIGE,EQ,25-Aug-2020,242.2,244.8,244.8,234.1,235.5,235.2,237.58,500420,118890192.95,8634.0,206997.0,41.36
PRESTIGE,EQ,24-Aug-2020,250.95,251.0,253.45,240.0,243.0,242.2,246.54,445640,109869561.8,12785.0,201738.0,45.27
PRESTIGE,EQ,21-Aug-2020,256.4,259.8,261.0,250.0,250.0,250.95,254.03,470260,119460638.25,9359.0,213417.0,45.38
PRESTIGE,EQ,20-Aug-2020,250.4,248.7,259.0,246.05,257.2,256.4,254.51,977257,248723109.75,15663.0,280977.0,28.75
PRESTIGE,EQ,19-Aug-2020,237.55,239.3,254.8,237.6,248.85,250.4,250.15,1854441,463892763.1,22977.0,358254.0,19.32
PRESTIGE,EQ,18-Aug-2020,235.8,236.6,242.8,233.45,237.9,237.55,239.45,553032,132425329.4,12923.0,134842.0,24.38
PRESTIGE,EQ,17-Aug-2020,232.55,237.9,241.35,232.55,234.85,235.8,237.32,442783,105081104.95,8403.0,100865.0,22.78
PRESTIGE,EQ,14-Aug-2020,231.4,233.25,239.0,230.05,232.0,232.55,234.51,470442,110324904.45,7848.0,123026.0,26.15
PRESTIGE,EQ,13-Aug-2020,231.7,232.85,239.4,229.15,231.5,231.4,231.8,1200015,278160034.45,19215.0,698638.0,58.22
PRESTIGE,EQ,12-Aug-2020,238.55,238.4,238.4,230.0,231.5,231.7,232.99,425099,99045051.35,16501.0,178339.0,41.95
PRESTIGE,EQ,11-Aug-2020,244.9,243.9,243.9,234.05,238.75,238.55,238.36,1224243,291808131.35,21471.0,311204.0,25.42
PRESTIGE,EQ,10-Aug-2020,225.1,231.0,250.0,227.5,244.5,244.9,236.85,2267484,537044553.45,28998.0,970338.0,42.79
PRESTIGE,EQ,07-Aug-2020,220.85,224.2,232.0,222.0,224.95,225.1,226.36,1620051,366718781.85,21341.0,510142.0,31.49
PRESTIGE,EQ,06-Aug-2020,203.85,203.8,222.5,201.2,221.45,220.85,216.9,2784881,604037400.85,36113.0,609843.0,21.90
PRESTIGE,EQ,05-Aug-2020,202.6,203.6,205.7,202.5,203.8,203.85,204.02,497497,101497490.45,16049.0,72787.0,14.63
PRESTIGE,EQ,04-Aug-2020,200.4,199.0,207.7,199.0,203.15,202.6,202.6,1336388,270747342.55,25757.0,278986.0,20.88
PRESTIGE,EQ,03-Aug-2020,196.9,195.7,204.0,194.25,200.0,200.4,200.28,894008,179051726.7,17762.0,354668.0,39.67
PRESTIGE,EQ,31-Jul-2020,195.8,195.15,198.5,193.05,195.75,196.9,196.07,1059771,207791495.65,23651.0,175148.0,16.53
PRESTIGE,EQ,30-Jul-2020,194.9,196.55,199.9,190.2,195.0,195.8,193.21,1053099,203473896.85,22959.0,145947.0,13.86
PRESTIGE,EQ,29-Jul-2020,193.3,194.9,203.0,191.85,195.45,194.9,196.82,1562481,307519761.9,19826.0,276560.0,17.70
PRESTIGE,EQ,28-Jul-2020,172.55,176.0,197.35,173.3,194.1,193.3,188.01,3457713,650093189.75,46628.0,667000.0,19.29
PRESTIGE,EQ,27-Jul-2020,176.55,177.8,177.9,171.1,173.0,172.55,173.14,347445,60157395.65,7667.0,132409.0,38.11
PRESTIGE,EQ,24-Jul-2020,181.3,180.2,182.8,175.1,177.7,176.55,177.71,398945,70897619.45,5325.0,130637.0,32.75
PRESTIGE,EQ,23-Jul-2020,174.25,174.9,182.0,173.5,182.0,181.3,179.47,716954,128672375.95,14454.0,274023.0,38.22
PRESTIGE,EQ,22-Jul-2020,180.0,181.4,181.5,173.15,174.4,174.25,177.08,683717,121070273.0,10605.0,174170.0,25.47
PRESTIGE,EQ,21-Jul-2020,175.95,176.5,184.0,175.9,180.5,180.0,180.76,747250,135069483.9,13803.0,240482.0,32.18
PRESTIGE,EQ,20-Jul-2020,169.6,170.05,178.8,170.05,175.9,175.95,175.94,780166,137260200.6,11776.0,238146.0,30.53
PRESTIGE,EQ,17-Jul-2020,171.15,171.35,173.9,168.0,169.95,169.6,171.16,946432,161995096.4,30007.0,461192.0,48.73
PRESTIGE,EQ,16-Jul-2020,182.45,182.55,182.65,167.0,171.35,171.15,171.32,1075099,184186905.7,48135.0,506720.0,47.13
PRESTIGE,EQ,15-Jul-2020,185.5,187.2,189.15,181.05,181.9,182.45,184.74,456904,84409378.0,23526.0,196557.0,43.02
PRESTIGE,EQ,14-Jul-2020,189.15,189.0,191.6,181.5,185.2,185.5,185.71,515765,95783104.65,14261.0,200933.0,38.96
PRESTIGE,EQ,13-Jul-2020,194.45,196.0,197.0,187.5,189.0,189.15,191.01,380984,72771965.3,9373.0,158588.0,41.63
PRESTIGE,EQ,10-Jul-2020,199.45,197.0,201.15,193.5,194.8,194.45,196.43,499711,98156523.15,18983.0,186360.0,37.29
PRESTIGE,EQ,09-Jul-2020,200.0,204.3,206.45,197.05,199.3,199.45,200.69,683250,137118653.05,20239.0,271469.0,39.73
PRESTIGE,EQ,08-Jul-2020,211.05,211.05,211.95,198.5,200.0,200.0,204.13,759761,155089017.6,18399.0,437383.0,57.57
PRESTIGE,EQ,07-Jul-2020,218.35,214.0,216.6,210.0,210.0,211.05,214.04,1094361,234239759.1,14495.0,691112.0,63.15
PRESTIGE,EQ,06-Jul-2020,204.9,206.65,225.8,205.1,213.7,218.35,214.68,1427450,306449931.7,17227.0,483903.0,33.90
PRESTIGE,EQ,03-Jul-2020,201.1,202.9,208.0,201.1,203.8,204.9,204.85,763656,156434380.45,13482.0,427067.0,55.92
PRESTIGE,EQ,02-Jul-2020,205.55,206.55,208.9,199.0,201.8,201.1,203.17,344413,69973337.4,11292.0,120814.0,35.08
PRESTIGE,EQ,01-Jul-2020,209.6,210.9,210.9,205.0,205.5,205.55,206.61,384436,79429161.8,13242.0,178586.0,46.45
PRESTIGE,EQ,30-Jun-2020,214.6,216.95,221.95,208.05,210.0,209.6,214.25,510266,109326904.9,16522.0,256184.0,50.21
PRESTIGE,EQ,29-Jun-2020,223.95,224.5,227.0,213.35,214.65,214.6,217.4,365695,79503589.15,20070.0,214662.0,58.70
PRESTIGE,EQ,26-Jun-2020,220.9,227.0,230.0,221.0,224.5,223.95,225.94,525171,118656046.25,13742.0,198788.0,37.85
PRESTIGE,EQ,25-Jun-2020,226.8,215.0,230.0,215.0,221.0,220.9,223.43,1101525,246109143.3,25228.0,512731.0,46.55
PRESTIGE,EQ,24-Jun-2020,239.6,241.0,243.9,214.05,221.6,226.8,233.49,1011605,236200016.6,27291.0,469364.0,46.40
PRESTIGE,EQ,23-Jun-2020,214.95,216.45,244.7,214.0,239.7,239.6,233.03,1855926,432493843.8,29605.0,477590.0,25.73
PRESTIGE,EQ,22-Jun-2020,210.3,216.0,216.5,211.5,216.4,214.95,214.35,421583,90367410.65,11062.0,187694.0,44.52
PRESTIGE,EQ,19-Jun-2020,209.1,209.0,215.8,207.0,209.1,210.3,210.87,926152,195299897.85,19026.0,393924.0,42.53
PRESTIGE,EQ,18-Jun-2020,200.5,205.95,219.6,198.05,208.0,209.1,208.75,1697064,354255207.75,26234.0,582648.0,34.33
PRESTIGE,EQ,17-Jun-2020,193.95,191.0,205.2,189.55,205.0,200.5,197.81,623958,123425810.3,12500.0,276433.0,44.30
PRESTIGE,EQ,16-Jun-2020,196.25,199.1,203.7,189.05,192.5,193.95,196.51,767023,150725974.55,18326.0,356706.0,46.51
PRESTIGE,EQ,15-Jun-2020,200.9,201.9,202.7,194.25,195.3,196.25,197.69,515340,101875323.2,17596.0,259506.0,50.36
PRESTIGE,EQ,12-Jun-2020,190.6,180.0,206.9,178.0,201.25,200.9,195.83,1439591,281916160.4,25795.0,445054.0,30.92
PRESTIGE,EQ,11-Jun-2020,190.2,190.25,198.8,187.25,192.0,190.6,193.57,1098248,212587715.55,32060.0,529448.0,48.21
PRESTIGE,EQ,10-Jun-2020,181.0,181.0,191.4,177.0,190.5,190.2,185.16,1415423,262085271.6,24129.0,670611.0,47.38
PRESTIGE,EQ,09-Jun-2020,179.1,180.6,182.85,176.95,180.95,181.0,180.8,1284082,232166981.5,26153.0,951688.0,74.11
PRESTIGE,EQ,08-Jun-2020,170.05,172.5,181.9,172.5,179.1,179.1,178.43,1138913,203211956.35,27623.0,635997.0,55.84
PRESTIGE,EQ,05-Jun-2020,163.95,162.75,173.5,162.75,170.0,170.05,168.76,1604951,270856030.85,20752.0,945915.0,58.94
PRESTIGE,EQ,04-Jun-2020,169.15,170.0,173.85,161.5,164.45,163.95,165.34,566140,93604382.45,17571.0,254494.0,44.95
PRESTIGE,EQ,03-Jun-2020,165.1,166.0,173.7,163.3,169.45,169.15,168.91,1295995,218911501.35,24948.0,444646.0,34.31
PRESTIGE,EQ,02-Jun-2020,154.3,155.0,167.25,152.45,163.6,165.1,161.09,1578609,254305602.15,20391.0,477005.0,30.22
PRESTIGE,EQ,01-Jun-2020,156.45,157.9,161.15,152.15,154.0,154.3,156.97,800959,125727266.9,16958.0,442901.0,55.30
PRESTIGE,EQ,29-May-2020,145.15,145.75,159.35,144.0,157.0,156.45,152.27,1720892,262032767.3,23984.0,813507.0,47.27
PRESTIGE,EQ,28-May-2020,140.45,141.1,146.5,141.1,145.15,145.15,144.42,756480,109252475.25,18659.0,297409.0,39.31
PRESTIGE,EQ,27-May-2020,136.9,138.9,144.4,136.1,140.7,140.45,141.5,741030,104856313.75,10353.0,347230.0,46.86
PRESTIGE,EQ,26-May-2020,139.4,141.4,141.6,136.75,136.95,136.9,138.5,454263,62913997.4,8165.0,232887.0,51.27
PRESTIGE,EQ,22-May-2020,141.1,141.8,142.8,136.2,139.9,139.4,140.33,570327,80032169.55,8378.0,265661.0,46.58
PRESTIGE,EQ,21-May-2020,137.45,140.2,144.5,138.1,141.5,141.1,141.35,891772,126048954.0,21760.0,519240.0,58.23
PRESTIGE,EQ,20-May-2020,134.85,135.8,140.5,134.1,138.2,137.45,137.7,858556,118220694.85,11762.0,465920.0,54.27
PRESTIGE,EQ,19-May-2020,139.0,141.0,142.75,133.65,134.95,134.85,137.05,1126578,154393644.8,35362.0,681332.0,60.48
PRESTIGE,EQ,18-May-2020,153.2,151.0,152.9,138.05,139.4,139.0,140.89,1129643,159158322.8,25696.0,741888.0,65.67
PRESTIGE,EQ,15-May-2020,157.0,160.0,163.5,152.5,152.95,153.2,157.41,1112409,175104885.15,23721.0,435722.0,39.17
PRESTIGE,EQ,14-May-2020,155.0,156.95,158.6,154.25,156.75,157.0,156.33,444876,69547516.8,10580.0,230291.0,51.77
PRESTIGE,EQ,13-May-2020,153.55,162.45,162.55,154.1,155.3,155.0,156.39,755886,118211358.05,26378.0,463593.0,61.33
PRESTIGE,EQ,12-May-2020,159.15,156.5,158.0,151.25,153.7,153.55,153.41,578320,88718863.15,19274.0,312657.0,54.06
PRESTIGE,EQ,11-May-2020,160.15,166.25,168.0,158.1,158.25,159.15,161.32,1165920,188084547.75,24443.0,431074.0,36.97
PRESTIGE,EQ,08-May-2020,163.75,165.0,169.15,154.65,161.0,160.15,163.97,766336,125657595.45,13158.0,340707.0,44.46
PRESTIGE,EQ,07-May-2020,161.0,162.9,166.0,161.25,164.8,163.75,163.55,270858,44297993.25,14148.0,113178.0,41.78
PRESTIGE,EQ,06-May-2020,164.3,165.3,165.9,157.15,161.25,161.0,160.72,418665,67287561.5,7229.0,210721.0,50.33
PRESTIGE,EQ,05-May-2020,163.55,167.0,167.65,162.1,164.4,164.3,164.56,428982,70591306.1,18929.0,204899.0,47.76
PRESTIGE,EQ,04-May-2020,173.95,168.0,169.05,162.1,164.7,163.55,164.65,295692,48686925.0,7546.0,166693.0,56.37
PRESTIGE,EQ,30-Apr-2020,171.75,173.95,175.8,172.25,173.9,173.95,174.22,911204,158747869.8,22595.0,572232.0,62.80
PRESTIGE,EQ,29-Apr-2020,168.2,171.0,184.9,170.1,173.0,171.75,178.11,3919935,698196630.8,65072.0,1208917.0,30.84
PRESTIGE,EQ,28-Apr-2020,163.45,165.9,172.9,160.65,171.0,168.2,166.9,892096,148888275.3,21093.0,650767.0,72.95
PRESTIGE,EQ,27-Apr-2020,167.95,169.9,170.75,162.5,164.25,163.45,164.57,497547,81879882.25,17946.0,344408.0,69.22
PRESTIGE,EQ,24-Apr-2020,176.3,175.45,175.45,167.1,167.1,167.95,170.27,352645,60046060.65,17402.0,209108.0,59.30
PRESTIGE,EQ,23-Apr-2020,182.8,183.95,184.95,175.5,175.7,176.3,178.89,600528,107428394.2,27434.0,377181.0,62.81
PRESTIGE,EQ,22-Apr-2020,178.35,179.85,188.0,173.4,180.8,182.8,182.84,1027027,187785886.2,19738.0,507729.0,49.44
PRESTIGE,EQ,21-Apr-2020,184.95,179.0,181.8,172.05,179.1,178.35,176.22,948074,167070825.35,15784.0,724870.0,76.46
PRESTIGE,EQ,20-Apr-2020,181.3,184.7,189.7,178.05,185.25,184.95,185.85,818262,152076171.05,22298.0,466693.0,57.03
PRESTIGE,EQ,17-Apr-2020,176.0,188.0,188.0,176.3,181.1,181.3,182.03,466896,84986925.9,15796.0,215226.0,46.10
PRESTIGE,EQ,16-Apr-2020,174.3,174.1,180.0,170.0,176.5,176.0,175.57,466199,81851498.2,8559.0,336384.0,72.15
PRESTIGE,EQ,15-Apr-2020,172.55,177.2,183.0,172.3,173.35,174.3,178.38,533809,95220443.85,16282.0,383299.0,71.80
PRESTIGE,EQ,13-Apr-2020,181.85,181.8,181.8,171.0,172.1,172.55,174.32,110794,19313199.8,6178.0,,-
PRESTIGE,EQ,09-Apr-2020,184.75,189.95,193.0,178.0,181.5,181.85,182.86,274466,50190208.05,13646.0,138290.0,50.39
PRESTIGE,EQ,08-Apr-2020,193.65,192.0,198.45,181.1,184.7,184.75,189.97,116864,22200131.35,9376.0,53342.0,45.64
PRESTIGE,EQ,07-Apr-2020,182.0,183.0,195.3,183.0,192.0,193.65,191.45,224305,42943536.2,10855.0,157072.0,70.03
PRESTIGE,EQ,03-Apr-2020,181.3,182.0,189.2,177.05,179.95,182.0,183.9,155155,28533358.75,4965.0,58830.0,37.92
PRESTIGE,EQ,01-Apr-2020,168.2,170.0,185.0,163.3,181.0,181.3,176.83,483143,85436491.45,14663.0,161802.0,33.49
PRESTIGE,EQ,31-Mar-2020,176.4,183.0,183.0,165.05,169.1,168.2,169.75,274570,46607317.6,15755.0,194204.0,70.73
PRESTIGE,EQ,30-Mar-2020,194.45,189.7,190.0,175.05,175.05,176.4,179.59,162341,29154980.85,8775.0,117512.0,72.39
PRESTIGE,EQ,27-Mar-2020,189.65,197.0,208.6,180.2,198.45,194.45,195.15,247024,48206713.85,18417.0,174308.0,70.56
PRESTIGE,EQ,26-Mar-2020,172.45,179.0,189.65,175.0,189.65,189.65,185.95,102405,19042246.45,3356.0,74207.0,72.46
PRESTIGE,EQ,25-Mar-2020,167.9,163.15,178.0,163.0,174.6,172.45,170.56,615952,105055126.8,7297.0,571373.0,92.76
PRESTIGE,EQ,24-Mar-2020,161.4,165.15,175.0,160.0,168.0,167.9,168.77,149709,25266790.1,10649.0,83639.0,55.87
PRESTIGE,EQ,23-Mar-2020,157.65,141.9,169.55,141.9,163.9,161.4,156.7,420824,65942555.95,24219.0,228989.0,54.41
PRESTIGE,EQ,20-Mar-2020,159.35,166.0,170.8,155.35,159.0,157.65,161.19,562341,90643180.3,22042.0,273640.0,48.66
PRESTIGE,EQ,19-Mar-2020,170.1,155.0,174.0,153.0,162.95,159.35,157.6,795564,125383776.25,24453.0,386664.0,48.60
PRESTIGE,EQ,18-Mar-2020,210.25,218.0,218.75,169.0,169.95,170.1,185.17,815857,151072689.7,22814.0,415114.0,50.88
PRESTIGE,EQ,17-Mar-2020,209.55,211.5,220.0,199.55,211.0,210.25,213.09,495939,105677294.9,20173.0,249833.0,50.38
PRESTIGE,EQ,16-Mar-2020,252.9,242.0,242.7,204.95,210.0,209.55,216.55,1115006,241459776.4,36363.0,679610.0,60.95
PRESTIGE,EQ,13-Mar-2020,225.5,195.0,264.7,184.95,251.0,252.9,230.12,725962,167054825.8,33261.0,308107.0,42.44
PRESTIGE,EQ,12-Mar-2020,281.85,260.6,262.75,225.5,225.5,225.5,230.14,680341,156570726.4,19342.0,434315.0,63.84
PRESTIGE,EQ,11-Mar-2020,299.05,298.0,302.1,277.1,277.5,281.85,285.89,264429,75598364.85,13874.0,106168.0,40.15
PRESTIGE,EQ,09-Mar-2020,302.5,293.0,310.0,290.0,290.4,299.05,298.49,232157,69297446.8,7332.0,111741.0,48.13
PRESTIGE,EQ,06-Mar-2020,318.25,296.05,310.0,291.8,302.8,302.5,302.82,175254,53069942.5,5905.0,67109.0,38.29
PRESTIGE,EQ,05-Mar-2020,307.0,315.0,323.9,291.0,312.05,318.25,305.49,647646,197849305.25,40213.0,198906.0,30.71
PRESTIGE,EQ,04-Mar-2020,318.85,321.5,325.0,294.05,312.05,307.0,307.53,279867,86067499.45,13902.0,76608.0,27.37
PRESTIGE,EQ,03-Mar-2020,302.65,305.9,332.0,305.85,321.0,318.85,323.67,730470,236433896.95,24139.0,182487.0,24.98
PRESTIGE,EQ,02-Mar-2020,290.35,296.55,309.0,292.05,303.0,302.65,301.23,361534,108903292.35,13956.0,186707.0,51.64
PRESTIGE,EQ,28-Feb-2020,316.55,305.0,308.35,286.2,298.8,290.35,296.34,291395,86351768.35,13174.0,148883.0,51.09
PRESTIGE,EQ,27-Feb-2020,333.6,330.35,334.4,315.0,316.85,316.55,319.9,322342,103117082.6,11275.0,175970.0,54.59
PRESTIGE,EQ,26-Feb-2020,340.5,340.0,342.55,329.0,332.1,333.6,333.39,226089,75374879.45,9870.0,127940.0,56.59
PRESTIGE,EQ,25-Feb-2020,350.7,351.0,360.0,338.5,340.2,340.5,347.88,182644,63537386.35,7958.0,75621.0,41.40
PRESTIGE,EQ,24-Feb-2020,365.25,365.0,365.7,347.0,351.0,350.7,356.77,119362,42584901.0,5002.0,67177.0,56.28
PRESTIGE,EQ,20-Feb-2020,364.8,364.0,372.0,362.6,366.0,365.25,365.45,134806,49264441.5,6467.0,60692.0,45.02
PRESTIGE,EQ,19-Feb-2020,348.35,354.6,367.7,347.0,364.95,364.8,360.01,205592,74014480.95,6124.0,73842.0,35.92
PRESTIGE,EQ,18-Feb-2020,360.7,359.8,359.8,341.05,349.5,348.35,347.19,178175,61860320.0,4439.0,56879.0,31.92
PRESTIGE,EQ,17-Feb-2020,365.15,369.0,369.15,359.8,359.8,360.7,361.62,73614,26620345.9,2024.0,30852.0,41.91
PRESTIGE,EQ,14-Feb-2020,363.35,365.4,367.9,358.3,365.0,365.15,363.92,124712,45384805.95,5823.0,39470.0,31.65
PRESTIGE,EQ,13-Feb-2020,372.2,373.75,373.75,362.0,363.2,363.35,365.17,105565,38549171.1,3138.0,43922.0,41.61
PRESTIGE,EQ,12-Feb-2020,379.1,381.0,381.0,368.1,371.95,372.2,372.66,136719,50949667.7,5621.0,43983.0,32.17
PRESTIGE,EQ,11-Feb-2020,362.0,363.95,383.5,362.0,379.5,379.1,376.03,477508,179559462.05,21900.0,212718.0,44.55
PRESTIGE,EQ,10-Feb-2020,373.45,370.15,372.4,358.0,363.0,362.0,362.13,154310,55879935.85,8502.0,62648.0,40.60
PRESTIGE,EQ,07-Feb-2020,381.25,381.4,381.55,370.0,372.1,373.45,375.57,135129,50750171.35,4182.0,44964.0,33.27
PRESTIGE,EQ,06-Feb-2020,375.5,377.8,386.25,368.55,380.55,381.25,376.88,353385,133182830.95,12558.0,125659.0,35.56
PRESTIGE,EQ,05-Feb-2020,352.35,354.9,383.0,354.0,375.3,375.5,367.08,474406,174144493.5,18248.0,179623.0,37.86
PRESTIGE,EQ,04-Feb-2020,352.5,355.45,368.0,350.0,352.5,352.35,357.88,335274,119988857.9,10118.0,92984.0,27.73
PRESTIGE,EQ,03-Feb-2020,348.65,342.5,367.8,332.1,352.5,352.5,352.15,617434,217427521.8,21702.0,148976.0,24.13
PRESTIGE,EQ,01-Feb-2020,383.3,383.65,394.85,336.1,349.7,348.65,367.51,656007,241087344.9,19495.0,171316.0,26.11
PRESTIGE,EQ,31-Jan-2020,374.95,382.0,390.0,378.45,384.4,383.3,384.86,399518,153758142.6,11952.0,114967.0,28.78
PRESTIGE,EQ,30-Jan-2020,376.5,378.5,382.0,372.1,374.5,374.95,376.37,207684,78165357.15,7024.0,73677.0,35.48
PRESTIGE,EQ,29-Jan-2020,385.0,386.25,388.75,375.0,377.1,376.5,379.11,226626,85916833.4,9678.0,79326.0,35.00
PRESTIGE,EQ,28-Jan-2020,391.1,393.5,396.9,378.6,386.0,385.0,387.74,454320,176159263.0,33803.0,197362.0,43.44
PRESTIGE,EQ,27-Jan-2020,380.95,395.0,401.5,386.7,392.0,391.1,394.57,1165002,459680191.15,27055.0,241752.0,20.75
PRESTIGE,EQ,24-Jan-2020,401.05,403.55,405.15,376.0,381.0,380.95,389.14,596562,232147228.0,22044.0,251709.0,42.19
PRESTIGE,EQ,23-Jan-2020,386.3,386.95,402.8,386.95,400.4,401.05,399.45,1407339,562156493.5,39901.0,453782.0,32.24
PRESTIGE,EQ,22-Jan-2020,381.85,383.0,391.4,372.35,388.95,386.3,382.92,1005974,385210634.7,24680.0,197282.0,19.61
PRESTIGE,EQ,21-Jan-2020,414.95,416.8,417.5,380.0,382.5,381.85,394.11,1699457,669769346.15,62748.0,523817.0,30.82
PRESTIGE,EQ,20-Jan-2020,375.1,376.0,426.0,376.0,414.05,414.95,409.77,3506390,1436803053.9,80875.0,470805.0,13.43
PRESTIGE,EQ,17-Jan-2020,377.45,380.0,389.0,370.45,373.0,375.1,376.96,407615,153655444.45,18258.0,121137.0,29.72
PRESTIGE,EQ,16-Jan-2020,359.4,357.4,388.0,357.4,378.6,377.45,377.5,991900,374445306.2,35830.0,233717.0,23.56
PRESTIGE,EQ,15-Jan-2020,339.55,341.3,362.7,341.3,360.0,359.4,357.77,776333,277751847.8,25937.0,139615.0,17.98
PRESTIGE,EQ,14-Jan-2020,344.4,346.45,353.6,336.25,341.0,339.55,347.09,399602,138697362.35,20799.0,167782.0,41.99
PRESTIGE,EQ,13-Jan-2020,331.2,332.9,348.4,332.0,345.0,344.4,343.0,430948,147816837.3,13578.0,132186.0,30.67
PRESTIGE,EQ,10-Jan-2020,316.0,320.8,339.0,320.15,331.3,331.2,332.59,761153,253148336.5,21096.0,160852.0,21.13
PRESTIGE,EQ,09-Jan-2020,314.05,318.9,325.05,314.0,317.0,316.0,316.74,349742,110777176.75,15765.0,193641.0,55.37
PRESTIGE,EQ,08-Jan-2020,322.1,317.0,324.9,311.1,313.5,314.05,314.95,811404,255550067.35,17641.0,690060.0,85.05
PRESTIGE,EQ,07-Jan-2020,321.5,322.4,328.85,318.4,322.0,322.1,322.44,329525,106253558.75,12531.0,232742.0,70.63
PRESTIGE,EQ,06-Jan-2020,331.0,329.1,335.0,319.85,322.65,321.5,326.53,220321,71940556.85,12811.0,104558.0,47.46
PRESTIGE,EQ,03-Jan-2020,329.75,329.3,339.35,325.0,328.6,331.0,332.31,265572,88252116.6,10060.0,65895.0,24.81
PRESTIGE,EQ,02-Jan-2020,333.3,333.3,335.6,326.35,327.3,329.75,332.16,120094,39890942.5,2743.0,56557.0,47.09
PRESTIGE,EQ,01-Jan-2020,338.35,338.6,339.55,330.8,333.6,333.3,334.05,98627,32946264.5,3537.0,35711.0,36.21
PRESTIGE,EQ,31-Dec-2019,336.0,336.0,342.3,334.0,337.8,338.35,338.75,146059,49477627.6,5169.0,46312.0,31.71
PRESTIGE,EQ,30-Dec-2019,336.9,336.1,339.9,333.9,335.0,336.0,336.08,78952,26534375.35,1892.0,23083.0,29.24
PRESTIGE,EQ,28-Dec-2021,477.55,475.95,486.8,472.45,479.1,478.35,481.92,780448,376116537.45,19022.0,300797.0,38.54
PRESTIGE,EQ,27-Dec-2021,467.4,462.45,482.4,457.95,475.5,477.55,475.41,755365,359106757.7,21641.0,313567.0,41.51
PRESTIGE,EQ,24-Dec-2021,471.65,471.65,473.95,458.95,467.05,467.4,464.94,452767,210511341.05,10297.0,106068.0,23.43
PRESTIGE,EQ,23-Dec-2021,456.9,459.0,474.5,457.4,471.75,471.65,468.07,980384,458890431.9,24908.0,253526.0,25.86
PRESTIGE,EQ,22-Dec-2021,433.85,435.0,462.1,434.95,457.2,456.9,445.31,807963,359794297.5,17997.0,289851.0,35.87
PRESTIGE,EQ,21-Dec-2021,432.7,439.25,445.0,430.15,432.5,433.85,438.97,395804,173745414.0,10996.0,94254.0,23.81
PRESTIGE,EQ,20-Dec-2021,450.85,441.5,454.45,424.35,432.0,432.7,438.78,857059,376059919.05,20404.0,308928.0,36.05
PRESTIGE,EQ,17-Dec-2021,455.3,454.7,458.85,438.25,454.0,450.85,449.55,2351567,1057149514.95,19017.0,1884358.0,80.13
PRESTIGE,EQ,16-Dec-2021,450.1,453.0,467.4,449.5,455.0,455.3,456.04,860175,392271358.6,18623.0,287219.0,33.39
PRESTIGE,EQ,15-Dec-2021,461.35,461.95,463.75,448.0,450.0,450.1,453.32,471463,213725199.45,15654.0,206944.0,43.89
PRESTIGE,EQ,14-Dec-2021,460.6,458.5,466.6,451.0,459.0,461.35,459.53,493330,226699403.5,14320.0,79341.0,16.08
PRESTIGE,EQ,13-Dec-2021,472.7,474.8,487.0,458.0,459.4,460.6,473.61,851800,403422765.1,18155.0,294558.0,34.58
PRESTIGE,EQ,10-Dec-2021,467.5,465.0,479.0,447.0,470.3,472.7,471.21,828179,390246574.1,22591.0,200766.0,24.24
PRESTIGE,EQ,09-Dec-2021,451.0,451.3,470.1,451.3,467.35,467.5,462.67,808407,374025121.15,17880.0,228964.0,28.32
PRESTIGE,EQ,08-Dec-2021,440.75,444.0,456.4,442.15,450.6,451.0,449.6,504044,226618140.2,12187.0,138648.0,27.51
PRESTIGE,EQ,07-Dec-2021,439.0,443.0,446.25,438.2,439.85,440.75,441.56,488579,215735392.0,32848.0,136124.0,27.86
PRESTIGE,EQ,06-Dec-2021,436.4,438.2,455.5,433.7,438.0,439.0,446.61,1129402,504400202.2,30765.0,236055.0,20.9
PRESTIGE,EQ,03-Dec-2021,446.35,446.6,451.95,431.0,435.9,436.4,444.26,451461,200564285.0,11705.0,95561.0,21.17
PRESTIGE,EQ,02-Dec-2021,442.75,437.0,449.9,433.25,447.0,446.35,444.39,638702,283832625.25,16410.0,111298.0,17.43
PRESTIGE,EQ,01-Dec-2021,421.75,425.0,446.95,417.55,442.5,442.75,433.36,1420390,615543236.5,38981.0,245360.0,17.27
PRESTIGE,EQ,30-Nov-2021,416.5,415.9,436.8,414.0,420.9,421.75,426.32,1138369,485309475.0,30574.0,232228.0,20.4
PRESTIGE,EQ,29-Nov-2021,440.2,440.2,442.0,412.3,415.0,416.5,426.15,1045694,445621259.9,33617.0,256371.0,24.52
PRESTIGE,EQ,26-Nov-2021,467.45,463.0,463.0,437.0,439.05,440.2,448.12,1329017,595554471.0,33851.0,338601.0,25.48
PRESTIGE,EQ,25-Nov-2021,435.85,435.85,473.95,435.7,468.9,467.45,458.35,1632423,748221192.25,40296.0,410440.0,25.14
PRESTIGE,EQ,24-Nov-2021,441.2,440.0,448.0,432.5,435.7,435.85,441.58,1025963,453045663.95,32612.0,350887.0,34.2
PRESTIGE,EQ,23-Nov-2021,441.6,436.0,457.05,431.0,440.1,441.2,444.8,1092859,486099737.6,32592.0,372258.0,34.06
PRESTIGE,EQ,22-Nov-2021,466.75,465.0,465.0,440.0,447.0,441.6,446.96,911920,407591369.4,28738.0,238836.0,26.19
PRESTIGE,EQ,18-Nov-2021,466.25,468.5,472.15,452.85,466.0,466.75,463.88,824258,382354223.35,23241.0,233074.0,28.28
PRESTIGE,EQ,17-Nov-2021,479.65,478.5,485.5,461.2,464.0,466.25,474.29,680539,322773056.4,17314.0,216784.0,31.85
PRESTIGE,EQ,16-Nov-2021,490.95,490.9,501.6,475.8,477.7,479.65,489.89,834983,409046965.65,26715.0,241945.0,28.98
PRESTIGE,EQ,15-Nov-2021,510.55,514.0,516.25,486.55,489.7,490.95,502.2,856648,430209644.6,28049.0,306208.0,35.74
PRESTIGE,EQ,12-Nov-2021,495.7,484.0,517.0,475.3,508.0,510.55,494.23,2044647,1010526257.85,39287.0,498950.0,24.4
PRESTIGE,EQ,11-Nov-2021,514.55,515.8,518.8,492.5,494.0,495.7,503.67,1078907,543410475.5,25419.0,351893.0,32.62
PRESTIGE,EQ,10-Nov-2021,514.85,514.75,522.0,492.5,513.95,514.55,508.76,2261928,1150783103.05,47838.0,584577.0,25.84
PRESTIGE,EQ,09-Nov-2021,487.85,489.0,517.0,489.0,516.8,514.85,507.8,3867720,1964014046.4,78492.0,1189309.0,30.75
PRESTIGE,EQ,08-Nov-2021,470.2,474.0,492.0,464.75,490.05,487.85,481.37,1561090,751463206.5,35884.0,707532.0,45.32
PRESTIGE,EQ,04-Nov-2021,466.0,469.7,475.0,466.6,470.75,470.2,470.98,223691,105354976.0,5972.0,99451.0,44.46
PRESTIGE,EQ,03-Nov-2021,463.6,466.0,476.6,462.2,466.6,466.0,469.41,1362387,639517355.8,32915.0,316814.0,23.25
PRESTIGE,EQ,02-Nov-2021,435.7,435.0,466.5,435.0,464.25,463.6,456.61,2686407,1226633433.75,56325.0,680410.0,25.33
PRESTIGE,EQ,01-Nov-2021,426.1,430.85,442.8,430.0,436.2,435.7,437.56,999332,437264090.25,22170.0,327256.0,32.75
PRESTIGE,EQ,29-Oct-2021,421.6,420.5,442.0,406.1,428.0,426.1,426.92,1024883,437543711.35,28233.0,190037.0,18.54
PRESTIGE,EQ,28-Oct-2021,432.9,436.7,436.7,418.0,422.5,421.6,426.71,433461,184960568.9,11088.0,161523.0,37.26
PRESTIGE,EQ,27-Oct-2021,441.1,444.9,448.4,430.6,432.0,432.9,439.4,1020590,448442416.5,17352.0,438142.0,42.93
PRESTIGE,EQ,26-Oct-2021,421.0,420.8,445.45,419.95,443.0,441.1,435.36,1156595,503529661.05,33769.0,365677.0,31.62
PRESTIGE,EQ,25-Oct-2021,437.95,442.85,448.5,417.05,421.05,421.0,427.66,912762,390351879.9,33357.0,246646.0,27.02
PRESTIGE,EQ,22-Oct-2021,419.35,424.0,443.0,421.1,438.0,437.95,433.31,1527372,661818894.15,35365.0,410117.0,26.85
PRESTIGE,EQ,21-Oct-2021,433.6,437.5,444.35,416.0,421.0,419.35,425.5,1487167,632785678.15,45115.0,551015.0,37.05
PRESTIGE,EQ,20-Oct-2021,440.75,440.95,445.65,424.0,433.4,433.6,432.59,937570,405583941.85,25127.0,363122.0,38.73
PRESTIGE,EQ,19-Oct-2021,450.5,450.0,454.55,435.4,441.0,440.75,442.95,1176979,521346666.5,31973.0,430603.0,36.59
PRESTIGE,EQ,18-Oct-2021,453.55,456.9,459.3,445.6,449.0,450.5,455.45,763200,347602799.85,32040.0,413871.0,54.23
PRESTIGE,EQ,14-Oct-2021,458.3,463.0,471.6,451.2,455.1,453.55,461.94,879300,406185063.5,23900.0,243862.0,27.73
PRESTIGE,EQ,13-Oct-2021,471.0,473.5,475.95,453.5,460.5,458.3,464.08,1097344,509259605.1,24912.0,466470.0,42.51
PRESTIGE,EQ,12-Oct-2021,484.15,481.75,487.7,467.8,471.1,471.0,475.54,1022931,486442228.95,26648.0,419036.0,40.96
PRESTIGE,EQ,11-Oct-2021,481.7,483.0,502.0,474.05,480.2,484.15,489.19,2728409,1334703032.7,63233.0,764119.0,28.01
PRESTIGE,EQ,08-Oct-2021,484.6,487.0,491.7,475.15,483.0,481.7,484.41,1064702,515756458.7,23630.0,423474.0,39.77
PRESTIGE,EQ,07-Oct-2021,457.3,467.0,494.8,467.0,485.0,484.6,485.49,2511785,1219444454.6,65703.0,611121.0,24.33
PRESTIGE,EQ,06-Oct-2021,477.0,479.0,482.0,455.0,456.9,457.3,470.66,850807,400441455.85,19877.0,381845.0,44.88
PRESTIGE,EQ,05-Oct-2021,484.6,483.0,483.3,475.0,477.0,477.0,478.18,496062,237208651.05,11194.0,200599.0,40.44
PRESTIGE,EQ,04-Oct-2021,480.95,481.0,492.0,478.0,483.35,484.6,485.29,879818,426965772.05,19859.0,193235.0,21.96
PRESTIGE,EQ,01-Oct-2021,490.85,487.9,489.0,473.65,481.7,480.95,480.51,1025401,492713988.7,18464.0,392938.0,38.32
PRESTIGE,EQ,30-Sep-2021,478.15,479.2,496.2,475.9,489.0,490.85,486.18,1960530,953180227.55,44191.0,569281.0,29.04
PRESTIGE,EQ,29-Sep-2021,474.5,465.0,482.75,460.15,479.45,478.15,475.34,2037043,968296077.0,59883.0,400932.0,19.68
PRESTIGE,EQ,28-Sep-2021,494.6,502.0,507.3,465.6,473.3,474.5,482.22,3030447,1461337992.45,68898.0,765032.0,25.24
PRESTIGE,EQ,27-Sep-2021,459.1,464.0,503.15,462.5,502.0,494.6,480.85,4918987,2365282458.55,73030.0,1676433.0,34.08
PRESTIGE,EQ,24-Sep-2021,456.35,459.0,473.9,450.65,461.0,459.1,463.16,3924263,1817559230.85,90425.0,1026364.0,26.15
PRESTIGE,EQ,23-Sep-2021,430.9,434.3,467.7,431.8,454.4,456.35,452.25,5279176,2387512114.05,112487.0,1391474.0,26.36
PRESTIGE,EQ,22-Sep-2021,418.85,426.0,446.5,419.0,429.95,430.9,433.59,4488132,1945998024.9,81792.0,1505759.0,33.55
PRESTIGE,EQ,21-Sep-2021,395.9,396.4,427.8,394.0,419.3,418.85,417.74,5774056,2412049291.45,121097.0,1367339.0,23.68
PRESTIGE,EQ,20-Sep-2021,410.6,405.8,415.4,392.0,394.0,395.9,404.35,1134714,458819771.05,37432.0,477658.0,42.1
PRESTIGE,EQ,17-Sep-2021,425.8,430.0,442.5,408.0,409.0,410.6,423.5,2312603,979378706.25,44095.0,941130.0,40.7
PRESTIGE,EQ,16-Sep-2021,427.65,430.0,435.8,423.0,425.15,425.8,428.31,548189,234796645.85,13456.0,310950.0,56.72
PRESTIGE,EQ,15-Sep-2021,433.9,435.0,437.75,425.0,429.0,427.65,430.01,589163,253344634.1,13606.0,373106.0,63.33
PRESTIGE,EQ,14-Sep-2021,436.0,435.75,444.4,424.2,432.5,433.9,434.01,969686,420852788.2,20984.0,483800.0,49.89
PRESTIGE,EQ,13-Sep-2021,429.25,429.0,442.5,428.0,434.0,436.0,436.3,1502952,655731014.65,28895.0,901835.0,60.0
PRESTIGE,EQ,09-Sep-2021,442.75,437.6,441.45,426.15,428.5,429.25,432.24,1053295,455275622.7,31690.0,561803.0,53.34
PRESTIGE,EQ,08-Sep-2021,451.2,453.0,455.5,434.0,438.0,442.75,445.59,1892022,843060118.55,68859.0,787085.0,41.6
PRESTIGE,EQ,07-Sep-2021,479.45,487.7,487.7,450.0,450.75,451.2,457.65,5230670,2393801669.05,116356.0,1663303.0,31.8
PRESTIGE,EQ,06-Sep-2021,422.7,424.0,501.9,415.65,490.0,479.45,454.65,10709792,4869193952.5,175559.0,1449875.0,13.54
PRESTIGE,EQ,03-Sep-2021,383.15,386.0,436.8,385.8,420.45,422.7,420.07,10331644,4339993812.25,163430.0,1992044.0,19.28
PRESTIGE,EQ,02-Sep-2021,372.25,372.25,386.4,363.95,383.3,383.15,375.82,2110523,793185705.75,30931.0,718354.0,34.04
PRESTIGE,EQ,01-Sep-2021,352.65,350.0,383.35,350.0,372.0,372.25,368.97,3470392,1280470317.9,49709.0,1549149.0,44.64
PRESTIGE,EQ,31-Aug-2021,347.8,349.9,354.35,349.4,353.0,352.65,352.56,861054,303574385.35,26184.0,445395.0,51.73
PRESTIGE,EQ,30-Aug-2021,351.7,354.85,355.8,346.0,350.0,347.8,351.67,487332,171382303.45,10513.0,265186.0,54.42
PRESTIGE,EQ,27-Aug-2021,350.65,348.2,357.95,348.2,351.5,351.7,352.47,1066385,375866796.7,10870.0,808205.0,75.79
PRESTIGE,EQ,26-Aug-2021,346.9,346.9,354.0,337.45,350.0,350.65,345.5,584030,201780623.0,10963.0,296645.0,50.79
PRESTIGE,EQ,25-Aug-2021,339.3,342.4,349.15,338.4,345.0,346.9,344.05,1117472,384471813.45,10499.0,913807.0,81.77
PRESTIGE,EQ,24-Aug-2021,324.0,327.4,342.4,324.0,340.9,339.3,335.03,280992,94140552.2,7821.0,99283.0,35.33
PRESTIGE,EQ,23-Aug-2021,331.95,332.1,337.7,315.5,323.35,324.0,322.64,754732,243509716.4,16304.0,332190.0,44.01
PRESTIGE,EQ,20-Aug-2021,344.6,339.0,342.95,329.0,330.85,331.95,334.21,675572,225782197.05,21225.0,271432.0,40.18
PRESTIGE,EQ,18-Aug-2021,348.35,345.1,350.45,337.65,342.9,344.6,344.49,604292,208170760.85,15260.0,268087.0,44.36
PRESTIGE,EQ,17-Aug-2021,345.55,340.6,350.0,339.0,348.0,348.35,344.08,353687,121696694.6,6709.0,110229.0,31.17
PRESTIGE,EQ,16-Aug-2021,338.8,339.7,350.25,338.95,343.9,345.55,345.77,826206,285673772.4,14658.0,257430.0,31.16
PRESTIGE,EQ,13-Aug-2021,355.0,358.0,358.0,336.05,339.0,338.8,344.35,640859,220680357.85,15945.0,261187.0,40.76
PRESTIGE,EQ,12-Aug-2021,360.95,362.0,367.4,350.55,356.0,355.0,357.82,610965,218615281.05,16202.0,180192.0,29.49
PRESTIGE,EQ,11-Aug-2021,352.5,348.1,372.0,323.65,359.0,360.95,340.83,2410341,821509670.2,55049.0,668304.0,27.73
PRESTIGE,EQ,10-Aug-2021,352.4,352.9,361.1,343.65,351.0,352.5,353.04,1196607,422449944.9,27405.0,501733.0,41.93
PRESTIGE,EQ,09-Aug-2021,360.15,361.8,363.25,350.1,352.0,352.4,354.79,426174,151200650.7,11051.0,172856.0,40.56
PRESTIGE,EQ,06-Aug-2021,358.1,358.1,370.75,357.1,360.0,360.15,364.48,1009817,368059477.9,15178.0,406811.0,40.29
PRESTIGE,EQ,05-Aug-2021,368.2,369.45,371.05,356.0,360.5,358.1,361.59,793756,287015334.3,15232.0,320805.0,40.42
PRESTIGE,EQ,04-Aug-2021,372.05,372.25,374.0,362.5,369.45,368.2,368.17,1007630,370977268.5,17657.0,399239.0,39.62
PRESTIGE,EQ,03-Aug-2021,364.4,365.1,377.8,365.1,371.0,372.05,372.55,4456572,1660289915.8,51193.0,1903692.0,42.72
PRESTIGE,EQ,02-Aug-2021,340.65,343.7,369.0,342.5,364.0,364.4,361.53,5278442,1908315238.65,76841.0,2502985.0,47.42
PRESTIGE,EQ,30-Jul-2021,340.7,339.0,344.9,335.95,341.0,340.65,340.2,1480292,503602689.85,16413.0,1101970.0,74.44
PRESTIGE,EQ,29-Jul-2021,330.7,334.2,342.5,333.8,341.0,340.7,337.39,792725,267455043.95,17714.0,255803.0,32.27
PRESTIGE,EQ,28-Jul-2021,336.4,339.25,339.6,326.25,334.05,330.7,332.67,519280,172746317.15,10634.0,166708.0,32.1
PRESTIGE,EQ,27-Jul-2021,342.55,344.3,352.0,333.0,337.95,336.4,343.85,1428393,491153993.15,24080.0,749820.0,52.49
PRESTIGE,EQ,26-Jul-2021,348.8,348.65,357.0,338.85,343.0,342.55,349.53,906269,316767954.95,17353.0,334181.0,36.87
PRESTIGE,EQ,23-Jul-2021,344.4,346.65,356.0,340.25,349.5,348.8,349.83,1642866,574716569.5,25868.0,527436.0,32.1
PRESTIGE,EQ,22-Jul-2021,329.05,334.6,347.9,331.25,345.2,344.4,340.78,1638847,558485035.7,28169.0,574632.0,35.06
PRESTIGE,EQ,20-Jul-2021,336.5,338.0,341.8,324.0,328.0,329.05,330.56,1133240,374609269.7,22465.0,354376.0,31.27
PRESTIGE,EQ,19-Jul-2021,329.65,324.4,348.45,322.0,335.5,336.5,339.4,3879647,1316745238.4,58318.0,835526.0,21.54
PRESTIGE,EQ,16-Jul-2021,318.35,319.0,334.4,311.5,329.0,329.65,325.32,3058698,995063764.6,44414.0,913694.0,29.87
PRESTIGE,EQ,15-Jul-2021,300.25,302.0,325.95,300.25,317.0,318.35,314.43,4206233,1322564904.15,57978.0,1595901.0,37.94
PRESTIGE,EQ,14-Jul-2021,303.6,304.5,305.9,298.8,301.3,300.25,303.61,383218,116349944.05,8098.0,212742.0,55.51
PRESTIGE,EQ,13-Jul-2021,304.2,310.0,313.0,301.6,303.5,303.6,306.77,1063176,326147128.55,19868.0,546510.0,51.4
PRESTIGE,EQ,12-Jul-2021,296.35,299.0,306.85,298.0,303.9,304.2,304.3,2263863,688900036.05,35694.0,1163769.0,51.41
PRESTIGE,EQ,09-Jul-2021,289.1,291.0,299.75,290.45,296.55,296.35,295.57,1232923,364417337.35,18167.0,540561.0,43.84
PRESTIGE,EQ,08-Jul-2021,287.5,289.9,291.1,285.0,289.75,289.1,289.37,505949,146406681.65,9768.0,227022.0,44.87
PRESTIGE,EQ,07-Jul-2021,288.2,289.8,295.85,286.0,287.55,287.5,292.02,1048545,306194836.35,20785.0,464536.0,44.3
PRESTIGE,EQ,06-Jul-2021,289.25,293.1,293.8,286.65,288.75,288.2,290.88,991399,288374311.65,7191.0,782424.0,78.92
PRESTIGE,EQ,05-Jul-2021,284.85,289.0,290.45,286.0,289.15,289.25,288.38,393214,113396628.0,10330.0,225339.0,57.31
PRESTIGE,EQ,02-Jul-2021,285.05,286.5,290.95,284.2,285.45,284.85,287.63,251520,72343840.0,9493.0,106505.0,42.34
PRESTIGE,EQ,01-Jul-2021,289.55,290.0,292.2,284.0,285.55,285.05,286.53,236334,67715895.2,11390.0,125977.0,53.3
PRESTIGE,EQ,30-Jun-2021,291.15,294.2,294.2,288.1,291.0,289.55,291.54,285792,83318808.8,9299.0,145592.0,50.94
PRESTIGE,EQ,29-Jun-2021,289.4,290.0,296.2,287.5,291.0,291.15,292.68,669686,196000688.35,16896.0,307202.0,45.87
PRESTIGE,EQ,28-Jun-2021,286.8,287.85,293.5,285.7,288.7,289.4,290.19,306760,89018304.7,10041.0,132117.0,43.07
PRESTIGE,EQ,25-Jun-2021,289.2,291.5,293.4,286.0,286.35,286.8,290.77,362737,105472043.0,10918.0,186113.0,51.31
PRESTIGE,EQ,24-Jun-2021,286.15,286.2,291.65,285.85,289.8,289.2,289.1,297791,86091608.55,8541.0,148406.0,49.84
PRESTIGE,EQ,23-Jun-2021,288.4,289.9,291.5,285.05,287.9,286.15,288.08,268518,77355627.65,6743.0,106368.0,39.61
PRESTIGE,EQ,22-Jun-2021,292.0,295.0,300.5,284.05,286.45,288.4,295.15,1259456,371732348.2,27686.0,624147.0,49.56
PRESTIGE,EQ,21-Jun-2021,282.05,283.0,292.7,278.85,292.7,292.0,288.97,709086,204906968.55,16731.0,275493.0,38.85
PRESTIGE,EQ,18-Jun-2021,281.1,283.85,283.85,274.0,282.95,282.05,279.79,356722,99807087.4,10277.0,148822.0,41.72
PRESTIGE,EQ,17-Jun-2021,284.05,283.0,286.9,280.1,282.0,281.1,283.98,268060,76124471.95,7140.0,120006.0,44.77
PRESTIGE,EQ,16-Jun-2021,287.95,288.05,292.95,282.25,283.0,284.05,286.97,457815,131381304.5,9986.0,152972.0,33.41
PRESTIGE,EQ,15-Jun-2021,288.75,290.8,295.0,286.25,288.05,287.95,290.28,390399,113325288.45,9197.0,191414.0,49.03
PRESTIGE,EQ,14-Jun-2021,293.6,295.0,295.0,282.25,289.0,288.75,287.7,516289,148533770.35,10981.0,225611.0,43.7
PRESTIGE,EQ,11-Jun-2021,296.75,299.0,302.0,292.55,294.0,293.6,296.99,521983,155021829.55,10996.0,221283.0,42.39
PRESTIGE,EQ,10-Jun-2021,288.05,290.7,299.0,290.05,296.0,296.75,296.5,1324973,392853175.5,22684.0,443896.0,33.5
PRESTIGE,EQ,09-Jun-2021,291.55,310.0,317.0,280.35,286.05,288.05,304.03,5856541,1780586869.1,91679.0,1396262.0,23.84
PRESTIGE,EQ,08-Jun-2021,288.1,290.5,293.95,290.45,291.5,291.55,291.97,425473,124226667.05,7565.0,183070.0,43.03
PRESTIGE,EQ,07-Jun-2021,289.25,292.2,293.0,287.0,289.0,288.1,289.77,392207,113648754.55,9752.0,138905.0,35.42
PRESTIGE,EQ,04-Jun-2021,287.75,288.95,295.7,287.05,290.0,289.25,290.89,768689,223606070.5,11808.0,233750.0,30.41
PRESTIGE,EQ,03-Jun-2021,273.05,277.0,293.5,276.0,288.0,287.75,287.11,2837252,814597901.45,44012.0,702333.0,24.75
PRESTIGE,EQ,02-Jun-2021,271.95,272.0,274.3,271.4,274.15,273.05,272.83,386224,105373569.95,7397.0,230403.0,59.66
PRESTIGE,EQ,01-Jun-2021,273.2,275.45,275.45,270.0,272.15,271.95,271.85,294995,80194115.8,8451.0,121902.0,41.32
PRESTIGE,EQ,31-May-2021,272.3,274.3,275.8,270.65,273.0,273.2,273.25,778606,212752702.95,18015.0,323226.0,41.51
PRESTIGE,EQ,28-May-2021,270.05,270.55,275.35,270.5,273.9,272.3,272.73,1008880,275152153.6,10924.0,718598.0,71.23
PRESTIGE,EQ,27-May-2021,274.45,276.9,276.9,269.65,270.0,270.05,270.74,569283,154127759.25,14800.0,312686.0,54.93
PRESTIGE,EQ,26-May-2021,266.55,268.0,278.4,267.7,275.0,274.45,275.47,1226381,337830190.4,19924.0,399724.0,32.59
PRESTIGE,EQ,25-May-2021,267.4,269.35,271.5,266.1,266.75,266.55,268.3,252451,67733117.1,6146.0,144599.0,57.28
PRESTIGE,EQ,24-May-2021,267.85,270.6,270.6,266.1,268.4,267.4,267.38,340849,91137299.4,7913.0,202374.0,59.37
PRESTIGE,EQ,21-May-2021,267.5,270.0,271.05,267.0,268.1,267.85,268.93,254367,68407082.6,8026.0,154764.0,60.84
PRESTIGE,EQ,20-May-2021,269.9,271.95,272.5,267.0,268.0,267.5,269.12,300473,80862375.45,10397.0,155792.0,51.85
PRESTIGE,EQ,19-May-2021,269.45,269.0,272.8,268.85,269.8,269.9,270.21,366914,99145452.7,12359.0,236352.0,64.42
PRESTIGE,EQ,18-May-2021,270.7,274.0,274.0,268.65,269.55,269.45,270.75,561356,151984956.1,23686.0,327805.0,58.4
PRESTIGE,EQ,17-May-2021,267.0,267.9,279.0,266.1,270.9,270.7,272.81,1007560,274875517.0,31358.0,352529.0,34.99
PRESTIGE,EQ,14-May-2021,268.3,268.6,271.1,266.45,266.65,267.0,268.09,150560,40363165.05,14182.0,94201.0,62.57
PRESTIGE,EQ,12-May-2021,270.55,273.0,273.0,267.5,269.5,268.3,270.19,192456,51999531.95,9838.0,121257.0,63.01
PRESTIGE,EQ,11-May-2021,268.2,268.6,277.9,268.55,270.5,270.55,272.52,553907,150953307.9,21974.0,254500.0,45.95
PRESTIGE,EQ,10-May-2021,272.35,272.05,274.25,266.7,268.55,268.2,270.85,204790,55468325.45,6416.0,122431.0,59.78
PRESTIGE,EQ,07-May-2021,274.1,274.1,277.4,271.0,271.95,272.35,274.15,190257,52158824.5,5079.0,95340.0,50.11
PRESTIGE,EQ,06-May-2021,271.85,273.9,276.45,270.6,276.0,274.1,272.59,859716,234347107.4,30118.0,674995.0,78.51
PRESTIGE,EQ,05-May-2021,267.25,268.0,273.95,267.85,273.5,271.85,270.96,268218,72675459.0,9946.0,164101.0,61.18
PRESTIGE,EQ,04-May-2021,266.65,268.0,271.9,265.0,267.85,267.25,268.75,487976,131144364.6,6988.0,401419.0,82.26
PRESTIGE,EQ,03-May-2021,271.85,270.4,273.65,263.0,267.0,266.65,269.26,514167,138443994.1,6699.0,426655.0,82.98
PRESTIGE,EQ,30-Apr-2021,276.05,273.15,275.95,271.0,271.8,271.85,273.23,349938,95612115.15,12189.0,241835.0,69.11
PRESTIGE,EQ,29-Apr-2021,275.65,280.0,280.0,274.0,276.0,276.05,276.0,445316,122907930.7,8982.0,345994.0,77.7
PRESTIGE,EQ,28-Apr-2021,274.5,277.4,280.3,275.0,275.45,275.65,277.05,295161,81774466.8,5270.0,177893.0,60.27
PRESTIGE,EQ,27-Apr-2021,274.35,275.8,277.3,273.8,274.5,274.5,275.2,128093,35251108.75,5384.0,61775.0,48.23
PRESTIGE,EQ,26-Apr-2021,275.75,278.8,281.0,272.0,274.7,274.35,275.4,224767,61901606.75,7879.0,101614.0,45.21
PRESTIGE,EQ,23-Apr-2021,276.75,273.0,277.8,271.65,275.0,275.75,274.71,284124,78050716.5,8137.0,155870.0,54.86
PRESTIGE,EQ,22-Apr-2021,275.1,273.0,279.05,272.0,277.0,276.75,275.63,308257,84965073.2,7092.0,164678.0,53.42
PRESTIGE,EQ,20-Apr-2021,278.65,284.0,284.05,273.0,274.0,275.1,278.93,275581,76868599.6,8548.0,105393.0,38.24
PRESTIGE,EQ,19-Apr-2021,295.15,286.4,288.0,276.6,277.15,278.65,280.25,389448,109144283.7,14385.0,174044.0,44.69
PRESTIGE,EQ,16-Apr-2021,305.95,305.95,308.6,290.55,293.0,295.15,298.5,434311,129641611.45,16359.0,228433.0,52.6
PRESTIGE,EQ,15-Apr-2021,301.05,297.0,313.75,289.5,309.0,305.95,299.42,468213,140191523.7,14155.0,245180.0,52.37
PRESTIGE,EQ,13-Apr-2021,300.9,295.3,302.7,290.65,300.9,301.05,298.63,340130,101571726.2,12263.0,175400.0,51.57
PRESTIGE,EQ,12-Apr-2021,312.1,307.5,307.5,287.85,300.2,300.9,295.67,336990,99639053.7,8836.0,147809.0,43.86
PRESTIGE,EQ,09-Apr-2021,311.5,310.0,325.0,306.35,312.1,312.1,314.14,454318,142720450.1,9870.0,267858.0,58.96
PRESTIGE,EQ,08-Apr-2021,311.05,313.0,322.6,310.0,311.9,311.5,316.9,606439,192180845.65,12340.0,227024.0,37.44
PRESTIGE,EQ,07-Apr-2021,308.45,308.8,319.0,305.75,313.0,311.05,311.28,771051,240014434.05,21301.0,334139.0,43.34
PRESTIGE,EQ,06-Apr-2021,299.45,301.5,313.45,299.0,308.75,308.45,307.75,380892,117218459.85,8675.0,124127.0,32.59
PRESTIGE,EQ,05-Apr-2021,308.85,306.35,307.1,292.85,299.0,299.45,299.94,270617,81169566.05,6029.0,133805.0,49.44
PRESTIGE,EQ,01-Apr-2021,305.6,306.4,310.0,300.25,308.0,308.85,305.3,427152,130409062.2,11914.0,226771.0,53.09
PRESTIGE,EQ,31-Mar-2021,309.15,305.0,308.4,301.15,304.0,305.6,304.11,544724,165657893.35,14403.0,396233.0,72.74
PRESTIGE,EQ,30-Mar-2021,308.1,311.15,312.0,294.5,309.0,309.15,308.35,427081,131689301.1,10663.0,257390.0,60.27
PRESTIGE,EQ,26-Mar-2021,306.35,308.0,312.5,303.0,306.8,308.1,307.98,502866,154871129.4,9818.0,167727.0,33.35
PRESTIGE,EQ,25-Mar-2021,304.35,306.95,309.8,292.5,305.2,306.35,301.73,571583,172463353.2,11200.0,186049.0,32.55
PRESTIGE,EQ,24-Mar-2021,303.5,299.5,314.9,295.55,305.45,304.35,307.31,1123545,345274075.25,32452.0,276151.0,24.58
PRESTIGE,EQ,23-Mar-2021,299.4,295.0,305.4,291.5,304.0,303.5,300.2,698310,209633578.8,17464.0,392062.0,56.14
PRESTIGE,EQ,22-Mar-2021,285.6,286.05,300.5,283.6,298.0,299.4,294.49,883644,260227228.2,13039.0,364275.0,41.22
PRESTIGE,EQ,19-Mar-2021,277.55,278.6,289.8,269.15,289.0,285.6,279.21,801846,223880752.5,14029.0,541681.0,67.55
PRESTIGE,EQ,18-Mar-2021,276.4,279.5,283.0,270.0,279.35,277.55,276.9,368986,102172066.95,10138.0,155855.0,42.24
PRESTIGE,EQ,17-Mar-2021,274.65,276.0,279.5,271.0,275.1,276.4,275.68,271267,74781542.95,6855.0,100772.0,37.15
PRESTIGE,EQ,16-Mar-2021,287.65,288.2,290.5,272.05,274.8,274.65,276.68,953315,263761478.05,14386.0,584748.0,61.34
PRESTIGE,EQ,15-Mar-2021,293.1,296.3,296.3,282.1,288.2,287.65,285.42,504351,143949605.2,6034.0,318162.0,63.08
PRESTIGE,EQ,12-Mar-2021,291.15,303.0,303.5,289.45,293.55,293.1,295.36,1529822,451848954.5,36290.0,1043709.0,68.22
PRESTIGE,EQ,10-Mar-2021,287.8,289.95,297.9,288.2,291.8,291.15,291.5,514187,149882963.2,7894.0,331409.0,64.45
PRESTIGE,EQ,09-Mar-2021,293.8,294.0,296.7,284.5,288.0,287.8,292.22,1011029,295446487.5,6218.0,746061.0,73.79
PRESTIGE,EQ,08-Mar-2021,295.35,296.9,304.5,292.1,293.7,293.8,298.5,835179,249298539.1,16435.0,248106.0,29.71
PRESTIGE,EQ,05-Mar-2021,299.55,298.1,302.25,292.35,297.3,295.35,297.89,268676,80037139.65,7655.0,122456.0,45.58
PRESTIGE,EQ,04-Mar-2021,301.25,300.05,306.5,297.4,299.85,299.55,302.14,735360,222178781.3,12232.0,312587.0,42.51
PRESTIGE,EQ,03-Mar-2021,302.85,305.75,308.0,298.5,302.5,301.25,304.07,894325,271941333.65,9529.0,625855.0,69.98
PRESTIGE,EQ,02-Mar-2021,303.35,305.8,309.95,298.1,303.25,302.85,304.38,1084361,330054599.2,18699.0,459747.0,42.4
PRESTIGE,EQ,01-Mar-2021,298.1,300.5,307.65,298.75,305.15,303.35,301.44,726733,219062774.35,7115.0,519089.0,71.43
PRESTIGE,EQ,26-Feb-2021,308.15,299.6,303.5,290.1,298.65,298.1,295.93,1444646,427520643.85,13778.0,1032946.0,71.5
PRESTIGE,EQ,25-Feb-2021,306.85,309.0,311.85,301.1,306.3,308.15,306.52,582885,178666005.3,11087.0,180175.0,30.91
PRESTIGE,EQ,24-Feb-2021,298.4,300.7,309.5,297.0,306.0,306.85,303.46,1253802,380473609.15,9464.0,970463.0,77.4
PRESTIGE,EQ,23-Feb-2021,282.05,284.9,307.9,283.95,298.8,298.4,300.18,1680365,504416563.85,28535.0,424794.0,25.28
PRESTIGE,EQ,22-Feb-2021,297.55,297.55,301.3,280.0,283.4,282.05,287.07,409442,117537927.55,8170.0,198948.0,48.59
PRESTIGE,EQ,19-Feb-2021,311.75,312.0,313.0,292.6,298.0,297.55,303.48,366284,111159374.85,8986.0,154045.0,42.06
PRESTIGE,EQ,18-Feb-2021,294.95,297.8,315.0,297.0,312.0,311.75,309.89,2011887,623456404.05,32739.0,842307.0,41.87
PRESTIGE,EQ,17-Feb-2021,284.9,289.95,299.7,285.6,295.5,294.95,292.94,570937,167251331.7,10662.0,269693.0,47.24
PRESTIGE,EQ,16-Feb-2021,291.1,291.1,293.7,283.2,285.75,284.9,286.85,421650,120950210.35,14645.0,150806.0,35.77
PRESTIGE,EQ,15-Feb-2021,286.3,289.75,293.0,285.0,291.05,291.1,290.25,580416,168464484.85,13733.0,369289.0,63.62
PRESTIGE,EQ,12-Feb-2021,286.75,286.0,287.0,280.5,286.9,286.3,284.6,330179,93969300.15,4394.0,152327.0,46.13
PRESTIGE,EQ,11-Feb-2021,291.7,293.7,293.7,285.0,287.0,286.75,287.9,490876,141321668.45,7042.0,369671.0,75.31
PRESTIGE,EQ,10-Feb-2021,282.65,284.0,293.5,280.5,290.55,291.7,289.22,762885,220641440.95,11443.0,300774.0,39.43
PRESTIGE,EQ,09-Feb-2021,283.3,286.0,290.5,281.55,282.7,282.65,286.8,478569,137251662.7,6090.0,273932.0,57.24
PRESTIGE,EQ,08-Feb-2021,281.1,282.4,288.0,280.05,283.05,283.3,282.0,230051,64873766.4,6247.0,136556.0,59.36
PRESTIGE,EQ,05-Feb-2021,282.7,285.4,286.25,278.0,280.65,281.1,281.58,456129,128435163.15,10760.0,257904.0,56.54
PRESTIGE,EQ,04-Feb-2021,290.25,290.85,291.25,282.0,283.0,282.7,287.13,738709,212106100.45,12031.0,475509.0,64.37
PRESTIGE,EQ,03-Feb-2021,284.25,287.9,293.9,282.6,290.75,290.25,290.67,441741,128401879.5,12733.0,205193.0,46.45
PRESTIGE,EQ,02-Feb-2021,278.8,283.8,286.8,278.0,286.8,284.25,281.59,391758,110316258.25,8820.0,247889.0,63.28
PRESTIGE,EQ,01-Feb-2021,267.5,269.0,282.6,268.95,278.75,278.8,277.81,823543,228789309.6,17674.0,393144.0,47.74
PRESTIGE,EQ,29-Jan-2021,269.2,271.0,273.5,266.0,268.0,267.5,269.03,527848,142004517.75,12880.0,363478.0,68.86
PRESTIGE,EQ,28-Jan-2021,280.7,278.05,279.8,267.0,270.0,269.2,270.24,478707,129368035.15,14396.0,270415.0,56.49
PRESTIGE,EQ,27-Jan-2021,278.7,280.0,283.0,275.5,282.5,280.7,279.55,301322,84233561.8,5992.0,160040.0,53.11
PRESTIGE,EQ,25-Jan-2021,276.15,280.0,281.95,273.0,276.95,278.7,277.44,149558,41493653.1,4742.0,61133.0,40.88
PRESTIGE,EQ,22-Jan-2021,280.25,281.4,282.65,271.5,276.0,276.15,276.09,232045,64065958.55,9708.0,107665.0,46.4
PRESTIGE,EQ,21-Jan-2021,290.5,292.0,292.95,278.2,280.5,280.25,285.41,514417,146819733.55,11626.0,308776.0,60.02
PRESTIGE,EQ,20-Jan-2021,286.05,287.0,292.0,285.0,290.1,290.5,288.75,272399,78654722.15,7742.0,171860.0,63.09
PRESTIGE,EQ,19-Jan-2021,278.35,281.15,294.35,281.1,286.0,286.05,288.8,433320,125144309.3,13093.0,127159.0,29.35
PRESTIGE,EQ,18-Jan-2021,289.15,287.0,288.8,274.5,278.0,278.35,278.95,536003,149516799.25,7860.0,385034.0,71.83
PRESTIGE,EQ,15-Jan-2021,294.6,294.6,296.8,287.0,290.1,289.15,291.2,277424,80785935.0,8165.0,162280.0,58.5
PRESTIGE,EQ,14-Jan-2021,295.35,293.1,297.75,292.2,294.8,294.6,294.96,239284,70579083.35,4799.0,112248.0,46.91
PRESTIGE,EQ,13-Jan-2021,296.55,298.8,304.8,288.2,294.2,295.35,298.04,978988,291777522.1,16388.0,296705.0,30.31
PRESTIGE,EQ,12-Jan-2021,290.95,290.0,305.1,286.15,297.15,296.55,297.35,1896975,564069438.7,26568.0,1017118.0,53.62
PRESTIGE,EQ,11-Jan-2021,286.65,293.5,293.5,284.05,289.0,290.95,289.88,671844,194751186.35,9201.0,314257.0,46.78
PRESTIGE,EQ,08-Jan-2021,282.6,285.45,290.2,280.6,284.5,286.65,286.33,2217568,634960380.25,13521.0,1737111.0,78.33
PRESTIGE,EQ,07-Jan-2021,280.9,285.95,288.2,281.2,282.6,282.6,284.73,503751,143434263.05,9563.0,223208.0,44.31
PRESTIGE,EQ,06-Jan-2021,275.3,276.8,286.0,275.3,281.05,280.9,281.65,1263689,355915814.2,16554.0,553872.0,43.83
PRESTIGE,EQ,05-Jan-2021,272.95,268.15,280.85,268.15,273.9,275.3,275.61,545219,150266944.85,8859.0,204454.0,37.5
PRESTIGE,EQ,04-Jan-2021,266.8,269.4,274.0,268.65,273.0,272.95,270.98,428897,116221591.55,6654.0,239851.0,55.92
PRESTIGE,EQ,01-Jan-2021,266.1,267.45,272.75,265.65,266.0,266.8,269.4,593761,159959888.75,11097.0,297222.0,50.06
PRESTIGE,EQ,31-Dec-2020,264.9,266.5,270.5,264.5,266.0,266.1,267.82,306042,81963038.85,7531.0,138825.0,45.36
PRESTIGE,EQ,30-Dec-2020,268.2,270.0,270.9,261.6,264.95,264.9,264.86,639926,169493888.4,26143.0,399254.0,62.39
PRESTIGE,EQ,29-Dec-2020,272.4,275.0,276.8,267.0,269.4,268.2,270.57,202067,54673756.75,6166.0,98410.0,48.7
PRESTIGE,EQ,28-Dec-2022,453.55,450.15,455.3,445.4,447.2,447.65,448.7,135963,61006694.75,6903.0,61478.0,45.22
PRESTIGE,EQ,27-Dec-2022,456.9,458.25,465.0,450.9,454.4,453.55,457.55,134581,61577356.0,6774.0,50068.0,37.20
PRESTIGE,EQ,26-Dec-2022,441.0,449.0,459.8,436.3,456.15,456.9,450.52,232362,104683538.7,8943.0,103356.0,44.48
PRESTIGE,EQ,23-Dec-2022,451.05,447.05,452.95,431.9,442.0,441.0,439.83,292846,128802150.95,10948.0,173677.0,59.31
PRESTIGE,EQ,22-Dec-2022,452.9,453.2,456.75,440.4,452.0,451.05,446.66,396383,177048921.65,9009.0,214375.0,54.08
PRESTIGE,EQ,21-Dec-2022,468.9,471.25,473.7,450.55,450.9,452.9,460.34,238093,109603396.85,10053.0,128511.0,53.98
PRESTIGE,EQ,20-Dec-2022,468.45,469.0,472.5,465.7,469.0,468.9,469.02,137492,64486679.15,8036.0,76380.0,55.55
PRESTIGE,EQ,19-Dec-2022,463.8,468.0,475.6,463.8,468.0,468.45,469.7,276822,130023582.55,17807.0,104011.0,37.57
PRESTIGE,EQ,16-Dec-2022,489.05,481.35,496.0,460.15,463.0,463.8,475.29,555056,263810049.3,16377.0,272134.0,49.03
PRESTIGE,EQ,15-Dec-2022,482.0,484.0,501.85,482.25,484.7,489.05,494.77,935560,462890412.95,22203.0,288964.0,30.89
PRESTIGE,EQ,14-Dec-2022,473.55,472.55,488.85,470.5,481.85,482.0,479.78,353350,169530770.7,11098.0,154025.0,43.59
PRESTIGE,EQ,13-Dec-2022,480.55,482.9,484.9,471.0,473.4,473.55,476.95,128780,61421076.45,4591.0,67071.0,52.08
PRESTIGE,EQ,12-Dec-2022,476.65,473.0,482.3,467.6,480.6,480.55,477.38,135578,64721817.1,10615.0,61278.0,45.20
PRESTIGE,EQ,09-Dec-2022,484.15,485.85,487.9,466.0,474.1,476.65,476.27,264582,126012059.3,10852.0,115388.0,43.61
PRESTIGE,EQ,08-Dec-2022,488.75,490.0,492.4,481.55,482.1,484.15,484.51,138007,66865286.6,5709.0,55944.0,40.54
PRESTIGE,EQ,07-Dec-2022,489.75,493.9,499.9,486.0,487.8,488.75,494.29,334908,165541472.6,12053.0,156584.0,46.75
PRESTIGE,EQ,06-Dec-2022,495.35,495.0,500.95,482.6,491.0,489.75,488.93,483181,236240547.85,8693.0,308256.0,63.80
PRESTIGE,EQ,05-Dec-2022,507.8,508.1,511.4,493.0,495.2,495.35,501.68,456122,228829133.75,13086.0,282655.0,61.97
PRESTIGE,EQ,02-Dec-2022,496.0,499.8,511.2,492.0,506.5,507.8,505.3,1144241,578187966.7,27002.0,400438.0,35.00
PRESTIGE,EQ,01-Dec-2022,474.7,474.65,500.0,474.5,495.9,496.0,488.8,1372678,670959820.4,35837.0,712774.0,51.93
PRESTIGE,EQ,30-Nov-2022,462.75,462.5,478.0,462.15,474.3,474.7,472.58,376247,177807278.95,11115.0,157043.0,41.74
PRESTIGE,EQ,29-Nov-2022,456.0,456.7,478.0,452.55,462.5,462.75,462.35,789611,365079797.55,16407.0,453266.0,57.40
PRESTIGE,EQ,28-Nov-2022,460.0,459.95,465.4,453.0,455.9,456.0,458.11,177459,81295334.5,7648.0,80855.0,45.56
PRESTIGE,EQ,25-Nov-2022,457.35,459.15,468.0,455.4,459.6,460.0,459.66,406765,186975406.45,5853.0,337223.0,82.90
PRESTIGE,EQ,24-Nov-2022,466.45,468.8,471.15,456.0,457.95,457.35,460.98,94341,43488872.4,4288.0,42848.0,45.42
PRESTIGE,EQ,23-Nov-2022,468.1,468.1,470.0,465.0,466.45,466.45,466.99,47990,22410787.15,2138.0,19482.0,40.60
PRESTIGE,EQ,22-Nov-2022,468.6,468.6,471.7,464.7,467.05,468.1,467.52,337907,157977338.5,2937.0,301617.0,89.26
PRESTIGE,EQ,21-Nov-2022,464.15,464.0,479.9,460.15,470.0,468.6,473.99,284819,135002119.05,9833.0,98117.0,34.45
PRESTIGE,EQ,18-Nov-2022,472.0,470.5,474.25,451.0,462.75,464.15,460.76,188333,86775739.35,7613.0,62298.0,33.08
PRESTIGE,EQ,17-Nov-2022,475.4,475.4,475.4,465.0,472.0,472.0,471.06,129801,61143963.15,5812.0,73460.0,56.59
PRESTIGE,EQ,16-Nov-2022,462.35,460.5,478.5,460.5,472.5,475.4,471.29,257287,121257497.4,7883.0,142525.0,55.40
PRESTIGE,EQ,15-Nov-2022,467.45,468.8,468.8,455.8,465.6,462.35,460.8,123649,56977573.4,6523.0,52154.0,42.18
PRESTIGE,EQ,14-Nov-2022,471.6,473.0,475.95,462.05,467.05,467.45,469.98,174926,82212321.3,6144.0,59281.0,33.89
PRESTIGE,EQ,11-Nov-2022,456.15,468.0,481.1,462.8,471.2,471.6,473.24,711456,336686512.5,14164.0,383435.0,53.89
PRESTIGE,EQ,10-Nov-2022,459.2,464.0,467.1,451.9,456.7,456.15,457.9,234784,107507988.45,9473.0,87344.0,37.20
PRESTIGE,EQ,09-Nov-2022,463.75,467.4,485.0,457.1,460.0,459.2,471.88,557032,262853952.7,17786.0,172031.0,30.88
PRESTIGE,EQ,07-Nov-2022,447.6,447.6,465.0,445.05,462.0,463.75,460.14,286990,132054292.15,12576.0,136733.0,47.64
PRESTIGE,EQ,04-Nov-2022,443.15,443.15,449.0,441.85,446.0,447.6,446.35,63607,28390854.45,3856.0,31859.0,50.09
PRESTIGE,EQ,03-Nov-2022,450.85,449.9,449.9,441.0,444.9,443.15,443.47,159527,70745153.25,5909.0,93836.0,58.82
PRESTIGE,EQ,02-Nov-2022,443.65,443.65,452.1,443.2,450.0,450.85,449.2,142355,63946035.0,6041.0,65753.0,46.19
PRESTIGE,EQ,01-Nov-2022,442.0,443.8,445.0,434.05,443.95,443.65,440.78,156818,69121946.4,8887.0,78137.0,49.83
PRESTIGE,EQ,31-Oct-2022,443.55,445.0,447.7,440.2,442.55,442.0,442.66,81235,35959540.15,3882.0,43006.0,52.94
PRESTIGE,EQ,28-Oct-2022,449.9,449.9,453.05,442.1,444.0,443.55,445.89,128971,57507086.9,2764.0,86069.0,66.74
PRESTIGE,EQ,27-Oct-2022,441.35,446.0,454.7,442.1,448.15,449.9,449.75,166289,74789235.0,8553.0,72890.0,43.83
PRESTIGE,EQ,25-Oct-2022,445.6,445.0,446.35,438.5,442.0,441.35,442.23,165277,73089977.05,4958.0,107358.0,64.96
PRESTIGE,EQ,24-Oct-2022,443.3,446.0,450.0,440.55,445.1,445.6,444.95,30121,13402314.9,1737.0,16171.0,53.69
PRESTIGE,EQ,21-Oct-2022,439.7,441.0,447.8,440.95,444.0,443.3,444.03,134281,59624765.8,6375.0,52250.0,38.91
PRESTIGE,EQ,20-Oct-2022,445.85,441.0,446.4,431.9,441.0,439.7,441.08,139636,61591026.55,5410.0,64536.0,46.22
PRESTIGE,EQ,19-Oct-2022,433.55,441.0,450.85,438.3,445.5,445.85,445.99,1120533,499742609.5,19416.0,545475.0,48.68
PRESTIGE,EQ,18-Oct-2022,433.05,435.3,440.0,431.85,432.1,433.55,433.32,370493,160542598.1,5244.0,299358.0,80.80
PRESTIGE,EQ,17-Oct-2022,437.85,437.45,437.45,425.15,435.0,433.05,430.99,138555,59716371.35,7455.0,40611.0,29.31
PRESTIGE,EQ,14-Oct-2022,439.75,443.1,447.45,435.5,436.4,437.85,440.96,91289,40254724.8,4855.0,29786.0,32.63
PRESTIGE,EQ,13-Oct-2022,434.0,434.9,442.4,431.6,438.0,439.75,435.14,514067,223692227.85,5419.0,434705.0,84.56
PRESTIGE,EQ,12-Oct-2022,438.65,438.65,440.15,427.45,434.0,434.0,432.88,573361,248196542.45,16518.0,370838.0,64.68
PRESTIGE,EQ,11-Oct-2022,454.5,456.7,456.7,435.15,440.3,438.65,444.21,1037453,460845052.55,8690.0,880506.0,84.87
PRESTIGE,EQ,10-Oct-2022,467.6,465.0,465.0,449.3,454.4,454.5,458.36,972663,445831792.8,10592.0,802632.0,82.52
PRESTIGE,EQ,07-Oct-2022,470.3,471.35,471.35,465.0,466.95,467.6,467.73,220094,102944629.05,3522.0,170543.0,77.49
PRESTIGE,EQ,06-Oct-2022,464.3,470.0,475.8,468.2,471.35,470.3,470.95,533825,251406841.55,8338.0,374126.0,70.08
PRESTIGE,EQ,04-Oct-2022,455.9,459.0,466.0,459.0,465.3,464.3,462.83,174580,80800486.05,5735.0,103761.0,59.43
PRESTIGE,EQ,03-Oct-2022,449.8,453.9,460.5,445.2,456.1,455.9,454.63,559573,254401172.5,11639.0,294168.0,52.57
PRESTIGE,EQ,30-Sep-2022,448.8,442.0,456.75,439.35,449.55,449.8,449.38,189810,85296986.9,8854.0,77952.0,41.07
PRESTIGE,EQ,29-Sep-2022,430.35,434.0,451.85,434.0,447.1,448.8,445.18,575372,256143731.0,13543.0,372170.0,64.68
PRESTIGE,EQ,28-Sep-2022,432.15,428.7,437.5,425.0,427.95,430.35,432.18,349792,151173166.45,8631.0,240587.0,68.78
PRESTIGE,EQ,27-Sep-2022,432.85,430.8,443.6,425.0,434.0,432.15,433.31,386954,167670734.3,14813.0,214222.0,55.36
PRESTIGE,EQ,26-Sep-2022,434.3,429.7,449.9,417.6,431.6,432.85,429.96,1129088,485465493.55,14040.0,882535.0,78.16
PRESTIGE,EQ,23-Sep-2022,449.85,449.85,452.0,433.05,436.1,434.3,442.23,349551,154580792.95,9109.0,227187.0,64.99
PRESTIGE,EQ,22-Sep-2022,459.25,459.25,459.25,446.15,450.5,449.85,451.31,233150,105222195.75,8358.0,101518.0,43.54
PRESTIGE,EQ,21-Sep-2022,460.85,460.85,469.7,456.75,459.8,459.25,461.05,384180,177126024.95,16551.0,226982.0,59.08
PRESTIGE,EQ,20-Sep-2022,459.3,464.9,468.75,458.05,462.45,460.85,462.89,181846,84175126.6,5246.0,79167.0,43.54
PRESTIGE,EQ,19-Sep-2022,457.9,462.5,462.8,448.2,460.25,459.3,456.43,368216,168063351.35,11642.0,185298.0,50.32
PRESTIGE,EQ,16-Sep-2022,471.4,466.0,477.0,454.0,465.0,457.9,465.27,1010650,470224933.3,23577.0,655041.0,64.81
PRESTIGE,EQ,15-Sep-2022,483.25,485.0,498.45,468.0,471.25,471.4,481.85,755461,364018928.95,21423.0,364387.0,48.23
PRESTIGE,EQ,14-Sep-2022,486.5,478.65,485.7,478.0,484.5,483.25,482.89,392011,189298203.9,11926.0,238741.0,60.90
PRESTIGE,EQ,13-Sep-2022,479.15,483.9,488.8,481.75,487.0,486.5,486.14,382669,186029479.5,8968.0,198497.0,51.87
PRESTIGE,EQ,12-Sep-2022,474.2,478.4,482.95,471.0,479.0,479.15,477.57,468837,223904450.0,7645.0,224796.0,47.95
PRESTIGE,EQ,09-Sep-2022,471.55,474.15,479.0,469.8,474.05,474.2,474.65,275854,130935220.4,8511.0,85754.0,31.09
PRESTIGE,EQ,08-Sep-2022,478.75,482.9,485.5,468.5,471.5,471.55,475.75,309880,147426379.4,10681.0,156375.0,50.46
PRESTIGE,EQ,07-Sep-2022,483.7,483.5,487.95,467.15,479.75,478.75,477.23,475860,227094637.15,13102.0,194093.0,40.79
PRESTIGE,EQ,06-Sep-2022,490.15,490.15,493.8,480.65,482.5,483.7,486.13,250104,121583806.1,7680.0,99718.0,39.87
PRESTIGE,EQ,05-Sep-2022,480.6,483.6,491.5,481.05,490.1,490.15,486.34,524949,255303621.15,18057.0,286021.0,54.49
PRESTIGE,EQ,02-Sep-2022,470.55,471.4,486.0,466.6,478.35,480.6,479.2,940570,450722380.65,24528.0,370765.0,39.42
PRESTIGE,EQ,01-Sep-2022,457.4,455.1,494.0,455.1,469.1,470.55,477.88,2298758,1098527422.75,48172.0,605983.0,26.36
PRESTIGE,EQ,30-Aug-2022,453.8,457.9,462.35,450.85,458.85,457.4,457.13,387139,176972954.6,16628.0,181687.0,46.93
PRESTIGE,EQ,29-Aug-2022,463.85,454.9,459.4,448.85,454.0,453.8,455.14,161976,73721316.45,8250.0,76924.0,47.49
PRESTIGE,EQ,26-Aug-2022,470.7,473.5,475.35,461.6,464.9,463.85,470.08,158141,74338719.15,6843.0,55529.0,35.11
PRESTIGE,EQ,25-Aug-2022,460.45,462.0,474.8,461.55,470.4,470.7,470.05,458822,215671524.1,14103.0,175064.0,38.16
PRESTIGE,EQ,24-Aug-2022,455.7,455.7,467.7,455.7,459.7,460.45,462.77,255757,118357029.45,9152.0,79112.0,30.93
PRESTIGE,EQ,23-Aug-2022,444.95,440.0,456.9,440.0,455.05,455.7,451.94,234596,106023713.4,12267.0,116504.0,49.66
PRESTIGE,EQ,22-Aug-2022,455.05,450.1,453.7,442.5,445.0,444.95,448.92,552209,247898240.3,11705.0,339424.0,61.47
PRESTIGE,EQ,19-Aug-2022,462.8,462.5,469.0,451.7,453.9,455.05,461.0,386143,178011616.4,14347.0,187636.0,48.59
PRESTIGE,EQ,18-Aug-2022,455.35,455.95,468.0,447.5,461.7,462.8,456.98,544090,248640966.5,15062.0,266324.0,48.95
PRESTIGE,EQ,17-Aug-2022,466.85,467.0,469.85,453.3,454.5,455.35,460.21,316884,145831879.35,12345.0,98691.0,31.14
PRESTIGE,EQ,16-Aug-2022,464.45,463.0,469.15,460.3,467.85,466.85,465.57,243639,113430586.65,10490.0,119584.0,49.08
PRESTIGE,EQ,12-Aug-2022,457.2,457.2,474.0,457.2,463.0,464.45,468.44,1023591,479487685.85,25443.0,565686.0,55.26
PRESTIGE,EQ,11-Aug-2022,435.55,444.0,459.9,440.4,456.1,457.2,454.71,1702579,774171866.1,26046.0,1098222.0,64.50
PRESTIGE,EQ,10-Aug-2022,431.25,424.0,438.7,424.0,437.2,435.55,434.88,366605,159427598.65,12763.0,150780.0,41.13
PRESTIGE,EQ,08-Aug-2022,432.25,434.0,438.0,428.05,432.0,431.25,433.09,195695,84754265.6,6137.0,80614.0,41.19
PRESTIGE,EQ,05-Aug-2022,429.5,431.9,436.4,428.35,432.0,432.25,432.58,175366,75859892.35,9123.0,64444.0,36.75
PRESTIGE,EQ,04-Aug-2022,425.0,427.0,431.5,423.0,431.0,429.5,428.7,214170,91815024.9,9348.0,74613.0,34.84
PRESTIGE,EQ,03-Aug-2022,427.8,426.0,434.8,422.35,423.0,425.0,427.86,476242,203763869.45,26423.0,221074.0,46.42
PRESTIGE,EQ,02-Aug-2022,437.25,433.0,436.7,420.2,428.5,427.8,429.3,385842,165641573.8,14020.0,152425.0,39.50
PRESTIGE,EQ,01-Aug-2022,413.65,415.0,451.9,413.05,435.8,437.25,437.64,1100924,481808616.35,31206.0,345435.0,31.38
PRESTIGE,EQ,29-Jul-2022,418.45,419.5,427.7,412.0,412.4,413.65,418.75,309365,129547280.35,14327.0,172022.0,55.60
PRESTIGE,EQ,28-Jul-2022,424.55,427.7,429.5,415.4,420.7,418.45,422.39,341053,144059028.2,13395.0,180238.0,52.85
PRESTIGE,EQ,27-Jul-2022,427.95,427.4,433.5,420.0,423.9,424.55,426.48,291268,124219161.1,9661.0,141412.0,48.55
PRESTIGE,EQ,26-Jul-2022,446.4,446.4,447.7,422.65,426.95,427.95,434.21,238381,103507750.1,10446.0,123059.0,51.62
PRESTIGE,EQ,25-Jul-2022,445.7,446.95,450.3,441.15,446.2,446.4,445.93,220324,98248589.75,6598.0,102828.0,46.67
PRESTIGE,EQ,22-Jul-2022,459.05,461.3,462.6,441.75,444.1,445.7,451.51,285801,129042496.75,9109.0,128846.0,45.08
PRESTIGE,EQ,21-Jul-2022,455.7,457.0,462.8,454.15,462.2,459.05,457.62,264504,121042282.95,7915.0,115174.0,43.54
PRESTIGE,EQ,20-Jul-2022,463.35,463.45,465.45,451.3,455.0,455.7,455.53,471361,214717195.8,10548.0,220180.0,46.71
PRESTIGE,EQ,19-Jul-2022,442.9,442.7,478.0,438.35,462.0,463.35,459.73,1140556,524345413.65,25560.0,465132.0,40.78
PRESTIGE,EQ,18-Jul-2022,429.3,430.9,447.0,427.6,441.7,442.9,436.5,555159,242325876.65,15285.0,177556.0,31.98
PRESTIGE,EQ,15-Jul-2022,436.25,433.15,438.7,426.7,427.1,429.3,434.32,354914,154146146.7,6951.0,251976.0,71.00
PRESTIGE,EQ,14-Jul-2022,437.75,437.0,439.85,430.25,438.4,436.25,434.86,697508,303320752.3,7425.0,564192.0,80.89
PRESTIGE,EQ,13-Jul-2022,432.15,435.4,438.8,417.65,435.0,437.75,432.98,412614,178654766.9,12376.0,194546.0,47.15
PRESTIGE,EQ,12-Jul-2022,430.0,429.8,437.95,423.65,432.0,432.15,431.41,259940,112140545.5,8871.0,104581.0,40.23
PRESTIGE,EQ,11-Jul-2022,425.0,420.0,431.65,418.65,428.5,430.0,427.5,181606,77637397.4,5966.0,75067.0,41.34
PRESTIGE,EQ,08-Jul-2022,424.05,427.2,427.3,417.2,425.05,425.0,423.94,258437,109560812.8,8674.0,115290.0,44.61
PRESTIGE,EQ,07-Jul-2022,409.9,416.0,428.0,410.0,422.0,424.05,416.69,572216,238436447.2,15234.0,387979.0,67.80
PRESTIGE,EQ,06-Jul-2022,401.1,399.65,410.9,395.85,410.0,409.9,404.21,499425,201873243.85,16505.0,326782.0,65.43
PRESTIGE,EQ,05-Jul-2022,394.75,394.0,402.85,387.65,400.0,401.1,397.79,458089,182223237.65,10691.0,280487.0,61.23
PRESTIGE,EQ,04-Jul-2022,387.9,389.0,396.85,385.05,395.0,394.75,392.9,346765,136242276.75,10573.0,198045.0,57.11
PRESTIGE,EQ,01-Jul-2022,387.15,385.0,391.75,381.1,387.4,387.9,386.09,209983,81071436.6,9262.0,57253.0,27.27
PRESTIGE,EQ,30-Jun-2022,398.75,398.0,401.0,385.0,386.0,387.15,390.43,224878,87798006.7,8240.0,93379.0,41.52
PRESTIGE,EQ,29-Jun-2022,401.9,399.25,402.6,393.2,395.15,398.75,398.66,389139,155132246.3,9371.0,253036.0,65.02
PRESTIGE,EQ,28-Jun-2022,398.05,398.45,405.15,397.05,401.1,401.9,400.87,616959,247319820.2,13478.0,413276.0,66.99
PRESTIGE,EQ,27-Jun-2022,390.05,392.7,401.0,391.0,400.5,398.05,395.66,523978,207317254.25,12069.0,324967.0,62.02
PRESTIGE,EQ,24-Jun-2022,397.4,402.0,402.0,386.6,389.0,390.05,393.69,598774,235730245.1,39834.0,302204.0,50.47
PRESTIGE,EQ,23-Jun-2022,394.1,394.55,401.65,391.0,396.05,397.4,397.58,439913,174899590.45,9401.0,222730.0,50.63
PRESTIGE,EQ,22-Jun-2022,403.65,404.1,404.1,386.0,391.4,394.1,395.42,596986,236059356.1,16589.0,299012.0,50.09
PRESTIGE,EQ,21-Jun-2022,386.35,387.0,407.0,387.0,404.1,403.65,399.14,289108,115393419.15,10059.0,119827.0,41.45
PRESTIGE,EQ,20-Jun-2022,410.85,412.5,415.75,379.0,385.0,386.35,393.87,592228,233259346.85,22757.0,309876.0,52.32
PRESTIGE,EQ,17-Jun-2022,406.6,404.0,412.95,386.1,412.6,410.85,397.04,1340229,532119382.7,16872.0,931692.0,69.52
PRESTIGE,EQ,16-Jun-2022,420.05,423.1,423.1,402.95,405.45,406.6,408.54,472270,192943281.7,21469.0,316616.0,67.04
PRESTIGE,EQ,15-Jun-2022,408.95,414.0,429.9,408.85,423.0,420.05,416.0,231596,96344423.0,9320.0,96346.0,41.60
PRESTIGE,EQ,14-Jun-2022,410.0,403.35,420.0,402.05,410.7,408.95,409.37,414364,169629200.65,8711.0,263074.0,63.49
PRESTIGE,EQ,13-Jun-2022,419.15,401.7,422.0,401.7,410.6,410.0,409.24,243255,99550733.25,7536.0,141187.0,58.04
PRESTIGE,EQ,10-Jun-2022,420.55,417.7,422.3,416.25,419.0,419.15,418.98,103165,43224077.1,4593.0,49021.0,47.52
PRESTIGE,EQ,09-Jun-2022,420.05,420.35,422.4,415.0,420.5,420.55,417.76,239468,100041195.35,4207.0,136722.0,57.09
PRESTIGE,EQ,08-Jun-2022,425.3,429.5,432.0,417.5,417.7,420.05,425.02,289524,123053538.6,13016.0,100799.0,34.82
PRESTIGE,EQ,07-Jun-2022,436.6,434.8,436.55,423.5,425.0,425.3,428.98,118941,51022861.15,4294.0,47041.0,39.55
PRESTIGE,EQ,06-Jun-2022,439.05,440.4,441.25,424.95,435.45,436.6,432.74,279952,121145381.05,13210.0,123355.0,44.06
PRESTIGE,EQ,03-Jun-2022,444.65,447.7,454.1,434.6,438.6,439.05,446.35,708170,316090253.25,15697.0,520693.0,73.53
PRESTIGE,EQ,02-Jun-2022,446.75,442.1,450.0,437.15,445.0,444.65,440.21,811143,357075229.3,17833.0,611909.0,75.44
PRESTIGE,EQ,01-Jun-2022,429.15,431.25,452.0,431.0,445.0,446.75,444.53,932537,414541362.25,27355.0,379988.0,40.75
PRESTIGE,EQ,31-May-2022,413.7,416.95,441.0,416.1,429.95,429.15,431.22,1767282,762087796.35,28713.0,919516.0,52.03
PRESTIGE,EQ,30-May-2022,413.95,419.95,424.4,411.3,414.45,413.7,415.55,1009185,419371854.85,15588.0,716995.0,71.05
PRESTIGE,EQ,27-May-2022,429.9,420.0,435.0,410.0,415.0,413.95,421.33,293044,123467692.95,8950.0,103062.0,35.17
PRESTIGE,EQ,26-May-2022,430.45,430.0,435.0,398.05,433.9,429.9,414.84,522945,216936642.9,21348.0,224805.0,42.99
PRESTIGE,EQ,25-May-2022,432.7,433.5,438.85,422.35,430.2,430.45,430.17,388248,167013394.95,9424.0,218566.0,56.30
PRESTIGE,EQ,24-May-2022,437.95,433.8,436.0,426.9,436.0,432.7,431.0,280807,121027651.25,7344.0,175173.0,62.38
PRESTIGE,EQ,23-May-2022,441.85,444.0,459.0,427.55,432.75,437.95,447.47,448224,200565564.15,9385.0,243237.0,54.27
PRESTIGE,EQ,20-May-2022,417.75,424.25,444.4,422.5,442.5,441.85,435.18,327328,142446237.95,8648.0,122009.0,37.27
PRESTIGE,EQ,19-May-2022,426.55,419.85,431.2,414.1,417.5,417.75,421.96,308746,130278271.3,8170.0,129634.0,41.99
PRESTIGE,EQ,18-May-2022,447.55,441.1,448.4,423.85,427.8,426.55,433.76,396522,171994740.95,16092.0,204405.0,51.55
PRESTIGE,EQ,17-May-2022,438.3,436.8,450.0,433.5,446.35,447.55,441.29,372255,164272538.3,10462.0,191878.0,51.54
PRESTIGE,EQ,16-May-2022,440.55,441.15,459.15,433.5,435.0,438.3,444.65,354645,157691294.75,21568.0,152393.0,42.97
PRESTIGE,EQ,13-May-2022,431.8,433.05,448.5,430.4,442.6,440.55,438.94,838285,367956238.8,23291.0,597197.0,71.24
PRESTIGE,EQ,12-May-2022,430.4,429.0,439.0,413.6,430.5,431.8,423.97,348152,147607214.1,12619.0,195968.0,56.29
PRESTIGE,EQ,11-May-2022,441.3,434.0,439.45,413.4,432.15,430.4,426.07,932890,397478683.2,19228.0,572046.0,61.32
PRESTIGE,EQ,10-May-2022,446.6,445.0,451.05,436.0,441.0,441.3,441.65,356483,157440510.3,13091.0,175887.0,49.34
PRESTIGE,EQ,09-May-2022,457.7,454.0,455.9,440.55,445.8,446.6,449.88,652499,293548218.9,16372.0,441444.0,67.65
PRESTIGE,EQ,06-May-2022,477.15,468.0,468.0,454.25,457.45,457.7,458.38,541754,248326870.6,25279.0,284830.0,52.58
PRESTIGE,EQ,05-May-2022,478.0,479.2,483.0,471.25,473.0,477.15,478.41,464897,222412367.15,13772.0,288115.0,61.97
PRESTIGE,EQ,04-May-2022,479.35,479.8,483.0,469.0,477.0,478.0,478.34,411467,196822674.45,9459.0,233605.0,56.77
PRESTIGE,EQ,02-May-2022,474.65,473.8,481.75,464.3,475.5,479.35,472.57,325126,153645366.45,8081.0,147867.0,45.48
PRESTIGE,EQ,29-Apr-2022,474.55,475.9,487.9,465.5,475.0,474.65,478.32,1309004,626120691.6,20726.0,932564.0,71.24
PRESTIGE,EQ,28-Apr-2022,477.6,477.6,479.6,469.05,475.45,474.55,473.72,747847,354266825.3,24127.0,549280.0,73.45
PRESTIGE,EQ,27-Apr-2022,479.05,475.3,481.75,473.55,476.0,477.6,477.12,218234,104124384.9,6305.0,87679.0,40.18
PRESTIGE,EQ,26-Apr-2022,479.45,482.0,487.35,473.5,480.0,479.05,478.88,1142907,547311853.3,35654.0,590105.0,51.63
PRESTIGE,EQ,25-Apr-2022,487.65,481.0,484.0,473.6,477.5,479.45,478.06,646118,308884183.05,17003.0,354993.0,54.94
PRESTIGE,EQ,22-Apr-2022,495.55,491.25,492.75,485.0,488.5,487.65,488.94,491849,240484992.65,8734.0,304402.0,61.89
PRESTIGE,EQ,21-Apr-2022,495.6,501.7,502.6,489.25,497.0,495.55,493.8,555377,274245938.9,13477.0,326321.0,58.76
PRESTIGE,EQ,20-Apr-2022,488.15,494.5,502.0,483.45,501.0,495.6,490.93,675398,331570916.95,14512.0,344684.0,51.03
PRESTIGE,EQ,19-Apr-2022,479.05,483.0,502.7,481.2,492.4,488.15,493.83,1106080,546220114.6,19997.0,441269.0,39.89
PRESTIGE,EQ,18-Apr-2022,483.85,483.0,483.0,473.3,478.95,479.05,478.22,314143,150229089.15,9070.0,114114.0,36.33
PRESTIGE,EQ,13-Apr-2022,490.0,495.6,497.5,481.3,483.0,483.85,490.62,2846879,1396730697.75,21038.0,1764513.0,61.98
PRESTIGE,EQ,12-Apr-2022,501.6,504.65,508.2,478.05,492.0,490.0,486.97,1116450,543677600.15,16103.0,557646.0,49.95
PRESTIGE,EQ,11-Apr-2022,516.4,516.4,526.45,494.9,503.95,501.6,511.73,805159,412020414.95,17482.0,287544.0,35.71
PRESTIGE,EQ,08-Apr-2022,485.6,489.95,519.0,488.9,515.1,516.4,506.5,1410536,714438859.25,30371.0,665192.0,47.16
PRESTIGE,EQ,07-Apr-2022,488.85,493.0,502.0,482.2,485.1,485.6,493.38,712710,351640047.95,19486.0,351493.0,49.32
PRESTIGE,EQ,06-Apr-2022,498.25,498.8,504.5,485.9,489.85,488.85,494.12,791705,391196388.7,15638.0,308615.0,38.98
PRESTIGE,EQ,05-Apr-2022,503.45,504.65,511.15,496.15,499.0,498.25,501.04,431683,216290486.2,20889.0,140334.0,32.51
PRESTIGE,EQ,04-Apr-2022,505.0,505.6,506.65,495.9,502.0,503.45,500.6,539653,270152086.85,23408.0,157415.0,29.17
PRESTIGE,EQ,01-Apr-2022,493.8,492.0,511.85,488.5,504.2,505.0,503.14,651994,328042241.15,15915.0,242693.0,37.22
PRESTIGE,EQ,31-Mar-2022,481.35,478.1,499.35,478.1,490.6,493.8,488.05,453002,221085811.35,12789.0,139969.0,30.90
PRESTIGE,EQ,30-Mar-2022,492.85,501.0,504.95,475.55,479.0,481.35,491.78,1167658,574236273.8,18303.0,892742.0,76.46
PRESTIGE,EQ,29-Mar-2022,490.45,490.45,496.0,483.35,494.5,492.85,490.85,472508,231931807.5,16440.0,168987.0,35.76
PRESTIGE,EQ,28-Mar-2022,475.25,480.0,499.5,467.6,492.0,490.45,486.49,1157834,563275821.85,36184.0,450364.0,38.90
PRESTIGE,EQ,25-Mar-2022,461.55,465.5,477.8,465.0,472.9,475.25,472.91,512120,242188490.1,15177.0,234698.0,45.83
PRESTIGE,EQ,24-Mar-2022,463.5,463.8,479.9,456.9,462.5,461.55,467.74,458066,214254641.8,15936.0,198366.0,43.31
PRESTIGE,EQ,23-Mar-2022,470.3,472.95,481.9,461.1,462.0,463.5,470.71,291275,137107401.35,9904.0,126053.0,43.28
PRESTIGE,EQ,22-Mar-2022,474.8,471.0,477.2,460.6,469.0,470.3,468.35,321879,150752503.0,9276.0,146380.0,45.48
PRESTIGE,EQ,21-Mar-2022,483.2,490.0,490.0,471.35,474.7,474.8,475.48,416564,198067801.25,17688.0,158762.0,38.11
PRESTIGE,EQ,17-Mar-2022,459.8,463.95,486.0,463.0,482.0,483.2,473.95,1421968,673945835.95,26746.0,708581.0,49.83
PRESTIGE,EQ,16-Mar-2022,436.25,441.5,465.95,440.05,459.0,459.8,452.93,937986,424842946.2,26120.0,492075.0,52.46
PRESTIGE,EQ,15-Mar-2022,422.35,424.85,444.5,424.85,434.5,436.25,438.0,633800,277602317.75,23332.0,217194.0,34.27
PRESTIGE,EQ,14-Mar-2022,430.85,432.9,438.5,418.9,420.25,422.35,422.89,758321,320684415.5,10638.0,498152.0,65.69
PRESTIGE,EQ,11-Mar-2022,432.85,434.8,436.45,424.75,433.0,430.85,431.71,346453,149567819.05,11721.0,203351.0,58.70
PRESTIGE,EQ,10-Mar-2022,423.2,430.0,447.95,430.0,433.75,432.85,441.02,618401,272730233.3,16909.0,257260.0,41.60
PRESTIGE,EQ,09-Mar-2022,409.5,413.1,432.0,407.6,422.8,423.2,417.51,447485,186829184.8,12192.0,165683.0,37.03
PRESTIGE,EQ,08-Mar-2022,405.8,406.5,420.0,389.0,410.15,409.5,402.52,800731,322306582.65,25798.0,300196.0,37.49
PRESTIGE,EQ,07-Mar-2022,433.35,426.0,426.15,401.15,406.05,405.8,407.33,777113,316542383.05,23642.0,482404.0,62.08
PRESTIGE,EQ,04-Mar-2022,438.15,435.0,442.45,427.5,430.95,433.35,433.78,768102,333190778.85,15391.0,523680.0,68.18
PRESTIGE,EQ,03-Mar-2022,442.75,445.55,451.05,435.35,437.95,438.15,441.78,342451,151287879.3,9392.0,191175.0,55.83
PRESTIGE,EQ,02-Mar-2022,453.7,441.0,456.7,440.15,442.35,442.75,446.55,208897,93283035.5,9980.0,96088.0,46.00
PRESTIGE,EQ,28-Feb-2022,440.55,435.0,457.45,430.5,452.45,453.7,446.02,853386,380623544.1,15424.0,558091.0,65.40
PRESTIGE,EQ,25-Feb-2022,433.45,438.5,450.35,438.5,440.0,440.55,444.7,741923,329929575.25,12817.0,475633.0,64.11
PRESTIGE,EQ,24-Feb-2022,450.25,432.65,444.1,428.0,430.55,433.45,436.1,1687387,735869666.4,25102.0,1158164.0,68.64
PRESTIGE,EQ,23-Feb-2022,429.4,437.45,459.6,435.0,449.0,450.25,451.2,1192777,538175802.8,33064.0,464054.0,38.91
PRESTIGE,EQ,22-Feb-2022,446.35,435.0,446.35,425.75,429.4,429.4,435.35,726924,316465869.35,37814.0,353979.0,48.70
PRESTIGE,EQ,21-Feb-2022,445.5,445.5,451.8,438.95,445.7,446.35,444.97,801460,356623653.2,40375.0,363675.0,45.38
PRESTIGE,EQ,18-Feb-2022,445.75,444.45,455.4,444.05,445.45,445.5,448.91,386680,173584657.75,11483.0,162456.0,42.01
PRESTIGE,EQ,17-Feb-2022,443.15,446.0,457.0,442.55,444.45,445.75,449.99,576086,259231761.1,24516.0,216188.0,37.53
PRESTIGE,EQ,16-Feb-2022,439.8,445.0,453.0,439.5,442.3,443.15,443.82,554731,246198112.0,17319.0,288861.0,52.07
PRESTIGE,EQ,15-Feb-2022,436.95,436.95,444.7,427.5,439.0,439.8,435.23,529844,230603231.4,20983.0,226901.0,42.82
PRESTIGE,EQ,14-Feb-2022,454.1,444.55,450.0,432.3,433.8,436.95,440.49,609391,268428273.25,27814.0,340211.0,55.83
PRESTIGE,EQ,11-Feb-2022,460.95,457.0,462.95,450.0,451.9,454.1,458.71,496072,227551236.1,12257.0,348507.0,70.25
PRESTIGE,EQ,10-Feb-2022,463.2,464.95,467.5,455.05,461.0,460.95,461.91,406057,187562099.15,15056.0,181951.0,44.81
PRESTIGE,EQ,09-Feb-2022,459.55,463.0,465.85,458.0,465.0,463.2,461.71,252056,116376824.0,18245.0,117055.0,46.44
PRESTIGE,EQ,08-Feb-2022,458.25,458.0,466.65,455.5,458.75,459.55,461.71,490462,226450009.25,12474.0,226409.0,46.16
PRESTIGE,EQ,07-Feb-2022,469.95,467.0,473.85,453.35,456.9,458.25,463.43,683285,316652721.75,15271.0,407123.0,59.58
PRESTIGE,EQ,04-Feb-2022,491.15,492.5,493.8,467.3,469.25,469.95,478.34,589399,281933263.85,22534.0,253875.0,43.07
PRESTIGE,EQ,03-Feb-2022,491.7,493.8,498.0,483.55,490.0,491.15,490.64,391341,192006594.45,11928.0,104346.0,26.66
PRESTIGE,EQ,02-Feb-2022,484.3,488.95,494.8,487.0,492.0,491.7,492.2,475691,234136378.55,11569.0,226928.0,47.70
PRESTIGE,EQ,01-Feb-2022,488.3,492.0,501.75,479.0,486.3,484.3,491.67,984060,483829526.2,26677.0,318848.0,32.40
PRESTIGE,EQ,31-Jan-2022,478.7,483.45,497.45,480.05,487.05,488.3,489.75,646257,316506875.8,16677.0,257558.0,39.85
PRESTIGE,EQ,28-Jan-2022,491.95,496.85,499.45,472.0,476.5,478.7,488.93,643136,314445314.65,20064.0,197125.0,30.65
PRESTIGE,EQ,27-Jan-2022,500.35,488.0,496.9,478.15,492.0,491.95,486.94,921118,448529937.15,33392.0,336566.0,36.54
PRESTIGE,EQ,25-Jan-2022,480.75,470.0,505.45,469.35,498.55,500.35,489.58,1279187,626262279.1,40443.0,427303.0,33.40
PRESTIGE,EQ,24-Jan-2022,504.7,503.0,504.5,451.45,478.05,480.75,476.82,1935645,922945427.5,55826.0,863782.0,44.63
PRESTIGE,EQ,21-Jan-2022,514.2,507.2,515.25,498.8,505.4,504.7,506.0,1236234,625538134.0,25679.0,490317.0,39.66
PRESTIGE,EQ,20-Jan-2022,517.8,521.5,533.7,510.0,512.9,514.2,520.41,1255610,653436553.4,27378.0,381651.0,30.40
PRESTIGE,EQ,19-Jan-2022,526.65,528.0,528.0,505.1,523.3,517.8,515.64,2255323,1162924043.05,57874.0,1013625.0,44.94
PRESTIGE,EQ,18-Jan-2022,512.45,537.1,554.9,522.0,530.05,526.65,539.97,4939545,2667197593.0,129976.0,1212828.0,24.55
PRESTIGE,EQ,17-Jan-2022,504.45,504.5,530.2,504.5,511.5,512.45,519.03,2699621,1401175473.75,49271.0,941090.0,34.86
PRESTIGE,EQ,14-Jan-2022,491.4,489.6,510.0,479.0,504.5,504.45,498.38,3965540,1976331257.95,60627.0,1728359.0,43.58
PRESTIGE,EQ,13-Jan-2022,471.15,474.6,495.0,467.0,486.2,491.4,481.57,1524993,734395641.35,30176.0,587941.0,38.55
PRESTIGE,EQ,12-Jan-2022,461.7,467.55,501.65,466.95,468.2,471.15,483.42,4424048,2138694777.55,90411.0,1418901.0,32.07
PRESTIGE,EQ,11-Jan-2022,464.75,466.95,479.1,455.3,461.75,461.7,469.78,1351549,634933438.5,32266.0,683769.0,50.59
PRESTIGE,EQ,10-Jan-2022,462.45,467.0,474.2,461.5,464.0,464.75,466.95,606162,283047350.8,11060.0,317396.0,52.36
PRESTIGE,EQ,07-Jan-2022,463.95,467.5,472.7,460.3,461.45,462.45,465.52,341095,158786020.7,10116.0,85944.0,25.20
PRESTIGE,EQ,06-Jan-2022,470.95,469.0,473.95,460.2,462.95,463.95,465.57,344516,160396635.35,10161.0,95365.0,27.68
PRESTIGE,EQ,05-Jan-2022,472.45,472.6,476.05,465.45,471.25,470.95,470.55,334060,157192001.1,8889.0,91577.0,27.41
PRESTIGE,EQ,04-Jan-2022,472.45,474.7,486.0,470.0,471.85,472.45,477.53,810008,386804137.55,21288.0,350321.0,43.25
PRESTIGE,EQ,03-Jan-2022,474.75,475.0,491.5,470.55,472.0,472.45,481.55,840412,404700042.2,18514.0,252622.0,30.06
PRESTIGE,EQ,31-Dec-2021,466.45,467.7,479.4,467.7,474.35,474.75,473.48,309041,146323413.55,8262.0,77114.0,24.95
PRESTIGE,EQ,30-Dec-2021,474.2,476.4,477.65,464.0,465.6,466.45,469.63,252332,118502811.45,7266.0,77057.0,30.54
PRESTIGE,EQ,29-Dec-2021,478.35,479.2,484.45,469.5,480.0,474.2,476.16,369089,175745541.65,8342.0,110759.0,30.01
PRESTIGE,EQ,28-Dec-2023,"1,141.95","1,149.00","1,164.05","1,132.25","1,141.00","1,150.80","1,144.17",547795,626770673.35,21767.0,403752.0,73.7
PRESTIGE,EQ,27-Dec-2023,"1,121.30","1,120.00","1,147.55","1,118.00","1,139.00","1,141.95","1,131.12",496198,561259385.55,23248.0,359192.0,72.39
PRESTIGE,EQ,26-Dec-2023,"1,114.90","1,115.50","1,129.55","1,109.00","1,117.00","1,121.30","1,116.93",448110,500508302.35,18255.0,335289.0,74.82
PRESTIGE,EQ,22-Dec-2023,"1,064.15","1,074.80","1,122.20","1,074.80","1,109.00","1,114.90","1,107.79",786067,870798226.6,46244.0,417982.0,53.17
PRESTIGE,EQ,21-Dec-2023,"1,108.40","1,065.40","1,095.00","1,041.05","1,072.00","1,064.15","1,072.94",623074,668523344.85,45060.0,324414.0,52.07
PRESTIGE,EQ,20-Dec-2023,"1,134.95","1,138.00","1,143.45","1,080.00","1,103.25","1,108.40","1,126.90",758958,855266668.7,33385.0,500525.0,65.95
PRESTIGE,EQ,19-Dec-2023,"1,139.35","1,142.00","1,150.00","1,127.40","1,133.80","1,134.95","1,141.56",348661,398018729.75,23061.0,133094.0,38.17
PRESTIGE,EQ,18-Dec-2023,"1,113.90","1,132.90","1,153.90","1,107.30","1,133.60","1,139.35","1,135.95",759381,862619373.15,48944.0,405391.0,53.38
PRESTIGE,EQ,15-Dec-2023,"1,164.60","1,164.90","1,169.60","1,105.00","1,113.00","1,113.90","1,123.69",1839174,2066653351.6,75301.0,828250.0,45.03
PRESTIGE,EQ,14-Dec-2023,"1,166.05","1,174.80","1,231.30","1,150.15","1,152.55","1,164.60","1,177.96",2484295,2926408765.5,81957.0,1039900.0,41.86
PRESTIGE,EQ,13-Dec-2023,"1,102.20","1,113.20","1,205.00","1,062.10","1,164.00","1,166.05","1,117.53",3140457,3509549141.2,104356.0,1432319.0,45.61
PRESTIGE,EQ,12-Dec-2023,"1,177.45","1,178.00","1,185.25","1,081.10","1,092.00","1,102.20","1,117.03",2335479,2608797920.25,91662.0,1087124.0,46.55
PRESTIGE,EQ,11-Dec-2023,"1,186.45","1,194.00","1,198.30","1,150.70","1,172.95","1,177.45","1,175.78",1533204,1802714468.1,66466.0,774729.0,50.53
PRESTIGE,EQ,08-Dec-2023,"1,126.20","1,132.00","1,192.50","1,130.00","1,178.60","1,186.45","1,173.84",2946858,3459125528.55,103059.0,785227.0,26.65
PRESTIGE,EQ,07-Dec-2023,"1,072.25","1,100.00","1,155.00","1,071.15","1,150.00","1,126.20","1,105.42",1529994,1691283288.25,58781.0,558288.0,36.49
PRESTIGE,EQ,06-Dec-2023,"1,080.35","1,070.60","1,105.00","1,032.00","1,101.00","1,072.25","1,053.70",1746016,1839778927.35,56931.0,939687.0,53.82
PRESTIGE,EQ,05-Dec-2023,"1,104.90","1,107.15","1,111.95","1,059.35","1,065.00","1,080.35","1,082.75",1532927,1659781726.9,78530.0,678994.0,44.29
PRESTIGE,EQ,04-Dec-2023,"1,037.80","1,050.00","1,148.15","1,022.20","1,099.00","1,104.90","1,105.99",3365855,3722609027.75,123368.0,765886.0,22.75
PRESTIGE,EQ,01-Dec-2023,"1,002.90","1,018.55","1,048.70","1,016.80","1,040.00","1,037.80","1,033.93",1625407,1680555508.4,65797.0,546655.0,33.63
PRESTIGE,EQ,30-Nov-2023,952.60,959.70,"1,050.00",953.45,"1,006.00","1,002.90","1,007.70",3306553,3331997107.4,110159.0,781971.0,23.65
PRESTIGE,EQ,29-Nov-2023,956.70,964.95,966.30,945.00,950.00,952.60,953.44,360464,343681995.85,17980.0,98149.0,27.23
PRESTIGE,EQ,28-Nov-2023,925.05,932.00,968.00,930.60,963.00,956.70,944.74,611069,577300522.5,25999.0,186695.0,30.55
PRESTIGE,EQ,24-Nov-2023,916.75,924.75,931.00,893.55,915.00,925.05,912.59,1335321,1218603397.65,38055.0,296003.0,22.17
PRESTIGE,EQ,23-Nov-2023,905.70,903.00,957.40,903.00,916.00,916.75,935.36,2092379,1957120582.95,63493.0,270978.0,12.95
PRESTIGE,EQ,22-Nov-2023,904.75,902.50,912.90,895.20,906.00,905.70,903.57,506903,458023992.3,17943.0,226520.0,44.69
PRESTIGE,EQ,21-Nov-2023,892.05,893.00,914.90,891.00,901.50,904.75,903.46,562402,508106310.3,18768.0,207235.0,36.85
PRESTIGE,EQ,20-Nov-2023,878.05,880.60,908.60,872.10,891.00,892.05,896.57,1189371,1066359505.75,27910.0,494686.0,41.59
PRESTIGE,EQ,17-Nov-2023,912.20,910.00,910.00,872.35,874.00,878.05,886.29,789275,699524685.85,36637.0,284023.0,35.99
PRESTIGE,EQ,16-Nov-2023,872.65,876.90,924.90,873.05,913.00,912.20,901.09,1101486,992539953.9,37824.0,334802.0,30.4
PRESTIGE,EQ,15-Nov-2023,843.00,855.10,880.55,852.00,869.00,872.65,870.29,915985,797174357.3,30813.0,320996.0,35.04
PRESTIGE,EQ,13-Nov-2023,870.85,864.10,866.60,840.00,845.00,843.00,847.46,762389,646090644.0,34426.0,297500.0,39.02
PRESTIGE,EQ,12-Nov-2023,873.15,873.80,880.00,865.00,872.50,870.85,873.99,166224,145278404.35,5522.0,61927.0,37.26
PRESTIGE,EQ,10-Nov-2023,868.45,865.05,887.40,853.20,865.00,873.15,870.77,1949702,1697738780.1,75298.0,987343.0,50.64
PRESTIGE,EQ,09-Nov-2023,832.75,836.50,878.00,830.05,863.40,868.45,856.93,3043326,2607927547.25,87817.0,1014633.0,33.34
PRESTIGE,EQ,08-Nov-2023,791.00,830.00,848.00,818.35,830.60,832.75,829.99,2500450,2075342829.5,61443.0,687715.0,27.5
PRESTIGE,EQ,07-Nov-2023,800.60,800.55,817.50,781.00,788.30,791.00,803.45,1142035,917566206.8,40312.0,556109.0,48.69
PRESTIGE,EQ,06-Nov-2023,780.15,780.05,805.50,773.00,800.40,800.60,798.12,1474546,1176869996.95,62342.0,760087.0,51.55
PRESTIGE,EQ,03-Nov-2023,747.10,751.70,787.00,750.05,780.00,780.15,775.87,2067814,1604353946.0,44722.0,956614.0,46.26
PRESTIGE,EQ,02-Nov-2023,749.85,749.85,764.95,742.00,745.75,747.10,752.01,759721,571316278.95,28377.0,272344.0,35.85
PRESTIGE,EQ,01-Nov-2023,765.70,756.00,774.00,738.00,741.60,749.85,753.69,1297233,977713393.0,36712.0,535648.0,41.29
PRESTIGE,EQ,31-Oct-2023,751.30,752.45,778.50,736.80,763.00,765.70,755.35,1020355,770728571.45,32272.0,379803.0,37.22
PRESTIGE,EQ,30-Oct-2023,748.10,743.00,763.90,733.75,748.25,751.30,751.91,670629,504254559.35,22779.0,144851.0,21.6
PRESTIGE,EQ,27-Oct-2023,784.35,784.35,787.85,736.05,741.60,748.10,753.15,1872390,1410184902.2,59785.0,622906.0,33.27
PRESTIGE,EQ,26-Oct-2023,757.85,754.95,819.60,723.15,789.00,784.35,756.71,1536873,1162962754.65,60369.0,523247.0,34.05
PRESTIGE,EQ,25-Oct-2023,746.40,743.00,809.80,715.05,762.00,757.85,759.60,3739552,2840556478.2,117095.0,959926.0,25.67
PRESTIGE,EQ,23-Oct-2023,743.80,745.40,757.90,711.00,731.55,746.40,739.34,1239894,916707210.4,27656.0,707421.0,57.05
PRESTIGE,EQ,20-Oct-2023,734.25,731.10,754.20,726.10,742.00,743.80,743.74,1076512,800645428.55,32512.0,541809.0,50.33
PRESTIGE,EQ,19-Oct-2023,732.75,728.90,738.90,717.05,731.10,734.25,728.51,475063,346089626.85,17503.0,134776.0,28.37
PRESTIGE,EQ,18-Oct-2023,714.25,716.90,738.45,712.35,730.55,732.75,727.33,904831,658107281.1,29725.0,233462.0,25.8
PRESTIGE,EQ,17-Oct-2023,721.40,727.50,729.95,711.10,715.80,714.25,719.57,299083,215212118.8,11314.0,124057.0,41.48
PRESTIGE,EQ,16-Oct-2023,716.05,725.70,735.00,717.00,721.95,721.40,725.21,865344,627555446.35,23887.0,343403.0,39.68
PRESTIGE,EQ,13-Oct-2023,724.05,715.95,728.05,711.10,717.60,716.05,718.16,477912,343217584.55,14027.0,154594.0,32.35
PRESTIGE,EQ,12-Oct-2023,723.80,723.80,729.80,717.35,723.00,724.05,723.77,587276,425051563.15,16810.0,115705.0,19.7
PRESTIGE,EQ,11-Oct-2023,727.50,727.00,755.35,713.30,719.70,723.80,737.87,4322262,3189252604.45,126215.0,1253021.0,28.99
PRESTIGE,EQ,10-Oct-2023,670.50,670.50,796.40,666.95,722.95,727.50,747.54,9717755,7264394484.4,184100.0,1415718.0,14.57
PRESTIGE,EQ,09-Oct-2023,667.70,697.00,700.95,663.85,663.95,670.50,679.37,2684389,1823692674.55,70252.0,1225628.0,45.66
PRESTIGE,EQ,06-Oct-2023,671.30,671.30,683.00,665.10,670.00,667.70,676.59,1327215,897976514.6,33129.0,709232.0,53.44
PRESTIGE,EQ,05-Oct-2023,626.05,638.00,677.80,631.10,669.80,671.30,658.41,3114305,2050503322.5,66714.0,970273.0,31.16
PRESTIGE,EQ,04-Oct-2023,618.10,620.10,630.85,606.20,624.90,626.05,620.82,502708,312091674.5,18096.0,211373.0,42.05
PRESTIGE,EQ,03-Oct-2023,602.60,602.00,620.00,592.10,618.50,618.10,608.40,377953,229945761.55,19072.0,175401.0,46.41
PRESTIGE,EQ,29-Sep-2023,601.85,603.15,609.70,599.50,603.00,602.60,603.93,314996,190236832.0,14873.0,78638.0,24.96
PRESTIGE,EQ,28-Sep-2023,604.95,606.00,625.00,598.10,601.95,601.85,608.68,228635,139164411.8,15291.0,73655.0,32.22
PRESTIGE,EQ,27-Sep-2023,604.55,604.55,611.25,601.15,605.00,604.95,605.82,127381,77169861.85,7521.0,53184.0,41.75
PRESTIGE,EQ,26-Sep-2023,609.65,609.95,618.15,600.70,602.35,604.55,608.00,221485,134663558.85,15921.0,107465.0,48.52
PRESTIGE,EQ,25-Sep-2023,598.40,597.85,613.85,591.80,610.20,609.65,603.25,204801,123546300.05,8843.0,55821.0,27.26
PRESTIGE,EQ,22-Sep-2023,604.75,604.85,610.95,591.25,594.05,598.40,598.65,200258,119885324.3,9812.0,105027.0,52.45
PRESTIGE,EQ,21-Sep-2023,602.55,599.85,611.65,597.10,605.00,604.75,606.16,211237,128043008.25,8806.0,131665.0,62.33
PRESTIGE,EQ,20-Sep-2023,613.70,610.25,618.85,593.60,601.00,602.55,606.60,383776,232798117.05,13651.0,220307.0,57.41
PRESTIGE,EQ,18-Sep-2023,619.90,619.90,627.40,610.35,615.00,613.70,619.22,101582,62901137.7,5838.0,45879.0,45.16
PRESTIGE,EQ,15-Sep-2023,630.70,633.00,633.70,616.00,620.00,619.90,623.46,137256,85574024.95,7795.0,67050.0,48.85
PRESTIGE,EQ,14-Sep-2023,619.50,622.50,634.90,621.55,629.50,630.70,628.85,161214,101379532.45,7386.0,68710.0,42.62
PRESTIGE,EQ,13-Sep-2023,607.45,610.50,623.40,598.05,620.00,619.50,618.32,1065921,659083563.9,13504.0,842486.0,79.04
PRESTIGE,EQ,12-Sep-2023,645.40,645.00,649.05,604.35,609.75,607.45,621.47,419925,260970707.7,21353.0,188681.0,44.93
PRESTIGE,EQ,11-Sep-2023,647.80,655.00,658.00,641.00,642.85,645.40,649.04,275081,178537862.85,16461.0,156213.0,56.79
PRESTIGE,EQ,08-Sep-2023,632.40,637.00,656.00,631.45,647.00,647.80,645.96,1157151,747475677.15,28230.0,648871.0,56.07
PRESTIGE,EQ,07-Sep-2023,634.05,637.00,639.45,628.00,635.80,632.40,633.75,150666,95485255.0,7779.0,77852.0,51.67
PRESTIGE,EQ,06-Sep-2023,642.25,643.95,643.95,632.55,635.00,634.05,637.12,179867,114597369.55,10968.0,85727.0,47.66
PRESTIGE,EQ,05-Sep-2023,657.60,654.00,654.00,638.15,641.75,642.25,646.10,320637,207163642.55,13746.0,120601.0,37.61
PRESTIGE,EQ,04-Sep-2023,668.45,653.00,670.40,643.60,647.70,657.60,659.24,490529,323375036.3,17978.0,174204.0,35.51
PRESTIGE,EQ,01-Sep-2023,644.15,639.90,691.95,630.40,647.50,668.45,656.30,1231864,808466867.45,40670.0,562073.0,45.63
PRESTIGE,EQ,31-Aug-2023,610.50,604.00,679.80,593.55,637.00,644.15,630.42,1565916,987177451.55,32230.0,794884.0,50.76
PRESTIGE,EQ,30-Aug-2023,572.90,579.20,626.85,571.95,604.60,610.50,601.89,1704155,1025707129.65,41910.0,802024.0,47.06
PRESTIGE,EQ,29-Aug-2023,570.10,570.15,577.05,567.30,573.50,572.90,573.61,209182,119987851.5,7966.0,85257.0,40.76
PRESTIGE,EQ,28-Aug-2023,567.40,570.75,573.95,567.65,570.50,570.10,569.98,136904,78033011.1,6227.0,67890.0,49.59
PRESTIGE,EQ,25-Aug-2023,570.90,569.70,571.60,562.70,567.55,567.40,567.68,197871,112327233.95,12117.0,115951.0,58.6
PRESTIGE,EQ,24-Aug-2023,571.00,574.90,574.95,570.00,570.15,570.90,571.28,156820,89588330.9,6146.0,74860.0,47.74
PRESTIGE,EQ,23-Aug-2023,564.50,567.50,574.65,565.05,571.25,571.00,570.99,365627,208770529.4,21610.0,218782.0,59.84
PRESTIGE,EQ,22-Aug-2023,557.80,560.70,569.20,557.95,565.00,564.50,565.22,341327,192925079.9,14215.0,168075.0,49.24
PRESTIGE,EQ,21-Aug-2023,558.90,555.45,564.80,554.20,557.95,557.80,558.88,217091,121327796.3,10178.0,112135.0,51.65
PRESTIGE,EQ,18-Aug-2023,548.90,550.85,565.90,546.55,555.80,558.90,557.53,378906,211249804.1,13167.0,131930.0,34.82
PRESTIGE,EQ,17-Aug-2023,547.20,548.70,558.00,546.05,550.00,548.90,551.36,234080,129061513.35,13226.0,124397.0,53.14
PRESTIGE,EQ,16-Aug-2023,553.65,549.80,555.00,543.00,547.45,547.20,548.62,422303,231685259.0,10392.0,296412.0,70.19
PRESTIGE,EQ,14-Aug-2023,557.65,555.40,557.95,545.30,550.00,553.65,550.27,1043731,574337285.85,13087.0,858519.0,82.25
PRESTIGE,EQ,11-Aug-2023,556.45,561.80,563.00,552.00,554.80,557.65,559.00,202226,113044492.0,8709.0,82201.0,40.65
PRESTIGE,EQ,10-Aug-2023,586.40,584.05,585.95,552.30,558.50,556.45,566.22,1209701,684951324.9,29665.0,771118.0,63.74
PRESTIGE,EQ,09-Aug-2023,601.50,599.00,599.00,582.10,586.00,586.40,587.11,433271,254378330.3,17366.0,187740.0,43.33
PRESTIGE,EQ,08-Aug-2023,584.30,588.40,615.00,578.20,592.10,601.50,598.25,667017,399042690.0,18744.0,353832.0,53.05
PRESTIGE,EQ,07-Aug-2023,573.95,576.05,588.00,572.95,583.75,584.30,581.55,308919,179650370.5,12122.0,136364.0,44.14
PRESTIGE,EQ,04-Aug-2023,571.00,574.45,580.00,568.55,572.30,573.95,574.41,208790,119931248.55,9711.0,65997.0,31.61
PRESTIGE,EQ,03-Aug-2023,577.25,577.05,584.00,567.15,572.00,571.00,572.31,498004,285012818.45,14300.0,249192.0,50.04
PRESTIGE,EQ,02-Aug-2023,580.90,583.00,587.90,570.20,575.60,577.25,580.70,395984,229947814.55,15980.0,144909.0,36.59
PRESTIGE,EQ,01-Aug-2023,588.60,591.90,592.90,574.20,583.00,580.90,584.71,453870,265381841.9,15135.0,186532.0,41.1
PRESTIGE,EQ,31-Jul-2023,590.30,594.00,599.10,583.00,587.00,588.60,591.39,1035005,612090616.9,28206.0,460592.0,44.5
PRESTIGE,EQ,28-Jul-2023,545.85,550.00,597.95,549.35,587.00,590.30,586.16,4236522,2483259578.85,88680.0,967990.0,22.85
PRESTIGE,EQ,27-Jul-2023,555.10,559.90,560.45,541.25,548.50,545.85,551.55,232273,128111234.0,11186.0,100421.0,43.23
PRESTIGE,EQ,26-Jul-2023,555.35,558.30,558.30,548.40,556.00,555.10,554.28,268170,148641202.65,9331.0,181238.0,67.58
PRESTIGE,EQ,25-Jul-2023,548.10,551.70,562.00,550.25,554.00,555.35,557.22,372925,207801005.4,19282.0,171639.0,46.03
PRESTIGE,EQ,24-Jul-2023,542.40,545.30,556.80,542.40,548.20,548.10,550.06,346117,190384833.5,17870.0,165620.0,47.85
PRESTIGE,EQ,21-Jul-2023,550.10,546.00,553.10,537.10,543.50,542.40,542.58,517149,280593365.0,22372.0,310936.0,60.13
PRESTIGE,EQ,20-Jul-2023,552.80,553.95,556.95,545.30,550.00,550.10,550.10,273793,150612961.55,16875.0,151393.0,55.29
PRESTIGE,EQ,19-Jul-2023,558.80,560.00,562.50,550.00,553.85,552.80,555.43,271882,151012441.9,8192.0,146748.0,53.97
PRESTIGE,EQ,18-Jul-2023,561.95,564.00,567.55,556.00,557.00,558.80,559.93,384678,215393402.85,11966.0,163663.0,42.55
PRESTIGE,EQ,17-Jul-2023,563.95,568.70,568.70,556.00,562.05,561.95,560.91,942180,528476080.15,23725.0,637069.0,67.62
PRESTIGE,EQ,14-Jul-2023,567.55,564.90,582.90,561.15,565.60,563.95,565.95,2233846,1264248633.15,24599.0,1616016.0,72.34
PRESTIGE,EQ,13-Jul-2023,585.15,598.00,616.20,521.20,560.45,567.55,565.45,15727382,8893021696.6,191034.0,7070049.0,44.95
PRESTIGE,EQ,12-Jul-2023,583.10,594.00,594.00,581.90,584.00,585.15,586.70,393295,230746298.9,17680.0,174169.0,44.28
PRESTIGE,EQ,11-Jul-2023,590.30,590.00,590.30,577.20,583.80,583.10,582.50,448184,261066518.75,14174.0,259915.0,57.99
PRESTIGE,EQ,10-Jul-2023,581.95,581.05,593.00,573.10,587.25,590.30,585.12,311121,182041740.6,11601.0,154825.0,49.76
PRESTIGE,EQ,07-Jul-2023,592.00,595.10,597.00,577.85,578.50,581.95,585.46,264781,155019245.2,9332.0,108878.0,41.12
PRESTIGE,EQ,06-Jul-2023,577.10,581.00,598.60,580.70,593.00,592.00,591.39,670265,396391015.0,16070.0,229580.0,34.25
PRESTIGE,EQ,05-Jul-2023,575.40,574.25,580.20,565.00,576.10,577.10,574.02,292765,168051886.1,7446.0,133516.0,45.61
PRESTIGE,EQ,04-Jul-2023,575.00,573.00,582.80,571.45,575.00,575.40,575.45,596209,343088044.75,6158.0,483942.0,81.17
PRESTIGE,EQ,03-Jul-2023,574.85,574.90,578.80,569.70,575.00,575.00,575.01,296897,170718102.95,7548.0,180588.0,60.83
PRESTIGE,EQ,30-Jun-2023,577.80,577.80,583.60,570.10,573.15,574.85,575.05,381206,219214300.9,10312.0,246980.0,64.79
PRESTIGE,EQ,28-Jun-2023,585.55,585.55,585.70,573.55,581.00,577.80,578.23,360660,208544492.6,11272.0,189980.0,52.68
PRESTIGE,EQ,27-Jun-2023,578.35,578.35,589.40,573.20,585.10,585.55,583.64,366224,213742973.35,11337.0,189087.0,51.63
PRESTIGE,EQ,26-Jun-2023,576.70,576.75,581.85,557.00,576.70,578.35,569.88,598790,341240105.55,18465.0,220767.0,36.87
PRESTIGE,EQ,23-Jun-2023,575.60,577.70,580.00,569.40,575.90,576.70,573.92,251634,144417336.8,6581.0,177069.0,70.37
PRESTIGE,EQ,22-Jun-2023,575.80,575.90,580.00,569.20,578.00,575.60,574.84,289357,166335194.9,8622.0,173415.0,59.93
PRESTIGE,EQ,21-Jun-2023,578.00,581.70,582.60,569.05,577.00,575.80,575.41,264071,151947963.6,8140.0,127477.0,48.27
PRESTIGE,EQ,20-Jun-2023,569.15,570.90,579.65,562.00,578.00,578.00,572.72,290412,166324446.2,8062.0,97975.0,33.74
PRESTIGE,EQ,19-Jun-2023,575.05,577.50,578.70,561.50,569.50,569.15,567.88,435858,247515890.6,14028.0,174076.0,39.94
PRESTIGE,EQ,16-Jun-2023,570.90,570.90,578.85,569.10,575.00,575.05,574.48,363909,209059257.65,9683.0,116496.0,32.01
PRESTIGE,EQ,15-Jun-2023,597.90,594.00,594.00,568.00,570.45,570.90,577.83,1036830,599107877.65,33023.0,401458.0,38.72
PRESTIGE,EQ,14-Jun-2023,574.15,574.15,602.30,574.05,596.80,597.90,594.40,2144718,1274810372.15,44007.0,642245.0,29.95
PRESTIGE,EQ,13-Jun-2023,562.15,565.00,578.50,558.45,574.30,574.15,570.97,1476807,843206569.55,39296.0,472521.0,32.0
PRESTIGE,EQ,12-Jun-2023,536.75,541.00,564.90,541.00,562.95,562.15,554.38,1865026,1033940890.95,41109.0,607396.0,32.57
PRESTIGE,EQ,09-Jun-2023,528.05,528.05,538.85,524.00,536.60,536.75,532.54,566922,301908018.65,15760.0,221861.0,39.13
PRESTIGE,EQ,08-Jun-2023,526.10,525.05,542.25,525.00,527.65,528.05,533.46,1122756,598939860.95,25192.0,432860.0,38.55
PRESTIGE,EQ,07-Jun-2023,520.00,521.95,537.00,514.10,523.50,526.10,528.69,1503189,794727832.25,29279.0,515004.0,34.26
PRESTIGE,EQ,06-Jun-2023,514.90,520.00,524.00,511.85,518.00,520.00,519.43,926701,481358873.95,25979.0,283082.0,30.55
PRESTIGE,EQ,05-Jun-2023,490.15,493.85,520.00,492.20,518.50,514.90,510.54,1404144,716876884.75,32320.0,634973.0,45.22
PRESTIGE,EQ,02-Jun-2023,487.55,489.00,497.00,488.00,488.55,490.15,493.36,405188,199903219.8,13379.0,181402.0,44.77
PRESTIGE,EQ,01-Jun-2023,483.25,483.00,491.90,481.30,487.95,487.55,488.32,395141,192956359.4,11782.0,177196.0,44.84
PRESTIGE,EQ,31-May-2023,474.80,477.00,485.00,471.30,483.00,483.25,481.85,973799,469227453.1,17225.0,673237.0,69.14
PRESTIGE,EQ,30-May-2023,474.90,477.95,478.00,472.00,475.00,474.80,474.73,244256,115955332.8,7744.0,131399.0,53.8
PRESTIGE,EQ,29-May-2023,480.80,483.00,487.95,472.10,475.00,474.90,477.01,421969,201282832.2,13566.0,245209.0,58.11
PRESTIGE,EQ,26-May-2023,502.50,501.70,501.70,479.00,480.00,480.80,484.17,648664,314065935.65,18194.0,341803.0,52.69
PRESTIGE,EQ,25-May-2023,494.80,492.00,508.90,487.10,501.50,502.50,500.17,435424,217787346.2,13249.0,222748.0,51.16
PRESTIGE,EQ,24-May-2023,496.15,494.70,498.20,486.70,494.30,494.80,492.30,224389,110467627.3,8509.0,97146.0,43.29
PRESTIGE,EQ,23-May-2023,476.80,479.15,501.30,475.50,494.70,496.15,492.78,782314,385512277.55,22775.0,274405.0,35.08
PRESTIGE,EQ,22-May-2023,476.85,476.95,482.85,474.15,476.10,476.80,478.83,121468,58162973.85,3779.0,51623.0,42.5
PRESTIGE,EQ,19-May-2023,479.20,482.00,484.80,473.60,477.00,476.85,476.46,585423,278929698.9,7746.0,400331.0,68.38
PRESTIGE,EQ,18-May-2023,491.35,492.90,493.85,475.30,480.00,479.20,482.27,348228,167941379.95,11691.0,166112.0,47.7
PRESTIGE,EQ,17-May-2023,503.75,503.40,503.40,483.90,492.05,491.35,491.28,310021,152307826.85,9082.0,84054.0,27.11
PRESTIGE,EQ,16-May-2023,508.85,514.20,520.00,500.30,502.00,503.75,512.85,686557,352103571.1,21064.0,271047.0,39.48
PRESTIGE,EQ,15-May-2023,485.40,485.40,513.00,485.40,511.00,508.85,506.33,1460335,739410807.35,38350.0,582160.0,39.86
PRESTIGE,EQ,12-May-2023,489.85,489.50,494.30,482.70,485.80,485.40,490.00,329341,161375960.35,20575.0,203713.0,61.85
PRESTIGE,EQ,11-May-2023,487.35,488.00,495.00,482.35,488.85,489.85,490.30,265216,130034763.6,17651.0,111521.0,42.05
PRESTIGE,EQ,10-May-2023,477.85,480.50,489.30,477.70,486.80,487.35,483.83,267415,129383348.25,11601.0,130819.0,48.92
PRESTIGE,EQ,09-May-2023,491.75,492.90,493.90,475.25,479.40,477.85,484.34,422895,204824917.25,25299.0,206164.0,48.75
PRESTIGE,EQ,08-May-2023,489.65,488.95,504.45,486.00,491.00,491.75,495.58,397699,197092913.25,13686.0,196845.0,49.5
PRESTIGE,EQ,05-May-2023,493.05,491.00,497.50,483.15,488.00,489.65,491.04,497218,244152908.8,19230.0,300099.0,60.36
PRESTIGE,EQ,04-May-2023,488.25,487.15,496.00,481.25,493.95,493.05,488.29,715430,349335811.35,10677.0,574952.0,80.36
PRESTIGE,EQ,03-May-2023,484.25,486.00,491.00,483.00,487.15,488.25,488.94,237724,116233928.95,11567.0,116279.0,48.91
PRESTIGE,EQ,02-May-2023,490.70,486.50,493.00,481.25,484.40,484.25,488.66,290260,141839541.7,13552.0,152427.0,52.51
PRESTIGE,EQ,28-Apr-2023,488.40,492.70,495.45,488.55,489.25,490.70,492.42,311479,153378800.65,9680.0,160662.0,51.58
PRESTIGE,EQ,27-Apr-2023,482.05,482.10,493.50,478.45,493.00,488.40,488.76,536919,262423645.8,17403.0,279265.0,52.01
PRESTIGE,EQ,26-Apr-2023,470.50,472.90,489.00,471.10,482.00,482.05,481.81,760601,366468814.0,22469.0,321360.0,42.25
PRESTIGE,EQ,25-Apr-2023,465.30,467.70,472.60,462.00,470.00,470.50,467.42,427470,199809805.85,19456.0,249091.0,58.27
PRESTIGE,EQ,24-Apr-2023,460.50,462.00,473.95,456.35,466.85,465.30,465.17,631772,293880797.6,12279.0,354172.0,56.06
PRESTIGE,EQ,21-Apr-2023,458.15,460.00,465.90,450.25,460.00,460.50,460.53,834820,384463568.05,12557.0,585893.0,70.18
PRESTIGE,EQ,20-Apr-2023,450.70,452.95,463.00,447.15,457.75,458.15,456.34,610554,278622124.3,17739.0,287883.0,47.15
PRESTIGE,EQ,19-Apr-2023,439.20,448.55,458.00,445.00,450.00,450.70,449.86,916149,412143288.35,24467.0,225756.0,24.64
PRESTIGE,EQ,18-Apr-2023,448.15,447.00,453.00,433.60,442.55,439.20,446.11,650907,290377338.85,41953.0,381357.0,58.59
PRESTIGE,EQ,17-Apr-2023,448.65,448.85,450.80,441.35,449.00,448.15,446.46,403355,180083217.2,24330.0,225681.0,55.95
PRESTIGE,EQ,13-Apr-2023,447.90,450.00,453.00,445.05,449.05,448.65,448.73,311261,139671928.0,13389.0,102968.0,33.08
PRESTIGE,EQ,12-Apr-2023,460.95,464.45,464.45,445.00,450.80,447.90,450.96,703671,317330438.85,19254.0,302951.0,43.05
PRESTIGE,EQ,11-Apr-2023,445.75,449.75,473.20,444.20,460.65,460.95,462.94,2843465,1316340138.0,60110.0,676372.0,23.79
PRESTIGE,EQ,10-Apr-2023,419.45,424.95,449.00,419.90,448.00,445.75,439.33,1287942,565825605.3,28982.0,364656.0,28.31
PRESTIGE,EQ,06-Apr-2023,414.45,414.40,423.35,411.00,419.00,419.45,418.71,558417,233815769.3,12022.0,348204.0,62.36
PRESTIGE,EQ,05-Apr-2023,412.05,411.50,420.00,409.05,413.80,414.45,417.10,267387,111527751.85,7777.0,154039.0,57.61
PRESTIGE,EQ,03-Apr-2023,403.20,415.00,418.00,407.55,410.00,412.05,412.51,170867,70484047.7,5769.0,45776.0,26.79
PRESTIGE,EQ,31-Mar-2023,400.60,404.70,410.75,400.15,402.00,403.20,405.13,194652,78859385.6,10970.0,91894.0,47.21
PRESTIGE,EQ,29-Mar-2023,399.45,400.00,409.50,396.95,401.50,400.60,401.63,164188,65942832.9,6590.0,82847.0,50.46
PRESTIGE,EQ,28-Mar-2023,403.85,402.00,404.70,395.10,401.50,399.45,399.35,199490,79665893.85,7033.0,91576.0,45.91
PRESTIGE,EQ,27-Mar-2023,413.65,413.65,413.65,401.00,401.80,403.85,405.36,429884,174258956.55,3875.0,354175.0,82.39
PRESTIGE,EQ,24-Mar-2023,419.75,421.85,421.85,411.60,412.90,413.65,414.61,74382,30839725.55,3270.0,23976.0,32.23
PRESTIGE,EQ,23-Mar-2023,410.55,410.55,424.00,409.25,419.70,419.75,418.09,328498,137343371.3,10818.0,102612.0,31.24
PRESTIGE,EQ,22-Mar-2023,409.45,410.40,417.90,407.50,411.50,410.55,410.12,585903,240288826.5,11528.0,475812.0,81.21
PRESTIGE,EQ,21-Mar-2023,412.45,414.90,415.55,407.00,409.00,409.45,408.85,1346455,550495161.15,13597.0,1156854.0,85.92
PRESTIGE,EQ,20-Mar-2023,419.35,417.00,430.90,409.20,411.90,412.45,422.67,788363,333219328.65,21385.0,315857.0,40.06
PRESTIGE,EQ,17-Mar-2023,400.25,404.60,422.50,402.50,420.70,419.35,413.95,769884,318696505.0,22343.0,302389.0,39.28
PRESTIGE,EQ,16-Mar-2023,395.30,396.40,404.00,392.00,401.95,400.25,399.66,330942,132263393.9,15201.0,172128.0,52.01
PRESTIGE,EQ,15-Mar-2023,394.35,397.00,404.90,394.50,395.80,395.30,398.93,180337,71941235.7,6859.0,83620.0,46.37
PRESTIGE,EQ,14-Mar-2023,395.20,396.20,405.45,392.00,395.95,394.35,399.56,766508,306268895.05,10013.0,601667.0,78.49
PRESTIGE,EQ,13-Mar-2023,400.35,401.70,404.95,392.00,396.15,395.20,398.47,243028,96839319.95,14145.0,134867.0,55.49
PRESTIGE,EQ,10-Mar-2023,404.40,404.70,405.45,399.00,401.40,400.35,401.42,126209,50662720.6,6930.0,63381.0,50.22
PRESTIGE,EQ,09-Mar-2023,400.95,403.00,407.35,400.00,404.50,404.40,404.08,254859,102984608.95,6830.0,110058.0,43.18
PRESTIGE,EQ,08-Mar-2023,402.00,400.00,403.00,395.20,402.80,400.95,399.46,213654,85345222.25,6802.0,95516.0,44.71
PRESTIGE,EQ,06-Mar-2023,397.60,400.60,405.85,399.40,401.70,402.00,403.33,268484,108286773.75,7862.0,157306.0,58.59
PRESTIGE,EQ,03-Mar-2023,402.35,400.00,403.80,395.80,397.30,397.60,398.36,499165,198848112.15,19857.0,251519.0,50.39
PRESTIGE,EQ,02-Mar-2023,406.90,408.95,408.95,400.50,402.35,402.35,405.22,505165,204705310.05,9726.0,354451.0,70.17
PRESTIGE,EQ,01-Mar-2023,405.95,406.40,413.75,405.15,407.00,406.90,409.45,169431,69372919.75,4600.0,67221.0,39.67
PRESTIGE,EQ,28-Feb-2023,397.85,400.00,409.00,399.00,406.55,405.95,405.52,531556,215557754.05,12977.0,257599.0,48.46
PRESTIGE,EQ,27-Feb-2023,399.80,401.35,404.05,391.00,399.00,397.85,394.47,751206,296331244.95,11835.0,502869.0,66.94
PRESTIGE,EQ,24-Feb-2023,403.45,402.00,407.50,394.50,399.00,399.80,402.65,2051866,826173769.5,13786.0,1732662.0,84.44
PRESTIGE,EQ,23-Feb-2023,414.55,417.00,417.00,396.00,404.75,403.45,402.72,1226282,493843231.95,30015.0,648585.0,52.89
PRESTIGE,EQ,22-Feb-2023,414.35,416.20,421.95,405.95,413.30,414.55,413.85,898518,371852790.2,22498.0,247636.0,27.56
PRESTIGE,EQ,21-Feb-2023,437.35,437.85,438.00,411.70,413.45,414.35,421.35,498040,209847291.75,14793.0,187227.0,37.59
PRESTIGE,EQ,20-Feb-2023,433.25,433.25,439.40,427.55,437.00,437.35,435.27,493064,214615885.05,10138.0,264588.0,53.66
PRESTIGE,EQ,17-Feb-2023,419.95,422.20,437.00,419.60,433.00,433.25,429.15,953516,409201257.75,20524.0,401759.0,42.13
PRESTIGE,EQ,16-Feb-2023,405.80,412.00,435.50,411.95,421.00,419.95,423.26,2918641,1235342044.25,45804.0,1602545.0,54.91
PRESTIGE,EQ,15-Feb-2023,395.90,403.60,413.50,401.20,408.55,405.80,407.08,909051,370053585.85,20105.0,390198.0,42.92
PRESTIGE,EQ,14-Feb-2023,400.95,404.50,404.50,394.85,395.75,395.90,399.26,238425,95193215.55,7111.0,170161.0,71.37
PRESTIGE,EQ,13-Feb-2023,412.35,412.60,414.00,400.00,401.00,400.95,404.42,202576,81926108.3,8617.0,102521.0,50.61
PRESTIGE,EQ,10-Feb-2023,405.35,404.65,414.90,404.10,411.20,412.35,411.77,239157,98477731.65,10135.0,136816.0,57.21
PRESTIGE,EQ,09-Feb-2023,406.80,406.20,407.70,400.45,407.00,405.35,404.25,153881,62206647.35,4997.0,76946.0,50.0
PRESTIGE,EQ,08-Feb-2023,402.80,404.00,407.95,398.00,406.95,406.80,403.42,181441,73196804.4,7511.0,85785.0,47.28
PRESTIGE,EQ,07-Feb-2023,399.50,399.00,405.40,396.50,402.00,402.80,401.22,176595,70853317.6,8360.0,82605.0,46.78
PRESTIGE,EQ,06-Feb-2023,395.95,396.00,405.95,395.00,399.40,399.50,400.69,228110,91400978.1,10044.0,110674.0,48.52
PRESTIGE,EQ,03-Feb-2023,405.75,406.95,409.00,393.00,397.00,395.95,397.56,919082,365386851.1,11108.0,772099.0,84.01
PRESTIGE,EQ,02-Feb-2023,409.85,411.00,412.65,401.10,405.00,405.75,406.12,439588,178527064.2,27192.0,242472.0,55.16
PRESTIGE,EQ,01-Feb-2023,419.10,423.00,431.45,403.35,409.10,409.85,420.01,321983,135234537.55,19850.0,120748.0,37.5
PRESTIGE,EQ,31-Jan-2023,416.45,418.25,424.90,415.85,420.65,419.10,419.45,241126,101140346.8,14046.0,128908.0,53.46
PRESTIGE,EQ,30-Jan-2023,423.20,425.40,430.00,414.30,418.25,416.45,421.80,182056,76791346.6,15183.0,101829.0,55.93
PRESTIGE,EQ,27-Jan-2023,432.40,434.70,438.05,410.00,426.00,423.20,421.46,594473,250543941.95,15146.0,443284.0,74.57
PRESTIGE,EQ,25-Jan-2023,435.05,432.30,435.80,429.00,434.00,432.40,432.23,73979,31975866.9,4019.0,26971.0,36.46
PRESTIGE,EQ,24-Jan-2023,440.05,440.05,441.90,432.50,436.00,435.05,437.44,131236,57408070.35,6488.0,73507.0,56.01
PRESTIGE,EQ,23-Jan-2023,442.70,441.60,444.90,438.65,439.95,440.05,440.45,72401,31889021.15,5562.0,34834.0,48.11
PRESTIGE,EQ,20-Jan-2023,446.35,444.60,446.85,441.00,441.50,442.70,443.67,380432,168787017.8,7156.0,330421.0,86.85
PRESTIGE,EQ,19-Jan-2023,441.75,441.50,449.65,437.75,444.00,446.35,446.22,157070,70088022.4,10846.0,82937.0,52.8
PRESTIGE,EQ,18-Jan-2023,445.20,445.20,449.70,440.00,441.80,441.75,444.65,209463,93137378.0,12097.0,104663.0,49.97
PRESTIGE,EQ,17-Jan-2023,439.75,439.95,451.00,439.75,444.95,445.20,444.75,380249,169116854.55,10599.0,172896.0,45.47
PRESTIGE,EQ,16-Jan-2023,443.45,445.50,447.45,435.10,440.00,439.75,439.68,489976,215432195.9,11883.0,341882.0,69.78
PRESTIGE,EQ,13-Jan-2023,452.15,452.15,453.95,437.00,443.90,443.45,442.69,317954,140755546.45,9308.0,139003.0,43.72
PRESTIGE,EQ,12-Jan-2023,446.05,448.30,459.90,446.85,451.10,452.15,454.41,317107,144097904.35,10329.0,151386.0,47.74
PRESTIGE,EQ,11-Jan-2023,451.15,454.00,454.00,445.10,445.70,446.05,449.84,283523,127540860.3,10397.0,186114.0,65.64
PRESTIGE,EQ,10-Jan-2023,460.60,461.95,466.65,448.80,451.50,451.15,457.67,200076,91569227.9,9707.0,82051.0,41.01
PRESTIGE,EQ,09-Jan-2023,466.55,474.00,474.00,458.15,459.90,460.60,466.03,274963,128139889.1,14965.0,90190.0,32.8
PRESTIGE,EQ,06-Jan-2023,473.00,473.50,474.80,464.40,467.00,466.55,467.99,191634,89682913.95,8618.0,71846.0,37.49
PRESTIGE,EQ,05-Jan-2023,465.50,466.95,474.80,464.00,471.00,473.00,469.31,308098,144594963.05,10614.0,161201.0,52.32
PRESTIGE,EQ,04-Jan-2023,469.15,467.60,467.85,460.00,466.00,465.50,463.39,162668,75379305.1,7466.0,78484.0,48.25
PRESTIGE,EQ,03-Jan-2023,469.35,470.00,474.95,464.95,465.50,469.15,470.79,203672,95887090.15,9446.0,113212.0,55.59
PRESTIGE,EQ,02-Jan-2023,463.55,465.90,474.50,458.80,471.00,469.35,469.35,216694,101706381.8,11849.0,95134.0,43.9
PRESTIGE,EQ,30-Dec-2022,452.50,456.60,466.45,453.00,464.50,463.55,461.54,275917,127348038.95,9783.0,102472.0,37.14
PRESTIGE,EQ,29-Dec-2022,447.65,446.00,454.60,443.55,454.60,452.50,449.00,114466,51395704.05,8845.0,48370.0,42.26
PRESTIGE,EQ,27-Dec-2024,"1,751.80","1,745.00","1,762.50","1,730.30","1,748.10","1,752.50","1,747.75",235400,411420279.6,23672.0,109546.0,46.54
PRESTIGE,EQ,26-Dec-2024,"1,751.90","1,745.00","1,761.55","1,698.45","1,752.80","1,751.80","1,729.41",481456,832637092.35,34211.0,179708.0,37.33
PRESTIGE,EQ,24-Dec-2024,"1,755.05","1,762.90","1,787.00","1,737.00","1,740.00","1,751.90","1,760.23",612341,1077861625.15,38370.0,262361.0,42.85
PRESTIGE,EQ,23-Dec-2024,"1,794.50","1,777.75","1,779.55","1,725.65","1,760.00","1,755.05","1,749.73",833331,1458106708.75,49482.0,402928.0,48.35
PRESTIGE,EQ,20-Dec-2024,"1,863.75","1,868.95","1,878.55","1,760.00","1,772.00","1,794.50","1,801.38",2860828,5153444078.55,94759.0,1853783.0,64.80
PRESTIGE,EQ,19-Dec-2024,"1,888.05","1,853.95","1,890.00","1,843.95","1,862.90","1,863.75","1,864.46",652028,1215677770.95,39831.0,327415.0,50.21
PRESTIGE,EQ,18-Dec-2024,"1,854.40","1,860.00","1,895.80","1,826.10","1,882.25","1,888.05","1,870.95",1237817,2315890122.8,75344.0,705876.0,57.03
PRESTIGE,EQ,17-Dec-2024,"1,830.75","1,831.00","1,900.00","1,830.75","1,855.00","1,854.40","1,867.85",2017891,3769109163.2,107190.0,989301.0,49.03
PRESTIGE,EQ,16-Dec-2024,"1,754.65","1,764.20","1,837.40","1,760.00","1,825.00","1,830.75","1,815.06",2188201,3971716109.5,110196.0,684145.0,31.27
PRESTIGE,EQ,13-Dec-2024,"1,741.30","1,738.00","1,768.95","1,710.00","1,748.95","1,754.65","1,738.60",781498,1358716215.2,60022.0,343973.0,44.01
PRESTIGE,EQ,12-Dec-2024,"1,751.90","1,744.00","1,777.35","1,735.00","1,735.25","1,741.30","1,749.01",664800,1162738754.45,35457.0,439123.0,66.05
PRESTIGE,EQ,11-Dec-2024,"1,750.50","1,751.25","1,758.00","1,725.75","1,743.80","1,751.90","1,746.24",279628,488297880.5,22900.0,135341.0,48.40
PRESTIGE,EQ,10-Dec-2024,"1,742.10","1,755.00","1,762.95","1,722.65","1,747.55","1,750.50","1,745.72",393134,686301272.7,31608.0,176699.0,44.95
PRESTIGE,EQ,09-Dec-2024,"1,738.15","1,738.45","1,764.75","1,732.00","1,739.90","1,742.10","1,743.18",307698,536373652.1,23227.0,176581.0,57.39
PRESTIGE,EQ,06-Dec-2024,"1,734.00","1,747.90","1,756.65","1,725.10","1,737.05","1,738.15","1,740.45",313886,546302690.45,28136.0,141602.0,45.11
PRESTIGE,EQ,05-Dec-2024,"1,770.55","1,780.00","1,780.00","1,718.60","1,735.95","1,734.00","1,741.15",378500,659026295.75,30826.0,170962.0,45.17
PRESTIGE,EQ,04-Dec-2024,"1,724.15","1,719.20","1,779.30","1,711.55","1,765.00","1,770.55","1,749.03",753423,1317762431.45,52040.0,402907.0,53.48
PRESTIGE,EQ,03-Dec-2024,"1,718.25","1,733.45","1,753.85","1,715.00","1,722.00","1,724.15","1,727.88",550710,951563100.2,40647.0,291698.0,52.97
PRESTIGE,EQ,02-Dec-2024,"1,650.55","1,634.70","1,735.00","1,615.90","1,706.00","1,718.25","1,679.18",1253750,2105271555.35,60472.0,683479.0,54.51
PRESTIGE,EQ,29-Nov-2024,"1,671.55","1,660.00","1,668.90","1,628.50","1,641.75","1,650.55","1,648.66",999199,1647340266.9,52495.0,658053.0,65.86
PRESTIGE,EQ,28-Nov-2024,"1,629.45","1,644.00","1,690.25","1,633.05","1,665.20","1,671.55","1,666.18",546347,910311047.85,41013.0,216702.0,39.66
PRESTIGE,EQ,27-Nov-2024,"1,706.15","1,654.00","1,674.35","1,620.00","1,627.00","1,629.45","1,636.14",1327672,2172262552.55,82046.0,611687.0,46.07
PRESTIGE,EQ,26-Nov-2024,"1,729.95","1,744.30","1,755.00","1,700.05","1,705.60","1,706.15","1,719.94",256692,441496110.5,22507.0,109893.0,42.81
PRESTIGE,EQ,25-Nov-2024,"1,631.05","1,665.00","1,749.95","1,645.00","1,734.80","1,729.95","1,716.30",1525736,2618617677.85,99093.0,849900.0,55.70
PRESTIGE,EQ,22-Nov-2024,"1,649.85","1,640.00","1,651.90","1,598.05","1,632.80","1,631.05","1,631.44",441917,720963177.1,33807.0,269671.0,61.02
PRESTIGE,EQ,21-Nov-2024,"1,582.95","1,603.25","1,655.05","1,580.00","1,645.00","1,649.85","1,632.87",741709,1211117659.4,45116.0,261599.0,35.27
PRESTIGE,EQ,19-Nov-2024,"1,541.15","1,531.00","1,595.00","1,526.05","1,580.00","1,582.95","1,574.24",654595,1030487693.8,52033.0,389498.0,59.50
PRESTIGE,EQ,18-Nov-2024,"1,547.20","1,569.95","1,590.00","1,527.30","1,535.55","1,541.15","1,542.37",562367,867380713.15,62066.0,340276.0,60.51
PRESTIGE,EQ,14-Nov-2024,"1,519.60","1,524.60","1,553.00","1,508.65","1,549.00","1,547.20","1,533.31",615995,944509128.55,65885.0,368517.0,59.82
PRESTIGE,EQ,13-Nov-2024,"1,592.60","1,587.70","1,590.55","1,505.95","1,535.05","1,519.60","1,528.04",861736,1316764632.65,83036.0,487213.0,56.54
PRESTIGE,EQ,12-Nov-2024,"1,612.25","1,600.05","1,633.00","1,580.00","1,588.00","1,592.60","1,609.19",403123,648703046.45,41103.0,220782.0,54.77
PRESTIGE,EQ,11-Nov-2024,"1,579.85","1,580.00","1,646.00","1,557.10","1,612.00","1,612.25","1,615.99",674221,1089535647.75,59494.0,261191.0,38.74
PRESTIGE,EQ,08-Nov-2024,"1,647.05","1,652.85","1,658.00","1,573.05","1,579.00","1,579.85","1,596.38",668541,1067245099.25,73446.0,472869.0,70.73
PRESTIGE,EQ,07-Nov-2024,"1,674.05","1,677.00","1,710.05","1,640.00","1,647.00","1,647.05","1,660.04",385607,640123728.7,51625.0,180402.0,46.78
PRESTIGE,EQ,06-Nov-2024,"1,599.70","1,618.00","1,713.00","1,606.30","1,673.30","1,674.05","1,673.15",1165166,1949497592.2,92112.0,454293.0,38.99
PRESTIGE,EQ,05-Nov-2024,"1,592.05","1,599.40","1,611.95","1,555.15","1,595.90","1,599.70","1,598.19",708228,1131884936.4,68678.0,468729.0,66.18
PRESTIGE,EQ,04-Nov-2024,"1,639.75","1,640.00","1,654.85","1,583.45","1,589.20","1,592.05","1,596.66",393884,628897590.25,47705.0,196509.0,49.89
PRESTIGE,EQ,01-Nov-2024,"1,636.45","1,636.45","1,671.95","1,619.95","1,633.00","1,639.75","1,649.60",70555,116387857.0,5876.0,27509.0,38.99
PRESTIGE,EQ,31-Oct-2024,"1,646.25","1,646.95","1,657.95","1,602.70","1,640.00","1,636.45","1,623.82",558521,906938809.65,51964.0,282245.0,50.53
PRESTIGE,EQ,30-Oct-2024,"1,604.90","1,575.00","1,675.00","1,530.00","1,648.80","1,646.25","1,638.88",1040037,1704495528.35,83591.0,546940.0,52.59
PRESTIGE,EQ,29-Oct-2024,"1,655.25","1,664.00","1,673.05","1,596.05","1,605.00","1,604.90","1,613.97",902504,1456613191.6,62381.0,566365.0,62.75
PRESTIGE,EQ,28-Oct-2024,"1,706.95","1,695.00","1,695.65","1,650.00","1,650.15","1,655.25","1,666.29",462706,771003061.35,42012.0,256972.0,55.54
PRESTIGE,EQ,25-Oct-2024,"1,692.00","1,685.05","1,729.00","1,645.20","1,688.50","1,706.95","1,682.23",296904,499462142.5,30625.0,114839.0,38.68
PRESTIGE,EQ,24-Oct-2024,"1,720.15","1,736.50","1,751.70","1,680.25","1,685.00","1,692.00","1,704.67",426800,727553654.2,45953.0,229942.0,53.88
PRESTIGE,EQ,23-Oct-2024,"1,718.50","1,699.90","1,725.95","1,663.25","1,713.00","1,720.15","1,706.57",390868,667043820.95,41562.0,187347.0,47.93
PRESTIGE,EQ,22-Oct-2024,"1,752.30","1,737.00","1,743.85","1,690.45","1,713.50","1,718.50","1,709.22",439341,750929569.95,33954.0,204052.0,46.45
PRESTIGE,EQ,21-Oct-2024,"1,766.80","1,773.00","1,791.90","1,725.05","1,731.10","1,752.30","1,767.51",380417,672391149.95,31833.0,199209.0,52.37
PRESTIGE,EQ,18-Oct-2024,"1,793.60","1,750.00","1,773.50","1,732.00","1,766.00","1,766.80","1,753.32",582412,1021152182.55,47871.0,248970.0,42.75
PRESTIGE,EQ,17-Oct-2024,"1,864.60","1,836.00","1,847.90","1,778.55","1,806.65","1,793.60","1,800.18",782319,1408317444.2,48107.0,389416.0,49.78
PRESTIGE,EQ,16-Oct-2024,"1,902.40","1,899.05","1,906.75","1,851.05","1,864.50","1,864.60","1,878.15",460772,865399859.45,26233.0,290645.0,63.08
PRESTIGE,EQ,15-Oct-2024,"1,855.65","1,865.00","1,909.85","1,851.55","1,897.00","1,902.40","1,882.80",479360,902537116.85,31616.0,239909.0,50.05
PRESTIGE,EQ,14-Oct-2024,"1,854.50","1,864.95","1,904.00","1,847.05","1,858.45","1,855.65","1,871.27",693775,1298242295.85,38566.0,330122.0,47.58
PRESTIGE,EQ,11-Oct-2024,"1,862.05","1,860.05","1,878.90","1,833.45","1,850.10","1,854.50","1,856.04",300548,557830282.05,24254.0,152839.0,50.85
PRESTIGE,EQ,10-Oct-2024,"1,858.20","1,870.00","1,870.00","1,840.05","1,855.25","1,862.05","1,857.47",495113,919656558.55,41901.0,272850.0,55.11
PRESTIGE,EQ,09-Oct-2024,"1,816.45","1,816.45","1,873.00","1,797.05","1,853.00","1,858.20","1,855.39",840242,1558974676.95,41510.0,529090.0,62.97
PRESTIGE,EQ,08-Oct-2024,"1,739.55","1,705.00","1,829.00","1,703.40","1,826.70","1,816.45","1,784.10",753857,1344956571.35,50945.0,382497.0,50.74
PRESTIGE,EQ,07-Oct-2024,"1,750.80","1,735.00","1,751.00","1,700.55","1,730.00","1,739.55","1,722.08",669474,1152891019.45,62971.0,317696.0,47.45
PRESTIGE,EQ,04-Oct-2024,"1,755.80","1,744.05","1,775.00","1,687.10","1,745.00","1,750.80","1,734.38",847689,1470218682.15,53038.0,320303.0,37.79
PRESTIGE,EQ,03-Oct-2024,"1,817.65","1,781.00","1,833.90","1,740.00","1,747.00","1,755.80","1,784.08",910056,1623609167.2,49332.0,498350.0,54.76
PRESTIGE,EQ,01-Oct-2024,"1,845.25","1,832.50","1,832.50","1,792.55","1,818.00","1,817.65","1,811.08",814457,1475044107.45,53549.0,384509.0,47.21
PRESTIGE,EQ,30-Sep-2024,"1,868.50","1,838.00","1,870.00","1,801.00","1,840.00","1,845.25","1,830.49",900018,1647474666.85,55851.0,393895.0,43.77
PRESTIGE,EQ,27-Sep-2024,"1,825.95","1,825.95","1,879.80","1,781.35","1,866.00","1,868.50","1,838.48",1135179,2087001965.45,54277.0,681772.0,60.06
PRESTIGE,EQ,26-Sep-2024,"1,840.10","1,850.00","1,915.00","1,797.15","1,826.60","1,825.95","1,838.77",1608171,2957048821.75,94442.0,628121.0,39.06
PRESTIGE,EQ,25-Sep-2024,"1,869.05","1,850.00","1,865.95","1,800.00","1,826.00","1,840.10","1,828.40",1475358,2697549922.85,74642.0,693487.0,47.00
PRESTIGE,EQ,24-Sep-2024,"1,892.40","1,900.00","1,928.80","1,847.40","1,869.00","1,869.05","1,873.99",1149021,2153255645.25,73490.0,674494.0,58.70
PRESTIGE,EQ,23-Sep-2024,"1,878.90","1,893.90","1,919.00","1,865.00","1,875.00","1,892.40","1,893.84",1017548,1927076954.6,49337.0,476992.0,46.88
PRESTIGE,EQ,20-Sep-2024,"1,899.50","1,889.00","1,951.75","1,866.90","1,875.10","1,878.90","1,892.99",1158294,2192636097.45,73493.0,579422.0,50.02
PRESTIGE,EQ,19-Sep-2024,"1,874.40","1,884.95","1,950.95","1,846.00","1,893.00","1,899.50","1,891.99",1464864,2771511689.75,84229.0,652378.0,44.54
PRESTIGE,EQ,18-Sep-2024,"1,917.40","1,917.00","1,917.00","1,855.00","1,873.00","1,874.40","1,884.78",797327,1502782601.7,52939.0,387590.0,48.61
PRESTIGE,EQ,17-Sep-2024,"1,834.90","1,847.70","1,972.00","1,801.15","1,908.20","1,917.40","1,896.62",3853977,7309523630.0,112522.0,2285017.0,59.29
PRESTIGE,EQ,16-Sep-2024,"1,858.60","1,851.20","1,891.60","1,805.00","1,834.00","1,834.90","1,840.29",1108831,2040569626.3,62939.0,524356.0,47.29
PRESTIGE,EQ,13-Sep-2024,"1,884.90","1,860.00","1,918.50","1,844.00","1,851.15","1,858.60","1,878.43",1374268,2581472582.25,73268.0,547231.0,39.82
PRESTIGE,EQ,12-Sep-2024,"1,789.25","1,794.00","1,919.40","1,775.00","1,865.00","1,884.90","1,844.96",1751409,3231283309.0,70517.0,757153.0,43.23
PRESTIGE,EQ,11-Sep-2024,"1,836.50","1,830.00","1,830.00","1,770.10","1,793.80","1,789.25","1,801.44",1271510,2290544011.95,72886.0,820936.0,64.56
PRESTIGE,EQ,10-Sep-2024,"1,801.05","1,807.80","1,854.00","1,771.00","1,821.95","1,836.50","1,808.01",1429192,2583997877.75,88331.0,839498.0,58.74
PRESTIGE,EQ,09-Sep-2024,"1,819.00","1,795.00","1,828.00","1,740.05","1,809.85","1,801.05","1,771.27",1793244,3176313797.3,103498.0,1066457.0,59.47
PRESTIGE,EQ,06-Sep-2024,"1,782.15","1,815.00","1,829.95","1,770.00","1,811.75","1,819.00","1,800.06",1224053,2203374518.55,47730.0,488997.0,39.95
PRESTIGE,EQ,05-Sep-2024,"1,868.65","1,870.00","1,884.90","1,765.10","1,785.00","1,782.15","1,801.69",1972935,3554613894.65,70339.0,1064824.0,53.97
PRESTIGE,EQ,04-Sep-2024,"1,786.75","1,780.05","1,881.00","1,757.25","1,880.00","1,868.65","1,817.24",1592631,2894198556.8,75962.0,763701.0,47.95
PRESTIGE,EQ,03-Sep-2024,"1,785.60","1,785.60","1,827.90","1,770.10","1,785.15","1,786.75","1,801.33",1515507,2729931382.95,77055.0,926996.0,61.17
PRESTIGE,EQ,02-Sep-2024,"1,813.15","1,789.70","1,845.00","1,776.00","1,784.90","1,785.60","1,801.94",1913058,3447211410.15,96558.0,1135941.0,59.38
PRESTIGE,EQ,30-Aug-2024,"1,725.55","1,755.00","1,871.65","1,738.80","1,790.00","1,813.15","1,812.13",22806543,41328329622.2,389191.0,13726672.0,60.19
PRESTIGE,EQ,29-Aug-2024,"1,714.50","1,730.00","1,757.45","1,692.35","1,753.00","1,725.55","1,736.27",2267184,3936453077.65,109030.0,1083264.0,47.78
PRESTIGE,EQ,28-Aug-2024,"1,706.30","1,718.35","1,762.90","1,697.00","1,725.10","1,714.50","1,728.33",1512626,2614316414.25,66720.0,800093.0,52.89
PRESTIGE,EQ,27-Aug-2024,"1,761.55","1,760.00","1,771.90","1,694.25","1,710.00","1,706.30","1,719.96",1752960,3015013704.95,69577.0,989886.0,56.47
PRESTIGE,EQ,26-Aug-2024,"1,677.65","1,681.40","1,774.00","1,655.00","1,750.00","1,761.55","1,716.72",1244073,2135719538.3,71442.0,603142.0,48.48
PRESTIGE,EQ,23-Aug-2024,"1,744.90","1,740.00","1,754.55","1,668.60","1,683.00","1,677.65","1,704.34",1075265,1832614258.8,71723.0,704092.0,65.48
PRESTIGE,EQ,22-Aug-2024,"1,739.55","1,758.60","1,765.55","1,715.00","1,739.00","1,744.90","1,741.91",656497,1143560606.15,42912.0,317081.0,48.30
PRESTIGE,EQ,21-Aug-2024,"1,771.15","1,772.10","1,775.00","1,728.05","1,740.00","1,739.55","1,748.67",811800,1419570263.15,42568.0,460450.0,56.72
PRESTIGE,EQ,20-Aug-2024,"1,841.60","1,840.00","1,841.60","1,761.30","1,768.30","1,771.15","1,782.71",763209,1360582476.05,54241.0,375867.0,49.25
PRESTIGE,EQ,19-Aug-2024,"1,817.25","1,847.25","1,878.50","1,836.15","1,840.00","1,841.60","1,852.24",798704,1479390516.8,55815.0,497780.0,62.32
PRESTIGE,EQ,16-Aug-2024,"1,787.50","1,805.00","1,844.90","1,790.50","1,812.05","1,817.25","1,813.36",981320,1779485802.05,66040.0,554031.0,56.46
PRESTIGE,EQ,14-Aug-2024,"1,778.05","1,788.40","1,858.50","1,775.60","1,789.00","1,787.50","1,806.64",1754791,3170279854.95,92049.0,924529.0,52.69
PRESTIGE,EQ,13-Aug-2024,"1,766.65","1,770.00","1,792.95","1,726.30","1,776.00","1,778.05","1,762.52",1227799,2164024725.75,82183.0,649244.0,52.88
PRESTIGE,EQ,12-Aug-2024,"1,718.15","1,715.10","1,771.00","1,693.20","1,763.20","1,766.65","1,744.79",826399,1441895990.6,66298.0,421096.0,50.96
PRESTIGE,EQ,09-Aug-2024,"1,669.00","1,698.00","1,725.00","1,666.60","1,713.00","1,718.15","1,703.66",662853,1129273903.15,48287.0,353040.0,53.26
PRESTIGE,EQ,08-Aug-2024,"1,646.75","1,649.05","1,698.50","1,649.05","1,663.20","1,669.00","1,680.12",955043,1604591150.1,62730.0,428575.0,44.87
PRESTIGE,EQ,07-Aug-2024,"1,635.85","1,681.00","1,695.00","1,632.50","1,649.05","1,646.75","1,648.85",706982,1165704622.0,48293.0,364212.0,51.52
PRESTIGE,EQ,06-Aug-2024,"1,623.45","1,695.00","1,714.75","1,628.30","1,655.60","1,635.85","1,673.39",1246359,2085642454.6,88516.0,491398.0,39.43
PRESTIGE,EQ,05-Aug-2024,"1,695.75","1,651.00","1,686.40","1,592.35","1,635.00","1,623.45","1,640.02",1881878,3086312898.6,117563.0,1016360.0,54.01
PRESTIGE,EQ,02-Aug-2024,"1,755.35","1,745.00","1,745.00","1,670.90","1,696.75","1,695.75","1,690.38",1919960,3245463480.85,130493.0,1267855.0,66.04
PRESTIGE,EQ,01-Aug-2024,"1,815.90","1,817.85","1,820.00","1,748.05","1,754.80","1,755.35","1,767.38",949470,1678076401.6,68607.0,555201.0,58.47
PRESTIGE,EQ,31-Jul-2024,"1,848.20","1,866.70","1,876.95","1,805.55","1,818.00","1,815.90","1,827.74",753139,1376545961.25,90135.0,473331.0,62.85
PRESTIGE,EQ,30-Jul-2024,"1,881.20","1,880.00","1,880.95","1,837.00","1,848.15","1,848.20","1,853.18",557791,1033687731.55,46797.0,286325.0,51.33
PRESTIGE,EQ,29-Jul-2024,"1,833.45","1,834.60","1,904.95","1,816.35","1,880.00","1,881.20","1,882.24",1161585,2186380485.55,76493.0,746072.0,64.23
PRESTIGE,EQ,26-Jul-2024,"1,850.05","1,854.95","1,917.00","1,820.00","1,827.70","1,833.45","1,857.05",829213,1539890423.95,73162.0,345721.0,41.69
PRESTIGE,EQ,25-Jul-2024,"1,887.75","1,887.75","1,887.75","1,829.85","1,850.00","1,850.05","1,853.75",1540843,2856335049.0,69232.0,1093190.0,70.95
PRESTIGE,EQ,24-Jul-2024,"1,762.25","1,765.00","1,900.00","1,755.75","1,880.00","1,887.75","1,855.56",1605106,2978367751.95,94588.0,693936.0,43.23
PRESTIGE,EQ,23-Jul-2024,"1,774.30","1,768.00","1,834.95","1,669.20","1,760.00","1,762.25","1,749.98",1357712,2375965712.9,82392.0,581041.0,42.80
PRESTIGE,EQ,22-Jul-2024,"1,787.50","1,746.05","1,793.35","1,733.75","1,785.00","1,774.30","1,759.81",711527,1252149310.65,59810.0,361254.0,50.77
PRESTIGE,EQ,19-Jul-2024,"1,756.60","1,761.00","1,795.00","1,712.45","1,776.00","1,787.50","1,761.45",853776,1503879718.2,80687.0,363671.0,42.60
PRESTIGE,EQ,18-Jul-2024,"1,807.95","1,805.00","1,832.00","1,730.00","1,760.00","1,756.60","1,773.21",928449,1646331409.5,84312.0,458531.0,49.39
PRESTIGE,EQ,16-Jul-2024,"1,754.65","1,751.00","1,854.70","1,751.00","1,803.30","1,807.95","1,821.25",2667043,4857358411.2,149940.0,1070321.0,40.13
PRESTIGE,EQ,15-Jul-2024,"1,765.15","1,751.00","1,788.95","1,701.55","1,759.00","1,754.65","1,746.30",1030909,1800277279.15,72139.0,486783.0,47.22
PRESTIGE,EQ,12-Jul-2024,"1,767.70","1,767.70","1,810.50","1,751.05","1,766.90","1,765.15","1,776.92",796464,1415251905.2,59511.0,371312.0,46.62
PRESTIGE,EQ,11-Jul-2024,"1,786.85","1,800.00","1,803.35","1,750.00","1,771.00","1,767.70","1,770.08",1444574,2557018464.2,45109.0,981307.0,67.93
PRESTIGE,EQ,10-Jul-2024,"1,782.45","1,795.00","1,804.70","1,739.45","1,791.90","1,786.85","1,779.07",810175,1441354940.45,54384.0,335743.0,41.44
PRESTIGE,EQ,09-Jul-2024,"1,778.50","1,777.05","1,804.70","1,765.00","1,782.00","1,782.45","1,787.04",524115,936611904.35,34384.0,282242.0,53.85
PRESTIGE,EQ,08-Jul-2024,"1,815.20","1,820.80","1,842.65","1,763.10","1,775.90","1,778.50","1,796.13",821746,1475962019.45,46902.0,385550.0,46.92
PRESTIGE,EQ,05-Jul-2024,"1,795.35","1,801.95","1,831.50","1,784.15","1,800.55","1,815.20","1,802.23",1371075,2470987857.85,45397.0,938741.0,68.47
PRESTIGE,EQ,04-Jul-2024,"1,799.70","1,802.20","1,825.65","1,776.25","1,792.00","1,795.35","1,802.19",1016524,1831965120.15,68203.0,525942.0,51.74
PRESTIGE,EQ,03-Jul-2024,"1,843.65","1,856.00","1,859.75","1,766.00","1,803.00","1,799.70","1,812.97",1250173,2266524859.4,71847.0,581198.0,46.49
PRESTIGE,EQ,02-Jul-2024,"1,840.40","1,852.00","1,884.50","1,817.65","1,839.00","1,843.65","1,852.30",1570874,2909734557.6,80090.0,853183.0,54.31
PRESTIGE,EQ,01-Jul-2024,"1,892.60","1,892.95","1,893.40","1,823.50","1,837.55","1,840.40","1,840.54",1143475,2104613736.8,67318.0,498137.0,43.56
PRESTIGE,EQ,28-Jun-2024,"1,855.10","1,863.95","1,916.05","1,830.20","1,889.95","1,892.60","1,882.50",1605160,3021708546.15,87258.0,909042.0,56.63
PRESTIGE,EQ,27-Jun-2024,"1,927.05","1,905.10","1,923.65","1,815.05","1,862.00","1,855.10","1,866.95",1394620,2603685914.95,95405.0,757920.0,54.35
PRESTIGE,EQ,26-Jun-2024,"1,989.80","2,005.50","2,025.00","1,906.85","1,919.00","1,927.05","1,978.52",1490105,2948205466.65,73262.0,922083.0,61.88
PRESTIGE,EQ,25-Jun-2024,"2,056.80","2,066.00","2,066.60","1,962.00","1,990.00","1,989.80","2,007.84",1358629,2727903725.6,101335.0,633314.0,46.61
PRESTIGE,EQ,24-Jun-2024,"1,983.20","2,039.00","2,074.80","1,942.80","2,035.00","2,056.80","2,018.84",1930738,3897859994.35,120206.0,743857.0,38.53
PRESTIGE,EQ,21-Jun-2024,"2,013.80","1,985.00","2,038.75","1,975.00","1,995.00","1,983.20","1,983.40",2424858,4809459129.9,79461.0,1820902.0,75.09
PRESTIGE,EQ,20-Jun-2024,"1,867.40","1,882.00","2,050.55","1,867.15","1,998.90","2,013.80","1,944.14",2237306,4349627260.35,116006.0,933417.0,41.72
PRESTIGE,EQ,19-Jun-2024,"1,935.15","1,929.05","1,929.05","1,837.00","1,872.00","1,867.40","1,871.10",1182059,2211751637.1,123868.0,651585.0,55.12
PRESTIGE,EQ,18-Jun-2024,"1,926.85","1,940.00","2,000.00","1,913.05","1,915.00","1,935.15","1,957.72",1509558,2955291007.05,100656.0,818359.0,54.21
PRESTIGE,EQ,14-Jun-2024,"1,872.60","1,910.95","1,998.00","1,901.00","1,916.00","1,926.85","1,945.29",1887272,3671285211.15,116703.0,547388.0,29.00
PRESTIGE,EQ,13-Jun-2024,"1,847.75","1,869.95","1,910.00","1,854.20","1,875.00","1,872.60","1,888.20",1025720,1936767868.35,72246.0,442737.0,43.16
PRESTIGE,EQ,12-Jun-2024,"1,872.25","1,867.60","1,870.00","1,802.35","1,840.00","1,847.75","1,836.08",1427538,2621076512.25,90681.0,584364.0,40.94
PRESTIGE,EQ,11-Jun-2024,"1,841.35","1,877.90","1,899.45","1,843.55","1,867.55","1,872.25","1,877.13",979758,1839131541.2,72457.0,404831.0,41.32
PRESTIGE,EQ,10-Jun-2024,"1,761.00","1,771.95","1,870.00","1,767.60","1,837.75","1,841.35","1,826.32",1800712,3288683989.5,118948.0,900782.0,50.02
PRESTIGE,EQ,07-Jun-2024,"1,759.35","1,784.00","1,822.00","1,723.40","1,747.00","1,761.00","1,747.63",1175405,2054169088.65,75020.0,585587.0,49.82
PRESTIGE,EQ,06-Jun-2024,"1,643.10","1,698.55","1,798.80","1,685.00","1,785.25","1,759.35","1,727.85",1288450,2226249517.3,93010.0,564109.0,43.78
PRESTIGE,EQ,05-Jun-2024,"1,511.75","1,506.05","1,736.30","1,386.05","1,705.00","1,643.10","1,543.38",2045541,3157050173.5,138159.0,861815.0,42.13
PRESTIGE,EQ,04-Jun-2024,"1,735.20","1,749.80","1,749.80","1,388.20","1,506.05","1,511.75","1,550.20",1835536,2845456114.0,122760.0,732097.0,39.88
PRESTIGE,EQ,03-Jun-2024,"1,597.55","1,675.00","1,785.00","1,664.10","1,730.35","1,735.20","1,718.61",2148632,3692667583.95,140191.0,662819.0,30.85
PRESTIGE,EQ,31-May-2024,"1,538.25","1,579.00","1,624.90","1,561.85","1,591.10","1,597.55","1,596.39",1529688,2441974100.9,76634.0,383805.0,25.09
PRESTIGE,EQ,30-May-2024,"1,505.10","1,512.65","1,552.00","1,506.35","1,549.00","1,538.25","1,528.37",941306,1438662406.65,77276.0,554443.0,58.90
PRESTIGE,EQ,29-May-2024,"1,552.05","1,534.60","1,600.40","1,496.90","1,505.00","1,505.10","1,545.36",1570831,2427496085.15,70497.0,922732.0,58.74
PRESTIGE,EQ,28-May-2024,"1,611.50","1,611.50","1,633.05","1,503.00","1,552.00","1,552.05","1,584.62",601868,953731819.5,47813.0,221236.0,36.76
PRESTIGE,EQ,27-May-2024,"1,618.45","1,637.90","1,649.40","1,603.05","1,607.10","1,611.50","1,623.31",732570,1189188545.4,46521.0,346921.0,47.36
PRESTIGE,EQ,24-May-2024,"1,658.50","1,652.05","1,674.00","1,600.00","1,623.00","1,618.45","1,619.71",795315,1288181347.75,62035.0,429590.0,54.02
PRESTIGE,EQ,23-May-2024,"1,603.55","1,615.00","1,676.00","1,597.50","1,652.20","1,658.50","1,626.19",711000,1156223323.9,46914.0,403219.0,56.71
PRESTIGE,EQ,22-May-2024,"1,598.90","1,599.95","1,645.00","1,580.00","1,607.00","1,603.55","1,607.54",1465733,2356220523.5,73654.0,960318.0,65.52
PRESTIGE,EQ,21-May-2024,"1,600.20","1,600.20","1,634.85","1,556.35","1,597.95","1,598.90","1,595.74",811232,1294513088.1,71241.0,332699.0,41.01
PRESTIGE,EQ,18-May-2024,"1,561.40","1,566.00","1,615.00","1,561.55","1,601.50","1,600.20","1,595.56",124240,198231824.45,6545.0,54671.0,44.00
PRESTIGE,EQ,17-May-2024,"1,524.80","1,530.00","1,590.00","1,510.05","1,557.50","1,561.40","1,562.94",888136,1388103465.85,73546.0,346989.0,39.07
PRESTIGE,EQ,16-May-2024,"1,545.05","1,555.00","1,582.40","1,515.00","1,524.90","1,524.80","1,528.85",1195071,1827088303.85,88147.0,670319.0,56.09
PRESTIGE,EQ,15-May-2024,"1,490.30","1,492.45","1,557.00","1,480.05","1,543.70","1,545.05","1,542.43",1072564,1654350470.45,86079.0,492210.0,45.89
PRESTIGE,EQ,14-May-2024,"1,482.60","1,482.60","1,539.00","1,477.10","1,490.60","1,490.30","1,510.93",864669,1306454676.9,66361.0,427346.0,49.42
PRESTIGE,EQ,13-May-2024,"1,519.60","1,480.00","1,499.75","1,426.95","1,468.00","1,482.60","1,461.03",1185236,1731659739.05,81586.0,539652.0,45.53
PRESTIGE,EQ,10-May-2024,"1,488.55","1,488.55","1,537.25","1,426.15","1,505.05","1,519.60","1,479.34",1082573,1601492700.45,84523.0,442869.0,40.91
PRESTIGE,EQ,09-May-2024,"1,546.80","1,540.00","1,541.80","1,461.15","1,486.00","1,488.55","1,499.84",1244138,1866012980.95,90642.0,668330.0,53.72
PRESTIGE,EQ,08-May-2024,"1,470.65","1,470.00","1,562.85","1,422.00","1,537.00","1,546.80","1,511.37",1535933,2321368968.7,95485.0,687929.0,44.79
PRESTIGE,EQ,07-May-2024,"1,557.50","1,548.60","1,559.00","1,421.65","1,468.00","1,470.65","1,471.27",1804645,2655125131.6,118632.0,611166.0,33.87
PRESTIGE,EQ,06-May-2024,"1,460.60","1,482.00","1,566.00","1,427.30","1,544.70","1,557.50","1,514.27",1891822,2864735082.65,132178.0,722791.0,38.21
PRESTIGE,EQ,03-May-2024,"1,400.85","1,411.85","1,478.25","1,400.50","1,460.00","1,460.60","1,454.69",2627902,3822779997.0,118910.0,1846752.0,70.27
PRESTIGE,EQ,02-May-2024,"1,380.25","1,375.95","1,415.00","1,354.35","1,410.00","1,400.85","1,392.39",698169,972120349.4,53750.0,398052.0,57.01
PRESTIGE,EQ,30-Apr-2024,"1,327.05","1,331.25","1,390.00","1,318.60","1,378.00","1,380.25","1,365.30",815384,1113244371.6,55833.0,454602.0,55.75
PRESTIGE,EQ,29-Apr-2024,"1,354.90","1,362.80","1,374.75","1,322.30","1,326.00","1,327.05","1,341.77",401616,538877572.0,34195.0,242679.0,60.43
PRESTIGE,EQ,26-Apr-2024,"1,310.90","1,291.00","1,360.00","1,291.00","1,355.25","1,354.90","1,344.21",562076,755546237.35,40164.0,402097.0,71.54
PRESTIGE,EQ,25-Apr-2024,"1,311.00","1,309.95","1,316.25","1,287.00","1,305.70","1,310.90","1,302.32",281549,366666709.75,27828.0,162693.0,57.78
PRESTIGE,EQ,24-Apr-2024,"1,287.45","1,295.00","1,317.25","1,280.90","1,315.00","1,311.00","1,297.57",366978,476180910.15,30059.0,250802.0,68.34
PRESTIGE,EQ,23-Apr-2024,"1,242.90","1,251.95","1,290.00","1,248.45","1,289.50","1,287.45","1,270.41",573231,728239298.6,33016.0,396949.0,69.25
PRESTIGE,EQ,22-Apr-2024,"1,231.05","1,234.50","1,273.00","1,231.00","1,250.00","1,242.90","1,254.31",1768616,2218384023.45,29560.0,1591737.0,90.00
PRESTIGE,EQ,19-Apr-2024,"1,227.15","1,203.00","1,244.00","1,195.70","1,224.00","1,231.05","1,231.62",448359,552207769.95,48055.0,291746.0,65.07
PRESTIGE,EQ,18-Apr-2024,"1,203.15","1,206.05","1,249.80","1,201.05","1,225.00","1,227.15","1,234.42",1086324,1340978571.75,40737.0,879828.0,80.99
PRESTIGE,EQ,16-Apr-2024,"1,217.45","1,217.80","1,243.75","1,199.15","1,205.00","1,203.15","1,213.71",530342,643682087.5,44672.0,365230.0,68.87
PRESTIGE,EQ,15-Apr-2024,"1,190.65","1,166.00","1,238.95","1,160.05","1,219.00","1,217.45","1,213.13",752583,912980455.25,50607.0,417729.0,55.51
PRESTIGE,EQ,12-Apr-2024,"1,248.35","1,238.00","1,246.90","1,180.00","1,198.00","1,190.65","1,214.81",1085911,1319170632.15,66830.0,728294.0,67.07
PRESTIGE,EQ,10-Apr-2024,"1,258.25","1,265.50","1,286.30","1,235.25","1,244.00","1,248.35","1,260.48",293819,370354193.3,23811.0,161961.0,55.12
PRESTIGE,EQ,09-Apr-2024,"1,275.45","1,295.00","1,317.70","1,250.00","1,266.00","1,258.25","1,273.44",595545,758390087.3,40323.0,310052.0,52.06
PRESTIGE,EQ,08-Apr-2024,"1,291.80","1,309.00","1,328.00","1,262.05","1,271.75","1,275.45","1,295.30",1184371,1534115760.95,46453.0,663029.0,55.98
PRESTIGE,EQ,05-Apr-2024,"1,304.40","1,338.00","1,349.80","1,283.00","1,295.00","1,291.80","1,304.90",794266,1036441283.55,65164.0,418420.0,52.68
PRESTIGE,EQ,04-Apr-2024,"1,301.55","1,299.95","1,320.00","1,262.45","1,312.00","1,304.40","1,294.18",803341,1039665455.1,57330.0,401044.0,49.92
PRESTIGE,EQ,03-Apr-2024,"1,313.65","1,308.10","1,338.35","1,271.00","1,293.00","1,301.55","1,315.24",790813,1040110802.05,52728.0,445927.0,56.39
PRESTIGE,EQ,02-Apr-2024,"1,267.05","1,279.75","1,344.50","1,279.25","1,307.70","1,313.65","1,323.54",1813880,2400734133.5,83808.0,990459.0,54.60
PRESTIGE,EQ,01-Apr-2024,"1,170.00","1,188.00","1,274.00","1,188.00","1,253.00","1,267.05","1,244.07",931780,1159203126.85,55182.0,503594.0,54.05
PRESTIGE,EQ,28-Mar-2024,"1,190.75","1,181.00","1,193.55","1,136.05","1,175.00","1,170.00","1,165.67",962594,1122066696.0,54938.0,543635.0,56.48
PRESTIGE,EQ,27-Mar-2024,"1,150.20","1,154.90","1,197.90","1,154.90","1,181.00","1,190.75","1,180.20",737202,870048852.5,41889.0,534613.0,72.52
PRESTIGE,EQ,26-Mar-2024,"1,100.50","1,119.00","1,157.20","1,112.05","1,146.00","1,150.20","1,139.38",1069965,1219093892.0,56206.0,781141.0,73.01
PRESTIGE,EQ,22-Mar-2024,"1,048.65","1,065.50","1,119.40","1,065.00","1,100.00","1,100.50","1,098.36",1096113,1203924865.65,57622.0,619244.0,56.49
PRESTIGE,EQ,21-Mar-2024,"1,036.55","1,047.05","1,069.00","1,007.20","1,035.00","1,048.65","1,041.18",1322879,1377354149.4,60125.0,879861.0,66.51
PRESTIGE,EQ,20-Mar-2024,992.60,998.00,"1,045.95",995.00,"1,033.00","1,036.55","1,024.70",531753,544889633.4,37287.0,280476.0,52.75
PRESTIGE,EQ,19-Mar-2024,"1,005.15","1,005.00","1,014.00",967.30,994.75,992.60,988.21,830869,821073684.35,69120.0,480802.0,57.87
PRESTIGE,EQ,18-Mar-2024,"1,043.50","1,020.00","1,038.85",995.00,"1,004.00","1,005.15","1,007.35",1256250,1265485267.3,96566.0,746114.0,59.39
PRESTIGE,EQ,15-Mar-2024,"1,071.70","1,066.85","1,097.90","1,025.00","1,031.00","1,043.50","1,046.72",2567838,2687816100.25,78935.0,1337044.0,52.07
PRESTIGE,EQ,14-Mar-2024,"1,123.00","1,093.00","1,119.45","1,061.55","1,072.90","1,071.70","1,086.50",1363698,1481655556.8,68766.0,889247.0,65.21
PRESTIGE,EQ,13-Mar-2024,"1,158.40","1,135.20","1,159.00","1,048.25","1,106.85","1,123.00","1,105.01",2104976,2326016622.55,135743.0,1307405.0,62.11
PRESTIGE,EQ,12-Mar-2024,"1,179.65","1,182.85","1,202.75","1,113.05","1,150.00","1,158.40","1,142.90",961616,1099034089.15,68687.0,615021.0,63.96
PRESTIGE,EQ,11-Mar-2024,"1,181.15","1,181.15","1,189.80","1,160.35","1,180.00","1,179.65","1,177.33",569650,670666879.1,37243.0,368135.0,64.62
PRESTIGE,EQ,07-Mar-2024,"1,195.35","1,210.00","1,246.75","1,159.05","1,185.00","1,181.15","1,180.56",512742,605323374.75,37841.0,248720.0,48.51
PRESTIGE,EQ,06-Mar-2024,"1,194.60","1,191.90","1,211.45","1,180.00","1,195.00","1,195.35","1,197.04",579147,693264302.0,34913.0,346176.0,59.77
PRESTIGE,EQ,05-Mar-2024,"1,180.00","1,187.00","1,202.00","1,168.90","1,195.00","1,194.60","1,186.83",613674,728329722.8,34387.0,414824.0,67.60
PRESTIGE,EQ,04-Mar-2024,"1,213.35","1,213.00","1,213.00","1,173.15","1,180.00","1,180.00","1,180.75",931156,1099464724.25,52571.0,656483.0,70.50
PRESTIGE,EQ,02-Mar-2024,"1,167.45","1,165.05","1,225.80","1,165.05","1,205.00","1,213.35","1,206.95",110254,133070683.35,3637.0,64416.0,58.43
PRESTIGE,EQ,01-Mar-2024,"1,166.75","1,154.30","1,185.95","1,143.15","1,163.10","1,167.45","1,168.88",805788,941869000.65,43080.0,530781.0,65.87
PRESTIGE,EQ,29-Feb-2024,"1,229.05","1,201.10","1,218.40","1,132.70","1,154.00","1,166.75","1,167.38",5787071,6755687586.65,117645.0,4036707.0,69.75
PRESTIGE,EQ,28-Feb-2024,"1,209.95","1,209.95","1,246.70","1,162.00","1,195.00","1,229.05","1,211.63",879240,1065310948.7,69542.0,488743.0,55.59
PRESTIGE,EQ,27-Feb-2024,"1,222.90","1,216.25","1,232.60","1,190.00","1,206.00","1,209.95","1,206.52",983837,1187021101.9,54873.0,760342.0,77.28
PRESTIGE,EQ,26-Feb-2024,"1,230.40","1,223.00","1,254.80","1,214.00","1,225.10","1,222.90","1,231.24",285015,350923098.2,30723.0,146351.0,51.35
PRESTIGE,EQ,23-Feb-2024,"1,212.10","1,221.50","1,267.00","1,210.85","1,218.00","1,230.40","1,249.88",1389711,1736978552.55,55219.0,1012186.0,72.83
PRESTIGE,EQ,22-Feb-2024,"1,190.25","1,190.10","1,228.85","1,189.00","1,208.35","1,212.10","1,210.05",645625,781240624.65,48125.0,357804.0,55.42
PRESTIGE,EQ,21-Feb-2024,"1,164.50","1,168.80","1,204.10","1,166.00","1,193.00","1,190.25","1,194.16",837602,1000234419.4,49450.0,537094.0,64.12
PRESTIGE,EQ,20-Feb-2024,"1,162.65","1,169.80","1,183.90","1,133.80","1,165.00","1,164.50","1,161.53",642882,746727813.6,50849.0,378044.0,58.80
PRESTIGE,EQ,19-Feb-2024,"1,197.85","1,215.00","1,228.45","1,151.50","1,155.00","1,162.65","1,174.76",650188,763813130.15,48978.0,331107.0,50.92
PRESTIGE,EQ,16-Feb-2024,"1,132.50","1,142.90","1,214.00","1,125.25","1,186.00","1,197.85","1,187.83",650945,773210160.25,53577.0,309572.0,47.56
PRESTIGE,EQ,15-Feb-2024,"1,100.75","1,126.95","1,140.45","1,104.10","1,130.30","1,132.50","1,121.87",1092414,1225548163.2,51274.0,844812.0,77.33
PRESTIGE,EQ,14-Feb-2024,"1,143.30","1,050.00","1,149.80","1,043.30","1,106.00","1,100.75","1,100.38",1021950,1124528972.45,73855.0,620958.0,60.76
PRESTIGE,EQ,13-Feb-2024,"1,175.05","1,140.00","1,164.95","1,101.00","1,141.40","1,143.30","1,140.34",643137,733393991.1,50429.0,382451.0,59.47
PRESTIGE,EQ,12-Feb-2024,"1,202.50","1,203.10","1,224.30","1,151.15","1,171.05","1,175.05","1,183.07",357708,423195168.2,37718.0,190295.0,53.20
PRESTIGE,EQ,09-Feb-2024,"1,212.45","1,212.45","1,219.85","1,157.50","1,195.05","1,202.50","1,191.33",558738,665643792.0,44472.0,346489.0,62.01
PRESTIGE,EQ,08-Feb-2024,"1,226.45","1,224.00","1,240.95","1,201.05","1,215.45","1,212.45","1,227.83",611497,750817099.7,30962.0,451676.0,73.86
PRESTIGE,EQ,07-Feb-2024,"1,222.90","1,237.00","1,254.85","1,206.95","1,210.00","1,226.45","1,239.95",281927,349574737.85,28553.0,151826.0,53.85
PRESTIGE,EQ,06-Feb-2024,"1,200.25","1,200.95","1,249.90","1,195.80","1,224.25","1,222.90","1,224.27",267190,327113289.95,38573.0,145749.0,54.55
PRESTIGE,EQ,05-Feb-2024,"1,211.80","1,180.00","1,229.70","1,163.00","1,207.80","1,200.25","1,198.50",785469,941386759.15,64631.0,357587.0,45.53
PRESTIGE,EQ,02-Feb-2024,"1,241.70","1,248.00","1,269.60","1,190.35","1,204.00","1,211.80","1,242.61",406348,504933732.6,32628.0,204833.0,50.41
PRESTIGE,EQ,01-Feb-2024,"1,265.40","1,265.40","1,272.95","1,226.30","1,240.00","1,241.70","1,242.85",418078,519609367.45,40978.0,213709.0,51.12
PRESTIGE,EQ,31-Jan-2024,"1,216.65","1,228.90","1,302.95","1,217.00","1,258.95","1,265.40","1,244.27",908595,1130537780.6,51765.0,569611.0,62.69
PRESTIGE,EQ,30-Jan-2024,"1,212.80","1,215.00","1,230.95","1,195.35","1,204.00","1,216.65","1,210.79",977333,1183345278.35,48771.0,673454.0,68.91
PRESTIGE,EQ,29-Jan-2024,"1,204.70","1,205.00","1,230.25","1,162.80","1,202.00","1,212.80","1,194.85",1005109,1200951311.15,64781.0,586724.0,58.37
PRESTIGE,EQ,25-Jan-2024,"1,196.50","1,180.10","1,257.00","1,145.05","1,177.00","1,204.70","1,179.87",1327051,1565742473.55,74714.0,778600.0,58.67
PRESTIGE,EQ,24-Jan-2024,"1,136.45","1,145.00","1,262.25","1,065.20","1,180.10","1,196.50","1,150.66",2350268,2704353186.95,155790.0,1124019.0,47.83
PRESTIGE,EQ,23-Jan-2024,"1,286.70","1,295.60","1,299.90","1,077.45","1,150.00","1,136.45","1,179.43",1523802,1797214886.0,105219.0,698279.0,45.82
PRESTIGE,EQ,20-Jan-2024,"1,276.20","1,287.50","1,317.70","1,282.40","1,289.95","1,286.70","1,300.70",272214,354068792.25,16546.0,152696.0,56.09
PRESTIGE,EQ,19-Jan-2024,"1,302.10","1,318.80","1,324.05","1,235.00","1,285.00","1,276.20","1,276.17",853862,1089671261.75,55381.0,344057.0,40.29
PRESTIGE,EQ,18-Jan-2024,"1,288.90","1,288.90","1,318.25","1,226.00","1,296.00","1,302.10","1,288.40",863090,1112005487.1,77502.0,423338.0,49.05
PRESTIGE,EQ,17-Jan-2024,"1,322.70","1,302.00","1,311.05","1,273.00","1,295.90","1,288.90","1,290.57",659790,851507005.0,46621.0,349016.0,52.90
PRESTIGE,EQ,16-Jan-2024,"1,353.90","1,365.00","1,397.70","1,281.50","1,315.00","1,322.70","1,325.43",1382518,1832426255.15,91523.0,726706.0,52.56
PRESTIGE,EQ,15-Jan-2024,"1,380.55","1,395.10","1,440.00","1,335.20","1,366.95","1,353.90","1,402.30",1173631,1645786780.8,88625.0,710180.0,60.51
PRESTIGE,EQ,12-Jan-2024,"1,378.20","1,375.10","1,412.00","1,355.75","1,375.00","1,380.55","1,389.84",955729,1328307482.95,75017.0,586722.0,61.39
PRESTIGE,EQ,11-Jan-2024,"1,364.10","1,370.00","1,410.00","1,348.70","1,369.90","1,378.20","1,376.14",1206845,1660791939.65,94149.0,781472.0,64.75
PRESTIGE,EQ,10-Jan-2024,"1,335.50","1,385.95","1,385.95","1,325.00","1,359.00","1,364.10","1,350.29",1553858,2098152584.75,74787.0,1060301.0,68.24
PRESTIGE,EQ,09-Jan-2024,"1,329.25","1,326.85","1,350.00","1,305.30","1,345.00","1,335.50","1,331.50",734779,978360642.4,59099.0,466031.0,63.42
PRESTIGE,EQ,08-Jan-2024,"1,329.65","1,336.05","1,364.55","1,311.55","1,319.90","1,329.25","1,341.07",1191345,1597677947.6,73260.0,735938.0,61.77
PRESTIGE,EQ,05-Jan-2024,"1,355.35","1,343.15","1,383.05","1,313.05","1,334.95","1,329.65","1,344.81",1476137,1985124643.7,93504.0,895481.0,60.66
PRESTIGE,EQ,04-Jan-2024,"1,258.25","1,244.55","1,416.90","1,240.00","1,328.80","1,355.35","1,324.27",1903112,2520239314.4,94631.0,957100.0,50.29
PRESTIGE,EQ,03-Jan-2024,"1,201.60","1,194.05","1,311.15","1,188.00","1,228.00","1,258.25","1,240.96",723269,897544736.4,41174.0,395887.0,54.74
PRESTIGE,EQ,02-Jan-2024,"1,188.70","1,180.10","1,219.65","1,171.40","1,179.90","1,201.60","1,200.81",547303,657207540.85,36697.0,310274.0,56.69
PRESTIGE,EQ,01-Jan-2024,"1,178.90","1,162.90","1,212.90","1,160.00","1,170.00","1,188.70","1,193.09",826558,986154374.05,41973.0,627980.0,75.98
PRESTIGE,EQ,29-Dec-2023,"1,150.80","1,155.00","1,185.85","1,142.00","1,159.70","1,178.90","1,167.71",858059,1001961346.05,31033.0,615984.0,71.79
PRESTIGE,EQ,26-Dec-2025,"1,618.00","1,602.90","1,649.90","1,592.30","1,602.20","1,609.60","1,626.89",1476794,2402587692.5,51704.0,425936.0,28.84
PRESTIGE,EQ,24-Dec-2025,"1,604.80","1,612.00","1,628.90","1,592.90","1,624.00","1,618.00","1,608.17",955987,1537389680.2,35709.0,307860.0,32.2
PRESTIGE,EQ,23-Dec-2025,"1,603.10","1,619.00","1,619.80","1,596.00","1,604.00","1,604.80","1,604.59",565356,907167055.1,28768.0,217552.0,38.48
PRESTIGE,EQ,22-Dec-2025,"1,624.10","1,639.00","1,639.00","1,600.00","1,607.80","1,603.10","1,617.34",461227,745962386.1,23161.0,289063.0,62.67
PRESTIGE,EQ,19-Dec-2025,"1,600.20","1,614.50","1,630.00","1,599.50","1,617.50","1,624.10","1,618.96",413389,669261752.4,21519.0,179702.0,43.47
PRESTIGE,EQ,18-Dec-2025,"1,607.40","1,601.50","1,617.20","1,582.00","1,596.50","1,600.20","1,601.58",225620,361349021.2,18273.0,109229.0,48.41
PRESTIGE,EQ,17-Dec-2025,"1,627.90","1,631.90","1,635.00","1,595.70","1,601.20","1,607.40","1,608.50",446737,718574962.9,10971.0,296626.0,66.4
PRESTIGE,EQ,16-Dec-2025,"1,655.40","1,655.40","1,660.00","1,614.20","1,624.90","1,627.90","1,626.08",372793,606189461.4,20068.0,182055.0,48.84
PRESTIGE,EQ,15-Dec-2025,"1,660.90","1,655.00","1,669.70","1,631.10","1,649.70","1,655.40","1,646.00",364168,599421676.0,34739.0,197870.0,54.33
PRESTIGE,EQ,12-Dec-2025,"1,652.20","1,645.00","1,684.90","1,626.30","1,659.70","1,660.90","1,663.83",433075,720562371.8,31123.0,160374.0,37.03
PRESTIGE,EQ,11-Dec-2025,"1,618.40","1,618.40","1,662.60","1,615.40","1,649.50","1,652.20","1,645.35",418283,688221428.4,21614.0,177335.0,42.4
PRESTIGE,EQ,10-Dec-2025,"1,632.90","1,643.20","1,650.70","1,611.80","1,615.30","1,618.40","1,628.32",480923,783096214.2,26862.0,237490.0,49.38
PRESTIGE,EQ,09-Dec-2025,"1,610.00","1,600.00","1,648.80","1,588.10","1,637.40","1,632.90","1,621.62",488428,792043270.1,31140.0,192650.0,39.44
PRESTIGE,EQ,08-Dec-2025,"1,689.70","1,692.30","1,711.80","1,594.20","1,609.00","1,610.00","1,615.77",1031872,1667270368.3,64971.0,648646.0,62.86
PRESTIGE,EQ,05-Dec-2025,"1,659.20","1,659.20","1,699.90","1,652.10","1,691.20","1,689.70","1,685.61",428649,722535710.4,24990.0,130310.0,30.4
PRESTIGE,EQ,04-Dec-2025,"1,642.20","1,642.00","1,667.10","1,629.30","1,657.40","1,659.20","1,652.54",188376,311298881.2,18627.0,88981.0,47.24
PRESTIGE,EQ,03-Dec-2025,"1,652.50","1,658.20","1,660.00","1,630.50","1,640.00","1,642.20","1,642.95",140072,230131698.7,22196.0,64014.0,45.7
PRESTIGE,EQ,02-Dec-2025,"1,659.20","1,659.20","1,669.90","1,625.50","1,651.10","1,652.50","1,654.30",260818,431470857.6,19451.0,146573.0,56.2
PRESTIGE,EQ,01-Dec-2025,"1,677.30","1,680.10","1,690.20","1,643.20","1,658.90","1,659.20","1,664.56",271498,451923611.6,23180.0,122690.0,45.19
PRESTIGE,EQ,28-Nov-2025,"1,669.50","1,660.00","1,682.60","1,657.90","1,673.00","1,677.30","1,672.15",251437,420440168.0,19389.0,125788.0,50.03
PRESTIGE,EQ,27-Nov-2025,"1,667.80","1,680.00","1,693.00","1,657.80","1,665.50","1,669.50","1,670.05",203471,339807533.0,17741.0,74546.0,36.64
PRESTIGE,EQ,26-Nov-2025,"1,655.90","1,635.90","1,684.40","1,635.90","1,683.70","1,667.80","1,664.92",679574,1131433164.1,35091.0,368038.0,54.16
PRESTIGE,EQ,25-Nov-2025,"1,631.30","1,633.00","1,677.90","1,622.50","1,646.00","1,655.90","1,660.71",947658,1573782689.9,45666.0,457770.0,48.31
PRESTIGE,EQ,24-Nov-2025,"1,688.50","1,699.40","1,711.90","1,621.20","1,633.90","1,631.30","1,644.36",1138372,1871892183.6,39800.0,683533.0,60.04
PRESTIGE,EQ,21-Nov-2025,"1,717.20","1,718.00","1,735.00","1,676.10","1,691.00","1,688.50","1,691.22",442988,749188139.2,18682.0,233370.0,52.68
PRESTIGE,EQ,20-Nov-2025,"1,717.30","1,725.00","1,729.90","1,699.10","1,724.00","1,717.20","1,711.16",487889,834858352.6,21949.0,245904.0,50.4
PRESTIGE,EQ,19-Nov-2025,"1,722.30","1,725.10","1,738.30","1,703.10","1,720.00","1,717.30","1,719.42",844878,1452701201.1,37314.0,383647.0,45.41
PRESTIGE,EQ,18-Nov-2025,"1,753.20","1,760.00","1,764.10","1,715.00","1,722.30","1,722.30","1,730.92",478489,828228428.1,29212.0,200674.0,41.94
PRESTIGE,EQ,17-Nov-2025,"1,744.90","1,762.30","1,778.40","1,740.00","1,754.70","1,753.20","1,755.90",400973,704069266.9,22045.0,166114.0,41.43
PRESTIGE,EQ,14-Nov-2025,"1,755.20","1,750.00","1,758.80","1,703.50","1,749.00","1,744.90","1,733.12",701183,1215232218.4,35437.0,144627.0,20.63
PRESTIGE,EQ,13-Nov-2025,"1,701.20","1,721.00","1,776.50","1,720.00","1,751.90","1,755.20","1,752.73",1755417,3076778499.1,82174.0,511622.0,29.15
PRESTIGE,EQ,12-Nov-2025,"1,758.60","1,766.00","1,781.40","1,693.00","1,695.80","1,701.20","1,735.10",683080,1185214626.0,38564.0,345282.0,50.55
PRESTIGE,EQ,11-Nov-2025,"1,750.70","1,756.00","1,772.90","1,736.00","1,765.00","1,758.60","1,755.10",243017,426518093.8,24219.0,99753.0,41.05
PRESTIGE,EQ,10-Nov-2025,"1,738.60","1,744.50","1,760.80","1,734.50","1,752.30","1,750.70","1,748.20",750870,1312673177.4,32066.0,576356.0,76.76
PRESTIGE,EQ,07-Nov-2025,"1,725.20","1,725.10","1,744.40","1,698.00","1,736.00","1,738.60","1,728.58",277342,479407259.5,20116.0,125270.0,45.17
PRESTIGE,EQ,06-Nov-2025,"1,746.50","1,754.60","1,760.00","1,718.20","1,725.20","1,725.20","1,731.96",520525,901528798.9,26958.0,321616.0,61.79
PRESTIGE,EQ,04-Nov-2025,"1,780.70","1,780.70","1,786.20","1,740.40","1,745.80","1,746.50","1,761.48",227441,400633530.5,17646.0,99915.0,43.93
PRESTIGE,EQ,03-Nov-2025,"1,744.70","1,737.00","1,805.20","1,735.40","1,782.40","1,780.70","1,784.39",888848,1586054956.4,23995.0,601259.0,67.64
PRESTIGE,EQ,31-Oct-2025,"1,755.30","1,755.70","1,778.00","1,739.50","1,752.00","1,744.70","1,756.41",508487,893109486.2,21760.0,325236.0,63.96
PRESTIGE,EQ,30-Oct-2025,"1,753.10","1,758.00","1,770.30","1,745.10","1,751.10","1,755.30","1,757.58",379062,666231834.2,18815.0,229156.0,60.45
PRESTIGE,EQ,29-Oct-2025,"1,758.20","1,758.20","1,762.70","1,741.60","1,758.00","1,753.10","1,750.54",175019,306377289.4,13792.0,84976.0,48.55
PRESTIGE,EQ,28-Oct-2025,"1,784.80","1,784.80","1,784.80","1,742.90","1,759.20","1,758.20","1,759.97",235997,415346681.8,16624.0,98429.0,41.71
PRESTIGE,EQ,27-Oct-2025,"1,754.10","1,755.00","1,798.70","1,754.10","1,780.00","1,784.80","1,787.72",1263012,2257907803.9,34404.0,829914.0,65.71
PRESTIGE,EQ,24-Oct-2025,"1,737.10","1,737.10","1,765.70","1,728.50","1,758.00","1,754.10","1,753.56",676434,1186167517.2,28665.0,390120.0,57.67
PRESTIGE,EQ,23-Oct-2025,"1,713.40","1,719.90","1,746.10","1,707.70","1,739.00","1,737.10","1,732.65",708940,1228342156.6,25949.0,429684.0,60.61
PRESTIGE,EQ,21-Oct-2025,"1,717.50","1,722.90","1,728.40","1,706.10","1,712.10","1,713.40","1,713.54",33552,57492849.6,3150.0,14007.0,41.75
PRESTIGE,EQ,20-Oct-2025,"1,706.20","1,714.20","1,739.00","1,693.10","1,720.20","1,717.50","1,722.43",467100,804547672.5,26871.0,225008.0,48.17
PRESTIGE,EQ,17-Oct-2025,"1,696.90","1,680.80","1,726.00","1,680.20","1,693.80","1,706.20","1,710.16",866730,1482243820.4,41566.0,454016.0,52.38
PRESTIGE,EQ,16-Oct-2025,"1,676.00","1,677.20","1,714.90","1,677.20","1,690.00","1,696.90","1,699.58",1021953,1736892898.3,40351.0,493325.0,48.27
PRESTIGE,EQ,15-Oct-2025,"1,603.60","1,600.00","1,700.00","1,593.40","1,684.50","1,676.00","1,675.90",2176330,3647309852.5,70041.0,830438.0,38.16
PRESTIGE,EQ,14-Oct-2025,"1,614.60","1,629.60","1,629.60","1,585.40","1,604.40","1,603.60","1,600.60",632529,1012429052.5,19413.0,352758.0,55.77
PRESTIGE,EQ,13-Oct-2025,"1,621.60","1,615.00","1,635.80","1,602.10","1,610.80","1,614.60","1,619.33",751584,1217062467.9,33356.0,392525.0,52.23
PRESTIGE,EQ,10-Oct-2025,"1,582.90","1,575.00","1,638.00","1,572.00","1,619.00","1,621.60","1,618.38",1415750,2291221146.2,75931.0,568966.0,40.19
PRESTIGE,EQ,09-Oct-2025,"1,513.80","1,570.00","1,618.80","1,553.30","1,584.40","1,582.90","1,579.32",3660768,5781524003.7,117273.0,670777.0,18.32
PRESTIGE,EQ,08-Oct-2025,"1,530.60","1,520.00","1,534.00","1,505.00","1,507.10","1,513.80","1,517.28",255887,388252931.7,18618.0,102353.0,40.0
PRESTIGE,EQ,07-Oct-2025,"1,541.30","1,541.50","1,551.50","1,522.00","1,530.00","1,530.60","1,531.39",359058,549856527.5,21995.0,218445.0,60.84
PRESTIGE,EQ,06-Oct-2025,"1,530.10","1,535.30","1,551.80","1,526.00","1,548.20","1,541.30","1,537.05",503225,773484360.0,42414.0,277689.0,55.18
PRESTIGE,EQ,03-Oct-2025,"1,542.10","1,549.10","1,554.00","1,510.30","1,534.30","1,530.10","1,529.46",611466,935213181.3,37117.0,323697.0,52.94
PRESTIGE,EQ,01-Oct-2025,"1,510.10","1,514.00","1,545.50","1,505.50","1,542.00","1,542.10","1,530.74",306384,468992778.4,18862.0,104553.0,34.12
PRESTIGE,EQ,30-Sep-2025,"1,520.80","1,520.80","1,527.30","1,490.00","1,510.00","1,510.10","1,504.37",634738,954880321.4,38157.0,363503.0,57.27
PRESTIGE,EQ,29-Sep-2025,"1,507.40","1,505.10","1,540.00","1,500.80","1,516.80","1,520.80","1,521.99",822518,1251863594.5,38827.0,508790.0,61.86
PRESTIGE,EQ,26-Sep-2025,"1,534.50","1,535.90","1,543.80","1,503.20","1,506.00","1,507.40","1,521.13",395032,600894481.5,25703.0,210196.0,53.21
PRESTIGE,EQ,25-Sep-2025,"1,572.70","1,573.00","1,576.70","1,515.00","1,541.00","1,534.50","1,543.96",498730,770017842.4,21987.0,264584.0,53.05
PRESTIGE,EQ,24-Sep-2025,"1,604.90","1,604.90","1,630.00","1,553.80","1,573.00","1,572.70","1,572.53",848538,1334347269.2,29630.0,568417.0,66.99
PRESTIGE,EQ,23-Sep-2025,"1,617.40","1,615.50","1,625.90","1,600.00","1,607.00","1,604.90","1,609.77",507009,816166660.3,23377.0,319239.0,62.97
PRESTIGE,EQ,22-Sep-2025,"1,618.70","1,614.00","1,649.50","1,604.00","1,614.00","1,617.40","1,630.00",717449,1169443246.6,20915.0,461045.0,64.26
PRESTIGE,EQ,19-Sep-2025,"1,629.00","1,627.00","1,634.00","1,592.50","1,621.90","1,618.70","1,617.62",948281,1533957851.3,33744.0,576209.0,60.76
PRESTIGE,EQ,18-Sep-2025,"1,654.30","1,655.00","1,670.00","1,625.00","1,627.20","1,629.00","1,646.99",785568,1293821480.9,33594.0,482019.0,61.36
PRESTIGE,EQ,17-Sep-2025,"1,625.20","1,654.00","1,662.90","1,625.20","1,646.10","1,654.30","1,648.38",964467,1589806979.6,36067.0,189303.0,19.63
PRESTIGE,EQ,16-Sep-2025,"1,594.20","1,598.00","1,632.40","1,592.40","1,624.90","1,625.20","1,615.98",583755,943338767.7,40230.0,249684.0,42.77
PRESTIGE,EQ,15-Sep-2025,"1,549.70","1,552.00","1,603.90","1,546.10","1,603.00","1,594.20","1,582.93",456122,722008023.0,29763.0,152111.0,33.35
PRESTIGE,EQ,12-Sep-2025,"1,558.90","1,560.00","1,568.90","1,529.50","1,551.00","1,549.70","1,549.66",313249,485429695.6,21361.0,134025.0,42.79
PRESTIGE,EQ,11-Sep-2025,"1,561.90","1,558.90","1,575.40","1,550.00","1,561.00","1,558.90","1,561.83",270773,422901794.4,20150.0,134128.0,49.54
PRESTIGE,EQ,10-Sep-2025,"1,542.70","1,545.00","1,576.50","1,539.90","1,558.00","1,561.90","1,558.10",768844,1197933041.8,35594.0,437567.0,56.91
PRESTIGE,EQ,09-Sep-2025,"1,538.60","1,539.90","1,550.90","1,530.00","1,545.00","1,542.70","1,542.01",206951,319119874.9,25111.0,101274.0,48.94
PRESTIGE,EQ,08-Sep-2025,"1,510.50","1,524.60","1,549.10","1,520.00","1,537.20","1,538.60","1,536.26",513985,789617161.6,19905.0,298299.0,58.04
PRESTIGE,EQ,05-Sep-2025,"1,554.20","1,560.70","1,570.00","1,494.60","1,512.00","1,510.50","1,513.09",1200337,1816214918.6,53879.0,636589.0,53.03
PRESTIGE,EQ,04-Sep-2025,"1,584.90","1,595.00","1,618.40","1,547.20","1,559.00","1,554.20","1,572.80",854818,1344456094.3,42905.0,414045.0,48.44
PRESTIGE,EQ,03-Sep-2025,"1,565.60","1,573.90","1,589.60","1,553.00","1,588.70","1,584.90","1,574.20",1158934,1824398667.9,31243.0,763876.0,65.91
PRESTIGE,EQ,02-Sep-2025,"1,578.20","1,578.20","1,592.00","1,559.90","1,561.80","1,565.60","1,577.04",659252,1039667797.1,36323.0,311207.0,47.21
PRESTIGE,EQ,01-Sep-2025,"1,561.80","1,543.50","1,584.80","1,540.80","1,584.00","1,578.20","1,560.66",634884,990839320.3,36948.0,326333.0,51.4
PRESTIGE,EQ,29-Aug-2025,"1,579.90","1,578.40","1,588.00","1,547.20","1,561.90","1,561.80","1,566.68",866336,1357273081.5,48298.0,501546.0,57.89
PRESTIGE,EQ,28-Aug-2025,"1,609.00","1,609.00","1,610.00","1,566.70","1,584.00","1,579.90","1,581.77",743703,1176369935.4,45201.0,379856.0,51.08
PRESTIGE,EQ,26-Aug-2025,"1,649.10","1,651.20","1,655.00","1,599.00","1,606.00","1,609.00","1,615.51",416227,672418188.4,25778.0,200842.0,48.25
PRESTIGE,EQ,25-Aug-2025,"1,635.60","1,645.60","1,664.60","1,639.10","1,652.50","1,649.10","1,654.44",383433,634366650.7,29398.0,119778.0,31.24
PRESTIGE,EQ,22-Aug-2025,"1,630.60","1,638.00","1,645.00","1,627.80","1,637.40","1,635.60","1,635.53",231608,378801057.8,14343.0,101839.0,43.97
PRESTIGE,EQ,21-Aug-2025,"1,626.60","1,635.00","1,687.00","1,625.00","1,637.00","1,630.60","1,656.31",1198307,1984767795.8,58427.0,280824.0,23.44
PRESTIGE,EQ,20-Aug-2025,"1,636.40","1,641.00","1,646.70","1,615.00","1,628.00","1,626.60","1,624.63",624869,1015179661.4,18749.0,382347.0,61.19
PRESTIGE,EQ,19-Aug-2025,"1,624.70","1,630.00","1,641.50","1,601.00","1,637.50","1,636.40","1,627.20",247327,402450022.7,20100.0,77745.0,31.43
PRESTIGE,EQ,18-Aug-2025,"1,600.90","1,613.10","1,650.00","1,610.40","1,625.80","1,624.70","1,632.93",390765,638090691.5,18303.0,163501.0,41.84
PRESTIGE,EQ,14-Aug-2025,"1,628.90","1,630.00","1,639.90","1,596.00","1,600.00","1,600.90","1,607.33",309115,496849610.4,17599.0,154671.0,50.04
PRESTIGE,EQ,13-Aug-2025,"1,630.80","1,630.10","1,645.80","1,618.80","1,625.10","1,628.90","1,634.39",668089,1091917159.5,29300.0,340018.0,50.89
PRESTIGE,EQ,12-Aug-2025,"1,652.80","1,652.80","1,658.20","1,625.00","1,634.80","1,630.80","1,636.21",219448,359062028.8,15607.0,88077.0,40.14
PRESTIGE,EQ,11-Aug-2025,"1,603.60","1,603.70","1,659.40","1,598.00","1,654.90","1,652.80","1,629.42",860108,1401474155.1,29999.0,512244.0,59.56
PRESTIGE,EQ,08-Aug-2025,"1,629.50","1,625.00","1,630.40","1,590.80","1,601.20","1,603.60","1,603.93",888624,1425292149.8,31399.0,575999.0,64.82
PRESTIGE,EQ,07-Aug-2025,"1,604.60","1,604.80","1,634.50","1,590.20","1,624.70","1,629.50","1,613.50",828095,1336134997.2,36498.0,423412.0,51.13
PRESTIGE,EQ,06-Aug-2025,"1,608.90","1,620.00","1,629.80","1,538.30","1,600.00","1,604.60","1,588.56",1467226,2330772034.7,79049.0,462466.0,31.52
PRESTIGE,EQ,05-Aug-2025,"1,632.80","1,635.90","1,641.90","1,598.20","1,607.00","1,608.90","1,613.23",284943,459679595.4,19275.0,90148.0,31.64
PRESTIGE,EQ,04-Aug-2025,"1,596.50","1,603.00","1,641.80","1,597.80","1,628.00","1,632.80","1,620.29",382416,619623063.9,25521.0,163794.0,42.83
PRESTIGE,EQ,01-Aug-2025,"1,626.50","1,626.50","1,660.90","1,585.00","1,597.10","1,596.50","1,624.88",657197,1067868893.9,40360.0,303804.0,46.23
PRESTIGE,EQ,31-Jul-2025,"1,624.80","1,609.00","1,632.80","1,582.50","1,625.00","1,626.50","1,614.60",891452,1439337192.1,30889.0,421439.0,47.28
PRESTIGE,EQ,30-Jul-2025,"1,640.20","1,621.00","1,650.00","1,618.80","1,627.00","1,624.80","1,628.66",557073,907281116.2,26221.0,238912.0,42.89
PRESTIGE,EQ,29-Jul-2025,"1,611.30","1,611.90","1,646.00","1,608.00","1,641.00","1,640.20","1,631.13",1108348,1807861463.1,40966.0,688385.0,62.11
PRESTIGE,EQ,28-Jul-2025,"1,669.10","1,649.10","1,652.10","1,591.20","1,610.00","1,611.30","1,612.89",1539104,2482410095.0,60161.0,857071.0,55.69
PRESTIGE,EQ,25-Jul-2025,"1,698.00","1,680.00","1,705.90","1,650.00","1,670.60","1,669.10","1,669.46",507144,846654429.7,27141.0,261096.0,51.48
PRESTIGE,EQ,24-Jul-2025,"1,753.80","1,745.90","1,751.70","1,685.10","1,694.90","1,698.00","1,707.14",878175,1499165220.4,35170.0,372819.0,42.45
PRESTIGE,EQ,23-Jul-2025,"1,793.10","1,770.00","1,781.80","1,734.70","1,743.50","1,753.80","1,751.62",1106000,1937287801.5,47265.0,538309.0,48.67
PRESTIGE,EQ,22-Jul-2025,"1,806.10","1,806.10","1,814.00","1,781.10","1,790.20","1,793.10","1,795.82",543745,976467023.1,26201.0,341900.0,62.88
PRESTIGE,EQ,21-Jul-2025,"1,782.20","1,782.20","1,809.00","1,774.30","1,806.50","1,806.10","1,797.14",597039,1072961921.7,30526.0,315400.0,52.83
PRESTIGE,EQ,18-Jul-2025,"1,783.20","1,792.10","1,810.20","1,772.50","1,775.00","1,782.20","1,790.07",1402037,2509746414.2,74599.0,656640.0,46.83
PRESTIGE,EQ,17-Jul-2025,"1,718.60","1,718.00","1,797.70","1,718.00","1,785.00","1,783.20","1,768.63",1954595,3456952463.7,75622.0,885103.0,45.28
PRESTIGE,EQ,16-Jul-2025,"1,724.60","1,730.00","1,734.70","1,695.50","1,718.00","1,718.60","1,717.24",1024940,1760067871.6,31102.0,612914.0,59.8
PRESTIGE,EQ,15-Jul-2025,"1,726.30","1,730.60","1,768.00","1,708.00","1,720.30","1,724.60","1,736.52",1803750,3132243179.5,57001.0,1165973.0,64.64
PRESTIGE,EQ,14-Jul-2025,"1,695.00","1,695.00","1,734.90","1,684.30","1,725.00","1,726.30","1,711.07",1241272,2123909259.5,52066.0,731637.0,58.94
PRESTIGE,EQ,11-Jul-2025,"1,696.50","1,696.50","1,713.40","1,680.70","1,695.00","1,695.00","1,700.99",873858,1486425722.6,53310.0,464230.0,53.12
PRESTIGE,EQ,10-Jul-2025,"1,650.00","1,663.30","1,702.90","1,651.00","1,694.40","1,696.50","1,688.45",1458403,2462440092.7,57554.0,533532.0,36.58
PRESTIGE,EQ,09-Jul-2025,"1,659.10","1,661.00","1,663.20","1,630.90","1,646.60","1,650.00","1,644.45",611562,1005681483.9,28737.0,233747.0,38.22
PRESTIGE,EQ,08-Jul-2025,"1,630.50","1,639.00","1,665.00","1,616.30","1,661.50","1,659.10","1,640.43",307630,504646528.4,16942.0,113792.0,36.99
PRESTIGE,EQ,07-Jul-2025,"1,613.00","1,619.00","1,635.00","1,601.40","1,629.80","1,630.50","1,622.78",247076,400949433.1,16881.0,115062.0,46.57
PRESTIGE,EQ,04-Jul-2025,"1,600.80","1,604.80","1,619.00","1,582.00","1,615.10","1,613.00","1,604.24",280539,450051106.1,20307.0,102675.0,36.6
PRESTIGE,EQ,03-Jul-2025,"1,601.60","1,605.60","1,630.00","1,596.50","1,604.70","1,600.80","1,614.09",648165,1046198384.2,42092.0,326921.0,50.44
PRESTIGE,EQ,02-Jul-2025,"1,637.10","1,639.80","1,640.60","1,595.40","1,601.00","1,601.60","1,608.33",766512,1232800684.8,41421.0,488243.0,63.7
PRESTIGE,EQ,01-Jul-2025,"1,657.40","1,670.00","1,673.80","1,624.40","1,636.00","1,637.10","1,640.11",755125,1238487856.6,33713.0,452975.0,59.99
PRESTIGE,EQ,30-Jun-2025,"1,665.40","1,680.00","1,689.80","1,642.10","1,660.00","1,657.40","1,659.95",664605,1103211451.4,37640.0,355179.0,53.44
PRESTIGE,EQ,27-Jun-2025,"1,699.00","1,699.00","1,710.50","1,660.10","1,668.00","1,665.40","1,672.64",800153,1338369645.9,40442.0,473595.0,59.19
PRESTIGE,EQ,26-Jun-2025,"1,748.60","1,755.90","1,758.40","1,693.10","1,698.00","1,699.00","1,705.82",914662,1560252493.8,38213.0,494357.0,54.05
PRESTIGE,EQ,25-Jun-2025,"1,728.50","1,740.00","1,756.30","1,708.10","1,744.30","1,748.60","1,733.34",537548,931752898.8,32253.0,233314.0,43.4
PRESTIGE,EQ,24-Jun-2025,"1,719.20","1,734.00","1,761.00","1,718.50","1,722.00","1,728.50","1,740.29",894028,1555865198.1,49011.0,303902.0,33.99
PRESTIGE,EQ,23-Jun-2025,"1,716.30","1,698.00","1,725.80","1,671.50","1,721.00","1,719.20","1,703.88",783093,1334298049.7,39429.0,290925.0,37.15
PRESTIGE,EQ,20-Jun-2025,"1,678.00","1,678.40","1,744.80","1,675.00","1,698.30","1,716.30","1,709.44",1362456,2329038188.9,53692.0,830262.0,60.94
PRESTIGE,EQ,19-Jun-2025,"1,692.50","1,692.50","1,705.00","1,665.20","1,666.70","1,678.00","1,686.16",559316,943094414.2,38567.0,238051.0,42.56
PRESTIGE,EQ,18-Jun-2025,"1,694.70","1,680.00","1,719.90","1,676.20","1,688.10","1,692.50","1,697.29",361657,613835756.2,22581.0,132524.0,36.64
PRESTIGE,EQ,17-Jun-2025,"1,699.30","1,710.00","1,727.00","1,687.70","1,694.00","1,694.70","1,709.61",920885,1574354468.6,44841.0,423557.0,45.99
PRESTIGE,EQ,16-Jun-2025,"1,656.10","1,645.00","1,706.90","1,617.00","1,693.90","1,699.30","1,674.87",1067151,1787342335.1,70549.0,500370.0,46.89
PRESTIGE,EQ,13-Jun-2025,"1,640.20","1,602.00","1,661.80","1,590.10","1,656.20","1,656.10","1,634.58",515025,841847738.2,30977.0,238672.0,46.34
PRESTIGE,EQ,12-Jun-2025,"1,666.50","1,665.00","1,670.40","1,621.60","1,629.70","1,640.20","1,650.40",318907,526323262.6,24913.0,144824.0,45.41
PRESTIGE,EQ,11-Jun-2025,"1,663.60","1,670.30","1,689.50","1,650.50","1,665.00","1,666.50","1,666.34",839825,1399437854.2,44909.0,476372.0,56.72
PRESTIGE,EQ,10-Jun-2025,"1,708.50","1,718.00","1,729.10","1,657.00","1,662.70","1,663.60","1,677.65",748209,1255234574.2,51224.0,346949.0,46.37
PRESTIGE,EQ,09-Jun-2025,"1,714.60","1,754.70","1,754.70","1,683.10","1,709.00","1,708.50","1,705.81",1381170,2356016780.9,70245.0,771760.0,55.88
PRESTIGE,EQ,06-Jun-2025,"1,626.10","1,634.00","1,732.40","1,627.10","1,709.90","1,714.60","1,693.18",2728773,4620305522.2,175210.0,1402702.0,51.4
PRESTIGE,EQ,05-Jun-2025,"1,581.60","1,585.00","1,650.90","1,582.20","1,630.00","1,626.10","1,622.53",2168165,3517919013.2,109039.0,1285518.0,59.29
PRESTIGE,EQ,04-Jun-2025,"1,584.60","1,594.90","1,609.60","1,572.50","1,580.10","1,581.60","1,589.77",1446823,2300109800.4,62724.0,912935.0,63.1
PRESTIGE,EQ,03-Jun-2025,"1,539.60","1,542.20","1,591.80","1,532.90","1,585.00","1,584.60","1,568.12",2658643,4169072222.8,113615.0,1743047.0,65.56
PRESTIGE,EQ,02-Jun-2025,"1,466.60","1,484.00","1,543.20","1,484.00","1,538.00","1,539.60","1,526.08",2297614,3506345455.0,156403.0,1095797.0,47.69
PRESTIGE,EQ,30-May-2025,"1,500.90","1,505.00","1,534.80","1,458.70","1,484.00","1,466.60","1,487.92",1214112,1806502136.6,50975.0,506012.0,41.68
PRESTIGE,EQ,29-May-2025,"1,451.80","1,476.00","1,521.90","1,472.00","1,507.80","1,500.90","1,501.42",2677382,4019862907.3,74173.0,1438058.0,53.71
PRESTIGE,EQ,28-May-2025,"1,444.50","1,440.70","1,477.80","1,433.40","1,449.00","1,451.80","1,459.55",574187,838056850.3,33398.0,195934.0,34.12
PRESTIGE,EQ,27-May-2025,"1,438.70","1,438.70","1,447.90","1,411.00","1,445.10","1,444.50","1,431.61",340700,487750245.5,17851.0,107360.0,31.51
PRESTIGE,EQ,26-May-2025,"1,436.20","1,444.00","1,451.00","1,410.00","1,438.60","1,438.70","1,427.85",317500,453341409.1,16324.0,121264.0,38.19
PRESTIGE,EQ,23-May-2025,"1,419.70","1,424.30","1,458.40","1,420.60","1,432.00","1,436.20","1,438.74",519719,747740253.5,27577.0,203194.0,39.1
PRESTIGE,EQ,22-May-2025,"1,432.60","1,432.00","1,446.20","1,402.50","1,417.30","1,419.70","1,430.62",430430,615780351.4,18222.0,230571.0,53.57
PRESTIGE,EQ,21-May-2025,"1,419.60","1,428.00","1,449.90","1,424.10","1,439.90","1,432.60","1,434.47",333379,478221534.0,15198.0,171797.0,51.53
PRESTIGE,EQ,20-May-2025,"1,439.80","1,455.80","1,455.80","1,412.10","1,427.90","1,419.60","1,437.09",592929,852089681.3,35698.0,189534.0,31.97
PRESTIGE,EQ,19-May-2025,"1,433.20","1,433.00","1,453.70","1,416.10","1,440.00","1,439.80","1,435.41",518182,743801524.2,31526.0,206360.0,39.82
PRESTIGE,EQ,16-May-2025,"1,418.90","1,418.00","1,453.00","1,398.90","1,431.40","1,433.20","1,434.74",620091,889669089.0,33518.0,275766.0,44.47
PRESTIGE,EQ,15-May-2025,"1,395.30","1,402.00","1,436.00","1,375.10","1,416.80","1,418.90","1,413.42",730577,1032615147.3,27751.0,438467.0,60.02
PRESTIGE,EQ,14-May-2025,"1,347.30","1,355.00","1,400.00","1,352.00","1,399.20","1,395.30","1,386.53",499664,692801175.7,33805.0,244592.0,48.95
PRESTIGE,EQ,13-May-2025,"1,366.10","1,377.00","1,378.80","1,339.20","1,348.00","1,347.30","1,357.94",638202,866637619.2,25220.0,408848.0,64.06
PRESTIGE,EQ,12-May-2025,"1,281.60","1,339.90","1,380.00","1,325.00","1,366.10","1,366.10","1,357.13",610547,828590896.5,26396.0,293028.0,47.99
PRESTIGE,EQ,09-May-2025,"1,315.50","1,270.00","1,308.10","1,255.00","1,291.80","1,281.60","1,282.05",400071,512912623.8,25964.0,76138.0,19.03
PRESTIGE,EQ,08-May-2025,"1,337.00","1,351.00","1,356.00","1,292.00","1,295.00","1,315.50","1,318.49",1039522,1370602158.7,47082.0,691116.0,66.48
PRESTIGE,EQ,07-May-2025,"1,332.00","1,332.00","1,346.20","1,304.30","1,337.30","1,337.00","1,327.71",666927,885485036.6,33931.0,273624.0,41.03
PRESTIGE,EQ,06-May-2025,"1,385.50","1,383.00","1,394.40","1,322.00","1,329.00","1,332.00","1,349.91",535916,723438860.6,39719.0,244362.0,45.6
PRESTIGE,EQ,05-May-2025,"1,363.00","1,364.60","1,398.90","1,358.00","1,381.50","1,385.50","1,382.42",285524,394713826.8,19743.0,74524.0,26.1
PRESTIGE,EQ,02-May-2025,"1,375.10","1,375.00","1,399.30","1,351.00","1,364.60","1,363.00","1,373.34",539529,740958082.5,34412.0,177177.0,32.84
PRESTIGE,EQ,30-Apr-2025,"1,380.00","1,386.00","1,444.90","1,366.00","1,366.10","1,375.10","1,402.74",2758228,3869081355.1,127600.0,1094539.0,39.68
PRESTIGE,EQ,29-Apr-2025,"1,315.80","1,328.00","1,385.00","1,325.30","1,375.50","1,380.00","1,368.32",2142910,2932179561.3,86405.0,893720.0,41.71
PRESTIGE,EQ,28-Apr-2025,"1,261.80","1,264.60","1,323.70","1,249.60","1,318.00","1,315.80","1,304.41",949907,1239070149.0,49058.0,457532.0,48.17
PRESTIGE,EQ,25-Apr-2025,"1,294.00","1,306.20","1,318.00","1,238.60","1,261.80","1,261.80","1,268.59",478778,607370753.2,32670.0,163008.0,34.05
PRESTIGE,EQ,24-Apr-2025,"1,323.80","1,318.70","1,321.90","1,285.00","1,295.00","1,294.00","1,294.38",780145,1009804802.2,40953.0,332949.0,42.68
PRESTIGE,EQ,23-Apr-2025,"1,303.90","1,320.20","1,354.80","1,307.90","1,318.90","1,323.80","1,331.45",1397018,1860059454.1,70165.0,749226.0,53.63
PRESTIGE,EQ,22-Apr-2025,"1,268.60","1,274.80","1,313.10","1,249.60","1,310.00","1,303.90","1,293.45",851596,1101499536.9,49823.0,360891.0,42.38
PRESTIGE,EQ,21-Apr-2025,"1,215.20","1,223.30","1,274.50","1,207.40","1,271.00","1,268.60","1,249.75",944564,1180467245.2,45348.0,578752.0,61.27
PRESTIGE,EQ,17-Apr-2025,"1,207.40","1,205.00","1,232.00","1,185.00","1,215.00","1,215.20","1,210.79",631616,764753090.3,37562.0,249754.0,39.54
PRESTIGE,EQ,16-Apr-2025,"1,198.50","1,209.40","1,218.40","1,188.00","1,194.40","1,207.40","1,199.23",842256,1010060818.3,40510.0,527132.0,62.59
PRESTIGE,EQ,15-Apr-2025,"1,122.85","1,135.00","1,203.00","1,126.00","1,198.40","1,198.50","1,180.30",822076,970295136.1,45320.0,388248.0,47.23
PRESTIGE,EQ,11-Apr-2025,"1,079.45","1,115.50","1,126.90","1,086.65","1,125.10","1,122.85","1,109.44",683548,758353398.35,33482.0,344760.0,50.44
PRESTIGE,EQ,09-Apr-2025,"1,087.05","1,094.10","1,094.10","1,063.00","1,080.05","1,079.45","1,079.24",499026,538567108.85,31605.0,234020.0,46.9
PRESTIGE,EQ,08-Apr-2025,"1,060.30","1,108.00","1,108.00","1,065.00","1,086.55","1,087.05","1,087.42",436959,475156938.4,28881.0,208349.0,47.68
PRESTIGE,EQ,07-Apr-2025,"1,127.05","1,060.00","1,084.70","1,048.05","1,066.05","1,060.30","1,064.05",818992,871448695.3,58001.0,417361.0,50.96
PRESTIGE,EQ,04-Apr-2025,"1,188.50","1,176.05","1,182.10","1,111.00","1,126.65","1,127.05","1,137.02",567401,645148713.15,27855.0,304493.0,53.66
PRESTIGE,EQ,03-Apr-2025,"1,177.60","1,160.05","1,192.95","1,158.00","1,187.55","1,188.50","1,176.69",497898,585872482.05,30436.0,236660.0,47.53
PRESTIGE,EQ,02-Apr-2025,"1,137.35","1,141.40","1,188.00","1,141.40","1,181.95","1,177.60","1,173.49",851071,998726587.35,49272.0,338660.0,39.79
PRESTIGE,EQ,01-Apr-2025,"1,184.40","1,184.40","1,199.90","1,128.15","1,139.00","1,137.35","1,148.93",752560,864638258.0,48155.0,254767.0,33.85
PRESTIGE,EQ,28-Mar-2025,"1,206.05","1,217.90","1,222.00","1,169.20","1,180.00","1,184.40","1,194.20",736620,879673211.3,45326.0,434423.0,58.98
PRESTIGE,EQ,27-Mar-2025,"1,196.60","1,196.50","1,218.10","1,186.90","1,207.10","1,206.05","1,202.15",794090,954615138.75,45936.0,476154.0,59.96
PRESTIGE,EQ,26-Mar-2025,"1,222.90","1,230.00","1,257.50","1,191.00","1,191.00","1,196.60","1,220.80",1119059,1366147884.5,41684.0,568062.0,50.76
PRESTIGE,EQ,25-Mar-2025,"1,220.30","1,225.15","1,272.00","1,212.00","1,221.00","1,222.90","1,231.28",1163563,1432675106.25,61623.0,607178.0,52.18
PRESTIGE,EQ,24-Mar-2025,"1,226.15","1,231.30","1,260.55","1,215.15","1,220.00","1,220.30","1,233.38",727782,897634934.7,39139.0,382794.0,52.6
PRESTIGE,EQ,21-Mar-2025,"1,208.25","1,209.65","1,258.90","1,209.00","1,228.00","1,226.15","1,232.35",1131917,1394923276.95,50232.0,598737.0,52.9
PRESTIGE,EQ,20-Mar-2025,"1,200.75","1,210.45","1,234.75","1,197.75","1,205.50","1,208.25","1,212.71",710546,861685340.25,31409.0,359469.0,50.59
PRESTIGE,EQ,19-Mar-2025,"1,132.50","1,135.00","1,209.00","1,133.00","1,202.00","1,200.75","1,188.06",1269783,1508584605.85,51207.0,451613.0,35.57
PRESTIGE,EQ,18-Mar-2025,"1,099.50","1,105.90","1,136.80","1,094.90","1,135.00","1,132.50","1,125.04",725039,815698971.05,27204.0,419477.0,57.86
PRESTIGE,EQ,17-Mar-2025,"1,129.60","1,139.90","1,143.95","1,092.00","1,097.65","1,099.50","1,117.51",832959,930839260.65,29547.0,436054.0,52.35
PRESTIGE,EQ,13-Mar-2025,"1,118.70","1,129.00","1,146.90","1,119.05","1,122.00","1,129.60","1,134.05",672238,762351594.05,35595.0,318932.0,47.44
PRESTIGE,EQ,12-Mar-2025,"1,126.40","1,138.00","1,150.00","1,105.05","1,122.70","1,118.70","1,123.17",824372,925906249.1,33258.0,416827.0,50.56
PRESTIGE,EQ,11-Mar-2025,"1,123.95","1,112.00","1,134.40","1,099.50","1,126.70","1,126.40","1,123.13",1075620,1208058577.3,39672.0,722347.0,67.16
PRESTIGE,EQ,10-Mar-2025,"1,144.85","1,142.00","1,158.65","1,114.85","1,116.00","1,123.95","1,135.51",494350,561340870.15,27687.0,300930.0,60.87
PRESTIGE,EQ,07-Mar-2025,"1,171.65","1,166.00","1,171.90","1,129.05","1,146.75","1,144.85","1,144.01",1135938,1299525239.9,59182.0,536992.0,47.27
PRESTIGE,EQ,06-Mar-2025,"1,178.15","1,191.00","1,194.35","1,160.10","1,169.80","1,171.65","1,175.22",590033,693417426.8,42615.0,235338.0,39.89
PRESTIGE,EQ,05-Mar-2025,"1,187.95","1,182.00","1,215.65","1,170.00","1,173.90","1,178.15","1,188.10",837734,995315494.25,51502.0,500284.0,59.72
PRESTIGE,EQ,04-Mar-2025,"1,184.00","1,166.05","1,193.05","1,147.35","1,189.95","1,187.95","1,177.51",493473,581069437.85,36802.0,213510.0,43.27
PRESTIGE,EQ,03-Mar-2025,"1,126.60","1,110.00","1,200.00","1,108.15","1,179.00","1,184.00","1,153.68",1529756,1764853015.05,78513.0,673253.0,44.01
PRESTIGE,EQ,28-Feb-2025,"1,134.55","1,131.95","1,142.15","1,083.65","1,125.00","1,126.60","1,117.32",1906279,2129920132.4,67539.0,1220449.0,64.02
PRESTIGE,EQ,27-Feb-2025,"1,192.00","1,178.95","1,179.00","1,128.55","1,131.95","1,134.55","1,143.83",1523020,1742073983.05,117103.0,755602.0,49.61
PRESTIGE,EQ,25-Feb-2025,"1,186.10","1,187.85","1,208.95","1,173.65","1,192.00","1,192.00","1,190.37",592872,705738882.0,35718.0,250833.0,42.31
PRESTIGE,EQ,24-Feb-2025,"1,216.30","1,209.60","1,212.45","1,160.00","1,196.20","1,186.10","1,187.48",2658937,3157431741.8,81286.0,1735617.0,65.27
PRESTIGE,EQ,21-Feb-2025,"1,250.30","1,245.00","1,262.90","1,204.00","1,210.00","1,216.30","1,229.19",913356,1122687547.15,45417.0,565543.0,61.92
PRESTIGE,EQ,20-Feb-2025,"1,230.05","1,228.00","1,260.00","1,197.20","1,252.65","1,250.30","1,230.44",1265922,1557639336.95,48037.0,736088.0,58.15
PRESTIGE,EQ,19-Feb-2025,"1,217.15","1,218.10","1,248.95","1,206.80","1,229.90","1,230.05","1,235.53",1279701,1581110580.95,39506.0,816503.0,63.8
PRESTIGE,EQ,18-Feb-2025,"1,240.40","1,245.00","1,254.70","1,201.10","1,224.50","1,217.15","1,214.30",1009231,1225512655.6,51064.0,679556.0,67.33
PRESTIGE,EQ,17-Feb-2025,"1,227.15","1,202.70","1,245.65","1,185.50","1,243.40","1,240.40","1,229.09",725092,891199901.7,67395.0,327107.0,45.11
PRESTIGE,EQ,14-Feb-2025,"1,237.90","1,236.00","1,245.80","1,206.35","1,223.00","1,227.15","1,221.29",703491,859169065.75,51578.0,395917.0,56.28
PRESTIGE,EQ,13-Feb-2025,"1,220.15","1,192.15","1,256.05","1,192.15","1,237.00","1,237.90","1,241.43",2113080,2623238322.35,87683.0,1134144.0,53.67
PRESTIGE,EQ,12-Feb-2025,"1,311.15","1,310.00","1,310.00","1,213.65","1,221.00","1,220.15","1,253.73",3308431,4147863359.35,93638.0,1947957.0,58.88
PRESTIGE,EQ,11-Feb-2025,"1,324.85","1,319.00","1,322.40","1,271.05","1,307.00","1,311.15","1,288.57",780980,1006343809.85,39957.0,435056.0,55.71
PRESTIGE,EQ,10-Feb-2025,"1,347.70","1,347.35","1,348.95","1,298.00","1,323.50","1,324.85","1,313.86",525607,690574045.0,30254.0,283298.0,53.9
PRESTIGE,EQ,07-Feb-2025,"1,366.35","1,366.35","1,379.90","1,331.00","1,339.00","1,347.70","1,351.97",1067338,1443006181.75,57533.0,719540.0,67.41
PRESTIGE,EQ,06-Feb-2025,"1,379.35","1,386.40","1,391.45","1,355.55","1,363.80","1,366.35","1,368.41",621465,850420827.25,36053.0,373941.0,60.17
PRESTIGE,EQ,05-Feb-2025,"1,421.40","1,421.40","1,430.00","1,372.00","1,378.00","1,379.35","1,388.23",1371415,1903835903.5,83401.0,874308.0,63.75
PRESTIGE,EQ,04-Feb-2025,"1,425.15","1,425.15","1,431.95","1,402.95","1,424.00","1,421.40","1,419.46",953776,1353843083.45,67281.0,599441.0,62.85
PRESTIGE,EQ,03-Feb-2025,"1,431.70","1,421.00","1,457.35","1,385.00","1,427.90","1,425.15","1,428.20",1116995,1595289691.75,78435.0,524882.0,46.99
PRESTIGE,EQ,01-Feb-2025,"1,359.50","1,370.20","1,490.80","1,370.20","1,438.00","1,431.70","1,439.73",2982704,4294279113.95,131509.0,675837.0,22.66
PRESTIGE,EQ,31-Jan-2025,"1,342.35","1,283.85","1,387.55","1,250.15","1,387.55","1,359.50","1,326.19",1513344,2006981723.95,86522.0,555112.0,36.68
PRESTIGE,EQ,30-Jan-2025,"1,318.40","1,320.00","1,353.30","1,312.20","1,340.00","1,342.35","1,338.44",541192,724351380.3,40366.0,184141.0,34.03
PRESTIGE,EQ,29-Jan-2025,"1,271.10","1,271.10","1,322.00","1,261.25","1,320.50","1,318.40","1,295.55",818604,1060539277.4,50809.0,403439.0,49.28
PRESTIGE,EQ,28-Jan-2025,"1,243.85","1,259.65","1,305.00","1,211.15","1,267.50","1,271.10","1,267.87",1026594,1301586599.7,58175.0,479227.0,46.68
PRESTIGE,EQ,27-Jan-2025,"1,255.65","1,240.00","1,256.50","1,221.35","1,245.85","1,243.85","1,239.03",1664609,2062495311.25,107346.0,1045605.0,62.81
PRESTIGE,EQ,24-Jan-2025,"1,342.60","1,344.85","1,358.65","1,235.00","1,240.00","1,255.65","1,273.66",1730028,2203459789.2,70262.0,971416.0,56.15
PRESTIGE,EQ,23-Jan-2025,"1,319.30","1,312.75","1,366.15","1,305.45","1,343.50","1,342.60","1,344.39",1519127,2042303429.75,73100.0,941497.0,61.98
PRESTIGE,EQ,22-Jan-2025,"1,388.90","1,390.00","1,391.95","1,297.35","1,318.75","1,319.30","1,317.19",2838088,3738305049.9,162416.0,1619161.0,57.05
PRESTIGE,EQ,21-Jan-2025,"1,463.50","1,463.50","1,481.95","1,382.00","1,389.05","1,388.90","1,407.60",975343,1372893604.7,39156.0,588584.0,60.35
PRESTIGE,EQ,20-Jan-2025,"1,472.20","1,472.90","1,484.40","1,454.85","1,462.00","1,463.50","1,466.62",338038,495774883.5,17930.0,198949.0,58.85
PRESTIGE,EQ,17-Jan-2025,"1,449.85","1,452.00","1,484.00","1,439.20","1,468.50","1,472.20","1,459.35",570227,832159406.1,46405.0,241756.0,42.4
PRESTIGE,EQ,16-Jan-2025,"1,439.35","1,450.00","1,497.00","1,440.05","1,452.00","1,449.85","1,473.38",322369,474972842.75,31117.0,129672.0,40.22
PRESTIGE,EQ,15-Jan-2025,"1,426.30","1,440.00","1,451.60","1,406.95","1,435.00","1,439.35","1,434.65",423470,607531186.55,33718.0,200322.0,47.3
PRESTIGE,EQ,14-Jan-2025,"1,426.65","1,426.00","1,451.15","1,413.90","1,430.90","1,426.30","1,429.75",943578,1349084439.85,42548.0,651415.0,69.04
PRESTIGE,EQ,13-Jan-2025,"1,492.40","1,450.10","1,470.00","1,408.10","1,423.00","1,426.65","1,439.00",1025557,1475777633.1,66857.0,618940.0,60.35
PRESTIGE,EQ,10-Jan-2025,"1,521.25","1,532.00","1,539.00","1,485.65","1,493.00","1,492.40","1,504.67",557750,839227276.85,41471.0,230237.0,41.28
PRESTIGE,EQ,09-Jan-2025,"1,568.60","1,570.00","1,571.35","1,515.55","1,522.00","1,521.25","1,537.59",368327,566336517.35,30855.0,168045.0,45.62
PRESTIGE,EQ,08-Jan-2025,"1,583.45","1,577.55","1,584.95","1,545.10","1,562.00","1,568.60","1,566.38",525611,823305174.15,53145.0,262480.0,49.94
PRESTIGE,EQ,07-Jan-2025,"1,594.95","1,590.00","1,611.70","1,575.00","1,580.10","1,583.45","1,589.13",787790,1251899574.2,60144.0,455711.0,57.85
PRESTIGE,EQ,06-Jan-2025,"1,656.25","1,660.05","1,670.00","1,578.20","1,590.00","1,594.95","1,610.56",819534,1319909556.85,57477.0,488152.0,59.56
PRESTIGE,EQ,03-Jan-2025,"1,662.45","1,662.45","1,682.00","1,646.70","1,652.10","1,656.25","1,661.23",320490,532406768.1,21557.0,190497.0,59.44
PRESTIGE,EQ,02-Jan-2025,"1,653.55","1,666.40","1,668.25","1,632.05","1,658.30","1,662.45","1,650.17",434737,717390846.4,39769.0,205743.0,47.33
PRESTIGE,EQ,01-Jan-2025,"1,694.00","1,688.30","1,693.95","1,645.50","1,655.45","1,653.55","1,660.84",457902,760503835.75,30486.0,166330.0,36.32
PRESTIGE,EQ,31-Dec-2024,"1,675.00","1,678.00","1,708.00","1,665.60","1,699.00","1,694.00","1,690.81",535023,904621672.1,38000.0,292188.0,54.61
PRESTIGE,EQ,30-Dec-2024,"1,752.50","1,751.90","1,774.10","1,652.00","1,681.40","1,675.00","1,703.00",953245,1623372119.15,67488.0,550144.0,57.71
PRESTIGE,EQ,17-Apr-2026,"1,337.90","1,341.00","1,364.00","1,332.40","1,355.00","1,356.80","1,353.57",753694,1020174063.9,23865.0,354205.0,47.0
PRESTIGE,EQ,16-Apr-2026,"1,342.40","1,350.00","1,360.00","1,313.60","1,339.30","1,337.90","1,331.35",1074010,1429885034.1,44730.0,465694.0,43.36
PRESTIGE,EQ,15-Apr-2026,"1,304.50","1,345.00","1,349.70","1,322.90","1,338.00","1,342.40","1,335.59",1608933,2148871188.6,33155.0,871022.0,54.14
PRESTIGE,EQ,13-Apr-2026,"1,322.40","1,291.00","1,319.00","1,261.00","1,303.30","1,304.50","1,300.52",1375296,1788602562.6,33076.0,783501.0,56.97
PRESTIGE,EQ,10-Apr-2026,"1,319.40","1,329.10","1,353.50","1,313.50","1,325.90","1,322.40","1,333.08",2399257,3198395692.9,42477.0,1404983.0,58.56
PRESTIGE,EQ,09-Apr-2026,"1,320.80","1,320.20","1,341.20","1,292.90","1,315.50","1,319.40","1,320.20",847595,1118993864.9,27612.0,392141.0,46.27
PRESTIGE,EQ,08-Apr-2026,"1,222.10","1,300.00","1,347.00","1,288.30","1,324.90","1,320.80","1,327.09",2513824,3336071646.8,85584.0,715728.0,28.47
PRESTIGE,EQ,07-Apr-2026,"1,183.20","1,173.20","1,229.70","1,156.00","1,219.00","1,222.10","1,210.78",2218484,2686086621.5,42567.0,1069322.0,48.2
PRESTIGE,EQ,06-Apr-2026,"1,152.00","1,159.00","1,199.80","1,133.60","1,183.60","1,183.20","1,162.63",2407295,2798790718.2,46268.0,1699123.0,70.58
PRESTIGE,EQ,02-Apr-2026,"1,144.90","1,145.00","1,158.60","1,090.00","1,152.50","1,152.00","1,122.78",2135711,2397925198.3,81331.0,1116783.0,52.29
PRESTIGE,EQ,01-Apr-2026,"1,126.50","1,150.00","1,168.50","1,137.30","1,147.80","1,144.90","1,151.14",2010817,2314740696.2,35877.0,1406805.0,69.96
PRESTIGE,EQ,30-Mar-2026,"1,172.80","1,159.90","1,159.90","1,115.00","1,128.00","1,126.50","1,129.76",1468626,1659199155.5,57628.0,640935.0,43.64
PRESTIGE,EQ,27-Mar-2026,"1,228.10","1,224.00","1,227.00","1,167.80","1,172.90","1,172.80","1,181.42",1244993,1470855090.7,51519.0,509650.0,40.94
PRESTIGE,EQ,25-Mar-2026,"1,201.50","1,215.00","1,250.40","1,215.00","1,234.00","1,228.10","1,230.26",734311,903395307.9,28854.0,342887.0,46.7
PRESTIGE,EQ,24-Mar-2026,"1,178.60","1,207.70","1,217.90","1,190.50","1,204.40","1,201.50","1,202.73",490182,589555359.8,27934.0,152271.0,31.06
PRESTIGE,EQ,23-Mar-2026,"1,248.20","1,226.00","1,235.00","1,173.40","1,175.00","1,178.60","1,191.08",921668,1097780592.1,47372.0,448546.0,48.67
PRESTIGE,EQ,20-Mar-2026,"1,268.00","1,278.90","1,304.20","1,243.00","1,245.50","1,248.20","1,269.30",563584,715354781.2,27583.0,262759.0,46.62
PRESTIGE,EQ,19-Mar-2026,"1,321.40","1,290.60","1,305.00","1,262.10","1,274.50","1,268.00","1,275.59",545663,696043545.8,26714.0,227670.0,41.72
PRESTIGE,EQ,18-Mar-2026,"1,265.80","1,265.80","1,329.10","1,257.30","1,323.00","1,321.40","1,300.83",879843,1144526163.2,33662.0,321090.0,36.49
PRESTIGE,EQ,17-Mar-2026,"1,250.30","1,255.00","1,275.00","1,230.40","1,274.70","1,265.80","1,249.02",903233,1128158214.1,30677.0,420234.0,46.53
PRESTIGE,EQ,16-Mar-2026,"1,257.00","1,257.20","1,261.00","1,204.00","1,250.00","1,250.30","1,229.75",1786830,2197347409.4,47777.0,937083.0,52.44
PRESTIGE,EQ,13-Mar-2026,"1,252.70","1,250.00","1,268.10","1,222.00","1,259.60","1,257.00","1,251.08",658223,823490558.5,32121.0,288986.0,43.9
PRESTIGE,EQ,12-Mar-2026,"1,271.50","1,269.90","1,283.80","1,237.40","1,264.00","1,252.70","1,258.32",483947,608958314.0,19611.0,239685.0,49.53
PRESTIGE,EQ,11-Mar-2026,"1,307.30","1,315.00","1,324.60","1,266.50","1,271.80","1,271.50","1,294.62",1233921,1597458118.1,46144.0,677815.0,54.93
PRESTIGE,EQ,10-Mar-2026,"1,304.60","1,330.00","1,340.00","1,300.00","1,319.00","1,307.30","1,307.71",961586,1257471051.2,26593.0,668561.0,69.53
PRESTIGE,EQ,09-Mar-2026,"1,335.50","1,320.00","1,324.00","1,281.00","1,304.60","1,304.60","1,295.25",1112021,1440342823.9,34330.0,653935.0,58.81
PRESTIGE,EQ,06-Mar-2026,"1,375.60","1,369.90","1,377.40","1,330.10","1,340.30","1,335.50","1,349.04",390136,526309194.5,22542.0,177603.0,45.52
PRESTIGE,EQ,05-Mar-2026,"1,350.80","1,360.00","1,383.50","1,351.40","1,370.50","1,375.60","1,370.49",369602,506537244.6,27414.0,166914.0,45.16
PRESTIGE,EQ,04-Mar-2026,"1,377.30","1,341.70","1,363.40","1,308.00","1,346.40","1,350.80","1,335.18",868953,1160210050.5,39472.0,405977.0,46.72
PRESTIGE,EQ,02-Mar-2026,"1,393.00","1,332.00","1,387.80","1,332.00","1,374.90","1,377.30","1,373.61",863734,1186433886.2,39973.0,475226.0,55.02
PRESTIGE,EQ,27-Feb-2026,"1,428.50","1,427.10","1,436.90","1,385.00","1,389.70","1,393.00","1,399.58",962243,1346735443.0,37683.0,535445.0,55.65
PRESTIGE,EQ,26-Feb-2026,"1,420.70","1,426.90","1,440.70","1,411.60","1,427.10","1,428.50","1,427.82",521650,744820982.1,26083.0,269620.0,51.69
PRESTIGE,EQ,25-Feb-2026,"1,425.60","1,427.00","1,468.40","1,413.30","1,419.20","1,420.70","1,432.10",827326,1184814803.6,27460.0,473456.0,57.23
PRESTIGE,EQ,24-Feb-2026,"1,488.90","1,477.80","1,483.10","1,408.40","1,431.00","1,425.60","1,431.30",1014229,1451661644.5,40210.0,562307.0,55.44
PRESTIGE,EQ,23-Feb-2026,"1,487.00","1,491.00","1,507.00","1,477.60","1,484.10","1,488.90","1,489.91",204003,303945577.3,15826.0,86629.0,42.46
PRESTIGE,EQ,20-Feb-2026,"1,492.00","1,478.40","1,504.00","1,472.00","1,487.00","1,487.00","1,490.52",539352,803914649.0,24790.0,290177.0,53.8
PRESTIGE,EQ,19-Feb-2026,"1,529.10","1,537.10","1,538.00","1,485.00","1,488.00","1,492.00","1,497.06",510802,764700370.4,24631.0,312694.0,61.22
PRESTIGE,EQ,18-Feb-2026,"1,525.60","1,529.70","1,539.20","1,504.40","1,525.00","1,529.10","1,514.30",416492,630692389.7,17841.0,221675.0,53.22
PRESTIGE,EQ,17-Feb-2026,"1,527.80","1,516.30","1,548.60","1,512.00","1,522.70","1,525.60","1,530.58",298593,457019600.7,14893.0,147401.0,49.37
PRESTIGE,EQ,16-Feb-2026,"1,519.10","1,495.30","1,539.60","1,495.30","1,527.00","1,527.80","1,522.27",601273,915300864.7,24795.0,351233.0,58.41
PRESTIGE,EQ,13-Feb-2026,"1,572.70","1,545.00","1,549.90","1,482.10","1,508.20","1,519.10","1,510.73",2017539,3047965467.0,61387.0,1100770.0,54.56
PRESTIGE,EQ,12-Feb-2026,"1,597.50","1,594.90","1,594.90","1,560.00","1,570.80","1,572.70","1,572.29",439347,690782411.7,19441.0,260966.0,59.4
PRESTIGE,EQ,11-Feb-2026,"1,591.70","1,591.70","1,604.50","1,571.10","1,599.00","1,597.50","1,593.26",358504,571189630.9,18284.0,224942.0,62.74
PRESTIGE,EQ,10-Feb-2026,"1,589.20","1,593.10","1,598.00","1,574.00","1,582.30","1,591.70","1,586.55",271664,431008433.4,16274.0,149002.0,54.85
PRESTIGE,EQ,09-Feb-2026,"1,555.90","1,563.10","1,604.70","1,560.00","1,582.00","1,589.20","1,592.58",424658,676303687.9,18545.0,213924.0,50.38
PRESTIGE,EQ,06-Feb-2026,"1,526.80","1,520.00","1,558.40","1,507.40","1,556.40","1,555.90","1,538.90",408504,628645254.7,18859.0,207658.0,50.83
PRESTIGE,EQ,05-Feb-2026,"1,533.50","1,523.90","1,535.00","1,487.40","1,525.00","1,526.80","1,518.51",667604,1013764421.2,33674.0,303913.0,45.52
PRESTIGE,EQ,04-Feb-2026,"1,543.30","1,543.30","1,543.40","1,495.10","1,520.00","1,533.50","1,522.78",444372,676682113.4,20716.0,178073.0,40.07
PRESTIGE,EQ,03-Feb-2026,"1,483.20","1,550.00","1,600.10","1,512.10","1,543.00","1,543.30","1,553.37",928635,1442518065.6,50201.0,411315.0,44.29
PRESTIGE,EQ,02-Feb-2026,"1,500.30","1,490.00","1,494.50","1,446.80","1,479.60","1,483.20","1,471.81",710603,1045873176.3,29050.0,341955.0,48.12
PRESTIGE,EQ,01-Feb-2026,"1,461.50","1,466.00","1,518.00","1,345.00","1,487.00","1,500.30","1,472.51",936880,1379565723.6,24078.0,497561.0,53.11
PRESTIGE,EQ,30-Jan-2026,"1,427.50","1,424.10","1,470.00","1,401.80","1,460.00","1,461.50","1,444.54",1053441,1521734219.4,34997.0,627515.0,59.57
PRESTIGE,EQ,29-Jan-2026,"1,422.00","1,429.00","1,441.00","1,404.00","1,429.10","1,427.50","1,422.53",773567,1100421154.2,39944.0,315769.0,40.82
PRESTIGE,EQ,28-Jan-2026,"1,392.00","1,395.00","1,439.80","1,392.10","1,418.50","1,422.00","1,416.97",771987,1093885167.0,29064.0,372965.0,48.31
PRESTIGE,EQ,27-Jan-2026,"1,388.80","1,395.00","1,406.20","1,351.20","1,402.00","1,392.00","1,375.04",1963109,2699353917.3,73395.0,1044059.0,53.18
PRESTIGE,EQ,23-Jan-2026,"1,422.60","1,429.80","1,429.80","1,373.20","1,399.00","1,388.80","1,391.40",1453722,2022706346.9,43576.0,769239.0,52.92
PRESTIGE,EQ,22-Jan-2026,"1,439.10","1,452.00","1,452.00","1,410.00","1,422.00","1,422.60","1,425.27",417800,595476201.7,26733.0,185330.0,44.36
PRESTIGE,EQ,21-Jan-2026,"1,424.60","1,424.60","1,444.50","1,395.70","1,439.90","1,439.10","1,419.09",1303375,1849609163.9,39999.0,559434.0,42.92
PRESTIGE,EQ,20-Jan-2026,"1,505.80","1,499.90","1,500.00","1,405.00","1,418.00","1,424.60","1,434.67",2378530,3412414993.3,60611.0,1364012.0,57.35
PRESTIGE,EQ,19-Jan-2026,"1,523.20","1,515.80","1,529.80","1,483.00","1,499.90","1,505.80","1,500.02",623988,935993641.8,24860.0,285200.0,45.71
PRESTIGE,EQ,16-Jan-2026,"1,500.20","1,514.00","1,553.30","1,511.90","1,524.10","1,523.20","1,534.00",886810,1360364091.2,40957.0,404184.0,45.58
PRESTIGE,EQ,14-Jan-2026,"1,517.70","1,520.00","1,520.80","1,476.00","1,495.10","1,500.20","1,490.11",948921,1413994485.2,29811.0,510107.0,53.76
PRESTIGE,EQ,13-Jan-2026,"1,505.10","1,500.00","1,526.80","1,495.60","1,513.50","1,517.70","1,509.56",965183,1456999751.4,34368.0,480419.0,49.77
PRESTIGE,EQ,12-Jan-2026,"1,564.10","1,560.00","1,562.90","1,498.80","1,501.00","1,505.10","1,512.41",1414170,2138801140.1,81087.0,740391.0,52.36
PRESTIGE,EQ,09-Jan-2026,"1,589.40","1,587.00","1,592.10","1,542.50","1,562.90","1,564.10","1,561.15",991051,1547181879.6,39152.0,440257.0,44.42
PRESTIGE,EQ,08-Jan-2026,"1,619.50","1,617.00","1,640.80","1,580.20","1,583.80","1,589.40","1,602.03",443237,710076783.8,28846.0,186639.0,42.11
PRESTIGE,EQ,07-Jan-2026,"1,653.20","1,654.00","1,657.20","1,601.30","1,617.50","1,619.50","1,621.73",518308,840557852.9,27982.0,214595.0,41.4
PRESTIGE,EQ,06-Jan-2026,"1,667.10","1,675.40","1,676.90","1,648.00","1,657.30","1,653.20","1,661.31",448673,745383989.4,31337.0,196890.0,43.88
PRESTIGE,EQ,05-Jan-2026,"1,618.80","1,620.00","1,675.00","1,610.20","1,672.00","1,667.10","1,639.00",906033,1484988770.1,26418.0,621100.0,68.55
PRESTIGE,EQ,02-Jan-2026,"1,604.10","1,601.00","1,622.80","1,600.50","1,620.00","1,618.80","1,616.44",225652,364753953.2,14260.0,124956.0,55.38
PRESTIGE,EQ,01-Jan-2026,"1,594.80","1,600.00","1,615.20","1,584.10","1,605.00","1,604.10","1,599.23",723300,1156724517.9,16135.0,532158.0,73.57
PRESTIGE,EQ,31-Dec-2025,"1,569.60","1,581.40","1,600.60","1,565.00","1,597.50","1,594.80","1,590.35",450701,716771658.8,25202.0,276867.0,61.43
PRESTIGE,EQ,30-Dec-2025,"1,591.00","1,591.90","1,592.00","1,555.70","1,576.00","1,569.60","1,571.11",576889,906354304.1,32505.0,350831.0,60.81
PRESTIGE,EQ,29-Dec-2025,"1,609.60","1,609.60","1,612.40","1,586.00","1,588.90","1,591.00","1,598.47",238886,381851827.8,17607.0,93917.0,39.31
