"ï»¿""symbol""",series,date,prevclose,openprice,highprice,lowprice,lastprice,closeprice,averageprice,totaltradedquantity,turnoverinrs,no.oftrades,deliverableqty,%dlyqttotradedqty
ZENTEC,EQ,30-Dec-2015,122.4,123.6,129.0,121.8,125.15,125.3,125.99,243984,30739880.2,3356,76650.0,31.42
ZENTEC,EQ,29-Dec-2015,124.55,124.4,125.6,120.2,122.5,122.4,122.58,172645,21163516.15,1870,103718.0,60.08
ZENTEC,EQ,28-Dec-2015,122.35,126.4,131.9,122.65,123.7,124.55,128.07,511500,65507323.7,5978,280983.0,54.93
ZENTEC,EQ,24-Dec-2015,117.05,118.0,128.0,113.0,128.0,122.35,120.25,272155,32726031.65,3133,157843.0,58.00
ZENTEC,EQ,23-Dec-2015,118.8,120.0,122.8,116.45,117.35,117.05,119.15,132779,15821007.15,1731,81321.0,61.25
ZENTEC,EQ,22-Dec-2015,117.3,118.05,123.75,115.1,118.7,118.8,120.84,368957,44585126.55,4567,159388.0,43.20
ZENTEC,EQ,21-Dec-2015,118.55,119.5,122.5,116.2,116.5,117.3,119.43,433543,51777985.8,4482,189892.0,43.80
ZENTEC,EQ,18-Dec-2015,113.95,112.4,120.25,110.1,118.5,118.55,116.62,745585,86948431.5,7242,244202.0,32.75
ZENTEC,EQ,17-Dec-2015,101.4,102.9,115.9,101.5,112.6,113.95,110.6,763589,84453105.4,7109,274106.0,35.90
ZENTEC,EQ,16-Dec-2015,101.35,104.15,105.1,100.55,101.25,101.4,102.3,100943,10326524.7,979,64745.0,64.14
ZENTEC,EQ,15-Dec-2015,101.35,100.1,102.85,99.25,101.0,101.35,101.05,70834,7157960.2,674,40025.0,56.51
ZENTEC,EQ,14-Dec-2015,99.75,99.75,103.85,98.0,101.0,101.35,101.82,104363,10626226.3,1199,47790.0,45.79
ZENTEC,EQ,11-Dec-2015,96.1,98.8,106.9,97.95,100.45,99.75,100.82,247648,24967184.65,2455,114335.0,46.17
ZENTEC,EQ,10-Dec-2015,93.9,94.6,97.5,93.15,95.35,96.1,95.69,70051,6702873.8,710,45504.0,64.96
ZENTEC,EQ,09-Dec-2015,98.95,101.5,101.5,92.2,94.0,93.9,95.02,172727,16412245.6,1281,112445.0,65.10
ZENTEC,EQ,08-Dec-2015,102.2,101.0,105.0,98.3,98.75,98.95,101.08,134202,13565500.15,1365,80656.0,60.10
ZENTEC,EQ,07-Dec-2015,102.85,103.85,107.3,101.0,102.5,102.2,104.16,119965,12495449.2,1373,64043.0,53.38
ZENTEC,EQ,04-Dec-2015,105.65,107.0,109.35,98.3,103.05,102.85,105.05,473489,49741321.55,5368,179895.0,37.99
ZENTEC,EQ,03-Dec-2015,92.2,90.1,110.6,90.1,107.0,105.65,105.13,2026898,213080075.3,14735,498260.0,24.58
ZENTEC,EQ,02-Dec-2015,90.15,91.95,94.25,86.55,92.6,92.2,91.26,208601,19035977.6,1648,101825.0,48.81
ZENTEC,EQ,01-Dec-2015,84.1,85.5,92.6,85.2,89.75,90.15,89.32,225874,20175492.05,1705,116921.0,51.76
ZENTEC,EQ,30-Nov-2015,82.5,82.3,87.95,82.3,84.4,84.1,85.34,146240,12479782.15,1358,75888.0,51.89
ZENTEC,EQ,27-Nov-2015,83.5,83.4,84.85,81.6,82.6,82.5,82.51,33634,2775268.2,313,28329.0,84.23
ZENTEC,EQ,26-Nov-2015,80.0,79.95,85.0,79.95,83.6,83.5,82.83,97136,8045542.15,917,56512.0,58.18
ZENTEC,EQ,24-Nov-2015,81.15,80.5,81.9,79.8,79.8,80.0,80.66,47665,3844572.1,359,33434.0,70.14
ZENTEC,EQ,23-Nov-2015,81.45,81.55,82.5,80.6,81.5,81.15,81.72,29102,2378112.15,262,19448.0,66.83
ZENTEC,EQ,20-Nov-2015,80.35,80.0,84.95,79.95,81.25,81.45,82.5,93739,7733676.35,718,52771.0,56.30
ZENTEC,EQ,19-Nov-2015,80.05,80.25,82.0,79.5,80.9,80.35,80.97,41594,3367823.6,456,23358.0,56.16
ZENTEC,EQ,18-Nov-2015,85.1,85.45,86.0,79.8,80.0,80.05,81.83,75679,6192985.95,689,65883.0,87.06
ZENTEC,EQ,17-Nov-2015,83.7,85.45,86.5,83.3,85.25,85.1,85.06,60973,5186606.6,734,41128.0,67.45
ZENTEC,EQ,16-Nov-2015,82.7,81.7,85.45,81.7,84.7,83.7,83.85,105153,8816968.4,807,84836.0,80.68
ZENTEC,EQ,13-Nov-2015,83.45,84.0,91.7,81.8,82.65,82.7,85.9,182171,15648366.25,2515,90530.0,49.70
ZENTEC,EQ,11-Nov-2015,79.8,81.0,84.55,80.95,84.0,83.45,82.82,38595,3196412.5,290,28079.0,72.75
ZENTEC,EQ,10-Nov-2015,78.8,80.35,82.8,78.1,79.2,79.8,80.61,26617,2145596.1,375,16048.0,60.29
ZENTEC,EQ,09-Nov-2015,80.85,72.5,79.8,72.5,78.65,78.8,78.65,34028,2676346.65,429,22278.0,65.47
ZENTEC,EQ,06-Nov-2015,80.55,82.9,83.8,80.0,81.0,80.85,81.8,68402,5595444.25,671,27666.0,40.45
ZENTEC,EQ,05-Nov-2015,82.4,82.4,83.9,80.0,80.0,80.55,81.41,31897,2596633.05,321,22150.0,69.44
ZENTEC,EQ,04-Nov-2015,85.1,85.4,86.85,82.25,82.85,82.4,84.44,19051,1608660.2,269,12644.0,66.37
ZENTEC,EQ,03-Nov-2015,85.15,86.75,87.2,84.15,85.3,85.1,85.26,20259,1727275.2,302,15959.0,78.77
ZENTEC,EQ,02-Nov-2015,82.95,85.95,86.25,80.2,84.4,85.15,83.64,41720,3489426.4,549,27009.0,64.74
ZENTEC,EQ,30-Oct-2015,85.25,85.1,86.0,82.4,82.4,82.95,84.27,34986,2948227.2,483,24913.0,71.21
ZENTEC,EQ,29-Oct-2015,85.3,85.0,87.0,84.1,85.0,85.25,85.81,31712,2721267.9,434,18474.0,58.26
ZENTEC,EQ,28-Oct-2015,86.35,86.25,88.0,85.0,85.5,85.3,86.1,57790,4975626.5,595,33537.0,58.03
ZENTEC,EQ,27-Oct-2015,86.8,85.6,89.5,85.6,86.5,86.35,86.94,39882,3467205.0,435,28396.0,71.20
ZENTEC,EQ,26-Oct-2015,87.5,85.15,88.75,85.15,86.05,86.8,87.15,40036,3488987.35,412,31559.0,78.83
ZENTEC,EQ,23-Oct-2015,88.7,88.95,90.55,87.0,87.15,87.5,88.43,51785,4579382.0,411,41174.0,79.51
ZENTEC,EQ,21-Oct-2015,90.2,90.15,92.3,87.5,88.5,88.7,89.57,47390,4244918.15,618,30874.0,65.15
ZENTEC,EQ,20-Oct-2015,90.65,92.6,92.7,88.5,91.45,90.2,90.74,86375,7838072.65,955,51925.0,60.12
ZENTEC,EQ,19-Oct-2015,86.55,87.15,91.95,85.5,90.3,90.65,89.7,104720,9392926.15,1124,63591.0,60.72
ZENTEC,EQ,16-Oct-2015,86.25,86.35,88.5,86.0,86.5,86.55,86.92,93863,8159005.5,695,58083.0,61.88
ZENTEC,EQ,15-Oct-2015,87.65,88.8,89.5,85.35,85.65,86.25,87.2,62590,5457546.1,466,42023.0,67.14
ZENTEC,EQ,14-Oct-2015,88.2,88.95,92.9,86.5,88.0,87.65,89.5,183377,16411784.5,1595,91641.0,49.97
ZENTEC,EQ,13-Oct-2015,87.4,87.45,92.0,86.5,87.5,88.2,88.4,167604,14815648.2,1401,109356.0,65.25
ZENTEC,EQ,12-Oct-2015,86.8,87.95,89.5,86.4,87.5,87.4,87.76,86657,7604771.55,820,49998.0,57.70
ZENTEC,EQ,09-Oct-2015,89.75,91.95,94.9,85.1,86.2,86.8,89.91,206839,18595906.95,2467,116971.0,56.55
ZENTEC,EQ,08-Oct-2015,81.55,82.45,91.1,82.45,90.7,89.75,87.34,328567,28695732.6,3072,156811.0,47.73
ZENTEC,EQ,07-Oct-2015,78.3,79.0,84.7,78.4,82.6,81.55,81.26,256041,20805046.8,1820,159268.0,62.20
ZENTEC,EQ,06-Oct-2015,74.6,74.95,81.0,74.3,78.45,78.3,78.24,140699,11008016.45,1385,76975.0,54.71
ZENTEC,EQ,05-Oct-2015,73.85,74.8,76.4,71.85,74.9,74.6,74.71,212938,15908454.1,1894,128046.0,60.13
ZENTEC,EQ,01-Oct-2015,77.7,76.2,81.4,73.85,73.85,73.85,77.93,206007,16053949.5,1498,116558.0,56.58
ZENTEC,EQ,30-Sep-2015,74.15,75.9,77.85,72.45,77.45,77.7,77.24,210291,16241962.55,1352,101556.0,48.29
ZENTEC,EQ,29-Sep-2015,75.1,74.0,75.0,72.3,73.75,74.15,73.94,77686,5744290.9,789,50449.0,64.94
ZENTEC,EQ,28-Sep-2015,71.85,72.9,75.4,72.8,74.5,75.1,75.07,197817,14850974.75,1174,125326.0,63.35
ZENTEC,EQ,24-Sep-2015,71.9,69.65,72.75,69.65,72.0,71.85,71.31,28505,2032608.55,404,15450.0,54.20
ZENTEC,EQ,23-Sep-2015,71.1,72.0,72.3,69.2,71.95,71.9,70.95,53227,3776721.1,590,25219.0,47.38
ZENTEC,EQ,22-Sep-2015,72.05,71.75,74.7,70.1,71.5,71.1,72.72,40194,2922920.45,450,15965.0,39.72
ZENTEC,EQ,21-Sep-2015,72.2,69.5,72.7,69.5,71.75,72.05,71.88,41920,3013360.35,275,18631.0,44.44
ZENTEC,EQ,18-Sep-2015,69.9,71.95,72.7,69.9,72.5,72.2,71.87,50731,3645869.9,372,30640.0,60.40
ZENTEC,EQ,16-Sep-2015,69.95,70.2,70.8,69.0,69.35,69.9,69.93,14930,1044040.5,205,7139.0,47.82
ZENTEC,EQ,15-Sep-2015,70.8,72.0,72.0,68.6,69.65,69.95,70.2,9816,689049.85,226,4973.0,50.66
ZENTEC,EQ,14-Sep-2015,69.3,72.0,72.0,67.05,71.0,70.8,70.23,27884,1958311.35,475,11179.0,40.09
ZENTEC,EQ,11-Sep-2015,67.5,70.8,70.8,67.05,69.05,69.3,69.14,48944,3383994.8,504,25589.0,52.28
ZENTEC,EQ,10-Sep-2015,68.9,68.7,69.0,65.5,68.25,67.5,66.42,77501,5147416.25,607,41025.0,52.93
ZENTEC,EQ,09-Sep-2015,67.85,69.9,70.9,68.2,68.95,68.9,69.0,37469,2585522.4,326,24823.0,66.25
ZENTEC,EQ,08-Sep-2015,65.4,65.5,68.35,64.15,67.95,67.85,66.87,34088,2279595.45,424,24388.0,71.54
ZENTEC,EQ,07-Sep-2015,68.05,70.8,70.8,64.7,64.7,65.4,66.98,57874,3876420.8,660,27750.0,47.95
ZENTEC,EQ,04-Sep-2015,71.15,72.0,72.0,67.6,68.0,68.05,68.33,90966,6216128.2,643,45231.0,49.72
ZENTEC,EQ,03-Sep-2015,67.8,68.0,71.15,67.95,71.15,71.15,70.86,104797,7425809.75,805,44297.0,42.27
ZENTEC,EQ,02-Sep-2015,68.5,71.8,71.8,67.35,67.95,67.8,69.38,27056,1877021.45,461,16381.0,60.54
ZENTEC,EQ,01-Sep-2015,71.0,70.5,70.9,67.8,68.95,68.5,68.61,90706,6222967.5,601,49429.0,54.49
ZENTEC,EQ,31-Aug-2015,72.35,75.4,75.4,69.25,70.5,71.0,70.73,150758,10663465.7,824,82721.0,54.87
ZENTEC,EQ,28-Aug-2015,72.15,75.75,75.75,71.15,72.05,72.35,74.95,315079,23614399.4,1388,166134.0,52.73
ZENTEC,EQ,27-Aug-2015,68.75,69.95,72.15,65.35,72.15,72.15,70.78,447756,31692676.6,1262,319412.0,71.34
ZENTEC,EQ,26-Aug-2015,74.85,73.95,74.95,67.4,67.4,68.75,71.21,157961,11247828.95,1132,115097.0,72.86
ZENTEC,EQ,25-Aug-2015,77.15,78.1,79.45,69.45,74.75,74.85,72.2,252530,18233218.0,1280,108939.0,43.14
ZENTEC,EQ,24-Aug-2015,85.7,86.8,86.8,77.15,77.15,77.15,79.21,111245,8811615.15,783,83251.0,74.84
ZENTEC,EQ,21-Aug-2015,88.5,89.0,89.0,82.85,86.35,85.7,85.1,90844,7730757.2,642,52908.0,58.24
ZENTEC,EQ,20-Aug-2015,92.2,92.85,93.75,88.0,89.0,88.5,90.88,109434,9944823.4,1041,69628.0,63.63
ZENTEC,EQ,19-Aug-2015,89.4,90.65,93.0,89.05,91.75,92.2,91.26,127671,11651342.95,1103,68592.0,53.73
ZENTEC,EQ,18-Aug-2015,87.2,87.95,91.5,87.0,89.6,89.4,89.6,112627,10091852.3,942,42649.0,37.87
ZENTEC,EQ,17-Aug-2015,85.35,87.45,91.4,84.3,87.5,87.2,87.79,160492,14090357.8,1400,70988.0,44.23
ZENTEC,EQ,14-Aug-2015,82.7,84.95,90.0,82.15,85.0,85.35,86.48,182274,15762551.85,1294,66885.0,36.69
ZENTEC,EQ,13-Aug-2015,86.0,88.4,90.2,80.8,81.25,82.7,85.73,110071,9436500.1,1011,61994.0,56.32
ZENTEC,EQ,12-Aug-2015,94.0,94.45,94.45,84.6,87.0,86.0,87.48,266749,23335442.4,912,176097.0,66.02
ZENTEC,EQ,11-Aug-2015,96.95,97.0,97.0,92.1,95.4,94.0,94.53,103320,9766444.55,738,86976.0,84.18
ZENTEC,EQ,10-Aug-2015,97.65,98.95,100.9,95.6,96.05,96.95,98.51,64171,6321647.2,610,47706.0,74.34
ZENTEC,EQ,07-Aug-2015,101.65,101.35,101.35,96.9,98.5,97.65,98.65,160300,15813149.05,1272,81857.0,51.06
ZENTEC,EQ,06-Aug-2015,99.0,100.0,103.0,96.2,100.0,101.65,100.32,283434,28433981.45,2418,161359.0,56.93
ZENTEC,EQ,05-Aug-2015,94.3,95.1,99.0,95.0,99.0,99.0,98.46,104331,10272861.5,481,92526.0,88.69
ZENTEC,EQ,04-Aug-2015,94.6,93.0,96.7,93.0,93.55,94.3,94.3,55615,5244359.8,352,36009.0,64.75
ZENTEC,EQ,03-Aug-2015,95.4,95.8,98.6,92.5,94.5,94.6,96.1,84013,8073236.9,688,41273.0,49.13
ZENTEC,EQ,31-Jul-2015,92.95,92.1,97.55,92.1,95.0,95.4,96.49,181720,17533844.35,1098,98601.0,54.26
ZENTEC,EQ,30-Jul-2015,94.4,97.25,97.25,92.35,92.5,92.95,94.03,120841,11362769.6,1034,58188.0,48.15
ZENTEC,EQ,29-Jul-2015,89.95,90.5,94.4,86.2,94.4,94.4,92.78,219915,20403134.25,1716,92686.0,42.15
ZENTEC,EQ,28-Jul-2015,94.0,94.1,96.25,89.3,90.0,89.95,92.34,157140,14510375.35,764,114766.0,73.03
ZENTEC,EQ,27-Jul-2015,96.7,92.1,98.8,92.1,94.0,94.0,94.82,72134,6839706.65,627,47916.0,66.43
ZENTEC,EQ,24-Jul-2015,96.75,96.0,100.85,94.85,97.75,96.7,97.41,131527,12811971.15,997,82088.0,62.41
ZENTEC,EQ,23-Jul-2015,97.65,98.85,101.25,95.0,96.0,96.75,97.9,155703,15243255.2,1449,81215.0,52.16
ZENTEC,EQ,22-Jul-2015,93.1,91.0,97.75,91.0,97.75,97.65,97.15,329897,32049712.85,1726,183565.0,55.64
ZENTEC,EQ,21-Jul-2015,94.55,90.75,99.25,90.75,93.0,93.1,97.69,264219,25811255.35,1795,108132.0,40.93
ZENTEC,EQ,20-Jul-2015,97.3,98.9,101.0,92.5,94.0,94.55,96.12,281938,27099078.75,1928,152221.0,53.99
ZENTEC,EQ,17-Jul-2015,92.7,94.9,97.3,94.05,97.3,97.3,96.78,255975,24774045.3,886,137716.0,53.80
ZENTEC,EQ,16-Jul-2015,88.3,89.8,92.7,88.5,92.7,92.7,91.91,345833,31785297.95,2000,175411.0,50.72
ZENTEC,EQ,15-Jul-2015,84.65,82.2,88.85,82.2,88.3,88.3,88.18,359221,31674331.05,1463,179000.0,49.83
ZENTEC,EQ,14-Jul-2015,81.0,81.05,85.05,80.55,84.75,84.65,84.55,332139,28081574.2,1131,188413.0,56.73
ZENTEC,EQ,13-Jul-2015,81.25,82.0,82.85,79.5,81.0,81.0,81.11,66385,5384337.85,234,48425.0,72.95
ZENTEC,EQ,10-Jul-2015,83.05,83.0,85.9,80.2,81.0,81.25,82.29,64930,5343008.75,343,55153.0,84.94
ZENTEC,EQ,09-Jul-2015,79.1,79.1,83.05,79.1,83.05,83.05,82.8,220206,18232754.0,1143,92113.0,41.83
ZENTEC,EQ,08-Jul-2015,82.15,80.15,81.0,78.3,78.85,79.1,79.65,47411,3776175.25,289,34000.0,71.71
ZENTEC,EQ,07-Jul-2015,80.9,82.0,84.85,81.0,82.7,82.15,83.53,101054,8440910.2,595,37966.0,37.57
ZENTEC,EQ,08-Jun-2015,76.75,76.05,80.0,75.55,76.0,76.05,78.02,89698,6998634.8,848,59834.0,66.71
ZENTEC,EQ,05-Jun-2015,76.15,77.3,79.0,75.2,76.35,76.75,77.63,229032,17779518.8,1851,126268.0,55.13
ZENTEC,EQ,04-Jun-2015,72.55,69.55,76.15,69.0,76.15,76.15,73.69,265781,19585649.45,2340,111995.0,42.14
ZENTEC,EQ,03-Jun-2015,76.35,76.0,76.05,72.55,72.55,72.55,73.43,80361,5900920.7,570,54462.0,67.77
ZENTEC,EQ,02-Jun-2015,77.2,81.05,81.05,74.25,76.95,76.35,80.26,1435235,115189322.2,7025,503755.0,35.10
ZENTEC,EQ,01-Jun-2015,73.55,77.2,77.2,77.2,77.2,77.2,77.2,19852,1532574.4,62,19852.0,100.00
ZENTEC,EQ,29-May-2015,70.05,73.55,73.55,73.55,73.55,73.55,73.55,19375,1425031.25,61,19363.0,99.94
ZENTEC,EQ,28-May-2015,66.75,70.05,70.05,68.55,70.05,70.05,69.94,185134,12947823.65,737,113082.0,61.08
ZENTEC,EQ,27-May-2015,63.6,66.75,66.75,60.5,66.75,66.75,66.18,523287,34633188.8,2507,215245.0,41.13
ZENTEC,EQ,26-May-2015,60.6,63.6,63.6,63.6,63.6,63.6,63.6,13214,840410.4,47,13214.0,100.00
ZENTEC,EQ,25-May-2015,57.75,60.6,60.6,60.5,60.6,60.6,60.6,75138,4553212.8,131,58621.0,78.02
ZENTEC,EQ,22-May-2015,57.75,58.1,58.85,57.15,57.8,57.75,57.95,36635,2123038.85,242,18383.0,50.18
ZENTEC,EQ,21-May-2015,57.35,56.4,58.2,55.1,57.65,57.75,56.84,30524,1734928.7,334,11433.0,37.46
ZENTEC,EQ,20-May-2015,57.3,57.0,58.95,56.55,57.8,57.35,57.52,47296,2720441.2,299,32309.0,68.31
ZENTEC,EQ,19-May-2015,58.45,60.7,60.8,56.25,57.95,57.3,58.64,74942,4394409.7,753,39914.0,53.26
ZENTEC,EQ,18-May-2015,55.7,56.5,58.45,55.65,58.45,58.45,57.34,64287,3686171.95,496,38563.0,59.99
ZENTEC,EQ,15-May-2015,56.9,56.1,57.55,54.1,54.9,55.7,55.36,141919,7857337.85,946,98994.0,69.75
ZENTEC,EQ,14-May-2015,57.4,56.05,58.8,56.0,56.5,56.9,57.15,52919,3024417.35,283,39101.0,73.89
ZENTEC,EQ,13-May-2015,56.25,58.8,58.8,55.1,57.6,57.4,57.24,48717,2788342.25,922,33775.0,69.33
ZENTEC,EQ,12-May-2015,58.7,59.0,59.85,55.9,56.6,56.25,56.82,37780,2146720.8,372,22468.0,59.47
ZENTEC,EQ,11-May-2015,58.85,60.0,60.9,57.6,58.25,58.7,59.47,77032,4580711.9,736,53543.0,69.51
ZENTEC,EQ,08-May-2015,58.1,59.05,61.0,56.1,57.55,58.85,59.69,107900,6440024.55,823,64777.0,60.03
ZENTEC,EQ,07-May-2015,61.15,62.5,62.5,58.1,58.1,58.1,59.03,48515,2863926.0,309,29698.0,61.21
ZENTEC,EQ,06-May-2015,64.35,65.0,67.0,61.15,61.15,61.15,62.75,178130,11178482.7,929,110972.0,62.30
ZENTEC,EQ,05-May-2015,61.3,63.4,64.35,62.3,64.35,64.35,63.79,143267,9139239.65,620,94508.0,65.97
ZENTEC,EQ,04-May-2015,58.4,61.25,61.3,59.5,61.3,61.3,61.13,139961,8555287.0,1020,51698.0,36.94
ZENTEC,EQ,30-Apr-2015,55.65,56.7,58.4,55.4,58.4,58.4,57.44,140155,8050568.45,951,101207.0,72.21
ZENTEC,EQ,29-Apr-2015,53.0,50.5,55.65,50.45,55.65,55.65,55.01,193482,10643295.5,864,93250.0,48.20
ZENTEC,EQ,28-Apr-2015,55.75,53.95,53.95,53.0,53.0,53.0,53.07,211703,11235702.25,777,140831.0,66.52
ZENTEC,EQ,27-Apr-2015,61.9,62.4,63.45,55.75,55.75,55.75,57.28,68078,3899698.65,504,53821.0,79.06
ZENTEC,EQ,24-Apr-2015,67.3,68.65,68.65,60.6,63.6,61.9,63.35,113839,7211236.8,1214,60718.0,53.34
ZENTEC,EQ,23-Apr-2015,68.4,68.5,71.95,67.0,67.0,67.3,69.59,121348,8445154.25,1056,47188.0,38.89
ZENTEC,EQ,22-Apr-2015,68.75,69.2,70.95,66.1,68.5,68.4,68.11,112900,7689445.25,878,83683.0,74.12
ZENTEC,EQ,21-Apr-2015,69.0,67.1,72.8,67.1,68.75,68.75,70.06,84727,5936263.95,946,35822.0,42.28
ZENTEC,EQ,20-Apr-2015,73.8,74.9,75.0,68.25,69.0,69.0,70.9,82563,5853350.95,660,54340.0,65.82
ZENTEC,EQ,17-Apr-2015,74.25,75.0,76.85,72.6,74.0,73.8,74.61,101631,7582251.75,1049,37787.0,37.18
ZENTEC,EQ,16-Apr-2015,77.3,78.5,79.45,73.1,73.75,74.25,75.46,122946,9276992.4,1231,56723.0,46.14
ZENTEC,EQ,15-Apr-2015,77.25,77.0,79.7,75.95,77.0,77.3,77.54,178758,13860177.65,1512,64366.0,36.01
ZENTEC,EQ,13-Apr-2015,79.2,79.65,79.65,74.35,76.65,77.25,77.01,206972,15938770.4,1772,91364.0,44.14
ZENTEC,EQ,10-Apr-2015,79.7,80.6,82.8,77.6,78.95,79.2,79.6,432915,34462082.75,3966,146324.0,33.80
ZENTEC,EQ,09-Apr-2015,70.05,72.45,81.45,72.45,79.5,79.7,78.12,1390034,108591292.2,8303,581040.0,41.80
ZENTEC,EQ,08-Apr-2015,69.45,70.2,73.0,64.4,70.0,70.05,67.77,608437,41233028.05,4447,241352.0,39.67
ZENTEC,EQ,07-Apr-2015,63.7,63.95,72.0,63.0,69.0,69.45,67.56,281312,19004122.0,2256,111048.0,39.48
ZENTEC,EQ,06-Apr-2015,55.7,57.25,66.8,56.5,62.75,63.7,63.61,308258,19608499.8,1953,140776.0,45.67
ZENTEC,EQ,01-Apr-2015,55.95,57.4,57.4,54.15,56.2,55.7,55.76,148767,8294577.95,223,121961.0,81.98
ZENTEC,EQ,31-Mar-2015,55.0,56.7,58.5,55.0,56.95,55.95,56.26,137591,7741285.7,311,83267.0,60.52
ZENTEC,EQ,30-Mar-2015,48.9,49.0,57.3,49.0,55.5,55.0,54.47,59509,3241370.9,590,26227.0,44.07
ZENTEC,EQ,29-Dec-2016,60.85,61.85,62.75,60.3,61.55,61.7,61.91,37383,2314456.1,354,19473.0,52.09
ZENTEC,EQ,28-Dec-2016,60.8,63.0,63.0,57.1,61.15,60.85,60.94,45295,2760240.05,461,25295.0,55.85
ZENTEC,EQ,27-Dec-2016,61.0,61.3,62.8,60.45,60.65,60.8,61.29,23219,1423083.1,315,13314.0,57.34
ZENTEC,EQ,26-Dec-2016,62.05,61.0,64.0,60.0,61.25,61.0,61.99,51264,3177874.7,541,30553.0,59.6
ZENTEC,EQ,23-Dec-2016,63.5,63.7,64.0,61.7,61.9,62.05,62.77,37113,2329435.6,481,22267.0,60.0
ZENTEC,EQ,22-Dec-2016,65.1,64.25,65.25,62.85,63.9,63.5,63.95,52094,3331181.05,452,35300.0,67.76
ZENTEC,EQ,21-Dec-2016,64.45,65.45,66.0,63.5,65.0,65.1,64.77,270425,17515580.35,673,249155.0,92.13
ZENTEC,EQ,20-Dec-2016,63.7,64.75,67.45,63.75,64.25,64.45,64.59,567480,36652134.55,1486,464648.0,81.88
ZENTEC,EQ,19-Dec-2016,64.35,64.95,65.0,63.45,63.55,63.7,64.38,19214,1236956.35,300,10875.0,56.6
ZENTEC,EQ,16-Dec-2016,64.45,66.7,66.7,63.8,64.55,64.35,64.51,24413,1574871.7,282,18954.0,77.64
ZENTEC,EQ,15-Dec-2016,62.35,63.9,65.45,62.0,64.65,64.45,64.47,50693,3268112.5,630,32285.0,63.69
ZENTEC,EQ,14-Dec-2016,63.55,63.0,63.0,62.1,62.25,62.35,62.64,36078,2259971.6,343,20613.0,57.13
ZENTEC,EQ,13-Dec-2016,64.55,64.55,64.75,63.2,63.25,63.55,63.98,20660,1321893.4,222,14405.0,69.72
ZENTEC,EQ,12-Dec-2016,67.0,67.0,67.0,64.3,64.3,64.55,65.47,83351,5456582.55,468,60678.0,72.8
ZENTEC,EQ,09-Dec-2016,66.35,66.1,68.9,65.2,66.95,67.0,67.53,84350,5696540.75,911,38966.0,46.2
ZENTEC,EQ,08-Dec-2016,66.5,66.5,68.0,66.0,66.6,66.35,66.84,43816,2928715.55,461,28319.0,64.63
ZENTEC,EQ,07-Dec-2016,68.1,68.8,71.0,65.15,65.75,66.5,68.33,302488,20670176.95,3715,82602.0,27.31
ZENTEC,EQ,06-Dec-2016,64.7,63.8,72.5,63.8,68.0,68.1,69.46,502548,34907277.25,3637,164108.0,32.66
ZENTEC,EQ,05-Dec-2016,64.25,65.0,65.9,63.35,64.4,64.7,65.05,5336,347128.65,123,3138.0,58.81
ZENTEC,EQ,02-Dec-2016,66.05,65.6,65.85,63.45,64.5,64.25,64.36,24932,1604554.95,240,15593.0,62.54
ZENTEC,EQ,01-Dec-2016,66.7,67.35,67.75,65.85,66.0,66.05,66.67,121252,8084282.25,211,111899.0,92.29
ZENTEC,EQ,30-Nov-2016,65.95,67.5,69.0,65.1,66.5,66.7,66.99,72571,4861683.2,459,41465.0,57.14
ZENTEC,EQ,29-Nov-2016,63.55,63.55,67.0,62.75,65.85,65.95,65.2,58120,3789612.25,397,39117.0,67.3
ZENTEC,EQ,28-Nov-2016,60.2,61.8,64.9,58.9,63.55,63.55,63.19,42782,2703242.85,442,24430.0,57.1
ZENTEC,EQ,25-Nov-2016,59.6,60.9,61.7,58.75,60.1,60.2,60.45,26306,1590209.95,201,22082.0,83.94
ZENTEC,EQ,24-Nov-2016,59.4,58.5,59.9,57.95,59.6,59.6,59.02,15829,934198.95,347,9503.0,60.04
ZENTEC,EQ,23-Nov-2016,55.75,57.0,59.5,55.0,59.05,59.4,57.81,86141,4980094.5,574,57009.0,66.18
ZENTEC,EQ,22-Nov-2016,56.15,56.5,57.95,54.5,56.0,55.75,55.95,36346,2033387.9,312,29338.0,80.72
ZENTEC,EQ,21-Nov-2016,57.6,58.7,58.7,55.9,56.0,56.15,56.62,23004,1302445.35,225,18639.0,81.03
ZENTEC,EQ,18-Nov-2016,55.9,57.9,59.6,54.7,57.5,57.6,57.39,68306,3919806.35,576,37136.0,54.37
ZENTEC,EQ,17-Nov-2016,58.15,59.3,59.5,55.1,56.5,55.9,57.22,90520,5179363.45,703,61988.0,68.48
ZENTEC,EQ,16-Nov-2016,60.35,62.7,63.15,56.7,57.1,58.15,59.48,88716,5276935.35,824,58406.0,65.83
ZENTEC,EQ,15-Nov-2016,66.2,66.95,66.95,58.9,60.4,60.35,61.41,110622,6793617.1,696,79431.0,71.8
ZENTEC,EQ,11-Nov-2016,71.25,69.75,70.75,65.65,65.8,66.2,67.55,44004,2972357.5,402,34319.0,77.99
ZENTEC,EQ,10-Nov-2016,68.25,72.5,73.4,68.9,70.75,71.25,71.42,33839,2416849.65,363,20048.0,59.25
ZENTEC,EQ,09-Nov-2016,72.95,65.2,70.0,60.0,68.0,68.25,67.12,87925,5901163.6,598,54624.0,62.13
ZENTEC,EQ,08-Nov-2016,72.45,75.0,75.0,72.1,73.5,72.95,73.06,33205,2425976.8,407,16885.0,50.85
ZENTEC,EQ,07-Nov-2016,72.15,74.25,74.4,71.1,73.0,72.45,72.5,47104,3415019.35,442,31258.0,66.36
ZENTEC,EQ,04-Nov-2016,74.35,74.05,74.85,71.1,71.8,72.15,72.07,54751,3946115.25,497,41011.0,74.9
ZENTEC,EQ,03-Nov-2016,74.75,75.45,76.15,74.0,74.0,74.35,74.93,60179,4509025.8,351,44367.0,73.73
ZENTEC,EQ,02-Nov-2016,76.0,75.0,76.65,74.0,74.5,74.75,75.12,62395,4687321.75,481,47751.0,76.53
ZENTEC,EQ,01-Nov-2016,78.1,78.0,78.9,75.3,75.9,76.0,76.9,64459,4956713.3,416,45830.0,71.1
ZENTEC,EQ,30-Oct-2016,79.4,79.8,80.0,77.7,77.7,78.1,78.55,14691,1153906.4,125,12529.0,85.28
ZENTEC,EQ,28-Oct-2016,76.5,76.5,79.95,76.15,79.3,79.4,78.49,60468,4746293.95,556,49535.0,81.92
ZENTEC,EQ,27-Oct-2016,77.0,77.45,77.6,76.25,76.3,76.5,76.64,28802,2207251.2,195,25462.0,88.4
ZENTEC,EQ,26-Oct-2016,77.75,78.0,78.4,76.35,76.8,77.0,77.3,24072,1860779.6,216,17760.0,73.78
ZENTEC,EQ,25-Oct-2016,78.2,78.85,79.05,76.8,77.95,77.75,77.68,30149,2342012.0,357,21276.0,70.57
ZENTEC,EQ,24-Oct-2016,79.15,79.7,79.85,78.0,78.0,78.2,78.87,44219,3487549.45,303,29412.0,66.51
ZENTEC,EQ,21-Oct-2016,78.95,79.35,82.4,78.25,78.9,79.15,80.53,154058,12406884.65,1096,49851.0,32.36
ZENTEC,EQ,20-Oct-2016,78.45,79.0,81.7,78.0,78.15,78.95,79.48,104316,8291233.35,923,67717.0,64.92
ZENTEC,EQ,19-Oct-2016,78.05,79.0,79.95,77.0,78.1,78.45,78.75,140401,11056741.2,658,114329.0,81.43
ZENTEC,EQ,18-Oct-2016,75.55,75.1,78.8,75.1,77.7,78.05,77.6,38542,2990691.0,366,26554.0,68.9
ZENTEC,EQ,17-Oct-2016,76.45,76.7,78.8,75.0,75.8,75.55,76.56,27750,2124534.65,277,23397.0,84.31
ZENTEC,EQ,14-Oct-2016,75.75,76.0,77.65,75.0,76.5,76.45,76.15,34379,2617871.35,394,24847.0,72.27
ZENTEC,EQ,13-Oct-2016,78.2,77.5,79.0,75.0,75.6,75.75,76.65,65247,5000999.4,445,50657.0,77.64
ZENTEC,EQ,10-Oct-2016,78.55,78.3,79.65,77.4,78.35,78.2,78.17,25286,1976500.9,287,15816.0,62.55
ZENTEC,EQ,07-Oct-2016,79.2,78.1,79.9,78.1,78.7,78.55,78.98,20470,1616705.75,244,13550.0,66.19
ZENTEC,EQ,06-Oct-2016,79.8,80.35,82.0,79.0,79.2,79.2,80.01,40299,3224463.05,394,28906.0,71.73
ZENTEC,EQ,05-Oct-2016,80.65,81.7,81.85,78.65,80.0,79.8,79.9,57215,4571670.5,539,47004.0,82.15
ZENTEC,EQ,04-Oct-2016,80.8,82.45,82.45,79.4,80.5,80.65,80.62,49657,4003188.0,469,38184.0,76.9
ZENTEC,EQ,03-Oct-2016,79.0,80.25,82.75,79.35,81.0,80.8,81.24,56561,4594738.2,672,22583.0,39.93
ZENTEC,EQ,30-Sep-2016,76.0,74.95,79.95,74.95,79.0,79.0,78.49,48242,3786297.15,592,32720.0,67.82
ZENTEC,EQ,29-Sep-2016,81.3,82.7,85.5,74.0,76.35,76.0,80.29,261031,20957118.6,1787,129524.0,49.62
ZENTEC,EQ,28-Sep-2016,82.45,83.2,83.2,80.6,81.75,81.3,81.82,71309,5834458.25,753,45946.0,64.43
ZENTEC,EQ,27-Sep-2016,77.5,78.45,83.95,77.25,82.0,82.45,81.72,316399,25855393.85,2726,109847.0,34.72
ZENTEC,EQ,26-Sep-2016,78.0,78.1,78.6,76.5,77.8,77.5,77.56,52745,4090816.85,464,41903.0,79.44
ZENTEC,EQ,23-Sep-2016,79.2,79.95,80.0,77.65,77.65,78.0,78.88,72704,5734836.85,391,62751.0,86.31
ZENTEC,EQ,22-Sep-2016,79.5,80.85,81.35,78.5,79.0,79.2,79.84,60371,4820105.6,662,35068.0,58.09
ZENTEC,EQ,21-Sep-2016,81.85,82.8,83.0,79.1,79.65,79.5,80.82,66125,5344441.35,908,48913.0,73.97
ZENTEC,EQ,20-Sep-2016,83.75,82.65,84.65,81.5,81.55,81.85,82.65,54271,4485658.3,879,35449.0,65.32
ZENTEC,EQ,19-Sep-2016,84.8,85.05,87.5,81.4,83.0,83.75,84.6,130779,11063338.3,1330,41987.0,32.11
ZENTEC,EQ,16-Sep-2016,87.35,89.5,91.35,84.0,84.25,84.8,88.12,219836,19372065.6,3120,80442.0,36.59
ZENTEC,EQ,15-Sep-2016,81.75,82.85,88.4,80.5,87.5,87.35,86.05,377035,32444728.9,3388,171205.0,45.41
ZENTEC,EQ,14-Sep-2016,78.95,78.35,84.2,78.35,81.55,81.75,82.52,172568,14240122.75,1889,71874.0,41.65
ZENTEC,EQ,12-Sep-2016,78.0,75.6,81.7,75.6,79.35,78.95,78.84,99932,7878558.15,1100,58024.0,58.06
ZENTEC,EQ,09-Sep-2016,80.1,80.1,80.75,77.4,78.0,78.0,78.54,65515,5145704.85,716,47033.0,71.79
ZENTEC,EQ,08-Sep-2016,75.85,75.65,81.35,75.65,80.0,80.1,79.8,155131,12378737.25,1596,85304.0,54.99
ZENTEC,EQ,07-Sep-2016,76.5,75.6,78.0,75.5,76.0,75.85,76.65,39185,3003562.8,375,25299.0,64.56
ZENTEC,EQ,06-Sep-2016,75.8,76.5,78.9,75.5,75.5,76.5,77.23,78959,6097770.45,567,64487.0,81.67
ZENTEC,EQ,02-Sep-2016,77.0,78.45,78.5,75.45,75.45,75.8,76.29,30659,2339034.6,286,24858.0,81.08
ZENTEC,EQ,01-Sep-2016,77.45,78.4,78.9,76.25,76.65,77.0,77.28,26326,2034353.15,319,17584.0,66.79
ZENTEC,EQ,31-Aug-2016,76.6,76.15,78.9,75.65,77.5,77.45,77.28,41192,3183368.8,510,26813.0,65.09
ZENTEC,EQ,30-Aug-2016,76.5,76.65,78.5,75.75,76.6,76.6,77.11,19734,1521767.45,415,13795.0,69.9
ZENTEC,EQ,29-Aug-2016,77.55,79.25,79.25,76.1,76.6,76.5,76.94,13691,1053412.95,382,8903.0,65.03
ZENTEC,EQ,26-Aug-2016,78.45,77.35,79.55,77.1,77.4,77.55,77.93,16260,1267145.4,226,12986.0,79.86
ZENTEC,EQ,25-Aug-2016,79.15,79.6,80.5,78.05,78.05,78.45,79.11,32179,2545763.1,711,20399.0,63.39
ZENTEC,EQ,24-Aug-2016,79.8,81.4,81.4,79.1,79.6,79.15,79.61,41891,3334935.4,385,32927.0,78.6
ZENTEC,EQ,23-Aug-2016,79.25,80.25,80.9,77.65,79.65,79.8,79.53,36872,2932433.1,445,19812.0,53.73
ZENTEC,EQ,22-Aug-2016,79.6,78.35,81.5,78.35,79.0,79.25,79.7,34008,2710383.8,487,26797.0,78.8
ZENTEC,EQ,19-Aug-2016,79.05,79.85,81.2,77.5,79.25,79.6,79.86,57895,4623206.05,668,32565.0,56.25
ZENTEC,EQ,18-Aug-2016,75.15,75.1,81.9,74.85,80.2,79.05,78.96,192224,15178354.75,2131,133763.0,69.59
ZENTEC,EQ,17-Aug-2016,76.2,75.35,77.0,74.6,74.85,75.15,75.23,38785,2917934.2,382,29591.0,76.29
ZENTEC,EQ,16-Aug-2016,76.0,76.45,76.9,74.6,75.9,76.2,75.88,27259,2068370.2,672,10304.0,37.8
ZENTEC,EQ,12-Aug-2016,76.4,76.05,78.4,75.7,76.1,76.0,76.39,33199,2536164.05,247,29209.0,87.98
ZENTEC,EQ,11-Aug-2016,77.3,78.0,78.45,76.05,76.05,76.4,77.08,27026,2083170.2,324,19096.0,70.66
ZENTEC,EQ,10-Aug-2016,77.55,79.9,79.95,77.0,77.55,77.3,77.85,35406,2756283.4,323,23904.0,67.51
ZENTEC,EQ,09-Aug-2016,82.35,75.0,80.4,75.0,77.45,77.55,78.45,146667,11505679.3,1052,114349.0,77.97
ZENTEC,EQ,08-Aug-2016,83.75,85.9,86.4,81.9,82.2,82.35,83.21,51848,4314428.4,587,36660.0,70.71
ZENTEC,EQ,05-Aug-2016,84.3,84.3,87.0,82.7,84.8,83.75,85.07,183939,15647886.25,1384,53230.0,28.94
ZENTEC,EQ,04-Aug-2016,82.45,84.3,85.0,83.0,83.9,84.3,83.85,87929,7373078.35,555,62610.0,71.21
ZENTEC,EQ,03-Aug-2016,82.55,82.5,85.45,82.0,82.25,82.45,83.78,124177,10403493.45,1036,44081.0,35.5
ZENTEC,EQ,02-Aug-2016,81.7,82.2,84.4,82.0,82.1,82.55,83.0,86459,7176271.05,718,65458.0,75.71
ZENTEC,EQ,01-Aug-2016,83.3,82.55,84.3,81.1,82.0,81.7,82.71,53326,4410729.7,470,39504.0,74.08
ZENTEC,EQ,29-Jul-2016,83.8,84.1,86.5,82.55,82.85,83.3,84.21,133725,11261248.3,1012,82215.0,61.48
ZENTEC,EQ,28-Jul-2016,80.6,84.8,84.9,80.05,83.65,83.8,83.51,159925,13355861.05,1271,66894.0,41.83
ZENTEC,EQ,27-Jul-2016,82.25,82.05,84.0,80.05,80.45,80.6,81.98,76258,6251485.05,693,61854.0,81.11
ZENTEC,EQ,26-Jul-2016,81.2,81.4,85.0,81.4,81.7,82.25,83.35,131043,10922419.55,1078,72536.0,55.35
ZENTEC,EQ,25-Jul-2016,82.25,82.55,82.6,80.1,81.45,81.2,81.36,116626,9488877.15,589,99154.0,85.02
ZENTEC,EQ,22-Jul-2016,80.7,81.9,82.7,80.45,82.4,82.25,81.85,38446,3146688.65,563,24050.0,62.56
ZENTEC,EQ,21-Jul-2016,80.85,81.4,84.2,80.0,80.1,80.7,82.33,83010,6834532.85,812,40099.0,48.31
ZENTEC,EQ,20-Jul-2016,77.85,77.05,81.65,77.05,81.65,80.85,79.75,107817,8598388.35,696,62659.0,58.12
ZENTEC,EQ,19-Jul-2016,78.5,78.85,78.9,75.2,77.65,77.85,77.44,30673,2375460.55,1000,21638.0,70.54
ZENTEC,EQ,18-Jul-2016,78.95,79.35,80.0,78.1,78.1,78.5,79.06,20358,1609484.1,227,15558.0,76.42
ZENTEC,EQ,15-Jul-2016,80.15,80.7,81.65,78.2,78.6,78.95,79.59,36523,2906997.25,419,25007.0,68.47
ZENTEC,EQ,14-Jul-2016,79.3,79.5,80.95,79.5,80.9,80.15,80.12,34574,2770015.15,289,23574.0,68.18
ZENTEC,EQ,13-Jul-2016,80.75,80.65,81.8,79.0,79.2,79.3,80.08,55894,4475975.55,532,40367.0,72.22
ZENTEC,EQ,12-Jul-2016,83.4,83.9,84.45,79.05,80.6,80.75,80.92,106374,8608162.2,994,61349.0,57.67
ZENTEC,EQ,11-Jul-2016,83.85,84.9,85.7,82.55,83.0,83.4,83.94,68976,5789782.0,571,51724.0,74.99
ZENTEC,EQ,08-Jul-2016,85.2,84.95,85.1,81.75,84.2,83.85,83.57,80510,6727991.95,646,34266.0,42.56
ZENTEC,EQ,07-Jul-2016,85.45,86.3,86.65,84.55,84.75,85.2,85.43,60171,5140145.35,602,33641.0,55.91
ZENTEC,EQ,05-Jul-2016,87.7,88.0,88.7,85.25,85.5,85.45,86.45,85060,7353779.0,806,55293.0,65.0
ZENTEC,EQ,04-Jul-2016,83.55,83.6,88.7,83.3,87.5,87.7,87.09,267392,23288257.9,2004,180689.0,67.57
ZENTEC,EQ,01-Jul-2016,83.35,83.75,85.3,81.7,83.3,83.55,83.85,234679,19678637.25,1351,167939.0,71.56
ZENTEC,EQ,30-Jun-2016,83.75,84.4,86.05,82.1,83.15,83.35,83.87,263156,22069611.5,2385,116002.0,44.08
ZENTEC,EQ,29-Jun-2016,77.2,77.55,86.0,76.75,84.25,83.75,82.25,663533,54577849.5,4080,231111.0,34.83
ZENTEC,EQ,28-Jun-2016,77.05,77.0,79.9,76.5,77.5,77.2,77.94,134608,10491745.7,1008,95227.0,70.74
ZENTEC,EQ,27-Jun-2016,72.1,72.7,78.45,72.7,77.15,77.05,76.69,179740,13784913.15,1620,113276.0,63.02
ZENTEC,EQ,24-Jun-2016,72.05,70.1,73.0,66.65,73.0,72.1,69.26,136385,9446273.75,1269,72649.0,53.27
ZENTEC,EQ,23-Jun-2016,75.6,75.75,76.0,71.65,71.7,72.05,73.14,136956,10017422.75,1162,99513.0,72.66
ZENTEC,EQ,22-Jun-2016,76.9,77.45,79.0,75.1,75.25,75.6,77.17,136921,10565939.65,1347,68410.0,49.96
ZENTEC,EQ,21-Jun-2016,71.65,73.45,79.35,71.0,77.2,76.9,75.93,636251,48310503.8,5187,230186.0,36.18
ZENTEC,EQ,20-Jun-2016,66.55,65.75,73.0,65.75,72.3,71.65,70.84,447286,31684895.4,2981,133981.0,29.95
ZENTEC,EQ,17-Jun-2016,66.7,66.75,68.2,65.55,66.35,66.55,66.95,32104,2149271.4,364,21016.0,65.46
ZENTEC,EQ,16-Jun-2016,67.3,67.75,69.5,66.0,66.25,66.7,67.5,169368,11432855.0,2680,111744.0,65.98
ZENTEC,EQ,15-Jun-2016,67.2,66.6,68.2,66.5,67.15,67.3,67.43,28557,1925725.6,309,23681.0,82.93
ZENTEC,EQ,14-Jun-2016,64.5,65.35,68.45,64.65,67.05,67.2,66.97,103672,6942523.65,1079,54348.0,52.42
ZENTEC,EQ,13-Jun-2016,67.5,66.2,67.35,64.0,64.4,64.5,65.63,54433,3572700.3,576,39905.0,73.31
ZENTEC,EQ,10-Jun-2016,66.35,66.95,68.8,65.15,67.75,67.5,67.46,48036,3240445.65,573,30563.0,63.63
ZENTEC,EQ,09-Jun-2016,66.95,68.65,68.7,65.8,66.0,66.35,66.85,55506,3710439.95,447,45362.0,81.72
ZENTEC,EQ,08-Jun-2016,66.3,65.55,70.0,65.5,67.0,66.95,67.77,225325,15271032.0,1270,174598.0,77.49
ZENTEC,EQ,07-Jun-2016,64.75,65.65,67.25,63.55,65.8,66.3,65.43,79425,5196637.65,949,57341.0,72.2
ZENTEC,EQ,06-Jun-2016,66.0,68.35,68.4,64.0,64.8,64.75,65.41,44546,2913729.55,424,24895.0,55.89
ZENTEC,EQ,03-Jun-2016,65.9,66.55,67.4,65.45,66.0,66.0,66.8,41438,2768243.65,480,33202.0,80.12
ZENTEC,EQ,02-Jun-2016,67.15,67.35,68.6,65.35,65.95,65.9,66.27,48274,3199078.25,355,44141.0,91.44
ZENTEC,EQ,01-Jun-2016,68.65,69.65,70.3,66.4,66.85,67.15,68.03,67303,4578950.5,625,58879.0,87.48
ZENTEC,EQ,31-May-2016,70.8,70.0,72.0,68.0,69.0,68.65,69.76,54437,3797272.15,437,42168.0,77.46
ZENTEC,EQ,30-May-2016,71.3,71.45,72.0,70.05,70.8,70.8,70.86,33408,2367390.0,327,27859.0,83.39
ZENTEC,EQ,27-May-2016,73.65,74.05,74.95,69.75,71.7,71.3,72.21,94656,6835203.05,584,66454.0,70.21
ZENTEC,EQ,26-May-2016,72.4,74.0,75.3,72.15,74.0,73.65,73.83,46867,3460107.6,381,32817.0,70.02
ZENTEC,EQ,25-May-2016,71.7,72.75,73.8,71.1,72.2,72.4,72.81,36850,2683197.5,317,29986.0,81.37
ZENTEC,EQ,24-May-2016,72.0,73.35,73.4,71.15,72.0,71.7,71.83,15442,1109132.6,279,10653.0,68.99
ZENTEC,EQ,23-May-2016,73.75,73.2,74.75,71.6,71.8,72.0,72.7,31103,2261232.15,284,25534.0,82.09
ZENTEC,EQ,20-May-2016,74.75,75.8,75.95,73.0,74.35,73.75,74.71,25732,1922518.65,404,13742.0,53.4
ZENTEC,EQ,19-May-2016,78.45,82.0,82.0,74.0,75.8,74.75,76.38,45837,3501245.75,687,24759.0,54.02
ZENTEC,EQ,18-May-2016,74.75,73.95,80.0,73.25,79.2,78.45,77.54,132109,10243945.9,1143,80406.0,60.86
ZENTEC,EQ,17-May-2016,71.65,71.9,75.85,71.5,74.6,74.75,73.54,53441,3929947.0,569,35885.0,67.15
ZENTEC,EQ,16-May-2016,73.6,72.15,73.45,69.8,71.2,71.65,71.26,56055,3994724.55,680,36360.0,64.86
ZENTEC,EQ,13-May-2016,74.2,75.0,75.5,73.15,74.15,73.6,74.19,30064,2230299.4,382,18201.0,60.54
ZENTEC,EQ,12-May-2016,75.4,75.55,76.6,73.75,74.5,74.2,74.72,42363,3165351.45,442,33683.0,79.51
ZENTEC,EQ,11-May-2016,77.1,75.75,77.9,75.2,75.85,75.4,76.04,35615,2708129.45,327,29278.0,82.21
ZENTEC,EQ,10-May-2016,77.55,77.75,79.6,77.0,77.0,77.1,78.0,23682,1847266.1,328,14547.0,61.43
ZENTEC,EQ,09-May-2016,77.2,76.95,78.4,76.95,78.0,77.55,77.62,44776,3475554.65,384,25383.0,56.69
ZENTEC,EQ,06-May-2016,78.25,78.4,78.45,75.3,77.5,77.2,77.17,21623,1668538.9,308,13045.0,60.33
ZENTEC,EQ,05-May-2016,77.6,77.55,79.0,77.5,77.9,78.25,78.33,17044,1335104.05,288,9899.0,58.08
ZENTEC,EQ,04-May-2016,79.1,78.15,79.25,77.2,77.2,77.6,78.06,46111,3599610.15,372,33572.0,72.81
ZENTEC,EQ,03-May-2016,79.6,79.1,83.4,78.55,79.1,79.1,81.63,108675,8871106.4,1207,46952.0,43.2
ZENTEC,EQ,02-May-2016,80.2,78.9,80.95,78.6,79.0,79.6,79.82,33178,2648335.2,527,13532.0,40.79
ZENTEC,EQ,29-Apr-2016,80.2,78.65,81.9,78.5,79.8,80.2,80.39,24514,1970678.3,385,15835.0,64.6
ZENTEC,EQ,28-Apr-2016,82.85,83.55,84.2,79.7,80.6,80.2,81.43,73882,6016415.85,755,49809.0,67.42
ZENTEC,EQ,27-Apr-2016,84.8,83.2,85.8,82.25,82.4,82.85,83.59,65819,5501676.8,767,43356.0,65.87
ZENTEC,EQ,26-Apr-2016,84.65,84.95,86.35,84.15,84.4,84.8,84.93,44285,3760931.8,575,28816.0,65.07
ZENTEC,EQ,25-Apr-2016,87.6,88.5,88.5,84.15,84.4,84.65,85.63,31333,2683064.95,536,22359.0,71.36
ZENTEC,EQ,22-Apr-2016,86.7,87.4,88.35,85.55,87.9,87.6,87.13,56351,4909856.7,500,33401.0,59.27
ZENTEC,EQ,21-Apr-2016,88.0,87.05,89.7,85.5,86.35,86.7,87.2,51044,4450902.6,511,33156.0,64.96
ZENTEC,EQ,20-Apr-2016,86.4,88.8,90.0,85.9,88.0,88.0,88.09,77154,6796164.15,733,37807.0,49.0
ZENTEC,EQ,18-Apr-2016,86.45,86.15,87.7,86.0,86.0,86.4,86.73,40380,3502349.85,561,24924.0,61.72
ZENTEC,EQ,13-Apr-2016,88.15,89.4,90.35,86.05,86.05,86.45,88.19,104993,9259333.7,1121,70860.0,67.49
ZENTEC,EQ,12-Apr-2016,83.1,83.1,89.0,82.45,89.0,88.15,86.65,222235,19257090.5,2183,122757.0,55.24
ZENTEC,EQ,11-Apr-2016,82.3,82.75,85.6,82.1,82.8,83.1,83.62,92820,7761949.05,789,27259.0,29.37
ZENTEC,EQ,08-Apr-2016,81.4,81.3,84.2,80.9,82.35,82.3,82.69,80812,6681941.5,1294,24712.0,30.58
ZENTEC,EQ,07-Apr-2016,82.1,82.6,83.65,81.05,81.3,81.4,82.06,113699,9329744.55,1440,33257.0,29.25
ZENTEC,EQ,06-Apr-2016,78.25,79.2,84.75,78.55,81.95,82.1,82.75,334086,27644577.05,3478,93647.0,28.03
ZENTEC,EQ,05-Apr-2016,82.3,81.95,82.3,77.5,78.5,78.25,79.49,112804,8966307.4,1520,52870.0,46.87
ZENTEC,EQ,04-Apr-2016,81.0,80.0,83.4,80.0,82.25,82.3,82.45,169202,13951106.8,1590,53200.0,31.44
ZENTEC,EQ,01-Apr-2016,73.8,74.25,83.8,74.15,80.7,81.0,79.86,517672,41341456.25,5369,207387.0,40.06
ZENTEC,EQ,31-Mar-2016,74.55,74.45,74.85,72.9,74.0,73.8,73.98,58311,4313791.65,739,29418.0,50.45
ZENTEC,EQ,30-Mar-2016,72.95,73.4,75.5,73.4,74.2,74.55,74.46,102336,7619493.2,1070,58455.0,57.12
ZENTEC,EQ,29-Mar-2016,74.3,74.1,75.9,72.55,72.6,72.95,73.74,101332,7471749.5,1402,55763.0,55.03
ZENTEC,EQ,28-Mar-2016,78.2,78.95,81.8,74.0,74.5,74.3,77.73,178021,13837802.9,2457,96449.0,54.18
ZENTEC,EQ,23-Mar-2016,75.75,75.95,79.5,75.2,78.75,78.2,77.31,167122,12920466.05,2422,56475.0,33.79
ZENTEC,EQ,22-Mar-2016,75.6,76.4,78.7,73.8,76.0,75.75,76.26,232582,17736214.25,2590,94087.0,40.45
ZENTEC,EQ,21-Mar-2016,71.15,71.85,77.0,71.3,76.05,75.6,73.35,293274,21511506.3,2913,131765.0,44.93
ZENTEC,EQ,18-Mar-2016,71.1,71.65,72.8,70.5,71.7,71.15,71.76,89330,6410103.85,1293,35908.0,40.2
ZENTEC,EQ,17-Mar-2016,69.55,70.75,74.0,69.95,71.75,71.1,72.1,183089,13201541.55,2388,73122.0,39.94
ZENTEC,EQ,16-Mar-2016,71.05,71.05,71.95,67.8,69.75,69.55,69.96,115837,8103820.1,1421,42789.0,36.94
ZENTEC,EQ,15-Mar-2016,70.0,70.0,72.2,69.25,70.85,71.05,70.85,92393,6545599.7,1553,39514.0,42.77
ZENTEC,EQ,14-Mar-2016,70.55,71.15,72.4,69.45,69.7,70.0,71.18,77514,5517694.05,965,45384.0,58.55
ZENTEC,EQ,11-Mar-2016,70.8,70.8,73.2,70.25,70.25,70.55,71.62,92841,6649500.25,1164,35553.0,38.29
ZENTEC,EQ,10-Mar-2016,70.3,71.25,73.1,69.1,70.75,70.8,71.03,165654,11765957.15,1447,76706.0,46.3
ZENTEC,EQ,09-Mar-2016,69.3,69.3,71.0,68.65,70.2,70.3,69.75,120091,8376725.4,686,98530.0,82.05
ZENTEC,EQ,08-Mar-2016,70.05,70.4,72.0,68.8,69.3,69.3,70.17,180253,12648635.55,2116,108134.0,59.99
ZENTEC,EQ,04-Mar-2016,68.3,67.15,73.7,66.25,69.85,70.05,70.16,126076,8845173.45,1766,53604.0,42.52
ZENTEC,EQ,03-Mar-2016,69.65,70.4,71.5,67.85,69.0,68.3,69.27,131749,9126290.3,1897,82052.0,62.28
ZENTEC,EQ,02-Mar-2016,66.45,68.4,71.5,66.65,70.0,69.65,69.53,165665,11518298.8,1827,95060.0,57.38
ZENTEC,EQ,01-Mar-2016,59.3,59.7,68.35,59.7,66.55,66.45,64.43,277573,17882737.7,3483,129956.0,46.82
ZENTEC,EQ,29-Feb-2016,63.3,64.0,64.4,58.35,58.85,59.3,61.15,225056,13762153.25,2713,111881.0,49.71
ZENTEC,EQ,26-Feb-2016,65.05,66.2,68.8,61.85,63.0,63.3,65.3,152926,9985587.25,2298,69863.0,45.68
ZENTEC,EQ,25-Feb-2016,66.55,65.55,69.0,64.6,64.8,65.05,67.04,96679,6481825.15,2796,27019.0,27.95
ZENTEC,EQ,24-Feb-2016,70.45,69.05,69.05,66.0,66.0,66.55,67.57,68743,4644928.4,815,35343.0,51.41
ZENTEC,EQ,23-Feb-2016,71.95,71.95,72.3,67.35,69.3,70.45,69.73,90140,6285523.15,1081,49455.0,54.86
ZENTEC,EQ,22-Feb-2016,73.75,72.1,74.35,71.7,72.6,71.95,72.84,88671,6459163.9,830,56921.0,64.19
ZENTEC,EQ,19-Feb-2016,71.45,74.0,75.7,71.55,72.9,73.75,73.37,377143,27669429.9,3675,124172.0,32.92
ZENTEC,EQ,18-Feb-2016,63.3,64.7,72.9,62.65,72.1,71.45,68.65,238590,16379173.3,2519,113621.0,47.62
ZENTEC,EQ,17-Feb-2016,65.2,65.85,67.75,59.0,64.5,63.3,62.21,386743,24058935.15,2612,192201.0,49.7
ZENTEC,EQ,16-Feb-2016,73.95,74.4,77.85,64.25,64.55,65.2,68.16,188089,12820095.55,2430,132443.0,70.42
ZENTEC,EQ,15-Feb-2016,68.95,71.9,76.0,71.9,74.0,73.95,74.33,92307,6861183.95,2680,34159.0,37.01
ZENTEC,EQ,12-Feb-2016,67.7,69.55,70.15,59.6,69.5,68.95,65.84,155748,10253942.35,1510,57245.0,36.75
ZENTEC,EQ,11-Feb-2016,75.05,73.9,75.0,66.3,68.0,67.7,70.27,143434,10078664.95,1259,102429.0,71.41
ZENTEC,EQ,10-Feb-2016,80.2,79.15,80.35,72.2,75.6,75.05,76.19,106353,8102537.3,1540,56569.0,53.19
ZENTEC,EQ,09-Feb-2016,80.2,79.0,80.8,77.1,80.0,80.2,79.72,64346,5129919.65,866,32489.0,50.49
ZENTEC,EQ,08-Feb-2016,88.05,84.0,86.95,77.9,80.0,80.2,82.28,280115,23047992.3,3077,113406.0,40.49
ZENTEC,EQ,05-Feb-2016,85.4,86.4,88.9,85.2,87.75,88.05,87.37,73549,6425787.85,1570,34115.0,46.38
ZENTEC,EQ,04-Feb-2016,84.6,83.2,88.8,82.9,85.35,85.4,86.19,137725,11871088.65,1491,56927.0,41.33
ZENTEC,EQ,03-Feb-2016,87.2,86.6,86.6,84.0,84.65,84.6,85.12,51574,4390235.85,494,34893.0,67.66
ZENTEC,EQ,02-Feb-2016,88.85,88.65,90.8,86.55,87.35,87.2,89.04,88661,7894676.2,810,40868.0,46.09
ZENTEC,EQ,01-Feb-2016,90.25,91.6,91.6,88.5,88.6,88.85,89.63,56228,5039832.15,607,32211.0,57.29
ZENTEC,EQ,29-Jan-2016,89.2,88.0,92.65,88.0,90.25,90.25,90.67,109179,9898718.3,889,47274.0,43.3
ZENTEC,EQ,28-Jan-2016,88.7,89.2,92.9,86.95,89.5,89.2,89.63,148143,13278049.4,1864,61098.0,41.24
ZENTEC,EQ,27-Jan-2016,93.45,94.4,96.95,87.65,88.2,88.7,91.16,393543,35874227.3,2267,249157.0,63.31
ZENTEC,EQ,25-Jan-2016,93.4,94.1,98.0,90.85,93.8,93.45,93.73,215760,20224039.95,1428,136095.0,63.08
ZENTEC,EQ,22-Jan-2016,89.15,92.2,94.0,91.0,94.0,93.4,92.84,76066,7062262.7,812,43246.0,56.85
ZENTEC,EQ,21-Jan-2016,86.6,88.3,91.15,87.1,89.4,89.15,89.13,84310,7514806.9,806,44740.0,53.07
ZENTEC,EQ,20-Jan-2016,89.45,87.65,88.9,85.0,87.2,86.6,86.77,160622,13937903.4,1302,91087.0,56.71
ZENTEC,EQ,19-Jan-2016,85.7,86.95,93.35,86.8,90.0,89.45,90.0,183643,16528264.45,1784,89006.0,48.47
ZENTEC,EQ,18-Jan-2016,94.95,98.95,98.95,85.15,85.95,85.7,89.46,215360,19266632.15,2017,103722.0,48.16
ZENTEC,EQ,15-Jan-2016,103.9,105.4,106.95,92.0,94.85,94.95,99.94,141207,14111740.45,1429,74508.0,52.77
ZENTEC,EQ,14-Jan-2016,108.75,103.2,109.9,100.6,103.7,103.9,105.28,406759,42825373.75,2881,184154.0,45.27
ZENTEC,EQ,13-Jan-2016,120.35,122.8,123.2,103.0,109.0,108.75,109.21,371604,40584151.75,3576,174206.0,46.88
ZENTEC,EQ,12-Jan-2016,122.45,123.65,126.5,119.2,119.8,120.35,122.99,223759,27520940.05,1882,133714.0,59.76
ZENTEC,EQ,11-Jan-2016,124.05,122.5,124.8,119.0,122.0,122.45,122.04,118340,14442465.95,1833,37470.0,31.66
ZENTEC,EQ,08-Jan-2016,121.15,123.2,125.95,121.9,124.55,124.05,124.0,149952,18594360.8,1584,81239.0,54.18
ZENTEC,EQ,07-Jan-2016,125.9,124.5,124.7,119.5,121.15,121.15,122.15,156673,19138130.1,1771,104354.0,66.61
ZENTEC,EQ,06-Jan-2016,125.15,125.8,134.45,120.15,126.0,125.9,126.9,651330,82654749.85,6270,231294.0,35.51
ZENTEC,EQ,05-Jan-2016,121.05,122.7,129.0,119.35,124.0,125.15,124.91,205981,25729297.3,2304,65691.0,31.89
ZENTEC,EQ,04-Jan-2016,124.5,124.85,127.1,117.25,121.2,121.05,121.47,198911,24162453.0,2185,92065.0,46.28
ZENTEC,EQ,01-Jan-2016,122.7,122.95,126.75,122.2,124.75,124.5,124.75,103874,12958076.9,1416,51665.0,49.74
ZENTEC,EQ,31-Dec-2015,125.3,126.3,126.3,120.75,121.9,122.7,123.0,81165,9983690.15,964,43420.0,53.5
ZENTEC,EQ,29-Dec-2017,142.9,143.75,153.2,142.9,150.5,151.1,149.89,1101035,165038747.95,8963,467824.0,42.49
ZENTEC,EQ,28-Dec-2017,143.8,144.4,145.9,142.0,142.6,142.9,143.71,275615,39608466.7,2103,150428.0,54.58
ZENTEC,EQ,27-Dec-2017,148.6,149.6,150.15,142.25,143.0,143.8,146.44,649622,95127599.0,8020,288612.0,44.43
ZENTEC,EQ,26-Dec-2017,138.45,139.3,153.2,139.0,147.85,148.6,147.58,1966628,290233060.25,16927,543892.0,27.66
ZENTEC,EQ,22-Dec-2017,133.45,134.4,141.8,131.5,137.75,138.45,138.06,1565378,216119819.75,13188,788216.0,50.35
ZENTEC,EQ,21-Dec-2017,132.65,133.85,135.0,128.5,132.6,133.45,131.46,1610819,211750967.75,5173,1264672.0,78.51
ZENTEC,EQ,20-Dec-2017,134.15,134.6,135.25,132.0,132.3,132.65,133.02,238973,31787715.1,1936,122088.0,51.09
ZENTEC,EQ,19-Dec-2017,133.0,134.6,139.9,132.9,133.6,134.15,136.18,707357,96325890.85,6921,277847.0,39.28
ZENTEC,EQ,18-Dec-2017,132.2,128.2,136.45,120.55,134.35,133.0,131.72,708437,93315556.75,5883,290465.0,41.0
ZENTEC,EQ,15-Dec-2017,134.6,136.3,139.4,130.65,132.5,132.2,134.11,861441,115524010.55,8007,278854.0,32.37
ZENTEC,EQ,14-Dec-2017,124.5,125.9,140.0,124.65,133.9,134.6,134.92,3375355,455389253.35,35831,577668.0,17.11
ZENTEC,EQ,13-Dec-2017,117.75,116.95,129.0,116.15,124.85,124.5,124.27,1787988,222194827.9,14598,465201.0,26.02
ZENTEC,EQ,12-Dec-2017,118.05,118.9,121.3,115.8,117.0,117.75,118.62,605127,71780850.75,4360,267119.0,44.14
ZENTEC,EQ,11-Dec-2017,109.9,110.45,119.35,110.4,119.0,118.05,115.74,922979,106824871.65,7683,364186.0,39.46
ZENTEC,EQ,08-Dec-2017,106.95,107.45,112.95,107.0,109.6,109.9,110.56,561465,62072862.7,4817,206702.0,36.81
ZENTEC,EQ,07-Dec-2017,100.45,100.9,107.9,100.9,107.0,106.95,105.1,422610,44415626.25,3472,200527.0,47.45
ZENTEC,EQ,06-Dec-2017,103.65,102.5,105.8,99.3,100.0,100.45,103.11,256736,26472722.6,2097,130081.0,50.67
ZENTEC,EQ,05-Dec-2017,101.2,101.2,109.25,98.0,103.0,103.65,103.8,654918,67977737.1,4866,282497.0,43.13
ZENTEC,EQ,04-Dec-2017,105.25,106.2,106.9,100.1,101.0,101.2,102.81,304445,31298708.95,2541,139010.0,45.66
ZENTEC,EQ,01-Dec-2017,107.35,108.8,113.0,103.8,105.5,105.25,108.47,282749,30669476.2,2688,124672.0,44.09
ZENTEC,EQ,30-Nov-2017,112.35,111.5,113.4,104.45,108.7,107.35,110.24,402847,44410891.75,2212,197849.0,49.11
ZENTEC,EQ,29-Nov-2017,112.85,113.7,114.55,111.0,112.2,112.35,113.03,303244,34274175.55,2281,160042.0,52.78
ZENTEC,EQ,28-Nov-2017,112.25,112.1,115.8,110.55,112.85,112.85,113.48,648859,73630252.4,4393,238497.0,36.76
ZENTEC,EQ,27-Nov-2017,106.3,106.0,114.6,104.0,111.8,112.25,111.01,1175209,130454482.95,9291,357668.0,30.43
ZENTEC,EQ,24-Nov-2017,107.65,108.4,110.8,105.6,105.9,106.3,108.0,907619,98025484.35,5902,369831.0,40.75
ZENTEC,EQ,23-Nov-2017,95.5,97.75,111.2,95.85,107.3,107.65,105.07,2491215,261746510.75,17268,696013.0,27.94
ZENTEC,EQ,22-Nov-2017,97.8,97.7,99.4,95.0,95.45,95.5,96.7,328538,31768268.5,2092,195176.0,59.41
ZENTEC,EQ,21-Nov-2017,100.35,102.0,102.0,97.5,97.8,97.8,98.93,327058,32354726.85,1943,224332.0,68.59
ZENTEC,EQ,20-Nov-2017,103.3,103.6,103.6,96.0,100.45,100.35,99.27,677032,67209491.55,5441,274893.0,40.6
ZENTEC,EQ,17-Nov-2017,100.0,101.5,106.3,100.1,103.6,103.3,103.52,904310,93617098.85,6757,360842.0,39.9
ZENTEC,EQ,16-Nov-2017,96.2,98.9,103.35,98.1,99.7,100.0,100.85,1443983,145632576.1,12376,469153.0,32.49
ZENTEC,EQ,15-Nov-2017,87.25,85.5,102.0,85.5,97.6,96.2,96.74,3935059,380669512.05,30853,1154690.0,29.34
ZENTEC,EQ,14-Nov-2017,88.35,88.25,89.85,85.95,87.7,87.25,87.72,223622,19615298.85,1506,122445.0,54.76
ZENTEC,EQ,13-Nov-2017,86.9,88.3,91.85,87.0,88.0,88.35,89.81,801552,71985172.5,5966,389492.0,48.59
ZENTEC,EQ,10-Nov-2017,81.3,80.1,88.4,80.1,87.0,86.9,86.4,850700,73503696.65,5871,452844.0,53.23
ZENTEC,EQ,09-Nov-2017,79.25,79.75,83.0,79.75,81.25,81.3,81.61,165047,13469113.6,1299,113928.0,69.03
ZENTEC,EQ,08-Nov-2017,80.4,79.55,82.0,78.4,79.05,79.25,79.93,183809,14692475.8,1421,113365.0,61.68
ZENTEC,EQ,07-Nov-2017,83.2,84.25,84.9,78.8,80.6,80.4,81.08,271862,22042164.55,2219,165592.0,60.91
ZENTEC,EQ,06-Nov-2017,84.95,85.0,86.85,83.05,83.2,83.2,84.63,187809,15895203.0,1364,130915.0,69.71
ZENTEC,EQ,03-Nov-2017,85.4,86.5,87.9,84.05,84.5,84.95,85.29,250360,21352060.2,1633,173549.0,69.32
ZENTEC,EQ,02-Nov-2017,83.35,83.35,88.5,83.25,86.0,85.4,86.13,629296,54200397.95,4546,333603.0,53.01
ZENTEC,EQ,01-Nov-2017,87.1,88.0,89.0,82.0,83.1,83.35,84.79,534820,45346815.8,3740,336281.0,62.88
ZENTEC,EQ,31-Oct-2017,82.5,92.45,92.75,85.4,86.6,87.1,88.32,2500346,220822774.85,16235,1158867.0,46.35
ZENTEC,EQ,30-Oct-2017,71.65,72.5,85.0,69.7,84.3,82.5,79.11,2454399,194168779.95,9892,1185016.0,48.28
ZENTEC,EQ,27-Oct-2017,70.9,71.1,73.35,70.1,71.7,71.65,71.87,337800,24278833.25,1883,242087.0,71.67
ZENTEC,EQ,26-Oct-2017,66.3,67.45,72.0,65.05,71.0,70.9,69.81,632838,44178585.3,4505,345386.0,54.58
ZENTEC,EQ,25-Oct-2017,66.85,67.2,68.75,66.05,66.25,66.3,67.42,210752,14208626.5,1333,146101.0,69.32
ZENTEC,EQ,24-Oct-2017,66.15,66.9,68.8,66.2,66.8,66.85,67.7,233423,15802127.85,1569,139925.0,59.94
ZENTEC,EQ,23-Oct-2017,63.65,65.0,68.45,62.6,66.85,66.15,66.27,380347,25204467.45,3439,178601.0,46.96
ZENTEC,EQ,19-Oct-2017,64.55,65.0,66.45,62.55,63.4,63.65,63.94,222263,14211579.5,1227,129384.0,58.21
ZENTEC,EQ,18-Oct-2017,61.65,62.0,69.4,61.8,64.1,64.55,66.4,1188341,78908951.4,6369,607981.0,51.16
ZENTEC,EQ,17-Oct-2017,62.35,63.5,63.5,61.1,61.1,61.65,62.08,48790,3028783.6,420,36886.0,75.6
ZENTEC,EQ,16-Oct-2017,63.85,63.75,65.1,62.1,62.7,62.35,62.94,108782,6847046.9,619,60923.0,56.0
ZENTEC,EQ,13-Oct-2017,64.25,65.45,65.45,63.4,63.6,63.85,64.52,195723,12627738.25,977,133169.0,68.04
ZENTEC,EQ,12-Oct-2017,61.85,62.4,66.4,62.4,64.4,64.25,64.86,654530,42449685.9,3543,323884.0,49.48
ZENTEC,EQ,11-Oct-2017,64.85,64.25,67.9,59.85,61.5,61.85,63.94,538218,34414965.05,2914,312478.0,58.06
ZENTEC,EQ,10-Oct-2017,62.35,62.5,66.0,61.0,64.95,64.85,64.68,730635,47256398.75,3831,433132.0,59.28
ZENTEC,EQ,09-Oct-2017,58.2,59.0,64.7,58.55,62.35,62.35,61.83,639040,39513188.7,4171,373243.0,58.41
ZENTEC,EQ,06-Oct-2017,56.85,59.4,63.8,57.05,58.0,58.2,60.46,870060,52600522.55,5480,423151.0,48.63
ZENTEC,EQ,05-Oct-2017,47.55,48.4,57.05,47.8,57.05,56.85,54.12,870224,47095344.7,3118,503475.0,57.86
ZENTEC,EQ,04-Oct-2017,48.55,49.3,49.7,47.05,47.5,47.55,48.27,159483,7697603.2,696,110340.0,69.19
ZENTEC,EQ,03-Oct-2017,49.6,50.5,50.5,48.0,48.15,48.55,48.83,84409,4121466.15,455,61761.0,73.17
ZENTEC,EQ,29-Sep-2017,49.65,49.6,50.4,48.6,48.6,49.6,49.73,108405,5391042.25,522,80280.0,74.06
ZENTEC,EQ,28-Sep-2017,49.7,49.45,49.95,46.45,49.65,49.65,48.36,159323,7705107.25,961,84112.0,52.79
ZENTEC,EQ,27-Sep-2017,49.4,51.6,51.6,49.0,49.5,49.7,49.91,169598,8464475.1,579,130546.0,76.97
ZENTEC,EQ,26-Sep-2017,49.65,50.4,50.6,48.65,49.25,49.4,49.7,131835,6552796.5,4045,87574.0,66.43
ZENTEC,EQ,25-Sep-2017,51.5,51.7,51.7,49.35,49.5,49.65,49.87,84484,4213471.3,2226,68735.0,81.36
ZENTEC,EQ,22-Sep-2017,53.65,53.0,54.35,50.5,51.45,51.5,52.69,101603,5353769.25,639,73674.0,72.51
ZENTEC,EQ,21-Sep-2017,54.7,54.2,55.7,52.3,54.0,53.65,53.38,75723,4042295.2,614,40587.0,53.6
ZENTEC,EQ,20-Sep-2017,54.45,55.5,56.0,54.2,54.8,54.7,55.19,134907,7445442.7,1121,55270.0,40.97
ZENTEC,EQ,19-Sep-2017,51.9,52.7,56.0,51.5,54.3,54.45,54.4,268789,14623417.85,1524,146096.0,54.35
ZENTEC,EQ,18-Sep-2017,54.4,53.5,54.85,51.5,51.7,51.9,52.92,117606,6223252.8,789,89295.0,75.93
ZENTEC,EQ,15-Sep-2017,53.85,54.0,56.15,53.1,54.7,54.4,55.05,232562,12803616.75,1189,98113.0,42.19
ZENTEC,EQ,14-Sep-2017,53.85,54.0,54.55,53.35,54.0,53.85,53.88,56640,3051602.9,285,48399.0,85.45
ZENTEC,EQ,13-Sep-2017,54.15,54.45,54.8,53.55,54.0,53.85,54.13,60818,3291902.45,415,46344.0,76.2
ZENTEC,EQ,12-Sep-2017,53.95,53.95,55.0,52.65,54.1,54.15,53.65,80729,4331157.95,535,59317.0,73.48
ZENTEC,EQ,11-Sep-2017,54.1,54.0,55.2,53.75,54.0,53.95,54.17,65253,3534619.25,326,46954.0,71.96
ZENTEC,EQ,08-Sep-2017,54.45,55.6,55.9,53.6,54.2,54.1,54.84,138962,7621357.75,821,71791.0,51.66
ZENTEC,EQ,07-Sep-2017,51.85,52.05,55.4,51.35,54.45,54.45,53.84,204115,10989429.4,1417,100675.0,49.32
ZENTEC,EQ,06-Sep-2017,50.7,51.0,52.95,50.15,52.05,51.85,51.88,112021,5811414.1,665,55288.0,49.36
ZENTEC,EQ,05-Sep-2017,49.9,49.5,51.25,49.5,51.0,50.7,50.38,48675,2452323.65,301,27843.0,57.2
ZENTEC,EQ,04-Sep-2017,50.75,51.0,51.65,49.6,49.95,49.9,50.24,39420,1980578.75,269,30943.0,78.5
ZENTEC,EQ,01-Sep-2017,50.25,50.1,52.05,49.85,50.75,50.75,50.99,78461,4000894.1,467,36186.0,46.12
ZENTEC,EQ,31-Aug-2017,49.85,51.0,51.25,49.55,50.2,50.25,50.59,70326,3557448.45,393,47365.0,67.35
ZENTEC,EQ,30-Aug-2017,49.8,49.8,51.25,49.75,49.95,49.85,50.24,50442,2534148.85,315,33726.0,66.86
ZENTEC,EQ,29-Aug-2017,50.8,51.8,51.8,49.6,49.95,49.8,50.27,52321,2630064.65,382,38578.0,73.73
ZENTEC,EQ,28-Aug-2017,50.4,50.4,51.45,49.6,51.2,50.8,50.43,37910,1911649.15,369,21899.0,57.77
ZENTEC,EQ,24-Aug-2017,51.55,51.55,52.55,49.55,50.5,50.4,51.02,109625,5593273.3,688,72789.0,66.4
ZENTEC,EQ,23-Aug-2017,51.7,51.7,52.05,51.15,51.95,51.55,51.62,32755,1690944.2,186,21812.0,66.59
ZENTEC,EQ,22-Aug-2017,51.15,51.05,52.15,51.0,51.2,51.7,51.43,29721,1528649.35,241,15775.0,53.08
ZENTEC,EQ,21-Aug-2017,51.2,51.7,53.2,50.9,51.0,51.15,51.98,51557,2679784.1,406,33246.0,64.48
ZENTEC,EQ,18-Aug-2017,52.4,52.15,52.15,50.45,51.15,51.2,50.98,45244,2306549.65,336,26132.0,57.76
ZENTEC,EQ,17-Aug-2017,50.25,51.0,53.25,51.0,51.75,52.4,52.37,99274,5199120.95,988,48960.0,49.32
ZENTEC,EQ,16-Aug-2017,49.75,49.65,51.1,49.6,50.9,50.25,50.32,48862,2458711.45,363,27832.0,56.96
ZENTEC,EQ,14-Aug-2017,48.8,48.8,51.4,48.8,49.65,49.75,50.01,55767,2788663.8,432,28696.0,51.46
ZENTEC,EQ,11-Aug-2017,50.65,49.8,50.8,47.05,49.3,48.8,48.89,139008,6795692.5,977,95906.0,68.99
ZENTEC,EQ,10-Aug-2017,53.75,53.1,54.8,50.0,50.6,50.65,51.52,97234,5009254.9,853,58996.0,60.67
ZENTEC,EQ,09-Aug-2017,55.7,55.8,55.8,53.4,53.65,53.75,54.24,66801,3623605.35,467,46642.0,69.82
ZENTEC,EQ,08-Aug-2017,57.0,57.85,57.85,55.5,55.9,55.7,56.38,57302,3230799.6,417,37421.0,65.3
ZENTEC,EQ,07-Aug-2017,56.0,55.6,60.8,55.6,57.35,57.0,58.21,441882,25724160.6,2574,194969.0,44.12
ZENTEC,EQ,04-Aug-2017,55.9,56.25,57.7,55.55,55.6,56.0,56.11,54974,3084487.2,338,38858.0,70.68
ZENTEC,EQ,03-Aug-2017,56.5,56.05,56.9,55.55,55.9,55.9,56.01,46710,2616378.9,294,38779.0,83.02
ZENTEC,EQ,02-Aug-2017,56.4,56.4,57.3,55.8,56.3,56.5,56.47,36378,2054107.1,304,22718.0,62.45
ZENTEC,EQ,01-Aug-2017,57.0,57.6,57.6,56.25,56.25,56.4,56.79,20857,1184511.8,208,13406.0,64.28
ZENTEC,EQ,31-Jul-2017,56.9,57.45,57.75,56.9,57.25,57.0,57.27,27657,1583933.25,224,19222.0,69.5
ZENTEC,EQ,28-Jul-2017,57.1,57.9,57.9,56.15,57.0,56.9,56.84,33103,1881516.75,316,17572.0,53.08
ZENTEC,EQ,27-Jul-2017,59.05,58.5,59.7,56.45,57.15,57.1,58.41,92239,5387985.95,758,61401.0,66.57
ZENTEC,EQ,26-Jul-2017,59.5,61.0,61.05,58.55,58.55,59.05,59.76,319425,19087458.6,2921,145319.0,45.49
ZENTEC,EQ,25-Jul-2017,56.8,58.0,60.4,57.05,59.75,59.5,59.21,460591,27271820.6,2426,223082.0,48.43
ZENTEC,EQ,24-Jul-2017,55.4,56.45,59.45,55.75,57.4,56.8,57.51,286634,16484563.65,1337,196386.0,68.51
ZENTEC,EQ,21-Jul-2017,56.7,57.35,57.65,53.7,55.2,55.4,55.51,266833,14811125.0,1044,193671.0,72.58
ZENTEC,EQ,20-Jul-2017,56.05,56.85,59.95,55.3,56.9,56.7,58.18,244177,14205139.65,1709,63117.0,25.85
ZENTEC,EQ,19-Jul-2017,55.95,55.55,56.5,55.45,56.0,56.05,56.12,40613,2279202.9,318,27690.0,68.18
ZENTEC,EQ,18-Jul-2017,56.2,56.2,56.7,55.0,55.8,55.95,56.06,74362,4168789.45,464,58066.0,78.09
ZENTEC,EQ,17-Jul-2017,56.7,57.1,57.15,56.0,56.05,56.2,56.66,65364,3703598.8,543,39225.0,60.01
ZENTEC,EQ,14-Jul-2017,58.15,58.1,58.9,56.05,56.95,56.7,56.93,87434,4977624.7,815,49447.0,56.55
ZENTEC,EQ,13-Jul-2017,58.2,58.9,59.7,58.05,58.05,58.15,58.94,78707,4638983.7,901,43108.0,54.77
ZENTEC,EQ,12-Jul-2017,60.15,60.0,60.05,57.9,58.55,58.2,58.71,104155,6114507.75,1017,59883.0,57.49
ZENTEC,EQ,11-Jul-2017,60.15,61.1,62.9,59.45,60.1,60.15,61.31,296068,18151668.2,1927,189281.0,63.93
ZENTEC,EQ,10-Jul-2017,59.5,60.2,61.0,55.9,61.0,60.15,59.4,82846,4921308.1,647,54910.0,66.28
ZENTEC,EQ,07-Jul-2017,56.05,56.65,60.5,54.5,60.4,59.5,58.26,656343,38240365.7,3069,387297.0,59.01
ZENTEC,EQ,06-Jul-2017,50.05,50.8,58.4,50.15,55.95,56.05,55.94,907962,50788537.2,5615,262039.0,28.86
ZENTEC,EQ,05-Jul-2017,49.7,50.2,50.55,49.7,50.05,50.05,50.12,35644,1786301.65,385,21808.0,61.18
ZENTEC,EQ,04-Jul-2017,49.55,49.5,50.4,49.5,49.6,49.7,49.89,45455,2267615.3,425,28222.0,62.09
ZENTEC,EQ,03-Jul-2017,50.0,50.3,51.6,49.1,49.5,49.55,50.29,56228,2827925.95,490,37434.0,66.58
ZENTEC,EQ,30-Jun-2017,50.35,50.05,50.8,49.6,49.65,50.0,50.08,40821,2044218.75,371,26820.0,65.7
ZENTEC,EQ,29-Jun-2017,50.3,50.7,51.5,50.0,50.15,50.35,50.93,270500,13777001.3,605,240447.0,88.89
ZENTEC,EQ,28-Jun-2017,48.8,48.85,51.2,48.0,50.6,50.3,49.72,129566,6441504.0,1005,88650.0,68.42
ZENTEC,EQ,27-Jun-2017,51.15,51.3,51.6,48.15,48.75,48.8,49.39,75563,3731908.95,694,44741.0,59.21
ZENTEC,EQ,23-Jun-2017,51.6,51.65,52.25,50.85,51.2,51.15,51.46,59589,3066692.9,464,31074.0,52.15
ZENTEC,EQ,22-Jun-2017,51.6,52.1,53.5,51.5,51.5,51.6,52.22,62075,3241381.8,555,36617.0,58.99
ZENTEC,EQ,21-Jun-2017,51.5,51.85,52.3,51.25,52.3,51.6,51.63,52863,2729079.3,442,35886.0,67.88
ZENTEC,EQ,20-Jun-2017,53.0,52.7,53.55,51.3,51.75,51.5,51.94,92149,4786454.0,739,63289.0,68.68
ZENTEC,EQ,19-Jun-2017,52.15,52.7,54.6,52.35,52.85,53.0,53.33,82506,4400340.45,690,45999.0,55.75
ZENTEC,EQ,16-Jun-2017,55.35,55.9,55.95,51.5,52.4,52.15,53.26,126297,6726729.15,1175,82395.0,65.24
ZENTEC,EQ,15-Jun-2017,56.55,57.0,57.0,55.2,55.25,55.35,55.84,45246,2526470.9,367,28715.0,63.46
ZENTEC,EQ,14-Jun-2017,55.2,55.4,57.0,55.2,56.8,56.55,56.16,191234,10739353.5,1151,107965.0,56.46
ZENTEC,EQ,13-Jun-2017,52.9,53.45,56.75,52.35,55.4,55.2,55.22,192442,10625926.3,1364,79423.0,41.27
ZENTEC,EQ,12-Jun-2017,52.25,52.45,53.25,51.75,53.15,52.9,52.52,60139,3158313.95,484,39316.0,65.38
ZENTEC,EQ,09-Jun-2017,54.2,54.05,54.1,51.55,52.2,52.25,52.75,111772,5896366.95,696,87996.0,78.73
ZENTEC,EQ,08-Jun-2017,54.45,55.05,55.2,53.9,54.05,54.2,54.32,33990,1846173.05,330,17627.0,51.86
ZENTEC,EQ,07-Jun-2017,54.45,53.5,55.5,53.5,54.9,54.45,54.5,56744,3092823.35,549,27144.0,47.84
ZENTEC,EQ,06-Jun-2017,56.25,56.2,57.4,54.05,54.55,54.45,55.44,92626,5135282.45,691,52051.0,56.19
ZENTEC,EQ,05-Jun-2017,56.0,55.5,56.8,55.5,56.1,56.25,56.23,36617,2058794.05,331,21479.0,58.66
ZENTEC,EQ,02-Jun-2017,56.9,58.0,59.15,55.7,56.1,56.0,57.2,113973,6519642.15,757,65604.0,57.56
ZENTEC,EQ,01-Jun-2017,53.95,54.0,59.35,53.55,57.2,56.9,57.08,345802,19739381.1,2359,172574.0,49.91
ZENTEC,EQ,31-May-2017,53.9,54.15,55.8,53.75,54.0,53.95,54.39,70214,3818967.75,572,41073.0,58.5
ZENTEC,EQ,30-May-2017,56.85,54.95,56.0,53.05,54.0,53.9,54.53,184950,10084913.15,1146,122391.0,66.18
ZENTEC,EQ,29-May-2017,56.05,56.05,57.8,56.05,57.15,56.85,57.11,134882,7702735.4,822,80371.0,59.59
ZENTEC,EQ,26-May-2017,54.85,55.45,56.85,55.0,56.1,56.05,55.88,103981,5810053.55,762,62862.0,60.46
ZENTEC,EQ,25-May-2017,54.0,55.5,55.5,54.1,55.35,54.85,54.83,64442,3533226.95,534,44380.0,68.87
ZENTEC,EQ,24-May-2017,56.05,56.0,56.35,53.8,53.85,54.0,54.83,140893,7725843.8,1101,82312.0,58.42
ZENTEC,EQ,23-May-2017,58.15,58.6,58.6,55.75,56.0,56.05,56.56,151351,8560641.1,1075,92135.0,60.88
ZENTEC,EQ,22-May-2017,59.3,60.25,60.25,58.05,58.1,58.15,59.09,116068,6858199.9,672,75384.0,64.95
ZENTEC,EQ,19-May-2017,61.05,61.7,61.7,58.65,59.1,59.3,60.1,115477,6940028.55,774,75608.0,65.47
ZENTEC,EQ,18-May-2017,62.0,61.8,61.8,60.8,60.8,61.05,61.18,59531,3641949.35,439,45762.0,76.87
ZENTEC,EQ,17-May-2017,62.05,62.25,62.9,61.85,62.0,62.0,62.34,91093,5679140.2,431,56631.0,62.17
ZENTEC,EQ,16-May-2017,62.15,63.2,63.2,61.9,62.05,62.05,62.19,68700,4272418.8,427,45017.0,65.53
ZENTEC,EQ,15-May-2017,62.3,62.95,64.0,61.8,62.1,62.15,62.25,138858,8643809.6,623,94893.0,68.34
ZENTEC,EQ,12-May-2017,63.1,63.2,63.8,62.15,62.25,62.3,62.62,99758,6246605.2,1078,69411.0,69.58
ZENTEC,EQ,11-May-2017,63.85,64.1,64.45,62.5,63.25,63.1,63.5,151111,9595526.7,1561,102141.0,67.59
ZENTEC,EQ,10-May-2017,63.9,63.9,64.7,63.6,63.95,63.85,64.07,110189,7059536.1,1147,75091.0,68.15
ZENTEC,EQ,09-May-2017,64.2,64.8,64.8,62.65,63.8,63.9,63.4,256609,16270118.7,2379,156674.0,61.06
ZENTEC,EQ,08-May-2017,63.55,65.3,66.0,64.0,64.1,64.2,64.7,298297,19299806.0,3059,188145.0,63.07
ZENTEC,EQ,05-May-2017,63.85,63.55,63.85,62.55,63.3,63.55,63.31,207358,13128160.75,1600,129728.0,62.56
ZENTEC,EQ,04-May-2017,63.2,64.05,66.15,63.25,63.7,63.85,64.96,622782,40454404.35,4891,310803.0,49.91
ZENTEC,EQ,03-May-2017,62.45,63.25,64.0,62.1,64.0,63.2,63.0,122122,7693969.35,1286,85802.0,70.26
ZENTEC,EQ,02-May-2017,61.9,61.7,64.45,61.7,62.5,62.45,62.95,185744,11692433.75,1867,111902.0,60.25
ZENTEC,EQ,28-Apr-2017,62.55,62.75,62.95,61.7,62.0,61.9,62.25,85360,5314039.1,1126,60556.0,70.94
ZENTEC,EQ,27-Apr-2017,63.1,63.65,63.7,62.3,62.7,62.55,62.9,77057,4846590.3,1045,53069.0,68.87
ZENTEC,EQ,26-Apr-2017,64.1,63.6,64.7,62.25,63.05,63.1,63.78,139836,8918295.55,1584,82715.0,59.15
ZENTEC,EQ,25-Apr-2017,63.85,64.15,66.35,63.45,64.0,64.1,65.0,584383,37985720.95,5305,228470.0,39.1
ZENTEC,EQ,24-Apr-2017,62.8,65.0,65.4,63.5,63.85,63.85,64.2,378454,24295137.1,4203,197267.0,52.12
ZENTEC,EQ,21-Apr-2017,65.25,66.0,66.15,61.85,62.8,62.8,63.75,304620,19420412.55,2251,232454.0,76.31
ZENTEC,EQ,20-Apr-2017,64.0,65.0,66.9,63.25,65.1,65.25,65.77,229073,15066148.75,3106,128561.0,56.12
ZENTEC,EQ,19-Apr-2017,66.3,66.75,67.0,61.75,64.15,64.0,64.24,279378,17946065.35,3681,141336.0,50.59
ZENTEC,EQ,18-Apr-2017,66.05,66.25,69.4,65.8,66.1,66.3,67.53,361307,24399867.05,2999,202924.0,56.16
ZENTEC,EQ,17-Apr-2017,66.3,67.5,67.5,65.8,66.3,66.05,66.7,118370,7895641.45,1328,81524.0,68.87
ZENTEC,EQ,13-Apr-2017,66.4,66.7,67.4,66.1,66.45,66.3,66.54,77070,5127880.9,1149,43291.0,56.17
ZENTEC,EQ,12-Apr-2017,66.65,66.7,67.45,66.0,66.35,66.4,66.53,86955,5785188.45,1173,51743.0,59.51
ZENTEC,EQ,11-Apr-2017,66.6,66.95,68.0,66.5,66.75,66.65,66.99,126482,8472720.55,1459,77111.0,60.97
ZENTEC,EQ,10-Apr-2017,67.55,67.8,68.6,66.25,66.75,66.6,67.02,170131,11402251.4,2134,119674.0,70.34
ZENTEC,EQ,07-Apr-2017,68.95,68.6,70.5,66.7,67.5,67.55,68.48,171247,11727628.35,1510,91400.0,53.37
ZENTEC,EQ,06-Apr-2017,71.1,70.5,70.95,68.7,68.7,68.95,69.51,104066,7233346.7,671,74531.0,71.62
ZENTEC,EQ,05-Apr-2017,67.15,67.9,71.8,67.6,70.85,71.1,70.16,449822,31558132.25,2419,217925.0,48.45
ZENTEC,EQ,03-Apr-2017,66.55,67.1,69.9,67.0,67.35,67.15,68.08,247754,16867743.7,1544,151637.0,61.2
ZENTEC,EQ,31-Mar-2017,68.3,68.5,69.0,66.35,66.6,66.55,67.16,219347,14731209.2,1338,165112.0,75.27
ZENTEC,EQ,30-Mar-2017,69.05,69.7,70.8,68.0,68.4,68.3,69.17,158691,10977342.05,1034,104446.0,65.82
ZENTEC,EQ,29-Mar-2017,66.5,67.5,73.8,66.5,69.25,69.05,70.46,742938,52345417.95,6558,262320.0,35.31
ZENTEC,EQ,28-Mar-2017,66.85,67.05,68.1,66.0,66.7,66.5,66.86,127200,8504401.75,887,85587.0,67.29
ZENTEC,EQ,27-Mar-2017,68.2,68.3,68.75,66.7,66.8,66.85,67.45,82992,5598086.85,665,61802.0,74.47
ZENTEC,EQ,24-Mar-2017,67.45,67.5,70.2,67.5,68.05,68.2,68.6,134694,9240322.85,1374,54046.0,40.13
ZENTEC,EQ,23-Mar-2017,67.25,67.75,68.95,67.2,67.25,67.45,68.04,72935,4962812.05,673,39149.0,53.68
ZENTEC,EQ,22-Mar-2017,68.85,68.5,69.0,67.0,67.3,67.25,67.78,122887,8329301.85,792,75804.0,61.69
ZENTEC,EQ,21-Mar-2017,70.15,70.1,70.6,68.45,68.9,68.85,69.31,107097,7422715.3,800,70294.0,65.64
ZENTEC,EQ,20-Mar-2017,69.4,69.05,72.0,68.5,69.4,70.15,70.4,187752,13217105.5,1204,115033.0,61.27
ZENTEC,EQ,17-Mar-2017,69.35,69.75,71.8,69.05,69.25,69.4,70.31,106100,7459790.6,992,52200.0,49.2
ZENTEC,EQ,16-Mar-2017,68.8,68.45,70.8,68.45,69.05,69.35,69.77,104882,7317199.4,953,55111.0,52.55
ZENTEC,EQ,15-Mar-2017,70.05,70.5,70.5,67.2,68.55,68.8,69.1,112618,7781929.5,956,70849.0,62.91
ZENTEC,EQ,14-Mar-2017,70.05,71.35,72.6,69.7,69.8,70.05,70.93,95791,6794302.7,811,45775.0,47.79
ZENTEC,EQ,10-Mar-2017,70.15,71.85,72.0,69.5,69.5,70.05,70.79,77317,5472887.25,912,40058.0,51.81
ZENTEC,EQ,09-Mar-2017,71.2,71.0,71.65,70.0,70.4,70.15,70.67,62737,4433728.95,462,40954.0,65.28
ZENTEC,EQ,08-Mar-2017,73.35,73.85,74.35,70.85,71.2,71.2,71.9,130495,9383193.5,863,87501.0,67.05
ZENTEC,EQ,07-Mar-2017,74.3,74.9,74.9,73.0,73.5,73.35,73.56,59950,4410101.2,697,33675.0,56.17
ZENTEC,EQ,06-Mar-2017,71.55,74.3,74.8,72.0,74.1,74.3,73.69,154228,11364565.35,1423,110363.0,71.56
ZENTEC,EQ,03-Mar-2017,71.65,71.1,73.3,71.1,71.65,71.55,72.12,86101,6209619.55,875,43096.0,50.05
ZENTEC,EQ,02-Mar-2017,71.7,72.2,75.8,71.0,72.3,71.65,73.75,718969,53026689.5,6015,272440.0,37.89
ZENTEC,EQ,01-Mar-2017,68.85,69.9,72.75,68.95,71.5,71.7,71.26,241331,17196434.15,2275,121078.0,50.17
ZENTEC,EQ,28-Feb-2017,67.6,68.9,69.9,68.1,69.0,68.85,68.84,128137,8820367.15,1396,54312.0,42.39
ZENTEC,EQ,27-Feb-2017,68.4,68.8,69.4,67.0,67.5,67.6,68.39,123751,8463409.2,1019,85447.0,69.05
ZENTEC,EQ,23-Feb-2017,68.6,68.55,70.0,67.8,68.7,68.4,68.69,110110,7563946.45,1941,65112.0,59.13
ZENTEC,EQ,22-Feb-2017,69.1,68.75,70.9,68.15,68.45,68.6,69.76,95317,6649178.05,1899,52081.0,54.64
ZENTEC,EQ,21-Feb-2017,69.7,69.1,70.9,68.6,69.0,69.1,69.7,147138,10256189.6,2015,77011.0,52.34
ZENTEC,EQ,20-Feb-2017,70.05,70.5,70.9,69.05,69.9,69.7,69.85,90515,6322081.5,1493,54730.0,60.47
ZENTEC,EQ,17-Feb-2017,71.0,72.8,72.8,69.5,70.2,70.05,70.73,191056,13512691.25,3074,114449.0,59.9
ZENTEC,EQ,16-Feb-2017,70.35,70.75,71.65,68.6,70.9,71.0,70.33,130147,9152989.6,2152,76779.0,58.99
ZENTEC,EQ,15-Feb-2017,73.3,74.0,74.0,70.0,70.3,70.35,71.33,168022,11984954.8,2838,105044.0,62.52
ZENTEC,EQ,14-Feb-2017,72.6,73.25,74.8,72.5,73.75,73.3,73.7,196977,14516958.8,2616,96853.0,49.17
ZENTEC,EQ,13-Feb-2017,73.6,74.95,74.95,72.25,72.3,72.6,73.15,178099,13028428.05,1761,95915.0,53.85
ZENTEC,EQ,10-Feb-2017,75.2,76.4,76.4,73.1,73.6,73.6,74.95,232876,17454571.6,2633,150906.0,64.8
ZENTEC,EQ,09-Feb-2017,74.55,74.9,77.4,74.6,75.5,75.2,75.7,595486,45077994.2,5399,317922.0,53.39
ZENTEC,EQ,08-Feb-2017,75.6,76.35,76.4,73.1,74.6,74.55,74.36,296672,22059462.2,3762,166115.0,55.99
ZENTEC,EQ,07-Feb-2017,81.65,83.95,84.5,75.25,75.7,75.6,79.32,1020711,80962789.1,10322,579315.0,56.76
ZENTEC,EQ,06-Feb-2017,73.45,73.95,84.0,73.95,81.8,81.65,81.1,1609111,130505046.5,9315,734004.0,45.62
ZENTEC,EQ,03-Feb-2017,73.15,73.9,76.0,72.0,73.25,73.45,74.3,209624,15574435.85,2446,97269.0,46.4
ZENTEC,EQ,02-Feb-2017,73.5,73.95,74.9,72.05,72.7,73.15,73.35,91192,6689186.75,1256,55685.0,61.06
ZENTEC,EQ,01-Feb-2017,72.4,75.3,75.5,72.0,73.15,73.5,73.4,111140,8157766.85,1618,71986.0,64.77
ZENTEC,EQ,31-Jan-2017,75.2,76.5,76.5,71.55,72.4,72.4,73.56,120008,8828077.05,1684,85312.0,71.09
ZENTEC,EQ,30-Jan-2017,74.45,76.0,77.75,74.4,75.15,75.2,76.24,217934,16614485.1,2885,127048.0,58.3
ZENTEC,EQ,27-Jan-2017,75.1,75.0,76.95,74.2,75.0,74.45,75.25,113659,8552393.75,963,86775.0,76.35
ZENTEC,EQ,25-Jan-2017,77.95,78.65,78.65,74.75,75.0,75.1,75.85,196598,14912270.55,1662,139487.0,70.95
ZENTEC,EQ,24-Jan-2017,78.0,78.8,80.0,77.5,78.0,77.95,78.91,165772,13081674.7,1669,65078.0,39.26
ZENTEC,EQ,23-Jan-2017,77.7,77.85,79.1,77.0,78.3,78.0,78.27,87918,6881461.65,983,48057.0,54.66
ZENTEC,EQ,20-Jan-2017,80.4,80.25,82.4,77.3,77.45,77.7,80.07,294261,23560093.35,2541,138265.0,46.99
ZENTEC,EQ,19-Jan-2017,77.6,77.85,83.9,77.1,80.3,80.4,81.76,617121,50453411.65,5667,269181.0,43.62
ZENTEC,EQ,18-Jan-2017,77.35,77.6,79.35,76.4,77.65,77.6,77.66,55122,4280638.45,490,38397.0,69.66
ZENTEC,EQ,17-Jan-2017,76.55,77.0,78.5,76.55,77.4,77.35,77.3,92567,7154973.6,1427,47568.0,51.39
ZENTEC,EQ,16-Jan-2017,77.0,78.75,79.0,76.1,76.3,76.55,77.69,87533,6800068.05,713,59262.0,67.7
ZENTEC,EQ,13-Jan-2017,76.75,76.75,78.0,75.2,76.8,77.0,76.73,49258,3779664.8,578,32663.0,66.31
ZENTEC,EQ,12-Jan-2017,79.25,79.8,80.0,75.5,76.8,76.75,78.42,218594,17141154.85,1637,128659.0,58.86
ZENTEC,EQ,11-Jan-2017,73.7,74.7,80.0,73.9,79.0,79.25,78.17,395246,30896317.45,3534,188605.0,47.72
ZENTEC,EQ,10-Jan-2017,74.4,75.0,76.0,72.75,74.0,73.7,74.23,95001,7051971.6,973,51823.0,54.55
ZENTEC,EQ,09-Jan-2017,75.5,76.4,77.55,73.1,74.5,74.4,74.44,60168,4479101.2,748,38024.0,63.2
ZENTEC,EQ,06-Jan-2017,79.25,79.25,80.7,75.0,75.9,75.5,77.03,145331,11194427.05,1294,85811.0,59.05
ZENTEC,EQ,05-Jan-2017,77.85,79.5,81.0,77.85,79.15,79.25,79.7,230875,18400610.85,1892,106052.0,45.93
ZENTEC,EQ,04-Jan-2017,75.85,75.95,79.95,75.95,78.5,77.85,78.25,241968,18933206.85,2084,129040.0,53.33
ZENTEC,EQ,03-Jan-2017,74.45,73.7,78.4,73.7,76.25,75.85,76.51,422381,32317255.6,4120,129806.0,30.73
ZENTEC,EQ,02-Jan-2017,70.35,70.4,75.9,70.4,74.75,74.45,73.74,655678,48348980.65,6210,219607.0,33.49
ZENTEC,EQ,30-Dec-2016,61.7,62.85,73.8,61.6,70.25,70.35,70.38,1024480,72103163.85,8809,311051.0,30.36
ZENTEC,EQ,28-Dec-2018,79.9,80.05,82.5,78.75,78.95,79.4,80.66,52841,4262357.6,611,29426.0,55.69
ZENTEC,EQ,27-Dec-2018,80.35,81.85,84.8,79.3,79.8,79.9,81.76,88734,7255255.35,1164,45173.0,50.91
ZENTEC,EQ,26-Dec-2018,77.15,76.0,81.35,75.5,81.2,80.35,78.79,96701,7619368.4,1039,58404.0,60.4
ZENTEC,EQ,24-Dec-2018,75.35,78.0,78.0,75.15,77.0,77.15,77.04,70263,5413163.95,749,51928.0,73.91
ZENTEC,EQ,21-Dec-2018,78.05,78.1,79.5,75.0,75.1,75.35,76.45,42757,3268613.35,701,24009.0,56.15
ZENTEC,EQ,20-Dec-2018,76.8,76.8,79.4,75.15,78.1,78.05,78.13,133382,10421229.3,1157,70779.0,53.06
ZENTEC,EQ,19-Dec-2018,79.35,82.95,84.4,76.0,76.7,76.8,79.92,633236,50610339.7,5596,237942.0,37.58
ZENTEC,EQ,18-Dec-2018,66.15,66.95,79.35,66.5,79.35,79.35,76.38,544575,41593960.4,6903,256919.0,47.18
ZENTEC,EQ,17-Dec-2018,64.8,66.35,66.85,64.5,66.4,66.15,66.02,23268,1536142.85,219,20372.0,87.55
ZENTEC,EQ,14-Dec-2018,66.4,66.4,67.15,64.0,64.5,64.8,65.27,15484,1010643.15,286,10982.0,70.92
ZENTEC,EQ,13-Dec-2018,64.25,65.15,67.1,64.4,67.0,66.4,66.11,39201,2591581.25,416,25557.0,65.19
ZENTEC,EQ,12-Dec-2018,62.6,63.65,65.95,62.5,64.1,64.25,63.51,33248,2111730.55,258,29038.0,87.34
ZENTEC,EQ,11-Dec-2018,61.75,61.7,63.8,60.25,63.8,62.6,62.09,19811,1229973.85,247,14532.0,73.35
ZENTEC,EQ,10-Dec-2018,62.7,62.7,63.35,60.15,62.4,61.75,61.73,20233,1249073.1,293,14852.0,73.4
ZENTEC,EQ,07-Dec-2018,61.6,62.85,63.0,61.9,62.75,62.7,62.47,15193,949172.85,174,10304.0,67.82
ZENTEC,EQ,06-Dec-2018,62.8,63.75,63.75,61.0,61.4,61.6,61.65,24541,1512887.05,365,17738.0,72.28
ZENTEC,EQ,05-Dec-2018,61.45,62.05,64.4,60.6,63.0,62.8,62.76,26953,1691573.55,658,15344.0,56.93
ZENTEC,EQ,04-Dec-2018,61.4,62.05,62.05,61.0,61.75,61.45,61.44,6453,396441.35,110,4287.0,66.43
ZENTEC,EQ,03-Dec-2018,60.2,60.25,62.2,60.05,62.0,61.4,60.57,195833,11862044.05,202,191462.0,97.77
ZENTEC,EQ,30-Nov-2018,58.7,59.7,60.7,59.0,60.25,60.2,59.68,16644,993351.9,241,10381.0,62.37
ZENTEC,EQ,29-Nov-2018,57.7,58.1,59.9,57.7,59.0,58.7,57.99,210242,12191814.7,495,195047.0,92.77
ZENTEC,EQ,28-Nov-2018,60.5,61.35,61.35,56.2,56.5,57.7,58.81,40563,2385516.65,516,27772.0,68.47
ZENTEC,EQ,27-Nov-2018,61.75,60.5,62.9,59.9,60.05,60.5,60.87,16774,1021029.0,251,11940.0,71.18
ZENTEC,EQ,26-Nov-2018,61.65,61.7,62.95,61.0,61.95,61.75,61.84,13589,840405.1,259,8648.0,63.64
ZENTEC,EQ,22-Nov-2018,62.3,63.85,63.85,61.45,61.5,61.65,62.39,14769,921419.75,206,11202.0,75.85
ZENTEC,EQ,21-Nov-2018,62.4,62.3,63.55,62.0,63.0,62.3,62.66,14211,890496.65,332,6919.0,48.69
ZENTEC,EQ,20-Nov-2018,64.3,63.9,64.0,58.6,63.95,62.4,62.39,21110,1317119.25,330,13335.0,63.17
ZENTEC,EQ,19-Nov-2018,62.4,63.75,65.0,62.3,65.0,64.3,63.65,17506,1114310.55,245,13497.0,77.1
ZENTEC,EQ,16-Nov-2018,62.0,63.95,63.95,61.3,63.0,62.4,62.27,22493,1400643.7,357,14667.0,65.21
ZENTEC,EQ,15-Nov-2018,63.35,65.0,65.0,57.6,62.0,62.0,61.6,38242,2355772.45,596,20042.0,52.41
ZENTEC,EQ,14-Nov-2018,63.25,64.2,64.5,62.4,63.3,63.35,63.61,27099,1723856.05,428,16793.0,61.97
ZENTEC,EQ,13-Nov-2018,65.05,64.1,64.4,62.0,63.0,63.25,62.8,25626,1609437.45,425,18027.0,70.35
ZENTEC,EQ,12-Nov-2018,65.35,66.8,67.15,64.55,65.0,65.05,65.89,22285,1468294.85,385,13338.0,59.85
ZENTEC,EQ,09-Nov-2018,66.0,64.0,67.8,64.0,65.05,65.35,66.02,25166,1661360.3,445,19395.0,77.07
ZENTEC,EQ,07-Nov-2018,67.7,69.05,71.0,63.0,66.0,66.0,66.67,38136,2542453.8,267,31454.0,82.48
ZENTEC,EQ,06-Nov-2018,69.5,71.0,71.0,66.6,67.5,67.7,69.17,23702,1639372.2,299,12438.0,52.48
ZENTEC,EQ,05-Nov-2018,69.6,69.65,72.65,68.95,69.7,69.5,70.3,28431,1998747.85,594,19392.0,68.21
ZENTEC,EQ,02-Nov-2018,71.9,77.95,77.95,68.6,70.0,69.6,72.6,46381,3367367.25,719,26450.0,57.03
ZENTEC,EQ,01-Nov-2018,68.45,68.5,74.6,68.5,71.85,71.9,72.2,46483,3356029.8,616,26997.0,58.08
ZENTEC,EQ,31-Oct-2018,63.2,64.0,69.45,63.0,69.0,68.45,66.56,38505,2562849.1,483,29638.0,76.97
ZENTEC,EQ,30-Oct-2018,58.6,62.7,63.9,57.9,63.8,63.2,62.37,51294,3199132.95,677,35233.0,68.69
ZENTEC,EQ,29-Oct-2018,55.85,57.8,58.6,55.0,58.6,58.6,58.21,38326,2231007.75,264,27124.0,70.77
ZENTEC,EQ,26-Oct-2018,56.25,58.95,58.95,55.2,55.5,55.85,56.27,34773,1956755.65,363,26349.0,75.77
ZENTEC,EQ,25-Oct-2018,58.0,59.0,59.0,55.6,57.7,56.25,56.89,35394,2013496.85,323,24731.0,69.87
ZENTEC,EQ,24-Oct-2018,57.9,59.4,60.5,57.0,58.7,58.0,58.0,20320,1178484.15,267,15152.0,74.57
ZENTEC,EQ,23-Oct-2018,60.0,57.35,61.25,57.35,57.7,57.9,58.73,28116,1651129.25,278,21624.0,76.91
ZENTEC,EQ,22-Oct-2018,63.15,65.45,65.45,60.0,60.0,60.0,60.51,35153,2127017.5,212,28922.0,82.27
ZENTEC,EQ,19-Oct-2018,64.4,65.95,66.0,62.5,62.55,63.15,63.68,20962,1334855.4,203,17857.0,85.19
ZENTEC,EQ,17-Oct-2018,67.25,70.25,70.6,63.9,63.9,64.4,68.44,96145,6580449.75,528,72778.0,75.7
ZENTEC,EQ,16-Oct-2018,64.05,66.9,67.25,65.2,67.25,67.25,67.1,63285,4246566.9,291,51247.0,80.98
ZENTEC,EQ,15-Oct-2018,61.0,62.05,64.05,62.0,64.05,64.05,63.52,14084,894601.45,119,13362.0,94.87
ZENTEC,EQ,12-Oct-2018,58.1,59.0,61.0,59.0,61.0,61.0,60.5,20536,1242398.45,96,19577.0,95.33
ZENTEC,EQ,11-Oct-2018,60.25,57.25,59.8,57.25,57.6,58.1,58.27,39521,2302866.5,333,31062.0,78.6
ZENTEC,EQ,10-Oct-2018,57.6,56.0,60.45,55.15,60.0,60.25,59.59,80537,4799130.3,323,61254.0,76.06
ZENTEC,EQ,09-Oct-2018,60.45,59.2,61.85,57.45,57.45,57.6,58.65,64841,3803216.2,353,51248.0,79.04
ZENTEC,EQ,08-Oct-2018,63.4,60.55,62.95,60.25,60.25,60.45,60.67,87780,5325779.25,308,76086.0,86.68
ZENTEC,EQ,05-Oct-2018,66.6,64.6,67.0,63.3,63.3,63.4,64.08,46982,3010420.15,478,32958.0,70.15
ZENTEC,EQ,04-Oct-2018,67.7,68.25,68.25,66.05,66.05,66.6,67.02,34410,2306198.7,512,22390.0,65.07
ZENTEC,EQ,03-Oct-2018,69.75,68.6,69.45,66.65,69.45,67.7,67.89,20307,1378550.8,379,12920.0,63.62
ZENTEC,EQ,01-Oct-2018,69.8,70.05,73.2,66.35,69.7,69.75,69.11,74754,5166547.15,745,43773.0,58.56
ZENTEC,EQ,28-Sep-2018,70.6,71.15,71.5,68.2,69.8,69.8,69.94,110476,7726237.45,512,100865.0,91.3
ZENTEC,EQ,27-Sep-2018,71.15,72.0,72.9,70.0,70.8,70.6,71.5,77870,5567383.2,470,66887.0,85.9
ZENTEC,EQ,26-Sep-2018,72.85,72.75,74.7,70.1,70.55,71.15,73.05,36864,2693046.95,350,29716.0,80.61
ZENTEC,EQ,25-Sep-2018,74.15,73.85,76.8,72.1,72.6,72.85,73.9,58792,4344944.75,449,47844.0,81.38
ZENTEC,EQ,24-Sep-2018,76.85,78.0,79.2,73.85,73.85,74.15,74.91,42541,3186605.4,364,34620.0,81.38
ZENTEC,EQ,21-Sep-2018,80.65,82.75,82.75,76.65,77.45,76.85,78.12,66714,5211460.6,339,60824.0,91.17
ZENTEC,EQ,19-Sep-2018,83.35,83.3,83.9,79.45,80.0,80.65,81.43,35576,2896816.35,350,29902.0,84.05
ZENTEC,EQ,18-Sep-2018,82.35,84.4,85.9,83.0,83.6,83.35,83.77,39878,3340468.55,366,29715.0,74.51
ZENTEC,EQ,17-Sep-2018,78.45,80.0,82.35,78.0,82.35,82.35,81.67,68642,5606050.7,287,64972.0,94.65
ZENTEC,EQ,14-Sep-2018,78.05,79.5,79.5,77.1,79.25,78.45,78.4,50424,3953321.75,285,45724.0,90.68
ZENTEC,EQ,12-Sep-2018,77.55,78.0,78.7,77.0,78.4,78.05,77.71,23111,1796071.15,272,19527.0,84.49
ZENTEC,EQ,11-Sep-2018,79.55,79.1,80.0,76.0,76.0,77.55,78.55,35639,2799509.3,381,31731.0,89.03
ZENTEC,EQ,10-Sep-2018,80.9,81.35,82.35,79.0,79.05,79.55,80.89,140631,11375008.65,357,130632.0,92.89
ZENTEC,EQ,07-Sep-2018,81.5,80.65,82.45,78.6,81.5,80.9,80.93,30905,2501145.5,493,20370.0,65.91
ZENTEC,EQ,06-Sep-2018,81.55,81.0,83.0,80.1,80.9,81.5,80.67,149826,12086335.25,403,142900.0,95.38
ZENTEC,EQ,05-Sep-2018,81.45,82.65,83.0,78.0,83.0,81.55,80.67,39497,3186129.95,424,32236.0,81.62
ZENTEC,EQ,04-Sep-2018,85.1,88.8,88.8,81.0,81.6,81.45,82.93,28614,2372844.95,339,22606.0,79.0
ZENTEC,EQ,03-Sep-2018,84.65,84.2,86.25,83.55,85.2,85.1,85.02,20685,1758598.5,302,13601.0,65.75
ZENTEC,EQ,31-Aug-2018,86.25,85.35,86.35,84.0,84.05,84.65,84.89,14803,1256653.2,216,10872.0,73.44
ZENTEC,EQ,30-Aug-2018,85.45,84.0,89.0,84.0,85.95,86.25,86.84,75679,6571662.55,634,53640.0,70.88
ZENTEC,EQ,29-Aug-2018,84.0,84.4,86.2,83.0,85.8,85.45,84.76,47355,4013665.7,504,34194.0,72.21
ZENTEC,EQ,28-Aug-2018,80.45,80.0,84.4,80.0,84.0,84.0,82.81,44395,3676523.1,527,29586.0,66.64
ZENTEC,EQ,27-Aug-2018,82.9,81.8,81.9,80.0,80.5,80.45,81.04,39625,3211326.15,356,33698.0,85.04
ZENTEC,EQ,24-Aug-2018,84.65,84.15,84.8,82.35,82.95,82.9,83.03,23971,1990296.55,258,18782.0,78.35
ZENTEC,EQ,23-Aug-2018,84.05,83.7,86.0,83.05,84.5,84.65,84.67,17515,1483026.35,253,12126.0,69.23
ZENTEC,EQ,21-Aug-2018,84.25,84.1,86.0,82.5,83.35,84.05,83.86,26308,2206168.95,300,17723.0,67.37
ZENTEC,EQ,20-Aug-2018,83.4,83.4,85.9,82.5,83.85,84.25,84.75,43027,3646649.0,413,32358.0,75.2
ZENTEC,EQ,17-Aug-2018,81.2,81.55,84.0,81.4,84.0,83.4,82.41,30327,2499277.6,263,22950.0,75.68
ZENTEC,EQ,16-Aug-2018,81.5,81.0,85.5,77.45,80.75,81.2,79.96,95202,7612695.2,895,54712.0,57.47
ZENTEC,EQ,14-Aug-2018,84.7,81.0,86.0,81.0,81.25,81.5,82.21,145242,11940586.7,870,105662.0,72.75
ZENTEC,EQ,13-Aug-2018,87.1,85.4,86.1,82.8,84.3,84.7,85.12,36398,3098131.8,332,28747.0,78.98
ZENTEC,EQ,10-Aug-2018,88.05,89.7,89.7,86.55,87.3,87.1,87.59,13381,1172091.15,166,9770.0,73.01
ZENTEC,EQ,09-Aug-2018,87.5,89.4,89.4,87.3,88.0,88.05,87.76,17811,1563165.45,188,12861.0,72.21
ZENTEC,EQ,08-Aug-2018,89.8,89.25,89.3,87.3,88.0,87.5,88.19,20226,1783707.15,247,16012.0,79.17
ZENTEC,EQ,07-Aug-2018,93.35,94.0,94.0,89.0,89.15,89.8,91.07,36063,3284138.9,464,28527.0,79.1
ZENTEC,EQ,06-Aug-2018,89.95,89.95,94.0,89.95,93.5,93.35,92.35,94859,8760434.55,826,46164.0,48.67
ZENTEC,EQ,03-Aug-2018,87.65,87.15,90.35,86.2,90.35,89.95,89.45,41363,3699756.05,418,29143.0,70.46
ZENTEC,EQ,02-Aug-2018,83.95,86.25,88.1,83.1,87.9,87.65,86.44,58967,5097210.3,639,41893.0,71.04
ZENTEC,EQ,01-Aug-2018,84.85,86.05,86.2,83.45,84.4,83.95,84.71,30273,2564409.65,328,23591.0,77.93
ZENTEC,EQ,31-Jul-2018,84.6,85.9,86.0,84.3,85.1,84.85,85.05,11993,1019990.65,165,6567.0,54.76
ZENTEC,EQ,30-Jul-2018,85.45,87.4,89.4,83.1,84.05,84.6,84.98,40356,3429598.9,489,26124.0,64.73
ZENTEC,EQ,27-Jul-2018,85.45,85.85,87.9,84.95,86.3,85.45,86.19,15790,1360897.45,269,8786.0,55.64
ZENTEC,EQ,26-Jul-2018,85.4,87.2,89.0,85.15,85.15,85.45,87.32,27856,2432431.15,380,18238.0,65.47
ZENTEC,EQ,25-Jul-2018,87.25,88.2,90.05,85.1,86.0,85.4,87.52,34818,3047262.65,382,26074.0,74.89
ZENTEC,EQ,24-Jul-2018,83.8,85.25,87.95,84.5,87.5,87.25,87.01,103850,9035771.5,561,38638.0,37.21
ZENTEC,EQ,23-Jul-2018,82.55,86.5,86.5,83.05,83.15,83.8,84.46,26880,2270162.0,426,17863.0,66.45
ZENTEC,EQ,20-Jul-2018,78.95,79.9,82.85,79.0,82.0,82.55,81.37,55701,4532579.6,482,45282.0,81.29
ZENTEC,EQ,19-Jul-2018,81.7,80.4,81.5,78.15,79.9,78.95,79.22,57522,4556651.3,571,38299.0,66.58
ZENTEC,EQ,18-Jul-2018,83.65,83.9,84.25,80.7,81.3,81.7,82.11,25663,2107200.35,415,16943.0,66.02
ZENTEC,EQ,17-Jul-2018,82.45,82.25,84.0,80.5,83.85,83.65,82.21,43810,3601809.2,575,30245.0,69.04
ZENTEC,EQ,16-Jul-2018,86.55,86.35,88.0,82.25,82.25,82.45,83.35,67032,5587033.75,628,46433.0,69.27
ZENTEC,EQ,13-Jul-2018,88.5,88.8,90.3,86.0,86.15,86.55,87.47,24633,2154628.7,379,18880.0,76.65
ZENTEC,EQ,12-Jul-2018,89.95,90.9,91.5,87.5,88.0,88.5,89.7,35865,3217100.4,539,23202.0,64.69
ZENTEC,EQ,11-Jul-2018,90.15,90.15,91.2,88.7,89.3,89.95,90.02,26455,2381358.7,334,14856.0,56.16
ZENTEC,EQ,10-Jul-2018,92.5,89.6,95.0,89.45,89.5,90.15,91.78,68381,6276187.3,845,42784.0,62.57
ZENTEC,EQ,09-Jul-2018,88.2,88.2,92.6,88.2,92.6,92.5,92.29,55871,5156297.7,581,43298.0,77.5
ZENTEC,EQ,06-Jul-2018,88.3,88.3,90.0,86.55,88.0,88.2,88.54,33296,2948087.0,444,21587.0,64.83
ZENTEC,EQ,05-Jul-2018,88.0,89.6,90.45,87.5,88.3,88.3,88.79,54454,4835042.75,481,36686.0,67.37
ZENTEC,EQ,04-Jul-2018,91.55,92.45,92.9,87.0,88.45,88.0,88.88,94524,8401398.0,870,63604.0,67.29
ZENTEC,EQ,03-Jul-2018,93.85,94.0,95.9,91.0,91.5,91.55,92.26,36443,3362300.05,499,23607.0,64.78
ZENTEC,EQ,02-Jul-2018,95.2,98.35,98.35,93.0,93.9,93.85,95.84,52002,4983804.8,681,30008.0,57.71
ZENTEC,EQ,29-Jun-2018,90.7,91.6,95.2,91.6,95.2,95.2,94.23,54879,5171487.55,625,34977.0,63.73
ZENTEC,EQ,28-Jun-2018,92.35,90.5,91.75,87.75,90.5,90.7,89.05,103714,9235870.05,983,57678.0,55.61
ZENTEC,EQ,27-Jun-2018,97.2,94.9,96.85,92.35,93.0,92.35,92.72,89911,8336115.8,676,61684.0,68.61
ZENTEC,EQ,26-Jun-2018,102.0,98.15,103.7,96.9,96.9,97.2,98.24,182192,17899448.55,1578,113784.0,62.45
ZENTEC,EQ,25-Jun-2018,107.35,107.35,108.0,102.0,102.0,102.0,103.63,144889,15014811.7,1399,81323.0,56.13
ZENTEC,EQ,22-Jun-2018,109.3,106.5,111.0,105.5,107.65,107.35,107.48,652466,70125459.15,7645,96384.0,14.77
ZENTEC,EQ,21-Jun-2018,102.05,104.0,115.4,97.45,109.0,109.3,109.73,4022102,441329992.65,43554,491877.0,12.23
ZENTEC,EQ,20-Jun-2018,85.05,86.4,102.05,85.3,102.05,102.05,99.15,1973611,195685806.45,15183,384208.0,19.47
ZENTEC,EQ,19-Jun-2018,84.0,84.0,85.8,82.55,85.0,85.05,84.47,62828,5306985.3,1133,32546.0,51.8
ZENTEC,EQ,18-Jun-2018,84.25,84.95,84.95,82.65,84.7,84.0,83.83,48656,4078862.45,762,27900.0,57.34
ZENTEC,EQ,15-Jun-2018,86.95,86.5,87.7,83.5,84.05,84.25,85.14,110664,9421649.75,1552,83276.0,75.25
ZENTEC,EQ,14-Jun-2018,86.15,86.4,88.0,85.8,87.0,86.95,86.83,84285,7318192.0,1574,45340.0,53.79
ZENTEC,EQ,13-Jun-2018,87.5,87.95,88.2,85.75,85.75,86.15,87.02,56291,4898191.25,1216,27437.0,48.74
ZENTEC,EQ,12-Jun-2018,85.9,86.1,89.6,85.5,87.0,87.5,87.86,130724,11485800.55,2235,61042.0,46.7
ZENTEC,EQ,11-Jun-2018,86.9,87.4,87.65,84.6,86.0,85.9,86.17,136656,11776220.15,1629,89011.0,65.14
ZENTEC,EQ,08-Jun-2018,89.7,90.55,90.55,86.2,86.8,86.9,87.59,317305,27792025.15,1698,262021.0,82.58
ZENTEC,EQ,07-Jun-2018,91.55,92.75,94.5,88.1,88.75,89.7,90.53,200091,18114920.3,2065,151218.0,75.57
ZENTEC,EQ,06-Jun-2018,84.8,86.0,92.5,81.65,92.0,91.55,88.25,209716,18506708.45,3155,93600.0,44.63
ZENTEC,EQ,05-Jun-2018,93.7,93.6,93.6,83.55,85.05,84.8,87.51,168989,14788066.85,2086,90419.0,53.51
ZENTEC,EQ,04-Jun-2018,99.45,99.9,100.0,93.2,93.25,93.7,95.54,95640,9137514.2,1310,52027.0,54.4
ZENTEC,EQ,01-Jun-2018,101.9,104.4,104.4,95.2,100.0,99.45,98.85,217070,21456927.85,3273,61716.0,28.43
ZENTEC,EQ,31-May-2018,105.8,106.7,108.1,98.85,102.45,101.9,102.69,178200,18299965.65,2109,95659.0,53.68
ZENTEC,EQ,30-May-2018,108.95,108.8,110.0,105.05,105.25,105.8,107.87,86943,9378963.1,1132,59004.0,67.87
ZENTEC,EQ,29-May-2018,107.7,108.7,111.0,105.05,108.6,108.95,108.16,57045,6169718.95,1306,27083.0,47.48
ZENTEC,EQ,28-May-2018,105.75,105.0,109.0,102.75,109.0,107.7,105.97,110147,11672824.7,1507,60524.0,54.95
ZENTEC,EQ,25-May-2018,105.35,105.7,108.25,102.15,105.2,105.75,104.9,152133,15959363.25,2086,89078.0,58.55
ZENTEC,EQ,24-May-2018,109.6,110.0,111.1,102.1,105.9,105.35,107.39,61522,6606919.45,1447,38045.0,61.84
ZENTEC,EQ,23-May-2018,110.9,111.6,112.75,109.0,109.55,109.6,110.84,37592,4166658.45,968,20551.0,54.67
ZENTEC,EQ,22-May-2018,107.4,108.05,113.4,106.45,111.0,110.9,110.85,106858,11845427.65,1332,54720.0,51.21
ZENTEC,EQ,21-May-2018,109.7,111.0,114.8,106.55,108.9,107.4,109.94,85545,9404688.2,1332,45257.0,52.9
ZENTEC,EQ,18-May-2018,112.6,113.2,113.2,108.55,109.6,109.7,110.75,108807,12050907.05,1198,57374.0,52.73
ZENTEC,EQ,17-May-2018,112.65,115.9,115.9,112.0,112.25,112.6,112.99,42048,4750849.95,1327,23447.0,55.76
ZENTEC,EQ,16-May-2018,114.2,111.15,114.6,111.15,114.35,112.65,113.24,63143,7150355.85,1221,35099.0,55.59
ZENTEC,EQ,15-May-2018,118.5,116.3,117.75,111.65,114.05,114.2,115.71,70057,8106377.55,1292,44602.0,63.67
ZENTEC,EQ,14-May-2018,118.85,120.0,120.8,114.9,116.1,118.5,117.95,210467,24825219.35,2216,82022.0,38.97
ZENTEC,EQ,11-May-2018,118.3,119.7,120.0,118.05,119.0,118.85,118.93,44690,5314788.05,1390,27378.0,61.26
ZENTEC,EQ,10-May-2018,118.7,119.6,121.95,117.5,117.5,118.3,119.23,78451,9354052.8,1254,47553.0,60.61
ZENTEC,EQ,09-May-2018,120.3,119.9,123.0,117.55,119.0,118.7,120.85,97253,11753182.8,1493,43814.0,45.05
ZENTEC,EQ,08-May-2018,114.85,116.55,121.5,115.25,119.9,120.3,119.51,200633,23976902.85,2632,101069.0,50.38
ZENTEC,EQ,07-May-2018,115.6,116.55,117.85,112.2,114.8,114.85,114.89,88585,10177429.5,1362,33190.0,37.47
ZENTEC,EQ,04-May-2018,115.7,117.0,117.0,113.4,116.45,115.6,115.03,67329,7744978.05,1071,31294.0,46.48
ZENTEC,EQ,03-May-2018,117.1,118.95,118.95,113.2,116.1,115.7,115.73,119932,13879902.1,1717,61285.0,51.1
ZENTEC,EQ,02-May-2018,120.3,121.0,123.8,115.5,118.1,117.1,119.73,157408,18846310.85,1437,66243.0,42.08
ZENTEC,EQ,30-Apr-2018,121.85,122.9,124.35,120.0,120.9,120.3,121.2,98486,11936309.45,680,75204.0,76.36
ZENTEC,EQ,27-Apr-2018,121.85,122.45,124.0,120.0,121.3,121.85,122.08,83659,10213147.9,864,43233.0,51.68
ZENTEC,EQ,26-Apr-2018,121.05,122.0,123.9,121.4,121.9,121.85,122.71,88157,10817583.2,844,59155.0,67.1
ZENTEC,EQ,25-Apr-2018,127.45,127.0,127.05,120.4,121.45,121.05,123.63,142469,17613892.25,1212,104419.0,73.29
ZENTEC,EQ,24-Apr-2018,129.4,130.0,130.85,126.6,127.0,127.45,128.84,205577,26486824.15,2144,105393.0,51.27
ZENTEC,EQ,23-Apr-2018,122.85,121.6,131.4,121.6,128.95,129.4,127.97,553483,70831794.35,5118,188146.0,33.99
ZENTEC,EQ,20-Apr-2018,125.0,124.7,126.6,121.85,122.1,122.85,123.85,110117,13638198.55,1357,53346.0,48.44
ZENTEC,EQ,19-Apr-2018,119.75,119.8,128.8,119.75,125.0,125.0,124.82,398700,49766380.55,3720,121847.0,30.56
ZENTEC,EQ,18-Apr-2018,119.7,120.5,122.6,119.5,120.0,119.75,120.66,73179,8829598.75,1014,36850.0,50.36
ZENTEC,EQ,17-Apr-2018,121.85,122.6,125.4,118.8,120.0,119.7,121.66,156274,19012840.3,1462,78436.0,50.19
ZENTEC,EQ,16-Apr-2018,123.85,121.5,125.7,119.35,122.5,121.85,122.23,202524,24754161.55,1800,82286.0,40.63
ZENTEC,EQ,13-Apr-2018,121.0,121.6,127.9,121.2,123.85,123.85,125.25,436587,54683827.55,4173,163244.0,37.39
ZENTEC,EQ,12-Apr-2018,119.15,119.1,124.0,117.5,121.3,121.0,120.97,155179,18771914.1,1593,69265.0,44.64
ZENTEC,EQ,11-Apr-2018,121.35,121.65,121.65,117.4,119.25,119.15,119.04,88239,10503794.95,868,52204.0,59.16
ZENTEC,EQ,10-Apr-2018,118.4,122.0,124.8,120.1,121.0,121.35,122.38,347909,42577837.25,4050,118051.0,33.93
ZENTEC,EQ,09-Apr-2018,118.8,118.6,120.0,117.05,118.0,118.4,118.31,104634,12379602.05,927,70168.0,67.06
ZENTEC,EQ,06-Apr-2018,119.65,120.4,121.8,118.3,118.3,118.8,119.76,116728,13979304.75,1039,66902.0,57.31
ZENTEC,EQ,05-Apr-2018,116.85,120.0,121.7,118.0,120.2,119.65,119.76,179151,21454464.05,1624,85894.0,47.95
ZENTEC,EQ,04-Apr-2018,118.9,120.5,121.8,116.0,116.4,116.85,119.16,134494,16026129.1,1396,70457.0,52.39
ZENTEC,EQ,03-Apr-2018,115.15,114.0,121.95,114.0,119.0,118.9,118.83,181569,21576430.4,2178,72265.0,39.8
ZENTEC,EQ,02-Apr-2018,114.3,115.0,117.9,113.85,114.6,115.15,116.02,69048,8011166.3,927,38439.0,55.67
ZENTEC,EQ,28-Mar-2018,115.8,114.75,118.8,112.15,114.6,114.3,115.29,180504,20809744.1,1560,101097.0,56.01
ZENTEC,EQ,27-Mar-2018,112.35,114.2,117.7,114.2,115.0,115.8,116.12,188361,21872866.55,1649,115865.0,61.51
ZENTEC,EQ,26-Mar-2018,113.0,111.65,114.1,111.1,112.0,112.35,112.43,200173,22506432.5,1587,128059.0,63.97
ZENTEC,EQ,23-Mar-2018,116.65,112.5,115.3,111.0,113.5,113.0,113.25,197081,22319037.15,1901,108635.0,55.12
ZENTEC,EQ,22-Mar-2018,118.55,119.4,120.0,115.7,116.1,116.65,117.64,108744,12792498.4,1356,62490.0,57.47
ZENTEC,EQ,21-Mar-2018,120.55,122.75,124.25,116.6,118.65,118.55,121.5,178954,21742369.0,2918,75381.0,42.12
ZENTEC,EQ,20-Mar-2018,117.0,115.15,121.9,111.5,120.55,120.55,118.07,292941,34586588.9,3530,124936.0,42.65
ZENTEC,EQ,19-Mar-2018,125.35,125.0,126.4,115.5,116.4,117.0,119.31,238193,28417798.8,3326,110807.0,46.52
ZENTEC,EQ,16-Mar-2018,129.5,130.15,130.6,124.1,125.65,125.35,127.64,148434,18945712.1,1695,78871.0,53.14
ZENTEC,EQ,15-Mar-2018,133.05,132.1,134.0,129.0,129.05,129.5,131.39,116127,15257390.3,1310,77073.0,66.37
ZENTEC,EQ,14-Mar-2018,134.8,134.75,137.0,131.2,132.4,133.05,133.64,203838,27240900.6,3137,98840.0,48.49
ZENTEC,EQ,13-Mar-2018,133.4,132.5,138.75,132.5,135.0,134.8,135.93,331223,45024580.85,4224,112021.0,33.82
ZENTEC,EQ,12-Mar-2018,132.45,133.0,138.3,131.3,133.4,133.4,134.68,505930,68138832.7,6105,171291.0,33.86
ZENTEC,EQ,09-Mar-2018,121.4,122.45,134.3,121.55,131.55,132.45,130.63,952656,124442106.85,15198,218839.0,22.97
ZENTEC,EQ,08-Mar-2018,122.5,124.3,125.3,118.85,120.25,121.4,120.78,291061,35155772.95,4234,135568.0,46.58
ZENTEC,EQ,07-Mar-2018,129.65,127.2,131.7,110.2,123.0,122.5,123.29,453290,55886617.45,6771,111487.0,24.6
ZENTEC,EQ,06-Mar-2018,131.15,132.55,138.4,127.35,128.5,129.65,134.44,727482,97799869.25,9539,185227.0,25.46
ZENTEC,EQ,05-Mar-2018,138.95,137.9,140.4,128.35,131.9,131.15,134.54,1200248,161475477.45,12560,357575.0,29.79
ZENTEC,EQ,01-Mar-2018,117.45,117.0,140.9,116.9,138.5,138.95,134.47,2443154,328524026.5,24160,629183.0,25.75
ZENTEC,EQ,28-Feb-2018,116.25,116.0,118.55,115.25,116.85,117.45,117.17,87047,10199018.05,793,51952.0,59.68
ZENTEC,EQ,27-Feb-2018,119.15,118.5,119.85,115.85,115.9,116.25,117.7,147705,17385314.25,1343,92624.0,62.71
ZENTEC,EQ,26-Feb-2018,118.35,119.1,121.45,118.7,119.0,119.15,119.73,123613,14800356.2,1112,73669.0,59.6
ZENTEC,EQ,23-Feb-2018,117.65,118.8,120.65,117.45,118.0,118.35,118.72,129748,15403322.1,717,86236.0,66.46
ZENTEC,EQ,22-Feb-2018,118.7,117.9,119.8,117.0,118.0,117.65,118.1,60832,7184011.65,752,37966.0,62.41
ZENTEC,EQ,21-Feb-2018,117.8,118.9,119.95,117.1,118.05,118.7,118.87,95721,11377904.1,876,60393.0,63.09
ZENTEC,EQ,20-Feb-2018,115.85,115.7,122.0,115.1,118.3,117.8,118.46,126773,15017007.0,1554,55490.0,43.77
ZENTEC,EQ,19-Feb-2018,119.75,121.5,121.5,114.65,115.4,115.85,116.72,78526,9165430.1,887,41199.0,52.47
ZENTEC,EQ,16-Feb-2018,122.7,123.8,125.0,119.0,120.7,119.75,121.2,123903,15016947.5,1689,55660.0,44.92
ZENTEC,EQ,15-Feb-2018,122.7,124.0,126.9,122.2,122.8,122.7,124.49,148900,18536939.85,1832,60116.0,40.37
ZENTEC,EQ,14-Feb-2018,121.3,121.2,126.85,120.35,123.45,122.7,123.75,287501,35578876.5,3101,111334.0,38.72
ZENTEC,EQ,12-Feb-2018,114.8,119.25,123.2,116.0,121.55,121.3,120.66,220460,26600348.75,1980,117023.0,53.08
ZENTEC,EQ,09-Feb-2018,117.7,114.0,117.85,112.05,116.0,114.8,114.93,311372,35785712.05,3376,152668.0,49.03
ZENTEC,EQ,08-Feb-2018,118.65,118.25,122.9,117.2,117.5,117.7,119.89,227873,27320038.05,2279,100258.0,44.0
ZENTEC,EQ,07-Feb-2018,106.4,108.45,119.8,108.45,119.0,118.65,115.96,545826,63296526.05,4126,242450.0,44.42
ZENTEC,EQ,06-Feb-2018,110.15,100.3,108.3,98.15,106.25,106.4,103.13,458624,47299529.2,3016,210338.0,45.86
ZENTEC,EQ,05-Feb-2018,112.45,105.6,116.8,105.55,110.95,110.15,111.46,333479,37168229.35,2478,194373.0,58.29
ZENTEC,EQ,02-Feb-2018,120.65,118.7,119.45,105.15,114.5,112.45,112.91,444682,50207986.3,2587,266374.0,59.9
ZENTEC,EQ,01-Feb-2018,121.0,120.5,125.2,119.0,119.8,120.65,122.29,187108,22882157.2,1889,84423.0,45.12
ZENTEC,EQ,31-Jan-2018,122.4,122.0,125.0,118.65,122.0,121.0,121.24,140980,17092124.05,1236,84675.0,60.06
ZENTEC,EQ,30-Jan-2018,125.05,126.2,126.2,117.4,121.6,122.4,120.85,345400,41743029.05,2884,151630.0,43.9
ZENTEC,EQ,29-Jan-2018,126.05,127.5,130.0,125.0,125.35,125.05,126.82,170237,21588661.7,1136,93348.0,54.83
ZENTEC,EQ,25-Jan-2018,127.25,128.35,129.6,125.6,126.0,126.05,126.53,136805,17309443.2,849,81629.0,59.67
ZENTEC,EQ,24-Jan-2018,129.0,129.6,130.0,126.0,127.95,127.25,127.42,129228,16466727.55,1810,63159.0,48.87
ZENTEC,EQ,23-Jan-2018,129.95,131.05,132.85,128.0,129.1,129.0,130.99,177008,23186824.45,1674,113143.0,63.92
ZENTEC,EQ,22-Jan-2018,126.65,127.05,133.25,126.65,130.9,129.95,129.28,175687,22712687.6,1317,113341.0,64.51
ZENTEC,EQ,19-Jan-2018,127.6,128.0,129.5,126.0,126.85,126.65,127.54,186607,23800186.0,1694,88150.0,47.24
ZENTEC,EQ,18-Jan-2018,136.0,137.75,138.7,124.0,128.0,127.6,132.82,299936,39836379.8,4124,154733.0,51.59
ZENTEC,EQ,17-Jan-2018,135.25,135.0,139.5,128.5,135.95,136.0,134.18,356090,47780235.05,4600,139483.0,39.17
ZENTEC,EQ,16-Jan-2018,137.3,138.95,141.5,133.0,135.5,135.25,136.73,619837,84750151.15,3744,329797.0,53.21
ZENTEC,EQ,15-Jan-2018,144.85,144.85,146.15,136.0,137.7,137.3,140.39,329795,46300050.55,2774,198769.0,60.27
ZENTEC,EQ,12-Jan-2018,147.15,148.5,150.4,141.1,144.4,144.85,145.73,317238,46231353.05,2709,164157.0,51.75
ZENTEC,EQ,11-Jan-2018,150.35,148.6,151.6,146.6,147.5,147.15,148.46,166863,24772990.7,1681,94650.0,56.72
ZENTEC,EQ,10-Jan-2018,147.1,148.2,154.45,145.3,150.05,150.35,150.19,495648,74442587.5,3853,185019.0,37.33
ZENTEC,EQ,09-Jan-2018,150.75,152.2,152.2,146.1,146.75,147.1,148.12,303207,44910168.15,2266,173006.0,57.06
ZENTEC,EQ,08-Jan-2018,153.6,154.7,154.9,150.1,150.3,150.75,151.89,176477,26804478.1,1570,111570.0,63.22
ZENTEC,EQ,05-Jan-2018,151.7,152.6,156.8,151.85,153.75,153.6,154.57,455310,70378615.4,4517,218047.0,47.89
ZENTEC,EQ,04-Jan-2018,149.2,150.3,155.65,149.2,151.2,151.7,152.84,434692,66438845.25,3409,204750.0,47.1
ZENTEC,EQ,03-Jan-2018,147.8,148.8,152.6,146.75,149.6,149.2,150.14,444429,66725706.95,4116,188549.0,42.42
ZENTEC,EQ,02-Jan-2018,153.3,154.55,154.85,144.0,148.95,147.8,148.73,575637,85612228.0,5256,252046.0,43.79
ZENTEC,EQ,01-Jan-2018,151.1,150.9,158.75,148.5,154.0,153.3,154.95,928738,143910797.15,9106,375655.0,40.45
ZENTEC,EQ,27-Dec-2019,54.3,53.7,56.0,53.7,54.75,54.9,55.16,13253,731053.25,208,10396.0,78.44
ZENTEC,EQ,26-Dec-2019,55.2,55.0,56.9,54.1,54.55,54.3,54.82,11923,653614.05,242,8462.0,70.97
ZENTEC,EQ,24-Dec-2019,54.85,55.25,55.95,54.0,54.65,55.2,54.95,15143,832181.05,213,10813.0,71.41
ZENTEC,EQ,23-Dec-2019,56.55,56.55,56.95,54.75,55.3,54.85,55.49,22127,1227741.2,300,18438.0,83.33
ZENTEC,EQ,20-Dec-2019,56.3,58.0,58.0,55.0,56.0,56.55,56.27,29111,1637931.95,846,20224.0,69.47
ZENTEC,EQ,19-Dec-2019,55.65,55.35,57.25,55.0,56.2,56.3,56.56,14756,834545.7,164,12150.0,82.34
ZENTEC,EQ,18-Dec-2019,57.25,56.95,57.35,55.2,55.25,55.65,56.28,8842,497669.65,223,6477.0,73.25
ZENTEC,EQ,17-Dec-2019,55.1,55.4,58.0,55.4,56.7,57.25,56.55,31574,1785643.05,358,23708.0,75.09
ZENTEC,EQ,16-Dec-2019,55.15,58.0,58.0,53.5,54.8,55.1,55.2,35311,1949281.6,266,30486.0,86.34
ZENTEC,EQ,13-Dec-2019,54.3,54.55,56.35,54.1,55.3,55.15,55.15,29924,1650260.85,363,19818.0,66.23
ZENTEC,EQ,12-Dec-2019,54.75,54.2,55.35,53.6,54.5,54.3,54.26,24781,1344505.05,319,18483.0,74.59
ZENTEC,EQ,11-Dec-2019,56.1,56.3,56.4,54.0,55.1,54.75,54.95,25844,1420172.9,340,23097.0,89.37
ZENTEC,EQ,10-Dec-2019,56.25,56.05,57.15,54.4,56.45,56.1,56.05,16599,930305.75,325,9813.0,59.12
ZENTEC,EQ,09-Dec-2019,57.0,57.5,58.3,55.5,56.25,56.25,57.17,17778,1016421.15,304,14397.0,80.98
ZENTEC,EQ,06-Dec-2019,59.2,59.2,59.95,56.5,57.7,57.0,57.72,32202,1858837.65,508,25194.0,78.24
ZENTEC,EQ,05-Dec-2019,58.9,60.1,60.7,58.4,59.55,59.2,59.45,15130,899483.8,247,8060.0,53.27
ZENTEC,EQ,04-Dec-2019,59.25,59.5,59.9,58.25,59.4,58.9,59.31,38198,2265631.35,631,26865.0,70.33
ZENTEC,EQ,03-Dec-2019,60.05,61.5,61.95,58.9,59.9,59.25,59.69,32121,1917237.25,392,18125.0,56.43
ZENTEC,EQ,02-Dec-2019,60.1,60.1,61.45,58.9,59.75,60.05,60.63,25283,1532994.75,343,19840.0,78.47
ZENTEC,EQ,29-Nov-2019,60.55,60.7,61.55,60.0,60.15,60.1,60.46,40572,2453047.6,403,28854.0,71.12
ZENTEC,EQ,28-Nov-2019,62.5,63.5,63.5,60.0,60.2,60.55,60.86,41585,2530895.75,602,33107.0,79.61
ZENTEC,EQ,27-Nov-2019,59.8,59.5,64.4,59.1,62.4,62.5,62.03,68269,4234650.1,789,45764.0,67.03
ZENTEC,EQ,26-Nov-2019,59.85,60.15,61.6,59.5,59.8,59.8,60.1,34564,2077461.25,314,22028.0,63.73
ZENTEC,EQ,25-Nov-2019,60.6,60.25,61.5,59.0,59.5,59.85,59.93,29018,1739133.15,425,22575.0,77.80
ZENTEC,EQ,22-Nov-2019,60.2,60.5,60.8,59.85,60.65,60.6,60.38,14316,864392.0,213,11130.0,77.75
ZENTEC,EQ,21-Nov-2019,61.95,61.0,61.6,60.0,60.0,60.2,60.62,21468,1301366.45,325,17913.0,83.44
ZENTEC,EQ,20-Nov-2019,61.0,61.2,62.8,60.7,62.35,61.95,61.55,22379,1377476.0,345,15370.0,68.68
ZENTEC,EQ,19-Nov-2019,61.05,60.45,62.0,60.35,61.0,61.0,61.39,19311,1185586.45,379,12163.0,62.98
ZENTEC,EQ,18-Nov-2019,61.3,61.05,62.0,60.7,61.0,61.05,61.25,22055,1350908.65,270,18298.0,82.97
ZENTEC,EQ,15-Nov-2019,60.2,60.5,63.0,60.25,61.1,61.3,61.37,30205,1853717.15,508,17795.0,58.91
ZENTEC,EQ,14-Nov-2019,62.05,62.9,63.4,59.8,60.15,60.2,60.76,44307,2692094.7,730,34049.0,76.85
ZENTEC,EQ,13-Nov-2019,62.05,61.0,65.0,61.0,61.9,62.05,63.15,61842,3905013.35,774,39677.0,64.16
ZENTEC,EQ,11-Nov-2019,64.4,64.3,64.65,61.6,62.1,62.05,62.68,58745,3682272.6,732,45876.0,78.09
ZENTEC,EQ,08-Nov-2019,65.85,65.8,67.8,63.4,64.0,64.4,65.42,55474,3628909.75,624,40826.0,73.59
ZENTEC,EQ,07-Nov-2019,66.15,66.6,67.0,64.9,65.2,65.85,65.67,55968,3675159.55,573,39704.0,70.94
ZENTEC,EQ,06-Nov-2019,68.05,66.05,68.1,66.0,66.15,66.15,66.75,67686,4517974.75,684,46464.0,68.65
ZENTEC,EQ,05-Nov-2019,71.65,71.0,71.6,67.15,67.5,68.05,69.22,100025,6923729.1,1162,61100.0,61.08
ZENTEC,EQ,04-Nov-2019,68.25,77.8,78.0,70.85,70.85,71.65,73.55,652450,47985036.75,7366,269011.0,41.23
ZENTEC,EQ,01-Nov-2019,64.2,64.3,68.9,64.3,68.0,68.25,67.43,115899,7815535.25,1055,89424.0,77.16
ZENTEC,EQ,31-Oct-2019,61.05,61.75,65.4,61.2,64.5,64.2,63.55,101253,6434640.35,826,77176.0,76.22
ZENTEC,EQ,30-Oct-2019,59.25,60.1,63.25,58.8,60.65,61.05,61.13,39940,2441403.65,520,26729.0,66.92
ZENTEC,EQ,29-Oct-2019,59.95,59.1,61.0,58.8,59.1,59.25,59.89,42364,2537322.7,517,33974.0,80.20
ZENTEC,EQ,27-Oct-2019,59.55,57.05,60.8,57.05,59.4,59.95,60.12,9160,550678.0,131,8455.0,92.30
ZENTEC,EQ,25-Oct-2019,59.85,59.85,60.45,59.1,59.95,59.55,59.93,19112,1145297.1,248,15767.0,82.50
ZENTEC,EQ,24-Oct-2019,59.8,61.0,61.05,59.1,59.7,59.85,60.14,15751,947245.0,211,10482.0,66.55
ZENTEC,EQ,23-Oct-2019,60.9,60.95,62.0,59.2,59.5,59.8,60.27,40043,2413349.7,365,33065.0,82.57
ZENTEC,EQ,22-Oct-2019,62.9,64.0,64.0,60.6,60.7,60.9,61.76,49804,3076040.8,351,39882.0,80.08
ZENTEC,EQ,18-Oct-2019,61.25,61.8,63.7,60.0,63.3,62.9,61.98,39042,2419796.65,551,29203.0,74.80
ZENTEC,EQ,17-Oct-2019,61.55,63.2,63.2,60.4,61.4,61.25,61.28,20585,1261508.25,306,15302.0,74.34
ZENTEC,EQ,16-Oct-2019,61.8,61.5,62.95,60.7,62.25,61.55,61.82,12292,759847.0,215,8492.0,69.09
ZENTEC,EQ,15-Oct-2019,63.45,63.9,63.9,61.0,61.95,61.8,62.45,11927,744798.1,216,10095.0,84.64
ZENTEC,EQ,14-Oct-2019,63.7,64.2,65.4,63.25,63.3,63.45,63.75,5850,372960.8,120,4692.0,80.21
ZENTEC,EQ,11-Oct-2019,64.9,64.9,67.5,62.6,63.5,63.7,64.63,53677,3469156.35,667,41421.0,77.17
ZENTEC,EQ,10-Oct-2019,65.7,66.55,66.55,64.0,64.7,64.9,65.74,24465,1608315.25,267,22211.0,90.79
ZENTEC,EQ,09-Oct-2019,62.25,64.15,66.25,62.6,65.5,65.7,64.63,45612,2947827.85,656,28953.0,63.48
ZENTEC,EQ,07-Oct-2019,61.15,61.1,64.4,59.8,64.0,62.25,62.1,10014,621829.95,210,7855.0,78.44
ZENTEC,EQ,04-Oct-2019,62.45,64.95,64.95,60.9,61.0,61.15,61.52,29707,1827642.4,235,27323.0,91.97
ZENTEC,EQ,03-Oct-2019,62.25,64.3,64.35,61.4,63.0,62.45,63.13,4633,292494.3,118,3078.0,66.44
ZENTEC,EQ,01-Oct-2019,63.6,65.3,66.0,61.6,62.75,62.25,62.95,28089,1768327.9,450,19995.0,71.18
ZENTEC,EQ,30-Sep-2019,65.9,68.5,68.85,63.4,63.9,63.6,64.18,22549,1447247.2,1133,17921.0,79.48
ZENTEC,EQ,27-Sep-2019,65.45,65.3,67.0,65.2,65.75,65.9,66.29,42937,2846186.85,347,36913.0,85.97
ZENTEC,EQ,26-Sep-2019,67.4,67.0,69.0,65.0,65.7,65.45,66.68,81483,5433491.3,837,69746.0,85.60
ZENTEC,EQ,25-Sep-2019,69.25,70.4,70.4,66.0,66.2,67.4,68.35,40303,2754671.65,287,34534.0,85.69
ZENTEC,EQ,24-Sep-2019,70.15,69.15,70.8,68.5,69.2,69.25,69.61,36839,2564259.6,531,31950.0,86.73
ZENTEC,EQ,23-Sep-2019,64.9,67.5,72.0,64.2,70.05,70.15,68.77,105372,7246778.75,1203,77108.0,73.18
ZENTEC,EQ,20-Sep-2019,63.45,63.25,66.9,62.3,64.5,64.9,63.61,134320,8544082.95,936,98048.0,73.00
ZENTEC,EQ,19-Sep-2019,66.8,66.0,68.0,63.05,63.1,63.45,64.12,87846,5633081.7,890,66039.0,75.18
ZENTEC,EQ,18-Sep-2019,65.05,67.0,68.25,63.0,66.4,66.8,66.82,97561,6519187.5,1289,72518.0,74.33
ZENTEC,EQ,17-Sep-2019,67.65,68.45,69.4,64.1,64.5,65.05,66.15,38727,2561965.0,808,27912.0,72.07
ZENTEC,EQ,16-Sep-2019,62.6,61.55,68.6,61.5,67.9,67.65,65.47,91242,5973506.85,1163,57934.0,63.49
ZENTEC,EQ,13-Sep-2019,62.55,63.35,64.7,62.2,62.35,62.6,63.06,17277,1089501.35,594,10971.0,63.50
ZENTEC,EQ,12-Sep-2019,58.7,59.0,63.6,59.0,63.05,62.55,61.42,79855,4904960.55,1793,55636.0,69.67
ZENTEC,EQ,11-Sep-2019,56.65,56.65,60.25,56.0,58.35,58.7,58.56,67499,3952561.6,612,42605.0,63.12
ZENTEC,EQ,09-Sep-2019,55.55,55.55,57.4,54.65,56.9,56.65,56.56,19649,1111399.25,305,14535.0,73.97
ZENTEC,EQ,06-Sep-2019,54.85,54.4,56.0,54.4,55.85,55.55,55.46,22113,1226492.0,171,18155.0,82.10
ZENTEC,EQ,05-Sep-2019,54.25,54.0,55.55,54.0,55.1,54.85,54.8,14731,807295.4,204,9505.0,64.52
ZENTEC,EQ,04-Sep-2019,55.2,56.15,56.25,53.6,54.7,54.25,54.3,26689,1449143.4,254,20965.0,78.55
ZENTEC,EQ,03-Sep-2019,56.0,54.5,56.0,53.2,55.0,55.2,54.44,15312,833529.4,248,10657.0,69.60
ZENTEC,EQ,30-Aug-2019,56.8,56.9,57.2,55.25,56.4,56.0,56.28,15710,884149.85,296,9461.0,60.22
ZENTEC,EQ,29-Aug-2019,56.2,57.4,58.0,55.1,57.0,56.8,56.85,20381,1158642.7,464,13901.0,68.21
ZENTEC,EQ,28-Aug-2019,54.15,56.75,57.0,55.3,55.8,56.2,56.17,269587,15143189.6,649,247519.0,91.81
ZENTEC,EQ,27-Aug-2019,53.15,53.65,56.25,53.6,54.55,54.15,54.7,36857,2016142.15,510,28904.0,78.42
ZENTEC,EQ,26-Aug-2019,52.3,56.25,56.25,52.0,53.05,53.15,53.24,32626,1736958.55,495,24670.0,75.61
ZENTEC,EQ,23-Aug-2019,52.0,54.0,54.0,51.0,52.45,52.3,52.75,43756,2307925.05,729,34339.0,78.48
ZENTEC,EQ,22-Aug-2019,55.65,55.65,55.8,51.5,51.55,52.0,53.19,21118,1123220.05,381,18066.0,85.55
ZENTEC,EQ,21-Aug-2019,56.25,56.25,56.8,55.45,55.55,55.65,55.75,9917,552904.75,148,8130.0,81.98
ZENTEC,EQ,20-Aug-2019,56.55,57.4,58.25,55.5,56.75,56.25,56.08,13499,757078.3,219,11356.0,84.12
ZENTEC,EQ,19-Aug-2019,56.95,57.1,57.7,56.0,56.3,56.55,56.7,36444,2066281.7,233,32503.0,89.19
ZENTEC,EQ,16-Aug-2019,57.85,57.85,58.4,56.6,56.6,56.95,57.59,13636,785236.55,258,10206.0,74.85
ZENTEC,EQ,14-Aug-2019,57.35,57.35,58.55,56.1,58.0,57.85,57.44,27306,1568555.7,367,19724.0,72.23
ZENTEC,EQ,13-Aug-2019,58.05,57.0,58.7,56.2,56.8,57.35,57.83,20818,1203831.15,219,13779.0,66.19
ZENTEC,EQ,09-Aug-2019,58.9,61.0,61.0,57.75,58.0,58.05,58.62,33150,1943193.4,423,23418.0,70.64
ZENTEC,EQ,08-Aug-2019,56.8,56.35,61.9,56.3,58.9,58.9,58.17,35934,2090103.8,443,25183.0,70.08
ZENTEC,EQ,07-Aug-2019,58.1,57.9,58.2,56.05,56.6,56.8,57.33,44015,2523160.65,380,38715.0,87.96
ZENTEC,EQ,06-Aug-2019,55.7,56.6,59.1,55.4,57.9,58.1,57.85,84739,4901917.45,822,51497.0,60.77
ZENTEC,EQ,05-Aug-2019,53.8,56.35,59.5,53.55,56.05,55.7,56.14,255673,14354202.3,2578,145269.0,56.82
ZENTEC,EQ,02-Aug-2019,52.65,52.6,54.0,51.85,54.0,53.8,52.94,36290,1921250.6,278,32496.0,89.55
ZENTEC,EQ,01-Aug-2019,53.6,54.7,54.7,52.1,52.5,52.65,52.95,32370,1714024.0,249,30149.0,93.14
ZENTEC,EQ,31-Jul-2019,52.95,52.1,54.4,50.0,53.75,53.6,52.91,48658,2574279.2,596,35394.0,72.74
ZENTEC,EQ,30-Jul-2019,57.6,57.35,58.9,51.5,52.5,52.95,55.17,58661,3236264.25,758,46537.0,79.33
ZENTEC,EQ,29-Jul-2019,54.0,56.5,60.25,55.5,57.45,57.6,58.12,137478,7990105.7,2098,44232.0,32.17
ZENTEC,EQ,26-Jul-2019,50.8,50.5,54.75,49.0,53.75,54.0,51.95,111105,5771818.95,809,81819.0,73.64
ZENTEC,EQ,25-Jul-2019,52.1,51.85,52.7,50.5,50.5,50.8,51.39,34728,1784771.15,329,25872.0,74.50
ZENTEC,EQ,24-Jul-2019,52.9,52.9,53.9,51.6,52.0,52.1,52.45,19519,1023781.95,222,14637.0,74.99
ZENTEC,EQ,23-Jul-2019,53.45,53.75,54.6,52.5,52.55,52.9,53.7,47921,2573460.9,410,31489.0,65.71
ZENTEC,EQ,22-Jul-2019,55.4,55.1,56.85,52.6,52.9,53.45,55.02,42656,2346865.0,451,36540.0,85.66
ZENTEC,EQ,19-Jul-2019,57.95,57.8,60.3,54.35,57.3,55.4,56.45,66168,3735006.95,1145,44400.0,67.10
ZENTEC,EQ,18-Jul-2019,61.7,62.75,62.75,57.15,58.8,57.95,59.03,82410,4864582.0,1018,62492.0,75.83
ZENTEC,EQ,17-Jul-2019,61.6,61.95,63.7,60.55,61.5,61.7,62.12,50458,3134479.2,463,37227.0,73.78
ZENTEC,EQ,16-Jul-2019,63.75,63.4,63.7,61.3,61.5,61.6,62.39,49904,3113588.65,363,43469.0,87.11
ZENTEC,EQ,15-Jul-2019,66.05,66.65,66.9,62.6,63.4,63.75,64.39,42809,2756321.6,504,29540.0,69.00
ZENTEC,EQ,12-Jul-2019,67.65,68.1,68.3,65.6,65.6,66.05,66.58,38706,2577114.1,489,30166.0,77.94
ZENTEC,EQ,11-Jul-2019,68.55,68.0,69.5,67.05,68.1,67.65,68.29,28953,1977321.85,313,22258.0,76.88
ZENTEC,EQ,10-Jul-2019,70.3,70.45,70.6,68.0,68.0,68.55,69.46,6415,445564.85,184,4203.0,65.52
ZENTEC,EQ,09-Jul-2019,70.05,70.4,71.1,67.5,71.0,70.3,70.33,147219,10353998.25,715,67823.0,46.07
ZENTEC,EQ,08-Jul-2019,71.05,72.95,73.35,69.8,69.8,70.05,71.13,47299,3364484.1,550,32725.0,69.19
ZENTEC,EQ,05-Jul-2019,73.25,73.0,73.9,70.5,70.75,71.05,72.04,16304,1174613.7,212,11687.0,71.68
ZENTEC,EQ,04-Jul-2019,73.35,73.3,74.0,72.0,73.8,73.25,72.83,29000,2111940.85,359,20225.0,69.74
ZENTEC,EQ,03-Jul-2019,73.75,73.25,74.0,73.0,73.05,73.35,73.42,14526,1066523.15,183,9162.0,63.07
ZENTEC,EQ,02-Jul-2019,73.3,73.9,74.0,72.65,73.85,73.75,73.54,11406,838836.35,141,9062.0,79.45
ZENTEC,EQ,01-Jul-2019,72.85,72.05,74.5,70.1,73.15,73.3,72.8,67530,4916462.75,808,28477.0,42.17
ZENTEC,EQ,28-Jun-2019,70.25,70.3,74.5,69.9,73.3,72.85,73.45,87002,6390653.25,785,48674.0,55.95
ZENTEC,EQ,27-Jun-2019,71.1,71.9,72.8,69.9,69.9,70.25,70.63,53238,3760164.45,549,27990.0,52.58
ZENTEC,EQ,26-Jun-2019,72.2,72.45,72.7,70.9,71.1,71.1,71.37,18493,1319888.55,212,15625.0,84.49
ZENTEC,EQ,25-Jun-2019,71.65,71.55,73.75,71.0,72.1,72.2,72.62,27189,1974442.95,285,24174.0,88.91
ZENTEC,EQ,24-Jun-2019,71.35,72.85,74.35,71.0,71.95,71.65,71.83,214482,15405967.3,300,207148.0,96.58
ZENTEC,EQ,21-Jun-2019,71.25,71.4,74.0,70.75,71.15,71.35,72.81,54722,3984532.75,382,28561.0,52.19
ZENTEC,EQ,20-Jun-2019,70.65,70.9,71.95,70.05,71.1,71.25,70.98,35526,2521614.3,325,26920.0,75.78
ZENTEC,EQ,19-Jun-2019,72.3,73.15,73.75,70.05,70.8,70.65,71.38,49196,3511542.9,678,31533.0,64.10
ZENTEC,EQ,18-Jun-2019,73.35,73.1,73.35,72.0,72.3,72.3,72.54,28830,2091437.2,223,26271.0,83.06
ZENTEC,EQ,17-Jun-2019,73.75,73.75,76.4,73.0,73.95,73.35,74.8,90475,6767291.65,589,55039.0,58.11
ZENTEC,EQ,14-Jun-2019,73.85,73.25,74.4,73.05,73.65,73.75,73.77,164250,12116719.6,241,160465.0,97.70
ZENTEC,EQ,13-Jun-2019,75.75,75.1,75.95,73.0,74.0,73.85,74.46,32574,2425508.65,485,20348.0,62.47
ZENTEC,EQ,12-Jun-2019,77.55,77.75,79.2,75.1,76.25,75.75,76.82,42747,3283685.3,503,32510.0,76.05
ZENTEC,EQ,11-Jun-2019,73.7,73.75,78.45,73.7,77.35,77.55,76.9,202422,15567052.6,1584,123190.0,60.86
ZENTEC,EQ,10-Jun-2019,74.05,74.15,75.2,73.0,73.15,73.7,74.0,68532,5071444.15,508,46525.0,67.89
ZENTEC,EQ,07-Jun-2019,70.85,70.75,75.8,70.7,73.95,74.05,74.45,260549,19396734.7,1291,105866.0,40.63
ZENTEC,EQ,06-Jun-2019,72.55,72.05,72.85,70.0,70.2,70.85,71.44,20351,1453878.85,261,17850.0,87.71
ZENTEC,EQ,04-Jun-2019,72.6,72.35,73.4,72.15,72.3,72.55,72.78,31857,2318438.35,284,24980.0,78.41
ZENTEC,EQ,03-Jun-2019,73.35,73.0,74.0,72.2,72.25,72.6,72.93,24825,1810469.35,242,21474.0,86.50
ZENTEC,EQ,31-May-2019,74.3,74.65,75.2,72.0,72.75,73.35,73.54,33553,2467338.85,344,28284.0,84.30
ZENTEC,EQ,30-May-2019,72.15,73.15,79.25,73.15,74.0,74.3,75.55,227450,17184288.4,1727,137877.0,60.62
ZENTEC,EQ,29-May-2019,73.0,73.6,74.05,71.45,72.0,72.15,72.96,41303,3013621.75,397,35529.0,86.02
ZENTEC,EQ,28-May-2019,74.1,74.1,74.65,72.6,72.7,73.0,73.53,27242,2003013.75,389,20550.0,75.43
ZENTEC,EQ,27-May-2019,72.4,72.5,75.2,72.4,73.95,74.1,73.78,37099,2737202.05,372,28722.0,77.42
ZENTEC,EQ,24-May-2019,70.8,70.15,74.0,70.15,72.1,72.4,72.7,34722,2524445.8,415,20518.0,59.09
ZENTEC,EQ,23-May-2019,71.35,72.05,73.05,70.5,70.6,70.8,71.42,24308,1736084.85,300,20417.0,83.99
ZENTEC,EQ,22-May-2019,72.9,72.25,73.45,71.0,71.1,71.35,71.53,38827,2777106.2,357,32868.0,84.65
ZENTEC,EQ,21-May-2019,73.8,73.95,76.1,72.1,72.5,72.9,74.14,27471,2036570.65,356,20646.0,75.16
ZENTEC,EQ,20-May-2019,69.8,71.7,77.7,71.7,73.95,73.8,73.36,77158,5660674.1,690,57971.0,75.13
ZENTEC,EQ,17-May-2019,69.4,69.25,70.5,68.85,70.0,69.8,69.76,39765,2774185.35,289,34066.0,85.67
ZENTEC,EQ,16-May-2019,70.1,69.85,70.1,69.1,69.15,69.4,69.65,14453,1006655.85,189,10912.0,75.50
ZENTEC,EQ,15-May-2019,71.45,71.0,72.5,70.05,70.25,70.1,70.63,5395,381073.95,107,4515.0,83.69
ZENTEC,EQ,14-May-2019,71.2,72.45,72.45,70.2,71.05,71.45,71.16,9365,666455.4,186,6828.0,72.91
ZENTEC,EQ,13-May-2019,71.1,70.0,73.0,70.0,71.0,71.2,71.63,31919,2286293.25,444,21748.0,68.13
ZENTEC,EQ,10-May-2019,71.55,72.6,72.9,70.5,71.9,71.1,71.62,35305,2528474.55,318,20568.0,58.26
ZENTEC,EQ,09-May-2019,71.2,70.85,72.5,69.3,71.2,71.55,71.18,46924,3340099.0,422,38128.0,81.25
ZENTEC,EQ,08-May-2019,73.3,73.5,73.55,70.6,71.15,71.2,72.05,45773,3297898.75,492,30084.0,65.72
ZENTEC,EQ,07-May-2019,74.2,74.35,75.05,72.85,73.2,73.3,73.83,20873,1541006.35,265,15842.0,75.90
ZENTEC,EQ,06-May-2019,74.5,74.7,75.3,73.5,74.2,74.2,74.43,10082,750403.2,182,7277.0,72.18
ZENTEC,EQ,03-May-2019,75.55,75.0,75.85,74.25,74.55,74.5,74.89,15833,1185770.8,178,14056.0,88.78
ZENTEC,EQ,02-May-2019,75.2,76.0,76.5,75.0,75.0,75.55,75.54,41977,3171088.2,327,33004.0,78.62
ZENTEC,EQ,30-Apr-2019,76.2,75.15,77.8,73.65,75.35,75.2,75.5,26502,2000821.75,369,17965.0,67.79
ZENTEC,EQ,26-Apr-2019,75.95,75.3,77.45,75.0,76.0,76.2,75.86,26607,2018442.1,225,16493.0,61.99
ZENTEC,EQ,25-Apr-2019,76.2,75.7,76.9,74.6,76.4,75.95,75.66,25259,1911200.7,297,19562.0,77.45
ZENTEC,EQ,24-Apr-2019,75.1,76.8,76.9,75.05,76.1,76.2,75.96,18314,1391061.5,224,12500.0,68.25
ZENTEC,EQ,23-Apr-2019,75.9,75.05,76.65,74.4,75.25,75.1,75.5,23576,1779947.95,371,17931.0,76.06
ZENTEC,EQ,22-Apr-2019,75.9,75.15,77.1,74.5,76.0,75.9,75.83,16207,1228938.9,236,10891.0,67.20
ZENTEC,EQ,18-Apr-2019,77.85,77.05,79.0,75.15,75.3,75.9,76.67,37426,2869579.8,403,29672.0,79.28
ZENTEC,EQ,16-Apr-2019,77.6,76.7,79.85,76.7,77.6,77.85,78.14,63965,4998495.2,605,43424.0,67.89
ZENTEC,EQ,15-Apr-2019,77.4,77.7,78.35,76.6,78.0,77.6,77.56,45386,3520321.2,599,29454.0,64.90
ZENTEC,EQ,12-Apr-2019,74.65,74.7,81.25,73.2,77.2,77.4,77.8,177218,13787554.35,1937,107488.0,60.65
ZENTEC,EQ,11-Apr-2019,74.6,76.2,76.2,74.15,74.5,74.65,74.57,18974,1414881.7,204,12712.0,67.00
ZENTEC,EQ,10-Apr-2019,74.75,76.2,76.2,74.3,74.4,74.6,75.0,18361,1377013.6,262,11398.0,62.08
ZENTEC,EQ,09-Apr-2019,74.75,74.75,75.9,74.15,75.0,74.75,74.77,34053,2546172.35,274,26487.0,77.78
ZENTEC,EQ,08-Apr-2019,75.2,76.2,77.0,74.5,74.9,74.75,75.9,41780,3171064.35,491,29646.0,70.96
ZENTEC,EQ,05-Apr-2019,74.95,75.2,76.2,75.0,75.1,75.2,75.4,26010,1961171.2,291,16995.0,65.34
ZENTEC,EQ,04-Apr-2019,75.6,76.2,77.35,74.4,75.0,74.95,75.67,55950,4233821.8,609,31693.0,56.65
ZENTEC,EQ,03-Apr-2019,72.4,72.35,78.7,72.1,76.0,75.6,76.41,244816,18705513.95,2424,105403.0,43.05
ZENTEC,EQ,02-Apr-2019,73.6,73.4,74.15,72.0,72.3,72.4,73.3,36660,2687183.95,394,24298.0,66.28
ZENTEC,EQ,01-Apr-2019,73.05,73.95,74.55,73.0,73.3,73.6,73.78,97941,7226363.9,478,87104.0,88.94
ZENTEC,EQ,29-Mar-2019,71.7,73.7,75.65,72.0,72.5,73.05,73.77,128417,9473002.9,1419,73520.0,57.25
ZENTEC,EQ,28-Mar-2019,69.85,70.3,73.15,70.25,72.05,71.7,72.22,96618,6977932.75,834,70394.0,72.86
ZENTEC,EQ,27-Mar-2019,74.25,75.0,75.8,68.9,69.6,69.85,70.99,416962,29599230.65,1743,389217.0,93.35
ZENTEC,EQ,26-Mar-2019,69.75,69.75,74.6,69.65,74.1,74.25,72.72,165573,12040264.75,1536,118708.0,71.70
ZENTEC,EQ,25-Mar-2019,75.45,75.05,75.05,68.15,69.8,69.75,70.65,180469,12750673.85,1868,147949.0,81.98
ZENTEC,EQ,22-Mar-2019,79.0,78.55,79.25,74.5,75.0,75.45,76.53,81096,6206520.95,839,68102.0,83.98
ZENTEC,EQ,20-Mar-2019,79.5,80.75,81.5,78.5,79.0,79.0,79.72,47291,3769806.05,593,38036.0,80.43
ZENTEC,EQ,19-Mar-2019,80.95,82.2,82.25,79.0,79.95,79.5,80.62,67579,5448256.45,646,54314.0,80.37
ZENTEC,EQ,18-Mar-2019,82.1,82.1,82.1,80.0,81.0,80.95,81.02,47119,3817615.5,554,38003.0,80.65
ZENTEC,EQ,15-Mar-2019,81.15,82.0,86.3,80.25,80.8,82.1,84.24,267101,22499380.6,2691,138831.0,51.98
ZENTEC,EQ,14-Mar-2019,77.25,78.2,81.9,76.1,81.9,81.15,79.93,109988,8791290.95,1132,74152.0,67.42
ZENTEC,EQ,13-Mar-2019,75.5,75.4,79.6,75.05,77.2,77.25,77.64,90348,7014620.2,1323,44201.0,48.92
ZENTEC,EQ,12-Mar-2019,74.55,76.4,76.6,74.25,75.0,75.5,75.34,48072,3621904.15,544,33597.0,69.89
ZENTEC,EQ,11-Mar-2019,75.9,77.3,77.3,73.8,74.0,74.55,74.91,54626,4091946.6,616,41773.0,76.47
ZENTEC,EQ,08-Mar-2019,77.7,78.2,78.5,75.0,75.55,75.9,76.51,26005,1989765.05,440,17054.0,65.58
ZENTEC,EQ,07-Mar-2019,76.3,77.15,80.4,76.0,78.0,77.7,78.12,93220,7282328.05,986,53205.0,57.07
ZENTEC,EQ,06-Mar-2019,73.85,74.2,79.2,73.4,76.0,76.3,76.28,97288,7420996.55,964,54662.0,56.19
ZENTEC,EQ,05-Mar-2019,71.1,71.65,74.5,70.25,74.4,73.85,73.32,77554,5686403.1,970,49636.0,64.00
ZENTEC,EQ,01-Mar-2019,69.95,69.6,71.9,68.7,71.0,71.1,70.52,66826,4712402.1,613,47934.0,71.73
ZENTEC,EQ,28-Feb-2019,69.05,68.6,70.5,68.55,70.25,69.95,70.0,21089,1476168.95,290,15312.0,72.61
ZENTEC,EQ,27-Feb-2019,68.9,71.0,72.1,68.5,69.4,69.05,70.17,25393,1781704.95,440,12213.0,48.10
ZENTEC,EQ,26-Feb-2019,71.55,70.05,70.5,68.45,68.75,68.9,69.22,29073,2012523.0,420,15429.0,53.07
ZENTEC,EQ,25-Feb-2019,71.55,72.3,72.45,70.5,71.15,71.55,71.67,24362,1745936.55,617,15516.0,63.69
ZENTEC,EQ,22-Feb-2019,68.3,68.05,72.6,68.0,71.5,71.55,70.8,65254,4620170.15,781,36022.0,55.20
ZENTEC,EQ,21-Feb-2019,67.85,67.0,68.45,67.0,68.3,68.3,67.88,27500,1866634.15,597,14590.0,53.05
ZENTEC,EQ,20-Feb-2019,68.15,66.3,68.45,66.3,67.95,67.85,67.31,56827,3825234.45,424,40834.0,71.86
ZENTEC,EQ,19-Feb-2019,68.45,68.1,69.6,67.8,68.8,68.15,68.67,18953,1301561.7,208,10871.0,57.36
ZENTEC,EQ,18-Feb-2019,68.3,69.0,69.55,67.75,68.0,68.45,68.63,35920,2465221.7,359,26625.0,74.12
ZENTEC,EQ,15-Feb-2019,68.05,67.45,69.0,67.15,68.45,68.3,68.49,31060,2127430.0,444,22036.0,70.95
ZENTEC,EQ,14-Feb-2019,69.2,69.15,69.15,67.3,68.0,68.05,68.15,33280,2267909.45,537,17541.0,52.71
ZENTEC,EQ,13-Feb-2019,70.5,71.8,71.85,67.7,69.4,69.2,68.96,69051,4761967.9,734,54515.0,78.95
ZENTEC,EQ,12-Feb-2019,71.75,71.85,73.0,70.1,70.1,70.5,71.13,28023,1993147.25,418,16020.0,57.17
ZENTEC,EQ,11-Feb-2019,72.35,72.0,72.8,71.1,71.1,71.75,71.86,19802,1423069.9,205,16255.0,82.09
ZENTEC,EQ,08-Feb-2019,72.75,71.75,74.85,71.75,72.05,72.35,73.32,36809,2698963.5,483,23163.0,62.93
ZENTEC,EQ,07-Feb-2019,71.85,72.7,73.8,71.5,73.0,72.75,72.61,18578,1349027.4,405,10735.0,57.78
ZENTEC,EQ,06-Feb-2019,72.25,72.1,72.95,70.1,71.7,71.85,71.49,40950,2927372.55,502,31240.0,76.29
ZENTEC,EQ,05-Feb-2019,73.75,73.0,73.45,71.75,72.15,72.25,72.59,23757,1724420.25,336,19491.0,82.04
ZENTEC,EQ,04-Feb-2019,75.05,75.1,75.1,72.95,73.95,73.75,73.81,61947,4572584.85,372,53149.0,85.80
ZENTEC,EQ,01-Feb-2019,75.55,76.2,76.6,74.9,75.0,75.05,75.78,29866,2263148.25,395,18158.0,60.80
ZENTEC,EQ,31-Jan-2019,76.05,77.3,77.3,75.15,75.15,75.55,76.01,28359,2155483.55,527,19783.0,69.76
ZENTEC,EQ,30-Jan-2019,75.8,77.6,77.6,75.1,75.65,76.05,76.17,42689,3251600.2,737,21209.0,49.68
ZENTEC,EQ,29-Jan-2019,79.95,78.3,78.5,75.0,75.9,75.8,76.79,190733,14646088.15,2009,92369.0,48.43
ZENTEC,EQ,28-Jan-2019,83.6,85.9,90.0,76.1,76.75,79.95,84.39,1185111,100008324.35,9809,,-
ZENTEC,EQ,25-Jan-2019,85.3,86.85,87.0,82.5,83.25,83.6,84.68,45157,3823888.35,495,30438.0,67.40
ZENTEC,EQ,24-Jan-2019,84.85,86.1,94.0,84.25,85.0,85.3,89.21,314118,28023919.5,2696,153956.0,49.01
ZENTEC,EQ,23-Jan-2019,82.2,82.15,85.85,81.55,84.9,84.85,84.56,164838,13938824.7,1313,104567.0,63.44
ZENTEC,EQ,22-Jan-2019,80.25,80.25,82.85,79.15,82.5,82.2,80.71,64288,5188847.65,604,51603.0,80.27
ZENTEC,EQ,21-Jan-2019,79.7,80.2,81.2,78.55,80.9,80.25,80.53,21285,1714147.3,449,13711.0,64.42
ZENTEC,EQ,18-Jan-2019,80.9,79.6,82.2,79.05,80.5,79.7,80.81,32409,2618966.3,738,21383.0,65.98
ZENTEC,EQ,17-Jan-2019,79.55,81.8,81.8,78.45,81.4,80.9,80.55,57543,4635255.6,679,44168.0,76.76
ZENTEC,EQ,16-Jan-2019,78.35,79.3,81.15,78.45,80.0,79.55,79.57,32098,2554187.5,371,21865.0,68.12
ZENTEC,EQ,15-Jan-2019,79.05,78.85,81.0,78.0,78.5,78.35,78.93,25991,2051437.5,582,16714.0,64.31
ZENTEC,EQ,14-Jan-2019,75.85,75.05,80.75,74.85,78.8,79.05,78.7,58981,4641856.55,712,38459.0,65.21
ZENTEC,EQ,11-Jan-2019,73.2,74.5,77.1,71.95,75.6,75.85,75.19,41055,3086808.4,733,28890.0,70.37
ZENTEC,EQ,10-Jan-2019,73.75,74.65,74.8,73.0,73.0,73.2,73.59,38336,2821132.0,648,25056.0,65.36
ZENTEC,EQ,09-Jan-2019,75.1,74.05,76.2,73.25,73.25,73.75,74.61,26975,2012540.65,649,10682.0,39.60
ZENTEC,EQ,08-Jan-2019,73.2,73.8,76.7,72.9,75.0,75.1,74.68,47718,3563811.85,607,32355.0,67.80
ZENTEC,EQ,07-Jan-2019,73.45,75.0,75.0,72.45,73.2,73.2,73.39,12775,937602.35,271,8188.0,64.09
ZENTEC,EQ,04-Jan-2019,75.6,75.55,77.0,73.15,73.3,73.45,74.14,39143,2902240.3,529,25399.0,64.89
ZENTEC,EQ,03-Jan-2019,76.85,76.1,77.95,75.35,75.35,75.6,76.32,20789,1586594.0,192,16386.0,78.82
ZENTEC,EQ,02-Jan-2019,79.2,79.3,79.95,76.0,76.55,76.85,77.95,46538,3627822.0,331,30574.0,65.70
ZENTEC,EQ,01-Jan-2019,78.4,79.2,79.4,78.4,79.0,79.2,78.9,11352,895659.25,215,6955.0,61.27
ZENTEC,EQ,31-Dec-2018,79.4,79.85,80.8,77.8,78.15,78.4,78.63,60900,4788268.15,450,52130.0,85.60
ZENTEC,EQ,28-Dec-2020,89.2,91.3,91.3,88.5,89.5,88.95,89.51,198288,17748640.6,2250,107863.0,54.40
ZENTEC,EQ,24-Dec-2020,91.3,92.0,92.4,88.75,89.45,89.2,90.14,318164,28679746.95,4216,179099.0,56.29
ZENTEC,EQ,23-Dec-2020,86.3,91.0,93.8,89.0,90.25,91.3,91.66,2094183,191957522.6,19957,656338.0,31.34
ZENTEC,EQ,22-Dec-2020,79.7,79.95,89.4,73.5,88.5,86.3,81.09,621217,50373963.8,6657,268415.0,43.21
ZENTEC,EQ,21-Dec-2020,87.35,85.2,88.35,78.5,80.95,79.7,82.97,391939,32519838.0,5099,202868.0,51.76
ZENTEC,EQ,18-Dec-2020,87.9,88.4,89.65,85.3,87.3,87.35,87.54,211625,18524614.9,2753,94842.0,44.82
ZENTEC,EQ,17-Dec-2020,89.15,89.6,90.5,87.5,87.7,87.9,88.86,180430,16032714.2,2426,86248.0,47.80
ZENTEC,EQ,16-Dec-2020,90.75,91.1,91.65,88.5,89.3,89.15,89.93,211827,19049994.3,3040,117447.0,55.44
ZENTEC,EQ,15-Dec-2020,86.5,91.9,92.75,90.4,91.0,90.75,91.23,867107,79103213.65,8832,358708.0,41.37
ZENTEC,EQ,14-Dec-2020,87.55,88.4,88.65,86.1,86.5,86.5,87.19,226632,19760874.9,2778,133232.0,58.79
ZENTEC,EQ,11-Dec-2020,89.0,89.95,91.5,86.5,88.0,87.55,89.51,334558,29945844.65,4100,161867.0,48.38
ZENTEC,EQ,10-Dec-2020,92.3,91.6,91.9,86.0,89.0,89.0,88.69,504429,44736004.45,6629,205465.0,40.73
ZENTEC,EQ,09-Dec-2020,85.75,94.0,96.0,91.6,91.95,92.3,93.68,2851258,267096667.65,20821,1212030.0,42.51
ZENTEC,EQ,08-Dec-2020,78.95,78.85,86.9,78.0,85.8,85.75,84.42,1712122,144529609.75,11678,780069.0,45.56
ZENTEC,EQ,07-Dec-2020,78.55,78.45,80.55,78.0,78.8,78.95,79.08,296432,23441504.45,3340,130454.0,44.01
ZENTEC,EQ,04-Dec-2020,79.95,80.6,80.85,78.0,78.6,78.55,79.11,248365,19649310.05,2368,122731.0,49.42
ZENTEC,EQ,03-Dec-2020,78.15,78.8,81.2,78.55,79.8,79.95,80.03,280964,22486585.75,2651,156400.0,55.67
ZENTEC,EQ,02-Dec-2020,79.3,79.5,79.65,77.85,78.35,78.15,78.58,131871,10362557.1,1581,61783.0,46.85
ZENTEC,EQ,01-Dec-2020,79.35,80.3,80.3,79.0,79.25,79.3,79.52,136636,10865342.65,1466,69567.0,50.91
ZENTEC,EQ,27-Nov-2020,78.1,78.8,82.0,77.25,78.85,79.35,80.26,624710,50137087.45,5376,157817.0,25.26
ZENTEC,EQ,26-Nov-2020,79.15,79.1,79.5,77.15,78.4,78.1,78.3,100631,7879028.25,1467,53904.0,53.57
ZENTEC,EQ,25-Nov-2020,80.6,81.15,81.45,78.0,78.95,79.15,79.42,280612,22286062.9,3291,142500.0,50.78
ZENTEC,EQ,24-Nov-2020,76.85,77.95,82.4,76.2,80.55,80.6,80.03,1317133,105411141.8,8980,312519.0,23.73
ZENTEC,EQ,23-Nov-2020,74.2,74.15,78.2,73.35,76.55,76.85,76.6,343153,26286587.15,2754,165187.0,48.14
ZENTEC,EQ,20-Nov-2020,74.65,75.0,75.5,74.0,74.2,74.2,74.51,69690,5192657.15,934,40980.0,58.80
ZENTEC,EQ,19-Nov-2020,74.7,74.65,76.5,74.1,74.4,74.65,75.45,110985,8373937.2,1663,57499.0,51.81
ZENTEC,EQ,18-Nov-2020,75.2,75.0,75.5,74.1,74.6,74.7,74.73,76581,5722966.05,1173,40332.0,52.67
ZENTEC,EQ,17-Nov-2020,76.4,77.65,77.65,74.7,75.0,75.2,75.5,149323,11274136.85,1590,87028.0,58.28
ZENTEC,EQ,14-Nov-2020,75.15,75.9,78.15,74.8,76.6,76.4,76.27,127210,9701694.95,1424,62176.0,48.88
ZENTEC,EQ,13-Nov-2020,76.65,75.3,76.0,74.05,75.5,75.15,75.27,105857,7967719.15,1409,54284.0,51.28
ZENTEC,EQ,12-Nov-2020,72.5,72.5,79.9,71.9,76.15,76.65,77.27,841028,64987719.25,6953,197364.0,23.47
ZENTEC,EQ,11-Nov-2020,71.55,71.6,73.5,71.6,72.15,72.5,72.48,122302,8864813.4,1327,64410.0,52.66
ZENTEC,EQ,10-Nov-2020,73.2,73.2,73.6,71.1,71.6,71.55,72.32,104401,7550077.6,1462,67690.0,64.84
ZENTEC,EQ,09-Nov-2020,74.0,74.15,74.9,72.8,73.15,73.2,73.61,91682,6748509.9,1039,60617.0,66.12
ZENTEC,EQ,06-Nov-2020,75.2,75.0,75.6,73.4,74.05,74.0,74.36,160718,11951487.75,1800,75007.0,46.67
ZENTEC,EQ,05-Nov-2020,70.45,71.85,78.0,70.8,75.1,75.2,74.47,566010,42149558.15,3652,178927.0,31.61
ZENTEC,EQ,04-Nov-2020,70.3,70.0,72.0,70.0,70.25,70.45,71.09,69596,4947494.9,933,33195.0,47.70
ZENTEC,EQ,03-Nov-2020,71.15,72.0,72.0,70.0,70.25,70.3,70.58,106847,7541321.3,1389,64568.0,60.43
ZENTEC,EQ,02-Nov-2020,73.95,71.9,72.75,69.0,71.3,71.15,71.43,211663,15119066.65,2396,107813.0,50.94
ZENTEC,EQ,30-Oct-2020,74.55,74.6,75.9,71.8,74.15,73.95,73.79,133068,9818484.1,1859,68990.0,51.85
ZENTEC,EQ,29-Oct-2020,73.75,73.1,75.95,71.75,75.95,74.55,73.47,119637,8789687.15,2019,52824.0,44.15
ZENTEC,EQ,28-Oct-2020,75.65,75.65,76.65,72.55,74.1,73.75,74.83,162434,12155530.35,3195,100018.0,61.57
ZENTEC,EQ,27-Oct-2020,77.2,77.5,77.5,75.1,75.55,75.65,76.09,169680,12911660.4,2493,108972.0,64.22
ZENTEC,EQ,26-Oct-2020,78.75,79.0,79.55,76.4,77.2,77.2,77.72,115769,8997994.2,2388,72997.0,63.05
ZENTEC,EQ,23-Oct-2020,79.25,79.9,80.55,78.4,79.0,78.75,79.32,157293,12477129.95,2041,78943.0,50.19
ZENTEC,EQ,22-Oct-2020,80.05,80.4,80.7,79.05,79.45,79.25,79.67,84489,6731066.55,1329,40923.0,48.44
ZENTEC,EQ,21-Oct-2020,81.35,82.5,82.5,79.2,80.3,80.05,80.93,265303,21470511.3,3691,149777.0,56.46
ZENTEC,EQ,20-Oct-2020,79.0,78.95,83.2,78.1,81.75,81.35,81.23,414412,33664654.0,4855,231484.0,55.86
ZENTEC,EQ,19-Oct-2020,80.35,81.45,81.45,78.4,79.15,79.0,79.64,151712,12082442.05,2160,53681.0,35.38
ZENTEC,EQ,16-Oct-2020,78.7,79.1,81.0,76.45,80.8,80.35,79.35,253459,20111276.1,3235,100431.0,39.62
ZENTEC,EQ,15-Oct-2020,83.8,84.2,84.2,77.1,79.4,78.7,79.91,291100,23262838.7,4098,158247.0,54.36
ZENTEC,EQ,14-Oct-2020,85.3,86.0,86.65,83.2,84.65,83.8,84.46,175248,14801055.6,2518,83363.0,47.57
ZENTEC,EQ,13-Oct-2020,84.7,84.7,86.7,84.0,85.45,85.3,85.31,395744,33759341.9,4398,142417.0,35.99
ZENTEC,EQ,12-Oct-2020,83.5,84.5,89.25,83.4,84.9,84.7,86.17,585981,50491825.8,6901,282580.0,48.22
ZENTEC,EQ,09-Oct-2020,81.25,80.6,84.8,80.5,83.4,83.5,83.17,588618,48957806.2,6156,195133.0,33.15
ZENTEC,EQ,08-Oct-2020,80.95,83.5,83.95,80.6,81.7,81.25,82.12,285731,23464241.8,3247,99191.0,34.71
ZENTEC,EQ,07-Oct-2020,82.35,82.5,82.7,80.05,81.0,80.95,81.61,166579,13593950.15,1666,96816.0,58.12
ZENTEC,EQ,06-Oct-2020,81.05,82.35,84.25,80.85,82.55,82.35,82.57,387677,32009222.85,3574,184265.0,47.53
ZENTEC,EQ,05-Oct-2020,81.0,83.5,83.9,80.7,81.0,81.05,81.8,235324,19250477.3,2714,94989.0,40.37
ZENTEC,EQ,01-Oct-2020,80.85,82.2,83.7,80.5,81.25,81.0,82.16,214393,17614907.8,2091,114827.0,53.56
ZENTEC,EQ,30-Sep-2020,83.05,83.8,83.9,80.25,80.6,80.85,81.9,173290,14191722.55,2242,69180.0,39.92
ZENTEC,EQ,29-Sep-2020,82.35,83.75,85.5,81.65,82.3,83.05,83.48,594707,49648238.6,5358,264379.0,44.46
ZENTEC,EQ,28-Sep-2020,76.45,77.1,84.05,77.1,82.35,82.35,81.63,497984,40649595.3,4995,267014.0,53.62
ZENTEC,EQ,25-Sep-2020,74.05,76.0,77.95,75.1,76.4,76.45,76.33,207292,15823440.7,2790,91563.0,44.17
ZENTEC,EQ,24-Sep-2020,78.05,76.15,77.0,73.55,74.05,74.05,75.2,236935,17816820.85,3689,99757.0,42.10
ZENTEC,EQ,23-Sep-2020,75.5,78.0,79.65,74.5,77.9,78.05,77.3,279495,21603997.0,3956,90690.0,32.45
ZENTEC,EQ,22-Sep-2020,77.35,76.0,77.75,72.55,75.5,75.5,75.43,334800,25253121.1,4882,113199.0,33.81
ZENTEC,EQ,21-Sep-2020,81.7,83.65,84.3,75.25,76.6,77.35,80.37,468621,37660765.9,6435,222048.0,47.38
ZENTEC,EQ,18-Sep-2020,79.8,80.5,85.35,80.25,81.85,81.7,83.19,979426,81481989.6,10108,360348.0,36.79
ZENTEC,EQ,17-Sep-2020,81.15,81.2,83.4,79.0,79.45,79.8,80.86,740203,59855339.95,8141,282350.0,38.14
ZENTEC,EQ,16-Sep-2020,74.1,74.4,81.5,72.5,81.5,81.15,79.24,2449944,194138606.3,15144,602974.0,24.61
ZENTEC,EQ,15-Sep-2020,73.0,73.65,76.0,73.1,74.4,74.1,74.63,279005,20821320.75,2581,136869.0,49.06
ZENTEC,EQ,14-Sep-2020,72.0,73.45,74.5,72.0,73.1,73.0,73.37,206591,15158368.15,2517,95461.0,46.21
ZENTEC,EQ,11-Sep-2020,72.45,72.95,74.15,70.6,71.8,72.0,72.26,227101,16411214.8,2516,102778.0,45.26
ZENTEC,EQ,10-Sep-2020,71.85,73.3,75.0,72.15,72.6,72.45,73.25,423679,31034960.9,3578,215207.0,50.79
ZENTEC,EQ,09-Sep-2020,68.0,65.75,73.5,62.5,73.4,71.85,67.97,935767,63605547.85,7708,416053.0,44.46
ZENTEC,EQ,08-Sep-2020,71.75,71.7,73.15,66.9,67.8,68.0,70.32,321553,22611069.65,3001,197653.0,61.47
ZENTEC,EQ,07-Sep-2020,73.65,74.0,75.0,71.1,71.85,71.75,72.56,227292,16492800.8,2592,148193.0,65.20
ZENTEC,EQ,04-Sep-2020,74.8,72.0,76.4,72.0,73.75,73.65,74.89,429882,32195254.9,3628,294304.0,68.46
ZENTEC,EQ,03-Sep-2020,74.05,74.9,75.9,73.5,75.4,74.8,75.02,396911,29777236.5,3878,263329.0,66.34
ZENTEC,EQ,02-Sep-2020,77.5,77.45,78.2,71.5,74.6,74.05,74.14,757476,56162026.6,8339,436398.0,57.61
ZENTEC,EQ,01-Sep-2020,82.9,82.9,85.7,74.65,77.45,77.5,79.71,686886,54750804.7,4394,495911.0,72.20
ZENTEC,EQ,31-Aug-2020,88.95,89.9,89.9,80.15,83.1,82.9,83.58,487754,40766227.15,6079,294561.0,60.39
ZENTEC,EQ,28-Aug-2020,84.9,88.25,91.8,87.65,88.8,88.95,89.58,1143550,102439827.95,10828,336038.0,29.39
ZENTEC,EQ,27-Aug-2020,87.95,88.8,88.8,84.35,85.4,84.9,85.61,309275,26476624.5,4011,200554.0,64.85
ZENTEC,EQ,26-Aug-2020,89.15,89.15,90.45,87.1,87.95,87.95,88.43,236218,20889316.75,2728,153404.0,64.94
ZENTEC,EQ,25-Aug-2020,91.25,91.95,92.15,88.75,89.75,89.15,89.93,229795,20664333.2,2798,144205.0,62.75
ZENTEC,EQ,24-Aug-2020,89.5,90.5,94.95,90.15,91.25,91.25,92.46,656793,60726558.75,6124,229716.0,34.98
ZENTEC,EQ,21-Aug-2020,93.1,93.5,94.5,88.6,89.5,89.5,90.45,589687,53336118.15,6872,318085.0,53.94
ZENTEC,EQ,20-Aug-2020,95.7,95.0,95.9,91.0,93.0,93.1,93.56,405130,37902120.15,4744,199948.0,49.35
ZENTEC,EQ,19-Aug-2020,89.3,94.5,97.0,93.5,95.85,95.7,95.42,2515917,240071750.1,18658,969893.0,38.55
ZENTEC,EQ,18-Aug-2020,86.35,86.5,89.95,85.65,89.8,89.3,87.9,671531,59026475.85,5872,352904.0,52.55
ZENTEC,EQ,17-Aug-2020,88.85,91.7,91.7,84.8,86.2,86.35,87.11,700083,60987273.8,7992,393511.0,56.21
ZENTEC,EQ,14-Aug-2020,88.35,89.8,91.9,86.7,89.0,88.85,89.65,1754031,157244929.35,14253,602284.0,34.34
ZENTEC,EQ,13-Aug-2020,86.3,89.9,92.35,83.0,89.0,88.35,87.83,1657865,145605701.9,16160,653523.0,39.42
ZENTEC,EQ,12-Aug-2020,75.8,77.9,88.9,76.5,86.5,86.3,84.52,2965827,250664466.65,26885,852267.0,28.74
ZENTEC,EQ,11-Aug-2020,71.15,71.5,77.0,71.5,76.4,75.8,75.26,1344663,101205734.0,10538,641165.0,47.68
ZENTEC,EQ,10-Aug-2020,67.15,73.95,74.0,70.0,71.1,71.15,71.5,1619221,115774876.2,11238,679987.0,41.99
ZENTEC,EQ,07-Aug-2020,69.75,68.0,71.0,66.0,67.2,67.15,68.42,727939,49802519.7,6396,338135.0,46.45
ZENTEC,EQ,06-Aug-2020,63.8,64.5,71.0,64.0,68.95,69.75,68.49,1339262,91722354.35,10683,492086.0,36.74
ZENTEC,EQ,05-Aug-2020,68.6,66.15,66.65,63.35,63.55,63.8,64.68,897471,58048197.75,6828,373002.0,41.56
ZENTEC,EQ,04-Aug-2020,58.75,63.0,70.4,61.6,67.5,68.6,66.89,4701929,314527387.8,30087,879738.0,18.71
ZENTEC,EQ,03-Aug-2020,58.8,58.8,61.0,58.4,58.8,58.75,59.88,207757,12439828.2,1996,126675.0,60.97
ZENTEC,EQ,31-Jul-2020,58.7,58.0,60.85,58.0,58.5,58.8,59.25,274566,16269116.05,2884,119061.0,43.36
ZENTEC,EQ,30-Jul-2020,59.05,59.0,61.45,57.1,59.2,58.7,59.78,658529,39363729.3,7652,228542.0,34.70
ZENTEC,EQ,29-Jul-2020,59.5,64.0,64.0,57.15,59.1,59.05,60.49,1865585,112857736.3,13724,648698.0,34.77
ZENTEC,EQ,28-Jul-2020,50.65,51.0,60.75,49.7,60.75,59.5,57.2,1983033,113431801.15,12091,624256.0,31.48
ZENTEC,EQ,27-Jul-2020,52.0,53.2,53.2,50.15,50.25,50.65,51.06,74110,3784374.85,752,54176.0,73.10
ZENTEC,EQ,24-Jul-2020,52.7,52.7,53.45,51.5,52.0,52.0,52.33,96997,5076328.4,923,61380.0,63.28
ZENTEC,EQ,23-Jul-2020,52.65,53.05,54.0,52.25,52.5,52.7,53.06,158788,8425867.95,1293,76515.0,48.19
ZENTEC,EQ,22-Jul-2020,52.4,53.8,54.0,52.25,52.95,52.65,53.12,104742,5563574.5,977,70206.0,67.03
ZENTEC,EQ,21-Jul-2020,52.9,53.2,54.05,52.0,52.4,52.4,52.88,106080,5609093.1,967,70481.0,66.44
ZENTEC,EQ,20-Jul-2020,53.95,54.65,55.0,52.6,52.8,52.9,53.56,119076,6377642.75,831,86912.0,72.99
ZENTEC,EQ,17-Jul-2020,54.05,53.85,55.1,53.1,54.0,53.95,54.0,98111,5297769.8,955,50889.0,51.87
ZENTEC,EQ,16-Jul-2020,53.65,54.5,56.9,53.65,54.3,54.05,54.85,210742,11558526.55,2509,79707.0,37.82
ZENTEC,EQ,15-Jul-2020,59.55,58.95,59.5,52.0,54.35,53.65,56.01,550192,30815316.15,5487,249317.0,45.31
ZENTEC,EQ,14-Jul-2020,51.75,54.0,61.7,53.1,58.85,59.55,58.38,2017763,117792373.85,13015,512189.0,25.38
ZENTEC,EQ,13-Jul-2020,51.7,52.0,52.8,51.55,51.9,51.75,52.04,92482,4812416.5,634,64746.0,70.01
ZENTEC,EQ,10-Jul-2020,52.35,52.9,53.0,51.5,51.9,51.7,51.95,95235,4947397.65,715,59797.0,62.79
ZENTEC,EQ,09-Jul-2020,51.25,52.4,54.7,51.35,52.5,52.35,53.32,228632,12189685.65,1811,109788.0,48.02
ZENTEC,EQ,08-Jul-2020,52.8,52.95,53.75,51.05,51.05,51.25,52.1,80337,4185237.6,828,64782.0,80.64
ZENTEC,EQ,07-Jul-2020,53.6,53.05,54.35,52.25,52.6,52.8,52.87,62945,3327710.85,757,42464.0,67.46
ZENTEC,EQ,06-Jul-2020,53.8,53.8,54.95,53.1,53.85,53.6,53.78,108509,5835686.65,874,73964.0,68.16
ZENTEC,EQ,03-Jul-2020,54.55,54.55,56.35,53.5,53.65,53.8,54.96,205954,11319513.05,1904,123253.0,59.84
ZENTEC,EQ,02-Jul-2020,52.7,53.95,54.8,52.65,54.35,54.55,54.18,260031,14088713.6,2279,161194.0,61.99
ZENTEC,EQ,01-Jul-2020,50.05,50.5,52.95,48.8,52.8,52.7,51.17,157957,8082727.6,1629,100691.0,63.75
ZENTEC,EQ,30-Jun-2020,52.05,50.0,53.5,49.75,50.2,50.05,51.12,107109,5475091.45,1294,56964.0,53.18
ZENTEC,EQ,29-Jun-2020,52.4,52.05,54.1,51.3,52.1,52.05,52.13,77040,4016239.05,800,45619.0,59.21
ZENTEC,EQ,26-Jun-2020,52.5,53.0,53.75,52.0,52.5,52.4,52.77,58928,3109485.45,934,34711.0,58.90
ZENTEC,EQ,25-Jun-2020,52.2,53.45,54.4,51.3,52.8,52.5,52.76,129030,6808239.6,1468,70383.0,54.55
ZENTEC,EQ,24-Jun-2020,53.85,53.95,56.0,51.15,52.55,52.2,54.01,164074,8860930.3,1740,86706.0,52.85
ZENTEC,EQ,23-Jun-2020,52.6,53.2,56.3,52.8,54.0,53.85,54.88,346721,19027973.35,2467,131471.0,37.92
ZENTEC,EQ,22-Jun-2020,52.75,52.75,54.75,51.95,52.75,52.6,53.09,119518,6345430.55,1455,73351.0,61.37
ZENTEC,EQ,19-Jun-2020,54.0,53.25,54.5,51.85,52.55,52.75,53.0,183174,9708168.0,2205,95347.0,52.05
ZENTEC,EQ,18-Jun-2020,56.25,57.45,57.7,53.1,54.15,54.0,55.02,266608,14667506.45,2636,139581.0,52.35
ZENTEC,EQ,17-Jun-2020,55.9,58.2,59.0,54.8,56.25,56.25,57.15,820111,46871044.3,7052,338957.0,41.33
ZENTEC,EQ,16-Jun-2020,47.75,48.15,57.3,48.0,57.3,55.9,54.4,954079,51898166.7,6482,360712.0,37.81
ZENTEC,EQ,15-Jun-2020,49.9,49.9,49.9,46.8,48.05,47.75,48.15,102496,4935260.65,1044,66460.0,64.84
ZENTEC,EQ,12-Jun-2020,49.85,47.1,50.45,46.7,49.9,49.9,48.6,132586,6443675.25,1145,79229.0,59.76
ZENTEC,EQ,11-Jun-2020,49.2,49.05,54.0,46.6,50.1,49.85,50.95,305542,15568007.1,2614,156663.0,51.27
ZENTEC,EQ,10-Jun-2020,53.55,53.55,53.55,47.2,49.5,49.2,49.43,441241,21808510.2,3881,208854.0,47.33
ZENTEC,EQ,09-Jun-2020,50.7,55.0,59.7,52.1,52.1,53.55,55.52,1675180,93000267.45,12419,567077.0,33.85
ZENTEC,EQ,08-Jun-2020,42.25,46.95,50.7,44.95,50.7,50.7,49.39,871568,43043596.65,4832,384237.0,44.09
ZENTEC,EQ,05-Jun-2020,40.35,41.0,42.9,40.6,42.8,42.25,41.92,139234,5836384.65,967,88659.0,63.68
ZENTEC,EQ,04-Jun-2020,39.05,39.55,41.7,39.25,40.5,40.35,40.45,102813,4158954.85,931,69280.0,67.38
ZENTEC,EQ,03-Jun-2020,38.85,39.95,40.45,38.75,38.75,39.05,39.61,67552,2675922.55,663,47867.0,70.86
ZENTEC,EQ,02-Jun-2020,38.1,39.35,39.7,38.3,38.65,38.85,39.08,51251,2003024.3,680,31818.0,62.08
ZENTEC,EQ,01-Jun-2020,37.05,38.0,38.95,37.4,38.15,38.1,38.16,71371,2723594.3,702,43609.0,61.10
ZENTEC,EQ,29-May-2020,37.65,36.3,37.95,36.0,37.0,37.05,37.12,35227,1307643.15,554,24095.0,68.40
ZENTEC,EQ,28-May-2020,36.25,36.4,38.2,36.05,38.0,37.65,37.18,69252,2575118.7,746,26590.0,38.40
ZENTEC,EQ,27-May-2020,35.45,36.35,36.5,34.9,36.45,36.25,35.83,49791,1784102.15,744,22138.0,44.46
ZENTEC,EQ,26-May-2020,36.5,37.9,37.9,34.2,35.35,35.45,35.17,81995,2883839.7,1088,31106.0,37.94
ZENTEC,EQ,22-May-2020,37.15,37.8,38.0,36.0,36.85,36.5,36.87,48940,1804556.8,722,26639.0,54.43
ZENTEC,EQ,21-May-2020,39.25,39.2,39.2,37.0,37.1,37.15,37.73,79643,3004715.1,1109,45807.0,57.52
ZENTEC,EQ,20-May-2020,39.7,41.0,42.85,38.45,38.75,39.25,41.38,344329,14248832.55,2828,190908.0,55.44
ZENTEC,EQ,19-May-2020,36.1,38.7,39.7,37.6,39.7,39.7,39.23,261476,10257238.25,1842,144511.0,55.27
ZENTEC,EQ,18-May-2020,32.85,34.3,36.1,34.15,36.1,36.1,35.28,231021,8150901.3,1086,148572.0,64.31
ZENTEC,EQ,15-May-2020,33.7,34.95,34.95,32.25,33.0,32.85,33.04,25520,843256.15,264,20017.0,78.44
ZENTEC,EQ,14-May-2020,34.65,34.7,34.7,33.15,33.45,33.7,33.68,15351,517084.95,183,12275.0,79.96
ZENTEC,EQ,13-May-2020,34.1,36.95,36.95,33.5,34.95,34.65,34.46,32946,1135239.05,242,17774.0,53.95
ZENTEC,EQ,12-May-2020,34.7,35.75,35.75,33.2,33.9,34.1,34.0,14428,490548.3,187,10458.0,72.48
ZENTEC,EQ,11-May-2020,35.2,37.75,37.75,34.3,34.6,34.7,35.12,22266,782032.75,277,16751.0,75.23
ZENTEC,EQ,08-May-2020,36.3,37.0,37.25,34.4,35.4,35.2,36.02,18435,663974.95,163,14967.0,81.19
ZENTEC,EQ,07-May-2020,36.8,37.9,37.95,36.1,36.25,36.3,36.43,12598,458970.2,177,10397.0,82.53
ZENTEC,EQ,06-May-2020,37.65,37.65,38.75,36.5,37.4,36.8,37.17,47524,1766568.3,332,42150.0,88.69
ZENTEC,EQ,05-May-2020,38.25,39.5,40.5,37.35,37.4,37.65,39.05,82065,3204548.0,684,28737.0,35.02
ZENTEC,EQ,04-May-2020,40.4,37.65,40.0,37.65,38.85,38.25,38.83,50936,1977738.5,363,33400.0,65.57
ZENTEC,EQ,30-Apr-2020,38.2,38.7,41.5,37.65,41.0,40.4,39.48,81184,3205298.8,424,65432.0,80.60
ZENTEC,EQ,29-Apr-2020,38.15,38.5,39.7,37.55,38.0,38.2,38.37,39620,1520118.3,392,18903.0,47.71
ZENTEC,EQ,28-Apr-2020,38.65,39.4,39.85,37.0,38.5,38.15,38.02,32761,1245456.75,346,19961.0,60.93
ZENTEC,EQ,27-Apr-2020,37.05,37.05,40.65,37.05,38.85,38.65,38.57,70156,2706039.15,440,50447.0,71.91
ZENTEC,EQ,24-Apr-2020,39.85,39.05,39.05,35.9,37.05,37.05,37.11,84009,3117664.05,438,55796.0,66.42
ZENTEC,EQ,23-Apr-2020,40.45,40.5,40.95,39.55,39.7,39.85,39.93,31008,1238122.75,292,23177.0,74.75
ZENTEC,EQ,22-Apr-2020,40.55,40.15,43.0,38.1,39.95,40.45,40.26,161485,6501824.4,794,81067.0,50.20
ZENTEC,EQ,21-Apr-2020,44.0,42.0,42.8,39.6,40.8,40.55,41.27,160852,6638012.4,873,101945.0,63.38
ZENTEC,EQ,20-Apr-2020,43.9,45.9,46.9,43.15,44.35,44.0,45.08,251283,11328311.95,1218,198776.0,79.10
ZENTEC,EQ,17-Apr-2020,39.95,43.35,43.9,40.5,43.9,43.9,43.1,357246,15395852.4,2921,234593.0,65.67
ZENTEC,EQ,16-Apr-2020,33.3,34.5,39.95,33.2,39.95,39.95,38.54,218592,8425506.15,2083,99634.0,45.58
ZENTEC,EQ,15-Apr-2020,31.7,34.0,34.0,31.7,33.35,33.3,33.08,89376,2956670.25,1037,54999.0,61.54
ZENTEC,EQ,13-Apr-2020,28.7,29.0,31.9,28.0,31.4,31.7,29.92,132131,3952794.1,1151,,-
ZENTEC,EQ,09-Apr-2020,27.7,29.45,29.45,27.9,28.8,28.7,28.91,79138,2287590.65,558,61171.0,77.30
ZENTEC,EQ,08-Apr-2020,28.7,28.45,28.9,26.65,27.7,27.7,27.45,80432,2208259.75,880,60512.0,75.23
ZENTEC,EQ,07-Apr-2020,27.45,28.5,29.4,27.6,28.4,28.7,28.43,93123,2647887.6,972,59664.0,64.07
ZENTEC,EQ,03-Apr-2020,25.0,27.2,27.5,25.75,27.5,27.45,26.95,139791,3766983.4,1153,103991.0,74.39
ZENTEC,EQ,01-Apr-2020,22.75,22.0,25.0,22.0,25.0,25.0,24.12,80522,1942418.85,680,52028.0,64.61
ZENTEC,EQ,31-Mar-2020,23.45,24.35,24.9,21.3,23.15,22.75,23.31,79475,1852953.4,559,54270.0,68.29
ZENTEC,EQ,30-Mar-2020,25.8,24.55,25.95,23.25,23.8,23.45,23.91,62495,1494282.0,368,53847.0,86.16
ZENTEC,EQ,27-Mar-2020,25.55,27.15,27.85,24.8,25.5,25.8,26.51,76584,2030168.0,435,65504.0,85.53
ZENTEC,EQ,26-Mar-2020,24.25,24.3,26.5,24.25,26.4,25.55,25.56,342732,8759392.3,350,333894.0,97.42
ZENTEC,EQ,25-Mar-2020,24.85,26.85,26.85,22.5,24.25,24.25,23.63,72145,1705054.5,590,48463.0,67.17
ZENTEC,EQ,24-Mar-2020,27.05,28.5,28.5,24.5,24.9,24.85,25.34,68230,1728719.75,892,56095.0,82.21
ZENTEC,EQ,23-Mar-2020,29.95,28.5,28.7,27.0,27.1,27.05,27.18,29184,793087.55,202,26641.0,91.29
ZENTEC,EQ,20-Mar-2020,28.0,30.65,30.8,27.0,30.5,29.95,29.27,44230,1294514.65,273,31022.0,70.14
ZENTEC,EQ,19-Mar-2020,26.7,24.7,28.8,24.05,28.5,28.0,25.02,134943,3375902.35,1247,97610.0,72.33
ZENTEC,EQ,18-Mar-2020,28.05,30.15,30.85,25.5,27.25,26.7,26.95,131781,3551446.45,1361,112510.0,85.38
ZENTEC,EQ,17-Mar-2020,30.3,32.45,32.5,27.5,28.0,28.05,29.19,108539,3168235.75,1495,80753.0,74.40
ZENTEC,EQ,16-Mar-2020,33.0,32.9,36.2,29.7,30.0,30.3,32.1,258428,8296810.9,2491,175736.0,68.00
ZENTEC,EQ,13-Mar-2020,37.7,32.5,39.0,32.0,32.85,33.0,33.53,276456,9270287.5,1416,217213.0,78.57
ZENTEC,EQ,12-Mar-2020,45.7,41.5,44.5,36.6,37.0,37.7,39.05,136080,5313536.0,1300,104370.0,76.70
ZENTEC,EQ,11-Mar-2020,48.0,46.25,46.7,45.3,46.1,45.7,46.12,53982,2489459.0,521,44915.0,83.20
ZENTEC,EQ,09-Mar-2020,51.7,51.2,51.7,47.2,47.4,48.0,49.37,87947,4341590.6,847,70364.0,80.01
ZENTEC,EQ,06-Mar-2020,54.3,52.75,53.45,50.0,51.4,51.7,51.94,44709,2322074.65,685,32610.0,72.94
ZENTEC,EQ,05-Mar-2020,53.8,52.55,54.8,52.55,54.3,54.3,53.97,18722,1010519.45,284,13287.0,70.97
ZENTEC,EQ,04-Mar-2020,55.05,55.05,56.45,53.5,53.5,53.8,54.28,27565,1496209.2,311,22340.0,81.04
ZENTEC,EQ,03-Mar-2020,55.05,54.0,55.45,52.6,55.45,55.05,54.47,45716,2489958.7,645,28903.0,63.22
ZENTEC,EQ,02-Mar-2020,55.15,56.0,57.4,54.2,54.2,55.05,55.83,25333,1414323.0,319,19854.0,78.37
ZENTEC,EQ,28-Feb-2020,57.95,55.7,57.0,55.0,55.1,55.15,55.48,34968,1940174.4,424,30047.0,85.93
ZENTEC,EQ,27-Feb-2020,58.85,59.75,59.75,56.3,57.7,57.95,57.75,17261,996849.65,387,11478.0,66.50
ZENTEC,EQ,26-Feb-2020,60.35,60.25,60.25,58.15,58.5,58.85,58.92,65228,3843535.2,933,37833.0,58.00
ZENTEC,EQ,25-Feb-2020,54.55,56.0,63.2,55.5,63.0,60.35,59.07,130543,7711556.6,997,82882.0,63.49
ZENTEC,EQ,24-Feb-2020,58.0,57.05,57.05,54.0,54.8,54.55,55.5,30309,1682031.0,582,25221.0,83.21
ZENTEC,EQ,20-Feb-2020,58.85,58.35,60.0,57.8,58.25,58.0,58.94,22628,1333700.55,488,14024.0,61.98
ZENTEC,EQ,19-Feb-2020,54.65,55.15,60.55,54.7,59.3,58.85,58.28,55472,3233165.05,575,39461.0,71.14
ZENTEC,EQ,18-Feb-2020,55.35,56.15,56.2,54.0,54.95,54.65,54.64,29503,1612035.0,330,23011.0,78.00
ZENTEC,EQ,17-Feb-2020,56.0,56.1,56.5,55.0,55.0,55.35,55.63,28267,1572353.4,264,22066.0,78.06
ZENTEC,EQ,14-Feb-2020,56.35,56.95,58.5,55.5,56.0,56.0,56.55,20918,1182808.7,285,12893.0,61.64
ZENTEC,EQ,13-Feb-2020,58.1,58.25,58.25,55.55,56.5,56.35,56.78,25103,1425291.75,437,17906.0,71.33
ZENTEC,EQ,12-Feb-2020,58.45,58.7,60.0,57.2,57.75,58.1,58.77,20526,1206229.3,324,15553.0,75.77
ZENTEC,EQ,11-Feb-2020,60.7,60.7,61.05,57.65,59.85,58.45,59.06,37351,2205806.95,528,26428.0,70.76
ZENTEC,EQ,10-Feb-2020,58.7,62.0,63.9,59.65,60.1,60.7,61.03,117244,7155161.65,1586,46597.0,39.74
ZENTEC,EQ,07-Feb-2020,56.45,56.8,59.2,56.25,59.0,58.7,58.2,23539,1370010.1,368,16458.0,69.92
ZENTEC,EQ,06-Feb-2020,54.5,56.4,56.8,54.9,56.4,56.45,55.85,29021,1620737.25,356,24652.0,84.95
ZENTEC,EQ,05-Feb-2020,55.9,56.15,56.75,53.4,55.0,54.5,54.82,31444,1723873.65,371,26445.0,84.10
ZENTEC,EQ,04-Feb-2020,55.65,54.9,57.45,54.15,55.9,55.9,56.44,23139,1305874.55,481,14963.0,64.67
ZENTEC,EQ,03-Feb-2020,56.6,57.7,57.75,54.0,56.0,55.65,55.22,38128,2105478.8,572,22760.0,59.69
ZENTEC,EQ,01-Feb-2020,57.75,56.9,59.6,55.1,55.65,56.6,57.4,64754,3716925.85,588,44876.0,69.30
ZENTEC,EQ,31-Jan-2020,57.8,59.15,59.5,57.0,57.55,57.75,58.12,25014,1453881.65,273,20110.0,80.39
ZENTEC,EQ,30-Jan-2020,57.55,58.2,59.5,57.3,57.9,57.8,58.21,27814,1618979.7,499,20655.0,74.26
ZENTEC,EQ,29-Jan-2020,59.45,60.85,60.85,57.0,57.1,57.55,58.42,35826,2093031.55,553,22129.0,61.77
ZENTEC,EQ,28-Jan-2020,59.8,60.45,61.3,58.3,59.5,59.45,59.8,23997,1435002.85,286,18935.0,78.91
ZENTEC,EQ,27-Jan-2020,60.75,60.95,61.9,59.5,60.25,59.8,60.43,14107,852508.25,335,10422.0,73.88
ZENTEC,EQ,24-Jan-2020,60.65,61.35,61.35,60.6,60.8,60.75,60.88,18570,1130633.4,249,14633.0,78.80
ZENTEC,EQ,23-Jan-2020,61.25,61.55,63.5,60.05,60.35,60.65,61.28,34809,2133055.4,553,26094.0,74.96
ZENTEC,EQ,22-Jan-2020,60.7,60.75,61.6,60.3,61.0,61.25,60.77,27451,1668258.9,316,19593.0,71.37
ZENTEC,EQ,21-Jan-2020,61.6,61.6,62.7,60.15,60.65,60.7,61.17,36360,2224007.8,437,23898.0,65.73
ZENTEC,EQ,20-Jan-2020,63.6,63.25,64.45,61.3,62.0,61.6,62.3,149664,9324541.1,550,141823.0,94.76
ZENTEC,EQ,17-Jan-2020,65.2,65.95,66.5,63.4,64.0,63.6,64.79,19213,1244716.75,300,14921.0,77.66
ZENTEC,EQ,16-Jan-2020,66.3,66.8,66.85,65.0,65.05,65.2,65.45,38091,2493192.45,355,33594.0,88.19
ZENTEC,EQ,15-Jan-2020,64.35,64.0,67.4,64.0,66.5,66.3,65.9,86933,5728499.5,981,51887.0,59.69
ZENTEC,EQ,14-Jan-2020,62.05,59.7,66.5,59.7,64.45,64.35,64.82,176795,11459184.5,1769,85030.0,48.10
ZENTEC,EQ,13-Jan-2020,59.7,59.3,63.4,59.3,61.5,62.05,61.72,54433,3359697.95,740,38404.0,70.55
ZENTEC,EQ,10-Jan-2020,60.45,61.2,62.0,59.55,59.6,59.7,60.96,50822,3098005.65,730,38410.0,75.58
ZENTEC,EQ,09-Jan-2020,58.2,60.4,61.0,59.1,60.85,60.45,59.97,27579,1653973.55,333,22569.0,81.83
ZENTEC,EQ,08-Jan-2020,58.9,57.95,59.45,57.05,58.5,58.2,58.04,26341,1528958.2,448,17895.0,67.94
ZENTEC,EQ,07-Jan-2020,57.85,58.35,60.0,58.35,58.75,58.9,59.19,17831,1055437.5,299,15040.0,84.35
ZENTEC,EQ,06-Jan-2020,60.85,61.9,62.0,57.25,58.5,57.85,59.23,61099,3619074.25,940,40049.0,65.55
ZENTEC,EQ,03-Jan-2020,57.25,56.9,62.1,56.9,61.5,60.85,60.3,130085,7844152.05,1764,57199.0,43.97
ZENTEC,EQ,02-Jan-2020,55.95,57.35,58.0,55.8,57.2,57.25,57.11,38065,2173712.3,547,26186.0,68.79
ZENTEC,EQ,01-Jan-2020,56.45,55.15,57.4,54.3,56.4,55.95,55.86,25296,1412952.05,266,12077.0,47.74
ZENTEC,EQ,31-Dec-2019,56.75,56.7,57.7,55.85,56.4,56.45,56.59,19771,1118791.5,255,14310.0,72.38
ZENTEC,EQ,30-Dec-2019,54.9,54.75,57.3,54.75,56.45,56.75,55.92,40782,2280555.0,492,26604.0,65.23
ZENTEC,EQ,28-Dec-2021,215.3,216.95,221.0,216.0,216.95,216.75,217.96,188056,40988153.15,3578,95315.0,50.68
ZENTEC,EQ,27-Dec-2021,215.0,213.6,217.95,210.65,216.45,215.3,215.41,168011,36190570.95,3643,83232.0,49.54
ZENTEC,EQ,24-Dec-2021,214.65,214.7,223.0,214.15,214.15,215.0,217.49,301676,65610402.65,6595,125164.0,41.49
ZENTEC,EQ,23-Dec-2021,216.05,217.0,218.9,213.05,214.15,214.65,215.7,230285,49671735.2,5876,127598.0,55.41
ZENTEC,EQ,22-Dec-2021,215.35,217.0,219.85,214.0,215.9,216.05,216.89,267323,57978560.95,6098,131505.0,49.19
ZENTEC,EQ,21-Dec-2021,205.65,207.1,215.9,207.1,215.9,215.35,213.85,656241,140339927.65,9971,245272.0,37.38
ZENTEC,EQ,20-Dec-2021,214.5,207.0,210.7,204.0,206.0,205.65,206.64,550517,113759200.4,13305,297442.0,54.03
ZENTEC,EQ,17-Dec-2021,221.6,223.0,223.85,211.1,214.0,214.5,216.71,851238,184472723.25,21467,362901.0,42.63
ZENTEC,EQ,16-Dec-2021,233.25,232.9,240.6,221.6,221.6,221.6,225.9,1251249,282662216.75,24189,568097.0,45.4
ZENTEC,EQ,15-Dec-2021,245.5,253.7,257.75,233.25,233.25,233.25,249.09,4141602,1031646654.8,52752,1260063.0,30.42
ZENTEC,EQ,14-Dec-2021,233.85,237.0,245.5,230.35,245.5,245.5,243.41,1014232,246871117.0,11575,610663.0,60.21
ZENTEC,EQ,13-Dec-2021,222.75,233.85,233.85,222.25,233.85,233.85,231.75,3056905,708440190.25,21307,1188885.0,38.89
ZENTEC,EQ,10-Dec-2021,212.15,211.95,222.75,209.0,222.75,222.75,219.12,516890,113261278.9,7193,376272.0,72.8
ZENTEC,EQ,09-Dec-2021,213.95,215.4,215.9,210.1,212.65,212.15,212.78,156679,33338181.4,6135,88956.0,56.78
ZENTEC,EQ,08-Dec-2021,208.0,215.0,217.0,210.15,214.45,213.95,214.43,604083,129533390.2,16455,296999.0,49.17
ZENTEC,EQ,07-Dec-2021,205.1,205.65,210.5,205.65,207.6,208.0,208.37,259829,54141630.2,12042,116200.0,44.72
ZENTEC,EQ,06-Dec-2021,207.0,208.7,209.7,204.25,207.0,205.1,206.53,149899,30958700.55,5800,84361.0,56.28
ZENTEC,EQ,03-Dec-2021,207.65,208.0,215.0,206.3,207.0,207.0,209.49,256414,53716910.0,6691,138773.0,54.12
ZENTEC,EQ,02-Dec-2021,205.25,205.5,210.0,205.3,207.35,207.65,208.54,320910,66921870.3,7293,151661.0,47.26
ZENTEC,EQ,01-Dec-2021,205.0,205.0,209.0,202.3,205.8,205.25,205.66,256802,52813531.0,7563,131777.0,51.31
ZENTEC,EQ,30-Nov-2021,203.8,208.4,211.5,202.7,205.0,205.0,207.04,425242,88043854.8,11598,152313.0,35.82
ZENTEC,EQ,29-Nov-2021,211.15,207.0,209.95,200.6,202.8,203.8,203.95,397805,81132412.35,8233,203707.0,51.21
ZENTEC,EQ,26-Nov-2021,212.7,211.7,217.7,208.0,210.25,211.15,212.76,542771,115481563.75,12883,268528.0,49.47
ZENTEC,EQ,25-Nov-2021,213.5,214.9,219.7,209.05,214.0,212.7,214.04,458274,98090717.9,11402,212014.0,46.26
ZENTEC,EQ,24-Nov-2021,215.4,222.0,222.0,212.25,213.05,213.5,217.97,535594,116742693.85,16126,307988.0,57.5
ZENTEC,EQ,23-Nov-2021,205.15,212.0,215.4,206.65,215.4,215.4,212.18,728788,154633345.3,12223,308868.0,42.38
ZENTEC,EQ,22-Nov-2021,212.15,214.0,214.2,202.0,205.15,205.15,206.08,403227,83097641.5,9729,262474.0,65.09
ZENTEC,EQ,18-Nov-2021,216.75,218.8,219.1,207.0,213.15,212.15,211.79,557781,118132527.6,14071,329903.0,59.15
ZENTEC,EQ,17-Nov-2021,212.35,210.5,222.95,210.5,216.5,216.75,220.69,1120347,247244774.05,13462,444106.0,39.64
ZENTEC,EQ,16-Nov-2021,212.4,211.0,216.0,210.65,212.2,212.35,214.11,377767,80882557.9,9143,201550.0,53.35
ZENTEC,EQ,15-Nov-2021,215.45,217.6,217.6,211.0,213.0,212.4,212.88,213092,45362174.8,5902,134815.0,63.27
ZENTEC,EQ,12-Nov-2021,214.6,219.4,219.4,213.0,215.35,215.45,215.61,184444,39768155.2,6026,107414.0,58.24
ZENTEC,EQ,11-Nov-2021,219.85,219.8,219.8,210.0,214.8,214.6,214.27,258516,55393465.2,8189,141661.0,54.8
ZENTEC,EQ,10-Nov-2021,221.0,221.0,227.7,218.55,219.15,219.85,222.14,561794,124797074.75,8120,330696.0,58.86
ZENTEC,EQ,09-Nov-2021,210.5,211.5,221.0,211.05,221.0,221.0,219.99,1097374,241408106.4,8588,474801.0,43.27
ZENTEC,EQ,08-Nov-2021,209.9,210.5,214.9,208.0,210.05,210.5,210.84,360145,75934248.0,10805,181977.0,50.53
ZENTEC,EQ,04-Nov-2021,207.95,210.0,211.0,208.0,210.0,209.9,209.72,96641,20267396.4,3102,65901.0,68.19
ZENTEC,EQ,03-Nov-2021,213.2,214.85,215.25,207.0,207.95,207.95,210.47,229736,48353035.65,6017,149046.0,64.88
ZENTEC,EQ,02-Nov-2021,212.55,214.25,218.0,212.0,213.5,213.2,214.04,230790,49397795.4,5863,130034.0,56.34
ZENTEC,EQ,01-Nov-2021,209.85,206.0,220.0,205.0,212.0,212.55,213.65,509907,108940982.7,13277,258746.0,50.74
ZENTEC,EQ,29-Oct-2021,208.55,208.55,214.0,204.05,209.8,209.85,209.75,383079,80350100.55,11584,175185.0,45.73
ZENTEC,EQ,28-Oct-2021,213.2,215.0,217.05,205.4,209.3,208.55,208.92,434988,90875733.0,12396,237797.0,54.67
ZENTEC,EQ,27-Oct-2021,216.55,217.75,221.75,211.0,213.2,213.2,215.99,637809,137762482.3,15763,283445.0,44.44
ZENTEC,EQ,26-Oct-2021,206.25,205.0,216.55,205.0,216.55,216.55,215.75,1086060,234321834.7,12221,405308.0,37.32
ZENTEC,EQ,25-Oct-2021,215.4,220.0,223.0,204.65,206.05,206.25,207.98,689656,143432491.35,19048,368030.0,53.36
ZENTEC,EQ,22-Oct-2021,223.45,224.95,233.0,212.3,217.0,215.4,219.96,746728,164251643.4,23701,373066.0,49.96
ZENTEC,EQ,21-Oct-2021,225.95,230.0,234.35,221.0,223.95,223.45,225.68,497956,112380236.35,20181,261345.0,52.48
ZENTEC,EQ,20-Oct-2021,229.1,221.0,239.4,217.65,225.9,225.95,227.16,2022795,459493833.1,53800,686747.0,33.95
ZENTEC,EQ,19-Oct-2021,237.85,243.0,249.7,226.0,226.0,229.1,242.43,1920100,465488321.65,42231,1032621.0,53.78
ZENTEC,EQ,18-Oct-2021,226.55,234.9,237.85,218.65,237.85,237.85,232.67,2932538,682327981.75,43299,1339003.0,45.66
ZENTEC,EQ,14-Oct-2021,215.8,225.05,226.55,217.0,226.55,226.55,225.29,3260446,734529735.6,30622,1399299.0,42.92
ZENTEC,EQ,13-Oct-2021,205.55,212.0,215.8,207.45,215.8,215.8,213.19,1199775,255786002.3,18601,928669.0,77.4
ZENTEC,EQ,12-Oct-2021,204.5,205.55,208.5,202.5,206.45,205.55,205.89,570011,117358492.95,10113,345599.0,60.63
ZENTEC,EQ,11-Oct-2021,204.1,205.1,212.0,204.0,205.0,204.5,207.47,690993,143357756.2,18532,406366.0,58.81
ZENTEC,EQ,08-Oct-2021,207.6,208.0,209.0,203.5,204.85,204.1,205.22,524350,107608104.65,15869,325002.0,61.98
ZENTEC,EQ,07-Oct-2021,206.3,207.95,214.35,206.5,207.5,207.6,209.88,509169,106866746.85,12391,268195.0,52.67
ZENTEC,EQ,06-Oct-2021,213.05,216.0,217.3,204.95,206.5,206.3,209.17,724736,151591986.15,22014,414716.0,57.22
ZENTEC,EQ,05-Oct-2021,214.85,214.85,218.5,211.0,213.25,213.05,215.24,629589,135511317.55,17604,369340.0,58.66
ZENTEC,EQ,04-Oct-2021,215.45,226.2,226.2,211.05,216.5,214.85,220.12,2773019,610397675.1,55142,1251606.0,45.14
ZENTEC,EQ,01-Oct-2021,205.2,204.9,215.45,202.3,215.45,215.45,213.47,836038,178465064.65,8893,632047.0,75.6
ZENTEC,EQ,30-Sep-2021,206.2,210.0,212.9,204.35,205.4,205.2,207.74,561662,116678195.35,16369,313327.0,55.79
ZENTEC,EQ,29-Sep-2021,206.55,197.0,213.85,197.0,207.7,206.2,207.47,1496085,310385357.8,39781,554877.0,37.09
ZENTEC,EQ,28-Sep-2021,215.1,225.85,225.85,204.35,204.35,206.55,211.4,3836898,811102539.65,85309,1535616.0,40.02
ZENTEC,EQ,27-Sep-2021,204.9,215.1,215.1,215.1,215.1,215.1,215.1,468535,100781878.5,3905,400290.0,85.43
ZENTEC,EQ,24-Sep-2021,195.15,201.0,204.9,199.15,204.9,204.9,203.89,1729965,352726172.2,15265,875406.0,50.6
ZENTEC,EQ,23-Sep-2021,186.35,195.65,195.65,190.25,195.65,195.15,194.85,2219571,432477602.7,20115,1147186.0,51.69
ZENTEC,EQ,22-Sep-2021,177.5,180.0,186.35,180.0,186.35,186.35,185.04,413825,76575988.1,4035,294106.0,71.07
ZENTEC,EQ,21-Sep-2021,184.25,181.55,193.45,175.05,177.7,177.5,182.73,6596636,1205385209.3,114399,1958359.0,29.69
ZENTEC,EQ,20-Sep-2021,193.9,184.25,184.25,184.25,184.25,184.25,184.25,135436,24954083.0,4828,135322.0,99.92
ZENTEC,EQ,17-Sep-2021,204.1,193.9,193.9,193.9,193.9,193.9,193.9,225797,43782038.3,6612,225730.0,99.97
ZENTEC,EQ,16-Sep-2021,214.8,205.15,208.0,204.1,204.1,204.1,204.73,823421,168582351.0,12412,570125.0,69.24
ZENTEC,EQ,15-Sep-2021,226.1,237.4,237.4,214.8,214.8,214.8,224.87,6049865,1360436855.4,79298,2757760.0,45.58
ZENTEC,EQ,14-Sep-2021,215.35,226.1,226.1,226.1,226.1,226.1,226.1,1542820,348831602.0,14135,1129005.0,73.18
ZENTEC,EQ,13-Sep-2021,205.1,213.5,215.35,206.0,215.35,215.35,213.17,1622201,345807649.6,16991,938049.0,57.83
ZENTEC,EQ,09-Sep-2021,195.35,205.1,205.1,195.35,205.1,205.1,202.65,4215901,854360059.85,40314,1836379.0,43.56
ZENTEC,EQ,08-Sep-2021,186.05,191.7,195.35,190.0,195.35,195.35,193.76,1047749,203014017.45,6059,804599.0,76.79
ZENTEC,EQ,07-Sep-2021,169.15,186.05,186.05,175.0,186.05,186.05,184.91,6474372,1197160823.35,53394,2168438.0,33.49
ZENTEC,EQ,06-Sep-2021,153.8,162.0,169.15,160.6,169.15,169.15,167.12,3825960,639408551.6,24539,1357373.0,35.48
ZENTEC,EQ,03-Sep-2021,139.85,153.8,153.8,142.9,153.8,153.8,151.08,7914818,1195734010.8,87015,2588975.0,32.71
ZENTEC,EQ,02-Sep-2021,116.55,122.4,139.85,121.85,139.85,139.85,131.5,14162887,1862468093.6,148325,2555048.0,18.04
ZENTEC,EQ,01-Sep-2021,97.15,98.2,116.55,97.3,116.55,116.55,110.26,10938588,1206100227.1,100989,3229696.0,29.53
ZENTEC,EQ,31-Aug-2021,97.4,97.8,99.2,94.35,97.1,97.15,96.03,811918,77967287.8,11068,363949.0,44.83
ZENTEC,EQ,30-Aug-2021,100.45,102.5,103.0,97.05,97.75,97.4,99.04,1338571,132575953.05,18589,641775.0,47.94
ZENTEC,EQ,27-Aug-2021,96.2,101.0,107.75,99.55,99.65,100.45,103.89,8243711,856479031.25,94848,2149619.0,26.08
ZENTEC,EQ,26-Aug-2021,85.05,85.0,98.2,81.8,96.95,96.2,94.92,2982925,283135872.7,31396,933284.0,31.29
ZENTEC,EQ,25-Aug-2021,83.1,84.05,86.0,83.25,85.1,85.05,84.48,161482,13641498.95,4378,66259.0,41.03
ZENTEC,EQ,24-Aug-2021,83.7,84.4,84.9,82.05,84.0,83.1,83.12,176547,14674893.7,3538,76399.0,43.27
ZENTEC,EQ,23-Aug-2021,79.2,81.95,87.2,80.5,83.3,83.7,84.13,724115,60916490.45,10837,188114.0,25.98
ZENTEC,EQ,20-Aug-2021,82.6,78.1,83.35,78.1,79.8,79.2,81.07,232185,18824023.95,3608,80868.0,34.83
ZENTEC,EQ,18-Aug-2021,83.7,83.2,84.15,82.0,82.75,82.6,82.84,115343,9555405.15,2444,55793.0,48.37
ZENTEC,EQ,17-Aug-2021,85.25,85.25,85.6,83.45,84.0,83.7,84.24,105554,8892281.65,2754,41740.0,39.54
ZENTEC,EQ,16-Aug-2021,85.65,85.95,86.9,85.1,85.4,85.25,85.69,103268,8849064.4,2522,32944.0,31.9
ZENTEC,EQ,13-Aug-2021,86.8,87.45,88.8,85.2,85.9,85.65,87.39,180336,15758662.1,3883,57598.0,31.94
ZENTEC,EQ,12-Aug-2021,84.75,85.05,87.85,85.05,86.8,86.8,86.77,135400,11749197.95,2217,42365.0,31.29
ZENTEC,EQ,11-Aug-2021,84.45,84.6,86.3,81.1,84.9,84.75,83.1,365723,30391383.5,6007,106460.0,29.11
ZENTEC,EQ,10-Aug-2021,89.25,88.6,89.9,83.3,84.75,84.45,86.8,440515,38238693.9,7454,184926.0,41.98
ZENTEC,EQ,09-Aug-2021,90.7,90.6,91.5,88.5,89.2,89.25,89.86,262997,23633829.7,5040,82447.0,31.35
ZENTEC,EQ,06-Aug-2021,92.65,92.5,93.25,90.3,91.05,90.7,91.4,267006,24404740.4,4227,117706.0,44.08
ZENTEC,EQ,05-Aug-2021,89.85,90.9,93.3,88.1,92.9,92.65,91.63,624806,57254036.15,10255,112959.0,18.08
ZENTEC,EQ,04-Aug-2021,93.0,93.8,94.45,88.6,90.6,89.85,91.07,333839,30401174.7,5334,164226.0,49.19
ZENTEC,EQ,03-Aug-2021,93.95,94.0,94.55,92.75,93.5,93.0,93.5,200277,18725470.1,2760,127491.0,63.66
ZENTEC,EQ,02-Aug-2021,94.35,94.6,95.4,93.5,94.05,93.95,94.3,336319,31716350.9,6114,108934.0,32.39
ZENTEC,EQ,30-Jul-2021,93.7,93.75,96.0,93.75,94.5,94.35,95.06,296391,28175068.0,3681,113641.0,38.34
ZENTEC,EQ,29-Jul-2021,94.55,94.25,95.4,93.0,94.1,93.7,94.32,260776,24596874.1,2762,138160.0,52.98
ZENTEC,EQ,28-Jul-2021,97.25,97.1,97.85,94.0,94.8,94.55,95.51,508161,48532046.2,6627,178242.0,35.08
ZENTEC,EQ,27-Jul-2021,93.55,94.2,98.3,92.05,98.2,97.25,95.31,873923,83293284.0,10029,325560.0,37.25
ZENTEC,EQ,26-Jul-2021,96.95,95.15,95.95,93.0,93.5,93.55,94.73,620885,58818762.2,8701,259957.0,41.87
ZENTEC,EQ,23-Jul-2021,98.85,99.25,99.65,96.2,97.0,96.95,97.31,618902,60224832.4,9086,209984.0,33.93
ZENTEC,EQ,22-Jul-2021,100.3,102.0,102.85,98.2,98.8,98.85,100.38,993675,99749774.3,12558,383917.0,38.64
ZENTEC,EQ,20-Jul-2021,94.8,103.0,104.8,98.6,100.4,100.3,101.44,4974877,504659914.6,52366,1374939.0,27.64
ZENTEC,EQ,19-Jul-2021,95.75,96.3,99.25,93.75,94.8,94.8,96.81,1020697,98810138.15,12211,339365.0,33.25
ZENTEC,EQ,16-Jul-2021,96.0,96.4,98.1,95.15,95.25,95.75,96.37,886986,85476422.75,8420,224129.0,25.27
ZENTEC,EQ,15-Jul-2021,95.25,95.4,99.5,94.25,96.0,96.0,97.04,1689566,163954696.55,18108,411530.0,24.36
ZENTEC,EQ,14-Jul-2021,92.65,93.0,96.75,92.05,95.4,95.25,95.08,1116593,106166754.55,12378,235829.0,21.12
ZENTEC,EQ,13-Jul-2021,93.8,94.6,95.05,92.05,92.25,92.65,93.41,603999,56417458.9,9672,160272.0,26.54
ZENTEC,EQ,12-Jul-2021,94.25,95.05,96.2,93.5,94.2,93.8,94.92,557328,52901157.2,7793,143267.0,25.71
ZENTEC,EQ,09-Jul-2021,94.5,94.5,96.4,94.0,94.1,94.25,95.34,758760,72340532.3,8765,141086.0,18.59
ZENTEC,EQ,08-Jul-2021,96.7,96.8,97.5,93.3,94.7,94.5,96.09,1638055,157402667.85,15400,268692.0,16.4
ZENTEC,EQ,07-Jul-2021,95.4,95.8,98.6,95.1,96.85,96.7,96.83,1261737,122170802.3,17365,183000.0,14.5
ZENTEC,EQ,06-Jul-2021,101.0,101.3,102.35,94.5,95.65,95.4,98.29,1250478,122904826.55,13430,575437.0,46.02
ZENTEC,EQ,05-Jul-2021,99.4,100.5,106.9,99.7,101.2,101.0,103.25,4119414,425321966.6,37354,1211929.0,29.42
ZENTEC,EQ,02-Jul-2021,95.0,95.35,101.7,94.0,99.0,99.4,98.93,4487433,443957848.3,38740,1205636.0,26.87
ZENTEC,EQ,01-Jul-2021,90.9,91.7,99.5,91.6,94.5,95.0,96.92,4806209,465829144.8,46952,1400306.0,29.14
ZENTEC,EQ,30-Jun-2021,87.3,87.85,94.55,86.8,91.05,90.9,92.38,2037229,188201713.5,19382,737676.0,36.21
ZENTEC,EQ,29-Jun-2021,90.9,90.8,91.4,87.0,87.35,87.3,88.98,402353,35799773.5,5713,173283.0,43.07
ZENTEC,EQ,28-Jun-2021,83.0,84.1,92.0,84.1,90.5,90.9,89.73,2133632,191444727.4,20185,996308.0,46.7
ZENTEC,EQ,25-Jun-2021,81.9,82.2,83.4,80.85,82.75,83.0,82.36,371995,30636837.35,6435,116589.0,31.34
ZENTEC,EQ,24-Jun-2021,83.45,83.55,84.9,81.6,81.75,81.9,83.45,388793,32445302.75,5080,101151.0,26.02
ZENTEC,EQ,23-Jun-2021,83.3,84.75,86.45,81.4,83.0,83.45,83.94,1100342,92361674.0,18190,181788.0,16.52
ZENTEC,EQ,22-Jun-2021,83.1,83.5,85.8,82.4,83.05,83.3,84.3,1082089,91217241.35,22404,128468.0,11.87
ZENTEC,EQ,21-Jun-2021,81.8,78.25,85.45,78.25,83.0,83.1,83.57,1032387,86271917.65,17905,149135.0,14.45
ZENTEC,EQ,18-Jun-2021,84.3,85.0,85.7,78.55,82.0,81.8,82.06,473701,38869756.35,7884,184539.0,38.96
ZENTEC,EQ,17-Jun-2021,86.75,86.4,86.9,83.35,84.6,84.3,85.36,443464,37855312.9,7709,152464.0,34.38
ZENTEC,EQ,16-Jun-2021,87.1,87.2,88.9,84.0,87.7,86.75,86.25,661841,57084949.65,10098,250712.0,37.88
ZENTEC,EQ,15-Jun-2021,85.95,86.3,89.2,85.75,86.8,87.1,87.59,591098,51774477.45,8541,172905.0,29.25
ZENTEC,EQ,14-Jun-2021,89.85,90.25,90.25,82.5,86.4,85.95,85.41,770822,65834490.5,10243,305087.0,39.58
ZENTEC,EQ,11-Jun-2021,92.0,94.8,95.0,88.5,89.95,89.85,91.41,1547086,141417617.0,17503,782668.0,50.59
ZENTEC,EQ,10-Jun-2021,81.25,83.2,95.6,81.4,92.0,92.0,91.33,8145798,743924963.9,67729,1960459.0,24.07
ZENTEC,EQ,09-Jun-2021,76.4,79.0,84.45,78.0,81.3,81.25,81.37,3237328,263421658.0,28957,1115816.0,34.47
ZENTEC,EQ,08-Jun-2021,71.05,71.45,77.2,71.3,76.5,76.4,75.23,1509580,113565275.25,19416,702871.0,46.56
ZENTEC,EQ,07-Jun-2021,71.1,71.5,71.9,70.9,71.5,71.05,71.24,214058,15248528.0,2849,151281.0,70.67
ZENTEC,EQ,04-Jun-2021,71.75,72.45,72.45,70.9,71.25,71.1,71.36,144127,10285230.95,1562,115191.0,79.92
ZENTEC,EQ,03-Jun-2021,70.8,71.5,72.4,71.15,71.9,71.75,71.89,106796,7677685.9,1608,62211.0,58.25
ZENTEC,EQ,02-Jun-2021,70.95,71.4,71.4,70.15,70.9,70.8,70.73,110613,7823226.6,1635,73064.0,66.05
ZENTEC,EQ,01-Jun-2021,71.85,72.6,72.9,70.6,70.85,70.95,71.58,244259,17483528.25,2869,156188.0,63.94
ZENTEC,EQ,31-May-2021,73.1,73.5,73.8,71.55,71.8,71.85,72.53,330662,23982541.05,3120,251834.0,76.16
ZENTEC,EQ,28-May-2021,72.85,73.4,73.9,73.05,73.05,73.1,73.42,162281,11915176.8,1715,101227.0,62.38
ZENTEC,EQ,27-May-2021,72.3,72.9,73.55,72.35,73.0,72.85,73.01,131407,9594149.15,1803,64063.0,48.75
ZENTEC,EQ,26-May-2021,72.95,73.15,73.5,71.7,72.15,72.3,72.54,280368,20337643.4,3157,155202.0,55.36
ZENTEC,EQ,25-May-2021,74.8,75.45,75.5,71.7,73.0,72.95,73.2,298250,21833087.9,2935,163493.0,54.82
ZENTEC,EQ,24-May-2021,74.4,74.6,75.5,73.6,74.9,74.8,74.75,178535,13346336.6,2614,104802.0,58.7
ZENTEC,EQ,21-May-2021,73.3,73.9,75.5,73.6,74.85,74.4,74.62,199991,14922570.15,2397,98911.0,49.46
ZENTEC,EQ,20-May-2021,72.1,72.15,75.5,71.95,73.3,73.3,74.09,403117,29864985.8,4267,183032.0,45.4
ZENTEC,EQ,19-May-2021,72.1,72.15,72.4,71.8,72.2,72.1,72.09,116357,8388277.1,1614,77078.0,66.24
ZENTEC,EQ,18-May-2021,72.15,73.2,73.2,72.0,72.35,72.1,72.54,99230,7198079.55,1520,60943.0,61.42
ZENTEC,EQ,17-May-2021,72.65,73.0,73.3,72.0,72.15,72.15,72.43,94985,6879442.65,1343,56302.0,59.27
ZENTEC,EQ,14-May-2021,72.9,73.9,73.9,72.5,72.65,72.65,72.78,76620,5576349.1,1031,52757.0,68.86
ZENTEC,EQ,12-May-2021,72.8,73.55,73.8,72.3,73.15,72.9,73.02,145304,10610572.75,1907,89653.0,61.7
ZENTEC,EQ,11-May-2021,73.7,73.0,73.65,72.55,72.8,72.8,72.98,159247,11621689.85,2218,107547.0,67.53
ZENTEC,EQ,10-May-2021,73.25,73.0,74.45,73.0,73.7,73.7,73.87,127936,9450249.9,1814,75524.0,59.03
ZENTEC,EQ,07-May-2021,72.85,74.0,74.25,72.8,73.1,73.25,73.49,120826,8879452.1,1968,62586.0,51.8
ZENTEC,EQ,06-May-2021,72.9,73.8,74.5,72.4,73.0,72.85,73.19,175084,12813958.7,2524,92115.0,52.61
ZENTEC,EQ,05-May-2021,73.2,73.6,74.4,72.6,72.95,72.9,73.29,90909,6663054.0,1643,59486.0,65.43
ZENTEC,EQ,04-May-2021,73.2,73.5,75.5,73.0,73.05,73.2,74.05,107220,7939120.95,1873,65661.0,61.24
ZENTEC,EQ,03-May-2021,74.45,73.25,74.45,72.0,73.45,73.2,73.18,148760,10886419.55,2796,81228.0,54.6
ZENTEC,EQ,30-Apr-2021,75.5,74.15,76.55,74.15,74.7,74.45,75.04,157268,11801568.65,1937,102684.0,65.29
ZENTEC,EQ,29-Apr-2021,76.45,77.4,78.0,75.25,75.4,75.5,76.53,162439,12431463.85,1906,88054.0,54.21
ZENTEC,EQ,28-Apr-2021,77.0,78.0,80.5,76.2,76.25,76.45,77.73,374954,29145276.75,4247,191298.0,51.02
ZENTEC,EQ,27-Apr-2021,76.65,78.1,78.1,75.7,77.0,77.0,76.58,114020,8731677.85,1584,70565.0,61.89
ZENTEC,EQ,26-Apr-2021,74.45,75.6,78.7,75.0,76.9,76.65,76.73,85518,6561683.4,1646,48209.0,56.37
ZENTEC,EQ,23-Apr-2021,74.65,74.6,75.75,74.2,74.8,74.45,74.83,48243,3610244.6,1173,29617.0,61.39
ZENTEC,EQ,22-Apr-2021,74.2,75.2,75.2,73.7,74.5,74.65,74.4,82063,6105678.2,1576,49369.0,60.16
ZENTEC,EQ,20-Apr-2021,73.75,73.75,76.3,73.1,74.95,74.2,74.74,79400,5934611.9,1261,42710.0,53.79
ZENTEC,EQ,19-Apr-2021,76.8,75.3,75.3,66.8,73.9,73.75,73.62,85129,6267384.1,1765,53049.0,62.32
ZENTEC,EQ,16-Apr-2021,76.55,78.2,78.5,76.5,76.6,76.8,77.58,86602,6718633.75,1595,44840.0,51.78
ZENTEC,EQ,15-Apr-2021,77.3,80.0,80.0,75.4,76.0,76.55,77.06,70287,5416098.2,1483,34766.0,49.46
ZENTEC,EQ,13-Apr-2021,76.1,76.5,78.4,75.95,77.5,77.3,77.28,59279,4581089.3,1494,26075.0,43.99
ZENTEC,EQ,12-Apr-2021,80.95,79.8,79.8,75.0,76.5,76.1,76.83,135056,10376990.45,2603,84080.0,62.26
ZENTEC,EQ,09-Apr-2021,80.35,80.5,83.55,80.35,81.2,80.95,81.83,307251,25143254.65,4135,155538.0,50.62
ZENTEC,EQ,08-Apr-2021,79.35,79.5,81.25,79.35,80.3,80.35,80.58,125803,10137220.7,2076,77657.0,61.73
ZENTEC,EQ,07-Apr-2021,78.3,78.2,80.9,78.2,79.1,79.35,79.41,108732,8634473.2,2446,50648.0,46.58
ZENTEC,EQ,06-Apr-2021,77.9,78.0,79.8,78.0,78.5,78.3,78.6,66307,5211913.75,1204,37463.0,56.5
ZENTEC,EQ,05-Apr-2021,79.65,79.8,80.0,77.45,78.0,77.9,78.28,71124,5567561.7,1568,44787.0,62.97
ZENTEC,EQ,01-Apr-2021,77.4,79.15,80.2,78.1,79.85,79.65,79.42,95542,7587756.75,1151,57015.0,59.68
ZENTEC,EQ,31-Mar-2021,78.35,78.05,78.95,77.0,77.5,77.4,77.84,93242,7257786.55,1459,60679.0,65.08
ZENTEC,EQ,30-Mar-2021,77.95,77.35,80.6,77.35,78.5,78.35,78.88,125106,9868397.55,2564,69993.0,55.95
ZENTEC,EQ,26-Mar-2021,78.1,79.0,80.5,77.5,78.0,77.95,78.78,111616,8793491.85,2265,71040.0,63.65
ZENTEC,EQ,25-Mar-2021,81.35,81.55,81.95,77.1,78.5,78.1,78.53,205118,16107490.9,2793,135239.0,65.93
ZENTEC,EQ,24-Mar-2021,83.05,83.4,83.9,80.95,81.4,81.35,82.4,111417,9180605.05,2217,70627.0,63.39
ZENTEC,EQ,23-Mar-2021,84.15,84.8,86.1,82.7,83.5,83.05,83.56,205590,17178186.5,3204,130429.0,63.44
ZENTEC,EQ,22-Mar-2021,85.0,85.0,86.05,82.0,84.35,84.15,84.47,154198,13024612.5,2599,73166.0,47.45
ZENTEC,EQ,19-Mar-2021,82.5,83.95,86.75,82.5,84.75,85.0,84.72,416010,35242906.95,4744,125763.0,30.23
ZENTEC,EQ,18-Mar-2021,88.1,88.8,89.35,71.55,83.0,82.5,83.85,392392,32901676.65,6172,208247.0,53.07
ZENTEC,EQ,17-Mar-2021,86.25,86.25,93.15,85.7,88.25,88.1,90.9,1326105,120541441.9,18938,409283.0,30.86
ZENTEC,EQ,16-Mar-2021,86.9,86.9,88.6,85.6,86.3,86.25,87.05,300857,26190692.4,4351,85231.0,28.33
ZENTEC,EQ,15-Mar-2021,88.55,89.4,89.4,85.45,86.8,86.9,86.8,257775,22374841.7,4001,123011.0,47.72
ZENTEC,EQ,12-Mar-2021,88.2,88.25,92.8,87.2,88.2,88.55,90.51,1596097,144457275.0,18789,475963.0,29.82
ZENTEC,EQ,10-Mar-2021,84.15,84.15,88.9,84.15,88.4,88.2,87.24,389624,33991632.15,4267,218497.0,56.08
ZENTEC,EQ,09-Mar-2021,84.2,85.0,85.65,83.6,84.4,84.15,84.5,111820,9449229.95,2038,57805.0,51.69
ZENTEC,EQ,08-Mar-2021,84.65,84.75,86.4,84.0,84.8,84.2,84.9,120787,10255259.1,2078,66089.0,54.72
ZENTEC,EQ,05-Mar-2021,87.65,87.65,88.2,84.0,84.75,84.65,85.59,221649,18969973.1,3374,133802.0,60.37
ZENTEC,EQ,04-Mar-2021,88.4,87.3,89.3,86.15,87.4,87.65,88.09,290167,25561706.0,6715,84855.0,29.24
ZENTEC,EQ,03-Mar-2021,86.3,87.2,90.0,85.6,88.95,88.4,88.25,475620,41973263.55,6233,186451.0,39.2
ZENTEC,EQ,02-Mar-2021,84.45,84.45,87.0,84.45,85.8,86.3,85.81,180596,15497315.0,2526,88076.0,48.77
ZENTEC,EQ,01-Mar-2021,84.55,85.4,87.0,83.8,85.25,84.45,84.79,149623,12686895.2,2249,80458.0,53.77
ZENTEC,EQ,26-Feb-2021,86.2,85.95,87.5,83.85,84.9,84.55,85.63,295964,25344742.85,3377,161852.0,54.69
ZENTEC,EQ,25-Feb-2021,84.25,84.9,87.95,83.5,86.2,86.2,85.98,435786,37470648.25,6530,146041.0,33.51
ZENTEC,EQ,24-Feb-2021,84.25,85.0,85.6,83.0,84.95,84.25,84.64,52436,4438231.6,1023,32828.0,62.61
ZENTEC,EQ,23-Feb-2021,84.1,85.95,86.5,84.05,84.15,84.25,85.02,82869,7045847.0,1640,34457.0,41.58
ZENTEC,EQ,22-Feb-2021,85.3,85.8,87.7,83.6,84.2,84.1,85.73,233042,19979789.1,2923,72568.0,31.14
ZENTEC,EQ,19-Feb-2021,84.1,84.9,87.8,83.5,84.9,85.3,85.91,258645,22220430.85,3825,86815.0,33.57
ZENTEC,EQ,18-Feb-2021,83.7,84.1,85.3,83.8,84.3,84.1,84.41,104242,8798732.4,1198,53221.0,51.06
ZENTEC,EQ,17-Feb-2021,83.5,83.5,84.75,81.8,82.75,83.7,83.51,144438,12062650.15,1819,74412.0,51.52
ZENTEC,EQ,16-Feb-2021,85.1,84.5,85.85,83.05,83.75,83.5,84.16,131501,11066966.4,2065,78652.0,59.81
ZENTEC,EQ,15-Feb-2021,85.05,85.25,86.4,84.75,85.4,85.1,85.34,127188,10854292.8,1697,74384.0,58.48
ZENTEC,EQ,12-Feb-2021,86.0,86.05,88.0,84.6,85.35,85.05,85.97,174524,15004035.6,2361,94172.0,53.96
ZENTEC,EQ,11-Feb-2021,86.15,85.1,86.9,85.1,85.85,86.0,86.07,105538,9084118.75,1392,65715.0,62.27
ZENTEC,EQ,10-Feb-2021,86.85,87.9,87.9,85.4,86.15,86.15,86.34,115195,9945711.85,1669,67153.0,58.3
ZENTEC,EQ,09-Feb-2021,87.75,88.7,89.3,86.5,87.4,86.85,87.48,134227,11742188.1,1665,80224.0,59.77
ZENTEC,EQ,08-Feb-2021,89.4,90.9,90.9,87.1,88.0,87.75,88.61,151273,13404616.8,2073,87934.0,58.13
ZENTEC,EQ,05-Feb-2021,90.55,91.8,92.9,88.4,89.0,89.4,90.45,214457,19397689.5,2582,128247.0,59.8
ZENTEC,EQ,04-Feb-2021,87.0,87.0,91.8,86.6,91.75,90.55,89.81,326345,29310170.55,3646,156125.0,47.84
ZENTEC,EQ,03-Feb-2021,87.1,87.8,88.45,85.8,86.95,87.0,87.11,214754,18708273.2,2634,119118.0,55.47
ZENTEC,EQ,02-Feb-2021,87.05,88.8,89.5,87.0,87.1,87.1,87.86,156358,13737693.45,2103,85644.0,54.77
ZENTEC,EQ,01-Feb-2021,88.85,87.8,89.7,85.15,86.9,87.05,87.38,221081,19318505.75,3298,90883.0,41.11
ZENTEC,EQ,29-Jan-2021,88.95,89.15,90.9,88.25,88.8,88.85,89.48,130867,11710069.65,1972,77262.0,59.04
ZENTEC,EQ,28-Jan-2021,87.7,88.75,89.55,85.6,88.9,88.95,88.32,127006,11217382.75,2132,49463.0,38.95
ZENTEC,EQ,27-Jan-2021,85.35,88.0,91.3,86.95,87.8,87.7,89.02,409203,36427540.35,5565,113690.0,27.78
ZENTEC,EQ,25-Jan-2021,89.05,89.95,90.8,84.65,85.4,85.35,86.92,255993,22250674.55,3365,131394.0,51.33
ZENTEC,EQ,22-Jan-2021,90.1,90.5,91.8,87.3,89.9,89.05,89.64,210436,18863944.85,3050,106171.0,50.45
ZENTEC,EQ,21-Jan-2021,92.9,93.5,94.6,89.45,90.9,90.1,91.65,265502,24333319.75,3263,160196.0,60.34
ZENTEC,EQ,20-Jan-2021,93.9,94.8,94.95,92.65,92.75,92.9,93.43,171347,16008551.6,2381,90118.0,52.59
ZENTEC,EQ,19-Jan-2021,92.55,93.3,94.9,92.7,94.0,93.9,93.87,146706,13770731.2,1906,79153.0,53.95
ZENTEC,EQ,18-Jan-2021,94.6,95.0,95.0,91.05,92.4,92.55,92.67,234822,21760003.0,3112,133963.0,57.05
ZENTEC,EQ,15-Jan-2021,96.45,96.45,97.85,93.5,94.45,94.6,95.46,399255,38111864.25,5060,207876.0,52.07
ZENTEC,EQ,14-Jan-2021,96.45,98.9,99.4,96.0,96.2,96.45,97.77,425412,41593518.65,5203,187497.0,44.07
ZENTEC,EQ,13-Jan-2021,97.5,97.5,98.75,94.75,96.6,96.45,96.58,321588,31058480.85,4618,183215.0,56.97
ZENTEC,EQ,12-Jan-2021,99.3,98.95,101.0,96.9,97.7,97.5,98.52,399254,39334545.25,5877,218725.0,54.78
ZENTEC,EQ,11-Jan-2021,98.75,101.4,102.95,97.0,99.0,99.3,100.19,759475,76093122.85,10279,352322.0,46.39
ZENTEC,EQ,08-Jan-2021,99.7,100.75,102.0,98.0,98.7,98.75,100.13,634738,63558792.65,5730,304890.0,48.03
ZENTEC,EQ,07-Jan-2021,98.1,98.85,103.9,98.1,99.8,99.7,101.37,2109628,213857662.5,20821,710024.0,33.66
ZENTEC,EQ,06-Jan-2021,96.75,97.0,101.35,95.5,98.0,98.1,98.62,1902994,187670996.05,14408,572872.0,30.1
ZENTEC,EQ,05-Jan-2021,98.55,97.7,98.6,95.4,97.2,96.75,96.91,940179,91108848.35,11465,347565.0,36.97
ZENTEC,EQ,04-Jan-2021,89.6,89.65,100.4,88.5,98.3,98.55,97.55,6584144,642256702.3,42000,1819269.0,27.63
ZENTEC,EQ,01-Jan-2021,90.0,89.8,90.8,89.35,89.5,89.6,89.92,191237,17196788.0,1946,104076.0,54.42
ZENTEC,EQ,31-Dec-2020,89.9,88.5,94.0,88.25,89.85,90.0,91.84,1282586,117796562.2,11465,372095.0,29.01
ZENTEC,EQ,30-Dec-2020,87.55,87.55,92.0,86.0,89.0,89.9,89.57,463733,41537484.8,4739,187405.0,40.41
ZENTEC,EQ,29-Dec-2020,88.95,89.0,90.9,87.1,87.6,87.55,88.25,176629,15587227.95,2553,104838.0,59.35
ZENTEC,EQ,28-Dec-2022,189.2,189.5,190.95,188.1,189.0,188.45,189.47,65734,12454492.75,2575,33443.0,50.88
ZENTEC,EQ,27-Dec-2022,187.45,189.9,193.3,188.0,190.0,189.2,190.23,123614,23515229.85,4005,68313.0,55.26
ZENTEC,EQ,26-Dec-2022,176.4,187.45,189.8,177.75,188.85,187.45,187.18,243680,45610829.8,6846,102321.0,41.99
ZENTEC,EQ,23-Dec-2022,189.4,187.0,188.25,175.15,177.75,176.4,180.36,498442,89897436.3,13916,239064.0,47.96
ZENTEC,EQ,22-Dec-2022,191.3,191.8,193.6,182.55,189.0,189.4,186.86,350422,65481332.85,9261,196094.0,55.96
ZENTEC,EQ,21-Dec-2022,197.15,197.4,198.6,190.6,191.05,191.3,193.87,223321,43296282.25,5762,141349.0,63.29
ZENTEC,EQ,20-Dec-2022,199.1,201.85,201.85,196.0,197.95,197.15,198.63,141971,28199142.0,3382,71950.0,50.68
ZENTEC,EQ,19-Dec-2022,195.55,196.85,199.75,195.0,199.0,199.1,197.6,153670,30364571.15,3812,103102.0,67.09
ZENTEC,EQ,16-Dec-2022,196.8,195.5,196.75,193.0,196.0,195.55,194.94,113660,22157107.3,3410,61019.0,53.69
ZENTEC,EQ,15-Dec-2022,200.0,200.0,200.0,196.45,196.85,196.8,197.62,148981,29441628.65,4611,84852.0,56.95
ZENTEC,EQ,14-Dec-2022,193.4,194.9,201.0,193.6,199.7,200.0,198.39,452477,89765445.65,8888,153235.0,33.87
ZENTEC,EQ,13-Dec-2022,193.55,195.0,195.6,193.0,193.9,193.4,194.1,80003,15528315.9,2096,52903.0,66.13
ZENTEC,EQ,12-Dec-2022,194.0,194.0,196.0,192.4,194.25,193.55,193.96,125050,24255059.45,2988,92592.0,74.04
ZENTEC,EQ,09-Dec-2022,195.05,196.95,197.2,193.25,194.25,194.0,194.52,126134,24535423.6,3686,74867.0,59.36
ZENTEC,EQ,08-Dec-2022,198.1,198.9,198.9,193.6,195.4,195.05,195.7,144042,28189054.35,4262,93101.0,64.63
ZENTEC,EQ,07-Dec-2022,199.85,200.0,202.05,197.25,198.0,198.1,199.14,139247,27729078.45,3777,75981.0,54.57
ZENTEC,EQ,06-Dec-2022,202.3,202.3,202.3,199.0,200.0,199.85,200.64,107294,21527926.95,2682,70625.0,65.82
ZENTEC,EQ,05-Dec-2022,199.3,203.0,204.4,200.2,201.85,202.3,202.05,370226,74804947.2,6615,220169.0,59.47
ZENTEC,EQ,02-Dec-2022,194.7,195.25,201.9,194.55,200.0,199.3,198.47,650846,129174776.4,10085,178761.0,27.47
ZENTEC,EQ,01-Dec-2022,193.45,194.5,196.2,194.0,194.3,194.7,195.12,156767,30588872.9,3591,86264.0,55.03
ZENTEC,EQ,30-Nov-2022,193.55,194.45,194.5,192.05,193.9,193.45,193.45,175663,33982594.0,2660,142678.0,81.22
ZENTEC,EQ,29-Nov-2022,194.1,194.5,195.45,192.95,193.65,193.55,194.02,124372,24130883.6,3296,73034.0,58.72
ZENTEC,EQ,28-Nov-2022,193.2,193.8,195.0,192.65,194.35,194.1,194.28,94455,18350621.85,2651,62068.0,65.71
ZENTEC,EQ,25-Nov-2022,193.8,194.8,196.0,191.85,193.5,193.2,193.84,113188,21940639.1,3281,65156.0,57.56
ZENTEC,EQ,24-Nov-2022,193.2,194.8,195.5,193.25,194.0,193.8,194.05,85067,16506938.15,2586,46745.0,54.95
ZENTEC,EQ,23-Nov-2022,192.6,194.0,197.0,192.65,193.9,193.2,194.36,138694,26956758.95,4062,71579.0,51.61
ZENTEC,EQ,22-Nov-2022,194.9,195.8,195.8,192.0,192.8,192.6,193.36,103757,20062316.45,3550,65144.0,62.79
ZENTEC,EQ,21-Nov-2022,195.35,195.8,197.25,194.4,194.75,194.9,195.56,69558,13602826.75,2588,35104.0,50.47
ZENTEC,EQ,18-Nov-2022,197.65,199.4,199.4,194.5,195.7,195.35,195.74,127468,24950104.1,4144,85865.0,67.36
ZENTEC,EQ,17-Nov-2022,197.85,198.9,199.8,197.0,198.95,197.65,198.19,172170,34121727.5,3632,119925.0,69.65
ZENTEC,EQ,16-Nov-2022,199.15,200.9,202.5,197.0,198.0,197.85,199.71,199679,39877062.85,4837,97446.0,48.8
ZENTEC,EQ,15-Nov-2022,200.3,201.75,201.85,198.05,200.15,199.15,199.96,107395,21475122.0,3010,71226.0,66.32
ZENTEC,EQ,14-Nov-2022,200.0,203.5,204.7,198.55,200.65,200.3,201.58,433303,87346880.85,7881,190694.0,44.01
ZENTEC,EQ,11-Nov-2022,201.45,203.6,204.85,198.95,199.9,200.0,201.69,238893,48183130.95,4971,139985.0,58.6
ZENTEC,EQ,10-Nov-2022,203.65,203.0,203.0,200.0,200.5,201.45,201.48,125878,25361578.8,2587,76737.0,60.96
ZENTEC,EQ,09-Nov-2022,199.1,201.1,208.4,200.15,204.0,203.65,203.99,435927,88925835.9,7420,161097.0,36.96
ZENTEC,EQ,07-Nov-2022,200.25,201.45,202.55,198.0,199.95,199.1,200.09,144605,28934027.1,3773,86083.0,59.53
ZENTEC,EQ,04-Nov-2022,201.45,201.2,203.4,199.35,200.45,200.25,200.69,159443,31997889.2,3522,92491.0,58.01
ZENTEC,EQ,03-Nov-2022,200.5,199.6,206.65,198.05,201.8,201.45,202.71,155959,31614994.9,5000,51788.0,33.21
ZENTEC,EQ,02-Nov-2022,200.3,201.45,202.95,200.0,200.35,200.5,201.27,116668,23481483.5,3606,49205.0,42.18
ZENTEC,EQ,01-Nov-2022,202.65,203.5,204.5,199.7,200.95,200.3,201.23,179683,36157785.95,6266,98069.0,54.58
ZENTEC,EQ,31-Oct-2022,203.75,204.5,206.1,202.0,203.0,202.65,203.65,104379,21257031.5,3707,47303.0,45.32
ZENTEC,EQ,28-Oct-2022,206.7,207.6,208.8,203.05,204.25,203.75,204.9,137035,28078532.35,4337,79369.0,57.92
ZENTEC,EQ,27-Oct-2022,205.05,210.0,213.55,205.3,207.0,206.7,209.44,325652,68206020.4,8487,135738.0,41.68
ZENTEC,EQ,25-Oct-2022,203.85,205.4,207.4,204.0,204.5,205.05,205.31,93347,19165399.95,3183,46467.0,49.78
ZENTEC,EQ,24-Oct-2022,201.25,203.65,208.65,202.0,204.0,203.85,205.09,116268,23845903.85,3600,65705.0,56.51
ZENTEC,EQ,21-Oct-2022,207.0,207.95,209.45,199.2,201.95,201.25,203.63,187426,38165429.15,5301,84048.0,44.84
ZENTEC,EQ,20-Oct-2022,205.4,204.65,208.4,203.05,205.8,207.0,205.99,201902,41589765.75,4705,68241.0,33.8
ZENTEC,EQ,19-Oct-2022,209.8,210.5,213.5,203.6,205.0,205.4,209.11,333984,69840462.2,7384,129497.0,38.77
ZENTEC,EQ,18-Oct-2022,195.35,197.5,217.85,195.6,210.6,209.8,211.98,1811728,384049766.1,31967,341321.0,18.84
ZENTEC,EQ,17-Oct-2022,197.05,196.95,197.0,194.1,196.55,195.35,195.58,60850,11900991.95,2711,31154.0,51.2
ZENTEC,EQ,14-Oct-2022,196.4,197.7,204.6,196.0,197.2,197.05,199.25,102853,20493032.65,3454,47765.0,46.44
ZENTEC,EQ,13-Oct-2022,197.7,198.15,198.5,194.05,196.0,196.4,196.05,128269,25147467.85,3868,54466.0,42.46
ZENTEC,EQ,12-Oct-2022,199.65,200.7,202.85,195.75,196.1,197.7,198.7,96571,19188272.95,3491,54815.0,56.76
ZENTEC,EQ,11-Oct-2022,206.05,207.0,207.55,199.0,201.35,199.65,202.36,167062,33806390.0,4698,99756.0,59.71
ZENTEC,EQ,10-Oct-2022,209.2,211.8,213.9,204.7,206.3,206.05,208.44,269546,56182885.85,7493,116155.0,43.09
ZENTEC,EQ,07-Oct-2022,202.6,203.0,214.4,201.8,208.35,209.2,209.13,404810,84656313.25,8559,175376.0,43.32
ZENTEC,EQ,06-Oct-2022,195.95,198.0,205.8,197.3,202.55,202.6,202.18,296613,59967979.15,6922,132720.0,44.75
ZENTEC,EQ,04-Oct-2022,191.9,195.4,198.45,194.4,196.9,195.95,195.93,118902,23296507.9,3195,54241.0,45.62
ZENTEC,EQ,03-Oct-2022,194.25,195.4,198.55,190.65,192.05,191.9,193.99,125455,24337468.25,3592,49042.0,39.09
ZENTEC,EQ,30-Sep-2022,191.65,192.5,194.85,190.45,194.6,194.25,193.16,103754,20040953.85,2662,47542.0,45.82
ZENTEC,EQ,29-Sep-2022,192.2,195.0,195.9,190.4,192.4,191.65,192.85,113596,21906793.75,3415,62353.0,54.89
ZENTEC,EQ,28-Sep-2022,194.2,192.0,196.45,191.9,192.7,192.2,193.88,131327,25461275.8,3340,67864.0,51.68
ZENTEC,EQ,27-Sep-2022,191.85,196.4,198.9,192.05,194.2,194.2,195.4,179768,35126526.85,4412,84090.0,46.78
ZENTEC,EQ,26-Sep-2022,203.0,197.7,201.55,189.75,193.0,191.85,195.53,410304,80225968.7,8271,220607.0,53.77
ZENTEC,EQ,23-Sep-2022,208.05,210.0,210.75,200.0,202.8,203.0,204.63,266623,54559551.7,5787,159993.0,60.01
ZENTEC,EQ,22-Sep-2022,209.65,208.0,212.8,204.3,207.75,208.05,208.15,199355,41496374.0,4815,89100.0,44.69
ZENTEC,EQ,21-Sep-2022,213.25,213.9,215.2,208.9,209.95,209.65,211.46,160963,34037133.15,4208,83543.0,51.9
ZENTEC,EQ,20-Sep-2022,216.25,217.0,218.75,211.0,214.0,213.25,215.66,231739,49975922.1,5172,121807.0,52.56
ZENTEC,EQ,19-Sep-2022,210.0,219.4,219.4,213.0,215.85,216.25,216.34,453494,98110718.5,9824,181648.0,40.06
ZENTEC,EQ,16-Sep-2022,214.4,213.0,219.6,208.0,210.5,210.0,213.28,378475,80720570.3,7900,151625.0,40.06
ZENTEC,EQ,15-Sep-2022,217.1,219.3,220.25,213.2,213.5,214.4,216.32,191366,41395815.4,4271,115113.0,60.15
ZENTEC,EQ,14-Sep-2022,212.4,209.4,226.15,208.2,216.95,217.1,219.42,1080741,237139549.9,18355,350740.0,32.45
ZENTEC,EQ,13-Sep-2022,214.35,216.3,217.4,211.8,212.5,212.4,214.63,193271,41481789.7,4710,113218.0,58.58
ZENTEC,EQ,12-Sep-2022,215.6,217.2,220.9,213.0,214.4,214.35,216.92,384652,83436930.7,6078,198785.0,51.68
ZENTEC,EQ,09-Sep-2022,216.15,217.8,221.5,215.0,215.4,215.6,217.95,401443,87496102.45,8232,191114.0,47.61
ZENTEC,EQ,08-Sep-2022,207.2,209.0,221.85,207.15,216.6,216.15,216.28,1336549,289070871.65,19748,551293.0,41.25
ZENTEC,EQ,07-Sep-2022,208.3,208.0,209.9,206.3,206.75,207.2,207.92,186398,38755969.9,3472,111765.0,59.96
ZENTEC,EQ,06-Sep-2022,208.65,211.9,211.9,207.1,208.6,208.3,209.06,298598,62425341.85,5610,143826.0,48.17
ZENTEC,EQ,05-Sep-2022,207.05,208.45,214.5,206.2,208.65,208.65,209.59,543515,113917550.3,8573,193080.0,35.52
ZENTEC,EQ,02-Sep-2022,208.25,209.45,210.0,205.25,208.15,207.05,207.44,273168,56666708.9,5229,131021.0,47.96
ZENTEC,EQ,01-Sep-2022,209.6,207.95,212.0,206.1,209.0,208.25,209.32,348877,73025609.75,7213,184884.0,52.99
ZENTEC,EQ,30-Aug-2022,198.7,201.8,214.3,199.5,209.1,209.6,209.66,1714803,359530075.15,24316,468272.0,27.31
ZENTEC,EQ,29-Aug-2022,199.15,190.75,207.0,190.75,199.1,198.7,200.41,514286,103067906.75,9561,207877.0,40.42
ZENTEC,EQ,26-Aug-2022,199.9,201.9,203.5,195.0,198.0,199.15,199.26,238697,47562482.3,4802,120349.0,50.42
ZENTEC,EQ,25-Aug-2022,199.95,201.5,204.9,198.1,201.0,199.9,201.23,243132,48924609.3,5277,97882.0,40.26
ZENTEC,EQ,24-Aug-2022,202.3,202.3,205.3,198.75,199.5,199.95,201.28,296130,59606441.85,5838,163714.0,55.28
ZENTEC,EQ,23-Aug-2022,202.75,204.0,208.8,194.3,201.15,202.3,200.94,795950,159936537.6,14400,362873.0,45.59
ZENTEC,EQ,22-Aug-2022,184.7,184.7,203.15,180.7,203.15,202.75,199.59,1544883,308339605.25,15931,557104.0,36.06
ZENTEC,EQ,19-Aug-2022,188.7,189.0,189.9,184.15,184.9,184.7,186.38,137736,25671604.5,3807,81804.0,59.39
ZENTEC,EQ,18-Aug-2022,187.7,188.0,189.95,185.25,188.95,188.7,188.26,166686,31380937.15,3799,96601.0,57.95
ZENTEC,EQ,17-Aug-2022,184.1,185.45,189.0,184.0,187.5,187.7,186.49,177131,33032433.1,4195,90889.0,51.31
ZENTEC,EQ,16-Aug-2022,183.85,186.0,188.9,180.05,184.5,184.1,184.54,255292,47112361.35,6626,136244.0,53.37
ZENTEC,EQ,12-Aug-2022,183.35,184.6,189.65,183.05,183.85,183.85,185.31,161395,29907764.6,3444,69710.0,43.19
ZENTEC,EQ,11-Aug-2022,185.9,186.65,188.5,182.6,183.9,183.35,184.81,139023,25692620.95,3357,90808.0,65.32
ZENTEC,EQ,10-Aug-2022,187.4,187.4,191.4,184.5,185.7,185.9,187.83,151295,28417725.05,3574,58762.0,38.84
ZENTEC,EQ,08-Aug-2022,186.7,187.05,193.15,186.75,188.0,187.4,189.29,235536,44585676.7,5902,92472.0,39.26
ZENTEC,EQ,05-Aug-2022,194.55,192.85,193.5,184.75,185.5,186.7,188.79,541174,102165963.45,9368,307119.0,56.75
ZENTEC,EQ,04-Aug-2022,185.3,185.3,194.55,185.3,194.55,194.55,193.7,1500427,290634539.25,11349,428888.0,28.58
ZENTEC,EQ,03-Aug-2022,193.35,196.55,196.55,184.15,185.9,185.3,187.66,469593,88125792.1,10851,245109.0,52.2
ZENTEC,EQ,02-Aug-2022,184.15,193.35,193.35,190.4,193.35,193.35,192.94,611267,117940473.1,2964,281679.0,46.08
ZENTEC,EQ,01-Aug-2022,175.4,184.15,184.15,184.15,184.15,184.15,184.15,89525,16486028.75,807,89525.0,100.0
ZENTEC,EQ,29-Jul-2022,171.65,172.45,177.5,172.15,176.5,175.4,174.6,159590,27865109.05,3493,92577.0,58.01
ZENTEC,EQ,28-Jul-2022,173.65,174.05,174.75,171.0,171.8,171.65,172.24,108541,18694826.8,2984,68133.0,62.77
ZENTEC,EQ,27-Jul-2022,171.75,176.05,179.0,172.2,173.7,173.65,175.11,181747,31826506.15,4569,80222.0,44.14
ZENTEC,EQ,26-Jul-2022,172.65,170.4,176.7,169.1,172.5,171.75,172.09,170898,29410545.8,4646,70198.0,41.08
ZENTEC,EQ,25-Jul-2022,170.9,171.0,174.95,170.15,173.0,172.65,172.63,122673,21177608.85,3317,70080.0,57.13
ZENTEC,EQ,22-Jul-2022,170.85,172.0,172.2,170.35,171.0,170.9,171.06,67713,11582976.95,1767,47889.0,70.72
ZENTEC,EQ,21-Jul-2022,169.1,169.1,171.1,169.1,171.0,170.85,170.58,80580,13745500.15,2214,51982.0,64.51
ZENTEC,EQ,20-Jul-2022,168.2,170.5,172.1,167.3,169.55,169.1,169.95,139719,23744772.15,3933,71869.0,51.44
ZENTEC,EQ,19-Jul-2022,171.35,172.6,172.6,167.7,168.3,168.2,168.99,163198,27578527.55,3748,116793.0,71.57
ZENTEC,EQ,18-Jul-2022,168.35,173.0,173.0,169.5,172.0,171.35,171.22,73096,12515324.4,2528,41723.0,57.08
ZENTEC,EQ,15-Jul-2022,170.6,173.9,173.9,167.25,168.0,168.35,168.84,59268,10006577.45,2224,38731.0,65.35
ZENTEC,EQ,14-Jul-2022,173.4,174.5,174.9,169.2,171.25,170.6,171.8,39869,6849530.2,1823,23634.0,59.28
ZENTEC,EQ,13-Jul-2022,173.95,175.0,176.8,172.0,173.95,173.4,174.54,55572,9699779.35,2027,29305.0,52.73
ZENTEC,EQ,12-Jul-2022,173.95,174.0,174.6,172.15,174.0,173.95,173.77,54869,9534635.4,1856,35130.0,64.03
ZENTEC,EQ,11-Jul-2022,174.5,175.0,176.0,173.25,174.0,173.95,174.48,56477,9853928.5,2104,34014.0,60.23
ZENTEC,EQ,08-Jul-2022,173.8,176.75,176.75,173.8,174.4,174.5,175.29,47460,8319062.45,1612,30383.0,64.02
ZENTEC,EQ,07-Jul-2022,173.2,176.0,176.5,173.4,173.95,173.8,174.62,53565,9353578.35,1802,33567.0,62.67
ZENTEC,EQ,06-Jul-2022,174.55,172.2,175.9,172.0,174.45,173.2,173.51,59156,10264374.65,2357,30725.0,51.94
ZENTEC,EQ,05-Jul-2022,175.25,176.0,178.6,173.05,173.3,174.55,176.67,51014,9012774.45,2092,28778.0,56.41
ZENTEC,EQ,04-Jul-2022,171.75,173.0,176.5,173.0,176.0,175.25,174.73,55136,9634162.5,2000,36263.0,65.77
ZENTEC,EQ,01-Jul-2022,172.6,172.0,172.9,170.5,172.35,171.75,171.45,36042,6179507.2,1324,15866.0,44.02
ZENTEC,EQ,30-Jun-2022,173.5,174.6,175.3,172.1,172.4,172.6,173.33,30231,5239813.5,1361,18880.0,62.45
ZENTEC,EQ,29-Jun-2022,173.2,172.5,175.45,170.3,173.45,173.5,173.71,61227,10635638.4,1520,22288.0,36.4
ZENTEC,EQ,28-Jun-2022,174.55,174.5,175.5,172.0,174.15,173.2,173.81,42297,7351589.9,1562,25533.0,60.37
ZENTEC,EQ,27-Jun-2022,175.2,177.95,178.45,174.0,175.0,174.55,176.35,62705,11058066.6,2051,36844.0,58.76
ZENTEC,EQ,24-Jun-2022,171.55,175.0,178.9,172.45,175.75,175.2,174.96,75456,13201621.7,2312,39149.0,51.88
ZENTEC,EQ,23-Jun-2022,167.5,169.0,173.0,168.3,172.1,171.55,171.14,83163,14232594.1,2286,43144.0,51.88
ZENTEC,EQ,22-Jun-2022,170.9,171.8,175.95,166.0,168.85,167.5,170.1,123097,20938973.35,3764,59232.0,48.12
ZENTEC,EQ,21-Jun-2022,162.95,163.0,171.05,163.0,171.05,170.9,168.58,149805,25253529.35,2909,76152.0,50.83
ZENTEC,EQ,20-Jun-2022,171.5,171.6,172.8,162.95,162.95,162.95,164.68,139624,22993928.55,4343,75903.0,54.36
ZENTEC,EQ,17-Jun-2022,172.35,170.0,174.75,167.05,172.5,171.5,170.93,85146,14554296.75,3184,41751.0,49.03
ZENTEC,EQ,16-Jun-2022,181.4,185.0,186.8,172.35,172.35,172.35,176.81,109073,19285456.95,3872,56959.0,52.22
ZENTEC,EQ,15-Jun-2022,182.5,186.15,186.15,180.75,181.0,181.4,183.17,54168,9921792.75,1981,30940.0,57.12
ZENTEC,EQ,14-Jun-2022,180.9,176.0,188.0,176.0,183.8,182.5,183.27,141132,25865818.85,3653,54178.0,38.39
ZENTEC,EQ,13-Jun-2022,188.95,181.1,185.0,179.95,181.35,180.9,181.89,148238,26963209.95,4553,84678.0,57.12
ZENTEC,EQ,10-Jun-2022,190.35,188.0,191.7,187.65,189.05,188.95,189.24,81770,15474517.8,2256,48520.0,59.34
ZENTEC,EQ,09-Jun-2022,190.55,193.7,193.7,188.45,190.1,190.35,190.68,111646,21288569.75,2964,64291.0,57.58
ZENTEC,EQ,08-Jun-2022,193.55,196.75,196.75,189.9,191.4,190.55,192.52,120119,23125390.55,2889,62035.0,51.64
ZENTEC,EQ,07-Jun-2022,192.7,192.0,200.0,189.6,193.0,193.55,194.47,252837,49168544.45,5550,111073.0,43.93
ZENTEC,EQ,06-Jun-2022,197.55,197.55,197.6,190.0,191.9,192.7,192.67,196897,37935187.85,5325,112754.0,57.27
ZENTEC,EQ,03-Jun-2022,203.95,214.1,214.1,195.5,198.0,197.55,206.4,1145031,236336618.75,22448,625226.0,54.6
ZENTEC,EQ,02-Jun-2022,194.25,198.95,203.95,198.15,203.95,203.95,202.8,257434,52207492.8,3072,184075.0,71.5
ZENTEC,EQ,01-Jun-2022,185.0,192.0,194.25,188.0,194.25,194.25,192.97,537665,103755258.85,8087,275313.0,51.21
ZENTEC,EQ,31-May-2022,176.2,185.0,185.0,180.0,185.0,185.0,184.57,337564,62304926.5,4618,182779.0,54.15
ZENTEC,EQ,30-May-2022,167.85,176.2,176.2,176.2,176.2,176.2,176.2,58254,10264354.8,851,51980.0,89.23
ZENTEC,EQ,27-May-2022,159.9,165.8,167.85,165.05,167.85,167.85,167.07,157713,26349150.65,2413,79280.0,50.27
ZENTEC,EQ,26-May-2022,157.85,159.0,162.9,150.1,161.0,159.9,155.4,166864,25930287.95,3548,73646.0,44.14
ZENTEC,EQ,25-May-2022,166.15,167.05,170.95,157.85,157.85,157.85,164.17,233266,38295885.0,3198,137323.0,58.87
ZENTEC,EQ,24-May-2022,171.95,174.6,174.6,165.0,165.95,166.15,168.99,134356,22705062.95,2520,92930.0,69.17
ZENTEC,EQ,23-May-2022,170.65,172.15,179.15,166.45,171.65,171.95,174.1,300122,52250365.15,5696,107479.0,35.81
ZENTEC,EQ,20-May-2022,167.55,171.95,173.45,169.05,170.95,170.65,170.92,125096,21381263.75,3531,65780.0,52.58
ZENTEC,EQ,19-May-2022,171.65,166.0,170.0,164.0,168.0,167.55,166.97,162957,27208374.0,3340,93384.0,57.31
ZENTEC,EQ,18-May-2022,166.2,173.0,174.5,166.85,171.0,171.65,172.22,397756,68500749.7,5760,173490.0,43.62
ZENTEC,EQ,17-May-2022,158.3,164.0,166.2,162.05,166.2,166.2,165.2,85200,14074735.65,1445,54186.0,63.6
ZENTEC,EQ,16-May-2022,150.85,154.0,158.35,152.3,158.35,158.3,156.8,220961,34645760.6,3824,116892.0,52.9
ZENTEC,EQ,13-May-2022,152.25,153.8,156.0,144.65,152.4,150.85,150.15,781462,117333601.3,13188,389200.0,49.8
ZENTEC,EQ,12-May-2022,160.25,152.55,156.9,152.25,152.25,152.25,152.32,561346,85504023.45,3730,190178.0,33.88
ZENTEC,EQ,11-May-2022,168.65,165.0,167.0,160.25,160.25,160.25,160.91,467374,75204218.05,4785,281990.0,60.33
ZENTEC,EQ,10-May-2022,177.5,177.5,181.35,168.65,168.65,168.65,171.11,264437,45248025.3,5713,172950.0,65.4
ZENTEC,EQ,09-May-2022,186.7,186.7,189.8,177.4,177.4,177.5,179.7,317406,57037685.65,7333,172608.0,54.38
ZENTEC,EQ,06-May-2022,192.8,187.4,190.8,184.0,187.85,186.7,186.46,151703,28286034.75,3762,82403.0,54.32
ZENTEC,EQ,05-May-2022,183.95,186.95,193.1,184.3,192.9,192.8,190.91,444181,84800476.2,4812,139784.0,31.47
ZENTEC,EQ,04-May-2022,192.5,193.85,195.0,183.0,184.4,183.95,188.55,149827,28250519.5,4407,110854.0,73.99
ZENTEC,EQ,02-May-2022,194.1,194.5,198.0,190.15,192.95,192.5,192.58,81791,15751677.2,2072,46624.0,57.0
ZENTEC,EQ,29-Apr-2022,196.9,198.7,198.7,193.5,194.6,194.1,195.55,121616,23782293.7,3353,78383.0,64.45
ZENTEC,EQ,28-Apr-2022,195.85,196.9,201.1,196.1,197.1,196.9,197.18,103135,20336519.0,2273,49606.0,48.1
ZENTEC,EQ,27-Apr-2022,198.8,198.0,201.5,195.0,196.25,195.85,196.97,147606,29073285.2,3276,92693.0,62.8
ZENTEC,EQ,26-Apr-2022,200.3,202.0,202.85,198.0,199.35,198.8,199.88,134436,26870584.5,2873,90197.0,67.09
ZENTEC,EQ,25-Apr-2022,204.3,201.25,203.6,199.65,200.8,200.3,200.6,126176,25311257.35,2914,71341.0,56.54
ZENTEC,EQ,22-Apr-2022,201.45,201.0,209.35,199.45,204.5,204.3,205.13,423843,86942661.35,8109,124097.0,29.28
ZENTEC,EQ,21-Apr-2022,201.1,201.5,204.55,201.0,202.0,201.45,202.23,127311,25746322.9,2150,67697.0,53.17
ZENTEC,EQ,20-Apr-2022,200.75,203.0,204.0,200.25,201.0,201.1,201.91,96859,19556369.15,2211,57885.0,59.76
ZENTEC,EQ,19-Apr-2022,204.35,205.3,205.7,199.65,202.85,200.75,202.28,217803,44057358.55,3559,157243.0,72.2
ZENTEC,EQ,18-Apr-2022,205.2,202.55,209.45,201.0,205.8,204.35,204.32,226092,46194578.5,5061,80501.0,35.61
ZENTEC,EQ,13-Apr-2022,203.2,204.0,208.0,204.0,205.0,205.2,206.4,176631,36457150.95,3717,105380.0,59.66
ZENTEC,EQ,12-Apr-2022,206.2,206.0,206.0,200.5,204.5,203.2,202.81,217620,44135184.8,5135,140140.0,64.4
ZENTEC,EQ,11-Apr-2022,211.4,212.4,212.4,205.0,206.7,206.2,207.22,243494,50457856.3,4909,150815.0,61.94
ZENTEC,EQ,08-Apr-2022,214.15,217.3,219.25,211.0,212.2,211.4,213.8,367690,78613899.3,8072,218145.0,59.33
ZENTEC,EQ,07-Apr-2022,204.15,204.0,214.35,203.45,214.35,214.15,213.04,1121360,238895412.15,9297,511510.0,45.62
ZENTEC,EQ,06-Apr-2022,205.2,204.15,207.15,203.25,204.6,204.15,204.89,161030,32993961.8,3391,95391.0,59.24
ZENTEC,EQ,05-Apr-2022,207.25,207.55,209.85,204.7,205.3,205.2,206.64,519932,107436609.05,5236,293607.0,56.47
ZENTEC,EQ,04-Apr-2022,201.65,203.1,209.45,201.6,206.25,207.25,205.2,313977,64429050.0,5488,186534.0,59.41
ZENTEC,EQ,01-Apr-2022,205.0,204.0,204.0,200.0,202.0,201.65,202.1,212444,42935618.0,5331,120098.0,56.53
ZENTEC,EQ,31-Mar-2022,198.15,198.2,208.05,197.1,204.0,205.0,203.28,577236,117339831.35,8160,208612.0,36.14
ZENTEC,EQ,30-Mar-2022,197.6,199.0,200.0,197.35,198.55,198.15,198.63,129206,25664192.15,2527,70925.0,54.89
ZENTEC,EQ,29-Mar-2022,198.55,200.5,200.8,197.1,197.7,197.6,198.94,144573,28761707.0,3128,90130.0,62.34
ZENTEC,EQ,28-Mar-2022,204.05,207.5,208.3,197.5,199.05,198.55,200.33,288756,57846567.55,9523,169777.0,58.8
ZENTEC,EQ,25-Mar-2022,195.65,205.4,205.4,201.9,205.35,204.05,205.05,944278,193627794.25,9219,440833.0,46.68
ZENTEC,EQ,24-Mar-2022,195.75,195.5,197.0,194.7,195.9,195.65,195.58,84197,16467407.7,1991,51301.0,60.93
ZENTEC,EQ,23-Mar-2022,195.75,198.75,199.45,194.05,196.0,195.75,196.96,142676,28101372.7,3146,99670.0,69.86
ZENTEC,EQ,22-Mar-2022,197.1,198.7,199.05,195.0,196.5,195.75,196.42,148183,29106677.2,3316,100115.0,67.56
ZENTEC,EQ,21-Mar-2022,198.55,202.0,202.0,196.0,197.5,197.1,198.18,190183,37689636.05,3277,133838.0,70.37
ZENTEC,EQ,17-Mar-2022,198.65,200.0,202.95,198.0,199.0,198.55,199.47,185735,37049430.0,3972,115019.0,61.93
ZENTEC,EQ,16-Mar-2022,198.8,202.0,202.0,198.0,198.75,198.65,199.34,194237,38719982.4,3445,128796.0,66.31
ZENTEC,EQ,15-Mar-2022,202.65,205.0,205.0,195.65,199.95,198.8,199.5,249458,49767619.85,4856,166159.0,66.61
ZENTEC,EQ,14-Mar-2022,207.8,211.45,211.45,202.15,202.5,202.65,205.0,195691,40116237.0,5537,129819.0,66.34
ZENTEC,EQ,11-Mar-2022,199.0,208.95,208.95,203.05,208.0,207.8,207.96,941549,195808440.95,8372,368594.0,39.15
ZENTEC,EQ,10-Mar-2022,198.5,204.95,204.95,198.0,198.5,199.0,201.93,141825,28638462.35,3894,96818.0,68.27
ZENTEC,EQ,09-Mar-2022,193.9,197.0,199.4,193.0,199.35,198.5,197.74,97620,19303156.9,2365,59298.0,60.74
ZENTEC,EQ,08-Mar-2022,191.85,193.0,197.95,192.05,194.05,193.9,194.85,157770,30742157.6,3550,104466.0,66.21
ZENTEC,EQ,07-Mar-2022,197.15,197.0,197.0,190.0,193.45,191.85,192.85,126852,24463115.15,3607,83804.0,66.06
ZENTEC,EQ,04-Mar-2022,201.45,197.55,199.0,196.0,197.5,197.15,197.39,104044,20536737.3,2945,61568.0,59.17
ZENTEC,EQ,03-Mar-2022,203.05,205.35,205.6,200.0,201.9,201.45,203.42,104395,21235927.65,3214,66412.0,63.62
ZENTEC,EQ,02-Mar-2022,197.85,197.0,207.0,195.2,203.05,203.05,203.01,344092,69854574.75,6006,124852.0,36.28
ZENTEC,EQ,28-Feb-2022,196.3,191.0,199.0,189.3,198.45,197.85,195.24,198582,38771109.35,4653,91372.0,46.01
ZENTEC,EQ,25-Feb-2022,187.7,186.0,197.05,185.5,196.2,196.3,195.19,348501,68022945.05,5648,153547.0,44.06
ZENTEC,EQ,24-Feb-2022,197.55,192.3,192.3,187.7,187.7,187.7,188.83,191176,36100222.1,6045,134683.0,70.45
ZENTEC,EQ,23-Feb-2022,193.35,197.6,200.95,196.45,198.05,197.55,199.07,122822,24450326.9,3689,63046.0,51.33
ZENTEC,EQ,22-Feb-2022,200.7,192.1,196.0,192.0,193.7,193.35,193.59,254596,49287519.95,9004,146586.0,57.58
ZENTEC,EQ,21-Feb-2022,205.75,205.0,205.7,196.35,201.0,200.7,201.48,388854,78346514.45,6375,293903.0,75.58
ZENTEC,EQ,18-Feb-2022,207.85,204.3,207.7,204.3,206.3,205.75,206.23,121832,25125883.4,2808,74778.0,61.38
ZENTEC,EQ,17-Feb-2022,210.4,210.4,212.55,207.6,207.7,207.85,208.87,170668,35646752.1,2782,129216.0,75.71
ZENTEC,EQ,16-Feb-2022,212.2,215.0,215.0,209.8,210.0,210.4,211.86,156095,33070651.45,3574,84740.0,54.29
ZENTEC,EQ,15-Feb-2022,207.75,209.0,213.9,205.0,212.7,212.2,209.28,281962,59007835.1,11043,148051.0,52.51
ZENTEC,EQ,14-Feb-2022,217.7,215.0,215.0,207.0,207.7,207.75,210.13,319589,67153913.75,8577,174543.0,54.61
ZENTEC,EQ,11-Feb-2022,216.3,224.8,224.8,216.0,217.6,217.7,220.71,1013041,223593134.85,31318,595617.0,58.79
ZENTEC,EQ,10-Feb-2022,206.0,216.3,216.3,216.3,216.3,216.3,216.3,171656,37129192.8,1118,156495.0,91.17
ZENTEC,EQ,09-Feb-2022,206.2,208.6,209.7,205.15,206.0,206.0,206.53,90440,18678294.0,2629,53914.0,59.61
ZENTEC,EQ,08-Feb-2022,208.3,209.5,210.05,203.0,205.9,206.2,205.99,169831,34982990.8,6361,97369.0,57.33
ZENTEC,EQ,07-Feb-2022,211.4,212.7,212.7,207.0,209.5,208.3,209.07,193466,40448685.75,7883,112897.0,58.35
ZENTEC,EQ,04-Feb-2022,213.8,214.8,214.8,209.9,211.85,211.4,212.0,245954,52142969.2,10879,115621.0,47.01
ZENTEC,EQ,03-Feb-2022,220.3,228.0,228.0,211.9,214.55,213.8,218.32,1122455,245055746.6,46374,555581.0,49.5
ZENTEC,EQ,02-Feb-2022,209.85,220.3,220.3,215.7,220.3,220.3,219.97,719575,158283224.4,4795,380295.0,52.85
ZENTEC,EQ,01-Feb-2022,199.9,202.0,209.85,199.55,209.85,209.85,207.13,1250870,259096365.55,15799,562869.0,45.0
ZENTEC,EQ,31-Jan-2022,208.2,200.0,205.15,198.7,200.4,199.9,201.19,535947,107828890.4,13803,374880.0,69.95
ZENTEC,EQ,28-Jan-2022,206.9,209.0,213.0,202.65,208.45,208.2,210.18,173095,36380528.35,4734,94127.0,54.38
ZENTEC,EQ,27-Jan-2022,208.95,204.9,208.0,198.55,206.5,206.9,204.42,187576,38344002.0,6646,105372.0,56.18
ZENTEC,EQ,25-Jan-2022,204.55,200.0,209.8,195.3,209.0,208.95,205.01,271878,55738847.65,7284,142600.0,52.45
ZENTEC,EQ,24-Jan-2022,214.95,215.05,216.0,204.25,205.55,204.55,207.04,313570,64921948.15,6446,249240.0,79.48
ZENTEC,EQ,21-Jan-2022,217.05,215.0,216.9,212.55,216.25,214.95,214.89,158022,33957442.6,4883,96310.0,60.95
ZENTEC,EQ,20-Jan-2022,217.9,216.15,221.0,216.0,217.95,217.05,217.7,145125,31594237.1,3829,86901.0,59.88
ZENTEC,EQ,19-Jan-2022,214.8,220.0,220.55,215.2,218.45,217.9,217.56,140015,30462012.0,6270,77353.0,55.25
ZENTEC,EQ,18-Jan-2022,220.05,220.2,222.75,213.15,216.0,214.8,217.37,269762,58638763.25,7039,178360.0,66.12
ZENTEC,EQ,17-Jan-2022,221.55,223.4,223.4,219.3,220.0,220.05,221.18,230325,50942307.85,6099,150758.0,65.45
ZENTEC,EQ,14-Jan-2022,216.2,218.8,227.0,217.25,221.2,221.55,224.36,1311776,294315387.75,16465,560842.0,42.75
ZENTEC,EQ,13-Jan-2022,214.2,215.0,216.9,213.2,216.3,216.2,214.88,245670,52788580.6,6617,153799.0,62.6
ZENTEC,EQ,12-Jan-2022,217.85,220.45,220.6,212.25,214.4,214.2,215.51,453524,97738345.45,10034,341285.0,75.25
ZENTEC,EQ,11-Jan-2022,222.7,217.1,223.55,216.0,218.0,217.85,218.76,495467,108389073.55,11704,272762.0,55.05
ZENTEC,EQ,10-Jan-2022,228.7,230.5,235.9,217.3,217.3,222.7,226.83,520887,118154253.55,16676,330227.0,63.4
ZENTEC,EQ,07-Jan-2022,217.85,217.85,228.7,215.15,228.7,228.7,225.94,1063815,240357736.6,11910,530657.0,49.88
ZENTEC,EQ,06-Jan-2022,217.75,216.0,219.9,215.0,217.7,217.85,217.59,177289,38575801.7,5202,98231.0,55.41
ZENTEC,EQ,05-Jan-2022,219.55,218.0,220.6,216.35,218.05,217.75,219.0,146572,32099060.85,4369,92890.0,63.37
ZENTEC,EQ,04-Jan-2022,217.1,219.95,223.0,217.0,220.0,219.55,219.9,256385,56378182.3,5445,137913.0,53.79
ZENTEC,EQ,03-Jan-2022,216.0,217.8,221.95,216.4,217.6,217.1,218.63,246754,53946823.45,5733,129831.0,52.62
ZENTEC,EQ,31-Dec-2021,216.7,218.05,220.0,215.0,216.45,216.0,217.25,158190,34366838.45,4927,105508.0,66.7
ZENTEC,EQ,30-Dec-2021,215.4,216.0,224.0,211.45,216.6,216.7,217.68,343786,74833795.05,7714,146938.0,42.74
ZENTEC,EQ,29-Dec-2021,216.75,217.7,218.95,214.5,216.1,215.4,216.64,140840,30511739.4,3413,76904.0,54.6
ZENTEC,EQ,28-Dec-2023,810.15,823.5,831.0,797.0,806.0,806.35,812.56,425606,345832175.9,13585,303540.0,71.32
ZENTEC,EQ,27-Dec-2023,771.8,779.0,810.35,775.0,810.35,810.15,806.43,953498,768925494.5,18071,546870.0,57.35
ZENTEC,EQ,26-Dec-2023,746.85,758.45,782.0,747.0,773.45,771.8,774.16,295803,228997989.25,7670,209100.0,70.69
ZENTEC,EQ,14-Dec-2023,725.3,730.0,750.0,725.05,741.15,741.5,735.74,232534,171084014.75,7028,137817.0,59.27
ZENTEC,EQ,13-Dec-2023,733.25,733.25,733.95,717.0,726.95,725.3,724.71,168228,121916113.75,7173,138448.0,82.30
ZENTEC,EQ,12-Dec-2023,738.65,745.0,745.65,726.4,733.95,733.25,737.19,116345,85768095.8,4957,82820.0,71.18
ZENTEC,EQ,11-Dec-2023,743.5,755.0,755.95,731.0,738.5,738.65,743.17,98468,73178586.45,5226,64284.0,65.28
ZENTEC,EQ,08-Dec-2023,740.95,740.95,748.05,737.0,743.95,743.5,742.6,84096,62450044.25,4199,58118.0,69.11
ZENTEC,EQ,07-Dec-2023,748.6,748.0,754.2,740.0,742.5,740.95,743.7,115071,85578857.35,5929,88225.0,76.67
ZENTEC,EQ,06-Dec-2023,754.9,754.9,758.0,741.0,750.25,748.6,749.41,191564,143559039.7,8900,129815.0,67.77
ZENTEC,EQ,05-Dec-2023,772.3,774.0,778.6,751.0,755.3,754.9,761.36,185868,141511566.55,9087,134038.0,72.11
ZENTEC,EQ,04-Dec-2023,771.15,790.0,792.0,770.05,773.95,772.3,778.57,184877,143940428.55,8162,138434.0,74.88
ZENTEC,EQ,01-Dec-2023,772.4,775.0,790.0,767.0,770.1,771.15,779.92,292067,227788816.0,11099,224960.0,77.02
ZENTEC,EQ,30-Nov-2023,736.5,738.05,773.3,738.05,773.3,772.4,763.82,411962,314666647.5,13719,263239.0,63.90
ZENTEC,EQ,29-Nov-2023,744.6,745.95,749.6,735.0,736.0,736.5,739.85,120823,89391204.55,5147,74771.0,61.88
ZENTEC,EQ,28-Nov-2023,757.4,774.55,774.55,742.0,745.25,744.6,753.38,158813,119646464.3,6962,108874.0,68.55
ZENTEC,EQ,24-Nov-2023,755.45,762.25,764.0,737.5,756.0,757.4,751.7,242634,182388985.6,8363,100106.0,41.26
ZENTEC,EQ,23-Nov-2023,755.75,764.9,765.45,752.05,756.65,755.45,758.32,86378,65502396.8,3790,57793.0,66.91
ZENTEC,EQ,22-Nov-2023,784.35,790.0,791.0,750.0,757.6,755.75,762.34,235114,179236737.8,10166,160255.0,68.16
ZENTEC,EQ,21-Nov-2023,758.55,766.05,796.45,766.05,784.8,784.35,789.06,840105,662895277.6,16141,427010.0,50.83
ZENTEC,EQ,20-Nov-2023,722.45,737.0,758.55,735.0,758.55,758.55,752.62,207768,156370570.05,6080,153289.0,73.78
ZENTEC,EQ,17-Aug-2023,868.0,880.0,911.4,832.3,849.9,848.75,891.07,2571883,2291717898.85,70368,931049.0,36.20
ZENTEC,EQ,16-Aug-2023,826.7,860.0,868.0,851.0,868.0,868.0,864.84,862698,746094022.6,17673,413917.0,47.98
ZENTEC,EQ,14-Aug-2023,787.35,794.95,826.7,792.15,826.7,826.7,814.9,595284,485097571.4,15142,318892.0,53.57
ZENTEC,EQ,11-Aug-2023,824.75,824.0,825.0,783.6,785.0,787.35,797.11,1089459,868419320.8,42125,453419.0,41.62
ZENTEC,EQ,10-Aug-2023,815.6,827.95,853.85,803.6,819.5,824.75,830.3,2200415,1827007209.45,61513,662509.0,30.11
ZENTEC,EQ,09-Aug-2023,742.3,750.0,816.5,727.0,816.0,815.6,790.44,4103119,3243261185.0,92132,1009684.0,24.61
ZENTEC,EQ,08-Aug-2023,674.85,737.0,742.3,707.05,742.3,742.3,729.1,2911108,2122475000.65,55114,1301349.0,44.70
ZENTEC,EQ,07-Aug-2023,613.5,674.85,674.85,674.85,674.85,674.85,674.85,533674,360149898.9,4730,531148.0,99.53
ZENTEC,EQ,04-Aug-2023,603.55,605.95,618.0,602.0,616.0,613.5,611.27,295052,180355636.0,8593,156946.0,53.19
ZENTEC,EQ,03-Aug-2023,606.5,610.55,614.45,590.4,601.0,603.55,600.72,389099,233740316.95,13531,164469.0,42.27
ZENTEC,EQ,02-Aug-2023,629.85,629.75,634.95,579.85,607.0,606.5,609.76,737076,449441793.25,23395,305444.0,41.44
ZENTEC,EQ,01-Aug-2023,617.65,621.25,637.7,615.0,628.0,629.85,625.11,503932,315013297.25,11998,200981.0,39.88
ZENTEC,EQ,31-Jul-2023,628.15,630.15,630.9,615.0,618.0,617.65,622.17,380201,236549367.85,12213,201318.0,52.95
ZENTEC,EQ,28-Jul-2023,628.5,630.75,634.8,616.0,628.0,628.15,627.71,318047,199641808.1,9196,153182.0,48.16
ZENTEC,EQ,27-Jul-2023,625.9,629.8,638.0,622.1,630.0,628.5,630.35,476400,300299670.7,14499,227348.0,47.72
ZENTEC,EQ,26-Jul-2023,631.7,633.3,655.0,615.0,624.0,625.9,638.31,1034553,660365135.45,25883,428547.0,41.42
ZENTEC,EQ,25-Jul-2023,613.45,617.0,645.7,611.65,635.0,631.7,629.86,1208185,760989433.8,28227,534175.0,44.21
ZENTEC,EQ,24-Jul-2023,619.85,614.0,623.9,610.0,611.85,613.45,616.6,424497,261743574.2,13743,207182.0,48.81
ZENTEC,EQ,21-Jul-2023,615.8,615.8,627.3,605.8,621.0,619.85,619.47,593001,367345176.85,14652,213521.0,36.01
ZENTEC,EQ,20-Jul-2023,609.25,609.0,633.0,604.0,616.0,615.8,618.64,1145699,708777446.15,26249,296956.0,25.92
ZENTEC,EQ,19-Jul-2023,602.9,605.0,618.0,594.0,606.8,609.25,606.73,874544,530610950.55,21701,249619.0,28.54
ZENTEC,EQ,18-Jul-2023,608.5,613.4,613.4,575.0,603.0,602.9,598.64,733830,439302554.25,22577,267687.0,36.48
ZENTEC,EQ,17-Jul-2023,590.5,595.4,616.7,585.0,610.95,608.5,602.59,1518692,915146180.35,32192,463837.0,30.54
ZENTEC,EQ,14-Jul-2023,589.85,600.0,607.65,573.55,590.0,590.5,591.69,2325511,1375979466.55,45358,682951.0,29.37
ZENTEC,EQ,13-Jul-2023,576.95,605.0,654.9,570.7,599.9,589.85,623.13,20899486,13023054313.4,321901,2300801.0,11.01
ZENTEC,EQ,12-Jul-2023,480.8,489.0,576.95,486.85,576.95,576.95,540.72,11470666,6202385016.65,167132,1800032.0,15.69
ZENTEC,EQ,11-Jul-2023,425.0,426.0,489.0,425.5,482.15,480.8,470.65,8964371,4219048145.85,126452,1590099.0,17.74
ZENTEC,EQ,10-Jul-2023,429.8,432.15,432.6,421.5,425.85,425.0,425.18,439123,186708040.3,11161,193582.0,44.08
ZENTEC,EQ,07-Jul-2023,419.6,432.6,439.65,426.0,428.0,429.8,432.02,2273226,982077856.95,38834,718542.0,31.61
ZENTEC,EQ,06-Jul-2023,414.2,416.65,424.95,416.0,420.6,419.6,419.72,454130,190607178.7,9111,195045.0,42.95
ZENTEC,EQ,05-Jul-2023,415.35,415.35,422.9,411.4,414.35,414.2,415.96,359475,149527759.55,10224,145431.0,40.46
ZENTEC,EQ,04-Jul-2023,421.55,423.0,427.0,412.1,413.15,415.35,419.43,401386,168354223.95,10904,184552.0,45.98
ZENTEC,EQ,03-Jul-2023,417.9,420.4,429.2,418.0,420.95,421.55,423.27,715289,302760889.2,14539,286991.0,40.12
ZENTEC,EQ,30-Jun-2023,414.0,415.15,419.5,410.0,418.5,417.9,416.45,580926,241925659.05,18120,285960.0,49.22
ZENTEC,EQ,28-Jun-2023,413.55,416.0,427.3,412.05,414.75,414.0,418.41,1189059,497512557.5,23867,308239.0,25.92
ZENTEC,EQ,27-Jun-2023,418.9,422.9,423.85,411.1,415.8,413.55,414.83,731151,303305487.45,15093,291472.0,39.86
ZENTEC,EQ,26-Jun-2023,386.25,392.1,421.35,392.1,419.8,418.9,412.37,2213827,912913317.25,40784,702493.0,31.73
ZENTEC,EQ,23-Jun-2023,405.65,406.0,407.6,385.0,387.0,386.25,390.24,916078,357487931.55,21746,411687.0,44.94
ZENTEC,EQ,22-Jun-2023,409.55,410.8,414.05,402.1,406.0,405.65,408.41,401743,164074010.95,10517,163358.0,40.66
ZENTEC,EQ,21-Jun-2023,405.0,405.7,415.95,405.3,411.95,409.55,411.1,763686,313947683.75,15476,261135.0,34.19
ZENTEC,EQ,20-Jun-2023,409.5,409.45,414.45,401.8,405.3,405.0,405.79,601496,244083137.05,14038,254715.0,42.35
ZENTEC,EQ,19-Jun-2023,409.85,411.0,423.0,406.1,408.55,409.5,412.13,716028,295098487.6,14368,288604.0,40.31
ZENTEC,EQ,16-Jun-2023,414.85,417.5,418.8,408.7,410.35,409.85,411.49,643023,264594979.35,14372,331709.0,51.59
ZENTEC,EQ,15-Jun-2023,413.1,413.6,423.85,412.75,415.45,414.85,417.07,722068,301155655.1,16111,253114.0,35.05
ZENTEC,EQ,14-Jun-2023,414.2,415.9,418.9,407.3,413.6,413.1,411.86,572426,235759191.6,14044,195290.0,34.12
ZENTEC,EQ,13-Jun-2023,427.05,427.75,427.75,408.4,414.9,414.2,415.74,1265811,526251352.65,26829,585882.0,46.29
ZENTEC,EQ,12-Jun-2023,425.0,429.0,435.0,425.3,427.0,427.05,429.09,909415,390225404.1,19124,368316.0,40.50
ZENTEC,EQ,09-Jun-2023,431.95,431.9,432.0,417.0,426.0,425.0,423.34,897119,379788049.2,19486,299275.0,33.36
ZENTEC,EQ,08-Jun-2023,413.4,425.0,453.2,425.0,427.9,431.95,437.46,3942273,1724591910.55,60693,920669.0,23.35
ZENTEC,EQ,07-Jun-2023,414.9,417.0,422.6,410.55,413.9,413.4,414.72,814910,337958474.05,15961,285435.0,35.03
ZENTEC,EQ,06-Jun-2023,420.1,422.95,428.95,404.1,415.75,414.9,413.89,1512145,625862221.05,30524,442368.0,29.25
ZENTEC,EQ,05-Jun-2023,398.85,401.6,433.95,401.6,422.9,420.1,421.34,3402196,1433475709.05,58475,915847.0,26.92
ZENTEC,EQ,02-Jun-2023,376.5,377.7,400.5,377.7,399.8,398.85,395.4,2628703,1039392357.7,43217,832938.0,31.69
ZENTEC,EQ,01-Jun-2023,372.4,372.0,380.0,371.85,377.7,376.5,376.25,510977,192255871.5,9692,205545.0,40.23
ZENTEC,EQ,31-May-2023,372.6,372.8,378.4,368.0,372.95,372.4,373.24,974666,363786558.3,16975,361695.0,37.11
ZENTEC,EQ,30-May-2023,358.8,357.25,374.7,356.0,370.9,372.6,367.97,1421943,523225950.2,24346,484207.0,34.05
ZENTEC,EQ,29-May-2023,353.0,357.6,365.5,353.55,357.2,358.8,359.55,1185034,426082028.7,20852,419813.0,35.43
ZENTEC,EQ,26-May-2023,349.65,351.0,359.7,347.0,351.5,353.0,353.54,1297783,458812550.4,22130,422500.0,32.56
ZENTEC,EQ,25-May-2023,331.25,331.9,354.95,328.7,351.0,349.65,347.37,2538110,881658746.35,45704,795790.0,31.35
ZENTEC,EQ,24-May-2023,333.1,332.55,341.35,329.5,330.4,331.25,334.97,464933,155739442.55,10935,185273.0,39.85
ZENTEC,EQ,23-May-2023,332.45,332.5,335.45,325.55,333.0,333.1,330.84,489006,161783195.45,11823,194024.0,39.68
ZENTEC,EQ,22-May-2023,336.45,337.0,343.95,330.5,330.75,332.45,335.71,685407,230098702.35,13229,293627.0,42.84
ZENTEC,EQ,19-May-2023,337.9,339.7,339.9,327.6,337.0,336.45,333.95,769419,256943849.95,15314,254823.0,33.12
ZENTEC,EQ,18-May-2023,333.5,335.25,352.8,333.25,337.85,337.9,344.17,2322119,799196218.05,42511,604535.0,26.03
ZENTEC,EQ,17-May-2023,308.55,309.5,346.0,307.65,333.4,333.5,334.14,6668066,2228055712.4,92830,1505539.0,22.58
ZENTEC,EQ,16-May-2023,306.0,307.2,314.5,307.0,309.2,308.55,309.93,622552,192949367.35,11408,289261.0,46.46
ZENTEC,EQ,15-May-2023,298.0,299.15,308.4,297.8,306.0,306.0,303.53,757056,229787034.15,13606,332573.0,43.93
ZENTEC,EQ,12-May-2023,307.05,306.9,307.4,297.0,298.1,298.0,300.69,652036,196063017.85,13553,294541.0,45.17
ZENTEC,EQ,11-May-2023,307.4,309.35,312.4,305.0,306.8,307.05,309.15,366419,113278717.55,8763,160887.0,43.91
ZENTEC,EQ,10-May-2023,310.2,312.0,313.35,304.0,308.6,307.4,307.65,490358,150858567.5,10662,197698.0,40.32
ZENTEC,EQ,09-May-2023,307.75,310.0,318.9,307.85,310.0,310.2,312.77,1250845,391231436.85,23971,455312.0,36.40
ZENTEC,EQ,08-May-2023,286.35,323.1,324.7,303.0,307.25,307.75,309.99,3675538,1139364589.25,53113,1406153.0,38.26
ZENTEC,EQ,05-May-2023,287.15,288.55,289.15,281.0,289.0,286.35,284.67,568692,161888687.95,11139,269810.0,47.44
ZENTEC,EQ,04-May-2023,284.85,287.0,290.65,285.1,288.0,287.15,287.7,390396,112316687.5,9142,164228.0,42.07
ZENTEC,EQ,03-May-2023,289.3,289.1,294.8,280.2,284.75,284.85,287.92,621023,178807749.75,14253,313016.0,50.40
ZENTEC,EQ,02-May-2023,290.95,293.4,297.0,288.0,290.5,289.3,292.41,459902,134481014.85,10106,192554.0,41.87
ZENTEC,EQ,28-Apr-2023,291.2,292.75,295.95,289.5,291.9,290.95,292.69,557127,163067038.35,11973,219325.0,39.37
ZENTEC,EQ,27-Apr-2023,294.1,294.1,296.0,290.0,291.95,291.2,292.37,417721,122128594.1,8862,166127.0,39.77
ZENTEC,EQ,26-Apr-2023,287.1,287.3,301.9,285.7,292.8,294.1,294.91,1032170,304394140.9,18184,307921.0,29.83
ZENTEC,EQ,25-Apr-2023,295.8,296.55,298.85,284.6,287.5,287.1,290.93,1196293,348038978.15,22606,474090.0,39.63
ZENTEC,EQ,24-Apr-2023,305.95,307.4,311.6,294.25,295.95,295.8,302.05,742013,224123115.35,13731,395367.0,53.28
ZENTEC,EQ,21-Apr-2023,310.15,311.3,311.7,304.7,305.65,305.95,307.43,608178,186970545.9,12354,225958.0,37.15
ZENTEC,EQ,20-Apr-2023,312.75,312.95,316.75,307.55,310.05,310.15,311.24,525123,163440177.05,10285,183313.0,34.91
ZENTEC,EQ,19-Apr-2023,316.4,318.05,319.65,311.0,312.8,312.75,315.1,380452,119881339.6,7034,166529.0,43.77
ZENTEC,EQ,18-Apr-2023,311.25,312.4,320.5,310.4,317.0,316.4,315.68,780726,246457421.0,14840,281530.0,36.06
ZENTEC,EQ,17-Apr-2023,311.25,311.25,313.45,305.4,312.4,311.25,308.85,596677,184284744.7,10911,234074.0,39.23
ZENTEC,EQ,13-Apr-2023,307.95,309.25,316.8,306.85,310.0,311.25,312.45,983460,307283079.05,18317,357713.0,36.37
ZENTEC,EQ,12-Apr-2023,305.45,306.4,312.6,303.6,310.0,307.95,308.34,788109,243002095.8,15808,236545.0,30.01
ZENTEC,EQ,11-Apr-2023,311.4,313.0,317.5,303.0,305.1,305.45,308.29,1025641,316191376.75,20186,377603.0,36.82
ZENTEC,EQ,10-Apr-2023,314.3,315.9,319.55,305.6,309.85,311.4,312.41,1161349,362820327.95,20937,361783.0,31.15
ZENTEC,EQ,06-Apr-2023,325.6,327.3,328.6,313.1,314.5,314.3,318.81,1116657,356004658.05,18098,434457.0,38.91
ZENTEC,EQ,05-Apr-2023,338.55,335.0,342.4,322.55,325.45,325.6,330.73,1714940,567180965.2,27126,593721.0,34.62
ZENTEC,EQ,03-Apr-2023,328.15,328.0,341.65,324.6,339.5,338.55,333.74,2010457,670965896.5,31848,368872.0,18.35
ZENTEC,EQ,31-Mar-2023,320.3,321.8,331.75,320.0,327.4,328.15,326.45,2393316,781296796.45,31996,354501.0,14.81
ZENTEC,EQ,29-Mar-2023,296.0,296.0,325.8,294.25,319.55,320.3,316.45,3697584,1170112447.8,50274,686480.0,18.57
ZENTEC,EQ,28-Mar-2023,299.6,300.0,305.45,292.5,297.0,296.0,297.7,954016,284010999.35,17438,226366.0,23.73
ZENTEC,EQ,27-Mar-2023,301.3,305.0,308.0,294.3,297.0,299.6,299.36,995347,297962257.4,15309,266724.0,26.80
ZENTEC,EQ,24-Mar-2023,308.5,312.0,317.45,296.1,301.65,301.3,306.23,1496196,458180876.8,22157,342651.0,22.90
ZENTEC,EQ,23-Mar-2023,306.7,305.75,315.9,304.5,307.8,308.5,310.05,1261740,391197000.4,18464,222261.0,17.62
ZENTEC,EQ,22-Mar-2023,311.2,310.05,312.9,303.85,306.45,306.7,308.8,1149560,354985393.1,18591,317187.0,27.59
ZENTEC,EQ,21-Mar-2023,307.05,306.55,319.9,305.0,309.6,311.2,312.07,2242883,699927729.0,29086,498191.0,22.21
ZENTEC,EQ,20-Mar-2023,303.95,294.05,309.8,294.05,305.0,307.05,302.5,2105258,636841400.15,33710,351155.0,16.68
ZENTEC,EQ,17-Mar-2023,283.15,286.0,309.7,286.0,303.0,303.95,300.32,3563017,1070058153.7,47345,651746.0,18.29
ZENTEC,EQ,16-Mar-2023,285.8,284.8,290.65,276.0,282.9,283.15,283.19,1553885,440047928.25,22471,319089.0,20.53
ZENTEC,EQ,15-Mar-2023,293.45,293.45,297.95,281.35,284.0,285.8,290.03,1971398,571770172.25,27130,418477.0,21.23
ZENTEC,EQ,14-Mar-2023,261.8,262.0,297.4,262.0,291.75,293.45,285.49,6080354,1735867315.7,74015,830721.0,13.66
ZENTEC,EQ,13-Mar-2023,272.5,272.45,275.5,256.9,263.0,261.8,264.95,948317,251257415.25,16484,345692.0,36.45
ZENTEC,EQ,10-Mar-2023,280.55,278.95,282.2,271.05,273.4,272.5,275.61,818387,225556082.45,14661,239668.0,29.29
ZENTEC,EQ,09-Mar-2023,282.45,283.6,291.45,275.65,279.2,280.55,284.97,1831984,522060814.45,26966,517006.0,28.22
ZENTEC,EQ,08-Mar-2023,275.55,274.7,284.4,271.1,282.5,282.45,278.47,1270195,353716439.3,18592,307586.0,24.22
ZENTEC,EQ,06-Mar-2023,271.9,273.65,282.7,272.0,273.95,275.55,276.92,1402514,388388321.9,20845,402221.0,28.68
ZENTEC,EQ,03-Mar-2023,272.85,272.9,277.9,270.5,272.0,271.9,273.31,1102669,301372609.5,16171,341971.0,31.01
ZENTEC,EQ,02-Mar-2023,272.4,271.65,278.6,268.8,271.4,272.85,273.48,1594466,436052809.3,24251,434628.0,27.26
ZENTEC,EQ,01-Mar-2023,263.6,263.8,274.85,261.0,270.0,272.4,268.06,1684299,451497071.15,23766,450532.0,26.75
ZENTEC,EQ,28-Feb-2023,265.45,264.8,271.8,260.75,262.4,263.6,265.76,1519093,403708534.1,25776,383396.0,25.24
ZENTEC,EQ,27-Feb-2023,266.95,266.0,274.6,252.5,263.5,265.45,264.64,3613755,956336596.3,54046,703480.0,19.47
ZENTEC,EQ,24-Feb-2023,234.7,236.0,270.9,230.55,266.9,266.95,254.02,4883950,1240644580.55,65526,925880.0,18.96
ZENTEC,EQ,23-Feb-2023,247.7,251.4,253.75,231.5,233.1,234.7,240.75,1709887,411661400.4,23758,616456.0,36.05
ZENTEC,EQ,22-Feb-2023,256.75,255.0,256.1,243.2,248.0,247.7,248.01,1465665,363498021.65,23596,419569.0,28.63
ZENTEC,EQ,21-Feb-2023,251.35,253.7,261.8,251.5,258.0,256.75,256.96,3275544,841690193.05,39668,690886.0,21.09
ZENTEC,EQ,20-Feb-2023,235.5,239.05,253.0,239.05,252.9,251.35,248.65,3401265,845735059.45,40377,866175.0,25.47
ZENTEC,EQ,17-Feb-2023,230.9,231.3,247.75,231.0,237.25,235.5,241.09,2832207,682816009.3,37425,649234.0,22.92
ZENTEC,EQ,16-Feb-2023,234.25,235.5,238.45,228.1,231.45,230.9,233.49,1709036,399042648.95,27616,412580.0,24.14
ZENTEC,EQ,15-Feb-2023,212.7,213.8,242.0,212.5,235.1,234.25,233.67,6831124,1596224940.15,85363,1757250.0,25.72
ZENTEC,EQ,14-Feb-2023,210.7,211.75,215.0,209.2,212.8,212.7,211.94,388996,82444515.55,6445,223365.0,57.42
ZENTEC,EQ,13-Feb-2023,212.85,213.8,215.45,208.0,211.0,210.7,210.32,364973,76760999.15,7385,187809.0,51.46
ZENTEC,EQ,10-Feb-2023,205.15,203.0,215.9,203.0,212.65,212.85,212.46,1331167,282816606.7,17796,704073.0,52.89
ZENTEC,EQ,09-Feb-2023,204.65,205.95,206.0,203.0,205.0,205.15,204.21,140695,28730780.1,3293,92098.0,65.46
ZENTEC,EQ,08-Feb-2023,201.3,202.7,207.9,200.1,205.0,204.65,204.43,524179,107157234.05,8685,316621.0,60.40
ZENTEC,EQ,07-Feb-2023,197.85,198.0,204.9,197.85,201.25,201.3,201.66,365219,73648488.2,7776,194178.0,53.17
ZENTEC,EQ,06-Feb-2023,199.1,199.95,200.5,197.15,197.25,197.85,198.31,255934,50754814.2,4946,186317.0,72.80
ZENTEC,EQ,03-Feb-2023,197.0,198.9,202.0,195.2,198.95,199.1,199.09,370622,73785722.15,7345,180200.0,48.62
ZENTEC,EQ,02-Feb-2023,193.05,193.4,201.5,193.1,196.5,197.0,197.54,297062,58682752.25,7264,116260.0,39.14
ZENTEC,EQ,01-Feb-2023,201.55,204.5,211.5,191.0,193.5,193.05,204.3,2054238,419675964.25,35696,601742.0,29.29
ZENTEC,EQ,31-Jan-2023,200.1,201.2,203.7,199.1,201.3,201.55,201.55,326047,65714773.9,7437,157476.0,48.30
ZENTEC,EQ,30-Jan-2023,192.1,201.2,205.0,196.4,201.3,200.1,199.94,1070725,214079688.4,18886,317906.0,29.69
ZENTEC,EQ,27-Jan-2023,195.6,197.7,199.45,188.25,192.0,192.1,193.14,282776,54615508.25,7069,115872.0,40.98
ZENTEC,EQ,25-Jan-2023,195.8,195.45,198.7,192.0,195.8,195.6,195.2,148002,28890364.95,4322,79239.0,53.54
ZENTEC,EQ,24-Jan-2023,192.2,193.0,198.0,193.0,195.45,195.8,195.47,175312,34268169.9,4657,73888.0,42.15
ZENTEC,EQ,23-Jan-2023,192.65,193.55,195.2,191.6,192.9,192.2,193.06,70324,13577006.65,2634,40102.0,57.02
ZENTEC,EQ,20-Jan-2023,194.2,193.05,195.2,192.25,193.5,192.65,193.6,65443,12669515.25,1845,38707.0,59.15
ZENTEC,EQ,19-Jan-2023,193.85,192.5,196.0,192.5,193.8,194.2,194.68,109638,21343784.35,3409,56334.0,51.38
ZENTEC,EQ,18-Jan-2023,193.45,193.45,195.4,192.15,194.6,193.85,194.05,69201,13428200.95,2552,32920.0,47.57
ZENTEC,EQ,17-Jan-2023,195.75,196.55,196.55,192.05,192.8,193.45,194.07,87791,17037787.35,3157,47880.0,54.54
ZENTEC,EQ,16-Jan-2023,191.9,192.75,198.9,192.0,195.95,195.75,195.67,169326,33132025.0,4420,70245.0,41.49
ZENTEC,EQ,13-Jan-2023,191.75,193.0,194.65,190.8,192.25,191.9,192.37,93195,17927799.2,3080,44432.0,47.68
ZENTEC,EQ,12-Jan-2023,193.2,192.2,194.2,191.0,191.5,191.75,191.97,86415,16588782.85,2651,44990.0,52.06
ZENTEC,EQ,11-Jan-2023,193.35,193.65,196.8,192.45,193.85,193.2,194.44,145595,28309122.6,4202,65402.0,44.92
ZENTEC,EQ,10-Jan-2023,194.85,192.55,196.0,192.5,193.7,193.35,193.73,93796,18171018.8,3033,45446.0,48.45
ZENTEC,EQ,09-Jan-2023,194.5,195.65,199.2,194.05,195.4,194.85,196.61,135894,26718122.85,4203,47033.0,34.61
ZENTEC,EQ,06-Jan-2023,199.35,198.95,199.55,193.25,193.8,194.5,195.88,168397,32985559.95,5660,79462.0,47.19
ZENTEC,EQ,05-Jan-2023,198.2,198.0,202.9,196.05,198.65,199.35,199.53,645346,128764949.55,12939,249799.0,38.71
ZENTEC,EQ,04-Jan-2023,187.95,187.9,205.0,186.0,197.4,198.2,198.64,1725838,342824927.55,23903,309014.0,17.91
ZENTEC,EQ,03-Jan-2023,187.25,188.0,190.0,186.3,187.6,187.95,187.98,115136,21642806.35,3150,61946.0,53.80
ZENTEC,EQ,02-Jan-2023,184.25,189.95,189.95,184.55,188.5,187.25,186.6,98722,18421325.65,3072,46087.0,46.68
ZENTEC,EQ,30-Dec-2022,185.05,187.25,188.9,183.6,186.5,184.25,185.89,187771,34905663.75,5656,94410.0,50.28
ZENTEC,EQ,29-Dec-2022,188.45,189.0,189.95,183.3,186.6,185.05,186.52,169600,31633931.75,4042,93573.0,55.17
ZENTEC,EQ,27-Dec-2024,"2,464.50","2,474.40","2,478.10","2,348.10","2,402.00","2,404.25","2,402.57",428550,1029620587.75,29129,123437.0,28.80
ZENTEC,EQ,26-Dec-2024,"2,564.95","2,562.00","2,562.00","2,440.05","2,461.00","2,464.50","2,489.14",643354,1601397947.1,40153,204164.0,31.73
ZENTEC,EQ,24-Dec-2024,"2,577.00","2,597.00","2,627.00","2,522.65","2,539.95","2,564.95","2,560.52",632541,1619637026.2,35661,153192.0,24.22
ZENTEC,EQ,23-Dec-2024,"2,493.05","2,555.00","2,600.00","2,406.65","2,566.80","2,577.00","2,507.99",1014490,2544330181.95,55987,215182.0,21.21
ZENTEC,EQ,20-Dec-2024,"2,424.00","2,448.00","2,590.00","2,323.25","2,562.30","2,493.05","2,446.31",1593381,3897896313.2,72642,571185.0,35.85
ZENTEC,EQ,19-Dec-2024,"2,380.95","2,316.90","2,489.00","2,262.00","2,432.00","2,424.00","2,421.75",908641,2200502900.95,45367,211662.0,23.29
ZENTEC,EQ,18-Dec-2024,"2,400.65","2,400.00","2,439.85","2,300.55","2,373.00","2,380.95","2,364.55",1152163,2724350228.95,60447,341186.0,29.61
ZENTEC,EQ,17-Dec-2024,"2,326.80","2,334.00","2,505.00","2,315.00","2,385.00","2,400.65","2,431.98",2567518,6244147937.7,133273,796366.0,31.02
ZENTEC,EQ,16-Dec-2024,"2,167.95","2,178.00","2,343.85","2,170.55","2,323.00","2,326.80","2,284.64",1493740,3412661688.1,89570,559197.0,37.44
ZENTEC,EQ,13-Dec-2024,"2,116.45","2,113.05","2,179.80","2,080.50","2,160.00","2,167.95","2,132.85",1158381,2470647425.45,58985,544325.0,46.99
ZENTEC,EQ,12-Dec-2024,"2,088.60","2,100.00","2,124.95","2,066.00","2,112.00","2,116.45","2,101.14",580252,1219190450.9,36576,215761.0,37.18
ZENTEC,EQ,11-Dec-2024,"2,064.15","2,077.20","2,117.85","2,037.00","2,084.00","2,088.60","2,079.76",829826,1725842032.8,50552,332911.0,40.12
ZENTEC,EQ,10-Dec-2024,"1,997.60","2,014.95","2,097.00","1,965.55","2,060.00","2,064.15","2,047.91",1655115,3389527910.2,76388,457480.0,27.64
ZENTEC,EQ,09-Dec-2024,"1,912.60","1,928.35","2,014.85","1,903.50","1,998.90","1,997.60","1,966.38",931469,1831624540.05,45082,388492.0,41.71
ZENTEC,EQ,06-Dec-2024,"1,887.00","1,926.00","2,033.00","1,898.00","1,913.00","1,912.60","1,965.61",2143441,4213176976.45,108350,634064.0,29.58
ZENTEC,EQ,05-Dec-2024,"1,836.80","1,859.00","1,900.80","1,823.00","1,892.00","1,887.00","1,867.08",573091,1070005172.85,26605,179352.0,31.30
ZENTEC,EQ,04-Dec-2024,"1,806.40","1,844.00","1,857.70","1,813.95","1,837.50","1,836.80","1,833.53",346901,636054256.75,24557,142144.0,40.98
ZENTEC,EQ,03-Dec-2024,"1,912.25","1,902.00","1,913.00","1,771.10","1,813.90","1,806.40","1,812.71",1603609,2906871061.7,56707,891106.0,55.57
ZENTEC,EQ,02-Dec-2024,"1,897.40","1,905.70","1,975.95","1,883.55","1,913.00","1,912.25","1,923.19",357558,687652407.85,26525,136606.0,38.21
ZENTEC,EQ,29-Nov-2024,"1,892.40","1,912.00","1,914.00","1,879.35","1,899.50","1,897.40","1,894.49",156276,296063718.3,10911,78243.0,50.07
ZENTEC,EQ,28-Nov-2024,"1,907.30","1,925.00","1,937.00","1,873.00","1,895.00","1,892.40","1,897.25",188523,357675096.8,13561,90182.0,47.84
ZENTEC,EQ,27-Nov-2024,"1,820.20","1,826.00","1,959.90","1,813.40","1,925.00","1,907.30","1,905.85",626375,1193775860.2,36819,294513.0,47.02
ZENTEC,EQ,26-Nov-2024,"1,812.60","1,848.85","1,849.00","1,810.30","1,821.65","1,820.20","1,824.91",163473,298323075.35,13064,81282.0,49.72
ZENTEC,EQ,25-Nov-2024,"1,763.40","1,815.00","1,844.75","1,794.65","1,809.25","1,812.60","1,815.74",410013,744477005.95,24845,259947.0,63.40
ZENTEC,EQ,22-Nov-2024,"1,781.95","1,798.90","1,798.90","1,755.00","1,767.00","1,763.40","1,770.69",136190,241150365.1,11769,61357.0,45.05
ZENTEC,EQ,21-Nov-2024,"1,768.90","1,775.00","1,847.90","1,769.05","1,780.00","1,781.95","1,797.17",297315,534325904.35,18877,93455.0,31.43
ZENTEC,EQ,19-Nov-2024,"1,757.30","1,759.95","1,814.45","1,757.30","1,765.10","1,768.90","1,789.13",210147,375980429.2,16538,109352.0,52.04
ZENTEC,EQ,18-Nov-2024,"1,766.95","1,809.00","1,809.00","1,740.00","1,753.00","1,757.30","1,761.67",181248,319299899.35,14766,84618.0,46.69
ZENTEC,EQ,14-Nov-2024,"1,695.35","1,690.00","1,794.45","1,682.10","1,756.95","1,766.95","1,758.28",367481,646134271.0,28161,153310.0,41.72
ZENTEC,EQ,13-Nov-2024,"1,786.90","1,740.05","1,779.80","1,657.10","1,702.00","1,695.35","1,721.69",278864,480118183.5,24892,134304.0,48.16
ZENTEC,EQ,12-Nov-2024,"1,778.40","1,799.00","1,812.00","1,780.00","1,781.40","1,786.90","1,796.04",147999,265812490.8,13472,80933.0,54.68
ZENTEC,EQ,11-Nov-2024,"1,824.05","1,825.40","1,862.95","1,725.00","1,794.90","1,778.40","1,807.79",262475,474500018.3,17553,111049.0,42.31
ZENTEC,EQ,08-Nov-2024,"1,873.15","1,871.00","1,884.75","1,811.00","1,813.00","1,824.05","1,849.19",177005,327316058.45,12897,77545.0,43.81
ZENTEC,EQ,07-Nov-2024,"1,900.30","1,918.00","1,919.00","1,866.00","1,869.00","1,873.15","1,887.72",182639,344771512.2,11976,97344.0,53.30
ZENTEC,EQ,06-Nov-2024,"1,877.90","1,884.95","1,927.95","1,884.95","1,901.00","1,900.30","1,902.51",296443,563986836.65,18868,169949.0,57.33
ZENTEC,EQ,05-Nov-2024,"1,865.10","1,858.00","1,890.00","1,835.05","1,879.90","1,877.90","1,868.57",307884,575304051.4,19431,119335.0,38.76
ZENTEC,EQ,04-Nov-2024,"1,878.65","1,938.60","1,938.60","1,839.15","1,856.05","1,865.10","1,877.68",1004766,1886628133.7,54293,358298.0,35.66
ZENTEC,EQ,01-Nov-2024,"1,884.35","1,900.45","1,920.00","1,850.00","1,865.00","1,878.65","1,888.85",115335,217850353.25,8999,80277.0,69.60
ZENTEC,EQ,31-Oct-2024,"1,808.00","1,806.95","1,893.50","1,789.50","1,875.00","1,884.35","1,849.91",386483,714957471.85,27199,142503.0,36.87
ZENTEC,EQ,30-Oct-2024,"1,760.95","1,766.65","1,845.45","1,750.00","1,810.30","1,808.00","1,807.45",267284,483102394.1,20706,101342.0,37.92
ZENTEC,EQ,29-Oct-2024,"1,718.60","1,735.65","1,777.00","1,695.00","1,756.00","1,760.95","1,738.56",205528,357322051.45,20877,104151.0,50.67
ZENTEC,EQ,28-Oct-2024,"1,697.90","1,705.00","1,739.95","1,644.05","1,717.15","1,718.60","1,698.52",260197,441950268.05,21828,89471.0,34.39
ZENTEC,EQ,25-Oct-2024,"1,752.55","1,750.00","1,750.00","1,655.00","1,699.00","1,697.90","1,688.18",277673,468761890.75,24391,142885.0,51.46
ZENTEC,EQ,24-Oct-2024,"1,773.35","1,774.00","1,794.10","1,747.00","1,750.70","1,752.55","1,771.08",129353,229094238.9,10217,49021.0,37.90
ZENTEC,EQ,23-Oct-2024,"1,756.95","1,725.00","1,809.95","1,685.55","1,777.10","1,773.35","1,755.54",339888,596687615.95,25245,117690.0,34.63
ZENTEC,EQ,22-Oct-2024,"1,862.45","1,894.00","1,894.00","1,751.00","1,769.00","1,756.95","1,786.99",433824,775240611.4,30851,239407.0,55.19
ZENTEC,EQ,21-Oct-2024,"1,910.45","1,918.80","1,918.80","1,852.95","1,857.50","1,862.45","1,879.14",158409,297671990.6,13936,76992.0,48.60
ZENTEC,EQ,18-Oct-2024,"1,897.65","1,887.00","1,930.00","1,809.10","1,905.00","1,910.45","1,882.14",302509,569365348.85,19918,103817.0,34.32
ZENTEC,EQ,17-Oct-2024,"1,924.05","1,925.00","1,932.00","1,855.00","1,897.80","1,897.65","1,892.60",294504,557377425.45,20592,136572.0,46.37
ZENTEC,EQ,16-Oct-2024,"1,979.60","1,979.60","1,981.90","1,908.00","1,925.00","1,924.05","1,938.86",285703,553937372.1,17769,152458.0,53.36
ZENTEC,EQ,15-Oct-2024,"1,910.15","1,914.00","1,997.70","1,878.75","1,975.00","1,979.60","1,943.75",667101,1296678629.65,29533,242847.0,36.40
ZENTEC,EQ,14-Oct-2024,"1,899.95","1,920.00","1,934.80","1,880.00","1,909.00","1,910.15","1,904.30",353318,672824976.5,24707,181498.0,51.37
ZENTEC,EQ,11-Oct-2024,"1,935.90","1,948.00","1,964.35","1,875.00","1,898.00","1,899.95","1,913.86",760297,1455099364.5,42599,279635.0,36.78
ZENTEC,EQ,10-Oct-2024,"1,759.95","1,782.00","1,935.90","1,782.00","1,935.90","1,935.90","1,906.86",1936852,3693301658.2,70443,702049.0,36.25
ZENTEC,EQ,09-Oct-2024,"1,650.55","1,664.95","1,790.00","1,659.90","1,763.00","1,759.95","1,744.29",575629,1004061426.7,33986,239320.0,41.58
ZENTEC,EQ,08-Oct-2024,"1,628.40","1,623.05","1,666.00","1,591.05","1,659.90","1,650.55","1,630.03",187235,305198588.5,23037,79169.0,42.28
ZENTEC,EQ,07-Oct-2024,"1,666.85","1,672.10","1,678.80","1,583.50","1,621.00","1,628.40","1,608.76",332156,534358740.45,22394,173918.0,52.36
ZENTEC,EQ,04-Oct-2024,"1,663.50","1,650.00","1,678.95","1,614.05","1,663.40","1,666.85","1,653.04",203228,335943922.6,15861,99942.0,49.18
ZENTEC,EQ,03-Oct-2024,"1,707.70","1,652.05","1,700.00","1,650.00","1,650.00","1,663.50","1,669.56",254291,424553377.15,16923,161416.0,63.48
ZENTEC,EQ,01-Oct-2024,"1,716.30","1,729.65","1,731.00","1,700.00","1,710.00","1,707.70","1,711.24",413005,706749005.65,10784,362985.0,87.89
ZENTEC,EQ,30-Sep-2024,"1,709.20","1,708.95","1,735.00","1,680.00","1,713.00","1,716.30","1,707.89",373316,637581786.95,33821,118613.0,31.77
ZENTEC,EQ,27-Sep-2024,"1,675.00","1,684.80","1,750.00","1,671.00","1,701.10","1,709.20","1,696.07",203526,345193442.15,15164,123769.0,60.81
ZENTEC,EQ,26-Sep-2024,"1,698.20","1,744.30","1,765.00","1,613.30","1,677.35","1,675.00","1,706.09",420266,717012806.25,26930,170865.0,40.66
ZENTEC,EQ,25-Sep-2024,"1,709.20","1,714.95","1,735.00","1,691.20","1,694.30","1,698.20","1,707.08",161279,275316124.65,18555,88026.0,54.58
ZENTEC,EQ,24-Sep-2024,"1,696.05","1,695.00","1,724.00","1,690.00","1,705.00","1,709.20","1,711.17",191742,328102268.3,22551,107721.0,56.18
ZENTEC,EQ,23-Sep-2024,"1,703.95","1,720.00","1,731.00","1,687.00","1,699.00","1,696.05","1,700.18",179246,304750241.75,20863,109253.0,60.95
ZENTEC,EQ,20-Sep-2024,"1,680.55","1,698.00","1,738.00","1,633.00","1,731.00","1,703.95","1,700.93",1113256,1893569124.15,58842,776492.0,69.75
ZENTEC,EQ,19-Sep-2024,"1,674.60","1,687.80","1,701.00","1,602.00","1,687.00","1,680.55","1,644.75",427908,703800832.85,40833,243069.0,56.80
ZENTEC,EQ,18-Sep-2024,"1,694.95","1,697.90","1,708.00","1,650.00","1,670.00","1,674.60","1,682.89",159669,268704688.45,16640,104671.0,65.55
ZENTEC,EQ,17-Sep-2024,"1,715.95","1,727.75","1,727.75","1,683.05","1,695.00","1,694.95","1,699.99",225080,382632769.55,16742,142522.0,63.32
ZENTEC,EQ,16-Sep-2024,"1,667.70","1,690.00","1,722.00","1,666.05","1,714.00","1,715.95","1,697.37",355417,603273166.75,24455,217762.0,61.27
ZENTEC,EQ,13-Sep-2024,"1,621.25","1,640.00","1,694.65","1,621.00","1,664.90","1,667.70","1,661.60",354352,588791406.8,23036,155360.0,43.84
ZENTEC,EQ,12-Sep-2024,"1,612.40","1,620.00","1,634.95","1,609.30","1,621.00","1,621.25","1,619.53",161531,261603558.15,16345,98744.0,61.13
ZENTEC,EQ,11-Sep-2024,"1,618.80","1,628.90","1,628.90","1,598.05","1,609.00","1,612.40","1,613.76",207402,334697249.75,16844,131305.0,63.31
ZENTEC,EQ,10-Sep-2024,"1,594.30","1,601.20","1,628.90","1,594.30","1,614.00","1,618.80","1,614.26",237327,383106960.4,17088,146589.0,61.77
ZENTEC,EQ,09-Sep-2024,"1,626.40","1,619.85","1,619.95","1,576.00","1,595.95","1,594.30","1,592.36",314152,500243482.7,25360,175359.0,55.82
ZENTEC,EQ,06-Sep-2024,"1,673.35","1,678.00","1,678.00","1,618.00","1,625.00","1,626.40","1,636.96",302592,495332218.25,35996,204802.0,67.68
ZENTEC,EQ,05-Sep-2024,"1,659.95","1,679.00","1,684.95","1,650.50","1,667.00","1,673.35","1,667.42",219469,365947211.75,18212,121450.0,55.34
ZENTEC,EQ,04-Sep-2024,"1,677.55","1,675.00","1,700.50","1,651.00","1,660.40","1,659.95","1,672.27",325628,544537583.85,23261,183984.0,56.50
ZENTEC,EQ,03-Sep-2024,"1,684.75","1,710.00","1,710.00","1,670.10","1,678.80","1,677.55","1,687.01",332513,560951915.75,26268,193853.0,58.30
ZENTEC,EQ,02-Sep-2024,"1,696.65","1,729.00","1,729.00","1,670.00","1,681.90","1,684.75","1,689.41",425511,718861057.55,29145,237855.0,55.90
ZENTEC,EQ,30-Aug-2024,"1,734.15","1,735.25","1,744.90","1,671.00","1,695.00","1,696.65","1,699.49",823565,1399638360.75,51213,460767.0,55.95
ZENTEC,EQ,29-Aug-2024,"1,825.40","1,799.00","1,799.00","1,734.15","1,734.15","1,734.15","1,740.34",723007,1258278536.2,31879,444174.0,61.43
ZENTEC,EQ,28-Aug-2024,"1,845.05","1,883.45","1,883.45","1,790.00","1,820.00","1,825.40","1,822.60",455105,829476246.3,28694,252279.0,55.43
ZENTEC,EQ,27-Aug-2024,"1,876.70","1,900.90","1,970.00","1,825.05","1,846.00","1,845.05","1,897.36",954106,1810280869.2,52002,444589.0,46.60
ZENTEC,EQ,26-Aug-2024,"1,787.35","1,843.00","1,876.70","1,810.20","1,876.70","1,876.70","1,867.01",934945,1745552324.05,28622,454675.0,48.63
ZENTEC,EQ,23-Aug-2024,"1,753.65","1,766.30","1,800.00","1,712.10","1,784.15","1,787.35","1,756.54",446397,784112821.8,26719,178760.0,40.05
ZENTEC,EQ,22-Aug-2024,"1,782.55","1,774.50","1,863.35","1,731.00","1,757.00","1,753.65","1,789.13",1000893,1790724345.7,47836,463590.0,46.32
ZENTEC,EQ,21-Aug-2024,"1,697.70","1,704.90","1,782.55","1,692.00","1,782.55","1,782.55","1,760.36",706030,1242863743.7,26006,359097.0,50.86
ZENTEC,EQ,20-Aug-2024,"1,696.85","1,715.00","1,715.00","1,665.25","1,692.00","1,697.70","1,690.83",215379,364169867.15,17718,106671.0,49.53
ZENTEC,EQ,19-Aug-2024,"1,702.85","1,749.95","1,749.95","1,687.05","1,702.00","1,696.85","1,711.99",408587,699495976.2,32064,177497.0,43.44
ZENTEC,EQ,16-Aug-2024,"1,657.20","1,665.00","1,724.00","1,665.00","1,704.80","1,702.85","1,705.04",347161,591922504.25,27011,206824.0,59.58
ZENTEC,EQ,14-Aug-2024,"1,651.75","1,675.95","1,680.00","1,614.60","1,659.45","1,657.20","1,642.03",286017,469647753.6,25120,123271.0,43.10
ZENTEC,EQ,13-Aug-2024,"1,722.10","1,725.00","1,727.40","1,641.00","1,660.00","1,651.75","1,677.71",384827,645628649.95,28022,248794.0,64.65
ZENTEC,EQ,12-Aug-2024,"1,734.75","1,734.00","1,785.00","1,710.50","1,715.20","1,722.10","1,743.39",570336,994318613.8,39351,250808.0,43.98
ZENTEC,EQ,09-Aug-2024,"1,684.45","1,730.00","1,767.95","1,680.00","1,733.00","1,734.75","1,719.07",598869,1029497759.75,33775,261752.0,43.71
ZENTEC,EQ,08-Aug-2024,"1,645.90","1,650.00","1,728.15","1,650.00","1,696.75","1,684.45","1,711.92",874824,1497630115.25,27303,338659.0,38.71
ZENTEC,EQ,07-Aug-2024,"1,567.55","1,600.00","1,645.90","1,573.95","1,645.90","1,645.90","1,615.98",333548,539005592.45,13304,187716.0,56.28
ZENTEC,EQ,06-Aug-2024,"1,638.90","1,650.00","1,690.00","1,557.00","1,568.00","1,567.55","1,612.75",472560,762119631.2,32718,260518.0,55.13
ZENTEC,EQ,05-Aug-2024,"1,709.50","1,630.00","1,707.00","1,624.10","1,642.00","1,638.90","1,649.05",824142,1359048678.35,41237,553103.0,67.11
ZENTEC,EQ,02-Aug-2024,"1,700.05","1,675.00","1,768.00","1,670.00","1,712.00","1,709.50","1,716.46",687925,1180797234.65,34997,380194.0,55.27
ZENTEC,EQ,01-Aug-2024,"1,705.15","1,705.00","1,723.70","1,680.55","1,702.00","1,700.05","1,702.40",494532,841893715.45,21459,316642.0,64.03
ZENTEC,EQ,31-Jul-2024,"1,689.50","1,689.50","1,743.00","1,645.00","1,701.00","1,705.15","1,694.17",963680,1632634444.6,44245,461459.0,47.89
ZENTEC,EQ,30-Jul-2024,"1,609.05","1,679.50","1,689.50","1,641.60","1,689.50","1,689.50","1,675.86",1194842,2002391498.6,38719,580233.0,48.56
ZENTEC,EQ,29-Jul-2024,"1,532.45","1,609.05","1,609.05","1,580.00","1,609.05","1,609.05","1,607.96",1030398,1656841110.3,10706,554989.0,53.86
ZENTEC,EQ,26-Jul-2024,"1,459.50","1,467.00","1,532.45","1,465.00","1,532.45","1,532.45","1,517.86",550733,835933158.9,16879,319422.0,58.00
ZENTEC,EQ,25-Jul-2024,"1,449.15","1,420.00","1,469.30","1,411.05","1,459.95","1,459.50","1,449.93",218765,317192918.0,11702,146209.0,66.83
ZENTEC,EQ,24-Jul-2024,"1,423.20","1,435.50","1,480.00","1,421.05","1,452.00","1,449.15","1,451.75",263082,381929871.8,13579,156948.0,59.66
ZENTEC,EQ,23-Jul-2024,"1,435.85","1,444.80","1,479.00","1,364.05","1,424.00","1,423.20","1,426.34",717746,1023748244.85,35081,362037.0,50.44
ZENTEC,EQ,22-Jul-2024,"1,377.30","1,387.00","1,443.00","1,345.00","1,434.00","1,435.85","1,417.46",535814,759492642.4,29270,288199.0,53.79
ZENTEC,EQ,19-Jul-2024,"1,392.60","1,360.70","1,434.45","1,332.00","1,383.65","1,377.30","1,374.64",617888,849374479.9,28608,321053.0,51.96
ZENTEC,EQ,18-Jul-2024,"1,353.20","1,379.00","1,400.00","1,341.60","1,395.10","1,392.60","1,376.10",783928,1078765698.75,35860,475026.0,60.60
ZENTEC,EQ,16-Jul-2024,"1,360.95","1,385.00","1,408.00","1,341.00","1,355.00","1,353.20","1,371.02",569354,780598123.2,26365,330942.0,58.13
ZENTEC,EQ,15-Jul-2024,"1,296.15","1,350.00","1,360.95","1,332.00","1,360.95","1,360.95","1,356.19",589289,799190572.85,13725,317072.0,53.81
ZENTEC,EQ,12-Jul-2024,"1,321.55","1,332.00","1,347.95","1,285.00","1,296.10","1,296.15","1,303.63",256698,334639160.75,17381,165166.0,64.34
ZENTEC,EQ,11-Jul-2024,"1,328.60","1,355.00","1,355.00","1,305.00","1,325.85","1,321.55","1,325.71",219753,291327662.25,12260,126542.0,57.58
ZENTEC,EQ,10-Jul-2024,"1,332.25","1,338.00","1,339.45","1,268.00","1,331.00","1,328.60","1,309.12",380833,498556601.9,17564,236287.0,62.04
ZENTEC,EQ,09-Jul-2024,"1,384.35","1,384.00","1,396.00","1,315.15","1,338.00","1,332.25","1,334.52",553222,738285951.2,25906,323317.0,58.44
ZENTEC,EQ,08-Jul-2024,"1,409.25","1,414.95","1,421.20","1,346.00","1,383.55","1,384.35","1,379.53",420918,580669086.9,21254,223675.0,53.14
ZENTEC,EQ,05-Jul-2024,"1,439.60","1,445.00","1,454.00","1,402.80","1,409.00","1,409.25","1,425.22",471107,671429212.0,22241,253875.0,53.89
ZENTEC,EQ,04-Jul-2024,"1,429.80","1,467.95","1,486.35","1,362.00","1,434.00","1,439.60","1,419.73",1466418,2081923872.6,59943,640367.0,43.67
ZENTEC,EQ,03-Jul-2024,"1,299.85","1,310.00","1,429.80","1,295.05","1,429.80","1,429.80","1,381.64",1525304,2107418005.25,60651,622270.0,40.80
ZENTEC,EQ,02-Jul-2024,"1,290.45","1,304.00","1,317.30","1,260.55","1,296.00","1,299.85","1,292.73",774623,1001380480.65,35414,351456.0,45.37
ZENTEC,EQ,01-Jul-2024,"1,175.05","1,183.30","1,292.55","1,180.00","1,292.55","1,290.45","1,271.55",1669268,2122550050.05,45367,781169.0,46.80
ZENTEC,EQ,28-Jun-2024,"1,158.70","1,163.05","1,208.40","1,155.60","1,182.40","1,175.05","1,180.70",338660,399854850.75,15868,155698.0,45.97
ZENTEC,EQ,27-Jun-2024,"1,193.45","1,201.90","1,220.00","1,146.95","1,160.70","1,158.70","1,174.60",320881,376905939.55,15233,176715.0,55.07
ZENTEC,EQ,26-Jun-2024,"1,175.65","1,180.90","1,220.00","1,170.30","1,193.00","1,193.45","1,196.33",393691,470983136.8,18640,173391.0,44.04
ZENTEC,EQ,25-Jun-2024,"1,182.90","1,190.00","1,200.00","1,172.00","1,175.80","1,175.65","1,184.75",187304,221908286.5,12765,102312.0,54.62
ZENTEC,EQ,24-Jun-2024,"1,142.70","1,145.00","1,209.95","1,139.05","1,182.50","1,182.90","1,185.08",476314,564469878.45,21323,211915.0,44.49
ZENTEC,EQ,21-Jun-2024,"1,191.75","1,194.00","1,217.00","1,140.00","1,145.90","1,142.70","1,164.12",526042,612374889.8,24839,340334.0,64.70
ZENTEC,EQ,20-Jun-2024,"1,178.05","1,184.50","1,208.00","1,173.95","1,187.50","1,191.75","1,193.01",338453,403777582.7,18048,171487.0,50.67
ZENTEC,EQ,19-Jun-2024,"1,217.75","1,227.15","1,227.90","1,161.45","1,180.00","1,178.05","1,189.95",676915,805494043.7,30068,334364.0,49.40
ZENTEC,EQ,18-Jun-2024,"1,120.55","1,137.00","1,230.00","1,110.05","1,210.60","1,217.75","1,177.67",1925859,2268018708.95,80461,786745.0,40.85
ZENTEC,EQ,14-Jun-2024,"1,029.65","1,038.00","1,132.60","1,026.55","1,115.50","1,120.55","1,096.63",1376393,1509398551.65,45361,673408.0,48.93
ZENTEC,EQ,13-Jun-2024,"1,033.45","1,048.00","1,053.35","1,017.10","1,029.00","1,029.65","1,033.01",393274,406257111.0,20737,243019.0,61.79
ZENTEC,EQ,12-Jun-2024,994.45,999.00,"1,060.00",994.50,"1,034.95","1,033.45","1,033.80",909759,940511162.3,33221,526769.0,57.90
ZENTEC,EQ,11-Jun-2024,999.35,"1,009.05","1,014.00",989.05,997.80,994.45,997.73,196744,196296974.85,11465,124544.0,63.30
ZENTEC,EQ,10-Jun-2024,967.40,984.95,"1,025.00",983.05,"1,000.00",999.35,999.49,404655,404449796.95,19959,201458.0,49.79
ZENTEC,EQ,07-Jun-2024,917.05,949.00,998.00,944.00,971.00,967.40,976.41,760264,742331405.1,29683,334147.0,43.95
ZENTEC,EQ,06-Jun-2024,899.55,909.95,944.40,905.00,928.90,917.05,924.10,373766,345395564.0,12670,178139.0,47.66
ZENTEC,EQ,05-Jun-2024,941.00,893.95,915.00,893.95,898.00,899.55,896.70,440293,394809831.5,14044,310037.0,70.42
ZENTEC,EQ,04-Jun-2024,990.50,990.10,990.10,941.00,941.00,941.00,947.24,305998,289852259.85,10313,180823.0,59.09
ZENTEC,EQ,03-Jun-2024,965.30,"1,013.00","1,013.00",981.00,990.05,990.50,991.33,393708,390296447.75,17079,286453.0,72.76
ZENTEC,EQ,31-May-2024,927.25,936.25,972.00,916.55,971.95,965.30,947.22,265134,251140872.6,12068,175989.0,66.38
ZENTEC,EQ,30-May-2024,933.20,933.55,939.80,925.00,927.00,927.25,932.50,109682,102277987.95,4875,72571.0,66.16
ZENTEC,EQ,29-May-2024,925.70,920.50,941.05,916.45,933.00,933.20,927.56,230873,214149580.2,9510,139360.0,60.36
ZENTEC,EQ,28-May-2024,958.35,962.00,965.00,920.00,924.00,925.70,936.32,284359,266252179.5,15605,217778.0,76.59
ZENTEC,EQ,27-May-2024,975.10,985.10,992.65,950.30,956.50,958.35,963.55,248410,239354640.45,11078,178834.0,71.99
ZENTEC,EQ,24-May-2024,986.25,987.00,998.95,972.45,975.55,975.10,983.36,196561,193289982.35,9676,122931.0,62.54
ZENTEC,EQ,23-May-2024,"1,009.80","1,009.00","1,009.00",985.00,990.00,986.25,990.44,195906,194032936.25,9594,129412.0,66.06
ZENTEC,EQ,22-May-2024,965.10,971.75,"1,013.35",957.00,"1,005.00","1,009.80",988.78,542594,536508531.25,16676,342551.0,63.13
ZENTEC,EQ,21-May-2024,963.30,975.00,979.30,954.00,966.50,965.10,962.83,207000,199305207.7,9180,145964.0,70.51
ZENTEC,EQ,18-May-2024,937.15,945.55,970.55,931.00,964.00,963.30,960.32,105638,101446073.85,4933,61951.0,58.64
ZENTEC,EQ,17-May-2024,947.35,952.00,953.15,931.00,941.90,937.15,940.21,223545,210178769.95,10497,146798.0,65.67
ZENTEC,EQ,16-May-2024,956.70,964.90,972.00,944.00,949.75,947.35,952.78,236638,225463334.1,9343,179107.0,75.69
ZENTEC,EQ,15-May-2024,962.75,971.00,971.05,945.05,956.00,956.70,956.03,188043,179773840.55,8598,123522.0,65.69
ZENTEC,EQ,14-May-2024,930.75,939.75,977.20,930.00,957.75,962.75,954.39,391253,373406105.55,13651,220044.0,56.24
ZENTEC,EQ,13-May-2024,934.15,966.40,967.95,912.00,926.10,930.75,935.75,477725,447029784.55,17824,297671.0,62.31
ZENTEC,EQ,10-May-2024,889.70,928.65,934.15,903.10,934.15,934.15,925.80,466648,432024110.65,10118,265006.0,56.79
ZENTEC,EQ,09-May-2024,933.10,935.00,958.50,886.45,886.45,889.70,910.23,916238,833985675.9,29187,429266.0,46.85
ZENTEC,EQ,08-May-2024,982.20,945.10,971.00,933.10,933.10,933.10,943.72,1182324,1115782902.35,31650,622562.0,52.66
ZENTEC,EQ,07-May-2024,"1,033.90","1,002.40","1,028.40",982.20,982.20,982.20,989.11,1009867,998868045.3,20725,593850.0,58.80
ZENTEC,EQ,06-May-2024,"1,088.30","1,105.00","1,105.00","1,033.90","1,033.90","1,033.90","1,046.89",944532,988817581.2,16084,461047.0,48.81
ZENTEC,EQ,03-May-2024,"1,074.60","1,092.00","1,098.80","1,052.00","1,088.50","1,088.30","1,076.88",350643,377601714.95,13917,204998.0,58.46
ZENTEC,EQ,02-May-2024,"1,110.45","1,129.40","1,130.00","1,054.95","1,077.95","1,074.60","1,076.21",565954,609086539.15,16934,351874.0,62.17
ZENTEC,EQ,30-Apr-2024,"1,067.60","1,088.00","1,120.95","1,085.00","1,112.00","1,110.45","1,116.09",1129227,1260313388.65,16731,481513.0,42.64
ZENTEC,EQ,29-Apr-2024,"1,016.80","1,034.90","1,067.60","1,026.05","1,067.60","1,067.60","1,053.38",420712,443167866.3,11363,304219.0,72.31
ZENTEC,EQ,26-Apr-2024,"1,023.50","1,039.95","1,048.45","1,008.25","1,020.00","1,016.80","1,028.01",161619,166145359.15,9794,96425.0,59.66
ZENTEC,EQ,25-Apr-2024,"1,004.40","1,007.00","1,035.00","1,007.00","1,026.00","1,023.50","1,021.26",168291,171868579.6,8398,110455.0,65.63
ZENTEC,EQ,24-Apr-2024,"1,020.75","1,025.00","1,037.00",998.00,"1,007.95","1,004.40","1,012.05",180763,182941818.8,9012,120740.0,66.79
ZENTEC,EQ,23-Apr-2024,"1,022.60","1,032.95","1,039.95","1,013.00","1,022.00","1,020.75","1,022.16",171681,175485379.35,6188,121189.0,70.59
ZENTEC,EQ,22-Apr-2024,983.80,"1,001.00","1,032.95","1,001.00","1,024.00","1,022.60","1,025.25",450302,461671650.15,16295,233781.0,51.92
ZENTEC,EQ,19-Apr-2024,987.45,973.05,997.45,954.30,981.00,983.80,973.16,297146,289170044.5,14808,171159.0,57.60
ZENTEC,EQ,18-Apr-2024,"1,018.70","1,025.00","1,025.00",981.90,990.40,987.45,998.71,227911,227617234.55,11482,157454.0,69.09
ZENTEC,EQ,16-Apr-2024,992.45,998.00,"1,042.05",984.55,"1,024.00","1,018.70","1,035.00",646607,669238924.05,17786,314888.0,48.70
ZENTEC,EQ,15-Apr-2024,993.75,945.10,"1,017.00",944.10,998.10,992.45,981.67,387094,379998629.55,13969,181808.0,46.97
ZENTEC,EQ,12-Apr-2024,"1,002.35","1,002.95","1,018.45",990.50,992.00,993.75,"1,005.20",98342,98853111.45,5629,61745.0,62.79
ZENTEC,EQ,10-Apr-2024,"1,013.00","1,012.55","1,022.95",995.00,"1,000.00","1,002.35","1,005.34",113993,114601353.35,6392,75804.0,66.50
ZENTEC,EQ,09-Apr-2024,"1,027.65","1,031.00","1,044.00","1,008.00","1,010.35","1,013.00","1,018.88",116850,119056385.0,6287,81497.0,69.74
ZENTEC,EQ,08-Apr-2024,"1,039.10","1,056.95","1,056.95","1,023.50","1,034.00","1,027.65","1,041.91",154534,161010689.55,7881,100520.0,65.05
ZENTEC,EQ,05-Apr-2024,"1,035.55","1,040.00","1,047.25","1,025.00","1,042.00","1,039.10","1,035.83",155110,160667168.4,7268,100984.0,65.10
ZENTEC,EQ,04-Apr-2024,"1,012.35","1,039.95","1,059.35",990.00,"1,040.00","1,035.55","1,024.09",399829,409459358.25,17140,206758.0,51.71
ZENTEC,EQ,03-Apr-2024,992.85,992.00,"1,042.45",982.05,"1,017.95","1,012.35","1,032.23",928286,958203668.5,17913,403527.0,43.47
ZENTEC,EQ,02-Apr-2024,945.60,962.00,992.85,951.00,992.85,992.85,984.98,612084,602890524.2,12404,340169.0,55.58
ZENTEC,EQ,01-Apr-2024,956.50,980.00,980.00,939.00,948.00,945.60,950.59,238829,227028784.6,10494,152533.0,63.87
ZENTEC,EQ,28-Mar-2024,934.20,946.20,980.90,941.95,958.00,956.50,971.21,545471,529769595.95,11647,284940.0,52.24
ZENTEC,EQ,27-Mar-2024,889.75,882.00,934.20,882.00,934.20,934.20,926.94,327729,303784568.45,7556,214721.0,65.52
ZENTEC,EQ,26-Mar-2024,883.00,883.00,904.90,882.00,891.00,889.75,895.14,172156,154103749.25,11160,102251.0,59.39
ZENTEC,EQ,22-Mar-2024,897.00,908.95,908.95,872.00,886.00,883.00,887.28,178760,158610879.95,7180,117511.0,65.74
ZENTEC,EQ,21-Mar-2024,902.15,906.00,917.70,893.00,896.00,897.00,903.18,143280,129407904.0,10412,94610.0,66.03
ZENTEC,EQ,20-Mar-2024,900.95,909.00,919.00,880.00,897.00,902.15,900.59,209688,188842714.3,9255,135586.0,64.66
ZENTEC,EQ,19-Mar-2024,897.90,901.00,924.80,876.00,900.00,900.95,898.08,351124,315337796.45,15517,213327.0,60.76
ZENTEC,EQ,18-Mar-2024,855.15,855.95,897.90,855.95,897.90,897.90,894.75,379018,339124492.35,6367,184707.0,48.73
ZENTEC,EQ,15-Mar-2024,866.90,870.00,879.65,836.95,865.25,855.15,854.62,210732,180094873.75,7814,115788.0,54.95
ZENTEC,EQ,14-Mar-2024,853.30,814.50,872.35,814.50,869.00,866.90,848.18,344972,292596825.6,13651,195360.0,56.63
ZENTEC,EQ,13-Mar-2024,898.20,898.20,907.00,853.30,853.30,853.30,862.73,318416,274706167.9,11687,213811.0,67.15
ZENTEC,EQ,12-Mar-2024,914.75,919.00,920.00,869.05,893.00,898.20,887.96,455276,404264986.9,17082,237274.0,52.12
ZENTEC,EQ,11-Mar-2024,948.60,940.00,944.00,909.00,909.95,914.75,928.21,300737,279147969.3,11343,213245.0,70.91
ZENTEC,EQ,07-Mar-2024,903.45,912.00,948.60,906.95,948.60,948.60,935.14,301907,282326179.5,8502,216554.0,71.73
ZENTEC,EQ,06-Mar-2024,933.80,956.95,956.95,887.15,908.00,903.45,899.89,386547,347849668.55,15440,212211.0,54.90
ZENTEC,EQ,05-Mar-2024,964.35,973.40,987.40,919.00,934.50,933.80,945.43,468881,443294219.6,18370,266300.0,56.79
ZENTEC,EQ,04-Mar-2024,954.55,975.90,999.65,945.60,967.50,964.35,977.58,1104880,1080112511.6,35014,654965.0,59.28
ZENTEC,EQ,02-Mar-2024,909.10,954.55,954.55,936.55,954.55,954.55,953.38,315045,300358593.6,4537,180671.0,57.35
ZENTEC,EQ,01-Mar-2024,865.85,882.00,909.10,878.00,909.10,909.10,906.90,851812,772508558.55,12679,441558.0,51.84
ZENTEC,EQ,29-Feb-2024,833.05,836.95,874.70,812.80,874.70,865.85,851.62,397052,338137503.55,11218,282479.0,71.14
ZENTEC,EQ,28-Feb-2024,835.55,850.00,860.55,812.00,830.90,833.05,835.58,373336,311952716.3,10588,253903.0,68.01
ZENTEC,EQ,27-Feb-2024,809.00,815.70,844.00,810.00,841.50,835.55,826.37,261706,216265899.85,10479,197926.0,75.63
ZENTEC,EQ,26-Feb-2024,801.40,814.35,818.80,804.00,810.00,809.00,811.52,268475,217873525.15,10121,207828.0,77.41
ZENTEC,EQ,23-Feb-2024,805.50,809.75,813.85,800.05,801.50,801.40,804.97,204190,164365978.6,8506,150315.0,73.62
ZENTEC,EQ,22-Feb-2024,806.45,818.40,829.95,802.80,803.25,805.50,809.70,205188,166141030.45,9453,130248.0,63.48
ZENTEC,EQ,21-Feb-2024,814.60,829.95,829.95,800.00,808.90,806.45,811.09,482342,391221967.15,16635,219961.0,45.60
ZENTEC,EQ,20-Feb-2024,805.65,830.00,834.80,807.00,815.90,814.60,823.82,255312,210330732.95,9144,188924.0,74.00
ZENTEC,EQ,19-Feb-2024,810.40,810.40,827.15,803.30,804.00,805.65,811.57,165428,134255955.45,8493,121236.0,73.29
ZENTEC,EQ,16-Feb-2024,829.65,844.00,844.00,795.00,813.05,810.40,811.84,407695,330984975.85,16484,247496.0,60.71
ZENTEC,EQ,15-Feb-2024,826.40,829.00,848.50,825.05,830.90,829.65,835.03,169731,141730860.6,10055,116396.0,68.58
ZENTEC,EQ,14-Feb-2024,831.85,815.05,835.10,810.00,825.00,826.40,825.64,126792,104683913.2,7126,82419.0,65.00
ZENTEC,EQ,13-Feb-2024,817.15,818.10,839.50,777.00,833.00,831.85,811.86,213828,173599358.75,11974,139174.0,65.09
ZENTEC,EQ,12-Feb-2024,827.20,849.10,865.00,810.00,812.05,817.15,841.23,279383,235024219.35,12832,196910.0,70.48
ZENTEC,EQ,01-Feb-2024,840.40,867.70,882.40,831.10,882.40,880.80,874.11,1918409,1676902896.8,39457,1114616.0,58.10
ZENTEC,EQ,31-Jan-2024,800.40,840.40,840.40,820.00,840.40,840.40,837.95,711307,596037281.55,7009,493298.0,69.35
ZENTEC,EQ,30-Jan-2024,762.30,800.40,800.40,800.40,800.40,800.40,800.40,98636,78948254.4,1559,98636.0,100.00
ZENTEC,EQ,29-Jan-2024,726.00,762.30,762.30,762.30,762.30,762.30,762.30,62316,47503486.8,1085,62316.0,100.00
ZENTEC,EQ,25-Jan-2024,706.20,723.00,729.70,712.00,729.00,726.00,720.32,159330,114768400.8,6087,112549.0,70.64
ZENTEC,EQ,24-Jan-2024,711.85,710.00,730.00,688.05,710.00,706.20,706.62,336968,238108307.7,14642,209057.0,62.04
ZENTEC,EQ,23-Jan-2024,749.30,750.00,750.00,711.85,711.85,711.85,718.76,373792,268666228.05,14125,294787.0,78.86
ZENTEC,EQ,20-Jan-2024,748.05,753.00,756.40,739.05,749.00,749.30,746.76,106910,79836438.4,5645,70996.0,66.41
ZENTEC,EQ,19-Jan-2024,754.50,755.50,759.50,745.00,751.00,748.05,751.66,93543,70312395.15,6243,63217.0,67.58
ZENTEC,EQ,18-Jan-2024,767.30,767.00,768.80,730.00,755.50,754.50,749.01,168588,126274670.4,7731,112750.0,66.88
ZENTEC,EQ,17-Jan-2024,772.75,761.00,782.80,760.00,767.50,767.30,770.02,170165,131030424.0,8098,96788.0,56.88
ZENTEC,EQ,16-Jan-2024,761.85,765.25,791.40,761.60,773.95,772.75,777.93,261353,203314973.85,12537,134111.0,51.31
ZENTEC,EQ,15-Jan-2024,770.25,782.10,782.10,756.85,762.30,761.85,767.86,192290,147651054.45,9516,122611.0,63.76
ZENTEC,EQ,12-Jan-2024,762.70,767.95,784.45,766.00,770.00,770.25,772.86,111947,86519537.3,5881,76811.0,68.61
ZENTEC,EQ,11-Jan-2024,755.65,759.05,765.00,750.00,764.40,762.70,755.61,102630,77547760.75,5612,69999.0,68.21
ZENTEC,EQ,10-Jan-2024,762.75,766.00,768.00,750.00,756.55,755.65,754.21,129643,97777616.65,6430,91407.0,70.51
ZENTEC,EQ,09-Jan-2024,766.30,766.30,777.95,760.00,763.00,762.75,765.07,89006,68095841.55,4845,67826.0,76.20
ZENTEC,EQ,08-Jan-2024,768.30,787.85,787.85,764.50,768.00,766.30,771.74,98743,76204012.3,5173,74791.0,75.74
ZENTEC,EQ,26-Dec-2025,"1,391.60","1,391.60","1,407.80","1,367.20","1,378.00","1,374.80","1,390.50",307201,427163162.1,20052,122866.0,40.0
ZENTEC,EQ,24-Dec-2025,"1,395.00","1,398.70","1,414.40","1,386.00","1,390.00","1,391.60","1,399.76",261657,366258191.3,16845,84628.0,32.34
ZENTEC,EQ,23-Dec-2025,"1,394.60","1,411.90","1,421.10","1,388.20","1,396.00","1,395.00","1,404.13",343809,482750906.2,20459,112009.0,32.58
ZENTEC,EQ,22-Dec-2025,"1,366.10","1,379.90","1,419.00","1,369.10","1,395.60","1,394.60","1,396.14",494259,690057118.2,29195,175239.0,35.45
ZENTEC,EQ,19-Dec-2025,"1,344.20","1,344.20","1,369.80","1,340.00","1,364.30","1,366.10","1,354.65",181841,246330197.7,10654,60501.0,33.27
ZENTEC,EQ,18-Dec-2025,"1,363.50","1,355.10","1,355.30","1,332.10","1,338.00","1,344.20","1,343.50",187006,251242586.5,12595,74281.0,39.72
ZENTEC,EQ,17-Dec-2025,"1,364.10","1,358.00","1,376.50","1,343.50","1,357.20","1,363.50","1,356.98",223675,303521450.9,18285,71771.0,32.09
ZENTEC,EQ,16-Dec-2025,"1,368.60","1,367.00","1,376.80","1,352.00","1,364.00","1,364.10","1,360.89",165453,225163789.9,15074,83214.0,50.29
ZENTEC,EQ,15-Dec-2025,"1,389.10","1,382.20","1,383.60","1,365.00","1,365.30","1,368.60","1,372.18",136866,187804524.6,11219,51697.0,37.77
ZENTEC,EQ,12-Dec-2025,"1,373.60","1,375.00","1,394.00","1,355.00","1,378.00","1,389.10","1,376.64",260764,358978077.1,19200,105879.0,40.6
ZENTEC,EQ,11-Dec-2025,"1,368.20","1,352.80","1,385.80","1,341.20","1,372.70","1,373.60","1,359.62",230530,313432272.9,17942,83000.0,36.0
ZENTEC,EQ,10-Dec-2025,"1,345.10","1,350.00","1,374.20","1,329.50","1,366.00","1,368.20","1,356.96",268362,364155328.1,18614,111761.0,41.65
ZENTEC,EQ,09-Dec-2025,"1,362.20","1,350.00","1,355.10","1,318.00","1,344.70","1,345.10","1,336.59",284530,380300463.3,21240,107766.0,37.88
ZENTEC,EQ,08-Dec-2025,"1,388.70","1,397.40","1,397.50","1,341.10","1,365.00","1,362.20","1,363.76",341506,465733438.1,21820,119035.0,34.86
ZENTEC,EQ,05-Dec-2025,"1,374.70","1,393.90","1,425.00","1,376.50","1,382.00","1,388.70","1,401.19",1309629,1835043796.2,70611,173247.0,13.23
ZENTEC,EQ,04-Dec-2025,"1,380.10","1,382.00","1,389.00","1,372.10","1,372.60","1,374.70","1,378.24",156649,215900181.4,9580,63093.0,40.28
ZENTEC,EQ,03-Dec-2025,"1,392.20","1,393.40","1,400.00","1,370.00","1,380.00","1,380.10","1,377.94",182082,250898544.5,15818,74810.0,41.09
ZENTEC,EQ,02-Dec-2025,"1,395.60","1,395.70","1,409.60","1,376.00","1,401.90","1,392.20","1,384.10",249422,345224327.0,19689,89166.0,35.75
ZENTEC,EQ,01-Dec-2025,"1,406.70","1,410.20","1,421.90","1,390.00","1,392.20","1,395.60","1,401.85",216648,303708430.3,14975,87957.0,40.6
ZENTEC,EQ,28-Nov-2025,"1,407.80","1,402.00","1,419.10","1,396.60","1,403.60","1,406.70","1,404.46",162216,227825354.9,10181,57896.0,35.69
ZENTEC,EQ,27-Nov-2025,"1,406.80","1,406.90","1,437.00","1,401.10","1,407.50","1,407.80","1,418.44",339612,481719607.9,20151,111839.0,32.93
ZENTEC,EQ,26-Nov-2025,"1,397.40","1,407.00","1,444.70","1,401.10","1,405.00","1,406.80","1,418.95",468904,665349425.0,25968,120874.0,25.78
ZENTEC,EQ,25-Nov-2025,"1,382.80","1,382.00","1,404.00","1,377.50","1,396.50","1,397.40","1,393.43",335286,467197880.2,15840,103399.0,30.84
ZENTEC,EQ,24-Nov-2025,"1,412.60","1,396.00","1,409.90","1,373.60","1,375.80","1,382.80","1,382.60",315231,435838573.7,17374,137184.0,43.52
ZENTEC,EQ,21-Nov-2025,"1,445.80","1,435.00","1,435.40","1,401.20","1,410.00","1,412.60","1,411.22",403414,569306002.0,21454,180289.0,44.69
ZENTEC,EQ,20-Nov-2025,"1,401.70","1,439.00","1,466.80","1,416.30","1,442.00","1,445.80","1,447.46",1420724,2056440452.3,62589,265119.0,18.66
ZENTEC,EQ,19-Nov-2025,"1,399.40","1,398.70","1,420.00","1,380.00","1,403.00","1,401.70","1,393.79",195259,272150161.6,15243,82650.0,42.33
ZENTEC,EQ,18-Nov-2025,"1,449.40","1,449.40","1,450.40","1,395.30","1,400.00","1,399.40","1,410.72",340410,480221732.1,24950,187791.0,55.17
ZENTEC,EQ,17-Nov-2025,"1,434.40","1,444.60","1,479.40","1,439.00","1,449.10","1,449.40","1,463.69",707608,1035721786.6,37037,294305.0,41.59
ZENTEC,EQ,14-Nov-2025,"1,367.60","1,368.00","1,472.90","1,368.00","1,433.00","1,434.40","1,441.63",1668535,2405415240.3,77990,420622.0,25.21
ZENTEC,EQ,13-Nov-2025,"1,390.30","1,388.00","1,456.00","1,350.00","1,368.00","1,367.60","1,407.27",697904,982140342.7,40378,213910.0,30.65
ZENTEC,EQ,12-Nov-2025,"1,384.50","1,387.80","1,405.90","1,381.70","1,388.00","1,390.30","1,395.50",187266,261328778.4,12946,91491.0,48.86
ZENTEC,EQ,11-Nov-2025,"1,361.30","1,373.40","1,404.00","1,360.00","1,385.00","1,384.50","1,384.73",356580,493768054.8,23585,134860.0,37.82
ZENTEC,EQ,10-Nov-2025,"1,358.80","1,358.80","1,378.70","1,350.00","1,357.40","1,361.30","1,365.29",201336,274881921.0,16185,75061.0,37.28
ZENTEC,EQ,07-Nov-2025,"1,377.20","1,374.00","1,376.90","1,337.70","1,362.50","1,358.80","1,353.05",281956,381500139.4,19534,116947.0,41.48
ZENTEC,EQ,06-Nov-2025,"1,407.00","1,404.00","1,407.00","1,365.00","1,371.90","1,377.20","1,377.36",289119,398220816.9,22368,132932.0,45.98
ZENTEC,EQ,04-Nov-2025,"1,413.30","1,420.00","1,430.00","1,400.10","1,405.00","1,407.00","1,413.12",305943,432332649.1,17191,140530.0,45.93
ZENTEC,EQ,03-Nov-2025,"1,357.20","1,425.00","1,446.10","1,393.40","1,410.00","1,413.30","1,415.24",1322819,1872104240.1,63116,318116.0,24.05
ZENTEC,EQ,31-Oct-2025,"1,376.90","1,385.00","1,386.00","1,353.00","1,356.70","1,357.20","1,366.66",246798,337288856.5,16029,133633.0,54.15
ZENTEC,EQ,30-Oct-2025,"1,362.10","1,361.80","1,386.90","1,353.70","1,373.10","1,376.90","1,373.00",286408,393238627.1,17742,122628.0,42.82
ZENTEC,EQ,29-Oct-2025,"1,340.80","1,340.90","1,374.40","1,330.20","1,362.00","1,362.10","1,350.40",313048,422741048.3,18670,140634.0,44.92
ZENTEC,EQ,28-Oct-2025,"1,339.80","1,344.90","1,359.00","1,331.00","1,340.50","1,340.80","1,343.12",371797,499367908.8,23056,162652.0,43.75
ZENTEC,EQ,27-Oct-2025,"1,396.50","1,342.00","1,360.00","1,305.00","1,344.00","1,339.80","1,330.69",1212788,1613847955.8,57715,430663.0,35.51
ZENTEC,EQ,24-Oct-2025,"1,386.40","1,392.90","1,414.50","1,378.90","1,396.00","1,396.50","1,396.93",312928,437139285.7,20920,130872.0,41.82
ZENTEC,EQ,23-Oct-2025,"1,400.20","1,408.00","1,419.90","1,378.00","1,385.00","1,386.40","1,395.92",253899,354422154.6,19392,129970.0,51.19
ZENTEC,EQ,21-Oct-2025,"1,373.10","1,393.00","1,406.00","1,385.00","1,401.00","1,400.20","1,399.58",130721,182954909.4,9743,84426.0,64.6
ZENTEC,EQ,20-Oct-2025,"1,376.60","1,380.00","1,383.70","1,363.00","1,377.00","1,373.10","1,371.02",138950,190503825.2,12333,62285.0,44.83
ZENTEC,EQ,17-Oct-2025,"1,349.70","1,355.70","1,392.00","1,347.00","1,375.00","1,376.60","1,378.38",447973,617475096.7,26048,127019.0,28.35
ZENTEC,EQ,16-Oct-2025,"1,367.40","1,370.00","1,376.00","1,346.20","1,352.00","1,349.70","1,357.51",318206,431969059.1,21867,182636.0,57.4
ZENTEC,EQ,15-Oct-2025,"1,362.60","1,371.00","1,378.00","1,363.00","1,367.00","1,367.40","1,370.16",277164,379760199.1,21162,122829.0,44.32
ZENTEC,EQ,14-Oct-2025,"1,393.70","1,399.00","1,403.50","1,356.80","1,359.40","1,362.60","1,372.24",444128,609450600.3,31974,247246.0,55.67
ZENTEC,EQ,13-Oct-2025,"1,419.00","1,431.90","1,431.90","1,386.00","1,389.00","1,393.70","1,398.57",431406,603351568.2,26817,201982.0,46.82
ZENTEC,EQ,10-Oct-2025,"1,414.30","1,425.80","1,435.00","1,397.00","1,419.90","1,419.00","1,410.88",465817,657210982.8,35246,196789.0,42.25
ZENTEC,EQ,09-Oct-2025,"1,423.60","1,432.90","1,436.20","1,396.00","1,415.00","1,414.30","1,411.79",335490,473641588.1,23665,176141.0,52.5
ZENTEC,EQ,08-Oct-2025,"1,436.60","1,437.90","1,452.80","1,421.10","1,423.00","1,423.60","1,432.63",275405,394554027.0,21625,128716.0,46.74
ZENTEC,EQ,07-Oct-2025,"1,455.60","1,464.70","1,464.70","1,432.00","1,438.40","1,436.60","1,443.37",239563,345776971.7,16244,145415.0,60.7
ZENTEC,EQ,06-Oct-2025,"1,487.50","1,499.80","1,501.00","1,445.40","1,459.00","1,455.60","1,460.63",338367,494229507.4,19864,179335.0,53.0
ZENTEC,EQ,03-Oct-2025,"1,467.00","1,474.10","1,497.20","1,464.00","1,490.10","1,487.50","1,485.98",263680,391822318.4,15251,111674.0,42.35
ZENTEC,EQ,01-Oct-2025,"1,432.80","1,441.00","1,488.90","1,430.70","1,475.00","1,467.00","1,469.55",377178,554281658.9,20162,113602.0,30.12
ZENTEC,EQ,30-Sep-2025,"1,426.40","1,440.00","1,455.00","1,410.00","1,439.00","1,432.80","1,432.29",336126,481428343.6,19980,126041.0,37.5
ZENTEC,EQ,29-Sep-2025,"1,500.80","1,505.50","1,513.20","1,425.80","1,425.80","1,426.40","1,453.29",473396,687979474.0,33069,274917.0,58.07
ZENTEC,EQ,26-Sep-2025,"1,520.30","1,521.00","1,525.00","1,469.20","1,508.00","1,500.80","1,495.04",345836,517037804.8,22020,144894.0,41.9
ZENTEC,EQ,25-Sep-2025,"1,533.20","1,543.20","1,568.00","1,514.40","1,518.90","1,520.30","1,541.38",265974,409965807.8,17290,105079.0,39.51
ZENTEC,EQ,24-Sep-2025,"1,603.50","1,609.70","1,617.00","1,523.40","1,534.00","1,533.20","1,559.45",389609,607577623.1,18315,235520.0,60.45
ZENTEC,EQ,23-Sep-2025,"1,605.40","1,644.00","1,644.00","1,590.00","1,602.00","1,603.50","1,611.40",294825,475082460.0,13717,133078.0,45.14
ZENTEC,EQ,22-Sep-2025,"1,604.20","1,599.00","1,636.90","1,595.00","1,606.00","1,605.40","1,608.99",424257,682625208.1,16978,202719.0,47.78
ZENTEC,EQ,19-Sep-2025,"1,621.30","1,640.00","1,657.00","1,572.90","1,607.00","1,604.20","1,599.99",959764,1535609976.1,36304,383400.0,39.95
ZENTEC,EQ,18-Sep-2025,"1,544.10","1,557.90","1,621.30","1,555.00","1,621.30","1,621.30","1,614.88",2010633,3246926709.1,47479,678296.0,33.74
ZENTEC,EQ,17-Sep-2025,"1,470.60","1,479.90","1,544.10","1,471.60","1,544.10","1,544.10","1,528.55",1275534,1949715113.7,40578,452162.0,35.45
ZENTEC,EQ,16-Sep-2025,"1,498.50","1,494.00","1,498.50","1,467.00","1,474.50","1,470.60","1,478.43",304362,449979110.8,17382,180702.0,59.37
ZENTEC,EQ,15-Sep-2025,"1,481.50","1,491.90","1,525.00","1,481.50","1,498.50","1,498.50","1,497.45",482704,722825673.9,22258,277574.0,57.5
ZENTEC,EQ,12-Sep-2025,"1,458.80","1,468.50","1,497.60","1,453.40","1,479.00","1,481.50","1,478.82",622255,920201202.3,27395,255797.0,41.11
ZENTEC,EQ,11-Sep-2025,"1,502.60","1,519.90","1,525.00","1,452.00","1,463.80","1,458.80","1,481.23",471662,698640185.3,24715,241738.0,51.25
ZENTEC,EQ,10-Sep-2025,"1,437.90","1,454.00","1,509.70","1,440.20","1,509.70","1,502.60","1,478.07",398511,589026546.3,22495,215862.0,54.17
ZENTEC,EQ,09-Sep-2025,"1,458.50","1,458.60","1,467.70","1,429.10","1,439.10","1,437.90","1,439.23",249456,359025585.1,16179,140279.0,56.23
ZENTEC,EQ,08-Sep-2025,"1,479.20","1,479.20","1,486.40","1,452.30","1,458.00","1,458.50","1,470.43",179941,264589780.6,12677,102874.0,57.17
ZENTEC,EQ,05-Sep-2025,"1,475.50","1,480.00","1,490.00","1,466.10","1,480.00","1,479.20","1,478.58",215338,318393623.9,13243,113081.0,52.51
ZENTEC,EQ,04-Sep-2025,"1,482.50","1,488.50","1,499.60","1,471.00","1,477.10","1,475.50","1,479.11",323733,478837000.9,22859,192592.0,59.49
ZENTEC,EQ,03-Sep-2025,"1,502.90","1,509.50","1,509.50","1,478.50","1,482.00","1,482.50","1,485.89",308357,458185012.1,18979,178897.0,58.02
ZENTEC,EQ,02-Sep-2025,"1,505.00","1,512.50","1,536.80","1,479.20","1,502.70","1,502.90","1,508.57",491569,741566745.3,30972,158889.0,32.32
ZENTEC,EQ,01-Sep-2025,"1,459.60","1,471.50","1,517.70","1,462.00","1,512.50","1,505.00","1,493.16",519461,775636329.5,25306,166844.0,32.12
ZENTEC,EQ,29-Aug-2025,"1,459.70","1,459.70","1,478.10","1,433.90","1,460.20","1,459.60","1,456.39",276086,402089255.5,17830,111343.0,40.33
ZENTEC,EQ,28-Aug-2025,"1,504.10","1,499.80","1,507.50","1,445.10","1,450.00","1,459.70","1,479.12",303715,449231444.5,16275,171904.0,56.6
ZENTEC,EQ,26-Aug-2025,"1,539.60","1,538.10","1,538.10","1,470.00","1,509.90","1,504.10","1,490.38",579088,863058321.7,28504,257107.0,44.4
ZENTEC,EQ,25-Aug-2025,"1,492.60","1,489.70","1,550.00","1,485.00","1,534.00","1,539.60","1,515.22",802144,1215426338.5,48638,293611.0,36.6
ZENTEC,EQ,22-Aug-2025,"1,421.60","1,420.00","1,492.60","1,414.10","1,492.60","1,492.60","1,464.43",775478,1135634379.6,31899,376093.0,48.5
ZENTEC,EQ,21-Aug-2025,"1,420.10","1,427.20","1,449.80","1,419.20","1,422.00","1,421.60","1,430.82",240281,343798524.9,19414,112138.0,46.67
ZENTEC,EQ,20-Aug-2025,"1,421.60","1,428.30","1,444.00","1,415.60","1,419.70","1,420.10","1,425.56",215503,307212219.6,19391,108334.0,50.27
ZENTEC,EQ,19-Aug-2025,"1,429.30","1,440.20","1,445.00","1,409.80","1,423.80","1,421.60","1,429.62",209652,299722068.4,18904,99338.0,47.38
ZENTEC,EQ,18-Aug-2025,"1,406.60","1,427.80","1,476.90","1,425.00","1,430.40","1,429.30","1,452.46",487819,708536283.3,22445,142380.0,29.19
ZENTEC,EQ,14-Aug-2025,"1,421.50","1,428.90","1,428.90","1,402.00","1,407.90","1,406.60","1,409.88",130572,184090886.0,10928,68532.0,52.49
ZENTEC,EQ,13-Aug-2025,"1,402.40","1,405.00","1,432.00","1,402.40","1,423.00","1,421.50","1,416.38",213955,303042382.1,16924,90543.0,42.32
ZENTEC,EQ,12-Aug-2025,"1,430.70","1,437.30","1,440.60","1,400.00","1,403.60","1,402.40","1,414.27",224841,317986084.5,19483,104459.0,46.46
ZENTEC,EQ,11-Aug-2025,"1,404.70","1,409.90","1,473.90","1,361.00","1,431.90","1,430.70","1,419.94",483946,687172708.1,34262,169541.0,35.03
ZENTEC,EQ,08-Aug-2025,"1,434.70","1,434.00","1,446.00","1,402.10","1,405.00","1,404.70","1,411.09",257316,363096355.8,20999,137132.0,53.29
ZENTEC,EQ,07-Aug-2025,"1,427.90","1,410.00","1,460.00","1,400.00","1,459.00","1,434.70","1,426.12",262856,374864197.6,21371,120647.0,45.9
ZENTEC,EQ,06-Aug-2025,"1,474.40","1,484.90","1,497.00","1,424.00","1,427.90","1,427.90","1,445.52",391620,566096104.1,29780,205030.0,52.35
ZENTEC,EQ,05-Aug-2025,"1,496.70","1,509.00","1,522.20","1,465.50","1,475.00","1,474.40","1,488.31",289529,430909909.8,21116,147627.0,50.99
ZENTEC,EQ,04-Aug-2025,"1,533.20","1,548.00","1,561.20","1,484.90","1,496.90","1,496.70","1,513.21",424993,643103992.5,29942,196833.0,46.31
ZENTEC,EQ,01-Aug-2025,"1,464.10","1,465.90","1,537.30","1,465.00","1,535.00","1,533.20","1,524.65",915554,1395902297.9,37748,339269.0,37.06
ZENTEC,EQ,31-Jul-2025,"1,525.90","1,449.60","1,525.80","1,449.60","1,454.30","1,464.10","1,474.20",2228698,3285553148.6,83055,886765.0,39.79
ZENTEC,EQ,30-Jul-2025,"1,606.20","1,525.90","1,525.90","1,525.90","1,525.90","1,525.90","1,525.90",119267,181989515.3,10499,99267.0,83.23
ZENTEC,EQ,29-Jul-2025,"1,690.70","1,606.20","1,606.20","1,606.20","1,606.20","1,606.20","1,606.20",64039,102859441.8,6615,64039.0,100.0
ZENTEC,EQ,28-Jul-2025,"1,779.60","1,690.70","1,690.70","1,690.70","1,690.70","1,690.70","1,690.70",66812,112959048.4,6731,66812.0,100.0
ZENTEC,EQ,25-Jul-2025,"1,866.50","1,866.50","1,866.50","1,773.20","1,773.20","1,779.60","1,804.01",333100,600916657.2,30691,208243.0,62.52
ZENTEC,EQ,24-Jul-2025,"1,900.10","1,904.00","1,905.00","1,858.50","1,861.70","1,866.50","1,876.07",161260,302535140.2,13374,81480.0,50.53
ZENTEC,EQ,23-Jul-2025,"1,898.30","1,904.10","1,907.90","1,870.30","1,896.00","1,900.10","1,888.32",167042,315427964.6,12891,83327.0,49.88
ZENTEC,EQ,22-Jul-2025,"1,905.90","1,914.00","1,925.00","1,874.90","1,892.20","1,898.30","1,894.87",173291,328363164.7,14507,80888.0,46.68
ZENTEC,EQ,21-Jul-2025,"1,880.10","1,865.10","1,909.90","1,838.00","1,901.30","1,905.90","1,878.90",247071,464221348.1,18638,124107.0,50.23
ZENTEC,EQ,18-Jul-2025,"1,861.10","1,860.10","1,885.00","1,842.00","1,877.80","1,880.10","1,868.14",250153,467321968.6,22204,144165.0,57.63
ZENTEC,EQ,17-Jul-2025,"1,833.80","1,833.10","1,869.80","1,830.80","1,859.50","1,861.10","1,848.49",240736,444998258.9,14187,130728.0,54.3
ZENTEC,EQ,16-Jul-2025,"1,837.80","1,845.90","1,856.70","1,826.40","1,830.70","1,833.80","1,834.71",128797,236305685.4,10349,69265.0,53.78
ZENTEC,EQ,15-Jul-2025,"1,824.80","1,828.70","1,855.00","1,820.40","1,836.50","1,837.80","1,842.18",159822,294420716.8,12995,84579.0,52.92
ZENTEC,EQ,14-Jul-2025,"1,858.20","1,848.80","1,858.00","1,810.00","1,818.00","1,824.80","1,825.30",328341,599320775.4,33055,173972.0,52.99
ZENTEC,EQ,11-Jul-2025,"1,895.80","1,890.00","1,898.60","1,830.20","1,840.00","1,858.20","1,852.16",515989,955693378.4,37388,265534.0,51.46
ZENTEC,EQ,10-Jul-2025,"1,953.80","1,950.00","1,950.00","1,888.40","1,897.00","1,895.80","1,909.28",442956,845727099.2,27441,271211.0,61.23
ZENTEC,EQ,09-Jul-2025,"1,953.60","1,957.50","1,985.00","1,949.20","1,957.20","1,953.80","1,964.02",314395,617479349.4,21414,134231.0,42.7
ZENTEC,EQ,08-Jul-2025,"1,938.30","1,940.10","1,978.70","1,905.10","1,953.00","1,953.60","1,943.14",369283,717567132.6,27052,148908.0,40.32
ZENTEC,EQ,07-Jul-2025,"1,932.70","1,939.10","1,955.00","1,892.00","1,931.00","1,938.30","1,917.22",301815,578646624.1,22208,124371.0,41.21
ZENTEC,EQ,04-Jul-2025,"1,925.40","1,940.00","1,991.10","1,920.00","1,938.00","1,932.70","1,950.68",398119,776602788.5,26789,179422.0,45.07
ZENTEC,EQ,03-Jul-2025,"1,952.50","1,957.90","1,962.00","1,922.00","1,924.90","1,925.40","1,934.47",241989,468120724.8,20372,128688.0,53.18
ZENTEC,EQ,02-Jul-2025,"1,978.00","1,978.10","1,987.80","1,928.00","1,954.00","1,952.50","1,953.16",268635,524686069.4,19233,134174.0,49.95
ZENTEC,EQ,01-Jul-2025,"1,981.30","1,992.20","2,026.30","1,965.10","1,977.00","1,978.00","1,990.42",362923,722370301.0,21383,140260.0,38.65
ZENTEC,EQ,30-Jun-2025,"1,923.90","1,960.00","2,005.00","1,940.00","1,985.00","1,981.30","1,978.89",820226,1623139894.0,48153,284822.0,34.72
ZENTEC,EQ,27-Jun-2025,"1,897.90","1,901.90","1,942.00","1,892.40","1,929.80","1,923.90","1,917.37",576638,1105629764.1,30545,300816.0,52.17
ZENTEC,EQ,26-Jun-2025,"1,895.00","1,909.90","1,924.00","1,889.90","1,898.00","1,897.90","1,904.76",283803,540575804.9,17268,120787.0,42.56
ZENTEC,EQ,25-Jun-2025,"1,936.00","1,945.90","1,949.00","1,880.00","1,895.00","1,895.00","1,899.38",590166,1120947921.8,37886,251959.0,42.69
ZENTEC,EQ,24-Jun-2025,"1,994.60","2,057.60","2,065.00","1,902.30","1,935.00","1,936.00","1,954.27",1365889,2669318265.1,60371,494846.0,36.23
ZENTEC,EQ,23-Jun-2025,"1,899.70","1,906.10","1,994.60","1,886.00","1,994.60","1,994.60","1,961.56",1459563,2863027064.9,47515,480883.0,32.95
ZENTEC,EQ,20-Jun-2025,"1,894.10","1,894.10","1,943.90","1,878.10","1,900.00","1,899.70","1,904.61",630848,1201517159.9,25722,279685.0,44.33
ZENTEC,EQ,19-Jun-2025,"1,937.60","1,937.60","1,953.90","1,878.00","1,890.00","1,894.10","1,911.47",444809,850240386.0,26143,219299.0,49.3
ZENTEC,EQ,18-Jun-2025,"1,949.20","1,955.00","1,983.00","1,923.30","1,938.00","1,937.60","1,952.94",425306,830597358.8,24770,191554.0,45.04
ZENTEC,EQ,17-Jun-2025,"1,973.00","1,974.90","1,998.90","1,933.10","1,946.00","1,949.20","1,960.11",561104,1099823901.0,32848,267306.0,47.64
ZENTEC,EQ,16-Jun-2025,"1,975.10","1,995.00","1,996.90","1,917.00","1,975.00","1,973.00","1,965.73",486327,955987459.5,32171,169604.0,34.87
ZENTEC,EQ,13-Jun-2025,"1,904.00","1,830.00","1,999.20","1,826.80","1,987.00","1,975.10","1,970.19",1339012,2638109712.2,60224,405623.0,30.29
ZENTEC,EQ,12-Jun-2025,"1,953.10","1,953.00","1,985.00","1,900.00","1,906.00","1,904.00","1,936.25",375825,727692184.2,29570,181403.0,48.27
ZENTEC,EQ,11-Jun-2025,"2,031.60","2,041.70","2,048.40","1,930.10","1,945.10","1,953.10","1,959.88",880269,1725223330.1,59371,473595.0,53.8
ZENTEC,EQ,10-Jun-2025,"2,013.70","2,030.90","2,057.90","2,002.80","2,029.70","2,031.60","2,028.55",453875,920709482.7,34223,219624.0,48.39
ZENTEC,EQ,09-Jun-2025,"2,083.40","2,035.00","2,105.00","2,000.00","2,014.00","2,013.70","2,033.98",663906,1350370349.0,47178,361337.0,54.43
ZENTEC,EQ,06-Jun-2025,"2,193.00","2,218.00","2,218.00","2,083.40","2,083.40","2,083.40","2,104.86",1159110,2439759383.7,54383,617182.0,53.25
ZENTEC,EQ,05-Jun-2025,"2,229.60","2,268.00","2,268.00","2,182.00","2,191.00","2,193.00","2,204.19",593893,1309050925.6,37627,342821.0,57.72
ZENTEC,EQ,04-Jun-2025,"2,147.40","2,164.00","2,248.00","2,150.10","2,240.00","2,229.60","2,212.71",766339,1695686259.7,44102,319933.0,41.75
ZENTEC,EQ,03-Jun-2025,"2,117.70","2,138.00","2,180.00","2,121.00","2,150.00","2,147.40","2,150.44",471465,1013858363.8,29910,234280.0,49.69
ZENTEC,EQ,02-Jun-2025,"2,139.80","2,140.00","2,150.00","2,032.90","2,123.00","2,117.70","2,096.51",577485,1210705024.2,40999,251237.0,43.51
ZENTEC,EQ,30-May-2025,"2,114.20","2,190.00","2,218.00","2,114.20","2,137.10","2,139.80","2,167.96",933328,2023416821.9,55963,471759.0,50.55
ZENTEC,EQ,29-May-2025,"2,013.60","2,061.90","2,114.20","2,055.00","2,114.20","2,114.20","2,108.13",795861,1677777950.6,17502,234522.0,29.47
ZENTEC,EQ,28-May-2025,"1,917.80","1,934.50","2,013.60","1,903.30","2,013.60","2,013.60","1,975.86",939739,1856794713.1,35330,445613.0,47.42
ZENTEC,EQ,27-May-2025,"1,877.80","1,889.80","1,971.60","1,870.20","1,916.70","1,917.80","1,931.54",826954,1597295590.6,34444,304423.0,36.81
ZENTEC,EQ,26-May-2025,"1,892.00","1,899.00","1,920.80","1,874.20","1,878.20","1,877.80","1,892.43",325549,616079032.0,23366,167397.0,51.42
ZENTEC,EQ,23-May-2025,"1,888.80","1,936.90","1,936.90","1,857.00","1,891.90","1,892.00","1,885.12",376547,709834779.6,26417,183528.0,48.74
ZENTEC,EQ,22-May-2025,"1,881.70","1,881.70","1,904.40","1,835.00","1,883.00","1,888.80","1,882.60",459886,865783041.5,33324,216412.0,47.06
ZENTEC,EQ,21-May-2025,"1,901.20","1,880.20","1,914.90","1,815.00","1,879.00","1,881.70","1,861.60",832313,1549435402.0,52260,356265.0,42.8
ZENTEC,EQ,20-May-2025,"1,884.50","1,978.60","1,978.70","1,820.10","1,898.00","1,901.20","1,913.95",2854558,5463472624.2,129662,1135891.0,39.79
ZENTEC,EQ,19-May-2025,"1,794.80","1,884.50","1,884.50","1,884.50","1,884.50","1,884.50","1,884.50",1046370,1971884265.0,12389,695244.0,66.44
ZENTEC,EQ,16-May-2025,"1,709.40","1,794.80","1,794.80","1,717.90","1,794.80","1,794.80","1,792.55",1021058,1830295487.4,18608,451641.0,44.23
ZENTEC,EQ,15-May-2025,"1,628.00","1,709.40","1,709.40","1,709.40","1,709.40","1,709.40","1,709.40",113496,194010062.4,2521,113493.0,100.0
ZENTEC,EQ,14-May-2025,"1,550.50","1,600.00","1,628.00","1,591.20","1,628.00","1,628.00","1,618.97",181335,293576429.8,4652,132480.0,73.06
ZENTEC,EQ,13-May-2025,"1,476.70","1,484.00","1,550.50","1,480.00","1,550.50","1,550.50","1,532.11",1548996,2373238132.6,47840,677865.0,43.76
ZENTEC,EQ,12-May-2025,"1,406.40","1,476.70","1,476.70","1,476.70","1,476.70","1,476.70","1,476.70",131179,193712029.3,6170,130376.0,99.39
ZENTEC,EQ,09-May-2025,"1,339.50","1,305.00","1,406.40","1,305.00","1,406.40","1,406.40","1,399.72",452670,633611833.8,7951,209825.0,46.35
ZENTEC,EQ,08-May-2025,"1,384.80","1,382.00","1,417.00","1,320.00","1,336.90","1,339.50","1,376.33",227672,313351833.4,14492,101074.0,44.39
ZENTEC,EQ,07-May-2025,"1,361.60","1,320.00","1,390.00","1,316.00","1,382.00","1,384.80","1,348.74",379215,511461380.9,22437,157569.0,41.55
ZENTEC,EQ,06-May-2025,"1,378.20","1,378.20","1,419.30","1,326.20","1,359.50","1,361.60","1,376.65",360411,496160758.7,20281,168977.0,46.88
ZENTEC,EQ,05-May-2025,"1,389.50","1,390.90","1,399.50","1,367.00","1,378.30","1,378.20","1,376.94",300348,413560341.1,18732,160913.0,53.58
ZENTEC,EQ,02-May-2025,"1,416.40","1,406.90","1,413.80","1,366.20","1,391.00","1,389.50","1,388.39",247170,343167654.7,13937,116517.0,47.14
ZENTEC,EQ,30-Apr-2025,"1,471.20","1,494.90","1,494.90","1,402.10","1,406.90","1,416.40","1,439.06",307028,441830494.5,16921,157171.0,51.19
ZENTEC,EQ,29-Apr-2025,"1,455.60","1,465.50","1,484.00","1,456.40","1,472.00","1,471.20","1,468.07",485711,713060132.0,26392,241998.0,49.82
ZENTEC,EQ,28-Apr-2025,"1,416.10","1,390.00","1,480.00","1,386.30","1,454.00","1,455.60","1,446.48",675555,977174156.5,30880,247235.0,36.6
ZENTEC,EQ,25-Apr-2025,"1,415.60","1,414.10","1,422.00","1,345.00","1,418.00","1,416.10","1,379.19",428228,590607351.0,26893,184050.0,42.98
ZENTEC,EQ,24-Apr-2025,"1,439.00","1,442.90","1,449.00","1,410.00","1,414.00","1,415.60","1,427.36",218819,312334472.3,16814,100855.0,46.09
ZENTEC,EQ,23-Apr-2025,"1,460.00","1,470.00","1,476.80","1,425.00","1,439.90","1,439.00","1,446.08",241096,348643379.1,13923,124263.0,51.54
ZENTEC,EQ,22-Apr-2025,"1,475.00","1,484.80","1,489.70","1,451.00","1,460.00","1,460.00","1,466.06",214679,314731758.6,13834,106338.0,49.53
ZENTEC,EQ,21-Apr-2025,"1,497.70","1,499.00","1,514.50","1,468.00","1,472.00","1,475.00","1,483.34",371350,550836692.4,23470,215707.0,58.09
ZENTEC,EQ,17-Apr-2025,"1,513.90","1,511.00","1,527.70","1,490.00","1,496.00","1,497.70","1,503.82",219901,330690541.1,13493,122129.0,55.54
ZENTEC,EQ,16-Apr-2025,"1,495.80","1,495.90","1,531.50","1,491.10","1,513.00","1,513.90","1,512.55",333776,504851395.5,16920,151925.0,45.52
ZENTEC,EQ,15-Apr-2025,"1,462.00","1,480.10","1,522.80","1,471.00","1,491.40","1,495.80","1,497.28",439906,658661139.3,23686,199276.0,45.3
ZENTEC,EQ,11-Apr-2025,"1,448.90","1,475.00","1,478.00","1,455.05","1,455.10","1,462.00","1,467.40",273017,400624088.95,15397,126786.0,46.44
ZENTEC,EQ,09-Apr-2025,"1,428.85","1,409.95","1,468.75","1,380.10","1,444.05","1,448.90","1,427.55",367267,524292056.75,25727,131146.0,35.71
ZENTEC,EQ,08-Apr-2025,"1,377.20","1,389.95","1,435.35","1,375.00","1,422.00","1,428.85","1,401.03",493843,691891186.85,27315,201737.0,40.85
ZENTEC,EQ,07-Apr-2025,"1,449.65","1,377.20","1,398.00","1,377.20","1,377.20","1,377.20","1,378.23",176236,242893736.4,7224,106417.0,60.38
ZENTEC,EQ,04-Apr-2025,"1,453.60","1,436.85","1,470.00","1,381.00","1,445.00","1,449.65","1,412.88",562512,794761193.5,31255,234095.0,41.62
ZENTEC,EQ,03-Apr-2025,"1,444.50","1,404.95","1,473.90","1,400.00","1,450.85","1,453.60","1,449.93",318851,462313198.8,17116,119723.0,37.55
ZENTEC,EQ,02-Apr-2025,"1,430.95","1,438.00","1,455.00","1,394.15","1,444.00","1,444.50","1,426.09",306554,437172328.05,17264,95385.0,31.12
ZENTEC,EQ,01-Apr-2025,"1,478.55","1,442.55","1,488.70","1,425.55","1,432.10","1,430.95","1,450.84",447547,649317245.6,26982,191541.0,42.8
ZENTEC,EQ,28-Mar-2025,"1,457.20","1,483.95","1,530.00","1,471.05","1,478.85","1,478.55","1,503.35",584108,878120760.45,28542,249537.0,42.72
ZENTEC,EQ,27-Mar-2025,"1,442.85","1,437.00","1,482.05","1,415.00","1,475.95","1,457.20","1,448.34",807384,1169366094.15,39010,330486.0,40.93
ZENTEC,EQ,26-Mar-2025,"1,467.45","1,484.00","1,484.00","1,410.00","1,446.15","1,442.85","1,441.87",697613,1005867669.9,35876,251286.0,36.02
ZENTEC,EQ,25-Mar-2025,"1,522.10","1,558.00","1,598.20","1,450.00","1,458.95","1,467.45","1,520.26",1486113,2259283763.45,55481,491291.0,33.06
ZENTEC,EQ,24-Mar-2025,"1,422.15","1,494.05","1,558.65","1,447.30","1,524.00","1,522.10","1,516.79",1609942,2441942494.55,65004,491551.0,30.53
ZENTEC,EQ,21-Mar-2025,"1,292.90","1,298.95","1,422.15","1,285.00","1,422.15","1,422.15","1,364.81",938762,1281234721.35,35065,418322.0,44.56
ZENTEC,EQ,20-Mar-2025,"1,268.25","1,285.95","1,320.00","1,235.00","1,290.00","1,292.90","1,277.90",658907,842018544.65,27172,237212.0,36.0
ZENTEC,EQ,19-Mar-2025,"1,252.25","1,264.85","1,309.00","1,262.00","1,265.00","1,268.25","1,288.85",875845,1128830937.5,34388,327435.0,37.39
ZENTEC,EQ,18-Mar-2025,"1,238.80","1,255.00","1,262.00","1,238.00","1,251.95","1,252.25","1,250.23",431482,539450216.25,18007,158674.0,36.77
ZENTEC,EQ,17-Mar-2025,"1,214.55","1,224.00","1,248.00","1,205.20","1,239.00","1,238.80","1,228.58",491075,603327158.2,22193,175815.0,35.8
ZENTEC,EQ,13-Mar-2025,"1,206.10","1,225.00","1,249.80","1,205.40","1,213.00","1,214.55","1,225.13",520523,637708787.5,24674,155547.0,29.88
ZENTEC,EQ,12-Mar-2025,"1,190.70","1,193.00","1,225.00","1,159.05","1,221.00","1,206.10","1,183.72",547667,648285549.85,21222,250888.0,45.81
ZENTEC,EQ,11-Mar-2025,"1,192.25","1,155.00","1,209.75","1,118.00","1,194.00","1,190.70","1,178.96",843365,994289928.55,30398,236328.0,28.02
ZENTEC,EQ,10-Mar-2025,"1,255.45","1,261.20","1,294.90","1,185.00","1,186.00","1,192.25","1,224.57",934439,1144284011.15,38031,348343.0,37.28
ZENTEC,EQ,07-Mar-2025,"1,181.10","1,193.90","1,299.20","1,181.10","1,259.75","1,255.45","1,271.11",1718264,2184110846.75,51521,466368.0,27.14
ZENTEC,EQ,06-Mar-2025,"1,133.45","1,163.30","1,194.70","1,142.10","1,181.00","1,181.10","1,171.95",660206,773727749.35,34970,251171.0,38.04
ZENTEC,EQ,05-Mar-2025,"1,076.40","1,099.00","1,178.65","1,077.15","1,140.00","1,133.45","1,140.84",1060452,1209807455.85,53394,383894.0,36.2
ZENTEC,EQ,04-Mar-2025,"1,040.95","1,040.90","1,107.95","1,029.15","1,080.00","1,076.40","1,076.53",1033000,1112051120.05,46233,316368.0,30.63
ZENTEC,EQ,03-Mar-2025,"1,045.30","1,074.00","1,100.00",984.45,"1,031.00","1,040.95","1,034.12",1189367,1229945891.1,60952,284654.0,23.93
ZENTEC,EQ,28-Feb-2025,"1,109.90","1,084.95","1,084.95","1,005.05","1,045.95","1,045.30","1,040.73",1006763,1047768564.95,49151,372312.0,36.98
ZENTEC,EQ,27-Feb-2025,"1,098.40","1,116.00","1,120.95","1,064.95","1,099.65","1,109.90","1,092.67",676419,739099391.45,31780,306980.0,45.38
ZENTEC,EQ,25-Feb-2025,"1,093.80","1,089.00","1,125.95","1,086.40","1,095.95","1,098.40","1,105.88",551712,610129600.5,26718,190990.0,34.62
ZENTEC,EQ,24-Feb-2025,"1,087.80","1,069.05","1,133.95","1,029.00","1,094.00","1,093.80","1,085.56",1006754,1092892933.7,48375,259626.0,25.79
ZENTEC,EQ,21-Feb-2025,"1,114.45","1,108.50","1,142.85","1,065.30","1,092.00","1,087.80","1,094.73",1168665,1279376606.25,51008,393947.0,33.71
ZENTEC,EQ,20-Feb-2025,"1,069.20","1,095.00","1,148.45","1,081.00","1,107.05","1,114.45","1,115.17",2960822,3301818088.1,113010,986331.0,33.31
ZENTEC,EQ,19-Feb-2025,972.00,964.95,"1,069.20",945.35,"1,069.20","1,069.20","1,041.27",2073198,2158763589.3,45750,602705.0,29.07
ZENTEC,EQ,18-Feb-2025,"1,080.00","1,059.90","1,059.90",972.00,972.00,972.00,986.84,6156201,6075192575.0,131326,1878886.0,30.52
ZENTEC,EQ,17-Feb-2025,"1,350.00","1,206.00","1,231.45","1,080.00","1,080.00","1,080.00","1,115.34",1486086,1657489732.1,65639,642603.0,43.24
ZENTEC,EQ,14-Feb-2025,"1,450.75","1,467.55","1,472.45","1,317.15","1,345.40","1,350.00","1,370.57",858121,1176113915.9,59222,287644.0,33.52
ZENTEC,EQ,13-Feb-2025,"1,448.05","1,465.00","1,529.95","1,441.00","1,451.95","1,450.75","1,484.80",746202,1107959606.6,39076,227363.0,30.47
ZENTEC,EQ,12-Feb-2025,"1,482.25","1,482.25","1,483.45","1,390.45","1,455.00","1,448.05","1,439.87",905814,1304256658.5,50292,225324.0,24.88
ZENTEC,EQ,11-Feb-2025,"1,616.95","1,616.60","1,640.00","1,398.15","1,477.15","1,482.25","1,485.19",1104946,1641055414.55,66382,432484.0,39.14
ZENTEC,EQ,10-Feb-2025,"1,662.40","1,641.25","1,650.00","1,566.00","1,613.00","1,616.95","1,600.41",419417,671239346.0,29339,189075.0,45.08
ZENTEC,EQ,07-Feb-2025,"1,640.85","1,640.00","1,672.00","1,600.00","1,663.00","1,662.40","1,635.00",287871,470669036.45,17743,99905.0,34.7
ZENTEC,EQ,06-Feb-2025,"1,675.15","1,694.90","1,697.90","1,627.75","1,643.65","1,640.85","1,655.36",253943,420367503.8,16078,122672.0,48.31
ZENTEC,EQ,05-Feb-2025,"1,646.15","1,668.15","1,709.45","1,663.25","1,674.00","1,675.15","1,687.91",216379,365227392.45,15106,98501.0,45.52
ZENTEC,EQ,04-Feb-2025,"1,639.85","1,646.20","1,670.00","1,600.00","1,649.95","1,646.15","1,639.30",447086,732908575.6,25717,189402.0,42.36
ZENTEC,EQ,03-Feb-2025,"1,794.95","1,785.00","1,788.20","1,631.05","1,636.00","1,639.85","1,677.80",654999,1098957946.05,57327,277989.0,42.44
ZENTEC,EQ,01-Feb-2025,"1,741.10","1,745.00","1,900.00","1,705.75","1,790.00","1,794.95","1,801.02",824445,1484838790.5,47857,224499.0,27.23
ZENTEC,EQ,31-Jan-2025,"1,685.20","1,675.05","1,774.00","1,675.05","1,744.05","1,741.10","1,741.40",638227,1111411652.75,51284,239794.0,37.57
ZENTEC,EQ,30-Jan-2025,"1,695.30","1,720.20","1,740.00","1,642.95","1,676.00","1,685.20","1,696.15",491796,834159134.8,27288,164105.0,33.37
ZENTEC,EQ,29-Jan-2025,"1,591.70","1,592.05","1,714.40","1,574.15","1,695.00","1,695.30","1,664.42",1064959,1772540556.7,77653,328993.0,30.89
ZENTEC,EQ,28-Jan-2025,"1,742.75","1,742.75","1,759.95","1,495.05","1,592.60","1,591.70","1,586.40",2174129,3449048079.35,139257,587406.0,27.02
ZENTEC,EQ,27-Jan-2025,"1,849.75","1,805.00","1,823.25","1,681.25","1,738.80","1,742.75","1,723.35",1030993,1776757575.55,67901,391732.0,38.0
ZENTEC,EQ,24-Jan-2025,"1,906.70","1,910.00","1,925.00","1,829.10","1,845.90","1,849.75","1,880.44",564890,1062242684.55,38661,212070.0,37.54
ZENTEC,EQ,23-Jan-2025,"1,974.20","1,949.05","1,998.80","1,885.05","1,906.70","1,906.70","1,929.83",737708,1423648909.5,61903,270440.0,36.66
ZENTEC,EQ,22-Jan-2025,"2,144.90","2,145.00","2,148.95","1,930.90","1,970.00","1,974.20","2,007.90",780773,1567712938.45,51333,336026.0,43.04
ZENTEC,EQ,21-Jan-2025,"2,206.15","2,220.00","2,227.00","2,112.45","2,149.00","2,144.90","2,153.08",392981,846118288.0,26661,168288.0,42.82
ZENTEC,EQ,20-Jan-2025,"2,190.15","2,221.20","2,289.95","2,180.70","2,208.55","2,206.15","2,223.39",499579,1110759101.95,30306,213527.0,42.74
ZENTEC,EQ,17-Jan-2025,"2,236.90","2,250.05","2,255.05","2,166.90","2,195.00","2,190.15","2,196.48",234074,514138630.65,15392,122170.0,52.19
ZENTEC,EQ,16-Jan-2025,"2,150.25","2,184.00","2,278.90","2,180.05","2,244.00","2,236.90","2,244.37",374802,841192529.8,22119,144397.0,38.53
ZENTEC,EQ,15-Jan-2025,"2,185.85","2,190.05","2,242.00","2,132.15","2,150.00","2,150.25","2,174.44",547709,1190962132.05,32511,212614.0,38.82
ZENTEC,EQ,14-Jan-2025,"2,266.75","2,266.75","2,350.00","2,070.15","2,180.00","2,185.85","2,185.92",898893,1964911460.2,64858,325113.0,36.17
ZENTEC,EQ,13-Jan-2025,"2,458.45","2,420.05","2,445.00","2,121.05","2,259.75","2,266.75","2,262.20",920852,2083155494.95,63597,386249.0,41.94
ZENTEC,EQ,10-Jan-2025,"2,539.05","2,528.50","2,529.85","2,420.00","2,445.00","2,458.45","2,467.32",424181,1046589879.5,29931,170664.0,40.23
ZENTEC,EQ,09-Jan-2025,"2,468.85","2,477.50","2,585.00","2,458.55","2,522.00","2,539.05","2,539.96",464707,1180335637.9,31978,138364.0,29.77
ZENTEC,EQ,08-Jan-2025,"2,497.85","2,502.00","2,503.75","2,434.20","2,456.10","2,468.85","2,465.71",184536,455011599.7,12947,69173.0,37.48
ZENTEC,EQ,07-Jan-2025,"2,455.35","2,465.00","2,532.00","2,450.00","2,500.00","2,497.85","2,494.69",239798,598221304.55,20220,105886.0,44.16
ZENTEC,EQ,06-Jan-2025,"2,533.45","2,533.45","2,569.00","2,409.00","2,445.85","2,455.35","2,476.14",436160,1079993839.35,32526,203357.0,46.62
ZENTEC,EQ,03-Jan-2025,"2,501.20","2,505.00","2,588.00","2,505.00","2,525.50","2,533.45","2,546.48",293394,747120554.95,21213,130055.0,44.33
ZENTEC,EQ,02-Jan-2025,"2,480.20","2,484.05","2,525.00","2,465.00","2,498.95","2,501.20","2,496.93",182180,454890870.0,13211,71775.0,39.4
ZENTEC,EQ,01-Jan-2025,"2,445.65","2,453.70","2,515.00","2,431.05","2,475.95","2,480.20","2,478.11",240791,596707644.35,17081,77270.0,32.09
ZENTEC,EQ,31-Dec-2024,"2,429.50","2,424.00","2,458.00","2,345.00","2,440.65","2,445.65","2,410.14",343607,828142439.15,22794,120557.0,35.09
ZENTEC,EQ,30-Dec-2024,"2,404.25","2,356.15","2,458.00","2,330.05","2,425.00","2,429.50","2,401.81",426254,1023779661.15,28125,150237.0,35.25
ZENTEC,EQ,17-Apr-2026,"1,524.30","1,524.40","1,642.80","1,521.00","1,628.00","1,616.50","1,594.34",1250244,1993316358.9,51254,400505.0,32.03
ZENTEC,EQ,16-Apr-2026,"1,517.50","1,527.00","1,538.20","1,503.00","1,529.00","1,524.30","1,518.48",348227,528776911.0,17892,118400.0,34.0
ZENTEC,EQ,15-Apr-2026,"1,524.50","1,550.00","1,562.90","1,501.90","1,523.90","1,517.50","1,535.11",431601,662556263.9,22331,163157.0,37.8
ZENTEC,EQ,13-Apr-2026,"1,541.40","1,500.00","1,531.00","1,486.10","1,524.00","1,524.50","1,513.83",553738,838267796.9,32176,216070.0,39.02
ZENTEC,EQ,10-Apr-2026,"1,533.20","1,547.70","1,573.00","1,533.20","1,533.20","1,541.40","1,554.53",570532,886907959.5,25933,213325.0,37.39
ZENTEC,EQ,09-Apr-2026,"1,450.40","1,451.00","1,582.00","1,441.00","1,533.40","1,533.20","1,536.27",2859129,4392392623.3,128485,447958.0,15.67
ZENTEC,EQ,08-Apr-2026,"1,424.30","1,472.00","1,473.00","1,437.30","1,451.60","1,450.40","1,451.82",340691,494621510.2,19493,153864.0,45.16
ZENTEC,EQ,07-Apr-2026,"1,379.30","1,375.10","1,430.00","1,365.40","1,420.00","1,424.30","1,416.14",448137,634626150.7,25736,142650.0,31.83
ZENTEC,EQ,06-Apr-2026,"1,367.20","1,350.00","1,385.60","1,346.20","1,384.90","1,379.30","1,369.97",274390,375906771.9,17440,75619.0,27.56
ZENTEC,EQ,02-Apr-2026,"1,345.40","1,314.10","1,370.20","1,295.00","1,367.80","1,367.20","1,334.11",329822,440020007.5,19426,96605.0,29.29
ZENTEC,EQ,01-Apr-2026,"1,279.00","1,337.90","1,386.00","1,296.80","1,349.20","1,345.40","1,345.36",543139,730715469.9,32905,149541.0,27.53
ZENTEC,EQ,30-Mar-2026,"1,356.20","1,335.60","1,348.20","1,265.00","1,267.20","1,279.00","1,304.16",678234,884522310.0,36735,259994.0,38.33
ZENTEC,EQ,27-Mar-2026,"1,394.80","1,387.90","1,387.90","1,341.60","1,345.00","1,356.20","1,354.90",630624,854433852.2,40140,276958.0,43.92
ZENTEC,EQ,25-Mar-2026,"1,364.10","1,370.00","1,400.00","1,365.00","1,387.00","1,394.80","1,383.98",421029,582695297.9,24599,160285.0,38.07
ZENTEC,EQ,24-Mar-2026,"1,357.80","1,370.00","1,398.00","1,356.10","1,367.00","1,364.10","1,368.78",322386,441276120.4,17367,95168.0,29.52
ZENTEC,EQ,23-Mar-2026,"1,413.90","1,400.00","1,400.00","1,339.20","1,348.00","1,357.80","1,365.72",505113,689842129.5,31356,199659.0,39.53
ZENTEC,EQ,20-Mar-2026,"1,417.10","1,422.00","1,443.40","1,397.90","1,407.80","1,413.90","1,415.58",370075,523871602.9,20679,141819.0,38.32
ZENTEC,EQ,19-Mar-2026,"1,447.30","1,432.00","1,464.00","1,407.50","1,422.00","1,417.10","1,436.48",539896,775549332.0,29190,171269.0,31.72
ZENTEC,EQ,18-Mar-2026,"1,424.60","1,435.00","1,450.90","1,420.30","1,449.00","1,447.30","1,440.36",457282,658649870.3,19048,185722.0,40.61
ZENTEC,EQ,17-Mar-2026,"1,416.50","1,424.00","1,434.00","1,403.60","1,424.00","1,424.60","1,419.42",454319,644867918.2,22981,147979.0,32.57
ZENTEC,EQ,16-Mar-2026,"1,364.70","1,364.70","1,431.50","1,330.00","1,419.00","1,416.50","1,375.50",541007,744157029.6,35772,212446.0,39.27
ZENTEC,EQ,13-Mar-2026,"1,418.60","1,419.00","1,423.70","1,340.00","1,365.00","1,364.70","1,380.86",416511,575143152.5,22586,176487.0,42.37
ZENTEC,EQ,12-Mar-2026,"1,408.60","1,408.60","1,421.10","1,380.60","1,419.00","1,418.60","1,404.72",358598,503728554.6,20348,124391.0,34.69
ZENTEC,EQ,11-Mar-2026,"1,437.30","1,445.00","1,469.60","1,400.00","1,404.00","1,408.60","1,425.69",538375,767556749.0,22614,192228.0,35.71
ZENTEC,EQ,10-Mar-2026,"1,440.70","1,455.00","1,459.00","1,408.60","1,438.00","1,437.30","1,432.77",647138,927198874.1,27118,177496.0,27.43
ZENTEC,EQ,09-Mar-2026,"1,426.80","1,419.90","1,452.70","1,380.00","1,443.00","1,440.70","1,419.23",710293,1008070106.7,37895,213953.0,30.12
ZENTEC,EQ,06-Mar-2026,"1,405.10","1,410.00","1,439.80","1,405.20","1,429.00","1,426.80","1,426.98",544612,777148578.9,25340,172203.0,31.62
ZENTEC,EQ,05-Mar-2026,"1,406.40","1,430.00","1,453.50","1,400.00","1,406.70","1,405.10","1,423.24",1081657,1539458737.3,43696,245012.0,22.65
ZENTEC,EQ,04-Mar-2026,"1,345.40","1,344.00","1,427.00","1,344.00","1,411.00","1,406.40","1,403.44",3354343,4707602822.5,130416,478634.0,14.27
ZENTEC,EQ,02-Mar-2026,"1,359.90","1,296.80","1,409.60","1,296.80","1,345.00","1,345.40","1,366.38",999557,1365776377.9,60241,250701.0,25.08
ZENTEC,EQ,27-Feb-2026,"1,357.40","1,356.00","1,369.80","1,340.00","1,357.00","1,359.90","1,355.92",249950,338911972.9,14673,101061.0,40.43
ZENTEC,EQ,26-Feb-2026,"1,340.40","1,339.00","1,366.60","1,337.00","1,350.00","1,357.40","1,354.43",302469,409672458.6,16246,121232.0,40.08
ZENTEC,EQ,25-Feb-2026,"1,325.00","1,325.00","1,344.00","1,315.90","1,341.00","1,340.40","1,331.60",276290,367907889.6,14892,140319.0,50.79
ZENTEC,EQ,24-Feb-2026,"1,323.70","1,314.00","1,328.90","1,305.70","1,327.00","1,325.00","1,318.45",268450,353939205.3,14315,90772.0,33.81
ZENTEC,EQ,23-Feb-2026,"1,322.20","1,332.80","1,333.40","1,304.00","1,320.50","1,323.70","1,317.50",326937,430740955.8,18744,111030.0,33.96
ZENTEC,EQ,20-Feb-2026,"1,327.10","1,330.00","1,369.00","1,315.00","1,322.00","1,322.20","1,340.91",348448,467237773.9,22992,83200.0,23.88
ZENTEC,EQ,19-Feb-2026,"1,333.40","1,333.40","1,347.00","1,316.70","1,327.00","1,327.10","1,326.69",223314,296269493.2,13932,105216.0,47.12
ZENTEC,EQ,18-Feb-2026,"1,335.60","1,335.00","1,346.00","1,326.10","1,334.00","1,333.40","1,334.39",165933,221418652.5,11204,50725.0,30.57
ZENTEC,EQ,17-Feb-2026,"1,330.40","1,330.20","1,358.50","1,322.60","1,333.40","1,335.60","1,343.69",236660,317997584.1,14139,73677.0,31.13
ZENTEC,EQ,16-Feb-2026,"1,314.30","1,306.00","1,338.50","1,288.80","1,326.70","1,330.40","1,317.87",299422,394598413.1,18905,94955.0,31.71
ZENTEC,EQ,13-Feb-2026,"1,347.00","1,340.00","1,340.00","1,302.90","1,305.00","1,314.30","1,316.93",392007,516244306.2,18437,144353.0,36.82
ZENTEC,EQ,12-Feb-2026,"1,343.00","1,339.00","1,365.00","1,319.20","1,346.00","1,347.00","1,343.63",321891,432503493.6,17034,107733.0,33.47
ZENTEC,EQ,11-Feb-2026,"1,331.30","1,332.00","1,349.00","1,317.00","1,341.00","1,343.00","1,331.11",324191,431533305.1,15821,135210.0,41.71
ZENTEC,EQ,10-Feb-2026,"1,339.60","1,349.00","1,351.60","1,319.10","1,324.70","1,331.30","1,329.69",356588,474149745.6,19395,138908.0,38.95
ZENTEC,EQ,09-Feb-2026,"1,326.10","1,326.90","1,344.90","1,325.00","1,336.90","1,339.60","1,334.81",319860,426952264.8,16302,131253.0,41.03
ZENTEC,EQ,06-Feb-2026,"1,332.20","1,329.90","1,335.90","1,312.00","1,325.00","1,326.10","1,324.84",204084,270378866.9,13212,61196.0,29.99
ZENTEC,EQ,05-Feb-2026,"1,345.00","1,345.10","1,349.00","1,309.10","1,338.00","1,332.20","1,325.30",337991,447937931.8,19239,107008.0,31.66
ZENTEC,EQ,04-Feb-2026,"1,349.00","1,347.60","1,359.20","1,322.50","1,335.30","1,345.00","1,339.46",378569,507077308.5,24035,137258.0,36.26
ZENTEC,EQ,03-Feb-2026,"1,345.50","1,410.00","1,419.50","1,334.70","1,346.00","1,349.00","1,355.03",472114,639726658.3,36353,169306.0,35.86
ZENTEC,EQ,02-Feb-2026,"1,336.30","1,348.60","1,365.00","1,305.20","1,345.00","1,345.50","1,331.85",405489,540052200.7,31958,117306.0,28.93
ZENTEC,EQ,01-Feb-2026,"1,415.60","1,442.00","1,462.50","1,300.00","1,315.00","1,336.30","1,390.65",1523432,2118567983.0,102672,329255.0,21.61
ZENTEC,EQ,30-Jan-2026,"1,384.10","1,377.30","1,420.00","1,355.00","1,417.00","1,415.60","1,395.52",561620,783752062.5,35258,248073.0,44.17
ZENTEC,EQ,29-Jan-2026,"1,362.80","1,371.00","1,388.00","1,341.00","1,380.10","1,384.10","1,369.63",412441,564890549.1,29983,169277.0,41.04
ZENTEC,EQ,28-Jan-2026,"1,279.90","1,297.00","1,374.00","1,280.10","1,363.00","1,362.80","1,328.36",616051,818337964.5,35727,211735.0,34.37
ZENTEC,EQ,27-Jan-2026,"1,287.60","1,287.60","1,298.70","1,260.00","1,290.00","1,279.90","1,279.63",283338,362568194.6,23637,73764.0,26.03
ZENTEC,EQ,23-Jan-2026,"1,301.70","1,310.00","1,317.50","1,270.80","1,280.90","1,287.60","1,283.68",260916,334933266.5,17070,85535.0,32.78
ZENTEC,EQ,22-Jan-2026,"1,311.00","1,324.70","1,332.50","1,295.10","1,303.00","1,301.70","1,310.98",253107,331817407.5,16246,76397.0,30.18
ZENTEC,EQ,21-Jan-2026,"1,304.30","1,280.00","1,319.70","1,262.10","1,317.20","1,311.00","1,288.41",607673,782929511.2,32053,148592.0,24.45
ZENTEC,EQ,20-Jan-2026,"1,331.00","1,320.00","1,331.10","1,273.30","1,309.00","1,304.30","1,298.92",438240,569237870.6,26557,132718.0,30.28
ZENTEC,EQ,19-Jan-2026,"1,328.40","1,327.90","1,344.30","1,290.20","1,336.60","1,331.00","1,313.39",530528,696790054.2,27405,143382.0,27.03
ZENTEC,EQ,16-Jan-2026,"1,228.10","1,281.80","1,346.90","1,277.50","1,324.70","1,328.40","1,326.34",4568394,6059241763.4,151693,368389.0,8.06
ZENTEC,EQ,14-Jan-2026,"1,236.40","1,236.40","1,255.90","1,223.00","1,224.00","1,228.10","1,240.76",233515,289736768.2,17497,87997.0,37.68
ZENTEC,EQ,13-Jan-2026,"1,266.60","1,273.00","1,280.80","1,231.50","1,235.70","1,236.40","1,246.56",350718,437189463.3,20177,132427.0,37.76
ZENTEC,EQ,12-Jan-2026,"1,293.00","1,292.00","1,292.00","1,228.20","1,273.00","1,266.60","1,258.25",469216,590389896.9,36081,171003.0,36.44
ZENTEC,EQ,09-Jan-2026,"1,330.00","1,331.00","1,342.70","1,285.00","1,288.00","1,293.00","1,315.38",361913,476054488.3,27737,134960.0,37.29
ZENTEC,EQ,08-Jan-2026,"1,320.00","1,318.90","1,340.00","1,312.10","1,328.00","1,330.00","1,329.41",268554,357017100.0,15226,110685.0,41.22
ZENTEC,EQ,07-Jan-2026,"1,350.20","1,348.00","1,348.00","1,311.00","1,317.00","1,320.00","1,325.04",408502,541282160.8,30581,216179.0,52.92
ZENTEC,EQ,06-Jan-2026,"1,369.70","1,375.90","1,375.90","1,345.00","1,350.80","1,350.20","1,354.60",156428,211897254.7,10274,85827.0,54.87
ZENTEC,EQ,05-Jan-2026,"1,362.40","1,367.70","1,394.90","1,363.00","1,370.00","1,369.70","1,375.89",345056,474758607.0,20478,126680.0,36.71
ZENTEC,EQ,02-Jan-2026,"1,356.60","1,361.80","1,365.90","1,355.50","1,361.50","1,362.40","1,361.61",110491,150445118.3,7009,45040.0,40.76
ZENTEC,EQ,01-Jan-2026,"1,368.40","1,372.60","1,374.00","1,353.00","1,355.10","1,356.60","1,357.59",133238,180882318.5,9810,61786.0,46.37
ZENTEC,EQ,31-Dec-2025,"1,352.90","1,356.50","1,373.00","1,347.30","1,373.00","1,368.40","1,358.89",329694,448019190.0,24047,137119.0,41.59
ZENTEC,EQ,30-Dec-2025,"1,389.40","1,399.00","1,399.00","1,342.70","1,354.90","1,352.90","1,358.35",628501,853722213.6,41685,304353.0,48.43
ZENTEC,EQ,29-Dec-2025,"1,374.80","1,378.00","1,413.70","1,360.40","1,394.40","1,389.40","1,384.33",353452,489294083.5,20967,145081.0,41.05
